/**
 * generated by fontconvert.py
 * name: bookerly_l_bold
 * size: 20
 * mode: 2-bit  compressed: true
 * Command used: fontconvert.py bookerly_l_bold 20 ../builtinFonts/source/Bookerly/Bookerly-Bold.ttf --2bit --compress --pnum
 */
#pragma once
#include "EpdFontData.h"

static const uint8_t bookerly_l_boldBitmaps[56411] = {
    0xCD, 0x5B, 0x3F, 0xB3, 0xE4, 0x56, 0x56, 0xBF, 0x6A, 0x79, 0x5E, 0xB3, 0xD3, 0x45, 0x89, 0x60,
    0xC7, 0xD4, 0xCE, 0x54, 0xA1, 0x94, 0xF2, 0x06, 0xFA, 0x06, 0x2B, 0xD9, 0x01, 0x84, 0xBC, 0x60,
    0xDE, 0xB8, 0xCA, 0x1B, 0x38, 0x71, 0xC2, 0x24, 0xF3, 0x11, 0xD4, 0x2C, 0x01, 0x01, 0x01, 0x2F,
    0x30, 0xA4, 0x38, 0x98, 0xAD, 0xDA, 0x79, 0x2E, 0x6A, 0xFC, 0x01, 0xC0, 0x92, 0x71, 0x15, 0x04,
    0x04, 0x68, 0x03, 0xD7, 0x06, 0x04, 0x08, 0x6A, 0xCC, 0x16, 0x38, 0xB0, 0x96, 0xD5, 0xD8, 0x1A,
    0x5B, 0xD2, 0xE5, 0xFC, 0x7E, 0xE7, 0x5C, 0xB5, 0xFA, 0xCD, 0xF3, 0x8C, 0xBD, 0x1E, 0x03, 0xEF,
    0x75, 0xDF, 0x73, 0xBB, 0x5B, 0xBA, 0x7F, 0xCE, 0x39, 0xF7, 0xFC, 0x57, 0x74, 0xDB, 0x25, 0xDE,
    0x65, 0xB3, 0xCB, 0xE5, 0x35, 0xF1, 0x35, 0x1E, 0xBF, 0x06, 0x7B, 0x65, 0xE1, 0x95, 0xF2, 0x95,
    0xAC, 0x5E, 0xD7, 0x4F, 0x9D, 0xFE, 0x45, 0xF7, 0x39, 0x9A, 0x2F, 0x32, 0xBF, 0x97, 0x56, 0xFA,
    0x9B, 0xFB, 0xFC, 0x21, 0x19, 0x93, 0x21, 0x1B, 0xF2, 0xC3, 0x7F, 0xBF, 0xFA, 0xEF, 0x0E, 0xFF,
    0x59, 0xF8, 0x6F, 0xB2, 0xE6, 0x25, 0xF7, 0x92, 0xDC, 0x99, 0xB5, 0xBB, 0x51, 0x40, 0xDE, 0xCA,
    0x3C, 0xCE, 0x95, 0x4D, 0xD2, 0x0B, 0xA8, 0xEA, 0xB4, 0x13, 0xE0, 0xEB, 0x8C, 0x60, 0x9F, 0xB7,
    0x2E, 0xBA, 0xE3, 0xFF, 0xB2, 0x7C, 0x7C, 0x1A, 0x7B, 0xFC, 0xB5, 0x5B, 0x82, 0x66, 0x47, 0x50,
    0xBB, 0x78, 0x92, 0x8B, 0x9C, 0xDB, 0x8E, 0x91, 0x2F, 0x9C, 0xDB, 0x8D, 0x1B, 0x8F, 0x35, 0x0D,
    0x31, 0x41, 0x1F, 0xCF, 0x98, 0xA7, 0xDB, 0x4E, 0x32, 0x0D, 0xAE, 0x9F, 0x5D, 0x09, 0x30, 0xB9,
    0x0A, 0x60, 0x74, 0x67, 0xD5, 0x47, 0xF7, 0x1E, 0xDF, 0xC6, 0xAC, 0x36, 0x9D, 0x82, 0x42, 0x66,
    0x75, 0x91, 0x77, 0x79, 0xE3, 0x9C, 0x0C, 0x58, 0xD6, 0x02, 0x1E, 0xB8, 0xBB, 0x7B, 0x22, 0xA2,
    0x40, 0x9B, 0xD5, 0xCF, 0x68, 0xA3, 0xEA, 0x09, 0xBA, 0xB2, 0x58, 0x19, 0x0B, 0xD3, 0xC4, 0x9C,
    0x7A, 0x37, 0x67, 0x7F, 0xEE, 0x05, 0x5F, 0xD9, 0x4F, 0xBC, 0x4B, 0xFB, 0x7C, 0x2F, 0xE8, 0xEC,
    0xF3, 0x62, 0x12, 0xC4, 0xE7, 0xC5, 0xA9, 0xCB, 0xA6, 0x5C, 0x46, 0x4E, 0x7D, 0x25, 0x6D, 0xE2,
    0xB1, 0x19, 0xB9, 0xEB, 0x11, 0x96, 0xC1, 0x0F, 0x39, 0x47, 0x3B, 0xC1, 0x68, 0xF8, 0x80, 0x7D,
    0xE5, 0x95, 0x77, 0x27, 0x2E, 0x4F, 0x84, 0x26, 0x45, 0x19, 0xFB, 0xA2, 0xDC, 0xA3, 0xAD, 0x6A,
    0x69, 0x9D, 0x6F, 0xCA, 0xAD, 0x77, 0x55, 0x57, 0x26, 0x93, 0x2B, 0xE7, 0xAA, 0x1A, 0xB1, 0x1C,
    0xDF, 0x39, 0xA0, 0x4D, 0xB6, 0x51, 0x79, 0xA0, 0x3C, 0xF2, 0xA4, 0xE0, 0xFC, 0xFC, 0x36, 0x9A,
    0xDC, 0xF1, 0xDF, 0x6F, 0x19, 0x4F, 0xC8, 0x36, 0x81, 0x8F, 0x12, 0x83, 0x02, 0x69, 0x1B, 0x4C,
    0x22, 0xE8, 0x14, 0x8A, 0x78, 0x99, 0x94, 0x44, 0x49, 0x06, 0x59, 0x04, 0x09, 0x92, 0x76, 0x42,
    0x10, 0x10, 0xC3, 0xE5, 0x9D, 0x7C, 0x41, 0xBA, 0xE7, 0xAD, 0xF4, 0x48, 0x73, 0xF6, 0x30, 0x88,
    0x34, 0x86, 0x75, 0xFD, 0x0E, 0x83, 0xB0, 0x47, 0xE2, 0xE2, 0xDE, 0x39, 0x1E, 0x9D, 0x52, 0x76,
    0xDC, 0x0D, 0x1B, 0xDF, 0xBB, 0x74, 0x4C, 0x87, 0xA4, 0x4B, 0x05, 0x2F, 0x82, 0x3B, 0xE1, 0x31,
    0x21, 0x73, 0x21, 0xF8, 0xAB, 0xCB, 0xDA, 0x7F, 0x20, 0x5C, 0x52, 0xCD, 0xCE, 0xBF, 0x26, 0xF8,
    0x68, 0x84, 0x7C, 0x1B, 0x2F, 0x8B, 0xE0, 0x34, 0xF1, 0x84, 0x1E, 0xA6, 0xDE, 0x0D, 0xB2, 0x2A,
    0xF6, 0xD2, 0x2E, 0xF4, 0xF2, 0x36, 0xF4, 0xCA, 0x1A, 0xBD, 0x96, 0x0C, 0x82, 0x3B, 0x94, 0x2B,
    0x62, 0x5D, 0xA2, 0x30, 0xE0, 0xC6, 0x17, 0x32, 0x87, 0x50, 0x56, 0x2E, 0xF8, 0x92, 0xFB, 0xEC,
    0x81, 0x12, 0xDD, 0x27, 0x68, 0x8A, 0x41, 0x12, 0xB9, 0x2B, 0x7A, 0x40, 0xB4, 0xED, 0x03, 0x16,
    0xA3, 0xBB, 0x85, 0x76, 0x32, 0xD2, 0xC3, 0x91, 0x5D, 0x08, 0x63, 0xA5, 0xBA, 0xAC, 0x4C, 0xD6,
    0x4D, 0xCE, 0x12, 0x1C, 0x6A, 0x27, 0x1D, 0xAD, 0x23, 0x07, 0x56, 0x3B, 0x72, 0x84, 0x3D, 0xC7,
    0xCC, 0x47, 0x23, 0x69, 0x3E, 0xC6, 0x4A, 0xB1, 0x4C, 0xF0, 0xA2, 0xC7, 0x74, 0xC6, 0x02, 0xD0,
    0xF1, 0x27, 0x3A, 0x55, 0xEE, 0x8B, 0xCD, 0xC5, 0xC5, 0x39, 0x18, 0xAC, 0xDE, 0x82, 0xBB, 0xD0,
    0x08, 0x7F, 0x34, 0x72, 0xAD, 0xEF, 0xB7, 0x38, 0x5C, 0xD9, 0x98, 0x2B, 0x0A, 0xF2, 0x21, 0x13,
    0x6E, 0x95, 0x4E, 0xD9, 0xED, 0x7C, 0x83, 0x4E, 0x25, 0x04, 0xEC, 0xB5, 0xE3, 0xFC, 0x6C, 0x9D,
    0xDC, 0x57, 0x82, 0xA5, 0x72, 0x00, 0x11, 0x1A, 0xAC, 0x02, 0xFB, 0xA8, 0x39, 0x95, 0xB2, 0x5C,
    0xEA, 0x9F, 0xDC, 0xF1, 0x60, 0x6B, 0x3D, 0xC5, 0xB2, 0x59, 0xB0, 0xB7, 0xAF, 0x80, 0xAB, 0xD4,
    0xFB, 0x61, 0x4B, 0xF6, 0x7E, 0x43, 0xD0, 0x74, 0xF3, 0x9C, 0xB2, 0x25, 0x5B, 0xCB, 0x94, 0x83,
    0x1C, 0x69, 0x20, 0x3F, 0x5E, 0x32, 0xEE, 0x13, 0x6E, 0xDB, 0xC8, 0x74, 0x5B, 0x99, 0x24, 0x99,
    0x39, 0xAB, 0x2C, 0x53, 0x50, 0xD9, 0xC8, 0xD7, 0x22, 0x20, 0xE4, 0x6B, 0x39, 0x0A, 0xFC, 0x09,
    0x14, 0x12, 0xF4, 0x01, 0x73, 0x40, 0x9A, 0xCB, 0xFB, 0xD5, 0xBB, 0xD3, 0xDB, 0x96, 0xCF, 0x76,
    0x4D, 0x66, 0xF7, 0x08, 0xFE, 0x21, 0x01, 0x39, 0x56, 0x2C, 0xE8, 0xC6, 0xD8, 0x0E, 0x94, 0x2D,
    0x7B, 0x9D, 0x53, 0x7F, 0xAC, 0x65, 0x47, 0xC0, 0x01, 0xF8, 0x81, 0x68, 0x0E, 0xAB, 0x2C, 0xE5,
    0xDB, 0x0A, 0xE3, 0x71, 0x9C, 0x42, 0xC6, 0xB0, 0x4B, 0xAB, 0xEE, 0x30, 0x11, 0x16, 0xB9, 0x5B,
    0x26, 0x29, 0x96, 0x89, 0x36, 0xBC, 0xF8, 0xEA, 0xB7, 0xFE, 0xBE, 0xB7, 0xEB, 0xDD, 0xD1, 0x66,
    0x33, 0xDB, 0xA4, 0xCC, 0x13, 0x11, 0x17, 0x7B, 0x2E, 0x13, 0xCB, 0xE5, 0xB4, 0x4D, 0x58, 0x25,
    0x58, 0xAE, 0x75, 0x2F, 0xC9, 0xB1, 0xCA, 0x84, 0xD7, 0xCB, 0x3F, 0x1B, 0x5C, 0xF5, 0xCB, 0x4E,
    0x78, 0xF8, 0x1F, 0xDE, 0x13, 0x91, 0xD3, 0x0B, 0xF1, 0xFA, 0x5B, 0xFE, 0xD3, 0xCE, 0x7F, 0x59,
    0xBF, 0x57, 0xFD, 0xA3, 0xD0, 0xF9, 0x0F, 0x7B, 0xF7, 0xDB, 0x5B, 0x19, 0x64, 0xDB, 0x9B, 0x40,
    0x3C, 0x23, 0xF3, 0x16, 0xCF, 0x68, 0x22, 0x99, 0x1B, 0x32, 0x78, 0x3A, 0x34, 0xAF, 0xBC, 0xEB,
    0xFF, 0xEB, 0xC1, 0x73, 0x6E, 0xD3, 0x06, 0x67, 0xE5, 0x7D, 0xC1, 0xCC, 0x5E, 0xB0, 0x26, 0xAF,
    0x0D, 0x5F, 0x31, 0x8E, 0xB8, 0xDB, 0x4D, 0xD8, 0xA9, 0x30, 0x60, 0xD9, 0xE0, 0xDA, 0xDF, 0x0F,
    0xCC, 0x2D, 0x67, 0x5F, 0x98, 0xD0, 0xDE, 0xF5, 0xCD, 0x8B, 0x8B, 0xFD, 0xAE, 0xCF, 0xA7, 0x4A,
    0x78, 0xAD, 0x9A, 0xF3, 0xF1, 0xFA, 0x79, 0xD8, 0x36, 0xE8, 0x4A, 0x02, 0x93, 0x08, 0x64, 0x01,
    0xA0, 0x8B, 0xFC, 0xA3, 0x44, 0x8E, 0xA9, 0x59, 0xA8, 0x50, 0xE6, 0xE3, 0x6B, 0xA9, 0xB0, 0xBA,
    0xE3, 0x6B, 0xF7, 0x4A, 0x81, 0xD5, 0xB5, 0x19, 0x6F, 0x38, 0xBA, 0x36, 0xBA, 0xE2, 0x5A, 0x2E,
    0xE4, 0x70, 0x2D, 0x17, 0x12, 0xFE, 0xAA, 0x99, 0x4B, 0xF0, 0x3D, 0x77, 0x36, 0x53, 0x4E, 0x00,
    0x19, 0x73, 0x05, 0x4D, 0x28, 0xAF, 0x2E, 0xF1, 0x7B, 0x91, 0x83, 0xA9, 0x8C, 0xE6, 0x87, 0x1C,
    0x17, 0xE0, 0xE8, 0xBA, 0x6A, 0x2C, 0x71, 0x1A, 0x26, 0x11, 0xC5, 0x62, 0x00, 0x68, 0x8B, 0x23,
    0x96, 0xCF, 0x38, 0x8D, 0xD6, 0x4E, 0xD6, 0xF2, 0x4A, 0xB6, 0x23, 0xAE, 0xD4, 0x7B, 0x6D, 0xB4,
    0x3E, 0x17, 0x85, 0x2F, 0x82, 0x15, 0x93, 0xB6, 0x89, 0x6F, 0x53, 0xCA, 0x0C, 0x91, 0x51, 0x1B,
    0xAA, 0x53, 0xE8, 0xD3, 0x9E, 0x2B, 0x84, 0x1C, 0x7A, 0x63, 0x41, 0xAE, 0xDB, 0x81, 0xF2, 0x10,
    0x0A, 0xF7, 0xE4, 0xA8, 0xDC, 0x82, 0x94, 0x29, 0xD1, 0xE4, 0x4B, 0x73, 0xED, 0x75, 0x20, 0x3B,
    0x7E, 0xC1, 0xCD, 0xD6, 0x3F, 0x86, 0xAE, 0xC4, 0x82, 0x65, 0x61, 0x59, 0xE8, 0x05, 0x94, 0x6E,
    0xA8, 0x3F, 0xB9, 0x92, 0x0D, 0x15, 0x34, 0xAD, 0x09, 0x91, 0x40, 0x1F, 0xCB, 0x8E, 0x72, 0x98,
    0x39, 0x7B, 0x39, 0x22, 0x89, 0xAF, 0xAD, 0x85, 0x40, 0xAB, 0x61, 0x19, 0xF9, 0xBD, 0xE8, 0xBC,
    0x94, 0x2C, 0x99, 0x51, 0xD2, 0x96, 0x54, 0x8F, 0x94, 0x5A, 0x31, 0x30, 0x20, 0x23, 0x35, 0xFC,
    0x11, 0x97, 0x54, 0x13, 0xE7, 0x3A, 0x7C, 0x9D, 0xFB, 0xD5, 0xD5, 0x2D, 0x85, 0xF1, 0xDE, 0x99,
    0x69, 0xD2, 0xAD, 0xDB, 0x8C, 0x2D, 0x57, 0x15, 0x94, 0xC5, 0x2D, 0x50, 0x69, 0xC3, 0x2F, 0x12,
    0x6E, 0x05, 0x57, 0x0E, 0xB2, 0x80, 0x3F, 0x90, 0xF1, 0x84, 0xB1, 0x84, 0x58, 0x22, 0x74, 0x84,
    0xE8, 0x19, 0x88, 0x29, 0x86, 0x01, 0x4F, 0xB9, 0xCA, 0x1C, 0x90, 0x0E, 0xDC, 0x08, 0xAE, 0x3B,
    0xE1, 0xDE, 0x83, 0x19, 0x40, 0x01, 0x46, 0xA3, 0xE2, 0x47, 0x77, 0xF8, 0x83, 0xAD, 0x31, 0x5D,
    0xB5, 0xBA, 0x53, 0x5B, 0x3B, 0xAE, 0xA1, 0x94, 0x8E, 0x44, 0x26, 0xB8, 0x77, 0x61, 0x91, 0xD1,
    0x98, 0x2A, 0x30, 0xCC, 0x40, 0xAB, 0x47, 0x06, 0x8E, 0x2E, 0x4E, 0x8F, 0xCC, 0x85, 0x93, 0xCA,
    0x1D, 0xC6, 0x70, 0xAA, 0xE3, 0x36, 0x0A, 0xB6, 0x0A, 0x12, 0x6F, 0xB3, 0x10, 0x54, 0x04, 0x91,
    0x6A, 0xC3, 0xD8, 0x3F, 0xF4, 0x44, 0x21, 0x17, 0x92, 0x8E, 0x04, 0x79, 0x4F, 0xE0, 0x5B, 0x00,
    0x39, 0x7A, 0x99, 0x4A, 0x3E, 0x00, 0x39, 0x48, 0x00, 0x30, 0x6C, 0xBD, 0x53, 0x83, 0xCF, 0xEF,
    0x2B, 0x05, 0xF6, 0x29, 0x57, 0xA0, 0x46, 0xE4, 0x81, 0x9A, 0x5F, 0x07, 0xDC, 0x84, 0x0E, 0xBF,
    0x7B, 0x21, 0xF2, 0x84, 0xFB, 0xAE, 0x57, 0xED, 0x5E, 0x8F, 0xA5, 0x53, 0x3E, 0x3B, 0x6A, 0x5B,
    0xB6, 0xBD, 0x6E, 0xCA, 0xAC, 0xBA, 0x3D, 0xDB, 0xCE, 0x58, 0xD0, 0xDD, 0xD1, 0x4D, 0x6F, 0x74,
    0x41, 0x39, 0x09, 0x9F, 0x50, 0xC1, 0x1F, 0xB7, 0x7B, 0x12, 0xA6, 0x08, 0xE8, 0x8C, 0x48, 0x92,
    0x4C, 0x46, 0x78, 0x65, 0x61, 0x8B, 0x1A, 0xCA, 0x74, 0xE2, 0x79, 0x04, 0xDB, 0xDD, 0x3D, 0x5F,
    0xD3, 0x82, 0x5C, 0x99, 0x06, 0xFA, 0x43, 0x29, 0xF8, 0xF9, 0x5C, 0xBE, 0x98, 0x69, 0x65, 0xB6,
    0x81, 0x3E, 0x1B, 0x9A, 0x24, 0x5B, 0x63, 0xD3, 0x7A, 0x99, 0x34, 0xA3, 0xFC, 0xC9, 0x39, 0x57,
    0xC9, 0x95, 0x97, 0xFE, 0x53, 0xB9, 0xA3, 0x42, 0xA7, 0xA8, 0x78, 0x54, 0xE4, 0xD6, 0x9D, 0xAF,
    0xA5, 0x1F, 0xFB, 0xA6, 0x1A, 0x0F, 0x6D, 0x09, 0x3B, 0xB0, 0x91, 0x65, 0x6F, 0x41, 0xB0, 0x02,
    0x87, 0x0A, 0x04, 0x2C, 0xF4, 0xF8, 0xC5, 0x8A, 0x87, 0x8A, 0x96, 0x6E, 0xAA, 0x68, 0xC0, 0xD2,
    0xAF, 0x0B, 0xB2, 0x2F, 0x8A, 0x94, 0xD6, 0x7F, 0x76, 0xF9, 0xA8, 0xB4, 0xF9, 0xE3, 0xB3, 0xD7,
    0xE5, 0x88, 0xB6, 0x32, 0x63, 0x91, 0xC3, 0x76, 0x71, 0x79, 0x0D, 0xD6, 0x4F, 0x84, 0x26, 0x8A,
    0xEF, 0x8E, 0x3C, 0x54, 0x93, 0x85, 0x14, 0xA9, 0xE4, 0x34, 0x1A, 0x48, 0xE5, 0xB8, 0x22, 0x4C,
    0xB7, 0x9C, 0xCB, 0xED, 0x11, 0xC6, 0x8B, 0x4B, 0x87, 0x20, 0x9F, 0x0F, 0x03, 0xE8, 0x21, 0xD3,
    0x36, 0xA3, 0xA9, 0x65, 0x7E, 0x91, 0x2A, 0xAD, 0x6A, 0x56, 0x64, 0xAF, 0x3D, 0x01, 0x0F, 0x69,
    0xA0, 0x3E, 0x94, 0x60, 0x49, 0x16, 0x2C, 0x8B, 0x4B, 0xB5, 0x25, 0x66, 0x12, 0xFC, 0x24, 0x38,
    0x69, 0x33, 0x7C, 0x39, 0x0B, 0x1A, 0x23, 0x1E, 0x33, 0x20, 0xBD, 0x08, 0xA3, 0x55, 0x3A, 0xDA,
    0x2F, 0x64, 0x34, 0x19, 0x47, 0xEC, 0x6F, 0xB1, 0x2B, 0x12, 0xC1, 0xED, 0x08, 0x92, 0x95, 0xC0,
    0x7C, 0x2B, 0x37, 0x6E, 0xA4, 0xC5, 0x65, 0x6D, 0x89, 0xEF, 0x05, 0xF3, 0x82, 0xC6, 0x9A, 0x38,
    0xA4, 0x10, 0x99, 0xB8, 0x1E, 0x1A, 0xAB, 0x54, 0xD1, 0x77, 0x0F, 0xA7, 0xF6, 0x84, 0x38, 0x29,
    0x3D, 0x0D, 0x90, 0xE0, 0x39, 0x8C, 0x32, 0xF9, 0x27, 0x42, 0xFE, 0x1C, 0x33, 0x02, 0x01, 0xA9,
    0x9C, 0x28, 0x8A, 0xC8, 0x0A, 0xE3, 0xD7, 0x6B, 0x5A, 0x1F, 0x53, 0x5C, 0x34, 0x75, 0x93, 0xFA,
    0x47, 0xBF, 0xEB, 0x9B, 0x84, 0x7E, 0x5B, 0xAC, 0xDE, 0x5B, 0xA9, 0xC7, 0xE0, 0xA2, 0x5A, 0x61,
    0x17, 0xBA, 0xC7, 0xB8, 0x6F, 0x47, 0x92, 0x94, 0x60, 0xE2, 0x2D, 0x56, 0x78, 0x52, 0x1D, 0x74,
    0x4D, 0x4E, 0x0E, 0x4E, 0xD5, 0x91, 0xA1, 0x5D, 0x7D, 0xFD, 0xD1, 0xA2, 0xDF, 0xA7, 0x5B, 0xAD,
    0x7B, 0xEA, 0xEF, 0x92, 0xFE, 0xBF, 0x27, 0x0A, 0x53, 0x8C, 0x58, 0xD8, 0xB1, 0x6C, 0x5B, 0xF7,
    0x7E, 0xE1, 0x9E, 0xF1, 0x87, 0xEB, 0x5B, 0x30, 0x89, 0xBC, 0x60, 0xF4, 0xB6, 0x62, 0x7D, 0x47,
    0xD8, 0x89, 0xDB, 0xCE, 0x66, 0x82, 0x08, 0xE7, 0x5D, 0xD7, 0x8B, 0x81, 0xC8, 0x2D, 0x17, 0x3F,
    0x98, 0xBC, 0x2C, 0x69, 0xA2, 0x4E, 0xA1, 0x33, 0xD8, 0x11, 0xCF, 0xC7, 0x70, 0xD8, 0x77, 0xDC,
    0x4A, 0x75, 0xA9, 0xCB, 0x0D, 0x46, 0x54, 0x19, 0x29, 0xB9, 0xB4, 0x0B, 0xF6, 0xCD, 0xDA, 0x92,
    0xCA, 0x55, 0x0B, 0x1F, 0xFD, 0xDD, 0x38, 0x3B, 0x3B, 0xBB, 0x7D, 0xD9, 0xE2, 0x92, 0x93, 0xF4,
    0xE0, 0x9A, 0x33, 0x77, 0xC4, 0xA5, 0x74, 0x51, 0x80, 0x5E, 0x9D, 0xA6, 0xBA, 0x7A, 0x1D, 0xB8,
    0x4A, 0x08, 0xA9, 0xAB, 0xC6, 0x0F, 0xBB, 0xD0, 0xB9, 0xA5, 0x22, 0x7F, 0xEF, 0xD4, 0x97, 0xDB,
    0x2D, 0x08, 0x8C, 0x2E, 0xC8, 0xA9, 0xBD, 0x49, 0xF4, 0x1C, 0x82, 0x28, 0x37, 0xF1, 0x34, 0xBA,
    0xDF, 0xA3, 0x15, 0xAC, 0x3E, 0xA1, 0xF3, 0x8B, 0xE9, 0x58, 0xD1, 0xDE, 0xA3, 0x51, 0x54, 0x60,
    0x31, 0xE4, 0x3F, 0xB0, 0x28, 0xCF, 0x4D, 0x87, 0xA6, 0x00, 0x4B, 0xD3, 0xFD, 0x92, 0x39, 0xE6,
    0xE5, 0xF6, 0xFB, 0xC7, 0x5B, 0xBF, 0x59, 0x98, 0xE4, 0xA5, 0xDE, 0xA3, 0x62, 0x8E, 0xD1, 0xA3,
    0xBD, 0xED, 0xEE, 0x5E, 0x26, 0xF3, 0xB5, 0x0A, 0x22, 0xD9, 0xF4, 0x0E, 0x25, 0xA6, 0x1A, 0x04,
    0x63, 0xF8, 0x8A, 0xAC, 0x26, 0xB3, 0xFF, 0x54, 0x64, 0x74, 0x0B, 0x89, 0xF0, 0x08, 0x6B, 0xEC,
    0x03, 0xC7, 0xAA, 0x9D, 0xA4, 0x5E, 0x16, 0x5D, 0x11, 0x4A, 0x90, 0x02, 0xF6, 0x5D, 0x05, 0xEF,
    0x50, 0xF4, 0x0C, 0x4D, 0x23, 0xE1, 0x16, 0xE1, 0x13, 0x98, 0xA6, 0x88, 0x6F, 0x88, 0xD3, 0xD6,
    0x40, 0x79, 0x36, 0x62, 0xEE, 0x79, 0xB8, 0x1F, 0x65, 0x2B, 0x36, 0xDF, 0xAC, 0x3D, 0x61, 0xB0,
    0x1F, 0x58, 0xAF, 0x55, 0x37, 0xB2, 0x6C, 0x31, 0x70, 0x05, 0xA9, 0xDB, 0xC0, 0x47, 0x03, 0x42,
    0xAA, 0x1A, 0x68, 0x9D, 0xC1, 0x8D, 0xE8, 0x89, 0x18, 0xEC, 0xC4, 0xCC, 0xF6, 0x8D, 0x34, 0x74,
    0xB0, 0xC1, 0xAF, 0xD2, 0xDB, 0xCD, 0xAE, 0x92, 0xDE, 0xCF, 0xFD, 0x54, 0xD2, 0x54, 0xE0, 0x8E,
    0x3A, 0x98, 0xAF, 0x95, 0xFF, 0x17, 0xEC, 0x2D, 0x47, 0x78, 0x60, 0xE3, 0x9F, 0xD0, 0x3B, 0x89,
    0xDE, 0x76, 0x37, 0x16, 0x29, 0xA9, 0xB8, 0xA8, 0x83, 0x8B, 0xA0, 0xDA, 0xEC, 0xA5, 0x60, 0x08,
    0x44, 0x7F, 0xCB, 0xE3, 0x29, 0xD8, 0xB8, 0x37, 0xA9, 0x0E, 0x37, 0xAC, 0x45, 0x36, 0x85, 0xEA,
    0x0B, 0x73, 0x65, 0xA3, 0x87, 0xDE, 0x07, 0x4D, 0xF4, 0xD2, 0xC2, 0x28, 0xEF, 0x2F, 0xB3, 0xB8,
    0xE0, 0x0B, 0x17, 0xC1, 0x86, 0x37, 0xDB, 0xA7, 0x0C, 0x0B, 0x30, 0xE2, 0x60, 0xF8, 0xD6, 0x0C,
    0x39, 0xB3, 0xE9, 0xE2, 0x89, 0xF2, 0x0A, 0x11, 0x20, 0x25, 0x9B, 0x30, 0xA4, 0xCA, 0x76, 0xF1,
    0xE8, 0x55, 0x5E, 0x0B, 0x12, 0xCD, 0xFE, 0x28, 0x1B, 0x55, 0x65, 0x82, 0x3F, 0x55, 0xA7, 0xC2,
    0x74, 0x2A, 0xEB, 0xC5, 0x93, 0xDF, 0x72, 0x8E, 0xD8, 0x8B, 0x56, 0xE9, 0xD4, 0x3C, 0xD1, 0x39,
    0xB8, 0xB9, 0x21, 0x74, 0xC6, 0xB0, 0xB3, 0xE0, 0xE4, 0xD3, 0x10, 0xA4, 0xFF, 0xE8, 0xCD, 0xC6,
    0x87, 0xD3, 0x4B, 0x3B, 0x5F, 0x84, 0xA4, 0x0C, 0x03, 0x24, 0x09, 0x86, 0xC1, 0xD1, 0x18, 0x13,
    0x7C, 0x45, 0xBD, 0xE7, 0x82, 0x30, 0x96, 0x13, 0x7B, 0xF1, 0x40, 0x23, 0x3D, 0x98, 0xA7, 0x54,
    0xB6, 0x23, 0x68, 0xE5, 0xA0, 0xCD, 0x0F, 0xB1, 0xC3, 0x6A, 0x88, 0x78, 0xF6, 0x06, 0x32, 0x9D,
    0x80, 0xFC, 0x4A, 0xA0, 0x97, 0xC0, 0xDD, 0xC0, 0x0D, 0x8D, 0x33, 0xF3, 0x24, 0xF0, 0x77, 0xA5,
    0x53, 0x54, 0x0C, 0x4B, 0xF1, 0x4A, 0x4F, 0x00, 0xD4, 0x53, 0x83, 0xEF, 0x15, 0xD4, 0x00, 0xBB,
    0xF0, 0xC9, 0x00, 0x2F, 0xC9, 0xBD, 0x0E, 0x3D, 0xD3, 0xCC, 0xF6, 0xA3, 0xD9, 0xB0, 0xBA, 0x5C,
    0xDA, 0x82, 0xE1, 0x48, 0x05, 0x3D, 0x78, 0xBE, 0xD8, 0x0E, 0x1B, 0xEA, 0x1F, 0xC5, 0x23, 0x63,
    0x59, 0x00, 0x1E, 0xBA, 0x8E, 0xC6, 0x32, 0x43, 0x2B, 0xF0, 0x57, 0xC9, 0x78, 0x91, 0x57, 0x93,
    0x67, 0x54, 0xF3, 0xA3, 0x08, 0x66, 0x58, 0xFE, 0x0C, 0x50, 0x5E, 0xFD, 0x5B, 0xB1, 0x62, 0xAA,
    0xCC, 0x62, 0x29, 0xCA, 0x3E, 0x89, 0xF2, 0xCC, 0x0E, 0xFC, 0xF9, 0xB2, 0xEA, 0x26, 0x9C, 0x51,
    0x05, 0xB9, 0x6E, 0x69, 0xA7, 0xC8, 0x32, 0xF3, 0x44, 0x74, 0x25, 0x64, 0xCE, 0x8D, 0x0B, 0x1A,
    0xBA, 0xBC, 0xE4, 0xDC, 0x68, 0x36, 0x07, 0x9B, 0xB3, 0x01, 0xD5, 0xDE, 0xA5, 0xB2, 0x62, 0xFC,
    0x8D, 0x3E, 0x15, 0xC4, 0x88, 0xEA, 0xB8, 0x0A, 0x98, 0x84, 0x2F, 0x06, 0x34, 0x8F, 0x6A, 0x9D,
    0x57, 0x8C, 0x23, 0x34, 0x84, 0x3B, 0x08, 0x07, 0xF8, 0xD8, 0x38, 0xE8, 0x2B, 0x18, 0x7F, 0x25,
    0x0C, 0xD7, 0x87, 0xFB, 0xC3, 0x78, 0x61, 0xFC, 0x30, 0x9F, 0xCD, 0x4F, 0xFF, 0xD0, 0x84, 0xFA,
    0x18, 0x41, 0xB2, 0x9D, 0x98, 0xAC, 0xCB, 0x8D, 0xB3, 0x4B, 0xDD, 0xC6, 0x53, 0xE4, 0x74, 0xE1,
    0x5C, 0x92, 0x84, 0xC7, 0xE0, 0x96, 0x02, 0x0C, 0x7D, 0x62, 0x33, 0x1D, 0x83, 0xF7, 0x15, 0xBC,
    0x65, 0x9A, 0xFE, 0x29, 0x20, 0x3E, 0x6D, 0x7D, 0xC4, 0xA9, 0xF5, 0x81, 0x7D, 0xE7, 0xB3, 0x33,
    0xF7, 0x55, 0xF7, 0x61, 0x6B, 0x0A, 0x4A, 0xDD, 0x28, 0x18, 0x56, 0x43, 0x90, 0xD5, 0x74, 0xE3,
    0xC7, 0xBE, 0xD0, 0xDD, 0x15, 0xF9, 0xD3, 0xAB, 0x9E, 0xD7, 0x1B, 0xEA, 0xD7, 0x2D, 0x77, 0xD3,
    0x63, 0x9C, 0x37, 0xD9, 0x26, 0x6C, 0x77, 0x6C, 0xB7, 0xC4, 0xFB, 0xE6, 0xDC, 0x56, 0x70, 0xA9,
    0xBD, 0x11, 0x56, 0x7D, 0x68, 0x0B, 0xB6, 0xEE, 0xEA, 0xEB, 0xBF, 0xBA, 0x95, 0x75, 0xDF, 0x27,
    0x8F, 0x29, 0x45, 0xA6, 0xE0, 0xB1, 0xC1, 0x26, 0xF1, 0x1F, 0x2B, 0x1B, 0x93, 0x29, 0x23, 0x5D,
    0xAC, 0x2A, 0xAF, 0x9E, 0xC7, 0xED, 0x5D, 0x72, 0x1F, 0x48, 0xDA, 0xAB, 0x15, 0x91, 0xF5, 0x2A,
    0xC5, 0xC5, 0x98, 0xA0, 0x91, 0x9B, 0x76, 0x7A, 0xBE, 0xC4, 0x1E, 0x30, 0xA1, 0x18, 0x4E, 0x58,
    0x38, 0x38, 0x07, 0x38, 0x1F, 0x43, 0x88, 0xBC, 0x4A, 0x1D, 0x66, 0xE7, 0x0F, 0x90, 0xD7, 0xFF,
    0x50, 0x96, 0xA9, 0xF6, 0xCD, 0xA4, 0x67, 0x8D, 0xC6, 0x62, 0x4B, 0x98, 0x50, 0x73, 0x4E, 0x32,
    0xFF, 0x4C, 0x28, 0x27, 0xE2, 0xC9, 0x1D, 0x70, 0xA3, 0x37, 0xB6, 0x0B, 0xEC, 0x17, 0xF6, 0x81,
    0xFD, 0x6A, 0x18, 0xFA, 0x8D, 0x9F, 0x5E, 0xE2, 0xBF, 0x11, 0xC2, 0xA4, 0x85, 0xEB, 0x89, 0x0E,
    0x42, 0x3D, 0x3D, 0x3A, 0xF5, 0x2D, 0xB8, 0x33, 0x90, 0xB7, 0xCB, 0x11, 0xF9, 0xD6, 0x9D, 0xA0,
    0xD2, 0x9E, 0xD5, 0x99, 0xCE, 0x54, 0x6D, 0xBC, 0xA0, 0x49, 0x4F, 0x20, 0x55, 0xE0, 0x99, 0xC1,
    0x6A, 0x8A, 0x6C, 0xA7, 0x97, 0xB6, 0x1C, 0x10, 0x61, 0xEF, 0xE1, 0xA6, 0xB7, 0x73, 0xFE, 0x82,
    0xDF, 0x27, 0xF0, 0xB5, 0x0E, 0xF3, 0x8C, 0x4B, 0xBC, 0x7A, 0x5C, 0x9A, 0xDE, 0x11, 0xED, 0x1A,
    0xE0, 0xF8, 0x5F, 0x69, 0x86, 0xA5, 0x41, 0x20, 0x12, 0x8D, 0x59, 0x7C, 0xAD, 0xCA, 0x51, 0x0A,
    0x57, 0x06, 0x1A, 0x52, 0x30, 0x54, 0x86, 0x2B, 0xC8, 0xEE, 0xD1, 0xFD, 0x63, 0x3E, 0xEA, 0x61,
    0x4F, 0x01, 0xA6, 0x0A, 0x11, 0x08, 0xDF, 0xDF, 0xC2, 0x3D, 0x2A, 0x1E, 0xE1, 0xC5, 0x10, 0xD2,
    0x1B, 0x14, 0x48, 0xEF, 0x4F, 0x20, 0xF9, 0xB3, 0x1A, 0xD5, 0xBF, 0xAC, 0xC6, 0xC4, 0x5C, 0x18,
    0x8B, 0xBD, 0x8C, 0xAA, 0x5F, 0xE8, 0x67, 0x1F, 0xC3, 0xF0, 0xFD, 0x60, 0xD7, 0x4D, 0x0A, 0x4B,
    0x35, 0x84, 0xC7, 0x6C, 0x19, 0xAF, 0xB3, 0xF1, 0x47, 0xC2, 0x88, 0xBE, 0x39, 0x7D, 0xED, 0xDA,
    0xD4, 0x4A, 0x6F, 0xEB, 0x9A, 0xC8, 0x2E, 0xB1, 0x46, 0x37, 0xC4, 0xB8, 0xA4, 0x08, 0x83, 0xA6,
    0x06, 0xEC, 0xA9, 0x4E, 0xF8, 0xB7, 0x98, 0xBF, 0x46, 0x45, 0x8D, 0xDB, 0x10, 0x09, 0x0C, 0x33,
    0xCD, 0x85, 0x7B, 0x96, 0x8C, 0xFD, 0x2E, 0xC0, 0x8F, 0x8E, 0xE4, 0x76, 0xB5, 0x3F, 0x12, 0xDF,
    0x30, 0xA2, 0xAF, 0x7D, 0x2D, 0xF1, 0x6D, 0xA6, 0xA1, 0x4A, 0x10, 0xB1, 0xB6, 0x2D, 0x50, 0x51,
    0x6B, 0x56, 0x85, 0xBE, 0x6C, 0x4A, 0xF9, 0xEB, 0x07, 0x73, 0x28, 0x49, 0x07, 0x35, 0xCD, 0xAD,
    0x57, 0xAB, 0x49, 0xB9, 0x9B, 0xC5, 0xB3, 0x9B, 0xD0, 0x4B, 0x9E, 0xF8, 0x26, 0x26, 0x1D, 0x93,
    0xC1, 0x77, 0xDB, 0x91, 0x2C, 0x24, 0xBD, 0xDD, 0x50, 0xB1, 0x57, 0xF5, 0x49, 0x87, 0x5E, 0xDA,
    0xE7, 0x43, 0xDA, 0x21, 0xDA, 0x26, 0xBD, 0x31, 0x83, 0x0F, 0x2E, 0xBD, 0x6C, 0xCC, 0x6B, 0xF4,
    0xB2, 0x2E, 0x9D, 0xA5, 0x07, 0x01, 0xDC, 0x25, 0xBE, 0x42, 0x78, 0x51, 0xCC, 0xC6, 0x1D, 0xF6,
    0xC3, 0x1E, 0xA2, 0x60, 0xDA, 0x8B, 0xE1, 0x5F, 0xB3, 0xB7, 0xF1, 0xCC, 0xDA, 0xC2, 0xBC, 0xF4,
    0xCA, 0x70, 0x65, 0x0B, 0x76, 0xB4, 0x9E, 0x98, 0xEF, 0x19, 0x24, 0x70, 0x8B, 0x0B, 0xA4, 0x17,
    0xF9, 0xC7, 0x2E, 0x43, 0x30, 0x0E, 0x41, 0x92, 0xFA, 0x7B, 0x30, 0x2E, 0x47, 0xEE, 0x1E, 0x96,
    0xD6, 0xA1, 0x37, 0x1C, 0x02, 0x41, 0xE8, 0x43, 0x39, 0x11, 0x65, 0x16, 0x24, 0x53, 0x51, 0x7E,
    0xCB, 0xD3, 0xB9, 0x7B, 0x64, 0x26, 0x37, 0x53, 0x1D, 0x40, 0x81, 0x76, 0xC6, 0xD0, 0x99, 0x43,
    0xC7, 0x2F, 0x9D, 0x5A, 0x3B, 0xFF, 0x4A, 0xF7, 0x58, 0x3A, 0xFF, 0x24, 0xF8, 0x62, 0xE7, 0x43,
    0xAF, 0x79, 0x2B, 0xFF, 0x81, 0xDC, 0xC6, 0x4E, 0x5D, 0x69, 0xDE, 0x4C, 0xDC, 0x16, 0x71, 0x5F,
    0xD8, 0x49, 0x7C, 0xAB, 0x1D, 0xF1, 0xAE, 0xB4, 0x13, 0xFB, 0x49, 0x3B, 0x3A, 0xB8, 0xD3, 0xA0,
    0x81, 0x76, 0xB2, 0xD0, 0x49, 0x42, 0x67, 0x1B, 0x3A, 0x1B, 0xCF, 0x4F, 0x4F, 0xB0, 0xA6, 0x5A,
    0xCF, 0x5D, 0x19, 0xC6, 0xC8, 0xB4, 0xB3, 0xB7, 0xF8, 0x0E, 0xCC, 0xFE, 0xB7, 0xCD, 0x48, 0x2D,
    0xCC, 0x63, 0xD1, 0xC0, 0xAD, 0x1A, 0x1D, 0x89, 0x09, 0xF7, 0xDC, 0xEC, 0x7E, 0x64, 0x72, 0xFD,
    0xAC, 0x71, 0x5D, 0x66, 0x19, 0x5B, 0xE6, 0x3F, 0xE9, 0x25, 0x65, 0x5E, 0x3D, 0x8A, 0xC4, 0xAB,
    0x8B, 0x91, 0x68, 0x7C, 0x12, 0x81, 0x0C, 0x6A, 0xD1, 0xAD, 0xC1, 0xF8, 0x69, 0x58, 0x5E, 0xFD,
    0x7D, 0x4B, 0xBB, 0x95, 0xB1, 0x1B, 0x3A, 0xE4, 0x75, 0xA6, 0x74, 0xAC, 0x53, 0x8D, 0x92, 0x15,
    0x89, 0xAE, 0x4D, 0x83, 0x0C, 0xF2, 0x96, 0x65, 0x9F, 0xEF, 0x74, 0x6D, 0x4B, 0xD4, 0xC8, 0x6B,
    0x06, 0xE3, 0xE0, 0xD1, 0xD2, 0x0D, 0xBB, 0x76, 0x41, 0x21, 0xA8, 0x36, 0x6C, 0xBE, 0xB2, 0x5C,
    0x5B, 0x05, 0x03, 0x84, 0x81, 0x46, 0x5C, 0x46, 0x46, 0xCC, 0x29, 0x76, 0x4C, 0xEA, 0x10, 0x98,
    0x49, 0xB9, 0x80, 0xF5, 0x6F, 0xB9, 0xDE, 0xA0, 0x56, 0xE6, 0x36, 0xB8, 0x1B, 0xDD, 0xDA, 0x15,
    0x99, 0x0E, 0x8B, 0xA9, 0xA6, 0x6F, 0x26, 0x75, 0x44, 0x18, 0xBC, 0xA3, 0x86, 0xF7, 0x78, 0x24,
    0xC9, 0x46, 0xB7, 0xA6, 0x64, 0x20, 0xE5, 0x42, 0xCB, 0x85, 0x98, 0x0B, 0x35, 0x03, 0x39, 0x17,
    0x7A, 0xAA, 0xF2, 0x80, 0xDE, 0x08, 0x14, 0x75, 0x81, 0xA4, 0x2E, 0xD0, 0xD4, 0x05, 0xA2, 0xBA,
    0x40, 0x55, 0x17, 0xC8, 0x76, 0x45, 0xA7, 0xFC, 0xAA, 0x9F, 0x5A, 0x17, 0x88, 0x1B, 0x22, 0x40,
    0xCA, 0x9C, 0x9C, 0x30, 0xD0, 0xD7, 0xCC, 0x25, 0x86, 0xB7, 0x27, 0xD5, 0x7B, 0x22, 0xE3, 0xCF,
    0x6F, 0x51, 0x5A, 0x9B, 0x9F, 0x71, 0x20, 0x32, 0xA9, 0x3C, 0x84, 0x58, 0xC6, 0xDE, 0x9C, 0xE4,
    0x6E, 0x1D, 0xFA, 0x55, 0xBC, 0x98, 0x32, 0xD8, 0x06, 0x97, 0x3C, 0xF2, 0x21, 0xF5, 0x9C, 0xAD,
    0x72, 0xD0, 0x26, 0x59, 0xEF, 0x05, 0x75, 0xCF, 0x54, 0xCE, 0x21, 0xC2, 0x74, 0xF0, 0x7E, 0x66,
    0xB7, 0xF0, 0x4E, 0x60, 0x1E, 0xF5, 0x59, 0xA7, 0x63, 0xB5, 0x95, 0x1B, 0x4C, 0x4D, 0x8D, 0x26,
    0x97, 0x60, 0xF8, 0x3E, 0x0B, 0x6A, 0x8E, 0x2E, 0x97, 0xB0, 0x1F, 0xD5, 0xDF, 0xF4, 0x50, 0xD5,
    0xA1, 0x8A, 0x82, 0xC0, 0x42, 0x07, 0x75, 0x3A, 0x1B, 0x83, 0x8F, 0x6A, 0xA2, 0x56, 0x63, 0x6A,
    0xEA, 0x94, 0xB6, 0x00, 0xD5, 0x68, 0x6F, 0xEB, 0x31, 0xF5, 0x5D, 0x05, 0x75, 0xAE, 0xDE, 0xCF,
    0x79, 0xA2, 0xAE, 0xEC, 0x10, 0x6B, 0xAE, 0x00, 0x6A, 0xB4, 0xA6, 0x66, 0x0C, 0x51, 0x09, 0x84,
    0x1A, 0xA3, 0xEA, 0x8B, 0xC2, 0x78, 0x2B, 0xE2, 0xDE, 0xB7, 0x6C, 0x13, 0xFF, 0xE4, 0xE1, 0x8C,
    0x95, 0xC7, 0x2C, 0xB8, 0x89, 0x29, 0xC7, 0x63, 0x96, 0xDD, 0x6C, 0x28, 0xBF, 0xA3, 0x77, 0xCC,
    0x0B, 0xCD, 0xB9, 0x8C, 0xCC, 0x2B, 0x3B, 0xE1, 0xC3, 0x96, 0xE4, 0xB3, 0x38, 0x6F, 0x46, 0xCE,
    0xDC, 0x78, 0x8B, 0xEC, 0x87, 0xAC, 0xC0, 0x4D, 0x7A, 0xAF, 0x15, 0x38, 0x62, 0x4F, 0xE9, 0x55,
    0x90, 0x37, 0x0B, 0xB9, 0x45, 0xCC, 0x0E, 0xE6, 0x82, 0x64, 0x3F, 0x9F, 0x20, 0x1D, 0x44, 0x26,
    0xAF, 0x56, 0x99, 0x00, 0xF7, 0xC6, 0x45, 0xB1, 0x12, 0xFC, 0x5E, 0xB3, 0xEE, 0x2B, 0x30, 0x07,
    0xF0, 0x68, 0xE7, 0x9B, 0x5B, 0x73, 0x55, 0x0B, 0x33, 0x6E, 0x27, 0x82, 0x78, 0xAA, 0x20, 0xDD,
    0xE2, 0x31, 0x57, 0x70, 0x02, 0x46, 0x15, 0xB7, 0x27, 0x04, 0x86, 0xBE, 0x7B, 0x70, 0x8F, 0x46,
    0xC9, 0x56, 0x79, 0x7D, 0xA7, 0x20, 0x31, 0x26, 0x70, 0x4B, 0xC2, 0x97, 0x16, 0x72, 0x1D, 0x2C,
    0xE4, 0x1A, 0x64, 0x64, 0xF1, 0xCC, 0x75, 0xA0, 0x96, 0xCA, 0x0C, 0x41, 0x4C, 0x5A, 0x6A, 0xFF,
    0xDF, 0x3A, 0xE0, 0xD7, 0xAD, 0x56, 0x4A, 0x98, 0x81, 0x9A, 0x53, 0x16, 0xD0, 0xB7, 0x1B, 0xF4,
    0xF4, 0x2C, 0x71, 0xA7, 0x38, 0xB8, 0x45, 0xCE, 0x07, 0x1C, 0xA4, 0x4B, 0xF8, 0xF7, 0xEE, 0xC5,
    0x51, 0x74, 0x33, 0x37, 0xD3, 0x9C, 0xB2, 0x31, 0x52, 0xEF, 0x8C, 0x5C, 0x3D, 0x6B, 0xB2, 0x16,
    0x62, 0x84, 0x87, 0x81, 0xCB, 0xF0, 0xB3, 0xE5, 0x48, 0x2A, 0x6F, 0x01, 0xC0, 0xDC, 0x8A, 0x2A,
    0x28, 0xA0, 0xB2, 0xC9, 0x92, 0x88, 0xB4, 0x6E, 0x71, 0xA6, 0x72, 0x8D, 0xD2, 0xB7, 0x9A, 0xD9,
    0x86, 0x68, 0xA3, 0x60, 0x91, 0x63, 0xC6, 0xA8, 0x93, 0x0C, 0x3D, 0x6C, 0x74, 0x85, 0x7E, 0x8C,
    0x2D, 0xE6, 0x36, 0x6D, 0x2D, 0x20, 0x33, 0xEF, 0x66, 0x13, 0x38, 0x89, 0x2E, 0x3E, 0xF5, 0xA9,
    0xC5, 0xEE, 0xFC, 0x43, 0x8B, 0xE6, 0x2D, 0xF1, 0xBD, 0x55, 0xC4, 0xAF, 0x0E, 0x02, 0x6B, 0x89,
    0x0A, 0x16, 0x81, 0xAF, 0xDD, 0xB1, 0x87, 0xAA, 0xE9, 0xF4, 0xAB, 0xFF, 0x28, 0x34, 0x2E, 0xCE,
    0x69, 0x20, 0xF2, 0xB8, 0x68, 0xF4, 0x6A, 0x8F, 0x23, 0x18, 0x69, 0xA0, 0xBA, 0xC8, 0x4C, 0xCF,
    0x43, 0x7D, 0xC5, 0xF6, 0x76, 0x4C, 0x1A, 0xC3, 0x21, 0x18, 0xAD, 0x04, 0x63, 0xA4, 0xEE, 0xD5,
    0x7A, 0x90, 0x89, 0xCA, 0x24, 0xD6, 0x60, 0x05, 0x93, 0x9A, 0x0C, 0x72, 0x97, 0x0C, 0xF1, 0x69,
    0xB2, 0x3F, 0xF7, 0x4C, 0x6E, 0xED, 0x14, 0xAB, 0x05, 0x12, 0xA6, 0x5A, 0x83, 0x20, 0x86, 0xFB,
    0x97, 0x8C, 0x10, 0x53, 0xBF, 0xE7, 0xBF, 0x60, 0xCA, 0x99, 0xFD, 0xF2, 0x43, 0xB1, 0x23, 0x7A,
    0x8A, 0xEB, 0xA6, 0xFA, 0x7B, 0xB1, 0x0D, 0x2C, 0x53, 0xE5, 0xFF, 0x44, 0xFA, 0x8A, 0xF0, 0x4E,
    0x24, 0x40, 0x5F, 0x2A, 0xCE, 0x7F, 0xE5, 0x5D, 0x35, 0x54, 0x8A, 0xF6, 0xCF, 0x66, 0x57, 0x8E,
    0x16, 0xE4, 0xFC, 0x12, 0xF6, 0xA4, 0x22, 0xAB, 0xF4, 0xA3, 0x49, 0x16, 0x2C, 0x62, 0x80, 0x93,
    0x69, 0xFD, 0x9E, 0xAE, 0x44, 0x08, 0x8E, 0xED, 0x42, 0x34, 0x55, 0xFA, 0x5B, 0x53, 0x2C, 0x20,
    0x7C, 0x1C, 0xC2, 0xAD, 0xB4, 0xB5, 0x02, 0x8D, 0xAC, 0xA2, 0xE5, 0xCA, 0x3F, 0xB0, 0x2F, 0x42,
    0xF9, 0xB2, 0xF7, 0x59, 0xE0, 0x20, 0x9F, 0xA7, 0x58, 0xDD, 0x75, 0x55, 0x7F, 0x99, 0x31, 0x56,
    0xA2, 0xB4, 0xC0, 0x14, 0x1B, 0xAD, 0x95, 0x10, 0xF3, 0x61, 0x4F, 0xF1, 0x9E, 0x58, 0x86, 0xFA,
    0xDE, 0x68, 0x23, 0x76, 0xA6, 0xC3, 0x6A, 0x77, 0xC8, 0x9C, 0x86, 0xFC, 0xB2, 0x46, 0xD8, 0x56,
    0x9C, 0x12, 0xFB, 0x10, 0xED, 0xD3, 0x8D, 0xE4, 0xC1, 0xEB, 0xEA, 0x2C, 0x91, 0xDA, 0x64, 0x5A,
    0x96, 0x01, 0x33, 0x94, 0xFC, 0xCF, 0x18, 0x7F, 0x36, 0x91, 0xDE, 0xEA, 0x93, 0xE0, 0xBB, 0xB9,
    0x40, 0x0E, 0x17, 0xD5, 0x0B, 0xD8, 0x4B, 0xA9, 0xE9, 0x7A, 0xC8, 0xCF, 0x36, 0x5B, 0x65, 0x61,
    0x72, 0x75, 0x2A, 0x5B, 0x73, 0x2E, 0xE1, 0x3B, 0x77, 0x09, 0x0B, 0x17, 0xE7, 0x82, 0x8A, 0x98,
    0x81, 0x9C, 0x4E, 0xB9, 0x56, 0x4D, 0x8E, 0xC2, 0xC2, 0xC5, 0xB5, 0x55, 0x9C, 0x34, 0x5B, 0x33,
    0x18, 0x12, 0x8D, 0xA9, 0xF7, 0x5A, 0xCB, 0x25, 0xC6, 0x7C, 0xA7, 0x09, 0x48, 0xD2, 0xDB, 0xCC,
    0xE0, 0x25, 0x85, 0xAE, 0x71, 0x15, 0xDE, 0x18, 0x9C, 0xF4, 0xE1, 0x5B, 0xC1, 0x9D, 0xD9, 0x08,
    0xC1, 0x7E, 0x5C, 0xC5, 0xF8, 0x17, 0x67, 0x22, 0x3D, 0x94, 0x2D, 0x0C, 0xF9, 0xBA, 0xED, 0x69,
    0xFB, 0xB6, 0xCC, 0x4D, 0x22, 0x96, 0xBA, 0xCF, 0x61, 0x8E, 0xBB, 0xEB, 0x45, 0x64, 0xB2, 0xEC,
    0x90, 0xE7, 0x63, 0x79, 0x82, 0x69, 0x48, 0x6E, 0x41, 0xB5, 0x3E, 0x89, 0x40, 0xAB, 0x2B, 0x84,
    0x6D, 0xCB, 0xE5, 0x92, 0xFB, 0x3C, 0x85, 0x13, 0x0C, 0xB0, 0x78, 0x26, 0x5F, 0x4E, 0xB4, 0xDC,
    0xA6, 0xCA, 0xBF, 0x7A, 0xF6, 0xE6, 0xA4, 0xF9, 0x08, 0xAD, 0xF5, 0x54, 0xAB, 0x24, 0x5B, 0xF2,
    0x12, 0xEE, 0x77, 0x4A, 0x18, 0xDD, 0x3D, 0x5F, 0x9D, 0x10, 0xE2, 0xBB, 0x7D, 0x85, 0xB9, 0x5E,
    0xB9, 0x78, 0x47, 0x9D, 0xEF, 0x2E, 0x54, 0x11, 0x51, 0xE6, 0x51, 0x02, 0xEC, 0x94, 0xDC, 0x85,
    0xD5, 0x12, 0x91, 0x1B, 0x54, 0xA0, 0x1E, 0xAE, 0xCE, 0x8E, 0xAF, 0xDE, 0x6A, 0xA1, 0xE8, 0xFE,
    0xE8, 0x6A, 0x0A, 0x63, 0x16, 0x11, 0x1D, 0xAE, 0x4E, 0xB4, 0x70, 0xC3, 0x1D, 0x5F, 0xDD, 0x3C,
    0x7D, 0xB5, 0x2E, 0x67, 0xCE, 0x41, 0x41, 0xBC, 0x50, 0x9A, 0x98, 0x7D, 0xB7, 0xAF, 0x65, 0xAE,
    0x57, 0xE0, 0x91, 0x28, 0x53, 0x5B, 0xDD, 0x44, 0xBF, 0xE4, 0x82, 0x63, 0x63, 0x06, 0x96, 0x4A,
    0x7D, 0x41, 0x85, 0xD8, 0x61, 0xF3, 0x59, 0x47, 0xBD, 0xD9, 0x40, 0xDE, 0x95, 0xA8, 0x03, 0x60,
    0x1A, 0x0C, 0x61, 0xDF, 0x94, 0xB9, 0x84, 0x04, 0xA2, 0x1A, 0x38, 0xD8, 0x4D, 0x96, 0xA8, 0x45,
    0xBD, 0x29, 0x52, 0xE3, 0x7B, 0xC6, 0x44, 0xEB, 0x1B, 0x62, 0xC3, 0x9E, 0x15, 0x4B, 0x38, 0x4B,
    0xD5, 0xC1, 0xA5, 0x16, 0xE8, 0x96, 0xA9, 0xF6, 0xA8, 0x98, 0x13, 0xBF, 0x9B, 0x65, 0x41, 0x44,
    0xA4, 0xCC, 0x9A, 0xEC, 0x5D, 0x04, 0x63, 0xF8, 0x54, 0x8F, 0x8A, 0xAA, 0x96, 0x86, 0x5A, 0x1A,
    0xB1, 0xD5, 0x4F, 0x20, 0x5D, 0x67, 0xDA, 0xB6, 0x23, 0x92, 0x36, 0x09, 0x6B, 0xAF, 0xA3, 0xB7,
    0xD6, 0x95, 0x03, 0x2F, 0x63, 0x6F, 0xB7, 0x3C, 0x35, 0x4A, 0x28, 0x47, 0x82, 0x2D, 0x7C, 0x9E,
    0xD3, 0x8F, 0x5A, 0x2A, 0xB6, 0x4B, 0x6D, 0x67, 0x17, 0x12, 0x2E, 0xF7, 0xF5, 0x94, 0xC9, 0xC9,
    0xFF, 0x0B, 0x64, 0xB1, 0x27, 0xD8, 0x10, 0x37, 0x0B, 0xF7, 0x33, 0x19, 0xF3, 0xB6, 0xBA, 0x49,
    0x3A, 0xC9, 0x55, 0xC0, 0x6A, 0x1F, 0x9E, 0x03, 0xA2, 0x33, 0x82, 0x8C, 0x69, 0x80, 0x79, 0xC9,
    0x4C, 0x05, 0x57, 0x11, 0xE0, 0x23, 0xE6, 0xA9, 0x66, 0x1E, 0x4E, 0xAD, 0x06, 0x00, 0x40, 0xC5,
    0x93, 0x56, 0x1D, 0x3C, 0x1F, 0xD8, 0x0D, 0x76, 0xFB, 0x1E, 0x00, 0xCE, 0x64, 0xA9, 0xF6, 0x3F,
    0xEA, 0x4B, 0xB4, 0x2E, 0x44, 0x83, 0xD9, 0xA4, 0xC7, 0x3D, 0x13, 0xB5, 0x2F, 0xAB, 0xBD, 0x73,
    0xED, 0x36, 0xE5, 0x3F, 0xB4, 0x88, 0x67, 0x82, 0x73, 0x60, 0x35, 0x89, 0x8C, 0x59, 0x22, 0x26,
    0x97, 0x8D, 0xD9, 0x2C, 0x44, 0x47, 0xF0, 0xB9, 0x25, 0xC6, 0xCB, 0x4B, 0xCD, 0x14, 0x6A, 0xB9,
    0xCA, 0x60, 0xF5, 0x84, 0xBC, 0xF8, 0x74, 0xF6, 0x37, 0x2C, 0x95, 0x88, 0x43, 0x94, 0x13, 0xCA,
    0x12, 0x3F, 0xDD, 0xD5, 0x10, 0xE2, 0x35, 0xCE, 0xFF, 0x43, 0x1E, 0xA5, 0x8D, 0xB7, 0xE4, 0xE1,
    0xFA, 0x93, 0xD3, 0x8C, 0xA2, 0x46, 0x10, 0xAF, 0x06, 0x37, 0x5E, 0xB7, 0x12, 0x07, 0x0D, 0x59,
    0x6A, 0xCC, 0xC5, 0x07, 0x2E, 0x12, 0x40, 0x5D, 0x80, 0xA4, 0x2F, 0xEA, 0x28, 0xE8, 0x62, 0x30,
    0xF1, 0xAB, 0x80, 0x25, 0x16, 0xAE, 0xFC, 0x1A, 0xC0, 0x6E, 0xB0, 0xDB, 0x11, 0xB3, 0xC0, 0x60,
    0x8F, 0x4A, 0xBA, 0xB6, 0xCC, 0xF1, 0x58, 0x59, 0x3D, 0x14, 0xB4, 0x06, 0x4E, 0x1A, 0x20, 0xF5,
    0xE4, 0xBE, 0x9E, 0x10, 0xF2, 0xF8, 0x36, 0xD4, 0xA3, 0x77, 0x4E, 0xD1, 0x11, 0xFB, 0x2F, 0x68,
    0xF7, 0x88, 0x29, 0x83, 0x73, 0x46, 0x74, 0x63, 0xA9, 0xF9, 0xC8, 0x9A, 0x9C, 0xE9, 0xEC, 0x4D,
    0x5F, 0x68, 0x5E, 0xB0, 0x3C, 0xC4, 0xEC, 0x64, 0x4D, 0x67, 0x67, 0x67, 0xC6, 0x67, 0xDA, 0x5A,
    0x41, 0x0D, 0x85, 0x7B, 0x2A, 0x6B, 0xB9, 0x67, 0x29, 0x42, 0xF5, 0xAE, 0xF4, 0x64, 0x58, 0x55,
    0xBD, 0x7B, 0xE3, 0xBE, 0xBA, 0xA3, 0x8F, 0x16, 0x3F, 0x6A, 0x41, 0x17, 0x0A, 0x99, 0x3F, 0xA1,
    0x4F, 0x54, 0x88, 0x28, 0x91, 0xA3, 0x97, 0xD0, 0x72, 0x8D, 0x8E, 0x6B, 0x75, 0x4A, 0xCB, 0xAC,
    0x68, 0x5D, 0x82, 0x85, 0x3C, 0x1A, 0xB6, 0x66, 0x98, 0xBB, 0xA3, 0xC5, 0x7D, 0xFB, 0xB6, 0x9A,
    0x4F, 0xA9, 0xA3, 0xA7, 0x60, 0xAE, 0x07, 0x6B, 0x41, 0x78, 0xF7, 0x8C, 0xDC, 0x52, 0xA9, 0xBB,
    0x16, 0x0A, 0x63, 0x10, 0xA6, 0x7A, 0x72, 0xCF, 0xDF, 0x13, 0x55, 0x29, 0xD4, 0x7F, 0xD5, 0x69,
    0xED, 0x2B, 0xC4, 0xCE, 0x66, 0x0D, 0xEC, 0xCB, 0x46, 0xCD, 0xAF, 0x3E, 0x35, 0x64, 0xF8, 0x43,
    0x78, 0xC4, 0x70, 0x56, 0x7D, 0xFA, 0x84, 0x6A, 0xBB, 0x70, 0x4B, 0xED, 0x85, 0x2A, 0x03, 0x73,
    0x29, 0xF6, 0xC1, 0xB3, 0x88, 0x42, 0xA4, 0x6B, 0x71, 0x6E, 0x05, 0x08, 0x22, 0xF9, 0x30, 0x09,
    0x32, 0x89, 0x16, 0xA1, 0x9C, 0x9C, 0x56, 0x9A, 0xCA, 0x3C, 0x1F, 0xFD, 0x58, 0xD8, 0x21, 0x0D,
    0xCC, 0xCA, 0xD9, 0x23, 0x4B, 0x1A, 0xDE, 0xF4, 0xFF, 0x49, 0x5A, 0x9D, 0xAA, 0x40, 0x1A, 0xD4,
    0xFC, 0x1C, 0x96, 0x08, 0xE4, 0xF2, 0xC9, 0x3D, 0x13, 0xF4, 0x06, 0xA2, 0xDB, 0x04, 0x14, 0x48,
    0xFE, 0x33, 0x1F, 0x22, 0x5D, 0xCB, 0x72, 0x05, 0xFC, 0x87, 0x25, 0x94, 0x99, 0x90, 0xD2, 0x2A,
    0x40, 0x9E, 0xDA, 0x17, 0x04, 0x22, 0x8E, 0x79, 0x9E, 0xD2, 0x59, 0x40, 0x60, 0xF5, 0x03, 0x05,
    0x3F, 0xC1, 0x2A, 0x20, 0x0E, 0xA0, 0xA8, 0xFD, 0xB4, 0x7A, 0x8F, 0x5A, 0x23, 0x70, 0xF4, 0xF7,
    0x7D, 0x0A, 0xE7, 0xDC, 0xDE, 0x21, 0x3B, 0xFC, 0x9B, 0xBC, 0xC5, 0x7F, 0x43, 0x75, 0x1C, 0xAC,
    0xAF, 0x4E, 0x8F, 0xE5, 0x0D, 0xB5, 0x20, 0x50, 0xBC, 0xB7, 0xA3, 0x11, 0xDF, 0xB1, 0xBF, 0x59,
    0x8A, 0x49, 0xC3, 0x1F, 0xD2, 0xE9, 0x8D, 0x10, 0xAA, 0x81, 0xAC, 0x8A, 0xF4, 0x04, 0xBD, 0x88,
    0x77, 0x4D, 0xA1, 0xBE, 0xB5, 0xD8, 0x19, 0x65, 0xB9, 0xA7, 0x39, 0x87, 0x74, 0x45, 0xC9, 0x00,
    0x5A, 0xE1, 0x76, 0x8F, 0x56, 0x6C, 0xD1, 0x2B, 0x23, 0xF4, 0xCA, 0x16, 0xEB, 0x4F, 0xEE, 0x9B,
    0x80, 0x84, 0xF5, 0x97, 0xC8, 0xE2, 0xD4, 0xFA, 0xA9, 0x00, 0xCB, 0xD0, 0x6D, 0xEB, 0xD5, 0xC5,
    0xED, 0xE9, 0xD7, 0x0A, 0x03, 0x31, 0xF8, 0xD7, 0x6B, 0x49, 0xF6, 0x67, 0x6A, 0x0E, 0xF9, 0x00,
    0x58, 0x05, 0xF9, 0x58, 0x43, 0x6C, 0xBD, 0x86, 0x09, 0x7B, 0x3A, 0x95, 0x60, 0xBC, 0xBD, 0x8E,
    0x02, 0xFE, 0xEB, 0xB7, 0x94, 0x82, 0xFD, 0x86, 0xAA, 0x1B, 0x7E, 0x35, 0x2B, 0x2B, 0x73, 0x46,
    0x1F, 0xEA, 0x94, 0xF4, 0xA8, 0x4D, 0xFE, 0xBB, 0x3F, 0x96, 0xDD, 0xDE, 0xE6, 0x09, 0x00, 0xC3,
    0x57, 0x06, 0xDD, 0x77, 0xFC, 0x86, 0x77, 0x9F, 0x99, 0xFF, 0xC1, 0x8A, 0xE7, 0xE8, 0x14, 0x3A,
    0xFD, 0x46, 0x01, 0xAC, 0x0B, 0xCF, 0xB4, 0x1B, 0x4D, 0x98, 0xFC, 0x4A, 0xAD, 0xE3, 0xC2, 0x1E,
    0x94, 0x3A, 0x94, 0x3E, 0xF8, 0x90, 0x89, 0x97, 0x63, 0x35, 0xDF, 0x63, 0xED, 0x21, 0x74, 0x7D,
    0xBB, 0xB5, 0x4C, 0x65, 0x8A, 0x9A, 0xF0, 0x2E, 0x44, 0xF1, 0x36, 0xFF, 0x07, 0x5D, 0xE8, 0x1C,
    0x54, 0xBF, 0x33, 0x7F, 0x53, 0x29, 0xF5, 0x53, 0xDA, 0x6E, 0x28, 0xFD, 0x0E, 0x5D, 0x16, 0x0C,
    0x0A, 0xBB, 0x9D, 0x85, 0x8D, 0xEB, 0xA6, 0xC7, 0xF0, 0x64, 0x58, 0x1E, 0x0A, 0x17, 0xB0, 0xD1,
    0x42, 0x37, 0xB9, 0xD7, 0x79, 0x5E, 0x34, 0x60, 0xA9, 0xA6, 0x2E, 0x76, 0x82, 0x31, 0x21, 0xD3,
    0xEB, 0x22, 0x27, 0xB5, 0x64, 0xA0, 0x0C, 0xDA, 0xA0, 0x20, 0xA8, 0x39, 0xB5, 0x5E, 0x72, 0x87,
    0xB4, 0x42, 0x9B, 0xA0, 0x48, 0x49, 0x36, 0x80, 0xD0, 0x44, 0x0E, 0xC5, 0x08, 0xBB, 0x46, 0x48,
    0x5D, 0x52, 0xD4, 0x3C, 0xD5, 0x0E, 0xB0, 0x6B, 0xAC, 0x45, 0x19, 0x7F, 0x04, 0xAE, 0x44, 0x19,
    0x7F, 0x8A, 0x35, 0xD4, 0xC9, 0x32, 0xBE, 0xCE, 0xD5, 0x07, 0x85, 0xAA, 0x65, 0xC3, 0xD7, 0x0A,
    0x2C, 0xE8, 0xC4, 0x37, 0x15, 0x8B, 0x91, 0x7E, 0x19, 0x02, 0x8B, 0xAC, 0xFB, 0x0D, 0x8A, 0xF9,
    0xAF, 0x28, 0x70, 0x59, 0x00, 0xEC, 0x2C, 0x56, 0x8A, 0x67, 0xB2, 0x78, 0x14, 0xB9, 0xE3, 0xE7,
    0x02, 0xBB, 0xC1, 0xE9, 0xED, 0x04, 0xDC, 0x54, 0xEF, 0x54, 0xB2, 0x3F, 0x0C, 0x72, 0xDE, 0x2C,
    0xA3, 0xC2, 0x6C, 0x0F, 0x01, 0x5F, 0x3C, 0x78, 0xAE, 0x58, 0x18, 0x56, 0xA1, 0xEE, 0x7C, 0x89,
    0xFF, 0x77, 0x5A, 0x24, 0x79, 0x6A, 0xD5, 0x92, 0x7A, 0xC9, 0x5C, 0x98, 0x01, 0xC6, 0xC9, 0x62,
    0x7B, 0xD6, 0x10, 0xD6, 0x97, 0x1A, 0x5F, 0x6A, 0x7B, 0xA9, 0xE9, 0xA5, 0x96, 0x57, 0xF9, 0xEC,
    0x76, 0xB6, 0x92, 0x67, 0xB6, 0x7B, 0x56, 0xFE, 0x3E, 0xAE, 0xAC, 0x0C, 0x56, 0x9F, 0x62, 0x84,
    0xF0, 0xFD, 0x9C, 0xB6, 0xC7, 0x9F, 0x4A, 0x1B, 0x9D, 0xC6, 0x66, 0x44, 0x3E, 0xAB, 0xCD, 0x90,
    0xDA, 0xDA, 0x90, 0x5F, 0x63, 0xD5, 0xB6, 0xB0, 0xA6, 0xE4, 0x68, 0x9F, 0x9E, 0xF8, 0x36, 0x13,
    0x6D, 0xD4, 0xC1, 0xE3, 0xFD, 0x6F, 0xEA, 0x25, 0x0D, 0x08, 0x43, 0xE2, 0x7C, 0xFC, 0x9E, 0xAB,
    0xE6, 0x90, 0x43, 0xF9, 0xC6, 0x4D, 0xA4, 0x75, 0xE2, 0x7A, 0x62, 0xAC, 0x71, 0xEA, 0x1F, 0x58,
    0x25, 0x31, 0x99, 0xA9, 0xCE, 0x26, 0xF1, 0xAA, 0xC4, 0xB7, 0x2A, 0x6B, 0xB8, 0x4A, 0x28, 0x10,
    0xCE, 0x0B, 0x7D, 0x40, 0xD0, 0xAC, 0x1E, 0x56, 0x2F, 0x8E, 0xB6, 0x7C, 0x66, 0xF3, 0xA0, 0x7E,
    0x7E, 0x00, 0xA1, 0x52, 0x31, 0xAC, 0x85, 0x58, 0x0C, 0x8B, 0x6B, 0x21, 0x60, 0xF7, 0xDE, 0xCA,
    0xE5, 0x46, 0x33, 0x64, 0x68, 0xFB, 0xD1, 0x0C, 0x48, 0x0E, 0x8F, 0xD7, 0x1C, 0x35, 0x30, 0x3D,
    0x9A, 0xCC, 0xAB, 0xD4, 0x03, 0xDE, 0xBD, 0xD5, 0x40, 0xFD, 0xA6, 0x8D, 0xFA, 0x07, 0xFE, 0xEC,
    0xBD, 0xA5, 0x88, 0xB5, 0xD3, 0x3A, 0xEC, 0x2D, 0x93, 0x2C, 0x77, 0xDF, 0x3E, 0x3C, 0xE8, 0x30,
    0x88, 0x6B, 0x82, 0x30, 0xDA, 0x8E, 0x8B, 0x16, 0x3D, 0x81, 0x67, 0x4E, 0x3B, 0xCD, 0x18, 0x76,
    0x8E, 0xE7, 0xF5, 0xC5, 0x80, 0x5E, 0xAD, 0xAF, 0x41, 0xC1, 0x7C, 0x12, 0x1E, 0x0B, 0xF2, 0xA7,
    0xE1, 0x64, 0x0A, 0x06, 0xFE, 0x99, 0x06, 0xDC, 0xCC, 0x30, 0xDE, 0xDD, 0xD3, 0xCD, 0x19, 0x1F,
    0xBA, 0xC9, 0xC8, 0x16, 0x82, 0x1B, 0x00, 0xC1, 0xCE, 0xB0, 0xF3, 0xA8, 0xC6, 0x69, 0x22, 0x86,
    0x35, 0xF7, 0x8E, 0x11, 0x4D, 0x6E, 0x7A, 0xC7, 0x0C, 0xBA, 0x3E, 0x4A, 0xE6, 0xF5, 0x31, 0x38,
    0xB1, 0xE8, 0xB5, 0x88, 0x02, 0x16, 0x0D, 0x6A, 0xBE, 0x1B, 0xF2, 0xA4, 0x06, 0x2C, 0xFE, 0x8D,
    0x16, 0x86, 0xFF, 0xB5, 0x56, 0x41, 0x7C, 0x3E, 0xAF, 0xDC, 0x4D, 0x7B, 0xC4, 0x31, 0xD5, 0x33,
    0x99, 0x84, 0xD0, 0x5D, 0xE3, 0x96, 0xEA, 0xFC, 0xC3, 0x93, 0x5B, 0xD7, 0x4E, 0x9D, 0x06, 0xF0,
    0xEB, 0x04, 0xC1, 0x6F, 0x90, 0xB2, 0xC8, 0xE0, 0x7C, 0xD5, 0xA8, 0x3C, 0x16, 0x0A, 0xA7, 0x86,
    0xCD, 0x49, 0x1F, 0xBA, 0xEC, 0xE1, 0xDA, 0xA4, 0xAA, 0xEF, 0x3C, 0x1E, 0xAB, 0xA5, 0xCD, 0xED,
    0xBD, 0x3E, 0xBB, 0x88, 0xB8, 0x37, 0x9F, 0xE8, 0xCD, 0x26, 0xB8, 0x88, 0x08, 0x14, 0xA4, 0x73,
    0xFC, 0x44, 0x73, 0xCE, 0x89, 0xDF, 0xF6, 0xD2, 0x63, 0xBC, 0x6D, 0xD7, 0xF9, 0x9F, 0x6B, 0x50,
    0xE5, 0x8F, 0xDA, 0xEA, 0xDF, 0x67, 0x2E, 0xEC, 0xAF, 0x9B, 0xFC, 0xD7, 0x9A, 0x0D, 0xFE, 0xB4,
    0xCE, 0x3F, 0xB7, 0xF8, 0x57, 0x6D, 0x9B, 0x41, 0xE8, 0x56, 0x37, 0xC2, 0x00, 0x6F, 0x67, 0xD5,
    0x52, 0xFA, 0xB0, 0x0F, 0xAC, 0xE5, 0xAD, 0x85, 0xE7, 0xA7, 0x60, 0x68, 0xAF, 0xE2, 0x65, 0xAF,
    0x72, 0x1C, 0xFF, 0x1A, 0x35, 0x14, 0x32, 0x37, 0x05, 0xAC, 0x08, 0x20, 0x17, 0x0E, 0x3E, 0xC5,
    0xFF, 0x6B, 0x9A, 0x15, 0xFC, 0x50, 0xC3, 0x36, 0x9F, 0xDA, 0xEC, 0x36, 0x8D, 0x05, 0xFE, 0x0B,
    0xB7, 0x3C, 0xA9, 0x60, 0x8F, 0x6F, 0x38, 0x6F, 0x01, 0x13, 0x72, 0xED, 0x6E, 0x66, 0x6E, 0x2D,
    0x1B, 0x99, 0x4B, 0xC1, 0x63, 0x9B, 0x1D, 0x6B, 0x94, 0x3D, 0x0A, 0xB2, 0x86, 0x2D, 0x8B, 0xA6,
    0xC6, 0xE4, 0x00, 0x9E, 0x62, 0x90, 0xFA, 0x2B, 0x19, 0x04, 0x7A, 0xEC, 0x88, 0x41, 0xF0, 0x00,
    0x84, 0x31, 0xC8, 0xCE, 0xEF, 0xCB, 0x2B, 0x19, 0xA4, 0x78, 0x0E, 0x83, 0x24, 0x21, 0x48, 0x7B,
    0x05, 0x83, 0x6C, 0x74, 0xB7, 0x96, 0x40, 0xB0, 0xAC, 0x81, 0x7A, 0x57, 0x5B, 0x7B, 0x54, 0x80,
    0xD7, 0xEB, 0xE3, 0x0C, 0xF6, 0x08, 0x6E, 0xC0, 0xCA, 0xEE, 0xC9, 0x12, 0xA9, 0xE4, 0x13, 0x61,
    0xE3, 0x52, 0x16, 0x3F, 0xE6, 0x22, 0xE8, 0xFB, 0x1C, 0xEA, 0x35, 0x17, 0x4B, 0x7A, 0x9F, 0x59,
    0x11, 0xEF, 0x68, 0xB5, 0xE3, 0x3B, 0x4D, 0xC5, 0xEE, 0xDD, 0xF2, 0xFD, 0xF7, 0xF1, 0xFD, 0xDF,
    0xE1, 0x7B, 0x51, 0xDC, 0xF5, 0x66, 0x86, 0x7C, 0x67, 0xB4, 0x71, 0xAA, 0x42, 0xAC, 0x71, 0xCC,
    0x57, 0xF1, 0xD1, 0x1B, 0x05, 0x0D, 0xF0, 0x8C, 0xCA, 0xB3, 0x15, 0xB7, 0xAE, 0x30, 0x17, 0xCE,
    0x9E, 0xDA, 0xD4, 0xF7, 0x86, 0x8F, 0x04, 0xED, 0x35, 0x38, 0xB7, 0xBC, 0x1B, 0xBE, 0xF5, 0xF1,
    0xCD, 0x9A, 0xEE, 0x31, 0x9D, 0xAF, 0x59, 0x97, 0xB4, 0x59, 0x5D, 0xE3, 0x96, 0x5A, 0x8D, 0xF0,
    0x64, 0xE8, 0x7E, 0xF5, 0x64, 0x68, 0xB1, 0x7A, 0xA2, 0x94, 0x5A, 0x14, 0x3E, 0x6F, 0xC7, 0x3C,
    0xF3, 0x66, 0x49, 0xA5, 0xD4, 0x2F, 0xEA, 0x5F, 0x2D, 0x4C, 0xAD, 0xEA, 0xDB, 0x73, 0xB2, 0x3B,
    0xDE, 0x9E, 0xAE, 0x05, 0x97, 0x1C, 0xBD, 0x57, 0x4F, 0xE0, 0x86, 0xA7, 0x70, 0x4B, 0x7B, 0x30,
    0x96, 0x15, 0xD5, 0x56, 0x1C, 0xBB, 0xB5, 0x9C, 0x7C, 0x06, 0x1D, 0x3D, 0x58, 0xF0, 0xBC, 0xB5,
    0xEB, 0xBB, 0xC3, 0xFD, 0x57, 0xCD, 0xC1, 0x8A, 0xE8, 0x9E, 0xE5, 0xF3, 0x5A, 0x10, 0x24, 0xB7,
    0x3C, 0x0A, 0x15, 0xE8, 0x85, 0x7B, 0x8B, 0xFC, 0x56, 0xA1, 0x18, 0x39, 0x62, 0x80, 0xE2, 0x13,
    0xEF, 0x60, 0xEB, 0xC8, 0x41, 0x2C, 0x90, 0x2A, 0xA9, 0xE8, 0x43, 0x7D, 0xCF, 0xE1, 0x11, 0x91,
    0xFF, 0x01, 0xED, 0x5C, 0xBF, 0xB3, 0xDD, 0xC6, 0x75, 0x5E, 0x00, 0xE2, 0x83, 0x4D, 0x64, 0xB2,
    0x2A, 0x48, 0xC5, 0x79, 0x2F, 0x09, 0x52, 0xB8, 0xB1, 0x6C, 0x0B, 0xAD, 0x1B, 0x71, 0x91, 0xC9,
    0xA4, 0x4A, 0x61, 0x16, 0xBC, 0xF6, 0x0C, 0x5D, 0x28, 0x85, 0x33, 0x13, 0xD1, 0x9E, 0x79, 0xF9,
    0x03, 0xA4, 0x00, 0xB1, 0x0B, 0x97, 0x7A, 0x85, 0x93, 0x22, 0x15, 0x0B, 0x3A, 0x43, 0x3D, 0x4E,
    0x86, 0x29, 0x54, 0xB8, 0x90, 0x04, 0x38, 0x2A, 0x52, 0xA4, 0x08, 0x92, 0x4C, 0x26, 0x45, 0x0A,
    0xC3, 0x19, 0xDA, 0x13, 0x27, 0x85, 0x20, 0x07, 0xB2, 0xF1, 0x48, 0x00, 0x9B, 0xF3, 0x9D, 0xB3,
    0x8B, 0x7B, 0xEF, 0xFB, 0x41, 0x32, 0xB6, 0x22, 0x3F, 0x9A, 0xBC, 0xE4, 0xDD, 0xDD, 0x77, 0x2F,
    0xB0, 0x38, 0x7B, 0xF6, 0xEC, 0x39, 0xDF, 0x39, 0x7B, 0xF6, 0xEE, 0xDC, 0x52, 0xD9, 0xA4, 0x8C,
    0x55, 0x85, 0x45, 0x69, 0x46, 0xB5, 0x73, 0xA0, 0xDC, 0xEB, 0x4F, 0x54, 0x32, 0xAA, 0x58, 0xFE,
    0x4F, 0x2A, 0x9E, 0xFD, 0x7F, 0xEB, 0xFE, 0x27, 0x1B, 0xFF, 0xB5, 0xCD, 0xFD, 0x7F, 0x6A, 0xAB,
    0xD4, 0xAA, 0x6C, 0x56, 0x19, 0xF5, 0x76, 0xD5, 0xF7, 0xA6, 0xC2, 0xEF, 0xA2, 0x8C, 0x86, 0x13,
    0x65, 0x7F, 0xBC, 0x8C, 0x8F, 0xA8, 0x08, 0xAC, 0xA5, 0x3F, 0x52, 0x6B, 0xAD, 0x22, 0xE2, 0xAC,
    0xAD, 0x03, 0xFB, 0xE0, 0x81, 0xAD, 0x23, 0xFB, 0xAD, 0xCE, 0x36, 0x7A, 0x8E, 0xBB, 0xA2, 0x4E,
    0xC7, 0xB8, 0x33, 0x65, 0x36, 0xC4, 0xED, 0x4B, 0xCA, 0xF4, 0x71, 0xAB, 0x5C, 0x59, 0x74, 0x52,
    0x26, 0x52, 0x36, 0x54, 0xF6, 0x5C, 0x0E, 0x28, 0xCD, 0xA8, 0x51, 0x4E, 0x28, 0x33, 0xFB, 0xC5,
    0x66, 0xA7, 0xD6, 0xD6, 0xFE, 0xA8, 0xAA, 0x63, 0x8B, 0xA7, 0x84, 0x28, 0x4B, 0x3C, 0x71, 0x52,
    0x6A, 0xC7, 0x5A, 0x70, 0x43, 0xD7, 0x6A, 0x29, 0xD3, 0x87, 0x96, 0x99, 0x94, 0xA5, 0x5A, 0xBF,
    0x2E, 0xBE, 0xA9, 0x64, 0x34, 0x44, 0x0C, 0x71, 0xCA, 0x8E, 0xB8, 0x80, 0x47, 0x45, 0x34, 0xA4,
    0xA8, 0x6C, 0x17, 0xD9, 0x9C, 0xAA, 0x06, 0x55, 0x08, 0x12, 0x88, 0x11, 0x54, 0x0D, 0xA8, 0xB8,
    0xAB, 0x18, 0xDF, 0x2F, 0x55, 0xC2, 0x95, 0xB6, 0xDC, 0x09, 0x18, 0x34, 0x4B, 0x45, 0x04, 0x5F,
    0x78, 0xC5, 0xAE, 0xAE, 0xE1, 0xCB, 0x99, 0x9F, 0x9D, 0x4E, 0x52, 0x8D, 0x5C, 0x65, 0x52, 0x99,
    0x41, 0xAA, 0x0E, 0xE5, 0xE5, 0xEA, 0xC3, 0xD5, 0x97, 0xDE, 0x65, 0x06, 0x53, 0x37, 0x66, 0xA3,
    0x9A, 0x54, 0x3A, 0xDF, 0xB5, 0x76, 0x50, 0xC4, 0xC5, 0xE0, 0xFA, 0x32, 0x8D, 0x01, 0x97, 0x09,
    0x91, 0x15, 0xB4, 0x69, 0xBB, 0x77, 0x14, 0x0F, 0xE6, 0xBE, 0xB5, 0xEF, 0x8F, 0x09, 0xEE, 0x69,
    0x03, 0xC7, 0xBD, 0xA3, 0x7D, 0x22, 0xA0, 0xA2, 0x01, 0xD1, 0xB0, 0xCA, 0x90, 0xE8, 0xB5, 0x65,
    0x80, 0x32, 0x0F, 0xD6, 0x6D, 0x1E, 0x67, 0xD5, 0xC6, 0xB8, 0x72, 0xA6, 0xEB, 0x99, 0xF3, 0x35,
    0x06, 0x62, 0x7B, 0xF3, 0xA1, 0xB5, 0x5F, 0x1C, 0x75, 0x7D, 0xE1, 0x6A, 0xD4, 0x45, 0x78, 0x60,
    0xA3, 0x36, 0x5F, 0x44, 0x6E, 0x63, 0xEC, 0x44, 0x55, 0x5D, 0xD8, 0x89, 0xC8, 0x2D, 0x8D, 0x1D,
    0x76, 0x88, 0x56, 0xF0, 0x8B, 0x38, 0x8C, 0xE7, 0x16, 0xA3, 0x4A, 0x68, 0xF8, 0x24, 0x86, 0x7A,
    0x00, 0xB7, 0x54, 0xD6, 0x81, 0x83, 0xA5, 0x69, 0x99, 0xBB, 0x15, 0xCD, 0xD4, 0x5F, 0xDB, 0xD6,
    0xFE, 0x15, 0x51, 0x62, 0x7F, 0x02, 0xA2, 0xF1, 0x60, 0xA2, 0xEB, 0xC6, 0x5D, 0x3B, 0x1F, 0x32,
    0x97, 0xC1, 0xA0, 0xCB, 0x5F, 0xB6, 0x3F, 0x5C, 0x89, 0x00, 0x12, 0x9D, 0x46, 0xB8, 0xFC, 0xE2,
    0x1D, 0x7B, 0xFF, 0x36, 0xA4, 0xD5, 0x32, 0x59, 0xA7, 0x56, 0x99, 0x9D, 0x73, 0xFC, 0xC1, 0xF3,
    0xEE, 0x2A, 0x48, 0x18, 0xBE, 0xB4, 0xF5, 0xD9, 0xFF, 0x0E, 0xCB, 0xAD, 0x91, 0xAA, 0xC3, 0xF2,
    0x61, 0x57, 0xE3, 0x8A, 0xAF, 0xDD, 0xE3, 0x9E, 0x73, 0x50, 0x57, 0x2B, 0x7B, 0xC7, 0xB6, 0xD1,
    0xA8, 0xAA, 0x2E, 0x19, 0x94, 0x69, 0x75, 0x4F, 0x82, 0x99, 0x0D, 0xEA, 0x93, 0xCA, 0x40, 0x22,
    0x0C, 0xEE, 0x28, 0x0A, 0xE2, 0x47, 0x61, 0x30, 0x4D, 0x09, 0x2D, 0x31, 0x13, 0x60, 0xC6, 0xCB,
    0xCC, 0x96, 0x59, 0x1B, 0xD9, 0x96, 0x64, 0x85, 0x96, 0x8C, 0x2D, 0xF5, 0x10, 0xD9, 0x9E, 0x3A,
    0xB2, 0x36, 0x18, 0x69, 0x30, 0xCD, 0x48, 0xF3, 0x33, 0x90, 0x00, 0x15, 0xD3, 0x88, 0xC7, 0x8D,
    0x01, 0xF1, 0x6D, 0x20, 0xA1, 0x2F, 0x3A, 0xD3, 0x90, 0x2C, 0x15, 0x9D, 0x32, 0x35, 0x75, 0x8C,
    0x99, 0x78, 0x7F, 0x86, 0x38, 0x0E, 0x20, 0x8A, 0x1E, 0xF7, 0xB5, 0xFF, 0x24, 0xEE, 0xB7, 0x24,
    0x26, 0x83, 0x9E, 0x8B, 0x31, 0xB3, 0xC5, 0x98, 0xCE, 0xA6, 0xD7, 0xD3, 0xC5, 0x32, 0xBC, 0x49,
    0x24, 0x5D, 0xFF, 0xB6, 0xC8, 0xA6, 0x70, 0x26, 0xB4, 0x33, 0x18, 0xAC, 0xF4, 0x91, 0x0A, 0x30,
    0x43, 0x05, 0x71, 0x23, 0xA1, 0x79, 0xC0, 0x67, 0x44, 0x87, 0xA8, 0x87, 0x42, 0xD1, 0x32, 0x2E,
    0x48, 0xBD, 0xE4, 0xBA, 0xA4, 0x67, 0x94, 0xBA, 0xCE, 0xF0, 0xC0, 0x32, 0x6E, 0x8C, 0x32, 0x4D,
    0x5A, 0x46, 0xDD, 0xCB, 0xAA, 0xCA, 0x75, 0x1E, 0x76, 0xAF, 0x29, 0xAB, 0x7E, 0x5D, 0x05, 0xFD,
    0xDB, 0x0A, 0xEB, 0x4C, 0xF5, 0x6F, 0x07, 0xBC, 0x2E, 0x86, 0xB7, 0xC3, 0x63, 0x75, 0x20, 0xDF,
    0xBF, 0x06, 0xC1, 0xA4, 0xEB, 0x5F, 0x57, 0xA0, 0x3C, 0xEC, 0xAE, 0xA8, 0xEA, 0xE8, 0x7A, 0x1D,
    0x75, 0x19, 0xF3, 0x36, 0x6E, 0x74, 0xA9, 0xF9, 0x79, 0x49, 0x13, 0x54, 0x83, 0x4A, 0xF3, 0xA8,
    0x13, 0x7A, 0x3C, 0x7D, 0x0B, 0xBD, 0xC4, 0x77, 0x05, 0xFA, 0x43, 0x7B, 0xBF, 0x9A, 0xDD, 0xF8,
    0x5A, 0x5E, 0x3E, 0x37, 0x6E, 0xA1, 0xAC, 0x5A, 0x92, 0xC8, 0x91, 0x7A, 0x9D, 0x54, 0xF1, 0xE7,
    0xA4, 0x76, 0x73, 0xD6, 0x03, 0x4A, 0xBD, 0x00, 0x65, 0x4A, 0x7F, 0xDF, 0xB7, 0x34, 0x02, 0xAB,
    0xF8, 0xDF, 0xEF, 0xD9, 0x5B, 0x15, 0xB1, 0xD3, 0x58, 0xD3, 0x25, 0xF7, 0x2E, 0xE6, 0x5E, 0x30,
    0xD0, 0x23, 0x7D, 0xDE, 0xF2, 0x82, 0xE3, 0xD7, 0x4D, 0xB5, 0x93, 0x43, 0x59, 0x67, 0xAD, 0xA2,
    0x29, 0x27, 0x7E, 0x56, 0x1D, 0x69, 0x0C, 0x92, 0xF5, 0x74, 0x86, 0xFC, 0x13, 0xC5, 0xC5, 0x14,
    0x92, 0x54, 0x57, 0x34, 0xB5, 0xB5, 0xAA, 0x7A, 0x2E, 0x47, 0x9A, 0x73, 0xEA, 0x4B, 0x91, 0x24,
    0xD0, 0xAC, 0x9B, 0x89, 0x34, 0x55, 0xAB, 0xB1, 0x7C, 0x7A, 0xD2, 0x44, 0x4A, 0x93, 0x34, 0xB4,
    0x2A, 0xEC, 0x9D, 0xF2, 0xA3, 0xF5, 0xB0, 0x5A, 0xAD, 0xAE, 0xF1, 0x32, 0x38, 0x56, 0x40, 0xF2,
    0xCF, 0x2A, 0xC2, 0xDB, 0xAC, 0x70, 0x78, 0xB5, 0xDA, 0xC6, 0xBD, 0xEB, 0xDD, 0x43, 0xC8, 0xFA,
    0xE5, 0x9C, 0x15, 0x1B, 0x98, 0x54, 0xFC, 0xF0, 0x2E, 0xA9, 0x9A, 0x41, 0x85, 0x64, 0x6F, 0xA0,
    0xA1, 0x95, 0xFE, 0x83, 0xC3, 0x52, 0x97, 0x99, 0xB6, 0x43, 0x5C, 0xBF, 0x1C, 0x76, 0x53, 0xD4,
    0xBC, 0x16, 0x76, 0xAF, 0x07, 0xDD, 0x77, 0xA9, 0x54, 0x54, 0x7E, 0x30, 0xAA, 0xEE, 0xAD, 0x90,
    0xE8, 0xA7, 0xF6, 0x03, 0x2E, 0x7F, 0xD2, 0xAB, 0x8E, 0xAE, 0x99, 0x82, 0xEE, 0xE5, 0xF8, 0xA8,
    0xF8, 0x66, 0x93, 0xE9, 0x39, 0xFD, 0xFB, 0x5A, 0xD3, 0x33, 0x74, 0x8E, 0x3E, 0xAF, 0xB8, 0xFE,
    0x55, 0xF1, 0xE3, 0xBB, 0xAD, 0x7F, 0xAE, 0xD0, 0x20, 0x6A, 0xA5, 0x27, 0x96, 0xF6, 0x34, 0x9E,
    0xAE, 0x72, 0x13, 0x06, 0x05, 0x42, 0x9A, 0xA9, 0xA1, 0x69, 0xE9, 0x49, 0xC8, 0x46, 0xD3, 0xE9,
    0xC9, 0xD4, 0xD1, 0x5C, 0xF0, 0x3B, 0x44, 0x3D, 0x99, 0x36, 0x9E, 0xCC, 0xD1, 0xFE, 0x48, 0xDF,
    0xF7, 0x74, 0x5D, 0x13, 0x60, 0x35, 0xBE, 0x00, 0xCB, 0x01, 0x45, 0xA2, 0x58, 0x5D, 0x9F, 0x51,
    0x5C, 0xFE, 0x92, 0xFD, 0x8B, 0xE3, 0xFC, 0xE4, 0xCF, 0x1E, 0x7E, 0x9B, 0x2B, 0xFC, 0xEB, 0x8C,
    0x09, 0xA1, 0x17, 0x51, 0x41, 0xD4, 0x63, 0x79, 0xD4, 0x06, 0xA3, 0xA2, 0x85, 0x5A, 0xD5, 0xA6,
    0x2F, 0xE8, 0xBD, 0x9B, 0xC3, 0x04, 0x90, 0x24, 0x06, 0x34, 0xD1, 0xB1, 0x15, 0x33, 0x41, 0xEB,
    0x98, 0xE7, 0x1D, 0xCA, 0x6E, 0x3E, 0xBC, 0x4D, 0x1D, 0x8D, 0xC4, 0x89, 0x91, 0x38, 0x33, 0x5C,
    0x58, 0xAD, 0x72, 0xB5, 0x7B, 0x15, 0xCB, 0x1A, 0xC2, 0x57, 0x17, 0x0F, 0x48, 0x00, 0xCB, 0x82,
    0x16, 0x89, 0x69, 0x3F, 0xA1, 0x8A, 0x86, 0xFA, 0x29, 0xC9, 0x66, 0x60, 0x0D, 0xC3, 0xDC, 0xD5,
    0xEA, 0x3B, 0xD0, 0xA0, 0xC6, 0xBD, 0xB9, 0xE3, 0xF6, 0x06, 0x7D, 0x4E, 0xFD, 0x11, 0xA7, 0x07,
    0x62, 0x2C, 0x0F, 0xA1, 0x0B, 0xA6, 0xC8, 0x26, 0x56, 0x4F, 0xD9, 0x60, 0xDA, 0xA2, 0xBC, 0xA2,
    0x9E, 0x23, 0x33, 0x46, 0x4B, 0x24, 0x07, 0xAC, 0x08, 0x49, 0x8A, 0x0D, 0xC0, 0x46, 0x0D, 0x05,
    0x96, 0x6C, 0x54, 0xD3, 0x2F, 0x5A, 0x69, 0xE9, 0x8C, 0x2B, 0xEB, 0xAB, 0x8C, 0x2B, 0x12, 0xD3,
    0x96, 0x79, 0x5A, 0xCC, 0x7F, 0x4B, 0xD5, 0x6C, 0x6C, 0x47, 0x15, 0xE9, 0xAE, 0xD6, 0x3C, 0xC0,
    0xEA, 0x28, 0x8B, 0xFE, 0x55, 0x15, 0xDC, 0xA2, 0x35, 0x22, 0x62, 0x23, 0x06, 0xB5, 0x18, 0x4F,
    0xAB, 0x64, 0x1E, 0x2A, 0xF9, 0xAB, 0x92, 0x2B, 0xFF, 0x78, 0x5B, 0xC5, 0xDF, 0x85, 0x6D, 0x11,
    0x03, 0x5E, 0x81, 0xE1, 0x11, 0x1B, 0x51, 0x12, 0xA4, 0x0E, 0x74, 0xA1, 0xCC, 0xB8, 0x34, 0x1B,
    0x65, 0x71, 0xA2, 0xDC, 0xFC, 0x36, 0xDB, 0xB8, 0x37, 0xE6, 0x32, 0xE0, 0x52, 0x15, 0x6F, 0xA0,
    0x54, 0xFA, 0x23, 0x28, 0x59, 0x4D, 0x77, 0xD0, 0x66, 0x9A, 0x17, 0x8A, 0x66, 0xB3, 0xA7, 0xA1,
    0x00, 0x7B, 0x33, 0x55, 0x96, 0xFE, 0xCD, 0x66, 0xBC, 0x08, 0x1D, 0x9F, 0xF6, 0xE0, 0xB4, 0xC1,
    0x74, 0x42, 0xCB, 0x91, 0xD2, 0x4D, 0x60, 0x65, 0xC8, 0xEA, 0x08, 0x03, 0x72, 0xDC, 0xA3, 0x60,
    0xBF, 0x0D, 0x0C, 0x12, 0xBD, 0xF7, 0x80, 0xFD, 0xB2, 0xC7, 0x7B, 0x13, 0x48, 0x6B, 0x88, 0x7B,
    0x1D, 0x14, 0x22, 0xCB, 0xE8, 0x1E, 0xCB, 0x5F, 0x43, 0x03, 0xEF, 0x75, 0x9F, 0x8E, 0x19, 0x56,
    0x27, 0x56, 0x29, 0xAD, 0xD6, 0xE5, 0xDD, 0xD0, 0xDF, 0x5D, 0x34, 0xA6, 0x53, 0x8A, 0x15, 0xDB,
    0x86, 0x50, 0xA2, 0x9F, 0xBD, 0xE7, 0x67, 0xE4, 0xF9, 0x48, 0x56, 0x72, 0xAF, 0x9D, 0x16, 0xB8,
    0xA8, 0xD4, 0xA7, 0x49, 0x8E, 0x1B, 0xD8, 0x09, 0xD1, 0xAD, 0xA4, 0x23, 0x0B, 0xE0, 0x0D, 0x28,
    0x57, 0x85, 0x8B, 0xC9, 0x14, 0x92, 0x20, 0x77, 0xD0, 0x17, 0x44, 0x3C, 0x7D, 0x5A, 0x61, 0xD4,
    0x01, 0x7D, 0x62, 0x49, 0xDF, 0x36, 0x21, 0xAB, 0x55, 0xD2, 0xC7, 0x04, 0xB1, 0x69, 0xA1, 0xD1,
    0xB2, 0x33, 0x1D, 0xAC, 0x4D, 0x5A, 0xAA, 0xB7, 0xB7, 0xC5, 0x41, 0xAD, 0x21, 0xB3, 0x62, 0xB1,
    0x09, 0x5A, 0xB6, 0x8C, 0x68, 0xEE, 0x0F, 0x8C, 0x30, 0xA8, 0xD8, 0xB3, 0x68, 0x26, 0x23, 0xAF,
    0x7E, 0xC8, 0x21, 0x50, 0x0E, 0x4D, 0x3C, 0x9A, 0x40, 0x3A, 0x2A, 0xD8, 0x47, 0xD3, 0x08, 0x18,
    0x41, 0xB3, 0xAA, 0x97, 0xA6, 0x28, 0x0F, 0x34, 0xA5, 0x5B, 0x6E, 0x46, 0xE3, 0xD2, 0x24, 0xEC,
    0x10, 0x7C, 0x5D, 0x9A, 0xBA, 0x83, 0x11, 0xE0, 0x26, 0x0C, 0xBD, 0x6B, 0x16, 0x35, 0x8B, 0x34,
    0x9A, 0xC0, 0x74, 0x50, 0x1C, 0x47, 0x54, 0x13, 0x69, 0x23, 0xC4, 0xAE, 0x25, 0xB5, 0xAF, 0x7F,
    0x36, 0xB2, 0x1C, 0x52, 0x5F, 0xD9, 0xBF, 0x70, 0xB3, 0xA1, 0xBE, 0x8A, 0x6F, 0xBA, 0xA7, 0xB4,
    0xCA, 0xBA, 0x07, 0x92, 0x06, 0x1D, 0x5D, 0x93, 0xA4, 0xBE, 0x97, 0x26, 0xF5, 0x95, 0xDE, 0xBF,
    0x33, 0x43, 0x7A, 0x22, 0x59, 0x1C, 0x9D, 0x0C, 0x57, 0xBB, 0x26, 0xC9, 0x54, 0x70, 0x28, 0x17,
    0x30, 0x92, 0x95, 0xDB, 0x8A, 0x66, 0x69, 0x32, 0x38, 0xE2, 0x66, 0xC8, 0xC3, 0x15, 0x23, 0x54,
    0xAC, 0x79, 0xFB, 0x89, 0x2D, 0xA6, 0x87, 0x6B, 0x7D, 0x1A, 0xB7, 0x0B, 0xD7, 0xF5, 0xB8, 0x70,
    0x3D, 0x1D, 0x16, 0xAE, 0xF3, 0x03, 0x85, 0xEB, 0xFC, 0x40, 0xE1, 0x3A, 0x3F, 0x90, 0xB9, 0x1E,
    0x6C, 0x30, 0x75, 0x5E, 0x9A, 0xF1, 0x9A, 0xBF, 0x7A, 0x58, 0x9A, 0x69, 0xB7, 0x34, 0x4D, 0xB3,
    0x03, 0x77, 0x43, 0xF8, 0x6B, 0xAC, 0xE7, 0xAF, 0x62, 0x9C, 0x4F, 0xCD, 0x70, 0x8E, 0x18, 0xA1,
    0x52, 0x33, 0x1A, 0x63, 0x1B, 0x32, 0xD0, 0xCE, 0x93, 0x21, 0x9E, 0x48, 0x83, 0x83, 0xEB, 0x9A,
    0x24, 0x9A, 0x94, 0x30, 0xB8, 0x4E, 0x73, 0x75, 0x8D, 0xDC, 0x09, 0x70, 0x9D, 0xE6, 0x8A, 0xD5,
    0xBB, 0x9B, 0x77, 0x19, 0x12, 0xCF, 0xBB, 0x11, 0x9F, 0x6B, 0x02, 0xC5, 0x2C, 0x27, 0xC9, 0xB8,
    0x5C, 0x9A, 0xF6, 0x6B, 0x87, 0xA1, 0x65, 0x33, 0xA1, 0x44, 0x86, 0x1C, 0x96, 0xA5, 0xB9, 0x62,
    0x3C, 0xDB, 0x4A, 0x5F, 0x91, 0x40, 0x5B, 0x80, 0xF9, 0x50, 0x10, 0x89, 0x3C, 0x47, 0x78, 0x3B,
    0xAC, 0xF9, 0xFC, 0xBB, 0xDB, 0xB2, 0xBE, 0x46, 0xBB, 0xC1, 0xC0, 0xC0, 0xE8, 0xC8, 0x0B, 0xB8,
    0xE6, 0x5E, 0xE2, 0x49, 0xCC, 0x5B, 0xE3, 0x3A, 0xAC, 0x1A, 0x50, 0xC2, 0x02, 0x5E, 0x88, 0x6D,
    0x01, 0x2D, 0x9F, 0x13, 0x1A, 0x05, 0xA3, 0x60, 0x1E, 0xBC, 0xBF, 0xE4, 0x05, 0x3C, 0xA8, 0x26,
    0x87, 0x45, 0x14, 0x2F, 0xF5, 0x64, 0x5C, 0x9C, 0x32, 0x12, 0x4A, 0xC8, 0x3A, 0xF4, 0x11, 0x09,
    0x25, 0x3F, 0x84, 0xF8, 0x62, 0x6A, 0x96, 0x75, 0x3C, 0xA2, 0xCA, 0x45, 0x7D, 0x57, 0xB4, 0x92,
    0x15, 0xCB, 0xFA, 0x57, 0xC8, 0x55, 0x9B, 0x58, 0xD6, 0x2B, 0xC0, 0xCE, 0x91, 0x65, 0xBD, 0x22,
    0xF5, 0x4D, 0xB0, 0x0F, 0xB2, 0x6E, 0x00, 0xA9, 0x44, 0xD6, 0x2F, 0x90, 0x21, 0xA7, 0xBE, 0xBC,
    0xAC, 0x57, 0xA5, 0x97, 0x75, 0x92, 0x11, 0x2F, 0xEB, 0x10, 0x70, 0x27, 0xEB, 0x44, 0x97, 0x97,
    0x75, 0x92, 0x11, 0x2F, 0xEB, 0xD4, 0x97, 0x97, 0xF5, 0x53, 0x05, 0x9C, 0x51, 0xAB, 0x34, 0x99,
    0x75, 0x4E, 0xD6, 0xDF, 0x59, 0xB3, 0xF9, 0x53, 0x4B, 0xEB, 0x06, 0x7B, 0x3F, 0x64, 0x04, 0x1B,
    0x7A, 0xB7, 0x5C, 0xE3, 0x6F, 0xF5, 0xE6, 0xC6, 0xA4, 0x10, 0x8C, 0x64, 0xDD, 0x4C, 0x84, 0xE3,
    0xBD, 0x43, 0xD7, 0x14, 0xAC, 0x4F, 0xDB, 0x94, 0x1D, 0xAF, 0x39, 0xAF, 0x48, 0x50, 0x31, 0xF5,
    0x98, 0x22, 0xF6, 0x5D, 0x73, 0x61, 0x3F, 0xA6, 0x81, 0x6C, 0xEB, 0xD7, 0x89, 0xF2, 0x89, 0xF4,
    0xE7, 0x0C, 0x59, 0x20, 0xCE, 0xC0, 0x66, 0x13, 0x75, 0x37, 0x0E, 0xBC, 0xFF, 0xE8, 0x2C, 0xC5,
    0x22, 0xFA, 0x1E, 0x69, 0x79, 0x68, 0xEB, 0xDC, 0x3D, 0x6D, 0x9D, 0xE4, 0x84, 0x1E, 0xCF, 0xA8,
    0xBD, 0xE9, 0xE4, 0x98, 0x8E, 0xBF, 0x82, 0x77, 0x5D, 0x23, 0xB1, 0x4B, 0x8F, 0xB9, 0x47, 0x4A,
    0xA5, 0xC7, 0x7A, 0x0E, 0xD1, 0x5A, 0xF7, 0xB0, 0xC0, 0x03, 0xBE, 0x50, 0x98, 0x0E, 0x79, 0xB1,
    0x42, 0x5A, 0x32, 0x5A, 0x99, 0x3E, 0x3D, 0x38, 0xB3, 0x9E, 0x76, 0x66, 0x76, 0x5E, 0xB4, 0x91,
    0x67, 0x14, 0x64, 0x83, 0x72, 0x59, 0x22, 0x5A, 0x9E, 0x41, 0x8E, 0x02, 0x3F, 0x83, 0xD4, 0x4F,
    0xCC, 0xCF, 0x88, 0xEC, 0xEA, 0xCB, 0xDC, 0x35, 0x47, 0x1A, 0x3A, 0xEF, 0xC3, 0x0F, 0xBE, 0xE1,
    0x23, 0x03, 0x3C, 0x56, 0xC6, 0x4C, 0xB3, 0xC8, 0xA5, 0xE2, 0x67, 0xA0, 0x0F, 0x43, 0xCF, 0x00,
    0x5C, 0x23, 0x29, 0xC1, 0xF2, 0x23, 0x83, 0xB5, 0x6F, 0x8F, 0x00, 0x00, 0xB8, 0x4F, 0x88, 0x63,
    0x0E, 0x47, 0x9C, 0x55, 0x86, 0x96, 0x20, 0x83, 0xD8, 0x57, 0x19, 0x47, 0xED, 0xF1, 0x62, 0xEB,
    0x18, 0xE5, 0x46, 0x4A, 0xD7, 0x76, 0x9E, 0x2D, 0x8E, 0xF5, 0xD6, 0x4F, 0x86, 0x3D, 0x38, 0x69,
    0x96, 0x9E, 0x31, 0xFC, 0x61, 0x0C, 0x0F, 0x3C, 0xA7, 0xB2, 0x61, 0x89, 0x57, 0x78, 0x66, 0x3A,
    0x26, 0x44, 0x73, 0x25, 0x43, 0xD6, 0x63, 0xE6, 0xC3, 0x31, 0x89, 0x53, 0x11, 0x75, 0x28, 0x8D,
    0x17, 0x95, 0x3A, 0x78, 0xC6, 0xF0, 0xC7, 0x60, 0x38, 0x21, 0x71, 0x19, 0xBB, 0x9E, 0xC3, 0xCE,
    0xF1, 0xE0, 0xBD, 0xC1, 0x7B, 0x74, 0xAE, 0xF1, 0xBE, 0x1B, 0xA9, 0x89, 0xDC, 0xD8, 0x7F, 0x47,
    0xD9, 0x52, 0x3D, 0xEA, 0xF5, 0x8C, 0xCF, 0x1B, 0x7C, 0xDE, 0x2D, 0x77, 0x6E, 0x8A, 0x88, 0x76,
    0x0E, 0x19, 0x10, 0xCE, 0x10, 0x75, 0x6C, 0x7B, 0xDF, 0xE8, 0xCC, 0xE8, 0x47, 0xD1, 0x3F, 0x63,
    0xEF, 0xFF, 0x4D, 0x6F, 0x78, 0x3D, 0xED, 0x68, 0x67, 0xCF, 0x5D, 0x10, 0xE9, 0x51, 0x25, 0xDC,
    0x48, 0x5A, 0x89, 0x30, 0x93, 0xCF, 0x95, 0x1E, 0x6B, 0x24, 0x9D, 0x0B, 0x3B, 0xC7, 0xFE, 0xAE,
    0x60, 0x31, 0x9A, 0xD9, 0xC1, 0x33, 0xCE, 0x3F, 0xDC, 0x44, 0x6E, 0x86, 0x96, 0x7D, 0xF4, 0x64,
    0xA3, 0x69, 0xD6, 0xCD, 0x60, 0xDD, 0x54, 0xE4, 0xE2, 0xAA, 0xDF, 0x98, 0x24, 0xEA, 0x4B, 0xA3,
    0x15, 0x80, 0x19, 0xCF, 0xD4, 0x14, 0x1D, 0xAE, 0x47, 0x6A, 0x32, 0xB0, 0x25, 0xF7, 0xC1, 0x78,
    0x8B, 0x6A, 0xBA, 0xA5, 0x59, 0x35, 0x4B, 0xD3, 0xD6, 0xBE, 0x49, 0xB8, 0xDD, 0xB8, 0xA8, 0x5E,
    0xCC, 0x1E, 0x3D, 0xF3, 0x48, 0x4F, 0xCA, 0x7F, 0x9A, 0x0E, 0xDC, 0x04, 0x2F, 0xCD, 0x87, 0xAB,
    0xC2, 0xAE, 0x56, 0xDC, 0x97, 0xC4, 0xA8, 0x65, 0xC2, 0x7C, 0x33, 0x5C, 0x37, 0x63, 0x7B, 0x78,
    0x88, 0x60, 0xE4, 0x15, 0xEE, 0x8B, 0x03, 0xC2, 0x04, 0x6D, 0x11, 0xF4, 0x41, 0x13, 0xF1, 0xE3,
    0x9E, 0x9B, 0x40, 0x93, 0xB0, 0x4E, 0x66, 0xBE, 0xF0, 0x15, 0x9B, 0x87, 0xC4, 0x3C, 0x19, 0x32,
    0x07, 0x7D, 0x52, 0x69, 0x22, 0x96, 0x97, 0x2D, 0x9B, 0x05, 0xB5, 0xF1, 0x2C, 0x09, 0xAA, 0xF9,
    0x40, 0xA6, 0xC8, 0x39, 0x02, 0x76, 0xD9, 0xA8, 0x20, 0xD8, 0x88, 0x8A, 0xBE, 0x88, 0x10, 0x08,
    0xE8, 0x81, 0xCC, 0x11, 0x7B, 0x04, 0x10, 0xA6, 0x01, 0x06, 0x98, 0x8D, 0x12, 0x1E, 0x2F, 0x0B,
    0x49, 0x8E, 0x98, 0xA4, 0x70, 0xFE, 0xEC, 0xAA, 0x38, 0xFD, 0xBB, 0x7C, 0x43, 0x8A, 0x33, 0x91,
    0xE1, 0x54, 0xE4, 0x55, 0x8B, 0x90, 0x26, 0xD8, 0xD6, 0x79, 0xA1, 0xE6, 0x38, 0x0B, 0x42, 0xE6,
    0x52, 0x19, 0x89, 0xFF, 0x27, 0x8E, 0x61, 0x2E, 0x00, 0x28, 0x01, 0xDB, 0xE5, 0x25, 0xEB, 0xD0,
    0xD9, 0x90, 0xD0, 0x19, 0x97, 0x74, 0x70, 0xA2, 0xEF, 0x04, 0x5F, 0x88, 0x6B, 0xE5, 0x92, 0xF2,
    0xB8, 0x07, 0xE4, 0xF1, 0x58, 0x24, 0x6B, 0x29, 0x9E, 0xDC, 0x3A, 0x2C, 0xA5, 0x12, 0x9F, 0xCC,
    0xCD, 0x59, 0x25, 0x83, 0xD9, 0x71, 0x6B, 0x73, 0xE7, 0x2C, 0x45, 0x2A, 0xA2, 0x7A, 0xAC, 0xDA,
    0x93, 0x0A, 0xDE, 0xCB, 0x8E, 0x54, 0x6A, 0xBB, 0x7A, 0x57, 0xAA, 0xAF, 0xAE, 0xE3, 0x53, 0xDB,
    0xD5, 0x5C, 0x81, 0x7B, 0x95, 0xB8, 0x76, 0x95, 0xC8, 0x61, 0x25, 0x32, 0x58, 0xCD, 0x2C, 0x74,
    0xA7, 0xDF, 0x07, 0x91, 0x92, 0xAA, 0x10, 0xDF, 0x89, 0xEE, 0xA0, 0x8A, 0x05, 0x6B, 0xBA, 0x4C,
    0x42, 0xB5, 0x23, 0x7B, 0x2D, 0xE6, 0x24, 0xD5, 0x32, 0xEC, 0xE7, 0x45, 0x76, 0x3D, 0x44, 0xDA,
    0x50, 0x8A, 0x91, 0xCC, 0x60, 0x2A, 0x6C, 0x32, 0xA2, 0x98, 0x8C, 0x04, 0x6E, 0x2E, 0xA9, 0xA7,
    0x83, 0x3D, 0xD7, 0x44, 0x60, 0xDC, 0x16, 0x9F, 0x08, 0xB8, 0x11, 0x89, 0xB4, 0x77, 0xC5, 0x09,
    0xE4, 0x2F, 0xF5, 0xC8, 0x81, 0x08, 0xF2, 0x1E, 0x2B, 0x84, 0xB0, 0x4A, 0x84, 0xB0, 0x7E, 0xE5,
    0xD9, 0xB3, 0x73, 0x33, 0xB8, 0xCD, 0x7B, 0x9D, 0x89, 0xEC, 0xB0, 0x6A, 0x2C, 0x1D, 0x5F, 0x8D,
    0x5C, 0xA5, 0x7D, 0x34, 0x3D, 0x1C, 0x97, 0xFC, 0x0A, 0x31, 0x24, 0x70, 0x7E, 0x1F, 0xC7, 0x73,
    0xAC, 0xF8, 0xD6, 0x70, 0xAB, 0x11, 0xA5, 0x17, 0x67, 0xFA, 0x53, 0xC7, 0x87, 0x3E, 0xBA, 0xF7,
    0xB0, 0x0B, 0x7D, 0x88, 0x07, 0x7E, 0xC4, 0x6F, 0xA2, 0xB7, 0x35, 0xEB, 0xE7, 0x8C, 0xA2, 0x12,
    0xB1, 0x3F, 0x83, 0x48, 0x07, 0x49, 0x32, 0xF6, 0x5E, 0xE1, 0x89, 0xE2, 0xF9, 0xF0, 0x3F, 0xAF,
    0xAA, 0x5F, 0x3E, 0x8D, 0xF0, 0xEA, 0xD8, 0x58, 0x5A, 0x76, 0xE3, 0x22, 0x5B, 0x75, 0x7A, 0x4C,
    0x47, 0xD3, 0xC5, 0x53, 0x55, 0x07, 0xD3, 0xAE, 0x52, 0x7F, 0xF4, 0xCB, 0xA6, 0x91, 0xE0, 0xF9,
    0x6D, 0x92, 0x7C, 0x80, 0x06, 0x12, 0xF8, 0x52, 0x0A, 0x5A, 0x08, 0x39, 0x49, 0xFC, 0x7C, 0xAA,
    0xA0, 0x73, 0x7A, 0x85, 0x2F, 0x66, 0xB5, 0x53, 0xD9, 0x46, 0xC4, 0xE4, 0xE3, 0x28, 0x82, 0xCA,
    0x4A, 0x8C, 0x6B, 0x83, 0x0C, 0x75, 0xF9, 0xF0, 0xF0, 0xAA, 0x07, 0x5C, 0x07, 0x6A, 0x59, 0xD6,
    0x22, 0xD4, 0x0D, 0x2D, 0xC2, 0xF9, 0x0E, 0x27, 0x86, 0x54, 0x08, 0x29, 0x0B, 0x1B, 0x22, 0xB7,
    0x2A, 0xD9, 0x5A, 0xF2, 0x6A, 0xB1, 0x12, 0x9E, 0x4E, 0x5D, 0xAD, 0xB1, 0x17, 0x3A, 0x2A, 0x0E,
    0x78, 0x55, 0x1C, 0xE2, 0xEC, 0x7C, 0xCD, 0xA6, 0x3F, 0xDA, 0xAE, 0xCB, 0xC8, 0x7D, 0x1F, 0x2D,
    0xD7, 0xFB, 0xFB, 0x7D, 0x7F, 0xBE, 0x7F, 0xFF, 0x3C, 0xF7, 0xFC, 0x89, 0xEB, 0x18, 0xB0, 0xA0,
    0x1A, 0x69, 0x78, 0xAD, 0x92, 0xA5, 0x59, 0xFA, 0x94, 0x0A, 0x19, 0x47, 0x23, 0xF5, 0xBD, 0x6D,
    0x44, 0x7E, 0xE0, 0xF0, 0x7F, 0x3A, 0x47, 0xDE, 0x8B, 0xFD, 0x56, 0xEF, 0x50, 0x80, 0x43, 0xD9,
    0xD5, 0x5D, 0x87, 0xBB, 0x8B, 0xD8, 0x21, 0xF1, 0xDF, 0x0E, 0x1E, 0xC3, 0x8B, 0x75, 0xD0, 0x05,
    0x64, 0x81, 0x18, 0x26, 0x04, 0x8D, 0x8A, 0x01, 0x19, 0x09, 0xE7, 0x1E, 0x48, 0xDC, 0x03, 0x41,
    0x4C, 0x1C, 0x47, 0x50, 0xF1, 0x24, 0x69, 0x8C, 0xBE, 0x31, 0xFB, 0x86, 0x5D, 0x1A, 0xB5, 0x34,
    0xBE, 0x4F, 0xE4, 0x70, 0xE3, 0x1F, 0x88, 0x52, 0x6E, 0xBC, 0x47, 0xB7, 0x71, 0xE3, 0x7B, 0x74,
    0x1B, 0x37, 0x6A, 0x9A, 0x1E, 0x69, 0x18, 0x49, 0x5D, 0x40, 0xD0, 0xBA, 0x95, 0x46, 0x6C, 0x7B,
    0x69, 0x44, 0x76, 0x92, 0x86, 0x74, 0x8E, 0x46, 0xE1, 0x1B, 0x99, 0x6F, 0x68, 0xDF, 0x88, 0x7D,
    0x23, 0xB4, 0xFC, 0xD7, 0x91, 0x44, 0x58, 0x2A, 0xCB, 0xB7, 0xB9, 0x3E, 0x32, 0x69, 0x94, 0x4A,
    0x7B, 0x7F, 0x26, 0xE4, 0x9C, 0x83, 0xE7, 0x8E, 0x05, 0x22, 0x8D, 0x0B, 0x81, 0x39, 0x4F, 0x56,
    0x92, 0x25, 0xD6, 0x58, 0x83, 0x9E, 0xE1, 0xDC, 0xB2, 0x3D, 0x1F, 0xD9, 0x3E, 0x1D, 0x70, 0x10,
    0x06, 0xCE, 0xDD, 0x06, 0xFD, 0xE4, 0x11, 0x78, 0xE9, 0x60, 0x70, 0xE7, 0x24, 0x7B, 0x64, 0x20,
    0x9C, 0xD8, 0x99, 0x91, 0x30, 0xF4, 0x1C, 0x64, 0x8D, 0x68, 0x2E, 0x21, 0x63, 0x20, 0x59, 0xCB,
    0x3D, 0xE2, 0x32, 0x11, 0x9F, 0x78, 0xD5, 0x24, 0x56, 0x7C, 0xA9, 0xD8, 0xD5, 0xD1, 0xC9, 0xBA,
    0x38, 0xFD, 0xF3, 0x96, 0x61, 0x71, 0x8C, 0xE8, 0x6D, 0xC9, 0x82, 0xCC, 0xC0, 0x58, 0x03, 0xD0,
    0xB7, 0x2C, 0xC8, 0x5A, 0x68, 0x43, 0x6A, 0x87, 0x42, 0x0A, 0x0D, 0x91, 0x7D, 0x90, 0x08, 0x6D,
    0x12, 0xE5, 0x77, 0xF0, 0x98, 0xF1, 0xF1, 0xE8, 0xA4, 0x92, 0xDD, 0xCA, 0x0B, 0x87, 0xB7, 0xB6,
    0x72, 0x83, 0xD6, 0x71, 0xC6, 0xA2, 0x71, 0x8C, 0x6B, 0x1D, 0x23, 0xDD, 0x26, 0x82, 0x30, 0x36,
    0x70, 0x60, 0x2F, 0xF0, 0x11, 0xC6, 0x33, 0xA2, 0x5D, 0x4F, 0x2D, 0x3F, 0x2F, 0x38, 0xB3, 0x67,
    0x5C, 0x20, 0xA5, 0xF2, 0xFC, 0x72, 0x49, 0x61, 0xB3, 0xF0, 0x93, 0x3C, 0x4B, 0x49, 0x8B, 0x69,
    0x25, 0x82, 0x48, 0xFA, 0x8B, 0xEB, 0xCF, 0x9C, 0xC1, 0xD1, 0xA7, 0x95, 0x9F, 0x5E, 0xC1, 0x7A,
    0xFD, 0xEA, 0xD5, 0xAB, 0xD7, 0xAE, 0x5E, 0xB9, 0xFE, 0x99, 0xD3, 0xAD, 0x9F, 0x0F, 0xB6, 0x72,
    0x2C, 0x9E, 0xF1, 0xD1, 0xF1, 0x71, 0x37, 0x97, 0x14, 0x51, 0x7A, 0x96, 0x6C, 0x3E, 0x75, 0xBE,
    0x2E, 0x36, 0xFF, 0x56, 0x55, 0xFD, 0xF0, 0x08, 0xE0, 0xD3, 0xAB, 0x27, 0x55, 0xA4, 0xD4, 0xAF,
    0x21, 0xA5, 0xCA, 0xC0, 0xE8, 0x90, 0x3D, 0x1C, 0x23, 0xDB, 0x68, 0xAB, 0x11, 0x05, 0xB3, 0x93,
    0xCB, 0x7C, 0xE5, 0x9D, 0x18, 0x1E, 0x55, 0x26, 0x8E, 0x02, 0x12, 0x68, 0xA8, 0xC7, 0xC4, 0xBE,
    0x82, 0xE4, 0xDA, 0xD8, 0xD6, 0xC5, 0x10, 0xD8, 0x26, 0x6B, 0x55, 0x51, 0x26, 0xA5, 0x7A, 0x09,
    0xDA, 0xF7, 0xB9, 0x4D, 0xFE, 0xEE, 0xD3, 0x63, 0x3F, 0x2D, 0x74, 0xE4, 0xEF, 0x88, 0xA7, 0xF1,
    0x1F, 0xB3, 0x92, 0xA0, 0x87, 0xE0, 0x2E, 0xCB, 0x69, 0x2E, 0x25, 0x1B, 0x4F, 0x60, 0x17, 0xB8,
    0xD3, 0x00, 0x09, 0xA9, 0xED, 0x90, 0x27, 0x46, 0x0F, 0xEE, 0x98, 0xDD, 0x95, 0xED, 0x01, 0x81,
    0xE8, 0xBA, 0x01, 0x6C, 0x4F, 0xEE, 0xDB, 0x11, 0xB6, 0x34, 0xFB, 0x81, 0xD4, 0x84, 0x28, 0x50,
    0x13, 0xC4, 0xE4, 0x5A, 0x0F, 0x54, 0x13, 0xF4, 0x32, 0xAD, 0xFC, 0xCD, 0x29, 0x99, 0xDA, 0xBE,
    0x07, 0xF4, 0x30, 0x68, 0xFB, 0xFD, 0x9E, 0x06, 0x88, 0xC4, 0x0A, 0x74, 0xD8, 0x25, 0xE0, 0x15,
    0xB1, 0x3F, 0x86, 0x0C, 0xC4, 0x48, 0x81, 0x15, 0x7C, 0x15, 0x48, 0xC8, 0x08, 0x6C, 0x6D, 0x11,
    0xC7, 0xDC, 0x26, 0xBB, 0x51, 0xE6, 0x9F, 0x85, 0xCD, 0x19, 0xB6, 0xB8, 0x89, 0x5B, 0x9F, 0x54,
    0xC1, 0x9D, 0x1F, 0x6F, 0xCB, 0x97, 0x5F, 0xBC, 0x2E, 0x8C, 0xB0, 0xEC, 0xC5, 0x2B, 0x4E, 0x27,
    0x72, 0x8D, 0xDE, 0x87, 0xDC, 0xEC, 0x82, 0x92, 0x4A, 0x1F, 0x7C, 0xF5, 0xC0, 0x6A, 0xE7, 0x11,
    0xC0, 0x0A, 0x10, 0x1C, 0x21, 0x32, 0x64, 0xB7, 0x8D, 0x10, 0x63, 0xC4, 0xC3, 0x06, 0x7C, 0x92,
    0x5F, 0x04, 0x8D, 0x0C, 0xAC, 0x90, 0x08, 0xC4, 0x1B, 0xAD, 0xE7, 0xAD, 0x81, 0xE0, 0x1F, 0x33,
    0xC4, 0x70, 0xAC, 0xAE, 0x14, 0xE0, 0xC3, 0xCB, 0x28, 0xE5, 0x51, 0x6C, 0xC6, 0x5E, 0x79, 0x1A,
    0x7A, 0x1F, 0x62, 0x74, 0xA1, 0x35, 0x1F, 0x66, 0xBE, 0x71, 0xB8, 0xE8, 0xCB, 0xE7, 0xFD, 0x1A,
    0xF7, 0x1A, 0x20, 0x19, 0x4F, 0xC4, 0xB6, 0xC7, 0x63, 0x7B, 0xBC, 0xC6, 0x6F, 0x3D, 0x9A, 0x7B,
    0x8F, 0xDC, 0xE1, 0x7D, 0xC6, 0xF9, 0x33, 0x38, 0x7F, 0x6D, 0x11, 0x71, 0x8F, 0x6E, 0xBD, 0xAC,
    0x1B, 0xBF, 0xC5, 0x6B, 0xDF, 0x1F, 0xDD, 0x0C, 0xB8, 0x8B, 0x92, 0xD1, 0x59, 0xBA, 0xB4, 0x43,
    0x84, 0x01, 0x12, 0x5F, 0x3E, 0x8A, 0xF7, 0xCF, 0x38, 0xBF, 0xCD, 0x79, 0x72, 0xBD, 0xDF, 0x74,
    0xB9, 0xF6, 0x2E, 0x4B, 0xDF, 0xCC, 0x2E, 0xA4, 0x6B, 0x66, 0xB7, 0xDB, 0x61, 0x26, 0xF7, 0x89,
    0x1E, 0xCE, 0x70, 0xC7, 0x9F, 0xF1, 0xF9, 0xD1, 0x12, 0xEE, 0x9D, 0x8C, 0xD4, 0x7D, 0xE0, 0xB2,
    0x7E, 0xBC, 0x4E, 0x77, 0x01, 0x7F, 0xE5, 0x40, 0x72, 0xE4, 0x3A, 0x88, 0x04, 0x6B, 0xA8, 0xA0,
    0x7C, 0x04, 0xB7, 0x39, 0xE5, 0xAF, 0x70, 0x35, 0xB2, 0x29, 0x35, 0x27, 0xFF, 0xCE, 0x39, 0x5B,
    0x48, 0x76, 0xE1, 0x91, 0x35, 0x0B, 0xCB, 0xC4, 0xC6, 0x3E, 0x77, 0x7B, 0x4D, 0x75, 0x24, 0x46,
    0xBF, 0x89, 0x1D, 0xA0, 0xD0, 0x02, 0x86, 0x7A, 0xD9, 0x1C, 0x40, 0xE2, 0xB0, 0xC8, 0x40, 0xE1,
    0x8E, 0x07, 0x08, 0x9D, 0xDA, 0x19, 0x1E, 0x97, 0x89, 0xEC, 0xE3, 0xDB, 0x4A, 0x79, 0xAD, 0xF8,
    0x73, 0xD6, 0x89, 0x03, 0x1D, 0x1E, 0x84, 0xB8, 0x3A, 0xB0, 0x7E, 0x43, 0xDC, 0xC7, 0xA8, 0xD6,
    0x9B, 0xE4, 0x85, 0xDC, 0x12, 0xD8, 0x63, 0x51, 0x4B, 0xE6, 0x3C, 0xA1, 0x07, 0x70, 0xB0, 0x12,
    0x6C, 0x56, 0x49, 0x77, 0xD5, 0x18, 0xB8, 0xD0, 0x8B, 0x91, 0x48, 0x48, 0x2A, 0x91, 0x49, 0xED,
    0xAB, 0x7A, 0xEB, 0x2F, 0x57, 0xE5, 0x12, 0xBB, 0xE1, 0xFB, 0x24, 0x62, 0x22, 0x01, 0x13, 0x81,
    0x4F, 0x95, 0xA0, 0x27, 0xB7, 0xFB, 0x52, 0x6D, 0xA5, 0xCF, 0xCA, 0x5C, 0x8A, 0xC1, 0x3F, 0x46,
    0x3C, 0xF0, 0xCE, 0x91, 0x13, 0x99, 0x56, 0xE8, 0x1D, 0x45, 0xA4, 0x66, 0x30, 0xE3, 0x5F, 0x2B,
    0x3E, 0x2A, 0xC3, 0x78, 0xCA, 0x8C, 0x7C, 0x82, 0xA6, 0x18, 0xF9, 0x3C, 0x4D, 0x35, 0xB0, 0xAE,
    0xE4, 0xF4, 0x77, 0x6C, 0x5F, 0x73, 0xD2, 0x1B, 0x92, 0x36, 0xDB, 0xF5, 0xC1, 0x9C, 0x0E, 0xFB,
    0x65, 0x54, 0xF1, 0x54, 0xDA, 0x2E, 0x1B, 0xD6, 0x1B, 0xDD, 0x00, 0x8E, 0x7C, 0x49, 0x26, 0x37,
    0xB0, 0x35, 0x63, 0x58, 0x83, 0x8A, 0x91, 0x15, 0xC7, 0x32, 0x5B, 0x54, 0xC0, 0x8E, 0xF4, 0x3F,
    0x42, 0x8C, 0xA4, 0xE3, 0xA9, 0xB2, 0xDD, 0xE7, 0x90, 0x46, 0x6A, 0xBB, 0x77, 0x90, 0x4C, 0x8C,
    0x14, 0xDD, 0x8A, 0x6E, 0xFA, 0xC0, 0x7E, 0x03, 0x40, 0xF6, 0x03, 0x59, 0xEE, 0x9D, 0x44, 0x73,
    0x3B, 0x49, 0x38, 0x54, 0x17, 0xD6, 0x99, 0x5A, 0x89, 0x5A, 0x9F, 0x36, 0x12, 0xB1, 0x92, 0xAC,
    0x12, 0xC1, 0xDF, 0x72, 0x06, 0xC8, 0x9D, 0x20, 0x92, 0x55, 0x22, 0x6B, 0x26, 0x38, 0x21, 0xF7,
    0x97, 0xAF, 0x8A, 0xC8, 0x08, 0xE3, 0x1A, 0xE6, 0x1B, 0xC8, 0xFD, 0x6F, 0x22, 0x11, 0x99, 0xAC,
    0x9C, 0xB2, 0x4A, 0x0C, 0x23, 0x99, 0xA6, 0xBE, 0x83, 0xAF, 0xBA, 0x27, 0x70, 0xF9, 0x02, 0x18,
    0xBD, 0xC7, 0x11, 0x52, 0x2B, 0xF8, 0x14, 0x65, 0x6A, 0x0F, 0xE8, 0x5B, 0x64, 0xFD, 0x8E, 0xEE,
    0x7F, 0x21, 0x25, 0x40, 0xA2, 0x60, 0xE4, 0x5B, 0x5C, 0x12, 0x22, 0xB4, 0x6F, 0xD8, 0x9E, 0xD6,
    0x29, 0x56, 0xF0, 0x6E, 0xAE, 0x6E, 0xAF, 0xC9, 0x62, 0x37, 0x4C, 0x9C, 0x59, 0xD9, 0x25, 0xD3,
    0xD3, 0xFA, 0x1C, 0x93, 0xAC, 0xA7, 0xAA, 0x59, 0x32, 0xEC, 0xD5, 0x6B, 0x67, 0xAC, 0xEA, 0xF3,
    0x39, 0xBA, 0x7D, 0xD9, 0x01, 0x6F, 0x97, 0x7D, 0xC4, 0x58, 0x4E, 0xBE, 0xFC, 0x94, 0xC3, 0xA3,
    0x2D, 0xA6, 0xAD, 0xA8, 0x91, 0x81, 0x47, 0x52, 0xDB, 0x60, 0x70, 0x17, 0xF3, 0x27, 0x61, 0x5C,
    0x59, 0x7B, 0x91, 0x17, 0xAC, 0xC6, 0x96, 0xAE, 0xDD, 0x67, 0xAF, 0x81, 0x68, 0x0B, 0x46, 0x56,
    0xCC, 0x03, 0x9F, 0x5D, 0x7B, 0x3E, 0xB8, 0xF5, 0x44, 0xCC, 0x54, 0x85, 0xB5, 0x45, 0x86, 0x8C,
    0xD7, 0xEC, 0xF7, 0x36, 0xCA, 0x12, 0x50, 0xF5, 0x55, 0x5C, 0xF5, 0xE4, 0xC8, 0x1B, 0xAF, 0x94,
    0x58, 0x52, 0x29, 0x1E, 0x4C, 0xAC, 0x37, 0x78, 0x87, 0x2C, 0xAF, 0xB8, 0x44, 0x62, 0xB4, 0x29,
    0xB9, 0xFD, 0x4F, 0xD3, 0x02, 0xCB, 0x5D, 0x28, 0xE4, 0xD5, 0x73, 0x3C, 0x3A, 0xA2, 0xE7, 0x82,
    0x90, 0x34, 0x05, 0xDE, 0x74, 0xBC, 0x61, 0x79, 0x9A, 0xAC, 0x40, 0x0B, 0xD0, 0x66, 0xFF, 0x0B,
    0x07, 0x1A, 0x91, 0xF5, 0x01, 0xD3, 0x03, 0x0A, 0x71, 0x02, 0x84, 0xCF, 0x37, 0xE1, 0x02, 0x64,
    0xCC, 0x9A, 0x81, 0x8D, 0x13, 0x91, 0x7A, 0x74, 0x83, 0x3B, 0xDA, 0x75, 0x1B, 0x7E, 0xB2, 0xF1,
    0x67, 0x25, 0x0D, 0x62, 0xFE, 0x4E, 0x8E, 0xB0, 0xB3, 0x9C, 0xE4, 0x48, 0xB1, 0xBF, 0xE2, 0x62,
    0xC6, 0xCB, 0x30, 0x25, 0x8D, 0xA3, 0x18, 0x5D, 0x46, 0x0D, 0x8D, 0xA2, 0xB0, 0x1F, 0x06, 0xFB,
    0x2E, 0x87, 0x44, 0xF2, 0x28, 0x64, 0x57, 0x83, 0x86, 0x33, 0xB0, 0x19, 0x8B, 0x38, 0x88, 0x00,
    0xA1, 0xDA, 0xFD, 0xB6, 0x52, 0xD7, 0x79, 0x75, 0x20, 0x73, 0x98, 0x73, 0x95, 0x91, 0xCE, 0x0D,
    0xFB, 0x3D, 0x60, 0x40, 0x23, 0x39, 0xE0, 0xC5, 0x88, 0xD3, 0x8C, 0x63, 0x36, 0x23, 0xF4, 0x47,
    0xC3, 0x90, 0x38, 0x4C, 0x71, 0xAC, 0x98, 0x94, 0xCF, 0x8E, 0xB1, 0x3E, 0x2B, 0xC2, 0x48, 0x48,
    0x61, 0x5A, 0xFD, 0x0D, 0x40, 0xD7, 0xC4, 0xFD, 0x71, 0xCF, 0xB0, 0x9A, 0xF4, 0xD5, 0x3A, 0xD5,
    0x81, 0xAD, 0x09, 0x4B, 0x00, 0x1B, 0x59, 0xF6, 0xDE, 0x38, 0x7F, 0x3D, 0x19, 0xDC, 0xF9, 0x02,
    0x86, 0x3D, 0xC1, 0x31, 0x18, 0x1B, 0xE5, 0xEB, 0x83, 0xB2, 0xD9, 0x86, 0x29, 0x4A, 0xE7, 0xF5,
    0xB9, 0xD5, 0xC0, 0x6D, 0x58, 0xB7, 0x1B, 0x91, 0xE2, 0xFC, 0xD4, 0x25, 0xC4, 0x87, 0x1A, 0xF9,
    0x44, 0x8B, 0x12, 0x2A, 0x23, 0x7B, 0xDF, 0xE2, 0xFC, 0x0E, 0xF9, 0xFC, 0x30, 0x05, 0xCC, 0x05,
    0xCC, 0x99, 0x58, 0x74, 0x33, 0xAD, 0x5E, 0xB1, 0x39, 0x6F, 0xB0, 0x48, 0xA9, 0x5C, 0x39, 0xAD,
    0x56, 0x2B, 0xE7, 0x77, 0x16, 0xE3, 0x3A, 0xC2, 0x2F, 0x89, 0x22, 0x29, 0x01, 0xE8, 0x7D, 0x97,
    0xA3, 0x12, 0xCB, 0x8E, 0xA9, 0x80, 0x1B, 0x77, 0x62, 0xEF, 0xFA, 0xA6, 0xAA, 0x7A, 0x8B, 0xCB,
    0x69, 0x49, 0xA0, 0x77, 0x6E, 0x96, 0x58, 0xDA, 0x4D, 0xB3, 0x54, 0x08, 0x0B, 0xD4, 0xE6, 0x3E,
    0xC3, 0x79, 0x1F, 0xDD, 0x67, 0xD9, 0x94, 0xCA, 0x99, 0x26, 0x3B, 0x2E, 0xE9, 0x67, 0xF1, 0xC8,
    0x11, 0xB6, 0x0E, 0x22, 0x61, 0x5A, 0x24, 0xB7, 0x14, 0x25, 0x8E, 0x38, 0xBE, 0xA4, 0xC2, 0xF2,
    0x7C, 0x8F, 0xAB, 0x28, 0x53, 0x60, 0xB2, 0xB6, 0x40, 0xAE, 0x51, 0x47, 0x2B, 0x36, 0xB0, 0x2D,
    0xD6, 0xAD, 0x6D, 0x00, 0xE1, 0x5F, 0x54, 0xBB, 0xE5, 0xD9, 0xEA, 0xFB, 0x5C, 0xCD, 0x4E, 0x80,
    0x13, 0x1C, 0x9D, 0x24, 0x18, 0xE1, 0x48, 0xB7, 0xB6, 0xCE, 0xBF, 0xC2, 0x59, 0x08, 0xCC, 0x08,
    0xA7, 0x12, 0x6D, 0x2E, 0xA2, 0x4B, 0x6A, 0x87, 0x55, 0xA7, 0xBC, 0xFD, 0x46, 0xE9, 0xCF, 0xF3,
    0x0E, 0xEC, 0x94, 0xBB, 0xD3, 0x55, 0x9D, 0xF1, 0x69, 0x7F, 0xEA, 0x0B, 0xD0, 0xFE, 0x72, 0x08,
    0x24, 0xE4, 0x34, 0x3B, 0xC1, 0x66, 0x00, 0xC8, 0x19, 0x8E, 0x6A, 0xE4, 0xC7, 0x50, 0xE6, 0xFF,
    0x33, 0x3D, 0x90, 0x47, 0x68, 0x9A, 0x82, 0x03, 0x86, 0x65, 0x34, 0x57, 0x4D, 0x3C, 0x66, 0x9D,
    0xEE, 0x74, 0x6F, 0x9A, 0x68, 0x48, 0xF2, 0xE0, 0xE0, 0xE3, 0xA0, 0x25, 0x6B, 0x92, 0xBE, 0x22,
    0xBF, 0xC0, 0xF6, 0xF2, 0xAE, 0xC8, 0x55, 0xF0, 0xD1, 0xF2, 0x8F, 0x8B, 0x17, 0x90, 0xE9, 0x01,
    0xC2, 0x12, 0xD9, 0xFD, 0x8E, 0x0D, 0x75, 0xB9, 0x78, 0x95, 0xBC, 0x81, 0x14, 0x4A, 0x94, 0xFD,
    0x01, 0x1F, 0xA9, 0x01, 0x9C, 0xA1, 0x99, 0x12, 0xD1, 0xE4, 0xF3, 0x17, 0xCF, 0x41, 0xB8, 0x76,
    0xEC, 0x03, 0xB7, 0x67, 0x2D, 0xD9, 0x71, 0x0D, 0xDB, 0x52, 0xF2, 0x6A, 0x9A, 0x14, 0x2E, 0x4E,
    0x1E, 0xDB, 0x3E, 0x43, 0xF6, 0x5E, 0xCF, 0xE9, 0x82, 0x30, 0x42, 0x64, 0x2C, 0x8A, 0xB3, 0x4A,
    0x3E, 0x20, 0xC7, 0x53, 0xD3, 0xF1, 0x19, 0x40, 0x2A, 0xCB, 0x08, 0x5D, 0xB5, 0x09, 0x9F, 0x5B,
    0xB2, 0x96, 0x6D, 0xB5, 0x6C, 0x4A, 0x77, 0xEC, 0xC2, 0x41, 0x96, 0x6F, 0x6C, 0xF2, 0x2D, 0x6D,
    0x77, 0x72, 0x8F, 0x2B, 0x71, 0xDD, 0x2B, 0x8D, 0x38, 0xB3, 0xA8, 0x04, 0x5A, 0x3A, 0x6C, 0xA9,
    0x2E, 0x05, 0xB7, 0xCF, 0xDC, 0x71, 0xB8, 0xAA, 0x56, 0x18, 0x1C, 0x3B, 0x6B, 0x06, 0xFE, 0xD5,
    0xB8, 0xF5, 0x93, 0x07, 0xF0, 0x49, 0xED, 0x8F, 0x38, 0x59, 0x63, 0xA6, 0x89, 0x29, 0x4F, 0xF3,
    0x5E, 0x7F, 0xF1, 0x0A, 0xCA, 0x03, 0xC7, 0x89, 0xEB, 0xCA, 0x4E, 0xB0, 0xBB, 0xF4, 0x78, 0x1C,
    0xCF, 0x5D, 0x42, 0x1D, 0xBC, 0xDC, 0x65, 0xC1, 0xFB, 0x9C, 0x42, 0xF9, 0x1D, 0x07, 0x6D, 0xC5,
    0xA1, 0xAB, 0xD7, 0x9E, 0x9E, 0xE4, 0x1A, 0xBA, 0x08, 0xF7, 0x09, 0x2B, 0x0A, 0x08, 0x81, 0xF9,
    0x6E, 0xFD, 0x26, 0x0B, 0xEB, 0x27, 0x9E, 0xCB, 0x9A, 0xE7, 0xB2, 0xE5, 0xB9, 0x24, 0x76, 0x60,
    0x7B, 0xE5, 0xC4, 0x5C, 0x8E, 0x27, 0x4A, 0x99, 0x4B, 0x37, 0xA3, 0xC6, 0xF2, 0x5E, 0x0F, 0xE6,
    0xB2, 0x4D, 0x31, 0x22, 0x99, 0xCB, 0x7C, 0x3D, 0x97, 0x9C, 0x72, 0x74, 0x72, 0x2E, 0xBF, 0x20,
    0x78, 0xD4, 0x9D, 0xF8, 0x5B, 0x42, 0xED, 0xCE, 0x96, 0x4E, 0xEB, 0x8C, 0xCA, 0x4C, 0x0E, 0x96,
    0x9E, 0xE1, 0xB4, 0x9E, 0xCF, 0xD1, 0x25, 0x1B, 0xB0, 0x47, 0xF2, 0x53, 0x79, 0xBD, 0x85, 0x33,
    0xEC, 0x27, 0x94, 0x12, 0x6C, 0xA9, 0xE6, 0xD3, 0x7E, 0xF8, 0xF9, 0x93, 0x6D, 0xD5, 0x74, 0x7E,
    0xC7, 0x15, 0x0F, 0x01, 0x63, 0xC7, 0x10, 0x94, 0xDB, 0x7F, 0x1B, 0xD8, 0x36, 0xA2, 0xFC, 0x43,
    0xDE, 0x0F, 0xE3, 0xF3, 0x83, 0x17, 0x70, 0x64, 0xE5, 0xB4, 0xD7, 0x39, 0x1B, 0x11, 0xD4, 0xB4,
    0x3F, 0xC4, 0x00, 0x35, 0xED, 0xCB, 0x8A, 0x23, 0x3B, 0x27, 0x15, 0xF6, 0x39, 0x9D, 0x97, 0xCF,
    0x30, 0x98, 0x2E, 0x9D, 0x46, 0xE0, 0x42, 0x16, 0x52, 0xA5, 0xCE, 0xFE, 0x69, 0x80, 0x17, 0x0F,
    0x0F, 0x0F, 0xB7, 0xF4, 0x23, 0x3A, 0x0C, 0x97, 0x0E, 0xB8, 0x90, 0xDD, 0x80, 0x4B, 0x5B, 0x63,
    0xFE, 0x53, 0xCE, 0xE9, 0x66, 0x6F, 0x01, 0x8E, 0xC8, 0x51, 0x05, 0xE5, 0x5D, 0x6A, 0x3E, 0xD4,
    0x1C, 0xD1, 0x98, 0xB1, 0x49, 0x8B, 0x33, 0x20, 0x19, 0x8D, 0x19, 0x67, 0x21, 0xC7, 0x62, 0x0C,
    0x27, 0x94, 0x49, 0x8F, 0x32, 0x6B, 0x2A, 0x2A, 0xAB, 0xBC, 0x22, 0x7F, 0x67, 0x52, 0xF8, 0x31,
    0x8B, 0x9E, 0xC7, 0xDC, 0x70, 0xE4, 0xAC, 0x0C, 0x79, 0xCC, 0x31, 0xC6, 0x7C, 0xB4, 0xCF, 0xA7,
    0x56, 0xDD, 0x59, 0xF8, 0x5E, 0xBD, 0xCE, 0xD6, 0xE0, 0xD2, 0xB6, 0x06, 0xF9, 0x2D, 0xE7, 0xA5,
    0xA8, 0xB5, 0x0E, 0xF1, 0x47, 0x58, 0x95, 0x83, 0x04, 0xEE, 0x18, 0x4A, 0xE2, 0x73, 0x26, 0xE4,
    0xD2, 0x2B, 0xEA, 0x0C, 0x48, 0xEE, 0xB7, 0xFA, 0x08, 0x1F, 0xEE, 0x23, 0xBD, 0x1D, 0xA7, 0xBF,
    0xB1, 0xEF, 0xA9, 0x2D, 0xDC, 0xB7, 0x4E, 0x76, 0xA0, 0x3B, 0x49, 0x8F, 0xFF, 0x68, 0xAA, 0x5E,
    0xD2, 0xEE, 0x07, 0xA9, 0xE6, 0x1D, 0xCE, 0xAE, 0xC2, 0xEB, 0xAA, 0x4F, 0x7A, 0x23, 0x36, 0xFC,
    0xA3, 0xC5, 0xEF, 0x2D, 0xCD, 0x72, 0x7A, 0xF2, 0x6A, 0xB8, 0xDA, 0xF4, 0xB5, 0xCA, 0x0D, 0x7D,
    0xE3, 0x73, 0xCF, 0xDD, 0x6F, 0xFB, 0x14, 0xF2, 0xA1, 0x70, 0xC4, 0x6D, 0xEE, 0x84, 0xCE, 0xBC,
    0xF4, 0xDB, 0x3B, 0x74, 0x4F, 0x32, 0x0B, 0x2A, 0xB5, 0x61, 0x10, 0x13, 0x09, 0x55, 0xB8, 0xED,
    0x44, 0xF3, 0xEF, 0x3C, 0xDC, 0xEA, 0xEF, 0x44, 0x05, 0xB3, 0x98, 0x47, 0xE4, 0xA4, 0x03, 0x98,
    0xBE, 0xA5, 0x7E, 0xF3, 0x89, 0x1D, 0x3B, 0xCD, 0x62, 0xC5, 0xFB, 0x0C, 0x91, 0xE4, 0x25, 0xFC,
    0xFE, 0x46, 0x95, 0xF0, 0x91, 0x70, 0x1C, 0x87, 0x7B, 0xF5, 0xE1, 0x9B, 0x4A, 0x4F, 0xD0, 0x14,
    0x27, 0xEE, 0x64, 0x5F, 0xB3, 0x99, 0xA2, 0xE7, 0xC5, 0xDB, 0x9D, 0xB0, 0xA8, 0xD5, 0x72, 0xF0,
    0xD9, 0x1F, 0xB2, 0x0F, 0x5B, 0x75, 0x3A, 0x24, 0xDA, 0x50, 0x8B, 0x2D, 0x41, 0x6F, 0xC3, 0x9B,
    0x3C, 0xA3, 0x9C, 0x61, 0x21, 0x00, 0x39, 0x21, 0x07, 0x21, 0xE0, 0x88, 0x0C, 0xFF, 0x90, 0x14,
    0x30, 0x09, 0x00, 0x1B, 0xFF, 0xF6, 0x93, 0xFC, 0x10, 0x82, 0xE5, 0x63, 0x9D, 0xF0, 0xFC, 0x7A,
    0x3E, 0xB5, 0x51, 0xF0, 0xCF, 0x4A, 0xD5, 0x08, 0xAF, 0x11, 0xA8, 0x15, 0xFD, 0xF9, 0x03, 0xF9,
    0x89, 0x96, 0xFF, 0x61, 0x9A, 0xAA, 0x9F, 0xCD, 0xF2, 0x44, 0x01, 0xD9, 0x22, 0x9F, 0xDA, 0x1F,
    0x48, 0xE9, 0x24, 0x8C, 0xD0, 0x6C, 0x48, 0x72, 0xB8, 0x3E, 0xBD, 0xBE, 0x00, 0x22, 0x07, 0xD1,
    0x63, 0xBE, 0xBE, 0x90, 0x03, 0x59, 0x85, 0x58, 0x83, 0xC2, 0x1F, 0x51, 0x92, 0x88, 0xCA, 0xD1,
    0x82, 0x75, 0xF9, 0xE0, 0x88, 0xA4, 0x86, 0xF9, 0x7D, 0x35, 0x97, 0xF0, 0xD4, 0xBB, 0x43, 0x7B,
    0x8F, 0x51, 0xB1, 0x05, 0xC0, 0xCF, 0xE2, 0xE0, 0xA4, 0xF7, 0x03, 0xEF, 0x0F, 0x73, 0xF2, 0x8B,
    0x6C, 0xAE, 0x58, 0xFB, 0x97, 0xBC, 0xD9, 0x31, 0xD2, 0x53, 0x72, 0xDC, 0x97, 0x49, 0x85, 0xBD,
    0x20, 0xAA, 0xF4, 0xE3, 0x54, 0xEE, 0x06, 0x25, 0xB7, 0x73, 0xC5, 0x96, 0xB3, 0x57, 0xF2, 0xA0,
    0xBB, 0x3E, 0xC1, 0xA6, 0x71, 0x56, 0xD7, 0x39, 0xE5, 0x54, 0xDD, 0x7F, 0xF3, 0x91, 0x63, 0x18,
    0xDC, 0xA9, 0xB8, 0x03, 0xE5, 0x3D, 0x7A, 0x5F, 0x5D, 0x5E, 0xAD, 0xAE, 0x3A, 0x74, 0x33, 0x73,
    0x98, 0x8A, 0xF7, 0x6E, 0x33, 0xD9, 0xB9, 0x4D, 0xA5, 0xD2, 0x23, 0x4F, 0x44, 0x78, 0xF3, 0xAC,
    0xA0, 0xF5, 0xD3, 0x22, 0x52, 0xFF, 0x0B, 0xED, 0x5D, 0xBD, 0x8F, 0xE5, 0xD6, 0x75, 0xBF, 0x7C,
    0xDC, 0x79, 0xB4, 0x45, 0x20, 0xDC, 0x42, 0x2B, 0x24, 0x3B, 0xB0, 0xA9, 0xC2, 0x45, 0x22, 0xC3,
    0x62, 0x9B, 0xCA, 0xA4, 0xA0, 0xD2, 0x85, 0xA7, 0xD8, 0x89, 0x12, 0xB9, 0x50, 0x0A, 0x15, 0xC9,
    0x02, 0xC1, 0xA6, 0x70, 0x91, 0x22, 0x12, 0x9F, 0xF3, 0x0F, 0x78, 0x0A, 0xA7, 0xF6, 0x16, 0x1B,
    0x40, 0x1E, 0x21, 0x58, 0x15, 0x29, 0x54, 0x58, 0x4B, 0xCA, 0x2A, 0x5C, 0xA4, 0x30, 0x0D, 0x23,
    0x70, 0x69, 0xC6, 0x58, 0x05, 0x88, 0x55, 0x88, 0x8A, 0x68, 0x9B, 0x23, 0x91, 0xBC, 0x39, 0xE7,
    0xFC, 0xCE, 0xE5, 0xE3, 0x9B, 0x2F, 0xAD, 0x56, 0xBB, 0xDA, 0x99, 0x9D, 0x7D, 0x98, 0xE1, 0xB9,
    0xEF, 0x3D, 0x3E, 0xF2, 0xDE, 0x73, 0xCE, 0xBD, 0xF7, 0x7C, 0xD3, 0x98, 0xAB, 0xFB, 0xFB, 0x37,
    0x0D, 0xBF, 0x52, 0x6B, 0x3B, 0xD7, 0x68, 0xA5, 0x91, 0x5B, 0xDB, 0x48, 0x63, 0x3A, 0xE7, 0xB4,
    0x97, 0x77, 0x47, 0x1B, 0xA1, 0xD5, 0x46, 0x62, 0x33, 0xA3, 0x57, 0x5C, 0x19, 0xBD, 0x62, 0x89,
    0x86, 0xB5, 0x15, 0x7E, 0x64, 0x6D, 0x2D, 0x8D, 0x85, 0xBB, 0x97, 0x3F, 0xE8, 0xDD, 0xC3, 0xDE,
    0xF6, 0xD2, 0x88, 0xBA, 0x1C, 0x8D, 0xB8, 0x49, 0x47, 0x5C, 0xAF, 0x49, 0x71, 0x8F, 0xBC, 0x8A,
    0x71, 0x8F, 0xA2, 0x8C, 0x70, 0x0F, 0xBB, 0x8A, 0xE4, 0x1E, 0x0B, 0x9B, 0x05, 0x72, 0x0F, 0xDF,
    0xEE, 0xBE, 0x24, 0x97, 0x0E, 0xAC, 0xC5, 0x3D, 0x22, 0x6E, 0x74, 0xAE, 0xD1, 0x4B, 0x47, 0xE9,
    0x35, 0xC8, 0x85, 0xE9, 0x9A, 0x7C, 0x8F, 0xBC, 0xE1, 0x5E, 0xF3, 0xF5, 0x2A, 0x6E, 0x64, 0xD4,
    0x51, 0xBA, 0x6A, 0x4C, 0xF7, 0x08, 0xEC, 0x5D, 0x63, 0x6E, 0xD8, 0x03, 0xC6, 0x8E, 0x5C, 0xD3,
    0x14, 0xD6, 0x66, 0x21, 0x37, 0xF8, 0x9F, 0xAF, 0xE9, 0x30, 0x62, 0x79, 0x94, 0x34, 0x42, 0x1A,
    0xE2, 0x62, 0x6A, 0x97, 0xC7, 0x22, 0xEF, 0xCA, 0x8E, 0x20, 0x8E, 0x7F, 0x5A, 0xF0, 0x99, 0xBE,
    0xF4, 0x35, 0xB2, 0x1F, 0x50, 0x47, 0xE3, 0xD1, 0x14, 0xBD, 0x89, 0x7B, 0x43, 0x68, 0x88, 0x7A,
    0x93, 0xF6, 0xC6, 0x7B, 0x95, 0x8F, 0xDC, 0x5F, 0x3E, 0x3E, 0xC3, 0x63, 0xD8, 0xE6, 0x91, 0x78,
    0x32, 0x9E, 0x50, 0x8E, 0xB1, 0xDD, 0xA3, 0x6F, 0x09, 0x61, 0x69, 0xAF, 0x7F, 0x39, 0x8E, 0xA3,
    0xA1, 0x6F, 0x53, 0x1E, 0xF1, 0x2D, 0x39, 0x76, 0xD4, 0xE5, 0x1F, 0xDA, 0xD6, 0xB7, 0x43, 0x40,
    0x9D, 0xBB, 0x9A, 0x99, 0x37, 0xE8, 0x9A, 0x5F, 0x35, 0xE6, 0x59, 0xA0, 0xDA, 0x98, 0xFF, 0x00,
    0xAA, 0xCB, 0x05, 0xD8, 0x23, 0x1F, 0x6F, 0xB7, 0x8E, 0x4F, 0x40, 0xB2, 0xC8, 0x8D, 0x6A, 0x21,
    0x48, 0x94, 0xF1, 0x64, 0x4F, 0xF8, 0xE4, 0x1E, 0xF8, 0xE4, 0xB2, 0x31, 0xD4, 0xAD, 0xDE, 0x2C,
    0x4A, 0xB3, 0x18, 0x4D, 0x50, 0x51, 0x77, 0xAA, 0xBC, 0x14, 0xCE, 0x59, 0x31, 0x16, 0xF8, 0x16,
    0x31, 0xC6, 0xB9, 0x7B, 0xE6, 0x79, 0xE6, 0x09, 0x65, 0x0F, 0xAD, 0x00, 0xC1, 0xE8, 0xD0, 0xD0,
    0x6A, 0x23, 0xAF, 0xDC, 0xD2, 0x50, 0x1E, 0x69, 0x1C, 0xEC, 0x38, 0xC4, 0xD4, 0x0E, 0x55, 0x95,
    0x43, 0x67, 0x76, 0xA6, 0xE8, 0xDE, 0x4C, 0x74, 0x5F, 0xC8, 0x08, 0x03, 0x59, 0x18, 0xA2, 0x06,
    0x14, 0x92, 0x01, 0xE3, 0x28, 0xAB, 0x41, 0x2C, 0x98, 0x0E, 0x85, 0xA6, 0x5E, 0x21, 0x43, 0xF2,
    0x30, 0x90, 0x18, 0xC3, 0x2A, 0x04, 0x05, 0xA0, 0x15, 0x11, 0xA2, 0x04, 0x12, 0x56, 0x42, 0x39,
    0xB9, 0x82, 0x3F, 0xCA, 0x89, 0xDE, 0xDE, 0x71, 0xAB, 0x49, 0x31, 0xEE, 0x81, 0x7E, 0xA3, 0xB0,
    0x10, 0xA3, 0x25, 0x02, 0x48, 0xED, 0xC8, 0x80, 0xBE, 0xF0, 0x2D, 0x7D, 0xD5, 0xD2, 0x3F, 0xB5,
    0x6A, 0x1A, 0x39, 0xF5, 0xA6, 0x64, 0x20, 0x1C, 0xC3, 0xC3, 0xCF, 0x78, 0x1E, 0x26, 0x56, 0x59,
    0xF5, 0x64, 0x90, 0x1F, 0xFF, 0x5D, 0x36, 0x63, 0x71, 0x1D, 0x40, 0x0C, 0x66, 0x8E, 0xC0, 0xC1,
    0x84, 0xE6, 0x3D, 0xF3, 0x4C, 0xC9, 0x94, 0xE2, 0xB5, 0x52, 0x81, 0xA0, 0x34, 0x13, 0x1A, 0x8C,
    0x20, 0x26, 0x53, 0xDE, 0xBB, 0x7E, 0x6B, 0x3D, 0xBC, 0xB7, 0xF8, 0x83, 0x41, 0x50, 0x21, 0x38,
    0xE2, 0x4B, 0xF2, 0xDB, 0x84, 0x71, 0x9A, 0xF2, 0xE9, 0x39, 0xDF, 0xF5, 0xDB, 0x7C, 0xEE, 0xA5,
    0x4D, 0xCC, 0x6C, 0x5D, 0x13, 0x84, 0xAC, 0x18, 0x37, 0x0D, 0xDF, 0xB2, 0xE3, 0xDB, 0xF7, 0x34,
    0xF4, 0xBC, 0x8F, 0xAC, 0x49, 0xFA, 0x64, 0x34, 0x71, 0x97, 0x0E, 0x26, 0xAA, 0x85, 0x35, 0xF2,
    0x43, 0x87, 0xC1, 0xB8, 0x99, 0x60, 0xDD, 0x20, 0x53, 0xA6, 0x51, 0x6C, 0x87, 0xDD, 0x7F, 0x67,
    0x14, 0x0F, 0x72, 0x3D, 0xB9, 0x32, 0x7D, 0xC8, 0x5F, 0xA1, 0xE7, 0x5B, 0x20, 0x6B, 0x8E, 0xD9,
    0x0C, 0x04, 0xF8, 0x98, 0x13, 0xE1, 0x28, 0xD8, 0x49, 0x1A, 0xF9, 0xB2, 0x28, 0xE3, 0x96, 0x17,
    0x00, 0x13, 0x30, 0x6F, 0xFC, 0x9D, 0xF1, 0x56, 0x17, 0x8C, 0xBC, 0x09, 0xB3, 0x7C, 0xD1, 0x28,
    0x96, 0x04, 0x47, 0xE1, 0x40, 0xF7, 0x89, 0x1A, 0xDA, 0x04, 0xD2, 0x2A, 0xA9, 0x4D, 0xB1, 0xA2,
    0x69, 0xF5, 0xBC, 0xF1, 0xB3, 0x33, 0x41, 0xD9, 0x67, 0x74, 0xC2, 0x36, 0x58, 0xB8, 0x5B, 0x2C,
    0xDB, 0x73, 0xE0, 0xE9, 0x1A, 0x9E, 0x97, 0x27, 0xEF, 0xFF, 0x8F, 0x2B, 0x49, 0x9F, 0xE3, 0xAB,
    0xF1, 0x45, 0x04, 0x33, 0x82, 0x10, 0xA0, 0x43, 0x4E, 0xBA, 0x7A, 0x8C, 0x44, 0xF4, 0xA8, 0x08,
    0x79, 0xD9, 0x78, 0x74, 0xAA, 0xD7, 0x99, 0x90, 0x3B, 0x3A, 0xCA, 0x72, 0xED, 0xD9, 0x95, 0x2C,
    0xC4, 0xC5, 0x6F, 0x2D, 0x70, 0x33, 0x00, 0x1B, 0x4A, 0xDD, 0xFA, 0x44, 0xB2, 0x3E, 0xAE, 0xF4,
    0xBC, 0xC4, 0xDB, 0xD4, 0x3B, 0x26, 0xAE, 0x8D, 0xA5, 0xB9, 0x48, 0x1B, 0x35, 0x5D, 0x3D, 0x65,
    0xE4, 0xC4, 0x7C, 0xC5, 0x10, 0x34, 0xAE, 0xDD, 0xFE, 0x75, 0xE5, 0x6C, 0x50, 0x36, 0x33, 0x5B,
    0x32, 0xDA, 0xCA, 0xA4, 0xDC, 0xAB, 0xA8, 0x85, 0x80, 0x11, 0x0E, 0xB2, 0x7F, 0x10, 0xF2, 0xBF,
    0xDB, 0xAB, 0x90, 0xD1, 0x6C, 0x88, 0x63, 0x91, 0x8A, 0x18, 0x8B, 0xF1, 0x78, 0xF5, 0x64, 0x7F,
    0x7F, 0x07, 0x12, 0x3F, 0xA3, 0x91, 0x05, 0x1F, 0x41, 0x98, 0x40, 0xBA, 0xF7, 0xB6, 0x1D, 0xDF,
    0x14, 0xA5, 0x91, 0x64, 0x8F, 0x84, 0xB1, 0x43, 0x50, 0x56, 0xB3, 0x82, 0xDB, 0x74, 0x69, 0x86,
    0x29, 0xDD, 0x8A, 0x61, 0xAC, 0x30, 0xA2, 0x1F, 0x16, 0x82, 0xC9, 0x5A, 0x60, 0x40, 0x5D, 0x9A,
    0x43, 0xFF, 0x44, 0xE8, 0xCE, 0x77, 0xBF, 0x77, 0xD7, 0x73, 0xD7, 0x77, 0xF7, 0xD3, 0xFB, 0x0F,
    0x02, 0x03, 0x16, 0x43, 0x8A, 0xDE, 0x2B, 0xE8, 0xE7, 0x4B, 0xE9, 0xF7, 0x0A, 0xE3, 0x19, 0x74,
    0x1C, 0x15, 0xE0, 0xDD, 0xC3, 0x73, 0x34, 0xFB, 0x06, 0x83, 0x6F, 0xDA, 0x2A, 0x5D, 0x09, 0x4D,
    0x2B, 0xC6, 0x2C, 0x8D, 0x4E, 0x04, 0xF5, 0x85, 0x42, 0xEE, 0x4D, 0x9E, 0x09, 0x86, 0xAB, 0x02,
    0x98, 0xAE, 0xEE, 0x28, 0xFC, 0xA9, 0xC2, 0xB7, 0x19, 0x91, 0x2F, 0xD9, 0xEA, 0x32, 0x24, 0xD1,
    0x4A, 0x11, 0x5A, 0x41, 0x53, 0x64, 0xE8, 0x2B, 0x0C, 0x6D, 0x25, 0xE2, 0x10, 0x51, 0xC5, 0x67,
    0x98, 0xF0, 0xB4, 0x61, 0x31, 0x74, 0x54, 0x38, 0x00, 0xE6, 0xF7, 0x0A, 0xDD, 0xEF, 0xDC, 0x75,
    0xEC, 0x2A, 0xC4, 0x75, 0xEF, 0xE6, 0xE0, 0x2A, 0x0C, 0x3C, 0xD4, 0x69, 0x41, 0xFD, 0xE8, 0x44,
    0xA7, 0x2B, 0x6C, 0x25, 0x92, 0xD8, 0xF2, 0x96, 0xD9, 0xCD, 0xBE, 0x7C, 0x3E, 0x90, 0xDE, 0xF8,
    0x9B, 0x70, 0xF5, 0xC8, 0xF8, 0x80, 0x8F, 0xDB, 0x42, 0xAE, 0x85, 0x55, 0xC5, 0x62, 0xFE, 0x0E,
    0xA8, 0x75, 0x82, 0x6C, 0x02, 0x55, 0x5F, 0xC1, 0x95, 0xEF, 0xD9, 0xF7, 0xB3, 0xE9, 0x14, 0x66,
    0x82, 0x89, 0x07, 0xF2, 0xC9, 0x32, 0x40, 0x20, 0x00, 0x88, 0x40, 0xFF, 0x18, 0xE4, 0x52, 0xAA,
    0x2B, 0xD1, 0xF3, 0x7B, 0x00, 0xFA, 0x03, 0xFD, 0x39, 0x88, 0xAD, 0xB4, 0x56, 0x52, 0x2B, 0xA5,
    0x1D, 0xA1, 0x95, 0xCE, 0x4A, 0xE6, 0xE5, 0xFE, 0xFE, 0x1B, 0x50, 0x8E, 0x46, 0x80, 0x41, 0x96,
    0x53, 0x59, 0x48, 0xF5, 0xBB, 0x53, 0x5E, 0x60, 0x86, 0x43, 0x60, 0x1B, 0x80, 0x09, 0xB0, 0x54,
    0x7A, 0x6C, 0x82, 0x3B, 0x00, 0xAF, 0x02, 0x98, 0x23, 0x60, 0x2C, 0xC0, 0x8F, 0x82, 0xB3, 0xC2,
    0x5A, 0xF7, 0x6E, 0xC5, 0xDF, 0xED, 0xEE, 0x9A, 0x93, 0x7E, 0xD7, 0x8B, 0x09, 0x83, 0x41, 0x0E,
    0x76, 0xA0, 0x5F, 0x14, 0xAC, 0xFD, 0xD0, 0xBB, 0x81, 0xC8, 0x92, 0x81, 0x07, 0xB2, 0xF4, 0x68,
    0xAF, 0xA7, 0xA5, 0xB0, 0x90, 0xD5, 0xD2, 0xCE, 0x8E, 0xC5, 0xA4, 0xA4, 0x1D, 0xA7, 0x93, 0x07,
    0x16, 0xEB, 0xB5, 0x9E, 0xDF, 0x11, 0x19, 0x3E, 0x21, 0x1C, 0x92, 0x1A, 0x47, 0x13, 0x99, 0xC4,
    0x77, 0xD9, 0x00, 0x78, 0x72, 0xA7, 0xAC, 0x80, 0x65, 0xE9, 0xB0, 0xFB, 0x8A, 0xCD, 0xE4, 0x96,
    0x38, 0x1A, 0x3D, 0x0E, 0xBB, 0x34, 0x30, 0x68, 0xBE, 0x38, 0xA6, 0xC3, 0x7A, 0xB7, 0x8B, 0x89,
    0x8A, 0x37, 0x74, 0xA3, 0x0D, 0xA4, 0xB7, 0xD0, 0xE8, 0x98, 0xE5, 0xB8, 0x6F, 0x2F, 0xF3, 0x76,
    0xB0, 0xC8, 0xCC, 0x57, 0x98, 0x84, 0x25, 0xC9, 0x90, 0xF4, 0x93, 0x96, 0xD1, 0x4C, 0xBF, 0x79,
    0x73, 0x00, 0x5D, 0x7B, 0x30, 0x71, 0x83, 0x41, 0x0A, 0x83, 0x6F, 0xED, 0x5C, 0x04, 0xBA, 0x42,
    0x55, 0x7A, 0xDD, 0x18, 0xA6, 0x50, 0xE6, 0xF3, 0xF1, 0xEE, 0x8D, 0x5A, 0xEE, 0x5C, 0x0A, 0xE5,
    0x32, 0x83, 0x85, 0xC2, 0x60, 0xDD, 0x3B, 0xCB, 0x34, 0x76, 0x7A, 0x71, 0x34, 0xAA, 0xC9, 0xE5,
    0x18, 0x01, 0x49, 0x3F, 0x0C, 0x3B, 0x73, 0x81, 0xE6, 0xEE, 0x55, 0x98, 0x83, 0x9A, 0x49, 0x57,
    0x99, 0x1F, 0xF1, 0xF9, 0xB1, 0x52, 0xF9, 0x59, 0xA4, 0xF1, 0xE3, 0xB8, 0xB2, 0x16, 0x82, 0xFB,
    0xC0, 0x99, 0xF8, 0xE6, 0x96, 0xB2, 0x44, 0x3D, 0x11, 0xE3, 0x5F, 0x83, 0x7B, 0xFB, 0x99, 0x24,
    0xBF, 0x98, 0x2F, 0xBD, 0x67, 0x88, 0x4E, 0x85, 0xB0, 0x9B, 0x0C, 0x6D, 0x01, 0xB3, 0x95, 0x5C,
    0x23, 0x18, 0x20, 0x14, 0x64, 0x93, 0x15, 0xC4, 0xC3, 0xF8, 0x79, 0xA8, 0xA4, 0x61, 0x3C, 0xCD,
    0xCD, 0xCC, 0x88, 0x98, 0x5F, 0x89, 0x94, 0x9E, 0xB4, 0x51, 0x2F, 0xF3, 0x99, 0x6D, 0x91, 0xFC,
    0x1B, 0xB5, 0x88, 0x99, 0x75, 0x97, 0x4E, 0x99, 0xC9, 0x8F, 0xD7, 0x32, 0xCD, 0x7A, 0xEA, 0x1D,
    0x31, 0x2D, 0xD2, 0x39, 0x7C, 0xEB, 0x92, 0xD1, 0x9C, 0x7E, 0x64, 0x8D, 0xEA, 0x61, 0x84, 0xD9,
    0x56, 0x98, 0xA2, 0x59, 0x9B, 0x12, 0xAF, 0x9C, 0xFD, 0xE9, 0xEC, 0xE9, 0x36, 0x1B, 0xF5, 0x66,
    0xAE, 0xC1, 0x3A, 0xAB, 0xF8, 0xC2, 0x16, 0x2D, 0x2C, 0xE0, 0x71, 0x0F, 0x5E, 0xF1, 0x47, 0xB5,
    0x1F, 0xCB, 0xBD, 0xAE, 0x1A, 0xF3, 0xB7, 0xC7, 0x52, 0xFF, 0x86, 0x7D, 0x1F, 0xBA, 0xAF, 0xDC,
    0x4D, 0xA4, 0xCA, 0x56, 0xE5, 0xFA, 0x56, 0xFA, 0xF0, 0xA6, 0x88, 0xE7, 0x2C, 0xF3, 0xB6, 0xF4,
    0x75, 0x2F, 0x6C, 0xC8, 0x12, 0x35, 0x0B, 0x07, 0x81, 0x58, 0xB8, 0x1B, 0x28, 0xE5, 0x51, 0x65,
    0xD4, 0xB2, 0xEE, 0x76, 0x0F, 0xB7, 0x99, 0xAC, 0xE1, 0xB8, 0x09, 0x59, 0x61, 0x2D, 0x84, 0x98,
    0x82, 0x60, 0x07, 0xE5, 0xFC, 0x6F, 0x12, 0xA6, 0x45, 0x3F, 0x27, 0x64, 0x89, 0x82, 0x4E, 0x30,
    0xE6, 0x3E, 0xB2, 0x0E, 0xCC, 0x7D, 0x22, 0x18, 0x30, 0xCD, 0x45, 0xCC, 0xB5, 0x07, 0x7F, 0xC5,
    0xE2, 0xBA, 0x55, 0xB9, 0xDC, 0xC9, 0xE7, 0x6E, 0x1C, 0x4C, 0x09, 0xB9, 0xA7, 0xF7, 0xF2, 0xBF,
    0xCD, 0x47, 0x1F, 0xEA, 0xEA, 0x31, 0xCC, 0xBB, 0x89, 0xF9, 0xE3, 0xD9, 0xBC, 0x96, 0x39, 0x29,
    0x06, 0xEA, 0xA8, 0x95, 0x09, 0x94, 0xD4, 0x0B, 0x46, 0x6F, 0xB8, 0x32, 0xD5, 0xB1, 0xC6, 0x99,
    0x5D, 0x11, 0xEE, 0x99, 0xF5, 0x63, 0x28, 0x46, 0xB9, 0x5A, 0x0F, 0x0E, 0x6E, 0xD8, 0x1B, 0x99,
    0xC7, 0x52, 0xFA, 0x0B, 0xD4, 0x5B, 0x12, 0xA3, 0x59, 0x67, 0x5A, 0x2D, 0xE6, 0x40, 0x3F, 0xAC,
    0x7C, 0x31, 0x74, 0xB4, 0x82, 0x4B, 0x4C, 0x42, 0x1E, 0x8E, 0xFA, 0x1C, 0xC4, 0x7C, 0xF0, 0xE1,
    0x81, 0xF4, 0x2F, 0x33, 0xCE, 0xCC, 0xCB, 0x60, 0xA5, 0x56, 0x53, 0x9E, 0x62, 0x3E, 0x86, 0xED,
    0xA9, 0xB3, 0x02, 0x93, 0x23, 0x00, 0x88, 0x09, 0x0F, 0x89, 0x18, 0xEE, 0xB9, 0xC9, 0x80, 0x10,
    0xC8, 0x04, 0x11, 0xC3, 0xFD, 0x7F, 0x7D, 0x8F, 0x48, 0x1B, 0x43, 0xA9, 0x08, 0x71, 0x77, 0x4F,
    0x75, 0x9B, 0xAB, 0xF6, 0x7F, 0xE5, 0x56, 0x4B, 0xF1, 0x42, 0xD1, 0x45, 0x56, 0xE6, 0x9F, 0x05,
    0x6B, 0xB5, 0x07, 0xA6, 0x1E, 0x6F, 0xF7, 0xCA, 0x4A, 0xAD, 0x1A, 0x50, 0x60, 0xBB, 0x77, 0x72,
    0xF1, 0xD6, 0x09, 0x5B, 0xE7, 0xC5, 0x64, 0xC1, 0xB5, 0x4B, 0xE3, 0x2F, 0x65, 0x25, 0x37, 0x8C,
    0xBC, 0xF4, 0x60, 0xBB, 0x03, 0xA1, 0xD5, 0xEB, 0x04, 0x75, 0x71, 0x5C, 0xAF, 0x49, 0x17, 0x94,
    0xE9, 0x26, 0x5F, 0x4E, 0xA2, 0xEB, 0x5F, 0xAE, 0x8E, 0xE3, 0x62, 0x46, 0xC7, 0xC9, 0x69, 0x05,
    0xD5, 0xE5, 0xD4, 0xD7, 0x05, 0x5D, 0xF7, 0x96, 0x37, 0xE7, 0x58, 0x52, 0x24, 0x6E, 0x82, 0x14,
    0x92, 0xC2, 0x72, 0xEF, 0x64, 0xE4, 0x5D, 0x14, 0xA6, 0xBB, 0xD8, 0x9B, 0x23, 0xF1, 0x80, 0x0A,
    0x8D, 0xB1, 0x76, 0x31, 0x52, 0xE8, 0xEB, 0x50, 0x7C, 0xE7, 0xB7, 0xB6, 0x9B, 0xC2, 0x89, 0x73,
    0x5F, 0x27, 0xEA, 0x9F, 0x7B, 0xDB, 0xAC, 0xC5, 0x5B, 0x36, 0x31, 0xAF, 0x3D, 0xBE, 0x70, 0x49,
    0x4E, 0x7E, 0xEE, 0x62, 0x13, 0x34, 0x73, 0x86, 0xD4, 0x8B, 0x7A, 0xD9, 0x45, 0xE4, 0x44, 0x73,
    0xCD, 0x98, 0x0D, 0x94, 0x8B, 0x15, 0x54, 0xF9, 0x49, 0xB1, 0x5D, 0xFC, 0x66, 0xD0, 0xB8, 0x88,
    0x17, 0x55, 0x7B, 0x1F, 0x0C, 0xBA, 0x48, 0xDC, 0x98, 0x4A, 0x63, 0xB9, 0x12, 0xF3, 0xCE, 0xE9,
    0x0A, 0x7D, 0xCF, 0x3E, 0x99, 0x9A, 0x1A, 0x9D, 0x04, 0x21, 0x51, 0xA3, 0xE5, 0x46, 0xB9, 0x6D,
    0xC7, 0x4C, 0xC2, 0x18, 0x26, 0xEB, 0xFA, 0x17, 0x6E, 0x58, 0x3B, 0x99, 0xC7, 0x4E, 0x6C, 0x90,
    0xF4, 0xFC, 0xD2, 0x83, 0xB8, 0x97, 0x36, 0x96, 0x6C, 0x88, 0x8E, 0x69, 0x28, 0x4C, 0x60, 0x4F,
    0x47, 0x7A, 0x68, 0xC8, 0x93, 0xB4, 0x1D, 0xF7, 0x9B, 0x73, 0xB4, 0x80, 0x6A, 0xE5, 0x59, 0xB0,
    0x66, 0x30, 0xE0, 0x84, 0xA8, 0x83, 0xD2, 0x46, 0xA2, 0x90, 0xC0, 0xED, 0x8C, 0x15, 0xA3, 0xF9,
    0xEB, 0x9A, 0xF3, 0x7C, 0xE9, 0x7C, 0x72, 0xA6, 0x97, 0xCD, 0xF7, 0x47, 0xD6, 0x80, 0x23, 0x70,
    0x98, 0xE0, 0x2E, 0x20, 0xC2, 0x24, 0xD2, 0xA1, 0x40, 0x30, 0xCA, 0x9A, 0x79, 0x45, 0xD5, 0x4A,
    0xED, 0x41, 0x01, 0x03, 0x15, 0x62, 0x5C, 0xE8, 0x3A, 0xA1, 0xC2, 0xE0, 0x61, 0xC0, 0x9C, 0xAF,
    0x7F, 0x97, 0xD9, 0xBE, 0x4E, 0x11, 0xD9, 0xD2, 0xE4, 0x80, 0x75, 0xB1, 0x0E, 0x73, 0x3B, 0x8D,
    0xCB, 0x56, 0x4B, 0xC6, 0xC5, 0x36, 0x6C, 0xEE, 0x87, 0x48, 0xB7, 0x6F, 0xC7, 0xFD, 0xFD, 0x37,
    0xED, 0x27, 0x37, 0xAD, 0xBE, 0x9A, 0xA9, 0xF1, 0x85, 0xB9, 0x4C, 0xAE, 0xFC, 0x48, 0xB8, 0x6C,
    0x09, 0xB3, 0x61, 0x0E, 0x50, 0x00, 0xDC, 0xD0, 0xD0, 0xCA, 0x0D, 0x50, 0x58, 0x17, 0xC3, 0xC3,
    0xE0, 0x8A, 0x3D, 0x10, 0x1E, 0xD0, 0xE9, 0x6F, 0x5B, 0xEF, 0x9A, 0x80, 0x84, 0x17, 0x06, 0xFB,
    0x07, 0x59, 0xDA, 0x37, 0x16, 0x23, 0x02, 0xBF, 0x53, 0xEF, 0xAA, 0xEC, 0x25, 0x9D, 0x6C, 0x45,
    0xE2, 0x0E, 0xFC, 0xA2, 0xC0, 0x93, 0x8B, 0xED, 0xD1, 0x22, 0xB6, 0xA2, 0x1B, 0xD2, 0x98, 0xDF,
    0x05, 0xF8, 0x17, 0x1E, 0xFD, 0x2D, 0x93, 0x45, 0xD6, 0x6B, 0x53, 0xFB, 0x5E, 0xC7, 0xD8, 0xC8,
    0x3F, 0xB4, 0x5D, 0x4A, 0x38, 0x8A, 0x4D, 0xB1, 0x3A, 0x6E, 0xF5, 0xD1, 0xFF, 0xEE, 0xAA, 0x55,
    0x7F, 0xCC, 0x03, 0xFE, 0x5F, 0x82, 0x39, 0xDD, 0x7D, 0x60, 0x73, 0xE9, 0xBC, 0x2A, 0xB6, 0x0B,
    0xEA, 0xE3, 0xAF, 0x3B, 0xE6, 0xC4, 0xFC, 0x3B, 0xB6, 0x49, 0x17, 0xB6, 0xDA, 0x32, 0xCF, 0x1D,
    0xEA, 0xE1, 0xD3, 0xF4, 0x7B, 0x5E, 0xB4, 0xF1, 0xEF, 0x7C, 0x56, 0xF7, 0xF3, 0xEF, 0xD9, 0x21,
    0x23, 0x84, 0x35, 0x2C, 0xEC, 0xB3, 0x8D, 0x81, 0x63, 0x66, 0x39, 0xA4, 0x56, 0xFF, 0xDB, 0xE3,
    0x62, 0x68, 0x1F, 0x15, 0x7E, 0xB8, 0x4F, 0xEE, 0xBE, 0x89, 0x73, 0x05, 0x7F, 0x09, 0x38, 0x21,
    0x5D, 0xF3, 0xD9, 0x34, 0x33, 0x6F, 0xA7, 0xD5, 0xA2, 0x27, 0xFD, 0x52, 0xEE, 0xCD, 0xC1, 0xA3,
    0x12, 0x37, 0x7A, 0x28, 0x64, 0xF4, 0x51, 0xE0, 0x86, 0x94, 0xB8, 0xCB, 0x89, 0x31, 0xDF, 0xCF,
    0x4B, 0xAF, 0xCB, 0xBB, 0xED, 0x96, 0xFB, 0x1C, 0x1F, 0xDB, 0xBF, 0x87, 0x87, 0xA3, 0x47, 0xC6,
    0x17, 0x39, 0x47, 0x9F, 0xC2, 0x1E, 0xCB, 0x82, 0x1F, 0x87, 0x99, 0x45, 0xF6, 0x5F, 0xE9, 0x9F,
    0x37, 0x03, 0xF6, 0x9D, 0xB6, 0x6B, 0xBD, 0x9F, 0x65, 0x38, 0xFE, 0x6C, 0xFA, 0xEF, 0x11, 0x39,
    0xF9, 0x25, 0xF1, 0x91, 0x28, 0xD8, 0x9E, 0x85, 0x0C, 0x1A, 0xBA, 0x0E, 0x8F, 0x2C, 0x03, 0xB3,
    0xC3, 0x99, 0x7F, 0x54, 0x9B, 0xE5, 0x0E, 0xFA, 0x29, 0x56, 0xC7, 0x01, 0xFE, 0x5F, 0xB6, 0xD7,
    0x25, 0xB5, 0x39, 0x1B, 0xF3, 0xF0, 0xE1, 0xF2, 0xD0, 0x34, 0xB0, 0x58, 0x0D, 0x98, 0x53, 0xA3,
    0xE3, 0x86, 0xE1, 0x71, 0x2E, 0xD9, 0x09, 0x3E, 0x39, 0xCB, 0xCF, 0x63, 0x83, 0xB1, 0x2A, 0x8D,
    0x14, 0x71, 0xAC, 0x18, 0xB2, 0xEC, 0x84, 0x53, 0x63, 0x43, 0xE4, 0x12, 0x36, 0x80, 0xD0, 0xD7,
    0x3B, 0x6D, 0xA7, 0x75, 0x52, 0xE1, 0x14, 0x88, 0x5C, 0xAA, 0x70, 0x3E, 0xBA, 0x73, 0x9D, 0xF9,
    0xE1, 0xB9, 0xCC, 0x4D, 0x81, 0x2B, 0xC2, 0x5D, 0xAC, 0x77, 0x88, 0x0D, 0xB9, 0x66, 0x10, 0x71,
    0xAC, 0x8F, 0x02, 0xB6, 0x21, 0x57, 0x3C, 0x29, 0x16, 0xF6, 0xA4, 0x58, 0x78, 0x36, 0xFD, 0x67,
    0xCC, 0x03, 0x37, 0x6C, 0x95, 0x8A, 0x5C, 0xC1, 0x80, 0xC3, 0x09, 0x12, 0xBC, 0x43, 0xBC, 0x42,
    0x85, 0x30, 0x8A, 0x87, 0x02, 0x98, 0x73, 0x08, 0x30, 0xF3, 0xF8, 0x7C, 0x5B, 0x06, 0x65, 0x0A,
    0x00, 0xE4, 0x94, 0x30, 0xFE, 0x95, 0xB3, 0x28, 0x21, 0xD5, 0x1F, 0x61, 0xA3, 0x59, 0x00, 0x8F,
    0xAA, 0xB6, 0x68, 0xCC, 0xB2, 0x9A, 0xB3, 0xC3, 0xBB, 0x93, 0xAD, 0x5B, 0x3C, 0x3A, 0xFC, 0x0B,
    0x4F, 0xB4, 0xAB, 0x91, 0x10, 0x16, 0x75, 0xF4, 0x61, 0x5E, 0xD3, 0xFC, 0x25, 0xFD, 0xAD, 0x37,
    0x7F, 0x61, 0xCC, 0x11, 0x1B, 0x85, 0x8B, 0x71, 0x92, 0x43, 0x6B, 0x44, 0x65, 0x41, 0x44, 0xE9,
    0x97, 0x72, 0xE8, 0xA6, 0x43, 0x3B, 0x45, 0xF5, 0x35, 0x88, 0x3C, 0x81, 0xC2, 0xC6, 0xB1, 0x2C,
    0x0B, 0x2B, 0x31, 0x61, 0x83, 0xE2, 0x40, 0xEC, 0x03, 0xDE, 0x2C, 0x84, 0xF7, 0x36, 0x87, 0xDA,
    0x21, 0xBA, 0xA7, 0xC1, 0x0A, 0x65, 0xE2, 0x8F, 0x59, 0x97, 0xFF, 0x25, 0x2F, 0x34, 0x2B, 0xDA,
    0x6B, 0xAC, 0x49, 0x4A, 0x52, 0xAA, 0x9F, 0xDA, 0x1C, 0x7B, 0xC6, 0x17, 0x94, 0xC8, 0x90, 0x0A,
    0x21, 0x26, 0x9E, 0xC6, 0x08, 0x3D, 0x94, 0x43, 0xA9, 0xB4, 0x96, 0x83, 0x8C, 0x41, 0xA8, 0xCC,
    0xE1, 0x67, 0x0B, 0xB8, 0x2F, 0x5A, 0x7E, 0x57, 0x6B, 0x4C, 0x7F, 0x78, 0x77, 0x73, 0xF9, 0x6C,
    0x55, 0x37, 0x68, 0x63, 0xC0, 0x9A, 0x34, 0xDF, 0xD5, 0xB6, 0x6C, 0x0D, 0x9D, 0x71, 0x2C, 0xC7,
    0x30, 0xD2, 0xD9, 0x2B, 0xAA, 0x0F, 0x41, 0x61, 0x9B, 0xA2, 0x07, 0xBB, 0x15, 0x3D, 0x4C, 0x12,
    0x45, 0x0F, 0x8B, 0x56, 0xD1, 0xBB, 0xD8, 0x04, 0xF0, 0xDF, 0x0C, 0xBA, 0xCF, 0x3B, 0x3D, 0x6F,
    0x00, 0xCC, 0x85, 0xF1, 0x8A, 0x3E, 0x99, 0xAE, 0xD7, 0xE8, 0xF5, 0x7B, 0x81, 0x1E, 0x44, 0xEE,
    0x1E, 0x81, 0x6F, 0x12, 0xA6, 0xD4, 0x6A, 0xBF, 0x06, 0x91, 0xF2, 0x49, 0xEF, 0x5F, 0x49, 0x26,
    0x14, 0x8B, 0x8D, 0x0C, 0x53, 0x81, 0xAD, 0x4C, 0x71, 0x79, 0x5D, 0x9F, 0x4F, 0xE7, 0xB0, 0x39,
    0x64, 0xA7, 0xD4, 0x15, 0x43, 0x9D, 0xF1, 0x26, 0x1C, 0x37, 0x4D, 0x29, 0xB1, 0x9A, 0x60, 0x72,
    0xBD, 0xD8, 0xEB, 0xD9, 0xDA, 0x1B, 0xB4, 0x74, 0x53, 0xA8, 0xC5, 0xD8, 0xE6, 0xEF, 0xCC, 0xE7,
    0x01, 0x11, 0x4F, 0x31, 0x21, 0x45, 0x89, 0x77, 0x19, 0xAB, 0x13, 0x8C, 0x2A, 0x4E, 0xD9, 0x28,
    0x71, 0x0A, 0x94, 0x0B, 0x61, 0xF3, 0x16, 0x21, 0xC8, 0x7F, 0x10, 0x9C, 0x69, 0x8A, 0x12, 0x6C,
    0x64, 0xC6, 0xFE, 0x5E, 0xAE, 0x6A, 0x5B, 0x4C, 0x88, 0x56, 0x96, 0x51, 0x56, 0x4A, 0x56, 0xB8,
    0x0A, 0xEB, 0x26, 0x6D, 0x20, 0x1E, 0xB5, 0x76, 0x21, 0x59, 0x05, 0x8C, 0x39, 0x36, 0x7F, 0x10,
    0x16, 0x79, 0x21, 0x29, 0x63, 0xD9, 0x92, 0x4A, 0x0D, 0xEF, 0x37, 0x7F, 0x3F, 0x43, 0xDE, 0xEB,
    0xBA, 0xDC, 0xAA, 0x12, 0x0E, 0x94, 0x14, 0xF5, 0x1C, 0x41, 0x70, 0xE8, 0xA9, 0xDD, 0x03, 0x3E,
    0x30, 0xB3, 0x68, 0xA7, 0xD5, 0x93, 0x77, 0x50, 0xE2, 0x34, 0xBA, 0x51, 0x1F, 0x61, 0xF5, 0x24,
    0x5D, 0xB5, 0xE4, 0xAD, 0x14, 0xD1, 0x5E, 0x72, 0xD1, 0x1C, 0xDC, 0x95, 0x83, 0xB9, 0xF2, 0x5E,
    0x03, 0x2E, 0x65, 0xD0, 0xF9, 0x28, 0xFD, 0xD2, 0x4C, 0xB7, 0xBC, 0x17, 0x7E, 0xA2, 0xEF, 0x06,
    0x9C, 0x89, 0x1F, 0xC4, 0xF8, 0x79, 0xE8, 0x2E, 0xD6, 0x31, 0x10, 0x3F, 0x08, 0x9D, 0x57, 0x70,
    0x78, 0x15, 0xDF, 0xBA, 0xA6, 0x41, 0xD7, 0x91, 0xEC, 0xAE, 0xD5, 0xC2, 0x25, 0xCE, 0x65, 0x98,
    0xC8, 0xBC, 0x92, 0x96, 0x9A, 0xB8, 0x32, 0x0B, 0x93, 0x8E, 0x9C, 0xB8, 0x57, 0x61, 0xB1, 0x93,
    0x33, 0x2D, 0x56, 0xC1, 0x9D, 0xD3, 0x8D, 0x3A, 0x00, 0x9D, 0xCE, 0x3E, 0x89, 0x4C, 0x43, 0x96,
    0xC4, 0x89, 0x7E, 0xD8, 0x87, 0x01, 0xBE, 0xBD, 0xE1, 0xDB, 0x2D, 0x56, 0x1B, 0x2E, 0x5E, 0x02,
    0xC3, 0xD6, 0x3D, 0x45, 0x58, 0x05, 0xC8, 0x63, 0x60, 0x4E, 0x48, 0x58, 0xDA, 0x66, 0x94, 0x8E,
    0x84, 0x9D, 0x3D, 0xB3, 0x9C, 0x4F, 0x36, 0xD2, 0x88, 0x59, 0xBB, 0x66, 0xD5, 0xBA, 0x50, 0x68,
    0x1E, 0xF2, 0x3F, 0xED, 0x8F, 0x62, 0x33, 0x4C, 0x75, 0x59, 0x7B, 0x5C, 0x29, 0xB0, 0x7E, 0x6D,
    0xEB, 0xFC, 0xEB, 0xE6, 0xEB, 0x5A, 0x3C, 0xCC, 0x57, 0x31, 0x5D, 0xC4, 0x54, 0xE0, 0x57, 0xEB,
    0xEE, 0x9D, 0x33, 0x46, 0x22, 0xEA, 0xE6, 0x0A, 0x36, 0xE7, 0xBC, 0x85, 0xF8, 0xC1, 0xDD, 0x66,
    0x33, 0x35, 0xDB, 0xA8, 0x79, 0x41, 0x51, 0x41, 0x70, 0x4B, 0x57, 0xE8, 0x66, 0x6E, 0xCE, 0xA6,
    0x77, 0x4C, 0x63, 0x80, 0x2E, 0xAE, 0x85, 0xC6, 0xB1, 0x44, 0xB8, 0x66, 0x31, 0x76, 0x8E, 0x18,
    0x1B, 0x59, 0x0C, 0x42, 0x7C, 0xF5, 0x4C, 0xD3, 0xD8, 0xBB, 0xB6, 0x45, 0x27, 0x74, 0x11, 0x21,
    0xA8, 0x8B, 0xDA, 0x82, 0x0F, 0xDC, 0x22, 0x31, 0xB5, 0x8B, 0x48, 0x72, 0xED, 0x68, 0x64, 0x74,
    0x28, 0xF9, 0x90, 0xF1, 0x81, 0x11, 0xBB, 0xB5, 0x21, 0x00, 0x3D, 0xD8, 0x83, 0x07, 0x71, 0x89,
    0x88, 0x25, 0xEA, 0xCA, 0x9C, 0x6C, 0x0F, 0x60, 0x6A, 0x05, 0xD0, 0x8A, 0x62, 0xC4, 0xB6, 0xA4,
    0x0E, 0x64, 0xD8, 0xEF, 0xB1, 0xDD, 0x23, 0x18, 0x98, 0x37, 0xDE, 0x87, 0x8A, 0xF6, 0xC9, 0x20,
    0x08, 0x7B, 0x60, 0x31, 0x6B, 0x9B, 0xFB, 0x3E, 0x3E, 0xCF, 0x34, 0xE2, 0xAD, 0x8D, 0xB3, 0x0A,
    0x9A, 0x43, 0x47, 0x16, 0x35, 0xE9, 0x9C, 0xE7, 0x3E, 0xF7, 0x95, 0x85, 0x26, 0xEA, 0x20, 0x81,
    0x12, 0xB9, 0x31, 0x9B, 0x02, 0x08, 0x06, 0x01, 0x2C, 0xD1, 0x81, 0xE4, 0x4D, 0x18, 0xAF, 0x40,
    0x9C, 0x74, 0xB8, 0xA1, 0x26, 0x1C, 0x01, 0x97, 0x00, 0x5E, 0x13, 0xF0, 0x73, 0x8B, 0x68, 0x82,
    0x71, 0x1D, 0x54, 0x10, 0x5A, 0xCD, 0x14, 0xAC, 0xD6, 0xEA, 0x57, 0x02, 0x90, 0x02, 0x7C, 0xFD,
    0x3B, 0xEB, 0x6B, 0xFA, 0xB5, 0x80, 0xA0, 0x15, 0x10, 0x76, 0x02, 0x22, 0x80, 0x98, 0x41, 0xB5,
    0x5B, 0xB4, 0xA4, 0x53, 0xB1, 0xCA, 0x80, 0x7C, 0x8F, 0x26, 0x98, 0x83, 0x9A, 0x93, 0x69, 0xD9,
    0x76, 0xCF, 0x76, 0x7A, 0xB6, 0xD9, 0x8B, 0xBD, 0x3E, 0x3D, 0xF1, 0xFF, 0x69, 0xFA, 0xFF, 0xA9,
    0x24, 0xC4, 0x90, 0x2C, 0x28, 0x22, 0x3F, 0xB3, 0x14, 0xE9, 0x32, 0x0B, 0xD9, 0xA4, 0xD8, 0xFC,
    0x4A, 0x90, 0xDE, 0x5F, 0x4A, 0x4F, 0xB9, 0x4E, 0x2E, 0x29, 0xA2, 0x9C, 0x40, 0xC9, 0x8A, 0x78,
    0x37, 0x8B, 0x19, 0xA0, 0x51, 0xB9, 0xB4, 0x1A, 0x27, 0x16, 0x3A, 0xF9, 0x01, 0x5E, 0xC0, 0x99,
    0xAB, 0x62, 0x1D, 0x7E, 0xE1, 0x59, 0xA7, 0x2D, 0xED, 0x7D, 0x56, 0x66, 0xBE, 0x70, 0x9D, 0x15,
    0x63, 0x2E, 0xFC, 0x86, 0x2B, 0xB1, 0xDE, 0x33, 0x09, 0xB7, 0x99, 0x9A, 0xDB, 0x4C, 0x44, 0xA1,
    0x84, 0x08, 0x87, 0x22, 0xCD, 0x49, 0xA3, 0x77, 0x8D, 0xD1, 0x35, 0xEC, 0xD4, 0x28, 0xD1, 0xF8,
    0x0D, 0xB3, 0x21, 0x37, 0xFE, 0xD3, 0x22, 0xD7, 0xC4, 0xBE, 0xC7, 0xDA, 0x1A, 0x37, 0xDE, 0xA5,
    0x9F, 0x49, 0xA3, 0x2C, 0x6C, 0x86, 0x06, 0x21, 0x0F, 0x8D, 0xC8, 0xD6, 0x68, 0x90, 0xF6, 0x8D,
    0x86, 0x6F, 0x07, 0x34, 0x54, 0x02, 0x85, 0xE7, 0x0F, 0x8D, 0xC4, 0x35, 0x22, 0xD7, 0x08, 0x5C,
    0x43, 0xB8, 0x25, 0x60, 0x2F, 0x16, 0xE2, 0xD8, 0xE5, 0x67, 0x7A, 0x8D, 0x04, 0x8D, 0x95, 0x89,
    0x5C, 0x96, 0xED, 0xE2, 0x47, 0x1B, 0x88, 0x51, 0x7D, 0x1F, 0x53, 0x5E, 0xA5, 0xCB, 0x68, 0x98,
    0xBB, 0x8A, 0xD2, 0x76, 0xC3, 0x83, 0x09, 0x69, 0xE4, 0x35, 0xFC, 0xFA, 0xD2, 0x31, 0xB9, 0x50,
    0x3B, 0xEC, 0xC8, 0x59, 0xB2, 0x25, 0x86, 0x97, 0xB6, 0x8F, 0xAC, 0x4B, 0x9F, 0x1D, 0x4D, 0xEA,
    0x42, 0xF0, 0xEC, 0xFF, 0x88, 0x85, 0x89, 0x59, 0x6F, 0x05, 0xCD, 0xE3, 0x41, 0x03, 0xB6, 0x40,
    0x54, 0x2C, 0x16, 0x17, 0x76, 0x60, 0x69, 0x94, 0x6E, 0xCF, 0xBA, 0x80, 0x9D, 0xB2, 0xF3, 0x9F,
    0xB0, 0xC4, 0x89, 0x2C, 0xE1, 0x62, 0xC8, 0xD6, 0xCE, 0xB9, 0x49, 0xA7, 0x5B, 0xA7, 0xB5, 0x3B,
    0xAD, 0xCE, 0x31, 0xCB, 0x5A, 0xAF, 0x73, 0x0E, 0x70, 0x6A, 0x64, 0xE7, 0x8B, 0x23, 0xA6, 0x48,
    0x1A, 0x68, 0xA4, 0xAA, 0xAE, 0xB9, 0x34, 0xB1, 0x66, 0x2E, 0xF1, 0xA9, 0x77, 0x1F, 0x18, 0x5C,
    0xD8, 0xB9, 0x52, 0x76, 0xD9, 0x29, 0x2E, 0xBD, 0x0B, 0xEC, 0xB5, 0x2E, 0xB4, 0x97, 0x48, 0x5D,
    0xEB, 0x9C, 0xD2, 0x62, 0x00, 0x93, 0x9F, 0x34, 0x70, 0xB6, 0x38, 0x6F, 0xB2, 0x5D, 0xA6, 0xD5,
    0x93, 0x45, 0xED, 0x73, 0x71, 0xF0, 0x25, 0x08, 0xB2, 0xBD, 0x24, 0x15, 0x7B, 0x16, 0xA9, 0x9A,
    0x84, 0x1D, 0xC1, 0xD5, 0xAF, 0x34, 0x42, 0xB5, 0x9B, 0x69, 0x9D, 0xBE, 0x23, 0x31, 0x88, 0x71,
    0xE5, 0x1C, 0xAF, 0x66, 0xEB, 0x49, 0x3B, 0x19, 0x62, 0x24, 0x42, 0xC3, 0x6C, 0x1A, 0x63, 0x66,
    0x13, 0x77, 0xDE, 0x9A, 0xAE, 0xC3, 0x9E, 0x84, 0x6B, 0x92, 0xF0, 0x11, 0x75, 0x5E, 0x41, 0xFA,
    0x3E, 0x2B, 0x0D, 0x4D, 0x64, 0xFB, 0x42, 0x04, 0x84, 0x2A, 0x86, 0xAC, 0xC7, 0x49, 0xD9, 0x9A,
    0x28, 0xF7, 0x2D, 0xDE, 0xD7, 0x0F, 0x74, 0x6F, 0x4E, 0xD8, 0x2B, 0xAF, 0x45, 0x0C, 0xD6, 0xE5,
    0x0C, 0x1C, 0x9E, 0xBF, 0x8C, 0x96, 0x64, 0x7C, 0xB5, 0x9A, 0xD4, 0x93, 0x88, 0x84, 0x16, 0xC2,
    0x25, 0xA0, 0xAD, 0x7C, 0xEE, 0xB5, 0xBF, 0xC7, 0x19, 0x54, 0x1E, 0x99, 0x41, 0xDD, 0x91, 0xA9,
    0xB4, 0x9E, 0x41, 0x2B, 0x37, 0x83, 0x4A, 0x37, 0x83, 0x1A, 0x37, 0x83, 0x5A, 0x37, 0x83, 0xFA,
    0x69, 0x06, 0x19, 0x37, 0x83, 0x32, 0x37, 0x83, 0x4A, 0x37, 0x83, 0x1A, 0x37, 0x83, 0x5A, 0x37,
    0x83, 0x86, 0x2F, 0x36, 0x83, 0x52, 0x37, 0x83, 0xE2, 0xF5, 0x0C, 0x5A, 0x6D, 0x06, 0x40, 0x3D,
    0xAB, 0xE1, 0x38, 0x5E, 0xA7, 0x21, 0x50, 0xFE, 0xA8, 0x9A, 0x6F, 0xA0, 0x9E, 0x53, 0x6E, 0x68,
    0x95, 0x92, 0xA9, 0x94, 0x8F, 0x8B, 0x59, 0xD4, 0xDC, 0xA9, 0xB3, 0x33, 0x6B, 0xD8, 0x30, 0xC5,
    0x55, 0x51, 0x78, 0xD6, 0x00, 0x94, 0x6A, 0xC1, 0x9F, 0xC0, 0x46, 0xCA, 0xD0, 0x30, 0x2B, 0xD8,
    0x10, 0x38, 0xF3, 0x63, 0xBD, 0x8E, 0xA1, 0x76, 0x51, 0x99, 0x89, 0x48, 0x9C, 0xCF, 0xED, 0xEF,
    0xEF, 0xCD, 0xCB, 0x45, 0xE5, 0x6B, 0xA3, 0x6C, 0xA3, 0x45, 0xA3, 0x4E, 0x95, 0x4C, 0x49, 0x02,
    0xCF, 0x70, 0x77, 0x99, 0xC9, 0x0B, 0x8D, 0x71, 0x89, 0x34, 0x84, 0x23, 0x75, 0xC1, 0x0E, 0x1C,
    0x83, 0x32, 0x22, 0x9D, 0xDE, 0x72, 0x3E, 0x2C, 0x1B, 0xE1, 0x78, 0x68, 0x92, 0x5D, 0x89, 0xA2,
    0x2F, 0x91, 0x45, 0x15, 0x18, 0x5A, 0x80, 0x13, 0x68, 0x17, 0x28, 0x0F, 0x13, 0x28, 0xF4, 0x8F,
    0xC2, 0xFC, 0xF8, 0xCF, 0xEB, 0x14, 0xA9, 0x5F, 0x95, 0x84, 0xE3, 0x85, 0x6C, 0x4B, 0x14, 0x7B,
    0x78, 0x29, 0x82, 0x38, 0xDD, 0x24, 0x42, 0xDF, 0xB0, 0x65, 0xD1, 0x3F, 0x75, 0x7B, 0x2F, 0x74,
    0xB1, 0x19, 0xAA, 0x3A, 0xB9, 0xE9, 0x06, 0x4C, 0x16, 0x16, 0x92, 0xFA, 0xD6, 0xFE, 0xCC, 0x29,
    0x80, 0x62, 0x5B, 0x08, 0x4A, 0x83, 0xAA, 0x7B, 0xD4, 0x0F, 0x3F, 0x4B, 0x25, 0xE7, 0xDB, 0xD4,
    0x0E, 0x55, 0x72, 0x03, 0x51, 0x6C, 0xCA, 0x90, 0x07, 0x5E, 0x47, 0x5C, 0xE9, 0x86, 0xD8, 0x8D,
    0x91, 0x94, 0x72, 0xC2, 0x01, 0x27, 0x96, 0x93, 0x52, 0x97, 0x8B, 0x67, 0xF6, 0xC8, 0xB1, 0x63,
    0x32, 0xEA, 0xB1, 0x4D, 0x39, 0xDA, 0x83, 0x46, 0xBF, 0xF2, 0xD9, 0x80, 0x49, 0xEB, 0x6C, 0x19,
    0x4D, 0xD7, 0xC7, 0xBD, 0x10, 0x1A, 0xC9, 0xA4, 0xBA, 0x2E, 0xE3, 0xF8, 0x8A, 0x06, 0x8C, 0xE7,
    0x92, 0x3D, 0xC7, 0x26, 0x5A, 0x1F, 0x06, 0xEB, 0x4F, 0x10, 0x45, 0x95, 0xAA, 0xD6, 0x18, 0xA3,
    0x86, 0xCB, 0xBA, 0x28, 0xD4, 0x09, 0x35, 0xA1, 0x2E, 0x28, 0x1F, 0x78, 0x82, 0x46, 0x8E, 0x36,
    0xA0, 0x73, 0x4B, 0x8F, 0x6D, 0xCA, 0x07, 0xDB, 0xAD, 0x53, 0xBD, 0xB1, 0xA2, 0x29, 0xEA, 0x8E,
    0x22, 0xEE, 0xAC, 0xF1, 0x04, 0x8F, 0x06, 0x1E, 0xBF, 0xD2, 0x43, 0x19, 0xA0, 0x1A, 0xE1, 0xA1,
    0x79, 0x23, 0x22, 0x32, 0x5F, 0x0E, 0xC9, 0xA6, 0xA5, 0x2C, 0x16, 0xD1, 0x08, 0xAB, 0x7F, 0xD2,
    0xA2, 0x46, 0x52, 0xBA, 0x82, 0x23, 0xE5, 0x6B, 0x87, 0x2A, 0x9D, 0x3C, 0x59, 0x2B, 0xF8, 0xF5,
    0xBC, 0xF9, 0x27, 0xC6, 0x51, 0x29, 0xDE, 0x88, 0x77, 0x25, 0xA8, 0xF5, 0x67, 0x12, 0x55, 0xFA,
    0xA2, 0x54, 0xDC, 0x60, 0xB1, 0xC5, 0xEF, 0xD9, 0x70, 0x19, 0xB4, 0x11, 0x5D, 0xD5, 0xAF, 0x23,
    0xEA, 0x87, 0xB7, 0x5A, 0x9C, 0x79, 0xAE, 0x99, 0xC2, 0x60, 0x61, 0x45, 0x83, 0x8B, 0xD1, 0x5A,
    0x4D, 0xCE, 0x72, 0xAD, 0x78, 0x6A, 0xE5, 0x76, 0x8F, 0xBD, 0xB0, 0xAF, 0x74, 0x6C, 0xAB, 0xE2,
    0x56, 0x28, 0x46, 0x2F, 0x6E, 0x05, 0x6D, 0x20, 0x2E, 0xD2, 0xD6, 0xF8, 0x4D, 0x84, 0xF0, 0x5F,
    0x83, 0x10, 0x01, 0xB4, 0x12, 0xEB, 0xDC, 0xF8, 0xE9, 0xBA, 0x25, 0xEE, 0x68, 0x2E, 0x51, 0x82,
    0x16, 0xB2, 0xBB, 0xA6, 0x96, 0x7E, 0x36, 0xEA, 0xB7, 0x07, 0xBB, 0xD7, 0xB4, 0x75, 0xE8, 0x2A,
    0x53, 0x8B, 0x8B, 0x83, 0x49, 0xAB, 0x77, 0x3D, 0xF0, 0xC6, 0x50, 0xFB, 0xE7, 0x8F, 0xBE, 0xF6,
    0xD9, 0x1F, 0xD9, 0x91, 0x4B, 0xAD, 0xDD, 0x1B, 0xA3, 0x1B, 0xAE, 0x04, 0x0D, 0xE0, 0xD5, 0x83,
    0xBB, 0xC1, 0x11, 0xDB, 0x6E, 0xE4, 0xB4, 0x08, 0xEC, 0xEE, 0xAC, 0xA9, 0xC8, 0xB9, 0x23, 0xCE,
    0x4D, 0xC2, 0x38, 0x65, 0x17, 0x65, 0xC5, 0x28, 0x1E, 0xAD, 0xF8, 0xEE, 0xF9, 0xF5, 0x3B, 0xDB,
    0x09, 0x51, 0x47, 0xF1, 0x7C, 0x65, 0xCC, 0x84, 0xE9, 0x00, 0xD2, 0x92, 0x4A, 0x2B, 0xD4, 0x95,
    0x06, 0xD3, 0xE6, 0xF7, 0xD4, 0x97, 0x5C, 0x19, 0xE2, 0x68, 0x63, 0xC8, 0x71, 0xCE, 0xEE, 0x35,
    0xA1, 0x74, 0xA3, 0x92, 0x80, 0x1B, 0x3D, 0x22, 0x29, 0x84, 0xF0, 0xA8, 0x57, 0xC7, 0xD2, 0xFA,
    0x5D, 0xEF, 0x1F, 0xA6, 0x11, 0x71, 0x7F, 0x3E, 0x75, 0x5E, 0xFC, 0x5A, 0xE8, 0x0C, 0xB3, 0x1B,
    0xCF, 0x9B, 0xEB, 0x34, 0x94, 0xEB, 0x3F, 0x72, 0x1E, 0x6F, 0x91, 0xAC, 0xEA, 0xCD, 0x9C, 0x0F,
    0x0D, 0x9A, 0x74, 0x71, 0x1A, 0x89, 0xEE, 0x93, 0x85, 0x4A, 0x6F, 0x85, 0xBA, 0xA2, 0xBF, 0x61,
    0x3E, 0xAB, 0x74, 0xC9, 0xE8, 0xD2, 0x23, 0x6B, 0x85, 0x9D, 0x58, 0x96, 0x6F, 0xDB, 0x61, 0xD3,
    0x37, 0x9C, 0x2A, 0x74, 0x91, 0x26, 0xD1, 0x21, 0xE8, 0x3E, 0x4F, 0x9C, 0x2F, 0x59, 0x6A, 0xC7,
    0xF4, 0x88, 0x84, 0x28, 0x86, 0xDB, 0xF0, 0x39, 0xAB, 0x23, 0xB5, 0x50, 0x45, 0x65, 0xF2, 0x59,
    0x8F, 0x3A, 0xD5, 0x7B, 0x84, 0xA4, 0x14, 0x7D, 0xAC, 0x3E, 0x6B, 0x28, 0x0F, 0xEC, 0xAB, 0x6E,
    0xB5, 0x3F, 0xEA, 0x23, 0x2F, 0x9C, 0xCF, 0x1C, 0x25, 0x2B, 0xF6, 0x22, 0x48, 0x94, 0x5C, 0x52,
    0x66, 0x95, 0xC3, 0x57, 0x5D, 0xE6, 0xC0, 0xAA, 0x1A, 0x1D, 0x7E, 0x32, 0x0D, 0xFF, 0xFB, 0x2E,
    0x29, 0x75, 0x61, 0x5D, 0xB8, 0xB9, 0x98, 0x31, 0xC4, 0xBE, 0x25, 0xFA, 0xBC, 0x14, 0x8A, 0x89,
    0x8F, 0x1A, 0xB4, 0xBC, 0x1D, 0x6F, 0x67, 0x49, 0x8B, 0x64, 0x9F, 0x92, 0x2C, 0xDE, 0xE7, 0xF6,
    0xFF, 0x24, 0x04, 0x94, 0x5D, 0xAB, 0x56, 0xBC, 0x3B, 0xEF, 0xBF, 0x05, 0xC9, 0xB7, 0xE8, 0xEF,
    0xE7, 0x40, 0xF3, 0x6E, 0x0F, 0x35, 0x25, 0xD2, 0xE9, 0x70, 0xD1, 0x69, 0xC5, 0xCC, 0xED, 0xAA,
    0x23, 0xAA, 0x2C, 0xA8, 0x6E, 0x38, 0x97, 0x34, 0xE1, 0x12, 0xA3, 0xA7, 0x60, 0x3B, 0x35, 0x18,
    0x7B, 0x3A, 0x17, 0x10, 0xAF, 0xFE, 0x28, 0x48, 0x37, 0xD3, 0xC5, 0xC5, 0xA1, 0xDE, 0x3A, 0x5D,
    0x5C, 0x18, 0x0D, 0x09, 0xCD, 0x9D, 0xCB, 0x13, 0x11, 0xAF, 0xFE, 0x1D, 0x65, 0x39, 0xF1, 0xE3,
    0xA7, 0xB4, 0x54, 0xA2, 0xC0, 0x94, 0x86, 0xDE, 0x37, 0x98, 0xFD, 0x71, 0x0F, 0x63, 0x53, 0x38,
    0x09, 0x93, 0x2E, 0x9D, 0xC6, 0x05, 0x54, 0x34, 0x4F, 0x66, 0xFD, 0x8C, 0x93, 0x24, 0x63, 0x3A,
    0x67, 0xF7, 0x65, 0xB1, 0x4A, 0x6A, 0x93, 0x73, 0x71, 0xA2, 0xB4, 0x91, 0x8A, 0x5C, 0x83, 0x96,
    0xB4, 0x80, 0x8D, 0x4D, 0xD0, 0xBA, 0x99, 0xC2, 0xF9, 0x48, 0xB8, 0x06, 0x3E, 0x90, 0x64, 0x6D,
    0x89, 0x0A, 0xD5, 0xED, 0x53, 0xCA, 0xEE, 0x9B, 0xF1, 0x9A, 0xD5, 0x4D, 0x35, 0x20, 0xBD, 0xEC,
    0xA8, 0x64, 0xF8, 0x49, 0xA6, 0xE2, 0x8C, 0x37, 0xE5, 0xE8, 0xB0, 0x5B, 0xE6, 0xE0, 0xF6, 0x28,
    0x96, 0x91, 0x51, 0x92, 0xA6, 0x24, 0x4D, 0xC7, 0x1F, 0xF8, 0xB8, 0x90, 0xE0, 0x23, 0xEF, 0xA6,
    0x06, 0xA9, 0xA5, 0x2A, 0x1E, 0x40, 0x26, 0xE4, 0x37, 0xF0, 0x6D, 0xA1, 0x6E, 0x2F, 0x7F, 0xD1,
    0xCB, 0x5E, 0x3B, 0xE2, 0x2C, 0x48, 0x50, 0xD9, 0x55, 0xD9, 0xF0, 0x8A, 0x8C, 0xB5, 0x6C, 0xB1,
    0x24, 0x64, 0x62, 0x86, 0xC8, 0x38, 0xAC, 0xCD, 0xF2, 0x8E, 0x45, 0xDC, 0x51, 0xD8, 0x0F, 0x80,
    0x3C, 0xCE, 0x67, 0x50, 0xCB, 0x83, 0x10, 0xF7, 0xE5, 0xFD, 0xF5, 0x30, 0xFE, 0x44, 0x98, 0xB8,
    0x72, 0x96, 0x63, 0x89, 0x7E, 0x41, 0x44, 0xD6, 0x4A, 0x0B, 0x88, 0x4A, 0xA6, 0x32, 0xF6, 0xC4,
    0xCD, 0xD1, 0x7B, 0xBB, 0xC2, 0xD9, 0x92, 0x12, 0x06, 0x61, 0xAB, 0x4C, 0x06, 0xCF, 0x96, 0x69,
    0x4B, 0xD3, 0x28, 0xE7, 0x1C, 0x21, 0xAE, 0xE2, 0x99, 0xE5, 0xC8, 0x1C, 0x81, 0xC3, 0xB5, 0x42,
    0xD9, 0x97, 0x85, 0x98, 0x21, 0xC4, 0x90, 0xC2, 0xA1, 0x65, 0x7F, 0x46, 0x5F, 0xD5, 0x05, 0x8B,
    0xB4, 0xBC, 0x9B, 0x57, 0xB6, 0xF4, 0x58, 0x4E, 0x0F, 0xD8, 0x32, 0x84, 0xEA, 0xA6, 0xBD, 0xFA,
    0x05, 0x5F, 0x9E, 0x15, 0x78, 0x94, 0xAE, 0x7A, 0xAE, 0x86, 0x0C, 0xCF, 0xEF, 0x4F, 0x24, 0x77,
    0xA4, 0xE1, 0x2F, 0xA8, 0x2B, 0x0D, 0xEF, 0x36, 0x2C, 0xD6, 0xDF, 0xE2, 0x32, 0x34, 0x8F, 0x13,
    0xD1, 0x90, 0x34, 0x8E, 0x12, 0x04, 0xA5, 0xC6, 0x8D, 0x16, 0x3F, 0xE6, 0x64, 0xB1, 0x90, 0xFB,
    0xBB, 0x18, 0xD9, 0x1E, 0x49, 0x6A, 0x48, 0xB5, 0x29, 0x93, 0x3C, 0x2A, 0x7A, 0x9D, 0xF7, 0x29,
    0x62, 0xB4, 0x16, 0x2C, 0xAA, 0x61, 0xB4, 0x6B, 0x77, 0x0B, 0x62, 0x35, 0x90, 0x79, 0x58, 0x54,
    0x93, 0x1D, 0xCF, 0xEF, 0xCE, 0xC0, 0x1C, 0x99, 0x8A, 0x74, 0xC8, 0x76, 0x21, 0xF1, 0x72, 0x18,
    0x87, 0x64, 0xC9, 0x58, 0x57, 0x18, 0x44, 0xF6, 0xF3, 0x64, 0x4A, 0x9C, 0x91, 0xC2, 0x8C, 0x8B,
    0x96, 0xD7, 0x6F, 0xA6, 0x84, 0x04, 0x0F, 0x8B, 0x45, 0xF3, 0x57, 0x08, 0xC6, 0xEC, 0xA7, 0xBA,
    0x86, 0x6A, 0xF1, 0x3D, 0x92, 0x73, 0x73, 0x7E, 0x89, 0x9D, 0xD1, 0xE8, 0xC3, 0x8A, 0xC4, 0x80,
    0xA8, 0xF1, 0xB9, 0x78, 0x31, 0x51, 0x37, 0x18, 0x93, 0x5A, 0xE3, 0x01, 0x64, 0x37, 0x14, 0x93,
    0xBE, 0xC8, 0x12, 0xDE, 0xCE, 0xD9, 0x58, 0x0A, 0x5D, 0x7D, 0x30, 0x7E, 0x6D, 0x80, 0xD1, 0x81,
    0xBB, 0xA4, 0x84, 0x6D, 0x8F, 0x05, 0x29, 0xD8, 0x24, 0xDA, 0x08, 0xF0, 0x87, 0x82, 0x4D, 0x12,
    0x7E, 0x9F, 0x02, 0x2C, 0x79, 0xCF, 0x5B, 0xEC, 0x7D, 0x66, 0x14, 0xC5, 0x83, 0x03, 0x37, 0x24,
    0x9C, 0x26, 0x70, 0xC5, 0x06, 0x2D, 0x6A, 0x0D, 0x1E, 0x57, 0x9B, 0x5E, 0x83, 0xD7, 0x03, 0x57,
    0xDA, 0x6E, 0xC3, 0x1D, 0xE8, 0x72, 0x7E, 0xE7, 0xEE, 0x40, 0xF5, 0x91, 0x86, 0xED, 0x66, 0xDC,
    0x9E, 0x92, 0x4D, 0xE2, 0x4D, 0xD3, 0x8D, 0x03, 0xF3, 0x15, 0x07, 0x9E, 0x4B, 0x00, 0x17, 0xDB,
    0x52, 0xAC, 0xD6, 0xEF, 0xBB, 0xDF, 0x03, 0x6A, 0x67, 0xDA, 0xDD, 0xB7, 0x60, 0x4A, 0x93, 0x03,
    0x87, 0x66, 0xF2, 0x78, 0x57, 0x93, 0xAE, 0xE9, 0x64, 0x67, 0xC4, 0xB5, 0x0E, 0x6E, 0x3E, 0xFA,
    0x83, 0x2B, 0x49, 0x24, 0x82, 0xA5, 0xAC, 0x2A, 0xE3, 0x2C, 0x24, 0x9B, 0x7D, 0x6C, 0x41, 0x2D,
    0x3E, 0x36, 0x9A, 0xDD, 0xFC, 0x75, 0x30, 0x2E, 0x30, 0x09, 0x7E, 0x3E, 0xC0, 0x52, 0xDE, 0xCE,
    0x72, 0x09, 0x42, 0x48, 0xAD, 0x9E, 0x3D, 0xD9, 0x8B, 0xF9, 0x38, 0xB1, 0x8E, 0x78, 0x20, 0xD9,
    0x04, 0x85, 0x68, 0xBA, 0x78, 0x3A, 0x10, 0xBE, 0xBC, 0x6B, 0xA4, 0xDB, 0x44, 0x3D, 0xAD, 0x75,
    0x49, 0x9F, 0x30, 0xE9, 0xBF, 0x7E, 0x26, 0x98, 0xE0, 0x61, 0x11, 0xA0, 0x42, 0xC1, 0x0F, 0xB5,
    0xE5, 0xCE, 0xC0, 0x43, 0x24, 0xC0, 0x83, 0x9B, 0x67, 0x57, 0x8A, 0x61, 0x57, 0x94, 0x27, 0x09,
    0x6C, 0xCB, 0xE4, 0xED, 0x7D, 0xA1, 0xF8, 0x6F, 0xE0, 0x2B, 0x60, 0xC3, 0xEF, 0x6B, 0x1A, 0x43,
    0xD1, 0x58, 0x4D, 0x78, 0x57, 0x5F, 0x64, 0xF4, 0xA9, 0xEA, 0x74, 0x51, 0xA9, 0x8A, 0xE4, 0xA2,
    0x4C, 0x6A, 0x73, 0x6F, 0x2F, 0x97, 0x8F, 0x5B, 0xBA, 0x7C, 0x5C, 0x8E, 0x39, 0xEF, 0xF8, 0x93,
    0xEC, 0x29, 0xDE, 0xB5, 0xC4, 0x87, 0xC9, 0x3D, 0x45, 0x08, 0xF8, 0x19, 0x6B, 0xB0, 0x2E, 0x88,
    0x84, 0x6B, 0xAB, 0x49, 0x17, 0xA9, 0xB8, 0x35, 0x65, 0x97, 0xEF, 0xA0, 0x99, 0x4E, 0x8F, 0x28,
    0xF0, 0x5D, 0x7D, 0x07, 0x63, 0xDD, 0x7C, 0x8B, 0x27, 0x27, 0xF8, 0xF5, 0xFD, 0x0D, 0x11, 0x3B,
    0x5F, 0x7D, 0x0D, 0x51, 0x64, 0x89, 0x28, 0x50, 0x43, 0xBE, 0x0E, 0xD9, 0x0B, 0xDA, 0x42, 0x2C,
    0x41, 0x0D, 0xAA, 0x24, 0xED, 0x2C, 0x6F, 0x9E, 0x8E, 0xE1, 0x65, 0xD1, 0x11, 0xCF, 0xB1, 0x58,
    0x10, 0xCA, 0x06, 0xD8, 0x72, 0xC4, 0x5B, 0x6E, 0x1B, 0x18, 0xDA, 0x1B, 0x23, 0x86, 0xC4, 0x07,
    0x03, 0x5A, 0x14, 0x51, 0xE8, 0x00, 0xC6, 0x25, 0x92, 0x9C, 0xE9, 0xB5, 0xE3, 0x22, 0x2A, 0x89,
    0x7F, 0x7F, 0x21, 0x32, 0xCD, 0x28, 0x79, 0x34, 0xD7, 0x77, 0x16, 0xBB, 0xF3, 0x9A, 0xA4, 0xE1,
    0xC4, 0x53, 0x2E, 0xB2, 0x39, 0x72, 0x18, 0xFA, 0xEC, 0xBA, 0xA5, 0x4F, 0x78, 0xEA, 0x54, 0x9E,
    0xF2, 0xD7, 0x81, 0x9F, 0x6B, 0x66, 0x5A, 0x58, 0x6B, 0xCF, 0x3D, 0xFB, 0x78, 0x2B, 0xB5, 0x7C,
    0x86, 0x15, 0xEC, 0xA0, 0xAC, 0x58, 0x14, 0xCA, 0x3E, 0x6F, 0x8E, 0x8E, 0xB3, 0x7A, 0x97, 0x1C,
    0xE8, 0x4C, 0x6F, 0x2E, 0x7A, 0xC0, 0xDB, 0x79, 0xC2, 0x50, 0x9F, 0x8B, 0xA1, 0x76, 0xC4, 0xEA,
    0xB3, 0x68, 0x4C, 0x90, 0x89, 0xB0, 0x15, 0x0B, 0x43, 0xFD, 0xA0, 0x90, 0xB5, 0x4A, 0x26, 0xAE,
    0x67, 0x5D, 0x56, 0x61, 0x35, 0x09, 0x90, 0xE7, 0x95, 0xBD, 0xD6, 0xA9, 0x3C, 0xAE, 0xC8, 0xFA,
    0xFA, 0xC9, 0x2E, 0xE3, 0x2B, 0x60, 0x26, 0xAF, 0x0F, 0x5A, 0x35, 0x2D, 0xF8, 0x87, 0x1A, 0xDE,
    0x10, 0x34, 0x66, 0x5E, 0x1B, 0x70, 0xF6, 0x30, 0x9D, 0x65, 0xF7, 0x84, 0xE1, 0x3E, 0xC7, 0xAE,
    0xB8, 0x70, 0xE9, 0xAB, 0x88, 0x53, 0xF8, 0x10, 0xB9, 0x83, 0x70, 0x54, 0x0F, 0xA8, 0x7A, 0x37,
    0x48, 0xDD, 0x36, 0x33, 0xE2, 0x5D, 0xF1, 0x62, 0x07, 0x74, 0x6A, 0xB6, 0x16, 0x84, 0xF9, 0x57,
    0xCF, 0x27, 0x17, 0x5E, 0x76, 0xFE, 0x9D, 0x56, 0x8A, 0x41, 0x4B, 0xF2, 0x3C, 0x02, 0x9A, 0x9D,
    0x37, 0xDE, 0x24, 0x43, 0x80, 0x31, 0x16, 0x1D, 0x72, 0x7C, 0x49, 0x03, 0x86, 0xE7, 0xC1, 0x1F,
    0x55, 0xBF, 0x0B, 0x5A, 0xD5, 0x87, 0xFC, 0x95, 0xF9, 0xC7, 0x27, 0xCB, 0xDE, 0xFD, 0x70, 0x61,
    0x15, 0x8A, 0x3D, 0xAB, 0x17, 0x1D, 0x29, 0xEC, 0xC5, 0xD1, 0x11, 0xF5, 0xE2, 0xD1, 0x89, 0x5B,
    0xB1, 0x02, 0xA7, 0x8D, 0x78, 0x48, 0xD2, 0x52, 0x18, 0x36, 0x7F, 0x61, 0x44, 0xB6, 0xA4, 0xF0,
    0xE4, 0x9F, 0xEA, 0x83, 0xD9, 0xCE, 0xE9, 0x5A, 0x78, 0x8E, 0x39, 0x63, 0x74, 0x9C, 0x61, 0x0F,
    0x73, 0x46, 0xB2, 0xE6, 0x8C, 0x83, 0xA5, 0x2B, 0x9A, 0x3F, 0xE3, 0x0C, 0x17, 0x17, 0x07, 0xCE,
    0xD8, 0x9E, 0x38, 0xE3, 0xEA, 0x6D, 0xE7, 0xBD, 0x9A, 0x1E, 0xAC, 0xE2, 0xB6, 0x88, 0x85, 0x35,
    0x9B, 0xB1, 0x89, 0xD4, 0x78, 0x3F, 0xDB, 0xAC, 0x4F, 0xA0, 0x4F, 0xC9, 0xDA, 0x88, 0x75, 0x3D,
    0xFB, 0xFC, 0x20, 0x4E, 0xA8, 0xEB, 0x3B, 0x78, 0x70, 0x95, 0xBA, 0xFD, 0x5C, 0x31, 0x39, 0x8D,
    0x19, 0x0F, 0x15, 0x38, 0xE3, 0xD3, 0x88, 0xF1, 0x03, 0x6B, 0x37, 0xEE, 0x1E, 0x89, 0x57, 0x9E,
    0x19, 0xAE, 0xFC, 0x59, 0x14, 0x5D, 0x34, 0x0B, 0x11, 0x4E, 0x3E, 0x5D, 0x0B, 0xAA, 0xC5, 0xBB,
    0xD3, 0x0F, 0x08, 0xCD, 0x2E, 0xE7, 0x46, 0x24, 0x11, 0x17, 0x75, 0xEE, 0xDD, 0xE4, 0xC2, 0xA8,
    0xF7, 0xF8, 0x12, 0x27, 0xDF, 0xFE, 0x9E, 0xE4, 0x2A, 0x09, 0xB5, 0x91, 0xD2, 0xC6, 0x26, 0xC3,
    0xDA, 0x83, 0x6A, 0x9C, 0x25, 0x1A, 0x97, 0x14, 0x48, 0x68, 0x0B, 0xFE, 0x8D, 0x3C, 0x18, 0x12,
    0x15, 0x4B, 0x3C, 0x89, 0x18, 0xE9, 0x25, 0x56, 0x48, 0x56, 0x63, 0xA9, 0x2A, 0x31, 0xC2, 0x0F,
    0x54, 0xB0, 0x01, 0xD7, 0xC2, 0x7B, 0x9F, 0x4B, 0xFD, 0x2D, 0xD4, 0xE8, 0x4B, 0x25, 0xD3, 0x3A,
    0x93, 0x58, 0xE6, 0x94, 0xEF, 0x61, 0x57, 0x11, 0x9E, 0xD5, 0xB0, 0x4A, 0x3F, 0xB5, 0x25, 0xBC,
    0xAE, 0x34, 0xB9, 0x7E, 0x6D, 0xCB, 0x18, 0x8F, 0xBB, 0x2B, 0xF3, 0xF7, 0x6C, 0x2D, 0xA5, 0xF7,
    0x02, 0x5B, 0x15, 0x3F, 0xB3, 0x8D, 0xD6, 0x98, 0xAE, 0xED, 0x0F, 0xA8, 0x5D, 0x03, 0x81, 0xD6,
    0xD8, 0x56, 0xFC, 0x83, 0x9E, 0xFD, 0x88, 0x18, 0xA7, 0x43, 0x12, 0xB6, 0xFD, 0x03, 0x47, 0x92,
    0xE8, 0x33, 0xF6, 0x3E, 0x1D, 0x4C, 0x3A, 0x80, 0x3C, 0x39, 0x4C, 0xA2, 0xC6, 0x45, 0x98, 0xBB,
    0xA8, 0x7E, 0x36, 0x24, 0x3B, 0x0A, 0xF0, 0x96, 0x1B, 0xBA, 0x87, 0xF9, 0x51, 0x5B, 0x6B, 0xEB,
    0x4B, 0x11, 0x05, 0xDF, 0x3D, 0xED, 0x4F, 0x2C, 0xB0, 0x2E, 0xB8, 0xB6, 0x9C, 0x12, 0xC2, 0x4F,
    0x7A, 0x25, 0x13, 0xD1, 0x0B, 0x47, 0xF2, 0xA9, 0xA6, 0xC7, 0xBA, 0x74, 0x87, 0x09, 0x0F, 0xDC,
    0x04, 0x8A, 0x1B, 0xCD, 0x26, 0xC7, 0xA3, 0xB5, 0x34, 0xA3, 0x27, 0xD2, 0xD6, 0xB7, 0x4E, 0x08,
    0x3D, 0x3B, 0xBC, 0xA5, 0x95, 0x5B, 0x3B, 0x06, 0x0B, 0x56, 0x19, 0xF1, 0x92, 0xC5, 0x36, 0x95,
    0x2C, 0xE1, 0xD0, 0x96, 0x92, 0x03, 0xC6, 0xD3, 0x9E, 0xF3, 0x45, 0x64, 0x7A, 0x0D, 0x62, 0x8B,
    0xA1, 0xD1, 0xE5, 0xA3, 0x38, 0x2C, 0x90, 0x1A, 0xCF, 0xC8, 0xCF, 0xF9, 0x74, 0xF1, 0xE1, 0xA7,
    0xBC, 0x0E, 0x66, 0x8C, 0xF8, 0x64, 0xE0, 0x80, 0x1E, 0xEE, 0x61, 0x3C, 0xFA, 0x07, 0x88, 0x83,
    0x8E, 0x6C, 0xD0, 0xDA, 0x12, 0x11, 0x62, 0x61, 0x63, 0x7F, 0x89, 0x38, 0xB5, 0xEF, 0xD6, 0xC5,
    0x6F, 0x47, 0x19, 0xE3, 0x8F, 0xAB, 0xF4, 0x63, 0xC4, 0xC3, 0x7D, 0x58, 0xA6, 0x7F, 0xEC, 0x35,
    0x52, 0x37, 0xD1, 0xA4, 0x3E, 0x0E, 0x47, 0xD7, 0xFC, 0x72, 0x17, 0xF3, 0x9F, 0x5A, 0x35, 0x4D,
    0xF1, 0x8A, 0xA1, 0xB5, 0x3D, 0xE2, 0xC1, 0x95, 0x3E, 0x9C, 0x87, 0x8A, 0x39, 0x49, 0xD5, 0xC9,
    0x9E, 0xBD, 0x53, 0x02, 0x35, 0xA2, 0x5E, 0x05, 0x06, 0x3C, 0xC8, 0x4D, 0x9F, 0xE4, 0x36, 0x3D,
    0xCA, 0xED, 0xF8, 0x67, 0xB9, 0xCD, 0xB1, 0xC8, 0x55, 0x09, 0x6A, 0xAD, 0x1B, 0x21, 0x99, 0xBB,
    0x9C, 0xBE, 0x1F, 0xB2, 0x69, 0xAB, 0xD0, 0x92, 0x42, 0xB9, 0xD4, 0x73, 0xC3, 0xC3, 0xB3, 0x88,
    0xB7, 0xF5, 0xE9, 0x8B, 0xA5, 0x0F, 0x6C, 0x54, 0x81, 0xC6, 0xE2, 0xC1, 0x1B, 0x60, 0x5B, 0x78,
    0x84, 0x2C, 0xB6, 0x51, 0xC2, 0x7D, 0xAE, 0xA1, 0xF1, 0xAE, 0x70, 0x89, 0x35, 0xB3, 0xA5, 0x04,
    0x35, 0x82, 0x66, 0xB1, 0x45, 0xF7, 0x0B, 0x43, 0x8D, 0xD7, 0x73, 0xF1, 0x7B, 0x0A, 0x3D, 0xEB,
    0x9E, 0xA5, 0xAB, 0xAB, 0x8C, 0x0B, 0x22, 0xD7, 0xA8, 0xEB, 0x72, 0x16, 0xC7, 0x94, 0xFF, 0x02,
    0x3D, 0x57, 0xF3, 0xB3, 0x98, 0x8A, 0xD9, 0xB4, 0xCC, 0x3F, 0xAB, 0xCD, 0x9F, 0x9F, 0x8C, 0xC2,
    0x3A, 0x11, 0xFF, 0x3C, 0x61, 0x8F, 0x01, 0x31, 0x64, 0xC7, 0x69, 0x94, 0x01, 0x87, 0x96, 0xF5,
    0x42, 0x51, 0x59, 0x4D, 0xA4, 0x46, 0x01, 0x27, 0x40, 0x10, 0xE9, 0x23, 0xA9, 0xE3, 0x21, 0x3E,
    0x27, 0xAE, 0x72, 0x2E, 0xB5, 0x4F, 0x57, 0x8C, 0x67, 0xE2, 0x84, 0x02, 0xA5, 0x40, 0xE0, 0x76,
    0xFF, 0x6F, 0xE9, 0xA8, 0xFD, 0x18, 0xC9, 0x23, 0x7F, 0x44, 0x88, 0xA6, 0xD3, 0xC8, 0xE6, 0x39,
    0x24, 0x0A, 0x02, 0xF7, 0x00, 0x9C, 0x72, 0xC3, 0x67, 0x30, 0x4F, 0x91, 0xCA, 0xFB, 0xB5, 0x03,
    0x21, 0xB7, 0xAE, 0xE8, 0x42, 0xA6, 0x6E, 0x9B, 0x99, 0xC5, 0xFC, 0x40, 0x47, 0x78, 0xDD, 0x3C,
    0xB5, 0x27, 0xA8, 0x2C, 0x73, 0x64, 0x34, 0x54, 0x45, 0xA7, 0x4B, 0x55, 0xA7, 0xEF, 0x21, 0x70,
    0xAD, 0xD2, 0x7B, 0x30, 0x16, 0x5E, 0x24, 0x96, 0xCB, 0xD6, 0xE5, 0x26, 0xD2, 0x66, 0x4A, 0xAA,
    0x8A, 0x14, 0xF5, 0xD5, 0x54, 0x69, 0x02, 0xD7, 0x39, 0xDE, 0x78, 0x21, 0x31, 0x97, 0x8D, 0x3C,
    0x15, 0xB5, 0x4B, 0xE7, 0xC7, 0x56, 0x02, 0x66, 0xD9, 0xAB, 0xC7, 0xCF, 0xC1, 0x22, 0x4D, 0x34,
    0xE5, 0xF4, 0x0A, 0xF3, 0x54, 0xE6, 0x22, 0x01, 0xF0, 0xB0, 0xCF, 0xC6, 0x39, 0xC7, 0xD5, 0xAB,
    0x68, 0xC7, 0xA9, 0x54, 0x10, 0xE2, 0xF8, 0x22, 0x21, 0x37, 0xCA, 0xB4, 0xE4, 0xD3, 0x29, 0xB7,
    0x64, 0x2B, 0x1C, 0x98, 0x4D, 0xFC, 0x51, 0x36, 0x87, 0x81, 0xA5, 0xEE, 0x70, 0x28, 0xEC, 0x0B,
    0xBB, 0xAF, 0x0C, 0x08, 0x27, 0x14, 0xEB, 0x7C, 0x8F, 0x50, 0x9E, 0x64, 0x12, 0xAF, 0xD4, 0xD0,
    0x2C, 0x8A, 0x89, 0xD6, 0x65, 0x41, 0xC0, 0x51, 0xE7, 0x96, 0x31, 0x5B, 0x69, 0xA0, 0x14, 0x1E,
    0x72, 0xD6, 0xCE, 0x7F, 0xB4, 0x39, 0xF2, 0x96, 0x2F, 0x2B, 0xC1, 0x2F, 0x83, 0x44, 0xC0, 0xF0,
    0x83, 0x19, 0xDA, 0x94, 0x63, 0x64, 0xD3, 0x8C, 0xF6, 0xD6, 0x44, 0x1F, 0x0C, 0xDB, 0xAB, 0x3F,
    0x3A, 0x44, 0xBC, 0xEF, 0xCA, 0x4C, 0x9F, 0x3F, 0xCD, 0x9F, 0xBF, 0xC3, 0x9F, 0x8F, 0x84, 0x85,
    0xC5, 0xC8, 0x89, 0x39, 0xD2, 0xFB, 0xA1, 0x70, 0x7D, 0x97, 0xCB, 0xBB, 0x45, 0x02, 0x65, 0x2E,
    0xD2, 0x6E, 0x9D, 0x81, 0x6E, 0x67, 0x47, 0x7C, 0x72, 0x9A, 0x4D, 0xFC, 0x7C, 0x92, 0xEB, 0x27,
    0x46, 0xE3, 0x5C, 0x42, 0x0D, 0x9C, 0xD6, 0x16, 0x44, 0xDE, 0x37, 0x4E, 0x1E, 0xEA, 0x97, 0x4D,
    0x9F, 0x4B, 0x32, 0x4D, 0xDE, 0x11, 0x29, 0xD5, 0x66, 0x3C, 0xFF, 0x8B, 0x4A, 0x76, 0xEF, 0x0E,
    0x1D, 0xB7, 0xEB, 0xF9, 0x0D, 0x61, 0xE6, 0x78, 0x5A, 0x9D, 0x4B, 0x2A, 0x5D, 0x36, 0x4F, 0x1B,
    0x9F, 0xE4, 0xD9, 0x2C, 0x20, 0x51, 0x85, 0xC3, 0x98, 0x39, 0xB0, 0xE0, 0x87, 0x5C, 0xD4, 0x09,
    0xD1, 0xED, 0xA5, 0xDA, 0xB5, 0x90, 0x3A, 0x75, 0xED, 0x8C, 0xCC, 0x27, 0x59, 0xDB, 0x64, 0x67,
    0xF1, 0xC5, 0x52, 0x1D, 0x69, 0xEE, 0xE4, 0x07, 0x9C, 0x08, 0x26, 0x75, 0x94, 0x39, 0x20, 0x80,
    0x0D, 0x1D, 0x4C, 0x5C, 0x55, 0xDD, 0x1F, 0xCD, 0x71, 0x61, 0x0F, 0x10, 0xB1, 0xD1, 0xB9, 0xB4,
    0x20, 0x14, 0xBD, 0xF8, 0x7F, 0xED, 0x3D, 0xBB, 0x93, 0xDE, 0xC6, 0x7D, 0x0B, 0x80, 0x77, 0x88,
    0x85, 0xC9, 0x80, 0x85, 0x64, 0x27, 0xC7, 0x02, 0x2E, 0x5C, 0x64, 0xFC, 0x08, 0x5C, 0xA6, 0xB0,
    0x05, 0x28, 0xFE, 0x03, 0xCC, 0x82, 0x17, 0xCF, 0x48, 0x45, 0x52, 0xB8, 0x48, 0x98, 0xE2, 0x5C,
    0xBA, 0x90, 0x03, 0x24, 0xF9, 0x03, 0x72, 0x85, 0x92, 0x36, 0x2A, 0xE4, 0x19, 0xE9, 0x54, 0x50,
    0x85, 0x0B, 0x37, 0x12, 0xA0, 0xA8, 0x50, 0xE1, 0x22, 0xC8, 0xC3, 0xB5, 0x91, 0x0C, 0x95, 0x19,
    0x45, 0x85, 0xE0, 0x0C, 0x9C, 0x01, 0x69, 0x00, 0x9B, 0xDF, 0x73, 0x17, 0xDF, 0x7D, 0x77, 0x14,
    0x2D, 0x51, 0x16, 0x15, 0xDE, 0x37, 0x24, 0x76, 0xF7, 0x3B, 0xBC, 0x76, 0x7F, 0xEF, 0xD7, 0x7E,
    0xC6, 0xE0, 0xE7, 0xE0, 0x15, 0xC3, 0x9F, 0x6C, 0x95, 0x4E, 0x6A, 0x2F, 0xEC, 0x04, 0xCD, 0x5A,
    0xD2, 0x39, 0xB9, 0xB5, 0x4B, 0x31, 0x1B, 0x13, 0x5A, 0xFC, 0x8C, 0xF8, 0x67, 0xFC, 0x74, 0xC6,
    0x14, 0xD4, 0x29, 0x8D, 0xB1, 0xAB, 0x49, 0xE0, 0x3F, 0x9C, 0x02, 0x7F, 0xC6, 0x6F, 0x22, 0xDB,
    0x1B, 0x53, 0xD9, 0x16, 0xBE, 0x6E, 0xF1, 0x0E, 0x2D, 0x5C, 0x54, 0xE3, 0x95, 0x9D, 0xC9, 0xF0,
    0x82, 0x14, 0xFE, 0x9E, 0xE3, 0x53, 0x12, 0x3B, 0xC0, 0x6D, 0xA0, 0x13, 0x6B, 0x27, 0xBA, 0xB0,
    0x53, 0x5D, 0xF6, 0xA7, 0x1E, 0x3A, 0x25, 0x5E, 0xDE, 0x41, 0xA7, 0x36, 0xF4, 0x40, 0x7C, 0x1E,
    0x3C, 0xA2, 0x85, 0x67, 0xC1, 0x6B, 0xE0, 0x03, 0x53, 0xB8, 0x80, 0xAE, 0x88, 0x2D, 0xCC, 0xC4,
    0xF2, 0x6C, 0x4E, 0x13, 0x7C, 0x5D, 0x43, 0x93, 0x80, 0xF3, 0x78, 0x3A, 0x25, 0xBD, 0x94, 0xC5,
    0x53, 0xE0, 0xD3, 0xC0, 0x59, 0xBC, 0x6C, 0x67, 0xBA, 0x6E, 0xFA, 0x89, 0x17, 0x6A, 0x12, 0x5E,
    0xB4, 0x88, 0x2E, 0x84, 0x06, 0xCF, 0x7D, 0x29, 0xB6, 0xF4, 0x80, 0x0F, 0x17, 0x5A, 0x3D, 0x3B,
    0xF1, 0x43, 0x7A, 0xF8, 0x33, 0x7C, 0x70, 0x51, 0x3A, 0x7C, 0xB3, 0xD4, 0x96, 0x38, 0x6B, 0x58,
    0x07, 0x5C, 0xB7, 0x62, 0x35, 0x01, 0x9C, 0x59, 0x2C, 0xF4, 0x7E, 0xD5, 0xA5, 0xCD, 0x64, 0xAA,
    0xD5, 0x37, 0x23, 0xCE, 0x2A, 0xA0, 0xE5, 0xA8, 0x71, 0x31, 0x32, 0xDB, 0x25, 0xB4, 0xDA, 0x96,
    0xC1, 0x00, 0xB0, 0xE3, 0x29, 0x8E, 0x0C, 0x49, 0x7A, 0xCB, 0xDB, 0xA7, 0x7E, 0x1A, 0x47, 0xB5,
    0x74, 0x9A, 0x41, 0x3A, 0xD5, 0xB4, 0xD7, 0x19, 0xB9, 0x85, 0xE7, 0xC0, 0x1A, 0xCD, 0x01, 0xCE,
    0xA5, 0x82, 0x0E, 0x62, 0x44, 0x0D, 0xDF, 0x4C, 0x01, 0x3E, 0xE6, 0x29, 0xBC, 0xFB, 0x0D, 0xC4,
    0x0B, 0x7C, 0xCF, 0x08, 0x61, 0xF0, 0xB8, 0x75, 0x60, 0x8D, 0x01, 0x03, 0x5A, 0x46, 0x05, 0xC2,
    0xC8, 0x82, 0xD0, 0x05, 0xC9, 0x81, 0x66, 0x61, 0x04, 0xBB, 0x67, 0x82, 0xA5, 0x2C, 0x9B, 0x61,
    0xA8, 0xD1, 0x49, 0x96, 0xA1, 0x6E, 0x6E, 0x9F, 0x95, 0xE7, 0xF0, 0x21, 0xE1, 0xD5, 0x4A, 0xD7,
    0x2D, 0x5A, 0x24, 0x3C, 0xCA, 0x96, 0xC3, 0x66, 0x32, 0x77, 0xEC, 0x5C, 0xD8, 0x11, 0x90, 0x6B,
    0x68, 0xEC, 0x08, 0x8F, 0x29, 0x2B, 0x3B, 0x20, 0xD9, 0x84, 0x08, 0xBE, 0x95, 0xA1, 0xF8, 0x08,
    0x1A, 0x42, 0x25, 0x44, 0x10, 0x6A, 0xD6, 0x43, 0x24, 0x4C, 0xC2, 0xF1, 0x9B, 0x40, 0x45, 0xF0,
    0x59, 0x11, 0x0F, 0xFE, 0x19, 0x9A, 0xD8, 0xAE, 0x09, 0xCE, 0xF4, 0xF6, 0xCD, 0xF0, 0xD8, 0xCF,
    0xE3, 0xBA, 0x31, 0x37, 0xFD, 0x68, 0x36, 0xF1, 0xE4, 0x06, 0xC1, 0x6A, 0xB2, 0xD1, 0xFF, 0xCD,
    0xB6, 0x55, 0xE7, 0x47, 0xCD, 0x2F, 0xED, 0x66, 0x49, 0x72, 0x5D, 0x28, 0x59, 0x8D, 0x69, 0x33,
    0xC2, 0xF9, 0x6E, 0x3E, 0x55, 0x6B, 0x1E, 0xFC, 0x79, 0xE6, 0xEC, 0xCC, 0xBF, 0x11, 0x11, 0xE9,
    0xA9, 0xB4, 0x9D, 0x4C, 0x88, 0x47, 0x43, 0x25, 0x8C, 0x89, 0xDA, 0xE1, 0x86, 0x5D, 0x5F, 0x47,
    0x00, 0xF2, 0xC8, 0x34, 0x33, 0xBC, 0x14, 0xD0, 0x50, 0x4F, 0x5C, 0x08, 0x46, 0x00, 0x5F, 0xD3,
    0x20, 0xF4, 0x6B, 0x1C, 0x01, 0xA9, 0x97, 0x55, 0x4D, 0x7C, 0x06, 0x47, 0x80, 0x17, 0x55, 0x69,
    0x70, 0x12, 0x38, 0xCA, 0x6C, 0x7B, 0x04, 0xE7, 0x4F, 0x3C, 0xC2, 0xEB, 0x89, 0x71, 0xD1, 0x28,
    0x61, 0x1E, 0xD3, 0xF1, 0x28, 0x66, 0x46, 0x53, 0x6F, 0x46, 0x0D, 0xA2, 0x02, 0x8E, 0x90, 0x6B,
    0x05, 0x84, 0x5A, 0x3A, 0x8A, 0x08, 0xBF, 0x74, 0x44, 0x4C, 0x4A, 0x46, 0x48, 0xC9, 0xAD, 0xD1,
    0xBB, 0x74, 0xCC, 0xE4, 0xE4, 0x79, 0x2D, 0xF2, 0x5B, 0xA3, 0xEF, 0xD2, 0x86, 0x70, 0xCB, 0xE0,
    0x65, 0x79, 0x4F, 0xE0, 0x28, 0xA3, 0x89, 0x66, 0x99, 0x03, 0xF1, 0xD9, 0x98, 0x47, 0xCD, 0xC2,
    0x7C, 0x98, 0x46, 0x31, 0xF2, 0x0F, 0xA4, 0x01, 0x1C, 0x05, 0x0D, 0x9C, 0x65, 0xD7, 0x83, 0xE3,
    0x6A, 0x3A, 0xA4, 0x15, 0xAC, 0x03, 0x6A, 0x26, 0x5A, 0xD5, 0x45, 0xB0, 0x67, 0xAC, 0x84, 0xEB,
    0x5B, 0xB7, 0xD6, 0x77, 0x11, 0x7A, 0xCA, 0x3D, 0xFD, 0xA7, 0xDC, 0xF4, 0x9E, 0xF6, 0xFC, 0x12,
    0x9E, 0xE1, 0x06, 0xE9, 0x18, 0x79, 0xFC, 0x48, 0xE6, 0xC4, 0xA3, 0x47, 0x64, 0xB3, 0xC1, 0x81,
    0x3C, 0xB0, 0x34, 0x75, 0x86, 0x38, 0x3C, 0xAA, 0x56, 0x0C, 0xC6, 0xA9, 0xCA, 0xB3, 0xF1, 0x95,
    0x60, 0x8A, 0x46, 0xC1, 0xCD, 0xE8, 0x2B, 0xD0, 0x16, 0xD4, 0x64, 0x60, 0xBB, 0x01, 0xC2, 0xDA,
    0x0F, 0x00, 0xD4, 0x05, 0xCD, 0x41, 0x20, 0x5D, 0x10, 0xD9, 0x0B, 0xA0, 0x2B, 0x62, 0x06, 0x02,
    0xE7, 0x8A, 0x78, 0xB9, 0x00, 0xB6, 0x39, 0x8D, 0xE5, 0x1A, 0x1C, 0x90, 0xB8, 0x11, 0x40, 0x36,
    0xC4, 0x5E, 0x64, 0xF0, 0x6D, 0x87, 0x44, 0x08, 0xE2, 0x50, 0x71, 0x08, 0x21, 0x8C, 0xD7, 0x3B,
    0x00, 0xE3, 0xF5, 0x0E, 0xBE, 0x85, 0xF5, 0xE0, 0x45, 0xC0, 0x29, 0x16, 0x96, 0x78, 0xFD, 0x4D,
    0x05, 0x2E, 0x62, 0x97, 0x83, 0x2D, 0x22, 0x82, 0x03, 0x2D, 0x60, 0x4B, 0xE4, 0x20, 0x0B, 0x7F,
    0x4C, 0xE6, 0x2D, 0x60, 0x15, 0xAE, 0x3C, 0xD8, 0x82, 0x75, 0xDC, 0x42, 0x75, 0xB8, 0x88, 0x16,
    0x83, 0x0D, 0x78, 0xF3, 0x52, 0x78, 0xC3, 0x41, 0x69, 0x8A, 0x36, 0xA5, 0xF3, 0xBF, 0x86, 0x00,
    0x1B, 0x8A, 0x8E, 0xC8, 0x1C, 0xA5, 0xFD, 0xD4, 0xD4, 0xCC, 0x4B, 0x3B, 0x14, 0xAB, 0x46, 0xBF,
    0x0F, 0x85, 0x3F, 0xC4, 0x44, 0x38, 0x93, 0x80, 0x1E, 0xFA, 0xF9, 0xE0, 0xFB, 0x07, 0xA5, 0xEF,
    0x3B, 0xF4, 0x70, 0xFD, 0x67, 0xBE, 0xE7, 0xFA, 0x31, 0x4E, 0x21, 0x60, 0x99, 0x57, 0xB8, 0x7E,
    0x4B, 0x73, 0xEA, 0x48, 0x6F, 0xE9, 0x23, 0xDF, 0x6F, 0x41, 0xFE, 0xC2, 0x73, 0xA3, 0xB5, 0xCC,
    0x6D, 0x09, 0x42, 0x18, 0xEE, 0x09, 0xAB, 0x55, 0x21, 0x5F, 0xC4, 0xFB, 0x47, 0x13, 0x12, 0x29,
    0x30, 0x4F, 0xE8, 0x07, 0x03, 0xA9, 0x1A, 0x0B, 0x3F, 0x17, 0x09, 0xBF, 0x92, 0x3E, 0x5C, 0xEA,
    0xFA, 0x28, 0x89, 0xA5, 0x4F, 0xF4, 0x2D, 0x7D, 0xBC, 0x54, 0xFB, 0x70, 0x69, 0x50, 0x56, 0x74,
    0x4F, 0xE4, 0x38, 0x71, 0x5F, 0xD0, 0xB3, 0xF0, 0xD2, 0x14, 0x84, 0x6A, 0x0D, 0xAF, 0x84, 0x12,
    0x3E, 0xEB, 0x73, 0x7B, 0xB7, 0x82, 0x77, 0xC0, 0xA7, 0xF6, 0x19, 0xBE, 0xED, 0xDD, 0x84, 0xDE,
    0x9C, 0x8E, 0xF6, 0x67, 0xD4, 0x87, 0xB9, 0x4C, 0xD6, 0xBE, 0xCB, 0x73, 0x6C, 0x6C, 0x67, 0xED,
    0xDF, 0x10, 0x74, 0xCD, 0xE1, 0x2B, 0xE6, 0xB8, 0xDC, 0x83, 0x59, 0x45, 0xF2, 0x0C, 0xE5, 0x5A,
    0x5B, 0x91, 0x32, 0xA2, 0x5D, 0xD1, 0xE5, 0x6A, 0x20, 0x9D, 0x12, 0x15, 0x3E, 0x04, 0x7D, 0x33,
    0xB3, 0x06, 0xD8, 0x3E, 0xEE, 0xDD, 0x67, 0x7D, 0xB7, 0x2A, 0x5D, 0xB7, 0xA9, 0x5D, 0xD7, 0xBA,
    0x6E, 0xA0, 0xDD, 0xE5, 0xE0, 0x05, 0x4B, 0xE7, 0x32, 0x39, 0x50, 0x97, 0x95, 0x58, 0xD2, 0x06,
    0xAA, 0x73, 0xDD, 0x15, 0x55, 0x34, 0x2F, 0xD1, 0x36, 0x32, 0xC8, 0xCB, 0xC0, 0xC5, 0x63, 0xA6,
    0xB2, 0x1B, 0x20, 0x54, 0xA5, 0x1D, 0x62, 0x60, 0x2A, 0xF5, 0xFC, 0xBD, 0xFC, 0xA9, 0x5E, 0xFF,
    0xC2, 0xB3, 0x9D, 0x98, 0xCB, 0x67, 0x0F, 0x3C, 0x27, 0x60, 0xAD, 0x40, 0x52, 0x7A, 0x48, 0x34,
    0x80, 0x3E, 0x95, 0xE8, 0x76, 0x93, 0x61, 0x30, 0x3A, 0xBE, 0x76, 0x49, 0xEF, 0x9A, 0xF4, 0xC2,
    0x66, 0x95, 0x5E, 0x66, 0xB5, 0x97, 0xDB, 0xFD, 0xEF, 0x48, 0x8D, 0x78, 0x74, 0xBD, 0x67, 0x5D,
    0xAF, 0x2A, 0xB5, 0xD7, 0xD4, 0xDA, 0xB3, 0xDA, 0x0B, 0xA4, 0x47, 0x10, 0x83, 0x9E, 0x00, 0x0C,
    0x7A, 0x02, 0x2F, 0xA0, 0xC9, 0x6A, 0xB7, 0xB7, 0x92, 0xEE, 0x2C, 0x10, 0xF2, 0xEB, 0xE7, 0xE7,
    0x3F, 0x39, 0xA0, 0x8C, 0x0E, 0x66, 0x83, 0x83, 0x6E, 0xE7, 0x20, 0x56, 0xEB, 0x1F, 0x57, 0x07,
    0x3A, 0xA7, 0xF5, 0xBC, 0x85, 0x2B, 0x1C, 0xDC, 0x32, 0xE6, 0x16, 0xBC, 0xD2, 0x04, 0xE7, 0xD4,
    0x15, 0x34, 0x40, 0xDD, 0x0D, 0x35, 0x3D, 0x8F, 0x7A, 0x43, 0x4D, 0x6B, 0xE8, 0x94, 0xD2, 0x88,
    0xFA, 0xB3, 0xDF, 0x04, 0xF4, 0xB7, 0x13, 0x3A, 0x33, 0x24, 0x8E, 0x35, 0x45, 0x76, 0x3B, 0x62,
    0x71, 0x3F, 0x91, 0xD6, 0xFA, 0x29, 0x34, 0x01, 0xE0, 0x2F, 0x34, 0xA0, 0x10, 0xF6, 0x31, 0x49,
    0xBE, 0x21, 0x26, 0xCE, 0xD0, 0xC7, 0xAC, 0xF0, 0x26, 0xDC, 0xA4, 0xBC, 0x26, 0x62, 0x20, 0x0A,
    0x25, 0x90, 0x5C, 0x52, 0xB4, 0xCF, 0x79, 0x25, 0x1B, 0x5E, 0x46, 0x21, 0x90, 0xE4, 0xEE, 0x39,
    0x4E, 0xD4, 0x88, 0x29, 0xF4, 0x77, 0xC8, 0x75, 0x54, 0xB5, 0xF8, 0x47, 0x1C, 0x34, 0x28, 0x1B,
    0xA0, 0xF3, 0x5D, 0x84, 0xE8, 0x0D, 0x84, 0xC1, 0x0D, 0x7B, 0x97, 0x39, 0x12, 0x4B, 0x27, 0xB1,
    0x20, 0x49, 0x2C, 0xF9, 0xC1, 0xBC, 0x1D, 0xAC, 0xDB, 0x81, 0xDD, 0x19, 0xB4, 0x7E, 0xF0, 0x0B,
    0x84, 0x8E, 0x0E, 0x7E, 0x06, 0x90, 0x75, 0x83, 0x77, 0xE0, 0x76, 0x6E, 0xF0, 0x36, 0xDC, 0xCE,
    0x0D, 0x5A, 0x50, 0x18, 0xFC, 0x00, 0x14, 0x06, 0x3F, 0x00, 0x60, 0xFB, 0x01, 0x28, 0x5F, 0x7E,
    0x10, 0xD9, 0xC5, 0x0F, 0xF8, 0x25, 0x74, 0x50, 0x6D, 0x07, 0xF9, 0x76, 0x90, 0x6E, 0x07, 0xF1,
    0x76, 0x10, 0xEA, 0x20, 0xB6, 0xF7, 0x70, 0x4E, 0x2D, 0x31, 0xA7, 0xC6, 0xD2, 0xED, 0x5A, 0xB2,
    0x72, 0xE9, 0x19, 0x39, 0x0D, 0x68, 0xD6, 0x35, 0xE1, 0xA0, 0x63, 0x5C, 0xE1, 0x4B, 0x3B, 0xAC,
    0x8B, 0xED, 0x22, 0x73, 0x01, 0x4F, 0x22, 0x1D, 0x62, 0xA3, 0xCA, 0x0F, 0x1B, 0xD5, 0xDD, 0xB6,
    0x1B, 0x59, 0xBC, 0xBD, 0xD9, 0x8E, 0x8A, 0xFF, 0xD5, 0x1D, 0x29, 0x14, 0xF8, 0x51, 0xE1, 0xCF,
    0x6A, 0xFC, 0xD3, 0xED, 0xAA, 0x98, 0x51, 0xDB, 0x55, 0xF1, 0xA2, 0x6E, 0x66, 0xC5, 0x8A, 0x32,
    0x1F, 0x15, 0x27, 0xD8, 0x1E, 0x63, 0x8C, 0x30, 0x1E, 0x1F, 0x8C, 0xC7, 0x06, 0xD0, 0x39, 0x05,
    0x17, 0x0E, 0x11, 0xA0, 0x8C, 0x09, 0x39, 0x77, 0x5B, 0x02, 0xDF, 0xAC, 0x58, 0x40, 0xDF, 0x0A,
    0x0E, 0x00, 0xA3, 0x50, 0x0C, 0xC0, 0xAE, 0xC0, 0x1F, 0xBB, 0x02, 0x7D, 0xEA, 0x32, 0xEC, 0xA9,
    0xCB, 0x90, 0xA7, 0x2E, 0xC3, 0x9D, 0xBA, 0x0C, 0x75, 0xEA, 0xF2, 0x03, 0xB9, 0x5B, 0xF9, 0x6E,
    0xEE, 0xBB, 0xA9, 0xEF, 0xC6, 0xBE, 0x1B, 0x72, 0xD7, 0xC1, 0xB9, 0x9A, 0x1D, 0x94, 0xAB, 0xD9,
    0xC1, 0x98, 0xBA, 0x0C, 0x61, 0xE1, 0x71, 0x08, 0x5F, 0xCF, 0xEE, 0xB7, 0x00, 0xF1, 0xFC, 0x6B,
    0x63, 0x7B, 0x25, 0x5E, 0x6D, 0xCF, 0x1D, 0x54, 0x43, 0x0F, 0xD3, 0x64, 0x2B, 0xDB, 0x3C, 0x0A,
    0xBC, 0xE5, 0x81, 0x79, 0xE0, 0xBA, 0xD5, 0xB8, 0x87, 0x46, 0x81, 0xBB, 0x3C, 0xF0, 0xA8, 0xE5,
    0x7B, 0x55, 0xFF, 0x11, 0x56, 0x1F, 0x08, 0x43, 0xB2, 0x4A, 0xAF, 0x1F, 0xDA, 0x21, 0x87, 0x57,
    0x3D, 0x44, 0xEB, 0xF9, 0x97, 0x08, 0xE4, 0x02, 0x7B, 0xC4, 0xF0, 0x2B, 0xE9, 0x59, 0x52, 0xF6,
    0x1B, 0xFB, 0x5F, 0x28, 0x63, 0xB1, 0xB7, 0xAA, 0x59, 0x07, 0xFF, 0xD2, 0xCF, 0xA4, 0xB7, 0x88,
    0x99, 0x09, 0x7A, 0x1B, 0xE0, 0xCF, 0x02, 0x3D, 0xD0, 0xE6, 0x3A, 0x7C, 0xE9, 0x66, 0x82, 0x5E,
    0x8B, 0x58, 0xEE, 0x21, 0xE4, 0x01, 0xB4, 0x51, 0x1D, 0x06, 0xB7, 0xFA, 0xBD, 0x73, 0xCC, 0xB5,
    0x4E, 0x2D, 0xA8, 0x9D, 0xEA, 0xEB, 0xFE, 0x38, 0x3B, 0xF2, 0xED, 0xBD, 0xC5, 0xCE, 0x22, 0x9F,
    0x35, 0x8B, 0x37, 0xD1, 0x34, 0xA4, 0xA7, 0x94, 0xA9, 0x38, 0xB8, 0xBA, 0x82, 0x1F, 0x53, 0x8C,
    0x72, 0xEF, 0x54, 0x6F, 0xE8, 0x15, 0x1A, 0xF7, 0x76, 0xF9, 0xE5, 0x40, 0x0B, 0xDE, 0x72, 0x68,
    0xE3, 0x90, 0xAA, 0x54, 0x75, 0xA9, 0xD6, 0x97, 0x96, 0xD7, 0x57, 0xAD, 0x28, 0x50, 0xD3, 0x31,
    0x54, 0x73, 0x23, 0x5A, 0xE4, 0x61, 0xC9, 0x2C, 0x8F, 0x4F, 0x27, 0x41, 0xEF, 0x6C, 0x28, 0x58,
    0x20, 0x83, 0x7D, 0xC1, 0xCF, 0xA8, 0xBA, 0x8C, 0x9F, 0xD1, 0xB4, 0x22, 0xA1, 0x44, 0xD1, 0x83,
    0xFB, 0x95, 0x64, 0x59, 0xC0, 0x24, 0x8E, 0xBF, 0x47, 0xB7, 0x8E, 0xAD, 0x98, 0x34, 0xE4, 0xDF,
    0x99, 0xB6, 0x8E, 0x9E, 0x5C, 0xCC, 0x5C, 0x83, 0x4B, 0x81, 0xBA, 0xBC, 0xA9, 0xC4, 0x5B, 0x68,
    0xD8, 0xCB, 0x59, 0xC2, 0x8B, 0xB6, 0xA8, 0x13, 0x21, 0xF3, 0x05, 0x0E, 0x74, 0x02, 0x94, 0x09,
    0x04, 0x4D, 0xF7, 0x44, 0x0E, 0x5C, 0xA2, 0x72, 0x6E, 0x58, 0x75, 0xC4, 0xD5, 0xBB, 0x6E, 0x0E,
    0xC8, 0x75, 0x92, 0x03, 0x2D, 0xAF, 0xE8, 0x63, 0x08, 0xEC, 0x73, 0x64, 0xD1, 0xFD, 0x1B, 0x3D,
    0x45, 0x9E, 0x3E, 0x18, 0xF1, 0x4A, 0xE1, 0x6B, 0x93, 0x41, 0xB3, 0xEF, 0xF9, 0xB8, 0xC9, 0xDE,
    0x48, 0xF6, 0x44, 0x76, 0xE4, 0x92, 0x42, 0x3F, 0xC1, 0x07, 0x70, 0x8B, 0x6C, 0x45, 0x3C, 0xCB,
    0x66, 0xA4, 0x7E, 0x00, 0x26, 0x68, 0x3C, 0xC1, 0xF7, 0x45, 0xEF, 0xA1, 0xE3, 0x17, 0x2D, 0x19,
    0xC5, 0xE8, 0x1C, 0xA0, 0x79, 0xB2, 0x53, 0x33, 0xB3, 0xA7, 0x05, 0x19, 0x37, 0xC5, 0x2C, 0xFF,
    0x2A, 0x3E, 0xAE, 0x86, 0x28, 0x0B, 0x3E, 0xAF, 0xD0, 0x71, 0x4A, 0x51, 0x4C, 0x8F, 0xC0, 0xCE,
    0x50, 0x15, 0x38, 0x2A, 0xCD, 0xAB, 0x84, 0x46, 0x6F, 0x22, 0x84, 0x00, 0x79, 0x10, 0x6F, 0x8A,
    0x09, 0xD7, 0x1D, 0xED, 0x18, 0xF6, 0x4B, 0x9E, 0x47, 0x0F, 0xD4, 0x56, 0xE5, 0xFF, 0x74, 0x84,
    0x94, 0x49, 0xBA, 0xDE, 0xA3, 0xFD, 0x0F, 0x7A, 0x61, 0x5F, 0xF8, 0xE7, 0xCC, 0x01, 0x08, 0x9B,
    0xC2, 0x24, 0x63, 0xD5, 0x02, 0xBA, 0xF4, 0x45, 0x97, 0x8D, 0x68, 0x5B, 0x59, 0x46, 0x66, 0x44,
    0x2D, 0x84, 0xF1, 0xC1, 0x56, 0x3A, 0x3D, 0x8D, 0x9C, 0x05, 0x79, 0x0A, 0xFD, 0x27, 0xA7, 0xC1,
    0xC7, 0x7C, 0x17, 0xE0, 0x78, 0x25, 0x90, 0x36, 0x70, 0x2B, 0xF2, 0x93, 0x0E, 0xDE, 0x97, 0x36,
    0x93, 0x87, 0x02, 0x4E, 0x00, 0x7B, 0x98, 0x3D, 0x67, 0x45, 0xCF, 0x6C, 0x93, 0x21, 0x9F, 0x89,
    0xAA, 0x19, 0x0B, 0xCE, 0x3B, 0xDA, 0x2F, 0xBA, 0x8B, 0x89, 0xAD, 0x61, 0x4D, 0x3F, 0x67, 0xBC,
    0x0D, 0xD9, 0xFA, 0x63, 0x8C, 0x1E, 0xC4, 0x1B, 0x36, 0x3B, 0xB7, 0xBC, 0x7A, 0xE5, 0xC5, 0x29,
    0x5F, 0xAB, 0x4F, 0x5E, 0x5D, 0xF2, 0xEA, 0x91, 0x57, 0x87, 0xBC, 0xFA, 0xE3, 0xD5, 0xD5, 0x7E,
    0xBE, 0xAD, 0x2E, 0xFE, 0xBE, 0x57, 0x47, 0xBC, 0xFA, 0xE1, 0xD5, 0x0D, 0xAF, 0x5E, 0x78, 0x75,
    0xC2, 0xAB, 0x0F, 0xDE, 0xB9, 0xE0, 0xD5, 0x03, 0xAF, 0x0E, 0x78, 0xE7, 0x7F, 0x57, 0xF7, 0xBB,
    0x78, 0xDF, 0x03, 0xD2, 0x24, 0x0A, 0x13, 0x8F, 0xE8, 0x35, 0x44, 0x3F, 0x11, 0x82, 0x18, 0xEE,
    0x3D, 0xF1, 0x13, 0xAD, 0xE7, 0x5A, 0xCC, 0x45, 0x98, 0xB7, 0x1D, 0xEC, 0x99, 0xC4, 0x07, 0xB7,
    0x78, 0xD5, 0x7A, 0x5D, 0x42, 0x7A, 0x70, 0xA4, 0xCE, 0x01, 0x78, 0x61, 0xF6, 0xCD, 0xB3, 0x6B,
    0x9E, 0x3D, 0xF3, 0xE4, 0x98, 0x9F, 0xD8, 0x13, 0xBF, 0x77, 0x9C, 0xD8, 0x27, 0xCF, 0x2E, 0x79,
    0xF6, 0xC8, 0xB3, 0x43, 0x9E, 0xFD, 0xF1, 0xA9, 0xBB, 0xFF, 0xA2, 0xCE, 0x78, 0xF1, 0xC5, 0xB3,
    0x2B, 0x3E, 0x30, 0xE2, 0x28, 0xCB, 0x40, 0x78, 0x30, 0x64, 0xFB, 0x90, 0x79, 0x5C, 0x36, 0x25,
    0xC2, 0x07, 0x57, 0xE7, 0x1A, 0x51, 0x5B, 0xC5, 0x59, 0x94, 0xF9, 0xEA, 0x5C, 0x69, 0x1F, 0x21,
    0x55, 0xD5, 0x7F, 0xDF, 0xAA, 0xFF, 0xBE, 0x15, 0xFF, 0xBD, 0x2D, 0xC5, 0x7F, 0x7F, 0xF7, 0x89,
    0xF2, 0xDF, 0x5F, 0xA7, 0x85, 0x8F, 0x06, 0x5A, 0xF6, 0x18, 0x96, 0x06, 0x47, 0x2B, 0x49, 0xC9,
    0xD0, 0x7E, 0x77, 0x64, 0x24, 0xEC, 0x79, 0xE5, 0xC4, 0x14, 0xE2, 0x40, 0x8F, 0xAC, 0xF8, 0xAD,
    0xCB, 0x16, 0x1A, 0x1D, 0xFE, 0x27, 0x60, 0x9C, 0x92, 0xC3, 0xDF, 0x90, 0xC3, 0x1F, 0xF5, 0x95,
    0xC7, 0xC9, 0xE1, 0xFF, 0xD4, 0xD9, 0xD9, 0x99, 0x8A, 0x7C, 0x9E, 0x55, 0x66, 0x45, 0xF8, 0xBB,
    0xCE, 0xFE, 0x27, 0x1E, 0x03, 0x5E, 0xC3, 0x7C, 0x49, 0xF8, 0xAA, 0x62, 0x15, 0xE9, 0xEB, 0xBE,
    0x49, 0x27, 0x59, 0x1F, 0xA0, 0xD7, 0x9B, 0x57, 0x08, 0xF9, 0x1B, 0x20, 0x64, 0x70, 0x7C, 0x7C,
    0x2C, 0xDA, 0x4A, 0xCB, 0x8C, 0x50, 0x1A, 0x5C, 0x60, 0xFE, 0x9B, 0x0F, 0xD4, 0x5C, 0x23, 0x44,
    0x0C, 0x98, 0x7D, 0x47, 0xCC, 0x6D, 0xBF, 0xC3, 0x0D, 0x8D, 0x62, 0xFE, 0x1B, 0x80, 0xE0, 0xE9,
    0xCF, 0x2F, 0x96, 0xB2, 0xFE, 0xCA, 0x9F, 0x1F, 0x39, 0x05, 0xF7, 0x9C, 0x77, 0x4C, 0xDD, 0xC9,
    0xDE, 0x3F, 0x1C, 0x89, 0xEF, 0xE1, 0xA9, 0xDE, 0xBC, 0x25, 0x2E, 0xA1, 0x88, 0xB1, 0xB4, 0x98,
    0xC5, 0xB9, 0xE1, 0x3A, 0xF9, 0x24, 0xE1, 0x5B, 0x90, 0x14, 0xB7, 0xAE, 0xB0, 0xF4, 0xA1, 0xC2,
    0x9E, 0xD7, 0xB9, 0x79, 0x51, 0x24, 0x91, 0x71, 0xD1, 0x6F, 0x67, 0x01, 0x88, 0x0F, 0xB3, 0x62,
    0xA9, 0xC5, 0x62, 0x4D, 0xCE, 0xBF, 0x7E, 0xFD, 0xC9, 0x40, 0xDD, 0x53, 0xF3, 0xE7, 0xC2, 0x33,
    0xC3, 0x55, 0xCC, 0x1B, 0x09, 0x75, 0x05, 0xF6, 0x4E, 0x7F, 0xCE, 0x92, 0x4B, 0x9D, 0xBB, 0x71,
    0xBE, 0x42, 0xDD, 0x4F, 0x0F, 0x75, 0x4B, 0x32, 0xCE, 0xE2, 0x81, 0xE2, 0xCE, 0xC9, 0x4C, 0x96,
    0x5D, 0x6C, 0xE3, 0x95, 0xB8, 0xC8, 0x2F, 0x26, 0x96, 0xF8, 0x03, 0x5F, 0xDB, 0x6E, 0x99, 0xCD,
    0x6B, 0x4F, 0x12, 0xD7, 0x75, 0x2C, 0x37, 0xD5, 0xF8, 0x44, 0x36, 0x39, 0xBB, 0x5E, 0x11, 0x56,
    0xFD, 0x02, 0x81, 0xF3, 0x3A, 0x85, 0xD3, 0x15, 0xEA, 0x7E, 0x9A, 0xCA, 0x2A, 0x7D, 0x7E, 0xCA,
    0x4B, 0xBD, 0x6C, 0x79, 0x6E, 0x28, 0xAE, 0x15, 0xF1, 0xA7, 0xE4, 0x0C, 0x99, 0x58, 0xE0, 0x32,
    0x6D, 0x78, 0xF6, 0x83, 0x51, 0x37, 0xFC, 0xDC, 0xA3, 0x6E, 0x40, 0x11, 0xD0, 0x0A, 0xD7, 0x2E,
    0x26, 0xBD, 0x29, 0x23, 0xA3, 0xB8, 0x20, 0xAF, 0x4F, 0xD1, 0xA1, 0x33, 0xF2, 0x1B, 0x04, 0x9C,
    0x6B, 0x1A, 0xC9, 0x48, 0xAD, 0x57, 0xEC, 0xE1, 0xC8, 0x56, 0x68, 0xE5, 0x8F, 0xA6, 0x5A, 0xCF,
    0xEE, 0x58, 0x4C, 0x87, 0x4A, 0xF9, 0xB8, 0xA0, 0xC7, 0x24, 0x27, 0x37, 0x0A, 0x0C, 0x73, 0xFB,
    0x0F, 0xE4, 0x94, 0x41, 0xB0, 0x45, 0x56, 0x9C, 0x35, 0xB8, 0xFE, 0x87, 0xCC, 0x31, 0xBE, 0x7A,
    0x76, 0xF6, 0xEA, 0x26, 0x0E, 0xCB, 0x66, 0xAD, 0xEB, 0x4C, 0x97, 0x2C, 0x74, 0xDE, 0x25, 0xA3,
    0x38, 0x04, 0x25, 0x98, 0x05, 0x86, 0xE5, 0xB2, 0xFB, 0x4D, 0xD5, 0x0B, 0x51, 0x1E, 0x6C, 0x5D,
    0xEC, 0x57, 0x8E, 0xB9, 0x4B, 0x1D, 0x73, 0xA0, 0x40, 0x97, 0xE4, 0x2D, 0x19, 0xC4, 0x95, 0x16,
    0xB1, 0xE3, 0x81, 0xBE, 0xDF, 0x59, 0x34, 0x00, 0x3D, 0xBA, 0xDB, 0x5A, 0x3A, 0xE7, 0x6D, 0x3A,
    0xB6, 0x94, 0xBF, 0x51, 0x36, 0x1D, 0x1A, 0xEB, 0x07, 0x8F, 0xB7, 0xAB, 0xCE, 0x98, 0xA3, 0xB3,
    0xB3, 0x97, 0x05, 0xDA, 0x02, 0xC1, 0x42, 0x3B, 0xF9, 0xF9, 0x84, 0x9D, 0x4D, 0x84, 0x26, 0x1F,
    0xCF, 0xC7, 0x8D, 0xB7, 0x59, 0x34, 0xE7, 0x9C, 0xFD, 0x47, 0xA7, 0x57, 0xEE, 0xE0, 0x87, 0xC0,
    0x3A, 0x30, 0xB3, 0x4B, 0x62, 0x5D, 0x1D, 0xC1, 0xB7, 0x95, 0xE3, 0xEE, 0xE7, 0x9A, 0xA4, 0xD4,
    0xD1, 0xDB, 0xF6, 0x2E, 0xE6, 0xC2, 0x47, 0xFE, 0xC6, 0xD8, 0xFA, 0x92, 0x04, 0xB9, 0xC7, 0x0C,
    0xF7, 0xD8, 0xB7, 0xE0, 0x12, 0x8D, 0xAD, 0x43, 0xA1, 0xFC, 0xC2, 0xEE, 0xE1, 0xD9, 0x5E, 0x72,
    0xED, 0x47, 0x7F, 0x38, 0xF8, 0xBF, 0x9C, 0xEB, 0x16, 0xBE, 0x1B, 0xF8, 0xAE, 0xB1, 0xCD, 0x6A,
    0xBE, 0x24, 0xE1, 0x6A, 0x4C, 0xEC, 0xA1, 0x6E, 0xBC, 0x42, 0x97, 0x75, 0xED, 0x74, 0x46, 0x89,
    0x33, 0xB1, 0x9A, 0x53, 0xA8, 0x1E, 0x5E, 0x0C, 0xAE, 0xDB, 0x74, 0xAE, 0x0B, 0x4A, 0xC8, 0xAA,
    0xB6, 0x26, 0xC9, 0x8A, 0x9A, 0x75, 0xC4, 0x42, 0x80, 0x8A, 0xD2, 0x41, 0xBE, 0xCD, 0x26, 0xEA,
    0x22, 0x4E, 0x16, 0xBF, 0x3A, 0xAE, 0x2C, 0x9B, 0xEF, 0x8D, 0x64, 0xB0, 0x89, 0xAC, 0x5F, 0x15,
    0xE3, 0xAD, 0x73, 0x02, 0x9F, 0x9D, 0x61, 0x6E, 0xC6, 0xB3, 0x74, 0x2F, 0x4E, 0x97, 0x28, 0x11,
    0x82, 0x2C, 0x08, 0x4B, 0x53, 0x8C, 0x86, 0x25, 0x64, 0x49, 0x49, 0xBB, 0xC5, 0x8A, 0x39, 0x12,
    0x21, 0x20, 0x61, 0xA0, 0xB1, 0x30, 0xF4, 0xB9, 0x72, 0x6E, 0x84, 0xA5, 0xE0, 0x3E, 0x25, 0x47,
    0xB0, 0xFA, 0x64, 0x77, 0x12, 0x33, 0x19, 0x67, 0x77, 0x7C, 0x40, 0xA9, 0x7E, 0x93, 0xB8, 0xD7,
    0x7C, 0x40, 0x6A, 0xE6, 0x4D, 0x73, 0xC0, 0xC8, 0xB7, 0x04, 0x74, 0x7D, 0x43, 0xC1, 0x7D, 0x66,
    0xAC, 0x84, 0x49, 0x88, 0x85, 0xF6, 0xBF, 0xE1, 0xA1, 0x19, 0x92, 0x04, 0x4A, 0xDC, 0x8C, 0x12,
    0x99, 0x41, 0x94, 0xA6, 0x8C, 0x94, 0xD6, 0x84, 0xAF, 0x62, 0x5C, 0x98, 0x05, 0x70, 0x71, 0xEF,
    0x36, 0xDD, 0xE8, 0x88, 0x27, 0x80, 0xA8, 0x49, 0x1D, 0x9A, 0xDB, 0xFA, 0xE3, 0x12, 0xDF, 0x98,
    0x33, 0x39, 0x80, 0xFE, 0x04, 0x8F, 0x17, 0x8F, 0xD0, 0x0C, 0x9B, 0x6A, 0x16, 0x76, 0x43, 0xF9,
    0x31, 0xBF, 0x0A, 0x4E, 0x04, 0x31, 0x78, 0x71, 0x34, 0xB5, 0x87, 0x72, 0xDF, 0x28, 0x35, 0xF0,
    0x34, 0x21, 0x16, 0x74, 0xF4, 0x92, 0x31, 0xCF, 0x33, 0x2A, 0x9E, 0xD8, 0xF7, 0xD4, 0x0F, 0xD6,
    0x0B, 0x2E, 0x8D, 0xEC, 0x88, 0x11, 0xE7, 0xED, 0xEB, 0xD8, 0x36, 0x00, 0x66, 0x80, 0x06, 0x05,
    0x38, 0x81, 0x73, 0x12, 0xB1, 0x66, 0x23, 0x6B, 0x7D, 0xD9, 0x20, 0x39, 0xEF, 0x92, 0xF2, 0xBE,
    0x49, 0x21, 0x2A, 0xCE, 0xB7, 0xAB, 0x6F, 0x6F, 0x9F, 0x9D, 0x71, 0x66, 0x37, 0x66, 0xBB, 0x70,
    0xF4, 0x9B, 0xCE, 0x43, 0x85, 0x86, 0xCE, 0x47, 0x42, 0xC4, 0xFB, 0xE6, 0x33, 0x85, 0x6D, 0x51,
    0x23, 0xCE, 0x28, 0x0B, 0x1E, 0x69, 0x71, 0x34, 0x5F, 0x6D, 0xD6, 0x57, 0x62, 0x04, 0x5C, 0x4E,
    0x33, 0xBB, 0xF7, 0x27, 0x94, 0x56, 0x23, 0xBC, 0x4D, 0x03, 0x03, 0x3A, 0x0F, 0x24, 0x1D, 0x26,
    0x96, 0xE7, 0x7F, 0xCC, 0xAF, 0x70, 0x5C, 0x12, 0x3C, 0x73, 0xFB, 0x6B, 0x3C, 0x2F, 0x90, 0xF3,
    0x63, 0x69, 0x53, 0x50, 0x75, 0xFE, 0x77, 0xC4, 0x7C, 0x66, 0x10, 0x02, 0xD7, 0x8D, 0xB0, 0x06,
    0x8A, 0xEA, 0xE7, 0x3B, 0xAD, 0x7E, 0x2F, 0x90, 0xC9, 0xEC, 0x73, 0xF4, 0xB8, 0x54, 0x98, 0x6E,
    0x24, 0xB4, 0x12, 0x0A, 0x8A, 0x25, 0x2B, 0xFB, 0xF9, 0x35, 0xBB, 0xB8, 0x18, 0x76, 0xB3, 0x05,
    0x0A, 0xE1, 0xD1, 0xB9, 0x04, 0x08, 0x52, 0x51, 0x92, 0x33, 0x09, 0x1C, 0x54, 0xED, 0x33, 0xC7,
    0xD0, 0x06, 0xB8, 0x2E, 0x55, 0x2F, 0x0C, 0xC1, 0xBA, 0xF6, 0x4B, 0xF6, 0xEF, 0x81, 0xED, 0xFF,
    0x5C, 0xD2, 0x6A, 0x69, 0x5A, 0x1F, 0xD2, 0xBC, 0x1B, 0x79, 0x9F, 0x4C, 0x90, 0x3F, 0xB8, 0xB3,
    0x9E, 0x9A, 0x6D, 0xC4, 0xF4, 0xAF, 0x44, 0xCD, 0x6E, 0xEA, 0x84, 0x59, 0x4D, 0xCF, 0x02, 0x32,
    0x9F, 0x39, 0xF5, 0x39, 0x15, 0xA2, 0x09, 0x95, 0x54, 0x34, 0xC9, 0x28, 0x1B, 0x2E, 0x26, 0x98,
    0xCF, 0x0C, 0xAF, 0x0C, 0x53, 0x03, 0xC9, 0x27, 0xC1, 0xAB, 0x1D, 0xFC, 0xFA, 0x1A, 0xE1, 0x57,
    0x4D, 0x30, 0xA3, 0xC0, 0x4D, 0xB1, 0x70, 0xF9, 0x44, 0xB1, 0xB0, 0xA1, 0x57, 0x60, 0xA6, 0xD0,
    0x6A, 0x38, 0x19, 0x12, 0xF1, 0x4A, 0x13, 0x83, 0x17, 0xC1, 0xAB, 0x65, 0x17, 0xAF, 0xD6, 0x0D,
    0x5E, 0x49, 0xD6, 0x68, 0x5E, 0x46, 0xB8, 0x3C, 0x45, 0x9B, 0x8E, 0xCC, 0x5E, 0x7B, 0xE2, 0xBD,
    0x4D, 0xEB, 0xE3, 0xD8, 0xEA, 0xC8, 0x93, 0x75, 0x94, 0x90, 0xC7, 0xC1, 0x45, 0xDA, 0xED, 0xC1,
    0x2D, 0x4C, 0x10, 0x00, 0x14, 0x6A, 0x28, 0xE3, 0x85, 0x93, 0x2D, 0x24, 0xEF, 0xF3, 0xDE, 0x89,
    0x3D, 0x29, 0x03, 0x4C, 0xF3, 0x7C, 0x0E, 0x35, 0xB7, 0x88, 0x54, 0xF3, 0x3A, 0xDC, 0x36, 0xF2,
    0x65, 0x17, 0x91, 0x40, 0x1E, 0x69, 0x2D, 0x99, 0xE5, 0x90, 0xDD, 0xE9, 0xF5, 0xA4, 0xE6, 0xC3,
    0x7B, 0xAC, 0x11, 0x6E, 0xCC, 0x2D, 0x31, 0x6A, 0x23, 0x0E, 0xBC, 0x89, 0xF1, 0xA6, 0xD4, 0xC2,
    0xFC, 0x25, 0xE6, 0x06, 0x4B, 0x68, 0x72, 0x92, 0xA3, 0xD8, 0xC5, 0x06, 0x89, 0x62, 0x35, 0x2C,
    0x47, 0x7F, 0xFE, 0x02, 0x80, 0x36, 0xE3, 0x0C, 0xDC, 0x84, 0x9F, 0x1E, 0x48, 0x0A, 0xEE, 0x91,
    0x7D, 0x7F, 0x07, 0x15, 0x35, 0x76, 0xAF, 0xA1, 0x7B, 0x8D, 0xDC, 0x63, 0x14, 0x76, 0x1B, 0xB7,
    0x8F, 0x94, 0xC1, 0xAB, 0x75, 0x9E, 0xF7, 0x0F, 0x16, 0xA3, 0x58, 0x8A, 0x80, 0xE9, 0xDC, 0x63,
    0xC6, 0x6D, 0x9F, 0x50, 0x4A, 0xA8, 0xC4, 0x74, 0x29, 0x77, 0x9A, 0x93, 0xDB, 0x89, 0x41, 0x43,
    0x5B, 0x48, 0x42, 0xB2, 0x24, 0xAF, 0x47, 0x92, 0xA8, 0xCE, 0x66, 0x54, 0x33, 0x33, 0x2F, 0x6E,
    0x66, 0xCD, 0x08, 0x63, 0x55, 0x67, 0xD3, 0x0E, 0x5B, 0xD3, 0x07, 0xCE, 0x63, 0x0A, 0x9B, 0x2B,
    0x49, 0x71, 0xCF, 0xDD, 0xFD, 0x06, 0xB9, 0x3F, 0xA7, 0xCC, 0xB3, 0xC5, 0x0C, 0xCF, 0xAD, 0x24,
    0xAD, 0x33, 0x27, 0x52, 0xC1, 0xF7, 0x5A, 0x30, 0x0E, 0x7C, 0x1A, 0x49, 0x35, 0x8A, 0xE1, 0x44,
    0x66, 0x14, 0xBE, 0x23, 0x65, 0x47, 0xBA, 0x4C, 0x97, 0xDB, 0xA5, 0xA4, 0x87, 0x17, 0x4C, 0xD7,
    0xA0, 0x28, 0x12, 0x9B, 0x1A, 0x88, 0xAA, 0xF3, 0x05, 0x75, 0x7B, 0x84, 0x43, 0xB9, 0x21, 0xE9,
    0x66, 0x7E, 0x00, 0x41, 0xDF, 0x62, 0xF7, 0xC7, 0xC2, 0x34, 0xBD, 0x6C, 0x2A, 0x1F, 0x64, 0xA4,
    0x39, 0x89, 0x0F, 0xD5, 0x44, 0x88, 0x70, 0x05, 0x68, 0x52, 0x94, 0x73, 0x4C, 0x71, 0x3E, 0x4C,
    0x6E, 0x64, 0xA2, 0xA3, 0xE0, 0xE9, 0xC2, 0x9E, 0x85, 0x85, 0xB4, 0xEA, 0x62, 0x61, 0x66, 0xBB,
    0x50, 0xE9, 0x8E, 0xA8, 0xF7, 0x05, 0xAF, 0x6B, 0xB1, 0x50, 0x72, 0x57, 0xB1, 0x14, 0x7C, 0x26,
    0xFB, 0x1F, 0x96, 0x84, 0x29, 0x3A, 0x62, 0x82, 0x26, 0xFE, 0x02, 0xB7, 0xC6, 0x0A, 0x85, 0x0A,
    0x35, 0x84, 0x16, 0x1E, 0xDD, 0xC3, 0xBA, 0xA7, 0x94, 0x08, 0x38, 0x63, 0xA3, 0xC9, 0x92, 0x47,
    0xE5, 0xFF, 0xA3, 0xB0, 0x73, 0x1D, 0x7F, 0x54, 0xD8, 0x99, 0xB8, 0xFB, 0xE1, 0x1D, 0x61, 0xA4,
    0xEA, 0x47, 0x49, 0x95, 0xA4, 0x54, 0x3E, 0xA9, 0xBC, 0x5A, 0x6F, 0x09, 0x23, 0x16, 0x23, 0x45,
    0xCC, 0xFA, 0x70, 0xD7, 0xD0, 0x7A, 0x3C, 0xC2, 0xCE, 0xC8, 0xB9, 0x4E, 0x26, 0x9F, 0x5D, 0x20,
    0xA6, 0x52, 0xE9, 0x98, 0x5C, 0xC0, 0xB3, 0x67, 0x82, 0x65, 0xF7, 0xF4, 0x8D, 0x45, 0x3C, 0x19,
    0xA7, 0x22, 0x8E, 0x47, 0x61, 0x1E, 0xC3, 0x96, 0xA6, 0x8F, 0xE4, 0xEF, 0x97, 0x1A, 0x85, 0x57,
    0xF8, 0xF3, 0x89, 0xF0, 0x47, 0x75, 0xA1, 0x49, 0x45, 0x14, 0x67, 0x81, 0xE7, 0x97, 0xD4, 0x6A,
    0x7C, 0xDE, 0xF1, 0x8D, 0xB3, 0x67, 0xA8, 0x02, 0x0D, 0x33, 0x67, 0x46, 0xAD, 0x38, 0xAB, 0xA8,
    0xD2, 0x8C, 0x72, 0xD5, 0xA5, 0xB2, 0x4C, 0xF2, 0x65, 0x2E, 0xAE, 0x24, 0x23, 0xF1, 0x5A, 0x93,
    0xEA, 0xD8, 0xD1, 0xB1, 0x2F, 0xF8, 0x38, 0x00, 0x48, 0x6B, 0xD0, 0x41, 0x50, 0x2E, 0x77, 0xE4,
    0xD2, 0x6B, 0x91, 0xCB, 0x26, 0x2D, 0x4B, 0x34, 0xF6, 0x5C, 0x70, 0x14, 0x8B, 0x5C, 0x1E, 0x6C,
    0xE1, 0x84, 0x34, 0x2F, 0xD6, 0x5C, 0x03, 0x31, 0xF4, 0x2A, 0xB9, 0xA0, 0x73, 0xD9, 0x7A, 0xCE,
    0x7A, 0xFF, 0x5D, 0xC6, 0x31, 0x3A, 0x56, 0x28, 0xE4, 0x5B, 0x8B, 0x2E, 0xC3, 0xD6, 0x6B, 0xA8,
    0x8B, 0x78, 0x28, 0x43, 0xC6, 0xA2, 0x2F, 0x12, 0x0D, 0x5D, 0x93, 0x54, 0x97, 0x04, 0x0B, 0xC8,
    0x6A, 0xC4, 0x97, 0xAA, 0xC3, 0xE9, 0xE5, 0x23, 0x63, 0xFD, 0xBA, 0x49, 0x75, 0x61, 0x35, 0xA0,
    0xBF, 0x54, 0x51, 0x62, 0xCD, 0xA2, 0x64, 0xA5, 0x79, 0x73, 0xAC, 0xD3, 0x7B, 0xC7, 0x27, 0xA0,
    0xA1, 0xF4, 0x38, 0xF7, 0x94, 0xE6, 0x9E, 0xD2, 0xDC, 0x83, 0x8B, 0xE6, 0xDE, 0xB9, 0xE8, 0x6A,
    0x6C, 0x99, 0x62, 0xF0, 0xC1, 0x31, 0xE1, 0x61, 0xF0, 0x97, 0xAC, 0x7C, 0x30, 0xF0, 0x52, 0x59,
    0x0D, 0x56, 0xEB, 0x5A, 0x97, 0xE6, 0x86, 0x3A, 0x17, 0xDA, 0x6F, 0x6D, 0x86, 0x25, 0xB0, 0xB8,
    0xF2, 0xA0, 0x32, 0x14, 0xE4, 0xDF, 0x2D, 0x40, 0xEF, 0x9D, 0x65, 0x1D, 0xD8, 0x6B, 0xCB, 0xB9,
    0xE2, 0xE6, 0xF0, 0xB5, 0xD2, 0x70, 0x42, 0x1D, 0x98, 0xE7, 0x45, 0x0B, 0x96, 0x3B, 0x9A, 0xBA,
    0x18, 0x4D, 0xB3, 0xEF, 0x12, 0x01, 0xA0, 0x66, 0x8C, 0x2B, 0x4E, 0x0F, 0xE2, 0x9C, 0x99, 0xF3,
    0xC1, 0x84, 0x92, 0xD3, 0xFB, 0x03, 0xAE, 0x3B, 0xD2, 0x1E, 0x4F, 0xE6, 0xD1, 0x1F, 0x5A, 0x79,
    0x97, 0x98, 0xD9, 0x48, 0xCD, 0xA5, 0x6A, 0x14, 0xA9, 0x0E, 0x49, 0x9F, 0x47, 0xF4, 0xA9, 0x98,
    0x26, 0x4B, 0xCD, 0x91, 0xDF, 0x29, 0x71, 0x74, 0x15, 0x6F, 0xE2, 0x9B, 0xD2, 0x9A, 0x37, 0xF1,
    0x50, 0x69, 0xD5, 0x5B, 0xCA, 0x4A, 0xB7, 0xD6, 0xBD, 0x65, 0xA2, 0x83, 0x4B, 0xE5, 0x5B, 0x36,
    0xB9, 0x82, 0x45, 0xCC, 0xD3, 0x06, 0xF5, 0xC5, 0x55, 0x2C, 0x36, 0xB6, 0xCC, 0x06, 0x8E, 0x6E,
    0x49, 0xFD, 0x5B, 0x2A, 0x05, 0x86, 0x52, 0x01, 0x77, 0x58, 0xFB, 0xA2, 0x45, 0x2A, 0x76, 0xF4,
    0x55, 0x8B, 0xA4, 0x40, 0xF8, 0xB2, 0x45, 0x2A, 0x70, 0x4C, 0x59, 0x4D, 0xD6, 0x61, 0xEE, 0x0A,
    0x17, 0x23, 0xE6, 0x9C, 0xE5, 0x76, 0xE8, 0x4B, 0x17, 0xB9, 0x1E, 0x6E, 0x36, 0x66, 0x5B, 0x11,
    0x37, 0x1A, 0xB3, 0xAD, 0x89, 0xEB, 0x8D, 0xD9, 0x56, 0xC5, 0xB5, 0x9B, 0xB2, 0x47, 0x5A, 0xD1,
    0x1F, 0xBA, 0xCA, 0x38, 0xAA, 0xC4, 0x71, 0xC5, 0x9B, 0x92, 0xEF, 0x67, 0xB4, 0x3A, 0x2E, 0xA1,
    0x67, 0x19, 0xAD, 0x8F, 0xCB, 0xC8, 0x49, 0x66, 0xB4, 0x42, 0xAE, 0xB0, 0x6F, 0x1F, 0xBF, 0x60,
    0xA5, 0xC6, 0xA4, 0x36, 0x85, 0x73, 0x98, 0x6C, 0x8D, 0x1B, 0xAD, 0x93, 0xCB, 0x3D, 0x14, 0xEE,
    0x6E, 0xDD, 0x86, 0x3B, 0x99, 0x19, 0x17, 0xD7, 0xAC, 0x6E, 0x3C, 0x57, 0xEB, 0xAE, 0x1F, 0x4B,
    0xD3, 0xFC, 0x7C, 0x11, 0xA3, 0xEA, 0x9E, 0xBE, 0x8A, 0x71, 0xB7, 0x8C, 0x71, 0xB7, 0x8E, 0xD1,
    0x01, 0x92, 0x0D, 0x65, 0x81, 0x63, 0xCA, 0x0F, 0x12, 0x30, 0xA6, 0x6C, 0x5F, 0x08, 0x14, 0x33,
    0xFF, 0x37, 0x80, 0x5A, 0x36, 0x06, 0x9A, 0xF8, 0x88, 0x23, 0xAA, 0x3F, 0x53, 0x20, 0x65, 0x6D,
    0xAA, 0xD5, 0xAD, 0x30, 0x4A, 0xEB, 0x5C, 0x31, 0x85, 0xEB, 0xDB, 0xD6, 0x0D, 0xFC, 0x8C, 0xC3,
    0x93, 0x58, 0xEB, 0xDF, 0x1C, 0xF4, 0xE8, 0x26, 0x0E, 0x78, 0x1C, 0x44, 0x54, 0xD8, 0xC1, 0x4D,
    0x9E, 0x76, 0xA0, 0x23, 0xCB, 0xC8, 0x41, 0x8E, 0x8A, 0xFF, 0x1D, 0xE0, 0xF0, 0x26, 0x1E, 0x6E,
    0x39, 0x16, 0x34, 0xEE, 0x82, 0x6D, 0x07, 0x6A, 0xAB, 0x03, 0x5A, 0xE1, 0x40, 0x78, 0x57, 0x24,
    0xC2, 0x45, 0x89, 0x72, 0x1B, 0xEE, 0xF9, 0x35, 0x5F, 0x67, 0x18, 0x7A, 0xF0, 0x6C, 0x72, 0xEF,
    0x76, 0xBF, 0xE7, 0x3A, 0xC6, 0xFD, 0x1A, 0xC5, 0x87, 0xE9, 0x9F, 0xAF, 0x63, 0x34, 0x7E, 0x3A,
    0x5C, 0xC7, 0xC8, 0xDF, 0x70, 0x7F, 0x5B, 0xC7, 0xD8, 0x71, 0x1D, 0x63, 0x88, 0x75, 0x8C, 0x35,
    0xD7, 0x31, 0x86, 0x88, 0x98, 0x52, 0xC7, 0x18, 0x4E, 0xC6, 0xD7, 0x31, 0x8E, 0x48, 0xB3, 0x5A,
    0xC7, 0x98, 0x6C, 0xEA, 0x18, 0xD1, 0x8B, 0xED, 0xEA, 0x18, 0xAD, 0xAB, 0x57, 0x34, 0x3B, 0x75,
    0x8C, 0xA3, 0xEB, 0x03, 0xE6, 0xB8, 0x3A, 0x46, 0xB8, 0x34, 0x1A, 0xA4, 0x8E, 0x11, 0x9A, 0x64,
    0x53, 0xC7, 0x98, 0x0E, 0x5A, 0xC7, 0x38, 0x82, 0xB2, 0xC3, 0x75, 0x8C, 0x64, 0x10, 0xF7, 0x5C,
    0xC7, 0xF8, 0xEE, 0xA6, 0x8E, 0xF1, 0x9D, 0xF3, 0x75, 0x8C, 0xED, 0x5E, 0x1D, 0x63, 0xE9, 0x4A,
    0x88, 0x77, 0xD4, 0x27, 0x8D, 0x0D, 0x48, 0x5B, 0x88, 0xB6, 0xA4, 0x54, 0xD1, 0xC8, 0xB2, 0x7E,
    0xC5, 0x5C, 0xF9, 0x62, 0xB6, 0x3E, 0x3E, 0xF9, 0x7C, 0x5D, 0x5E, 0xA8, 0xF4, 0x91, 0x07, 0x0E,
    0x6C, 0xB8, 0xDD, 0x2C, 0x24, 0x76, 0x23, 0xA5, 0x02, 0x59, 0xBF, 0x4D, 0x08, 0x08, 0xCC, 0x13,
    0xED, 0x92, 0x39, 0x97, 0x1C, 0xA1, 0x18, 0x69, 0x7C, 0xF0, 0x40, 0x23, 0x3C, 0x99, 0xB2, 0xF3,
    0xD0, 0xF1, 0x9C, 0x1B, 0xB3, 0x4F, 0x3E, 0x7F, 0xF0, 0xC7, 0x97, 0x45, 0xB9, 0xA2, 0x28, 0x2D,
    0x89, 0xF2, 0x05, 0x51, 0xAE, 0x1C, 0xCA, 0x15, 0x43, 0xB9, 0x52, 0x28, 0x2D, 0x8A, 0x73, 0x05,
    0x71, 0xAE, 0x18, 0xCE, 0x15, 0xC2, 0xB9, 0x02, 0x28, 0x57, 0xFE, 0xE4, 0x8A, 0x9F, 0x5C, 0xE9,
    0x93, 0x2B, 0x7C, 0x72, 0x65, 0x4F, 0xAE, 0xE8, 0xC9, 0x95, 0x3C, 0xB9, 0x82, 0x27, 0x57, 0xEE,
    0xE4, 0x8A, 0x9D, 0x5C, 0xA9, 0x93, 0x2B, 0x74, 0x72, 0x65, 0x4E, 0xAE, 0xC8, 0xC9, 0x95, 0x38,
    0xB9, 0x02, 0x27, 0x57, 0xDE, 0xE4, 0x8A, 0x9B, 0x3C, 0xB7, 0x35, 0x9A, 0x2D, 0xED, 0x55, 0x5F,
    0x0D, 0x4B, 0x16, 0xF3, 0x76, 0x33, 0x9B, 0x50, 0x62, 0x66, 0x62, 0x1A, 0x5C, 0x8E, 0xBC, 0x5C,
    0x6E, 0x24, 0xB5, 0x46, 0xAE, 0xD0, 0xC8, 0x2B, 0x02, 0x28, 0x75, 0xB8, 0xBE, 0xC8, 0x17, 0x17,
    0xA5, 0x8F, 0xBC, 0xA1, 0xAA, 0x21, 0x29, 0x19, 0x92, 0x7A, 0x21, 0x2D, 0x16, 0xA2, 0x30, 0xBF,
    0x22, 0x97, 0x13, 0x41, 0xE5, 0x6E, 0x4E, 0x4E, 0xE0, 0x8B, 0x77, 0xC4, 0x11, 0x1D, 0x69, 0x4D,
    0x70, 0xB8, 0x1F, 0x3C, 0xCC, 0x16, 0x87, 0x66, 0x7C, 0x52, 0xB8, 0xB2, 0x2F, 0xD1, 0x44, 0x63,
    0xCA, 0x8B, 0x1A, 0x0F, 0xAE, 0x93, 0x70, 0x27, 0x9A, 0xD2, 0x4E, 0x1E, 0xD1, 0xB8, 0xF8, 0xED,
    0x7E, 0x44, 0xB7, 0x7D, 0x88, 0x88, 0xEE, 0xB4, 0x17, 0xD1, 0x5D, 0x76, 0x23, 0xBA, 0x45, 0x97,
    0x49, 0xAD, 0xE9, 0xF9, 0x88, 0x6E, 0xB0, 0x13, 0xD1, 0xED, 0xF7, 0x22, 0xBA, 0xE3, 0x5E, 0x44,
    0x77, 0x7E, 0x84, 0x11, 0x5D, 0xC5, 0x99, 0x9F, 0x38, 0x2B, 0x89, 0x2B, 0x37, 0xD8, 0x65, 0x99,
    0xDE, 0x2F, 0xB7, 0xC0, 0x72, 0xA2, 0x88, 0xAB, 0x2A, 0xD3, 0x5F, 0xE3, 0x24, 0xF3, 0x9A, 0xB8,
    0x5A, 0xD9, 0xD0, 0xB1, 0xC2, 0x63, 0x4D, 0xFD, 0x7F, 0x59, 0x9C, 0xFD, 0x2F, 0x65, 0x5C, 0x7F,
    0xF1, 0x78, 0x47, 0x7A, 0x77, 0x36, 0xFC, 0x88, 0xBC, 0x23, 0x62, 0xB3, 0x53, 0x8C, 0xAB, 0xBC,
    0xDE, 0x16, 0x96, 0x6E, 0xCA, 0x4A, 0x2B, 0x1F, 0xD8, 0xAE, 0x7C, 0xC9, 0xF0, 0x57, 0xAE, 0x42,
    0xC1, 0xBF, 0xD5, 0x50, 0x30, 0x3C, 0x4E, 0x01, 0x99, 0xF6, 0x7B, 0x72, 0x4D, 0x3B, 0xEA, 0x91,
    0x0A, 0x94, 0xD4, 0x23, 0xA5, 0x87, 0xC8, 0x25, 0x01, 0x0E, 0xFB, 0x88, 0xF1, 0xA4, 0xC4, 0x8D,
    0xDD, 0x9C, 0x75, 0x11, 0x94, 0x0C, 0x84, 0x06, 0x94, 0x00, 0x14, 0xFB, 0x15, 0xF5, 0x15, 0xEF,
    0x2F, 0xD7, 0x55, 0x4F, 0xF1, 0x6F, 0x48, 0xB3, 0xE5, 0x9B, 0x8C, 0x38, 0xFF, 0xB9, 0xCA, 0x6A,
    0x4D, 0xB2, 0x23, 0x1B, 0xCA, 0xAD, 0x9A, 0xA4, 0x6A, 0x43, 0x7A, 0x60, 0x47, 0x01, 0x9C, 0xCC,
    0x0E, 0x21, 0x9B, 0xE5, 0x03, 0x99, 0x68, 0x8D, 0x1D, 0x63, 0x76, 0x84, 0x4C, 0x68, 0x96, 0x25,
    0xF7, 0xD1, 0xCF, 0x0F, 0x12, 0xF7, 0x3F, 0xB8, 0x05, 0x55, 0x03, 0xDB, 0x08, 0xC9, 0x1F, 0xDA,
    0x14, 0x8D, 0x88, 0x8C, 0xEA, 0xD5, 0x68, 0x0C, 0xAF, 0x8B, 0xED, 0x3B, 0xE4, 0x07, 0x4C, 0xED,
    0x2F, 0x50, 0xC5, 0xC2, 0x00, 0x12, 0xDE, 0x70, 0x48, 0x78, 0xCF, 0xB1, 0x21, 0xE6, 0xE4, 0xBB,
    0x2E, 0xE2, 0x98, 0x71, 0x4B, 0x52, 0x89, 0x15, 0xDC, 0x1E, 0xCB, 0x82, 0x77, 0x5F, 0x1B, 0x8C,
    0x87, 0x7F, 0x65, 0x0F, 0x6A, 0x0E, 0x86, 0x0C, 0x72, 0xEE, 0x2F, 0x98, 0xE0, 0xF5, 0xF7, 0x2F,
    0x5A, 0x85, 0x3F, 0xE2, 0xA5, 0x34, 0xCE, 0x8D, 0x18, 0x2A, 0xC9, 0x31, 0xB5, 0xB9, 0x34, 0x55,
    0x8E, 0x79, 0xA5, 0xE5, 0xC5, 0xC2, 0xDE, 0xF9, 0x45, 0x7F, 0x80, 0x60, 0x5D, 0xA9, 0x32, 0x1C,
    0x37, 0x5E, 0xB8, 0xD7, 0xA0, 0x7D, 0x02, 0x12, 0xA6, 0x4F, 0xD1, 0xAA, 0x19, 0x72, 0x74, 0x44,
    0x8F, 0xA4, 0x84, 0x4F, 0x05, 0xD6, 0x17, 0xCF, 0xD5, 0x1C, 0x2E, 0x78, 0x4C, 0x46, 0x3C, 0xE6,
    0x5D, 0x03, 0xC7, 0xA6, 0x6C, 0xA6, 0x8A, 0xAA, 0x79, 0x0B, 0x54, 0xA4, 0x46, 0x5A, 0x78, 0x50,
    0x23, 0x00, 0x14, 0xE8, 0x17, 0x8D, 0x51, 0x65, 0x02, 0xE5, 0x17, 0xE7, 0x86, 0x75, 0xC0, 0x24,
    0x9C, 0x7E, 0x94, 0xE1, 0x7C, 0x9F, 0xE6, 0xF2, 0xAF, 0x6B, 0xFA, 0x8A, 0xCF, 0x9A, 0xA4, 0x95,
    0x64, 0x79, 0x51, 0xB6, 0x6D, 0x97, 0xCB, 0x66, 0x11, 0xA3, 0xD4, 0x78, 0x15, 0x73, 0xAA, 0xCA,
    0x79, 0xC8, 0x76, 0x23, 0x6E, 0x95, 0x21, 0x89, 0x5D, 0x6D, 0x3C, 0x28, 0x21, 0xBF, 0x7C, 0x95,
    0x99, 0xF5, 0x90, 0x72, 0x3C, 0xEC, 0x63, 0x34, 0xE1, 0x86, 0x02, 0xAF, 0x1C, 0x51, 0x99, 0x04,
    0x19, 0x30, 0xE0, 0xC4, 0x90, 0x76, 0xA3, 0x95, 0xCC, 0x1F, 0x4B, 0xDC, 0xAD, 0x79, 0x8E, 0x9E,
    0x6E, 0x80, 0x02, 0xCD, 0xEF, 0xEC, 0xD3, 0xEA, 0x63, 0x27, 0x9D, 0x0F, 0x6E, 0xBA, 0x4D, 0x4D,
    0x4A, 0xF5, 0x04, 0xF7, 0xE7, 0xB2, 0x02, 0xDF, 0x17, 0xCE, 0x54, 0xE9, 0x0E, 0x76, 0xDF, 0x02,
    0xED, 0x4F, 0xDD, 0x58, 0xF5, 0x15, 0x16, 0x3D, 0xAC, 0x36, 0x18, 0x34, 0x77, 0x5D, 0x25, 0x6F,
    0x45, 0x42, 0x1F, 0xE0, 0xDE, 0xA2, 0x2A, 0x01, 0xCA, 0x5F, 0xD8, 0x9B, 0x0C, 0x6E, 0xD9, 0x9A,
    0xA7, 0x3E, 0x0F, 0x19, 0x7C, 0x92, 0xAE, 0x91, 0xD6, 0x24, 0xC4, 0xF2, 0x9E, 0xC2, 0x57, 0xC5,
    0x48, 0x9B, 0x19, 0x62, 0x0C, 0x99, 0xE2, 0x6F, 0xC4, 0x7D, 0xC0, 0x6E, 0x6F, 0xC8, 0xC7, 0xD0,
    0x13, 0x95, 0x24, 0x43, 0x40, 0x75, 0xCE, 0x9D, 0xF9, 0x83, 0x07, 0xEA, 0x6A, 0xE7, 0x9A, 0x1B,
    0xD6, 0xB9, 0x26, 0x0F, 0xC5, 0x43, 0xB9, 0xDB, 0xBC, 0xC5, 0xCD, 0xF7, 0x5D, 0x34, 0xFE, 0x5C,
    0xB3, 0x36, 0xE4, 0xCC, 0x66, 0x5F, 0x5F, 0xC3, 0xDA, 0x57, 0x23, 0x61, 0x84, 0x95, 0x54, 0xAD,
    0x8B, 0xAF, 0x9B, 0x8D, 0x7A, 0x1A, 0xAB, 0x52, 0xF6, 0x1F, 0xE2, 0x42, 0x6E, 0x18, 0x2D, 0xCF,
    0x80, 0x2A, 0xA5, 0xDB, 0x0E, 0xED, 0xBF, 0xB5, 0x73, 0xE0, 0xBE, 0x11, 0xE2, 0x06, 0x74, 0x13,
    0xAA, 0x4C, 0xC0, 0x31, 0x30, 0x24, 0xB2, 0x80, 0xD0, 0x04, 0x08, 0x26, 0x94, 0x40, 0xF5, 0x1D,
    0xCA, 0x33, 0xF8, 0x6B, 0xD2, 0xF6, 0x5B, 0x94, 0x5C, 0x69, 0x8B, 0xD6, 0xDB, 0xA1, 0xF9, 0xBD,
    0x0B, 0x71, 0x80, 0x63, 0x2B, 0x1C, 0xCB, 0x27, 0xC4, 0x8D, 0xEC, 0x7D, 0x8B, 0xFE, 0x6B, 0x10,
    0x1F, 0x28, 0xE1, 0x40, 0x30, 0xE5, 0x94, 0x89, 0x51, 0x20, 0xA0, 0xCB, 0x62, 0x39, 0xFE, 0xD3,
    0x73, 0xB9, 0xEA, 0x7C, 0x5C, 0xB0, 0x56, 0x90, 0x29, 0xA9, 0x9A, 0x7D, 0x92, 0x01, 0x3B, 0xE3,
    0x33, 0xC0, 0xEA, 0x13, 0x26, 0x08, 0x42, 0xEA, 0x55, 0x30, 0x47, 0xDD, 0x2B, 0xAC, 0xCB, 0x04,
    0xB7, 0x04, 0x62, 0xB2, 0x99, 0xDB, 0xC4, 0x28, 0x4A, 0xF6, 0xC9, 0xFD, 0x13, 0xDA, 0x83, 0xAF,
    0xA5, 0xB2, 0xA6, 0xD4, 0x10, 0x43, 0xBC, 0x66, 0xCC, 0x97, 0x9F, 0x18, 0xA8, 0xB3, 0x3E, 0x97,
    0x28, 0xB4, 0xD0, 0x79, 0xFA, 0x01, 0xC2, 0x6C, 0x21, 0xAE, 0x32, 0x92, 0x06, 0xFD, 0x67, 0x26,
    0xAA, 0x2F, 0xA7, 0xF6, 0xC7, 0x06, 0xD2, 0xA4, 0x7E, 0xFC, 0xA1, 0x89, 0x5B, 0x53, 0xD5, 0xE9,
    0x00, 0x0A, 0x3E, 0x3C, 0xB6, 0x19, 0xD1, 0x33, 0x86, 0xA4, 0x9E, 0xD8, 0x00, 0x5D, 0xCF, 0x2D,
    0x58, 0x02, 0xA0, 0x5E, 0x8C, 0x26, 0xBA, 0x40, 0xB5, 0xA8, 0x24, 0x20, 0x32, 0x73, 0x40, 0xFA,
    0xC8, 0x6A, 0x84, 0xE0, 0xB7, 0x71, 0x38, 0x64, 0xC5, 0x77, 0xF3, 0x06, 0x0C, 0xE6, 0xB8, 0xCD,
    0x50, 0x23, 0x02, 0x7B, 0xA9, 0xE8, 0xD1, 0x85, 0x3B, 0x34, 0x2D, 0x8B, 0xF7, 0x64, 0x86, 0xB9,
    0x44, 0x4B, 0x0A, 0xAA, 0xEB, 0x8A, 0xF9, 0x68, 0x6F, 0xA2, 0xB5, 0xF7, 0x15, 0x73, 0xBA, 0x97,
    0x10, 0x7F, 0xC2, 0x05, 0x1D, 0x72, 0x08, 0xA5, 0x14, 0xF7, 0x51, 0x1C, 0x32, 0xFB, 0xEF, 0x04,
    0x08, 0xB2, 0xF5, 0xA4, 0x68, 0x04, 0x64, 0x75, 0xC0, 0xB2, 0x05, 0x63, 0x33, 0x63, 0x71, 0xAF,
    0x99, 0x0A, 0x78, 0xD7, 0x6F, 0x99, 0x70, 0x3C, 0x2F, 0x88, 0x3F, 0x8B, 0x8D, 0x35, 0xD8, 0x0A,
    0xB9, 0x47, 0x6B, 0x81, 0x79, 0x41, 0xC5, 0x7D, 0x3B, 0x56, 0x65, 0x36, 0xBD, 0x68, 0xE2, 0xF1,
    0x9B, 0xC8, 0xF1, 0x77, 0x3E, 0x9F, 0xE2, 0xA6, 0x1A, 0xAA, 0x2D, 0x7F, 0x5B, 0x9C, 0x79, 0x40,
    0x2F, 0xBD, 0x18, 0xE3, 0xA3, 0x54, 0xC7, 0xB0, 0x2B, 0x60, 0xD6, 0xBA, 0x9E, 0x50, 0x75, 0x04,
    0xDE, 0x73, 0xA8, 0xA8, 0x93, 0x81, 0x9D, 0x88, 0x41, 0x77, 0xB5, 0xB9, 0xC6, 0xB9, 0xAD, 0xAD,
    0x5F, 0x0C, 0x06, 0x2C, 0x40, 0x4D, 0x9C, 0xE6, 0x1B, 0xAA, 0x1C, 0xA3, 0x38, 0xDF, 0x3F, 0x91,
    0x1C, 0xEB, 0xF0, 0x3E, 0x59, 0x5F, 0xE0, 0x9B, 0x74, 0xE8, 0x84, 0x0D, 0xCB, 0x2F, 0x3C, 0xEE,
    0x5B, 0x6C, 0xA8, 0x2E, 0x1C, 0xFA, 0x7C, 0xF7, 0x6E, 0x5B, 0x15, 0x53, 0xBD, 0x47, 0x8A, 0x0C,
    0x08, 0x1D, 0x4E, 0xD2, 0xF9, 0xA1, 0xF8, 0xB2, 0xAE, 0x5F, 0x52, 0x5A, 0xF5, 0x44, 0x63, 0x09,
    0x32, 0x02, 0xC3, 0x6C, 0x11, 0x67, 0x8C, 0xF7, 0xBC, 0x4F, 0x71, 0xA9, 0x12, 0xCD, 0xEF, 0x17,
    0xC9, 0x80, 0xF8, 0xE6, 0x25, 0xE4, 0xF5, 0x98, 0x61, 0xC6, 0x81, 0x78, 0x6C, 0x32, 0x13, 0x31,
    0x3E, 0x70, 0x72, 0x32, 0xD8, 0x04, 0xE9, 0xBC, 0x65, 0x23, 0xF9, 0x1A, 0x4B, 0x42, 0x4B, 0x2D,
    0x49, 0x6F, 0x1D, 0xBB, 0x1A, 0xB2, 0x8E, 0x8B, 0x5E, 0xC3, 0xD6, 0xFC, 0xE0, 0x42, 0x61, 0xCF,
    0x99, 0x00, 0x85, 0x68, 0x0F, 0xBA, 0x5F, 0x72, 0x25, 0x76, 0xC9, 0x0D, 0xBB, 0xDE, 0xE1, 0x5C,
    0x74, 0x9F, 0xE0, 0xAA, 0xDB, 0xFF, 0x66, 0x22, 0x47, 0xD3, 0x73, 0xAD, 0x7E, 0x9F, 0x6B, 0x42,
    0x2C, 0xC7, 0xE0, 0x39, 0xC0, 0xD4, 0x2C, 0x77, 0x38, 0xEE, 0x2E, 0x4E, 0xC8, 0x46, 0xDC, 0x7C,
    0x2E, 0xF1, 0x76, 0xD5, 0x9C, 0x8B, 0x42, 0x52, 0x31, 0x32, 0xC9, 0xD0, 0xD0, 0x08, 0xBD, 0xA6,
    0x77, 0x04, 0xF2, 0x5E, 0x1C, 0x1E, 0xA0, 0xF7, 0xEA, 0x29, 0xD1, 0x36, 0x65, 0x0B, 0x02, 0xB7,
    0xAA, 0xAC, 0x2B, 0x4E, 0xB8, 0xE5, 0xED, 0x64, 0xD5, 0x06, 0x0C, 0x5E, 0x93, 0xC9, 0xFF, 0x04,
    0x0C, 0x9F, 0x68, 0x06, 0xAD, 0x22, 0x46, 0x79, 0x4B, 0x1C, 0x85, 0x19, 0x8A, 0xFD, 0x5B, 0xDC,
    0x33, 0xB7, 0xB5, 0x28, 0xA2, 0x41, 0x0B, 0x23, 0xA5, 0x38, 0x04, 0x9B, 0x7A, 0x27, 0x22, 0x13,
    0xDC, 0x3C, 0x44, 0x6D, 0xA4, 0xB0, 0x03, 0xCA, 0xA0, 0xFF, 0xE1, 0xCD, 0xDE, 0x66, 0x4E, 0x1D,
    0x6E, 0xEC, 0x7B, 0x6F, 0x60, 0x28, 0xE6, 0xE3, 0xAA, 0x0D, 0x81, 0x5D, 0x4F, 0xB9, 0x34, 0xA9,
    0x70, 0x07, 0xC1, 0x4D, 0xC3, 0x41, 0x5F, 0xC6, 0xF0, 0x41, 0x98, 0x05, 0xEF, 0x72, 0x79, 0x4F,
    0x36, 0x33, 0xAD, 0x39, 0xA3, 0xEF, 0x1B, 0x98, 0x9E, 0xB6, 0xC9, 0xD1, 0xBE, 0x82, 0xFD, 0x06,
    0xF6, 0xC4, 0x24, 0x62, 0xE4, 0x8A, 0xA4, 0x6C, 0x02, 0x87, 0x18, 0x80, 0xBB, 0x82, 0xEE, 0xF5,
    0x53, 0xCC, 0x6A, 0xBB, 0x48, 0x39, 0xFE, 0x0C, 0x20, 0x1E, 0x28, 0xE4, 0x92, 0x36, 0x18, 0x24,
    0xCC, 0x2D, 0x8E, 0xEC, 0x7C, 0x92, 0xCA, 0x7F, 0x25, 0x7D, 0x80, 0xC1, 0x1F, 0xB3, 0x03, 0x03,
    0x6C, 0x5F, 0xF9, 0x71, 0x84, 0x62, 0x90, 0x2D, 0x97, 0xE2, 0x41, 0xB6, 0xC5, 0x01, 0xF5, 0xF8,
    0xEB, 0x57, 0x5B, 0xDE, 0xFC, 0xE6, 0xBF, 0xA1, 0x10, 0xD7, 0x19, 0xFB, 0x30, 0x69, 0xA7, 0x10,
    0xD2, 0xD9, 0x0D, 0x6B, 0xED, 0xEA, 0x96, 0x63, 0xCD, 0x1D, 0x03, 0x0D, 0xC4, 0xA2, 0x83, 0x85,
    0xAA, 0x49, 0x40, 0x7F, 0x1F, 0xD9, 0x73, 0x7E, 0xFA, 0x39, 0xDE, 0x29, 0x24, 0x38, 0x76, 0xC8,
    0xD1, 0xAB, 0xAF, 0x6C, 0xD6, 0x9C, 0xA0, 0x45, 0xF6, 0x07, 0x39, 0x11, 0xD5, 0xA5, 0x0B, 0xA4,
    0xC3, 0x86, 0x37, 0x61, 0xF1, 0x97, 0xAF, 0x70, 0xEE, 0x63, 0xFC, 0x6E, 0xC7, 0xA1, 0x95, 0x84,
    0xF6, 0x59, 0xCE, 0xA7, 0xEB, 0xEF, 0x90, 0x16, 0x35, 0x50, 0x39, 0x19, 0x9A, 0xC5, 0x30, 0x8A,
    0x88, 0xD9, 0x3F, 0xE8, 0xF3, 0x39, 0xD8, 0x19, 0xA1, 0xB9, 0x5F, 0x8A, 0xCE, 0x15, 0xB8, 0x7C,
    0x18, 0x0C, 0x68, 0xDD, 0xBB, 0xC3, 0x7B, 0xDF, 0xD3, 0x0E, 0xDA, 0x11, 0xB9, 0x0C, 0x23, 0x8A,
    0x8D, 0x85, 0x54, 0xEC, 0x13, 0xBC, 0x2C, 0xDE, 0x84, 0x62, 0xF3, 0x2B, 0x32, 0x29, 0xAD, 0x71,
    0x4C, 0xDA, 0x62, 0x60, 0x55, 0x9B, 0x9B, 0x5D, 0x4D, 0x5F, 0x4E, 0x6B, 0x89, 0x9B, 0x9E, 0x1F,
    0x91, 0x4B, 0xB8, 0xC1, 0x1F, 0xE1, 0xA9, 0x29, 0xA3, 0x83, 0xB7, 0x52, 0x2E, 0xE9, 0x17, 0x70,
    0xE4, 0x87, 0x6C, 0x1A, 0xFB, 0x01, 0xB3, 0x79, 0xFC, 0xA1, 0x0E, 0x82, 0x9A, 0x80, 0xEC, 0xF9,
    0x2D, 0xBC, 0xAA, 0x72, 0x53, 0x0B, 0x3D, 0xF8, 0xCD, 0x85, 0xF8, 0xD8, 0xF4, 0x2E, 0x8F, 0x89,
    0x63, 0x92, 0xAC, 0x97, 0x11, 0x65, 0x55, 0x12, 0x75, 0x22, 0x65, 0xB0, 0xCD, 0x97, 0x80, 0xAC,
    0xC5, 0xAA, 0xAD, 0x60, 0x29, 0x6B, 0x74, 0x8C, 0x96, 0x15, 0x63, 0x15, 0xFF, 0x62, 0x4F, 0xC7,
    0x12, 0x9F, 0xAC, 0x73, 0xCE, 0x65, 0xC1, 0x64, 0xBF, 0xDF, 0x87, 0x3F, 0xF5, 0x0D, 0xAA, 0xD9,
    0xA8, 0x63, 0x76, 0x18, 0xD7, 0x6A, 0x31, 0x98, 0x56, 0x5B, 0x71, 0x0C, 0xCF, 0xE2, 0x56, 0x71,
    0xB1, 0x40, 0xB0, 0xDD, 0x75, 0x63, 0x9F, 0xD4, 0xEA, 0x7B, 0xF1, 0x81, 0x92, 0xD7, 0x67, 0x2D,
    0x2C, 0xCA, 0xEB, 0x4D, 0xCA, 0x0F, 0x7D, 0x76, 0x9A, 0x55, 0x9B, 0xBB, 0xA0, 0x20, 0xDF, 0x58,
    0x1B, 0xD0, 0x93, 0xDB, 0x78, 0xA1, 0x26, 0x5A, 0x1A, 0xB4, 0x26, 0xA2, 0xB9, 0xE0, 0xE6, 0x10,
    0xD5, 0xFE, 0xF0, 0xD4, 0x6D, 0xDD, 0xFD, 0xE9, 0x37, 0x27, 0xB4, 0xED, 0x3C, 0xA7, 0x2E, 0x92,
    0xDD, 0xD0, 0xC9, 0x2F, 0x0C, 0xEC, 0xD3, 0xC8, 0x5B, 0x12, 0x31, 0x6E, 0x45, 0x88, 0x4A, 0x8C,
    0x6B, 0xA7, 0x69, 0x37, 0x89, 0x2D, 0xC9, 0xB2, 0xC9, 0xFB, 0x23, 0x7F, 0x24, 0x29, 0xE5, 0x5A,
    0x63, 0xBA, 0x39, 0x04, 0x9A, 0xDD, 0x4F, 0xC9, 0xFD, 0x1D, 0x47, 0xE0, 0x3F, 0x89, 0x6B, 0x89,
    0xCA, 0xA7, 0x2A, 0x7B, 0xFC, 0x06, 0x5B, 0x88, 0x74, 0xC8, 0x2C, 0xE5, 0x28, 0x23, 0xA6, 0xDC,
    0x76, 0xE9, 0x48, 0x37, 0x3A, 0xCD, 0x3D, 0xA2, 0x6A, 0xD5, 0x6C, 0xD6, 0xB7, 0xCC, 0x46, 0x8D,
    0x9B, 0x93, 0x0C, 0x7B, 0x93, 0x12, 0xC8, 0xEE, 0x1A, 0xC9, 0xF3, 0xCF, 0xF9, 0x27, 0x47, 0xF8,
    0xB7, 0x46, 0x56, 0xCC, 0x7E, 0xC7, 0xB0, 0xE1, 0x82, 0xF3, 0x07, 0xAA, 0x46, 0x87, 0xD5, 0x4A,
    0x01, 0xFE, 0x15, 0xB3, 0x5F, 0x81, 0x08, 0x0F, 0xD4, 0xBD, 0xD7, 0xF0, 0x4E, 0xA2, 0xA3, 0x91,
    0x74, 0x6B, 0xCE, 0x10, 0xE4, 0x64, 0xD4, 0x13, 0x89, 0x4B, 0x5B, 0x0C, 0x0D, 0xAF, 0x15, 0xD9,
    0x9B, 0x18, 0xC6, 0xB8, 0x25, 0x79, 0x54, 0xFB, 0xC7, 0x8C, 0xC4, 0xAC, 0x04, 0xBD, 0xE9, 0x67,
    0xBF, 0x88, 0xEC, 0xA8, 0xAC, 0x82, 0xA2, 0x34, 0xAF, 0xEB, 0x0F, 0x69, 0xAC, 0x6A, 0x3C, 0x15,
    0x44, 0xDF, 0x9C, 0x98, 0x2F, 0xBE, 0xCC, 0x1B, 0xF4, 0x95, 0xE5, 0x84, 0x2E, 0x1F, 0xB9, 0xC8,
    0x29, 0xD6, 0x90, 0x53, 0xDC, 0x01, 0x13, 0x20, 0x66, 0x93, 0x8C, 0x04, 0xAD, 0x9B, 0x52, 0xD9,
    0xDB, 0x8C, 0x8E, 0x94, 0x23, 0xFF, 0x3A, 0x1C, 0x26, 0x3A, 0x51, 0x0A, 0x44, 0x8E, 0xB7, 0xE0,
    0xBB, 0x21, 0x80, 0x31, 0x68, 0xEA, 0x76, 0x6A, 0x71, 0x47, 0xCE, 0x12, 0xE2, 0xD4, 0x4B, 0x02,
    0x5C, 0x20, 0xDE, 0x6A, 0x56, 0x86, 0x5B, 0xBA, 0xDB, 0xA6, 0x74, 0xA6, 0x13, 0x52, 0x37, 0x89,
    0x64, 0x47, 0xED, 0x6C, 0xC0, 0x59, 0x73, 0x04, 0x39, 0xD4, 0xBD, 0x0C, 0x13, 0xFD, 0xA5, 0x2F,
    0x89, 0xE5, 0xFB, 0xC4, 0xDF, 0x46, 0x43, 0x5D, 0x6E, 0x8F, 0xF5, 0xF8, 0xA3, 0x36, 0xE0, 0x54,
    0xF9, 0x8B, 0x3F, 0x26, 0x83, 0x9B, 0xFC, 0xD3, 0x4F, 0xCC, 0x8C, 0x24, 0x91, 0xE9, 0xF7, 0x1B,
    0x30, 0xD8, 0xE4, 0xB3, 0xAB, 0x3F, 0x69, 0xC7, 0x8A, 0x3B, 0xE2, 0x41, 0x9D, 0xE5, 0x98, 0x63,
    0x66, 0x8F, 0xE8, 0xA1, 0x68, 0x24, 0x60, 0x18, 0xAC, 0xDC, 0xFB, 0xA9, 0x30, 0x3F, 0x65, 0xA9,
    0xC2, 0xD4, 0x32, 0x4C, 0xAD, 0xC3, 0xD4, 0x42, 0x4C, 0xAD, 0xC4, 0xD4, 0x52, 0xCC, 0x4D, 0x79,
    0xF5, 0xFC, 0xE0, 0xF2, 0x6A, 0xA9, 0xFD, 0x08, 0x1A, 0xF9, 0xDD, 0x2D, 0xB9, 0x2E, 0xB7, 0xBB,
    0xE3, 0xBD, 0x6C, 0xDC, 0xBD, 0x76, 0x71, 0xED, 0xB1, 0x91, 0xA8, 0xD7, 0xC8, 0xB5, 0x96, 0x1C,
    0x3A, 0xF4, 0x69, 0xA9, 0x96, 0x05, 0xC7, 0xBD, 0x86, 0xF5, 0x13, 0x8E, 0x48, 0x16, 0x2B, 0x73,
    0xC7, 0x62, 0x15, 0xBD, 0xE5, 0x11, 0xB7, 0x15, 0xDE, 0xFF, 0x2E, 0x12, 0x1B, 0xF2, 0x3B, 0x23,
    0x15, 0xBC, 0xD8, 0xF6, 0x98, 0x20, 0xFA, 0x7F, 0x8D, 0x93, 0x3D, 0x72, 0xD5, 0x30, 0x10, 0xC7,
    0xD7, 0x76, 0xF2, 0x1C, 0xA2, 0x61, 0x44, 0x41, 0x2A, 0x0A, 0x35, 0x29, 0x01, 0x5D, 0x20, 0x64,
    0x7D, 0x84, 0xD7, 0xA4, 0x4F, 0x01, 0x05, 0x9C, 0x80, 0x82, 0x41, 0x9A, 0xE1, 0x02, 0xAF, 0xA0,
    0x0F, 0x75, 0x9A, 0x34, 0x14, 0x29, 0x00, 0x79, 0x72, 0x02, 0x71, 0x03, 0xF5, 0x14, 0xA8, 0x70,
    0xA1, 0x30, 0x92, 0x96, 0xD5, 0x7B, 0xE1, 0x63, 0xA8, 0xB0, 0x2C, 0x8F, 0x66, 0xBD, 0xBB, 0x5A,
    0xFD, 0xF6, 0x2F, 0x00, 0xB8, 0x0F, 0x80, 0x00, 0x6E, 0x06, 0x0A, 0xE0, 0x12, 0xE8, 0x02, 0x23,
    0x01, 0xD0, 0x04, 0x1A, 0x76, 0xCF, 0x47, 0x28, 0x03, 0x8D, 0x24, 0xAB, 0xCE, 0x18, 0xCD, 0x7C,
    0x0A, 0x7B, 0x3B, 0xBB, 0xF6, 0x1C, 0xB6, 0xB0, 0x6B, 0x86, 0x81, 0x08, 0xC6, 0x42, 0x56, 0x46,
    0xE3, 0xD1, 0xAB, 0xE8, 0xAC, 0x88, 0x4F, 0x61, 0x98, 0x9A, 0x9B, 0x58, 0x06, 0x8B, 0x75, 0x0C,
    0x8E, 0x2E, 0x22, 0x11, 0xC5, 0xAA, 0x28, 0xBC, 0x19, 0x68, 0x3E, 0x80, 0x97, 0xBB, 0x34, 0x44,
    0x19, 0xEF, 0x26, 0xAF, 0x97, 0x8E, 0x6D, 0x6A, 0x82, 0x13, 0xF4, 0x90, 0xF1, 0xF6, 0x51, 0x62,
    0x5B, 0x94, 0x44, 0xBE, 0xA7, 0x0A, 0x70, 0xB4, 0x86, 0xD5, 0x07, 0xCC, 0xA6, 0xB4, 0x81, 0x69,
    0xB5, 0x51, 0x61, 0x4C, 0x26, 0xA9, 0xE2, 0x92, 0xAE, 0x3C, 0x0B, 0x46, 0x95, 0x0F, 0xED, 0x6A,
    0xD3, 0x7D, 0xB1, 0x8A, 0x16, 0xA4, 0xE2, 0xDE, 0x55, 0xD7, 0x11, 0x76, 0x15, 0x86, 0x0C, 0x7A,
    0xE9, 0x69, 0xEE, 0x32, 0x00, 0xBF, 0xCF, 0xDB, 0xE6, 0x1D, 0xD7, 0x4C, 0x51, 0x7F, 0xCB, 0xD8,
    0x15, 0x03, 0xD5, 0x01, 0x7F, 0x0B, 0xDE, 0x70, 0x21, 0x8B, 0x20, 0x0F, 0x2F, 0xB6, 0x15, 0x76,
    0x61, 0xB0, 0x7D, 0xE6, 0x73, 0x54, 0x99, 0x44, 0x51, 0x8B, 0x64, 0x0E, 0x2A, 0xA2, 0xC7, 0xE0,
    0x2C, 0xCE, 0xC4, 0xF8, 0x3E, 0xC1, 0x3D, 0x38, 0x06, 0xAE, 0x7C, 0xAD, 0xED, 0x90, 0x71, 0x96,
    0x8B, 0x8E, 0x3A, 0xC8, 0x6C, 0xE6, 0x91, 0xC9, 0xF4, 0x54, 0x98, 0x14, 0x6F, 0xA9, 0x23, 0xC0,
    0xFE, 0x16, 0x0A, 0x08, 0x78, 0x02, 0xC6, 0x56, 0x70, 0x37, 0x04, 0xE6, 0x2B, 0x59, 0x8C, 0x34,
    0xB7, 0x9C, 0x22, 0xE9, 0x38, 0x64, 0x19, 0x21, 0x0D, 0x11, 0xCE, 0x3B, 0xBB, 0x43, 0x54, 0x39,
    0x07, 0x79, 0xA6, 0xB0, 0xE8, 0x1F, 0x4C, 0x6A, 0x92, 0xF9, 0x19, 0x0C, 0xE9, 0x18, 0xC0, 0x6F,
    0xFF, 0x5F, 0x73, 0xC4, 0xC2, 0xD1, 0xC1, 0x78, 0xE3, 0x9D, 0x77, 0x11, 0x93, 0x5A, 0xBA, 0x49,
    0x04, 0x93, 0x75, 0x95, 0x55, 0xD4, 0xB1, 0x88, 0x2C, 0x39, 0xB3, 0x99, 0xDD, 0xB4, 0x07, 0x22,
    0x20, 0xF3, 0x72, 0xD1, 0xB1, 0x3F, 0x06, 0x1D, 0x65, 0x1A, 0x33, 0xF3, 0x79, 0xC0, 0xDC, 0xAD,
    0x0E, 0x6D, 0xE0, 0xCC, 0x63, 0x42, 0x38, 0x85, 0xC7, 0xC0, 0x8C, 0x93, 0xCC, 0x72, 0x17, 0xEF,
    0xCD, 0xF4, 0x9A, 0x37, 0x5C, 0x6D, 0xF4, 0xAF, 0x1E, 0xE4, 0xC3, 0x4D, 0x2B, 0x41, 0x05, 0xF1,
    0xBB, 0x0F, 0xE6, 0xAE, 0x0F, 0xFB, 0x53, 0xB7, 0x5E, 0x15, 0x6E, 0xB0, 0x35, 0x57, 0xFE, 0xB3,
    0x08, 0x79, 0x8C, 0x85, 0x75, 0x70, 0xE1, 0x91, 0xAC, 0x28, 0x5B, 0x0A, 0x01, 0x93, 0xCE, 0xB2,
    0xB4, 0xFC, 0x6A, 0x31, 0xFE, 0xED, 0xD6, 0x98, 0x40, 0xD1, 0xA4, 0x88, 0x15, 0x39, 0x83, 0xB3,
    0x2C, 0xC5, 0xA1, 0x82, 0x62, 0xA3, 0xBF, 0x13, 0x64, 0x5F, 0x80, 0x01, 0xB1, 0x3E, 0xCC, 0xDC,
    0x74, 0xCB, 0x1A, 0x34, 0x14, 0x34, 0xF9, 0x55, 0x9D, 0x5E, 0x59, 0x33, 0xFF, 0x3B, 0x5A, 0x48,
    0x3B, 0x5B, 0x62, 0xA1, 0xB3, 0x84, 0x1C, 0x2B, 0x80, 0x28, 0x0C, 0x45, 0x27, 0x6E, 0x67, 0xC6,
    0xD0, 0x17, 0x6D, 0xE1, 0xBA, 0x79, 0x8D, 0x00, 0x0F, 0x79, 0x7D, 0x82, 0xA1, 0xCB, 0x58, 0xAF,
    0x92, 0x62, 0xE9, 0x09, 0x22, 0x0B, 0xEE, 0x76, 0x27, 0x84, 0xA9, 0xA5, 0x19, 0x66, 0x43, 0x82,
    0xA5, 0xFC, 0x3D, 0x92, 0xA3, 0x58, 0x24, 0xF9, 0x93, 0x9E, 0xAF, 0x0B, 0xEF, 0x71, 0x78, 0x79,
    0xF9, 0xFE, 0x6F, 0x39, 0x1F, 0x9D, 0x9D, 0xAD, 0xFF, 0xAB, 0x81, 0x70, 0xD0, 0x10, 0x72, 0xB3,
    0xB1, 0xDD, 0xA9, 0xC0, 0x77, 0xCA, 0x73, 0x80, 0xDD, 0xDE, 0x44, 0xC1, 0xC2, 0x11, 0x2C, 0x9C,
    0xDE, 0x36, 0x81, 0x4D, 0x3A, 0x8A, 0xDC, 0x00, 0xFF, 0x01, 0x2D, 0xD3, 0xFE, 0xB6, 0x32, 0x3E,
    0xAB, 0x75, 0xD6, 0x71, 0x75, 0x48, 0x8A, 0x83, 0x7E, 0x02, 0xED, 0x5C, 0x3B, 0xAF, 0x25, 0xD9,
    0x55, 0xDE, 0x75, 0x8E, 0xEF, 0x2D, 0x66, 0x4A, 0xA2, 0x26, 0x70, 0x23, 0x34, 0x1D, 0x54, 0x42,
    0x62, 0xF1, 0xA8, 0x84, 0x80, 0x00, 0xD8, 0x65, 0x10, 0x79, 0x07, 0x7D, 0x19, 0x6C, 0x07, 0x4E,
    0x40, 0xC2, 0x76, 0x70, 0xFD, 0x03, 0x90, 0xAA, 0x88, 0x08, 0x08, 0xE8, 0x60, 0x10, 0x01, 0x01,
    0x1D, 0xB4, 0x25, 0x4F, 0x1B, 0x69, 0x08, 0x27, 0x80, 0xA9, 0x42, 0x84, 0x0E, 0x38, 0x92, 0x65,
    0x08, 0x5D, 0x42, 0x3D, 0x02, 0x9B, 0xC0, 0x65, 0xEB, 0x0C, 0xAE, 0x1E, 0x57, 0xD5, 0x66, 0x7D,
    0xDF, 0x5A, 0xBB, 0x4E, 0xDD, 0xD3, 0x8F, 0x99, 0xB6, 0xDB, 0xC6, 0x23, 0x73, 0x66, 0xEE, 0x5E,
    0xEB, 0x9E, 0x5B, 0x8F, 0xFD, 0x58, 0x7B, 0xAD, 0x6F, 0x3D, 0x76, 0x3B, 0xE7, 0xDC, 0xEF, 0x38,
    0x57, 0x77, 0xAE, 0x1D, 0x5C, 0xE8, 0x77, 0xE1, 0xB0, 0x0F, 0x5D, 0x16, 0xAA, 0x3C, 0xB8, 0x62,
    0x72, 0xFE, 0xE8, 0x7C, 0xEF, 0x7C, 0xE7, 0x0A, 0xC7, 0xCF, 0x23, 0x97, 0x2C, 0x6E, 0x1F, 0x5C,
    0x1A, 0x5C, 0xBE, 0xE0, 0x82, 0x52, 0x2F, 0x68, 0xE2, 0x05, 0xD7, 0xCD, 0x2E, 0x0C, 0x7B, 0xFC,
    0x7F, 0x64, 0xDB, 0xBB, 0x77, 0x2B, 0xF7, 0x9C, 0x0F, 0xAE, 0xEF, 0x93, 0x20, 0xAF, 0x1E, 0xB4,
    0x03, 0x2E, 0x74, 0x49, 0xE8, 0xF0, 0x8A, 0xC5, 0xE5, 0xF2, 0xFC, 0x01, 0x6F, 0x7F, 0x55, 0xAE,
    0xBC, 0xE7, 0xDC, 0xE8, 0x76, 0x01, 0x6F, 0x47, 0xDF, 0x16, 0xE7, 0x27, 0x57, 0xCB, 0x4D, 0xD2,
    0x71, 0xE7, 0x7E, 0xDB, 0x1E, 0xF7, 0x09, 0xF9, 0xC9, 0x1B, 0x87, 0x3E, 0xB9, 0x5A, 0x7E, 0xC2,
    0x41, 0x6E, 0xE9, 0x70, 0x8F, 0xCB, 0x26, 0xE7, 0xD2, 0xC1, 0xB9, 0xA4, 0xC3, 0x85, 0x55, 0x39,
    0x64, 0x93, 0x9F, 0x8A, 0xA5, 0x9E, 0xCA, 0xA5, 0x1E, 0x8B, 0xC5, 0x0F, 0xF9, 0x94, 0x54, 0x09,
    0x3B, 0x5B, 0x36, 0x68, 0xDF, 0xE1, 0xAD, 0xF2, 0x09, 0x2E, 0x93, 0xE7, 0x38, 0xF9, 0xB5, 0xC9,
    0xA5, 0x83, 0x4E, 0x1E, 0xD7, 0x14, 0xD2, 0x5F, 0x79, 0x66, 0xA8, 0x7C, 0x38, 0xE2, 0x9D, 0xC1,
    0xF9, 0x30, 0xE1, 0xD6, 0xC9, 0xB5, 0x64, 0xBC, 0x0C, 0xA6, 0x5E, 0x1C, 0x66, 0x36, 0x09, 0x65,
    0xC0, 0x37, 0x6E, 0xBF, 0x14, 0x41, 0x5E, 0xF0, 0x8A, 0x4B, 0xE7, 0x3C, 0xF0, 0x1D, 0xD9, 0x94,
    0xE9, 0x3B, 0xF2, 0x31, 0xE5, 0x3B, 0x64, 0xC0, 0x7B, 0x3E, 0x5A, 0x1E, 0xB0, 0x53, 0xA6, 0x3E,
    0x24, 0x61, 0x64, 0x3F, 0xBE, 0x79, 0xC5, 0x47, 0x27, 0x41, 0x3E, 0x33, 0x3B, 0x24, 0x9F, 0x85,
    0x1D, 0xC2, 0x87, 0x1D, 0xC2, 0x47, 0xDE, 0x91, 0xCB, 0xDF, 0x0B, 0xBC, 0x43, 0xD6, 0x48, 0x7A,
    0x27, 0xEF, 0xF0, 0xA3, 0xD3, 0x71, 0x48, 0xCF, 0x64, 0xFD, 0x06, 0x79, 0xCC, 0x63, 0xE7, 0x6E,
    0x87, 0xA5, 0x2A, 0x42, 0x38, 0xE0, 0x99, 0x5D, 0x29, 0xCC, 0xEE, 0x06, 0xF3, 0xEA, 0x23, 0x3F,
    0xB7, 0x41, 0xFE, 0x5B, 0xFC, 0x7C, 0xBB, 0x3F, 0x2D, 0xDB, 0x3B, 0x8E, 0x2F, 0x9A, 0x5C, 0x48,
    0x94, 0xD9, 0x85, 0x3F, 0x27, 0x33, 0xCB, 0xDC, 0x7C, 0x89, 0x8C, 0xCC, 0xCD, 0x4E, 0xE6, 0xE6,
    0xB6, 0x0C, 0xD5, 0x61, 0x24, 0xFB, 0x59, 0xE6, 0x86, 0xCC, 0x24, 0x3D, 0x00, 0xB3, 0x9B, 0x44,
    0xEA, 0xC0, 0x24, 0xF7, 0xBD, 0x73, 0x3A, 0xDA, 0x57, 0x22, 0xE3, 0x6E, 0x30, 0x1F, 0x70, 0x74,
    0x3A, 0xE0, 0x2A, 0x32, 0xEE, 0x26, 0xF3, 0xF8, 0xEA, 0xEA, 0xEC, 0xAE, 0xA7, 0x32, 0x93, 0x31,
    0xC9, 0x6C, 0xCC, 0x6E, 0x31, 0x66, 0xAF, 0xCC, 0xF1, 0xEA, 0x7A, 0x89, 0x53, 0x89, 0x6B, 0x6C,
    0xA4, 0x27, 0x46, 0x87, 0x3C, 0xDE, 0x90, 0x63, 0x4E, 0xC8, 0x90, 0x4A, 0xD3, 0xE8, 0x9C, 0x0C,
    0xB8, 0xBF, 0xD1, 0x69, 0x39, 0x80, 0xAF, 0x38, 0x33, 0xB3, 0x4B, 0xDA, 0xF0, 0xC8, 0x71, 0x72,
    0x06, 0x5D, 0x19, 0x9B, 0x1F, 0xF2, 0x36, 0x45, 0xE4, 0x6D, 0x96, 0xC8, 0xDB, 0x44, 0xE9, 0xF7,
    0xEE, 0xC4, 0xBF, 0xB2, 0xE1, 0xDD, 0x39, 0xCF, 0xCF, 0x0B, 0xF0, 0x32, 0x81, 0x9F, 0x7F, 0xDA,
    0x73, 0x5E, 0x3E, 0x9F, 0x85, 0xA5, 0x71, 0xD7, 0x90, 0x3F, 0xB7, 0x99, 0x37, 0xE5, 0x33, 0xE5,
    0x93, 0x0D, 0x6F, 0x53, 0xCC, 0xAF, 0x6C, 0x76, 0x75, 0x62, 0x7B, 0x9B, 0x53, 0x9B, 0x4E, 0x9B,
    0x49, 0x9B, 0x44, 0x9B, 0x3F, 0x9B, 0x3A, 0x9B, 0xB5, 0x93, 0x7C, 0xFD, 0xE4, 0xC9, 0xED, 0xD3,
    0xA0, 0x6C, 0x3C, 0x2B, 0x81, 0xE6, 0x0B, 0xF7, 0x28, 0x37, 0x14, 0xB4, 0x0A, 0x5A, 0xC6, 0xD5,
    0xFC, 0xE3, 0x0E, 0x62, 0x43, 0x49, 0xDB, 0x43, 0xE1, 0x50, 0xC0, 0x65, 0x80, 0x25, 0x37, 0x69,
    0x27, 0x63, 0x84, 0x5A, 0xF1, 0xE1, 0x20, 0xC3, 0x84, 0x10, 0xE6, 0x61, 0xF0, 0x03, 0x34, 0xA8,
    0x5C, 0x74, 0xAC, 0x3B, 0x6A, 0x8F, 0x7D, 0x18, 0xBD, 0xA3, 0x42, 0xD9, 0x85, 0xE9, 0x15, 0xDD,
    0xF6, 0x49, 0x88, 0x9A, 0xC0, 0xFD, 0xA8, 0xDC, 0x61, 0xCB, 0x51, 0x29, 0x65, 0xD0, 0x87, 0xD8,
    0xE6, 0xD4, 0x28, 0x2E, 0xBE, 0xDC, 0xE9, 0xCB, 0xF7, 0xD8, 0x3F, 0x7C, 0x40, 0x82, 0x21, 0x7A,
    0x6E, 0x5D, 0x11, 0xFF, 0x84, 0x4A, 0x4B, 0x7E, 0x8F, 0xDB, 0x88, 0xA3, 0xEC, 0x6F, 0xEC, 0x70,
    0xD1, 0x84, 0x81, 0xAA, 0x15, 0x9F, 0x2F, 0xBE, 0x65, 0x4C, 0x2D, 0x13, 0xBA, 0x1B, 0x31, 0x6D,
    0x7C, 0x73, 0x11, 0x30, 0x6F, 0x35, 0xAE, 0xF3, 0x98, 0xB5, 0x86, 0xFB, 0x33, 0xC0, 0x44, 0x35,
    0xD8, 0xBC, 0xE8, 0x99, 0x4C, 0x9D, 0x6B, 0xF1, 0x4D, 0x0F, 0xF9, 0x90, 0xEB, 0xE4, 0x9B, 0x06,
    0x32, 0x22, 0x77, 0x57, 0xFC, 0x86, 0x72, 0xD9, 0x14, 0x33, 0xAD, 0xA0, 0xF4, 0xBC, 0x83, 0xAA,
    0xF4, 0x54, 0xAB, 0x07, 0xB1, 0x30, 0x90, 0x19, 0x19, 0x40, 0xAF, 0xFA, 0x19, 0x53, 0x30, 0xA8,
    0x14, 0x63, 0x30, 0xDF, 0x0B, 0xD1, 0xBC, 0xF9, 0x1F, 0x84, 0x28, 0xA9, 0x25, 0xF5, 0x06, 0x3F,
    0x05, 0x35, 0x87, 0xD3, 0x41, 0xC6, 0xE1, 0x48, 0x0F, 0x86, 0xC8, 0xEE, 0x43, 0xFF, 0xF2, 0xD8,
    0x12, 0xFB, 0xCA, 0xBE, 0x8C, 0x72, 0xB6, 0x65, 0xD3, 0x38, 0xCD, 0xAB, 0xFC, 0x99, 0x00, 0x2E,
    0x6A, 0xE7, 0x64, 0x71, 0x82, 0x4A, 0x4D, 0xB3, 0xB7, 0xC5, 0xA1, 0x0C, 0x2E, 0xD7, 0xB8, 0x82,
    0xD6, 0xAE, 0xE3, 0x52, 0x42, 0x0A, 0x39, 0x99, 0x54, 0x59, 0x81, 0x93, 0x79, 0x70, 0x90, 0x43,
    0x13, 0x0A, 0x13, 0xC4, 0x94, 0x3B, 0x6F, 0x1F, 0x65, 0xE3, 0x15, 0xED, 0xAC, 0x5A, 0xB8, 0xF4,
    0x8C, 0xDD, 0x9D, 0x7F, 0xBB, 0xDF, 0xB2, 0x43, 0x1C, 0xE8, 0x4E, 0x59, 0xB5, 0xCC, 0x14, 0x3C,
    0x0E, 0xB9, 0xE5, 0x56, 0xD0, 0x95, 0x40, 0x77, 0xB8, 0x02, 0x7F, 0xC6, 0xF5, 0x1D, 0x81, 0x4D,
    0x60, 0x98, 0x04, 0x61, 0x94, 0x72, 0xDF, 0x42, 0x9C, 0xD3, 0x09, 0xAE, 0x90, 0x21, 0xFB, 0xA3,
    0x00, 0x0D, 0xB2, 0x7F, 0xFD, 0xF9, 0x31, 0x7B, 0x7C, 0xD5, 0x76, 0xDC, 0xB1, 0xC7, 0x4C, 0xF5,
    0x62, 0xD4, 0x4E, 0xC6, 0xEE, 0x57, 0x56, 0xED, 0xA3, 0x73, 0x17, 0xCE, 0x20, 0x07, 0x31, 0x07,
    0x41, 0x87, 0xD3, 0x29, 0xEC, 0x1C, 0x71, 0x07, 0x81, 0x07, 0x91, 0x87, 0x41, 0x0F, 0x57, 0x09,
    0x6A, 0x92, 0x2F, 0x81, 0x3E, 0x1C, 0xE0, 0x87, 0x34, 0x80, 0x33, 0x02, 0x40, 0x5C, 0x44, 0x20,
    0x37, 0x3F, 0x17, 0x14, 0x19, 0xEE, 0x18, 0x34, 0xCB, 0xDA, 0xCC, 0x3F, 0x5A, 0x73, 0x7A, 0x00,
    0xA4, 0xD7, 0x87, 0x0F, 0x1A, 0xEC, 0x45, 0xC1, 0x70, 0x58, 0xDA, 0x8C, 0x12, 0xFB, 0x45, 0x76,
    0x23, 0x79, 0x77, 0x15, 0xD8, 0x55, 0xC2, 0xAC, 0x7F, 0x3E, 0x2A, 0xE6, 0x3A, 0x6E, 0x86, 0x60,
    0x1B, 0x24, 0x89, 0x32, 0xB6, 0x8B, 0x72, 0xB7, 0x9F, 0x4D, 0xF4, 0xB3, 0xC9, 0xB6, 0x43, 0x3E,
    0xD6, 0xCA, 0x14, 0x03, 0x3B, 0x82, 0x5D, 0xE8, 0xF5, 0x1D, 0xF5, 0xA1, 0xD0, 0x77, 0xB4, 0x9D,
    0x81, 0x24, 0x48, 0x60, 0xC7, 0xE7, 0x55, 0x0A, 0x92, 0xF6, 0xE1, 0xEA, 0x0D, 0x13, 0x16, 0x93,
    0xED, 0x3C, 0xAA, 0x92, 0x3C, 0x1A, 0xEB, 0x32, 0x9A, 0x6F, 0x6C, 0x6F, 0x05, 0x62, 0x83, 0x4D,
    0x20, 0x41, 0x90, 0xBC, 0x23, 0xC1, 0x53, 0x01, 0x92, 0x52, 0xB1, 0xC8, 0x34, 0x47, 0xA2, 0x80,
    0xF9, 0x4C, 0xEC, 0x83, 0x0A, 0x12, 0x80, 0x95, 0xE6, 0x33, 0x9D, 0xBB, 0xF5, 0xF0, 0xAD, 0x4A,
    0x75, 0xD6, 0xA8, 0x9A, 0x5A, 0x6E, 0xAC, 0x55, 0x6F, 0x09, 0x88, 0x7A, 0x1B, 0x23, 0x6C, 0x47,
    0xCA, 0xBF, 0x88, 0x22, 0x46, 0x27, 0xC4, 0x3F, 0x95, 0xE8, 0x25, 0x82, 0x76, 0x79, 0xC3, 0x41,
    0x77, 0x5D, 0xB3, 0x6E, 0xBE, 0x56, 0x5F, 0xD1, 0x2A, 0xB6, 0xC3, 0x95, 0x81, 0x04, 0x53, 0x2F,
    0x04, 0x93, 0x42, 0xD2, 0x81, 0x64, 0xF1, 0x37, 0x23, 0xBC, 0xC4, 0x07, 0x7D, 0xF4, 0xE2, 0x2E,
    0x75, 0x3A, 0xBC, 0xCE, 0x53, 0xAD, 0xCA, 0x15, 0xE4, 0xD1, 0x99, 0x88, 0xF1, 0x4F, 0xCB, 0xB6,
    0xBD, 0xAD, 0x13, 0xD8, 0xCE, 0xB7, 0xAE, 0xA5, 0x9D, 0x5C, 0xA6, 0xED, 0x84, 0x36, 0x65, 0xBB,
    0xD7, 0xF6, 0x88, 0x36, 0x71, 0x68, 0xDD, 0x4B, 0x6E, 0xA5, 0xFB, 0x0F, 0x38, 0xE7, 0x33, 0x7B,
    0xA8, 0xAD, 0x0A, 0x4E, 0xA6, 0x32, 0xD6, 0x9A, 0xC1, 0x1D, 0x55, 0xD3, 0x4D, 0x2A, 0xAC, 0x93,
    0xEA, 0xDB, 0x45, 0x35, 0x30, 0xE5, 0xCA, 0x7F, 0x97, 0x52, 0xE5, 0xFF, 0x95, 0x32, 0xD5, 0x7E,
    0x5D, 0xCD, 0xDA, 0xEF, 0xEB, 0x56, 0x55, 0xF5, 0xB2, 0x50, 0xB5, 0xA4, 0xB3, 0x9A, 0x55, 0x55,
    0x6B, 0xB9, 0x4C, 0xFF, 0xEC, 0xE8, 0x86, 0x2C, 0x94, 0x25, 0xCC, 0x6D, 0x7D, 0xE0, 0x62, 0x10,
    0xBB, 0x89, 0x3E, 0x6C, 0x40, 0x76, 0xDC, 0x3A, 0x3D, 0x76, 0xBC, 0x3C, 0x2D, 0x5B, 0x48, 0x80,
    0xC2, 0xA5, 0x6F, 0x05, 0xD1, 0xE3, 0xE4, 0xC3, 0x77, 0x1E, 0xB6, 0x61, 0xE6, 0x62, 0x84, 0xE5,
    0x26, 0xD9, 0x2E, 0x43, 0x38, 0x23, 0xB7, 0x0D, 0xDD, 0xCB, 0x94, 0x5C, 0x2A, 0x71, 0x37, 0xC9,
    0xBB, 0x4A, 0xFE, 0x38, 0xCE, 0xDD, 0x39, 0x59, 0x5A, 0x8C, 0x76, 0x23, 0x5E, 0xDD, 0x49, 0xE6,
    0x16, 0xA2, 0xE6, 0xA7, 0xDF, 0x37, 0xD1, 0x0C, 0x82, 0xD4, 0x95, 0xBE, 0xAF, 0xE1, 0x5A, 0x43,
    0xCA, 0xE6, 0x5B, 0x9F, 0x0B, 0xD5, 0xA5, 0xBA, 0x1B, 0xFE, 0xC9, 0x5E, 0x2F, 0xAB, 0xFD, 0x83,
    0xE4, 0x71, 0x33, 0x8E, 0x7E, 0xDB, 0xC2, 0x30, 0x0F, 0x1E, 0x36, 0xF9, 0x20, 0xDA, 0x57, 0xB4,
    0x89, 0xB4, 0x22, 0xE8, 0xAF, 0x56, 0xC4, 0x29, 0x0A, 0x22, 0xCC, 0x4E, 0x16, 0x5C, 0x2B, 0x45,
    0x0F, 0x41, 0x31, 0x3A, 0x55, 0xAA, 0x79, 0x5E, 0x3D, 0x77, 0x7B, 0xC7, 0xD9, 0x8B, 0x97, 0x3C,
    0x80, 0x28, 0x24, 0x73, 0x4A, 0x54, 0x0F, 0xB8, 0xB2, 0x9F, 0x61, 0xAB, 0x32, 0x71, 0x66, 0x3E,
    0x7D, 0xF5, 0xF9, 0x59, 0x91, 0x7C, 0xCB, 0x96, 0xDD, 0x1D, 0xCB, 0xB0, 0x5A, 0xC9, 0xD7, 0xB6,
    0x9B, 0x62, 0x82, 0x9A, 0xEF, 0x85, 0x19, 0xC1, 0x1C, 0x84, 0x39, 0x52, 0xF1, 0xC3, 0x6F, 0x52,
    0x04, 0x8B, 0x79, 0xA1, 0xFC, 0xFC, 0xB8, 0x4C, 0xB0, 0x2E, 0x3C, 0x8F, 0x99, 0xAF, 0x54, 0xF3,
    0xBD, 0xA4, 0x97, 0xCA, 0xFA, 0xDD, 0x93, 0xE9, 0x5D, 0xB0, 0x82, 0x53, 0x62, 0x23, 0x3D, 0x1B,
    0xB2, 0x28, 0xF4, 0x76, 0xA9, 0x0C, 0x90, 0xAD, 0x5E, 0x67, 0x63, 0xAA, 0x76, 0x30, 0x18, 0xA7,
    0xB0, 0x2B, 0x95, 0x1F, 0xA2, 0x41, 0xBA, 0x3B, 0x3D, 0xAD, 0x44, 0xA6, 0x5A, 0xB6, 0xCB, 0xE9,
    0x96, 0x86, 0x43, 0xA1, 0x7E, 0x6A, 0x4F, 0x9F, 0x58, 0x16, 0x88, 0x2A, 0x59, 0x3A, 0xE3, 0x97,
    0x7D, 0x58, 0x8C, 0x06, 0xD2, 0x94, 0xB4, 0x36, 0xEA, 0x43, 0x72, 0x75, 0xB5, 0x5F, 0xAF, 0xEF,
    0x8D, 0x1E, 0x28, 0x17, 0x29, 0x7C, 0xD6, 0x8E, 0x60, 0x13, 0x40, 0x04, 0x8A, 0x30, 0xD7, 0xBE,
    0xC9, 0x9F, 0x26, 0xA2, 0x56, 0xE9, 0xF6, 0xBD, 0x54, 0xFB, 0xA6, 0x28, 0xC8, 0x1B, 0xD4, 0xCC,
    0xCC, 0x62, 0x60, 0x9A, 0x09, 0x89, 0x2E, 0x1E, 0x3E, 0xD8, 0x08, 0x80, 0xFD, 0x8C, 0xAF, 0xE3,
    0x62, 0x4C, 0xDC, 0x4B, 0xFE, 0x91, 0x35, 0xE8, 0xFD, 0xE9, 0x3D, 0xD3, 0x46, 0xF8, 0x8E, 0x32,
    0xC5, 0x03, 0x68, 0xA1, 0xB4, 0x97, 0xAE, 0x36, 0xB7, 0xB1, 0x08, 0x34, 0x10, 0x70, 0x10, 0x0E,
    0xA4, 0x9C, 0x5B, 0xA1, 0x34, 0xEF, 0x42, 0xB9, 0x33, 0xDA, 0x49, 0x51, 0x52, 0x3B, 0x29, 0x2E,
    0x6A, 0x27, 0x6F, 0x9A, 0x55, 0x05, 0xBD, 0x35, 0xC7, 0x6F, 0x43, 0xE3, 0xF7, 0xA3, 0x5D, 0x37,
    0x2B, 0xD5, 0x7D, 0xD5, 0x4E, 0xE5, 0xFA, 0xBC, 0xC1, 0x9E, 0x3F, 0x91, 0x26, 0x54, 0xB1, 0xF2,
    0x5E, 0x62, 0x01, 0xA1, 0x25, 0xAD, 0x21, 0xFA, 0x35, 0x53, 0xC6, 0x64, 0x45, 0x1B, 0x8F, 0xC7,
    0xCA, 0x58, 0x30, 0x97, 0x32, 0xF7, 0xA0, 0x47, 0x45, 0xF1, 0x2E, 0xE2, 0x8D, 0xE4, 0x1F, 0x4D,
    0x69, 0xCC, 0x11, 0x63, 0xC4, 0xA9, 0x88, 0x08, 0xA3, 0x31, 0x1A, 0xBD, 0xD7, 0xCE, 0x00, 0x2E,
    0x9F, 0x92, 0x2E, 0x3A, 0x80, 0x7C, 0x54, 0xB8, 0x51, 0x0C, 0x3A, 0x90, 0x72, 0x50, 0x85, 0xE6,
    0xFB, 0x9A, 0x0F, 0xAE, 0x3B, 0xC5, 0x1C, 0x90, 0x19, 0xE2, 0x95, 0x86, 0x88, 0x63, 0x17, 0x68,
    0x46, 0x35, 0xC0, 0xD4, 0xD1, 0x10, 0x10, 0x6E, 0xE4, 0x93, 0x6E, 0x9A, 0xC2, 0x68, 0x79, 0x54,
    0x7B, 0x03, 0x60, 0x81, 0x09, 0x68, 0x8D, 0x72, 0x2D, 0x16, 0x45, 0x15, 0x75, 0x20, 0xA8, 0x80,
    0xAF, 0x0F, 0x4C, 0x51, 0xA8, 0xB6, 0x11, 0x1F, 0x2E, 0x4C, 0x50, 0x91, 0xE5, 0x66, 0x9D, 0x09,
    0x98, 0x66, 0x8A, 0x63, 0x93, 0x50, 0x71, 0x7A, 0x8C, 0x8B, 0x1A, 0xBF, 0x36, 0x54, 0x86, 0x45,
    0xA1, 0x53, 0x05, 0xAB, 0xA3, 0xAE, 0x1E, 0x2F, 0x56, 0xAE, 0x53, 0xA0, 0x95, 0x2D, 0xA1, 0x13,
    0xA4, 0x05, 0x6F, 0xE6, 0x71, 0x38, 0xEC, 0xB9, 0xCA, 0x32, 0x15, 0x43, 0x3A, 0x61, 0x3A, 0xC0,
    0x65, 0x63, 0x4B, 0xAE, 0x3D, 0xE6, 0x03, 0xB8, 0xE2, 0x28, 0xD8, 0x78, 0x00, 0x72, 0x16, 0x6E,
    0x2A, 0xFB, 0x9A, 0x5C, 0x39, 0xF9, 0x0E, 0x5C, 0x39, 0x14, 0x8B, 0x70, 0x13, 0xB8, 0x3C, 0xB4,
    0x0D, 0xA4, 0xC7, 0xC3, 0x25, 0xAF, 0x94, 0x93, 0xDE, 0x38, 0xE5, 0x64, 0xE3, 0x1A, 0xB7, 0x93,
    0x91, 0x40, 0x08, 0x11, 0xFD, 0x52, 0x71, 0x14, 0x40, 0x8C, 0xF5, 0x56, 0xAE, 0x3E, 0xBA, 0x12,
    0x98, 0xA6, 0xC7, 0x05, 0x25, 0xE6, 0xEA, 0x7D, 0x57, 0xF6, 0x32, 0x38, 0xD1, 0x06, 0xA1, 0x7B,
    0x05, 0x90, 0x6B, 0xE2, 0xE8, 0xA1, 0x5C, 0x4E, 0xDC, 0x29, 0xD4, 0xC2, 0x69, 0x80, 0xFA, 0xE1,
    0x94, 0x81, 0x69, 0x31, 0x3B, 0xD8, 0xC8, 0xF4, 0xB6, 0x6F, 0x03, 0xD8, 0x50, 0x69, 0x29, 0x4C,
    0x1F, 0x22, 0x33, 0x45, 0x66, 0x89, 0x4C, 0x58, 0x99, 0x4E, 0x99, 0x6F, 0x31, 0xF8, 0x28, 0xCC,
    0xD7, 0x65, 0xBE, 0xC8, 0xFC, 0x0B, 0x02, 0x5C, 0x60, 0xFE, 0x59, 0x6E, 0x23, 0xD3, 0xB5, 0xA1,
    0x52, 0x46, 0xCC, 0x89, 0x32, 0x62, 0x80, 0x94, 0x11, 0xE5, 0xA2, 0x8C, 0xB8, 0xBD, 0xCA, 0x38,
    0xF3, 0x16, 0x3A, 0x2C, 0xA4, 0x32, 0x65, 0x64, 0xF2, 0xC8, 0xA4, 0x91, 0xA1, 0x38, 0xA7, 0x30,
    0x29, 0x60, 0xB8, 0x2B, 0xEB, 0xF8, 0x8C, 0x52, 0x99, 0x26, 0x06, 0x50, 0x44, 0x5A, 0xDF, 0x74,
    0x27, 0xAF, 0x2F, 0x98, 0x50, 0x3D, 0x85, 0xBC, 0x7F, 0xD7, 0xBD, 0x11, 0x80, 0x5F, 0x20, 0xDF,
    0x46, 0x0A, 0x06, 0x22, 0x5C, 0x2E, 0xBB, 0x26, 0x99, 0x5D, 0x02, 0xA5, 0xF7, 0xE0, 0xDC, 0xE7,
    0xD8, 0xEB, 0xB4, 0xEF, 0x83, 0xD9, 0xDA, 0x48, 0xF0, 0x65, 0xF2, 0xF0, 0xE1, 0x13, 0xD7, 0xBF,
    0x8A, 0x0D, 0xFC, 0x29, 0x7A, 0x52, 0x82, 0x16, 0x6A, 0x92, 0x86, 0xA4, 0xED, 0xEA, 0x83, 0x92,
    0xF7, 0xAE, 0xAE, 0xAE, 0x42, 0xA7, 0x30, 0xE1, 0xE9, 0xE4, 0x45, 0x8C, 0x4D, 0x76, 0x6E, 0x6C,
    0x6A, 0x33, 0x36, 0x65, 0x50, 0xCF, 0x81, 0xC6, 0x86, 0x46, 0x47, 0x8D, 0x4D, 0x66, 0xC6, 0x63,
    0x6B, 0x74, 0xCE, 0x68, 0xFD, 0xF4, 0xEF, 0x7B, 0x33, 0x32, 0x07, 0x7A, 0x3D, 0xD9, 0xD6, 0xD8,
    0xF4, 0x16, 0x47, 0x78, 0xD2, 0xD8, 0x64, 0x2F, 0x68, 0x6C, 0x36, 0x00, 0x50, 0x86, 0xFC, 0x04,
    0x63, 0x30, 0x10, 0x02, 0xDE, 0xC6, 0xB8, 0xCC, 0xC7, 0x90, 0x21, 0xE4, 0xA8, 0x45, 0xCA, 0x61,
    0xF3, 0x52, 0x1B, 0xE0, 0x94, 0x19, 0x33, 0x6A, 0x30, 0xEC, 0xD6, 0xC3, 0x87, 0x77, 0x74, 0xCE,
    0x16, 0x17, 0x9D, 0x2C, 0xC5, 0x69, 0xF0, 0xB5, 0x5A, 0x48, 0x46, 0x2B, 0x30, 0x65, 0x31, 0xA3,
    0x63, 0x36, 0x87, 0xA4, 0x50, 0x2B, 0xBD, 0x92, 0xED, 0xDF, 0xBC, 0xDE, 0xD0, 0xF2, 0xF6, 0x34,
    0x3A, 0x59, 0xC3, 0xD6, 0x01, 0x9B, 0x4F, 0x4B, 0xD3, 0xCE, 0x95, 0x7B, 0x1E, 0x34, 0x3E, 0x27,
    0x32, 0xB2, 0xFB, 0x1A, 0xD5, 0x9A, 0xDC, 0xEA, 0xA8, 0xD4, 0x37, 0x34, 0xBD, 0x86, 0xE7, 0x9D,
    0x05, 0xF5, 0x8A, 0x48, 0x3E, 0x10, 0xB7, 0x80, 0x58, 0x37, 0x09, 0xEA, 0xC3, 0x04, 0x45, 0xB1,
    0x41, 0x21, 0x6D, 0xAB, 0xD1, 0x95, 0x4F, 0xAD, 0x71, 0x23, 0xF3, 0x73, 0x9C, 0xA1, 0x6C, 0x45,
    0xC6, 0x1A, 0xEE, 0x77, 0x8A, 0x05, 0x34, 0x34, 0x86, 0xF7, 0x4F, 0x6A, 0x61, 0x06, 0x0D, 0xFF,
    0x74, 0xEE, 0x96, 0xFE, 0xC9, 0x57, 0xFC, 0x93, 0x6C, 0x50, 0x8E, 0xBF, 0x23, 0x54, 0x80, 0xA3,
    0x5D, 0x21, 0xF8, 0xE3, 0xC3, 0xC3, 0x87, 0x6F, 0x87, 0xCA, 0x00, 0xBD, 0xDF, 0x90, 0x45, 0x7B,
    0x3D, 0x9F, 0xD2, 0x2D, 0xA6, 0x97, 0xF9, 0xB9, 0x41, 0x96, 0x48, 0x1E, 0x65, 0xE1, 0x70, 0x7B,
    0x69, 0x3B, 0xD9, 0x37, 0xE9, 0x4C, 0xB2, 0x9F, 0x5B, 0x6C, 0xD5, 0xFD, 0xE4, 0x95, 0x5C, 0x62,
    0x4F, 0xED, 0xEE, 0x71, 0x6B, 0xE9, 0x3C, 0xFD, 0xA4, 0xC9, 0x35, 0xF0, 0x3B, 0x7D, 0xFD, 0x83,
    0x2E, 0xCB, 0x41, 0x75, 0x8C, 0xFC, 0xF1, 0xBA, 0x63, 0x8C, 0x31, 0xD5, 0x78, 0xB5, 0x40, 0xE3,
    0x91, 0x81, 0x2E, 0xA6, 0x75, 0x5A, 0xB8, 0x37, 0x8B, 0xDA, 0xFB, 0xDA, 0xE2, 0xF6, 0x25, 0xD4,
    0x0F, 0xD5, 0x41, 0x93, 0xE9, 0x16, 0xEF, 0x72, 0x4D, 0xCA, 0x20, 0x44, 0x0B, 0x15, 0xD6, 0xFB,
    0xA3, 0xC6, 0x0D, 0x6B, 0x05, 0x58, 0x47, 0xED, 0x83, 0x1F, 0x75, 0xC5, 0xFC, 0x1C, 0xCC, 0x57,
    0x5A, 0x2C, 0x50, 0x68, 0x2E, 0xAE, 0x19, 0xBE, 0x7D, 0x0C, 0xA3, 0x18, 0xDD, 0xBD, 0x20, 0x2D,
    0x54, 0x9E, 0x77, 0xE6, 0xE1, 0xEC, 0xCF, 0xE8, 0xFA, 0x31, 0xC9, 0xDD, 0x52, 0xF6, 0x3B, 0x69,
    0x23, 0x1E, 0xD3, 0x7E, 0x5D, 0xB6, 0xCB, 0x03, 0x95, 0xF7, 0x93, 0x6A, 0x9B, 0x2D, 0x2B, 0x12,
    0x1A, 0x31, 0x83, 0x7E, 0x12, 0xBD, 0x28, 0xD3, 0xE1, 0x05, 0x21, 0x1E, 0x3D, 0x51, 0x82, 0x58,
    0xF3, 0x99, 0x19, 0xBB, 0xA9, 0x46, 0xE4, 0x4B, 0xC6, 0x1C, 0x69, 0x7B, 0xF6, 0x7B, 0xBC, 0xCE,
    0xEE, 0x1B, 0x0B, 0x3C, 0x47, 0x86, 0x82, 0x38, 0xB7, 0x20, 0xCF, 0x7E, 0x6F, 0xEF, 0x51, 0x99,
    0x9B, 0x6D, 0x53, 0xC1, 0xC2, 0x7C, 0x36, 0x2C, 0x6F, 0x6E, 0xFB, 0x19, 0xE9, 0xCE, 0xC2, 0x1D,
    0xE5, 0xD9, 0xF8, 0xCA, 0x1B, 0x49, 0x1C, 0xAC, 0x3E, 0xAC, 0x9D, 0xCC, 0x16, 0x3C, 0x90, 0x31,
    0x67, 0x32, 0x8B, 0xEE, 0xDE, 0x81, 0xD1, 0x2E, 0xE8, 0x7C, 0x4F, 0x2D, 0xC6, 0x6C, 0xA5, 0xCC,
    0x9F, 0xFC, 0x4D, 0x03, 0xEB, 0x1A, 0x83, 0x6C, 0x97, 0xDC, 0xE2, 0xDA, 0xD7, 0x16, 0x80, 0x88,
    0xDB, 0x6E, 0xC5, 0xAB, 0x95, 0xE1, 0xD7, 0xB8, 0x6B, 0x2A, 0xC3, 0x7F, 0x11, 0xC7, 0x0E, 0x76,
    0xDF, 0xA8, 0xDD, 0x37, 0x00, 0xAE, 0x66, 0x28, 0x11, 0x79, 0xD2, 0xA0, 0x62, 0x47, 0xA7, 0x37,
    0x0F, 0xEA, 0x02, 0x97, 0xB3, 0x3A, 0xC4, 0x74, 0xD0, 0xF1, 0xDD, 0x22, 0x3E, 0x74, 0x78, 0x24,
    0xA3, 0xEC, 0x0B, 0x8D, 0xE6, 0xC0, 0xFF, 0xC6, 0x6E, 0x04, 0xCA, 0x9A, 0x5F, 0xBF, 0xA7, 0x8B,
    0xF8, 0x00, 0xAB, 0x23, 0x6F, 0x16, 0xE0, 0xB7, 0x90, 0x69, 0x65, 0xAA, 0xC1, 0x54, 0xF0, 0x3B,
    0xAA, 0xCF, 0x01, 0x0D, 0xC9, 0xA4, 0x43, 0xB6, 0x13, 0x64, 0x62, 0x9A, 0x3D, 0x80, 0x66, 0x9F,
    0x02, 0xDF, 0x08, 0x73, 0x50, 0x66, 0xCF, 0x7C, 0xF1, 0xB3, 0xFF, 0xC7, 0x5F, 0x53, 0x84, 0xE6,
    0x7B, 0x4D, 0x2B, 0x3B, 0xC4, 0x50, 0x91, 0xC4, 0x90, 0x95, 0x15, 0xA6, 0x80, 0x7E, 0x97, 0xD7,
    0x2B, 0xCC, 0x0C, 0xDF, 0x08, 0xFF, 0x46, 0xAC, 0x1A, 0xAD, 0xE6, 0x2E, 0xA6, 0x33, 0x09, 0x67,
    0x34, 0x86, 0xF8, 0x46, 0x78, 0x2F, 0x22, 0x94, 0xEE, 0x43, 0x99, 0xDB, 0xE1, 0xDB, 0x11, 0x62,
    0xAF, 0x73, 0x7C, 0xC6, 0xC8, 0x35, 0xF7, 0xD6, 0xE0, 0x78, 0x15, 0xF3, 0x12, 0xC3, 0x36, 0xCF,
    0x2A, 0x53, 0xFA, 0x35, 0xAE, 0x19, 0xCC, 0x3D, 0x63, 0x29, 0x50, 0xB9, 0x74, 0x34, 0xEB, 0xC5,
    0xB4, 0x72, 0x88, 0xBE, 0x35, 0xD6, 0x0E, 0xB0, 0x24, 0x41, 0x7F, 0x11, 0x0F, 0xDC, 0x9D, 0x98,
    0xC1, 0x19, 0x3A, 0x20, 0x33, 0x6E, 0x19, 0x5E, 0xB3, 0xDE, 0xB5, 0x3E, 0xA7, 0x57, 0x15, 0xCE,
    0x01, 0x01, 0x44, 0x53, 0xD2, 0xA0, 0xC0, 0x11, 0x91, 0xFD, 0x8D, 0x14, 0xDD, 0x98, 0xB3, 0xA6,
    0x46, 0xB4, 0xD9, 0x1F, 0xF3, 0x43, 0x5B, 0x21, 0x89, 0x7E, 0xC8, 0xFB, 0xB6, 0x29, 0x64, 0x79,
    0xAB, 0xA2, 0x6F, 0xBF, 0xF9, 0xC6, 0xB4, 0x9F, 0xAF, 0xEA, 0x5E, 0xD6, 0x9F, 0x0B, 0x0E, 0x86,
    0x9E, 0x3D, 0x98, 0x63, 0x74, 0xFA, 0x07, 0xC6, 0xB4, 0x2F, 0xEF, 0xBB, 0xAF, 0xBA, 0x52, 0xC4,
    0x59, 0xDE, 0x85, 0xFD, 0xCB, 0x46, 0x8C, 0x73, 0x55, 0x1C, 0xF7, 0xCB, 0x53, 0xF3, 0xF7, 0x45,
    0x34, 0x64, 0x68, 0x16, 0x51, 0x0D, 0x98, 0x14, 0xA2, 0xAD, 0x9F, 0x42, 0x93, 0xC0, 0x1D, 0xC8,
    0xB7, 0x3D, 0xC0, 0x5F, 0x5E, 0x6F, 0x2E, 0xEF, 0xEB, 0xB6, 0x61, 0xDC, 0x4D, 0x9C, 0x61, 0x73,
    0xF7, 0x22, 0x1D, 0x4A, 0x75, 0x03, 0x0F, 0xF9, 0xF8, 0xBC, 0xCA, 0x84, 0x9F, 0x3B, 0x33, 0xF0,
    0x0B, 0xE6, 0x4E, 0xA8, 0x92, 0xF2, 0x1A, 0xCD, 0x6F, 0xD5, 0x41, 0xD7, 0xD8, 0xBE, 0xED, 0xAB,
    0x54, 0xF7, 0x49, 0x6E, 0xFD, 0xD4, 0xEE, 0xE5, 0x7A, 0x61, 0xDA, 0x3C, 0x7B, 0x4A, 0x3F, 0xE3,
    0xDC, 0x15, 0x63, 0x3F, 0x39, 0x61, 0xDD, 0x54, 0xAA, 0xD5, 0xF0, 0x13, 0x3B, 0x51, 0x23, 0x5E,
    0x20, 0x8E, 0xC0, 0x08, 0xF9, 0xCE, 0x85, 0x94, 0x0B, 0x15, 0x9C, 0x88, 0x3D, 0x86, 0xEC, 0x67,
    0x4D, 0xE7, 0x4E, 0xDC, 0x1E, 0xD8, 0x14, 0x37, 0x7E, 0xC3, 0x25, 0xF5, 0x1C, 0x09, 0xB6, 0xA4,
    0xAC, 0x36, 0x54, 0x35, 0xEC, 0x08, 0x92, 0xC2, 0xE2, 0xAF, 0x99, 0xB4, 0xD4, 0xE1, 0xEF, 0xD5,
    0xD1, 0x44, 0xA4, 0x6B, 0x40, 0x01, 0x47, 0xAD, 0x61, 0xA3, 0x8B, 0x07, 0x6E, 0x47, 0x34, 0x7E,
    0x07, 0x8D, 0x2E, 0x9A, 0x8B, 0x59, 0x9C, 0x10, 0x47, 0x4C, 0xAB, 0xC2, 0x25, 0x6C, 0xE9, 0xDE,
    0xE0, 0xDA, 0x5F, 0x7B, 0xCA, 0x68, 0x7F, 0xE9, 0x2E, 0x53, 0xC0, 0x87, 0x35, 0x71, 0x24, 0x6A,
    0xF5, 0x3B, 0x22, 0x94, 0x22, 0x2F, 0x3D, 0x24, 0xB0, 0xA2, 0x18, 0xB2, 0xC9, 0xC3, 0xAD, 0x3B,
    0xD0, 0x3F, 0x74, 0x18, 0x46, 0xCC, 0xC6, 0x51, 0xBE, 0xFB, 0xCE, 0x7D, 0x7A, 0xCB, 0xF6, 0xC2,
    0xD8, 0xFC, 0xB2, 0x40, 0xC2, 0x4B, 0xF8, 0xC6, 0x32, 0x7F, 0x31, 0x51, 0xD5, 0x6B, 0xE0, 0xE0,
    0xE2, 0x21, 0x3B, 0xAE, 0xDD, 0xD7, 0x01, 0xD0, 0xD1, 0xD3, 0xA5, 0xAB, 0x74, 0xE9, 0x4C, 0xB6,
    0x74, 0xA9, 0xF5, 0x12, 0x95, 0x4B, 0x57, 0xEB, 0x8A, 0xD7, 0xBA, 0xFE, 0xBF, 0xFE, 0xCC, 0x65,
    0xBC, 0x55, 0x25, 0xBA, 0x8C, 0x50, 0x87, 0x32, 0xB7, 0x9A, 0x61, 0xF8, 0x1F, 0x74, 0xC1, 0xC7,
    0x50, 0x35, 0xE2, 0x3B, 0xC8, 0xF8, 0x76, 0x40, 0xA5, 0x1E, 0x0E, 0x12, 0x88, 0x5B, 0x49, 0x87,
    0xE5, 0xC9, 0x5E, 0x1E, 0x99, 0x95, 0x8C, 0x2F, 0x00, 0x01, 0xF3, 0x33, 0xD2, 0x6C, 0x26, 0xE6,
    0xD5, 0x4A, 0xD3, 0xBE, 0x45, 0xAC, 0x25, 0x1A, 0x28, 0x6E, 0xC8, 0xD6, 0xEC, 0x99, 0x30, 0x62,
    0x58, 0xC8, 0x65, 0x80, 0x01, 0xDD, 0x93, 0xD9, 0xBA, 0x4C, 0x13, 0xCD, 0x9A, 0x33, 0x58, 0x54,
    0x73, 0x7F, 0xE4, 0x9F, 0x78, 0x0F, 0xE7, 0xEF, 0x03, 0xC4, 0xCD, 0x9A, 0x82, 0xE9, 0xA8, 0x69,
    0x4D, 0xCB, 0xE9, 0x0A, 0xED, 0x75, 0xC7, 0x65, 0xBA, 0xFF, 0x0A, 0x5B, 0x4B, 0xFD, 0x4D, 0x55,
    0x8C, 0xD3, 0xB1, 0x99, 0x08, 0x24, 0x06, 0x8B, 0xBE, 0xBC, 0xE9, 0x6C, 0x3A, 0x53, 0xC4, 0xF3,
    0x60, 0x86, 0x25, 0x55, 0x15, 0xC6, 0xDF, 0xB2, 0x89, 0x92, 0x2F, 0xE2, 0xF4, 0xC9, 0x67, 0xCA,
    0xC2, 0x27, 0x45, 0x1A, 0x98, 0x70, 0xA9, 0x07, 0x56, 0x40, 0x01, 0xC2, 0x69, 0xE4, 0x07, 0xA4,
    0xDC, 0xB8, 0x5F, 0x23, 0x7D, 0xB2, 0xB0, 0x12, 0x4C, 0xF8, 0xD3, 0xC9, 0x74, 0x46, 0x78, 0xC3,
    0x0D, 0x5F, 0x4E, 0xAC, 0x2E, 0xA7, 0x2A, 0x58, 0xEA, 0x39, 0x44, 0xD4, 0x60, 0x98, 0xA1, 0xA2,
    0xE7, 0xC5, 0x99, 0x48, 0xDE, 0xAA, 0x3E, 0x46, 0xAA, 0x27, 0x79, 0xFB, 0xDB, 0xAA, 0xA9, 0x35,
    0x51, 0x73, 0xE4, 0x68, 0x10, 0x87, 0x7C, 0xAF, 0x45, 0xC7, 0x2A, 0x99, 0x8A, 0x02, 0xCF, 0x6E,
    0x64, 0xE7, 0x66, 0xB0, 0xCD, 0x00, 0x04, 0x3E, 0xF2, 0x19, 0x43, 0x73, 0x39, 0x81, 0x73, 0x4E,
    0x18, 0x5D, 0x62, 0x45, 0xD8, 0x23, 0x79, 0xE7, 0x81, 0x2D, 0xF2, 0x90, 0x25, 0x43, 0x77, 0x17,
    0x2D, 0xEF, 0x42, 0x06, 0x86, 0x83, 0xF0, 0x1C, 0x91, 0xE7, 0xF0, 0xD8, 0x1E, 0x57, 0x5E, 0xBF,
    0xDF, 0xB1, 0x4D, 0x79, 0x7D, 0x89, 0x10, 0xD8, 0xD7, 0xCC, 0x2D, 0x9C, 0x0D, 0x33, 0x49, 0xBB,
    0xC0, 0xB1, 0x14, 0x99, 0x30, 0xCF, 0xD3, 0xDA, 0xF9, 0xE9, 0x6D, 0x3B, 0x9F, 0xDC, 0xE7, 0x2F,
    0x58, 0x62, 0xB9, 0x72, 0xC9, 0x1D, 0xC6, 0x85, 0x0B, 0xB8, 0xF6, 0x03, 0x2A, 0xFD, 0x6C, 0x61,
    0x6A, 0x15, 0x82, 0x44, 0x5E, 0x47, 0x59, 0x58, 0xD4, 0x93, 0x0D, 0xD4, 0x92, 0x32, 0x33, 0x25,
    0xAB, 0x4D, 0x18, 0xA7, 0xCC, 0xB4, 0x88, 0x03, 0xC0, 0xF2, 0x08, 0x91, 0x38, 0xB4, 0xC3, 0xA9,
    0x86, 0x23, 0x7C, 0x4F, 0xE3, 0xD8, 0xDF, 0xD7, 0x8C, 0xE0, 0x0F, 0x0D, 0xB4, 0x4F, 0x6A, 0x24,
    0xAD, 0x20, 0xC5, 0x90, 0xF8, 0x41, 0x15, 0x46, 0xE3, 0xA2, 0x1D, 0x78, 0x06, 0x31, 0x93, 0x98,
    0x99, 0x65, 0x8C, 0xCA, 0xA4, 0xD9, 0x38, 0xE6, 0xE6, 0x91, 0xBF, 0x7E, 0xE7, 0x84, 0x3A, 0x99,
    0x6B, 0x26, 0xB6, 0x65, 0x88, 0x10, 0xB6, 0xE2, 0x83, 0xB7, 0x51, 0xE7, 0x83, 0x8A, 0x2F, 0x60,
    0xBA, 0xB4, 0xA1, 0x8B, 0xE1, 0x62, 0x05, 0xA0, 0xFA, 0x19, 0x44, 0xC2, 0x65, 0x2C, 0xF8, 0xEB,
    0xD9, 0x6A, 0x52, 0x1A, 0x21, 0xD5, 0xEF, 0xD3, 0x09, 0x13, 0x69, 0xEE, 0x28, 0x30, 0x88, 0x7D,
    0x21, 0xE2, 0x85, 0x12, 0x98, 0x23, 0x25, 0xF9, 0x58, 0x43, 0xF8, 0xC7, 0xB5, 0x75, 0xF6, 0xCD,
    0xB1, 0x5E, 0xB8, 0xD0, 0x04, 0x34, 0x1E, 0x80, 0xFF, 0x20, 0xA2, 0x99, 0x03, 0xB7, 0x2F, 0x21,
    0x70, 0xA3, 0xCC, 0xB1, 0x9C, 0xA9, 0xD0, 0x4D, 0xF6, 0xC5, 0x3B, 0xFF, 0xB7, 0x96, 0xCE, 0xE5,
    0x58, 0xC9, 0x42, 0xA6, 0xE8, 0xB5, 0xB2, 0x77, 0x97, 0xC7, 0x72, 0x79, 0x5B, 0x33, 0x8C, 0x47,
    0x0A, 0x24, 0x1A, 0x19, 0xC3, 0x7F, 0x6A, 0x34, 0x30, 0xBE, 0x20, 0x0C, 0x56, 0x9E, 0x41, 0x9B,
    0xCE, 0x64, 0x03, 0xB5, 0xA6, 0xCA, 0x08, 0xEB, 0x96, 0x1A, 0xB3, 0x94, 0xF9, 0x7A, 0x05, 0x4D,
    0xA5, 0x9F, 0x9E, 0xE8, 0xA4, 0x4A, 0xB2, 0x16, 0x66, 0xE0, 0x36, 0x8F, 0x00, 0x2E, 0xB0, 0x30,
    0xEB, 0x07, 0x86, 0x1D, 0x75, 0x13, 0x3D, 0xCD, 0xE4, 0x5A, 0xD3, 0x32, 0xC7, 0x15, 0x3E, 0xF4,
    0xA6, 0xA1, 0x77, 0x96, 0x76, 0x90, 0xD7, 0x8F, 0x3F, 0x37, 0xE6, 0xD5, 0x5D, 0x3F, 0x56, 0xF9,
    0x65, 0x35, 0x86, 0xC5, 0xF5, 0x11, 0xD1, 0x7D, 0xDC, 0x12, 0x49, 0x33, 0x65, 0x08, 0x65, 0x93,
    0x43, 0x72, 0x07, 0x2A, 0xEC, 0xAD, 0x5A, 0x1A, 0xB5, 0x9C, 0xA2, 0x66, 0x26, 0x0C, 0x6D, 0x3D,
    0x21, 0x3D, 0xDA, 0x5A, 0x5A, 0xF7, 0x46, 0xAB, 0xDF, 0xEB, 0x35, 0x80, 0xEC, 0x13, 0x63, 0x5F,
    0xAC, 0x41, 0x69, 0xB1, 0x27, 0xD0, 0x2E, 0xF4, 0x0C, 0xE0, 0x98, 0xCA, 0xC4, 0x8B, 0x07, 0x0D,
    0xC1, 0xA7, 0xF3, 0xAA, 0x4E, 0x70, 0xB0, 0x3C, 0xC3, 0xC4, 0xDE, 0x0E, 0x96, 0x8C, 0x91, 0xED,
    0xFC, 0xE6, 0x4F, 0xC1, 0xE4, 0xCB, 0xF3, 0x6F, 0xE1, 0x0D, 0xA8, 0x5A, 0x0A, 0x54, 0xD8, 0x90,
    0x85, 0x5E, 0x5A, 0x24, 0x0F, 0xC5, 0x84, 0x2F, 0x95, 0x9F, 0x51, 0xE5, 0xE7, 0xE7, 0x82, 0xCF,
    0x44, 0x6E, 0xCA, 0xCF, 0xED, 0x10, 0x83, 0x38, 0x3A, 0xC1, 0x3E, 0x7C, 0x97, 0xDD, 0xFF, 0x2B,
    0xB6, 0x39, 0x7B, 0xC9, 0x7E, 0xB3, 0x38, 0x0A, 0x2D, 0x9E, 0xB0, 0xD3, 0x7C, 0x4D, 0x60, 0xC8,
    0xA6, 0xD5, 0xC0, 0x8D, 0xCC, 0xF6, 0x68, 0xA9, 0xF6, 0xE4, 0x2D, 0xE7, 0x7E, 0x75, 0xDC, 0xC4,
    0x33, 0x72, 0x8D, 0xBE, 0xE4, 0x6B, 0x25, 0x8E, 0xDA, 0x5D, 0xF3, 0x5E, 0xBC, 0xC6, 0x8E, 0xCA,
    0x65, 0x8B, 0x3B, 0x8D, 0x98, 0x5E, 0x4D, 0xCF, 0x24, 0x45, 0xEB, 0xA0, 0x35, 0xA7, 0xE7, 0xAD,
    0x06, 0x5A, 0x9D, 0x7F, 0x4B, 0x3F, 0x04, 0x2B, 0x11, 0xA8, 0x95, 0xF0, 0x15, 0xD9, 0x42, 0xB7,
    0x30, 0x9F, 0xA9, 0x66, 0xCB, 0x89, 0x61, 0x50, 0xD8, 0x3E, 0xC4, 0x75, 0x47, 0xBE, 0x02, 0x25,
    0xE9, 0xA8, 0x07, 0x67, 0x59, 0xFA, 0x1E, 0x35, 0x60, 0x03, 0x4A, 0x23, 0x93, 0xB0, 0x3C, 0xC8,
    0x99, 0x5F, 0x19, 0x4B, 0x86, 0x95, 0x18, 0x6E, 0x91, 0xCD, 0x9C, 0x3C, 0x40, 0x98, 0x84, 0xB3,
    0x9F, 0x54, 0x3A, 0xFD, 0x07, 0x0D, 0xF2, 0x3F, 0x6B, 0x7F, 0xFC, 0xE8, 0xC4, 0xB6, 0x2C, 0x49,
    0x88, 0x84, 0x11, 0x27, 0x68, 0xF2, 0x9E, 0x3B, 0xBF, 0x5E, 0xFE, 0xC1, 0xB3, 0x62, 0x04, 0x7A,
    0x4D, 0x54, 0x62, 0xEF, 0x7F, 0xC8, 0x30, 0x5B, 0x7D, 0xFC, 0x82, 0x93, 0xBE, 0xD6, 0x86, 0xE2,
    0xC7, 0x4D, 0xE0, 0xF7, 0x9C, 0xCC, 0x37, 0xC2, 0xD6, 0x7A, 0xE5, 0x9F, 0x44, 0x2C, 0xF7, 0x52,
    0x2C, 0x6F, 0xFA, 0x22, 0x96, 0x37, 0x6C, 0x2C, 0x6F, 0xA9, 0x72, 0x53, 0x9C, 0x59, 0xDE, 0x6E,
    0xE3, 0xB5, 0x6C, 0xC2, 0x0E, 0xAC, 0x08, 0xB1, 0x26, 0xED, 0xFC, 0xFB, 0x5F, 0xC2, 0xCE, 0xB0,
    0x3C, 0x52, 0xA3, 0x05, 0x43, 0x7F, 0x88, 0x47, 0x50, 0x77, 0x6B, 0x17, 0x3A, 0xF3, 0x5F, 0x33,
    0xCD, 0xE1, 0x34, 0xF6, 0xF4, 0xBD, 0x95, 0xE5, 0xFE, 0x97, 0xD5, 0x6D, 0x66, 0xCC, 0x2E, 0xB0,
    0xFA, 0xF6, 0xF1, 0x1F, 0x99, 0x01, 0x38, 0xE9, 0xFE, 0x31, 0xCE, 0xF0, 0x56, 0xF7, 0xB3, 0x2E,
    0xEC, 0x11, 0xD5, 0xFE, 0x63, 0x0D, 0x26, 0x6B, 0x99, 0x6F, 0xC1, 0xBD, 0xF7, 0x25, 0x55, 0xFB,
    0x43, 0x6C, 0x34, 0x66, 0xD8, 0x99, 0x4B, 0x96, 0x2E, 0xA6, 0xF6, 0xDD, 0xC5, 0x5D, 0xDD, 0x53,
    0x7D, 0x4C, 0x7E, 0x05, 0xAD, 0x1A, 0xC7, 0xB0, 0x32, 0x98, 0x31, 0x59, 0xEB, 0x2A, 0xA5, 0x8E,
    0xDA, 0x31, 0x96, 0x21, 0xD6, 0xDB, 0xB3, 0x16, 0x80, 0x36, 0x7C, 0x7A, 0xA2, 0x1D, 0x11, 0x9C,
    0xB2, 0x16, 0x61, 0xD8, 0xC4, 0xAC, 0xBA, 0xE8, 0xB7, 0x03, 0xA2, 0x13, 0xEB, 0xF3, 0xF5, 0x5D,
    0x47, 0xBE, 0x97, 0x56, 0xFD, 0xDE, 0xEA, 0xEA, 0x59, 0xCA, 0x22, 0xE6, 0x2C, 0x62, 0x5E, 0x31,
    0x9A, 0xA2, 0xD9, 0xA8, 0x68, 0x8C, 0x4E, 0x54, 0x36, 0x34, 0x4D, 0x15, 0x3A, 0xA4, 0x19, 0xBD,
    0x53, 0x7A, 0xE1, 0x64, 0x3D, 0x34, 0x9A, 0xA6, 0x74, 0x77, 0x46, 0x65, 0x16, 0x22, 0xAD, 0xB5,
    0xA6, 0x4F, 0xA9, 0xEC, 0xB7, 0xDA, 0x8E, 0x56, 0xD4, 0xA3, 0x1D, 0xB1, 0x98, 0x15, 0x46, 0x79,
    0x40, 0x80, 0x32, 0xE8, 0x7A, 0xF9, 0x45, 0x8B, 0x6C, 0xEB, 0x49, 0x6B, 0x47, 0xF1, 0xB9, 0xCB,
    0xBE, 0xDF, 0x5D, 0xED, 0x0B, 0x6B, 0x0E, 0x76, 0xEC, 0x37, 0x4B, 0x06, 0x2B, 0xA6, 0x06, 0xC5,
    0xC4, 0x88, 0x8A, 0x3D, 0x10, 0x1F, 0xF5, 0xC4, 0x47, 0xDA, 0x0E, 0x0A, 0xFB, 0x37, 0x6D, 0xBF,
    0x69, 0x0F, 0x7E, 0xA6, 0x90, 0x73, 0xEB, 0x72, 0xE7, 0x56, 0xD4, 0xC6, 0xF2, 0xFF, 0x0F, 0xAD,
    0xD4, 0xEE, 0xC8, 0xF6, 0x10, 0x0B, 0xD7, 0xE6, 0xAB, 0xEA, 0xD9, 0x10, 0xF8, 0xC3, 0xE0, 0x30,
    0xA4, 0x62, 0x17, 0x18, 0x7E, 0xC6, 0x11, 0x19, 0x8B, 0xDD, 0x4D, 0x00, 0x78, 0xA8, 0xEB, 0x28,
    0x51, 0x3A, 0x5A, 0x40, 0x0E, 0xF2, 0xFE, 0x1C, 0x98, 0xAC, 0x12, 0xAA, 0x4D, 0x38, 0xC9, 0xEA,
    0xC1, 0x64, 0x5D, 0x16, 0x75, 0x69, 0x30, 0x23, 0x8C, 0x03, 0x4E, 0xAC, 0x53, 0x80, 0xC0, 0xDE,
    0x94, 0x77, 0xBF, 0xCA, 0xAF, 0x82, 0x15, 0xF4, 0xEC, 0x9F, 0xAC, 0x74, 0xA1, 0xC2, 0xE5, 0x80,
    0xAF, 0x59, 0x58, 0x51, 0xAC, 0xD5, 0xAF, 0x43, 0x58, 0x1F, 0xA3, 0x70, 0x98, 0x08, 0x92, 0x7A,
    0x62, 0xAF, 0xF8, 0x84, 0x76, 0x66, 0x61, 0x74, 0x93, 0xC0, 0x73, 0x78, 0x3E, 0x59, 0xB4, 0x80,
    0x3F, 0xB0, 0x00, 0xD8, 0x6B, 0x11, 0x68, 0x81, 0x05, 0x44, 0x3A, 0x1C, 0xC8, 0x94, 0xD0, 0x74,
    0x5A, 0x4B, 0xED, 0x23, 0x38, 0xDD, 0xC8, 0xF1, 0x5D, 0x76, 0x6F, 0xA4, 0x10, 0x1F, 0xB5, 0xD6,
    0xCB, 0x9F, 0xDA, 0x83, 0xD7, 0x92, 0xEF, 0x0A, 0x23, 0xF5, 0x14, 0xBB, 0x0B, 0xF3, 0xA0, 0xB5,
    0xBE, 0x30, 0x3C, 0xBF, 0x55, 0xDB, 0xA4, 0x08, 0x7D, 0xB2, 0x33, 0x0D, 0x5D, 0x2C, 0xAC, 0xF1,
    0x96, 0xBF, 0x9E, 0xD7, 0x32, 0x97, 0x8F, 0x8B, 0xCF, 0xEC, 0xDC, 0x9F, 0xBA, 0x6D, 0x98, 0xE8,
    0x3C, 0xAF, 0xF2, 0x2C, 0x6A, 0xF9, 0xA2, 0xA4, 0xA5, 0x37, 0xA8, 0x09, 0xC3, 0xA3, 0xE5, 0x08,
    0x17, 0x3B, 0xAB, 0x04, 0x91, 0x40, 0xCD, 0x89, 0xE5, 0x89, 0x54, 0xAD, 0x21, 0xCF, 0x73, 0xD4,
    0xFC, 0x4F, 0x40, 0xB1, 0x92, 0x47, 0x81, 0xA9, 0xE6, 0x85, 0xEA, 0x0F, 0xA1, 0xED, 0xE4, 0x17,
    0xCD, 0x17, 0x31, 0x6F, 0x24, 0x72, 0x53, 0x20, 0xB5, 0x91, 0xE2, 0xF9, 0x23, 0xDE, 0xD3, 0xD9,
    0x7B, 0x2B, 0x67, 0x8A, 0x4B, 0x35, 0x59, 0xAF, 0xFD, 0x7C, 0xBC, 0x35, 0x8F, 0x1F, 0x75, 0x9C,
    0xD1, 0xAA, 0x46, 0x93, 0x6B, 0xC2, 0xB2, 0x5A, 0xD4, 0xD7, 0xDC, 0x45, 0xE5, 0x2E, 0x11, 0x00,
    0x98, 0x69, 0xDD, 0xBC, 0x1E, 0x12, 0x6B, 0x67, 0x6E, 0x3E, 0x7A, 0x6C, 0x4B, 0xA2, 0xCE, 0x94,
    0x45, 0x8E, 0xFF, 0x42, 0x03, 0xC7, 0x5F, 0xD7, 0xA8, 0xE3, 0xB7, 0x34, 0x02, 0x19, 0xA1, 0x8F,
    0x15, 0x67, 0x75, 0x9B, 0xEA, 0xEB, 0x32, 0xDC, 0x44, 0x55, 0xF6, 0xA5, 0x5D, 0xD2, 0x9F, 0xEE,
    0x4B, 0x62, 0x35, 0x07, 0xBB, 0x9E, 0x2D, 0xAA, 0x49, 0xA7, 0x42, 0x7D, 0x22, 0x2D, 0x1F, 0x3B,
    0xD2, 0x1C, 0x02, 0x1D, 0x21, 0xC8, 0xD5, 0xEF, 0x57, 0x74, 0x74, 0x4F, 0xD1, 0x11, 0x8B, 0x20,
    0x5A, 0xEA, 0x4B, 0x9E, 0xB6, 0x78, 0x67, 0xF5, 0x65, 0x2F, 0xEE, 0xAF, 0x27, 0x23, 0x62, 0x45,
    0x53, 0x1F, 0x4F, 0x5C, 0xAD, 0xCC, 0xE1, 0x19, 0xCC, 0x5D, 0x61, 0x2E, 0xB8, 0x1F, 0x84, 0xC1,
    0x79, 0x43, 0x32, 0x25, 0x41, 0xE7, 0x8E, 0xE5, 0x82, 0xCA, 0xE4, 0xDC, 0x10, 0x64, 0x04, 0xA4,
    0x21, 0xF5, 0x06, 0x1B, 0x1E, 0x94, 0xE9, 0x94, 0x49, 0x3F, 0x2A, 0x33, 0xC6, 0xBB, 0xA6, 0xF8,
    0x40, 0x65, 0x2A, 0x59, 0x12, 0x74, 0x83, 0x43, 0xFC, 0x3D, 0x01, 0x2F, 0x3C, 0x46, 0xF7, 0x1F,
    0xE1, 0x1B, 0x7A, 0xAE, 0xE1, 0x46, 0x5A, 0xAA, 0xB1, 0x72, 0x8D, 0x98, 0xFC, 0xB7, 0x34, 0xD2,
    0x47, 0x18, 0xF2, 0xF3, 0x98, 0xFD, 0x89, 0xB1, 0x48, 0xFA, 0x4E, 0x9F, 0x2B, 0xD8, 0x0C, 0xC9,
    0x7B, 0x57, 0xC2, 0x53, 0xEA, 0xD7, 0x12, 0x40, 0xBE, 0x8E, 0x66, 0x8B, 0x65, 0x96, 0xCE, 0x2A,
    0x5F, 0xE0, 0x3B, 0x5D, 0x88, 0xA6, 0x44, 0x86, 0xAD, 0x1E, 0xD5, 0x6A, 0x61, 0xD2, 0x60, 0x24,
    0x5A, 0x1C, 0x17, 0xAA, 0x27, 0x9E, 0xB7, 0x04, 0xAD, 0xCF, 0xA8, 0x3F, 0xA3, 0xFC, 0x5E, 0xEE,
    0xAF, 0xC5, 0x4A, 0xD0, 0xE7, 0xC0, 0xEC, 0x95, 0xE1, 0xD3, 0xC8, 0x27, 0xC9, 0x7B, 0xFE, 0x3B,
    0x84, 0xB7, 0xA1, 0x94, 0xC3, 0xA8, 0xFE, 0x1B, 0xAA, 0x68, 0x18, 0x8D, 0x68, 0x98, 0x21, 0x13,
    0x04, 0x9D, 0x7C, 0x45, 0xBA, 0xD6, 0xA7, 0x28, 0x7D, 0x3F, 0x1D, 0x79, 0x90, 0xC6, 0x1F, 0xF3,
    0xC9, 0xBD, 0xDA, 0xEC, 0xEE, 0xFF, 0xCC, 0x1C, 0x79, 0x48, 0xC7, 0x1D, 0x77, 0x06, 0xDD, 0x22,
    0x41, 0xB7, 0xDC, 0x19, 0x46, 0x8A, 0x89, 0x30, 0xF4, 0xF2, 0x5E, 0xF2, 0xE0, 0x63, 0x1F, 0x0E,
    0xB5, 0x5C, 0x8F, 0xA6, 0x7A, 0xEA, 0x6E, 0xCD, 0xF0, 0x24, 0x76, 0xBE, 0xA2, 0x5B, 0x43, 0x5A,
    0x39, 0x75, 0x62, 0x31, 0x9E, 0x52, 0x3C, 0xCF, 0xCA, 0xF0, 0xFC, 0xCC, 0xE1, 0xD7, 0xDD, 0xCD,
    0x30, 0xB9, 0x9D, 0x3C, 0x99, 0xB6, 0x2A, 0xDC, 0x34, 0xB7, 0xEA, 0xAD, 0x24, 0xA6, 0xE9, 0xF5,
    0x6E, 0x53, 0xEE, 0x83, 0xFB, 0xF8, 0xAF, 0xB6, 0xFB, 0x15, 0xEB, 0xF1, 0xEF, 0xC6, 0x7A, 0x9D,
    0xC6, 0x6D, 0x46, 0xBC, 0xE6, 0xCB, 0x2D, 0x8A, 0x19, 0x0D, 0x4A, 0xCC, 0x29, 0xB0, 0xD4, 0x95,
    0xF2, 0x62, 0xB9, 0x8E, 0xFC, 0x79, 0x47, 0xBA, 0x3F, 0xEE, 0x9A, 0xCA, 0xB9, 0xDB, 0x80, 0x2D,
    0x5A, 0x5E, 0x9B, 0xC7, 0xDA, 0x5C, 0x44, 0x7F, 0xE6, 0x1A, 0x55, 0xB7, 0x7D, 0x16, 0xCB, 0x1B,
    0xB2, 0xA0, 0xC5, 0x18, 0x4E, 0x2B, 0x19, 0xA4, 0x2D, 0x79, 0x68, 0x93, 0xA1, 0x78, 0x0B, 0xC2,
    0xD7, 0x3C, 0xF0, 0x53, 0x8F, 0x2C, 0x1D, 0x18, 0x3D, 0xDB, 0x12, 0x28, 0x00, 0x45, 0xDD, 0x80,
    0x8E, 0xD7, 0xA1, 0x61, 0x21, 0x74, 0x27, 0xAD, 0xC8, 0xB6, 0x88, 0x8A, 0x8C, 0x19, 0xAE, 0x79,
    0x6C, 0xEB, 0x6D, 0x10, 0x9E, 0xA8, 0xB9, 0x24, 0x84, 0xCE, 0x9F, 0x8C, 0xCD, 0x32, 0x65, 0x00,
    0x91, 0xC0, 0xF2, 0x7E, 0x96, 0xC5, 0x30, 0xBB, 0x77, 0x63, 0x91, 0xA8, 0x25, 0x72, 0xE3, 0x51,
    0x19, 0xCD, 0x32, 0x67, 0xE1, 0x3A, 0xE8, 0xB6, 0xD0, 0x60, 0x4C, 0x31, 0xAA, 0x2C, 0x94, 0xA3,
    0xDA, 0x70, 0x59, 0x43, 0x6E, 0x0E, 0x9C, 0xF2, 0x1B, 0x34, 0x88, 0xCB, 0x00, 0x26, 0x82, 0x02,
    0xE3, 0x2F, 0x12, 0x73, 0xD4, 0x63, 0xCD, 0xC3, 0x18, 0x1E, 0x73, 0xB4, 0x8B, 0x27, 0xD1, 0x63,
    0xED, 0x84, 0x15, 0x6E, 0x7C, 0x62, 0x47, 0x30, 0x28, 0xA0, 0xEC, 0x82, 0x75, 0xEF, 0x4C, 0x46,
    0x3C, 0x49, 0x19, 0x61, 0x19, 0x95, 0x5A, 0xFC, 0x80, 0xA8, 0x0A, 0x54, 0xFD, 0xF4, 0x43, 0xA2,
    0xFE, 0x73, 0xAF, 0xFD, 0x44, 0x65, 0x4A, 0x65, 0x05, 0x68, 0xDB, 0xDA, 0x9E, 0x22, 0xC4, 0xA3,
    0xB8, 0x66, 0x46, 0x5F, 0x57, 0xA5, 0x7D, 0x8D, 0x41, 0x89, 0x9F, 0x9A, 0xEA, 0x41, 0x6E, 0x38,
    0x6E, 0x5A, 0x42, 0xE4, 0x58, 0x48, 0x5C, 0x28, 0x43, 0xE3, 0xA0, 0xC7, 0x1B, 0xC3, 0xFB, 0x84,
    0x00, 0x88, 0xC9, 0xFF, 0xA6, 0x8B, 0x27, 0x7C, 0x18, 0x35, 0x48, 0x15, 0xE5, 0x86, 0xA3, 0x25,
    0xC0, 0xC3, 0x58, 0x0C, 0xA6, 0x5B, 0xCA, 0xDE, 0x70, 0xB3, 0xD7, 0x0D, 0x93, 0xCF, 0xB5, 0x31,
    0x8B, 0x65, 0x57, 0xD3, 0x58, 0x03, 0xB4, 0x8F, 0x47, 0x65, 0x76, 0xB1, 0xA8, 0x2E, 0x59, 0x2B,
    0x06, 0x7F, 0x3C, 0x26, 0x8D, 0xA7, 0xBC, 0xDA, 0x58, 0x83, 0x18, 0x9E, 0x60, 0x64, 0x42, 0xA0,
    0xF0, 0xA5, 0xBF, 0x38, 0x51, 0x7B, 0xD4, 0xA3, 0x35, 0x1A, 0xEF, 0x81, 0x6F, 0xC5, 0x13, 0xB5,
    0x0C, 0x4C, 0x2E, 0x3C, 0x51, 0xCB, 0xD0, 0x33, 0x4E, 0xF6, 0x63, 0xCF, 0xB8, 0xF0, 0x1E, 0x4F,
    0x16, 0x10, 0x5B, 0x37, 0x5F, 0x2E, 0xF5, 0x60, 0x70, 0xBA, 0xC4, 0x7F, 0x61, 0xA0, 0xCF, 0xB5,
    0xC0, 0x10, 0xDE, 0x1B, 0x23, 0x03, 0xEA, 0x2B, 0x95, 0x76, 0xA2, 0x16, 0xBB, 0x21, 0x9E, 0xA8,
    0xF5, 0x53, 0x1D, 0xB3, 0xA8, 0xE5, 0xD4, 0xC6, 0x13, 0x90, 0xF9, 0xB4, 0x86, 0x7D, 0xB2, 0x65,
    0x2D, 0x3F, 0x49, 0x4F, 0x87, 0x6B, 0xF7, 0xA7, 0xDA, 0xCA, 0xDD, 0x89, 0x4D, 0x36, 0x55, 0x5D,
    0x3F, 0x36, 0x7B, 0x3B, 0xC2, 0x3A, 0x4E, 0xDA, 0xB8, 0x16, 0xEC, 0x3F, 0xC1, 0x5E, 0xDE, 0x4F,
    0xBE, 0x6A, 0x03, 0xC8, 0xE2, 0x31, 0x54, 0x2B, 0xC5, 0x44, 0x19, 0x4D, 0x15, 0xBF, 0x51, 0xBD,
    0x7A, 0x4C, 0x67, 0xF7, 0xFC, 0xCF, 0xFF, 0x0B, 0xEA, 0x0D, 0xA6, 0x82, 0xA9, 0x85, 0x7A, 0x62,
    0xD5, 0xAF, 0xE8, 0xA0, 0x1C, 0xF6, 0x8E, 0xDA, 0x3D, 0xA0, 0x48, 0xA7, 0xF2, 0x73, 0xBD, 0x30,
    0x56, 0x84, 0xB4, 0x53, 0x21, 0x5A, 0x6A, 0xD0, 0x9C, 0x28, 0xEB, 0xCD, 0x8C, 0x1E, 0x48, 0xE5,
    0xA6, 0x7A, 0x24, 0xED, 0xCF, 0xE8, 0xA1, 0xB6, 0xEB, 0xEA, 0x78, 0xDF, 0x4C, 0x05, 0x83, 0xA0,
    0x3B, 0xD3, 0x00, 0x85, 0x6C, 0x82, 0x81, 0xF1, 0xD9, 0x63, 0xF8, 0x5E, 0x98, 0xCC, 0x97, 0x8D,
    0x65, 0xDE, 0x07, 0xF3, 0x29, 0xAD, 0xC8, 0xE6, 0x91, 0xFA, 0x05, 0xC7, 0x9B, 0xAE, 0xD1, 0x0B,
    0x53, 0xDB, 0x23, 0x56, 0xEE, 0x9F, 0x7C, 0xE6, 0x4E, 0x3C, 0x26, 0x1F, 0xFD, 0x8F, 0x31, 0xFE,
    0x8B, 0x14, 0x95, 0xF5, 0xE7, 0x20, 0xF3, 0xF1, 0x95, 0x3F, 0x40, 0x96, 0x10, 0xD0, 0x07, 0x02,
    0x94, 0xE8, 0x31, 0xC0, 0xD3, 0xA9, 0x9A, 0xCB, 0x7B, 0xEA, 0x2E, 0x96, 0x47, 0x8D, 0x82, 0xEA,
    0x49, 0xEB, 0xC3, 0x4E, 0x03, 0x3C, 0x22, 0x3A, 0xD5, 0xAD, 0x8A, 0x55, 0x7F, 0x8E, 0x53, 0x93,
    0x2F, 0xD0, 0xFA, 0x02, 0xDD, 0xCC, 0x14, 0xFB, 0x13, 0xAD, 0xCF, 0xE8, 0x0D, 0x93, 0x6C, 0xDF,
    0xF7, 0x66, 0x92, 0x0F, 0x66, 0x92, 0x3B, 0x33, 0xC9, 0x0D, 0x4D, 0xF2, 0xDF, 0x05, 0xE6, 0x2F,
    0xF5, 0xBC, 0xFE, 0x99, 0x49, 0xBE, 0x30, 0x93, 0x7C, 0x45, 0x97, 0x80, 0xA7, 0x85, 0xDA, 0xCE,
    0xB3, 0x84, 0xAE, 0xAF, 0x79, 0x06, 0x00, 0xE7, 0xA2, 0x60, 0xDC, 0x7C, 0xCB, 0x7F, 0x18, 0xE1,
    0xB5, 0x2C, 0x58, 0x0A, 0x6F, 0xAF, 0x4E, 0x74, 0xAE, 0x84, 0xF9, 0x87, 0xDD, 0x42, 0x0F, 0x7F,
    0xBF, 0x58, 0xFE, 0xC0, 0xC8, 0x0F, 0x94, 0xFC, 0x3B, 0x5D, 0xE3, 0xF0, 0x97, 0x13, 0xC5, 0x9F,
    0x70, 0xB1, 0x98, 0x90, 0x24, 0xB9, 0xC4, 0xDA, 0xFF, 0x4D, 0xD7, 0xC2, 0xD8, 0x22, 0x1D, 0x07,
    0x04, 0x31, 0x30, 0xE1, 0x2F, 0x46, 0x8F, 0x8B, 0x7F, 0xBC, 0x14, 0xE1, 0x7C, 0xFD, 0x6F, 0xED,
    0x90, 0xB3, 0xAE, 0x5C, 0x4E, 0xF2, 0x5B, 0xE5, 0x41, 0xE7, 0xBC, 0x73, 0xEB, 0x01, 0xC5, 0x98,
    0x13, 0x29, 0x7A, 0xF7, 0xBF, 0xED, 0x7D, 0xCD, 0xAF, 0xE5, 0xD6, 0x91, 0xDF, 0xE1, 0xA5, 0xFA,
    0x5E, 0x8C, 0x88, 0x84, 0x5E, 0xA4, 0x35, 0x51, 0xF7, 0x18, 0xDC, 0x78, 0x11, 0x1B, 0x98, 0xF0,
    0x1F, 0x18, 0x88, 0xF4, 0x78, 0x31, 0xCB, 0xF4, 0x42, 0x6F, 0x06, 0x96, 0x10, 0xC8, 0x0B, 0x2F,
    0xC6, 0x9A, 0x20, 0xEF, 0x1F, 0x98, 0x98, 0x84, 0x67, 0x91, 0xC5, 0x2C, 0xE6, 0x2D, 0x34, 0x36,
    0x90, 0x2C, 0xDC, 0x8B, 0x76, 0x20, 0x3D, 0xC1, 0xE8, 0x2C, 0x13, 0x60, 0x22, 0xD2, 0x36, 0x10,
    0x2F, 0x73, 0x03, 0xC4, 0x93, 0x45, 0x16, 0x61, 0x30, 0xAD, 0x89, 0xAD, 0x46, 0x20, 0x26, 0xC3,
    0x4E, 0xD8, 0x2D, 0x92, 0x27, 0xA7, 0x7E, 0x55, 0x75, 0xC8, 0xFB, 0xF1, 0xFA, 0x43, 0xEA, 0x96,
    0x9E, 0xD4, 0x7A, 0xE8, 0x66, 0xD5, 0xBB, 0xEF, 0xF2, 0xEB, 0x9C, 0x3A, 0xF5, 0x5D, 0x75, 0x8C,
    0xC9, 0x0D, 0xFD, 0x84, 0x0D, 0xC0, 0x66, 0x04, 0x88, 0x6C, 0xC9, 0xA0, 0xC3, 0xDF, 0xEC, 0x84,
    0x4F, 0x2B, 0x8B, 0xEF, 0xAE, 0x19, 0x98, 0xB5, 0xB9, 0xE0, 0xA7, 0xB0, 0xF4, 0xB3, 0x07, 0xAE,
    0x33, 0x30, 0xD5, 0xE0, 0x2E, 0x00, 0x60, 0x76, 0xC1, 0x7B, 0x0C, 0xBE, 0xCB, 0xC0, 0x1C, 0x80,
    0xA9, 0xB2, 0x35, 0x3D, 0x83, 0xB5, 0x5B, 0x06, 0xF2, 0x5B, 0x49, 0x7F, 0x3B, 0x39, 0x31, 0x17,
    0x9D, 0xE7, 0x40, 0xC6, 0xA0, 0xC8, 0xF9, 0x7E, 0x25, 0x81, 0xC0, 0xBD, 0x45, 0x35, 0x5E, 0x7D,
    0xDD, 0xE6, 0x6B, 0x3C, 0x59, 0x9E, 0x1D, 0x3E, 0xB5, 0x7B, 0xED, 0xF5, 0xCD, 0xE0, 0x6D, 0x77,
    0x95, 0x74, 0x88, 0xDC, 0x63, 0x9A, 0x6C, 0x8C, 0xE9, 0xE5, 0x15, 0x0C, 0x00, 0x49, 0x17, 0x8E,
    0xE6, 0xA1, 0x3F, 0x5F, 0xA4, 0x01, 0xD1, 0x9F, 0x0A, 0x1F, 0x8F, 0x17, 0x23, 0xEE, 0xC2, 0xD5,
    0x9D, 0xD8, 0xD6, 0x09, 0x21, 0xB5, 0x43, 0xA2, 0x25, 0x52, 0x94, 0x84, 0xF4, 0xEE, 0x51, 0x72,
    0x42, 0x5A, 0xBA, 0x64, 0x4C, 0x6F, 0x70, 0x11, 0xF2, 0xA1, 0xBD, 0xC3, 0x08, 0xBF, 0x21, 0x23,
    0xAD, 0x22, 0x03, 0x90, 0xDF, 0x9C, 0xE2, 0x09, 0xDD, 0x59, 0x01, 0x8D, 0x2C, 0x4E, 0xCF, 0xE8,
    0xDB, 0x84, 0x24, 0x74, 0x2D, 0x42, 0xE2, 0x03, 0x24, 0x3A, 0x40, 0x36, 0x3C, 0x98, 0x3D, 0x3E,
    0x89, 0xE8, 0xFD, 0x23, 0x9C, 0xE0, 0x90, 0xD8, 0x5D, 0x50, 0x10, 0x5E, 0x07, 0xEE, 0xCA, 0x32,
    0x26, 0x99, 0x8E, 0x8F, 0x0C, 0xB5, 0x5B, 0x39, 0x1D, 0x23, 0xA7, 0xB6, 0xD1, 0x51, 0xE3, 0x93,
    0x30, 0x50, 0x4C, 0x1B, 0x5B, 0x46, 0xAE, 0xBC, 0x25, 0x27, 0xE7, 0xF3, 0x7A, 0x4C, 0x70, 0xBA,
    0x7B, 0x0C, 0xB7, 0x32, 0x71, 0x4C, 0xF1, 0xCA, 0x15, 0x46, 0xA0, 0xC0, 0x80, 0x7C, 0xED, 0x62,
    0x8A, 0x9B, 0x96, 0xC7, 0xEB, 0x3C, 0x39, 0x6E, 0x86, 0x4F, 0x47, 0x7A, 0xBE, 0x88, 0x8F, 0x03,
    0x1D, 0x37, 0x38, 0x86, 0x7C, 0xEC, 0x40, 0x0C, 0xFA, 0x0E, 0x4F, 0xF5, 0xE8, 0x08, 0xEB, 0x96,
    0x1B, 0x25, 0xBC, 0x7B, 0xA1, 0x47, 0xFC, 0x39, 0xA8, 0xA6, 0x1C, 0xAF, 0x47, 0x1F, 0x06, 0x16,
    0xC4, 0x1C, 0x31, 0xC8, 0xEC, 0x03, 0x22, 0xF4, 0x6A, 0x72, 0x9F, 0xBB, 0x79, 0x75, 0x23, 0x62,
    0xEB, 0x90, 0x86, 0xB3, 0xAA, 0x79, 0x96, 0x6A, 0x4C, 0x44, 0x51, 0x63, 0x1A, 0x5E, 0x71, 0xD7,
    0xE0, 0xB9, 0x50, 0x70, 0x72, 0x7E, 0x13, 0xF7, 0xA4, 0x33, 0x05, 0x14, 0x4C, 0x3A, 0x99, 0x3D,
    0x3F, 0x3F, 0x5B, 0x7C, 0x53, 0x40, 0xCE, 0xC0, 0x0D, 0x71, 0x94, 0xA7, 0x20, 0x88, 0x6D, 0x4C,
    0x5F, 0x4F, 0xDB, 0x88, 0xE6, 0xA0, 0x6A, 0x43, 0x37, 0x89, 0x2B, 0xDB, 0xBA, 0xC7, 0x74, 0x4B,
    0xB0, 0x61, 0x72, 0x27, 0xFA, 0xC2, 0xFA, 0xA0, 0x87, 0xA7, 0xB9, 0xBB, 0x72, 0xFE, 0x13, 0xBC,
    0xD7, 0x83, 0x5C, 0x5E, 0x2B, 0xC0, 0xDF, 0x37, 0x38, 0xC6, 0xF6, 0xFE, 0xED, 0x89, 0x9E, 0x34,
    0x9C, 0x1C, 0x33, 0xC1, 0xD1, 0x8D, 0xFC, 0x48, 0xC7, 0xD5, 0x40, 0x9F, 0x04, 0x37, 0xE5, 0x41,
    0x32, 0x50, 0x50, 0x0A, 0xB2, 0x89, 0xF1, 0xF0, 0x74, 0x85, 0x5C, 0x6F, 0x93, 0x62, 0xFC, 0x56,
    0xBC, 0x32, 0x53, 0x10, 0xBD, 0xFB, 0x25, 0xBF, 0x86, 0x17, 0xA8, 0x72, 0x22, 0x56, 0x90, 0x6B,
    0x0E, 0xEA, 0xCD, 0xDD, 0x29, 0xB1, 0x25, 0x7A, 0x2A, 0x26, 0xF7, 0xD8, 0x77, 0xDD, 0xB9, 0x15,
    0x86, 0xA2, 0xD2, 0x37, 0x20, 0xA2, 0x7C, 0xED, 0x3C, 0xF7, 0x44, 0x34, 0xC8, 0xFF, 0xFE, 0x1A,
    0xDD, 0x94, 0x26, 0xF1, 0x29, 0xFF, 0x77, 0x24, 0xD1, 0x64, 0xF3, 0x7D, 0x86, 0xF5, 0x4D, 0xF3,
    0xB6, 0xE3, 0xB6, 0x1B, 0x0B, 0x26, 0x5B, 0xF2, 0xC1, 0x31, 0xDF, 0xDC, 0x71, 0xD9, 0xE9, 0x28,
    0xA9, 0xD3, 0xB8, 0xFB, 0xC3, 0x64, 0xD6, 0x15, 0x2D, 0x28, 0x10, 0xC1, 0xA7, 0x70, 0x08, 0x88,
    0x47, 0xC4, 0xCB, 0x27, 0x50, 0x5E, 0x00, 0xA6, 0xA4, 0x87, 0xCE, 0x71, 0x7B, 0x22, 0x70, 0x10,
    0xFB, 0xA7, 0x72, 0xE8, 0xFD, 0xA1, 0x23, 0x9A, 0xEC, 0x88, 0x2E, 0x5A, 0x62, 0x48, 0x0D, 0xD1,
    0xD1, 0x96, 0xE8, 0xA3, 0x26, 0x52, 0xA1, 0xF1, 0x1B, 0xE9, 0x5D, 0x3A, 0x03, 0xCE, 0x66, 0x82,
    0x5B, 0x7B, 0xE3, 0x0B, 0xFE, 0x8A, 0x4B, 0x1D, 0xA2, 0x60, 0x4F, 0x2B, 0xA2, 0x9E, 0x89, 0x69,
    0x26, 0x1E, 0xF8, 0xFE, 0x8F, 0x85, 0xF6, 0x8F, 0x40, 0x1D, 0xF7, 0xB3, 0xE3, 0xAB, 0x1E, 0x95,
    0x3B, 0xA7, 0xAD, 0x51, 0x19, 0x20, 0x28, 0xB1, 0xC4, 0xCC, 0xA1, 0xD3, 0x6D, 0x9C, 0x99, 0x35,
    0xEE, 0x0A, 0x01, 0x56, 0x44, 0xB1, 0xA5, 0x8B, 0x61, 0x65, 0x57, 0x40, 0xC1, 0x23, 0xDC, 0x9B,
    0x3B, 0x14, 0x5C, 0x63, 0x46, 0x57, 0xEE, 0x3F, 0x7F, 0xE1, 0x85, 0xD0, 0x62, 0x14, 0xDD, 0xFC,
    0xFE, 0xE3, 0x78, 0x02, 0xEA, 0x96, 0x4B, 0x46, 0xD7, 0x76, 0xF4, 0x49, 0xBF, 0xB9, 0x07, 0xD9,
    0xF0, 0xEB, 0x17, 0x96, 0x1F, 0xC1, 0x8D, 0x28, 0x0D, 0xA8, 0xC8, 0xC8, 0x74, 0xC2, 0xFC, 0xDB,
    0x33, 0xD2, 0x1F, 0x2E, 0x60, 0xCF, 0x43, 0xC4, 0x2F, 0x41, 0x8B, 0x2B, 0xC6, 0x92, 0x26, 0xB4,
    0x8B, 0x98, 0x82, 0x88, 0x5C, 0x82, 0x8A, 0x85, 0x06, 0xAD, 0x94, 0x98, 0x15, 0xB2, 0xA7, 0x85,
    0xD6, 0xB3, 0x04, 0xC7, 0xCC, 0x09, 0x4A, 0xF3, 0xA9, 0xE8, 0x34, 0xA3, 0xA4, 0x1F, 0x8C, 0x27,
    0x27, 0x6F, 0xD8, 0xBF, 0xA6, 0xB5, 0x25, 0x17, 0x8B, 0x88, 0x6D, 0x30, 0x1A, 0xCE, 0x68, 0xF0,
    0x28, 0x74, 0x35, 0xA3, 0x1B, 0xE2, 0x9D, 0xFC, 0x38, 0xA7, 0xB6, 0x5E, 0xD3, 0x70, 0x15, 0xAA,
    0x78, 0x0C, 0x1B, 0x16, 0x57, 0x3A, 0x50, 0xEE, 0x2C, 0x1D, 0xA8, 0xE9, 0x02, 0x25, 0xCB, 0xAB,
    0x1F, 0x0F, 0xC1, 0x88, 0x3C, 0xBC, 0x52, 0x32, 0x2B, 0x23, 0x0B, 0xCC, 0xEB, 0x25, 0x4B, 0xC5,
    0x64, 0xD6, 0x43, 0x2E, 0xC0, 0xFE, 0xA3, 0x3C, 0x15, 0x56, 0x45, 0xE3, 0xB1, 0x79, 0xA5, 0x8C,
    0x8C, 0x4D, 0xAF, 0x33, 0x7F, 0xA0, 0x73, 0x0B, 0xF0, 0x77, 0xC2, 0x52, 0x51, 0x68, 0x6A, 0x99,
    0x24, 0xAF, 0x9B, 0x3C, 0x36, 0x46, 0x5C, 0xE8, 0xD4, 0xDE, 0x37, 0x90, 0x99, 0x21, 0x66, 0x2C,
    0xDE, 0xC1, 0x58, 0x68, 0x78, 0xED, 0xC2, 0x2D, 0xDA, 0xD6, 0xAF, 0x31, 0x1E, 0xBD, 0x9E, 0xF5,
    0x7F, 0x7E, 0x66, 0xD1, 0x33, 0x88, 0x24, 0x4B, 0x86, 0x77, 0xF8, 0x6B, 0x5F, 0xBB, 0x50, 0xC7,
    0x75, 0x84, 0x4E, 0x33, 0x44, 0x22, 0x0C, 0xD0, 0x8D, 0x88, 0x83, 0xCD, 0x0A, 0x9A, 0xAE, 0x13,
    0x71, 0xA2, 0xEA, 0x46, 0x20, 0x2C, 0xB7, 0xE4, 0xA6, 0x7F, 0x0A, 0x98, 0xF6, 0x4C, 0x94, 0x45,
    0xCB, 0x90, 0x5F, 0xC7, 0x2D, 0xDF, 0x12, 0x30, 0xB4, 0x4C, 0xB4, 0x6C, 0x97, 0x54, 0x32, 0xA4,
    0x95, 0x68, 0x0D, 0x95, 0x50, 0x43, 0x35, 0x59, 0xF9, 0x5E, 0x24, 0xE7, 0x83, 0xCF, 0x39, 0xB8,
    0x62, 0x7D, 0xC9, 0x5D, 0x6F, 0x90, 0xEB, 0x4F, 0x72, 0x3F, 0x1A, 0x0E, 0xBA, 0x3F, 0x54, 0x08,
    0x62, 0x01, 0xAD, 0x3C, 0x5F, 0x4F, 0x32, 0xE9, 0x26, 0xD9, 0x3C, 0x8E, 0x0E, 0x7B, 0x27, 0x67,
    0xCB, 0x42, 0x56, 0x3A, 0x60, 0x22, 0x2A, 0x5D, 0x00, 0x29, 0x29, 0xA3, 0xE9, 0x87, 0x53, 0x0D,
    0x28, 0xC3, 0xAA, 0x24, 0x0F, 0x69, 0xA7, 0xCA, 0xA0, 0x57, 0x0F, 0x65, 0x54, 0x1D, 0xD3, 0x29,
    0x75, 0xF8, 0xCC, 0x23, 0x4D, 0x88, 0x9E, 0xA6, 0xB3, 0x5E, 0x22, 0x1D, 0x26, 0xF8, 0x3A, 0x5D,
    0xF7, 0x14, 0x6B, 0x77, 0xA0, 0xBB, 0x6C, 0xF7, 0x90, 0x58, 0x91, 0x4C, 0x11, 0x2B, 0x48, 0xA8,
    0x48, 0xAC, 0x48, 0xA6, 0x88, 0xFD, 0x1B, 0x46, 0x42, 0xFB, 0x67, 0x8C, 0xC4, 0x93, 0x5C, 0x30,
    0xEB, 0x05, 0xB1, 0x4D, 0x28, 0x96, 0x47, 0x29, 0xC8, 0x24, 0x37, 0x75, 0x63, 0x28, 0x48, 0xA3,
    0x48, 0x29, 0xC8, 0x74, 0xEC, 0x09, 0x09, 0xC1, 0xFA, 0x4F, 0x1C, 0x37, 0x92, 0x51, 0xDF, 0x7D,
    0x53, 0x46, 0x8C, 0xF9, 0xBE, 0xD9, 0x60, 0xA4, 0x6D, 0x8E, 0x35, 0xEA, 0x4C, 0x97, 0x18, 0x94,
    0x60, 0xB7, 0x69, 0x2F, 0x94, 0xD0, 0xB1, 0xFA, 0xC6, 0xCB, 0x70, 0x7D, 0x21, 0xBB, 0xD8, 0x1B,
    0x5C, 0xA7, 0xDB, 0xD9, 0xD6, 0xBD, 0x4A, 0xEB, 0x86, 0x82, 0x26, 0xBA, 0x71, 0xBF, 0x37, 0x18,
    0xD9, 0x82, 0x14, 0x4F, 0x1A, 0x3D, 0x77, 0x03, 0xA8, 0xAC, 0x2D, 0x9D, 0x40, 0xB7, 0x84, 0xCE,
    0x18, 0xD0, 0x63, 0x25, 0x34, 0x04, 0x39, 0x26, 0x7D, 0x63, 0x31, 0xD5, 0xDB, 0x68, 0xC4, 0xFC,
    0xB6, 0xF2, 0x7C, 0x6D, 0xDA, 0xF2, 0x32, 0xCB, 0xF0, 0x5C, 0xD9, 0x50, 0x80, 0x3C, 0xD2, 0x91,
    0x29, 0x20, 0x16, 0xBD, 0x21, 0x92, 0xE7, 0x0D, 0x45, 0x06, 0x06, 0x4A, 0x3C, 0xB2, 0x1E, 0x49,
    0x8C, 0xB9, 0x9F, 0xAF, 0x18, 0x3E, 0xED, 0xF7, 0x56, 0x7C, 0x5A, 0xF5, 0xE3, 0x51, 0x94, 0x8E,
    0x41, 0x60, 0x2B, 0xB0, 0x96, 0x17, 0xE4, 0xB3, 0x5F, 0xBC, 0x75, 0x28, 0x87, 0x62, 0xB1, 0xEE,
    0xFA, 0x44, 0x90, 0x2E, 0xA6, 0x65, 0x45, 0x12, 0x68, 0x55, 0xE9, 0x0C, 0x41, 0x6E, 0x7E, 0x9E,
    0x90, 0x91, 0xF5, 0x33, 0x36, 0x65, 0x89, 0x2D, 0x89, 0x28, 0x13, 0x73, 0x76, 0x89, 0x60, 0x3A,
    0xD4, 0x82, 0x53, 0x24, 0x55, 0x24, 0xE9, 0x8D, 0x57, 0x4C, 0x04, 0xE9, 0x14, 0xD1, 0x45, 0x1F,
    0x29, 0x12, 0xB6, 0xFB, 0xA4, 0x15, 0xBC, 0xE7, 0xF9, 0x81, 0x5E, 0x59, 0xCD, 0xC6, 0x4C, 0x17,
    0x7F, 0xA1, 0xAC, 0xC2, 0x8A, 0x2D, 0x18, 0x08, 0xF5, 0x92, 0x82, 0xC6, 0x57, 0x0C, 0x47, 0x21,
    0x84, 0x68, 0x90, 0x29, 0x8E, 0xFB, 0x82, 0x91, 0xA4, 0x15, 0xB3, 0x33, 0x6B, 0xC5, 0x84, 0x29,
    0xB6, 0x09, 0xDF, 0x83, 0xC4, 0x5A, 0x29, 0xCB, 0x04, 0xF7, 0x70, 0x4A, 0xCE, 0x06, 0xF7, 0x08,
    0xED, 0xC9, 0x1F, 0xE1, 0xD2, 0x9B, 0x1D, 0x33, 0xBA, 0x5F, 0xDA, 0xD3, 0xA9, 0x0A, 0xAE, 0xAC,
    0xC5, 0x2A, 0x60, 0xD2, 0xC7, 0x3D, 0x98, 0xF6, 0x73, 0x4F, 0xFC, 0xEE, 0x32, 0x77, 0x0C, 0x24,
    0x90, 0x1B, 0x55, 0x5C, 0x13, 0x96, 0x2E, 0x94, 0x19, 0x36, 0x95, 0xBD, 0x5E, 0xAC, 0x8E, 0x84,
    0x5D, 0x70, 0x5D, 0x5D, 0x07, 0xE3, 0x95, 0x37, 0x46, 0xCC, 0xE3, 0x86, 0x41, 0x38, 0xEC, 0x80,
    0x9E, 0xE7, 0x38, 0x9F, 0xBD, 0x19, 0xE3, 0x8D, 0x85, 0x64, 0x58, 0x38, 0x43, 0x7A, 0xF6, 0x90,
    0xB0, 0xB4, 0xA9, 0x58, 0xF8, 0x24, 0xEC, 0xE9, 0xA0, 0xB1, 0x00, 0xAB, 0x07, 0xD8, 0xEC, 0xFC,
    0x16, 0xF3, 0x57, 0x52, 0x58, 0x3B, 0xE4, 0x45, 0x58, 0xF3, 0x70, 0x64, 0x5E, 0x09, 0x21, 0x41,
    0x4A, 0xE0, 0xCE, 0x3C, 0xC9, 0x57, 0xCF, 0xDF, 0xC9, 0xD9, 0xB8, 0xEC, 0xE5, 0xFD, 0x4A, 0x06,
    0x0D, 0x2D, 0xA3, 0xDB, 0x60, 0xCD, 0x8E, 0xA7, 0xF5, 0x10, 0xB3, 0x34, 0x6D, 0x15, 0xE4, 0xE4,
    0x11, 0xC0, 0x5F, 0xA9, 0x5A, 0x3E, 0x61, 0x3B, 0x3B, 0x74, 0x76, 0x5F, 0x4C, 0xF4, 0xB3, 0x9E,
    0x5F, 0xAC, 0xE7, 0xC7, 0xED, 0xF9, 0xE1, 0x7B, 0x7E, 0xBF, 0x1E, 0x4E, 0xBC, 0xE5, 0x87, 0xF8,
    0x4A, 0x66, 0xF9, 0xD2, 0xD3, 0x63, 0xBD, 0xD8, 0xE7, 0xD2, 0x97, 0x60, 0xFC, 0x8A, 0x13, 0xA2,
    0x8A, 0x54, 0xF7, 0x8B, 0xD4, 0x7E, 0x09, 0x2A, 0x35, 0x21, 0xDC, 0x43, 0xF3, 0xF2, 0x79, 0x08,
    0x12, 0x1F, 0x22, 0xFD, 0x3E, 0xE2, 0xF4, 0x28, 0x46, 0x52, 0x8F, 0xB4, 0x82, 0x64, 0x1E, 0x69,
    0x04, 0x71, 0x66, 0x09, 0x23, 0x55, 0x2D, 0x88, 0x15, 0x84, 0xF4, 0x1E, 0x20, 0x64, 0x8E, 0x00,
    0x21, 0x79, 0x02, 0x24, 0x1E, 0x05, 0x21, 0x5A, 0xA1, 0xE5, 0xC8, 0x0E, 0x44, 0xFB, 0x1B, 0xCF,
    0xDB, 0xF2, 0xE2, 0x00, 0x61, 0x7E, 0xE6, 0x6C, 0x7E, 0x46, 0x1C, 0x13, 0xCA, 0x7A, 0x41, 0x52,
    0x30, 0x94, 0xCD, 0x24, 0x2A, 0x60, 0x38, 0x0A, 0x3F, 0x9B, 0x11, 0xB7, 0x1A, 0xC0, 0x8F, 0x02,
    0x67, 0xA6, 0x33, 0xCF, 0xFA, 0xEE, 0x17, 0xD1, 0xA3, 0xF9, 0x0D, 0xE1, 0xC7, 0x2F, 0xDE, 0x84,
    0x98, 0x2D, 0xB0, 0x1C, 0x7A, 0x37, 0x03, 0xD0, 0x64, 0x5B, 0x12, 0xFE, 0x21, 0x73, 0xAA, 0x6D,
    0x28, 0x9A, 0xEC, 0x35, 0x07, 0x23, 0xF7, 0x7F, 0x45, 0xCF, 0xE6, 0x96, 0x77, 0xEC, 0xBE, 0x13,
    0xFC, 0x35, 0x19, 0x80, 0x9D, 0x13, 0xE9, 0xFF, 0x8C, 0x9E, 0xA9, 0x25, 0x3C, 0xC3, 0x40, 0x66,
    0x1D, 0xE1, 0x2C, 0xB9, 0xC9, 0xFE, 0xED, 0x02, 0x71, 0xAF, 0x8F, 0x86, 0x54, 0x38, 0x11, 0xF8,
    0x0E, 0x17, 0xE5, 0xD1, 0xFD, 0xD9, 0x09, 0xE1, 0x61, 0x61, 0xD6, 0x74, 0xDE, 0xA7, 0xA0, 0xF8,
    0xCA, 0xDB, 0x33, 0x50, 0x2C, 0xAD, 0x68, 0xC0, 0x70, 0xF8, 0x74, 0xE2, 0x99, 0x74, 0x5C, 0x81,
    0x0C, 0xCA, 0x5A, 0xBC, 0x5B, 0x74, 0x2F, 0x88, 0x15, 0x4B, 0xF7, 0x5D, 0xE1, 0x42, 0xF4, 0x92,
    0x0E, 0xC1, 0x85, 0x48, 0x51, 0xA5, 0xE7, 0x64, 0xCF, 0x29, 0x3F, 0x3F, 0x3D, 0x68, 0x26, 0xEF,
    0xA5, 0x8A, 0x1C, 0xDE, 0xB7, 0x85, 0xF3, 0x80, 0x94, 0xB6, 0x8D, 0x1D, 0x30, 0x16, 0x34, 0x56,
    0xF4, 0x59, 0x8A, 0x6B, 0xC0, 0x2E, 0xDE, 0x92, 0xC6, 0x09, 0x3C, 0xB5, 0xCD, 0xFA, 0x1D, 0x55,
    0x75, 0x1D, 0x12, 0xDC, 0x9E, 0xD8, 0x2F, 0xD6, 0xF3, 0x9B, 0xE4, 0x90, 0x43, 0x75, 0x64, 0xDF,
    0x3F, 0x75, 0xAA, 0x17, 0x0D, 0x32, 0x29, 0x4E, 0xEE, 0x19, 0xDD, 0x02, 0x73, 0x3A, 0x50, 0x44,
    0x5E, 0xBF, 0xCE, 0x49, 0x57, 0xB2, 0x24, 0x6F, 0xB8, 0xCF, 0x1B, 0xBC, 0x76, 0x0D, 0x4A, 0xCE,
    0x69, 0x4A, 0x46, 0x23, 0xC7, 0x15, 0xE8, 0x25, 0x60, 0xA9, 0x76, 0xF5, 0x14, 0x62, 0x61, 0x25,
    0xE6, 0x02, 0x86, 0xB7, 0x98, 0x82, 0x86, 0x8E, 0x31, 0xA4, 0x1A, 0x38, 0xEE, 0x98, 0x8D, 0x64,
    0xDB, 0x3B, 0x9B, 0x20, 0xB4, 0x7D, 0x66, 0xEF, 0x9F, 0x3A, 0x75, 0x4D, 0x9E, 0x87, 0x28, 0x84,
    0xB8, 0x45, 0x43, 0x1E, 0xBD, 0x5B, 0x5F, 0x2A, 0xE4, 0xFB, 0x0A, 0x79, 0xB4, 0x35, 0xAC, 0xE1,
    0x90, 0x2F, 0x46, 0x90, 0x40, 0xC8, 0xAF, 0x0F, 0xAD, 0xB7, 0x8A, 0xC5, 0x14, 0xB2, 0x9E, 0xAA,
    0xB7, 0xE6, 0xF1, 0x7E, 0xBE, 0x1C, 0x67, 0x55, 0xE2, 0x9F, 0x4F, 0x0B, 0x7B, 0xE9, 0x84, 0x1C,
    0xF6, 0x60, 0xCF, 0xBE, 0x47, 0xF8, 0xC6, 0x07, 0x96, 0x06, 0x17, 0xC2, 0xFE, 0x38, 0x4C, 0xBA,
    0x5D, 0x98, 0xB6, 0xBB, 0x30, 0x53, 0xC8, 0xBE, 0x2A, 0x12, 0xDD, 0x80, 0x95, 0x40, 0xD6, 0x1A,
    0x3D, 0x5C, 0xB1, 0x97, 0x1C, 0x2E, 0x44, 0x07, 0xE1, 0x3F, 0x04, 0x75, 0x0D, 0x32, 0x26, 0x78,
    0xF7, 0xA6, 0x60, 0x39, 0x33, 0x88, 0xCF, 0x70, 0x10, 0x87, 0xE1, 0x70, 0xE8, 0x2D, 0x0C, 0xC0,
    0xD4, 0xDC, 0x38, 0x95, 0x01, 0xA6, 0x22, 0xB3, 0x7C, 0x0A, 0x16, 0x46, 0x49, 0x0E, 0x67, 0x26,
    0x3B, 0x5A, 0x5B, 0x39, 0xDB, 0x7D, 0x11, 0x7F, 0x99, 0xB1, 0x9A, 0x4D, 0x88, 0x68, 0xB2, 0xB5,
    0xB3, 0x21, 0x1C, 0x16, 0xDF, 0x77, 0x62, 0x6C, 0x00, 0xD6, 0xDB, 0x76, 0x33, 0xC0, 0xF1, 0xEB,
    0xB0, 0xA8, 0xAF, 0x80, 0x55, 0x5D, 0xDC, 0x12, 0x96, 0x74, 0x59, 0x9F, 0xB4, 0xE4, 0x16, 0x72,
    0xD8, 0x90, 0x36, 0x05, 0xB0, 0x74, 0xC8, 0x6A, 0xC2, 0xD2, 0x36, 0x99, 0x1C, 0x36, 0x10, 0x16,
    0xDB, 0xAA, 0x24, 0xF5, 0x22, 0x23, 0x1B, 0x3A, 0x67, 0xCC, 0x3D, 0x8D, 0x61, 0x0C, 0xD3, 0x0C,
    0x6C, 0xE5, 0xDE, 0x84, 0x18, 0x2D, 0xB9, 0x6A, 0x11, 0xE4, 0x30, 0x45, 0x43, 0x3E, 0x6A, 0xC1,
    0x8A, 0x0E, 0x7E, 0xD3, 0xAA, 0xA1, 0x2F, 0xA4, 0x64, 0x74, 0xDF, 0x33, 0x29, 0x45, 0x57, 0x1A,
    0xC7, 0x8B, 0xEB, 0xDF, 0x22, 0x63, 0x62, 0xC0, 0xDB, 0xD3, 0xE4, 0xCF, 0x58, 0xBF, 0x63, 0xCC,
    0x12, 0xF7, 0x6F, 0x68, 0x75, 0x10, 0xB2, 0x25, 0x72, 0x22, 0xA4, 0x86, 0xF7, 0x1D, 0x0E, 0x32,
    0x5E, 0x75, 0xED, 0x27, 0x47, 0xAC, 0x18, 0x4E, 0x0F, 0x43, 0xC6, 0x13, 0xB6, 0xB2, 0x9E, 0xD2,
    0x4D, 0x97, 0x9C, 0x62, 0x08, 0xE4, 0x4D, 0xF7, 0x5E, 0xD9, 0x87, 0xD2, 0x24, 0x96, 0xC6, 0xE2,
    0xB5, 0x9C, 0xE3, 0xA5, 0x99, 0xE8, 0x0D, 0x6E, 0x5A, 0x88, 0x53, 0x40, 0x0D, 0xB0, 0x24, 0xF8,
    0x1A, 0x78, 0xFB, 0xB0, 0xBC, 0xDD, 0x92, 0x8D, 0xF9, 0x1C, 0xB6, 0x24, 0x63, 0x9A, 0x03, 0xC8,
    0x5A, 0x36, 0x31, 0x37, 0x02, 0xC3, 0x43, 0x58, 0x1C, 0xFF, 0xBC, 0x41, 0x34, 0x6B, 0x43, 0x1A,
    0x41, 0x09, 0x37, 0x49, 0x2A, 0x91, 0xD6, 0x84, 0xEE, 0xEB, 0x6E, 0x12, 0xF3, 0xB3, 0x99, 0x0D,
    0xBB, 0xD9, 0xE9, 0xB1, 0xCF, 0x22, 0x7E, 0x36, 0x76, 0xA9, 0x66, 0xB2, 0xD0, 0x23, 0x3B, 0xB3,
    0xA6, 0x33, 0xC4, 0x4D, 0x77, 0xC4, 0xB2, 0x37, 0xEB, 0xCB, 0x03, 0x44, 0x15, 0xE6, 0x3B, 0x0B,
    0x2F, 0xF8, 0xE7, 0x10, 0x11, 0x47, 0xF9, 0x7D, 0xA3, 0x6E, 0xF2, 0xD2, 0x47, 0x13, 0x88, 0x0A,
    0x22, 0x0C, 0xD3, 0xD5, 0xF3, 0xF3, 0x1B, 0x3C, 0x66, 0x93, 0x51, 0x53, 0xB4, 0x60, 0x96, 0x79,
    0x9D, 0xA2, 0x96, 0x23, 0xB3, 0xEE, 0x49, 0xB8, 0x92, 0x30, 0x6A, 0x31, 0x92, 0xF3, 0x1D, 0xB0,
    0xFC, 0x5B, 0x26, 0xE6, 0x34, 0x4E, 0xDF, 0xA8, 0x29, 0xDA, 0x2E, 0xCD, 0xD4, 0x71, 0x9E, 0x9A,
    0x6A, 0xCC, 0xCD, 0xC3, 0x74, 0xF6, 0x7D, 0x40, 0x52, 0x81, 0x7D, 0x77, 0x83, 0xF1, 0xE6, 0x9C,
    0xB7, 0xEA, 0x1C, 0x5D, 0x9F, 0x31, 0x59, 0x4F, 0x42, 0xD5, 0x42, 0xD4, 0x74, 0x06, 0xC4, 0x13,
    0xC4, 0x30, 0x28, 0x7A, 0x65, 0x11, 0xE9, 0x0A, 0x38, 0x6C, 0x1F, 0x70, 0xD0, 0xDE, 0xF0, 0x4B,
    0x99, 0xFC, 0x20, 0x44, 0x7C, 0x04, 0x14, 0xC7, 0xFF, 0x96, 0x2F, 0x1C, 0x37, 0x29, 0xCB, 0xE5,
    0xC4, 0x4A, 0xF2, 0x82, 0x58, 0x58, 0xEE, 0xD5, 0x5F, 0xAA, 0x43, 0xCB, 0x41, 0x61, 0xAB, 0x31,
    0x6C, 0xCC, 0x4A, 0x24, 0xE1, 0x0B, 0xD6, 0x27, 0x4D, 0xF0, 0xE6, 0xAD, 0xBD, 0xE8, 0x85, 0xDD,
    0x01, 0x93, 0x82, 0x3B, 0x91, 0xDD, 0x5E, 0x9F, 0xAA, 0x9A, 0xDC, 0x8B, 0x23, 0x40, 0x38, 0x56,
    0xB4, 0x54, 0xC3, 0x21, 0x63, 0xB0, 0xA6, 0x17, 0x5D, 0x9D, 0x79, 0xB7, 0xF3, 0xB3, 0x07, 0xA7,
    0x08, 0x1C, 0x6D, 0x98, 0xE7, 0x44, 0x0C, 0x62, 0xAF, 0xAB, 0x3C, 0xD7, 0x5E, 0x55, 0xA5, 0xE0,
    0x25, 0xEC, 0x98, 0x84, 0xC7, 0x1D, 0x37, 0xE3, 0xBA, 0x9A, 0x6E, 0x19, 0x71, 0x52, 0x2A, 0x8B,
    0xE3, 0x44, 0x01, 0x5A, 0x4E, 0xCE, 0x1E, 0xCB, 0x06, 0xC7, 0x1F, 0x11, 0x01, 0x0F, 0xDD, 0x2F,
    0x10, 0xA9, 0x4E, 0xF4, 0x21, 0x4F, 0xA0, 0x18, 0x9C, 0xF4, 0xCD, 0x48, 0x8E, 0x2A, 0xAC, 0xF6,
    0x7E, 0xD7, 0xEF, 0xC9, 0x79, 0x7D, 0x42, 0xD7, 0xA1, 0xB1, 0x73, 0x5C, 0x79, 0x88, 0x49, 0x89,
    0xD5, 0xE0, 0xDE, 0xD2, 0x4F, 0x42, 0x23, 0xF1, 0x9A, 0x9D, 0xDE, 0xDA, 0x71, 0x87, 0x0A, 0x5C,
    0x89, 0x73, 0x28, 0xDD, 0x7B, 0xBF, 0x74, 0x29, 0x86, 0x35, 0xF2, 0x34, 0x50, 0x38, 0x3E, 0xE4,
    0xA0, 0xDD, 0x18, 0xB2, 0x24, 0xDE, 0x62, 0xED, 0xD0, 0xC2, 0xC9, 0x06, 0x31, 0x32, 0x11, 0x94,
    0x76, 0x7F, 0x23, 0xC9, 0x45, 0xFC, 0x0C, 0x5A, 0xE9, 0x14, 0xB3, 0xC3, 0xC4, 0x9E, 0x8A, 0xFF,
    0x82, 0x47, 0x7E, 0x23, 0x23, 0xBF, 0x9A, 0xB3, 0x68, 0xCC, 0x32, 0x33, 0x2D, 0x90, 0xBF, 0x87,
    0x56, 0xD7, 0x24, 0x3F, 0x57, 0x36, 0x70, 0x00, 0xAE, 0x62, 0x71, 0x14, 0xD8, 0x2D, 0xD6, 0x6E,
    0x48, 0x62, 0x0E, 0xF1, 0x70, 0x0E, 0xD2, 0xA4, 0x23, 0x5B, 0x8A, 0x6C, 0x29, 0xB8, 0xCF, 0xA6,
    0xDC, 0x5D, 0xF1, 0x0E, 0xC5, 0x12, 0x12, 0xF6, 0x7D, 0x91, 0x59, 0x48, 0xAB, 0xB2, 0x49, 0x7D,
    0xFE, 0xCE, 0x73, 0xE4, 0x45, 0x7F, 0xE0, 0x3D, 0x4D, 0x75, 0x71, 0x80, 0x68, 0x8C, 0xEB, 0x10,
    0xF1, 0xB1, 0xAE, 0x5C, 0x55, 0x5A, 0xB3, 0x87, 0x18, 0x8F, 0xA8, 0xB7, 0xDC, 0xBC, 0xBC, 0x5C,
    0x4C, 0x7D, 0xCA, 0x1A, 0x5F, 0x9F, 0x31, 0xEC, 0x08, 0x77, 0x0F, 0x45, 0x7E, 0x9D, 0xDC, 0x14,
    0xA3, 0xF8, 0x7E, 0x9E, 0x14, 0x5A, 0xB5, 0x0E, 0x73, 0x81, 0x77, 0x28, 0xBA, 0x8F, 0x24, 0x0E,
    0xEF, 0x2D, 0x1C, 0x44, 0xD6, 0xB0, 0x28, 0x9A, 0x20, 0xA8, 0x82, 0x93, 0x5C, 0x13, 0xBC, 0x9E,
    0x10, 0xAE, 0xC4, 0xB1, 0xBF, 0xCF, 0x20, 0xF6, 0x5D, 0x97, 0x44, 0x6A, 0xEE, 0xA6, 0xBF, 0x10,
    0x5A, 0x22, 0xFC, 0x97, 0x82, 0x37, 0x0E, 0xFE, 0x81, 0x90, 0x96, 0x9B, 0x9C, 0x9E, 0x4D, 0xE9,
    0xAA, 0x87, 0xC0, 0x83, 0xE3, 0xE7, 0xB9, 0xC0, 0x07, 0xE0, 0x24, 0xCF, 0xD7, 0x9A, 0xA5, 0xC0,
    0x2A, 0x91, 0xDD, 0x8F, 0xEF, 0xEC, 0xE3, 0x5F, 0x8E, 0xF3, 0x27, 0x1D, 0xE7, 0x07, 0xF9, 0x62,
    0x9C, 0xEB, 0xC5, 0xD8, 0x6E, 0x17, 0xF8, 0xAC, 0x07, 0x84, 0x17, 0xE0, 0x73, 0xF0, 0x9B, 0xFD,
    0xDE, 0x33, 0x3E, 0xDB, 0xFD, 0x66, 0x39, 0x5F, 0x4B, 0xBC, 0x58, 0xE0, 0x2F, 0xEF, 0x6A, 0x51,
    0xF5, 0x1E, 0x2C, 0x7D, 0xDC, 0xC4, 0x90, 0x26, 0x05, 0xF7, 0x45, 0xBD, 0x07, 0xD9, 0xEE, 0x31,
    0x99, 0xC0, 0xB5, 0x0F, 0xDF, 0xCF, 0xF0, 0xFD, 0x1B, 0x1A, 0x54, 0x38, 0x13, 0x38, 0x6A, 0x90,
    0x01, 0x3A, 0xCA, 0x07, 0xA2, 0x09, 0xD5, 0x11, 0x9B, 0xDE, 0x35, 0x4C, 0xAB, 0x88, 0x9D, 0xA7,
    0x0C, 0xFB, 0x3D, 0xC8, 0x9F, 0x07, 0x02, 0x43, 0x39, 0xEF, 0x94, 0x13, 0xD8, 0xF0, 0xE4, 0xA1,
    0xF8, 0xA8, 0x43, 0xF1, 0xFC, 0x6E, 0xC0, 0x86, 0x2F, 0x4A, 0x29, 0x62, 0xD9, 0x9B, 0xC3, 0x3B,
    0x64, 0x54, 0x22, 0x21, 0xB1, 0x4B, 0x44, 0x11, 0x22, 0x1F, 0x5B, 0x65, 0x47, 0x89, 0xCD, 0x9F,
    0x0A, 0x3A, 0x9E, 0x78, 0x94, 0x16, 0xA1, 0x47, 0x91, 0x52, 0x28, 0x68, 0x27, 0x28, 0x72, 0xB4,
    0xF4, 0x0A, 0xC8, 0x98, 0xCB, 0xC5, 0x43, 0xE2, 0x51, 0x07, 0x15, 0x8D, 0x1F, 0x85, 0x26, 0xF3,
    0x69, 0x85, 0x47, 0xD7, 0x6E, 0x66, 0x3C, 0xC5, 0xD2, 0xC2, 0x15, 0xC6, 0xD0, 0xE8, 0xE8, 0x20,
    0x03, 0x53, 0xD0, 0xB3, 0x9D, 0xE0, 0xE4, 0xC1, 0x80, 0xB2, 0xAB, 0xCD, 0xC8, 0x40, 0xCA, 0x20,
    0x3E, 0x81, 0x4D, 0x33, 0xC7, 0x29, 0x4F, 0x84, 0x40, 0x35, 0x1B, 0xA9, 0x61, 0x30, 0xF0, 0xA0,
    0x4C, 0xDE, 0x67, 0xF6, 0x0C, 0xE3, 0x94, 0x6B, 0x76, 0x0D, 0xB0, 0x93, 0x2F, 0x62, 0x0A, 0x4B,
    0xF8, 0x84, 0x84, 0xB2, 0x6C, 0xDD, 0x9D, 0x27, 0xC4, 0x3A, 0x90, 0xB3, 0x6D, 0x11, 0xFB, 0x76,
    0x0A, 0x5B, 0x0C, 0x12, 0xAA, 0x63, 0x90, 0xE7, 0x96, 0x52, 0x5D, 0x36, 0x2C, 0xC6, 0x42, 0x56,
    0xB3, 0x00, 0x24, 0xA7, 0xB6, 0x98, 0xBD, 0x0C, 0x33, 0x58, 0x9F, 0xFF, 0x68, 0xF1, 0x4D, 0xC9,
    0x42, 0x84, 0x3B, 0x60, 0xC5, 0x5E, 0x80, 0x18, 0x4E, 0x80, 0x32, 0x63, 0x1F, 0x40, 0xC6, 0xEE,
    0x89, 0x82, 0xA2, 0x02, 0x03, 0x1B, 0x77, 0x2D, 0x2F, 0x88, 0x7A, 0xDF, 0x84, 0x5A, 0x1A, 0xFF,
    0x6B, 0xFB, 0x6B, 0x9D, 0xAE, 0x8A, 0xD6, 0x22, 0x50, 0x76, 0x17, 0x60, 0xF6, 0x32, 0x71, 0x02,
    0x4C, 0xB9, 0x9A, 0x65, 0x15, 0xF9, 0x19, 0x7A, 0xF7, 0xD7, 0x86, 0x07, 0x78, 0x0B, 0x95, 0x54,
    0x46, 0x37, 0xB4, 0xBD, 0x1A, 0xC0, 0xA4, 0x15, 0x32, 0x8D, 0xC2, 0x68, 0x11, 0x43, 0x98, 0xEC,
    0x16, 0x9A, 0x33, 0x9A, 0x50, 0xF7, 0x4C, 0x62, 0x17, 0x93, 0xA7, 0xB7, 0x9A, 0xCE, 0x99, 0x76,
    0x26, 0x9D, 0x62, 0xA2, 0x4E, 0x8F, 0xF2, 0xA7, 0xA3, 0xA0, 0xE3, 0x89, 0x47, 0x07, 0xC3, 0xD4,
    0x81, 0xEB, 0x56, 0xE2, 0x47, 0x95, 0xF0, 0xB5, 0xE1, 0x1B, 0xC3, 0xE6, 0xE0, 0x27, 0xCB, 0x10,
    0xE7, 0x68, 0xD5, 0xC7, 0x1A, 0xF2, 0x5B, 0xD0, 0x1B, 0x78, 0xC2, 0xC1, 0x20, 0x92, 0xC3, 0x40,
    0xF8, 0x48, 0x06, 0xBF, 0xB1, 0x64, 0x2E, 0xDA, 0x1E, 0x83, 0xBA, 0xE5, 0xD1, 0xD9, 0x2C, 0x34,
    0xDA, 0x6B, 0x0B, 0xCF, 0xAB, 0xDA, 0x27, 0xC2, 0x45, 0x39, 0xDA, 0x32, 0x1B, 0xDF, 0x77, 0x88,
    0x55, 0x31, 0xD7, 0xCC, 0x26, 0xE6, 0x96, 0x42, 0xA4, 0x46, 0xB2, 0xE7, 0x0F, 0xA1, 0xFC, 0xBD,
    0x1A, 0x19, 0x66, 0x94, 0x28, 0x00, 0x73, 0xEF, 0xDE, 0x1B, 0x04, 0x37, 0x2A, 0x3E, 0x14, 0xA6,
    0x02, 0x33, 0xB7, 0x4E, 0x08, 0x16, 0x3D, 0x73, 0x65, 0x09, 0x6E, 0xAD, 0xC8, 0xCC, 0xC4, 0x79,
    0x5B, 0xCD, 0xDF, 0x97, 0xEB, 0xCA, 0xFD, 0xF8, 0xB9, 0xC8, 0xF8, 0x23, 0x17, 0xA0, 0x1B, 0x20,
    0x44, 0x0F, 0x32, 0xBB, 0x15, 0xEF, 0x09, 0x88, 0x24, 0x5F, 0x7B, 0x4A, 0xBA, 0x7A, 0x83, 0x19,
    0xBB, 0x11, 0x42, 0x0A, 0x41, 0xC5, 0xB1, 0xBD, 0xEB, 0xDE, 0x20, 0xC1, 0x34, 0x25, 0x64, 0x57,
    0x21, 0x1C, 0x3C, 0x98, 0xE0, 0xBB, 0x62, 0x1E, 0xE1, 0xF8, 0x12, 0x4D, 0xF1, 0x75, 0x9A, 0xE8,
    0x00, 0xD3, 0xCD, 0xF4, 0x97, 0xD8, 0xB3, 0x0C, 0x44, 0x93, 0x0D, 0xF2, 0x8F, 0x8D, 0x34, 0x37,
    0xE9, 0xBA, 0x66, 0x6F, 0xE1, 0x48, 0xC6, 0xD2, 0x5F, 0x50, 0x78, 0x63, 0xA4, 0xE5, 0x7E, 0x2D,
    0x37, 0x6F, 0x2F, 0x27, 0x02, 0xFE, 0x2E, 0x4A, 0x80, 0x5A, 0x57, 0xB6, 0x95, 0x18, 0x57, 0x64,
    0x75, 0x75, 0x6C, 0xC5, 0x0B, 0x63, 0xDB, 0x2B, 0xEF, 0x88, 0xA0, 0xDD, 0x48, 0x3E, 0xA1, 0xF1,
    0xC7, 0x64, 0xBA, 0xE6, 0xE8, 0x3F, 0x9D, 0x74, 0x41, 0x4C, 0xE2, 0x9B, 0x28, 0xEC, 0xFB, 0x85,
    0x93, 0xE5, 0x34, 0x54, 0x4D, 0x31, 0xC0, 0x93, 0x47, 0x8B, 0x83, 0x8E, 0x4E, 0x3E, 0x11, 0x8D,
    0xEB, 0x31, 0xE3, 0xE3, 0x84, 0x23, 0x59, 0xEA, 0xCE, 0x28, 0xCA, 0x61, 0x56, 0x3A, 0x09, 0xB6,
    0x8D, 0x89, 0xCB, 0xD6, 0x14, 0x91, 0xB4, 0x64, 0x3C, 0x49, 0x5C, 0x1E, 0x02, 0x0E, 0x62, 0xFD,
    0xB5, 0x33, 0x28, 0xD0, 0xE2, 0x9C, 0x02, 0xED, 0xF1, 0xFA, 0x44, 0x89, 0xC5, 0x9D, 0x84, 0x32,
    0x44, 0xDD, 0xBC, 0x38, 0xE1, 0xB9, 0x0D, 0x77, 0x8E, 0x25, 0x8E, 0x50, 0xC6, 0x87, 0xC5, 0x91,
    0x6E, 0xFD, 0xAB, 0x53, 0x7C, 0x67, 0x45, 0xB1, 0x90, 0xAD, 0x91, 0x63, 0xEB, 0x8E, 0x01, 0xF0,
    0x90, 0xFE, 0xF4, 0xFE, 0x29, 0xF9, 0x1C, 0x95, 0xE9, 0x23, 0x5A, 0xC9, 0xEE, 0x43, 0x23, 0x76,
    0xB7, 0x3C, 0x83, 0x3E, 0x09, 0x1D, 0x57, 0x44, 0x29, 0xF3, 0x71, 0x45, 0xDE, 0xD2, 0x36, 0x18,
    0x71, 0xC4, 0xE0, 0x20, 0x14, 0xD9, 0x1A, 0xF3, 0x44, 0xC7, 0xFB, 0x1C, 0xF8, 0x64, 0x5E, 0xE9,
    0x8F, 0xFC, 0x10, 0x9D, 0xF2, 0x6F, 0x01, 0x6B, 0xFB, 0x01, 0x58, 0x76, 0x55, 0x66, 0x60, 0x0C,
    0x39, 0x80, 0xDD, 0x05, 0x66, 0x01, 0x02, 0x06, 0x2B, 0x94, 0x15, 0xA0, 0xA2, 0x60, 0x44, 0x20,
    0x9F, 0xC0, 0x86, 0x41, 0xCC, 0x1E, 0x77, 0x4A, 0x58, 0x60, 0x67, 0xBC, 0x03, 0x6B, 0xFB, 0xE0,
    0xB5, 0xCA, 0xD1, 0x28, 0x67, 0x4C, 0x30, 0x98, 0x14, 0x20, 0x3C, 0x32, 0x22, 0x8C, 0x14, 0x0F,
    0xC8, 0x1A, 0x88, 0x87, 0xA4, 0x45, 0x82, 0x04, 0x12, 0x05, 0xA2, 0x1E, 0x60, 0xD3, 0x21, 0x5B,
    0x20, 0xEC, 0x38, 0x57, 0xE0, 0xA6, 0xAC, 0x23, 0xC4, 0x25, 0xE8, 0x7D, 0x5A, 0xC3, 0x29, 0xDC,
    0xA1, 0x7D, 0x80, 0xE8, 0x79, 0xEE, 0x2C, 0xCB, 0x78, 0x24, 0xB2, 0x4C, 0x21, 0xD2, 0x33, 0x5A,
    0x2C, 0xEE, 0x95, 0x4E, 0xDE, 0x90, 0xFC, 0x85, 0x7C, 0x39, 0x23, 0xC5, 0x78, 0x72, 0x72, 0x62,
    0x38, 0xE5, 0x89, 0x8F, 0x78, 0x6B, 0x71, 0xC9, 0x25, 0x8E, 0x0F, 0x9D, 0x8A, 0x37, 0x90, 0x2B,
    0x2C, 0x78, 0xF5, 0xD1, 0x40, 0x93, 0x98, 0x78, 0x8D, 0xD6, 0x36, 0x67, 0x92, 0x07, 0x37, 0xC8,
    0x49, 0x48, 0x9E, 0xA1, 0x04, 0x7C, 0x28, 0xC6, 0xC5, 0x89, 0x2B, 0xC4, 0xEE, 0x34, 0x68, 0x06,
    0x5D, 0x40, 0xD4, 0xE3, 0x96, 0x02, 0x31, 0xE4, 0x26, 0xB4, 0x3F, 0x45, 0x9A, 0x84, 0x23, 0xEC,
    0x01, 0x13, 0xE8, 0x30, 0xA9, 0xCB, 0x29, 0x6D, 0xC3, 0x8E, 0xA7, 0xA2, 0x76, 0xAB, 0x86, 0xE3,
    0xEC, 0x0F, 0xDC, 0xEB, 0x95, 0xDE, 0x11, 0x5D, 0xFB, 0xB0, 0x7D, 0x83, 0x73, 0xDF, 0xB7, 0xF7,
    0x30, 0xDB, 0x8E, 0xAA, 0xB1, 0xCE, 0x38, 0x60, 0xDF, 0x40, 0x9C, 0x24, 0xB8, 0xB2, 0xE5, 0x3A,
    0x22, 0x2C, 0x23, 0xF0, 0x4A, 0xDB, 0x90, 0xB4, 0x25, 0x39, 0x45, 0x84, 0xD8, 0x91, 0x13, 0x9E,
    0x78, 0x93, 0x1B, 0xC3, 0x94, 0x96, 0x1B, 0x0D, 0x90, 0x1B, 0xCA, 0x3C, 0x81, 0x32, 0x55, 0x4A,
    0xFA, 0x3E, 0x81, 0xE0, 0xDB, 0xC8, 0x29, 0xE7, 0x9A, 0x93, 0x9A, 0xE4, 0x7C, 0x9B, 0x4D, 0xFF,
    0xDA, 0x2D, 0x5A, 0xB7, 0x3A, 0xBA, 0x84, 0x2B, 0x03, 0x90, 0x6A, 0x04, 0x27, 0x0C, 0x2D, 0x9A,
    0x84, 0xE6, 0x2A, 0x96, 0x43, 0x63, 0xD6, 0xEF, 0x72, 0x05, 0xC1, 0x10, 0x10, 0x73, 0x4B, 0x72,
    0xF6, 0xAF, 0x15, 0x83, 0xA5, 0xB0, 0x0D, 0xE5, 0x32, 0x93, 0x4B, 0x8F, 0x7C, 0x29, 0x6C, 0x89,
    0xBB, 0xEF, 0xBE, 0xF4, 0x0E, 0x9C, 0xB1, 0x6E, 0xF0, 0x7B, 0x77, 0xE3, 0x15, 0xC0, 0x18, 0x20,
    0xAD, 0x9D, 0x78, 0x54, 0x4E, 0x81, 0xFB, 0x64, 0x42, 0xFC, 0x3E, 0x63, 0x80, 0x10, 0x44, 0x13,
    0x32, 0x88, 0x19, 0x64, 0x0C, 0xEC, 0x8F, 0x09, 0xFC, 0xCD, 0x88, 0x13, 0xDC, 0x13, 0x03, 0x6C,
    0x19, 0xE4, 0x00, 0x23, 0x5F, 0xAC, 0xD3, 0x6B, 0x0A, 0x48, 0x69, 0x40, 0x46, 0x37, 0xEC, 0x5D,
    0xB1, 0x7C, 0x96, 0x8E, 0x5C, 0xBF, 0x2F, 0x10, 0x49, 0xF6, 0x94, 0x27, 0x82, 0x7C, 0xA5, 0x1A,
    0x00, 0x81, 0xEC, 0x09, 0xF6, 0x48, 0x68, 0x3F, 0xB4, 0x3E, 0xEC, 0x46, 0xF4, 0xD3, 0x5C, 0x10,
    0x97, 0xBE, 0xCC, 0xAF, 0x09, 0x2A, 0xCF, 0x58, 0x8F, 0x23, 0x02, 0x28, 0x48, 0x0F, 0x18, 0x59,
    0x10, 0x82, 0xB2, 0xF1, 0x2C, 0xFF, 0x0B, 0xCF, 0x82, 0x94, 0x09, 0x10, 0xF4, 0x8A, 0xA9, 0x79,
    0xC5, 0xA4, 0xBC, 0x62, 0x3A, 0x5E, 0x31, 0x11, 0xAF, 0x98, 0x82, 0x89, 0x80, 0xF9, 0x9B, 0xC5,
    0xC0, 0x27, 0x4C, 0x7C, 0x3A, 0x0A, 0x28, 0x40, 0xB2, 0x2B, 0xA5, 0xD7, 0x26, 0x44, 0xD2, 0xC8,
    0x64, 0x98, 0xDB, 0x52, 0x70, 0x89, 0x9E, 0x25, 0xE1, 0xD5, 0x41, 0x04, 0x5A, 0x58, 0x2F, 0xB5,
    0x14, 0xD4, 0x4E, 0x76, 0x7E, 0x60, 0x99, 0x9F, 0x21, 0x25, 0x7D, 0x07, 0x04, 0x02, 0x26, 0x80,
    0x95, 0x80, 0x11, 0x20, 0x14, 0x30, 0x00, 0x6C, 0x18, 0x44, 0x3D, 0x80, 0x53, 0x60, 0x1D, 0xF8,
    0x2A, 0xC5, 0x74, 0x29, 0x03, 0xAE, 0x41, 0x1A, 0x1E, 0x19, 0x5E, 0x23, 0x05, 0xE8, 0x53, 0x18,
    0xAE, 0xB0, 0xF9, 0xB3, 0x1E, 0x12, 0x7F, 0x7D, 0x26, 0x53, 0x8C, 0x74, 0xBE, 0x96, 0x4B, 0x3F,
    0x08, 0x8E, 0x80, 0x1B, 0xC8, 0x06, 0x9A, 0x66, 0x8A, 0x9B, 0x71, 0x16, 0x90, 0x64, 0x03, 0x39,
    0x76, 0x42, 0xB0, 0xDA, 0xA6, 0xFF, 0x9D, 0x60, 0xD6, 0x66, 0xFF, 0x89, 0x60, 0xDA, 0x15, 0xFF,
    0x84, 0x60, 0xDC, 0xDB, 0x18, 0x70, 0x1A, 0x01, 0x9D, 0x7E, 0x0B, 0xE8, 0x74, 0x4D, 0x40, 0xC7,
    0x78, 0x00, 0x0D, 0x26, 0xC6, 0xC1, 0xAA, 0x66, 0x98, 0x95, 0x80, 0xF9, 0xD7, 0x69, 0xF2, 0x29,
    0xC3, 0x26, 0x80, 0x43, 0x1D, 0x75, 0x28, 0x6E, 0xFA, 0xA1, 0xBE, 0xB9, 0xE7, 0x73, 0x17, 0x40,
    0x19, 0xD5, 0x0A, 0x00, 0x44, 0x41, 0x24, 0x79, 0x4A, 0xD2, 0x93, 0xAC, 0x78, 0xF3, 0x70, 0x20,
    0x52, 0x6F, 0x17, 0x3C, 0x38, 0xAF, 0x1E, 0x75, 0x9E, 0x00, 0xB2, 0x22, 0xF2, 0x14, 0x29, 0x9F,
    0x8E, 0x16, 0xF5, 0x59, 0x02, 0x70, 0x86, 0x2B, 0xAF, 0x7A, 0xF7, 0x17, 0xFB, 0x4E, 0xC1, 0xE1,
    0x43, 0xC9, 0xB2, 0xD9, 0xC2, 0xCD, 0xED, 0xD4, 0x7D, 0xA7, 0x4B, 0x10, 0xA5, 0x67, 0xC4, 0xC0,
    0x7B, 0x68, 0x1A, 0x7D, 0xC1, 0xB9, 0x39, 0xFB, 0xC7, 0x9E, 0x52, 0xE0, 0xE4, 0x28, 0x7A, 0x48,
    0x46, 0xF1, 0x02, 0x47, 0x8B, 0x5B, 0x66, 0xEB, 0x72, 0x7D, 0xBE, 0x57, 0xA7, 0x45, 0x74, 0xE6,
    0xCD, 0x33, 0x11, 0xB6, 0x78, 0xC8, 0x19, 0x74, 0x9C, 0x1D, 0x48, 0xAA, 0x0C, 0x85, 0x9F, 0x9F,
    0x29, 0x20, 0x39, 0x4F, 0x23, 0x15, 0x60, 0xF6, 0xC8, 0x5B, 0xDE, 0x33, 0xE8, 0xCC, 0x95, 0x9C,
    0x86, 0x6A, 0x6D, 0xB7, 0x15, 0x92, 0x48, 0xFF, 0xA7, 0x96, 0xE7, 0xA9, 0x96, 0x04, 0xD1, 0xF6,
    0x43, 0xCB, 0x25, 0x4A, 0x64, 0x2F, 0x62, 0x95, 0x01, 0x24, 0x9A, 0x9C, 0xF5, 0x18, 0x40, 0x4E,
    0x30, 0x7C, 0x3A, 0x00, 0x2B, 0x76, 0x86, 0x89, 0xFD, 0xB6, 0xC6, 0x5E, 0xB7, 0x32, 0x55, 0x46,
    0x0B, 0xB0, 0xEC, 0x03, 0x24, 0x72, 0x49, 0x08, 0xE5, 0x38, 0xE8, 0xC5, 0x5B, 0x7F, 0x66, 0x54,
    0xF4, 0x2B, 0xB8, 0x7A, 0x72, 0x72, 0x83, 0xCB, 0x5D, 0x5F, 0x35, 0x9C, 0x3E, 0x97, 0x72, 0xAE,
    0x18, 0x67, 0xBA, 0x50, 0x7A, 0x49, 0x31, 0x40, 0x27, 0x70, 0x03, 0x95, 0x10, 0x09, 0xC4, 0x0D,
    0x34, 0x90, 0x62, 0xEF, 0x20, 0x36, 0x93, 0x44, 0x61, 0x32, 0x56, 0x32, 0xB6, 0x28, 0x67, 0x3B,
    0xF9, 0x29, 0xCD, 0xFE, 0x18, 0x6A, 0xF5, 0x5D, 0x4F, 0x82, 0xCD, 0xFD, 0xE9, 0xCD, 0x5B, 0x3C,
    0x84, 0x63, 0x35, 0x47, 0xD7, 0x46, 0x39, 0xBA, 0xBB, 0x6E, 0x70, 0x0C, 0xF9, 0x38, 0x54, 0x25,
    0x1D, 0xB3, 0xDC, 0x1D, 0x3B, 0xB3, 0xA3, 0x78, 0x3C, 0xFE, 0x11, 0xBA, 0x5B, 0x82, 0x61, 0xE3,
    0x10, 0x49, 0x26, 0x2A, 0x5E, 0x93, 0xC2, 0x8F, 0xED, 0x44, 0x00, 0x12, 0x19, 0x32, 0x5A, 0xA6,
    0x23, 0x19, 0x30, 0x9C, 0x6C, 0x58, 0xD2, 0x24, 0x50, 0xC8, 0xCB, 0x99, 0x48, 0x31, 0x92, 0x3E,
    0xC8, 0xD6, 0xA0, 0x79, 0x4A, 0xE1, 0xD8, 0xC9, 0x33, 0x28, 0xD4, 0x65, 0x01, 0x53, 0xBC, 0xA6,
    0xE8, 0x95, 0x53, 0x72, 0x89, 0x4F, 0x07, 0xF6, 0x7F, 0x80, 0xC8, 0xED, 0xDF, 0x71, 0xBA, 0xCE,
    0xFF, 0x93, 0x38, 0x8A, 0x84, 0x69, 0xA4, 0x20, 0xA9, 0x5D, 0x00, 0xCE, 0x07, 0x57, 0xC7, 0x9C,
    0x38, 0xE9, 0x11, 0x6E, 0x7B, 0x01, 0x37, 0x35, 0xBF, 0x4B, 0xC9, 0x90, 0xEE, 0x1A, 0x3F, 0x94,
    0xD2, 0x63, 0x29, 0x38, 0xE2, 0xEB, 0x4B, 0x7C, 0x85, 0xAF, 0x11, 0xDD, 0x57, 0xE1, 0x78, 0xE5,
    0xC6, 0x4E, 0xE9, 0x4B, 0x26, 0xB0, 0x10, 0x78, 0xAA, 0xF1, 0xB7, 0xEA, 0xC9, 0xE0, 0x29, 0x7B,
    0x33, 0x36, 0xD6, 0x97, 0xCE, 0xD1, 0xA8, 0x06, 0x52, 0xAF, 0xE6, 0xC4, 0x4E, 0xE5, 0x56, 0x53,
    0xE9, 0x68, 0xBC, 0xEA, 0x90, 0x5A, 0xE0, 0xCE, 0xA3, 0xD4, 0x03, 0xC7, 0xE5, 0xBB, 0x15, 0x05,
    0xBD, 0x1C, 0x0C, 0x60, 0xD2, 0xB8, 0xEB, 0x79, 0xD8, 0xED, 0x41, 0xFF, 0x77, 0x39, 0xCF, 0x4D,
    0x12, 0xAE, 0xE3, 0x78, 0x94, 0xBB, 0x2E, 0x58, 0x4B, 0x5B, 0x11, 0xC7, 0x21, 0xFA, 0xFA, 0x48,
    0x59, 0x19, 0x0D, 0x4E, 0x22, 0x0B, 0x85, 0xF2, 0x05, 0xEF, 0x7C, 0x9C, 0xF7, 0x8B, 0x24, 0x3C,
    0x20, 0x26, 0x81, 0x87, 0xBC, 0x68, 0xDC, 0xE5, 0xBF, 0x69, 0x61, 0xC5, 0xFC, 0x3E, 0xF4, 0x39,
    0x72, 0x23, 0xE4, 0xE4, 0x9A, 0x20, 0x6A, 0x20, 0x4B, 0x12, 0xBC, 0xF5, 0xF7, 0x39, 0xC1, 0xE2,
    0x17, 0x1C, 0x30, 0xFD, 0x70, 0x58, 0x04, 0x2E, 0x33, 0x0D, 0x58, 0xE7, 0x8B, 0xFA, 0xB5, 0x4C,
    0x72, 0x42, 0x31, 0x93, 0xA1, 0xC5, 0xBA, 0x8A, 0x26, 0x38, 0x7F, 0x53, 0x4E, 0xF6, 0xA2, 0x82,
    0xE7, 0x16, 0xFA, 0x21, 0xFC, 0x6A, 0xFD, 0x06, 0xF2, 0x92, 0x22, 0x5E, 0x0A, 0x32, 0xE6, 0x5D,
    0x85, 0x02, 0x0A, 0xFB, 0xB5, 0x11, 0x9C, 0x0C, 0x60, 0xA7, 0x19, 0x6C, 0xA6, 0x67, 0x07, 0x48,
    0x44, 0x9D, 0xA5, 0x76, 0xCE, 0x50, 0xF7, 0x80, 0x03, 0x92, 0xE3, 0x0E, 0x18, 0xA4, 0x90, 0x82,
    0x49, 0x54, 0x52, 0x68, 0x39, 0x7E, 0x19, 0xCA, 0x7C, 0xDC, 0x74, 0xEF, 0xE0, 0x26, 0xC3, 0xF1,
    0x60, 0x1B, 0x03, 0xB8, 0x01, 0xA1, 0x2C, 0xA2, 0x36, 0x80, 0x78, 0x6F, 0x0C, 0x72, 0x0C, 0x8E,
    0x02, 0xE4, 0xCD, 0x06, 0x9C, 0x4A, 0xEB, 0x34, 0xAE, 0xD7, 0xB4, 0xA6, 0x92, 0x05, 0x10, 0x81,
    0xB5, 0x24, 0xF1, 0x5E, 0xB9, 0xF1, 0x10, 0x1E, 0x1A, 0xD8, 0xFB, 0x42, 0x01, 0xE2, 0x09, 0xD9,
    0x72, 0x69, 0xB9, 0xE3, 0x15, 0xA3, 0x63, 0x1E, 0x29, 0x14, 0xAA, 0x91, 0xF9, 0x87, 0xC3, 0x06,
    0x30, 0x14, 0x58, 0xEF, 0x1B, 0x55, 0xC0, 0x9C, 0xD5, 0x5B, 0x87, 0xD0, 0xC8, 0x3E, 0x7B, 0xEC,
    0xC1, 0xBB, 0xF4, 0x6F, 0xCB, 0x5E, 0xBC, 0xDD, 0x90, 0xCC, 0x02, 0xFB, 0x3C, 0xBF, 0xDB, 0x6F,
    0xE6, 0x77, 0x9B, 0x43, 0x22, 0x73, 0x40, 0xA4, 0xF6, 0x41, 0x8F, 0xDA, 0x87, 0x39, 0xEA, 0xC3,
    0xE0, 0xC7, 0x02, 0xF3, 0x2E, 0xB8, 0xEA, 0x48, 0xD0, 0xE3, 0x65, 0x75, 0xB4, 0x2E, 0xF2, 0x6F,
    0x9A, 0xD9, 0xBD, 0x8C, 0x1C, 0x3D, 0xE3, 0x44, 0x18, 0x40, 0xBE, 0x04, 0x19, 0x14, 0x5D, 0x26,
    0xAD, 0x49, 0xCC, 0x54, 0xE2, 0xA5, 0xEC, 0x5B, 0x2B, 0x7A, 0x4E, 0x04, 0xEB, 0x03, 0x06, 0x30,
    0x0D, 0x17, 0x00, 0x1F, 0x22, 0x58, 0x5F, 0x8D, 0xA7, 0xD2, 0xF4, 0x80, 0x2A, 0x15, 0xD8, 0xDA,
    0xCE, 0x16, 0x4E, 0x15, 0xCE, 0x54, 0x8C, 0x99, 0x2D, 0x00, 0x69, 0x0B, 0xA9, 0x46, 0x05, 0x6B,
    0x40, 0x9E, 0x1A, 0x27, 0x72, 0x67, 0xA3, 0x79, 0x28, 0x42, 0xA7, 0x09, 0xD2, 0x29, 0x32, 0xCA,
    0xCA, 0xAF, 0xAC, 0x7C, 0x39, 0x86, 0x3B, 0x04, 0xD6, 0x47, 0xC9, 0x48, 0x78, 0x80, 0xF8, 0x3F,
    0x45, 0xF2, 0xE5, 0x7B, 0xEE, 0xF4, 0x62, 0x22, 0x4D, 0x0C, 0x19, 0x54, 0xB0, 0x67, 0x5B, 0x79,
    0xE6, 0x29, 0xD7, 0xB4, 0x83, 0xF9, 0x75, 0x64, 0x3D, 0xE2, 0x45, 0xA4, 0x3B, 0xCE, 0x4A, 0x2C,
    0xFB, 0xC3, 0x23, 0x7D, 0x69, 0x65, 0x35, 0xC5, 0x7D, 0xE2, 0xA7, 0xCD, 0x71, 0xF7, 0x12, 0x4F,
    0x55, 0x1F, 0x1C, 0x4B, 0x7E, 0x36, 0x7E, 0xB0, 0xD4, 0x3B, 0xAA, 0xE0, 0xCF, 0x9F, 0x3C, 0x41,
    0x04, 0x27, 0xEC, 0xC5, 0x1F, 0x59, 0x14, 0xF2, 0x2C, 0x90, 0xCF, 0x88, 0x62, 0x2B, 0x19, 0xD8,
    0x74, 0x0A, 0x27, 0xC2, 0x0B, 0xD2, 0xA9, 0x40, 0x3A, 0x94, 0x10, 0xE3, 0x4F, 0x30, 0x5F, 0x7C,
    0xE4, 0xB2, 0xF3, 0xF5, 0x5F, 0xBE, 0xA1, 0xFE, 0xC1, 0x00, 0xDF, 0x4C, 0xC8, 0x3F, 0x68, 0x0A,
    0xE4, 0x68, 0xC0, 0xD4, 0x37, 0xB0, 0xF5, 0xA5, 0x2E, 0x23, 0x85, 0xEF, 0x77, 0xC3, 0x2C, 0xEC,
    0xA5, 0x9F, 0x78, 0x89, 0x7F, 0x82, 0x21, 0x32, 0x28, 0x5A, 0x2F, 0xD8, 0x85, 0x36, 0xC2, 0xF8,
    0x24, 0xA2, 0xC8, 0x23, 0xA9, 0x93, 0xA7, 0xD7, 0x24, 0x23, 0x87, 0x1C, 0x73, 0xF4, 0xD6, 0x21,
    0xD9, 0xA3, 0x34, 0x2F, 0x2B, 0xCA, 0x01, 0xA1, 0x49, 0x0C, 0x14, 0x31, 0x9C, 0xD1, 0x48, 0xBA,
    0xE9, 0x51, 0xE4, 0xC1, 0x6D, 0xF9, 0x0E, 0x7F, 0x99, 0xCF, 0x2A, 0xE1, 0xF8, 0x83, 0x21, 0x0A,
    0x24, 0x82, 0x07, 0x10, 0xB7, 0xE8, 0xE0, 0x55, 0x24, 0xDF, 0x6F, 0xA5, 0x56, 0x8A, 0x58, 0xA6,
    0x99, 0xF8, 0xC3, 0x91, 0x39, 0xCB, 0xAF, 0x03, 0x37, 0x25, 0x12, 0x06, 0x45, 0xDD, 0xF0, 0xC9,
    0x74, 0x95, 0xFD, 0x11, 0x32, 0xCB, 0x3A, 0x5E, 0xFC, 0x8D, 0x70, 0x83, 0xC5, 0x6F, 0x01, 0xDD,
    0x84, 0x7C, 0x37, 0x63, 0xC8, 0xC4, 0xF2, 0x11, 0x7B, 0xB7, 0x2D, 0xE7, 0x9C, 0x08, 0xB8, 0x0B,
    0xA7, 0x83, 0xC5, 0x57, 0x28, 0xC5, 0x9C, 0x1C, 0xD6, 0x03, 0x40, 0xD5, 0xF3, 0xC5, 0xDC, 0x55,
    0xEE, 0x10, 0xD3, 0x4B, 0x51, 0x54, 0x51, 0xD3, 0xE8, 0x66, 0x18, 0xCE, 0xBD, 0xA6, 0x02, 0x21,
    0x8B, 0xF3, 0x5A, 0xB2, 0xF0, 0x7D, 0xBA, 0x4E, 0xC2, 0x55, 0x4C, 0x60, 0x24, 0xC2, 0x6C, 0xD8,
    0x5B, 0x15, 0xD5, 0xCB, 0x4A, 0xF0, 0x45, 0x19, 0xDB, 0xE5, 0xF2, 0xD7, 0x15, 0x65, 0xE2, 0x70,
    0xDB, 0x14, 0x10, 0xAB, 0x15, 0x29, 0x7A, 0x0D, 0x59, 0xF3, 0x8E, 0xAB, 0xBA, 0x67, 0xFB, 0x86,
    0xB9, 0x56, 0x1E, 0x75, 0xCC, 0x5C, 0xB2, 0xB7, 0x08, 0x6E, 0x70, 0x08, 0xA5, 0x67, 0x71, 0xDE,
    0x2F, 0xD4, 0xE6, 0x53, 0xC9, 0x9A, 0xDA, 0x01, 0x8B, 0xB2, 0x27, 0x07, 0xAE, 0xDA, 0xFB, 0x58,
    0xEC, 0xFA, 0x15, 0xAF, 0x22, 0xDC, 0x00, 0x40, 0xE7, 0x00, 0xFB, 0x7F, 0xF5, 0x35, 0xD9, 0x74,
    0x13, 0x93, 0xF7, 0xAE, 0xA4, 0x44, 0x22, 0xAB, 0xAE, 0xC7, 0x23, 0x5B, 0xAE, 0x14, 0x84, 0x41,
    0x54, 0x1A, 0xCB, 0xB5, 0x81, 0x8F, 0x0B, 0xF2, 0x80, 0x81, 0x23, 0xE4, 0x32, 0xC1, 0xA2, 0xA9,
    0x19, 0x94, 0x9A, 0x4E, 0x29, 0x65, 0xA8, 0xAC, 0x66, 0x49, 0x75, 0xAA, 0xB4, 0x08, 0x61, 0x46,
    0x8A, 0xC8, 0x36, 0xAD, 0x84, 0x12, 0x80, 0x2B, 0xE8, 0xE4, 0x1B, 0xD3, 0x92, 0x1C, 0x1B, 0xA9,
    0x3F, 0xF3, 0x05, 0xF5, 0xAC, 0xBB, 0x71, 0x51, 0x2E, 0x17, 0x55, 0x71, 0xCA, 0x1E, 0x4B, 0xC9,
    0x3F, 0x7D, 0x48, 0xFD, 0xC8, 0xA5, 0x70, 0xEE, 0x9B, 0xAB, 0xAF, 0x32, 0x51, 0x36, 0x5A, 0xB2,
    0x88, 0x67, 0x70, 0x0B, 0xFC, 0x94, 0x78, 0x63, 0x1E, 0xDA, 0x3C, 0x26, 0xEA, 0xA1, 0x14, 0x34,
    0xD3, 0x2D, 0xE3, 0x49, 0x12, 0x86, 0xDE, 0x3B, 0xCE, 0x16, 0xE9, 0x38, 0x8F, 0x3C, 0xA7, 0xA5,
    0x92, 0x73, 0xE8, 0xF5, 0x05, 0x51, 0x5A, 0x23, 0x61, 0x18, 0x26, 0xCA, 0xE0, 0xCD, 0xB7, 0x20,
    0x41, 0x70, 0xE5, 0x91, 0xD9, 0x11, 0xD2, 0x36, 0xD3, 0xD1, 0xF1, 0x08, 0x67, 0x49, 0x14, 0xB5,
    0x5B, 0x6F, 0x59, 0x49, 0xF1, 0xA9, 0xBC, 0xE0, 0xF2, 0x2F, 0x3E, 0x79, 0x8B, 0xBC, 0x7B, 0xC8,
    0x32, 0x91, 0x83, 0xE4, 0xA7, 0x7C, 0x99, 0x5C, 0xA4, 0x15, 0x05, 0x1F, 0xE9, 0x46, 0x5B, 0x72,
    0xAA, 0xD5, 0xC4, 0x6A, 0x4B, 0x2B, 0x45, 0xC0, 0x83, 0xDC, 0x18, 0x8B, 0xE1, 0x4A, 0x3E, 0x67,
    0x7C, 0xFA, 0xFF, 0x83, 0x4E, 0xE9, 0xE2, 0xE7, 0x1F, 0x98, 0xB5, 0xE5, 0xB2, 0x89, 0x0C, 0x57,
    0xF8, 0xF8, 0x0D, 0x86, 0x9C, 0xC6, 0x4E, 0x24, 0x4B, 0x99, 0x7B, 0xE4, 0x20, 0x6B, 0xD3, 0x6D,
    0xD4, 0x55, 0xCE, 0x16, 0xA4, 0xE4, 0x4A, 0xFA, 0x5F, 0xB5, 0x69, 0x7F, 0x2D, 0x5F, 0x9F, 0x7D,
    0x5A, 0xF7, 0x77, 0xB4, 0xC0, 0x5A, 0x20, 0x29, 0xB2, 0x11, 0x02, 0x78, 0xAD, 0x61, 0xA5, 0x76,
    0x9F, 0x9F, 0x51, 0xA2, 0xF2, 0xD6, 0xCD, 0xDE, 0x96, 0x06, 0x3A, 0xE0, 0x48, 0xE4, 0xD3, 0xF8,
    0xCF, 0xED, 0xCD, 0x36, 0xD2, 0x6F, 0x24, 0xC1, 0x74, 0x22, 0xC6, 0x9D, 0x42, 0x0E, 0xC2, 0xB3,
    0x6C, 0xA2, 0x3B, 0xC6, 0xD7, 0x32, 0xCF, 0x89, 0x34, 0x1A, 0x03, 0x26, 0xD9, 0x78, 0x57, 0xB9,
    0x51, 0x20, 0x4E, 0x72, 0x45, 0x82, 0x43, 0x84, 0x5C, 0x91, 0x70, 0x27, 0x03, 0x81, 0xBB, 0x56,
    0xC8, 0x92, 0x90, 0x7B, 0xC4, 0xA3, 0xC2, 0x21, 0x60, 0x51, 0xBE, 0x21, 0x84, 0x22, 0x97, 0x51,
    0x2F, 0x48, 0xEC, 0xCC, 0x76, 0xD2, 0x8E, 0xBE, 0x9A, 0xB5, 0xF8, 0x24, 0xCF, 0x48, 0x8B, 0x70,
    0x5F, 0x26, 0x2F, 0xEE, 0xCA, 0xFE, 0x6F, 0x04, 0xD7, 0xCB, 0x44, 0x9C, 0x64, 0x92, 0x75, 0x90,
    0xA1, 0xE8, 0xDF, 0xB1, 0x95, 0xF5, 0x22, 0xCE, 0xB7, 0xD2, 0xFE, 0x5F, 0xA1, 0x20, 0x53, 0x28,
    0x95, 0x32, 0x2D, 0x17, 0x2C, 0x89, 0x8B, 0xEE, 0xD1, 0x88, 0x2F, 0x5D, 0x64, 0x9F, 0xA1, 0xE8,
    0xFB, 0x8C, 0xFC, 0x11, 0xE9, 0x1E, 0xCE, 0x28, 0x9D, 0xA0, 0x84, 0xE0, 0x2C, 0x78, 0x20, 0xA0,
    0x57, 0x1D, 0x20, 0xFE, 0x4F, 0xFC, 0xE5, 0x6C, 0xFA, 0x6D, 0xC8, 0xFC, 0x95, 0x9A, 0x12, 0xA1,
    0x16, 0xCA, 0x87, 0x7B, 0xC5, 0xD9, 0xCF, 0x48, 0xB4, 0xBC, 0x2A, 0xA2, 0x85, 0x54, 0x98, 0x7B,
    0x56, 0xFD, 0x80, 0x22, 0x5A, 0xA6, 0xA5, 0x68, 0xC9, 0x58, 0xB4, 0xA4, 0x0C, 0x92, 0x8F, 0x0F,
    0x02, 0x5C, 0xE5, 0x8C, 0x24, 0x03, 0x67, 0x78, 0xFE, 0x8C, 0xC1, 0x0F, 0x76, 0xF2, 0x22, 0x37,
    0xD2, 0x63, 0xAA, 0x31, 0xB3, 0xAA, 0xA3, 0xAC, 0x03, 0x71, 0x2C, 0x55, 0x73, 0xB4, 0xA6, 0x76,
    0xD8, 0xE9, 0xCD, 0x92, 0x1F, 0x95, 0x0F, 0x9F, 0x8B, 0x48, 0x89, 0xFE, 0xFC, 0x0E, 0x83, 0xEF,
    0x2F, 0x8D, 0xC5, 0x40, 0x4A, 0x29, 0xC5, 0x56, 0x91, 0x54, 0xED, 0x68, 0xDA, 0x49, 0xB1, 0x7D,
    0x85, 0xC1, 0x0B, 0xE6, 0xF3, 0x17, 0xCD, 0x0A, 0x72, 0xC7, 0x8D, 0xD1, 0x6C, 0xC3, 0x72, 0xF3,
    0x0D, 0x54, 0x24, 0xF5, 0x2B, 0xAE, 0xFA, 0x0B, 0xB9, 0x2E, 0xE9, 0x36, 0xAF, 0x4B, 0x25, 0xFE,
    0xB3, 0x8B, 0x95, 0x81, 0x2F, 0xB4, 0xEB, 0xF5, 0x12, 0x38, 0xE2, 0xD8, 0x9A, 0xE6, 0x87, 0x98,
    0x01, 0x46, 0x6B, 0x7E, 0xBF, 0x79, 0x89, 0x32, 0x58, 0x31, 0xB5, 0xAE, 0xA4, 0xFE, 0x5D, 0xD6,
    0xFC, 0xB0, 0xD7, 0xCC, 0x61, 0x59, 0x4B, 0x1C, 0x8B, 0x73, 0xCF, 0xD9, 0x9B, 0x67, 0x66, 0x4E,
    0x6F, 0x51, 0x28, 0x91, 0x1D, 0x81, 0x83, 0xFF, 0xBD, 0x52, 0xE8, 0x94, 0x1E, 0xD4, 0x80, 0x96,
    0x0C, 0x0B, 0x40, 0x37, 0x4E, 0x39, 0xC1, 0xD6, 0x24, 0x74, 0x9D, 0x68, 0xBB, 0x73, 0xDD, 0xF3,
    0x1B, 0xFA, 0x00, 0xB9, 0xC0, 0x4E, 0x20, 0x37, 0x1D, 0xFD, 0x57, 0xD2, 0xA4, 0x51, 0x3B, 0x8D,
    0x6A, 0x37, 0x51, 0x2E, 0xF7, 0x3D, 0x02, 0x37, 0xF2, 0x77, 0xE9, 0x43, 0xCA, 0x55, 0x0C, 0x9C,
    0x9E, 0xC8, 0xAA, 0x5B, 0x3F, 0xD7, 0x64, 0xD0, 0x6D, 0x7E, 0xBD, 0x24, 0xE5, 0xD7, 0x6E, 0x2E,
    0x8A, 0x8F, 0x2A, 0x06, 0xA2, 0x6C, 0x5E, 0xD3, 0x3A, 0x95, 0x43, 0x50, 0x70, 0x96, 0x49, 0xB5,
    0x18, 0x0D, 0xF7, 0xDB, 0x07, 0xCE, 0x98, 0x76, 0xC0, 0x7D, 0x25, 0x62, 0xB0, 0x71, 0xD2, 0x90,
    0xC1, 0xCB, 0xFB, 0x57, 0x91, 0xE8, 0x0F, 0xBF, 0xBC, 0xBC, 0x3B, 0x1C, 0x1B, 0xF4, 0x15, 0xCE,
    0xB7, 0x12, 0xF3, 0x77, 0x0F, 0x6C, 0xD8, 0x34, 0x26, 0xDD, 0x22, 0x9D, 0xEB, 0xD2, 0x58, 0x1A,
    0x2F, 0x95, 0xFF, 0xC7, 0xAF, 0x5F, 0xDC, 0xEC, 0xD7, 0x2F, 0x66, 0x92, 0x89, 0x96, 0x58, 0xEE,
    0x09, 0x8A, 0xFA, 0x45, 0x10, 0x0F, 0xD7, 0x2F, 0xEE, 0xD4, 0x2D, 0x9E, 0x9F, 0x9F, 0xBF, 0x0B,
    0x95, 0x0C, 0x17, 0x56, 0x58, 0xF8, 0xDF, 0xF7, 0xEB, 0x17, 0xB9, 0x00, 0x49, 0xEA, 0x18, 0x17,
    0xF5, 0x8B, 0x98, 0x9C, 0x63, 0xF5, 0x8B, 0xE5, 0xE6, 0xA2, 0xFA, 0x45, 0x2D, 0xB5, 0xC6, 0xD2,
    0x5D, 0xDF, 0xBE, 0xE5, 0x03, 0x62, 0xC7, 0x22, 0xA4, 0x94, 0xB9, 0x14, 0x51, 0x6C, 0xB4, 0x89,
    0x61, 0xA3, 0x90, 0x11, 0x44, 0x8A, 0x2B, 0xCA, 0x9E, 0x28, 0x40, 0xDD, 0x17, 0xD3, 0xF9, 0x79,
    0x35, 0xE0, 0xC9, 0xF5, 0x48, 0x9F, 0xA0, 0x41, 0x50, 0x81, 0x63, 0xC5, 0x59, 0x5B, 0x78, 0x1B,
    0x92, 0x41, 0x25, 0x4A, 0x5F, 0xBA, 0xE4, 0xE2, 0x08, 0xA9, 0xAC, 0xBA, 0x5E, 0x4A, 0x14, 0x38,
    0x3E, 0x8E, 0xA4, 0x36, 0xD4, 0xA9, 0x93, 0xE1, 0x50, 0xC2, 0x5D, 0x12, 0x21, 0xD1, 0x6B, 0x94,
    0x62, 0x2B, 0x9A, 0xD6, 0xC4, 0xBE, 0x88, 0xEC, 0x51, 0x16, 0x45, 0x34, 0x60, 0xE8, 0x39, 0x42,
    0xE6, 0x49, 0xD1, 0x81, 0x66, 0x6B, 0x16, 0xD7, 0x31, 0xB2, 0xB5, 0x78, 0x7E, 0x58, 0x72, 0xC3,
    0x1D, 0xC4, 0x48, 0xC7, 0x85, 0x23, 0x81, 0xD5, 0x2E, 0x02, 0x54, 0x1C, 0x24, 0xA9, 0xB4, 0xD1,
    0x28, 0x06, 0xA7, 0xF8, 0xF2, 0x53, 0x2B, 0x48, 0x62, 0xA5, 0x9F, 0x5D, 0x6C, 0x59, 0x21, 0xA0,
    0xC7, 0x93, 0x0E, 0x4A, 0xDA, 0x5C, 0x69, 0xA5, 0xCE, 0xD8, 0xC0, 0x7B, 0x7B, 0xB4, 0x9C, 0x88,
    0x13, 0x2D, 0x77, 0x3A, 0xF9, 0xA6, 0xE3, 0x31, 0x95, 0x01, 0xED, 0xC5, 0x52, 0xC8, 0x11, 0x53,
    0x51, 0xA2, 0x14, 0xA9, 0xE7, 0x11, 0xDB, 0x53, 0x01, 0x04, 0xC8, 0xC4, 0x69, 0x8E, 0x7F, 0x8A,
    0xDC, 0x22, 0xB8, 0x46, 0x91, 0x4D, 0xEB, 0xC8, 0x30, 0xEB, 0x58, 0x8E, 0xB4, 0xC8, 0xFD, 0x29,
    0xB6, 0x20, 0x27, 0xF6, 0x09, 0x6D, 0xD1, 0x80, 0xD3, 0xC9, 0x11, 0xB3, 0x94, 0x23, 0xE3, 0x8E,
    0x1C, 0xE9, 0x76, 0x6A, 0x0E, 0x9B, 0x43, 0x39, 0xA2, 0x7D, 0xAB, 0x4A, 0xE1, 0x9F, 0xD9, 0x56,
    0xCA, 0xD9, 0xB2, 0x46, 0x46, 0x32, 0xEB, 0x64, 0x24, 0x53, 0x5B, 0x69, 0xBF, 0x6F, 0xD1, 0x02,
    0x3D, 0x3B, 0xFD, 0xB2, 0x31, 0xC3, 0x61, 0x63, 0x86, 0x46, 0xDF, 0xB4, 0x55, 0x64, 0xBB, 0x57,
    0xD5, 0xB0, 0x51, 0x8A, 0xF2, 0xDD, 0xBE, 0xE2, 0x71, 0xBF, 0x8F, 0x58, 0xAA, 0xB6, 0x6E, 0xAA,
    0x2D, 0x30, 0xB2, 0x9D, 0x26, 0x80, 0x92, 0xA3, 0xD4, 0xC1, 0xEF, 0x4F, 0xDD, 0x50, 0x4B, 0xEE,
    0x1A, 0x43, 0x1E, 0xE7, 0x29, 0x64, 0xF6, 0xA3, 0x39, 0x4A, 0x42, 0x13, 0xDB, 0x0B, 0xA7, 0x88,
    0x34, 0xA9, 0xAE, 0x62, 0x4D, 0xAA, 0xB2, 0x23, 0x35, 0x03, 0xB8, 0xCE, 0xCA, 0x16, 0x39, 0xF1,
    0x91, 0x8B, 0xB0, 0x65, 0xAD, 0x6E, 0xCB, 0x5A, 0xDD, 0x96, 0xB5, 0xBA, 0x6D, 0xC2, 0xA0, 0x00,
    0xF8, 0xCF, 0xF6, 0x94, 0xC0, 0x7F, 0x1D, 0x71, 0xC2, 0x87, 0x5D, 0xCA, 0x5A, 0x1D, 0x03, 0xBE,
    0xCA, 0xB0, 0x93, 0xDF, 0x80, 0x4B, 0x87, 0xB8, 0xD1, 0x59, 0x06, 0x65, 0x72, 0xE0, 0x87, 0x70,
    0x80, 0xE2, 0xF2, 0x42, 0x99, 0x3C, 0x24, 0x85, 0xB4, 0x9A, 0x94, 0x0E, 0xD9, 0xF5, 0x32, 0x10,
    0x22, 0xC3, 0x28, 0x83, 0xF8, 0xC7, 0x4F, 0x9E, 0x9B, 0x5F, 0x59, 0xCD, 0xE3, 0x5D, 0x80, 0xCB,
    0x98, 0x9B, 0xFF, 0xDA, 0xBF, 0xF5, 0xEB, 0xBA, 0x5A, 0x1C, 0x45, 0x96, 0x1F, 0x1C, 0x7D, 0xE3,
    0xAB, 0x49, 0x71, 0x73, 0xC1, 0x37, 0xF5, 0x88, 0xB7, 0xB2, 0xB3, 0x64, 0x31, 0xD4, 0xE7, 0xA6,
    0x86, 0x7C, 0xE6, 0x74, 0x59, 0xA7, 0xD7, 0x93, 0x79, 0xED, 0x8F, 0x9C, 0x46, 0x1B, 0x92, 0x4B,
    0xE7, 0xDE, 0x29, 0xD2, 0xA4, 0xC4, 0x85, 0xD6, 0x6B, 0xD0, 0x48, 0xBB, 0x9F, 0x3D, 0xD5, 0x5A,
    0xF3, 0xDF, 0xE1, 0xBF, 0x7D, 0x9F, 0x6B, 0xCD, 0x33, 0x3E, 0x3D, 0xD1, 0x7E, 0x6E, 0x3B, 0xB5,
    0xE6, 0x52, 0x08, 0x50, 0x71, 0xAD, 0x79, 0x5A, 0x32, 0xE7, 0xC8, 0x3F, 0x71, 0xAD, 0xF9, 0xA7,
    0x91, 0x83, 0xF3, 0x02, 0x47, 0x2D, 0xFE, 0x05, 0xE7, 0xE0, 0x64, 0x9C, 0x83, 0x93, 0x56, 0xC8,
    0xC1, 0x89, 0x59, 0xC1, 0x39, 0x9E, 0x83, 0x63, 0x59, 0x0B, 0xA3, 0xB7, 0xA5, 0x8B, 0xD5, 0x00,
    0x1B, 0xFE, 0x2D, 0x78, 0xB2, 0x1C, 0x1C, 0x63, 0x5E, 0xE4, 0xD8, 0xC1, 0x96, 0x1B, 0x09, 0x2E,
    0x22, 0x08, 0x9C, 0x7F, 0xC0, 0xEA, 0xD0, 0xF2, 0xD8, 0x5C, 0x97, 0x6C, 0xBD, 0xD1, 0x5C, 0x2D,
    0x9F, 0x45, 0x5F, 0xB7, 0x4F, 0xDA, 0xFB, 0x8D, 0x5E, 0x68, 0xD5, 0xA9, 0xF5, 0x8F, 0x03, 0x62,
    0xFC, 0xD1, 0x90, 0xA9, 0x7E, 0xC4, 0x07, 0x64, 0xE6, 0xAF, 0x38, 0xF5, 0xF5, 0x13, 0x1F, 0xEE,
    0xE7, 0xEC, 0xF6, 0x2D, 0xFC, 0xE1, 0x59, 0xF4, 0xCE, 0xAB, 0x40, 0x04, 0x95, 0x2F, 0xDA, 0x2E,
    0x9F, 0xF2, 0xF8, 0x3D, 0xC4, 0x57, 0xBE, 0x5A, 0x1C, 0x03, 0x4E, 0xF6, 0x63, 0x7E, 0x3F, 0x88,
    0xEF, 0xDB, 0x6A, 0x10, 0xC2, 0x1F, 0x9F, 0xC8, 0x57, 0xDE, 0x99, 0xE5, 0xB0, 0xC9, 0xC0, 0x0D,
    0x7B, 0xE0, 0xBA, 0x18, 0x45, 0xEE, 0x25, 0xDE, 0x60, 0x10, 0x0B, 0x60, 0x55, 0x23, 0xE2, 0x66,
    0x29, 0x9B, 0xED, 0x85, 0x45, 0x58, 0xD5, 0xA2, 0x1A, 0x50, 0x5C, 0x99, 0x92, 0x77, 0x5A, 0x4D,
    0x3F, 0xB4, 0x5C, 0x4C, 0x43, 0xF6, 0x32, 0x2A, 0x83, 0xB8, 0x75, 0x90, 0x00, 0x2E, 0xCA, 0x21,
    0x75, 0x6E, 0x01, 0x32, 0x05, 0xD0, 0x15, 0xB2, 0x91, 0x23, 0x89, 0x43, 0xE1, 0x41, 0xBB, 0xEB,
    0x5E, 0x5B, 0xED, 0x18, 0xFE, 0xDC, 0xF7, 0x19, 0x4D, 0xD8, 0x69, 0xA1, 0xF6, 0xAC, 0x88, 0x6D,
    0x17, 0xAD, 0x82, 0xBF, 0x9D, 0x1F, 0x9F, 0x94, 0x07, 0xEF, 0x5A, 0x16, 0xD9, 0x38, 0xB2, 0xC4,
    0xFD, 0x2B, 0x1C, 0x8D, 0x3F, 0xBE, 0xFF, 0x13, 0xB3, 0x08, 0x3F, 0x8B, 0x8F, 0x92, 0x42, 0xA1,
    0xD7, 0xA5, 0x36, 0x02, 0x71, 0x7C, 0xE2, 0xCC, 0x5B, 0xF7, 0x3A, 0xD0, 0x03, 0x46, 0xF8, 0x78,
    0x46, 0x72, 0x45, 0x65, 0x23, 0x22, 0xA3, 0x23, 0x22, 0xB8, 0xE3, 0xEC, 0x58, 0x92, 0xA0, 0x44,
    0xEF, 0x05, 0x0B, 0x7B, 0x78, 0x61, 0xCA, 0x06, 0x48, 0xC5, 0x4B, 0x64, 0x33, 0x0E, 0xFA, 0x78,
    0x4D, 0x6E, 0x89, 0xE7, 0xA7, 0xBF, 0xDE, 0x66, 0xD1, 0x5F, 0x2F, 0x5C, 0xF4, 0xD7, 0x0B, 0x96,
    0xFD, 0xF5, 0xEC, 0xB3, 0xE9, 0xAF, 0xD7, 0xCE, 0xFD, 0xF5, 0x16, 0xCB, 0x48, 0xFC, 0xA2, 0x66,
    0xA9, 0x61, 0x1D, 0xE0, 0xD9, 0x42, 0x7F, 0xCC, 0x16, 0x36, 0x44, 0xBA, 0xC0, 0x93, 0x05, 0xBE,
    0xCE, 0xBF, 0x58, 0xB5, 0x14, 0xC1, 0x5C, 0x4B, 0x51, 0xF9, 0x5A, 0x0A, 0x67, 0xE0, 0x8B, 0xE7,
    0xF5, 0x58, 0xCA, 0xCE, 0xF1, 0x44, 0x9D, 0xFC, 0x30, 0x51, 0x27, 0x5B, 0x56, 0x29, 0x7F, 0xAE,
    0xBA, 0x1E, 0x4A, 0x89, 0xE5, 0x95, 0x77, 0xA7, 0xD9, 0x91, 0xBC, 0x38, 0x6E, 0x7E, 0xC8, 0x74,
    0x3C, 0xF9, 0xDE, 0x37, 0x9C, 0x0F, 0xC3, 0x6B, 0xEF, 0xB3, 0xA8, 0x3D, 0xB1, 0x3E, 0x59, 0xCA,
    0x1D, 0x82, 0x9C, 0x42, 0x4A, 0x1F, 0xD1, 0x81, 0x47, 0xA9, 0x57, 0x56, 0xF5, 0xC2, 0xE5, 0xEE,
    0x58, 0x1F, 0x3E, 0x83, 0x7E, 0x7A, 0x6A, 0xDB, 0x8B, 0x09, 0x9A, 0x09, 0xBB, 0xD3, 0xA8, 0xAB,
    0x42, 0xB5, 0x4C, 0x13, 0xE1, 0x0D, 0xF1, 0x76, 0x17, 0x06, 0xE5, 0x65, 0x0F, 0x98, 0x6C, 0x97,
    0xEB, 0x75, 0x0F, 0x94, 0xCB, 0x35, 0x5A, 0xEC, 0xAC, 0xCE, 0x6B, 0x42, 0x11, 0xFF, 0x5C, 0x4C,
    0xCA, 0x0D, 0xB6, 0x67, 0x40, 0xBA, 0xC3, 0x96, 0xD3, 0xE5, 0x32, 0xB4, 0x72, 0x86, 0xA2, 0xD4,
    0x48, 0x68, 0xD7, 0xBB, 0x2E, 0x7E, 0xC5, 0xF3, 0xC1, 0xFE, 0xFB, 0x6A, 0xF8, 0x3A, 0xEF, 0x53,
    0x53, 0x0D, 0xAF, 0x6C, 0x44, 0xE3, 0x7A, 0x25, 0x56, 0x84, 0x79, 0x9D, 0x43, 0xA4, 0x6F, 0x91,
    0xBA, 0x10, 0x2A, 0xDD, 0x36, 0xA2, 0x52, 0x01, 0x44, 0x04, 0xA2, 0x67, 0xB1, 0xFC, 0xA5, 0xB3,
    0xAC, 0x5E, 0x50, 0x88, 0xED, 0x95, 0x08, 0xE7, 0xD3, 0xBD, 0x84, 0x6C, 0x98, 0xD2, 0x25, 0xF0,
    0x6C, 0x7C, 0x2F, 0x1B, 0xED, 0x78, 0x52, 0xB3, 0xE1, 0x93, 0xE2, 0x95, 0xF0, 0x82, 0x3D, 0x6B,
    0x5F, 0x22, 0x81, 0x3B, 0x76, 0xE1, 0xF1, 0xA8, 0x88, 0x27, 0xE8, 0x55, 0x38, 0x9F, 0x42, 0xA4,
    0x62, 0x92, 0xE7, 0xAA, 0x40, 0x41, 0x6B, 0x19, 0xA1, 0x9B, 0x4F, 0x4E, 0xA3, 0x5D, 0x7C, 0x04,
    0x80, 0x99, 0xFA, 0xE5, 0xCF, 0x30, 0x6F, 0xBF, 0xFC, 0xC5, 0xC0, 0x80, 0x2A, 0x74, 0xEC, 0xDD,
    0x0F, 0x5B, 0x23, 0xF9, 0x7B, 0x52, 0xBB, 0x49, 0x7F, 0xFB, 0x6F, 0xF2, 0x4D, 0x3E, 0xEF, 0xE7,
    0x98, 0xE1, 0x5F, 0xFE, 0xCC, 0x5D, 0x16, 0x17, 0x6B, 0x01, 0x50, 0x85, 0x0A, 0x17, 0x45, 0xCA,
    0x8D, 0x03, 0x0A, 0xA8, 0x06, 0x4D, 0x61, 0x07, 0x2D, 0x23, 0x37, 0xDF, 0x7B, 0xE8, 0x7A, 0x0E,
    0x1E, 0xB2, 0x9E, 0xDD, 0x70, 0x77, 0x29, 0xAB, 0x82, 0x5D, 0x26, 0x8A, 0x68, 0x55, 0xCB, 0xBA,
    0x2B, 0xA5, 0xBF, 0x25, 0x8F, 0x79, 0x78, 0x29, 0xFB, 0x63, 0xC2, 0x6B, 0xB0, 0x17, 0x05, 0xA8,
    0x1E, 0x15, 0x05, 0xB8, 0x01, 0xA7, 0x5A, 0xC4, 0x2A, 0x57, 0x8A, 0x78, 0xF9, 0x16, 0x56, 0x6C,
    0x0B, 0x52, 0xA1, 0x75, 0x7C, 0x97, 0x1D, 0xF7, 0x38, 0x01, 0x99, 0xD2, 0x4E, 0x32, 0xF5, 0x73,
    0xC7, 0x2D, 0xFB, 0x00, 0xDA, 0x96, 0x50, 0xAD, 0x06, 0x03, 0xEE, 0x15, 0xFC, 0x4D, 0x04, 0xC9,
    0x49, 0x07, 0xD8, 0x8D, 0x09, 0x34, 0x7C, 0x69, 0xC9, 0x8E, 0x1E, 0xB1, 0x5D, 0x55, 0x85, 0x7C,
    0x2B, 0x27, 0x73, 0xB7, 0x9C, 0x7F, 0xB7, 0x33, 0xA1, 0x26, 0xF8, 0x77, 0xD2, 0xEA, 0x3C, 0xB6,
    0x82, 0x38, 0x82, 0xAB, 0xA4, 0xAC, 0xA3, 0x84, 0x05, 0x44, 0xA3, 0x53, 0xDD, 0x49, 0x91, 0x8D,
    0x9F, 0x57, 0x75, 0x4A, 0x17, 0x79, 0xDD, 0x00, 0xA1, 0x55, 0x57, 0x51, 0x72, 0x12, 0xD5, 0xAC,
    0x66, 0x84, 0xD0, 0x14, 0xAF, 0xC9, 0xF7, 0xC0, 0x4E, 0x26, 0x87, 0x68, 0x27, 0xB7, 0x50, 0x1D,
    0xA2, 0x52, 0x04, 0x9F, 0x6A, 0xEE, 0x78, 0xAA, 0x1B, 0xA7, 0xA4, 0x96, 0x8B, 0xCF, 0xF1, 0xE5,
    0x86, 0x11, 0x51, 0xE7, 0xE9, 0x3A, 0xE2, 0x89, 0xE3, 0xAA, 0x7D, 0xB8, 0x79, 0x71, 0x5A, 0x6A,
    0xA5, 0x4D, 0x1C, 0x3D, 0x0F, 0x4E, 0xC3, 0x13, 0xF2, 0x56, 0x6E, 0x2C, 0x9A, 0x68, 0x0B, 0xA9,
    0x40, 0xE4, 0xDE, 0x04, 0xB6, 0x82, 0x7D, 0xAC, 0x52, 0x2E, 0x5B, 0x19, 0xE5, 0xDB, 0xF4, 0xF3,
    0x66, 0xAE, 0x0B, 0x12, 0xFE, 0x97, 0x90, 0x07, 0x85, 0x5A, 0x35, 0x56, 0x5C, 0xD0, 0x5E, 0x83,
    0x2C, 0x9D, 0x0E, 0x89, 0x04, 0x60, 0xFB, 0x51, 0x49, 0x19, 0xC0, 0x68, 0x49, 0x9A, 0x17, 0x3D,
    0x11, 0x30, 0x41, 0x78, 0xA3, 0x9D, 0x02, 0xCE, 0xE6, 0x7E, 0x31, 0x55, 0xFB, 0x25, 0x07, 0xAC,
    0xE1, 0xDF, 0x3F, 0x65, 0xBD, 0xA1, 0x97, 0x80, 0x5A, 0xCF, 0x7B, 0x42, 0x16, 0x3D, 0x1B, 0x2F,
    0x94, 0x28, 0x8C, 0x80, 0x12, 0xF7, 0xB5, 0xD7, 0x86, 0x05, 0x09, 0x9E, 0x23, 0x97, 0xEC, 0x30,
    0x30, 0x99, 0x72, 0xA3, 0x35, 0x94, 0xDF, 0x33, 0xCF, 0x5D, 0xAF, 0x4E, 0xD4, 0x54, 0xA3, 0x57,
    0x67, 0xAF, 0xAF, 0xDC, 0xEB, 0x2B, 0xEB, 0xB4, 0x6A, 0x11, 0x08, 0x47, 0x47, 0x16, 0x1E, 0xD1,
    0x45, 0x5E, 0x94, 0x47, 0x52, 0xD5, 0xDB, 0x13, 0x55, 0xDA, 0x63, 0xAF, 0x9D, 0x96, 0x52, 0x00,
    0x68, 0xA4, 0x02, 0x50, 0xFC, 0xBF, 0xBD, 0x91, 0x1A, 0x40, 0xAD, 0xD4, 0x7B, 0x0C, 0xC8, 0x7E,
    0xA6, 0x43, 0x88, 0x62, 0xC0, 0x27, 0xB8, 0x0E, 0x95, 0x04, 0xBE, 0x65, 0x24, 0xDB, 0xD6, 0x70,
    0x35, 0xE0, 0x0C, 0x77, 0x5C, 0xE5, 0x0A, 0x37, 0x22, 0x7F, 0x74, 0x53, 0x4D, 0x85, 0x2B, 0x31,
    0xD8, 0x34, 0x3A, 0x3C, 0x37, 0xA3, 0x5F, 0xD0, 0x93, 0x1D, 0x75, 0x74, 0xE1, 0xE5, 0xE9, 0x18,
    0x13, 0x92, 0xB2, 0x62, 0xCA, 0xBB, 0xF9, 0x49, 0x3C, 0x16, 0x1F, 0xC1, 0xA2, 0xDE, 0x63, 0x9D,
    0x62, 0xEB, 0xB3, 0x79, 0x92, 0x97, 0x98, 0x12, 0xD0, 0xA3, 0x30, 0xA5, 0xAF, 0xE3, 0x57, 0xF9,
    0xF8, 0x98, 0x8F, 0x52, 0x18, 0xDF, 0x15, 0x76, 0x5E, 0x5D, 0x66, 0xEE, 0x0B, 0xCB, 0xB4, 0xC1,
    0x83, 0xBF, 0x12, 0x64, 0x0A, 0xC4, 0x9F, 0xD0, 0x62, 0x74, 0x64, 0xDE, 0x82, 0x8B, 0x11, 0x33,
    0x29, 0x32, 0x78, 0xA2, 0x38, 0x8A, 0x30, 0x9D, 0x78, 0x42, 0x78, 0x4C, 0xA4, 0xE5, 0xDA, 0x24,
    0x29, 0x21, 0x35, 0x42, 0x27, 0x83, 0x22, 0xBD, 0x39, 0xD2, 0xE8, 0x75, 0x3C, 0x8A, 0x0E, 0xC6,
    0xEF, 0x8F, 0x50, 0xFA, 0x2D, 0x02, 0x26, 0xF3, 0x34, 0x51, 0xC4, 0x6B, 0x2B, 0xF1, 0x9A, 0x35,
    0x33, 0x3A, 0xCD, 0xA8, 0x34, 0x85, 0x16, 0xBF, 0x3F, 0xA3, 0x48, 0xCD, 0x92, 0x8B, 0x85, 0x42,
    0x90, 0x68, 0xA6, 0x31, 0x7A, 0xB4, 0x9A, 0x3C, 0x4A, 0xB5, 0x67, 0x0F, 0x45, 0xD3, 0x25, 0x4A,
    0xB4, 0x10, 0xB0, 0xBA, 0x9A, 0x71, 0x07, 0x42, 0x6A, 0x3A, 0x42, 0xEB, 0x20, 0x01, 0x4A, 0x8B,
    0xA3, 0x05, 0x5A, 0xCC, 0xB9, 0x15, 0xD5, 0x3C, 0xAC, 0xB3, 0xE3, 0x20, 0x9C, 0xEB, 0xDE, 0xE7,
    0x7D, 0xCE, 0x02, 0x1F, 0x1E, 0x0D, 0xE7, 0xBC, 0xAC, 0xD0, 0xFA, 0xAF, 0xAE, 0x16, 0x71, 0xFC,
    0x97, 0x6E, 0x68, 0x95, 0x6D, 0xE3, 0x67, 0x65, 0xC6, 0xB6, 0xDA, 0x39, 0x6B, 0x34, 0x42, 0x01,
    0xEC, 0x57, 0x7A, 0x1C, 0x8C, 0x6A, 0x0B, 0x39, 0x17, 0xC9, 0xB2, 0x69, 0x20, 0xF9, 0x7E, 0x8A,
    0x0D, 0x82, 0xFD, 0x1B, 0x3B, 0xE9, 0xB9, 0x99, 0x55, 0x2C, 0xE1, 0x74, 0xA6, 0x6C, 0xE0, 0xBD,
    0xE8, 0x80, 0xA1, 0x55, 0x17, 0xB0, 0x0D, 0x63, 0xC5, 0xC8, 0x11, 0x7E, 0x0A, 0x58, 0xD1, 0x1E,
    0xA3, 0x05, 0xF6, 0x4F, 0x63, 0x6C, 0x12, 0xCC, 0xEC, 0x05, 0xFC, 0x24, 0xCF, 0x7E, 0x99, 0x89,
    0xA2, 0x19, 0xF8, 0x3B, 0xFB, 0x0A, 0xA9, 0x7B, 0xDE, 0x98, 0xD7, 0x75, 0xDC, 0x42, 0x3B, 0xB7,
    0x48, 0xF4, 0xD1, 0xE6, 0x8A, 0x95, 0xEF, 0xD3, 0xDE, 0xEC, 0x74, 0x30, 0x45, 0x33, 0xAB, 0x9D,
    0xCD, 0xC4, 0x12, 0xF2, 0xE9, 0x75, 0x5C, 0x07, 0x9B, 0x58, 0x6D, 0x14, 0xC4, 0xC9, 0xA2, 0xA4,
    0xC8, 0x21, 0xBB, 0x74, 0x4B, 0x09, 0xB9, 0xD8, 0x18, 0x86, 0x72, 0x26, 0xA1, 0xBE, 0xC7, 0x28,
    0x9C, 0xA1, 0xAC, 0xAB, 0x89, 0xCB, 0x0A, 0x58, 0xC7, 0x06, 0x32, 0x1E, 0x47, 0x0A, 0x46, 0x26,
    0xF9, 0xC4, 0x9F, 0x45, 0xB8, 0xCD, 0xB9, 0xBB, 0x4D, 0x8A, 0x74, 0xF0, 0xA2, 0xE7, 0x1C, 0x0C,
    0xF6, 0x65, 0x6D, 0x23, 0xF2, 0xCB, 0x50, 0xF6, 0x45, 0x68, 0x7F, 0xC1, 0x9D, 0x78, 0x02, 0xFB,
    0x11, 0x87, 0x33, 0xB8, 0x8C, 0x85, 0x7A, 0x2F, 0x52, 0x91, 0xE8, 0x77, 0xA4, 0xB1, 0xBB, 0x74,
    0xB7, 0x61, 0x9A, 0xB9, 0x8E, 0x84, 0xC3, 0x92, 0xB3, 0xA8, 0x91, 0x48, 0xCD, 0xE5, 0xA5, 0xAC,
    0x51, 0xBB, 0x1B, 0xFD, 0x5A, 0xDC, 0x1C, 0xDF, 0xCE, 0xB9, 0xB6, 0x87, 0x0C, 0x38, 0x92, 0x85,
    0xD8, 0xEB, 0xF4, 0xAE, 0x2D, 0x93, 0x71, 0x65, 0x7F, 0x60, 0x6B, 0x2A, 0xAF, 0xF8, 0xA6, 0xB3,
    0x2B, 0x29, 0x8F, 0xC0, 0xA9, 0xD2, 0x4E, 0xA1, 0x01, 0x88, 0x8F, 0x00, 0xDA, 0xED, 0x99, 0xBF,
    0x49, 0x49, 0xD1, 0x63, 0xE8, 0x4E, 0x2F, 0x49, 0xDD, 0xFB, 0x05, 0x3A, 0x09, 0xDB, 0x0F, 0x47,
    0x4E, 0x25, 0x41, 0x19, 0x7E, 0x65, 0xDF, 0xFF, 0xA9, 0xD4, 0x15, 0xEB, 0xAE, 0x90, 0xE6, 0xA5,
    0x9F, 0x04, 0xEF, 0xE4, 0x5F, 0xC8, 0x96, 0xC5, 0xB2, 0x11, 0xA0, 0xA8, 0x21, 0xE2, 0x29, 0x60,
    0x55, 0xF2, 0xDF, 0x17, 0xCD, 0x62, 0x13, 0x2B, 0xEF, 0xAF, 0x33, 0xB2, 0x2B, 0xCE, 0x67, 0x54,
    0xF4, 0x7D, 0xDA, 0xE9, 0x4E, 0x5D, 0x74, 0xF8, 0x0A, 0x1D, 0x5E, 0xA9, 0x1A, 0xD9, 0x74, 0x0B,
    0x36, 0xD8, 0x7E, 0x8A, 0xC7, 0xE7, 0xB1, 0x15, 0x73, 0xC9, 0x19, 0x63, 0xDC, 0xF3, 0x1F, 0xCD,
    0xFD, 0xAD, 0xDD, 0x33, 0xFC, 0x9A, 0x25, 0x60, 0x67, 0xB9, 0x29, 0xEA, 0x25, 0x10, 0xDF, 0x6F,
    0x5A, 0x6A, 0x32, 0xC2, 0xA7, 0x5D, 0x2D, 0xCF, 0x45, 0xCE, 0x83, 0x36, 0x18, 0xF6, 0x5D, 0x52,
    0xD9, 0xB8, 0xEA, 0xE7, 0x34, 0x0A, 0xDE, 0x82, 0x8D, 0xB7, 0x29, 0xE2, 0x23, 0x6F, 0x0B, 0x18,
    0x9C, 0x2D, 0x53, 0x3D, 0x49, 0x00, 0x36, 0xD2, 0x8A, 0x97, 0x36, 0x19, 0xA6, 0xCA, 0x3E, 0xC7,
    0x8B, 0xA6, 0x1C, 0x3E, 0x51, 0xED, 0x3A, 0x5D, 0x59, 0x1E, 0x95, 0x8C, 0xF2, 0x98, 0x38, 0x79,
    0x4C, 0xBA, 0x4E, 0x6F, 0xA5, 0xEB, 0x34, 0x77, 0x9B, 0x76, 0x56, 0x2B, 0xDF, 0xDC, 0x0E, 0x12,
    0x76, 0x18, 0x0B, 0x09, 0xE3, 0xF0, 0x34, 0xC4, 0x7E, 0x97, 0x93, 0xDD, 0x6E, 0xD3, 0x1A, 0x02,
    0xFA, 0xB8, 0x30, 0x92, 0xA2, 0x4A, 0x8D, 0x47, 0x08, 0x94, 0x44, 0xFA, 0x83, 0x94, 0xD6, 0xED,
    0x85, 0x29, 0xAD, 0x6E, 0xF9, 0x44, 0x3B, 0x29, 0xAD, 0xC9, 0xE0, 0x53, 0x5A, 0x63, 0xEE, 0xBE,
    0x77, 0x98, 0xD2, 0x4A, 0xC4, 0x60, 0xFF, 0xCF, 0x91, 0x94, 0xD6, 0x4C, 0xD9, 0x6F, 0x77, 0x61,
    0x4A, 0xEB, 0xE3, 0x83, 0x94, 0xC5, 0x9A, 0x18, 0x05, 0x62, 0x7C, 0x9F, 0x60, 0xCB, 0xA7, 0x27,
    0x9D, 0xCF, 0xE2, 0x91, 0xF3, 0xD9, 0xC8, 0x7C, 0xB6, 0x32, 0x9F, 0xBD, 0x56, 0xCD, 0x71, 0x20,
    0x24, 0x9D, 0xAA, 0x63, 0xF3, 0xA9, 0x9D, 0x3E, 0xE3, 0x65, 0x42, 0x62, 0x49, 0x95, 0x8F, 0xF6,
    0xFE, 0xC9, 0x67, 0x3A, 0x9F, 0x93, 0x9F, 0x4F, 0x4E, 0x51, 0x4E, 0xC1, 0x06, 0x30, 0x9F, 0x6E,
    0x78, 0x8B, 0x2D, 0x87, 0x48, 0x30, 0x9F, 0x5B, 0x4E, 0x51, 0xE6, 0xF9, 0x2C, 0xFE, 0x8E, 0x03,
    0x7B, 0x1F, 0x1D, 0xA6, 0x28, 0x5F, 0x79, 0xC3, 0xDE, 0xBB, 0xC1, 0xEF, 0xDC, 0x78, 0xF0, 0x54,
    0xE7, 0xD3, 0xB7, 0x09, 0x37, 0xDA, 0x27, 0xDC, 0x68, 0xA3, 0x70, 0xE3, 0x3B, 0x85, 0xFB, 0x56,
    0xE1, 0xBE, 0x57, 0xB8, 0x6F, 0x16, 0x3E, 0x77, 0x0B, 0xF7, 0xED, 0xC2, 0x7D, 0xBF, 0x70, 0xDF,
    0x30, 0xDC, 0x77, 0x0C, 0x9F, 0x5B, 0x86, 0xFB, 0x9E, 0xE1, 0xDA, 0x34, 0xDC, 0x77, 0x0D, 0xF7,
    0x6D, 0xC3, 0xE7, 0x6D, 0x45, 0xB4, 0x71, 0xB8, 0x76, 0x0E, 0xF7, 0xAD, 0xC3, 0x7D, 0xEF, 0x70,
    0xDF, 0x3C, 0xDC, 0x77, 0x0F, 0xF7, 0x2E, 0x57, 0xE9, 0x1F, 0xFE, 0x6B, 0x23, 0x0D, 0xC4, 0xB9,
    0xC5, 0x70, 0x2A, 0x75, 0x51, 0x4D, 0x3A, 0xB7, 0x1D, 0x8D, 0x0F, 0x90, 0x48, 0x35, 0xC7, 0x48,
    0x85, 0x93, 0xDF, 0x58, 0x36, 0x1C, 0xF6, 0x91, 0x95, 0xD7, 0xE0, 0xBF, 0x7B, 0x29, 0x9A, 0x44,
    0xE4, 0xDC, 0x24, 0xA2, 0xE1, 0xEE, 0x10, 0xAD, 0x80, 0x47, 0x4A, 0xA1, 0xEC, 0x98, 0x14, 0x7A,
    0x31, 0xDF, 0x13, 0xCC, 0x3F, 0x47, 0xF6, 0x84, 0xE5, 0xAE, 0xCD, 0xA3, 0xFF, 0xCC, 0xE9, 0xBC,
    0x77, 0xED, 0x03, 0x27, 0x8C, 0xDC, 0xDA, 0xAA, 0xBE, 0xE9, 0x94, 0xB3, 0x1A, 0x69, 0x44, 0xC1,
    0x0E, 0x86, 0x4A, 0xC5, 0x82, 0x30, 0x2A, 0x03, 0x35, 0x2F, 0x3B, 0xEC, 0xEB, 0xAC, 0x59, 0x51,
    0x84, 0xED, 0x32, 0x62, 0x1D, 0x49, 0xF7, 0xD9, 0x96, 0x7D, 0xA0, 0x6A, 0x31, 0x6F, 0xEC, 0x23,
    0x58, 0xB8, 0xDF, 0x64, 0x60, 0xB6, 0x4A, 0xC2, 0x05, 0x96, 0x7B, 0x6C, 0xEE, 0xC0, 0x6C, 0x0E,
    0x5A, 0xB1, 0x9B, 0x79, 0xC3, 0xDC, 0x59, 0x2F, 0xFA, 0x87, 0x5C, 0x86, 0x5E, 0x49, 0xCE, 0x78,
    0x6B, 0x67, 0xA4, 0x33, 0xD5, 0x8F, 0xEC, 0x9F, 0xB7, 0x48, 0xE1, 0xFA, 0x03, 0xFB, 0x2F, 0x5B,
    0x22, 0xE1, 0x6A, 0x33, 0x23, 0x7F, 0x46, 0x65, 0x5A, 0xE6, 0x15, 0x87, 0xD4, 0xB1, 0x95, 0x67,
    0x7B, 0x36, 0x48, 0x64, 0x3F, 0x38, 0xBF, 0x6D, 0xDF, 0xF2, 0x0A, 0x9C, 0x04, 0x8B, 0x77, 0x90,
    0x0B, 0x56, 0xD9, 0xE6, 0x09, 0x57, 0xD9, 0x41, 0x73, 0x7A, 0xA3, 0xDD, 0xE9, 0x8D, 0xB6, 0xA7,
    0x37, 0xBE, 0x3F, 0xBD, 0x6F, 0x38, 0xFF, 0x71, 0x11, 0xE9, 0x53, 0xEF, 0x1B, 0xD5, 0xFB, 0x4E,
    0xF5, 0xBE, 0x55, 0xBD, 0xEF, 0x55, 0x3F, 0x37, 0xAB, 0xF7, 0xDD, 0xEA, 0x97, 0xED, 0xEA, 0xCD,
    0xC7, 0x42, 0x56, 0x5A, 0x7A, 0x90, 0xE9, 0x18, 0x7A, 0xA4, 0x38, 0xC6, 0xC4, 0xA6, 0x7D, 0x64,
    0x66, 0x62, 0xC3, 0x3E, 0x72, 0x64, 0x78, 0xBF, 0x63, 0x2E, 0x41, 0xF7, 0x15, 0x78, 0x32, 0x0A,
    0x5F, 0xE5, 0xD0, 0x7B, 0xF9, 0x3C, 0xC7, 0x4F, 0x15, 0xB4, 0xCB, 0xE0, 0x69, 0xB2, 0x63, 0x18,
    0x49, 0xE4, 0x74, 0x55, 0x3E, 0x83, 0xCD, 0x0C, 0x82, 0x9C, 0x61, 0xD8, 0x70, 0x68, 0x8F, 0x61,
    0x66, 0xBF, 0x25, 0xF0, 0xEE, 0xDF, 0x3E, 0xDE, 0x66, 0x06, 0xAF, 0x37, 0x3C, 0xCF, 0xE1, 0x05,
    0xF0, 0x63, 0x6D, 0x66, 0xC0, 0x8E, 0x12, 0xDA, 0xFA, 0x85, 0x01, 0xFD, 0xB6, 0xA5, 0x19, 0xAC,
    0xD8, 0x29, 0x53, 0x0C, 0x17, 0x81, 0xB6, 0x47, 0xCB, 0x59, 0x00, 0x27, 0x4B, 0xEE, 0x73, 0xAC,
    0x55, 0xAD, 0x02, 0x02, 0x6B, 0x79, 0x83, 0x2B, 0xB2, 0x03, 0xF2, 0x2E, 0x50, 0xD7, 0x16, 0xA7,
    0x3D, 0x24, 0xFC, 0x8C, 0x92, 0xF8, 0x58, 0xCC, 0xBE, 0xAA, 0x39, 0xD0, 0x61, 0xB5, 0x7E, 0x92,
    0xA7, 0x5E, 0xB3, 0x88, 0xCD, 0x93, 0x6F, 0xF1, 0xB0, 0x46, 0xDB, 0x64, 0x0A, 0x05, 0x8E, 0x66,
    0xB7, 0xF7, 0xBC, 0xEE, 0x67, 0x8A, 0x08, 0xC1, 0xC4, 0x21, 0x1D, 0x49, 0x31, 0xD3, 0x1C, 0xB3,
    0x1D, 0xF8, 0x04, 0xFF, 0xC9, 0xE7, 0xE7, 0x66, 0xE2, 0x26, 0x51, 0x52, 0x2A, 0x5E, 0xEF, 0x8C,
    0x61, 0x0B, 0x3E, 0xF4, 0x90, 0x2A, 0xD1, 0xE2, 0x58, 0x95, 0xE8, 0x3E, 0xD0, 0x75, 0x11, 0x68,
    0x5D, 0xE8, 0x96, 0x5B, 0x0E, 0x1C, 0xA9, 0x0B, 0xFD, 0xDB, 0xA7, 0x5D, 0x17, 0xFA, 0x64, 0x55,
    0xA2, 0x6B, 0xCD, 0xA7, 0xAE, 0xC4, 0xA3, 0x16, 0x69, 0x34, 0x3D, 0x53, 0x57, 0xA3, 0xA4, 0xED,
    0x92, 0x16, 0x89, 0x54, 0xDD, 0xAF, 0x44, 0xE8, 0x29, 0x5E, 0x6F, 0x10, 0xAD, 0xA4, 0xFE, 0xC5,
    0xD4, 0x81, 0x90, 0xF3, 0x15, 0x38, 0x01, 0xA1, 0xCD, 0x90, 0x90, 0x40, 0x4A, 0x43, 0x5B, 0x09,
    0x32, 0xDA, 0xF1, 0xE4, 0xE4, 0x0F, 0x7D, 0xD1, 0x90, 0xE4, 0xCD, 0x58, 0xDE, 0xDF, 0x48, 0x1C,
    0x9C, 0x7F, 0x62, 0xA9, 0xC2, 0xE8, 0xBC, 0x34, 0xC6, 0xBB, 0x4A, 0x67, 0x64, 0x34, 0x7B, 0xF5,
    0x26, 0xC5, 0xBC, 0x29, 0xB8, 0x08, 0xF1, 0x54, 0x9D, 0xB1, 0xD4, 0x51, 0xD2, 0xAC, 0xD1, 0x2C,
    0xC4, 0x3E, 0x38, 0xD7, 0x1E, 0x22, 0x73, 0x87, 0x6C, 0xA9, 0xFA, 0x17, 0x1D, 0x7B, 0xA5, 0x99,
    0x04, 0xE6, 0xCA, 0xF9, 0x5B, 0xD2, 0x2D, 0xC6, 0xCC, 0x15, 0xC1, 0x5C, 0xBD, 0xAF, 0x1B, 0x35,
    0x51, 0xC7, 0x98, 0x26, 0xAA, 0x51, 0x89, 0x9C, 0xD6, 0xE0, 0xA1, 0xD9, 0xCF, 0xC8, 0x69, 0xDD,
    0x65, 0x3F, 0xC7, 0x1E, 0xD2, 0xD9, 0x47, 0xF6, 0x57, 0x27, 0x55, 0xCF, 0xEF, 0xD9, 0x49, 0x61,
    0xDF, 0x46, 0x3C, 0x74, 0xD7, 0xDD, 0xDF, 0x4E, 0x6E, 0x1C, 0xE8, 0xFF, 0x0D, 0x3F, 0x86, 0xF0,
    0x51, 0x7B, 0x63, 0x2D, 0xBD, 0x29, 0xE6, 0x76, 0xF0, 0xB1, 0x6F, 0x67, 0x35, 0xF1, 0x83, 0xE6,
    0xE6, 0x8B, 0x3B, 0x7D, 0xC9, 0xC7, 0x9C, 0xBE, 0x8D, 0xFD, 0x2F, 0x7B, 0xC5, 0x25, 0xBE, 0x41,
    0x40, 0x30, 0x23, 0xF9, 0xFE, 0xD6, 0x18, 0xF6, 0xA0, 0x6B, 0xD4, 0xCB, 0xE6, 0x53, 0x21, 0x83,
    0xCD, 0x27, 0x25, 0x03, 0x8E, 0x2F, 0xEF, 0x15, 0x86, 0xEE, 0xD6, 0x87, 0x06, 0xD3, 0x8E, 0x62,
    0xFA, 0x57, 0x07, 0xFB, 0x35, 0xC8, 0xFF, 0xFE, 0x9A, 0x15, 0x55, 0xE9, 0x29, 0xFF, 0x5F, 0xB3,
    0xE3, 0x41, 0xEF, 0x33, 0x70, 0x31, 0xF6, 0xA6, 0x9D, 0x47, 0x3F, 0xEA, 0xBD, 0x46, 0x9D, 0xC7,
    0xB3, 0xD3, 0xBF, 0x4E, 0xFB, 0x85, 0x15, 0xD3, 0x2D, 0xD4, 0x01, 0x9F, 0x7B, 0xB9, 0xB1, 0x93,
    0x79, 0xEC, 0x9F, 0x2F, 0xF7, 0xAC, 0xFE, 0xF4, 0xF7, 0xAC, 0xA6, 0xAE, 0x20, 0x81, 0x3A, 0x11,
    0xB4, 0x0B, 0x81, 0x33, 0x9C, 0xD8, 0xFB, 0x4D, 0x13, 0xAE, 0x09, 0x74, 0xB6, 0xD6, 0x08, 0xBE,
    0xFD, 0x48, 0x27, 0x38, 0xF3, 0x51, 0x9E, 0xF5, 0x5E, 0x20, 0x73, 0xF9, 0xF3, 0xBC, 0xF5, 0x28,
    0x07, 0x59, 0xBC, 0xAD, 0x9B, 0x51, 0x30, 0xAC, 0xAC, 0xE6, 0x61, 0xE6, 0xD7, 0x39, 0xA6, 0x92,
    0x4B, 0x45, 0x20, 0xE7, 0x4B, 0x4D, 0xAF, 0x73, 0x61, 0x60, 0x27, 0xF9, 0x54, 0xDB, 0xE3, 0xF9,
    0x97, 0x92, 0x3D, 0x77, 0x3A, 0x2E, 0x13, 0xEC, 0xAA, 0x39, 0x9C, 0x31, 0x2B, 0x67, 0x8D, 0xE4,
    0x61, 0x75, 0x92, 0x40, 0xB7, 0xAF, 0x8C, 0xA9, 0xCA, 0xED, 0x23, 0xBB, 0x17, 0x42, 0x24, 0xD7,
    0x65, 0xB2, 0xCF, 0x46, 0x26, 0x19, 0x75, 0xD9, 0x68, 0xA4, 0x20, 0x60, 0xC7, 0x0D, 0x18, 0xF8,
    0xC2, 0x54, 0x31, 0x19, 0x78, 0x22, 0x02, 0x5E, 0x14, 0x1A, 0x61, 0xD5, 0xF0, 0xEA, 0x4A, 0xB9,
    0xC3, 0x4B, 0x37, 0x16, 0x55, 0xA8, 0x94, 0x86, 0xC9, 0x59, 0x98, 0x9C, 0x84, 0xC9, 0x39, 0x98,
    0x9C, 0x82, 0xB9, 0x92, 0x1E, 0xD2, 0x44, 0x08, 0x24, 0x10, 0x5B, 0x49, 0xBF, 0x64, 0x11, 0xA3,
    0x2D, 0xE9, 0xD8, 0x93, 0xF0, 0xA0, 0x42, 0x01, 0x18, 0x7C, 0x6B, 0x8E, 0xFD, 0x0F, 0x1C, 0x05,
    0xE5, 0x6A, 0x00, 0x8E, 0xB5, 0xA2, 0x45, 0xC3, 0x44, 0x39, 0x97, 0x29, 0x05, 0x94, 0x71, 0x9C,
    0x24, 0x74, 0xB2, 0xAC, 0x0F, 0xE0, 0xCA, 0x80, 0xAA, 0xF3, 0x2F, 0xA8, 0x95, 0x01, 0xB9, 0x68,
    0x32, 0xE2, 0x60, 0x5C, 0x3D, 0xD8, 0x73, 0x05, 0x7E, 0x71, 0x76, 0x77, 0xBE, 0x23, 0xBB, 0x3B,
    0x4F, 0xB2, 0xBB, 0xF3, 0x24, 0xBB, 0x3B, 0x8F, 0xDC, 0xB6, 0x4D, 0xC9, 0x40, 0xD3, 0x7E, 0xD4,
    0x24, 0xF1, 0x55, 0xC9, 0xF9, 0x8E, 0x6F, 0x46, 0x0D, 0x64, 0x6D, 0x4D, 0x4A, 0x9B, 0x80, 0x7C,
    0xF6, 0x8D, 0xD3, 0xA7, 0x9C, 0x1B, 0xA7, 0x77, 0x5C, 0x18, 0xDE, 0x71, 0xE3, 0xF4, 0x16, 0xAD,
    0x76, 0xB4, 0xF7, 0x4F, 0xBD, 0xD0, 0x55, 0x56, 0x3B, 0x72, 0x5C, 0xDE, 0xC9, 0x77, 0x5B, 0x7D,
    0xDE, 0xF2, 0xC2, 0x42, 0x4E, 0x55, 0xE0, 0x0C, 0xD6, 0x62, 0x81, 0x48, 0x95, 0xB2, 0xD1, 0x75,
    0xB3, 0x08, 0xF2, 0x19, 0x13, 0xCF, 0x4A, 0xE6, 0x6E, 0xBA, 0x40, 0xA4, 0x02, 0x36, 0x52, 0x75,
    0x62, 0xD6, 0x25, 0x28, 0x0F, 0x5F, 0x1A, 0x1F, 0x0D, 0xDC, 0x16, 0x44, 0x40, 0xCF, 0x6D, 0x41,
    0x4A, 0x6E, 0x66, 0x64, 0x1E, 0x0E, 0x1E, 0xD6, 0x18, 0xFE, 0x31, 0x4E, 0xEF, 0x38, 0x0F, 0xD2,
    0x0A, 0x8B, 0xCF, 0x19, 0x68, 0x4C, 0x3B, 0x9D, 0x8E, 0xB4, 0x8F, 0x93, 0x84, 0x09, 0x4E, 0x4E,
    0xE1, 0x3C, 0xCB, 0x80, 0xDB, 0xC7, 0xC5, 0x2C, 0x48, 0x23, 0x7E, 0xF9, 0xE0, 0xBD, 0x33, 0xF3,
    0xFC, 0xA5, 0x15, 0x4E, 0xA5, 0x26, 0x7B, 0xB5, 0xFA, 0xCA, 0xAD, 0xBE, 0x72, 0xAB, 0x66, 0xC3,
    0x61, 0x71, 0x7A, 0xBE, 0xE7, 0xF6, 0xF4, 0x0A, 0x6A, 0xAC, 0xCC, 0x25, 0x69, 0xF6, 0xEB, 0x7D,
    0xD6, 0xB9, 0xB9, 0x0C, 0xFB, 0x0A, 0xBC, 0xC5, 0x49, 0x61, 0x13, 0x67, 0x82, 0x09, 0x90, 0x5C,
    0xDD, 0xE1, 0x88, 0x3B, 0x2E, 0xDB, 0x09, 0x2D, 0x48, 0xD6, 0xBF, 0xD8, 0x44, 0xFF, 0xC8, 0x3C,
    0x03, 0x77, 0xDC, 0x67, 0xBE, 0xB7, 0xE8, 0x7A, 0x6E, 0x1E, 0xAE, 0xE1, 0xC4, 0x5D, 0xD8, 0xEE,
    0xC9, 0x1B, 0x85, 0x42, 0x27, 0x52, 0x78, 0xAF, 0x43, 0xE6, 0x2B, 0xC1, 0xD2, 0x72, 0x6E, 0x4E,
    0x70, 0xB9, 0xDA, 0x62, 0x07, 0x92, 0x49, 0xA6, 0xD6, 0xF4, 0x76, 0xF9, 0x3E, 0x42, 0xF5, 0xD5,
    0x6E, 0x86, 0x03, 0xBF, 0x4B, 0xC6, 0xE4, 0xF0, 0xE2, 0x6E, 0x57, 0x0F, 0xD0, 0x53, 0xC6, 0x39,
    0xE5, 0x93, 0x34, 0xFC, 0xD5, 0x66, 0x87, 0x25, 0xE7, 0x56, 0xC1, 0x6F, 0x06, 0x85, 0x54, 0x73,
    0x2D, 0xE8, 0xCB, 0x8C, 0x51, 0x40, 0x86, 0xB0, 0x89, 0x52, 0x42, 0x60, 0xDF, 0xDE, 0x77, 0xC6,
    0xD7, 0x00, 0xAC, 0xB7, 0xED, 0x66, 0xC0, 0x4E, 0x8C, 0x3D, 0x65, 0x97, 0x56, 0xC0, 0xAA, 0x2E,
    0x6E, 0x09, 0x4B, 0x9C, 0xF4, 0x4C, 0xA8, 0xBF, 0x29, 0x61, 0x43, 0xDA, 0x14, 0xC0, 0xD2, 0x21,
    0x43, 0x17, 0xE7, 0xB4, 0x4D, 0x26, 0x87, 0x91, 0xFB, 0xD3, 0x69, 0xFF, 0x55, 0x99, 0xA1, 0x5D,
    0x22, 0x75, 0x5D, 0x61, 0x8C, 0x36, 0x23, 0x61, 0x0C, 0x05, 0x03, 0xC0, 0x48, 0x30, 0x30, 0x86,
    0xED, 0xC5, 0x46, 0x94, 0xFB, 0xD9, 0x5E, 0xB1, 0xA2, 0x83, 0xE2, 0x56, 0x35, 0xF4, 0x85, 0x94,
    0x8A, 0xD9, 0xEF, 0x51, 0x42, 0x4F, 0x65, 0xEF, 0x50, 0x2A, 0xC3, 0x6F, 0xE5, 0x11, 0x6F, 0xFE,
    0x54, 0x73, 0x97, 0x25, 0x8F, 0xF9, 0x70, 0xD0, 0x9C, 0x3C, 0xE8, 0x53, 0x97, 0x17, 0xA9, 0x83,
    0x8B, 0x6A, 0xB9, 0xFC, 0x20, 0xCE, 0xE4, 0xDD, 0xFD, 0xDA, 0x71, 0x9D, 0xE5, 0xFF, 0xE5, 0xDC,
    0x69, 0x85, 0x04, 0x15, 0x52, 0xBC, 0x06, 0xD9, 0x69, 0x65, 0x90, 0x9D, 0x56, 0x74, 0x57, 0xEC,
    0x7E, 0x37, 0x5D, 0xBB, 0x6A, 0x76, 0x57, 0x92, 0x8F, 0x38, 0xEF, 0xC5, 0xD3, 0xFE, 0x18, 0x76,
    0x79, 0xC5, 0xFF, 0xD1, 0x25, 0x28, 0xB0, 0xED, 0x33, 0xFD, 0xBF, 0x72, 0xCB, 0x86, 0xD6, 0x0C,
    0x2D, 0x18, 0xF1, 0xF9, 0x70, 0x91, 0x3C, 0x19, 0x88, 0x12, 0x8B, 0xB1, 0xB5, 0xB4, 0xC4, 0x77,
    0x16, 0x83, 0x78, 0xD2, 0x27, 0x31, 0x55, 0x52, 0x75, 0x4A, 0xAD, 0x76, 0x3A, 0x35, 0x5D, 0xF0,
    0x13, 0xBC, 0x67, 0xF6, 0x9A, 0xA0, 0xA4, 0xB3, 0xE6, 0x52, 0xAA, 0xA0, 0xD6, 0x31, 0x92, 0xE5,
    0x1A, 0xCC, 0xB7, 0x50, 0xBB, 0x68, 0x54, 0xAD, 0x66, 0x90, 0x01, 0x8F, 0xD5, 0xC5, 0x9F, 0xB4,
    0xAA, 0x2C, 0xB4, 0x9A, 0xFB, 0xB6, 0x95, 0x80, 0x35, 0x35, 0xF6, 0x2A, 0xF9, 0xBD, 0x38, 0x76,
    0xBD, 0xA2, 0x2A, 0x4B, 0xAE, 0xA9, 0x96, 0x04, 0xEC, 0x8D, 0xE6, 0x64, 0xC7, 0x52, 0x4E, 0xCE,
    0xC8, 0x20, 0x7E, 0x38, 0xCE, 0x47, 0x6C, 0x35, 0xD1, 0xAC, 0x15, 0x7D, 0x8B, 0x37, 0xA6, 0xCF,
    0xFD, 0xCE, 0xF4, 0xEE, 0x32, 0x77, 0x0C, 0x14, 0x8A, 0x42, 0x3A, 0xAD, 0x12, 0x3F, 0xCB, 0xD1,
    0xA7, 0xCC, 0x22, 0xF7, 0x90, 0x18, 0xC6, 0x57, 0xA8, 0x82, 0x3F, 0x18, 0xA9, 0xD7, 0x4B, 0x38,
    0x91, 0x99, 0xE1, 0x4C, 0x87, 0x0C, 0xBD, 0x3E, 0xC9, 0xB5, 0xC2, 0x9D, 0xA1, 0x0B, 0x6B, 0x7D,
    0xF5, 0xE4, 0xCE, 0xCF, 0x65, 0xDB, 0x87, 0xF0, 0x5A, 0x29, 0x8D, 0xA7, 0xAB, 0x56, 0x64, 0x2E,
    0x36, 0xC9, 0x60, 0xEE, 0xAC, 0x48, 0x2B, 0x9A, 0x9B, 0x9B, 0x91, 0xEE, 0x4B, 0x52, 0x79, 0x02,
    0x52, 0xA9, 0x48, 0xD2, 0x92, 0xCF, 0xA5, 0x75, 0xC7, 0x9F, 0x2D, 0x8E, 0x25, 0x5D, 0xEF, 0x7B,
    0x34, 0x09, 0xC7, 0x7E, 0x2E, 0xED, 0x66, 0x95, 0x3E, 0xD9, 0x7B, 0xDC, 0x43, 0xB3, 0x19, 0x0D,
    0x66, 0xD4, 0xD8, 0x6A, 0x32, 0xBF, 0x3D, 0xB2, 0xC6, 0x4A, 0xB9, 0xF1, 0x23, 0x17, 0x83, 0x50,
    0x73, 0xA2, 0x81, 0x95, 0x55, 0xDA, 0x15, 0x4A, 0x92, 0x00, 0x7D, 0x7F, 0xAE, 0xAC, 0xF5, 0x68,
    0xB5, 0xF5, 0xA8, 0xAD, 0x15, 0x0D, 0xD1, 0xAF, 0x0C, 0xF3, 0xBC, 0xE1, 0xCE, 0xB0, 0x35, 0x77,
    0x65, 0xD2, 0x4F, 0x93, 0x9E, 0x3B, 0xD4, 0xD3, 0xB5, 0xEE, 0x9D, 0x14, 0xF6, 0x44, 0x7B, 0x01,
    0xA9, 0x09, 0x35, 0xEF, 0x23, 0xB2, 0x9A, 0xD1, 0x8D, 0x3D, 0xA7, 0xF6, 0xAE, 0xD4, 0x57, 0x93,
    0xCA, 0x5C, 0x91, 0xB5, 0x9F, 0x23, 0x9F, 0x0E, 0xB9, 0xFC, 0x39, 0xB4, 0x51, 0xEC, 0x62, 0x95,
    0xA3, 0xCC, 0x39, 0x9B, 0xAE, 0xBC, 0x4E, 0x62, 0xEC, 0xBE, 0xBC, 0x32, 0x92, 0x06, 0x13, 0xDD,
    0xF5, 0x42, 0xB6, 0xA6, 0x84, 0xDF, 0xA8, 0xCE, 0x74, 0x48, 0xDC, 0xCC, 0x5E, 0xE1, 0xC9, 0x1D,
    0x51, 0x1F, 0x46, 0x0F, 0xF5, 0x17, 0x16, 0x24, 0xE1, 0xFD, 0x24, 0x77, 0x2D, 0xAC, 0x7E, 0x72,
    0xCB, 0x59, 0xC9, 0xE8, 0x83, 0xA3, 0x90, 0xA6, 0x9B, 0x26, 0xDD, 0x92, 0x77, 0x2D, 0xEB, 0xC5,
    0x76, 0xCC, 0xEE, 0xBF, 0x89, 0x0B, 0x5D, 0x93, 0x6C, 0x08, 0xC9, 0x2A, 0xE1, 0x67, 0x9A, 0x7E,
    0x92, 0x13, 0x6D, 0xB2, 0xC5, 0x45, 0x9B, 0xF1, 0x6A, 0xBF, 0x73, 0x4F, 0x30, 0x3C, 0xA6, 0xC5,
    0x20, 0x8B, 0x14, 0xA5, 0xBF, 0xF7, 0x82, 0x53, 0xBF, 0xEB, 0xBA, 0xEE, 0x80, 0x81, 0xDD, 0x95,
    0x7B, 0xB1, 0x6B, 0xED, 0x19, 0x5B, 0xA5, 0xD7, 0xDE, 0x92, 0x1E, 0xD0, 0xF1, 0xD6, 0xFC, 0x07,
    0x64, 0x10, 0x23, 0xE7, 0x84, 0x94, 0x15, 0x88, 0xD2, 0x0D, 0xF7, 0x8E, 0x40, 0xFD, 0x5C, 0xE4,
    0xAB, 0x2B, 0xCF, 0x1E, 0xD9, 0x83, 0x6C, 0xDE, 0x41, 0x44, 0xC1, 0x75, 0x79, 0x3B, 0xF8, 0xEB,
    0xC5, 0x95, 0xB7, 0x03, 0xDE, 0x63, 0xF0, 0xDD, 0x8B, 0xBA, 0x84, 0x4C, 0x95, 0xB6, 0xC9, 0xDD,
    0xEE, 0x34, 0xCD, 0x25, 0x7F, 0xE1, 0x04, 0xFA, 0xB8, 0xB0, 0xB1, 0x50, 0x26, 0xEA, 0x3F, 0x6B,
    0xFD, 0xDC, 0x07, 0x0A, 0x34, 0x30, 0x5E, 0x7D, 0x1D, 0x26, 0x85, 0xE5, 0x06, 0x7A, 0xFB, 0x4F,
    0x3D, 0xA9, 0x73, 0x19, 0xDD, 0x27, 0x1D, 0x01, 0x91, 0x45, 0x66, 0x4B, 0x4A, 0x9B, 0x76, 0x14,
    0x41, 0x06, 0xE0, 0x03, 0x69, 0x0C, 0x58, 0x92, 0xA6, 0x7C, 0xFF, 0x28, 0x17, 0xB8, 0x44, 0x4D,
    0xEF, 0x6F, 0xDB, 0x33, 0x5F, 0x4E, 0x19, 0xB0, 0x7F, 0x4A, 0x72, 0xE3, 0x13, 0x8B, 0xF8, 0x78,
    0x3A, 0x51, 0xF3, 0x03, 0x64, 0x4D, 0x54, 0x8E, 0xFF, 0x72, 0xAA, 0x5F, 0xB0, 0xEC, 0x69, 0xB7,
    0xBB, 0x61, 0x74, 0xB7, 0x08, 0x27, 0xAD, 0x60, 0xB4, 0x59, 0xB6, 0xD9, 0x0E, 0x40, 0x97, 0x4D,
    0x64, 0x73, 0xD3, 0x76, 0x4E, 0x68, 0xE0, 0x38, 0x83, 0x0D, 0xF6, 0x82, 0x22, 0x87, 0x0A, 0xB1,
    0xE9, 0x84, 0x3A, 0x46, 0x53, 0x1B, 0x2E, 0x77, 0xCB, 0x3B, 0x2B, 0xA4, 0x54, 0x5A, 0x49, 0x3E,
    0xC4, 0xC4, 0xCB, 0xFE, 0x28, 0xEA, 0x5C, 0x79, 0xF3, 0x1D, 0xC9, 0xA5, 0x31, 0xDC, 0x39, 0x1D,
    0x5F, 0x2F, 0xFD, 0xD6, 0x1B, 0x70, 0xF8, 0x22, 0x41, 0xF3, 0x77, 0x77, 0xB7, 0xDE, 0xD0, 0xCD,
    0x77, 0xB9, 0x67, 0x68, 0x9E, 0xCD, 0xC3, 0xAD, 0x83, 0x3E, 0x9D, 0xDF, 0x46, 0xC5, 0x44, 0xCC,
    0x47, 0x2C, 0xB8, 0x14, 0xAB, 0xAD, 0x20, 0xA7, 0xF8, 0x0F, 0xC1, 0xCE, 0x2D, 0xEA, 0x26, 0x84,
    0xCD, 0x77, 0x3E, 0x22, 0xB1, 0xBA, 0x69, 0x08, 0x26, 0x03, 0xD2, 0xBB, 0xB2, 0x49, 0x36, 0x62,
    0x06, 0x48, 0x47, 0x84, 0xD4, 0xE2, 0x7E, 0x75, 0x61, 0x60, 0xE9, 0x8B, 0x3A, 0x4F, 0xE4, 0xDA,
    0xA4, 0xDA, 0x85, 0x15, 0x7A, 0x9C, 0x7F, 0x0B, 0xBD, 0xEB, 0xBF, 0x85, 0x77, 0xA3, 0x20, 0x6A,
    0x70, 0x6B, 0x59, 0x8A, 0xBA, 0x1C, 0x8E, 0x4B, 0x36, 0xBB, 0x08, 0xF4, 0xCD, 0xAD, 0xE9, 0xB1,
    0x3F, 0xA5, 0x5A, 0x54, 0xAD, 0xB7, 0xC2, 0x96, 0x78, 0x60, 0x9B, 0xB9, 0xD4, 0xA8, 0xAA, 0xD3,
    0xF6, 0xCB, 0x88, 0xE2, 0xA5, 0x8E, 0x28, 0x16, 0x65, 0xAA, 0x4A, 0xED, 0x56, 0x5A, 0xF5, 0x50,
    0x13, 0xED, 0x6E, 0x0F, 0x0B, 0xE6, 0x88, 0xE2, 0x85, 0x8A, 0xE0, 0x73, 0x1D, 0x47, 0xE4, 0x65,
    0xE2, 0x86, 0xBA, 0x97, 0xE5, 0xA0, 0x5B, 0x97, 0xE3, 0xC6, 0x55, 0x79, 0x7C, 0x21, 0x7C, 0xAE,
    0xFA, 0xF1, 0x04, 0xD2, 0x8F, 0xE7, 0xFC, 0x96, 0xF0, 0x37, 0xB0, 0x37, 0x70, 0x37, 0x30, 0x37,
    0xF0, 0xB6, 0xA3, 0xAC, 0xED, 0x33, 0xDA, 0x08, 0x5A, 0xF3, 0x5F, 0xAC, 0x95, 0xE6, 0x91, 0xF8,
    0x02, 0x12, 0x28, 0x2C, 0xE2, 0x91, 0x54, 0xA5, 0x87, 0xFE, 0xEF, 0xEE, 0x41, 0x88, 0x2B, 0xA2,
    0xE9, 0x47, 0x54, 0xEB, 0x88, 0xCE, 0xBE, 0xDD, 0x82, 0xC3, 0x89, 0xBC, 0x3F, 0x83, 0xF4, 0x10,
    0x99, 0x58, 0x60, 0x95, 0xDE, 0x42, 0x8C, 0xC4, 0x74, 0x6B, 0xBC, 0x38, 0x72, 0xC7, 0xBF, 0xC7,
    0xCD, 0x9B, 0x71, 0x2C, 0xB6, 0xB4, 0x06, 0x10, 0x68, 0xAE, 0x67, 0xD5, 0x6B, 0x14, 0x26, 0xBF,
    0x62, 0x23, 0xE0, 0xA5, 0xF3, 0x33, 0x2D, 0xF5, 0x80, 0x8E, 0x53, 0x2F, 0x8E, 0x65, 0x7C, 0xFF,
    0xE4, 0x74, 0x22, 0x1F, 0x39, 0xD5, 0x8F, 0xE2, 0x69, 0x63, 0x3C, 0x6D, 0x70, 0xEC, 0x69, 0xB7,
    0xDE, 0x09, 0xCF, 0x7A, 0xD9, 0x46, 0xBA, 0xA0, 0x13, 0x15, 0x04, 0x7F, 0x62, 0xA5, 0x4D, 0x79,
    0xE9, 0x93, 0xEC, 0x99, 0x45, 0x6D, 0xB4, 0xBA, 0x80, 0x8F, 0x21, 0xE9, 0xE4, 0x75, 0x52, 0xA3,
    0x9E, 0xA3, 0x21, 0x21, 0x92, 0xF5, 0x1C, 0x60, 0x7E, 0x97, 0x2B, 0x27, 0x50, 0xDE, 0x29, 0xA1,
    0xEC, 0x1E, 0x6C, 0x05, 0xDC, 0x61, 0x7D, 0x7E, 0xFE, 0xB6, 0x0F, 0xAD, 0x2A, 0x32, 0x29, 0xC2,
    0x0C, 0xD6, 0x7F, 0xE7, 0xD1, 0x3F, 0xCF, 0x5F, 0xAF, 0xDF, 0xFA, 0xF0, 0x95, 0xE7, 0xDA, 0x68,
    0x8C, 0xB7, 0x0C, 0x7B, 0x64, 0x95, 0x2E, 0xED, 0xC3, 0xC7, 0xF0, 0x32, 0x6F, 0x18, 0xBE, 0x66,
    0x35, 0x92, 0x14, 0x49, 0x89, 0x12, 0x65, 0xA3, 0x38, 0x47, 0xB2, 0x49, 0x91, 0x51, 0x4A, 0x9C,
    0xE3, 0x2E, 0x9C, 0xBE, 0xA4, 0x9B, 0x27, 0xA0, 0x1B, 0xE2, 0xD6, 0x66, 0xDE, 0xEC, 0x0D, 0x9A,
    0xA8, 0x03, 0xA1, 0xEE, 0x00, 0x57, 0x9A, 0x8B, 0x55, 0xD2, 0xCF, 0x05, 0xF9, 0xE8, 0xFE, 0x49,
    0xA2, 0x7C, 0x06, 0xE2, 0x04, 0x0C, 0x44, 0x31, 0xD5, 0xDF, 0x9D, 0x42, 0xFA, 0x70, 0x9F, 0xE0,
    0xE3, 0xB7, 0xFE, 0x8F, 0xF6, 0x5B, 0xFF, 0x17, 0xD2, 0xFA, 0x3F, 0xB5, 0xEC, 0xD5, 0x43, 0xEB,
    0x7F, 0xE4, 0x9C, 0x70, 0xEB, 0xFF, 0x48, 0x5A, 0xF9, 0x6F, 0x0E, 0x5A, 0xFB, 0x7B, 0x58, 0x1C,
    0xFF, 0xBC, 0x91, 0x96, 0xFF, 0xDB, 0x8C, 0x97, 0xFB, 0xA2, 0xF5, 0x7F, 0x83, 0x3A, 0xA9, 0x23,
    0xAD, 0xFF, 0xCF, 0xA2, 0x8B, 0x5A, 0xFF, 0x6B, 0xD7, 0xA8, 0x33, 0xCE, 0x7C, 0x85, 0x06, 0x43,
    0x5B, 0x52, 0xA9, 0x53, 0x95, 0x3B, 0xFB, 0x4B, 0x7F, 0xFF, 0x96, 0xB2, 0x06, 0x0F, 0x37, 0xA7,
    0x92, 0x9F, 0xCB, 0xB5, 0xA5, 0xFA, 0x97, 0x1B, 0x37, 0x34, 0x97, 0x64, 0xE3, 0x86, 0x4F, 0x7F,
    0x35, 0x7E, 0xA1, 0xE6, 0xF3, 0x29, 0xAF, 0xC6, 0xCF, 0x88, 0x0A, 0xC4, 0x6F, 0x00, 0x8B, 0x48,
    0x3D, 0x04, 0x02, 0xC4, 0x28, 0xBA, 0xD0, 0x2A, 0xC2, 0x58, 0xF0, 0xDC, 0x57, 0xF3, 0x1E, 0x34,
    0xEC, 0x0C, 0x41, 0x2E, 0xC6, 0x83, 0x8A, 0x74, 0xCF, 0x09, 0xFE, 0x80, 0x04, 0xE5, 0x39, 0xA8,
    0x3C, 0x76, 0x93, 0x1E, 0xA3, 0x92, 0xBC, 0x8E, 0x11, 0x11, 0xDF, 0xAE, 0xA0, 0xEF, 0x36, 0x3B,
    0xFE, 0x21, 0x6E, 0xB2, 0xB7, 0x00, 0xD9, 0x0E, 0x58, 0x9F, 0xFF, 0x68, 0xCF, 0xA1, 0x24, 0x5E,
    0xA6, 0xED, 0x8A, 0xA7, 0x39, 0x6E, 0xD8, 0x39, 0xCD, 0x93, 0x9C, 0x0D, 0xB2, 0xC5, 0x65, 0xBE,
    0x41, 0x68, 0x62, 0x62, 0x2B, 0x1B, 0x52, 0x77, 0xAF, 0x73, 0x05, 0xF3, 0xDA, 0x55, 0x4F, 0xF5,
    0x8D, 0x31, 0x84, 0x6E, 0x6C, 0x79, 0x0B, 0x3C, 0x1C, 0xB1, 0xB3, 0x82, 0x93, 0xC2, 0x6F, 0x3F,
    0xC4, 0x31, 0x74, 0x89, 0x76, 0xDC, 0xFD, 0xC6, 0xF9, 0xF9, 0xD9, 0xB2, 0x6A, 0xA9, 0xB2, 0xDA,
    0xFB, 0x4F, 0x9A, 0xFF, 0xC9, 0xDF, 0x1F, 0xA9, 0x9E, 0x91, 0x7D, 0x4D, 0x65, 0x5A, 0xAD, 0x6C,
    0xD0, 0x4C, 0x25, 0x10, 0x0D, 0x74, 0xB3, 0x62, 0xE2, 0x0E, 0x2B, 0xBA, 0x5F, 0xA3, 0xAF, 0xAD,
    0x47, 0x74, 0xCB, 0x07, 0xB7, 0xA4, 0xB6, 0xBE, 0x96, 0xDA, 0xFA, 0x6D, 0xC4, 0xBC, 0x82, 0x7B,
    0x26, 0x68, 0xBF, 0x40, 0xA2, 0x75, 0xAE, 0x15, 0x1B, 0xD8, 0x75, 0x90, 0x8E, 0xAC, 0x54, 0x6A,
    0x8D, 0x7D, 0xB4, 0xD7, 0x33, 0x21, 0xF0, 0xCE, 0x1E, 0x8D, 0xAD, 0x63, 0x89, 0x7E, 0x45, 0x1A,
    0xF6, 0xFD, 0x9E, 0x64, 0x14, 0x54, 0x3F, 0x96, 0xD8, 0x91, 0x9C, 0xE6, 0xCB, 0x8C, 0x45, 0x5B,
    0x97, 0x96, 0x28, 0xE6, 0xC5, 0x5B, 0x3B, 0xEF, 0x1D, 0xCD, 0xE5, 0x0F, 0x33, 0x88, 0x16, 0x19,
    0x0E, 0x17, 0xA9, 0x60, 0x5F, 0xEC, 0xDD, 0xC3, 0x66, 0x6F, 0xA3, 0x78, 0x1A, 0x55, 0x64, 0xAC,
    0x9E, 0x54, 0x74, 0x3C, 0xA7, 0xE4, 0xB5, 0xE9, 0x51, 0xA1, 0x92, 0x4C, 0x30, 0xA2, 0xD2, 0x09,
    0xFE, 0xF7, 0x84, 0x41, 0xCC, 0xDB, 0x17, 0xAD, 0x6E, 0x06, 0xB7, 0x9E, 0x77, 0x2A, 0x23, 0xAE,
    0x87, 0xEB, 0x44, 0x75, 0xC0, 0x0D, 0x34, 0x1B, 0xCE, 0x41, 0x29, 0xB4, 0xD3, 0x0A, 0x93, 0x19,
    0x39, 0x0E, 0xD1, 0xBD, 0x87, 0xB7, 0xC7, 0xA6, 0x7D, 0x8B, 0xF8, 0x79, 0xCB, 0x08, 0xA7, 0x7D,
    0x55, 0xB6, 0xBE, 0xFE, 0x92, 0xFA, 0x76, 0x7E, 0x36, 0xE5, 0xDF, 0xC7, 0x5D, 0x3B, 0xB8, 0x96,
    0x63, 0x7E, 0xB8, 0xB4, 0x43, 0xB3, 0x9A, 0xAC, 0xC5, 0xC9, 0x45, 0xCD, 0xCD, 0x8A, 0x7F, 0x80,
    0x07, 0xB3, 0x9C, 0x95, 0x35, 0xF0, 0x46, 0x99, 0x5F, 0x33, 0x67, 0xCF, 0x2D, 0x65, 0x5E, 0x2B,
    0x57, 0xB7, 0x98, 0x10, 0x13, 0xAE, 0x37, 0xEC, 0x38, 0x39, 0xD9, 0x4A, 0xC2, 0x81, 0xFB, 0x9D,
    0x43, 0xA1, 0x4D, 0xDC, 0x3F, 0x9A, 0xFF, 0x7D, 0x91, 0xB2, 0x4B, 0x1F, 0x56, 0xEC, 0xED, 0xF8,
    0x1E, 0x76, 0x6E, 0x4C, 0x46, 0xB8, 0x41, 0x53, 0x69, 0x0C, 0xC2, 0x20, 0x61, 0xBE, 0xB7, 0x3E,
    0x7B, 0x14, 0xDF, 0xBB, 0x5C, 0xB9, 0xA5, 0xC6, 0x17, 0x27, 0xAA, 0xE3, 0xEF, 0xE9, 0x6E, 0xE5,
    0xF2, 0x14, 0xB7, 0xC2, 0xF9, 0xB5, 0xF6, 0x63, 0x28, 0x16, 0x47, 0x6D, 0x3E, 0xC8, 0x3D, 0x18,
    0x78, 0x17, 0x32, 0xE6, 0x5A, 0x9C, 0xE5, 0xC7, 0x0C, 0x97, 0x93, 0x30, 0xA5, 0x0E, 0xE3, 0x3B,
    0x97, 0x65, 0xB3, 0xF4, 0x6A, 0x71, 0xE4, 0x9E, 0x72, 0x9C, 0xCD, 0x2D, 0xED, 0x99, 0xEA, 0x39,
    0x3F, 0x7D, 0x2D, 0x95, 0xC3, 0x33, 0x71, 0x65, 0xBD, 0xEF, 0x43, 0x81, 0x96, 0x72, 0x8A, 0x26,
    0x47, 0x3E, 0x4D, 0xDB, 0xCD, 0x68, 0x9E, 0xF0, 0x87, 0xB3, 0xAB, 0x63, 0x09, 0xF0, 0xF6, 0xA2,
    0x3D, 0xB2, 0x1A, 0x0E, 0x17, 0x3B, 0xF7, 0x0F, 0x08, 0x7C, 0x7B, 0x78, 0x69, 0xA5, 0xF3, 0x14,
    0x50, 0xEC, 0x52, 0x96, 0x48, 0x22, 0xD0, 0xFD, 0x19, 0x85, 0x39, 0x92, 0x2B, 0xC9, 0x33, 0x3A,
    0xDD, 0xB6, 0x83, 0xBF, 0x02, 0xA2, 0x65, 0xB9, 0x78, 0x4A, 0x3D, 0x9A, 0x50, 0x1C, 0x2D, 0x17,
    0x47, 0xEA, 0x23, 0xD0, 0x64, 0x3E, 0xAD, 0xF0, 0xE8, 0x1A, 0xB1, 0x93, 0x9C, 0x77, 0x37, 0xEB,
    0xD1, 0x99, 0x92, 0x43, 0x3B, 0x3A, 0x3A, 0x9C, 0x08, 0xC4, 0xE8, 0xD9, 0x1C, 0x89, 0xF0, 0x3F,
    0xAB, 0xC1, 0xBC, 0x27, 0x21, 0x89, 0x50, 0x25, 0xE6, 0x46, 0x7B, 0xA9, 0x29, 0x32, 0x49, 0xE3,
    0x1A, 0x37, 0xC3, 0xEF, 0x3C, 0xE6, 0x1C, 0x21, 0x63, 0x39, 0xE6, 0xBD, 0x67, 0x81, 0xB4, 0xC8,
    0xE0, 0x8E, 0x65, 0x2F, 0x5C, 0x38, 0x36, 0x38, 0x78, 0x97, 0x8D, 0xE6, 0xA1, 0x08, 0x9D, 0x26,
    0x48, 0xA7, 0xC8, 0x28, 0x5B, 0xDD, 0x56, 0x56, 0xBE, 0x4C, 0x62, 0x6D, 0xE4, 0xCD, 0x09, 0x4A,
    0x46, 0xC2, 0x03, 0xC4, 0xFF, 0x29, 0x92, 0x2F, 0xDF, 0xA3, 0x2A, 0x47, 0xDE, 0x2B, 0x97, 0x76,
    0xA2, 0x82, 0xBB, 0xA3, 0x95, 0x67, 0x9E, 0xF2, 0x78, 0xB9, 0x15, 0xD2, 0xB3, 0x60, 0x3F, 0x4F,
    0x7D, 0x27, 0x29, 0xD9, 0xD0, 0xAE, 0xC4, 0xB1, 0x9E, 0xEB, 0x07, 0xD2, 0x19, 0xCF, 0xE9, 0x18,
    0x3C, 0x90, 0x3D, 0x1F, 0x4A, 0xDD, 0xF9, 0x48, 0xEA, 0x21, 0xAF, 0xE6, 0x9F, 0xD1, 0xFE, 0x53,
    0xBD, 0x2E, 0x6A, 0x2D, 0xE8, 0xE6, 0x5D, 0x88, 0x83, 0xD1, 0xE3, 0xEB, 0x90, 0x5B, 0xEC, 0x0C,
    0x5E, 0xF9, 0xE0, 0x58, 0x63, 0x30, 0x1D, 0x69, 0x67, 0xA6, 0xDD, 0xCC, 0xB4, 0x99, 0x99, 0xEF,
    0x65, 0xA6, 0xAD, 0xCC, 0xB4, 0x93, 0x99, 0x36, 0x32, 0xF3, 0x7D, 0xCC, 0xB4, 0x8D, 0x99, 0x76,
    0x31, 0x53, 0x22, 0xD0, 0x1E, 0x66, 0xBE, 0x85, 0x99, 0xAE, 0x23, 0x69, 0x60, 0xA6, 0xFD, 0xCB,
    0xB4, 0x7D, 0x99, 0x76, 0x2F, 0xD3, 0xE6, 0x65, 0xD2, 0xBB, 0x2C, 0x20, 0x1F, 0x5C, 0x3D, 0x77,
    0x2E, 0xC3, 0x46, 0xC4, 0x1D, 0xFA, 0x96, 0x05, 0xBE, 0xD4, 0xD5, 0xA2, 0x6B, 0x19, 0xDA, 0xB9,
    0x5A, 0x94, 0xDF, 0xD4, 0x05, 0xA7, 0x93, 0xD6, 0x70, 0xA3, 0x88, 0xCE, 0xE5, 0x6B, 0x56, 0x43,
    0xFF, 0xFB, 0x76, 0xA7, 0x56, 0x4D, 0xFA, 0x21, 0x14, 0xF2, 0xA4, 0x95, 0x36, 0xCE, 0x91, 0xAF,
    0x5D, 0x79, 0xCB, 0x3C, 0xEB, 0x46, 0x65, 0xDD, 0x6E, 0xA3, 0x32, 0x04, 0x67, 0x37, 0xDC, 0xA8,
    0x6C, 0x85, 0x14, 0x83, 0xAD, 0x91, 0xAD, 0x51, 0xB0, 0x5D, 0x04, 0xB6, 0xAF, 0xE4, 0xFD, 0x2D,
    0x96, 0x1D, 0xB4, 0x42, 0x05, 0x32, 0x01, 0xF5, 0xE2, 0xC3, 0x48, 0xDF, 0x91, 0x35, 0x54, 0x51,
    0x54, 0xD9, 0x5D, 0x75, 0xFF, 0x69, 0xD1, 0x45, 0xFE, 0x10, 0xBA, 0x08, 0x79, 0xDE, 0x5F, 0x7C,
    0xD7, 0xDA, 0x0F, 0x6E, 0x8A, 0x5F, 0xB6, 0x9B, 0xE1, 0x95, 0x3F, 0xB4, 0xF6, 0x57, 0x37, 0x8E,
    0xD0, 0x45, 0x7A, 0x40, 0x17, 0xE9, 0x05, 0x74, 0x31, 0xF7, 0xA7, 0xB1, 0xDA, 0xCD, 0xEE, 0x8E,
    0x34, 0xB3, 0x9B, 0xA4, 0x97, 0xDD, 0x24, 0xAD, 0xEC, 0xC6, 0x47, 0xCE, 0x27, 0xDA, 0xB4, 0x06,
    0x32, 0x9F, 0xBC, 0x5D, 0xFB, 0x87, 0xD2, 0x8C, 0x86, 0x06, 0xED, 0xA4, 0xC0, 0xD3, 0x56, 0x73,
    0x01, 0x1D, 0x65, 0x4E, 0x14, 0xF6, 0xFD, 0x1B, 0x3E, 0x29, 0x6A, 0x75, 0x7C, 0x3E, 0xE7, 0xC6,
    0x73, 0x86, 0x1B, 0xCF, 0x6D, 0xB9, 0xE3, 0x9C, 0x82, 0xFF, 0x0F, 0xED, 0x9D, 0x3F, 0x73, 0xDC,
    0xC6, 0x15, 0xC0, 0x17, 0x80, 0x78, 0x88, 0x89, 0x89, 0xA1, 0xC2, 0xCA, 0xD8, 0x62, 0x62, 0xA4,
    0x70, 0x11, 0xDB, 0x49, 0xAE, 0x71, 0xE1, 0xC2, 0xCA, 0x22, 0x55, 0x8A, 0x34, 0x2C, 0xA4, 0xC9,
    0x24, 0x29, 0xEC, 0xC2, 0x8D, 0xED, 0x19, 0x33, 0x1F, 0x40, 0x26, 0x90, 0x2A, 0x65, 0xAE, 0x48,
    0x2F, 0x15, 0x2C, 0x6C, 0x17, 0x91, 0x0B, 0x17, 0x29, 0x14, 0x01, 0xCE, 0x17, 0x08, 0x52, 0xA5,
    0x48, 0x03, 0xCF, 0x68, 0x26, 0x85, 0x8B, 0x60, 0xC6, 0x88, 0x03, 0xD9, 0x00, 0x36, 0xFB, 0xFE,
    0xE1, 0x70, 0x77, 0x24, 0xA5, 0x50, 0x1A, 0xE5, 0x8E, 0xBC, 0x1B, 0x11, 0x58, 0xF1, 0xEE, 0x80,
    0xDD, 0xB7, 0xBF, 0x7D, 0xFB, 0xDE, 0xDB, 0xB7, 0xA0, 0x52, 0xCA, 0xB9, 0xA7, 0xE8, 0x15, 0x18,
    0x2E, 0x4C, 0x4D, 0x4C, 0x05, 0x6D, 0x52, 0x2A, 0x24, 0x26, 0xA7, 0x82, 0x31, 0x05, 0x9E, 0x1D,
    0x63, 0x4A, 0x2C, 0xB8, 0xC6, 0x54, 0x58, 0xF0, 0x3A, 0x53, 0xD3, 0x65, 0x5A, 0xD3, 0x62, 0x21,
    0x6C, 0x12, 0x2A, 0x44, 0x95, 0xEE, 0xE9, 0x7A, 0x95, 0xA6, 0x7B, 0x24, 0x45, 0x44, 0xF7, 0xC8,
    0xF2, 0x90, 0xEE, 0x61, 0xD2, 0x10, 0xEF, 0xE1, 0x9A, 0xD8, 0xC7, 0x7B, 0x78, 0xE6, 0xC6, 0x2F,
    0xF0, 0xD2, 0xBE, 0x31, 0x74, 0x8F, 0x10, 0x0A, 0x8D, 0x14, 0x5A, 0xAC, 0xA8, 0x7D, 0x75, 0x78,
    0x61, 0x7B, 0x4D, 0xB8, 0x47, 0x52, 0x41, 0xAD, 0xE1, 0x7A, 0x05, 0x14, 0x62, 0x5B, 0x51, 0x7B,
    0xD5, 0xC8, 0xDE, 0xC3, 0x37, 0xF7, 0x95, 0x3A, 0x30, 0x0F, 0x6C, 0x5B, 0x0C, 0x5E, 0x53, 0x65,
    0xC6, 0xC4, 0x01, 0x14, 0xE0, 0x07, 0xAE, 0xA9, 0x4E, 0x7F, 0xED, 0x95, 0x5C, 0x48, 0x1A, 0x2E,
    0x70, 0x43, 0x8F, 0x2B, 0x0C, 0x9F, 0xB9, 0x3A, 0xA3, 0xF3, 0x95, 0x7D, 0x14, 0x31, 0xDC, 0x24,
    0x03, 0x29, 0x7A, 0xD8, 0xAA, 0xD0, 0x7C, 0x61, 0x9B, 0x14, 0xF5, 0x2A, 0x6B, 0x55, 0xD4, 0x2A,
    0x2B, 0xB0, 0xB0, 0x55, 0xBA, 0x55, 0xCE, 0xDB, 0x70, 0x84, 0x96, 0xC1, 0xF1, 0x3B, 0x70, 0xD9,
    0x3D, 0x68, 0xB3, 0x83, 0x2D, 0x0F, 0xF0, 0x18, 0x99, 0x99, 0x7D, 0xD7, 0x8A, 0x56, 0xB7, 0xFC,
    0x2F, 0xA1, 0x63, 0x0F, 0xD5, 0xD0, 0x20, 0x9B, 0x23, 0x3C, 0x36, 0xB6, 0x71, 0xBF, 0x37, 0xB5,
    0x67, 0x3A, 0xDF, 0x4A, 0xE3, 0x6A, 0xAC, 0x3E, 0x5C, 0x6A, 0xD9, 0x55, 0xEA, 0x0B, 0xEC, 0x48,
    0xEC, 0x45, 0x67, 0x74, 0x54, 0xD4, 0xC1, 0xAF, 0x10, 0x13, 0x3B, 0xFB, 0x8A, 0x01, 0xA0, 0x2E,
    0x05, 0x51, 0x12, 0x1B, 0xE1, 0x83, 0x8C, 0xD8, 0x08, 0x4B, 0xCD, 0x85, 0x82, 0x0B, 0x4E, 0x9C,
    0x30, 0x3F, 0xEE, 0x80, 0x96, 0x08, 0x4A, 0xE7, 0x42, 0x1D, 0xB3, 0xA6, 0x9E, 0x8D, 0x97, 0x25,
    0xBF, 0x45, 0x74, 0x8E, 0xA8, 0x93, 0xCD, 0xF0, 0xFA, 0x2D, 0x36, 0x1E, 0x2E, 0xA8, 0xFF, 0x06,
    0x57, 0xD3, 0x31, 0x1C, 0xA7, 0x0A, 0x6B, 0xEF, 0x62, 0x63, 0x22, 0x6C, 0x1B, 0x49, 0x81, 0x5A,
    0x77, 0x17, 0x8F, 0x3F, 0x58, 0x41, 0x7B, 0x1D, 0xE1, 0xBC, 0x24, 0x95, 0xFB, 0x89, 0x14, 0x32,
    0x01, 0x43, 0x3A, 0xDF, 0x13, 0x1C, 0x02, 0xEA, 0xC5, 0xC9, 0xED, 0xB0, 0x64, 0xBA, 0x42, 0xC2,
    0x22, 0x33, 0xCF, 0x08, 0x0C, 0x84, 0x87, 0xDF, 0x26, 0x04, 0x43, 0x54, 0x87, 0x54, 0xD0, 0x85,
    0x47, 0x5F, 0xDA, 0xD9, 0xF2, 0x76, 0x9A, 0x4A, 0x0C, 0xB1, 0x76, 0x11, 0x36, 0x76, 0x8A, 0x0D,
    0xD4, 0x25, 0xD5, 0x77, 0xE8, 0x12, 0xC2, 0xCE, 0x83, 0x0A, 0x1D, 0xFC, 0xB6, 0x84, 0x9A, 0x97,
    0x58, 0x5B, 0xAA, 0x21, 0xB2, 0xFA, 0x25, 0xB4, 0x2D, 0xCB, 0x6D, 0x15, 0x1C, 0x13, 0xDB, 0xB1,
    0xEF, 0x74, 0xEA, 0xD9, 0x0D, 0xA0, 0x51, 0xC8, 0x73, 0x2A, 0x2E, 0x78, 0xA2, 0xDF, 0xFD, 0x4E,
    0x2D, 0xC1, 0xA8, 0x18, 0x91, 0xC9, 0xED, 0x69, 0xCE, 0x34, 0x06, 0x05, 0xD3, 0xE8, 0xA4, 0x5B,
    0x1A, 0x9F, 0x04, 0x8D, 0x01, 0x55, 0x17, 0x6B, 0x46, 0x73, 0x0B, 0xC1, 0x48, 0x60, 0x86, 0xD8,
    0x39, 0x1E, 0x35, 0x0E, 0x8E, 0x07, 0xE9, 0xEB, 0xE7, 0x89, 0x46, 0xB1, 0x29, 0x1C, 0xD3, 0x08,
    0x7B, 0x4C, 0xA1, 0x5F, 0xF2, 0xB4, 0xEC, 0x16, 0xC2, 0xA5, 0xDF, 0x08, 0x8D, 0xA2, 0x1B, 0xA3,
    0x98, 0x69, 0xDC, 0xDD, 0xEA, 0xC6, 0xC7, 0xA4, 0xD1, 0xB9, 0x17, 0xE3, 0x1D, 0x2A, 0x6C, 0x3E,
    0xDC, 0x4D, 0x23, 0x76, 0x53, 0xD2, 0x0F, 0x3E, 0xB6, 0xF1, 0xA0, 0x14, 0xCB, 0xE7, 0x20, 0x6D,
    0x91, 0xC3, 0xBB, 0xE7, 0x80, 0x43, 0xE7, 0x48, 0x11, 0x86, 0x91, 0x71, 0x6B, 0xEE, 0xFF, 0xBF,
    0x13, 0x6B, 0xC9, 0x2D, 0xEE, 0x5C, 0xED, 0x72, 0xBF, 0xEF, 0xAA, 0xF7, 0x97, 0xAD, 0xBA, 0xA9,
    0x68, 0xD0, 0xCC, 0x88, 0x6D, 0xC8, 0xD8, 0x04, 0x5D, 0xC6, 0xF8, 0xD5, 0x11, 0x5F, 0xB0, 0xF0,
    0xEA, 0x2D, 0x87, 0x0F, 0xD1, 0x8A, 0xD3, 0x02, 0x98, 0xB1, 0x9D, 0x05, 0x14, 0x99, 0x03, 0x7B,
    0xEC, 0x41, 0xA2, 0x4E, 0x83, 0x82, 0xF9, 0xD4, 0xA7, 0xC6, 0xEC, 0xCF, 0x7B, 0x20, 0xA3, 0x0A,
    0x37, 0x03, 0x57, 0xD3, 0x6F, 0xE0, 0xB6, 0x59, 0x99, 0x95, 0xB6, 0x41, 0xA9, 0xD5, 0xA5, 0x96,
    0xC3, 0x20, 0x5D, 0x77, 0x7D, 0xE8, 0xEC, 0x2F, 0x13, 0x95, 0x88, 0x4C, 0x84, 0x28, 0xAF, 0x67,
    0xA2, 0xC2, 0x96, 0x3F, 0xA4, 0x2B, 0xB6, 0x19, 0xB3, 0xDC, 0xA5, 0xC2, 0x2B, 0x8A, 0x79, 0x3E,
    0xE6, 0xB5, 0x85, 0xED, 0xA9, 0xF8, 0xC8, 0xF4, 0x3A, 0x48, 0x07, 0xB7, 0xC5, 0xC5, 0xB6, 0xF8,
    0x58, 0xFF, 0xF0, 0x2B, 0x44, 0xB4, 0x04, 0x59, 0x24, 0x39, 0xB8, 0x8D, 0x06, 0xAD, 0xD1, 0x9B,
    0x6A, 0x37, 0xDE, 0x00, 0x77, 0xE6, 0x0C, 0xBE, 0xB6, 0xBA, 0x2C, 0x5F, 0xFA, 0x60, 0x30, 0x2D,
    0x95, 0xE8, 0x4A, 0xB1, 0x3A, 0x79, 0x9A, 0xBF, 0x14, 0xD4, 0xF4, 0xE9, 0x6B, 0x61, 0xFE, 0x1B,
    0x92, 0xAE, 0xAB, 0x6A, 0x06, 0xC9, 0x17, 0xFD, 0xCC, 0x1C, 0x86, 0x32, 0x2E, 0x5C, 0xF1, 0xE2,
    0xD5, 0x95, 0xAD, 0xD3, 0x7D, 0x2A, 0xF3, 0x24, 0xDC, 0x3F, 0x61, 0x1B, 0x3B, 0x52, 0x29, 0x34,
    0x55, 0x61, 0x43, 0x1A, 0x32, 0x96, 0xF0, 0x08, 0xF5, 0xBF, 0xFC, 0x5D, 0xF0, 0x18, 0x6A, 0xE5,
    0x58, 0xF5, 0xDB, 0x2A, 0xBF, 0x80, 0xEA, 0x83, 0x33, 0x60, 0x2F, 0x06, 0xF4, 0xA2, 0xD4, 0x23,
    0x92, 0xCB, 0x8D, 0xF5, 0x77, 0xC6, 0x2F, 0x9D, 0x88, 0xA1, 0xB8, 0x3A, 0xF3, 0x30, 0xCE, 0xA5,
    0xA8, 0x64, 0x0E, 0xBD, 0x8A, 0x39, 0x54, 0xE9, 0x96, 0xC3, 0x27, 0xC5, 0x21, 0x56, 0xCA, 0xC3,
    0x36, 0x86, 0x23, 0x57, 0x87, 0x30, 0x64, 0x0F, 0x94, 0xC2, 0x24, 0x18, 0x4E, 0xBB, 0xEC, 0x9F,
    0x27, 0x0E, 0x27, 0x47, 0xAB, 0xF3, 0x3B, 0x91, 0xE0, 0x34, 0x9A, 0x91, 0xB8, 0xAD, 0x05, 0x1B,
    0xF1, 0x7F, 0x42, 0xEA, 0x76, 0xF5, 0xED, 0x80, 0x15, 0xA3, 0x76, 0x63, 0xE6, 0xB0, 0xF0, 0xD9,
    0xDF, 0x11, 0x5A, 0x82, 0xE1, 0x82, 0x59, 0xBD, 0xE5, 0xF0, 0x61, 0x36, 0x00, 0xCD, 0x59, 0xC1,
    0x68, 0x76, 0x0E, 0x73, 0x38, 0x4E, 0xD2, 0x7E, 0xEE, 0x7F, 0x1F, 0x60, 0x6B, 0x13, 0xAC, 0x3C,
    0xF6, 0xCD, 0x27, 0x2F, 0x10, 0x8D, 0x96, 0x62, 0xB7, 0x57, 0x11, 0xD0, 0xF8, 0x05, 0xBA, 0x3F,
    0x9B, 0x45, 0xE3, 0xE4, 0xB6, 0x43, 0xBD, 0x3F, 0xED, 0xBD, 0x4A, 0xDC, 0x1F, 0x2A, 0x24, 0x77,
    0xB8, 0xAF, 0xAF, 0xF9, 0x8C, 0xC1, 0xF3, 0xEA, 0x70, 0xD0, 0x6B, 0xDF, 0xC7, 0xE3, 0x1B, 0x4A,
    0x66, 0xE7, 0x98, 0xB5, 0x62, 0xD2, 0xF3, 0xB7, 0xA6, 0x83, 0x3F, 0xBE, 0xD5, 0x8A, 0x8F, 0x44,
    0xE3, 0x6E, 0x0A, 0x6E, 0x61, 0x52, 0x87, 0xC0, 0x52, 0x17, 0x16, 0xD8, 0xCB, 0x96, 0xAE, 0x56,
    0xC3, 0x65, 0x9A, 0x00, 0x2A, 0xFD, 0x92, 0xF3, 0x60, 0x90, 0x9D, 0xBD, 0x1B, 0xBC, 0xAB, 0xBC,
    0xD2, 0xD6, 0x37, 0x8E, 0x40, 0x2B, 0xA2, 0xC8, 0x09, 0xED, 0x29, 0xD6, 0xD6, 0xF9, 0x38, 0x5E,
    0x77, 0x02, 0x9F, 0x11, 0x96, 0xEC, 0xB0, 0xFA, 0x94, 0x3A, 0x28, 0x77, 0xD9, 0x5F, 0xEE, 0xEF,
    0x9C, 0x3C, 0xD5, 0x76, 0x27, 0x42, 0xB5, 0xA5, 0xEB, 0xA9, 0xFA, 0x3B, 0x97, 0x71, 0x3E, 0x6F,
    0x95, 0x9B, 0x83, 0x26, 0xC4, 0xD9, 0xB9, 0x48, 0x36, 0x76, 0x76, 0x3E, 0xA3, 0x8F, 0x83, 0x24,
    0xC1, 0x6B, 0xE9, 0xB4, 0x47, 0x27, 0x68, 0xC8, 0x84, 0x4E, 0x6A, 0xF1, 0x74, 0x8F, 0x4E, 0x6F,
    0xD3, 0x49, 0xAD, 0x9C, 0xFA, 0x0C, 0x83, 0x19, 0xA8, 0x0A, 0xF0, 0xC4, 0xFF, 0x83, 0xA9, 0xA6,
    0xBF, 0x71, 0x43, 0x9D, 0xF4, 0xBD, 0x16, 0x07, 0x14, 0x9C, 0x92, 0x98, 0xEE, 0x97, 0xC2, 0xC9,
    0xB1, 0xE0, 0x64, 0xDD, 0x95, 0x5F, 0x9B, 0x78, 0x82, 0x35, 0x8B, 0xF5, 0x6A, 0xAD, 0xFB, 0x93,
    0x30, 0xE1, 0x61, 0x19, 0x1A, 0x1E, 0x4B, 0xE3, 0x21, 0xC5, 0xFF, 0x0B, 0xE9, 0xCB, 0xEE, 0xD1,
    0xBC, 0x77, 0x7D, 0xB4, 0x46, 0x68, 0x08, 0x23, 0xE6, 0x9E, 0xF9, 0xDA, 0xA2, 0x6D, 0xF5, 0x99,
    0xFD, 0x4E, 0xD8, 0xC1, 0xE5, 0xA6, 0xB6, 0x83, 0x6D, 0x55, 0xA0, 0x0B, 0x63, 0xDD, 0xDD, 0x78,
    0xD3, 0xC4, 0x58, 0x11, 0x3A, 0x2A, 0x3E, 0x76, 0x37, 0x6C, 0x73, 0x69, 0xDC, 0xD1, 0x51, 0x77,
    0x34, 0x92, 0x63, 0x04, 0xEC, 0xBE, 0x3A, 0xA0, 0xE1, 0x83, 0x43, 0xA0, 0x67, 0x26, 0x60, 0x20,
    0x01, 0xDC, 0xBF, 0x3A, 0x52, 0x67, 0xEE, 0x5D, 0xE7, 0x3A, 0xF7, 0x6F, 0x4A, 0xEA, 0xA1, 0x42,
    0xBF, 0x09, 0x2D, 0x02, 0xAF, 0x45, 0xCB, 0xD5, 0xAD, 0xC9, 0x3C, 0xDB, 0x8F, 0xAA, 0x79, 0x48,
    0x0A, 0x9A, 0x34, 0xB7, 0x70, 0x55, 0x40, 0x63, 0xCC, 0x5B, 0x8D, 0xCE, 0x9C, 0x2B, 0x70, 0x0E,
    0x6E, 0x0F, 0x53, 0x7E, 0x88, 0x1D, 0x4F, 0xA1, 0x8E, 0x69, 0x0E, 0x2A, 0x21, 0xCC, 0xC9, 0x82,
    0x32, 0xF3, 0x25, 0x27, 0xB2, 0x50, 0x93, 0x78, 0x30, 0xAC, 0xD4, 0x0B, 0xC7, 0x2B, 0x89, 0x35,
    0xC2, 0xE8, 0x1D, 0xF4, 0xA3, 0x3D, 0x93, 0xDF, 0xA5, 0xA8, 0x39, 0x69, 0x38, 0x52, 0x74, 0xDF,
    0x90, 0x1D, 0x99, 0xA3, 0xBA, 0xF4, 0xD3, 0x69, 0x79, 0xBA, 0xE6, 0x3D, 0x7F, 0x4A, 0x23, 0xA8,
    0x3D, 0x7B, 0x1B, 0xDD, 0xFB, 0x25, 0xDC, 0xF3, 0x16, 0xF5, 0x96, 0x3D, 0xF6, 0x21, 0x48, 0xF0,
    0xA6, 0x07, 0x75, 0xF9, 0x96, 0x15, 0xE1, 0xB1, 0xAF, 0x35, 0x54, 0x18, 0x0E, 0xFB, 0x5F, 0x29,
    0x47, 0xA7, 0xD5, 0x3C, 0x48, 0xA2, 0xC8, 0x76, 0xC0, 0x28, 0x96, 0xF3, 0xA1, 0x47, 0x13, 0x38,
    0x2E, 0x35, 0x4D, 0xCD, 0x5F, 0x62, 0xEC, 0xDD, 0x0A, 0x55, 0x06, 0xA6, 0x30, 0xF8, 0x1D, 0xBA,
    0x12, 0x56, 0x53, 0xA0, 0x65, 0x16, 0x9F, 0x6B, 0x0A, 0x60, 0x7C, 0xA0, 0xC4, 0x82, 0x6A, 0xEE,
    0xBD, 0x4E, 0x6B, 0xC5, 0x16, 0xCD, 0xB0, 0xDE, 0x3E, 0xAC, 0x6D, 0xBE, 0x97, 0x7F, 0x22, 0x8A,
    0x98, 0x6C, 0x3B, 0xA2, 0x20, 0x7C, 0x00, 0xB5, 0xB6, 0xD6, 0x15, 0xB0, 0x90, 0x83, 0x7A, 0x3D,
    0x54, 0x7E, 0xBC, 0xF6, 0xD4, 0x70, 0xAC, 0xE9, 0x26, 0x9D, 0x7A, 0x36, 0x2C, 0xE3, 0x11, 0x34,
    0xB4, 0xD2, 0xEB, 0x7C, 0x18, 0x90, 0xFD, 0x87, 0x6B, 0x4F, 0x53, 0x93, 0xBF, 0x75, 0xC1, 0xA9,
    0xF1, 0xF3, 0xE5, 0xF4, 0x0C, 0x82, 0x26, 0x6C, 0x69, 0x69, 0x17, 0x05, 0xD9, 0x73, 0x44, 0x0E,
    0xA8, 0xF9, 0xDE, 0x39, 0xA2, 0x86, 0x23, 0x43, 0x49, 0x3F, 0x8A, 0x0A, 0x39, 0x0D, 0xA5, 0x07,
    0x7C, 0x4A, 0xA1, 0x21, 0x6C, 0xBB, 0xA5, 0x86, 0x74, 0x8D, 0x5F, 0x90, 0xAE, 0x49, 0x2F, 0x2E,
    0x35, 0x7F, 0x4C, 0xD1, 0x81, 0xA8, 0x87, 0x6C, 0xB2, 0xE8, 0x33, 0x9C, 0x80, 0x7F, 0x8A, 0xF2,
    0xA7, 0x45, 0xB1, 0xA8, 0x96, 0x20, 0xEF, 0x7B, 0xF9, 0x9F, 0x91, 0x97, 0x6B, 0xE7, 0x80, 0x97,
    0x77, 0xD4, 0x4B, 0x58, 0xA1, 0xFC, 0x03, 0x6C, 0xFB, 0xBF, 0xD1, 0xFC, 0xF8, 0x27, 0x9B, 0x1F,
    0x19, 0x9A, 0xA5, 0x69, 0x30, 0xB6, 0x36, 0x83, 0x9E, 0x0D, 0xF6, 0x9C, 0xD6, 0xAB, 0x2B, 0x1C,
    0x35, 0x6F, 0xB6, 0x18, 0x79, 0xC5, 0x85, 0x00, 0x2B, 0xA8, 0xEE, 0xFC, 0x6B, 0x99, 0x88, 0x2C,
    0x94, 0xCE, 0xC7, 0x5B, 0xDF, 0xB2, 0x12, 0x35, 0x19, 0x54, 0xA3, 0x43, 0x3F, 0xFD, 0x0D, 0x4E,
    0xEE, 0x7C, 0x6E, 0xB4, 0x94, 0x47, 0x23, 0xAB, 0x43, 0xA3, 0x0F, 0xAA, 0x18, 0x76, 0xD0, 0x0F,
    0x96, 0x97, 0x1A, 0x78, 0x81, 0xC9, 0xED, 0x90, 0xC3, 0xD9, 0xEB, 0xAC, 0x5F, 0xAE, 0x8F, 0x29,
    0x88, 0x88, 0x02, 0x4D, 0x8E, 0x8E, 0xB9, 0xD3, 0x62, 0xE3, 0xF0, 0xCD, 0xB0, 0x75, 0x0C, 0xA9,
    0xDF, 0x0C, 0x72, 0x1E, 0x52, 0xE4, 0xEC, 0x62, 0x18, 0xAF, 0x8F, 0xED, 0xF1, 0xD2, 0xEB, 0x55,
    0x64, 0x21, 0xA9, 0x87, 0xB8, 0x89, 0x8B, 0x11, 0x0E, 0xBF, 0x45, 0x78, 0xAA, 0x04, 0x22, 0x38,
    0x25, 0xA8, 0x99, 0x24, 0x85, 0xF9, 0xFF, 0xC7, 0x76, 0xA4, 0xAE, 0xBF, 0x21, 0xFC, 0xBF, 0x7B,
    0xCE, 0x90, 0x65, 0x6D, 0xAF, 0x07, 0xB9, 0xD5, 0x61, 0x97, 0x15, 0x61, 0xA5, 0xCB, 0xA0, 0xB4,
    0x1E, 0x11, 0xE4, 0x06, 0xB9, 0x56, 0x14, 0x50, 0x0D, 0xB0, 0xA4, 0x23, 0xDB, 0xFA, 0xDD, 0x85,
    0x40, 0x4A, 0xCB, 0x3F, 0xCD, 0x55, 0x10, 0x01, 0x74, 0xE6, 0x13, 0xFE, 0xB1, 0x2C, 0x94, 0x7A,
    0x7E, 0x9F, 0x56, 0xBD, 0x7A, 0x1F, 0x3B, 0x29, 0x80, 0xBA, 0xD6, 0x49, 0x11, 0x96, 0xD3, 0xC2,
    0x2F, 0x60, 0x39, 0x30, 0xC9, 0xD1, 0xC0, 0xD7, 0x0D, 0x25, 0xEA, 0x41, 0xD6, 0xD9, 0xEE, 0x58,
    0x1A, 0xCF, 0xD9, 0x6B, 0x41, 0x5C, 0x89, 0x7E, 0xA6, 0xE6, 0xEC, 0x75, 0xB2, 0x1A, 0x26, 0xB6,
    0x6E, 0x64, 0x65, 0x05, 0x5F, 0x49, 0xC4, 0xF3, 0xFF, 0x22, 0x8B, 0xF1, 0x0B, 0xC2, 0x16, 0x9A,
    0x3F, 0x0B, 0x1A, 0x10, 0x87, 0x99, 0x95, 0xC5, 0xAE, 0x9D, 0x59, 0x76, 0x62, 0x2A, 0xC3, 0xEF,
    0x87, 0x9F, 0x56, 0x2C, 0xFC, 0xA7, 0x26, 0xA3, 0xE1, 0x35, 0x99, 0x51, 0x7D, 0xC6, 0xDF, 0x91,
    0xBA, 0x2A, 0x27, 0xEB, 0x79, 0xD8, 0xA2, 0x22, 0x87, 0x60, 0x39, 0x8E, 0x46, 0x8E, 0xC1, 0x6A,
    0x8E, 0xBC, 0x5A, 0x5E, 0x03, 0xFB, 0xE3, 0x02, 0xCC, 0x56, 0xDE, 0x1E, 0x8C, 0x81, 0xC4, 0xA4,
    0x01, 0x68, 0x21, 0x3B, 0x73, 0x86, 0xF4, 0x1D, 0x0A, 0xF2, 0x5A, 0x8F, 0x16, 0x95, 0x40, 0x60,
    0x28, 0xFA, 0xEB, 0xF3, 0xD9, 0x5B, 0x3D, 0x27, 0xC7, 0xFF, 0xBE, 0xC4, 0x31, 0xE8, 0x9B, 0x02,
    0xE3, 0xD1, 0xF6, 0x26, 0x38, 0x39, 0xDB, 0x79, 0x28, 0x82, 0xFB, 0xDA, 0x9B, 0x84, 0x54, 0x37,
    0xFB, 0x91, 0x16, 0x65, 0x6B, 0xAB, 0x3D, 0x0B, 0xA8, 0x6E, 0x06, 0xC7, 0x27, 0xD6, 0x3B, 0x56,
    0x1C, 0xFC, 0xA4, 0x30, 0x2A, 0x4E, 0xFA, 0x3B, 0x1F, 0x1F, 0x9D, 0x10, 0xEC, 0xE5, 0x89, 0x4A,
    0xD6, 0x06, 0xA5, 0xC3, 0x97, 0xCF, 0xF2, 0xFE, 0x55, 0xD2, 0x4D, 0x3B, 0xD7, 0x49, 0x6A, 0xA5,
    0x88, 0x10, 0x6F, 0x0C, 0xF1, 0x5A, 0x93, 0x07, 0x20, 0x90, 0x32, 0x84, 0x00, 0xB7, 0xED, 0x19,
    0x10, 0x9E, 0x06, 0x35, 0xD2, 0xC0, 0x00, 0x37, 0x4D, 0x82, 0x58, 0xAC, 0x1C, 0x1B, 0xB0, 0x73,
    0xF9, 0x58, 0xDB, 0x26, 0x3A, 0x20, 0x95, 0xD4, 0xCA, 0x24, 0x32, 0x45, 0x00, 0x92, 0x96, 0xEB,
    0xD3, 0xBD, 0x6A, 0xBC, 0x2F, 0x74, 0xE1, 0xBB, 0x2B, 0x21, 0xB4, 0x09, 0xFE, 0x46, 0x37, 0xF3,
    0xE9, 0x80, 0x65, 0xD1, 0xCE, 0x03, 0xD6, 0x1C, 0xAD, 0xBE, 0xB2, 0xCF, 0xCE, 0x58, 0x27, 0x4B,
    0xA5, 0x29, 0x6D, 0xFB, 0x30, 0xEC, 0x79, 0x50, 0x0A, 0x40, 0x98, 0xD3, 0xD9, 0x89, 0xC9, 0x51,
    0xC5, 0xB9, 0x6C, 0x1C, 0xFD, 0xD6, 0xAC, 0xB1, 0x65, 0xC5, 0xF6, 0xC5, 0xA5, 0xA5, 0x87, 0x0B,
    0x4A, 0x9B, 0x55, 0xA3, 0x32, 0xDB, 0x05, 0x38, 0x73, 0x83, 0x32, 0x85, 0xCD, 0x34, 0x10, 0x38,
    0xF1, 0x79, 0x27, 0x4D, 0x92, 0x0F, 0xB9, 0x3F, 0xD4, 0x67, 0xB4, 0x69, 0x26, 0xC2, 0xE3, 0x4A,
    0x1A, 0xD4, 0x5A, 0x92, 0x27, 0x39, 0x4D, 0xD7, 0x16, 0x53, 0x49, 0x1C, 0x3E, 0x7B, 0x6C, 0x51,
    0x50, 0x5E, 0xC3, 0x64, 0x16, 0x95, 0xD4, 0x58, 0xCA, 0x59, 0x36, 0xFD, 0x33, 0xBC, 0xC0, 0x44,
    0x21, 0x92, 0x36, 0xE3, 0xAC, 0x6F, 0x0A, 0x1F, 0xEB, 0x1C, 0xFD, 0xBA, 0x21, 0x4B, 0xF4, 0xA2,
    0x6B, 0x2E, 0xB7, 0x98, 0x6F, 0x55, 0xA0, 0x08, 0x40, 0x38, 0x72, 0xEB, 0x28, 0x63, 0x9E, 0xB2,
    0xE7, 0x33, 0x5C, 0xCB, 0x7A, 0x63, 0xB0, 0x73, 0x0C, 0xD5, 0x15, 0x6A, 0x66, 0x85, 0x5C, 0xC1,
    0x57, 0x20, 0x9C, 0x60, 0xCD, 0x10, 0xE8, 0xD3, 0x78, 0xC5, 0xEA, 0x5A, 0x43, 0xD2, 0x78, 0x34,
    0xB8, 0x1C, 0x47, 0xE6, 0x55, 0x76, 0xD9, 0x2A, 0x34, 0x80, 0xC6, 0x9B, 0x89, 0x26, 0x33, 0x52,
    0x5B, 0x1A, 0xD2, 0x67, 0x91, 0x34, 0x37, 0xDE, 0x92, 0xF6, 0xA8, 0xA4, 0x39, 0xE5, 0x72, 0xC4,
    0x92, 0xC3, 0x4E, 0xDD, 0x28, 0x59, 0x91, 0x04, 0x0D, 0x6A, 0x7F, 0xAF, 0x0C, 0xCF, 0x13, 0x69,
    0x3C, 0xCF, 0xBB, 0xBC, 0xD8, 0xED, 0xB3, 0x1D, 0x10, 0xF0, 0x16, 0x0C, 0xF7, 0xB3, 0x76, 0x8C,
    0xA0, 0x25, 0x8D, 0x12, 0x05, 0x9B, 0x29, 0x89, 0xA5, 0x7F, 0x76, 0xAB, 0xD3, 0x1E, 0x85, 0xB4,
    0xF7, 0x66, 0x94, 0xE4, 0xD6, 0xAA, 0x61, 0xE5, 0xDB, 0x4E, 0x8F, 0xB4, 0x22, 0x96, 0x67, 0xE3,
    0x80, 0x31, 0x8F, 0x71, 0x54, 0x70, 0x7B, 0xA5, 0x26, 0xF7, 0x2D, 0x1A, 0x68, 0x63, 0xDC, 0x98,
    0x37, 0x06, 0x8E, 0x89, 0x3B, 0x0E, 0x39, 0xA1, 0x8E, 0xB1, 0x13, 0xD1, 0x53, 0x8D, 0x89, 0x3C,
    0x45, 0xE8, 0x29, 0x62, 0x4F, 0x11, 0x7C, 0x8A, 0xE8, 0x53, 0x84, 0x9F, 0x22, 0xE6, 0x8E, 0x3B,
    0x35, 0x8A, 0x18, 0xA4, 0x53, 0xAD, 0x88, 0x42, 0x45, 0x18, 0x2A, 0xE2, 0x90, 0x7A, 0x98, 0xEE,
    0xC7, 0x77, 0xA7, 0xC8, 0x37, 0x0D, 0x2B, 0x86, 0xD1, 0xE5, 0xAC, 0x24, 0x49, 0x4A, 0x4A, 0xCC,
    0x3F, 0x10, 0xBA, 0xEC, 0x16, 0x59, 0xFC, 0x87, 0x1E, 0x25, 0x6B, 0xBC, 0xA0, 0xDE, 0x5F, 0x6C,
    0xA0, 0x16, 0x9B, 0xB6, 0x57, 0x23, 0x09, 0x59, 0x5F, 0x99, 0x68, 0xD4, 0x15, 0xCD, 0x19, 0x59,
    0x4E, 0x29, 0x73, 0x97, 0xB6, 0x7A, 0xCF, 0xBE, 0xDB, 0xC0, 0x04, 0x3B, 0x35, 0x1E, 0x5E, 0x0D,
    0x04, 0xAD, 0x31, 0xF3, 0x4B, 0xFB, 0x70, 0x8D, 0x17, 0x79, 0xBD, 0xE2, 0xCA, 0xF2, 0x96, 0x17,
    0xDC, 0xEF, 0xE2, 0x60, 0x90, 0xC6, 0xC7, 0x7D, 0x09, 0x51, 0x0B, 0xA1, 0xE7, 0xA4, 0x82, 0x29,
    0x7A, 0x9A, 0x3A, 0xF7, 0xD7, 0x5D, 0xE3, 0xC9, 0x1E, 0x70, 0x61, 0x26, 0x93, 0x65, 0x1A, 0xD2,
    0x60, 0x7E, 0x4F, 0x79, 0x40, 0x51, 0x43, 0x1F, 0x48, 0x4A, 0x1A, 0x8F, 0xF6, 0x16, 0x78, 0x7E,
    0xF9, 0x84, 0x8D, 0x16, 0x5B, 0x3F, 0xF3, 0xF1, 0xFC, 0x4C, 0x86, 0xB2, 0x9A, 0x6F, 0xAF, 0xA7,
    0x3C, 0x59, 0x94, 0xA2, 0xDB, 0x83, 0x37, 0xE1, 0xB7, 0xB0, 0x34, 0x14, 0x56, 0x30, 0x47, 0xEB,
    0x02, 0x0C, 0xC3, 0x20, 0x76, 0x66, 0x1B, 0xE0, 0x35, 0x9C, 0xC1, 0x5F, 0x95, 0xF5, 0x67, 0xDB,
    0x46, 0x79, 0xC4, 0x40, 0x52, 0xC8, 0xEE, 0x09, 0x36, 0x0A, 0x23, 0x29, 0x64, 0xBC, 0xB6, 0x08,
    0x8F, 0x35, 0xD8, 0x39, 0xC2, 0xC2, 0x0C, 0xD2, 0xA8, 0x14, 0xB2, 0x1A, 0x4A, 0x1A, 0xD8, 0x62,
    0x01, 0x80, 0xC5, 0xCF, 0x80, 0x98, 0x74, 0xCB, 0xC8, 0x42, 0xFD, 0xB1, 0x49, 0x94, 0x6E, 0xC6,
    0xBD, 0xCF, 0xD4, 0x0E, 0xD8, 0x2A, 0xE6, 0x16, 0x66, 0x0E, 0x02, 0x57, 0x09, 0xB9, 0x4A, 0xD0,
    0x55, 0xC2, 0xAE, 0x12, 0x78, 0x95, 0xD0, 0x79, 0x4C, 0x21, 0x39, 0xE9, 0xAD, 0x52, 0x09, 0xC3,
    0x4A, 0x20, 0x56, 0x42, 0xB1, 0x12, 0x8C, 0x95, 0x70, 0x3C, 0x80, 0x3C, 0x27, 0x79, 0x40, 0x79,
    0x60, 0x79, 0x0E, 0xF3, 0x40, 0xF3, 0x2A, 0xCE, 0xAF, 0xB3, 0x68, 0xC7, 0x3B, 0x05, 0x5C, 0x56,
    0x11, 0x1C, 0x01, 0x26, 0x03, 0x89, 0x37, 0xF9, 0x71, 0xC6, 0x47, 0x18, 0xA3, 0xD5, 0xE8, 0x48,
    0xEE, 0xA1, 0x47, 0x13, 0x1C, 0x26, 0xB7, 0xEF, 0xFC, 0x01, 0xBE, 0x69, 0x2B, 0xF6, 0xAF, 0x8E,
    0x32, 0xFD, 0x1A, 0xAA, 0x5C, 0xF9, 0xC8, 0xD3, 0x70, 0xFB, 0x54, 0xA6, 0xE1, 0x61, 0xC7, 0x44,
    0x38, 0xEC, 0x8F, 0x90, 0x80, 0x9B, 0x96, 0xF4, 0x4B, 0x2D, 0xF9, 0x93, 0x9C, 0xE2, 0x07, 0xED,
    0x6A, 0x09, 0x3E, 0xB5, 0xD7, 0x32, 0x7C, 0xEA, 0xB9, 0x2D, 0x7C, 0x67, 0x80, 0xCF, 0xE1, 0x04,
    0xEA, 0x6A, 0x14, 0x4B, 0x50, 0x51, 0x37, 0x16, 0xA3, 0xC7, 0xE2, 0xE7, 0x8D, 0x81, 0x9C, 0x7F,
    0xE6, 0x56, 0xE4, 0xB2, 0xC4, 0x1B, 0x0C, 0x9F, 0x44, 0xEA, 0x86, 0x50, 0xDD, 0x10, 0xAB, 0x1B,
    0x82, 0x75, 0x43, 0xB4, 0x6E, 0x08, 0xD7, 0xCD, 0xE3, 0x75, 0x43, 0xC0, 0x0E, 0xD4, 0x29, 0xE1,
    0xA8, 0x53, 0xC6, 0x51, 0xC7, 0x2C, 0xBE, 0x17, 0xB7, 0x38, 0x3E, 0x12, 0x8E, 0x18, 0xD5, 0xE3,
    0xB0, 0x1E, 0xC7, 0xF5, 0x38, 0xB0, 0xC7, 0x91, 0xBD, 0x21, 0xB4, 0xC7, 0x81, 0x18, 0xF6, 0x95,
    0x35, 0xAB, 0x44, 0xEA, 0xB6, 0x28, 0x45, 0x2A, 0x77, 0x37, 0x99, 0x4A, 0x67, 0xC6, 0x8B, 0xE3,
    0xD1, 0x7C, 0xBF, 0xC4, 0xEF, 0x6A, 0x11, 0x1B, 0x17, 0x64, 0xE3, 0xC4, 0xA1, 0xB5, 0xA0, 0x11,
    0xBD, 0x1F, 0x39, 0x26, 0x8E, 0xFA, 0x63, 0x15, 0xE0, 0x16, 0xBD, 0x47, 0xD1, 0x84, 0x7E, 0xE3,
    0x14, 0xF3, 0x3D, 0xFA, 0xBC, 0x43, 0x5F, 0x53, 0xCE, 0xBC, 0xFE, 0x39, 0x3D, 0xB7, 0xC0, 0x41,
    0x9F, 0x70, 0x47, 0xBD, 0xE2, 0x77, 0xE3, 0xA4, 0xFF, 0x8D, 0xD4, 0x7D, 0x50, 0x57, 0x11, 0xC0,
    0x16, 0x9C, 0xC7, 0xB2, 0xDF, 0x8E, 0xF1, 0x48, 0x06, 0x97, 0xE3, 0xB4, 0x6D, 0x0E, 0xC3, 0x67,
    0xAE, 0x2E, 0x07, 0x52, 0xCE, 0x07, 0x5F, 0xCB, 0xDE, 0x88, 0x28, 0x6B, 0x4E, 0xA7, 0x30, 0x0B,
    0xC9, 0x15, 0xBC, 0xEA, 0xB5, 0xB8, 0xC3, 0x1D, 0xD6, 0x8C, 0x21, 0x57, 0x20, 0x87, 0x45, 0x63,
    0xDC, 0x7C, 0x04, 0x23, 0x12, 0x7E, 0x13, 0xEF, 0xC2, 0xFD, 0xF6, 0x60, 0x5F, 0x0A, 0xD4, 0x1C,
    0x8D, 0x94, 0x75, 0x2B, 0xC0, 0xC6, 0x1D, 0x1F, 0x0B, 0x46, 0x11, 0xF4, 0x1A, 0x89, 0x44, 0x35,
    0x03, 0xAD, 0x18, 0x6F, 0xC7, 0xF1, 0x78, 0x44, 0x51, 0x77, 0xE6, 0xBC, 0xDB, 0x92, 0xED, 0x92,
    0x77, 0x3F, 0x8E, 0x1F, 0x92, 0x3F, 0x32, 0x1A, 0xB2, 0xC3, 0x0E, 0xA4, 0xD5, 0xC2, 0xF0, 0x99,
    0x85, 0x5C, 0x92, 0x49, 0xD6, 0xA8, 0x03, 0x63, 0x2B, 0x57, 0x07, 0xB8, 0xB3, 0xA7, 0x86, 0x87,
    0xAD, 0x24, 0xA6, 0xA2, 0xE8, 0x41, 0x45, 0xF4, 0x3C, 0x99, 0x13, 0xA2, 0x08, 0x80, 0xE1, 0xA9,
    0x9F, 0x80, 0xA6, 0xC0, 0x41, 0xB7, 0x2F, 0x69, 0x32, 0x96, 0xA3, 0xBF, 0x62, 0x46, 0x47, 0x1F,
    0x80, 0x5C, 0xDE, 0xDD, 0x77, 0x57, 0xB7, 0xF4, 0xA8, 0x8F, 0xC6, 0xE3, 0x22, 0xE0, 0x08, 0xDC,
    0xC2, 0xC9, 0xA7, 0xF7, 0x9C, 0x8F, 0xD8, 0xC2, 0xBB, 0xAE, 0x96, 0x76, 0x65, 0xC9, 0xCA, 0xBE,
    0x6B, 0x0E, 0x48, 0x82, 0x5E, 0x1B, 0x34, 0x2C, 0x51, 0x2E, 0xA8, 0xCB, 0xB2, 0x25, 0x56, 0x25,
    0xA5, 0x18, 0x88, 0xB1, 0xE4, 0xA0, 0xCB, 0x50, 0x15, 0x7F, 0xC5, 0x3D, 0xE1, 0xA1, 0x18, 0x5B,
    0x86, 0x17, 0x19, 0x76, 0xEF, 0x71, 0xF0, 0x8A, 0x92, 0xB4, 0x49, 0x0B, 0x98, 0x9F, 0xE1, 0xA7,
    0x7A, 0x7A, 0x4A, 0xC3, 0x07, 0xFC, 0x44, 0x2A, 0x5A, 0x8A, 0xA3, 0xE4, 0x38, 0x7B, 0xF1, 0x74,
    0xBE, 0x48, 0xA7, 0x1C, 0x96, 0xFF, 0xED, 0x93, 0xC6, 0xC5, 0x66, 0x40, 0x2D, 0x8B, 0xBC, 0xD2,
    0x9C, 0x61, 0xD5, 0x8D, 0x17, 0x7D, 0xC8, 0xD7, 0xE5, 0xB1, 0x2B, 0x79, 0x01, 0x76, 0x7E, 0xC3,
    0x19, 0x43, 0xDF, 0x67, 0xAF, 0xEC, 0xF9, 0xF1, 0x9E, 0xB9, 0x79, 0xA1, 0x16, 0xEF, 0xA6, 0x12,
    0x06, 0x4B, 0x61, 0x30, 0x65, 0x06, 0x3B, 0xC5, 0x0C, 0x16, 0x17, 0x52, 0x8F, 0x06, 0x6C, 0xFF,
    0x14, 0xE3, 0xD0, 0x03, 0x3F, 0xDB, 0x8B, 0xE2, 0xFF, 0x1C, 0x87, 0xE1, 0x27, 0x06, 0xF0, 0x23,
    0xC2, 0xBC, 0x52, 0xA1, 0x8A, 0x88, 0x25, 0x35, 0x8F, 0x27, 0x6A, 0x49, 0x7C, 0xEC, 0x00, 0xBE,
    0x3B, 0xA6, 0x25, 0xF8, 0x2A, 0x84, 0x0F, 0x12, 0xE6, 0xD6, 0x0A, 0x3E, 0x91, 0x84, 0x3B, 0x3C,
    0xA9, 0x4F, 0xAC, 0x40, 0x5F, 0x02, 0x2E, 0xBE, 0x04, 0x5C, 0xBC, 0x61, 0x7F, 0x67, 0x66, 0xE5,
    0x81, 0xF0, 0x81, 0x60, 0x28, 0x24, 0x30, 0xD9, 0xC2, 0x77, 0x16, 0xF8, 0x5E, 0x53, 0xC3, 0xCE,
    0x94, 0x81, 0x2F, 0x4F, 0x82, 0x7F, 0xC5, 0xD8, 0x40, 0x8C, 0xDA, 0x85, 0x27, 0xD8, 0xDC, 0x55,
    0x3C, 0x3F, 0x6D, 0x30, 0x7C, 0x4F, 0x72, 0x3E, 0x46, 0x1C, 0x61, 0x3E, 0x46, 0x1C, 0x61, 0x3E,
    0x46, 0x0A, 0x61, 0x3E, 0xDE, 0xE2, 0xF8, 0x70, 0x1C, 0x27, 0x5F, 0x73, 0x4A, 0x6C, 0x41, 0x4B,
    0x53, 0xB8, 0xD3, 0xA5, 0xA7, 0x4D, 0xA7, 0x2D, 0x29, 0x3C, 0xE9, 0x80, 0x70, 0xBC, 0xF7, 0x94,
    0xB1, 0x63, 0xFB, 0xC7, 0xAB, 0x90, 0x4A, 0x67, 0xB6, 0xC9, 0x54, 0xFE, 0x92, 0xE7, 0x63, 0x8F,
    0x76, 0x3C, 0xA0, 0x4B, 0x6A, 0xE4, 0xA9, 0x00, 0x5C, 0xF8, 0x86, 0x17, 0x7E, 0x71, 0xFF, 0x25,
    0xA0, 0xE7, 0xE6, 0xD3, 0x52, 0x82, 0xA3, 0x5B, 0x4D, 0x78, 0x16, 0x4D, 0x98, 0xC5, 0xAF, 0xE1,
    0x37, 0x8A, 0x43, 0xBC, 0xC2, 0x03, 0x33, 0x17, 0x78, 0xF8, 0x39, 0x7E, 0x27, 0xC8, 0x49, 0x9C,
    0xF1, 0xEE, 0x6C, 0xF3, 0x75, 0xDF, 0x82, 0xC7, 0xBF, 0x05, 0x67, 0x7D, 0xFC, 0x60, 0xCE, 0x55,
    0x38, 0x0F, 0x7C, 0x9D, 0xDD, 0x55, 0x96, 0x15, 0xB9, 0xE9, 0xD2, 0x4C, 0x2B, 0xFE, 0x48, 0xC2,
    0x32, 0xE4, 0x6D, 0x3D, 0xF6, 0x92, 0xCD, 0x38, 0x67, 0xC3, 0xBE, 0xDE, 0x3A, 0x65, 0x33, 0xBA,
    0xC5, 0x16, 0x44, 0x06, 0x1C, 0xE3, 0x19, 0x12, 0xEC, 0xED, 0xB9, 0xB0, 0xF2, 0x83, 0x3D, 0x34,
    0x94, 0xE0, 0x0F, 0x06, 0x38, 0xE4, 0x7E, 0x50, 0x52, 0x40, 0xCC, 0x4F, 0x21, 0xC9, 0x3D, 0x4A,
    0x0E, 0x28, 0x7C, 0x0E, 0xFB, 0x61, 0xE6, 0x9C, 0x95, 0x13, 0xAD, 0x8A, 0xDA, 0x4E, 0xA1, 0x05,
    0xFD, 0x8E, 0x16, 0xAF, 0xE5, 0xE1, 0x40, 0x21, 0x2B, 0x6E, 0x7F, 0x48, 0xD8, 0x91, 0xE4, 0x80,
    0xE6, 0xB1, 0xCE, 0x01, 0x87, 0x03, 0x25, 0x3E, 0xC8, 0x67, 0x87, 0x1F, 0xB3, 0x72, 0xAC, 0x95,
    0xE7, 0x2E, 0x59, 0x79, 0xE5, 0xA9, 0x56, 0xDE, 0xE9, 0x2F, 0x2B, 0xB9, 0x72, 0x0A, 0x24, 0x82,
    0x10, 0xE1, 0x94, 0x6B, 0xD3, 0xC0, 0x23, 0xA6, 0x7C, 0x53, 0x38, 0xB6, 0x2A, 0x70, 0x13, 0x7B,
    0x02, 0x61, 0x59, 0xB9, 0x02, 0xCE, 0x76, 0xF4, 0x85, 0xB8, 0xE9, 0x06, 0xBB, 0x0A, 0xF6, 0xF4,
    0xD4, 0xD0, 0x8C, 0x14, 0xC4, 0x6D, 0x87, 0x27, 0xCC, 0xEA, 0x56, 0x07, 0x83, 0xD4, 0x1C, 0xF3,
    0x39, 0xF6, 0xB2, 0xF9, 0x12, 0x2B, 0x9C, 0xFD, 0x87, 0xD6, 0xB4, 0xA8, 0xA1, 0xF4, 0xD8, 0x1F,
    0x7E, 0x94, 0xAF, 0x9C, 0xF8, 0xF9, 0x4D, 0x9E, 0x6C, 0x57, 0x8F, 0x57, 0x17, 0xAF, 0x09, 0x20,
    0x1F, 0x3F, 0x9F, 0xD0, 0xA3, 0x70, 0x12, 0x8A, 0x19, 0x26, 0x86, 0x37, 0x0B, 0x51, 0x72, 0xE4,
    0x83, 0x8B, 0x4D, 0xCC, 0xEA, 0x4B, 0xFE, 0xE0, 0xC3, 0x60, 0x21, 0xD7, 0xC7, 0x9E, 0xE5, 0x7D,
    0xDA, 0x19, 0xB5, 0x49, 0x7C, 0xA0, 0xEE, 0x4E, 0xDA, 0x10, 0x83, 0xF2, 0x90, 0x2E, 0x03, 0x7C,
    0x4C, 0x71, 0x8B, 0x59, 0x1C, 0x19, 0xE4, 0xC3, 0x42, 0x04, 0x7C, 0x38, 0xFB, 0x23, 0x3E, 0xF8,
    0xB9, 0x4C, 0x9E, 0x91, 0x2D, 0x74, 0xBC, 0x79, 0xEE, 0x2B, 0x1A, 0x5F, 0x3A, 0xCF, 0x52, 0x12,
    0x1F, 0x9D, 0x1D, 0xF9, 0x73, 0x08, 0xFC, 0x80, 0xDF, 0x21, 0xFE, 0x2E, 0x7F, 0x2E, 0x21, 0xE1,
    0xEB, 0xBE, 0x7C, 0xB1, 0x35, 0xD7, 0xE0, 0x10, 0x94, 0xF4, 0xEE, 0xA2, 0x43, 0x80, 0x5F, 0x61,
    0xBF, 0x60, 0xD9, 0x21, 0x88, 0x17, 0x1D, 0x02, 0x5A, 0xCD, 0xBC, 0xB8, 0x0A, 0x6C, 0x32, 0xA3,
    0xCC, 0x2A, 0xDD, 0x52, 0x66, 0x72, 0x66, 0x48, 0x5E, 0xFC, 0x48, 0x2E, 0xD8, 0x13, 0x8C, 0x5F,
    0x68, 0x79, 0x22, 0xFE, 0xA1, 0xDB, 0xAB, 0x87, 0xBF, 0x2E, 0x9C, 0x42, 0xCC, 0xE2, 0xD7, 0x69,
    0x79, 0xEF, 0x10, 0xBF, 0xB3, 0xE4, 0x1E, 0xF4, 0x98, 0xD5, 0x4C, 0x69, 0x7C, 0xE9, 0x64, 0x76,
    0xB1, 0x27, 0xCD, 0xFF, 0x02, 0xCD, 0x58, 0x3F, 0x8F, 0xE5, 0x56, 0x15, 0x3F, 0xB6, 0x95, 0x31,
    0x1A, 0x23, 0x39, 0xC5, 0x42, 0x31, 0x81, 0x5C, 0xCA, 0x15, 0x52, 0xC6, 0x0D, 0x4D, 0xA4, 0x59,
    0xAE, 0x49, 0x8A, 0xB4, 0x83, 0x94, 0xD4, 0x50, 0xD0, 0xB0, 0x4D, 0xA6, 0x04, 0xB4, 0xAC, 0x0D,
    0x7C, 0x81, 0x29, 0xF8, 0x00, 0x5B, 0x6C, 0x41, 0x1E, 0x12, 0x4C, 0xB1, 0x45, 0x14, 0x25, 0x6B,
    0x93, 0x2F, 0x10, 0xF3, 0x0D, 0x5C, 0x20, 0x1A, 0x1A, 0x0B, 0xB9, 0x30, 0xAC, 0xED, 0xCB, 0xEF,
    0x77, 0xEE, 0xF5, 0xDB, 0x37, 0x3B, 0x83, 0x16, 0x21, 0xC8, 0xE6, 0x3E, 0xFB, 0xDC, 0xFF, 0xE7,
    0x9E, 0x73, 0xEE, 0xF9, 0xE7, 0x27, 0xC3, 0xCB, 0x8A, 0xA0, 0xDC, 0x8D, 0xEB, 0xD3, 0xAC, 0xCE,
    0xFE, 0x20, 0xF1, 0xC4, 0x27, 0x5B, 0xE5, 0xF4, 0x59, 0x7D, 0xF7, 0xEF, 0xB5, 0x60, 0xF6, 0x7F,
    0xFE, 0x84, 0x92, 0xD5, 0x22, 0x71, 0x8F, 0xC6, 0xC7, 0x78, 0x4F, 0xF1, 0xA6, 0x6D, 0xE3, 0x5C,
    0xFF, 0xC9, 0xEE, 0xF7, 0xDD, 0x95, 0xE4, 0xE5, 0x95, 0xDC, 0x93, 0x2B, 0x19, 0xE5, 0x2A, 0x69,
    0xE5, 0xEA, 0x58, 0xD0, 0xFE, 0x72, 0xDE, 0x7D, 0x39, 0xF5, 0xA4, 0x91, 0x44, 0x92, 0xCA, 0x2E,
    0xE9, 0x7B, 0xB8, 0xDB, 0xF5, 0x46, 0xA4, 0x07, 0x59, 0x3D, 0xB8, 0xE9, 0xE5, 0x0C, 0xEF, 0xB1,
    0x90, 0x91, 0x2F, 0xEB, 0xD5, 0x62, 0x9D, 0x6B, 0x2B, 0xE7, 0xBA, 0xF0, 0xB6, 0x27, 0xBB, 0x5D,
    0xFD, 0xEF, 0xC6, 0x1D, 0x8B, 0xDC, 0x84, 0xBE, 0x68, 0xBB, 0xBD, 0x09, 0x0F, 0x66, 0xB5, 0x0C,
    0x2F, 0x6D, 0x1E, 0x48, 0xEF, 0xBF, 0xDC, 0xF6, 0xDD, 0xCB, 0xE3, 0xC7, 0x55, 0x6F, 0xA6, 0xAF,
    0xFA, 0xFB, 0x8D, 0xF3, 0xD7, 0xDE, 0xFF, 0x4F, 0xA4, 0xE7, 0xCB, 0x07, 0x2C, 0xE5, 0xCD, 0x35,
    0x3B, 0x16, 0xBD, 0xB5, 0xCF, 0x24, 0x76, 0x92, 0xCE, 0x92, 0x4F, 0x62, 0x46, 0x29, 0x06, 0xB1,
    0x83, 0x54, 0xFE, 0x99, 0xC4, 0xCE, 0x52, 0xCC, 0x92, 0x75, 0xB4, 0x91, 0xD1, 0xCE, 0x76, 0xCD,
    0xD7, 0x8C, 0xBF, 0x25, 0x9B, 0xF3, 0xC9, 0x0C, 0xB6, 0xAB, 0xEA, 0x53, 0x89, 0xCE, 0xCD, 0x64,
    0x97, 0x42, 0xE7, 0xD2, 0x15, 0x33, 0x73, 0x3E, 0x16, 0x83, 0x6D, 0xAB, 0xF2, 0x0E, 0x0F, 0xC8,
    0x7B, 0xB1, 0x0B, 0x31, 0x55, 0x63, 0x40, 0x8C, 0x13, 0x70, 0x4E, 0x3E, 0xF2, 0xCC, 0x64, 0x96,
    0x08, 0xEA, 0xF0, 0xCB, 0x40, 0xEF, 0x67, 0xF2, 0x7D, 0xD2, 0x43, 0x8A, 0x92, 0x15, 0xF3, 0x20,
    0xCC, 0x8C, 0x58, 0x56, 0x0C, 0x20, 0xCE, 0x0E, 0x05, 0xF7, 0x5B, 0xE2, 0xB1, 0x13, 0xE8, 0x03,
    0x52, 0x12, 0x05, 0x1A, 0xCD, 0x0A, 0x2A, 0xD3, 0xA0, 0xA2, 0xE9, 0x18, 0x93, 0xF4, 0x62, 0x15,
    0xBB, 0x1A, 0x27, 0xF9, 0x9A, 0x3B, 0x38, 0x96, 0x94, 0x20, 0x01, 0x58, 0x08, 0xE6, 0x74, 0x01,
    0xFA, 0x0C, 0xE8, 0x07, 0x10, 0x62, 0x3B, 0x03, 0xCC, 0xB5, 0x6D, 0x61, 0x6C, 0x30, 0xB1, 0xE8,
    0x5C, 0xCE, 0xC5, 0x70, 0x96, 0x7C, 0x49, 0x41, 0x04, 0xE0, 0x2E, 0x20, 0x48, 0x15, 0x8B, 0xD2,
    0xA7, 0x58, 0x46, 0xAC, 0x2B, 0x86, 0x1C, 0x7C, 0xB5, 0x45, 0x2F, 0x55, 0x69, 0x6B, 0xB9, 0x23,
    0xAF, 0x05, 0x86, 0xF2, 0x3E, 0x03, 0xFA, 0x05, 0xF4, 0x29, 0xA5, 0xD5, 0x48, 0x41, 0x04, 0x16,
    0x28, 0x89, 0x62, 0xF4, 0xBC, 0xE5, 0xE4, 0x52, 0xF9, 0x4D, 0x88, 0x39, 0xA2, 0x0C, 0x20, 0x15,
    0xD8, 0x7E, 0xF4, 0x11, 0x5D, 0x96, 0xAB, 0x09, 0x4A, 0x30, 0x47, 0xE3, 0x49, 0x9E, 0x83, 0x55,
    0xE4, 0xE7, 0xF1, 0x7A, 0x74, 0xD5, 0x3C, 0x5B, 0xDD, 0x08, 0x37, 0xB1, 0x81, 0x7F, 0xAE, 0xCD,
    0xF8, 0x76, 0xBC, 0x44, 0x57, 0x12, 0x2F, 0x58, 0xF7, 0x02, 0xE0, 0xB6, 0x1B, 0xE0, 0x3A, 0xE6,
    0xF4, 0x3A, 0xD0, 0x12, 0x68, 0x51, 0x32, 0xCA, 0x1B, 0x3B, 0x02, 0x2D, 0xD1, 0x73, 0x5A, 0x26,
    0x0F, 0x48, 0xCB, 0xF7, 0x3C, 0x2D, 0xB7, 0x1C, 0xB4, 0xDF, 0xAB, 0xA4, 0x3D, 0xFC, 0xE1, 0xF2,
    0xCD, 0xC3, 0xBD, 0x04, 0xD5, 0x5F, 0x97, 0x0F, 0xC7, 0xD7, 0xB1, 0xF7, 0xF5, 0x17, 0x29, 0x0D,
    0xF4, 0x6D, 0x04, 0x69, 0xF9, 0x09, 0xA5, 0x55, 0xB8, 0xCE, 0xBA, 0xA1, 0xD2, 0xC7, 0xBA, 0x1E,
    0x5D, 0x92, 0xFD, 0x3E, 0x30, 0x88, 0x3C, 0xA5, 0xF1, 0x40, 0x57, 0xDC, 0x4A, 0x23, 0xEA, 0xF1,
    0xAE, 0x34, 0xA6, 0x3E, 0x38, 0x87, 0xCE, 0xF7, 0x7B, 0x3F, 0xDF, 0xFB, 0xF5, 0xDC, 0x97, 0x4D,
    0x76, 0x6D, 0x5C, 0xE3, 0xAA, 0xD5, 0xCE, 0x47, 0x97, 0x19, 0x34, 0xB0, 0xB3, 0x6B, 0xC4, 0x23,
    0x12, 0x37, 0x12, 0x4C, 0xDA, 0xB2, 0x0B, 0xC6, 0x8E, 0x1E, 0xC9, 0xFD, 0x12, 0x57, 0x2F, 0x4D,
    0x29, 0x19, 0x86, 0x40, 0x5F, 0x27, 0xD5, 0xD2, 0x40, 0x4F, 0x81, 0xB2, 0x01, 0x1E, 0xC9, 0xE1,
    0x7F, 0xDC, 0xBA, 0x1F, 0x81, 0x62, 0x24, 0x30, 0xDE, 0x6A, 0x3E, 0xBE, 0x14, 0x81, 0x9C, 0x8F,
    0x2F, 0xB9, 0x6F, 0x3B, 0x8F, 0x83, 0xB7, 0x87, 0xAE, 0x8F, 0xB1, 0xFD, 0xC9, 0xD1, 0x57, 0x38,
    0x74, 0xAD, 0x71, 0xFF, 0xF0, 0xA3, 0xE8, 0xD5, 0x87, 0xAE, 0x3B, 0x74, 0x2F, 0x91, 0x2B, 0xD3,
    0xA7, 0x9D, 0x39, 0x7B, 0xF2, 0xE0, 0xEC, 0xDE, 0x70, 0x96, 0xD7, 0x67, 0x09, 0x68, 0xF9, 0x7F,
    0x3D, 0x7B, 0xA9, 0xE4, 0xD0, 0xCD, 0xEC, 0x37, 0x1D, 0x05, 0x03, 0x95, 0x90, 0x9F, 0xBD, 0x05,
    0x60, 0xB2, 0x1A, 0x51, 0xF2, 0xD7, 0xDD, 0x2F, 0x76, 0x7F, 0x7C, 0xB7, 0xBD, 0x90, 0x7B, 0xB9,
    0x5C, 0xC8, 0xF8, 0x40, 0x2E, 0x92, 0x3F, 0x0F, 0x72, 0x91, 0xA7, 0xAD, 0x5C, 0xDC, 0xC5, 0x0D,
    0x5E, 0x70, 0xFF, 0x2B, 0x05, 0x07, 0xC5, 0xF0, 0x4E, 0x1F, 0xD0, 0x27, 0x0D, 0xB8, 0xE4, 0xF4,
    0x73, 0xC8, 0xF5, 0x4D, 0x1D, 0x2A, 0x60, 0x35, 0x67, 0x66, 0xB7, 0xEB, 0xF2, 0xF7, 0x5A, 0xE9,
    0xC8, 0x41, 0x27, 0xE3, 0x19, 0x00, 0xB8, 0xEA, 0xE4, 0x38, 0xAE, 0x19, 0x41, 0xE4, 0xD5, 0x83,
    0x50, 0xBE, 0xB6, 0xF7, 0x67, 0x8F, 0x01, 0x8A, 0xCD, 0x71, 0x54, 0x74, 0xB2, 0x36, 0x04, 0x91,
    0x58, 0xD3, 0x83, 0x26, 0x44, 0xD3, 0xD4, 0x35, 0x0C, 0x54, 0x61, 0x65, 0x3E, 0xE5, 0x8B, 0xF7,
    0x3F, 0x2A, 0x95, 0x01, 0x4E, 0x29, 0x5D, 0xB6, 0xEC, 0x68, 0xC0, 0x04, 0x7C, 0x79, 0xE8, 0xF5,
    0xE8, 0x99, 0xE1, 0xB0, 0xB7, 0x1D, 0x80, 0x06, 0x22, 0x5D, 0xD5, 0x1E, 0xCE, 0xED, 0x7D, 0x18,
    0x7B, 0xF1, 0xDE, 0xED, 0x02, 0xE7, 0x8A, 0x40, 0x19, 0x4A, 0x31, 0xA4, 0x73, 0x36, 0xC5, 0x0E,
    0x9A, 0x54, 0xAD, 0x62, 0x66, 0x33, 0xE5, 0x83, 0x81, 0xAF, 0x02, 0xC5, 0x6D, 0x0E, 0xAA, 0x0B,
    0x66, 0x5F, 0x65, 0x86, 0x56, 0xC2, 0x8C, 0xAC, 0x75, 0x7F, 0x72, 0xAD, 0x99, 0x8A, 0x09, 0x96,
    0x28, 0xEE, 0x1D, 0x27, 0x4D, 0x67, 0xFB, 0x1C, 0xDC, 0x94, 0xB1, 0x03, 0xE1, 0xB6, 0xAF, 0xBA,
    0x4C, 0x43, 0xC2, 0xC2, 0xDE, 0x50, 0xB5, 0xCA, 0x4A, 0x36, 0xA1, 0xB2, 0x43, 0xE3, 0x7B, 0x66,
    0xD8, 0x7A, 0xAB, 0x12, 0x77, 0x38, 0xA7, 0x1B, 0x6C, 0x1F, 0x7A, 0xAE, 0x26, 0x96, 0xAE, 0x69,
    0x11, 0x14, 0x19, 0xC9, 0x13, 0xB2, 0x58, 0x75, 0x38, 0x0F, 0x07, 0x60, 0xA0, 0x74, 0xAD, 0x65,
    0xBC, 0x13, 0x8E, 0xB8, 0x67, 0x0E, 0xC1, 0x95, 0x72, 0xE6, 0x48, 0xE5, 0x10, 0x4C, 0x35, 0x7F,
    0xB1, 0x1C, 0xC1, 0x70, 0x4C, 0x0F, 0x2C, 0x79, 0x17, 0x02, 0xCF, 0x09, 0x7D, 0x60, 0x54, 0x5F,
    0xD7, 0xC9, 0xB7, 0x71, 0x49, 0xB5, 0xB8, 0x2E, 0x76, 0x1D, 0xDC, 0x67, 0xEA, 0x6A, 0xC4, 0x6A,
    0xE3, 0xF3, 0x8D, 0x01, 0xAC, 0x72, 0xF2, 0xF4, 0xDA, 0x72, 0xD8, 0x62, 0x53, 0x23, 0x91, 0x40,
    0x80, 0x18, 0xB1, 0xA9, 0x1A, 0xB1, 0xCD, 0x0D, 0xA9, 0xFB, 0x95, 0xEB, 0x73, 0xB8, 0xEF, 0xD6,
    0x20, 0x3F, 0xA8, 0xED, 0x8C, 0x68, 0x5F, 0x0D, 0x20, 0xB2, 0xE9, 0x40, 0x5B, 0x53, 0x9B, 0x1E,
    0x68, 0xB2, 0xF6, 0xC5, 0xB3, 0xF3, 0x32, 0xE9, 0x14, 0x1D, 0x02, 0x37, 0x11, 0xE6, 0xAB, 0xA2,
    0x34, 0xAB, 0x22, 0x2D, 0x16, 0x45, 0x6B, 0x67, 0x45, 0xDC, 0x8C, 0x8A, 0x9A, 0xFD, 0x0C, 0x97,
    0xDB, 0x12, 0x7D, 0xE2, 0x4A, 0x1E, 0x00, 0xB1, 0xF2, 0x08, 0x20, 0xE1, 0x21, 0xF1, 0x61, 0x5E,
    0x0A, 0xFB, 0x82, 0x8E, 0x30, 0x1A, 0x81, 0x1D, 0x9F, 0x91, 0x51, 0x4C, 0x8C, 0x77, 0xC0, 0x21,
    0x78, 0x90, 0xB5, 0x98, 0x4D, 0x6F, 0x10, 0x0F, 0xA2, 0x27, 0x52, 0xF4, 0x0C, 0x4E, 0x83, 0x61,
    0xCE, 0xA5, 0x99, 0x07, 0xD6, 0x17, 0x4B, 0x46, 0xD9, 0x80, 0x8E, 0xCC, 0xFD, 0x80, 0xB2, 0xAA,
    0x1B, 0xC8, 0xA0, 0x65, 0x26, 0x82, 0xAC, 0x12, 0x5B, 0x52, 0xE4, 0x1F, 0x75, 0xDC, 0x1F, 0xF2,
    0xA7, 0xC8, 0xDE, 0x52, 0x74, 0x91, 0x53, 0x84, 0xA0, 0x37, 0x70, 0x17, 0x98, 0x22, 0xDA, 0x4D,
    0x72, 0x6E, 0x50, 0xD4, 0xD5, 0xA4, 0xC8, 0x91, 0x38, 0x12, 0x7D, 0xBE, 0xEA, 0x01, 0xD0, 0x03,
    0x1E, 0x01, 0x34, 0x7A, 0xC8, 0xA7, 0xFE, 0x00, 0x44, 0xD5, 0xEF, 0xB0, 0x9E, 0xB7, 0x78, 0x9E,
    0xEB, 0xF5, 0x53, 0x23, 0xDC, 0x17, 0x8C, 0x87, 0xB4, 0x25, 0xE2, 0x39, 0x79, 0x84, 0x04, 0x5D,
    0xE4, 0x11, 0x33, 0x55, 0x6A, 0x32, 0x54, 0x1B, 0xBA, 0x8E, 0x80, 0x4A, 0x99, 0x34, 0xB8, 0x20,
    0x0C, 0x3B, 0xC6, 0xFD, 0x08, 0x92, 0x42, 0xA2, 0x89, 0x4D, 0x31, 0x3D, 0x2D, 0x3C, 0xA8, 0xED,
    0xB8, 0x23, 0x77, 0x1A, 0x5D, 0x61, 0x34, 0xD8, 0x83, 0x9C, 0x8E, 0x62, 0x81, 0x39, 0xC0, 0x8C,
    0x7A, 0x48, 0x12, 0x92, 0x82, 0xCE, 0x99, 0x43, 0xD5, 0xFA, 0x16, 0x41, 0x52, 0x56, 0x3C, 0x34,
    0xEF, 0x6D, 0x0B, 0xFB, 0x63, 0x96, 0x88, 0x9B, 0x42, 0x04, 0x99, 0xD3, 0x15, 0xB9, 0x4A, 0x04,
    0xA3, 0x84, 0xA0, 0x71, 0x75, 0x3F, 0x46, 0xE2, 0x27, 0x4C, 0xFE, 0x98, 0xA5, 0x4D, 0x91, 0xCF,
    0x65, 0x52, 0xB5, 0x58, 0xF7, 0x23, 0x30, 0x93, 0xF6, 0xD6, 0xB5, 0x4F, 0x99, 0xCA, 0x3A, 0x38,
    0x11, 0x03, 0xDB, 0x8A, 0x5D, 0x1D, 0x7A, 0x99, 0x9F, 0x0B, 0x2B, 0xB7, 0x7D, 0x01, 0x4B, 0xC0,
    0x59, 0xE9, 0x09, 0xE1, 0xBC, 0x70, 0xBA, 0xD2, 0xD2, 0x94, 0x81, 0xB2, 0x40, 0x67, 0xA0, 0x7A,
    0x73, 0x6F, 0xF8, 0x52, 0xF8, 0x80, 0xAC, 0x67, 0x4E, 0x79, 0x76, 0xE4, 0x99, 0x69, 0xF1, 0xC2,
    0x06, 0xA1, 0x1A, 0x4A, 0x80, 0xB7, 0x3E, 0x53, 0x80, 0xC5, 0x06, 0x8B, 0x0D, 0x9A, 0x0D, 0x9A,
    0x0D, 0xE6, 0xFA, 0x15, 0x71, 0x13, 0xC2, 0x15, 0x1C, 0x9F, 0xCB, 0xD1, 0xE5, 0x35, 0xDB, 0x81,
    0xEB, 0xC5, 0xC3, 0xC4, 0x1A, 0xB4, 0x41, 0x26, 0x4C, 0xD9, 0xFC, 0xC3, 0xB6, 0x1F, 0x8F, 0x1F,
    0xF3, 0x79, 0xE9, 0xD7, 0xCE, 0x3E, 0xD1, 0xC3, 0x73, 0xB2, 0xBB, 0x0C, 0xB1, 0x9E, 0x13, 0x0A,
    0xBD, 0x0F, 0xA7, 0x6F, 0x17, 0xEF, 0x52, 0x35, 0x87, 0x24, 0x55, 0x54, 0xB8, 0xD1, 0xBB, 0x54,
    0x5D, 0xAE, 0x31, 0xA2, 0x51, 0x2D, 0x38, 0x58, 0x98, 0x1E, 0x2C, 0x34, 0x07, 0x0B, 0xBD, 0xEB,
    0xD6, 0x85, 0x9A, 0xD6, 0x8A, 0x77, 0xD1, 0xDE, 0xF7, 0x87, 0x85, 0xFD, 0x01, 0x01, 0xE5, 0x9E,
    0x00, 0x1F, 0x2C, 0x72, 0x5D, 0x6E, 0x46, 0xEF, 0xE1, 0x75, 0xA1, 0xE2, 0xF5, 0x6A, 0x18, 0x7B,
    0x29, 0xED, 0xB0, 0xEB, 0xF8, 0x31, 0xDD, 0x21, 0x73, 0x49, 0xE4, 0x90, 0xF8, 0xCA, 0x46, 0x20,
    0x72, 0x13, 0x1B, 0x5D, 0xC4, 0x6F, 0x69, 0x34, 0x06, 0x36, 0x5A, 0x34, 0x66, 0x4D, 0x64, 0xDF,
    0xA4, 0x8F, 0x78, 0x12, 0xC1, 0xC0, 0xBD, 0x55, 0x99, 0x29, 0x10, 0xAA, 0x3C, 0x6B, 0xE6, 0xCE,
    0x46, 0xB3, 0x35, 0x28, 0x1B, 0x78, 0x67, 0x9F, 0x43, 0xE3, 0x2E, 0x23, 0x64, 0xA7, 0xE8, 0xC0,
    0x7D, 0x00, 0x3D, 0xC2, 0x0A, 0xAC, 0x17, 0x9D, 0xDC, 0x47, 0x94, 0x81, 0x8D, 0x1A, 0x8D, 0x12,
    0x8D, 0x09, 0xD3, 0x3D, 0xCD, 0xB6, 0xF4, 0xAC, 0x91, 0x79, 0x55, 0x5C, 0xA6, 0xBE, 0x7A, 0x64,
    0xCA, 0xB3, 0x79, 0x89, 0xC9, 0xA5, 0xDC, 0x56, 0x4E, 0x28, 0x96, 0x9F, 0x72, 0x31, 0xED, 0x04,
    0x94, 0xC4, 0x6C, 0xD0, 0x0F, 0x24, 0x64, 0xD9, 0x37, 0xC2, 0x08, 0x8D, 0xDB, 0x7F, 0x7E, 0xDC,
    0xC7, 0x1B, 0xFD, 0x6E, 0xFF, 0x95, 0xEB, 0xE5, 0x04, 0x2D, 0x57, 0x31, 0x19, 0x95, 0x89, 0xD0,
    0x23, 0x50, 0x48, 0xAA, 0xEB, 0xA4, 0x9B, 0x7A, 0x4E, 0x46, 0x50, 0xAB, 0x84, 0x6C, 0x70, 0x3B,
    0xD6, 0x1B, 0xEA, 0x56, 0x97, 0xBE, 0x6E, 0x42, 0x0D, 0x95, 0x9C, 0xFD, 0x47, 0x06, 0x6B, 0x8A,
    0x86, 0x35, 0x25, 0x63, 0xE8, 0xA1, 0x80, 0xCF, 0xD7, 0x03, 0x2F, 0xD4, 0x8B, 0x65, 0x0E, 0x52,
    0x99, 0x83, 0x50, 0xE6, 0x20, 0x93, 0xF9, 0xF9, 0x2D, 0x50, 0x22, 0x47, 0x97, 0xB7, 0x8B, 0x83,
    0x8C, 0x91, 0xE5, 0xCC, 0x79, 0x61, 0x18, 0x8A, 0x7B, 0x24, 0x3F, 0x75, 0x12, 0xFA, 0x91, 0x97,
    0xBA, 0x17, 0x04, 0x6C, 0x24, 0x0A, 0xFF, 0x09, 0xD0, 0x68, 0x18, 0x2A, 0xF9, 0xD5, 0xCA, 0x2D,
    0x9E, 0x75, 0x21, 0xCB, 0xFC, 0x4B, 0x26, 0xD4, 0x83, 0x1A, 0xB5, 0x2A, 0xD1, 0x2C, 0xDF, 0x56,
    0xDB, 0x56, 0x16, 0x57, 0x5F, 0x47, 0x07, 0x22, 0x99, 0xAE, 0xD5, 0xA5, 0xD6, 0xF8, 0xE8, 0x2A,
    0x78, 0xCF, 0xCE, 0xD7, 0x0D, 0xA2, 0x34, 0x6A, 0x2F, 0x0A, 0xAD, 0x7B, 0x5F, 0xAF, 0xAA, 0x0F,
    0x09, 0x6E, 0x40, 0xEB, 0xD5, 0xEB, 0x87, 0x7E, 0x7F, 0xA2, 0x56, 0x91, 0xC0, 0x2F, 0xC8, 0x5F,
    0x6E, 0xD1, 0x0A, 0x26, 0x66, 0x14, 0x45, 0xEE, 0xFC, 0xA5, 0xC3, 0x2B, 0x28, 0xEB, 0x9B, 0x08,
    0xB6, 0x3E, 0xF9, 0x25, 0x7E, 0xBA, 0x89, 0xFB, 0x07, 0xFB, 0x8F, 0x7E, 0x2B, 0xF2, 0x75, 0x3A,
    0x8D, 0x5A, 0x0A, 0xD0, 0x0B, 0x4E, 0x9B, 0xD6, 0xC0, 0x34, 0xFE, 0x86, 0xD0, 0xFE, 0x8F, 0x0F,
    0xD5, 0x6A, 0x68, 0x3C, 0x33, 0xB3, 0x81, 0x37, 0x80, 0x20, 0xDE, 0xFB, 0x8C, 0x17, 0x62, 0xBB,
    0xBA, 0x77, 0x1F, 0xDE, 0x65, 0x1F, 0xE1, 0xDB, 0xE7, 0x41, 0x3E, 0xC4, 0x79, 0x28, 0xE5, 0x3E,
    0xD4, 0xCB, 0x16, 0xED, 0xE1, 0x71, 0xB7, 0x80, 0x2F, 0x5B, 0xCC, 0x1F, 0x25, 0x84, 0x7D, 0x7E,
    0xF3, 0xF9, 0xC8, 0x8F, 0x6B, 0x09, 0xC1, 0xDF, 0xC9, 0x16, 0xFF, 0x1F, 0x1C, 0x92, 0xF2, 0x2F,
    0x8D, 0x94, 0x3D, 0x72, 0xD4, 0x40, 0x10, 0x85, 0x5B, 0xAB, 0x5A, 0x44, 0xA1, 0x60, 0x22, 0x3B,
    0x30, 0xC1, 0xE4, 0x24, 0x3A, 0x82, 0x94, 0x91, 0x6E, 0x60, 0x27, 0x24, 0xC4, 0x40, 0xE0, 0x1B,
    0x30, 0x3A, 0xC2, 0x06, 0x50, 0x5C, 0xC0, 0x91, 0x13, 0x1F, 0x61, 0x74, 0x04, 0x25, 0xE4, 0x13,
    0xD8, 0x89, 0x13, 0x86, 0xAA, 0x09, 0xC6, 0x20, 0x4D, 0xF3, 0x7A, 0xB4, 0x5E, 0xFF, 0x40, 0x61,
    0xAB, 0xAA, 0x7B, 0xFF, 0x66, 0x5B, 0xAF, 0xBB, 0xDF, 0x27, 0x2A, 0x3E, 0x10, 0x51, 0xC3, 0x81,
    0x88, 0x39, 0x51, 0xC9, 0xCC, 0x5D, 0xCD, 0x6F, 0x79, 0x50, 0x13, 0xF1, 0xA8, 0x23, 0x59, 0xD7,
    0x04, 0x32, 0xAE, 0xF5, 0x64, 0xFC, 0xC3, 0x24, 0xDF, 0x59, 0xD7, 0x06, 0x9C, 0x6B, 0x22, 0xF1,
    0xA0, 0xE7, 0x92, 0x7B, 0x85, 0x02, 0x52, 0x65, 0x92, 0x7A, 0x9E, 0xE8, 0x75, 0xEA, 0x50, 0x9F,
    0x36, 0x88, 0xD6, 0x21, 0x31, 0xD2, 0x4A, 0x52, 0x25, 0x49, 0x4B, 0x6A, 0x7F, 0x20, 0x71, 0xE3,
    0x68, 0x35, 0x23, 0x55, 0x11, 0x49, 0x79, 0xA4, 0x76, 0x40, 0xB2, 0x5F, 0xCD, 0x55, 0x87, 0x9A,
    0x3C, 0x58, 0x49, 0x0D, 0x52, 0x0F, 0xBD, 0x52, 0xEA, 0x51, 0x22, 0xB9, 0xAD, 0x47, 0xB8, 0x4A,
    0x22, 0x9D, 0x6F, 0xEB, 0x48, 0x94, 0x83, 0xB7, 0xA4, 0xD0, 0x1C, 0xB4, 0xF5, 0xC5, 0x27, 0x1E,
    0x89, 0x2C, 0x94, 0xB5, 0x77, 0x51, 0xF0, 0xF8, 0xC6, 0xF2, 0x60, 0x20, 0xBD, 0xE5, 0x48, 0x3A,
    0x6B, 0x3E, 0xEC, 0x20, 0xD4, 0x63, 0x34, 0xE8, 0x8D, 0xBF, 0x94, 0x7C, 0x89, 0x3A, 0x1D, 0x69,
    0x34, 0xD6, 0xFE, 0x3A, 0x23, 0x9C, 0xED, 0xA1, 0xC8, 0xF3, 0x77, 0x1B, 0xD0, 0xFA, 0x24, 0x03,
    0xE3, 0xA1, 0x9E, 0xEC, 0xA8, 0x26, 0xE3, 0x55, 0x6C, 0x93, 0x0D, 0x7A, 0xD1, 0xD2, 0xD3, 0x69,
    0xCC, 0xFA, 0x5A, 0xE6, 0x88, 0x98, 0x24, 0xCC, 0xF5, 0x45, 0x34, 0x5D, 0xE3, 0x5B, 0x32, 0xC3,
    0x11, 0xB1, 0xDC, 0x0B, 0x0D, 0xA0, 0xB8, 0xC2, 0x59, 0xBD, 0x93, 0x66, 0x20, 0x95, 0x07, 0x44,
    0x0F, 0x89, 0xCB, 0x91, 0x02, 0x41, 0x16, 0xB1, 0x3E, 0xC3, 0xEF, 0x3C, 0xAE, 0x98, 0x43, 0x9D,
    0xDE, 0x4F, 0x2A, 0x54, 0x88, 0x72, 0x52, 0xB1, 0x9A, 0xEA, 0xA4, 0x83, 0xCC, 0x81, 0x2C, 0x77,
    0x05, 0x5E, 0xEB, 0xC4, 0x51, 0x07, 0x3D, 0xB7, 0xBE, 0x4C, 0xAD, 0xDB, 0x45, 0x54, 0x13, 0xF4,
    0x05, 0xE8, 0x1B, 0xE9, 0xF4, 0x86, 0xE8, 0x68, 0x83, 0xF9, 0xCD, 0xD8, 0x08, 0xF7, 0xD0, 0xE7,
    0x8C, 0x33, 0x1E, 0xE3, 0x46, 0x6F, 0x2A, 0x4A, 0x6F, 0x16, 0x61, 0x82, 0x12, 0xFD, 0x11, 0x73,
    0x0C, 0x85, 0x95, 0xED, 0x5A, 0x2C, 0x0D, 0x02, 0x35, 0x77, 0x2B, 0xCC, 0xD7, 0x62, 0x54, 0x46,
    0x3E, 0x2E, 0xED, 0x62, 0x2F, 0x3F, 0x21, 0x82, 0x7F, 0xE3, 0x6B, 0x2B, 0x8E, 0xA8, 0x52, 0x35,
    0x53, 0x35, 0xAD, 0xD2, 0x13, 0xA9, 0x49, 0x35, 0x8F, 0x96, 0x15, 0xBB, 0x8F, 0xE7, 0xAF, 0xCE,
    0xB7, 0x44, 0x27, 0xB4, 0xB3, 0x0A, 0x43, 0xA1, 0x58, 0x14, 0xAB, 0xF8, 0x06, 0x55, 0xB3, 0xB8,
    0x0E, 0xC5, 0xC7, 0xFF, 0x59, 0xD4, 0x88, 0x45, 0xED, 0xCE, 0xA2, 0x53, 0xB6, 0xE8, 0x45, 0xB6,
    0xE8, 0x8C, 0x61, 0x4A, 0x13, 0xCB, 0xBA, 0xF3, 0x85, 0x37, 0x15, 0xEC, 0x60, 0x23, 0x76, 0x15,
    0x72, 0x68, 0x21, 0xA3, 0x79, 0x5E, 0x60, 0x17, 0x5B, 0xCC, 0xCF, 0xC3, 0xA4, 0xEE, 0xE0, 0xE4,
    0xA4, 0xA3, 0xF5, 0x86, 0x56, 0x8B, 0xEF, 0x06, 0xCC, 0xCD, 0xDB, 0x60, 0xBD, 0x1D, 0xDA, 0x20,
    0xD1, 0xF4, 0x79, 0xC1, 0x2E, 0x2F, 0xB8, 0xC4, 0x72, 0xD1, 0x0C, 0x99, 0x00, 0x49, 0x03, 0xD5,
    0x09, 0xEB, 0x9F, 0x4F, 0x8E, 0xD1, 0xE8, 0x24, 0x83, 0x83, 0xD7, 0x22, 0xEA, 0x6D, 0xE8, 0xA0,
    0xA3, 0x17, 0xA8, 0x87, 0xFA, 0xE2, 0x55, 0x67, 0x7B, 0xE3, 0x3F, 0x03, 0xAB, 0x97, 0x62, 0x14,
    0xF9, 0xA3, 0x4E, 0xB8, 0xDF, 0x2C, 0x3A, 0x86, 0xE2, 0x9A, 0x6F, 0xFD, 0x1D, 0x76, 0x1E, 0xF7,
    0xEF, 0x6C, 0xA6, 0xA8, 0x33, 0x58, 0x48, 0x23, 0x18, 0xDD, 0x5D, 0xCD, 0xDF, 0x6C, 0xAA, 0xCC,
    0xA6, 0x24, 0x7B, 0xEA, 0xA8, 0x48, 0x38, 0x52, 0x4E, 0x0F, 0xD9, 0xEC, 0x91, 0x9E, 0xC9, 0xA6,
    0x0C, 0xDC, 0xED, 0xE1, 0x84, 0xE9, 0xAA, 0x07, 0x70, 0xCE, 0x19, 0xCE, 0xF5, 0x85, 0xC0, 0xC9,
    0x8F, 0xE1, 0x74, 0x87, 0x17, 0xF7, 0xE0, 0xDC, 0x0B, 0x5F, 0x2F, 0x80, 0xEA, 0x6C, 0xAF, 0xCB,
    0x12, 0x8B, 0xBA, 0x0F, 0x68, 0xBB, 0x00, 0xEA, 0xEC, 0xD5, 0x3F, 0x01, 0x9D, 0xDA, 0xD9, 0xDC,
    0x01, 0x6A, 0xF7, 0x80, 0x86, 0x3D, 0xA0, 0x18, 0xBA, 0xE9, 0xB4, 0x37, 0xD2, 0xAB, 0x10, 0x98,
    0x01, 0xC5, 0x92, 0xF0, 0x60, 0x24, 0x1D, 0x9E, 0x06, 0x54, 0xAE, 0xE2, 0x58, 0x20, 0x1D, 0x04,
    0xD2, 0x2A, 0x9D, 0x66, 0x38, 0x01, 0xE9, 0x9C, 0x5F, 0x93, 0x8A, 0x3B, 0x48, 0x7B, 0x92, 0x79,
    0xE0, 0x7E, 0x3A, 0x36, 0x80, 0xB4, 0x12, 0x40, 0x39, 0x43, 0x1A, 0x6A, 0x81, 0x34, 0x56, 0xF9,
    0x5C, 0x5A, 0x6A, 0x1E, 0x74, 0x79, 0xC9, 0x6A, 0x01, 0x75, 0x34, 0xDE, 0xC0, 0x54, 0x77, 0xA0,
    0x4A, 0xE4, 0x07, 0xD0, 0x0E, 0xD4, 0x15, 0xDF, 0x03, 0x55, 0xE1, 0x01, 0x68, 0x6F, 0x41, 0x1D,
    0x49, 0xDF, 0x2C, 0x25, 0xFF, 0x00, 0x65, 0x52, 0xBB, 0x71, 0xC2, 0x40, 0x10, 0x5D, 0xC1, 0x00,
    0x33, 0x26, 0x50, 0x62, 0x3B, 0xC0, 0x81, 0x72, 0x27, 0x2A, 0xE1, 0x54, 0x02, 0x09, 0x0E, 0x28,
    0xC1, 0x4D, 0x48, 0x25, 0x38, 0x71, 0x4E, 0x68, 0x08, 0x4C, 0x07, 0xBE, 0x2B, 0x81, 0x12, 0xD4,
    0x81, 0x15, 0xC8, 0x33, 0x82, 0x11, 0x5A, 0xBF, 0xDD, 0x15, 0x1A, 0x18, 0x36, 0x78, 0xF0, 0x4E,
    0xB7, 0x9F, 0x7B, 0x6F, 0x89, 0x24, 0x3C, 0x23, 0x2A, 0x56, 0xB4, 0xFF, 0x0B, 0x45, 0xE2, 0x9A,
    0x52, 0xC5, 0x44, 0x31, 0x2E, 0x15, 0x83, 0x20, 0xE2, 0x06, 0x99, 0xBB, 0x2B, 0x3C, 0x2B, 0xB6,
    0x74, 0x7F, 0xD3, 0xEB, 0xB1, 0xE1, 0x3B, 0x77, 0x5F, 0xB7, 0x5F, 0xA7, 0xDC, 0x6D, 0x88, 0xF2,
    0xAB, 0x3B, 0x56, 0x06, 0xB1, 0xD8, 0x02, 0x46, 0xCC, 0x25, 0x51, 0xAC, 0x67, 0x4E, 0x9B, 0xF9,
    0x26, 0x66, 0xDC, 0x2A, 0x67, 0x4C, 0x11, 0x87, 0x71, 0x87, 0x2B, 0x61, 0xDC, 0xD2, 0x98, 0x8B,
    0x28, 0x03, 0x66, 0x48, 0x9A, 0x09, 0x8E, 0xF6, 0xFC, 0xCB, 0x38, 0x40, 0xE0, 0x40, 0x53, 0x25,
    0xB1, 0xC7, 0x87, 0x3D, 0xEF, 0x5A, 0xA9, 0x8B, 0xC2, 0x09, 0xB0, 0xA1, 0x49, 0x7E, 0x5E, 0x2D,
    0xD1, 0x44, 0x9B, 0xBB, 0x46, 0x30, 0xAF, 0x00, 0x4F, 0xFE, 0x6F, 0xF5, 0xF6, 0x93, 0x4B, 0x9D,
    0xCE, 0xD0, 0x09, 0x9E, 0x93, 0x6E, 0x8F, 0xB4, 0x79, 0x49, 0xD1, 0x7A, 0xA9, 0xF3, 0x52, 0x84,
    0xE7, 0x65, 0x74, 0x89, 0xDC, 0x54, 0xE9, 0x43, 0x55, 0x2E, 0xAE, 0xBF, 0xC9, 0xBB, 0x2C, 0x26,
    0x5C, 0xCF, 0x4D, 0x12, 0xEA, 0x75, 0xC1, 0x50, 0xD3, 0x62, 0x60, 0xBE, 0x25, 0x17, 0x06, 0x86,
    0x01, 0xFD, 0x0D, 0xE3, 0x3B, 0x06, 0x21, 0x84, 0xE5, 0xED, 0x54, 0x1E, 0xE6, 0xD1, 0x57, 0xAA,
    0x34, 0xF2, 0x58, 0x28, 0x81, 0xF2, 0x75, 0xA4, 0xEE, 0xB7, 0x31, 0x7B, 0x61, 0x2F, 0x5C, 0x62,
    0xBE, 0x3A, 0xAD, 0xE7, 0x95, 0xC8, 0xCF, 0x01, 0x92, 0x92, 0xAB, 0x66, 0x95, 0xF9, 0xAB, 0xAC,
    0x1E, 0x1F, 0x84, 0xD5, 0xC6, 0x44, 0x60, 0xE6, 0x23, 0x29, 0x4B, 0xD0, 0xC4, 0xDC, 0x14, 0x16,
    0xB3, 0xF5, 0x33, 0xA6, 0xFE, 0x0D, 0x8C, 0x52, 0xED, 0x7E, 0x61, 0x11, 0x12, 0x7B, 0x76, 0xA0,
    0xA4, 0x48, 0x07, 0x56, 0x92, 0x2B, 0x92, 0x06, 0xB3, 0x6E, 0xE4, 0x52, 0xF7, 0xED, 0x42, 0x5A,
    0xDB, 0x8E, 0xA0, 0xEB, 0xD9, 0x9D, 0x74, 0x6B, 0x5B, 0x95, 0xB5, 0x85, 0x1B, 0x41, 0x0D, 0xD4,
    0xEA, 0xA9, 0xF8, 0xDC, 0xDB, 0xB1, 0x22, 0x32, 0x6B, 0xA2, 0xDD, 0x47, 0xAF, 0x7A, 0x41, 0xBA,
    0x0B, 0xA5, 0xDC, 0x65, 0x34, 0x45, 0x81, 0x4F, 0x7F, 0x40, 0x47, 0xA8, 0x15, 0xF0, 0x29, 0xC8,
    0x8F, 0x2C, 0x88, 0x2B, 0x28, 0x85, 0x7B, 0xCE, 0x16, 0xE2, 0x91, 0x26, 0xFE, 0xB8, 0xFE, 0xB2,
    0xAC, 0x46, 0x37, 0x51, 0x26, 0x7D, 0xE5, 0xD3, 0x6E, 0x23, 0x33, 0x55, 0x66, 0x40, 0x35, 0xC9,
    0xCC, 0xDB, 0x83, 0x19, 0x1E, 0x86, 0x1F, 0xD2, 0xF9, 0x48, 0xAC, 0xD4, 0x49, 0x6C, 0x48, 0x67,
    0x1B, 0x91, 0x40, 0xC8, 0x97, 0x40, 0x73, 0x95, 0x5E, 0x14, 0xD3, 0x14, 0xA9, 0x93, 0xE9, 0xB8,
    0x9A, 0xFA, 0xBC, 0xCD, 0xE8, 0x1F, 0xA5, 0x55, 0xBD, 0x8E, 0xD4, 0x30, 0x10, 0x76, 0xD6, 0x40,
    0x8A, 0x48, 0xF8, 0x0A, 0xA8, 0x43, 0x41, 0x81, 0x68, 0xFC, 0x04, 0xC8, 0x79, 0x04, 0x8A, 0xDB,
    0x7B, 0x08, 0x9E, 0x01, 0xB4, 0x11, 0xF7, 0x22, 0x34, 0x14, 0x17, 0x8A, 0x7B, 0x01, 0x20, 0xD6,
    0x5D, 0x49, 0x41, 0x24, 0x44, 0x1F, 0x89, 0x8E, 0x06, 0x4B, 0x44, 0x22, 0x1C, 0xCE, 0x0E, 0xF3,
    0xE3, 0xEC, 0x6E, 0x10, 0x42, 0xA7, 0x23, 0xD2, 0x7E, 0xA3, 0xC4, 0xF6, 0xCC, 0xF8, 0x9B, 0x6F,
    0x66, 0x95, 0xAA, 0x15, 0x3D, 0xBA, 0x67, 0x63, 0x46, 0x36, 0x2E, 0xB2, 0x01, 0xFE, 0xA8, 0xA1,
    0xE2, 0x25, 0xF9, 0xE6, 0xAE, 0xCE, 0x01, 0xA0, 0x6F, 0x81, 0x9E, 0x1E, 0xC4, 0xA4, 0x37, 0x7B,
    0xD5, 0x34, 0x2D, 0xF4, 0xC5, 0xC4, 0x3B, 0x57, 0x72, 0x2E, 0x79, 0x99, 0x7D, 0x9A, 0x41, 0xE2,
    0x75, 0x6C, 0x94, 0x6C, 0x51, 0x8F, 0xF0, 0x97, 0x01, 0x42, 0x0E, 0xB8, 0x50, 0x02, 0x6E, 0xDA,
    0xC0, 0x84, 0x9F, 0x00, 0xAA, 0x7C, 0x0B, 0x6D, 0x57, 0x8E, 0x60, 0x07, 0x17, 0xC0, 0x44, 0xE3,
    0x21, 0x0F, 0xBA, 0x82, 0x95, 0x47, 0xD7, 0xF3, 0xB1, 0x43, 0xA8, 0x6E, 0x04, 0x8D, 0x64, 0xF2,
    0x40, 0xF2, 0x79, 0x9B, 0x6E, 0x20, 0xB9, 0x82, 0x67, 0xDB, 0x06, 0x36, 0x65, 0x4C, 0x5F, 0x15,
    0x5D, 0xBA, 0x81, 0x1A, 0x16, 0x5C, 0xEC, 0x28, 0xF9, 0xDA, 0xE0, 0x1A, 0xED, 0xCC, 0xB7, 0x7C,
    0xC0, 0x8E, 0x0B, 0x52, 0xFD, 0x41, 0x84, 0x14, 0x4F, 0x1D, 0xA9, 0x94, 0xC9, 0x4D, 0x6F, 0xB1,
    0xE4, 0x82, 0xF8, 0xD1, 0x35, 0x32, 0x65, 0x3A, 0xE4, 0x8C, 0xD9, 0x43, 0x1E, 0xDD, 0xC0, 0x8C,
    0x32, 0xB7, 0xCC, 0xB2, 0xF0, 0x9D, 0x73, 0x46, 0x30, 0x57, 0x23, 0x3D, 0x59, 0xA7, 0x72, 0x74,
    0x9C, 0x0F, 0xAA, 0xEC, 0xF8, 0xEA, 0x8E, 0x4A, 0x83, 0x6F, 0x54, 0x1C, 0x4F, 0x24, 0x68, 0xBA,
    0x5D, 0xEB, 0xCD, 0xB6, 0xC1, 0xE2, 0x07, 0xC7, 0xB7, 0x8F, 0x4B, 0x93, 0xD6, 0xD2, 0x4E, 0x25,
    0xE7, 0xC8, 0x93, 0x8D, 0xE2, 0x13, 0x89, 0xCD, 0x83, 0x32, 0x18, 0x21, 0xC3, 0xB5, 0x4A, 0x2D,
    0x9E, 0x15, 0xF1, 0x56, 0xD0, 0x59, 0x4B, 0x7C, 0xA2, 0xC0, 0x90, 0x36, 0x18, 0x95, 0x01, 0xD8,
    0x2A, 0xF7, 0x63, 0x02, 0xDF, 0x7E, 0x8A, 0x9B, 0xCE, 0x9E, 0x46, 0x5B, 0x17, 0x3A, 0xDE, 0xC5,
    0x3B, 0x53, 0x85, 0xFE, 0x09, 0xBC, 0x8F, 0x4F, 0xF0, 0x59, 0xF2, 0x52, 0x17, 0xE4, 0x8F, 0x3D,
    0x73, 0x0C, 0x89, 0xC6, 0x71, 0x57, 0xE3, 0x2E, 0x99, 0x17, 0xB3, 0xC4, 0x58, 0xA8, 0x56, 0x36,
    0xF3, 0x31, 0xA8, 0xCD, 0x04, 0x9B, 0xC0, 0x42, 0x2D, 0x7A, 0x30, 0xFD, 0xCA, 0x83, 0xAE, 0x13,
    0xA3, 0x4B, 0xC0, 0x92, 0x60, 0x03, 0x40, 0xEE, 0x4D, 0x80, 0x32, 0x94, 0x13, 0x95, 0x04, 0x1D,
    0x78, 0x12, 0x14, 0xF2, 0x02, 0x98, 0xA0, 0x81, 0x40, 0x22, 0x21, 0xFD, 0xBC, 0xA7, 0x5E, 0x00,
    0x98, 0xFE, 0x80, 0x67, 0xC8, 0xE9, 0x19, 0x2E, 0x3F, 0x7E, 0x45, 0xCD, 0x15, 0xAE, 0x0D, 0x59,
    0xED, 0x7A, 0x95, 0xF7, 0x08, 0xE5, 0x88, 0xB0, 0x41, 0xC8, 0xA0, 0x73, 0x3D, 0x96, 0xC4, 0xF5,
    0xD8, 0xFF, 0xB6, 0x77, 0xB3, 0x8C, 0xFB, 0x5D, 0x73, 0xF7, 0xF6, 0xE7, 0x7A, 0x5D, 0xF1, 0x08,
    0x90, 0x71, 0xC0, 0x2A, 0xE6, 0x96, 0x36, 0xE4, 0x57, 0xFB, 0xC4, 0x4F, 0x43, 0x19, 0x8B, 0x92,
    0xAE, 0x0D, 0x0F, 0x09, 0xDE, 0x21, 0x5C, 0xA0, 0xEB, 0xF6, 0x25, 0x12, 0xDB, 0xD6, 0x9B, 0x80,
    0x80, 0xF1, 0xDA, 0x1A, 0x5B, 0x84, 0x32, 0xF0, 0x04, 0x61, 0x07, 0xFD, 0x7A, 0x7D, 0x42, 0xEC,
    0x70, 0x6F, 0x71, 0x47, 0xB6, 0x21, 0x75, 0x95, 0x48, 0xFF, 0xF9, 0xDC, 0x4F, 0x54, 0xB0, 0x63,
    0x6E, 0xC3, 0x69, 0x81, 0xA4, 0xEC, 0x89, 0x84, 0x8D, 0x68, 0x26, 0xA5, 0x27, 0xE5, 0x46, 0x42,
    0x0C, 0xAF, 0x27, 0xD2, 0xA7, 0x9E, 0x68, 0x1A, 0xEA, 0x89, 0x45, 0x3C, 0xF1, 0x88, 0x8B, 0xED,
    0x5E, 0xD6, 0x51, 0x66, 0xA5, 0x96, 0x0E, 0x06, 0x9E, 0x67, 0x8E, 0x3F, 0x95, 0x12, 0x62, 0x48,
    0xFD, 0xB3, 0x7F, 0xEE, 0xED, 0x35, 0x94, 0x54, 0x44, 0x3A, 0x5A, 0x0C, 0x5E, 0x99, 0x95, 0xF0,
    0xF9, 0xA4, 0x39, 0x0F, 0x9A, 0xBB, 0x27, 0x18, 0x31, 0xD2, 0x4B, 0x41, 0x46, 0x8A, 0x4A, 0x73,
    0x23, 0xBD, 0xB9, 0xC5, 0xCE, 0x74, 0x0E, 0xBD, 0xAC, 0x9B, 0x37, 0x61, 0xF6, 0x69, 0x76, 0x63,
    0x4B, 0x4E, 0x56, 0x07, 0xB9, 0xCC, 0x99, 0x65, 0x32, 0xE9, 0xC3, 0x7E, 0x5E, 0x93, 0x20, 0xB1,
    0xC5, 0xB1, 0x6B, 0x31, 0x45, 0x1B, 0xE8, 0x8A, 0xD8, 0xB4, 0x19, 0x8C, 0x16, 0x07, 0x33, 0x61,
    0x57, 0xFE, 0x1A, 0xED, 0xB7, 0xC1, 0x7D, 0x19, 0xED, 0x87, 0x58, 0x9E, 0x8E, 0xF6, 0x62, 0xB8,
    0xA3, 0x47, 0xEB, 0x91, 0x45, 0x44, 0x75, 0x43, 0xCC, 0x47, 0xDB, 0x2D, 0x31, 0x7B, 0x7A, 0xBB,
    0xDA, 0xA7, 0xA8, 0x72, 0xE1, 0xB5, 0x94, 0x7F, 0x13, 0x33, 0x1D, 0xCE, 0x6B, 0x9E, 0x31, 0xCD,
    0xD9, 0x1A, 0x35, 0x24, 0xF3, 0x47, 0x0C, 0x24, 0x23, 0x52, 0xB5, 0x32, 0xCC, 0xE5, 0xAE, 0xF8,
    0x96, 0xD6, 0x0E, 0x77, 0x46, 0xB5, 0x6D, 0x5E, 0x93, 0x97, 0xE4, 0x73, 0xCF, 0x5E, 0xE2, 0xB2,
    0x0C, 0x87, 0xB9, 0x70, 0x66, 0xD9, 0xF1, 0xFD, 0xEA, 0x6F, 0xE9, 0xFF, 0x07, 0x19, 0x39, 0xD3,
    0x59, 0x5E, 0x8E, 0xF6, 0x72, 0x70, 0xDF, 0x47, 0xFB, 0x31, 0x12, 0xE5, 0x30, 0x08, 0xFD, 0x8A,
    0x30, 0x95, 0x05, 0xF3, 0xA2, 0x2E, 0x97, 0x72, 0x49, 0xE9, 0x52, 0x19, 0xE5, 0x9A, 0xC2, 0xDD,
    0x91, 0xBA, 0x25, 0x0D, 0xF2, 0x44, 0xFE, 0x27, 0x78, 0x9A, 0x6D, 0x55, 0x4B, 0xF3, 0x1D, 0xDB,
    0x9F, 0xE6, 0x7B, 0xAF, 0x0A, 0xF9, 0xF3, 0x45, 0x1F, 0xA2, 0x26, 0x3F, 0xAB, 0x90, 0xEE, 0x5A,
    0x44, 0x57, 0xF3, 0x20, 0x65, 0x69, 0x15, 0x71, 0xA1, 0x3B, 0x2F, 0xE4, 0xB1, 0x96, 0x8B, 0x28,
    0x3E, 0xC3, 0x2E, 0x42, 0x8A, 0x97, 0xA2, 0x4B, 0x2E, 0xBF, 0x01, 0xE5, 0x5A, 0x3F, 0xAF, 0xDC,
    0x58, 0x15, 0xBF, 0x1E, 0x6F, 0x62, 0x14, 0x23, 0x79, 0x0B, 0x9E, 0x80, 0x44, 0x60, 0x0A, 0xAA,
    0x20, 0xE1, 0x4F, 0xC0, 0x5E, 0x0B, 0xCA, 0x34, 0x29, 0x32, 0x20, 0x91, 0x02, 0xEA, 0xDD, 0xE2,
    0x35, 0xB4, 0xC8, 0xC3, 0x37, 0x48, 0xB1, 0xD4, 0xA4, 0x08, 0x12, 0x99, 0x2D, 0xC2, 0x07, 0x58,
    0x71, 0x2D, 0x1A, 0x0A, 0x0A, 0x2C, 0x81, 0x44, 0x19, 0x07, 0x25, 0xC5, 0x66, 0x8B, 0x58, 0x60,
    0x84, 0xDF, 0xC6, 0xF6, 0xE5, 0xFC, 0xCE, 0x39, 0x9E, 0xB1, 0xDF, 0x9B, 0x37, 0xD9, 0x65, 0xC3,
    0x12, 0x09, 0x27, 0xE3, 0xE3, 0xF1, 0xDC, 0x7B, 0xEE, 0xF9, 0x77, 0xCF, 0x3D, 0x7F, 0x9E, 0x31,
    0x72, 0x59, 0x9F, 0x1B, 0xB3, 0xF2, 0x65, 0xE6, 0x37, 0xC6, 0x84, 0x7E, 0x93, 0xFA, 0xD2, 0x98,
    0xC8, 0x9B, 0x04, 0x30, 0xF6, 0xF4, 0xBF, 0x36, 0x26, 0x19, 0xE8, 0x55, 0x63, 0x4C, 0xDA, 0xD3,
    0x10, 0x82, 0xB6, 0xA5, 0x29, 0x1D, 0x41, 0x7A, 0xF6, 0xB8, 0x6A, 0x85, 0x34, 0xA7, 0x50, 0x68,
    0x01, 0x09, 0x77, 0xE6, 0xF3, 0xD0, 0xD3, 0x42, 0xA9, 0xDF, 0x44, 0x23, 0x41, 0x42, 0x1C, 0xF7,
    0x06, 0xB8, 0xCB, 0x84, 0x50, 0x10, 0xC2, 0x3A, 0x6D, 0x19, 0x36, 0x40, 0x67, 0x02, 0x82, 0x15,
    0x28, 0xF3, 0x9D, 0x2B, 0x01, 0x5D, 0x0F, 0xD2, 0x08, 0xF1, 0xE8, 0x95, 0x62, 0x81, 0x99, 0x1F,
    0x18, 0x26, 0xBE, 0x57, 0xD8, 0x32, 0x64, 0x4A, 0x05, 0x31, 0xC3, 0x95, 0x4C, 0x37, 0xC1, 0x03,
    0xE1, 0xF8, 0x3B, 0x1F, 0xF1, 0x20, 0x5F, 0x01, 0x05, 0xE6, 0x10, 0xC5, 0x84, 0xC1, 0xE5, 0x05,
    0xE1, 0xFD, 0x19, 0xD1, 0x99, 0x33, 0x75, 0x1B, 0x46, 0x51, 0xEE, 0xEE, 0x2B, 0xBD, 0xD3, 0xB4,
    0x1B, 0xCF, 0xE8, 0xBE, 0xF2, 0x40, 0x91, 0xF0, 0xDD, 0xF2, 0xDD, 0x77, 0xC4, 0x13, 0x0D, 0xA6,
    0x91, 0x91, 0xCF, 0xE9, 0x9E, 0x8C, 0x98, 0xC5, 0x42, 0xDB, 0x64, 0xB8, 0xE7, 0xB6, 0x83, 0x6C,
    0x49, 0x7C, 0x24, 0xD9, 0xA2, 0x35, 0x34, 0x80, 0xEE, 0x34, 0x80, 0xEE, 0x59, 0x87, 0x7B, 0xD1,
    0x98, 0xA2, 0x37, 0x44, 0xB9, 0x1D, 0xB0, 0x2C, 0x11, 0xE8, 0xC1, 0x19, 0x08, 0x8C, 0x58, 0xCC,
    0xC6, 0x8D, 0xA0, 0xEF, 0xCA, 0x6D, 0x33, 0x5D, 0x19, 0x0B, 0x9A, 0xEF, 0xE5, 0xFC, 0x7E, 0x7D,
    0xBB, 0xBE, 0xCB, 0x34, 0xC7, 0x9F, 0xEE, 0x9E, 0xF0, 0xAC, 0x8B, 0xF7, 0x6B, 0x0F, 0xD7, 0x3F,
    0xF9, 0x2C, 0x78, 0xDE, 0xD9, 0x3E, 0xA4, 0xF1, 0xAC, 0xFE, 0x8B, 0xF7, 0x5C, 0x89, 0xFE, 0x16,
    0x7D, 0x4E, 0xFD, 0x3D, 0xD3, 0xC1, 0x30, 0xFC, 0x10, 0x0E, 0x62, 0x40, 0x8F, 0x21, 0x1F, 0x31,
    0x28, 0x7A, 0xFD, 0xC8, 0x93, 0x16, 0x2C, 0x7D, 0xA0, 0x19, 0x88, 0x20, 0xF1, 0x9B, 0x15, 0xB4,
    0x9B, 0xB1, 0x9C, 0x49, 0x16, 0xBE, 0x8E, 0xE8, 0x67, 0x52, 0x45, 0x93, 0xD0, 0x90, 0xA8, 0x77,
    0x0C, 0xD3, 0xA6, 0x68, 0x53, 0xB2, 0xB5, 0xA2, 0x2C, 0xBA, 0x74, 0x20, 0x8B, 0x32, 0xB6, 0xCB,
    0xC8, 0x84, 0x7B, 0xC0, 0xDE, 0x24, 0x8D, 0x40, 0x32, 0x33, 0x86, 0x44, 0x54, 0xD1, 0x66, 0x4C,
    0x83, 0x6B, 0xD3, 0x21, 0x21, 0x93, 0x00, 0x3E, 0x58, 0x21, 0x20, 0xFD, 0x4C, 0x5A, 0x8F, 0xFD,
    0x08, 0x15, 0xD0, 0xBA, 0x1D, 0xE8, 0x20, 0xF5, 0xB2, 0xE5, 0xD0, 0x90, 0x31, 0xBF, 0x4A, 0xB4,
    0xAD, 0x98, 0x6C, 0x28, 0x56, 0xEC, 0x3F, 0xFB, 0x3B, 0x01, 0xA6, 0xE1, 0x94, 0xF5, 0x96, 0x99,
    0xE0, 0xD1, 0xAF, 0x89, 0xE9, 0x2F, 0xED, 0xF4, 0x66, 0x62, 0xB1, 0x4F, 0xD7, 0x88, 0x95, 0x76,
    0x62, 0xB4, 0x6C, 0xCC, 0xB1, 0x80, 0x04, 0x18, 0x58, 0x42, 0x6C, 0xF8, 0x2F, 0x58, 0x7C, 0xF6,
    0x4F, 0x6C, 0x9B, 0xEE, 0x8F, 0x2C, 0x70, 0xFF, 0x03, 0x58, 0xE4, 0xCA, 0xF3, 0xBE, 0x0C, 0x47,
    0x16, 0x4F, 0x34, 0x18, 0xA6, 0xB2, 0x17, 0xA1, 0x75, 0xC6, 0x11, 0x6B, 0x19, 0x71, 0x3D, 0xF2,
    0x96, 0xB5, 0x84, 0xAD, 0xA8, 0xB0, 0x31, 0x0D, 0xA1, 0xA0, 0xFD, 0x18, 0x10, 0xC2, 0x04, 0x76,
    0x9B, 0x63, 0xBB, 0x63, 0xB7, 0x12, 0xB6, 0x78, 0x64, 0x40, 0x5B, 0x1F, 0xB4, 0xA5, 0xA0, 0xC7,
    0xF7, 0xD6, 0x3F, 0xDF, 0x3A, 0x3F, 0xB0, 0x2A, 0xFD, 0xB8, 0x04, 0xCA, 0x55, 0xCA, 0xDF, 0x3A,
    0x79, 0xD9, 0x2F, 0x01, 0x3B, 0x19, 0xDB, 0xB2, 0x6F, 0x29, 0x48, 0xB4, 0x90, 0x30, 0x69, 0x10,
    0xDE, 0xA3, 0x04, 0x03, 0x2B, 0xE8, 0xB7, 0xC5, 0x46, 0x09, 0x88, 0x81, 0x50, 0xB4, 0x1E, 0x43,
    0x2F, 0x03, 0xB8, 0x21, 0x17, 0x60, 0x52, 0xB8, 0x1D, 0x0F, 0x6E, 0xC0, 0x80, 0xAD, 0xD9, 0x28,
    0x88, 0x1B, 0x30, 0x20, 0xAE, 0xAB, 0x82, 0x94, 0x42, 0xFF, 0x37, 0xCF, 0x52, 0xFD, 0xC7, 0xC8,
    0x3E, 0xE5, 0x25, 0xCB, 0xD3, 0x8B, 0x58, 0x9D, 0x78, 0x0A, 0x2B, 0x8E, 0xC2, 0x8A, 0x9F, 0x60,
    0xC7, 0xC7, 0xD8, 0x58, 0x01, 0xC2, 0xCE, 0xD5, 0x7B, 0x66, 0x76, 0xDD, 0x00, 0x13, 0x84, 0x8C,
    0x41, 0x22, 0x80, 0xDD, 0x9D, 0xA7, 0x77, 0x9F, 0x6C, 0xB7, 0xDB, 0x48, 0x94, 0x98, 0x08, 0xAA,
    0x54, 0xFD, 0x95, 0xB8, 0x29, 0x2B, 0x5E, 0xCA, 0xB5, 0x73, 0xE0, 0x8F, 0x5D, 0x84, 0x91, 0xC4,
    0x2A, 0xE6, 0x01, 0xDF, 0x30, 0xC3, 0xA2, 0x38, 0x75, 0x05, 0x5D, 0x2F, 0xF4, 0x67, 0xEC, 0xE7,
    0xFC, 0x9C, 0xB2, 0x89, 0x4E, 0xA5, 0xDA, 0x5C, 0x15, 0x40, 0xD7, 0x5A, 0xF6, 0xA2, 0xCC, 0x0D,
    0x04, 0xB0, 0xAF, 0x3C, 0xCE, 0xA6, 0x1B, 0x99, 0x4D, 0xF2, 0x61, 0x58, 0x96, 0xCC, 0x09, 0x44,
    0xB8, 0x9A, 0x49, 0xC2, 0x8B, 0x9E, 0x71, 0x39, 0x9C, 0x10, 0x39, 0x00, 0x6B, 0xF1, 0x38, 0x9B,
    0x0E, 0x6C, 0xB6, 0x7C, 0x9A, 0x14, 0x1D, 0x70, 0x01, 0x0B, 0x9F, 0x21, 0x03, 0xD3, 0x95, 0x7A,
    0xE0, 0xA2, 0xF5, 0xFE, 0xEC, 0xC5, 0x75, 0x8F, 0xAF, 0x64, 0xD3, 0x0A, 0x70, 0xF5, 0x45, 0x1E,
    0x83, 0xAD, 0x30, 0x7E, 0xE5, 0x5D, 0xD2, 0xD8, 0x34, 0x21, 0x13, 0x20, 0x38, 0x43, 0x01, 0x89,
    0x3F, 0x5B, 0xAF, 0xD7, 0x77, 0x52, 0xB1, 0x08, 0x2B, 0x16, 0x51, 0xF4, 0x9F, 0x5A, 0x7F, 0xA3,
    0xE8, 0xAF, 0x9D, 0xCF, 0x53, 0x2C, 0x8A, 0x53, 0x56, 0x58, 0xEB, 0x7A, 0x8A, 0x4D, 0x77, 0x90,
    0x09, 0x9C, 0xF0, 0x10, 0x60, 0x88, 0x5A, 0x20, 0xDE, 0x3C, 0xD5, 0x65, 0x73, 0x01, 0x8D, 0x80,
    0xC1, 0x10, 0x37, 0x8F, 0xD4, 0xC1, 0x66, 0xBE, 0x12, 0x83, 0x10, 0xDB, 0xF1, 0x4B, 0x12, 0x04,
    0xA4, 0x4A, 0xC9, 0x78, 0x8C, 0x05, 0x22, 0x01, 0x58, 0xC5, 0xCA, 0x74, 0xC2, 0xC2, 0x9C, 0x15,
    0xA7, 0xAC, 0xA0, 0x27, 0xEF, 0x29, 0xED, 0x44, 0xA1, 0x50, 0x29, 0x9B, 0xD3, 0x29, 0x54, 0xDF,
    0x03, 0x5B, 0x7A, 0x4A, 0x2B, 0xC8, 0x67, 0x67, 0xF5, 0x51, 0x36, 0xDD, 0xC8, 0x6C, 0x92, 0x47,
    0x02, 0x9B, 0x89, 0x84, 0x24, 0xD8, 0xAF, 0x5E, 0x8C, 0xAD, 0xE0, 0x93, 0x56, 0x0C, 0x71, 0xC3,
    0x6C, 0x92, 0xDE, 0x5F, 0xC9, 0xE6, 0xC8, 0x6C, 0x12, 0x36, 0x4C, 0x20, 0x6C, 0x74, 0x5E, 0x00,
    0x1B, 0xD8, 0x24, 0x6C, 0x60, 0x93, 0xB0, 0x31, 0x9B, 0xFE, 0x0F, 0xCC, 0x26, 0xCD, 0xA9, 0x5E,
    0xC5, 0xA6, 0x08, 0x47, 0x7D, 0xC9, 0x92, 0x53, 0x58, 0x21, 0x69, 0xEC, 0xE1, 0xED, 0x25, 0x9B,
    0x9D, 0x59, 0xD8, 0x42, 0x79, 0x42, 0xBA, 0x3F, 0xF5, 0x7A, 0x42, 0xA8, 0xEB, 0x58, 0xBA, 0x80,
    0x57, 0xEB, 0xCF, 0x8D, 0x73, 0x85, 0xEB, 0x3C, 0xC1, 0x42, 0x38, 0xD7, 0xB2, 0x82, 0xAE, 0xA7,
    0xAE, 0x5C, 0x0F, 0x33, 0xFE, 0x92, 0x1B, 0x0C, 0xC9, 0x67, 0x7E, 0xB0, 0x50, 0xEC, 0x9B, 0x0B,
    0x0F, 0xE2, 0x3B, 0x58, 0x79, 0xAE, 0x57, 0xC7, 0xF4, 0xFF, 0xF3, 0x80, 0x80, 0x34, 0x25, 0x9B,
    0xA4, 0x0D, 0xDC, 0xC1, 0xAF, 0xE4, 0x88, 0x2C, 0x63, 0x95, 0x8F, 0x3C, 0x90, 0xCF, 0x79, 0x70,
    0x15, 0x7E, 0x47, 0x2F, 0x71, 0x5B, 0xB9, 0x6C, 0x79, 0x09, 0xE2, 0xFC, 0x46, 0x4E, 0x4B, 0x0E,
    0xC5, 0xC9, 0xE8, 0x62, 0xA8, 0xDF, 0x6F, 0x42, 0x0E, 0x38, 0x36, 0x01, 0x8C, 0xCA, 0x6E, 0x0C,
    0x94, 0x7A, 0x53, 0xC3, 0xF7, 0xDD, 0xE1, 0x15, 0xCB, 0x51, 0x16, 0xAA, 0xA5, 0xA8, 0xFD, 0xA9,
    0xFE, 0xED, 0x74, 0x58, 0xC8, 0x01, 0x37, 0x1D, 0x77, 0xE2, 0x30, 0x16, 0xCE, 0x4D, 0xEC, 0x2D,
    0x14, 0x27, 0x22, 0x91, 0xF0, 0xCE, 0x7A, 0xC0, 0xEB, 0x86, 0x47, 0xA4, 0x35, 0x07, 0xC3, 0x96,
    0x43, 0x30, 0x02, 0x88, 0xBC, 0xC8, 0xE1, 0xDA, 0x71, 0xBD, 0xDE, 0xFA, 0x4A, 0x2C, 0xA2, 0x54,
    0x60, 0xE7, 0x8C, 0xE5, 0x10, 0xC0, 0xF6, 0x91, 0x81, 0x6D, 0xDF, 0xC1, 0xAB, 0xE1, 0xDC, 0x6D,
    0x27, 0x1C, 0x3C, 0x71, 0xE4, 0x61, 0x71, 0xAE, 0x16, 0x20, 0x8B, 0x39, 0x94, 0x90, 0xA7, 0xD4,
    0xCD, 0x14, 0xFB, 0xC9, 0x3B, 0xCD, 0xC6, 0xB6, 0x53, 0x64, 0x35, 0x1B, 0xBB, 0xE1, 0xCC, 0x66,
    0x3E, 0x36, 0xE3, 0x09, 0x8B, 0xB1, 0xC1, 0x81, 0xB1, 0x4C, 0xC8, 0x7E, 0x6C, 0xD1, 0xEC, 0x76,
    0x42, 0x33, 0x2D, 0xC8, 0xE8, 0x78, 0x1C, 0x93, 0x13, 0x6A, 0x5A, 0x35, 0x9D, 0x3A, 0x4C, 0xF6,
    0x7E, 0x74, 0xB6, 0x1C, 0x1D, 0x49, 0xC8, 0xB2, 0x59, 0x8C, 0x66, 0x8A, 0x78, 0xBD, 0xFD, 0x68,
    0xA6, 0x26, 0x92, 0x05, 0xF6, 0xA3, 0xAB, 0x8B, 0xA3, 0x85, 0x1C, 0xF8, 0x3E, 0x56, 0xA8, 0xDE,
    0xAE, 0xD0, 0xED, 0xA7, 0x49, 0xE9, 0x57, 0x4D, 0xD6, 0xFA, 0x14, 0x51, 0x99, 0x1B, 0x60, 0x7A,
    0x2D, 0x5B, 0x2B, 0x59, 0x51, 0x2B, 0x69, 0x15, 0xE7, 0x36, 0x19, 0x07, 0x6E, 0x83, 0x2B, 0xFA,
    0xB4, 0xF6, 0x71, 0x97, 0xE4, 0x3E, 0x68, 0xCE, 0xE1, 0xA3, 0x20, 0x02, 0xAE, 0xEC, 0x36, 0x5C,
    0x02, 0x65, 0x79, 0x9E, 0x6C, 0xC0, 0xB7, 0xD9, 0xE8, 0x7A, 0x5B, 0xC7, 0x43, 0x51, 0x86, 0xA3,
    0x7C, 0x56, 0x80, 0x03, 0xBD, 0xEB, 0xED, 0xE8, 0x3A, 0x5A, 0xB0, 0x89, 0x10, 0x22, 0xC3, 0x2E,
    0xAF, 0x50, 0xC8, 0xD9, 0xD2, 0x22, 0xE4, 0xA9, 0xDC, 0x68, 0xFB, 0x6B, 0x12, 0x6F, 0xC5, 0x9D,
    0xE8, 0x5F, 0x40, 0x2A, 0xD6, 0x9C, 0x89, 0xD4, 0xAD, 0x1C, 0xE9, 0x45, 0x25, 0xB6, 0x5D, 0x8A,
    0xC5, 0x4A, 0x8A, 0xA7, 0xAE, 0xD5, 0x2F, 0xFC, 0xAD, 0x98, 0x53, 0xA4, 0xBE, 0xB8, 0x9F, 0x63,
    0xA6, 0x4C, 0xC0, 0x21, 0x56, 0x07, 0xA8, 0x80, 0xD9, 0x21, 0xF3, 0xAA, 0x18, 0x14, 0xA5, 0x39,
    0x21, 0x33, 0x77, 0x1B, 0xD6, 0x1B, 0x30, 0xDB, 0x96, 0x31, 0x67, 0xDD, 0x4A, 0xEC, 0x87, 0x31,
    0x27, 0x7D, 0x28, 0xDA, 0xE1, 0x05, 0xA2, 0x31, 0x96, 0x5C, 0x36, 0x69, 0x18, 0xA4, 0x0D, 0x3B,
    0xD9, 0x53, 0xA6, 0xD9, 0x0B, 0xB1, 0x5E, 0x76, 0x9E, 0xD3, 0xAC, 0x56, 0x68, 0xD6, 0xCD, 0x99,
    0x2D, 0xCE, 0xD8, 0xA4, 0xDF, 0xFB, 0xDC, 0xF7, 0x36, 0x26, 0x36, 0x48, 0x3E, 0x0A, 0x64, 0x05,
    0x2B, 0x8E, 0x58, 0x6E, 0xD1, 0xF9, 0x74, 0xE6, 0x1F, 0xB7, 0x24, 0x05, 0xCA, 0x88, 0x88, 0x46,
    0x6C, 0x41, 0x9F, 0x23, 0xCD, 0xF6, 0x39, 0x0C, 0x4B, 0x7C, 0x88, 0xAB, 0x1C, 0x31, 0x42, 0x3B,
    0x91, 0x22, 0x35, 0xEB, 0x87, 0x18, 0xC1, 0x52, 0x4B, 0x18, 0x70, 0xD8, 0x16, 0x12, 0x0A, 0x31,
    0xFE, 0x6B, 0x0F, 0xD8, 0x73, 0x50, 0x90, 0xCD, 0x2B, 0x50, 0xCE, 0x8A, 0x25, 0x68, 0xF3, 0xFE,
    0xD3, 0xBF, 0x38, 0x73, 0x95, 0xC5, 0x22, 0xB6, 0x2E, 0x28, 0x2D, 0x34, 0x59, 0xED, 0x36, 0x94,
    0x65, 0xA4, 0x04, 0x62, 0x7C, 0x2B, 0x4A, 0x5A, 0x28, 0xAB, 0x8A, 0x9A, 0x42, 0xEB, 0xA2, 0xB2,
    0x58, 0x0A, 0x69, 0x28, 0xAD, 0x05, 0x42, 0x68, 0xB1, 0x91, 0x0F, 0xE3, 0xAC, 0x35, 0xCB, 0xCB,
    0x55, 0x6F, 0x3A, 0xD0, 0x1C, 0x4D, 0x92, 0xD2, 0x63, 0x60, 0xC1, 0xD7, 0x4A, 0xEC, 0xD1, 0x44,
    0xEA, 0x29, 0x54, 0xA1, 0x53, 0xF8, 0x67, 0x24, 0x4F, 0x30, 0x2B, 0x0D, 0xD0, 0x22, 0x31, 0x09,
    0xAD, 0x3D, 0xEC, 0xCE, 0xE8, 0xCB, 0x87, 0x99, 0xCF, 0x35, 0xAC, 0x3E, 0x3E, 0x4C, 0xC2, 0x99,
    0x95, 0xC2, 0x48, 0x61, 0xAA, 0xD0, 0x2A, 0xBC, 0x79, 0xDF, 0x36, 0xAF, 0xFB, 0xDF, 0xC9, 0xED,
    0x9B, 0xF7, 0xAE, 0xDF, 0x2F, 0xEA, 0xAC, 0x7D, 0xD3, 0x3F, 0x27, 0xB7, 0x4F, 0xF6, 0x15, 0x18,
    0xB6, 0x6D, 0xB3, 0xAB, 0x14, 0xED, 0x4B, 0x4F, 0xB1, 0x6A, 0x64, 0x2A, 0x4D, 0xA5, 0x7A, 0x22,
    0xDB, 0x1D, 0x14, 0x7B, 0x70, 0xFF, 0x12, 0x1D, 0x50, 0x82, 0x93, 0x33, 0xBA, 0xDF, 0x6B, 0xE1,
    0x69, 0xA3, 0x50, 0x4E, 0x04, 0x14, 0x8D, 0x1A, 0x39, 0x0A, 0xD8, 0xD3, 0x23, 0x04, 0xD6, 0x13,
    0x8F, 0x0D, 0x4C, 0x2A, 0x4A, 0x7C, 0x16, 0xF0, 0xB1, 0x42, 0x93, 0x42, 0xAE, 0x5E, 0x94, 0xFC,
    0xC1, 0x91, 0x11, 0x90, 0x9F, 0xE3, 0xD3, 0x86, 0x7E, 0xE3, 0x31, 0x34, 0x96, 0xE7, 0x10, 0x0E,
    0xC1, 0xD5, 0x4B, 0x68, 0x4F, 0x08, 0xF9, 0x0C, 0xA5, 0x1F, 0x99, 0x89, 0xD8, 0xEF, 0x37, 0xAD,
    0x7E, 0x9F, 0x7E, 0x9F, 0xC6, 0x4F, 0xF3, 0x05, 0x5F, 0xBB, 0xC3, 0x3F, 0xAD, 0x17, 0x72, 0x3C,
    0x53, 0xF1, 0xA9, 0xC5, 0x92, 0x52, 0xFA, 0x76, 0xF4, 0xDA, 0x76, 0x47, 0x4B, 0xDA, 0xCF, 0xF8,
    0xC3, 0x1A, 0xED, 0x8C, 0x7F, 0x9A, 0xC4, 0xF2, 0x08, 0xFD, 0x2F, 0x58, 0x3E, 0x93, 0xBC, 0x26,
    0xF9, 0xED, 0xE4, 0x39, 0xC9, 0x77, 0x92, 0x77, 0xAA, 0x5B, 0x60, 0xD2, 0x47, 0x7C, 0xA1, 0x54,
    0x58, 0xCE, 0xF5, 0x19, 0x70, 0xAD, 0x2D, 0x43, 0x54, 0xCE, 0xBB, 0xC2, 0x84, 0xFB, 0xB2, 0x58,
    0x93, 0x72, 0xAD, 0x02, 0xBC, 0xDB, 0x1E, 0xD4, 0xA5, 0x3D, 0x68, 0x4B, 0x06, 0x78, 0x8C, 0x78,
    0x5C, 0xDC, 0x2B, 0x1C, 0x0C, 0x5F, 0xCC, 0x7D, 0xEF, 0x56, 0xBF, 0xA8, 0x15, 0xE7, 0x9C, 0x8A,
    0x04, 0xE4, 0x8E, 0x38, 0x27, 0xEB, 0x91, 0x46, 0x15, 0x74, 0xE4, 0xFF, 0xE5, 0xAB, 0xBE, 0xE5,
    0xD2, 0x58, 0x2D, 0x32, 0x84, 0x47, 0x1D, 0xB9, 0x58, 0x04, 0x4D, 0xBC, 0xFB, 0x50, 0xAA, 0x2D,
    0x5C, 0xDA, 0x2C, 0xF0, 0x2A, 0x98, 0x4A, 0x9E, 0x03, 0xB4, 0xF5, 0xAB, 0x1E, 0x01, 0x68, 0x08,
    0x8C, 0x43, 0x50, 0x4D, 0xAE, 0xEA, 0x8D, 0xBE, 0xF7, 0x53, 0x3C, 0x1D, 0x71, 0xF2, 0x98, 0x96,
    0xA8, 0x03, 0xD0, 0x49, 0xDA, 0x70, 0xFA, 0x54, 0x71, 0x85, 0x22, 0x87, 0x00, 0x06, 0x36, 0xB4,
    0x45, 0x9D, 0x49, 0xCD, 0x2F, 0x12, 0xAB, 0x54, 0x23, 0xDD, 0x81, 0x7A, 0xEE, 0x69, 0xEE, 0x98,
    0xD7, 0x75, 0x71, 0xCC, 0x95, 0x36, 0x1C, 0x88, 0xB8, 0xBE, 0x60, 0xFF, 0x31, 0x28, 0xB0, 0x0A,
    0xD8, 0xC9, 0x74, 0x57, 0xEF, 0x13, 0xB8, 0x3E, 0x51, 0xCC, 0x41, 0x4A, 0xD6, 0x1E, 0x99, 0xC7,
    0x46, 0x40, 0xDE, 0x02, 0x71, 0x22, 0x02, 0xBE, 0xD7, 0x75, 0xB9, 0x7C, 0x91, 0xA6, 0xD4, 0x97,
    0x4B, 0x09, 0xE6, 0x15, 0xBC, 0x8F, 0x1C, 0xC6, 0x22, 0x04, 0xCA, 0xF9, 0xFF, 0x14, 0x04, 0x5E,
    0x72, 0xAD, 0x1E, 0xCC, 0xC7, 0xE3, 0x21, 0x9E, 0x8F, 0xFF, 0x1F, 0xB1, 0xFD, 0x9F, 0x6A, 0xC9,
    0x5C, 0x7D, 0xDF, 0x98, 0x2F, 0xC3, 0x8D, 0x51, 0x14, 0x86, 0x7D, 0xD5, 0x51, 0xD0, 0x88, 0x23,
    0xFD, 0x63, 0xCA, 0xCA, 0xCE, 0x4E, 0xE1, 0xDC, 0x6C, 0xC5, 0x9B, 0x2E, 0xC9, 0x29, 0x89, 0xAF,
    0xCC, 0x8A, 0xE6, 0x7C, 0x65, 0xBF, 0x6E, 0x76, 0x66, 0xCC, 0x37, 0x90, 0x17, 0x50, 0x98, 0x4C,
    0x11, 0x9D, 0x1F, 0xC9, 0x89, 0x6B, 0xD2, 0x6A, 0xB1, 0xB1, 0x47, 0x93, 0x95, 0x5C, 0x57, 0x8D,
    0x50, 0x62, 0xDC, 0x1C, 0x26, 0xFE, 0x3A, 0xF2, 0xBE, 0xAD, 0xD6, 0xDA, 0xF2, 0x25, 0xD0, 0xDF,
    0x0E, 0x5E, 0x07, 0x27, 0x28, 0x98, 0xC6, 0x10, 0xAD, 0x6F, 0xA3, 0xF8, 0x6B, 0x7E, 0xCE, 0x5E,
    0x1E, 0x0A, 0xF3, 0xDF, 0xF7, 0x12, 0xB8, 0x19, 0x3A, 0x27, 0x50, 0x9F, 0x21, 0x44, 0xAD, 0xF9,
    0xAE, 0xF4, 0x70, 0x8C, 0x79, 0x8B, 0x3E, 0x5B, 0x74, 0x22, 0x60, 0x2C, 0xBF, 0x43, 0x64, 0x6C,
    0xB8, 0x9A, 0xF8, 0x57, 0x1A, 0xFF, 0x31, 0x17, 0x41, 0x72, 0x47, 0xF2, 0x70, 0xE4, 0x7F, 0x1A,
    0xF3, 0x75, 0xDA, 0xA3, 0x4B, 0x15, 0xBE, 0x43, 0x5F, 0x83, 0x0F, 0xAD, 0x7F, 0xFE, 0x81, 0x96,
    0xB7, 0xF5, 0xBE, 0x82, 0x67, 0x23, 0x01, 0xEC, 0x6A, 0x76, 0xE7, 0x64, 0xE0, 0xC6, 0x07, 0x52,
    0x25, 0x79, 0x3A, 0x9F, 0x65, 0x9F, 0xE5, 0xC1, 0xDD, 0xFE, 0xDB, 0x18, 0xF1, 0xB5, 0x69, 0x28,
    0x3F, 0x58, 0xAC, 0x8A, 0x24, 0x44, 0x58, 0x3A, 0x90, 0x2B, 0x17, 0xA5, 0x66, 0x3E, 0xC8, 0x4E,
    0x4E, 0x7E, 0x34, 0x5C, 0x92, 0x53, 0x73, 0x39, 0x9C, 0xCF, 0x87, 0x0F, 0xCD, 0x42, 0xB7, 0x2C,
    0xA2, 0x61, 0x7E, 0x2F, 0xFC, 0x3C, 0x0B, 0xDF, 0x5F, 0x28, 0x98, 0x6E, 0x7F, 0x73, 0x71, 0xBC,
    0xBC, 0x3F, 0xB0, 0x41, 0x2F, 0x8C, 0x74, 0x87, 0x30, 0xFF, 0x16, 0x76, 0xDD, 0x6A, 0x4D, 0x0A,
    0xCA, 0x0B, 0x60, 0xA5, 0x48, 0x46, 0x03, 0xC9, 0x4A, 0x9F, 0x6A, 0xE0, 0xCC, 0x96, 0x9D, 0x61,
    0x6B, 0x87, 0x7C, 0xB0, 0x17, 0x78, 0x8C, 0xE6, 0x8F, 0x3D, 0x9B, 0xFE, 0x2E, 0xF0, 0xBE, 0xBF,
    0x5F, 0xE4, 0x90, 0x4C, 0x02, 0xDE, 0xC8, 0x30, 0x06, 0x74, 0x15, 0xB8, 0xD3, 0x24, 0x21, 0x02,
    0x13, 0x30, 0x7F, 0xBC, 0xC1, 0xC7, 0x14, 0xDA, 0x28, 0x4C, 0x04, 0x2F, 0x54, 0x70, 0x28, 0x35,
    0x48, 0x26, 0x17, 0x63, 0x2C, 0xB7, 0x37, 0xD8, 0xAB, 0x24, 0x07, 0x76, 0xC0, 0x65, 0x95, 0x8E,
    0xB7, 0xE9, 0xB3, 0x51, 0x92, 0xB9, 0x25, 0x04, 0x06, 0x10, 0x63, 0x61, 0x95, 0x58, 0xDA, 0x4C,
    0x15, 0x2F, 0x82, 0xD5, 0x78, 0xA1, 0xFD, 0x8B, 0x4E, 0x46, 0x48, 0x93, 0x2C, 0x17, 0xEA, 0xDC,
    0xC4, 0x8C, 0x93, 0xEA, 0x48, 0x27, 0x89, 0x3D, 0x66, 0xB0, 0x40, 0xE9, 0xD5, 0xD9, 0xEE, 0x55,
    0x35, 0xBD, 0xEA, 0x79, 0x77, 0x98, 0x80, 0x7B, 0x59, 0xAD, 0xA6, 0xDD, 0x9C, 0x73, 0x23, 0xED,
    0x5F, 0x55, 0x3B, 0x3E, 0xDE, 0xD2, 0xF6, 0x9D, 0xC9, 0x88, 0xEA, 0x77, 0x8C, 0x96, 0x34, 0xB8,
    0xCC, 0x5D, 0xD0, 0xA2, 0xFE, 0xD2, 0x45, 0xA7, 0x57, 0x34, 0x2A, 0x60, 0xD2, 0x22, 0xEE, 0x97,
    0x71, 0x31, 0x15, 0x4A, 0x6F, 0x66, 0x6F, 0x0E, 0xB1, 0xCC, 0xAA, 0x88, 0xE9, 0x45, 0x3A, 0xC9,
    0x80, 0x75, 0x53, 0x8C, 0x5A, 0xE9, 0x42, 0x65, 0x80, 0xCB, 0x02, 0xDF, 0xA4, 0xCF, 0xF7, 0x16,
    0xB2, 0x7F, 0x3D, 0x95, 0x56, 0x8D, 0x1D, 0x8F, 0x80, 0xD7, 0x59, 0x69, 0x3D, 0x39, 0xD8, 0x9F,
    0xC9, 0x67, 0xA5, 0x0D, 0x2E, 0x04, 0x05, 0x3F, 0x7E, 0x34, 0x3E, 0x9C, 0x9A, 0x05, 0xE9, 0x25,
    0x6D, 0x0C, 0xF7, 0x6C, 0x8D, 0x96, 0x03, 0xFA, 0x33, 0x23, 0xE3, 0x2A, 0xFA, 0x45, 0x7F, 0xA6,
    0x61, 0x5C, 0xA8, 0xA3, 0x0F, 0x0C, 0x70, 0xBA, 0x11, 0xC0, 0xB6, 0x20, 0x80, 0xF0, 0x76, 0xEA,
    0xCF, 0xF4, 0xD2, 0x9F, 0x19, 0x99, 0xAE, 0x4C, 0x02, 0xF0, 0xC4, 0xBF, 0xF4, 0xBF, 0x5C, 0xDF,
    0x39, 0xD7, 0xC6, 0xD0, 0x96, 0xCA, 0x4A, 0x3B, 0x32, 0xE9, 0xC8, 0xFE, 0xDD, 0x6A, 0x1F, 0xAB,
    0x99, 0xA7, 0xD7, 0x07, 0xFB, 0x33, 0xD3, 0x43, 0xB8, 0xE0, 0x59, 0x8B, 0xE9, 0x5A, 0x1A, 0x41,
    0x9A, 0x40, 0xDE, 0x07, 0xC6, 0xA7, 0x12, 0x9C, 0xC9, 0x73, 0xAF, 0xDB, 0xF5, 0xFA, 0x87, 0xFE,
    0x05, 0x37, 0x48, 0xE9, 0x4C, 0x68, 0x19, 0x17, 0xB4, 0x42, 0xB8, 0xA0, 0x23, 0x2D, 0xFA, 0x13,
    0x2E, 0xA8, 0x31, 0x6B, 0x19, 0x10, 0x81, 0x00, 0x85, 0x00, 0x57, 0x31, 0xE0, 0x46, 0x02, 0x87,
    0x67, 0x34, 0x0F, 0x74, 0x39, 0xF4, 0x1A, 0xA0, 0xDB, 0x93, 0xBB, 0xE3, 0x79, 0xDD, 0xFA, 0x85,
    0x9D, 0xE5, 0x66, 0xEB, 0x3F, 0x81, 0x0D, 0x4A, 0xB9, 0x6E, 0xCF, 0xF3, 0xE6, 0x22, 0x8F, 0xC1,
    0xB9, 0xA3, 0xE3, 0x94, 0x5D, 0x45, 0x2C, 0xBE, 0x53, 0x9C, 0x73, 0xB0, 0x4B, 0xCE, 0x9F, 0x93,
    0xEB, 0x4D, 0xA6, 0x16, 0xE6, 0x81, 0x86, 0xA3, 0x95, 0xA8, 0xA5, 0xE8, 0xE6, 0xDF, 0xEC, 0xA2,
    0x15, 0x94, 0x2D, 0xDA, 0x88, 0xB1, 0x1F, 0x51, 0x98, 0x5D, 0x69, 0x57, 0x43, 0x5D, 0x76, 0x2A,
    0x80, 0xED, 0x6C, 0x90, 0xA6, 0xD4, 0xB9, 0xD8, 0x53, 0x4A, 0xD9, 0xC3, 0x31, 0x30, 0xEB, 0x1F,
    0x9C, 0x69, 0x1B, 0xA1, 0x56, 0x86, 0xB4, 0xA9, 0x90, 0xDF, 0xDC, 0x6E, 0x3F, 0xF0, 0x53, 0x48,
    0x77, 0xA4, 0x7D, 0x95, 0x29, 0x18, 0xE6, 0xDF, 0x96, 0x6C, 0x4D, 0x1D, 0xF5, 0x06, 0x5B, 0xDB,
    0xF9, 0xBA, 0x98, 0xF5, 0x2A, 0x46, 0x59, 0xAF, 0x65, 0x40, 0x66, 0x73, 0x72, 0xAE, 0xC5, 0x31,
    0xEB, 0x73, 0x34, 0xC7, 0x00, 0x4E, 0xF4, 0x07, 0x53, 0x73, 0xB8, 0xD6, 0x43, 0x4F, 0x8A, 0xB4,
    0x2F, 0x5E, 0xF2, 0x9F, 0x98, 0x9C, 0xC5, 0xF5, 0x29, 0xFC, 0x63, 0x15, 0xD7, 0x11, 0x6C, 0x07,
    0x3E, 0xDE, 0xE7, 0x61, 0x0F, 0x68, 0xCB, 0xB8, 0x01, 0x4C, 0xEB, 0xA4, 0x06, 0x8C, 0x9B, 0xB4,
    0x04, 0x8C, 0xDA, 0x8C, 0x61, 0xD8, 0xD9, 0x0D, 0xE0, 0xAA, 0xA7, 0x30, 0x40, 0xA0, 0x9F, 0x37,
    0xD4, 0x67, 0x70, 0x1A, 0xA7, 0x70, 0x9A, 0x2F, 0xF8, 0xC2, 0x76, 0xC2, 0x2F, 0xEB, 0x25, 0xF5,
    0xB4, 0x7E, 0x30, 0x02, 0x52, 0x68, 0xE3, 0xCA, 0xB8, 0x0E, 0x47, 0x54, 0x37, 0xE3, 0x3A, 0xEB,
    0x20, 0x7C, 0xA2, 0xBF, 0xD6, 0x36, 0x6B, 0x6E, 0x76, 0xA9, 0xDA, 0x2E, 0x59, 0xBB, 0x94, 0xEF,
    0x8F, 0xDE, 0x63, 0xBE, 0x3B, 0xF9, 0x68, 0x5A, 0x2A, 0x35, 0x59, 0xE6, 0x1B, 0x0A, 0x2A, 0xF9,
    0xBC, 0x17, 0xBE, 0xA1, 0x69, 0xF0, 0x8D, 0xC9, 0xE0, 0x1B, 0x3A, 0x03, 0xDF, 0x70, 0x77, 0xBD,
    0xCD, 0x15, 0x5E, 0xCE, 0xB7, 0xFC, 0xAE, 0x70, 0x9A, 0x2F, 0xF8, 0x98, 0x6F, 0xC6, 0x1F, 0xB3,
    0x29, 0x31, 0xDF, 0xBC, 0xFE, 0x44, 0x0F, 0x17, 0x90, 0x85, 0x6F, 0xF9, 0xC4, 0xFE, 0xD9, 0xDD,
    0xCF, 0xCB, 0xF7, 0xE9, 0x9C, 0x6F, 0xFE, 0x9B, 0x84, 0x9C, 0x5B, 0xB1, 0xA9, 0x2F, 0x63, 0xFC,
    0x21, 0x42, 0xF1, 0xA2, 0x4E, 0x9E, 0xA0, 0x57, 0x7D, 0x8B, 0xF8, 0x76, 0x65, 0x34, 0x80, 0xEF,
    0xAC, 0x49, 0x5B, 0xF0, 0x1D, 0xF7, 0x45, 0x05, 0xBE, 0x69, 0xFF, 0xE5, 0x01, 0xF8, 0xA7, 0xA8,
    0x83, 0x21, 0x39, 0x26, 0x86, 0xB4, 0x0F, 0x00, 0x03, 0xB4, 0x88, 0x89, 0xEF, 0x68, 0x28, 0x4A,
    0xF0, 0x9D, 0xB6, 0x69, 0x03, 0xBE, 0x8B, 0x2A, 0xEE, 0x89, 0xEF, 0x27, 0xF8, 0x13, 0x15, 0xE2,
    0xFB, 0x25, 0x02, 0x82, 0xC7, 0x75, 0x28, 0xA5, 0xFD, 0x12, 0xF5, 0x17, 0xE2, 0xF1, 0xBF, 0xC8,
    0x77, 0xB9, 0xD7, 0x77, 0xA4, 0xFA, 0x06, 0xDF, 0x90, 0x3F, 0xF8, 0xE6, 0x25, 0x6E, 0xB1, 0xBE,
    0x85, 0x6F, 0x04, 0x1A, 0xA2, 0x6F, 0xE1, 0x9B, 0x7E, 0x16, 0xBE, 0x23, 0xE5, 0x3B, 0x9D, 0xF8,
    0xAE, 0x94, 0xEF, 0x5C, 0xF9, 0x16, 0x7D, 0x23, 0x4C, 0x11, 0xBE, 0x59, 0xDF, 0x4F, 0x38, 0xD6,
    0x10, 0xBE, 0xA1, 0x6F, 0x66, 0xC2, 0x0A, 0xDF, 0x62, 0xE7, 0x9F, 0x95, 0x6F, 0x71, 0x30, 0xDD,
    0x9B, 0x74, 0x3F, 0xFA, 0x67, 0x07, 0x7E, 0xD9, 0x50, 0xC1, 0x4E, 0x73, 0xD2, 0x65, 0xE1, 0xFC,
    0xA8, 0xA0, 0xDF, 0x38, 0xE5, 0x71, 0x23, 0x3F, 0x34, 0xC6, 0x8F, 0x6E, 0xD4, 0x37, 0xB6, 0xE7,
    0x9C, 0x59, 0x1A, 0x31, 0xC4, 0xFF, 0xB5, 0x7B, 0xFF, 0x06, 0xD5, 0x96, 0x31, 0x6E, 0xD5, 0x40,
    0x10, 0x86, 0xC7, 0xCF, 0x02, 0x17, 0x2E, 0x52, 0x43, 0x8A, 0xC7, 0x0D, 0xF6, 0x08, 0xEB, 0x23,
    0xA4, 0x41, 0x48, 0xE1, 0x30, 0x36, 0x37, 0x78, 0x4D, 0xC4, 0x05, 0x68, 0xA0, 0xC9, 0x05, 0x90,
    0x6C, 0x6E, 0xB0, 0x47, 0x70, 0x0B, 0x95, 0x8B, 0x87, 0xF4, 0x9E, 0x64, 0x7B, 0x98, 0x7F, 0x66,
    0x6C, 0xE7, 0x45, 0x40, 0x17, 0x05, 0x5E, 0x91, 0xFD, 0xF2, 0xD6, 0x3B, 0x9E, 0xFD, 0x32, 0xB3,
    0x1B, 0x22, 0x7C, 0x5E, 0xCF, 0x95, 0xFC, 0xCC, 0x5A, 0xFE, 0xC0, 0x7C, 0x12, 0xDA, 0x33, 0x3E,
    0xB3, 0x50, 0xAB, 0xC4, 0x44, 0x3B, 0x1D, 0xEF, 0x85, 0x0A, 0x4E, 0x05, 0x9F, 0x72, 0x99, 0xBD,
    0x62, 0xCA, 0x78, 0xA0, 0xAF, 0xB2, 0x60, 0x16, 0xEA, 0xE9, 0x0D, 0x51, 0x9C, 0xE4, 0xD1, 0x1E,
    0x41, 0xE3, 0x48, 0x39, 0xA7, 0x0B, 0x7A, 0xC9, 0x4B, 0xE0, 0xC8, 0x4B, 0xE0, 0xFA, 0x31, 0x4D,
    0xF2, 0x60, 0x3D, 0xC9, 0x0A, 0x8D, 0x52, 0xAF, 0x51, 0x9E, 0x8B, 0xDA, 0x49, 0xB6, 0xFC, 0x53,
    0xA0, 0x64, 0x4E, 0x92, 0x77, 0xAF, 0x7E, 0x7A, 0xC9, 0x76, 0x20, 0x0A, 0xF2, 0x5D, 0xCD, 0x96,
    0xAA, 0x68, 0x3C, 0x60, 0xD8, 0x99, 0x3A, 0xCC, 0x71, 0xE7, 0x0E, 0x7B, 0x7C, 0x3D, 0xB7, 0x58,
    0x52, 0x70, 0xA7, 0x7B, 0x13, 0x7B, 0x84, 0x37, 0xEC, 0xA1, 0xA3, 0x52, 0x73, 0xE4, 0xB6, 0x1E,
    0x8E, 0xE6, 0x2C, 0xB9, 0xB1, 0xE4, 0x96, 0xB6, 0xD1, 0x5C, 0xA5, 0x2D, 0xE3, 0xA7, 0x1E, 0xD5,
    0xC7, 0x51, 0xD2, 0x57, 0x1B, 0x95, 0xBB, 0x68, 0xDC, 0x04, 0x0A, 0xE9, 0x7A, 0xBE, 0xC3, 0x50,
    0x58, 0x7E, 0xEA, 0x21, 0xB9, 0x87, 0xE4, 0x1E, 0x92, 0xD6, 0x91, 0xC6, 0xBB, 0xE2, 0x4A, 0xC7,
    0x3D, 0x5B, 0xFC, 0x30, 0xDB, 0x18, 0x7D, 0x5F, 0x5E, 0x3D, 0xE2, 0x61, 0xCA, 0xCD, 0xC3, 0x9C,
    0xDB, 0xFE, 0x27, 0x1F, 0xC7, 0xFC, 0x19, 0x3D, 0x94, 0x7F, 0xF6, 0x80, 0x9E, 0xBA, 0x3F, 0x93,
    0xB5, 0x16, 0x26, 0x06, 0xEB, 0xAD, 0xB3, 0x57, 0x79, 0xCB, 0x97, 0xDD, 0xF5, 0x83, 0x97, 0xF6,
    0x9A, 0x44, 0x9A, 0x57, 0xC8, 0x89, 0x8A, 0xD9, 0x8A, 0x44, 0x96, 0xE7, 0x27, 0xF5, 0x92, 0x79,
    0xC1, 0x89, 0x9A, 0xDD, 0x86, 0x5E, 0xAF, 0xDE, 0x64, 0x88, 0x1B, 0x37, 0xAC, 0x7F, 0x8B, 0x4B,
    0xA3, 0x45, 0x5E, 0xF7, 0x15, 0xFE, 0x11, 0x54, 0xBD, 0xC8, 0xAC, 0x82, 0x61, 0x51, 0x25, 0x8E,
    0x46, 0x48, 0x96, 0xBC, 0x73, 0x41, 0x78, 0xD6, 0x52, 0x60, 0xEF, 0x97, 0xAC, 0xFD, 0xFE, 0x76,
    0x53, 0xCD, 0x9B, 0x6A, 0xFE, 0x8B, 0xEA, 0x52, 0x5A, 0x35, 0x2E, 0xAA, 0x47, 0x7D, 0xB1, 0xAB,
    0x06, 0xAA, 0x6A, 0x47, 0x53, 0xED, 0x98, 0x1B, 0xBA, 0xEA, 0x3E, 0xAC, 0xAA, 0x87, 0xB0, 0xFA,
    0xED, 0x37, 0x4C, 0x61, 0x53, 0x1D, 0xFE, 0x73, 0xD5, 0x59, 0x7B, 0x30, 0xDF, 0x81, 0xFD, 0xC0,
    0x32, 0xC3, 0x66, 0x56, 0xA1, 0xE0, 0x8F, 0x06, 0x62, 0x75, 0x7C, 0x81, 0x4E, 0xD8, 0x4F, 0x74,
    0x53, 0xEB, 0x59, 0x30, 0xDA, 0xA1, 0x07, 0x89, 0xD9, 0x02, 0x3B, 0x85, 0xA5, 0xAF, 0xD6, 0x4B,
    0x22, 0x3E, 0x2E, 0xD8, 0x05, 0xE6, 0x07, 0x17, 0xC4, 0x7A, 0x4E, 0x3F, 0x0D, 0xAC, 0xAF, 0x18,
    0x16, 0x38, 0xDF, 0x36, 0xD4, 0xCE, 0x37, 0x22, 0x83, 0x1B, 0x39, 0x03, 0xA7, 0x0C, 0xB0, 0x47,
    0x43, 0x23, 0xC3, 0x00, 0x88, 0x6B, 0x49, 0x7E, 0xA9, 0xBC, 0x32, 0xED, 0x77, 0x54, 0x64, 0x32,
    0x6A, 0xED, 0xA6, 0x95, 0x49, 0x3F, 0x0C, 0x48, 0x62, 0xDF, 0xB5, 0x2E, 0x70, 0x94, 0x27, 0x75,
    0x69, 0x89, 0x83, 0xB6, 0x51, 0x1A, 0x70, 0x73, 0x5C, 0x52, 0x7E, 0x94, 0x45, 0xA0, 0xEC, 0xDD,
    0xE8, 0x84, 0xA3, 0xE7, 0x1A, 0x11, 0x91, 0x60, 0xA7, 0xD6, 0x24, 0x4B, 0xFE, 0xA6, 0xDA, 0xC2,
    0x98, 0x29, 0x8D, 0x14, 0x8F, 0x14, 0xBB, 0x12, 0x2B, 0x6A, 0xA1, 0x46, 0xE3, 0xC9, 0xF6, 0x82,
    0x45, 0xAE, 0xF9, 0x40, 0x46, 0x11, 0xB9, 0x29, 0x05, 0x5C, 0x62, 0x4A, 0x25, 0xC2, 0x2B, 0xE1,
    0x2F, 0x5E, 0x59, 0x2E, 0x32, 0xDD, 0x19, 0xC9, 0x97, 0x49, 0xE9, 0x95, 0x6C, 0xA2, 0x57, 0x6A,
    0x61, 0x52, 0x09, 0xFF, 0x31, 0xC8, 0xAC, 0x48, 0xE0, 0x2E, 0xC3, 0x8A, 0xF3, 0x7B, 0xE2, 0x63,
    0xC1, 0x0D, 0xD2, 0xAD, 0x34, 0x5D, 0x10, 0xF4, 0x8C, 0xAA, 0x46, 0x6F, 0x58, 0x64, 0x24, 0xB6,
    0x6E, 0x3F, 0xE1, 0x78, 0xFB, 0x5C, 0xD1, 0x2F, 0x5D, 0x90, 0xCB, 0x0D, 0x83, 0x30, 0x10, 0x44,
    0x57, 0xE1, 0xC0, 0x81, 0xC3, 0x96, 0x90, 0x12, 0xE8, 0x20, 0xD0, 0x51, 0x4A, 0x30, 0x9D, 0xD9,
    0x25, 0x50, 0x02, 0x87, 0x14, 0xE0, 0x43, 0x22, 0xA1, 0xC8, 0x62, 0xB2, 0x1F, 0x5B, 0xA0, 0xF8,
    0x34, 0x5E, 0x3D, 0x8F, 0x77, 0x86, 0xE8, 0x7A, 0xBA, 0xD4, 0x14, 0xE7, 0xA6, 0xA6, 0xD2, 0x14,
    0xD0, 0x30, 0xA0, 0x82, 0xFC, 0x45, 0x05, 0x1F, 0xD4, 0x57, 0x70, 0x27, 0x8A, 0x8E, 0xBD, 0x89,
    0xEE, 0x06, 0xB2, 0xCC, 0xFA, 0xEC, 0x6E, 0xCF, 0x57, 0x57, 0xDC, 0x0D, 0x07, 0xC1, 0xDD, 0x80,
    0x45, 0x1D, 0x59, 0x55, 0x8A, 0x02, 0x4E, 0xAA, 0xD6, 0x50, 0x0C, 0x53, 0x05, 0xC7, 0x90, 0x02,
    0x92, 0x61, 0x07, 0x45, 0x64, 0xC3, 0x66, 0x61, 0x8A, 0xAA, 0x95, 0x6E, 0xA2, 0xD8, 0x46, 0x03,
    0x90, 0xF5, 0x05, 0x51, 0xD0, 0x65, 0x75, 0x36, 0xD8, 0x55, 0xC0, 0x39, 0x0A, 0x66, 0xBF, 0x2D,
    0x32, 0xCA, 0x9E, 0x07, 0x9E, 0xC9, 0x95, 0x6D, 0xAA, 0xDE, 0xB6, 0xA9, 0xFD, 0x97, 0x3D, 0xF8,
    0x3E, 0xD6, 0xE8, 0xD8, 0xB8, 0xD6, 0x31, 0xAD, 0x5C, 0x93, 0xF3, 0xD6, 0x6A, 0xEB, 0x3E, 0x21,
    0xFD, 0xB7, 0x76, 0x69, 0xF2, 0x6C, 0xF7, 0x6C, 0xDC, 0xCF, 0x0F,
};

static const EpdGlyph bookerly_l_boldGlyphs[] = {
    { 0, 0, 0, 0, 0, 0, 0 }, // U+0000
    { 0, 0, 0, 0, 0, 0, 0 }, // U+0008
    { 0, 0, 143, 0, 0, 0, 0 }, // U+0009
    { 0, 0, 143, 0, 0, 0, 0 }, // U+000D
    { 0, 0, 0, 0, 0, 0, 0 }, // U+001D
    { 0, 0, 143, 0, 0, 0, 0 }, // U+0020
    { 9, 33, 193, 2, 32, 75, 0 }, // !
    { 15, 15, 280, 1, 31, 57, 75 }, // "
    { 26, 26, 415, 0, 24, 169, 132 }, // #
    { 21, 43, 369, 1, 34, 226, 301 }, // $
    { 38, 33, 645, 1, 31, 314, 527 }, // %
    { 33, 32, 532, 1, 31, 264, 841 }, // &
    { 7, 15, 153, 1, 31, 27, 1105 }, // '
    { 14, 42, 253, 1, 34, 147, 1132 }, // (
    { 14, 42, 253, 1, 34, 147, 1279 }, // )
    { 15, 15, 260, 1, 31, 57, 1426 }, // *
    { 20, 20, 415, 3, 24, 100, 1483 }, // +
    { 10, 14, 193, 1, 6, 35, 1583 }, // ,
    { 14, 6, 253, 1, 14, 21, 1618 }, // -
    { 8, 7, 193, 2, 6, 14, 1639 }, // .
    { 20, 33, 351, 1, 31, 165, 1653 }, // /
    { 24, 31, 439, 2, 30, 186, 1818 }, // 0
    { 19, 30, 330, 1, 30, 143, 2004 }, // 1
    { 23, 30, 391, 1, 30, 173, 2147 }, // 2
    { 21, 31, 366, 1, 30, 163, 2320 }, // 3
    { 25, 31, 426, 1, 30, 194, 2483 }, // 4
    { 21, 30, 372, 0, 29, 158, 2677 }, // 5
    { 22, 31, 407, 2, 30, 171, 2835 }, // 6
    { 22, 30, 372, 1, 29, 165, 3006 }, // 7
    { 22, 31, 412, 2, 30, 171, 3171 }, // 8
    { 22, 31, 407, 2, 30, 171, 3342 }, // 9
    { 8, 23, 193, 2, 22, 46, 3513 }, // :
    { 11, 30, 193, 0, 22, 83, 3559 }, // ;
    { 20, 20, 415, 3, 24, 100, 3642 }, // <
    { 20, 12, 415, 3, 20, 60, 3742 }, // =
    { 20, 20, 415, 3, 24, 100, 3802 }, // >
    { 17, 32, 327, 2, 31, 136, 3902 }, // ?
    { 38, 39, 661, 2, 30, 371, 4038 }, // @
    { 33, 30, 515, 0, 30, 248, 4409 }, // A
    { 25, 31, 433, 1, 30, 194, 4657 }, // B
    { 25, 31, 437, 1, 30, 194, 4851 }, // C
    { 30, 31, 517, 1, 30, 233, 5045 }, // D
    { 25, 30, 433, 1, 30, 188, 5278 }, // E
    { 23, 30, 395, 1, 30, 173, 5466 }, // F
    { 29, 31, 494, 1, 30, 225, 5639 }, // G
    { 34, 30, 573, 1, 30, 255, 5864 }, // H
    { 16, 30, 279, 1, 30, 120, 6119 }, // I
    { 19, 39, 262, -3, 30, 186, 6239 }, // J
    { 31, 31, 506, 1, 30, 241, 6425 }, // K
    { 25, 30, 414, 1, 30, 188, 6666 }, // L
    { 39, 30, 633, 0, 30, 293, 6854 }, // M
    { 33, 31, 535, 1, 30, 256, 7147 }, // N
    { 31, 31, 521, 1, 30, 241, 7403 }, // O
    { 25, 30, 417, 1, 30, 188, 7644 }, // P
    { 33, 40, 521, 1, 30, 330, 7832 }, // Q
    { 30, 31, 474, 1, 30, 233, 8162 }, // R
    { 21, 31, 391, 2, 30, 163, 8395 }, // S
    { 28, 30, 479, 1, 30, 210, 8558 }, // T
    { 34, 31, 536, 0, 30, 264, 8768 }, // U
    { 33, 31, 519, 0, 30, 256, 9032 }, // V
    { 45, 31, 743, 1, 30, 349, 9288 }, // W
    { 32, 30, 513, 0, 30, 240, 9637 }, // X
    { 30, 30, 482, 0, 30, 225, 9877 }, // Y
    { 24, 31, 406, 1, 30, 186, 10102 }, // Z
    { 11, 40, 225, 2, 33, 110, 10288 }, // [
    { 20, 33, 351, 1, 31, 165, 10398 }, // <backslash>
    { 11, 40, 225, 1, 33, 110, 10563 }, // ]
    { 22, 20, 415, 2, 27, 110, 10673 }, // ^
    { 21, 5, 333, 0, -1, 27, 10783 }, // _
    { 10, 11, 450, 9, 36, 28, 10810 }, // `
    { 23, 24, 379, 1, 23, 138, 10838 }, // a
    { 26, 34, 412, -1, 33, 221, 10976 }, // b
    { 20, 24, 347, 1, 23, 120, 11197 }, // c
    { 26, 34, 419, 1, 33, 221, 11317 }, // d
    { 21, 24, 363, 1, 23, 126, 11538 }, // e
    { 22, 33, 289, 0, 33, 182, 11664 }, // f
    { 25, 33, 403, 0, 23, 207, 11846 }, // g
    { 28, 33, 442, 0, 33, 231, 12053 }, // h
    { 15, 33, 237, 0, 33, 124, 12284 }, // i
    { 14, 43, 211, -3, 33, 151, 12408 }, // j
    { 27, 34, 423, 0, 33, 230, 12559 }, // k
    { 14, 33, 233, 0, 33, 116, 12789 }, // l
    { 41, 23, 661, 0, 23, 236, 12905 }, // m
    { 28, 23, 450, 0, 23, 161, 13141 }, // n
    { 23, 24, 403, 1, 23, 138, 13302 }, // o
    { 25, 33, 417, 0, 23, 207, 13440 }, // p
    { 24, 33, 399, 1, 23, 198, 13647 }, // q
    { 20, 23, 318, 0, 23, 115, 13845 }, // r
    { 18, 24, 335, 2, 23, 108, 13960 }, // s
    { 19, 29, 283, -1, 28, 138, 14068 }, // t
    { 28, 24, 435, 0, 23, 168, 14206 }, // u
    { 28, 23, 435, 0, 22, 161, 14374 }, // v
    { 38, 23, 604, 0, 22, 219, 14535 }, // w
    { 26, 22, 414, 0, 22, 143, 14754 }, // x
    { 28, 32, 434, 0, 22, 224, 14897 }, // y
    { 20, 23, 344, 1, 22, 115, 15121 }, // z
    { 14, 42, 267, 2, 34, 147, 15236 }, // {
    { 6, 39, 211, 4, 33, 59, 15383 }, // |
    { 14, 42, 267, 1, 34, 147, 15442 }, // }
    { 21, 8, 415, 3, 18, 42, 15589 }, // ~
    { 0, 0, 143, 0, 0, 0, 0 }, // U+00A0
    { 9, 33, 193, 1, 23, 75, 0 }, // U+00A1
    { 22, 42, 378, 1, 33, 231, 75 }, // U+00A2
    { 25, 30, 387, 0, 28, 188, 306 }, // U+00A3
    { 24, 21, 415, 1, 21, 126, 494 }, // U+00A4
    { 28, 28, 446, 0, 28, 196, 620 }, // U+00A5
    { 6, 39, 211, 4, 33, 59, 816 }, // U+00A6
    { 20, 33, 345, 1, 29, 165, 875 }, // U+00A7
    { 16, 6, 450, 6, 32, 24, 1040 }, // U+00A8
    { 31, 31, 521, 1, 30, 241, 1064 }, // U+00A9
    { 15, 21, 293, 2, 30, 79, 1305 }, // U+00AA
    { 22, 17, 391, 1, 19, 94, 1384 }, // U+00AB
    { 20, 11, 415, 3, 20, 55, 1478 }, // U+00AC
    { 14, 6, 253, 1, 14, 21, 1533 }, // U+00AD
    { 23, 23, 388, 1, 33, 133, 1554 }, // U+00AE
    { 15, 5, 450, 7, 31, 19, 1687 }, // U+00AF
    { 16, 16, 353, 3, 30, 64, 1706 }, // U+00B0
    { 20, 26, 415, 3, 25, 130, 1770 }, // U+00B1
    { 16, 20, 298, 2, 35, 80, 1900 }, // U+00B2
    { 15, 20, 298, 2, 35, 75, 1980 }, // U+00B3
    { 8, 11, 450, 10, 36, 22, 2055 }, // U+00B4
    { 27, 33, 437, 2, 23, 223, 2077 }, // U+00B5
    { 24, 36, 395, 0, 30, 216, 2300 }, // U+00B6
    { 8, 7, 193, 2, 15, 14, 2516 }, // U+00B7
    { 9, 11, 450, 10, -1, 25, 2530 }, // U+00B8
    { 14, 20, 298, 2, 35, 70, 2555 }, // U+00B9
    { 16, 21, 293, 1, 30, 84, 2625 }, // U+00BA
    { 23, 17, 391, 1, 19, 98, 2709 }, // U+00BB
    { 43, 34, 717, 2, 31, 366, 2807 }, // U+00BC
    { 42, 34, 717, 2, 31, 357, 3173 }, // U+00BD
    { 43, 34, 717, 2, 31, 366, 3530 }, // U+00BE
    { 16, 32, 327, 2, 23, 128, 3896 }, // U+00BF
    { 33, 41, 515, 0, 41, 339, 4024 }, // U+00C0
    { 33, 41, 515, 0, 41, 339, 4363 }, // U+00C1
    { 33, 41, 515, 0, 41, 339, 4702 }, // U+00C2
    { 33, 40, 515, 0, 40, 330, 5041 }, // U+00C3
    { 33, 39, 515, 0, 39, 322, 5371 }, // U+00C4
    { 33, 42, 515, 0, 42, 347, 5693 }, // U+00C5
    { 41, 30, 655, -1, 30, 308, 6040 }, // U+00C6
    { 25, 42, 437, 1, 30, 263, 6348 }, // U+00C7
    { 25, 41, 433, 1, 41, 257, 6611 }, // U+00C8
    { 25, 41, 433, 1, 41, 257, 6868 }, // U+00C9
    { 25, 41, 433, 1, 41, 257, 7125 }, // U+00CA
    { 25, 39, 433, 1, 39, 244, 7382 }, // U+00CB
    { 16, 41, 279, 1, 41, 164, 7626 }, // U+00CC
    { 16, 41, 279, 1, 41, 164, 7790 }, // U+00CD
    { 16, 41, 279, 1, 41, 164, 7954 }, // U+00CE
    { 17, 39, 279, 0, 39, 166, 8118 }, // U+00CF
    { 30, 31, 517, 1, 30, 233, 8284 }, // U+00D0
    { 33, 41, 535, 1, 40, 339, 8517 }, // U+00D1
    { 31, 42, 521, 1, 41, 326, 8856 }, // U+00D2
    { 31, 42, 521, 1, 41, 326, 9182 }, // U+00D3
    { 31, 42, 521, 1, 41, 326, 9508 }, // U+00D4
    { 31, 41, 521, 1, 40, 318, 9834 }, // U+00D5
    { 31, 40, 521, 1, 39, 310, 10152 }, // U+00D6
    { 18, 19, 415, 4, 24, 86, 10462 }, // U+00D7
    { 32, 33, 521, 0, 31, 264, 10548 }, // U+00D8
    { 34, 42, 536, 0, 41, 357, 10812 }, // U+00D9
    { 34, 42, 536, 0, 41, 357, 11169 }, // U+00DA
    { 34, 42, 536, 0, 41, 357, 11526 }, // U+00DB
    { 34, 40, 536, 0, 39, 340, 11883 }, // U+00DC
    { 30, 41, 482, 0, 41, 308, 12223 }, // U+00DD
    { 25, 30, 431, 1, 30, 188, 12531 }, // U+00DE
    { 27, 34, 445, 0, 33, 230, 12719 }, // U+00DF
    { 23, 37, 379, 1, 36, 213, 12949 }, // U+00E0
    { 23, 37, 379, 1, 36, 213, 13162 }, // U+00E1
    { 23, 36, 379, 1, 35, 207, 13375 }, // U+00E2
    { 23, 35, 379, 1, 34, 202, 13582 }, // U+00E3
    { 23, 33, 379, 1, 32, 190, 13784 }, // U+00E4
    { 23, 37, 379, 1, 36, 213, 13974 }, // U+00E5
    { 33, 24, 553, 1, 23, 198, 14187 }, // U+00E6
    { 20, 35, 347, 1, 23, 175, 14385 }, // U+00E7
    { 21, 37, 363, 1, 36, 195, 14560 }, // U+00E8
    { 21, 37, 363, 1, 36, 195, 14755 }, // U+00E9
    { 21, 36, 363, 1, 35, 189, 14950 }, // U+00EA
    { 21, 33, 363, 1, 32, 174, 15139 }, // U+00EB
    { 15, 36, 237, 0, 36, 135, 15313 }, // U+00EC
    { 15, 36, 237, 0, 36, 135, 15448 }, // U+00ED
    { 15, 35, 237, 0, 35, 132, 15583 }, // U+00EE
    { 16, 32, 237, 0, 32, 128, 15715 }, // U+00EF
    { 23, 35, 403, 1, 34, 202, 15843 }, // U+00F0
    { 28, 34, 450, 0, 34, 238, 16045 }, // U+00F1
    { 23, 37, 403, 1, 36, 213, 16283 }, // U+00F2
    { 23, 37, 403, 1, 36, 213, 16496 }, // U+00F3
    { 23, 36, 403, 1, 35, 207, 16709 }, // U+00F4
    { 23, 35, 403, 1, 34, 202, 16916 }, // U+00F5
    { 23, 33, 403, 1, 32, 190, 17118 }, // U+00F6
    { 20, 20, 415, 3, 24, 100, 17308 }, // U+00F7
    { 24, 24, 403, 1, 23, 144, 17408 }, // U+00F8
    { 28, 37, 435, 0, 36, 259, 17552 }, // U+00F9
    { 28, 37, 435, 0, 36, 259, 17811 }, // U+00FA
    { 28, 36, 435, 0, 35, 252, 18070 }, // U+00FB
    { 28, 33, 435, 0, 32, 231, 18322 }, // U+00FC
    { 28, 46, 434, 0, 36, 322, 18553 }, // U+00FD
    { 25, 43, 417, 0, 33, 269, 18875 }, // U+00FE
    { 28, 42, 434, 0, 32, 294, 19144 }, // U+00FF
    { 33, 38, 515, 0, 38, 314, 0 }, // U+0100
    { 23, 32, 379, 1, 31, 184, 314 }, // U+0101
    { 33, 40, 515, 0, 40, 330, 498 }, // U+0102
    { 23, 34, 379, 1, 33, 196, 828 }, // U+0103
    { 33, 40, 515, 0, 30, 330, 1024 }, // U+0104
    { 23, 32, 379, 1, 23, 184, 1354 }, // U+0105
    { 25, 42, 437, 1, 41, 263, 1538 }, // U+0106
    { 20, 37, 347, 1, 36, 185, 1801 }, // U+0107
    { 25, 42, 437, 1, 41, 263, 1986 }, // U+0108
    { 20, 36, 347, 1, 35, 180, 2249 }, // U+0109
    { 25, 41, 437, 1, 40, 257, 2429 }, // U+010A
    { 20, 34, 347, 1, 33, 170, 2686 }, // U+010B
    { 25, 42, 437, 1, 41, 263, 2856 }, // U+010C
    { 20, 36, 347, 1, 35, 180, 3119 }, // U+010D
    { 30, 42, 517, 1, 41, 315, 3299 }, // U+010E
    { 30, 34, 432, 1, 33, 255, 3614 }, // U+010F
    { 30, 31, 517, 1, 30, 233, 3869 }, // U+0110
    { 26, 34, 419, 1, 33, 221, 4102 }, // U+0111
    { 25, 38, 433, 1, 38, 238, 4323 }, // U+0112
    { 21, 32, 363, 1, 31, 168, 4561 }, // U+0113
    { 25, 40, 433, 1, 40, 250, 4729 }, // U+0114
    { 21, 34, 363, 1, 33, 179, 4979 }, // U+0115
    { 25, 40, 433, 1, 40, 250, 5158 }, // U+0116
    { 21, 34, 363, 1, 33, 179, 5408 }, // U+0117
    { 25, 40, 433, 1, 30, 250, 5587 }, // U+0118
    { 21, 32, 363, 1, 23, 168, 5837 }, // U+0119
    { 25, 41, 433, 1, 41, 257, 6005 }, // U+011A
    { 21, 36, 363, 1, 35, 189, 6262 }, // U+011B
    { 29, 42, 494, 1, 41, 305, 6451 }, // U+011C
    { 25, 45, 403, 0, 35, 282, 6756 }, // U+011D
    { 29, 41, 494, 1, 40, 298, 7038 }, // U+011E
    { 25, 43, 403, 0, 33, 269, 7336 }, // U+011F
    { 29, 41, 494, 1, 40, 298, 7605 }, // U+0120
    { 25, 43, 403, 0, 33, 269, 7903 }, // U+0121
    { 29, 41, 494, 1, 30, 298, 8172 }, // U+0122
    { 25, 46, 403, 0, 36, 288, 8470 }, // U+0123
    { 34, 41, 573, 1, 41, 349, 8758 }, // U+0124
    { 29, 43, 442, -1, 43, 312, 9107 }, // U+0125
    { 35, 30, 573, 1, 30, 263, 9419 }, // U+0126
    { 28, 33, 442, 0, 33, 231, 9682 }, // U+0127
    { 16, 40, 279, 1, 40, 160, 9913 }, // U+0128
    { 15, 34, 237, 0, 34, 128, 10073 }, // U+0129
    { 16, 38, 279, 1, 38, 152, 10201 }, // U+012A
    { 15, 31, 237, 0, 31, 117, 10353 }, // U+012B
    { 16, 40, 279, 1, 40, 160, 10470 }, // U+012C
    { 15, 33, 237, 0, 33, 124, 10630 }, // U+012D
    { 16, 40, 279, 1, 30, 160, 10754 }, // U+012E
    { 16, 42, 237, 0, 33, 168, 10914 }, // U+012F
    { 16, 40, 279, 1, 40, 160, 11082 }, // U+0130
    { 15, 23, 237, 0, 23, 87, 11242 }, // U+0131
    { 33, 39, 541, 1, 30, 322, 11329 }, // U+0132
    { 26, 43, 448, 0, 33, 280, 11651 }, // U+0133
    { 20, 50, 262, -3, 41, 250, 11931 }, // U+0134
    { 18, 45, 211, -3, 35, 203, 12181 }, // U+0135
    { 31, 41, 506, 1, 30, 318, 12384 }, // U+0136
    { 27, 44, 423, 0, 33, 297, 12702 }, // U+0137
    { 27, 24, 431, 0, 23, 162, 12999 }, // U+0138
    { 25, 41, 414, 1, 41, 257, 13161 }, // U+0139
    { 14, 44, 233, 0, 44, 154, 13418 }, // U+013A
    { 25, 41, 414, 1, 30, 257, 13572 }, // U+013B
    { 14, 44, 233, 0, 33, 154, 13829 }, // U+013C
    { 25, 33, 414, 1, 33, 207, 13983 }, // U+013D
    { 19, 33, 246, 0, 33, 157, 14190 }, // U+013E
    { 25, 30, 414, 1, 30, 188, 14347 }, // U+013F
    { 23, 33, 357, 0, 33, 190, 14535 }, // U+0140
    { 27, 30, 414, -1, 30, 203, 14725 }, // U+0141
    { 16, 33, 233, -1, 33, 132, 14928 }, // U+0142
    { 33, 42, 535, 1, 41, 347, 15060 }, // U+0143
    { 28, 36, 450, 0, 36, 252, 15407 }, // U+0144
    { 33, 41, 535, 1, 30, 339, 15659 }, // U+0145
    { 28, 34, 450, 0, 23, 238, 15998 }, // U+0146
    { 33, 42, 535, 1, 41, 347, 16236 }, // U+0147
    { 28, 35, 450, 0, 35, 245, 16583 }, // U+0148
    { 37, 31, 605, 1, 31, 287, 16828 }, // U+0149
    { 33, 39, 535, 1, 30, 322, 17115 }, // U+014A
    { 25, 33, 436, 0, 23, 207, 17437 }, // U+014B
    { 31, 39, 521, 1, 38, 303, 17644 }, // U+014C
    { 23, 32, 403, 1, 31, 184, 17947 }, // U+014D
    { 31, 41, 521, 1, 40, 318, 18131 }, // U+014E
    { 23, 34, 403, 1, 33, 196, 18449 }, // U+014F
    { 31, 43, 521, 1, 42, 334, 18645 }, // U+0150
    { 23, 37, 403, 1, 36, 213, 18979 }, // U+0151
    { 40, 31, 674, 1, 30, 310, 19192 }, // U+0152
    { 36, 24, 607, 1, 23, 216, 19502 }, // U+0153
    { 30, 42, 474, 1, 41, 315, 19718 }, // U+0154
    { 20, 36, 318, 0, 36, 180, 20033 }, // U+0155
    { 30, 41, 474, 1, 30, 308, 20213 }, // U+0156
    { 20, 34, 318, 0, 23, 170, 20521 }, // U+0157
    { 30, 42, 474, 1, 41, 315, 20691 }, // U+0158
    { 20, 35, 318, 0, 35, 175, 21006 }, // U+0159
    { 21, 42, 391, 2, 41, 221, 21181 }, // U+015A
    { 18, 37, 335, 2, 36, 167, 21402 }, // U+015B
    { 21, 42, 391, 2, 41, 221, 21569 }, // U+015C
    { 18, 36, 335, 2, 35, 162, 21790 }, // U+015D
    { 21, 42, 391, 2, 30, 221, 21952 }, // U+015E
    { 18, 35, 335, 2, 23, 158, 22173 }, // U+015F
    { 21, 42, 391, 2, 41, 221, 22331 }, // U+0160
    { 18, 36, 335, 2, 35, 162, 22552 }, // U+0161
    { 28, 42, 479, 1, 30, 294, 22714 }, // U+0162
    { 19, 40, 283, -1, 28, 190, 23008 }, // U+0163
    { 28, 41, 479, 1, 41, 287, 23198 }, // U+0164
    { 19, 35, 283, -1, 34, 167, 23485 }, // U+0165
    { 28, 30, 479, 1, 30, 210, 23652 }, // U+0166
    { 19, 29, 283, -1, 28, 138, 23862 }, // U+0167
    { 34, 41, 536, 0, 40, 349, 24000 }, // U+0168
    { 28, 35, 435, 0, 34, 245, 24349 }, // U+0169
    { 34, 39, 536, 0, 38, 332, 24594 }, // U+016A
    { 28, 32, 435, 0, 31, 224, 24926 }, // U+016B
    { 34, 41, 536, 0, 40, 349, 25150 }, // U+016C
    { 28, 34, 435, 0, 33, 238, 25499 }, // U+016D
    { 34, 43, 536, 0, 42, 366, 25737 }, // U+016E
    { 28, 37, 435, 0, 36, 259, 26103 }, // U+016F
    { 34, 43, 536, 0, 42, 366, 26362 }, // U+0170
    { 28, 37, 435, 0, 36, 259, 26728 }, // U+0171
    { 34, 40, 536, 0, 30, 340, 26987 }, // U+0172
    { 28, 32, 435, 0, 23, 224, 27327 }, // U+0173
    { 45, 42, 743, 1, 41, 473, 27551 }, // U+0174
    { 38, 36, 604, 0, 35, 342, 28024 }, // U+0175
    { 30, 41, 482, 0, 41, 308, 28366 }, // U+0176
    { 28, 45, 434, 0, 35, 315, 28674 }, // U+0177
    { 30, 39, 482, 0, 39, 293, 28989 }, // U+0178
    { 24, 42, 406, 1, 41, 252, 29282 }, // U+0179
    { 20, 37, 344, 1, 36, 185, 29534 }, // U+017A
    { 24, 41, 406, 1, 40, 246, 29719 }, // U+017B
    { 20, 34, 344, 1, 33, 170, 29965 }, // U+017C
    { 24, 42, 406, 1, 41, 252, 30135 }, // U+017D
    { 20, 36, 344, 1, 35, 180, 30387 }, // U+017E
    { 21, 33, 276, 0, 33, 174, 30567 }, // U+017F
    { 33, 36, 521, 1, 35, 297, 0 }, // U+01A0
    { 25, 29, 403, 1, 28, 182, 297 }, // U+01A1
    { 35, 36, 536, 0, 35, 315, 479 }, // U+01AF
    { 28, 29, 435, 0, 28, 203, 794 }, // U+01B0
    { 56, 42, 905, 1, 41, 588, 997 }, // U+01C4
    { 52, 36, 843, 1, 35, 468, 1585 }, // U+01C5
    { 46, 36, 759, 1, 35, 414, 2053 }, // U+01C6
    { 42, 39, 676, 1, 30, 410, 2467 }, // U+01C7
    { 37, 43, 625, 1, 33, 398, 2877 }, // U+01C8
    { 26, 43, 444, 0, 33, 280, 3275 }, // U+01C9
    { 49, 39, 797, 1, 30, 478, 3555 }, // U+01CA
    { 44, 43, 747, 1, 33, 473, 4033 }, // U+01CB
    { 40, 43, 661, 0, 33, 430, 4506 }, // U+01CC
    { 33, 41, 515, 0, 41, 339, 4936 }, // U+01CD
    { 23, 36, 379, 1, 35, 207, 5275 }, // U+01CE
    { 16, 41, 279, 1, 41, 164, 5482 }, // U+01CF
    { 15, 35, 237, 0, 35, 132, 5646 }, // U+01D0
    { 31, 42, 521, 1, 41, 326, 5778 }, // U+01D1
    { 23, 36, 403, 1, 35, 207, 6104 }, // U+01D2
    { 34, 42, 536, 0, 41, 357, 6311 }, // U+01D3
    { 28, 36, 435, 0, 35, 252, 6668 }, // U+01D4
    { 34, 45, 536, 0, 44, 383, 6920 }, // U+01D5
    { 28, 39, 435, 0, 38, 273, 7303 }, // U+01D6
    { 34, 45, 536, 0, 44, 383, 7576 }, // U+01D7
    { 28, 42, 435, 0, 41, 294, 7959 }, // U+01D8
    { 34, 45, 536, 0, 44, 383, 8253 }, // U+01D9
    { 28, 42, 435, 0, 41, 294, 8636 }, // U+01DA
    { 34, 45, 536, 0, 44, 383, 8930 }, // U+01DB
    { 28, 42, 435, 0, 41, 294, 9313 }, // U+01DC
    { 21, 24, 363, 1, 23, 126, 9607 }, // U+01DD
    { 33, 44, 515, 0, 44, 363, 9733 }, // U+01DE
    { 23, 39, 379, 1, 38, 225, 10096 }, // U+01DF
    { 33, 44, 515, 0, 44, 363, 10321 }, // U+01E0
    { 23, 40, 379, 1, 39, 230, 10684 }, // U+01E1
    { 41, 38, 655, -1, 38, 390, 10914 }, // U+01E2
    { 33, 32, 553, 1, 31, 264, 11304 }, // U+01E3
    { 31, 31, 494, 1, 30, 241, 11568 }, // U+01E4
    { 29, 33, 403, -2, 23, 240, 11809 }, // U+01E5
    { 29, 42, 494, 1, 41, 305, 12049 }, // U+01E6
    { 25, 45, 403, 0, 35, 282, 12354 }, // U+01E7
    { 31, 42, 506, 1, 41, 326, 12636 }, // U+01E8
    { 28, 45, 423, -1, 44, 315, 12962 }, // U+01E9
    { 31, 40, 521, 1, 30, 310, 13277 }, // U+01EA
    { 23, 32, 403, 1, 23, 184, 13587 }, // U+01EB
    { 31, 48, 521, 1, 38, 372, 13771 }, // U+01EC
    { 23, 40, 403, 1, 31, 230, 14143 }, // U+01ED
    { 22, 42, 389, 1, 41, 231, 14373 }, // U+01EE
    { 22, 45, 360, 0, 35, 248, 14604 }, // U+01EF
    { 18, 45, 211, -3, 35, 203, 14852 }, // U+01F0
    { 57, 31, 923, 1, 30, 442, 15055 }, // U+01F1
    { 53, 31, 861, 1, 30, 411, 15497 }, // U+01F2
    { 46, 34, 763, 1, 33, 391, 15908 }, // U+01F3
    { 29, 42, 494, 1, 41, 305, 16299 }, // U+01F4
    { 25, 46, 403, 0, 36, 288, 16604 }, // U+01F5
    { 33, 42, 535, 1, 41, 347, 16892 }, // U+01F8
    { 28, 36, 450, 0, 36, 252, 17239 }, // U+01F9
    { 33, 44, 515, 0, 44, 363, 17491 }, // U+01FA
    { 23, 44, 379, 1, 43, 253, 17854 }, // U+01FB
    { 41, 41, 655, -1, 41, 421, 18107 }, // U+01FC
    { 33, 37, 553, 1, 36, 306, 18528 }, // U+01FD
    { 32, 43, 521, 0, 41, 344, 18834 }, // U+01FE
    { 24, 37, 403, 1, 36, 222, 19178 }, // U+01FF
    { 33, 42, 515, 0, 42, 347, 19400 }, // U+0200
    { 23, 37, 379, 1, 36, 213, 19747 }, // U+0201
    { 33, 40, 515, 0, 40, 330, 19960 }, // U+0202
    { 23, 35, 379, 1, 34, 202, 20290 }, // U+0203
    { 25, 42, 433, 1, 42, 263, 20492 }, // U+0204
    { 21, 37, 363, 1, 36, 195, 20755 }, // U+0205
    { 25, 40, 433, 1, 40, 250, 20950 }, // U+0206
    { 21, 35, 363, 1, 34, 184, 21200 }, // U+0207
    { 20, 42, 279, -3, 42, 210, 21384 }, // U+0208
    { 17, 36, 237, -2, 36, 153, 21594 }, // U+0209
    { 16, 40, 279, 1, 40, 160, 21747 }, // U+020A
    { 15, 34, 237, 0, 34, 128, 21907 }, // U+020B
    { 31, 43, 521, 1, 42, 334, 22035 }, // U+020C
    { 23, 37, 403, 1, 36, 213, 22369 }, // U+020D
    { 31, 41, 521, 1, 40, 318, 22582 }, // U+020E
    { 23, 35, 403, 1, 34, 202, 22900 }, // U+020F
    { 30, 43, 474, 1, 42, 323, 23102 }, // U+0210
    { 20, 36, 318, 0, 36, 180, 23425 }, // U+0211
    { 30, 41, 474, 1, 40, 308, 23605 }, // U+0212
    { 20, 34, 318, 0, 34, 170, 23913 }, // U+0213
    { 34, 43, 536, 0, 42, 366, 24083 }, // U+0214
    { 28, 37, 435, 0, 36, 259, 24449 }, // U+0215
    { 34, 41, 536, 0, 40, 349, 24708 }, // U+0216
    { 28, 35, 435, 0, 34, 245, 25057 }, // U+0217
    { 21, 41, 391, 2, 30, 216, 25302 }, // U+0218
    { 18, 34, 335, 2, 23, 153, 25518 }, // U+0219
    { 28, 41, 479, 1, 30, 287, 25671 }, // U+021A
    { 19, 39, 283, -1, 28, 186, 25958 }, // U+021B
    { 22, 35, 398, 2, 30, 193, 26144 }, // U+021C
    { 21, 33, 345, 0, 23, 174, 26337 }, // U+021D
    { 34, 41, 573, 1, 41, 349, 26511 }, // U+021E
    { 29, 44, 442, -1, 44, 319, 26860 }, // U+021F
    { 9, 11, 0, -6, 36, 25, 0 }, // U+0300
    { 8, 11, 0, -3, 36, 22, 25 }, // U+0301
    { 14, 10, 0, -7, 35, 35, 47 }, // U+0302
    { 14, 8, 0, -7, 34, 28, 82 }, // U+0303
    { 16, 5, 0, -8, 31, 20, 110 }, // U+0304
    { 15, 8, 0, -8, 33, 30, 130 }, // U+0306
    { 8, 7, 0, -4, 33, 14, 160 }, // U+0307
    { 16, 6, 0, -8, 32, 24, 174 }, // U+0308
    { 12, 12, 0, -6, 37, 36, 198 }, // U+0309
    { 12, 12, 0, -6, 36, 36, 234 }, // U+030A
    { 15, 11, 0, -6, 36, 42, 270 }, // U+030B
    { 16, 10, 0, -8, 35, 40, 312 }, // U+030C
    { 15, 11, 0, -9, 36, 42, 352 }, // U+030F
    { 15, 9, 0, -8, 34, 34, 394 }, // U+0311
    { 8, 12, 0, -4, 36, 24, 428 }, // U+0312
    { 8, 12, 0, -3, 37, 24, 452 }, // U+0313
    { 8, 12, 0, -5, 37, 24, 476 }, // U+0314
    { 6, 11, 0, -3, 37, 17, 500 }, // U+0315
    { 7, 10, 0, -4, 27, 18, 517 }, // U+031B
    { 8, 7, 0, -4, -3, 14, 535 }, // U+0323
    { 16, 7, 0, -8, -3, 28, 549 }, // U+0324
    { 10, 10, 0, -5, -2, 25, 577 }, // U+0325
    { 8, 9, 0, -4, -2, 18, 602 }, // U+0326
    { 9, 11, 0, -5, -1, 25, 620 }, // U+0327
    { 10, 10, 0, -5, 1, 25, 645 }, // U+0328
    { 6, 11, 187, 3, -2, 17, 670 }, // U+0329
    { 16, 10, 0, -8, -2, 40, 687 }, // U+032D
    { 15, 8, 0, -8, -3, 30, 727 }, // U+032E
    { 14, 8, 0, -7, -3, 28, 757 }, // U+0330
    { 16, 5, 0, -8, -4, 20, 785 }, // U+0331
    { 15, 9, 0, -8, 34, 34, 805 }, // U+0342
    { 16, 17, 0, -8, 43, 68, 839 }, // U+0344
    { 8, 9, 0, -3, -2, 18, 907 }, // U+0345
    { 10, 15, 195, 1, 30, 38, 0 }, // U+0374
    { 9, 11, 195, 1, 0, 25, 38 }, // U+0375
    { 11, 30, 193, 0, 22, 83, 63 }, // U+037E
    { 9, 12, 450, 10, 37, 27, 146 }, // U+0384
    { 16, 17, 450, 6, 43, 68, 173 }, // U+0385
    { 34, 30, 523, 0, 30, 255, 241 }, // U+0386
    { 8, 7, 193, 2, 22, 14, 496 }, // U+0387
    { 36, 30, 594, 0, 30, 270, 510 }, // U+0388
    { 45, 30, 734, 0, 30, 338, 780 }, // U+0389
    { 27, 30, 438, 0, 30, 203, 1118 }, // U+038A
    { 40, 31, 649, 0, 30, 310, 1321 }, // U+038C
    { 41, 30, 652, 0, 30, 308, 1631 }, // U+038E
    { 42, 30, 674, 0, 30, 315, 1939 }, // U+038F
    { 17, 44, 227, -2, 43, 187, 2254 }, // U+0390
    { 33, 30, 515, 0, 30, 248, 2441 }, // U+0391
    { 25, 31, 433, 1, 30, 194, 2689 }, // U+0392
    { 24, 30, 416, 1, 30, 180, 2883 }, // U+0393
    { 28, 30, 455, 0, 30, 210, 3063 }, // U+0394
    { 25, 30, 433, 1, 30, 188, 3273 }, // U+0395
    { 24, 31, 406, 1, 30, 186, 3461 }, // U+0396
    { 34, 30, 573, 1, 30, 255, 3647 }, // U+0397
    { 31, 31, 521, 1, 30, 241, 3902 }, // U+0398
    { 16, 30, 279, 1, 30, 120, 4143 }, // U+0399
    { 31, 31, 506, 1, 30, 241, 4263 }, // U+039A
    { 32, 30, 501, 0, 30, 240, 4504 }, // U+039B
    { 39, 30, 633, 0, 30, 293, 4744 }, // U+039C
    { 33, 31, 535, 1, 30, 256, 5037 }, // U+039D
    { 25, 30, 438, 1, 30, 188, 5293 }, // U+039E
    { 31, 31, 521, 1, 30, 241, 5481 }, // U+039F
    { 33, 30, 558, 1, 30, 248, 5722 }, // U+03A0
    { 25, 30, 417, 1, 30, 188, 5970 }, // U+03A1
    { 25, 31, 418, 0, 30, 194, 6158 }, // U+03A3
    { 28, 30, 479, 1, 30, 210, 6352 }, // U+03A4
    { 30, 30, 467, 0, 30, 225, 6562 }, // U+03A5
    { 32, 32, 539, 1, 31, 256, 6787 }, // U+03A6
    { 32, 30, 513, 0, 30, 240, 7043 }, // U+03A7
    { 36, 30, 571, 0, 30, 270, 7283 }, // U+03A8
    { 34, 30, 572, 1, 30, 255, 7553 }, // U+03A9
    { 17, 39, 279, 0, 39, 166, 7808 }, // U+03AA
    { 30, 39, 467, 0, 39, 293, 7974 }, // U+03AB
    { 27, 38, 435, 1, 37, 257, 8267 }, // U+03AC
    { 19, 38, 332, 1, 37, 181, 8524 }, // U+03AD
    { 25, 47, 421, -1, 37, 294, 8705 }, // U+03AE
    { 13, 38, 227, 2, 37, 124, 8999 }, // U+03AF
    { 25, 44, 401, -1, 43, 275, 9123 }, // U+03B0
    { 27, 24, 435, 1, 23, 162, 9398 }, // U+03B1
    { 23, 43, 401, 2, 33, 248, 9560 }, // U+03B2
    { 25, 33, 385, -1, 23, 207, 9808 }, // U+03B3
    { 23, 34, 398, 1, 33, 196, 10015 }, // U+03B4
    { 19, 24, 332, 1, 23, 114, 10211 }, // U+03B5
    { 19, 43, 308, 1, 35, 205, 10325 }, // U+03B6
    { 25, 33, 421, -1, 23, 207, 10530 }, // U+03B7
    { 24, 34, 403, 1, 33, 204, 10737 }, // U+03B8
    { 13, 24, 227, 2, 23, 78, 10941 }, // U+03B9
    { 23, 24, 392, 2, 23, 138, 11019 }, // U+03BA
    { 27, 34, 390, -1, 33, 230, 11157 }, // U+03BB
    { 27, 33, 437, 2, 23, 223, 11387 }, // U+03BC
    { 25, 24, 385, -1, 23, 150, 11610 }, // U+03BD
    { 19, 43, 307, 1, 35, 205, 11760 }, // U+03BE
    { 23, 24, 403, 1, 23, 138, 11965 }, // U+03BF
    { 29, 24, 455, 0, 23, 174, 12103 }, // U+03C0
    { 22, 33, 403, 2, 23, 182, 12277 }, // U+03C1
    { 20, 31, 343, 1, 23, 155, 12459 }, // U+03C2
    { 26, 24, 415, 1, 23, 156, 12614 }, // U+03C3
    { 23, 24, 362, 0, 23, 138, 12770 }, // U+03C4
    { 25, 24, 401, -1, 23, 150, 12908 }, // U+03C5
    { 32, 40, 533, 1, 30, 320, 13058 }, // U+03C6
    { 26, 33, 369, -1, 23, 215, 13378 }, // U+03C7
    { 34, 40, 533, -1, 30, 340, 13593 }, // U+03C8
    { 31, 24, 519, 1, 23, 186, 13933 }, // U+03C9
    { 17, 33, 227, -2, 32, 141, 14119 }, // U+03CA
    { 25, 33, 401, -1, 32, 207, 14260 }, // U+03CB
    { 23, 38, 403, 1, 37, 219, 14467 }, // U+03CC
    { 25, 38, 401, -1, 37, 238, 14686 }, // U+03CD
    { 31, 38, 519, 1, 37, 295, 14924 }, // U+03CE
    { 23, 34, 389, 1, 33, 196, 15219 }, // U+03D0
    { 29, 34, 449, 0, 33, 247, 15415 }, // U+03D1
    { 33, 30, 515, 0, 30, 248, 15662 }, // U+03D2
    { 44, 30, 699, 0, 30, 330, 15910 }, // U+03D3
    { 33, 39, 515, 0, 39, 322, 16240 }, // U+03D4
    { 30, 33, 509, 1, 23, 248, 16562 }, // U+03D5
    { 31, 31, 521, 1, 30, 241, 16810 }, // U+03D6
    { 27, 31, 445, 1, 23, 210, 17051 }, // U+03D7
    { 25, 41, 433, 1, 41, 257, 0 }, // U+0400
    { 25, 39, 433, 1, 39, 244, 257 }, // U+0401
    { 34, 39, 573, 1, 30, 332, 501 }, // U+0402
    { 24, 41, 416, 1, 41, 246, 833 }, // U+0403
    { 27, 31, 457, 1, 30, 210, 1079 }, // U+0404
    { 21, 31, 391, 2, 30, 163, 1289 }, // U+0405
    { 16, 30, 279, 1, 30, 120, 1452 }, // U+0406
    { 17, 39, 279, 0, 39, 166, 1572 }, // U+0407
    { 19, 39, 262, -3, 30, 186, 1738 }, // U+0408
    { 41, 31, 662, 0, 30, 318, 1924 }, // U+0409
    { 43, 31, 707, 1, 30, 334, 2242 }, // U+040A
    { 37, 30, 609, 1, 30, 278, 2576 }, // U+040B
    { 31, 42, 509, 1, 41, 326, 2854 }, // U+040C
    { 34, 41, 567, 1, 41, 349, 3180 }, // U+040D
    { 31, 41, 481, 0, 40, 318, 3529 }, // U+040E
    { 33, 40, 549, 1, 30, 330, 3847 }, // U+040F
    { 33, 30, 515, 0, 30, 248, 4177 }, // U+0410
    { 25, 31, 435, 1, 30, 194, 4425 }, // U+0411
    { 25, 31, 433, 1, 30, 194, 4619 }, // U+0412
    { 24, 30, 416, 1, 30, 180, 4813 }, // U+0413
    { 33, 39, 529, 0, 30, 322, 4993 }, // U+0414
    { 25, 30, 433, 1, 30, 188, 5315 }, // U+0415
    { 47, 31, 739, 0, 30, 365, 5503 }, // U+0416
    { 24, 31, 415, 1, 30, 186, 5868 }, // U+0417
    { 34, 30, 567, 1, 30, 255, 6054 }, // U+0418
    { 34, 40, 567, 1, 40, 340, 6309 }, // U+0419
    { 31, 31, 509, 1, 30, 241, 6649 }, // U+041A
    { 32, 31, 517, 0, 30, 248, 6890 }, // U+041B
    { 39, 30, 633, 0, 30, 293, 7138 }, // U+041C
    { 34, 30, 573, 1, 30, 255, 7431 }, // U+041D
    { 31, 31, 521, 1, 30, 241, 7686 }, // U+041E
    { 33, 30, 558, 1, 30, 248, 7927 }, // U+041F
    { 25, 30, 417, 1, 30, 188, 8175 }, // U+0420
    { 25, 31, 437, 1, 30, 194, 8363 }, // U+0421
    { 28, 30, 479, 1, 30, 210, 8557 }, // U+0422
    { 31, 31, 481, 0, 30, 241, 8767 }, // U+0423
    { 32, 32, 539, 1, 31, 256, 9008 }, // U+0424
    { 32, 30, 513, 0, 30, 240, 9264 }, // U+0425
    { 34, 39, 556, 1, 30, 332, 9504 }, // U+0426
    { 32, 30, 517, 0, 30, 240, 9836 }, // U+0427
    { 45, 30, 742, 1, 30, 338, 10076 }, // U+0428
    { 46, 39, 749, 1, 30, 449, 10414 }, // U+0429
    { 31, 31, 524, 1, 30, 241, 10863 }, // U+042A
    { 41, 31, 680, 1, 30, 318, 11104 }, // U+042B
    { 25, 31, 435, 1, 30, 194, 11422 }, // U+042C
    { 27, 31, 458, 1, 30, 210, 11616 }, // U+042D
    { 44, 31, 738, 1, 30, 341, 11826 }, // U+042E
    { 29, 31, 478, 0, 30, 225, 12167 }, // U+042F
    { 23, 24, 379, 1, 23, 138, 12392 }, // U+0430
    { 23, 35, 397, 1, 34, 202, 12530 }, // U+0431
    { 22, 24, 387, 1, 23, 132, 12732 }, // U+0432
    { 21, 22, 355, 1, 22, 116, 12864 }, // U+0433
    { 28, 30, 451, 0, 22, 210, 12980 }, // U+0434
    { 21, 24, 363, 1, 23, 126, 13190 }, // U+0435
    { 38, 24, 599, 0, 23, 228, 13316 }, // U+0436
    { 20, 24, 344, 1, 23, 120, 13544 }, // U+0437
    { 27, 22, 463, 1, 22, 149, 13664 }, // U+0438
    { 27, 33, 463, 1, 33, 223, 13813 }, // U+0439
    { 26, 24, 427, 1, 23, 156, 14036 }, // U+043A
    { 26, 23, 430, 0, 22, 150, 14192 }, // U+043B
    { 31, 22, 523, 1, 22, 171, 14342 }, // U+043C
    { 27, 22, 467, 1, 22, 149, 14513 }, // U+043D
    { 23, 24, 403, 1, 23, 138, 14662 }, // U+043E
    { 27, 22, 463, 1, 22, 149, 14800 }, // U+043F
    { 25, 33, 417, 0, 23, 207, 14949 }, // U+0440
    { 20, 24, 347, 1, 23, 120, 15156 }, // U+0441
    { 24, 22, 410, 1, 22, 132, 15276 }, // U+0442
    { 28, 32, 434, 0, 22, 224, 15408 }, // U+0443
    { 31, 43, 521, 1, 33, 334, 15632 }, // U+0444
    { 26, 22, 414, 0, 22, 143, 15966 }, // U+0445
    { 28, 30, 468, 1, 22, 210, 16109 }, // U+0446
    { 26, 22, 427, 0, 22, 143, 16319 }, // U+0447
    { 37, 22, 611, 1, 22, 204, 16462 }, // U+0448
    { 38, 30, 620, 1, 22, 285, 16666 }, // U+0449
    { 26, 23, 445, 1, 22, 150, 16951 }, // U+044A
    { 35, 23, 585, 1, 22, 202, 17101 }, // U+044B
    { 21, 23, 366, 1, 22, 121, 17303 }, // U+044C
    { 21, 24, 363, 1, 23, 126, 17424 }, // U+044D
    { 35, 24, 591, 1, 23, 210, 17550 }, // U+044E
    { 25, 23, 407, 0, 22, 144, 17760 }, // U+044F
    { 21, 37, 363, 1, 36, 195, 17904 }, // U+0450
    { 21, 33, 363, 1, 32, 174, 18099 }, // U+0451
    { 25, 43, 428, 0, 33, 269, 18273 }, // U+0452
    { 21, 36, 355, 1, 36, 189, 18542 }, // U+0453
    { 21, 24, 357, 1, 23, 126, 18731 }, // U+0454
    { 18, 24, 335, 2, 23, 108, 18857 }, // U+0455
    { 15, 33, 237, 0, 33, 124, 18965 }, // U+0456
    { 16, 32, 237, 0, 32, 128, 19089 }, // U+0457
    { 14, 43, 211, -3, 33, 151, 19217 }, // U+0458
    { 33, 23, 537, 0, 22, 190, 19368 }, // U+0459
    { 35, 23, 582, 1, 22, 202, 19558 }, // U+045A
    { 28, 33, 442, 0, 33, 231, 19760 }, // U+045B
    { 26, 37, 427, 1, 36, 241, 19991 }, // U+045C
    { 27, 36, 463, 1, 36, 243, 20232 }, // U+045D
    { 28, 43, 434, 0, 33, 301, 20475 }, // U+045E
    { 27, 31, 459, 1, 22, 210, 20776 }, // U+045F
    { 30, 34, 505, 1, 33, 255, 20986 }, // U+0462
    { 26, 31, 433, 1, 30, 202, 21241 }, // U+0463
    { 31, 31, 521, 1, 30, 241, 21443 }, // U+0472
    { 23, 24, 403, 1, 23, 138, 21684 }, // U+0473
    { 33, 31, 524, 0, 30, 256, 21822 }, // U+0474
    { 28, 24, 444, 0, 23, 168, 22078 }, // U+0475
    { 34, 49, 567, 1, 40, 417, 22246 }, // U+048A
    { 28, 41, 457, 1, 33, 287, 22663 }, // U+048B
    { 25, 31, 435, 1, 30, 194, 22950 }, // U+048C
    { 22, 31, 363, 0, 30, 171, 23144 }, // U+048D
    { 25, 30, 417, 1, 30, 188, 23315 }, // U+048E
    { 25, 33, 417, 0, 23, 207, 23503 }, // U+048F
    { 22, 35, 385, 1, 35, 193, 23710 }, // U+0490
    { 20, 28, 340, 1, 28, 140, 23903 }, // U+0491
    { 24, 30, 413, 1, 30, 180, 24043 }, // U+0492
    { 21, 22, 358, 1, 22, 116, 24223 }, // U+0493
    { 28, 39, 483, 1, 30, 273, 24339 }, // U+0494
    { 24, 32, 413, 1, 22, 192, 24612 }, // U+0495
    { 47, 39, 739, 0, 30, 459, 24804 }, // U+0496
    { 38, 31, 599, 0, 23, 295, 25263 }, // U+0497
    { 24, 39, 415, 1, 30, 234, 25558 }, // U+0498
    { 20, 32, 344, 1, 23, 160, 25792 }, // U+0499
    { 31, 39, 509, 1, 30, 303, 25952 }, // U+049A
    { 26, 31, 427, 1, 23, 202, 26255 }, // U+049B
    { 33, 31, 536, 1, 30, 256, 26457 }, // U+049C
    { 27, 24, 442, 1, 23, 162, 26713 }, // U+049D
    { 31, 31, 509, 1, 30, 241, 26875 }, // U+049E
    { 27, 31, 425, 0, 30, 210, 27116 }, // U+049F
    { 36, 31, 583, 1, 30, 279, 27326 }, // U+04A0
    { 31, 24, 507, 1, 23, 186, 27605 }, // U+04A1
    { 35, 39, 581, 1, 30, 342, 27791 }, // U+04A2
    { 29, 30, 476, 1, 22, 218, 28133 }, // U+04A3
    { 40, 30, 661, 1, 30, 300, 28351 }, // U+04A4
    { 33, 22, 547, 1, 22, 182, 28651 }, // U+04A5
    { 44, 39, 744, 1, 30, 429, 28833 }, // U+04A6
    { 38, 32, 627, 1, 22, 304, 29262 }, // U+04A7
    { 34, 31, 569, 1, 30, 264, 29566 }, // U+04A8
    { 28, 24, 465, 1, 23, 168, 29830 }, // U+04A9
    { 25, 39, 437, 1, 30, 244, 29998 }, // U+04AA
    { 20, 32, 347, 1, 23, 160, 30242 }, // U+04AB
    { 28, 39, 479, 1, 30, 273, 30402 }, // U+04AC
    { 24, 30, 410, 1, 22, 180, 30675 }, // U+04AD
    { 30, 30, 482, 0, 30, 225, 30855 }, // U+04AE
    { 28, 32, 435, 0, 22, 224, 31080 }, // U+04AF
    { 30, 30, 482, 0, 30, 225, 31304 }, // U+04B0
    { 28, 32, 435, 0, 22, 224, 31529 }, // U+04B1
    { 33, 39, 521, 0, 30, 322, 31753 }, // U+04B2
    { 26, 30, 421, 0, 22, 195, 32075 }, // U+04B3
    { 38, 39, 617, 1, 30, 371, 32270 }, // U+04B4
    { 33, 30, 537, 1, 22, 248, 32641 }, // U+04B5
    { 33, 39, 524, 0, 30, 322, 32889 }, // U+04B6
    { 27, 30, 436, 0, 22, 203, 33211 }, // U+04B7
    { 32, 30, 517, 0, 30, 240, 33414 }, // U+04B8
    { 26, 22, 435, 0, 22, 143, 33654 }, // U+04B9
    { 31, 30, 519, 1, 30, 233, 33797 }, // U+04BA
    { 28, 33, 442, 0, 33, 231, 34030 }, // U+04BB
    { 34, 31, 565, 0, 30, 264, 34261 }, // U+04BC
    { 27, 24, 445, 0, 23, 162, 34525 }, // U+04BD
    { 34, 39, 565, 0, 30, 332, 34687 }, // U+04BE
    { 27, 32, 445, 0, 23, 216, 35019 }, // U+04BF
    { 16, 30, 279, 1, 30, 120, 35235 }, // U+04C0
    { 47, 41, 739, 0, 40, 482, 35355 }, // U+04C1
    { 38, 34, 599, 0, 33, 323, 35837 }, // U+04C2
    { 29, 39, 494, 1, 30, 283, 36160 }, // U+04C3
    { 24, 33, 417, 1, 23, 198, 36443 }, // U+04C4
    { 32, 39, 516, 0, 30, 312, 36641 }, // U+04C5
    { 27, 30, 431, 0, 22, 203, 36953 }, // U+04C6
    { 34, 39, 563, 1, 30, 332, 37156 }, // U+04C7
    { 27, 32, 464, 1, 22, 216, 37488 }, // U+04C8
    { 35, 39, 573, 1, 30, 342, 37704 }, // U+04C9
    { 28, 30, 469, 1, 22, 210, 38046 }, // U+04CA
    { 32, 39, 517, 0, 30, 312, 38256 }, // U+04CB
    { 26, 30, 427, 0, 22, 195, 38568 }, // U+04CC
    { 40, 39, 643, 0, 30, 390, 38763 }, // U+04CD
    { 32, 30, 525, 1, 22, 240, 39153 }, // U+04CE
    { 14, 32, 279, 2, 32, 112, 39393 }, // U+04CF
    { 33, 40, 515, 0, 40, 330, 39505 }, // U+04D0
    { 23, 34, 379, 1, 33, 196, 39835 }, // U+04D1
    { 33, 39, 515, 0, 39, 322, 40031 }, // U+04D2
    { 23, 33, 379, 1, 32, 190, 40353 }, // U+04D3
    { 41, 30, 655, -1, 30, 308, 40543 }, // U+04D4
    { 33, 24, 553, 1, 23, 198, 40851 }, // U+04D5
    { 25, 40, 433, 1, 40, 250, 41049 }, // U+04D6
    { 21, 34, 363, 1, 33, 179, 41299 }, // U+04D7
    { 27, 31, 466, 1, 30, 210, 41478 }, // U+04D8
    { 21, 24, 363, 1, 23, 126, 41688 }, // U+04D9
    { 27, 40, 466, 1, 39, 270, 41814 }, // U+04DA
    { 21, 33, 363, 1, 32, 174, 42084 }, // U+04DB
    { 47, 40, 739, 0, 39, 470, 42258 }, // U+04DC
    { 38, 33, 599, 0, 32, 314, 42728 }, // U+04DD
    { 24, 40, 415, 1, 39, 240, 43042 }, // U+04DE
    { 20, 33, 344, 1, 32, 165, 43282 }, // U+04DF
    { 22, 31, 389, 1, 30, 171, 43447 }, // U+04E0
    { 22, 32, 360, 0, 22, 176, 43618 }, // U+04E1
    { 34, 38, 567, 1, 38, 323, 43794 }, // U+04E2
    { 27, 31, 463, 1, 31, 210, 44117 }, // U+04E3
    { 34, 39, 567, 1, 39, 332, 44327 }, // U+04E4
    { 27, 32, 463, 1, 32, 216, 44659 }, // U+04E5
    { 31, 40, 521, 1, 39, 310, 44875 }, // U+04E6
    { 23, 33, 403, 1, 32, 190, 45185 }, // U+04E7
    { 31, 31, 521, 1, 30, 241, 45375 }, // U+04E8
    { 23, 24, 403, 1, 23, 138, 45616 }, // U+04E9
    { 31, 40, 521, 1, 39, 310, 45754 }, // U+04EA
    { 23, 33, 403, 1, 32, 190, 46064 }, // U+04EB
    { 27, 40, 458, 1, 39, 270, 46254 }, // U+04EC
    { 21, 33, 363, 1, 32, 174, 46524 }, // U+04ED
    { 31, 39, 481, 0, 38, 303, 46698 }, // U+04EE
    { 28, 41, 434, 0, 31, 287, 47001 }, // U+04EF
    { 31, 40, 481, 0, 39, 310, 47288 }, // U+04F0
    { 28, 42, 434, 0, 32, 294, 47598 }, // U+04F1
    { 31, 43, 481, 0, 42, 334, 47892 }, // U+04F2
    { 28, 46, 434, 0, 36, 322, 48226 }, // U+04F3
    { 32, 39, 517, 0, 39, 312, 48548 }, // U+04F4
    { 26, 32, 427, 0, 32, 208, 48860 }, // U+04F5
    { 24, 39, 416, 1, 30, 234, 49068 }, // U+04F6
    { 21, 30, 355, 1, 22, 158, 49302 }, // U+04F7
    { 41, 40, 680, 1, 39, 410, 49460 }, // U+04F8
    { 35, 33, 585, 1, 32, 289, 49870 }, // U+04F9
    { 24, 39, 413, 1, 30, 234, 50159 }, // U+04FA
    { 21, 30, 355, 1, 22, 158, 50393 }, // U+04FB
    { 31, 39, 500, 0, 30, 303, 50551 }, // U+04FC
    { 26, 32, 408, 0, 22, 208, 50854 }, // U+04FD
    { 32, 30, 513, 0, 30, 240, 51062 }, // U+04FE
    { 26, 22, 414, 0, 22, 143, 51302 }, // U+04FF
    { 33, 40, 515, 0, 30, 330, 0 }, // U+1EA0
    { 23, 33, 379, 1, 23, 190, 330 }, // U+1EA1
    { 33, 43, 515, 0, 43, 355, 520 }, // U+1EA2
    { 23, 38, 379, 1, 37, 219, 875 }, // U+1EA3
    { 33, 44, 515, 0, 44, 363, 1094 }, // U+1EA4
    { 23, 43, 379, 1, 42, 248, 1457 }, // U+1EA5
    { 33, 44, 515, 0, 44, 363, 1705 }, // U+1EA6
    { 23, 43, 379, 1, 42, 248, 2068 }, // U+1EA7
    { 33, 44, 515, 0, 44, 363, 2316 }, // U+1EA8
    { 23, 42, 379, 1, 41, 242, 2679 }, // U+1EA9
    { 33, 44, 515, 0, 44, 363, 2921 }, // U+1EAA
    { 23, 42, 379, 1, 41, 242, 3284 }, // U+1EAB
    { 33, 51, 515, 0, 41, 421, 3526 }, // U+1EAC
    { 23, 45, 379, 1, 35, 259, 3947 }, // U+1EAD
    { 33, 44, 515, 0, 44, 363, 4206 }, // U+1EAE
    { 23, 42, 379, 1, 41, 242, 4569 }, // U+1EAF
    { 33, 44, 515, 0, 44, 363, 4811 }, // U+1EB0
    { 23, 42, 379, 1, 41, 242, 5174 }, // U+1EB1
    { 33, 44, 515, 0, 44, 363, 5416 }, // U+1EB2
    { 23, 43, 379, 1, 42, 248, 5779 }, // U+1EB3
    { 33, 44, 515, 0, 44, 363, 6027 }, // U+1EB4
    { 23, 41, 379, 1, 40, 236, 6390 }, // U+1EB5
    { 33, 50, 515, 0, 40, 413, 6626 }, // U+1EB6
    { 23, 43, 379, 1, 33, 248, 7039 }, // U+1EB7
    { 25, 40, 433, 1, 30, 250, 7287 }, // U+1EB8
    { 21, 33, 363, 1, 23, 174, 7537 }, // U+1EB9
    { 25, 43, 433, 1, 43, 269, 7711 }, // U+1EBA
    { 21, 38, 363, 1, 37, 200, 7980 }, // U+1EBB
    { 25, 40, 433, 1, 40, 250, 8180 }, // U+1EBC
    { 21, 35, 363, 1, 34, 184, 8430 }, // U+1EBD
    { 26, 44, 433, 1, 44, 286, 8614 }, // U+1EBE
    { 23, 43, 363, 1, 42, 248, 8900 }, // U+1EBF
    { 25, 44, 433, 1, 44, 275, 9148 }, // U+1EC0
    { 21, 43, 363, 1, 42, 226, 9423 }, // U+1EC1
    { 25, 44, 433, 1, 44, 275, 9649 }, // U+1EC2
    { 24, 42, 363, 1, 41, 252, 9924 }, // U+1EC3
    { 25, 44, 433, 1, 44, 275, 10176 }, // U+1EC4
    { 21, 42, 363, 1, 41, 221, 10451 }, // U+1EC5
    { 25, 51, 433, 1, 41, 319, 10672 }, // U+1EC6
    { 21, 45, 363, 1, 35, 237, 10991 }, // U+1EC7
    { 16, 43, 279, 1, 43, 172, 11228 }, // U+1EC8
    { 15, 37, 237, 0, 37, 139, 11400 }, // U+1EC9
    { 16, 40, 279, 1, 30, 160, 11539 }, // U+1ECA
    { 15, 43, 237, 0, 33, 162, 11699 }, // U+1ECB
    { 31, 40, 521, 1, 30, 310, 11861 }, // U+1ECC
    { 23, 33, 403, 1, 23, 190, 12171 }, // U+1ECD
    { 31, 44, 521, 1, 43, 341, 12361 }, // U+1ECE
    { 23, 38, 403, 1, 37, 219, 12702 }, // U+1ECF
    { 31, 45, 521, 1, 44, 349, 12921 }, // U+1ED0
    { 24, 43, 403, 1, 42, 258, 13270 }, // U+1ED1
    { 31, 45, 521, 1, 44, 349, 13528 }, // U+1ED2
    { 23, 43, 403, 1, 42, 248, 13877 }, // U+1ED3
    { 31, 45, 521, 1, 44, 349, 14125 }, // U+1ED4
    { 25, 42, 403, 1, 41, 263, 14474 }, // U+1ED5
    { 31, 45, 521, 1, 44, 349, 14737 }, // U+1ED6
    { 23, 42, 403, 1, 41, 242, 15086 }, // U+1ED7
    { 31, 51, 521, 1, 41, 396, 15328 }, // U+1ED8
    { 23, 45, 403, 1, 35, 259, 15724 }, // U+1ED9
    { 33, 42, 521, 1, 41, 347, 15983 }, // U+1EDA
    { 25, 37, 403, 1, 36, 232, 16330 }, // U+1EDB
    { 33, 42, 521, 1, 41, 347, 16562 }, // U+1EDC
    { 25, 37, 403, 1, 36, 232, 16909 }, // U+1EDD
    { 33, 44, 521, 1, 43, 363, 17141 }, // U+1EDE
    { 25, 38, 403, 1, 37, 238, 17504 }, // U+1EDF
    { 33, 41, 521, 1, 40, 339, 17742 }, // U+1EE0
    { 25, 35, 403, 1, 34, 219, 18081 }, // U+1EE1
    { 33, 45, 521, 1, 35, 372, 18300 }, // U+1EE2
    { 25, 38, 403, 1, 28, 238, 18672 }, // U+1EE3
    { 34, 40, 536, 0, 30, 340, 18910 }, // U+1EE4
    { 28, 33, 435, 0, 23, 231, 19250 }, // U+1EE5
    { 34, 44, 536, 0, 43, 374, 19481 }, // U+1EE6
    { 28, 38, 435, 0, 37, 266, 19855 }, // U+1EE7
    { 35, 42, 536, 0, 41, 368, 20121 }, // U+1EE8
    { 28, 37, 435, 0, 36, 259, 20489 }, // U+1EE9
    { 35, 42, 536, 0, 41, 368, 20748 }, // U+1EEA
    { 28, 37, 435, 0, 36, 259, 21116 }, // U+1EEB
    { 35, 44, 536, 0, 43, 385, 21375 }, // U+1EEC
    { 28, 38, 435, 0, 37, 266, 21760 }, // U+1EED
    { 35, 41, 536, 0, 40, 359, 22026 }, // U+1EEE
    { 28, 35, 435, 0, 34, 245, 22385 }, // U+1EEF
    { 35, 45, 536, 0, 35, 394, 22630 }, // U+1EF0
    { 28, 38, 435, 0, 28, 266, 23024 }, // U+1EF1
    { 30, 41, 482, 0, 41, 308, 23290 }, // U+1EF2
    { 28, 46, 434, 0, 36, 322, 23598 }, // U+1EF3
    { 30, 40, 482, 0, 30, 300, 23920 }, // U+1EF4
    { 28, 32, 434, 0, 22, 224, 24220 }, // U+1EF5
    { 30, 43, 482, 0, 43, 323, 24444 }, // U+1EF6
    { 28, 47, 434, 0, 37, 329, 24767 }, // U+1EF7
    { 30, 40, 482, 0, 40, 300, 25096 }, // U+1EF8
    { 28, 44, 434, 0, 34, 308, 25396 }, // U+1EF9
    { 0, 0, 333, 0, 0, 0, 0 }, // U+2000
    { 0, 0, 667, 0, 0, 0, 0 }, // U+2001
    { 0, 0, 333, 0, 0, 0, 0 }, // U+2002
    { 0, 0, 667, 0, 0, 0, 0 }, // U+2003
    { 0, 0, 222, 0, 0, 0, 0 }, // U+2004
    { 0, 0, 167, 0, 0, 0, 0 }, // U+2005
    { 0, 0, 111, 0, 0, 0, 0 }, // U+2006
    { 0, 0, 415, 0, 0, 0, 0 }, // U+2007
    { 0, 0, 193, 0, 0, 0, 0 }, // U+2008
    { 0, 0, 133, 0, 0, 0, 0 }, // U+2009
    { 0, 0, 33, 0, 0, 0, 0 }, // U+200A
    { 0, 0, 0, 0, 0, 0, 0 }, // U+200B
    { 2, 35, 0, -1, 25, 18, 0 }, // U+200C
    { 10, 38, 0, -5, 28, 95, 18 }, // U+200D
    { 14, 40, 0, -7, 30, 140, 113 }, // U+200E
    { 14, 40, 0, -7, 30, 140, 253 }, // U+200F
    { 14, 6, 253, 1, 14, 21, 393 }, // U+2010
    { 14, 6, 253, 1, 14, 21, 414 }, // U+2011
    { 21, 5, 415, 3, 16, 27, 435 }, // U+2012
    { 21, 5, 333, 0, 13, 27, 462 }, // U+2013
    { 42, 5, 667, 0, 13, 53, 489 }, // U+2014
    { 42, 5, 667, 0, 13, 53, 542 }, // U+2015
    { 15, 43, 333, 3, 33, 162, 595 }, // U+2016
    { 21, 12, 333, 0, -1, 63, 757 }, // U+2017
    { 9, 14, 164, 1, 32, 32, 820 }, // U+2018
    { 8, 14, 164, 1, 32, 28, 852 }, // U+2019
    { 8, 14, 164, 1, 6, 28, 880 }, // U+201A
    { 9, 14, 164, 1, 32, 32, 908 }, // U+201B
    { 17, 14, 297, 1, 32, 60, 940 }, // U+201C
    { 17, 14, 297, 1, 32, 60, 1000 }, // U+201D
    { 17, 14, 297, 1, 6, 60, 1060 }, // U+201E
    { 17, 14, 297, 1, 32, 60, 1120 }, // U+201F
    { 19, 28, 331, 1, 30, 133, 1180 }, // U+2020
    { 19, 33, 332, 1, 30, 157, 1313 }, // U+2021
    { 10, 10, 200, 1, 16, 25, 1470 }, // U+2022
    { 15, 15, 415, 6, 22, 57, 1495 }, // U+2023
    { 8, 7, 193, 2, 6, 14, 1552 }, // U+2024
    { 19, 7, 333, 1, 6, 34, 1566 }, // U+2025
    { 36, 7, 667, 3, 6, 63, 1600 }, // U+2026
    { 8, 7, 193, 2, 15, 14, 1663 }, // U+2027
    { 0, 0, 0, 0, 0, 0, 1677 }, // U+2028
    { 0, 0, 0, 0, 0, 0, 1677 }, // U+2029
    { 14, 40, 0, -7, 30, 140, 1677 }, // U+202A
    { 14, 40, 0, -7, 30, 140, 1817 }, // U+202B
    { 12, 39, 0, -6, 29, 117, 1957 }, // U+202C
    { 18, 40, 0, -9, 30, 180, 2074 }, // U+202D
    { 18, 40, 0, -9, 30, 180, 2254 }, // U+202E
    { 0, 0, 71, 0, 0, 0, 2434 }, // U+202F
    { 56, 33, 925, 1, 31, 462, 2434 }, // U+2030
    { 10, 15, 182, 1, 30, 38, 2896 }, // U+2032
    { 19, 15, 327, 1, 30, 72, 2934 }, // U+2033
    { 28, 15, 473, 1, 30, 105, 3006 }, // U+2034
    { 10, 15, 182, 1, 30, 38, 3111 }, // U+2035
    { 19, 15, 341, 1, 30, 72, 3149 }, // U+2036
    { 28, 15, 486, 1, 30, 105, 3221 }, // U+2037
    { 19, 9, 333, 1, 0, 43, 3326 }, // U+2038
    { 12, 17, 223, 1, 19, 51, 3369 }, // U+2039
    { 12, 17, 223, 1, 19, 51, 3420 }, // U+203A
    { 26, 29, 415, 0, 28, 189, 3471 }, // U+203B
    { 21, 33, 387, 2, 32, 174, 3660 }, // U+203C
    { 21, 5, 333, 0, 36, 27, 3834 }, // U+203E
    { 11, 6, 200, 1, 14, 17, 3861 }, // U+2043
    { 22, 34, 121, -7, 31, 187, 3878 }, // U+2044
    { 36, 32, 625, 2, 31, 288, 4065 }, // U+2047
    { 29, 33, 514, 2, 32, 240, 4353 }, // U+2048
    { 29, 33, 514, 2, 32, 240, 4593 }, // U+2049
    { 26, 9, 667, 8, 17, 59, 4833 }, // U+2053
    { 37, 15, 618, 1, 30, 139, 4892 }, // U+2057
    { 0, 0, 148, 0, 0, 0, 5031 }, // U+205F
    { 0, 0, 0, 0, 0, 0, 5031 }, // U+2060
    { 0, 0, 0, 0, 0, 0, 5031 }, // U+2061
    { 0, 0, 0, 0, 0, 0, 5031 }, // U+2062
    { 0, 0, 0, 0, 0, 0, 5031 }, // U+2063
    { 0, 0, 0, 0, 0, 0, 5031 }, // U+2064
    { 18, 20, 298, 0, 35, 90, 0 }, // U+2070
    { 17, 20, 298, 1, 35, 85, 90 }, // U+2074
    { 15, 20, 298, 2, 35, 75, 175 }, // U+2075
    { 16, 20, 298, 2, 35, 80, 250 }, // U+2076
    { 16, 20, 298, 2, 35, 80, 330 }, // U+2077
    { 16, 20, 298, 1, 35, 80, 410 }, // U+2078
    { 15, 20, 298, 2, 35, 75, 490 }, // U+2079
    { 18, 15, 377, 3, 30, 68, 565 }, // U+207F
    { 18, 21, 298, 0, 14, 95, 633 }, // U+2080
    { 14, 20, 298, 2, 14, 70, 728 }, // U+2081
    { 16, 20, 298, 2, 14, 80, 798 }, // U+2082
    { 15, 21, 298, 2, 14, 79, 878 }, // U+2083
    { 17, 21, 298, 1, 14, 90, 957 }, // U+2084
    { 15, 20, 298, 2, 13, 75, 1047 }, // U+2085
    { 16, 21, 298, 2, 14, 84, 1122 }, // U+2086
    { 16, 20, 298, 2, 13, 80, 1206 }, // U+2087
    { 16, 21, 298, 1, 14, 84, 1286 }, // U+2088
    { 15, 21, 298, 2, 14, 79, 1370 }, // U+2089
    { 22, 28, 383, 1, 28, 154, 0 }, // U+20A3
    { 24, 30, 381, 0, 28, 180, 154 }, // U+20A4
    { 55, 29, 906, 1, 28, 399, 334 }, // U+20A7
    { 26, 29, 411, 0, 28, 189, 733 }, // U+20AC
    { 26, 19, 667, 8, 24, 124, 0 }, // U+2190
    { 20, 27, 667, 11, 28, 135, 124 }, // U+2191
    { 26, 19, 667, 8, 24, 124, 259 }, // U+2192
    { 20, 27, 667, 11, 28, 135, 383 }, // U+2193
    { 28, 19, 667, 7, 24, 133, 518 }, // U+2194
    { 18, 29, 667, 12, 29, 131, 651 }, // U+2195
    { 20, 29, 667, 11, 29, 145, 782 }, // U+21A8
    { 18, 29, 667, 12, 29, 131, 927 }, // U+21B2
    { 18, 29, 667, 12, 29, 131, 1058 }, // U+21B3
    { 24, 23, 667, 9, 26, 138, 1189 }, // U+21B5
    { 26, 23, 667, 8, 26, 150, 1327 }, // U+21D0
    { 24, 27, 667, 9, 28, 162, 1477 }, // U+21D1
    { 26, 23, 667, 8, 26, 150, 1639 }, // U+21D2
    { 24, 27, 667, 9, 28, 162, 1789 }, // U+21D3
    { 28, 21, 667, 7, 25, 147, 1951 }, // U+21D4
    { 30, 31, 667, 6, 30, 233, 0 }, // U+2200
    { 22, 34, 415, 2, 33, 187, 233 }, // U+2202
    { 22, 30, 667, 10, 30, 165, 420 }, // U+2203
    { 32, 33, 667, 5, 31, 264, 585 }, // U+2205
    { 28, 30, 455, 0, 30, 210, 849 }, // U+2206
    { 28, 31, 667, 7, 30, 217, 1059 }, // U+2207
    { 28, 30, 667, 7, 30, 210, 1276 }, // U+2208
    { 28, 37, 667, 7, 33, 259, 1486 }, // U+2209
    { 28, 25, 667, 7, 27, 175, 1745 }, // U+220A
    { 28, 30, 667, 7, 30, 210, 1920 }, // U+220B
    { 28, 37, 667, 7, 33, 259, 2130 }, // U+220C
    { 28, 25, 667, 7, 27, 175, 2389 }, // U+220D
    { 33, 37, 558, 1, 30, 306, 2564 }, // U+220F
    { 26, 37, 443, 1, 30, 241, 2870 }, // U+2211
    { 20, 5, 415, 3, 17, 25, 3111 }, // U+2212
    { 20, 33, 351, 1, 31, 165, 3136 }, // U+2215
    { 20, 33, 351, 1, 31, 165, 3301 }, // U+2216
    { 20, 20, 415, 3, 24, 100, 3466 }, // U+2217
    { 16, 16, 415, 5, 22, 64, 3566 }, // U+2218
    { 8, 7, 415, 9, 15, 14, 3630 }, // U+2219
    { 27, 39, 415, -1, 34, 264, 3644 }, // U+221A
    { 21, 17, 415, 3, 22, 90, 3908 }, // U+221D
    { 26, 16, 415, 0, 21, 104, 3998 }, // U+221E
    { 26, 30, 667, 8, 30, 195, 4102 }, // U+221F
    { 32, 30, 667, 5, 30, 240, 4297 }, // U+2220
    { 7, 43, 333, 7, 33, 76, 4537 }, // U+2223
    { 15, 43, 333, 3, 33, 162, 4613 }, // U+2225
    { 29, 30, 667, 7, 30, 218, 4775 }, // U+2227
    { 29, 30, 667, 7, 30, 218, 4993 }, // U+2228
    { 24, 30, 667, 9, 30, 180, 5211 }, // U+2229
    { 24, 31, 667, 9, 30, 186, 5391 }, // U+222A
    { 24, 43, 415, 1, 33, 258, 5577 }, // U+222B
    { 28, 25, 667, 7, 24, 175, 5835 }, // U+2234
    { 28, 25, 667, 7, 24, 175, 6010 }, // U+2235
    { 9, 24, 208, 2, 26, 54, 6185 }, // U+2236
    { 28, 25, 667, 7, 24, 175, 6239 }, // U+2237
    { 26, 9, 667, 8, 17, 59, 6414 }, // U+223C
    { 26, 24, 667, 8, 26, 156, 6473 }, // U+2245
    { 21, 18, 415, 3, 23, 95, 6629 }, // U+2248
    { 24, 16, 667, 9, 20, 96, 6724 }, // U+224D
    { 20, 21, 415, 3, 25, 105, 6820 }, // U+2260
    { 24, 21, 667, 9, 23, 126, 6925 }, // U+2261
    { 20, 26, 415, 3, 26, 130, 7051 }, // U+2264
    { 20, 26, 415, 3, 26, 130, 7181 }, // U+2265
    { 35, 20, 667, 3, 24, 175, 7311 }, // U+226A
    { 35, 20, 667, 4, 24, 175, 7486 }, // U+226B
    { 28, 25, 667, 7, 27, 175, 7661 }, // U+2283
    { 28, 37, 667, 7, 33, 259, 7836 }, // U+2284
    { 28, 37, 667, 7, 33, 259, 8095 }, // U+2285
    { 28, 30, 667, 7, 30, 210, 8354 }, // U+2286
    { 28, 30, 667, 7, 30, 210, 8564 }, // U+2287
    { 32, 31, 667, 5, 30, 248, 8774 }, // U+2295
    { 32, 31, 667, 5, 30, 248, 9022 }, // U+2296
    { 32, 31, 667, 5, 30, 248, 9270 }, // U+2297
    { 32, 31, 667, 5, 30, 248, 9518 }, // U+2298
    { 24, 30, 667, 9, 30, 180, 9766 }, // U+22A5
    { 8, 7, 415, 9, 15, 14, 9946 }, // U+22C5
    { 36, 7, 667, 3, 15, 63, 9960 }, // U+22EF
    { 37, 33, 516, 0, 33, 306, 0 }, // U+FB00
    { 29, 33, 466, 0, 33, 240, 306 }, // U+FB01
    { 29, 33, 469, 0, 33, 240, 546 }, // U+FB02
    { 44, 33, 693, 0, 33, 363, 786 }, // U+FB03
    { 44, 33, 696, 0, 33, 363, 1149 }, // U+FB04
    { 33, 34, 529, 0, 33, 281, 1512 }, // U+FB05
    { 37, 34, 618, 2, 33, 315, 1793 }, // U+FB06
    { 40, 40, 667, 1, 35, 400, 0 }, // U+FFFD
};

static const EpdUnicodeInterval bookerly_l_boldIntervals[] = {
    { 0x0, 0x0, 0x0 },
    { 0x8, 0x9, 0x1 },
    { 0xD, 0xD, 0x3 },
    { 0x1D, 0x1D, 0x4 },
    { 0x20, 0x7E, 0x5 },
    { 0xA0, 0xFF, 0x64 },
    { 0x100, 0x17F, 0xC4 },
    { 0x1A0, 0x1A1, 0x144 },
    { 0x1AF, 0x1B0, 0x146 },
    { 0x1C4, 0x1F5, 0x148 },
    { 0x1F8, 0x21F, 0x17A },
    { 0x300, 0x304, 0x1A2 },
    { 0x306, 0x30C, 0x1A7 },
    { 0x30F, 0x30F, 0x1AE },
    { 0x311, 0x315, 0x1AF },
    { 0x31B, 0x31B, 0x1B4 },
    { 0x323, 0x329, 0x1B5 },
    { 0x32D, 0x32E, 0x1BC },
    { 0x330, 0x331, 0x1BE },
    { 0x342, 0x342, 0x1C0 },
    { 0x344, 0x345, 0x1C1 },
    { 0x374, 0x375, 0x1C3 },
    { 0x37E, 0x37E, 0x1C5 },
    { 0x384, 0x38A, 0x1C6 },
    { 0x38C, 0x38C, 0x1CD },
    { 0x38E, 0x3A1, 0x1CE },
    { 0x3A3, 0x3CE, 0x1E2 },
    { 0x3D0, 0x3D7, 0x20E },
    { 0x400, 0x45F, 0x216 },
    { 0x462, 0x463, 0x276 },
    { 0x472, 0x475, 0x278 },
    { 0x48A, 0x4FF, 0x27C },
    { 0x1EA0, 0x1EF9, 0x2F2 },
    { 0x2000, 0x2030, 0x34C },
    { 0x2032, 0x203C, 0x37D },
    { 0x203E, 0x203E, 0x388 },
    { 0x2043, 0x2044, 0x389 },
    { 0x2047, 0x2049, 0x38B },
    { 0x2053, 0x2053, 0x38E },
    { 0x2057, 0x2057, 0x38F },
    { 0x205F, 0x2064, 0x390 },
    { 0x2070, 0x2070, 0x396 },
    { 0x2074, 0x2079, 0x397 },
    { 0x207F, 0x2089, 0x39D },
    { 0x20A3, 0x20A4, 0x3A8 },
    { 0x20A7, 0x20A7, 0x3AA },
    { 0x20AC, 0x20AC, 0x3AB },
    { 0x2190, 0x2195, 0x3AC },
    { 0x21A8, 0x21A8, 0x3B2 },
    { 0x21B2, 0x21B3, 0x3B3 },
    { 0x21B5, 0x21B5, 0x3B5 },
    { 0x21D0, 0x21D4, 0x3B6 },
    { 0x2200, 0x2200, 0x3BB },
    { 0x2202, 0x2203, 0x3BC },
    { 0x2205, 0x220D, 0x3BE },
    { 0x220F, 0x220F, 0x3C7 },
    { 0x2211, 0x2212, 0x3C8 },
    { 0x2215, 0x221A, 0x3CA },
    { 0x221D, 0x2220, 0x3D0 },
    { 0x2223, 0x2223, 0x3D4 },
    { 0x2225, 0x2225, 0x3D5 },
    { 0x2227, 0x222B, 0x3D6 },
    { 0x2234, 0x2237, 0x3DB },
    { 0x223C, 0x223C, 0x3DF },
    { 0x2245, 0x2245, 0x3E0 },
    { 0x2248, 0x2248, 0x3E1 },
    { 0x224D, 0x224D, 0x3E2 },
    { 0x2260, 0x2261, 0x3E3 },
    { 0x2264, 0x2265, 0x3E5 },
    { 0x226A, 0x226B, 0x3E7 },
    { 0x2283, 0x2287, 0x3E9 },
    { 0x2295, 0x2298, 0x3EE },
    { 0x22A5, 0x22A5, 0x3F2 },
    { 0x22C5, 0x22C5, 0x3F3 },
    { 0x22EF, 0x22EF, 0x3F4 },
    { 0xFB00, 0xFB06, 0x3F5 },
    { 0xFFFD, 0xFFFD, 0x3FC },
};

static const EpdFontGroup bookerly_l_boldGroups[] = {
    { 0, 6050, 16728, 100, 0 },
    { 6050, 5493, 20523, 96, 100 },
    { 11543, 6766, 32667, 128, 196 },
    { 18309, 6899, 28651, 94, 324 },
    { 25208, 626, 988, 33, 418 },
    { 25834, 5899, 18302, 83, 451 },
    { 31733, 12710, 53987, 220, 534 },
    { 44443, 3930, 27302, 90, 754 },
    { 48373, 1979, 5450, 74, 844 },
    { 50352, 742, 1541, 18, 918 },
    { 51094, 448, 957, 4, 936 },
    { 51542, 837, 2180, 15, 940 },
    { 52379, 3231, 10280, 58, 955 },
    { 55610, 622, 2230, 7, 1013 },
    { 56232, 179, 400, 1, 1020 },
};

static const EpdKernClassEntry bookerly_l_boldKernLeftClasses[] = {
    { 0x0022, 1 }, // "
    { 0x0027, 1 }, // '
    { 0x0028, 2 }, // (
    { 0x002A, 3 }, // *
    { 0x002B, 4 }, // +
    { 0x002C, 5 }, // ,
    { 0x002D, 6 }, // -
    { 0x002E, 5 }, // .
    { 0x002F, 7 }, // /
    { 0x0030, 8 }, // 0
    { 0x0031, 9 }, // 1
    { 0x0032, 10 }, // 2
    { 0x0033, 8 }, // 3
    { 0x0034, 11 }, // 4
    { 0x0035, 12 }, // 5
    { 0x0036, 13 }, // 6
    { 0x0037, 14 }, // 7
    { 0x0038, 15 }, // 8
    { 0x0039, 16 }, // 9
    { 0x003A, 17 }, // :
    { 0x003B, 17 }, // ;
    { 0x003C, 4 }, // <
    { 0x003D, 4 }, // =
    { 0x003E, 4 }, // >
    { 0x0040, 18 }, // @
    { 0x0041, 19 }, // A
    { 0x0042, 20 }, // B
    { 0x0043, 21 }, // C
    { 0x0044, 22 }, // D
    { 0x0045, 23 }, // E
    { 0x0046, 24 }, // F
    { 0x0047, 25 }, // G
    { 0x0048, 26 }, // H
    { 0x0049, 26 }, // I
    { 0x004A, 27 }, // J
    { 0x004B, 28 }, // K
    { 0x004C, 29 }, // L
    { 0x004D, 30 }, // M
    { 0x004E, 31 }, // N
    { 0x004F, 22 }, // O
    { 0x0050, 32 }, // P
    { 0x0051, 33 }, // Q
    { 0x0052, 34 }, // R
    { 0x0053, 35 }, // S
    { 0x0054, 36 }, // T
    { 0x0055, 37 }, // U
    { 0x0056, 38 }, // V
    { 0x0057, 38 }, // W
    { 0x0058, 39 }, // X
    { 0x0059, 40 }, // Y
    { 0x005A, 41 }, // Z
    { 0x005B, 42 }, // [
    { 0x005C, 43 }, // <backslash>
    { 0x0061, 44 }, // a
    { 0x0062, 45 }, // b
    { 0x0063, 46 }, // c
    { 0x0064, 47 }, // d
    { 0x0065, 48 }, // e
    { 0x0066, 49 }, // f
    { 0x0067, 50 }, // g
    { 0x0068, 51 }, // h
    { 0x0069, 52 }, // i
    { 0x006A, 53 }, // j
    { 0x006B, 54 }, // k
    { 0x006C, 55 }, // l
    { 0x006D, 51 }, // m
    { 0x006E, 51 }, // n
    { 0x006F, 45 }, // o
    { 0x0070, 45 }, // p
    { 0x0071, 56 }, // q
    { 0x0072, 57 }, // r
    { 0x0073, 58 }, // s
    { 0x0074, 59 }, // t
    { 0x0075, 60 }, // u
    { 0x0076, 61 }, // v
    { 0x0077, 61 }, // w
    { 0x0078, 62 }, // x
    { 0x0079, 61 }, // y
    { 0x007A, 63 }, // z
    { 0x007B, 64 }, // {
    { 0x007E, 4 }, // ~
    { 0x00A1, 65 }, // U+00A1
    { 0x00AB, 66 }, // U+00AB
    { 0x00AD, 6 }, // U+00AD
    { 0x00BB, 67 }, // U+00BB
    { 0x00BF, 68 }, // U+00BF
    { 0x00C0, 19 }, // U+00C0
    { 0x00C1, 19 }, // U+00C1
    { 0x00C2, 19 }, // U+00C2
    { 0x00C3, 19 }, // U+00C3
    { 0x00C4, 19 }, // U+00C4
    { 0x00C5, 19 }, // U+00C5
    { 0x00C6, 23 }, // U+00C6
    { 0x00C7, 21 }, // U+00C7
    { 0x00C8, 23 }, // U+00C8
    { 0x00C9, 23 }, // U+00C9
    { 0x00CA, 23 }, // U+00CA
    { 0x00CB, 23 }, // U+00CB
    { 0x00CC, 26 }, // U+00CC
    { 0x00CD, 26 }, // U+00CD
    { 0x00CE, 26 }, // U+00CE
    { 0x00CF, 26 }, // U+00CF
    { 0x00D0, 22 }, // U+00D0
    { 0x00D1, 31 }, // U+00D1
    { 0x00D2, 22 }, // U+00D2
    { 0x00D3, 22 }, // U+00D3
    { 0x00D4, 22 }, // U+00D4
    { 0x00D5, 22 }, // U+00D5
    { 0x00D6, 22 }, // U+00D6
    { 0x00D7, 4 }, // U+00D7
    { 0x00D8, 69 }, // U+00D8
    { 0x00D9, 37 }, // U+00D9
    { 0x00DA, 37 }, // U+00DA
    { 0x00DB, 37 }, // U+00DB
    { 0x00DC, 37 }, // U+00DC
    { 0x00DD, 40 }, // U+00DD
    { 0x00DE, 70 }, // U+00DE
    { 0x00DF, 71 }, // U+00DF
    { 0x00E0, 44 }, // U+00E0
    { 0x00E1, 44 }, // U+00E1
    { 0x00E2, 44 }, // U+00E2
    { 0x00E3, 44 }, // U+00E3
    { 0x00E4, 44 }, // U+00E4
    { 0x00E5, 44 }, // U+00E5
    { 0x00E6, 48 }, // U+00E6
    { 0x00E7, 46 }, // U+00E7
    { 0x00E8, 48 }, // U+00E8
    { 0x00E9, 48 }, // U+00E9
    { 0x00EA, 48 }, // U+00EA
    { 0x00EB, 48 }, // U+00EB
    { 0x00EC, 52 }, // U+00EC
    { 0x00ED, 52 }, // U+00ED
    { 0x00EE, 72 }, // U+00EE
    { 0x00EF, 72 }, // U+00EF
    { 0x00F0, 45 }, // U+00F0
    { 0x00F1, 51 }, // U+00F1
    { 0x00F2, 45 }, // U+00F2
    { 0x00F3, 45 }, // U+00F3
    { 0x00F4, 45 }, // U+00F4
    { 0x00F5, 45 }, // U+00F5
    { 0x00F6, 45 }, // U+00F6
    { 0x00F7, 4 }, // U+00F7
    { 0x00F8, 45 }, // U+00F8
    { 0x00F9, 60 }, // U+00F9
    { 0x00FA, 60 }, // U+00FA
    { 0x00FB, 60 }, // U+00FB
    { 0x00FC, 60 }, // U+00FC
    { 0x00FD, 61 }, // U+00FD
    { 0x00FE, 45 }, // U+00FE
    { 0x00FF, 61 }, // U+00FF
    { 0x0100, 19 }, // U+0100
    { 0x0101, 44 }, // U+0101
    { 0x0102, 19 }, // U+0102
    { 0x0103, 44 }, // U+0103
    { 0x0104, 73 }, // U+0104
    { 0x0105, 74 }, // U+0105
    { 0x0106, 21 }, // U+0106
    { 0x0107, 46 }, // U+0107
    { 0x0108, 21 }, // U+0108
    { 0x0109, 46 }, // U+0109
    { 0x010A, 21 }, // U+010A
    { 0x010B, 46 }, // U+010B
    { 0x010C, 21 }, // U+010C
    { 0x010D, 46 }, // U+010D
    { 0x010E, 22 }, // U+010E
    { 0x010F, 75 }, // U+010F
    { 0x0110, 22 }, // U+0110
    { 0x0111, 76 }, // U+0111
    { 0x0112, 23 }, // U+0112
    { 0x0113, 48 }, // U+0113
    { 0x0114, 23 }, // U+0114
    { 0x0115, 48 }, // U+0115
    { 0x0116, 23 }, // U+0116
    { 0x0117, 48 }, // U+0117
    { 0x0118, 77 }, // U+0118
    { 0x0119, 78 }, // U+0119
    { 0x011A, 23 }, // U+011A
    { 0x011B, 48 }, // U+011B
    { 0x011C, 25 }, // U+011C
    { 0x011D, 50 }, // U+011D
    { 0x011E, 25 }, // U+011E
    { 0x011F, 50 }, // U+011F
    { 0x0120, 25 }, // U+0120
    { 0x0121, 50 }, // U+0121
    { 0x0122, 25 }, // U+0122
    { 0x0123, 50 }, // U+0123
    { 0x0124, 26 }, // U+0124
    { 0x0125, 51 }, // U+0125
    { 0x0126, 26 }, // U+0126
    { 0x0127, 51 }, // U+0127
    { 0x0128, 26 }, // U+0128
    { 0x0129, 72 }, // U+0129
    { 0x012A, 26 }, // U+012A
    { 0x012B, 72 }, // U+012B
    { 0x012C, 26 }, // U+012C
    { 0x012D, 72 }, // U+012D
    { 0x012E, 26 }, // U+012E
    { 0x012F, 79 }, // U+012F
    { 0x0130, 26 }, // U+0130
    { 0x0131, 52 }, // U+0131
    { 0x0132, 27 }, // U+0132
    { 0x0133, 53 }, // U+0133
    { 0x0134, 27 }, // U+0134
    { 0x0135, 80 }, // U+0135
    { 0x0136, 28 }, // U+0136
    { 0x0137, 54 }, // U+0137
    { 0x0138, 54 }, // U+0138
    { 0x0139, 29 }, // U+0139
    { 0x013A, 55 }, // U+013A
    { 0x013B, 29 }, // U+013B
    { 0x013C, 55 }, // U+013C
    { 0x013E, 75 }, // U+013E
    { 0x0141, 29 }, // U+0141
    { 0x0142, 81 }, // U+0142
    { 0x0143, 31 }, // U+0143
    { 0x0144, 51 }, // U+0144
    { 0x0145, 31 }, // U+0145
    { 0x0146, 51 }, // U+0146
    { 0x0147, 31 }, // U+0147
    { 0x0148, 51 }, // U+0148
    { 0x0149, 51 }, // U+0149
    { 0x014A, 31 }, // U+014A
    { 0x014B, 51 }, // U+014B
    { 0x014C, 22 }, // U+014C
    { 0x014D, 45 }, // U+014D
    { 0x014E, 22 }, // U+014E
    { 0x014F, 45 }, // U+014F
    { 0x0150, 22 }, // U+0150
    { 0x0151, 45 }, // U+0151
    { 0x0152, 23 }, // U+0152
    { 0x0153, 48 }, // U+0153
    { 0x0154, 34 }, // U+0154
    { 0x0155, 57 }, // U+0155
    { 0x0156, 34 }, // U+0156
    { 0x0157, 57 }, // U+0157
    { 0x0158, 34 }, // U+0158
    { 0x0159, 57 }, // U+0159
    { 0x015A, 35 }, // U+015A
    { 0x015B, 58 }, // U+015B
    { 0x015C, 35 }, // U+015C
    { 0x015D, 58 }, // U+015D
    { 0x015E, 35 }, // U+015E
    { 0x015F, 58 }, // U+015F
    { 0x0160, 35 }, // U+0160
    { 0x0161, 58 }, // U+0161
    { 0x0162, 36 }, // U+0162
    { 0x0163, 82 }, // U+0163
    { 0x0164, 36 }, // U+0164
    { 0x0165, 83 }, // U+0165
    { 0x0166, 36 }, // U+0166
    { 0x0167, 59 }, // U+0167
    { 0x0168, 37 }, // U+0168
    { 0x0169, 60 }, // U+0169
    { 0x016A, 37 }, // U+016A
    { 0x016B, 60 }, // U+016B
    { 0x016C, 37 }, // U+016C
    { 0x016D, 60 }, // U+016D
    { 0x016E, 37 }, // U+016E
    { 0x016F, 60 }, // U+016F
    { 0x0170, 37 }, // U+0170
    { 0x0171, 60 }, // U+0171
    { 0x0172, 37 }, // U+0172
    { 0x0173, 84 }, // U+0173
    { 0x0174, 38 }, // U+0174
    { 0x0175, 61 }, // U+0175
    { 0x0176, 40 }, // U+0176
    { 0x0177, 61 }, // U+0177
    { 0x0178, 40 }, // U+0178
    { 0x0179, 41 }, // U+0179
    { 0x017A, 63 }, // U+017A
    { 0x017B, 41 }, // U+017B
    { 0x017C, 63 }, // U+017C
    { 0x017D, 41 }, // U+017D
    { 0x017E, 63 }, // U+017E
    { 0x01A0, 85 }, // U+01A0
    { 0x01A1, 86 }, // U+01A1
    { 0x01AF, 87 }, // U+01AF
    { 0x01B0, 88 }, // U+01B0
    { 0x01C4, 41 }, // U+01C4
    { 0x01C5, 63 }, // U+01C5
    { 0x01C6, 63 }, // U+01C6
    { 0x01C7, 27 }, // U+01C7
    { 0x01C8, 53 }, // U+01C8
    { 0x01C9, 53 }, // U+01C9
    { 0x01CA, 27 }, // U+01CA
    { 0x01CB, 53 }, // U+01CB
    { 0x01CC, 53 }, // U+01CC
    { 0x01CD, 19 }, // U+01CD
    { 0x01CE, 44 }, // U+01CE
    { 0x01CF, 26 }, // U+01CF
    { 0x01D0, 72 }, // U+01D0
    { 0x01D1, 22 }, // U+01D1
    { 0x01D2, 45 }, // U+01D2
    { 0x01D3, 37 }, // U+01D3
    { 0x01D4, 60 }, // U+01D4
    { 0x01D5, 37 }, // U+01D5
    { 0x01D6, 60 }, // U+01D6
    { 0x01D7, 37 }, // U+01D7
    { 0x01D8, 60 }, // U+01D8
    { 0x01D9, 37 }, // U+01D9
    { 0x01DA, 60 }, // U+01DA
    { 0x01DB, 37 }, // U+01DB
    { 0x01DC, 60 }, // U+01DC
    { 0x01DD, 45 }, // U+01DD
    { 0x01DE, 19 }, // U+01DE
    { 0x01DF, 44 }, // U+01DF
    { 0x01E0, 19 }, // U+01E0
    { 0x01E1, 44 }, // U+01E1
    { 0x01E2, 23 }, // U+01E2
    { 0x01E3, 48 }, // U+01E3
    { 0x01E4, 25 }, // U+01E4
    { 0x01E5, 89 }, // U+01E5
    { 0x01E6, 25 }, // U+01E6
    { 0x01E7, 50 }, // U+01E7
    { 0x01E8, 28 }, // U+01E8
    { 0x01E9, 54 }, // U+01E9
    { 0x01EA, 22 }, // U+01EA
    { 0x01EB, 45 }, // U+01EB
    { 0x01EC, 22 }, // U+01EC
    { 0x01ED, 45 }, // U+01ED
    { 0x01EF, 90 }, // U+01EF
    { 0x01F0, 80 }, // U+01F0
    { 0x01F1, 41 }, // U+01F1
    { 0x01F2, 63 }, // U+01F2
    { 0x01F3, 63 }, // U+01F3
    { 0x01F4, 25 }, // U+01F4
    { 0x01F5, 50 }, // U+01F5
    { 0x01F8, 31 }, // U+01F8
    { 0x01F9, 51 }, // U+01F9
    { 0x01FA, 19 }, // U+01FA
    { 0x01FB, 44 }, // U+01FB
    { 0x01FC, 23 }, // U+01FC
    { 0x01FD, 48 }, // U+01FD
    { 0x01FE, 69 }, // U+01FE
    { 0x01FF, 45 }, // U+01FF
    { 0x0200, 19 }, // U+0200
    { 0x0201, 44 }, // U+0201
    { 0x0202, 19 }, // U+0202
    { 0x0203, 44 }, // U+0203
    { 0x0204, 23 }, // U+0204
    { 0x0205, 48 }, // U+0205
    { 0x0206, 23 }, // U+0206
    { 0x0207, 48 }, // U+0207
    { 0x0208, 26 }, // U+0208
    { 0x0209, 72 }, // U+0209
    { 0x020A, 26 }, // U+020A
    { 0x020B, 72 }, // U+020B
    { 0x020C, 22 }, // U+020C
    { 0x020D, 45 }, // U+020D
    { 0x020E, 22 }, // U+020E
    { 0x020F, 45 }, // U+020F
    { 0x0210, 34 }, // U+0210
    { 0x0211, 57 }, // U+0211
    { 0x0212, 34 }, // U+0212
    { 0x0213, 57 }, // U+0213
    { 0x0214, 37 }, // U+0214
    { 0x0215, 60 }, // U+0215
    { 0x0216, 37 }, // U+0216
    { 0x0217, 60 }, // U+0217
    { 0x0218, 35 }, // U+0218
    { 0x0219, 58 }, // U+0219
    { 0x021A, 36 }, // U+021A
    { 0x021B, 59 }, // U+021B
    { 0x021C, 20 }, // U+021C
    { 0x021D, 91 }, // U+021D
    { 0x021E, 26 }, // U+021E
    { 0x021F, 51 }, // U+021F
    { 0x037E, 17 }, // U+037E
    { 0x0386, 92 }, // U+0386
    { 0x0387, 17 }, // U+0387
    { 0x0388, 93 }, // U+0388
    { 0x0389, 94 }, // U+0389
    { 0x038A, 94 }, // U+038A
    { 0x038C, 95 }, // U+038C
    { 0x038E, 96 }, // U+038E
    { 0x038F, 97 }, // U+038F
    { 0x0390, 98 }, // U+0390
    { 0x0391, 92 }, // U+0391
    { 0x0392, 99 }, // U+0392
    { 0x0393, 100 }, // U+0393
    { 0x0394, 101 }, // U+0394
    { 0x0395, 93 }, // U+0395
    { 0x0396, 102 }, // U+0396
    { 0x0397, 94 }, // U+0397
    { 0x0398, 95 }, // U+0398
    { 0x0399, 94 }, // U+0399
    { 0x039A, 103 }, // U+039A
    { 0x039B, 92 }, // U+039B
    { 0x039C, 104 }, // U+039C
    { 0x039D, 105 }, // U+039D
    { 0x039E, 93 }, // U+039E
    { 0x039F, 95 }, // U+039F
    { 0x03A0, 94 }, // U+03A0
    { 0x03A1, 106 }, // U+03A1
    { 0x03A3, 93 }, // U+03A3
    { 0x03A4, 100 }, // U+03A4
    { 0x03A5, 96 }, // U+03A5
    { 0x03A6, 107 }, // U+03A6
    { 0x03A7, 108 }, // U+03A7
    { 0x03A8, 109 }, // U+03A8
    { 0x03A9, 97 }, // U+03A9
    { 0x03AA, 94 }, // U+03AA
    { 0x03AB, 96 }, // U+03AB
    { 0x03AC, 110 }, // U+03AC
    { 0x03AD, 111 }, // U+03AD
    { 0x03AE, 112 }, // U+03AE
    { 0x03AF, 113 }, // U+03AF
    { 0x03B0, 114 }, // U+03B0
    { 0x03B1, 110 }, // U+03B1
    { 0x03B2, 115 }, // U+03B2
    { 0x03B3, 116 }, // U+03B3
    { 0x03B4, 117 }, // U+03B4
    { 0x03B5, 111 }, // U+03B5
    { 0x03B6, 118 }, // U+03B6
    { 0x03B7, 112 }, // U+03B7
    { 0x03B8, 119 }, // U+03B8
    { 0x03B9, 113 }, // U+03B9
    { 0x03BA, 120 }, // U+03BA
    { 0x03BB, 121 }, // U+03BB
    { 0x03BC, 113 }, // U+03BC
    { 0x03BD, 116 }, // U+03BD
    { 0x03BE, 122 }, // U+03BE
    { 0x03BF, 115 }, // U+03BF
    { 0x03C0, 123 }, // U+03C0
    { 0x03C1, 115 }, // U+03C1
    { 0x03C2, 124 }, // U+03C2
    { 0x03C3, 125 }, // U+03C3
    { 0x03C4, 126 }, // U+03C4
    { 0x03C5, 114 }, // U+03C5
    { 0x03C6, 115 }, // U+03C6
    { 0x03C7, 127 }, // U+03C7
    { 0x03C8, 114 }, // U+03C8
    { 0x03C9, 128 }, // U+03C9
    { 0x03CA, 98 }, // U+03CA
    { 0x03CB, 114 }, // U+03CB
    { 0x03CC, 115 }, // U+03CC
    { 0x03CD, 114 }, // U+03CD
    { 0x03CE, 128 }, // U+03CE
    { 0x03D0, 115 }, // U+03D0
    { 0x03D1, 129 }, // U+03D1
    { 0x03D2, 130 }, // U+03D2
    { 0x03D3, 130 }, // U+03D3
    { 0x03D4, 130 }, // U+03D4
    { 0x03D5, 115 }, // U+03D5
    { 0x03D6, 128 }, // U+03D6
    { 0x0400, 131 }, // U+0400
    { 0x0401, 131 }, // U+0401
    { 0x0402, 132 }, // U+0402
    { 0x0404, 133 }, // U+0404
    { 0x0405, 134 }, // U+0405
    { 0x0406, 135 }, // U+0406
    { 0x0407, 135 }, // U+0407
    { 0x0408, 136 }, // U+0408
    { 0x0409, 137 }, // U+0409
    { 0x040A, 137 }, // U+040A
    { 0x040B, 138 }, // U+040B
    { 0x040C, 139 }, // U+040C
    { 0x040D, 135 }, // U+040D
    { 0x040E, 140 }, // U+040E
    { 0x040F, 135 }, // U+040F
    { 0x0410, 141 }, // U+0410
    { 0x0411, 142 }, // U+0411
    { 0x0412, 143 }, // U+0412
    { 0x0413, 144 }, // U+0413
    { 0x0414, 145 }, // U+0414
    { 0x0415, 131 }, // U+0415
    { 0x0416, 139 }, // U+0416
    { 0x0417, 143 }, // U+0417
    { 0x0418, 135 }, // U+0418
    { 0x0419, 135 }, // U+0419
    { 0x041A, 139 }, // U+041A
    { 0x041B, 135 }, // U+041B
    { 0x041C, 146 }, // U+041C
    { 0x041D, 135 }, // U+041D
    { 0x041E, 147 }, // U+041E
    { 0x041F, 135 }, // U+041F
    { 0x0420, 148 }, // U+0420
    { 0x0421, 149 }, // U+0421
    { 0x0422, 144 }, // U+0422
    { 0x0423, 140 }, // U+0423
    { 0x0424, 150 }, // U+0424
    { 0x0425, 151 }, // U+0425
    { 0x0426, 145 }, // U+0426
    { 0x0427, 135 }, // U+0427
    { 0x0428, 135 }, // U+0428
    { 0x0429, 145 }, // U+0429
    { 0x042A, 137 }, // U+042A
    { 0x042B, 135 }, // U+042B
    { 0x042C, 137 }, // U+042C
    { 0x042D, 147 }, // U+042D
    { 0x042E, 147 }, // U+042E
    { 0x042F, 135 }, // U+042F
    { 0x0430, 152 }, // U+0430
    { 0x0431, 153 }, // U+0431
    { 0x0432, 154 }, // U+0432
    { 0x0433, 155 }, // U+0433
    { 0x0434, 156 }, // U+0434
    { 0x0435, 157 }, // U+0435
    { 0x0436, 158 }, // U+0436
    { 0x0437, 159 }, // U+0437
    { 0x0438, 160 }, // U+0438
    { 0x0439, 160 }, // U+0439
    { 0x043A, 158 }, // U+043A
    { 0x043B, 160 }, // U+043B
    { 0x043C, 160 }, // U+043C
    { 0x043D, 160 }, // U+043D
    { 0x043E, 153 }, // U+043E
    { 0x043F, 160 }, // U+043F
    { 0x0440, 153 }, // U+0440
    { 0x0441, 161 }, // U+0441
    { 0x0442, 155 }, // U+0442
    { 0x0443, 162 }, // U+0443
    { 0x0444, 153 }, // U+0444
    { 0x0445, 163 }, // U+0445
    { 0x0446, 156 }, // U+0446
    { 0x0447, 160 }, // U+0447
    { 0x0448, 160 }, // U+0448
    { 0x0449, 156 }, // U+0449
    { 0x044A, 164 }, // U+044A
    { 0x044B, 160 }, // U+044B
    { 0x044C, 164 }, // U+044C
    { 0x044D, 153 }, // U+044D
    { 0x044E, 153 }, // U+044E
    { 0x044F, 160 }, // U+044F
    { 0x0450, 157 }, // U+0450
    { 0x0451, 157 }, // U+0451
    { 0x0452, 165 }, // U+0452
    { 0x0453, 155 }, // U+0453
    { 0x0454, 23 }, // U+0454
    { 0x0455, 166 }, // U+0455
    { 0x0456, 167 }, // U+0456
    { 0x0457, 168 }, // U+0457
    { 0x0459, 164 }, // U+0459
    { 0x045A, 164 }, // U+045A
    { 0x045B, 169 }, // U+045B
    { 0x045C, 158 }, // U+045C
    { 0x045D, 160 }, // U+045D
    { 0x045E, 162 }, // U+045E
    { 0x045F, 160 }, // U+045F
    { 0x0462, 170 }, // U+0462
    { 0x0463, 171 }, // U+0463
    { 0x0472, 147 }, // U+0472
    { 0x0473, 153 }, // U+0473
    { 0x0474, 172 }, // U+0474
    { 0x0475, 173 }, // U+0475
    { 0x048A, 145 }, // U+048A
    { 0x048B, 156 }, // U+048B
    { 0x048C, 137 }, // U+048C
    { 0x048D, 164 }, // U+048D
    { 0x048E, 148 }, // U+048E
    { 0x048F, 153 }, // U+048F
    { 0x0490, 174 }, // U+0490
    { 0x0491, 175 }, // U+0491
    { 0x0492, 176 }, // U+0492
    { 0x0493, 155 }, // U+0493
    { 0x0496, 177 }, // U+0496
    { 0x0497, 178 }, // U+0497
    { 0x0498, 143 }, // U+0498
    { 0x0499, 159 }, // U+0499
    { 0x049A, 177 }, // U+049A
    { 0x049B, 178 }, // U+049B
    { 0x049C, 139 }, // U+049C
    { 0x049D, 158 }, // U+049D
    { 0x049E, 139 }, // U+049E
    { 0x049F, 158 }, // U+049F
    { 0x04A0, 139 }, // U+04A0
    { 0x04A1, 158 }, // U+04A1
    { 0x04A2, 145 }, // U+04A2
    { 0x04A3, 156 }, // U+04A3
    { 0x04A8, 179 }, // U+04A8
    { 0x04A9, 180 }, // U+04A9
    { 0x04AA, 149 }, // U+04AA
    { 0x04AB, 161 }, // U+04AB
    { 0x04AC, 144 }, // U+04AC
    { 0x04AD, 155 }, // U+04AD
    { 0x04AE, 181 }, // U+04AE
    { 0x04AF, 162 }, // U+04AF
    { 0x04B0, 181 }, // U+04B0
    { 0x04B1, 162 }, // U+04B1
    { 0x04B2, 182 }, // U+04B2
    { 0x04B3, 183 }, // U+04B3
    { 0x04B4, 145 }, // U+04B4
    { 0x04B5, 156 }, // U+04B5
    { 0x04B6, 145 }, // U+04B6
    { 0x04B7, 156 }, // U+04B7
    { 0x04B8, 135 }, // U+04B8
    { 0x04B9, 160 }, // U+04B9
    { 0x04BA, 184 }, // U+04BA
    { 0x04BB, 169 }, // U+04BB
    { 0x04BC, 185 }, // U+04BC
    { 0x04BD, 157 }, // U+04BD
    { 0x04BE, 185 }, // U+04BE
    { 0x04BF, 157 }, // U+04BF
    { 0x04C0, 135 }, // U+04C0
    { 0x04C1, 139 }, // U+04C1
    { 0x04C2, 158 }, // U+04C2
    { 0x04C3, 186 }, // U+04C3
    { 0x04C4, 187 }, // U+04C4
    { 0x04C5, 145 }, // U+04C5
    { 0x04C6, 156 }, // U+04C6
    { 0x04C7, 136 }, // U+04C7
    { 0x04C8, 188 }, // U+04C8
    { 0x04C9, 145 }, // U+04C9
    { 0x04CA, 156 }, // U+04CA
    { 0x04CB, 135 }, // U+04CB
    { 0x04CC, 160 }, // U+04CC
    { 0x04CD, 145 }, // U+04CD
    { 0x04CE, 156 }, // U+04CE
    { 0x04CF, 189 }, // U+04CF
    { 0x04D0, 141 }, // U+04D0
    { 0x04D1, 152 }, // U+04D1
    { 0x04D2, 141 }, // U+04D2
    { 0x04D3, 152 }, // U+04D3
    { 0x04D4, 131 }, // U+04D4
    { 0x04D5, 157 }, // U+04D5
    { 0x04D6, 131 }, // U+04D6
    { 0x04D7, 157 }, // U+04D7
    { 0x04D8, 147 }, // U+04D8
    { 0x04D9, 153 }, // U+04D9
    { 0x04DA, 147 }, // U+04DA
    { 0x04DB, 153 }, // U+04DB
    { 0x04DC, 139 }, // U+04DC
    { 0x04DD, 158 }, // U+04DD
    { 0x04DE, 143 }, // U+04DE
    { 0x04DF, 159 }, // U+04DF
    { 0x04E0, 190 }, // U+04E0
    { 0x04E1, 191 }, // U+04E1
    { 0x04E2, 135 }, // U+04E2
    { 0x04E3, 160 }, // U+04E3
    { 0x04E4, 135 }, // U+04E4
    { 0x04E5, 160 }, // U+04E5
    { 0x04E6, 147 }, // U+04E6
    { 0x04E7, 153 }, // U+04E7
    { 0x04E8, 147 }, // U+04E8
    { 0x04E9, 153 }, // U+04E9
    { 0x04EA, 147 }, // U+04EA
    { 0x04EB, 153 }, // U+04EB
    { 0x04EC, 147 }, // U+04EC
    { 0x04ED, 153 }, // U+04ED
    { 0x04EE, 140 }, // U+04EE
    { 0x04EF, 162 }, // U+04EF
    { 0x04F0, 140 }, // U+04F0
    { 0x04F1, 162 }, // U+04F1
    { 0x04F2, 140 }, // U+04F2
    { 0x04F3, 162 }, // U+04F3
    { 0x04F4, 135 }, // U+04F4
    { 0x04F5, 160 }, // U+04F5
    { 0x04F6, 144 }, // U+04F6
    { 0x04F7, 155 }, // U+04F7
    { 0x04F8, 135 }, // U+04F8
    { 0x04F9, 160 }, // U+04F9
    { 0x04FA, 176 }, // U+04FA
    { 0x04FB, 155 }, // U+04FB
    { 0x04FC, 192 }, // U+04FC
    { 0x04FD, 193 }, // U+04FD
    { 0x04FE, 151 }, // U+04FE
    { 0x04FF, 163 }, // U+04FF
    { 0x1EA0, 19 }, // U+1EA0
    { 0x1EA1, 44 }, // U+1EA1
    { 0x1EA2, 19 }, // U+1EA2
    { 0x1EA3, 44 }, // U+1EA3
    { 0x1EA4, 19 }, // U+1EA4
    { 0x1EA5, 44 }, // U+1EA5
    { 0x1EA6, 19 }, // U+1EA6
    { 0x1EA7, 44 }, // U+1EA7
    { 0x1EA8, 19 }, // U+1EA8
    { 0x1EA9, 44 }, // U+1EA9
    { 0x1EAA, 19 }, // U+1EAA
    { 0x1EAB, 44 }, // U+1EAB
    { 0x1EAC, 19 }, // U+1EAC
    { 0x1EAD, 44 }, // U+1EAD
    { 0x1EAE, 19 }, // U+1EAE
    { 0x1EAF, 44 }, // U+1EAF
    { 0x1EB0, 19 }, // U+1EB0
    { 0x1EB1, 44 }, // U+1EB1
    { 0x1EB2, 19 }, // U+1EB2
    { 0x1EB3, 44 }, // U+1EB3
    { 0x1EB4, 19 }, // U+1EB4
    { 0x1EB5, 44 }, // U+1EB5
    { 0x1EB6, 19 }, // U+1EB6
    { 0x1EB7, 44 }, // U+1EB7
    { 0x1EB8, 23 }, // U+1EB8
    { 0x1EB9, 48 }, // U+1EB9
    { 0x1EBA, 23 }, // U+1EBA
    { 0x1EBB, 48 }, // U+1EBB
    { 0x1EBC, 23 }, // U+1EBC
    { 0x1EBD, 48 }, // U+1EBD
    { 0x1EBE, 23 }, // U+1EBE
    { 0x1EBF, 48 }, // U+1EBF
    { 0x1EC0, 23 }, // U+1EC0
    { 0x1EC1, 48 }, // U+1EC1
    { 0x1EC2, 23 }, // U+1EC2
    { 0x1EC3, 48 }, // U+1EC3
    { 0x1EC4, 23 }, // U+1EC4
    { 0x1EC5, 48 }, // U+1EC5
    { 0x1EC6, 23 }, // U+1EC6
    { 0x1EC7, 48 }, // U+1EC7
    { 0x1EC8, 26 }, // U+1EC8
    { 0x1EC9, 72 }, // U+1EC9
    { 0x1ECA, 26 }, // U+1ECA
    { 0x1ECB, 52 }, // U+1ECB
    { 0x1ECC, 22 }, // U+1ECC
    { 0x1ECD, 45 }, // U+1ECD
    { 0x1ECE, 22 }, // U+1ECE
    { 0x1ECF, 45 }, // U+1ECF
    { 0x1ED0, 22 }, // U+1ED0
    { 0x1ED1, 45 }, // U+1ED1
    { 0x1ED2, 22 }, // U+1ED2
    { 0x1ED3, 45 }, // U+1ED3
    { 0x1ED4, 22 }, // U+1ED4
    { 0x1ED5, 45 }, // U+1ED5
    { 0x1ED6, 22 }, // U+1ED6
    { 0x1ED7, 45 }, // U+1ED7
    { 0x1ED8, 22 }, // U+1ED8
    { 0x1ED9, 45 }, // U+1ED9
    { 0x1EDA, 85 }, // U+1EDA
    { 0x1EDB, 86 }, // U+1EDB
    { 0x1EDC, 85 }, // U+1EDC
    { 0x1EDD, 86 }, // U+1EDD
    { 0x1EDE, 85 }, // U+1EDE
    { 0x1EDF, 86 }, // U+1EDF
    { 0x1EE0, 85 }, // U+1EE0
    { 0x1EE1, 86 }, // U+1EE1
    { 0x1EE2, 85 }, // U+1EE2
    { 0x1EE3, 86 }, // U+1EE3
    { 0x1EE4, 37 }, // U+1EE4
    { 0x1EE5, 60 }, // U+1EE5
    { 0x1EE6, 37 }, // U+1EE6
    { 0x1EE7, 60 }, // U+1EE7
    { 0x1EE8, 87 }, // U+1EE8
    { 0x1EE9, 88 }, // U+1EE9
    { 0x1EEA, 87 }, // U+1EEA
    { 0x1EEB, 88 }, // U+1EEB
    { 0x1EEC, 87 }, // U+1EEC
    { 0x1EED, 88 }, // U+1EED
    { 0x1EEE, 87 }, // U+1EEE
    { 0x1EEF, 88 }, // U+1EEF
    { 0x1EF0, 87 }, // U+1EF0
    { 0x1EF1, 88 }, // U+1EF1
    { 0x1EF2, 40 }, // U+1EF2
    { 0x1EF3, 61 }, // U+1EF3
    { 0x1EF4, 40 }, // U+1EF4
    { 0x1EF5, 61 }, // U+1EF5
    { 0x1EF6, 40 }, // U+1EF6
    { 0x1EF7, 61 }, // U+1EF7
    { 0x1EF8, 40 }, // U+1EF8
    { 0x1EF9, 61 }, // U+1EF9
    { 0x2010, 6 }, // U+2010
    { 0x2011, 6 }, // U+2011
    { 0x2013, 6 }, // U+2013
    { 0x2014, 6 }, // U+2014
    { 0x2015, 6 }, // U+2015
    { 0x2018, 194 }, // U+2018
    { 0x2019, 195 }, // U+2019
    { 0x201A, 196 }, // U+201A
    { 0x201B, 194 }, // U+201B
    { 0x201C, 194 }, // U+201C
    { 0x201D, 195 }, // U+201D
    { 0x201E, 5 }, // U+201E
    { 0x201F, 194 }, // U+201F
    { 0x2025, 5 }, // U+2025
    { 0x2026, 5 }, // U+2026
    { 0x2039, 66 }, // U+2039
    { 0x203A, 67 }, // U+203A
    { 0x2212, 4 }, // U+2212
    { 0x2217, 4 }, // U+2217
    { 0x2248, 4 }, // U+2248
    { 0x2260, 4 }, // U+2260
    { 0xFB00, 49 }, // U+FB00
    { 0xFB01, 52 }, // U+FB01
    { 0xFB02, 55 }, // U+FB02
    { 0xFB03, 52 }, // U+FB03
    { 0xFB04, 55 }, // U+FB04
    { 0xFB05, 59 }, // U+FB05
    { 0xFB06, 59 }, // U+FB06
};

static const EpdKernClassEntry bookerly_l_boldKernRightClasses[] = {
    { 0x0022, 1 }, // "
    { 0x0027, 1 }, // '
    { 0x0029, 2 }, // )
    { 0x002A, 3 }, // *
    { 0x002B, 4 }, // +
    { 0x002C, 5 }, // ,
    { 0x002D, 6 }, // -
    { 0x002E, 7 }, // .
    { 0x002F, 8 }, // /
    { 0x0030, 9 }, // 0
    { 0x0031, 10 }, // 1
    { 0x0032, 11 }, // 2
    { 0x0033, 10 }, // 3
    { 0x0034, 12 }, // 4
    { 0x0035, 13 }, // 5
    { 0x0036, 14 }, // 6
    { 0x0037, 15 }, // 7
    { 0x0038, 16 }, // 8
    { 0x003A, 17 }, // :
    { 0x003B, 18 }, // ;
    { 0x003C, 4 }, // <
    { 0x003D, 4 }, // =
    { 0x003E, 4 }, // >
    { 0x003F, 19 }, // ?
    { 0x0041, 20 }, // A
    { 0x0042, 21 }, // B
    { 0x0043, 22 }, // C
    { 0x0044, 21 }, // D
    { 0x0045, 21 }, // E
    { 0x0046, 21 }, // F
    { 0x0047, 22 }, // G
    { 0x0048, 21 }, // H
    { 0x0049, 21 }, // I
    { 0x004A, 23 }, // J
    { 0x004B, 21 }, // K
    { 0x004C, 21 }, // L
    { 0x004D, 24 }, // M
    { 0x004E, 21 }, // N
    { 0x004F, 22 }, // O
    { 0x0050, 21 }, // P
    { 0x0051, 22 }, // Q
    { 0x0052, 21 }, // R
    { 0x0053, 25 }, // S
    { 0x0054, 26 }, // T
    { 0x0055, 27 }, // U
    { 0x0056, 28 }, // V
    { 0x0057, 28 }, // W
    { 0x0058, 29 }, // X
    { 0x0059, 30 }, // Y
    { 0x005A, 31 }, // Z
    { 0x005C, 32 }, // <backslash>
    { 0x005D, 33 }, // ]
    { 0x0061, 34 }, // a
    { 0x0062, 35 }, // b
    { 0x0063, 36 }, // c
    { 0x0064, 36 }, // d
    { 0x0065, 36 }, // e
    { 0x0066, 37 }, // f
    { 0x0067, 38 }, // g
    { 0x0068, 39 }, // h
    { 0x0069, 40 }, // i
    { 0x006A, 41 }, // j
    { 0x006B, 39 }, // k
    { 0x006C, 39 }, // l
    { 0x006D, 42 }, // m
    { 0x006E, 42 }, // n
    { 0x006F, 36 }, // o
    { 0x0070, 43 }, // p
    { 0x0071, 36 }, // q
    { 0x0072, 42 }, // r
    { 0x0073, 44 }, // s
    { 0x0074, 45 }, // t
    { 0x0075, 46 }, // u
    { 0x0076, 47 }, // v
    { 0x0077, 47 }, // w
    { 0x0078, 48 }, // x
    { 0x0079, 49 }, // y
    { 0x007A, 50 }, // z
    { 0x007D, 51 }, // }
    { 0x007E, 4 }, // ~
    { 0x00AB, 52 }, // U+00AB
    { 0x00AD, 6 }, // U+00AD
    { 0x00B0, 53 }, // U+00B0
    { 0x00BB, 54 }, // U+00BB
    { 0x00BF, 55 }, // U+00BF
    { 0x00C0, 20 }, // U+00C0
    { 0x00C1, 20 }, // U+00C1
    { 0x00C2, 20 }, // U+00C2
    { 0x00C3, 20 }, // U+00C3
    { 0x00C4, 20 }, // U+00C4
    { 0x00C5, 20 }, // U+00C5
    { 0x00C6, 56 }, // U+00C6
    { 0x00C7, 22 }, // U+00C7
    { 0x00C8, 21 }, // U+00C8
    { 0x00C9, 21 }, // U+00C9
    { 0x00CA, 21 }, // U+00CA
    { 0x00CB, 21 }, // U+00CB
    { 0x00CC, 21 }, // U+00CC
    { 0x00CD, 21 }, // U+00CD
    { 0x00CE, 21 }, // U+00CE
    { 0x00CF, 21 }, // U+00CF
    { 0x00D0, 21 }, // U+00D0
    { 0x00D1, 21 }, // U+00D1
    { 0x00D2, 22 }, // U+00D2
    { 0x00D3, 22 }, // U+00D3
    { 0x00D4, 22 }, // U+00D4
    { 0x00D5, 22 }, // U+00D5
    { 0x00D6, 22 }, // U+00D6
    { 0x00D7, 4 }, // U+00D7
    { 0x00D8, 57 }, // U+00D8
    { 0x00D9, 27 }, // U+00D9
    { 0x00DA, 27 }, // U+00DA
    { 0x00DB, 27 }, // U+00DB
    { 0x00DC, 27 }, // U+00DC
    { 0x00DD, 30 }, // U+00DD
    { 0x00DE, 21 }, // U+00DE
    { 0x00DF, 58 }, // U+00DF
    { 0x00E0, 34 }, // U+00E0
    { 0x00E1, 34 }, // U+00E1
    { 0x00E2, 34 }, // U+00E2
    { 0x00E3, 59 }, // U+00E3
    { 0x00E4, 60 }, // U+00E4
    { 0x00E5, 34 }, // U+00E5
    { 0x00E6, 34 }, // U+00E6
    { 0x00E7, 36 }, // U+00E7
    { 0x00E8, 36 }, // U+00E8
    { 0x00E9, 36 }, // U+00E9
    { 0x00EA, 36 }, // U+00EA
    { 0x00EB, 61 }, // U+00EB
    { 0x00EC, 62 }, // U+00EC
    { 0x00ED, 40 }, // U+00ED
    { 0x00EE, 63 }, // U+00EE
    { 0x00EF, 64 }, // U+00EF
    { 0x00F0, 36 }, // U+00F0
    { 0x00F1, 42 }, // U+00F1
    { 0x00F2, 36 }, // U+00F2
    { 0x00F3, 36 }, // U+00F3
    { 0x00F4, 36 }, // U+00F4
    { 0x00F5, 36 }, // U+00F5
    { 0x00F6, 65 }, // U+00F6
    { 0x00F7, 4 }, // U+00F7
    { 0x00F8, 66 }, // U+00F8
    { 0x00F9, 46 }, // U+00F9
    { 0x00FA, 46 }, // U+00FA
    { 0x00FB, 46 }, // U+00FB
    { 0x00FC, 46 }, // U+00FC
    { 0x00FD, 49 }, // U+00FD
    { 0x00FE, 67 }, // U+00FE
    { 0x00FF, 49 }, // U+00FF
    { 0x0100, 20 }, // U+0100
    { 0x0101, 68 }, // U+0101
    { 0x0102, 20 }, // U+0102
    { 0x0103, 69 }, // U+0103
    { 0x0104, 20 }, // U+0104
    { 0x0105, 34 }, // U+0105
    { 0x0106, 22 }, // U+0106
    { 0x0107, 36 }, // U+0107
    { 0x0108, 22 }, // U+0108
    { 0x0109, 70 }, // U+0109
    { 0x010A, 22 }, // U+010A
    { 0x010B, 36 }, // U+010B
    { 0x010C, 22 }, // U+010C
    { 0x010D, 71 }, // U+010D
    { 0x010E, 21 }, // U+010E
    { 0x010F, 36 }, // U+010F
    { 0x0110, 21 }, // U+0110
    { 0x0111, 36 }, // U+0111
    { 0x0112, 21 }, // U+0112
    { 0x0113, 72 }, // U+0113
    { 0x0114, 21 }, // U+0114
    { 0x0115, 70 }, // U+0115
    { 0x0116, 21 }, // U+0116
    { 0x0117, 36 }, // U+0117
    { 0x0118, 21 }, // U+0118
    { 0x0119, 36 }, // U+0119
    { 0x011A, 21 }, // U+011A
    { 0x011B, 70 }, // U+011B
    { 0x011C, 22 }, // U+011C
    { 0x011D, 38 }, // U+011D
    { 0x011E, 22 }, // U+011E
    { 0x011F, 73 }, // U+011F
    { 0x0120, 22 }, // U+0120
    { 0x0121, 38 }, // U+0121
    { 0x0122, 22 }, // U+0122
    { 0x0123, 38 }, // U+0123
    { 0x0124, 21 }, // U+0124
    { 0x0125, 39 }, // U+0125
    { 0x0126, 21 }, // U+0126
    { 0x0127, 74 }, // U+0127
    { 0x0128, 21 }, // U+0128
    { 0x0129, 64 }, // U+0129
    { 0x012A, 21 }, // U+012A
    { 0x012B, 64 }, // U+012B
    { 0x012C, 21 }, // U+012C
    { 0x012D, 64 }, // U+012D
    { 0x012E, 21 }, // U+012E
    { 0x012F, 40 }, // U+012F
    { 0x0130, 21 }, // U+0130
    { 0x0131, 40 }, // U+0131
    { 0x0132, 21 }, // U+0132
    { 0x0133, 40 }, // U+0133
    { 0x0134, 23 }, // U+0134
    { 0x0135, 75 }, // U+0135
    { 0x0136, 21 }, // U+0136
    { 0x0137, 39 }, // U+0137
    { 0x0138, 42 }, // U+0138
    { 0x0139, 21 }, // U+0139
    { 0x013A, 39 }, // U+013A
    { 0x013B, 21 }, // U+013B
    { 0x013C, 39 }, // U+013C
    { 0x013D, 21 }, // U+013D
    { 0x013E, 39 }, // U+013E
    { 0x013F, 21 }, // U+013F
    { 0x0140, 39 }, // U+0140
    { 0x0141, 21 }, // U+0141
    { 0x0142, 76 }, // U+0142
    { 0x0143, 21 }, // U+0143
    { 0x0144, 42 }, // U+0144
    { 0x0145, 21 }, // U+0145
    { 0x0146, 42 }, // U+0146
    { 0x0147, 21 }, // U+0147
    { 0x0148, 42 }, // U+0148
    { 0x0149, 42 }, // U+0149
    { 0x014A, 21 }, // U+014A
    { 0x014B, 42 }, // U+014B
    { 0x014C, 22 }, // U+014C
    { 0x014D, 36 }, // U+014D
    { 0x014E, 22 }, // U+014E
    { 0x014F, 71 }, // U+014F
    { 0x0150, 22 }, // U+0150
    { 0x0151, 36 }, // U+0151
    { 0x0152, 22 }, // U+0152
    { 0x0153, 36 }, // U+0153
    { 0x0154, 21 }, // U+0154
    { 0x0155, 42 }, // U+0155
    { 0x0156, 21 }, // U+0156
    { 0x0157, 42 }, // U+0157
    { 0x0158, 21 }, // U+0158
    { 0x0159, 77 }, // U+0159
    { 0x015A, 25 }, // U+015A
    { 0x015B, 44 }, // U+015B
    { 0x015C, 25 }, // U+015C
    { 0x015D, 78 }, // U+015D
    { 0x015E, 25 }, // U+015E
    { 0x015F, 44 }, // U+015F
    { 0x0160, 25 }, // U+0160
    { 0x0161, 79 }, // U+0161
    { 0x0162, 26 }, // U+0162
    { 0x0163, 45 }, // U+0163
    { 0x0164, 26 }, // U+0164
    { 0x0165, 45 }, // U+0165
    { 0x0166, 26 }, // U+0166
    { 0x0167, 45 }, // U+0167
    { 0x0168, 27 }, // U+0168
    { 0x0169, 46 }, // U+0169
    { 0x016A, 27 }, // U+016A
    { 0x016B, 46 }, // U+016B
    { 0x016C, 27 }, // U+016C
    { 0x016D, 46 }, // U+016D
    { 0x016E, 27 }, // U+016E
    { 0x016F, 46 }, // U+016F
    { 0x0170, 27 }, // U+0170
    { 0x0171, 46 }, // U+0171
    { 0x0172, 27 }, // U+0172
    { 0x0173, 46 }, // U+0173
    { 0x0174, 28 }, // U+0174
    { 0x0175, 47 }, // U+0175
    { 0x0176, 30 }, // U+0176
    { 0x0177, 49 }, // U+0177
    { 0x0178, 30 }, // U+0178
    { 0x0179, 31 }, // U+0179
    { 0x017A, 50 }, // U+017A
    { 0x017B, 31 }, // U+017B
    { 0x017C, 50 }, // U+017C
    { 0x017D, 31 }, // U+017D
    { 0x017E, 80 }, // U+017E
    { 0x017F, 58 }, // U+017F
    { 0x01A0, 22 }, // U+01A0
    { 0x01A1, 36 }, // U+01A1
    { 0x01AF, 27 }, // U+01AF
    { 0x01B0, 46 }, // U+01B0
    { 0x01C4, 21 }, // U+01C4
    { 0x01C5, 21 }, // U+01C5
    { 0x01C6, 36 }, // U+01C6
    { 0x01C7, 21 }, // U+01C7
    { 0x01C8, 21 }, // U+01C8
    { 0x01C9, 39 }, // U+01C9
    { 0x01CA, 21 }, // U+01CA
    { 0x01CB, 21 }, // U+01CB
    { 0x01CC, 42 }, // U+01CC
    { 0x01CD, 20 }, // U+01CD
    { 0x01CE, 34 }, // U+01CE
    { 0x01CF, 21 }, // U+01CF
    { 0x01D0, 64 }, // U+01D0
    { 0x01D1, 22 }, // U+01D1
    { 0x01D2, 36 }, // U+01D2
    { 0x01D3, 27 }, // U+01D3
    { 0x01D4, 46 }, // U+01D4
    { 0x01D5, 27 }, // U+01D5
    { 0x01D6, 46 }, // U+01D6
    { 0x01D7, 27 }, // U+01D7
    { 0x01D8, 46 }, // U+01D8
    { 0x01D9, 27 }, // U+01D9
    { 0x01DA, 46 }, // U+01DA
    { 0x01DB, 27 }, // U+01DB
    { 0x01DC, 46 }, // U+01DC
    { 0x01DD, 81 }, // U+01DD
    { 0x01DE, 20 }, // U+01DE
    { 0x01DF, 34 }, // U+01DF
    { 0x01E0, 20 }, // U+01E0
    { 0x01E1, 34 }, // U+01E1
    { 0x01E2, 56 }, // U+01E2
    { 0x01E3, 34 }, // U+01E3
    { 0x01E4, 22 }, // U+01E4
    { 0x01E5, 82 }, // U+01E5
    { 0x01E6, 22 }, // U+01E6
    { 0x01E7, 38 }, // U+01E7
    { 0x01E8, 21 }, // U+01E8
    { 0x01E9, 39 }, // U+01E9
    { 0x01EA, 22 }, // U+01EA
    { 0x01EB, 36 }, // U+01EB
    { 0x01EC, 22 }, // U+01EC
    { 0x01ED, 36 }, // U+01ED
    { 0x01EE, 83 }, // U+01EE
    { 0x01EF, 84 }, // U+01EF
    { 0x01F0, 75 }, // U+01F0
    { 0x01F1, 21 }, // U+01F1
    { 0x01F2, 21 }, // U+01F2
    { 0x01F3, 36 }, // U+01F3
    { 0x01F4, 22 }, // U+01F4
    { 0x01F5, 38 }, // U+01F5
    { 0x01F8, 21 }, // U+01F8
    { 0x01F9, 42 }, // U+01F9
    { 0x01FA, 20 }, // U+01FA
    { 0x01FB, 34 }, // U+01FB
    { 0x01FC, 56 }, // U+01FC
    { 0x01FD, 34 }, // U+01FD
    { 0x01FE, 57 }, // U+01FE
    { 0x01FF, 36 }, // U+01FF
    { 0x0200, 20 }, // U+0200
    { 0x0201, 34 }, // U+0201
    { 0x0202, 20 }, // U+0202
    { 0x0203, 34 }, // U+0203
    { 0x0204, 21 }, // U+0204
    { 0x0205, 36 }, // U+0205
    { 0x0206, 21 }, // U+0206
    { 0x0207, 36 }, // U+0207
    { 0x0208, 21 }, // U+0208
    { 0x0209, 64 }, // U+0209
    { 0x020A, 21 }, // U+020A
    { 0x020B, 64 }, // U+020B
    { 0x020C, 22 }, // U+020C
    { 0x020D, 36 }, // U+020D
    { 0x020E, 22 }, // U+020E
    { 0x020F, 36 }, // U+020F
    { 0x0210, 21 }, // U+0210
    { 0x0211, 42 }, // U+0211
    { 0x0212, 21 }, // U+0212
    { 0x0213, 42 }, // U+0213
    { 0x0214, 27 }, // U+0214
    { 0x0215, 46 }, // U+0215
    { 0x0216, 27 }, // U+0216
    { 0x0217, 46 }, // U+0217
    { 0x0218, 25 }, // U+0218
    { 0x0219, 44 }, // U+0219
    { 0x021A, 26 }, // U+021A
    { 0x021B, 45 }, // U+021B
    { 0x021C, 85 }, // U+021C
    { 0x021D, 86 }, // U+021D
    { 0x021E, 21 }, // U+021E
    { 0x021F, 39 }, // U+021F
    { 0x037E, 87 }, // U+037E
    { 0x0387, 17 }, // U+0387
    { 0x0390, 88 }, // U+0390
    { 0x0391, 89 }, // U+0391
    { 0x0392, 90 }, // U+0392
    { 0x0393, 90 }, // U+0393
    { 0x0394, 91 }, // U+0394
    { 0x0395, 90 }, // U+0395
    { 0x0396, 92 }, // U+0396
    { 0x0397, 90 }, // U+0397
    { 0x0398, 93 }, // U+0398
    { 0x0399, 90 }, // U+0399
    { 0x039A, 90 }, // U+039A
    { 0x039B, 89 }, // U+039B
    { 0x039C, 94 }, // U+039C
    { 0x039D, 90 }, // U+039D
    { 0x039F, 93 }, // U+039F
    { 0x03A0, 90 }, // U+03A0
    { 0x03A1, 90 }, // U+03A1
    { 0x03A3, 95 }, // U+03A3
    { 0x03A4, 96 }, // U+03A4
    { 0x03A5, 97 }, // U+03A5
    { 0x03A6, 98 }, // U+03A6
    { 0x03A7, 99 }, // U+03A7
    { 0x03A8, 100 }, // U+03A8
    { 0x03A9, 101 }, // U+03A9
    { 0x03AA, 90 }, // U+03AA
    { 0x03AB, 97 }, // U+03AB
    { 0x03AC, 102 }, // U+03AC
    { 0x03AD, 103 }, // U+03AD
    { 0x03AE, 104 }, // U+03AE
    { 0x03AF, 105 }, // U+03AF
    { 0x03B0, 106 }, // U+03B0
    { 0x03B1, 102 }, // U+03B1
    { 0x03B2, 107 }, // U+03B2
    { 0x03B3, 108 }, // U+03B3
    { 0x03B4, 109 }, // U+03B4
    { 0x03B5, 103 }, // U+03B5
    { 0x03B6, 110 }, // U+03B6
    { 0x03B7, 104 }, // U+03B7
    { 0x03B8, 111 }, // U+03B8
    { 0x03B9, 105 }, // U+03B9
    { 0x03BA, 105 }, // U+03BA
    { 0x03BB, 112 }, // U+03BB
    { 0x03BC, 105 }, // U+03BC
    { 0x03BD, 108 }, // U+03BD
    { 0x03BE, 113 }, // U+03BE
    { 0x03BF, 102 }, // U+03BF
    { 0x03C0, 114 }, // U+03C0
    { 0x03C1, 115 }, // U+03C1
    { 0x03C2, 102 }, // U+03C2
    { 0x03C3, 102 }, // U+03C3
    { 0x03C4, 116 }, // U+03C4
    { 0x03C5, 106 }, // U+03C5
    { 0x03C6, 102 }, // U+03C6
    { 0x03C7, 117 }, // U+03C7
    { 0x03C8, 106 }, // U+03C8
    { 0x03C9, 118 }, // U+03C9
    { 0x03CA, 88 }, // U+03CA
    { 0x03CB, 106 }, // U+03CB
    { 0x03CC, 102 }, // U+03CC
    { 0x03CD, 106 }, // U+03CD
    { 0x03CE, 118 }, // U+03CE
    { 0x03D0, 111 }, // U+03D0
    { 0x03D1, 119 }, // U+03D1
    { 0x03D2, 97 }, // U+03D2
    { 0x03D4, 97 }, // U+03D4
    { 0x03D5, 102 }, // U+03D5
    { 0x03D6, 118 }, // U+03D6
    { 0x0400, 120 }, // U+0400
    { 0x0401, 120 }, // U+0401
    { 0x0402, 121 }, // U+0402
    { 0x0403, 120 }, // U+0403
    { 0x0404, 122 }, // U+0404
    { 0x0405, 123 }, // U+0405
    { 0x0406, 120 }, // U+0406
    { 0x0407, 120 }, // U+0407
    { 0x0408, 124 }, // U+0408
    { 0x0409, 125 }, // U+0409
    { 0x040A, 120 }, // U+040A
    { 0x040B, 121 }, // U+040B
    { 0x040C, 120 }, // U+040C
    { 0x040D, 120 }, // U+040D
    { 0x040E, 126 }, // U+040E
    { 0x040F, 120 }, // U+040F
    { 0x0410, 127 }, // U+0410
    { 0x0411, 120 }, // U+0411
    { 0x0412, 120 }, // U+0412
    { 0x0413, 120 }, // U+0413
    { 0x0414, 128 }, // U+0414
    { 0x0415, 120 }, // U+0415
    { 0x0416, 129 }, // U+0416
    { 0x0417, 130 }, // U+0417
    { 0x0418, 120 }, // U+0418
    { 0x0419, 120 }, // U+0419
    { 0x041A, 120 }, // U+041A
    { 0x041B, 125 }, // U+041B
    { 0x041C, 131 }, // U+041C
    { 0x041D, 120 }, // U+041D
    { 0x041E, 122 }, // U+041E
    { 0x041F, 120 }, // U+041F
    { 0x0420, 120 }, // U+0420
    { 0x0421, 122 }, // U+0421
    { 0x0422, 121 }, // U+0422
    { 0x0423, 126 }, // U+0423
    { 0x0424, 132 }, // U+0424
    { 0x0425, 133 }, // U+0425
    { 0x0426, 120 }, // U+0426
    { 0x0427, 134 }, // U+0427
    { 0x0428, 120 }, // U+0428
    { 0x0429, 120 }, // U+0429
    { 0x042A, 121 }, // U+042A
    { 0x042B, 120 }, // U+042B
    { 0x042C, 120 }, // U+042C
    { 0x042D, 135 }, // U+042D
    { 0x042E, 120 }, // U+042E
    { 0x042F, 136 }, // U+042F
    { 0x0430, 137 }, // U+0430
    { 0x0431, 138 }, // U+0431
    { 0x0432, 139 }, // U+0432
    { 0x0433, 139 }, // U+0433
    { 0x0434, 140 }, // U+0434
    { 0x0435, 141 }, // U+0435
    { 0x0436, 142 }, // U+0436
    { 0x0437, 143 }, // U+0437
    { 0x0438, 139 }, // U+0438
    { 0x0439, 139 }, // U+0439
    { 0x043A, 139 }, // U+043A
    { 0x043B, 144 }, // U+043B
    { 0x043C, 139 }, // U+043C
    { 0x043D, 139 }, // U+043D
    { 0x043E, 141 }, // U+043E
    { 0x043F, 139 }, // U+043F
    { 0x0440, 145 }, // U+0440
    { 0x0441, 141 }, // U+0441
    { 0x0442, 146 }, // U+0442
    { 0x0443, 147 }, // U+0443
    { 0x0444, 141 }, // U+0444
    { 0x0445, 148 }, // U+0445
    { 0x0446, 139 }, // U+0446
    { 0x0447, 149 }, // U+0447
    { 0x0448, 139 }, // U+0448
    { 0x0449, 139 }, // U+0449
    { 0x044A, 146 }, // U+044A
    { 0x044B, 139 }, // U+044B
    { 0x044C, 139 }, // U+044C
    { 0x044D, 150 }, // U+044D
    { 0x044E, 139 }, // U+044E
    { 0x044F, 151 }, // U+044F
    { 0x0450, 141 }, // U+0450
    { 0x0451, 141 }, // U+0451
    { 0x0452, 152 }, // U+0452
    { 0x0453, 139 }, // U+0453
    { 0x0454, 141 }, // U+0454
    { 0x0455, 153 }, // U+0455
    { 0x0456, 154 }, // U+0456
    { 0x0457, 155 }, // U+0457
    { 0x0458, 156 }, // U+0458
    { 0x0459, 144 }, // U+0459
    { 0x045A, 139 }, // U+045A
    { 0x045B, 152 }, // U+045B
    { 0x045C, 139 }, // U+045C
    { 0x045D, 139 }, // U+045D
    { 0x045E, 157 }, // U+045E
    { 0x045F, 139 }, // U+045F
    { 0x0462, 121 }, // U+0462
    { 0x0463, 146 }, // U+0463
    { 0x0472, 122 }, // U+0472
    { 0x0473, 141 }, // U+0473
    { 0x0474, 158 }, // U+0474
    { 0x0475, 147 }, // U+0475
    { 0x048A, 120 }, // U+048A
    { 0x048B, 139 }, // U+048B
    { 0x048C, 159 }, // U+048C
    { 0x048D, 160 }, // U+048D
    { 0x048E, 120 }, // U+048E
    { 0x048F, 145 }, // U+048F
    { 0x0490, 120 }, // U+0490
    { 0x0491, 139 }, // U+0491
    { 0x0492, 120 }, // U+0492
    { 0x0493, 139 }, // U+0493
    { 0x0494, 120 }, // U+0494
    { 0x0495, 139 }, // U+0495
    { 0x0496, 129 }, // U+0496
    { 0x0497, 142 }, // U+0497
    { 0x0498, 130 }, // U+0498
    { 0x0499, 143 }, // U+0499
    { 0x049A, 120 }, // U+049A
    { 0x049B, 139 }, // U+049B
    { 0x049C, 120 }, // U+049C
    { 0x049D, 139 }, // U+049D
    { 0x04A0, 121 }, // U+04A0
    { 0x04A1, 146 }, // U+04A1
    { 0x04A2, 120 }, // U+04A2
    { 0x04A3, 139 }, // U+04A3
    { 0x04A4, 120 }, // U+04A4
    { 0x04A5, 139 }, // U+04A5
    { 0x04A6, 120 }, // U+04A6
    { 0x04A7, 139 }, // U+04A7
    { 0x04A8, 122 }, // U+04A8
    { 0x04A9, 141 }, // U+04A9
    { 0x04AA, 122 }, // U+04AA
    { 0x04AB, 141 }, // U+04AB
    { 0x04AC, 121 }, // U+04AC
    { 0x04AD, 146 }, // U+04AD
    { 0x04AE, 161 }, // U+04AE
    { 0x04AF, 147 }, // U+04AF
    { 0x04B0, 161 }, // U+04B0
    { 0x04B1, 147 }, // U+04B1
    { 0x04B2, 133 }, // U+04B2
    { 0x04B3, 148 }, // U+04B3
    { 0x04B5, 146 }, // U+04B5
    { 0x04B6, 134 }, // U+04B6
    { 0x04B7, 149 }, // U+04B7
    { 0x04B8, 134 }, // U+04B8
    { 0x04B9, 149 }, // U+04B9
    { 0x04BA, 120 }, // U+04BA
    { 0x04BB, 152 }, // U+04BB
    { 0x04BC, 162 }, // U+04BC
    { 0x04BD, 163 }, // U+04BD
    { 0x04BE, 162 }, // U+04BE
    { 0x04BF, 163 }, // U+04BF
    { 0x04C0, 120 }, // U+04C0
    { 0x04C1, 129 }, // U+04C1
    { 0x04C2, 142 }, // U+04C2
    { 0x04C3, 120 }, // U+04C3
    { 0x04C4, 139 }, // U+04C4
    { 0x04C5, 125 }, // U+04C5
    { 0x04C6, 144 }, // U+04C6
    { 0x04C7, 120 }, // U+04C7
    { 0x04C8, 139 }, // U+04C8
    { 0x04C9, 120 }, // U+04C9
    { 0x04CA, 139 }, // U+04CA
    { 0x04CB, 134 }, // U+04CB
    { 0x04CC, 149 }, // U+04CC
    { 0x04CE, 139 }, // U+04CE
    { 0x04CF, 152 }, // U+04CF
    { 0x04D0, 127 }, // U+04D0
    { 0x04D1, 137 }, // U+04D1
    { 0x04D2, 127 }, // U+04D2
    { 0x04D3, 137 }, // U+04D3
    { 0x04D4, 164 }, // U+04D4
    { 0x04D5, 137 }, // U+04D5
    { 0x04D6, 120 }, // U+04D6
    { 0x04D7, 141 }, // U+04D7
    { 0x04D8, 165 }, // U+04D8
    { 0x04D9, 166 }, // U+04D9
    { 0x04DB, 166 }, // U+04DB
    { 0x04DC, 129 }, // U+04DC
    { 0x04DD, 142 }, // U+04DD
    { 0x04DE, 130 }, // U+04DE
    { 0x04DF, 143 }, // U+04DF
    { 0x04E1, 167 }, // U+04E1
    { 0x04E2, 120 }, // U+04E2
    { 0x04E3, 139 }, // U+04E3
    { 0x04E4, 120 }, // U+04E4
    { 0x04E5, 139 }, // U+04E5
    { 0x04E6, 122 }, // U+04E6
    { 0x04E7, 141 }, // U+04E7
    { 0x04E8, 122 }, // U+04E8
    { 0x04E9, 141 }, // U+04E9
    { 0x04EA, 122 }, // U+04EA
    { 0x04EB, 141 }, // U+04EB
    { 0x04ED, 143 }, // U+04ED
    { 0x04EE, 126 }, // U+04EE
    { 0x04EF, 157 }, // U+04EF
    { 0x04F0, 126 }, // U+04F0
    { 0x04F1, 168 }, // U+04F1
    { 0x04F2, 126 }, // U+04F2
    { 0x04F3, 157 }, // U+04F3
    { 0x04F5, 149 }, // U+04F5
    { 0x04F6, 120 }, // U+04F6
    { 0x04F7, 139 }, // U+04F7
    { 0x04F8, 120 }, // U+04F8
    { 0x04F9, 139 }, // U+04F9
    { 0x04FA, 120 }, // U+04FA
    { 0x04FB, 139 }, // U+04FB
    { 0x04FC, 133 }, // U+04FC
    { 0x04FD, 148 }, // U+04FD
    { 0x04FE, 133 }, // U+04FE
    { 0x04FF, 148 }, // U+04FF
    { 0x1EA0, 20 }, // U+1EA0
    { 0x1EA1, 34 }, // U+1EA1
    { 0x1EA2, 20 }, // U+1EA2
    { 0x1EA3, 34 }, // U+1EA3
    { 0x1EA4, 20 }, // U+1EA4
    { 0x1EA5, 34 }, // U+1EA5
    { 0x1EA6, 20 }, // U+1EA6
    { 0x1EA7, 34 }, // U+1EA7
    { 0x1EA8, 20 }, // U+1EA8
    { 0x1EA9, 34 }, // U+1EA9
    { 0x1EAA, 20 }, // U+1EAA
    { 0x1EAB, 34 }, // U+1EAB
    { 0x1EAC, 20 }, // U+1EAC
    { 0x1EAD, 34 }, // U+1EAD
    { 0x1EAE, 20 }, // U+1EAE
    { 0x1EAF, 34 }, // U+1EAF
    { 0x1EB0, 20 }, // U+1EB0
    { 0x1EB1, 34 }, // U+1EB1
    { 0x1EB2, 20 }, // U+1EB2
    { 0x1EB3, 34 }, // U+1EB3
    { 0x1EB4, 20 }, // U+1EB4
    { 0x1EB5, 34 }, // U+1EB5
    { 0x1EB6, 20 }, // U+1EB6
    { 0x1EB7, 34 }, // U+1EB7
    { 0x1EB8, 21 }, // U+1EB8
    { 0x1EB9, 36 }, // U+1EB9
    { 0x1EBA, 21 }, // U+1EBA
    { 0x1EBB, 36 }, // U+1EBB
    { 0x1EBC, 21 }, // U+1EBC
    { 0x1EBD, 36 }, // U+1EBD
    { 0x1EBE, 21 }, // U+1EBE
    { 0x1EBF, 36 }, // U+1EBF
    { 0x1EC0, 21 }, // U+1EC0
    { 0x1EC1, 36 }, // U+1EC1
    { 0x1EC2, 21 }, // U+1EC2
    { 0x1EC3, 36 }, // U+1EC3
    { 0x1EC4, 21 }, // U+1EC4
    { 0x1EC5, 36 }, // U+1EC5
    { 0x1EC6, 21 }, // U+1EC6
    { 0x1EC7, 36 }, // U+1EC7
    { 0x1EC8, 21 }, // U+1EC8
    { 0x1EC9, 64 }, // U+1EC9
    { 0x1ECA, 21 }, // U+1ECA
    { 0x1ECB, 40 }, // U+1ECB
    { 0x1ECC, 22 }, // U+1ECC
    { 0x1ECD, 36 }, // U+1ECD
    { 0x1ECE, 22 }, // U+1ECE
    { 0x1ECF, 36 }, // U+1ECF
    { 0x1ED0, 22 }, // U+1ED0
    { 0x1ED1, 36 }, // U+1ED1
    { 0x1ED2, 22 }, // U+1ED2
    { 0x1ED3, 36 }, // U+1ED3
    { 0x1ED4, 22 }, // U+1ED4
    { 0x1ED5, 36 }, // U+1ED5
    { 0x1ED6, 22 }, // U+1ED6
    { 0x1ED7, 36 }, // U+1ED7
    { 0x1ED8, 22 }, // U+1ED8
    { 0x1ED9, 36 }, // U+1ED9
    { 0x1EDA, 22 }, // U+1EDA
    { 0x1EDB, 36 }, // U+1EDB
    { 0x1EDC, 22 }, // U+1EDC
    { 0x1EDD, 36 }, // U+1EDD
    { 0x1EDE, 22 }, // U+1EDE
    { 0x1EDF, 36 }, // U+1EDF
    { 0x1EE0, 22 }, // U+1EE0
    { 0x1EE1, 36 }, // U+1EE1
    { 0x1EE2, 22 }, // U+1EE2
    { 0x1EE3, 36 }, // U+1EE3
    { 0x1EE4, 27 }, // U+1EE4
    { 0x1EE5, 46 }, // U+1EE5
    { 0x1EE6, 27 }, // U+1EE6
    { 0x1EE7, 46 }, // U+1EE7
    { 0x1EE8, 27 }, // U+1EE8
    { 0x1EE9, 46 }, // U+1EE9
    { 0x1EEA, 27 }, // U+1EEA
    { 0x1EEB, 46 }, // U+1EEB
    { 0x1EEC, 27 }, // U+1EEC
    { 0x1EED, 46 }, // U+1EED
    { 0x1EEE, 27 }, // U+1EEE
    { 0x1EEF, 46 }, // U+1EEF
    { 0x1EF0, 27 }, // U+1EF0
    { 0x1EF1, 46 }, // U+1EF1
    { 0x1EF2, 30 }, // U+1EF2
    { 0x1EF3, 49 }, // U+1EF3
    { 0x1EF4, 30 }, // U+1EF4
    { 0x1EF5, 47 }, // U+1EF5
    { 0x1EF6, 30 }, // U+1EF6
    { 0x1EF7, 49 }, // U+1EF7
    { 0x1EF8, 30 }, // U+1EF8
    { 0x1EF9, 49 }, // U+1EF9
    { 0x2010, 6 }, // U+2010
    { 0x2011, 6 }, // U+2011
    { 0x2013, 6 }, // U+2013
    { 0x2014, 6 }, // U+2014
    { 0x2015, 6 }, // U+2015
    { 0x2018, 169 }, // U+2018
    { 0x2019, 170 }, // U+2019
    { 0x201A, 7 }, // U+201A
    { 0x201B, 169 }, // U+201B
    { 0x201C, 169 }, // U+201C
    { 0x201D, 170 }, // U+201D
    { 0x201E, 7 }, // U+201E
    { 0x201F, 169 }, // U+201F
    { 0x2025, 7 }, // U+2025
    { 0x2026, 7 }, // U+2026
    { 0x2039, 52 }, // U+2039
    { 0x203A, 54 }, // U+203A
    { 0x2047, 19 }, // U+2047
    { 0x2048, 19 }, // U+2048
    { 0x2212, 4 }, // U+2212
    { 0x2217, 4 }, // U+2217
    { 0x2248, 4 }, // U+2248
    { 0x2260, 4 }, // U+2260
    { 0xFB00, 37 }, // U+FB00
    { 0xFB01, 37 }, // U+FB01
    { 0xFB02, 37 }, // U+FB02
    { 0xFB03, 37 }, // U+FB03
    { 0xFB04, 37 }, // U+FB04
    { 0xFB05, 37 }, // U+FB05
    { 0xFB06, 44 }, // U+FB06
};

static const int8_t bookerly_l_boldKernMatrix[] = {
       0,    0,    0,    0,    0,    0,    0,    0,    0,    0,    0,  -40,    0,  -20,    0,    0,    0,    0,    0,  -33,    0,    0,    0,    0,    0,    0,    0,    0,    0,    0,    0,    0,    0,    0,    0,    0,    0,  -27,    0,    0,    0,    0,    0,    0,   27,    0,    0,    0,    0,    0,    0,    0,    0,    0,    0,    0,    0,    0,    0,    0,    0,    0,    0,    0,    0,    0,    0,    0,    0,    0,    0,    0,  -27,    0,    0,    0,    0,    0,    0,    0,    0,  -27,    0,    0,    0,    0,    0,    0,  -33,    0,    0,    0,    0,    0,    0,    0,    0,    0,    0,    0,    0,    0,    0,    0,    0,    0,    0,    0,    0,    0,    0,    0,    0,    0,    0,    0,    0,    0,    0,    0,    0,    0,    0,    0,    0,    0,  -33,    0,    0,    0,    0,    0,    0,    0,    0,    0,    0,    0,    0,    0,    0,    0,    0,    0,    0,    0,    0,    0,    0,    0,    0,    0,    0,    0,    0,    0,    0,    0,    0,    0,    0,    0,    0,    0,    0,    0,    0,    0,    0,    0,
       0,    0,    0,    0,    0,    0,    0,    0,    0,    0,    0,    0,    0,    0,    0,    0,    0,    0,    0,    0,    0,  -20,   40,    0,    0,    0,    0,    0,    0,    0,    0,    0,    0,  -13,    0,  -13,    0,    0,    0,    0,   34,    0,    0,    0,    0,    0,   20,    0,   20,    0,    0,    0,    0,    0,    0,    0,  -20,    0,  -13,  -13,  -13,    0,   20,   20,  -13,  -13,    0,  -13,  -13,  -13,  -13,  -13,    0,    0,   34,    0,    0,    0,    0,    0,    0,    0,    0,    0,    0,    0,    0,    0,    0,    0,    0,    0,  -20,    0,    0,    0,    0,    0,    0,    0,    0,  -13,    0,    0,    0,    0,    0,   20,  -13,    0,    0,    0,    0,    0,    0,    0,    0,    0,    0,    0,    0,  -20,    0,   40,    0,    0,    0,    0,    0,    0,    0,    0,    0,    0,    0,    0,  -13,    0,    0,    0,  -13,    0,    0,    0,    0,    0,   20,    0,    0,    0,    0,    0,    0,    0,   20,   34,   20,    0,    0,    0,    0,    0,    0,    0,    0,    0,    0,   20,    0,    0,
       0,    0,    0,    0,    0,    0,    0,    0,    0,    0,    0,    0,    0,    0,    0,    0,    0,    0,    0,  -53,    0,    0,    0,    0,    0,    0,    0,   13,   20,   13,    0,    0,    0,    0,    0,  -13,    0,  -20,    0,    0,    0,    0,    0,    0,    0,    0,    0,    0,    0,    0,    0,    0,    0,    0,    0,  -90,    0,    0,    0,    0,  -13,    0,    0,    0,  -13,  -13,    0,    0,    0,  -13,  -13,  -13,  -20,    0,    0,    0,    0,    0,    0,    0,    0,  -20,    0,    0,    0,    0,    0,    0,  -53,    0,  -27,    0,    0,    0,    0,    0,    0,    0,   20,    0,    0,  -13,    0,    0,    0,    0,    0,    0,  -13,    0,    0,    0,    0,    0,    0,    0,    0,    0,    0,    0,    0,    0,    0,    0,  -47,    0,  -53,    0,    0,    0,    0,    0,   20,    0,    0,    0,    0,    0,    0,    0,  -13,    0,    0,    0,    0,    0,    0,    0,    0,    0,    0,    0,    0,    0,    0,    0,    0,   13,    0,    0,   13,    0,    0,  -90,    0,    0,    0,    0,    0,    0,
       0,    0,    0,    0,    0,    0,    0,    0,    0,  -20,  -13,  -20,    0,    0,  -13,    0,    0,    0,    0,    0,    0,    0,    0,    0,    0,    0,    0,    0,    0,    0,    0,    0,    0,    0,    0,    0,    0,    0,    0,    0,    0,    0,    0,    0,    0,    0,    0,    0,    0,    0,    0,    0,    0,    0,    0,    0,    0,    0,    0,    0,    0,    0,    0,    0,    0,    0,    0,    0,    0,    0,    0,    0,    0,    0,    0,    0,    0,    0,    0,    0,    0,    0,    0,    0,    0,    0,    0,    0,    0,    0,    0,    0,    0,    0,    0,    0,    0,    0,    0,    0,    0,    0,    0,    0,    0,    0,    0,    0,    0,    0,    0,    0,    0,    0,    0,    0,    0,    0,    0,    0,    0,    0,    0,    0,    0,    0,    0,    0,    0,    0,    0,    0,    0,    0,    0,    0,    0,    0,    0,    0,    0,    0,    0,    0,    0,    0,    0,    0,    0,    0,    0,    0,    0,    0,    0,    0,    0,    0,    0,    0,    0,    0,    0,    0,    0,    0,    0,    0,    0,    0,
       0,    0,    0,    0,    0,    0,    0,    0,  -13,    0,    0,  -13,    0,  -13,  -33,    0,    0,    0,    0,   20,    0,  -27,   20,    0,    0,  -53,  -27,  -87,    0,  -60,    0,    0,    0,    0,    0,  -10,    0,    0,    0,    0,    0,   -7,  -10,    0,  -19,  -26,  -60,    0,  -60,    0,    0,    0,    0,    0,    0,    0,  -27,    0,    0,    0,  -10,    0,    0,    0,  -10,  -10,    0,    0,    0,  -10,  -10,  -10,    0,    0,  -13,    0,   -7,    0,    0,    0,    0,    0,    0,    0,    0,    0,    0,    0,   20,    0,    0,    0,  -27,    0,    0,  -53,  -60,  -13,    0,  -33,    0,  -10,    0,   -7,   -7,  -20,    0,  -47,  -10,    0,  -20,   13,    0,  -20,    0,  -20,   -7,   -7,  -20,    0,  -53,  -27,    0,   20,    0,  -27,   20,    0,    0,    0,    0,  -13,    0,  -67,    0,    0,    0,    0,    0,    0,  -10,    0,    0,    0,  -10,  -33,  -47,   13,  -47,    0,    0,    0,    0,    0,    0,    0,  -47,  -87,    0,    0,  -60,  -47,  -27,    0,    0,    0,    0,  -47,  -53,  -27,
       0,    0,    0,    0,    0,    0,    0,    0,    0,    0,    0,    0,    0,    0,    0,    0,    0,    0,    0,  -20,    0,    0,  -13,    0,    0,  -13,    0,  -33,  -13,  -33,    0,    0,    0,    0,    0,    0,    0,    0,    0,    0,    0,    0,    0,    0,    0,    0,  -10,    0,  -10,    0,    0,    0,    0,    0,    0,  -20,    0,    0,    0,    0,    0,    0,    0,    0,    0,    0,    0,    0,    0,    0,    0,    0,    0,    0,    0,    0,    0,    0,    0,    0,    0,    0,    0,    0,  -20,    0,    0,    0,  -20,    0,   -7,    0,    0,    0,    0,  -13,  -40,   13,  -13,    0,    0,    0,    0,    0,    0,    0,    0,  -10,    0,    0,    0,    0,    0,    0,    0,    0,    0,    0,    0,    0,  -13,    0,    0,  -13,    0,    0,  -20,  -13,  -13,    0,    0,   13,  -13,  -13,    0,    0,    0,    0,    0,    0,    0,    0,    0,    0,    0,    0,  -10,    0,    0,    0,    0,    0,    0,    0,    0,    0,  -10,  -33,    0,    0,  -33,    0,    0,  -20,    0,    0,    0,  -10,    0,    0,
       0,    0,    0,    0,    0,    0,    0,    0,  -27,    0,    0,  -60,  -17,  -40,    0,  -20,    0,    0,    0,  -67,    0,  -27,    0,    0,  -20,    0,    0,    0,    0,    0,  -13,    0,    0,  -67,    0,  -60,  -27,  -60,    0,    0,    0,  -33,  -33,  -60,    0,  -20,  -13,  -27,  -13,  -27,    0,    0,    0,    0,    0,  -93,  -27,    0,  -67,  -67,  -60,    0,   13,   13,  -60,  -60,    0,  -67,  -67,  -60,  -60,  -60,  -60,    0,    0,    0,  -33,  -60,  -60,  -27,    0,  -60,    0,  -20,    0,  -47,    0,    0,  -67,    0,  -53,  -13,  -27,    0,    0,    0,    0,  -27,    0,    0,  -30,  -60,  -27,  -33,  -40,    0,  -13,  -13,  -80,    0,    0,    0,    0,  -20,  -47,  -20,    0,  -43,    0,    0,    0,  -27,  -20,    0,  -27,    0,  -67,  -27,    0,    0,    0,  -27,    0,    0,    0,    0,  -67,    0,  -13,  -70,  -60,  -33,  -20,  -43,  -33,  -20,  -13,  -27,    0,  -20,  -60,    0,  -60,    0,   13,    0,  -13,    0,    0,    0,    0,    0,  -13,  -93,    0,    0,  -20,  -13,    0,    0,
       0,    0,    0,    0,  -13,    0,  -13,    0,    0,    0,    0,    0,    0,    0,    0,    0,    0,    0,    0,    0,    0,    0,    0,    0,    0,    0,    0,    0,    0,    0,    0,    0,    0,    0,    0,    0,    0,    0,    0,    0,    0,    0,    0,    0,    0,    0,    0,    0,    0,    0,    0,    0,  -20,    0,    0,    0,    0,    0,    0,    0,    0,    0,    0,    0,    0,    0,    0,    0,    0,    0,    0,    0,    0,    0,    0,    0,    0,    0,    0,    0,    0,    0,    0,    0,    0,    0,    0,    0,    0,    0,    0,    0,    0,    0,    0,    0,    0,    0,    0,    0,    0,    0,    0,    0,    0,    0,    0,    0,    0,    0,    0,    0,    0,    0,    0,    0,    0,    0,    0,    0,    0,    0,    0,    0,    0,    0,    0,    0,    0,    0,    0,    0,    0,    0,    0,    0,    0,    0,    0,    0,    0,    0,    0,    0,    0,    0,    0,    0,    0,    0,    0,    0,    0,    0,    0,    0,    0,    0,    0,    0,    0,    0,    0,    0,    0,    0,    0,    0,    0,    0,
       0,    0,    0,  -20,    0,    0,    0,    0,    0,    0,    0,  -20,    0,    0,  -20,    0,    0,    0,    0,    0,    0,    0,    0,    0,    0,    0,    0,    0,    0,    0,    0,    0,    0,    0,    0,    0,    0,    0,    0,    0,    0,    0,    0,    0,    0,    0,    0,    0,    0,    0,    0,    0,  -53,    0,    0,    0,    0,    0,    0,    0,    0,    0,    0,    0,    0,    0,    0,    0,    0,    0,    0,    0,    0,    0,    0,    0,    0,    0,    0,    0,    0,    0,    0,    0,    0,    0,    0,    0,    0,    0,    0,    0,    0,    0,    0,    0,    0,    0,    0,    0,    0,    0,    0,    0,    0,    0,    0,    0,    0,    0,    0,    0,    0,    0,    0,    0,    0,    0,    0,    0,    0,    0,    0,    0,    0,    0,    0,    0,    0,    0,    0,    0,    0,    0,    0,    0,    0,    0,    0,    0,    0,    0,    0,    0,    0,    0,    0,    0,    0,    0,    0,    0,    0,    0,    0,    0,    0,    0,    0,    0,    0,    0,    0,    0,    0,    0,    0,    0,  -20,    0,
       0,    0,    0,    0,    0,    0,    0,    0,    0,    0,    0,    0,    0,    0,    0,    0,    0,    0,    0,    0,    0,    0,    0,    0,    0,    0,    0,    0,    0,    0,    0,    0,    0,    0,    0,    0,    0,    0,    0,    0,    0,    0,    0,    0,    0,    0,    0,    0,    0,    0,    0,    0,  -20,    0,    0,    0,    0,    0,    0,    0,    0,    0,    0,    0,    0,    0,    0,    0,    0,    0,    0,    0,    0,    0,    0,    0,    0,    0,    0,    0,    0,    0,    0,    0,    0,    0,    0,    0,    0,    0,    0,    0,    0,    0,    0,    0,    0,    0,    0,    0,    0,    0,    0,    0,    0,    0,    0,    0,    0,    0,    0,    0,    0,    0,    0,    0,    0,    0,    0,    0,    0,    0,    0,    0,    0,    0,    0,    0,    0,    0,    0,    0,    0,    0,    0,    0,    0,    0,    0,    0,    0,    0,    0,    0,    0,    0,    0,    0,    0,    0,    0,    0,    0,    0,    0,    0,    0,    0,    0,    0,    0,    0,    0,    0,    0,    0,    0,    0,    0,    0,
       0,    0,    0,    0,    0,    0,    0,    0,    0,    0,    0,    0,    0,    0,  -13,    0,    0,    0,    0,    0,    0,    0,    0,    0,    0,    0,    0,    0,    0,    0,    0,  -20,    0,    0,    0,    0,    0,    0,    0,    0,    0,    0,    0,    0,    0,    0,    0,    0,    0,    0,    0,    0,  -53,    0,    0,    0,    0,    0,    0,    0,    0,    0,    0,    0,    0,    0,    0,    0,    0,    0,    0,    0,    0,    0,    0,    0,    0,    0,    0,    0,    0,    0,    0,    0,    0,    0,    0,    0,    0,    0,    0,    0,    0,    0,    0,    0,    0,    0,    0,    0,    0,    0,    0,    0,    0,    0,    0,    0,    0,    0,    0,    0,    0,    0,    0,    0,    0,    0,    0,    0,    0,    0,    0,    0,    0,    0,    0,    0,    0,    0,    0,    0,    0,    0,    0,    0,    0,    0,    0,    0,    0,    0,    0,    0,    0,    0,    0,    0,    0,    0,    0,    0,    0,    0,    0,    0,    0,    0,    0,    0,    0,    0,    0,    0,    0,    0,    0,    0,  -13,    0,
       0,    0,    0,    0,  -20,    0,  -20,    0,    0,    0,    0,    0,    0,    0,    0,    0,    0,    0,    0,    0,    0,    0,    0,    0,    0,    0,    0,    0,    0,    0,    0,    0,    0,    0,    0,    0,    0,    0,    0,    0,    0,    0,    0,    0,    0,    0,    0,    0,    0,    0,    0,    0,  -13,    0,    0,    0,    0,    0,    0,    0,    0,    0,    0,    0,    0,    0,    0,    0,    0,    0,    0,    0,    0,    0,    0,    0,    0,    0,    0,    0,    0,    0,    0,    0,    0,    0,    0,    0,    0,    0,    0,    0,    0,    0,    0,    0,    0,    0,    0,    0,    0,    0,    0,    0,    0,    0,    0,    0,    0,    0,    0,    0,    0,    0,    0,    0,    0,    0,    0,    0,    0,    0,    0,    0,    0,    0,    0,    0,    0,    0,    0,    0,    0,    0,    0,    0,    0,    0,    0,    0,    0,    0,    0,    0,    0,    0,    0,    0,    0,    0,    0,    0,    0,    0,    0,    0,    0,    0,    0,    0,    0,    0,    0,    0,    0,    0,    0,    0,    0,    0,
       0,    0,    0,    0,    0,    0,    0,    0,    0,    0,    0,    0,    0,    0,    0,    0,    0,    0,    0,    0,    0,    0,    0,    0,    0,    0,    0,    0,    0,    0,    0,    0,    0,    0,    0,    0,    0,    0,    0,    0,    0,    0,    0,    0,    0,    0,    0,    0,    0,    0,    0,    0,  -27,    0,    0,    0,    0,    0,    0,    0,    0,    0,    0,    0,    0,    0,    0,    0,    0,    0,    0,    0,    0,    0,    0,    0,    0,    0,    0,    0,    0,    0,    0,    0,    0,    0,    0,    0,    0,    0,    0,    0,    0,    0,    0,    0,    0,    0,    0,    0,    0,    0,    0,    0,    0,    0,    0,    0,    0,    0,    0,    0,    0,    0,    0,    0,    0,    0,    0,    0,    0,    0,    0,    0,    0,    0,    0,    0,    0,    0,    0,    0,    0,    0,    0,    0,    0,    0,    0,    0,    0,    0,    0,    0,    0,    0,    0,    0,    0,    0,    0,    0,    0,    0,    0,    0,    0,    0,    0,    0,    0,    0,    0,    0,    0,    0,    0,    0,    0,    0,
       0,    0,    0,  -20,  -67,    0,  -67,  -60,   -7,    0,    0,  -47,    0,  -13,    0,    0,  -13,  -13,    0,    0,    0,    0,    0,    0,    0,    0,    0,    0,    0,    0,    0,    0,    0,    0,    0,    0,    0,    0,    0,    0,    0,    0,    0,    0,    0,    0,    0,    0,    0,    0,    0,    0,    0,    0,    0,    0,    0,    0,    0,    0,    0,    0,    0,    0,    0,    0,    0,    0,    0,    0,    0,    0,    0,    0,    0,    0,    0,    0,    0,    0,    0,    0,    0,    0,    0,    0,  -13,    0,    0,    0,    0,    0,    0,    0,    0,    0,    0,    0,    0,    0,    0,    0,    0,    0,    0,    0,    0,    0,    0,    0,    0,    0,    0,    0,    0,    0,    0,    0,    0,    0,    0,    0,    0,    0,    0,    0,    0,    0,    0,    0,    0,    0,    0,    0,    0,    0,    0,    0,    0,    0,    0,    0,    0,    0,    0,    0,    0,    0,    0,    0,    0,    0,    0,    0,    0,    0,    0,    0,    0,    0,    0,    0,    0,    0,    0,    0,    0,    0,    0,    0,
       0,    0,    0,    0,    0,    0,    0,    0,    0,    0,    0,  -13,    0,    0,   -7,    0,    0,    0,    0,    0,    0,    0,    0,    0,    0,    0,    0,    0,    0,    0,    0,    0,    0,    0,    0,    0,    0,    0,    0,    0,    0,    0,    0,    0,    0,    0,    0,    0,    0,    0,    0,    0,  -20,    0,    0,    0,    0,    0,    0,    0,    0,    0,    0,    0,    0,    0,    0,    0,    0,    0,    0,    0,    0,    0,    0,    0,    0,    0,    0,    0,    0,    0,    0,    0,    0,    0,    0,    0,    0,    0,    0,    0,    0,    0,    0,    0,    0,    0,    0,    0,    0,    0,    0,    0,    0,    0,    0,    0,    0,    0,    0,    0,    0,    0,    0,    0,    0,    0,    0,    0,    0,    0,    0,    0,    0,    0,    0,    0,    0,    0,    0,    0,    0,    0,    0,    0,    0,    0,    0,    0,    0,    0,    0,    0,    0,    0,    0,    0,    0,    0,    0,    0,    0,    0,    0,    0,    0,    0,    0,    0,    0,    0,    0,    0,    0,    0,    0,    0,    0,    0,
       0,    0,    0,    0,  -33,    0,  -33,  -33,    0,    0,   -7,  -13,  -20,    0,  -13,    0,    0,    0,    0,    0,    0,    0,    0,    0,    0,    0,    0,    0,    0,    0,    0,    0,    0,    0,    0,    0,    0,    0,    0,    0,    0,    0,    0,    0,    0,    0,    0,    0,    0,    0,    0,    0,  -13,    0,    0,    0,    0,    0,    0,    0,    0,    0,    0,    0,    0,    0,    0,    0,    0,    0,    0,    0,    0,    0,    0,    0,    0,    0,    0,    0,    0,    0,    0,    0,    0,    0,    0,    0,    0,    0,    0,    0,    0,    0,    0,    0,    0,    0,    0,    0,    0,    0,    0,    0,    0,    0,    0,    0,    0,    0,    0,    0,    0,    0,    0,    0,    0,    0,    0,    0,    0,    0,    0,    0,    0,    0,    0,    0,    0,    0,    0,    0,    0,    0,    0,    0,    0,    0,    0,    0,    0,    0,    0,    0,    0,    0,    0,    0,    0,    0,    0,    0,    0,    0,    0,    0,    0,    0,    0,    0,    0,    0,    0,    0,    0,    0,    0,    0,    0,    0,
       0,    0,    0,    0,    0,    0,    0,    0,    0,    0,    0,    0,    0,    0,    0,    0,    0,    0,    0,    0,    0,    0,    0,    0,    0,    0,    0,  -10,    0,  -10,    0,    0,    0,    0,    0,    0,    0,    0,    0,    0,    0,    0,    0,    0,    0,    0,    0,    0,    0,    0,    0,    0,    0,    0,    0,    0,    0,    0,    0,    0,    0,    0,    0,    0,    0,    0,    0,    0,    0,    0,    0,    0,    0,    0,    0,    0,    0,    0,    0,    0,    0,    0,    0,    0,    0,    0,    0,    0,    0,    0,    0,    0,    0,    0,    0,    0,    0,    0,    0,    0,    0,    0,    0,    0,    0,    0,    0,    0,    0,    0,    0,    0,    0,    0,    0,    0,    0,    0,    0,    0,    0,    0,    0,    0,    0,    0,    0,    0,    0,    0,    0,    0,    0,    0,    0,    0,    0,    0,    0,    0,    0,    0,    0,    0,    0,    0,    0,    0,    0,    0,    0,    0,    0,    0,    0,    0,    0,  -10,    0,    0,  -10,    0,    0,    0,    0,    0,    0,    0,    0,    0,
       0,    0,    0,    0,    0,    0,    0,    0,    0,    0,    0,    0,    0,    0,    0,    0,    0,    0,    0,    0,    0,    0,    0,    0,    0,    0,    0,    0,    0,  -13,    0,    0,    0,    0,    0,    0,    0,    0,    0,    0,    0,    0,    0,    0,    0,    0,    0,    0,    0,    0,    0,    0,    0,    0,    0,    0,    0,    0,    0,    0,    0,    0,    0,    0,    0,    0,    0,    0,    0,    0,    0,    0,    0,    0,    0,    0,    0,    0,    0,    0,    0,    0,    0,    0,    0,    0,    0,    0,    0,    0,    0,    0,    0,    0,    0,    0,    0,    0,    0,    0,    0,    0,    0,    0,    0,    0,    0,    0,    0,    0,    0,    0,    0,    0,    0,    0,    0,    0,    0,    0,    0,    0,    0,    0,    0,    0,    0,    0,    0,    0,    0,    0,    0,    0,    0,    0,    0,    0,    0,    0,    0,    0,    0,    0,    0,    0,    0,    0,    0,    0,    0,    0,    0,    0,    0,    0,    0,    0,    0,    0,  -13,    0,    0,    0,    0,    0,    0,    0,    0,    0,
     -33,    0,  -60,    0,    0,  -20,    0,   13,    0,    0,    0,    0,    0,    0,    0,    0,    0,    0,  -37,   17,    0,  -10,    0,    0,    0,  -70,  -40,  -77,    7,  -69,    7,  -67,    0,    0,  -10,    0,    0,    0,    0,    0,    0,    0,    0,    0,  -10,  -13,  -57,   13,  -57,    0,    0,  -20,    0,    0,    0,   20,    0,    0,    0,    0,    0,    0,    0,    0,    0,    0,    0,    0,    0,    0,    0,    0,    0,    0,    0,    0,    0,    0,    0,    0,    0,    0,    0,    0,    0,    0,    0,    0,    0,    0,    0,    0,    0,    0,    0,    0,    0,    0,    0,    0,    0,    0,    0,    0,    0,    0,    0,    0,    0,    0,    0,    0,    0,    0,    0,    0,    0,    0,    0,    0,    0,    0,    0,    0,    0,    0,    0,    0,    0,    0,    0,    0,    0,    0,    0,    0,    0,    0,    0,    0,    0,    0,    0,    0,    0,    0,    0,    0,    0,    0,    0,    0,    0,    0,    0,    0,    0,    0,    0,    0,    0,    0,    0,    0,    0,    0,    0,    0,  -73,  -53,
       0,    0,    0,    0,  -13,    0,  -13,    0,    0,    0,    0,    0,    0,    0,    0,    0,    0,    0,    0,  -20,    0,    0,    0,    0,    0,  -10,    0,  -17,  -10,  -20,    0,  -27,    0,    0,    0,   10,    0,    0,    0,    0,    7,    0,    0,    0,    0,    0,    0,    0,    0,    0,    0,    0,    0,    0,    0,  -17,    0,    0,    0,    0,   10,    0,    0,    0,   10,   10,    0,    0,    0,   10,   10,   10,    0,    0,    0,    0,    0,    0,    0,    0,    0,    0,    0,    0,  -13,    0,    0,    0,    0,    0,    0,    0,    0,    0,    0,    0,    0,    0,    0,    0,    0,    0,    0,    0,    0,    0,    0,    0,    0,    0,    0,    0,    0,    0,    0,    0,    0,    0,    0,    0,    0,    0,    0,    0,    0,    0,    0,    0,    0,    0,    0,    0,    0,    0,    0,    0,    0,    0,    0,    0,    0,    0,    0,    0,    0,    0,    0,    0,    0,    0,    0,    0,    0,    0,    0,    0,    0,    0,    0,    0,    0,    0,    0,    0,    0,    0,    0,    0,    0,    0,
       0,    0,    0,    0,    0,  -13,    0,    0,    0,    0,    0,    0,    0,    0,    0,    0,    0,    0,    0,    0,    0,  -16,    0,    0,    0,    0,    0,    0,    0,    0,    0,    0,    0,  -10,    0,  -10,    0,  -10,    0,    0,    0,    0,    0,  -10,    0,   -9,   -9,    0,   -9,    0,    0,    0,    0,    0,    0,    0,  -16,    0,  -10,  -10,  -10,    0,    0,    0,  -10,  -10,    0,  -10,  -10,  -10,  -10,  -10,  -10,    0,    0,    0,    0,  -10,  -10,    0,    0,  -10,    0,    0,    0,    0,    0,    0,    0,    0,    0,    0,    0,    0,    0,    0,    0,    0,    0,    0,    0,    0,    0,    0,    0,    0,    0,    0,    0,    0,    0,    0,    0,    0,    0,    0,    0,    0,    0,    0,    0,    0,    0,    0,    0,    0,    0,    0,    0,    0,    0,    0,    0,    0,    0,    0,    0,    0,    0,    0,    0,    0,    0,    0,    0,    0,    0,    0,    0,    0,    0,    0,    0,    0,    0,    0,    0,    0,    0,    0,    0,    0,    0,    0,    0,    0,    0,    0,    0,    0,
       0,  -20,    0,    0,  -33,    0,  -33,  -27,    0,    0,    0,    0,    0,    0,    0,    0,    0,    0,    0,  -19,  -10,    0,  -13,   -7,    0,    0,  -10,  -13,  -23,  -17,   -9,  -20,    0,    0,    0,    0,    0,   -7,    0,    0,    0,    0,    0,    0,   20,    0,    0,    0,    0,    0,    0,    0,    0,    0,    0,  -47,    0,  -13,    0,    0,    0,    0,    0,    0,    0,    0,    0,    0,    0,    0,    0,    0,   -7,    0,    0,    0,    0,    0,    0,    0,    0,   -7,    0,    0,    0,    0,    0,    0,    0,    0,    0,    0,    0,    0,    0,    0,    0,    0,    0,    0,    0,    0,    0,    0,    0,    0,    0,    0,    0,    0,    0,    0,    0,    0,    0,    0,    0,    0,    0,    0,    0,    0,    0,    0,    0,    0,    0,    0,    0,    0,    0,    0,    0,    0,    0,    0,    0,    0,    0,    0,    0,    0,    0,    0,    0,    0,    0,    0,    0,    0,    0,    0,    0,    0,    0,    0,    0,    0,    0,    0,    0,    0,    0,    0,    0,    0,    0,    0,    0,    0,
       0,    0,    0,    0,    0,    0,    0,    0,    0,    0,    0,    0,    0,    0,    0,    0,    0,    0,    0,    0,    0,    0,    0,    0,    0,    0,    0,    0,    0,    0,    0,    0,    0,    0,    0,    0,    0,    0,    0,    0,    0,    0,    0,    0,    0,    0,    0,    0,    0,    0,    0,    0,    0,    0,    0,    0,    0,    0,    0,    0,    0,    0,    0,    0,    0,    0,    0,    0,    0,    0,    0,    0,    0,    0,    0,    0,    0,    0,    0,    0,    0,    0,    0,    0,    0,    0,    0,    0,    0,    0,    0,    0,    0,    0,    0,    0,    0,    0,    0,    0,    0,    0,    0,    0,    0,    0,    0,    0,    0,    0,    0,    0,    0,    0,    0,    0,    0,    0,    0,    0,    0,    0,    0,    0,    0,    0,    0,    0,    0,    0,    0,    0,    0,    0,    0,    0,    0,    0,    0,    0,    0,    0,    0,    0,    0,    0,    0,    0,    0,    0,    0,    0,    0,    0,    0,    0,    0,    0,    0,    0,    0,    0,    0,    0,    0,    0,    0,    0,    0,   13,
       0,    0,   27,    0,  -47,    0,  -47,  -57,    0,    0,    0,    0,    0,    0,    0,    0,    0,    0,    0,  -58,    0,    0,    0,  -13,    0,    0,    0,    0,    0,    0,    0,    0,    0,  -20,    7,  -13,    0,  -27,    7,    0,    0,    0,    0,  -20,    0,    0,    0,    0,    0,  -13,    0,    0,    0,    0,    0,  -77,    0,    0,  -20,  -20,  -13,    0,   27,   27,  -13,  -13,    7,  -20,  -20,  -13,  -13,  -13,  -27,    7,   27,    7,    0,  -20,  -20,  -13,    0,  -27,    0,    0,    0,    0,    0,    0,    0,    0,    0,    0,    0,    0,    0,    0,    0,    0,    0,    0,    0,    0,    0,    0,    0,    0,    0,    0,    0,    0,    0,    0,    0,    0,    0,    0,    0,    0,    0,    0,    0,    0,    0,    0,    0,    0,    0,    0,    0,    0,    0,    0,    0,    0,    0,    0,    0,    0,    0,    0,    0,    0,    0,    0,    0,    0,    0,    0,    0,    0,    0,    0,    0,    0,    0,    0,    0,    0,    0,    0,    0,    0,    0,    0,    0,    0,    0,    0,   13,   13,
       0,    0,    0,    0,    0,    0,    0,    0,    0,    0,    0,    0,    0,    0,    0,    0,    0,    0,    0,    0,    0,    0,    0,    0,    0,  -13,    0,  -13,    0,  -13,    0,    0,    0,    0,    0,    0,    0,   -9,    0,    0,    0,    0,    0,    0,    0,    0,   -7,    0,   -7,    0,    0,    0,    0,    0,    0,  -13,    0,    0,    0,    0,    0,    0,    0,    0,    0,    0,    0,    0,    0,    0,    0,    0,   -9,    0,    0,    0,    0,    0,    0,    0,    0,   -9,    0,    0,    0,    0,    0,    0,    0,    0,    0,    0,    0,    0,    0,    0,    0,    0,    0,    0,    0,    0,    0,    0,    0,    0,    0,    0,    0,    0,    0,    0,    0,    0,    0,    0,    0,    0,    0,    0,    0,    0,    0,    0,    0,    0,    0,    0,    0,    0,    0,    0,    0,    0,    0,    0,    0,    0,    0,    0,    0,    0,    0,    0,    0,    0,    0,    0,    0,    0,    0,    0,    0,    0,    0,    0,    0,    0,    0,    0,    0,    0,    0,    0,    0,    0,    0,    0,    0,    0,
       0,    0,    0,    0,    0,    0,    0,    0,    0,    0,    0,    0,    0,    0,    0,    0,    0,    0,    0,    0,    0,  -10,    0,    0,    0,    0,    0,    0,    0,    0,    0,    0,    0,    0,    0,  -10,    0,    0,    0,    0,    0,    0,    0,    0,    0,   -8,   -7,    0,   -7,    0,    0,  -13,    0,    0,    0,    0,  -10,    0,    0,    0,  -10,    0,   13,   13,  -10,  -10,    0,    0,    0,  -10,  -10,  -10,    0,    0,    0,    0,    0,    0,    0,    0,    0,    0,    0,    0,    0,    0,    0,    0,    0,    0,    0,    0,    0,    0,    0,    0,    0,    0,    0,    0,    0,    0,    0,    0,    0,    0,    0,    0,    0,    0,    0,    0,    0,    0,    0,    0,    0,    0,    0,    0,    0,    0,    0,    0,    0,    0,    0,    0,    0,    0,    0,    0,    0,    0,    0,    0,    0,    0,    0,    0,    0,    0,    0,    0,    0,    0,    0,    0,    0,    0,    0,    0,    0,    0,    0,    0,    0,    0,    0,    0,    0,    0,    0,    0,    0,    0,    0,    0,    0,    0,
       0,    0,    0,    0,  -27,  -13,  -27,  -26,    0,    0,    0,    0,    0,    0,    0,    0,  -19,  -19,    0,  -27,    0,  -10,    0,    0,    0,    0,    0,    0,    0,    0,    0,    0,    0,  -20,    7,  -13,    0,  -13,    7,    0,   10,    0,    0,  -11,    0,   -7,  -10,  -13,  -10,  -10,    0,    0,    0,    0,    0,  -33,  -10,    0,  -20,  -20,  -13,    0,   20,   20,  -13,  -13,    7,  -20,  -20,  -13,  -13,  -13,  -13,    7,    0,    7,    0,  -11,  -11,  -10,    0,  -13,    0,    0,    0,    0,  -19,    0,    0,    0,    0,    0,    0,    0,    0,    0,    0,    0,    0,    0,    0,    0,    0,    0,    0,    0,    0,    0,    0,    0,    0,    0,    0,    0,    0,    0,    0,    0,    0,    0,    0,    0,    0,    0,    0,    0,    0,    0,    0,    0,    0,    0,    0,    0,    0,    0,    0,    0,    0,    0,    0,    0,    0,    0,    0,    0,    0,    0,    0,    0,    0,    0,    0,    0,    0,    0,    0,    0,    0,    0,    0,    0,    0,    0,    0,    0,    0,    0,    0,    0,
       0,    0,    0,    0,    0,  -20,    0,    0,    0,    0,    0,    0,    0,    0,    0,    0,    0,    0,    0,   12,    0,  -27,    0,   13,    0,    0,    0,    0,    7,    0,    0,    0,    0,   -9,    7,  -15,    0,    0,    7,    0,    0,    0,   -7,   -8,  -20,  -23,  -40,    7,  -40,    0,    0,    0,    0,    0,    0,    7,  -27,    0,   -9,   -9,  -15,    0,   20,   20,  -15,  -15,    7,   -9,   -9,  -15,  -15,  -15,    0,    7,   20,    7,    0,   -8,   -8,    0,    0,    0,    0,    0,    0,  -13,    0,    0,    0,    0,    0,    0,    0,    0,    0,    0,    0,    0,    0,    0,    0,    0,    0,    0,    0,    0,    0,    0,    0,    0,    0,    0,    0,    0,    0,    0,    0,    0,    0,    0,    0,    0,    0,    0,    0,    0,    0,    0,    0,    0,    0,    0,    0,    0,    0,    0,    0,    0,    0,    0,    0,    0,    0,    0,    0,    0,    0,    0,    0,    0,    0,    0,    0,    0,    0,    0,    0,    0,    0,    0,    0,    0,    0,    0,    0,    0,    0,    0,    0,    0,
       0,    0,  -27,    0,    0,    0,    0,    0,    0,    0,    0,    0,    0,    0,    0,    0,    0,    0,    0,   20,    0,    0,    0,    0,    0,  -37,  -17,  -53,   13,  -53,    0,  -73,    0,    0,    0,    0,    0,    0,    0,    0,    0,    0,    0,    0,    0,    0,  -33,    0,  -33,    0,    0,    0,    0,    0,    0,    0,    0,    0,    0,    0,    0,    0,    0,    0,    0,    0,    0,    0,    0,    0,    0,    0,    0,    0,    0,    0,    0,    0,    0,    0,    0,    0,    0,    0,    0,    0,    0,    0,    0,    0,    0,    0,    0,    0,    0,    0,    0,    0,    0,    0,    0,    0,    0,    0,    0,    0,    0,    0,    0,    0,    0,    0,    0,    0,    0,    0,    0,    0,    0,    0,    0,    0,    0,    0,    0,    0,    0,    0,    0,    0,    0,    0,    0,    0,    0,    0,    0,    0,    0,    0,    0,    0,    0,    0,    0,    0,    0,    0,    0,    0,    0,    0,    0,    0,    0,    0,    0,    0,    0,    0,    0,    0,    0,    0,    0,    0,    0,    0,  -33,  -20,
       0,    0,    0,    0,    0,    0,    0,    0,    0,    0,    0,    0,    0,    0,    0,    0,    0,    0,    0,    0,    0,   -7,    0,    0,    0,  -17,  -10,  -20,   20,  -13,    0,    0,    0,    0,    0,    0,    0,    0,    0,    0,    0,    0,    0,    0,    0,   -7,  -10,    0,  -10,    0,    0,    0,    0,    0,    0,    0,   -7,    0,    0,    0,    0,    0,   13,   13,    0,    0,    0,    0,    0,    0,    0,    0,    0,    0,   13,    0,    0,    0,    0,    0,    0,    0,    0,    0,    0,    0,    0,    0,    0,    0,    0,    0,    0,    0,    0,    0,    0,    0,    0,    0,    0,    0,    0,    0,    0,    0,    0,    0,    0,    0,    0,    0,    0,    0,    0,    0,    0,    0,    0,    0,    0,    0,    0,    0,    0,    0,    0,    0,    0,    0,    0,    0,    0,    0,    0,    0,    0,    0,    0,    0,    0,    0,    0,    0,    0,    0,    0,    0,    0,    0,    0,    0,    0,    0,    0,    0,    0,    0,    0,    0,    0,    0,    0,    0,    0,    0,    0,    0,  -13,    0,
       0,    0,   27,    0,  -23,  -13,  -23,    0,    0,    0,    0,    0,    0,    0,    0,    0,    0,    0,    0,  -20,    0,  -10,    0,    0,    0,    0,    0,   13,    0,   10,    0,    0,    0,  -15,   13,  -10,    0,  -20,   13,    0,    0,    0,    0,  -17,    0,    0,  -10,   -7,  -10,   -7,    0,    0,    0,    0,    0,  -27,  -10,    0,  -15,  -15,  -10,    0,   40,   40,  -10,  -10,   13,  -15,  -15,  -10,  -10,  -10,  -20,   13,   40,   13,    0,  -17,  -17,   -7,    0,  -20,    0,    0,    0,  -20,    0,    0,    0,    0,    0,    0,    0,    0,    0,    0,    0,    0,    0,    0,    0,    0,    0,    0,    0,    0,    0,    0,    0,    0,    0,    0,    0,    0,    0,    0,    0,    0,    0,    0,    0,    0,    0,    0,    0,    0,    0,    0,    0,    0,    0,    0,    0,    0,    0,    0,    0,    0,    0,    0,    0,    0,    0,    0,    0,    0,    0,    0,    0,    0,    0,    0,    0,    0,    0,    0,    0,    0,    0,    0,    0,    0,    0,    0,    0,    0,    0,    0,    0,    0,
      13,    0,   38,    0,  -67,    0,  -67,  -65,    0,    0,    0,    0,    0,    0,    0,    0,    0,    0,    0,  -73,   -7,    0,    0,  -10,    0,    7,    0,    0,   -7,    0,    0,    0,    0,  -10,    0,  -10,    0,  -19,    0,    0,   20,    0,    0,  -12,   13,   13,   15,    0,   15,    0,    0,    0,    0,    0,    0,  -90,    0,    0,  -10,  -10,  -10,    0,   13,   13,  -10,  -10,    0,  -10,  -10,  -10,  -10,  -10,  -19,    0,   13,    0,    0,  -12,  -12,    0,    0,  -19,    0,    0,    0,    0,    0,    0,    0,    0,    0,    0,    0,    0,    0,    0,    0,    0,    0,    0,    0,    0,    0,    0,    0,    0,    0,    0,    0,    0,    0,    0,    0,    0,    0,    0,    0,    0,    0,    0,    0,    0,    0,    0,    0,    0,    0,    0,    0,    0,    0,    0,    0,    0,    0,    0,    0,    0,    0,    0,    0,    0,    0,    0,    0,    0,    0,    0,    0,    0,    0,    0,    0,    0,    0,    0,    0,    0,    0,    0,    0,    0,    0,    0,    0,    0,    0,    0,   13,   20,
       0,    7,    0,    0,  -13,    0,  -33,  -27,    0,    0,    0,    0,    0,    0,    0,    0,    0,   20,    0,  -19,  -10,    0,   47,   -7,    0,    0,  -10,  -13,  -23,  -17,   -9,  -20,   33,    0,    0,    0,    0,    3,    0,    0,   60,    0,    0,    0,   20,    0,    0,    0,   20,    0,   40,    0,    0,    0,    0,  -47,    0,  -13,    0,    0,    0,    0,    0,    0,    0,    0,    0,    0,    0,    0,    0,    0,    3,    0,   60,    0,    0,    0,    0,    0,    0,   27,    0,   13,    0,    0,    0,    0,    0,    0,    0,    0,    0,    0,    0,    0,    0,    0,    0,    0,    0,    0,    0,    0,    0,    0,    0,    0,    0,    0,    0,    0,    0,    0,    0,    0,    0,    0,    0,    0,    0,    0,    0,    0,    0,    0,    0,    0,    0,    0,    0,    0,    0,    0,    0,    0,    0,    0,    0,    0,    0,    0,    0,    0,    0,    0,    0,    0,    0,    0,    0,    0,    0,    0,    0,    0,    0,    0,    0,    0,    0,    0,    0,    0,    0,    0,    0,    0,    0,    0,
       0,    0,  -20,    0,    0,  -20,    0,    0,    0,    0,    0,    0,    0,    0,    0,    0,    0,    0,  -20,   20,    0,  -20,    0,   13,    0,  -40,  -27,  -43,   20,  -50,    0,    0,    0,    0,  -10,    0,    0,    0,    0,    0,    0,    0,    0,    0,  -13,  -13,  -20,   13,  -20,    0,    0,    0,    0,    0,    0,   20,  -20,    0,    0,    0,    0,    0,    0,    0,    0,    0,    0,    0,    0,    0,    0,    0,    0,    0,    0,    0,    0,    0,    0,    0,    0,    0,    0,    0,  -13,    0,    0,    0,    0,    0,    0,    0,    0,    0,    0,    0,    0,    0,    0,    0,    0,    0,    0,    0,    0,    0,    0,    0,    0,    0,    0,    0,    0,    0,    0,    0,    0,    0,    0,    0,    0,    0,    0,    0,    0,    0,    0,    0,    0,    0,    0,    0,    0,    0,    0,    0,    0,    0,    0,    0,    0,    0,    0,    0,    0,    0,    0,    0,    0,    0,    0,    0,    0,    0,    0,    0,    0,    0,    0,    0,    0,    0,    0,    0,    0,    0,    0,    0,  -40,  -27,
       0,    0,    0,    0,  -13,    0,  -13,  -13,    0,    0,    0,    0,    0,    0,    0,    0,    0,    0,    0,  -17,    0,    0,    0,    0,    0,    0,    0,  -10,   -9,  -10,    0,    0,    0,    0,    0,    0,    0,  -27,    0,    0,    0,    0,    0,    0,    0,    0,  -13,   -7,  -13,    0,    0,    0,    0,    0,    0,  -20,    0,    0,    0,    0,    0,    0,    0,    0,    0,    0,    0,    0,    0,    0,    0,    0,  -27,    0,    0,    0,    0,    0,    0,    0,    0,  -27,    0,    0,    0,  -13,    0,    0,    0,    0,    0,    0,    0,    0,    0,    0,    0,    0,    0,    0,    0,    0,    0,    0,    0,    0,    0,    0,    0,    0,    0,    0,    0,    0,    0,    0,    0,    0,    0,    0,    0,    0,    0,    0,    0,    0,    0,    0,    0,    0,    0,    0,    0,    0,    0,    0,    0,    0,    0,    0,    0,    0,    0,    0,    0,    0,    0,    0,    0,    0,    0,    0,    0,    0,    0,    0,    0,    0,    0,    0,    0,    0,    0,    0,    0,    0,    0,    0,    0,    0,
       0,    0,    0,    0,  -67,  -13,  -67,  -83,    0,    0,    0,    0,    0,    0,    0,    0,  -13,  -13,    0,  -80,    0,  -20,    0,  -17,  -10,    0,    0,    0,    0,    0,   -7,    0,    0,  -37,    0,  -40,    0,  -42,    0,    0,    0,    0,    0,  -47,    0,    0,    0,    0,    0,  -13,    0,  -20,    0,  -13,    0,  -67,  -20,    0,  -37,  -37,  -40,    0,   20,   20,  -40,  -40,    0,  -37,  -37,  -40,  -40,  -40,  -42,    0,    0,    0,    0,  -47,  -47,  -13,  -13,  -42,    0,    0,    0,  -13,  -13,    0,    0,    0,    0,    0,    0,    0,    0,    0,    0,    0,    0,    0,    0,    0,    0,    0,    0,    0,    0,    0,    0,    0,    0,    0,    0,    0,    0,    0,    0,    0,    0,    0,    0,    0,    0,    0,    0,    0,    0,    0,    0,    0,    0,    0,    0,    0,    0,    0,    0,    0,    0,    0,    0,    0,    0,    0,    0,    0,    0,    0,    0,    0,    0,    0,    0,    0,    0,    0,    0,    0,    0,    0,    0,    0,    0,    0,    0,    0,    0,    0,   13,   13,
       0,    0,    0,    0,  -27,    0,  -27,  -39,    0,    0,    0,    0,    0,    0,    0,    0,    0,    0,    0,  -43,    0,  -10,    0,  -10,  -10,    0,    0,    0,    0,    0,  -10,    0,    0,  -13,    7,  -10,    0,  -27,    7,    0,    0,    0,    0,  -17,    0,    0,  -13,  -15,  -13,  -13,    0,    0,    0,  -13,    0,  -47,  -10,  -20,  -13,  -13,  -10,    0,   23,   23,  -10,  -10,    7,  -13,  -13,  -10,  -10,  -10,  -27,    7,   13,    7,    0,  -17,  -17,  -13,    0,  -27,    0,    0,    0,    0,    0,    0,    0,    0,    0,    0,    0,    0,    0,    0,    0,    0,    0,    0,    0,    0,    0,    0,    0,    0,    0,    0,    0,    0,    0,    0,    0,    0,    0,    0,    0,    0,    0,    0,    0,    0,    0,    0,    0,    0,    0,    0,    0,    0,    0,    0,    0,    0,    0,    0,    0,    0,    0,    0,    0,    0,    0,    0,    0,    0,    0,    0,    0,    0,    0,    0,    0,    0,    0,    0,    0,    0,    0,    0,    0,    0,    0,    0,    0,    0,    0,    0,    0,    0,
       0,    0,   20,    0,  -87,  -33,  -87,  -90,    0,    0,    0,    0,    0,    0,    0,    0,  -13,  -13,    0,  -93,    0,  -33,    0,  -23,  -23,    0,    0,    7,    0,   13,    0,    0,    0,  -50,   20,  -50,  -13,  -57,   20,    0,    0,  -20,  -13,  -47,    0,  -17,  -20,  -15,  -20,  -20,   20,  -27,    0,  -20,    0,  -93,  -33,    0,  -86,  -77,  -50,    0,   40,   40,  -50,  -50,   20,  -77,  -86,  -50,  -50,  -50,  -93,   20,   40,   20,  -20,  -47,  -47,  -20,    0,  -57,    0,    0,    0,  -40,  -13,    0,    0,    0,    0,    0,    0,    0,    0,    0,    0,    0,    0,    0,    0,    0,    0,    0,    0,    0,    0,    0,    0,    0,    0,    0,    0,    0,    0,    0,    0,    0,    0,    0,    0,    0,    0,    0,    0,    0,    0,    0,    0,    0,    0,    0,    0,    0,    0,    0,    0,    0,    0,    0,    0,    0,    0,    0,    0,    0,    0,    0,    0,    0,    0,    0,    0,    0,    0,    0,    0,    0,    0,    0,    0,    0,    0,    0,    0,    0,    0,    0,    0,   13,
       0,    0,   20,    0,    0,  -13,    0,    0,    0,    0,    0,    0,    0,    0,    0,    0,    0,    0,    0,    7,    0,  -23,    0,   10,    0,    0,    0,    0,    7,    0,    0,    0,    0,    0,   13,   -7,    0,    0,   13,    0,    0,    0,    0,    0,    0,  -13,  -23,   13,  -23,    0,    0,    0,    0,    0,    0,   20,  -10,    0,    0,    0,   -7,    0,   27,   27,   -7,   -7,   13,    0,    0,   -7,   -7,   -7,    0,   13,   33,   13,    0,    0,    0,    0,    0,    0,    0,    0,    0,    0,    0,    0,    0,    0,    0,    0,    0,    0,    0,    0,    0,    0,    0,    0,    0,    0,    0,    0,    0,    0,    0,    0,    0,    0,    0,    0,    0,    0,    0,    0,    0,    0,    0,    0,    0,    0,    0,    0,    0,    0,    0,    0,    0,    0,    0,    0,    0,    0,    0,    0,    0,    0,    0,    0,    0,    0,    0,    0,    0,    0,    0,    0,    0,    0,    0,    0,    0,    0,    0,    0,    0,    0,    0,    0,    0,    0,    0,    0,    0,    0,    0,    0,    0,    0,
       0,    0,   13,    0,  -60,  -33,  -60,  -70,    0,    0,    0,    0,    0,    0,    0,    0,  -20,  -20,    0,  -73,    0,  -40,    0,  -10,  -30,    0,    0,    7,    0,   13,    0,    0,    0,  -53,   13,  -53,   -9,  -63,   13,    0,    0,  -33,  -27,  -51,   -7,  -22,  -20,  -33,  -20,  -33,   13,  -33,    0,  -27,    0,  -67,  -40,    0,  -53,  -80,  -53,    0,   40,   40,  -53,  -53,   13,  -73,  -73,  -53,  -53,  -53,  -63,   13,   27,   13,  -33,  -51,  -51,  -33,  -27,  -63,    0,  -13,    0,  -27,  -20,    0,    0,    0,    0,    0,    0,    0,    0,    0,    0,    0,    0,    0,    0,    0,    0,    0,    0,    0,    0,    0,    0,    0,    0,    0,    0,    0,    0,    0,    0,    0,    0,    0,    0,    0,    0,    0,    0,    0,    0,    0,    0,    0,    0,    0,    0,    0,    0,    0,    0,    0,    0,    0,    0,    0,    0,    0,    0,    0,    0,    0,    0,    0,    0,    0,    0,    0,    0,    0,    0,    0,    0,    0,    0,    0,    0,    0,    0,    0,    0,    0,    0,   13,
       0,    0,    0,    0,    0,    0,    0,    0,    0,    0,    0,    0,    0,    0,    0,    0,    0,    0,    0,    0,    0,    0,    0,    0,    0,    0,    0,    0,    0,    0,    0,    0,    0,    0,    0,    0,    0,    0,    0,    0,    0,    0,    0,    0,    0,    0,   -7,    0,   -7,    0,    0,    0,    0,    0,    0,    0,    0,    0,    0,    0,    0,    0,   13,   13,    0,    0,    0,    0,    0,    0,    0,    0,    0,    0,   20,    0,    0,    0,    0,    0,    0,    0,    0,    0,    0,    0,    0,    0,    0,    0,    0,    0,    0,    0,    0,    0,    0,    0,    0,    0,    0,    0,    0,    0,    0,    0,    0,    0,    0,    0,    0,    0,    0,    0,    0,    0,    0,    0,    0,    0,    0,    0,    0,    0,    0,    0,    0,    0,    0,    0,    0,    0,    0,    0,    0,    0,    0,    0,    0,    0,    0,    0,    0,    0,    0,    0,    0,    0,    0,    0,    0,    0,    0,    0,    0,    0,    0,    0,    0,    0,    0,    0,    0,    0,    0,    0,    0,    0,    0,    0,
       0,    0,    0,    0,    0,    0,    0,    0,    0,    0,    0,    0,    0,    0,    0,    0,    0,    0,    0,    0,    0,    0,   27,    0,    0,    0,    0,    0,    0,    0,    0,    0,    0,    0,    0,    0,    0,    0,    0,    0,   30,    0,    0,    0,    0,    0,    0,    0,   33,    0,    0,    0,    0,    0,    0,    0,    0,    0,    0,    0,    0,    0,   20,   20,    0,    0,    0,    0,    0,    0,    0,    0,    0,    0,   30,    0,    0,    0,    0,    0,    0,    0,    0,    0,    0,    0,    0,    0,    0,    0,    0,    0,    0,    0,    0,    0,    0,    0,    0,    0,    0,    0,    0,    0,    0,    0,    0,    0,    0,    0,    0,    0,    0,    0,    0,    0,    0,    0,    0,    0,    0,    0,    0,   27,    0,    0,    0,    0,    0,    0,    0,    0,    0,    0,    0,    0,    0,    0,    0,    0,    0,    0,    0,    0,    0,    0,   33,    0,    0,    0,    0,    0,    0,    0,   20,   30,   33,    0,    0,    0,    0,    0,    0,    0,    0,    0,    0,   33,    0,    0,
       0,    0,    0,    0,    0,    0,    0,    0,    0,    0,    0,  -20,    0,    0,  -40,    0,    0,    0,    0,    0,    0,  -20,    0,    0,    0,  -53,  -33,  -67,    0,  -53,    0,    0,    0,    0,    0,  -13,    0,   13,    0,    0,    0,    0,    0,    0,  -13,  -20,  -20,    0,  -20,    0,    0,    0,    0,    0,    0,    0,  -20,    0,    0,    0,  -13,    0,    0,    0,  -13,  -13,    0,    0,    0,  -13,  -13,  -13,   13,    0,    0,    0,    0,    0,    0,    0,    0,   13,    0,    0,    0,    0,    0,    0,    0,    0,    0,    0,  -20,    0,    0,  -53,  -50,    0,    0,  -50,    0,  -13,    0,    0,    0,  -20,    0,  -20,  -13,    0,    0,    0,    0,  -13,    0,  -13,    0,    0,    0,    0,  -53,  -20,    0,    0,    0,  -27,    0,    0,    0,    0,    0,    0,    0,  -67,    0,    0,    0,    0,    0,    0,  -13,    0,    0,    0,    0,  -20,  -20,    0,  -20,    0,    0,    0,    0,    0,    0,    0,  -20,  -67,    0,    0,  -53,  -43,    0,    0,    0,    0,    0,  -20,    0,    0,
       0,    0,  -27,    0,    0,    0,    0,    0,    0,    0,    0,    0,    0,    0,    0,    0,    0,    0,  -17,    0,    0,    0,    0,    0,    0,    0,    0,    0,    0,    0,    0,  -67,    0,    0,   -7,    0,    0,    0,    0,    0,    0,    0,    0,    0,    0,  -10,  -27,    0,  -27,    0,    0,    0,    0,    0,    0,    0,    0,    0,    0,    0,    0,    0,    0,    0,    0,    0,   -9,    0,    0,    0,    0,    0,    0,    0,    0,    0,    0,    0,    0,    0,    0,    0,    0,    0,    0,    0,    0,    0,    0,    0,    0,    0,    0,    0,    0,    0,    0,    0,    0,    0,    0,    0,    0,    0,    0,    0,    0,    0,    0,    0,    0,    0,    0,    0,    0,    0,    0,    0,    0,    0,    0,    0,    0,    0,    0,    0,    0,    0,    0,    0,    0,    0,    0,    0,    0,    0,    0,    0,    0,    0,    0,    0,    0,    0,    0,    0,    0,    0,    0,    0,    0,    0,    0,    0,    0,    0,    0,    0,    0,    0,    0,    0,    0,    0,    0,    0,    0,    0,  -27,  -20,
       0,  -20,  -13,    0,  -20,    0,  -20,  -27,    0,    0,    0,    0,    0,    0,    0,    0,    0,    0,  -10,    0,    0,    0,    0,    0,    0,    0,    0,    0,    0,    0,    0,  -40,    0,    0,   -7,    0,    0,    0,   -7,    0,    0,    0,    0,    0,    7,    0,  -13,  -17,  -13,    0,    0,    0,    0,    0,    0,    0,    0,    0,    0,    0,    0,    0,    0,    0,    0,    0,   -7,    0,    0,    0,    0,    0,    0,   -7,    0,   17,    0,    0,    0,    0,    0,    0,    0,    0,    0,    0,    0,    0,    0,    0,    0,    0,    0,    0,    0,    0,    0,    0,    0,    0,    0,    0,    0,    0,    0,    0,    0,    0,    0,    0,    0,    0,    0,    0,    0,    0,    0,    0,    0,    0,    0,    0,    0,    0,    0,    0,    0,    0,    0,    0,    0,    0,    0,    0,    0,    0,    0,    0,    0,    0,    0,    0,    0,    0,    0,    0,    0,    0,    0,    0,    0,    0,    0,    0,    0,    0,    0,    0,    0,    0,    0,    0,    0,    0,    0,    0,    0,    0,  -27,  -13,
       0,    0,    0,    0,    0,    0,    0,    0,    0,    0,    0,    0,    0,    0,    0,    0,    0,    0,    0,    0,    0,    0,    0,    0,    0,    0,    0,    0,    0,    0,    0,  -40,    0,   -7,    0,    0,    0,  -10,    0,    0,    0,    0,    0,    0,    0,    0,   -7,   -7,   -7,    0,    0,    0,    0,    0,    0,    0,    0,    0,   -7,   -7,    0,    0,    0,    0,    0,    0,    0,   -7,   -7,    0,    0,    0,  -10,    0,    0,    0,    0,    0,    0,    0,    0,  -10,    0,    0,    0,    0,    0,    0,    0,    0,    0,    0,    0,    0,    0,    0,    0,    0,    0,    0,    0,    0,    0,    0,    0,    0,    0,    0,    0,    0,    0,    0,    0,    0,    0,    0,    0,    0,    0,    0,    0,    0,    0,    0,    0,    0,    0,    0,    0,    0,    0,    0,    0,    0,    0,    0,    0,    0,    0,    0,    0,    0,    0,    0,    0,    0,    0,    0,    0,    0,    0,    0,    0,    0,    0,    0,    0,    0,    0,    0,    0,    0,    0,    0,    0,    0,    0,    0,    0,   13,
       0,    0,    0,    0,    0,    0,    0,    0,    0,    0,    0,    0,    0,    0,    0,    0,    0,    0,    0,    0,    0,    0,    0,    0,    0,    0,    0,    0,    0,    0,    0,    0,    0,    0,    0,    0,    0,    0,    0,    0,    0,    0,    0,    0,    0,    0,  -13,    7,  -13,    0,    0,    0,    0,    0,    0,    0,    0,    0,    0,    0,    0,    0,    0,    0,    0,    0,    0,    0,    0,    0,    0,    0,    0,    0,    0,    0,    0,    0,    0,    0,    0,    0,    0,    0,    0,    0,    0,    0,    0,    0,    0,    0,    0,    0,    0,    0,    0,    0,    0,    0,    0,    0,    0,    0,    0,    0,    0,    0,    0,    0,    0,    0,    0,    0,    0,    0,    0,    0,    0,    0,    0,    0,    0,    0,    0,    0,    0,    0,    0,    0,    0,    0,    0,    0,    0,    0,    0,    0,    0,    0,    0,    0,    0,    0,    0,    0,    0,    0,    0,    0,    0,    0,    0,    0,    0,    0,    0,    0,    0,    0,    0,    0,    0,    0,    0,    0,    0,    0,  -13,    0,
       0,    0,    0,    0,    0,    0,    0,    0,    0,    0,    0,    0,    0,    0,    0,    0,    0,    0,  -13,    0,    0,    0,    0,    0,    0,    0,    0,    0,    0,    0,    0,  -27,    0,   -7,    0,    0,    0,    0,    0,    0,    0,    0,    0,    0,    0,    0,  -13,    0,  -13,    0,    0,    0,    0,    0,    0,    0,    0,    0,   -7,   -7,    0,    0,    0,    0,    0,    0,    0,   -7,   -7,    0,    0,    0,    0,    0,    0,   20,    0,    0,    0,    0,    0,    0,    0,    0,    0,    0,    0,    0,    0,    0,    0,    0,    0,    0,    0,    0,    0,    0,    0,    0,    0,    0,    0,    0,    0,    0,    0,    0,    0,    0,    0,    0,    0,    0,    0,    0,    0,    0,    0,    0,    0,    0,    0,    0,    0,    0,    0,    0,    0,    0,    0,    0,    0,    0,    0,    0,    0,    0,    0,    0,    0,    0,    0,    0,    0,    0,    0,    0,    0,    0,    0,    0,    0,    0,    0,    0,    0,    0,    0,    0,    0,    0,    0,    0,    0,    0,    0,    0,  -13,    0,
      68,   67,   67,    0,  -20,    0,  -20,  -20,    0,    0,    0,    0,    0,    0,    0,    0,    0,    0,   40,    0,    0,    0,    0,    0,    0,    0,    0,    0,    0,    0,    0,   67,   57,   -9,    0,  -10,    0,  -13,    0,   13,   33,    0,    0,  -11,    0,    0,    7,    0,    7,    0,   67,    0,    0,    0,    0,    0,    0,    0,   15,   25,   17,   73,  127,   83,   -7,  -10,    0,   11,    5,   -3,  -13,    0,   -3,   70,   67,    0,   20,    2,    5,   30,    0,  -13,    0,    0,    0,    0,    0,    0,    0,    0,    0,    0,    0,    0,    0,    0,    0,    0,    0,    0,    0,    0,    0,    0,    0,    0,    0,    0,    0,    0,    0,    0,    0,    0,    0,    0,    0,    0,    0,    0,    0,    0,    0,    0,    0,    0,    0,    0,    0,    0,    0,    0,    0,    0,    0,    0,    0,    0,    0,    0,    0,    0,    0,    0,    0,    0,    0,    0,    0,    0,    0,    0,    0,    0,    0,    0,    0,    0,    0,    0,    0,    0,    0,    0,    0,    0,    0,    0,   53,   61,
      19,    0,   13,    0,    0,    0,    0,    0,    0,    0,    0,    0,    0,    0,    0,    0,    0,    0,    0,    0,    0,    0,    0,    0,    0,    0,    0,    0,    0,    0,    0,  -20,    0,  -13,    0,  -17,    0,   -7,    0,    0,   13,    0,    9,    0,   17,    0,    7,    0,    7,    0,    0,    0,    0,    0,    0,    0,    0,    0,  -13,  -13,  -17,    0,    0,    0,  -17,  -17,    0,  -13,  -13,  -17,  -17,  -17,   -7,    0,   13,    0,    0,    0,    0,    0,    0,   27,    0,    0,    0,    0,    0,    0,    0,    0,    0,    0,    0,    0,    0,    0,    0,    0,    0,    0,    0,    0,    0,    0,    0,    0,    0,    0,    0,    0,    0,    0,    0,    0,    0,    0,    0,    0,    0,    0,    0,    0,    0,    0,    0,    0,    0,    0,    0,    0,    0,    0,    0,    0,    0,    0,    0,    0,    0,    0,    0,    0,    0,    0,    0,    0,    0,    0,    0,    0,    0,    0,    0,    0,    0,    0,    0,    0,    0,    0,    0,    0,    0,    0,    0,    0,    0,    0,   26,   27,
       0,    0,  -27,    0,    0,    0,    0,    0,    0,    0,    0,    0,    0,    0,    0,    0,    0,    0,  -11,    0,    0,    0,    0,    0,    0,    0,    0,    0,    0,    0,    0,  -60,    0,    0,    0,    0,    0,    0,    0,    0,    0,    0,    0,    0,   -7,   -7,  -38,    0,  -38,    0,    0,    0,    0,    0,    0,    0,    0,    0,    0,    0,    0,    0,    0,    0,    0,    0,    0,    0,    0,    0,    0,    0,    0,    0,    0,    0,    0,    0,    0,    0,    0,    0,    0,  -13,    0,    0,    0,    0,    0,    0,    0,    0,    0,    0,    0,    0,    0,    0,    0,    0,    0,    0,    0,    0,    0,    0,    0,    0,    0,    0,    0,    0,    0,    0,    0,    0,    0,    0,    0,    0,    0,    0,    0,    0,    0,    0,    0,    0,    0,    0,    0,    0,    0,    0,    0,    0,    0,    0,    0,    0,    0,    0,    0,    0,    0,    0,    0,    0,    0,    0,    0,    0,    0,    0,    0,    0,    0,    0,    0,    0,    0,    0,    0,    0,    0,    0,    0,    0,  -33,  -20,
       0,    0,    0,    0,    0,    0,    0,    0,    0,    0,    0,    0,    0,    0,    0,    0,    0,    0,    0,    0,    0,    0,    0,    0,    0,    0,    0,    0,    0,    0,    0,    0,    0,    0,    0,    0,    0,   10,    0,    0,    0,    0,    0,    0,    0,    0,  -13,    0,  -13,    0,    0,    0,    0,    0,    0,    0,    0,    0,    0,    0,    0,    0,    0,    0,    0,    0,    0,    0,    0,    0,    0,    0,   10,    0,    0,    0,    0,    0,    0,    0,    0,   10,    0,    0,    0,    0,    0,    0,    0,    0,    0,    0,    0,    0,    0,    0,    0,    0,    0,    0,    0,    0,    0,    0,    0,    0,    0,    0,    0,    0,    0,    0,    0,    0,    0,    0,    0,    0,    0,    0,    0,    0,    0,    0,    0,    0,    0,    0,    0,    0,    0,    0,    0,    0,    0,    0,    0,    0,    0,    0,    0,    0,    0,    0,    0,    0,    0,    0,    0,    0,    0,    0,    0,    0,    0,    0,    0,    0,    0,    0,    0,    0,    0,    0,    0,    0,    0,    0,  -13,    0,
       0,    0,    0,    0,    0,    0,    0,    0,    0,    0,    0,    0,    0,    0,    0,    0,    0,    0,    0,    0,    0,    0,    0,    0,    0,    0,    0,    0,    0,    0,    0,    0,    0,    0,    0,    0,    0,  -13,    0,    0,    0,    0,    0,    0,    0,    0,  -13,   -7,  -13,    0,    0,    0,    0,    0,    0,    0,    0,    0,    0,    0,    0,    0,    0,    0,    0,    0,    0,    0,    0,    0,    0,    0,  -13,    0,    0,    0,    0,    0,    0,    0,    0,  -13,    0,    0,    0,    0,    0,    0,    0,    0,    0,    0,    0,    0,    0,    0,    0,    0,    0,    0,    0,    0,    0,    0,    0,    0,    0,    0,    0,    0,    0,    0,    0,    0,    0,    0,    0,    0,    0,    0,    0,    0,    0,    0,    0,    0,    0,    0,    0,    0,    0,    0,    0,    0,    0,    0,    0,    0,    0,    0,    0,    0,    0,    0,    0,    0,    0,    0,    0,    0,    0,    0,    0,    0,    0,    0,    0,    0,    0,    0,    0,    0,    0,    0,    0,    0,    0,    0,    0,    0,
       0,    0,    0,    0,    0,    0,    0,    0,    0,    0,    0,    0,    0,    0,    0,    0,    0,    0,  -10,    0,    0,    0,    0,    0,    0,    0,    0,    0,    0,    0,    0,  -13,    0,  -13,  -13,  -17,    0,  -13,    0,    0,    0,    0,    0,  -10,    0,    0,  -20,    7,  -20,    0,    0,    0,    0,    0,    0,    0,    0,    0,  -13,  -13,  -17,    0,    0,    0,  -17,  -10,    0,  -13,  -13,  -17,  -17,  -17,  -13,    0,    0,    0,    0,  -10,  -10,    0,    0,  -13,    0,    0,    0,    0,    0,    0,    0,    0,    0,    0,    0,    0,    0,    0,    0,    0,    0,    0,    0,    0,    0,    0,    0,    0,    0,    0,    0,    0,    0,    0,    0,    0,    0,    0,    0,    0,    0,    0,    0,    0,    0,    0,    0,    0,    0,    0,    0,    0,    0,    0,    0,    0,    0,    0,    0,    0,    0,    0,    0,    0,    0,    0,    0,    0,    0,    0,    0,    0,    0,    0,    0,    0,    0,    0,    0,    0,    0,    0,    0,    0,    0,    0,    0,    0,    0,    0,    0,    0,
       0,    0,    0,    0,    0,    0,    0,    0,    0,    0,    0,    0,    0,    0,    0,    0,    0,    0,  -20,    0,    0,    0,    0,    0,    0,    0,    0,    0,    0,    0,    0,    0,    0,    0,    0,    0,    0,    0,    0,    0,    0,    0,    0,    0,    0,    0,  -12,    0,  -12,    0,    0,    0,    0,    0,    0,    0,    0,    0,    0,    0,    0,    0,    0,    0,    0,    0,    0,    0,    0,    0,    0,    0,    0,    0,    0,    0,    0,    0,    0,    0,    0,    0,    0,    0,    0,    0,    0,    0,    0,    0,    0,    0,    0,    0,    0,    0,    0,    0,    0,    0,    0,    0,    0,    0,    0,    0,    0,    0,    0,    0,    0,    0,    0,    0,    0,    0,    0,    0,    0,    0,    0,    0,    0,    0,    0,    0,    0,    0,    0,    0,    0,    0,    0,    0,    0,    0,    0,    0,    0,    0,    0,    0,    0,    0,    0,    0,    0,    0,    0,    0,    0,    0,    0,    0,    0,    0,    0,    0,    0,    0,    0,    0,    0,    0,    0,    0,    0,    0,  -20,  -13,
       0,    0,    0,    0,    0,    0,    0,    0,    0,    0,    0,    0,    0,    0,    0,    0,    0,    0,  -10,    0,    0,    0,    0,    0,    0,    0,    0,    0,    0,    0,    0,  -33,    0,    0,    0,    0,    0,    0,    0,    0,   47,    0,    9,    0,    0,    0,  -10,    0,   20,    0,    0,    0,    0,    0,    0,    0,    0,    0,    0,    0,    0,    0,    0,    0,    0,    0,    0,    0,    0,    0,    0,    0,    0,    0,   47,    0,    0,    0,    0,    0,    0,    0,    0,    0,    0,    0,    0,    0,    0,    0,    0,    0,    0,    0,    0,    0,    0,    0,    0,    0,    0,    0,    0,    0,    0,    0,    0,    0,    0,    0,    0,    0,    0,    0,    0,    0,    0,    0,    0,    0,    0,    0,    0,    0,    0,    0,    0,    0,    0,    0,    0,    0,    0,    0,    0,    0,    0,    0,    0,    0,    0,    0,    0,    0,    0,    0,    0,    0,    0,    0,    0,    0,    0,    0,    0,    0,    0,    0,    0,    0,    0,    0,    0,    0,    0,    0,    0,    0,  -20,    0,
       0,    0,   13,    0,  -47,  -13,  -47,  -40,    0,    0,    0,    0,    0,    0,    0,    0,    0,    0,  -13,    0,    0,    0,    0,    0,    0,    0,    0,    0,    0,    0,    0,    0,    0,  -23,  -13,  -13,    0,  -20,  -13,    0,    0,    0,    0,  -17,   10,    0,    0,    0,    0,    0,    0,    0,    0,    0,    0,    0,    0,    0,  -23,  -23,  -13,    0,    0,    0,  -13,  -13,  -13,  -23,  -23,  -13,  -13,  -13,  -20,  -13,    0,  -13,    0,  -17,  -17,    0,    0,  -20,    0,    0,    0,    0,    0,    0,    0,    0,    0,    0,    0,    0,    0,    0,    0,    0,    0,    0,    0,    0,    0,    0,    0,    0,    0,    0,    0,    0,    0,    0,    0,    0,    0,    0,    0,    0,    0,    0,    0,    0,    0,    0,    0,    0,    0,    0,    0,    0,    0,    0,    0,    0,    0,    0,    0,    0,    0,    0,    0,    0,    0,    0,    0,    0,    0,    0,    0,    0,    0,    0,    0,    0,    0,    0,    0,    0,    0,    0,    0,    0,    0,    0,    0,    0,    0,    0,   20,   20,
       0,    0,    0,    0,  -10,    0,  -10,  -13,    0,    0,    0,    0,    0,    0,    0,    0,    0,    0,  -10,    0,    0,    0,    0,    0,    0,    0,    0,    0,    0,    0,    0,  -20,    0,   -9,    0,    0,    0,  -10,    0,    0,    0,    0,    0,    0,    0,    0,   -9,  -11,   -9,    0,    0,    0,    0,    0,    0,    0,    0,    0,   -9,   -9,    0,    0,    0,    0,    0,    0,    0,   -9,   -9,    0,    0,    0,  -10,    0,    0,    0,    0,    0,    0,    0,    0,  -10,    0,    0,    0,    0,    0,    0,    0,    0,    0,    0,    0,    0,    0,    0,    0,    0,    0,    0,    0,    0,    0,    0,    0,    0,    0,    0,    0,    0,    0,    0,    0,    0,    0,    0,    0,    0,    0,    0,    0,    0,    0,    0,    0,    0,    0,    0,    0,    0,    0,    0,    0,    0,    0,    0,    0,    0,    0,    0,    0,    0,    0,    0,    0,    0,    0,    0,    0,    0,    0,    0,    0,    0,    0,    0,    0,    0,    0,    0,    0,    0,    0,    0,    0,    0,    0,    0,  -13,    0,
       0,    0,    0,    0,    0,    0,    0,    0,    0,    0,    0,    0,    0,    0,    0,    0,    0,    0,    0,    0,    0,    0,    0,    0,    0,    0,    0,    0,    0,    0,    0,  -20,    0,    0,    0,    0,    0,    0,    0,    0,   13,    0,    0,    0,    0,    0,   -7,    0,   -7,    0,    0,    0,    0,    0,    0,    0,    0,    0,    0,    0,    0,    0,    0,    0,    0,    0,    0,    0,    0,    0,    0,    0,    0,    0,    0,    0,    0,    0,    0,    0,    0,    0,    0,    0,    0,    0,    0,    0,    0,    0,    0,    0,    0,    0,    0,    0,    0,    0,    0,    0,    0,    0,    0,    0,    0,    0,    0,    0,    0,    0,    0,    0,    0,    0,    0,    0,    0,    0,    0,    0,    0,    0,    0,    0,    0,    0,    0,    0,    0,    0,    0,    0,    0,    0,    0,    0,    0,    0,    0,    0,    0,    0,    0,    0,    0,    0,    0,    0,    0,    0,    0,    0,    0,    0,    0,    0,    0,    0,    0,    0,    0,    0,    0,    0,    0,    0,    0,    0,   10,   13,
       0,    0,    0,    0,    0,    0,    0,    0,    0,    0,    0,    0,    0,    0,    0,    0,    0,    0,  -10,    0,    0,    0,    0,    0,    0,    0,    0,    0,    0,    0,    0,  -27,    0,    0,    0,    0,    0,    7,    0,    0,    0,    0,    0,    0,    0,    0,  -23,   13,  -23,    0,    0,    0,    0,    0,    0,    0,    0,    0,    0,    0,    0,    0,    0,    0,    0,    0,    0,    0,    0,    0,    0,    0,    7,    0,    0,    0,    0,    0,    0,    0,    0,    7,    0,    0,    0,    0,    0,    0,    0,    0,    0,    0,    0,    0,    0,    0,    0,    0,    0,    0,    0,    0,    0,    0,    0,    0,    0,    0,    0,    0,    0,    0,    0,    0,    0,    0,    0,    0,    0,    0,    0,    0,    0,    0,    0,    0,    0,    0,    0,    0,    0,    0,    0,    0,    0,    0,    0,    0,    0,    0,    0,    0,    0,    0,    0,    0,    0,    0,    0,    0,    0,    0,    0,    0,    0,    0,    0,    0,    0,    0,    0,    0,    0,    0,    0,    0,    0,    0,  -13,  -10,
       0,    0,   20,    0,  -60,  -10,  -60,  -37,    0,    0,    0,    0,    0,    0,    0,    0,    0,    0,    0,    0,    0,    0,    0,    0,    0,    0,    0,    0,    0,    0,    0,    0,    0,  -20,  -17,  -20,   10,  -29,  -17,    7,   13,    7,   13,  -23,   13,    8,    0,    0,    0,    0,    0,    0,    0,    0,    0,    0,    0,    0,  -20,  -20,  -20,    7,    0,    0,  -20,  -20,  -17,  -20,  -20,  -20,  -20,  -20,  -29,  -17,   27,  -17,    7,  -23,  -23,    0,    0,  -29,    0,    0,    0,    0,    0,    0,    0,    0,    0,    0,    0,    0,    0,    0,    0,    0,    0,    0,    0,    0,    0,    0,    0,    0,    0,    0,    0,    0,    0,    0,    0,    0,    0,    0,    0,    0,    0,    0,    0,    0,    0,    0,    0,    0,    0,    0,    0,    0,    0,    0,    0,    0,    0,    0,    0,    0,    0,    0,    0,    0,    0,    0,    0,    0,    0,    0,    0,    0,    0,    0,    0,    0,    0,    0,    0,    0,    0,    0,    0,    0,    0,    0,    0,    0,    0,    0,   27,   27,
       0,    0,   13,    0,    0,    0,    0,    0,    0,    0,    0,    0,    0,    0,    0,    0,    0,    0,    0,    0,    0,    0,    0,    0,    0,    0,    0,    0,    0,    0,    0,    0,    0,    0,    0,  -17,    0,   -7,    0,    0,    0,    0,   10,   -7,   13,    0,    0,    7,    0,    0,    0,    0,    0,    0,    0,    0,    0,    0,    0,    0,  -17,    0,    0,    0,  -17,  -17,    0,    0,    0,  -17,  -17,  -17,   -7,    0,    0,    0,    0,   -7,   -7,    0,    0,   -7,    0,    0,    0,    0,    0,    0,    0,    0,    0,    0,    0,    0,    0,    0,    0,    0,    0,    0,    0,    0,    0,    0,    0,    0,    0,    0,    0,    0,    0,    0,    0,    0,    0,    0,    0,    0,    0,    0,    0,    0,    0,    0,    0,    0,    0,    0,    0,    0,    0,    0,    0,    0,    0,    0,    0,    0,    0,    0,    0,    0,    0,    0,    0,    0,    0,    0,    0,    0,    0,    0,    0,    0,    0,    0,    0,    0,    0,    0,    0,    0,    0,    0,    0,    0,    0,    0,   20,   27,
       0,    0,    0,    0,    0,    0,    0,    0,    0,    0,    0,    0,    0,    0,    0,    0,    0,    0,    0,    0,    0,    0,    0,    0,    0,    0,    0,    0,    0,    0,    0,  -20,    0,    0,    0,    0,    0,   -7,    0,    0,    0,    0,    0,    0,    0,    0,    0,    0,    0,    0,    0,    0,    0,    0,    0,    0,    0,    0,    0,    0,    0,    0,    0,    0,    0,    0,    0,    0,    0,    0,    0,    0,   -7,    0,    0,    0,    0,    0,    0,    0,    0,   -7,    0,    0,    0,    0,    0,    0,    0,    0,    0,    0,    0,    0,    0,    0,    0,    0,    0,    0,    0,    0,    0,    0,    0,    0,    0,    0,    0,    0,    0,    0,    0,    0,    0,    0,    0,    0,    0,    0,    0,    0,    0,    0,    0,    0,    0,    0,    0,    0,    0,    0,    0,    0,    0,    0,    0,    0,    0,    0,    0,    0,    0,    0,    0,    0,    0,    0,    0,    0,    0,    0,    0,    0,    0,    0,    0,    0,    0,    0,    0,    0,    0,    0,    0,    0,    0,    0,    0,    0,
       0,    0,    0,    0,    0,    0,    0,    0,    0,    0,    0,    0,    0,    0,    0,    0,    0,    0,    0,    0,    0,    0,   47,    0,    0,    0,    0,   20,    0,   13,    0,    0,    0,    0,    0,    0,    0,    0,    0,    0,   37,    0,    0,    0,    0,    0,   13,    0,   13,    0,    0,    0,    0,    0,    0,    0,    0,    0,    0,    0,    0,    0,   20,   20,    0,    0,    0,    0,    0,    0,    0,    0,    0,    0,   37,    0,    0,    0,    0,    0,    0,   13,    0,    0,    0,    0,    0,    0,    0,    0,    0,    0,    0,    0,    0,    0,    0,    0,    0,    0,    0,    0,    0,    0,    0,    0,    0,   13,    0,    0,    0,    0,    0,    0,    0,    0,    0,    0,    0,    0,    0,    0,    0,   47,    0,    0,    0,    0,    0,    0,    0,    0,    0,    0,    0,    0,    0,    0,    0,    0,    0,    0,    0,    0,    0,    0,   13,    0,    0,    0,    0,    0,    0,    0,   20,   37,   13,   20,    0,    0,   13,    0,    0,    0,    0,    0,    0,   13,    0,    0,
       0,    0,    0,    0,    0,    0,    0,    0,    0,    0,    0,    0,    0,    0,    0,    0,    0,    0,    0,    0,    0,    0,   27,    0,    0,    0,    0,  -20,    0,  -13,    0,    0,    0,    0,    0,    0,    0,    0,    0,    0,   27,    0,    0,    0,    0,    0,    0,    0,    0,    0,    0,    0,    0,    0,    0,    0,    0,    0,    0,    0,    0,    0,    0,    0,    0,    0,    0,    0,    0,    0,    0,    0,    0,    0,    0,    0,    0,    0,    0,    0,    0,    0,    0,    0,    0,    0,    0,    0,    0,    0,    0,    0,    0,    0,    0,    0,    0,    0,    0,    0,    0,    0,    0,    0,    0,    0,    0,    0,    0,    0,    0,    0,    0,    0,    0,    0,    0,    0,    0,    0,    0,    0,    0,   27,    0,    0,    0,    0,    0,    0,    0,    0,    0,    0,    0,    0,    0,    0,    0,    0,    0,    0,    0,    0,    0,    0,    0,    0,    0,    0,    0,    0,    0,    0,    0,   27,    0,  -20,    0,    0,  -13,    0,    0,    0,    0,    0,    0,    0,    0,    0,
       0,    0,    0,    0,    0,    0,    0,    0,    0,    0,    0,    0,    0,    0,    0,    0,    0,    0,    0,    0,    0,    0,    0,    0,    0,  -13,  -13,  -20,    0,  -27,    0,    0,    0,    0,    0,    0,    0,    0,    0,    0,    0,    0,    0,    0,    0,    0,    0,    0,    0,    0,    0,    0,    0,    0,    0,    0,    0,    0,    0,    0,    0,    0,    0,    0,    0,    0,  -20,    0,    0,    0,    0,    0,    0,    0,    0,    0,    0,    0,    0,    0,    0,    0,    0,    0,    0,    0,    0,    0,    0,    0,    0,    0,    0,    0,    0,  -13,  -13,    0,    0,    0,    0,    0,    0,    0,    0,    0,    0,    0,    0,    0,    0,    0,    0,    0,    0,    0,    0,    0,    0,    0,  -13,    0,    0,    0,    0,   -7,    0,    0,    0,    0,    0,    0,    0,  -13,    0,    0,    0,    0,    0,    0,    0,    0,    0,    0,    0,    0,    0,    0,    0,    0,    0,    0,    0,    0,    0,    0,    0,  -20,    0,    0,  -27,    0,    0,    0,    0,    0,    0,    0,    0,    0,
       0,    0,    0,    0,  -13,    0,  -13,    0,    0,    0,    0,    0,    0,    0,    0,    0,    0,    0,    0,  -20,  -13,    0,    0,    0,    0,  -20,    0,  -27,    0,  -33,    0,    0,    0,    0,    0,    0,    0,    0,    0,    0,    0,    0,    0,    0,    0,    0,    0,    0,    0,    0,    0,    0,    0,    0,    0,  -33,    0,    0,    0,    0,    0,    0,    0,    0,    0,    0,    0,    0,    0,    0,    0,    0,    0,    0,    0,    0,    0,    0,    0,    0,    0,    0,    0,    0,    0,    0,    0,    0,  -20,  -13,    0,    0,    0,    0,    0,  -20,  -27,    0,    0,    0,    0,    0,    0,    0,    0,    0,    0,    0,    0,    0,    0,    0,    0,    0,    0,    0,    0,    0,    0,  -13,  -20,    0,    0,    0,    0,  -13,  -20,    0,  -20,    0,    0,    0,    0,  -20,    0,    0,    0,    0,    0,    0,    0,  -20,    0,    0,    0,    0,    0,    0,    0,    0,    0,    0,    0,    0,    0,    0,    0,  -27,    0,    0,  -33,    0,    0,  -33,    0,    0,    0,    0,    0,    0,
       0,    0,    0,    0,    0,    0,    0,    0,    0,    0,    0,    0,    0,    0,    0,    0,    0,    0,    0,    0,  -13,  -17,   20,    0,    0,  -27,  -20,  -47,    0,  -40,    0,    0,    0,  -20,  -20,  -20,  -13,    0,  -20,    0,   20,  -13,    0,  -27,  -13,  -13,  -20,  -20,  -27,  -20,    0,    0,    0,    0,    0,    0,  -17,  -20,  -20,  -20,  -20,    0,    0,    0,  -20,  -20,  -20,  -20,  -20,  -20,  -20,  -20,    0,  -20,    0,  -20,  -13,  -27,  -27,  -20,    0,    0,    0,    0,    0,    0,    0,    0,    0,  -13,    0,    0,  -17,    0,    0,  -27,    0,    0,    0,    0,    0,  -20,    0,  -13,    0,    0,    0,  -20,  -20,    0,    0,    0,    0,    0,    0,    0,    0,    0,    0,  -13,  -27,  -17,    0,   20,    0,    0,    0,    0,    0,    0,    0,    0,    0,    0,    0,    0,  -20,    0,    0,    0,  -20,    0,    0,    0,    0,    0,  -20,  -20,    0,    0,    0,  -20,  -27,    0,    0,   20,  -27,  -40,    0,    0,  -27,    0,    0,    0,    0,    0,    0,  -20,    0,    0,
       0,  -20,    0,    0,  -33,    0,  -33,  -27,    0,    0,    0,    0,    0,    0,    0,    0,    0,    0,    0,  -19,  -10,    0,  -13,   -7,    0,    0,  -10,  -13,  -17,  -17,   -9,  -20,    0,    0,    0,    0,    0,   -7,    0,    0,    0,    0,    0,    0,   20,    0,    0,    0,    0,    0,    0,    0,    0,    0,    0,  -47,    0,  -13,    0,    0,    0,    0,    0,    0,    0,    0,    0,    0,    0,    0,    0,    0,   -7,    0,    0,    0,    0,    0,    0,    0,    0,   -7,    0,    0,    0,    0,    0,    0,    0,    0,    0,    0,    0,    0,    0,    0,    0,    0,    0,    0,    0,    0,    0,    0,    0,    0,    0,    0,    0,    0,    0,    0,    0,    0,    0,    0,    0,    0,    0,    0,    0,    0,    0,    0,    0,    0,    0,    0,    0,    0,    0,    0,    0,    0,    0,    0,    0,    0,    0,    0,    0,    0,    0,    0,    0,    0,    0,    0,    0,    0,    0,    0,    0,    0,    0,    0,    0,    0,    0,    0,    0,    0,    0,    0,    0,    0,    0,    0,    0,    0,
       0,  -20,    0,    0,  -53,    0,  -53,  -73,    0,    0,    0,    0,    0,    0,    0,    0,    0,    0,  -13,  -53,  -30,    0,  -27,  -33,  -17,  -20,  -23,  -47,  -47,  -50,    0,  -40,  -20,   -9,  -12,    0,    0,  -20,  -12,    0,    0,    0,    0,   -9,    0,    0,    0,   -9,    0,    0,    0,    0,    0,    0,    0,  -73,    0,    0,   -9,   -9,    0,    0,    0,    0,    0,    0,  -12,   -9,   -9,    0,    0,    0,  -20,  -12,    0,  -12,    0,   -9,   -9,    0,    0,  -20,  -27,    0,    0,    0,    0,    0,    0,    0,    0,    0,    0,    0,    0,    0,    0,    0,    0,    0,    0,    0,    0,    0,    0,    0,    0,    0,    0,    0,    0,    0,    0,    0,    0,    0,    0,    0,    0,    0,    0,    0,    0,    0,    0,    0,    0,    0,    0,    0,    0,    0,    0,    0,    0,    0,    0,    0,    0,    0,    0,    0,    0,    0,    0,    0,    0,    0,    0,    0,    0,    0,    0,    0,    0,    0,    0,    0,    0,    0,    0,    0,    0,    0,    0,    0,    0,    0,    0,    0,
       0,    0,  -13,    0,    0,    0,    0,  -13,    0,    0,    0,    0,    0,    0,    0,    0,    0,    0,  -13,    0,    0,    0,    0,    0,    0,    0,    0,    0,    0,    0,    0,  -20,    0,    0,    0,    0,    0,    0,    0,    0,    0,  -13,  -13,    0,    0,  -13,  -27,    0,  -27,    0,    0,    0,    0,    0,    0,    0,    0,    0,    0,    0,    0,    0,    0,    0,    0,    0,    0,    0,    0,    0,    0,    0,    0,    0,    0,    0,  -13,    0,    0,    0,    0,    0,    0,    0,    0,    0,    0,    0,    0,    0,    0,    0,    0,    0,    0,    0,    0,    0,    0,    0,    0,    0,    0,    0,    0,    0,    0,    0,    0,    0,    0,    0,    0,    0,    0,    0,    0,    0,    0,    0,    0,    0,    0,    0,    0,    0,    0,    0,    0,    0,    0,    0,    0,    0,    0,    0,    0,    0,    0,    0,    0,    0,    0,    0,    0,    0,    0,    0,    0,    0,    0,    0,    0,    0,    0,    0,    0,    0,    0,    0,    0,    0,    0,    0,    0,    0,    0,    0,  -27,  -20,
       0,   20,   20,    0,    0,    0,    0,    0,    0,    0,    0,    0,    0,    0,    0,    0,    0,    0,    0,    0,    0,    0,    0,    0,    0,    0,    0,    0,    0,    0,    0,   13,   20,    0,   37,    0,    0,    0,   37,    0,    0,    0,    0,    0,    0,    0,    0,    0,    0,    0,   20,    0,    0,    0,    0,    0,    0,    0,    0,    0,    0,    0,   33,   33,    0,    0,   37,    0,    0,    0,    0,    0,    0,   37,    0,   37,    0,    0,    0,    0,    0,    0,    0,    0,    0,    0,    0,    0,    0,    0,    0,    0,    0,    0,    0,    0,    0,    0,    0,    0,    0,    0,    0,    0,    0,    0,    0,    0,    0,    0,    0,    0,    0,    0,    0,    0,    0,    0,    0,    0,    0,    0,    0,    0,    0,    0,    0,    0,    0,    0,    0,    0,    0,    0,    0,    0,    0,    0,    0,    0,    0,    0,    0,    0,    0,    0,    0,    0,    0,    0,    0,    0,    0,    0,    0,    0,    0,    0,    0,    0,    0,    0,    0,    0,    0,    0,    0,    0,   13,   20,
     -33,    0,  -60,    0,    0,  -20,    0,   13,    0,    0,    0,    0,    0,    0,    0,    0,    0,    0,  -37,   17,    0,  -10,   13,    0,    0,  -70,  -40,  -77,    7,  -69,    7,  -67,    0,    0,  -10,    0,    0,    0,    0,    0,   27,    0,    0,    0,  -10,  -13,  -57,   13,  -57,    0,    0,  -20,    0,    0,    0,   20,    0,    0,    0,    0,    0,    0,    0,    0,    0,    0,    0,    0,    0,    0,    0,    0,    0,    0,   27,    0,    0,    0,    0,    0,    0,    0,    0,    0,    0,    0,    0,    0,    0,    0,    0,    0,    0,    0,    0,    0,    0,    0,    0,    0,    0,    0,    0,    0,    0,    0,    0,    0,    0,    0,    0,    0,    0,    0,    0,    0,    0,    0,    0,    0,    0,    0,    0,    0,    0,    0,    0,    0,    0,    0,    0,    0,    0,    0,    0,    0,    0,    0,    0,    0,    0,    0,    0,    0,    0,    0,    0,    0,    0,    0,    0,    0,    0,    0,    0,    0,    0,    0,    0,    0,    0,    0,    0,    0,    0,    0,    0,    0,  -73,  -53,
       0,    0,  -27,    0,    0,    0,    0,    0,    0,    0,    0,    0,    0,    0,    0,    0,    0,    0,  -17,    0,    0,    0,    0,    0,    0,    0,    0,    0,    0,    0,    0,  -67,    0,    0,   -7,    0,    0,    0,    0,    0,   60,    0,    0,    0,    0,  -10,  -27,    0,  -27,    0,    0,    0,    0,    0,    0,    0,    0,    0,    0,    0,    0,    0,    0,    0,    0,    0,   -9,    0,    0,    0,    0,    0,    0,    0,   60,    0,    0,    0,    0,    0,    0,    0,    0,    0,    0,    0,    0,    0,    0,    0,    0,    0,    0,    0,    0,    0,    0,    0,    0,    0,    0,    0,    0,    0,    0,    0,    0,    0,    0,    0,    0,    0,    0,    0,    0,    0,    0,    0,    0,    0,    0,    0,    0,    0,    0,    0,    0,    0,    0,    0,    0,    0,    0,    0,    0,    0,    0,    0,    0,    0,    0,    0,    0,    0,    0,    0,    0,    0,    0,    0,    0,    0,    0,    0,    0,    0,    0,    0,    0,    0,    0,    0,    0,    0,    0,    0,    0,    0,  -27,  -20,
       0,   60,   47,    0,    0,    0,    0,    0,    0,    0,    0,    0,    0,    0,    0,    0,    0,    0,   33,    0,    0,    0,    0,    0,    0,    0,    0,    0,    0,    0,    0,   40,   40,    0,   73,    0,   27,    0,   73,   33,   33,    7,    0,    0,   13,    7,   20,   13,   20,    0,   53,    0,    0,    0,    0,    0,    0,    0,    0,   27,    0,   33,    0,    0,    0,    0,   73,    0,    0,    0,    0,    0,    0,   73,   60,   73,   27,    0,   20,   23,    0,    0,    0,    0,    0,    0,    0,    0,    0,    0,    0,    0,    0,    0,    0,    0,    0,    0,    0,    0,    0,    0,    0,    0,    0,    0,    0,    0,    0,    0,    0,    0,    0,    0,    0,    0,    0,    0,    0,    0,    0,    0,    0,    0,    0,    0,    0,    0,    0,    0,    0,    0,    0,    0,    0,    0,    0,    0,    0,    0,    0,    0,    0,    0,    0,    0,    0,    0,    0,    0,    0,    0,    0,    0,    0,    0,    0,    0,    0,    0,    0,    0,    0,    0,    0,    0,    0,    0,   40,   53,
       0,    0,    0,    0,    0,    0,    0,    0,    0,    0,    0,    0,    0,    0,    0,    0,    0,    0,    0,    0,    0,    0,    0,    0,    0,    0,    0,    0,    0,    0,    0,    0,    0,    0,    0,    0,    0,    0,    0,    0,    0,    0,    0,    0,    0,    0,  -13,    7,  -13,    0,    0,    0,    0,    0,    0,    0,    0,    0,    0,    0,    0,    0,    0,    0,    0,    0,    0,    0,    0,    0,    0,    0,    0,    0,    0,    0,    0,    0,    0,    0,    0,    0,    0,    0,    0,    0,    0,    0,    0,    0,    0,    0,    0,    0,    0,    0,    0,    0,    0,    0,    0,    0,    0,    0,    0,    0,    0,    0,    0,    0,    0,    0,    0,    0,    0,    0,    0,    0,    0,    0,    0,    0,    0,    0,    0,    0,    0,    0,    0,    0,    0,    0,    0,    0,    0,    0,    0,    0,    0,    0,    0,    0,    0,    0,    0,    0,    0,    0,    0,    0,    0,    0,    0,    0,    0,    0,    0,    0,    0,    0,    0,    0,    0,    0,    0,    0,    0,    0,   -7,    0,
       0,    0,    0,    0,    0,    0,    0,    0,    0,    0,    0,    0,    0,    0,    0,    0,    0,    0,    0,    0,    0,    0,    0,    0,    0,    0,    0,    0,    0,    0,    0,    0,    0,    0,    0,    0,    0,    0,    0,    0,   13,    0,    0,    0,    0,    0,    0,    0,    0,    0,    0,    0,    0,    0,    0,    0,    0,    0,    0,    0,    0,    0,    0,    0,    0,    0,    0,    0,    0,    0,    0,    0,    0,    0,    0,    0,    0,    0,    0,    0,    0,    0,    0,    0,    0,    0,    0,    0,    0,    0,    0,    0,    0,    0,    0,    0,    0,    0,    0,    0,    0,    0,    0,    0,    0,    0,    0,    0,    0,    0,    0,    0,    0,    0,    0,    0,    0,    0,    0,    0,    0,    0,    0,    0,    0,    0,    0,    0,    0,    0,    0,    0,    0,    0,    0,    0,    0,    0,    0,    0,    0,    0,    0,    0,    0,    0,    0,    0,    0,    0,    0,    0,    0,    0,    0,    0,    0,    0,    0,    0,    0,    0,    0,    0,    0,    0,    0,    0,    0,   13,
       0,    0,    0,    0,    0,    0,    0,    0,    0,    0,    0,    0,    0,    0,    0,    0,    0,    0,  -13,    0,    0,    0,    0,    0,    0,    0,    0,    0,    0,    0,    0,  -27,    0,   -7,    0,    0,    0,    0,    0,    0,   27,    0,    0,    0,    0,    0,  -13,    0,  -13,    0,    0,    0,    0,    0,    0,    0,    0,    0,   -7,   -7,    0,    0,    0,    0,    0,    0,    0,   -7,   -7,    0,    0,    0,    0,    0,   27,   20,    0,    0,    0,    0,    0,    0,    0,    0,    0,    0,    0,    0,    0,    0,    0,    0,    0,    0,    0,    0,    0,    0,    0,    0,    0,    0,    0,    0,    0,    0,    0,    0,    0,    0,    0,    0,    0,    0,    0,    0,    0,    0,    0,    0,    0,    0,    0,    0,    0,    0,    0,    0,    0,    0,    0,    0,    0,    0,    0,    0,    0,    0,    0,    0,    0,    0,    0,    0,    0,    0,    0,    0,    0,    0,    0,    0,    0,    0,    0,    0,    0,    0,    0,    0,    0,    0,    0,    0,    0,    0,    0,    0,  -13,    0,
       0,    0,    0,    0,    0,    0,    0,    0,    0,    0,    0,    0,    0,    0,    0,    0,    0,    0,    0,    0,    0,    0,    0,    0,    0,    0,    0,    0,    0,    0,    0,    0,    0,    0,    0,    0,    0,   10,    0,    0,   63,    0,    0,    0,    0,    0,  -13,    0,  -13,    0,    0,    0,    0,    0,    0,    0,    0,    0,    0,    0,    0,    0,    0,    0,    0,    0,    0,    0,    0,    0,    0,    0,   10,    0,   63,    0,    0,    0,    0,    0,    0,   10,    0,    0,    0,    0,    0,    0,    0,    0,    0,    0,    0,    0,    0,    0,    0,    0,    0,    0,    0,    0,    0,    0,    0,    0,    0,    0,    0,    0,    0,    0,    0,    0,    0,    0,    0,    0,    0,    0,    0,    0,    0,    0,    0,    0,    0,    0,    0,    0,    0,    0,    0,    0,    0,    0,    0,    0,    0,    0,    0,    0,    0,    0,    0,    0,    0,    0,    0,    0,    0,    0,    0,    0,    0,    0,    0,    0,    0,    0,    0,    0,    0,    0,    0,    0,    0,    0,  -13,    0,
       0,    0,    0,    0,    0,    0,    0,    0,    0,    0,    0,    0,    0,    0,    0,    0,    0,    0,    0,    0,    0,    0,    0,    0,    0,    0,    0,    0,    0,    0,    0,    0,    0,    0,   33,    0,    0,  -13,   33,    0,    0,    0,    0,    0,    0,    0,    0,    0,    0,    0,    0,    0,    0,    0,    0,    0,    0,    0,    0,    0,    0,    0,    0,    0,    0,    0,   33,    0,    0,    0,    0,    0,  -13,   33,    0,   33,    0,    0,    0,    0,    0,  -13,    0,    0,    0,    0,    0,    0,    0,    0,    0,    0,    0,    0,    0,    0,    0,    0,    0,    0,    0,    0,    0,    0,    0,    0,    0,    0,    0,    0,    0,    0,    0,    0,    0,    0,    0,    0,    0,    0,    0,    0,    0,    0,    0,    0,    0,    0,    0,    0,    0,    0,    0,    0,    0,    0,    0,    0,    0,    0,    0,    0,    0,    0,    0,    0,    0,    0,    0,    0,    0,    0,    0,    0,    0,    0,    0,    0,    0,    0,    0,    0,    0,    0,    0,    0,    0,    0,    0,    0,
       0,    0,    0,    0,    0,    0,    0,    0,    0,    0,    0,    0,    0,    0,    0,    0,    0,    0,  -20,    0,    0,    0,    0,    0,    0,    0,    0,    0,    0,    0,    0,    0,    0,    0,    0,    0,   13,    0,    0,   20,   20,   20,   27,    0,   27,   13,   15,   13,   15,    0,    0,    0,    0,    0,    0,    0,    0,    0,    0,    0,    0,   20,    0,    0,    0,    0,    0,    0,    0,    0,    0,    0,    0,    0,    0,    0,   20,    0,    0,    0,    0,    0,    0,    0,    0,    0,    0,    0,    0,    0,    0,    0,    0,    0,    0,    0,    0,    0,    0,    0,    0,    0,    0,    0,    0,    0,    0,    0,    0,    0,    0,    0,    0,    0,    0,    0,    0,    0,    0,    0,    0,    0,    0,    0,    0,    0,    0,    0,    0,    0,    0,    0,    0,    0,    0,    0,    0,    0,    0,    0,    0,    0,    0,    0,    0,    0,    0,    0,    0,    0,    0,    0,    0,    0,    0,    0,    0,    0,    0,    0,    0,    0,    0,    0,    0,    0,    0,    0,  -20,  -13,
       0,    0,    0,    0,    0,    0,    0,    0,    0,    0,    0,    0,    0,    0,    0,    0,    0,    0,    0,    0,    0,    0,    0,    0,    0,    0,    0,    0,    0,    0,    0,  -20,    0,    0,    0,    0,    0,    0,    0,    0,   40,    0,    0,    0,    0,    0,   -7,    0,   -7,    0,    0,    0,    0,    0,    0,    0,    0,    0,    0,    0,    0,    0,    0,    0,    0,    0,    0,    0,    0,    0,    0,    0,    0,    0,    0,    0,    0,    0,    0,    0,    0,    0,    0,    0,    0,    0,    0,    0,    0,    0,    0,    0,    0,    0,    0,    0,    0,    0,    0,    0,    0,    0,    0,    0,    0,    0,    0,    0,    0,    0,    0,    0,    0,    0,    0,    0,    0,    0,    0,    0,    0,    0,    0,    0,    0,    0,    0,    0,    0,    0,    0,    0,    0,    0,    0,    0,    0,    0,    0,    0,    0,    0,    0,    0,    0,    0,    0,    0,    0,    0,    0,    0,    0,    0,    0,    0,    0,    0,    0,    0,    0,    0,    0,    0,    0,    0,    0,    0,   10,   13,
       0,    0,    0,    0,    0,    0,    0,    0,    0,    0,    0,    0,    0,    0,    0,    0,    0,    0,    0,    0,    0,    0,    0,    0,    0,    0,    0,    0,    0,    0,    0,    0,    0,    0,    0,    0,    0,    0,    0,    0,    0,    0,    0,    0,    0,    0,    0,    0,    0,    0,    0,    0,    0,    0,    0,    0,    0,    0,    0,    0,    0,    0,    0,    0,    0,    0,    0,    0,    0,    0,    0,    0,    0,    0,    0,    0,    0,    0,    0,    0,    0,    0,    0,    0,    0,    0,    0,    0,    0,    0,    0,    0,    0,    0,    0,    0,    0,    0,    0,    0,    0,    0,    0,    0,    0,    0,    0,    0,    0,    0,    0,    0,    0,    0,    0,    0,    0,    0,    0,    0,    0,    0,    0,    0,    0,    0,    0,    0,    0,    0,    0,    0,    0,    0,    0,    0,    0,    0,    0,    0,    0,    0,    0,    0,    0,    0,    0,    0,    0,    0,    0,    0,    0,    0,    0,    0,    0,    0,    0,    0,    0,    0,    0,    0,    0,    0,    0,    0,   13,    0,
       0,    0,    0,    0,    0,    0,    0,    0,    0,    0,    0,    0,    0,    0,    0,    0,    0,    0,  -10,    0,    0,    0,    0,    0,    0,    0,    0,    0,    0,    0,    0,  -27,    0,    0,    0,    0,    0,    7,    0,    0,   53,    0,    0,    0,    0,    0,  -23,   13,  -23,    0,    0,    0,    0,    0,    0,    0,    0,    0,    0,    0,    0,    0,    0,    0,    0,    0,    0,    0,    0,    0,    0,    0,    7,    0,   53,    0,    0,    0,    0,    0,    0,    7,    0,    0,    0,    0,    0,    0,    0,    0,    0,    0,    0,    0,    0,    0,    0,    0,    0,    0,    0,    0,    0,    0,    0,    0,    0,    0,    0,    0,    0,    0,    0,    0,    0,    0,    0,    0,    0,    0,    0,    0,    0,    0,    0,    0,    0,    0,    0,    0,    0,    0,    0,    0,    0,    0,    0,    0,    0,    0,    0,    0,    0,    0,    0,    0,    0,    0,    0,    0,    0,    0,    0,    0,    0,    0,    0,    0,    0,    0,    0,    0,    0,    0,    0,    0,    0,    0,  -13,  -10,
       0,   27,    0,    0,    0,    0,    0,  -27,    0,    0,    0,    0,    0,    0,    0,    0,    0,    0,    0,  -19,    7,    0,    0,    0,    0,   20,   20,   27,    7,   20,    7,   20,   13,    0,   33,    0,    0,   -7,   33,    0,    0,    0,    0,    0,   20,    0,    0,    0,    0,    0,   20,    0,    0,    0,    0,  -47,    0,    0,    0,    0,    0,    0,    0,    0,    0,    0,   33,    0,    0,    0,    0,    0,   -7,   33,    0,   33,    0,    0,    0,    0,    0,   -7,    0,    0,    0,    0,    0,    0,    0,    0,    0,    0,    0,    0,    0,    0,    0,    0,    0,    0,    0,    0,    0,    0,    0,    0,    0,    0,    0,    0,    0,    0,    0,    0,    0,    0,    0,    0,    0,    0,    0,    0,    0,    0,    0,    0,    0,    0,    0,    0,    0,    0,    0,    0,    0,    0,    0,    0,    0,    0,    0,    0,    0,    0,    0,    0,    0,    0,    0,    0,    0,    0,    0,    0,    0,    0,    0,    0,    0,    0,    0,    0,    0,    0,    0,    0,    0,    0,    0,   20,
      20,    0,   27,    0,  -20,    0,  -20,  -27,    0,    0,    0,    0,    0,    0,    0,    0,    0,    0,    0,    0,    0,    0,    0,    0,    0,    0,    0,    0,    0,    0,    0,    0,    0,    0,   20,    0,   13,    0,   20,    0,    0,   13,   20,    0,   20,   13,   27,   13,   27,    0,    0,    0,    0,    0,    0,    0,    0,    0,    0,    0,    0,    0,    0,    0,    0,    0,   20,    0,    0,    0,    0,    0,    0,   20,    0,   20,   13,    0,    0,    0,    0,    0,    0,    0,    0,    0,    0,    0,    0,    0,    0,    0,    0,    0,    0,    0,    0,    0,    0,    0,    0,    0,    0,    0,    0,    0,    0,    0,    0,    0,    0,    0,    0,    0,    0,    0,    0,    0,    0,    0,    0,    0,    0,    0,    0,    0,    0,    0,    0,    0,    0,    0,    0,    0,    0,    0,    0,    0,    0,    0,    0,    0,    0,    0,    0,    0,    0,    0,    0,    0,    0,    0,    0,    0,    0,    0,    0,    0,    0,    0,    0,    0,    0,    0,    0,    0,    0,    0,   40,   27,
       0,   33,   20,    0,  -27,    0,  -27,  -39,    0,    0,    0,    0,    0,    0,    0,    0,    0,    0,    0,  -43,    7,  -10,    0,    0,  -10,    7,   20,   20,    0,   27,    0,   27,   20,  -13,   33,  -10,    0,  -27,   33,    0,    0,    0,    0,  -17,    0,    0,    0,    0,    0,  -13,   27,    0,    0,  -13,    0,  -47,  -10,    0,  -13,  -13,  -10,    0,   43,   43,  -10,  -10,   33,  -13,  -13,  -10,  -10,  -10,  -27,   33,    0,   33,    0,  -17,  -17,  -13,    0,  -27,    0,    0,    0,    0,    0,    0,    0,    0,    0,    0,    0,    0,    0,    0,    0,    0,    0,    0,    0,    0,    0,    0,    0,    0,    0,    0,    0,    0,    0,    0,    0,    0,    0,    0,    0,    0,    0,    0,    0,    0,    0,    0,    0,    0,    0,    0,    0,    0,    0,    0,    0,    0,    0,    0,    0,    0,    0,    0,    0,    0,    0,    0,    0,    0,    0,    0,    0,    0,    0,    0,    0,    0,    0,    0,    0,    0,    0,    0,    0,    0,    0,    0,    0,    0,    0,    0,    0,   20,
       0,    0,   27,    0,    0,    0,    0,    0,    0,    0,    0,    0,    0,    0,    0,    0,    0,    0,    0,    0,    0,    0,    0,    0,    0,    0,    0,    0,    0,    0,    0,    0,    0,    0,    0,    0,    0,    0,    0,    0,    0,    0,    0,    0,   13,    0,   13,   13,   13,    0,    0,    0,    0,    0,    0,    0,    0,    0,    0,    0,    0,    0,    0,    0,    0,    0,    0,    0,    0,    0,    0,    0,    0,    0,    0,    0,    0,    0,    0,    0,    0,    0,    0,    0,    0,    0,    0,    0,    0,    0,    0,    0,    0,    0,    0,    0,    0,    0,    0,    0,    0,    0,    0,    0,    0,    0,    0,    0,    0,    0,    0,    0,    0,    0,    0,    0,    0,    0,    0,    0,    0,    0,    0,    0,    0,    0,    0,    0,    0,    0,    0,    0,    0,    0,    0,    0,    0,    0,    0,    0,    0,    0,    0,    0,    0,    0,    0,    0,    0,    0,    0,    0,    0,    0,    0,    0,    0,    0,    0,    0,    0,    0,    0,    0,    0,    0,    0,    0,   13,   20,
      19,    0,   13,    0,    0,    0,    0,    0,    0,    0,    0,    0,    0,    0,    0,    0,    0,    0,    0,    0,    0,    0,    0,    0,    0,    0,    0,    0,    0,    0,    0,  -20,    0,  -13,    0,  -17,    0,   33,    0,    0,   13,    0,    9,    0,   17,    0,    7,    0,    7,    0,    0,    0,    0,    0,    0,    0,    0,    0,  -13,  -13,  -17,    0,    0,    0,  -17,  -17,    0,  -13,  -13,  -17,  -17,  -17,   33,    0,   13,    0,    0,    0,    0,    0,    0,   27,    0,    0,    0,    0,    0,    0,    0,    0,    0,    0,    0,    0,    0,    0,    0,    0,    0,    0,    0,    0,    0,    0,    0,    0,    0,    0,    0,    0,    0,    0,    0,    0,    0,    0,    0,    0,    0,    0,    0,    0,    0,    0,    0,    0,    0,    0,    0,    0,    0,    0,    0,    0,    0,    0,    0,    0,    0,    0,    0,    0,    0,    0,    0,    0,    0,    0,    0,    0,    0,    0,    0,    0,    0,    0,    0,    0,    0,    0,    0,    0,    0,    0,    0,    0,    0,    0,   26,   27,
       0,    0,    0,    0,    0,    0,    0,    0,    0,    0,    0,    0,    0,    0,    0,    0,    0,    0,    0,    0,    0,    0,    0,    0,    0,    0,    0,    0,    0,    0,    0,    0,    0,    0,    0,   -9,    0,    0,    0,    0,    0,    0,    0,    0,    0,    0,    0,    0,    0,    0,    0,    0,    0,    0,    0,    0,    0,    0,    0,    0,   -9,    0,    0,    0,   -9,   -9,    0,    0,    0,   -9,   -9,   -9,    0,    0,    0,    0,    0,    0,    0,    0,    0,    0,    0,    0,    0,    0,    0,    0,    0,    0,    0,    0,    0,    0,    0,    0,    0,    0,    0,    0,    0,    0,    0,    0,    0,    0,    0,    0,    0,    0,    0,    0,    0,    0,    0,    0,    0,    0,    0,    0,    0,    0,    0,    0,    0,    0,    0,    0,    0,    0,    0,    0,    0,    0,    0,    0,    0,    0,    0,    0,    0,    0,    0,    0,    0,    0,    0,    0,    0,    0,    0,    0,    0,    0,    0,    0,    0,    0,    0,    0,    0,    0,    0,    0,    0,    0,    0,    0,    0,    0,
       0,    0,    0,    0,    0,    0,    0,    0,    0,    0,    0,    0,    0,    0,    0,    0,    0,    0,    0,    0,    0,    0,    0,    0,    0,    0,    0,    0,    0,    0,    0,  -33,    0,    0,    0,   13,    0,    0,    0,    0,    0,    0,    0,    0,    0,    0,    0,    0,    0,    0,    0,    0,    0,    0,    0,    0,    0,    0,    0,    0,   13,    0,    0,    0,   13,   13,    0,    0,    0,   13,   13,   13,    0,    0,    0,    0,    0,    0,    0,    0,    0,    0,    0,    0,    0,    0,    0,    0,    0,    0,    0,    0,    0,    0,    0,    0,    0,    0,    0,    0,    0,    0,    0,    0,    0,    0,    0,    0,    0,    0,    0,    0,    0,    0,    0,    0,    0,    0,    0,    0,    0,    0,    0,    0,    0,    0,    0,    0,    0,    0,    0,    0,    0,    0,    0,    0,    0,    0,    0,    0,    0,    0,    0,    0,    0,    0,    0,    0,    0,    0,    0,    0,    0,    0,    0,    0,    0,    0,    0,    0,    0,    0,    0,    0,    0,    0,    0,    0,    0,    0,
     -33,    0,  -60,    0,    0,  -20,    0,   13,    0,    0,    0,    0,    0,    0,    0,    0,    0,    0,  -37,    0,    0,    0,    0,    0,    0,    0,    0,    0,    0,    0,    0,  -67,    0,    0,    0,    0,    0,    0,    0,    0,    0,    0,    0,    0,    0,    0,    0,    0,    0,    0,    0,  -20,    0,    0,    0,    0,    0,    0,    0,    0,    0,    0,    0,    0,    0,    0,    0,    0,    0,    0,    0,    0,    0,    0,    0,    0,    0,    0,    0,    0,    0,    0,    0,    0,    0,    0,    0,    0,   17,    0,    0,    7,  -10,    0,    0,  -70,  -57,  -33,    7,  -70,    0,    0,    0,  -13,    0,  -13,    0,  -37,    0,    0,   -7,   20,    0,  -27,    0,  -80,  -20,    0,  -20,    0,    0,    0,    0,    0,    0,    0,    0,    0,    0,    0,    0,    0,    0,    0,    0,    0,    0,    0,    0,    0,    0,    0,    0,    0,    0,    0,    0,    0,    0,    0,    0,    0,    0,    0,    0,    0,    0,    0,    0,    0,    0,    0,    0,    0,    0,    0,    0,    0,  -73,  -53,
       0,    0,    0,    0,    0,    0,    0,    0,    0,    0,    0,    0,    0,    0,    0,    0,    0,    0,    0,    0,    0,    0,    0,    0,    0,    0,    0,    0,    0,    0,    0,    0,    0,    0,    0,    0,    0,    0,    0,    0,    0,    0,    0,    0,    0,    0,    0,    0,    0,    0,    0,    0,    0,    0,    0,    0,    0,    0,    0,    0,    0,    0,    0,    0,    0,    0,    0,    0,    0,    0,    0,    0,    0,    0,    0,    0,    0,    0,    0,    0,    0,    0,    0,    0,    0,    0,    0,   20,    0,    0,    0,    0,    0,    0,    0,    0,    0,   -7,    0,    0,    0,    0,    0,    0,    0,    0,    0,    0,    0,    0,    0,    0,    0,    0,    0,    0,    0,    0,    0,    0,    0,    0,    0,    0,    0,    0,    0,    0,    0,    0,    0,    0,    0,    0,    0,    0,    0,    0,    0,    0,    0,    0,    0,    0,    0,    0,    0,    0,    0,    0,    0,    0,    0,    0,    0,    0,    0,    0,    0,    0,    0,    0,    0,    0,    0,    0,    0,    0,    0,   13,
       0,    0,    0,    0,    0,    0,    0,    0,    0,    0,    0,    0,    0,    0,    0,    0,    0,    0,    0,    0,    0,    0,    0,    0,    0,    0,    0,    0,    0,    0,    0,    0,    0,    0,    0,    0,    0,    0,    0,    0,    0,    0,    0,    0,    0,    0,    0,    0,    0,    0,    0,  -13,    0,    0,    0,    0,    0,    0,    0,    0,    0,    0,    0,    0,    0,    0,    0,    0,    0,    0,    0,    0,    0,    0,    0,    0,    0,    0,    0,    0,    0,    0,    0,    0,    0,    0,    0,   40,    0,    0,    0,    0,  -10,    0,    0,    0,    0,  -27,    0,    0,    0,  -10,    0,    0,    0,  -13,    0,    0,  -10,    0,    0,    0,    0,  -13,    0,  -13,    0,    0,    0,    0,    0,    0,    0,    0,    0,    0,    0,    0,    0,    0,    0,    0,    0,    0,    0,    0,    0,    0,    0,    0,    0,    0,    0,    0,    0,    0,    0,    0,    0,    0,    0,    0,    0,    0,    0,    0,    0,    0,    0,    0,    0,    0,    0,    0,    0,    0,    0,    0,    0,    0,
       0,  -20,    0,    0,  -33,    0,  -33,  -27,    0,    0,    0,    0,    0,    0,    0,    0,    0,    0,    0,    0,    0,    0,    0,    0,    0,    0,    0,    0,    0,    0,    0,  -20,    0,    0,    0,    0,    0,    0,    0,    0,    0,    0,    0,    0,    0,    0,    0,    0,    0,    0,    0,    0,    0,    0,    0,    0,    0,    0,    0,    0,    0,    0,    0,    0,    0,    0,    0,    0,    0,    0,    0,    0,    0,    0,    0,    0,    0,    0,    0,    0,    0,    0,    0,    0,    0,    0,    0,    0,  -19,  -10,  -13,   -9,    0,   -7,    0,    0,  -13,    0,  -23,   -7,    0,    0,    0,    0,    0,    0,    0,    0,    0,    0,    0,  -13,    0,    0,    0,    0,    0,    0,    0,    0,    0,    0,    0,    0,    0,    0,    0,    0,    0,    0,    0,    0,    0,    0,    0,    0,    0,    0,    0,    0,    0,    0,    0,    0,    0,    0,    0,    0,    0,    0,    0,    0,    0,    0,    0,    0,    0,    0,    0,    0,    0,    0,    0,    0,    0,    0,    0,    0,    0,    0,
       0,    0,    0,    0,  -60,  -43,  -60,  -43,    0,    0,    0,    0,    0,    0,    0,    0,   -7,   -7,    0,    0,    0,    0,    0,    0,    0,    0,    0,    0,    0,    0,    0,    0,    0,    0,    0,    0,    0,    0,    0,    0,    0,    0,    0,    0,    0,    0,    0,    0,    0,    0,    0,  -35,    0,  -20,    0,    0,    0,    0,    0,    0,    0,    0,    0,    0,    0,    0,    0,    0,    0,    0,    0,    0,    0,    0,    0,    0,    0,    0,    0,    0,    0,    0,    0,    0,    0,    0,   -7,   40,  -60,    0,  -53,    0,  -33,  -20,    0,    0,    0,  -27,    0,    0,  -50,  -40,  -40,    0,  -47,    0,    0,    0,  -40,    0,    0,    0,    0,  -30,  -33,  -30,  -13,  -40,    0,    0,    0,    0,    0,    0,    0,    0,    0,    0,    0,    0,    0,    0,    0,    0,    0,    0,    0,    0,    0,    0,    0,    0,    0,    0,    0,    0,    0,    0,    0,    0,    0,    0,    0,    0,    0,    0,    0,    0,    0,    0,    0,    0,    0,    0,    0,    0,    0,    0,    0,    7,
       0,    0,    0,    0,    0,    0,    0,    0,    0,    0,    0,    0,    0,    0,    0,    0,    0,    0,    0,    0,    0,    0,    0,    0,    0,    0,    0,    0,    0,    0,    0,  -37,    0,    0,    0,    0,    0,    0,    0,    0,    0,    0,    0,    0,    0,    0,    0,    0,    0,    0,    0,    0,    0,    0,    0,    0,    0,    0,    0,    0,    0,    0,    0,    0,    0,    0,    0,    0,    0,    0,    0,    0,    0,    0,    0,    0,    0,    0,    0,    0,    0,    0,    0,    0,    0,    0,    0,    0,    0,    0,    0,    0,    0,    0,    0,  -23,  -47,    0,    0,  -27,    0,    0,    0,    0,    0,    0,    0,    0,    0,    0,   13,    0,    0,    0,    0,    0,    0,    0,    0,    0,    0,    0,    0,    0,    0,    0,    0,    0,    0,    0,    0,    0,    0,    0,    0,    0,    0,    0,    0,    0,    0,    0,    0,    0,    0,    0,    0,    0,    0,    0,    0,    0,    0,    0,    0,    0,    0,    0,    0,    0,    0,    0,    0,    0,    0,    0,    0,    0,  -13,    0,
       0,    0,    0,    0,    0,    0,    0,    0,    0,    0,    0,    0,    0,    0,    0,    0,    0,    0,    0,    0,    0,    0,    0,    0,    0,    0,    0,    0,    0,    0,    0,    0,    0,    0,    0,    0,    0,    0,    0,    0,    0,    0,    0,    0,    0,    0,    0,    0,    0,    0,    0,    0,    0,    0,    0,    0,    0,    0,    0,    0,    0,    0,    0,    0,    0,    0,    0,    0,    0,    0,    0,    0,    0,    0,    0,    0,    0,    0,    0,    0,    0,    0,    0,    0,    0,    0,    0,    0,    0,    0,    0,    0,    0,    0,    0,    0,    0,    0,    0,    0,    0,    0,    0,    0,    0,    0,    0,    0,    0,    0,    0,   13,    7,    0,    0,    0,    0,    0,    0,    0,    0,    0,    0,    0,    0,    0,    0,    0,    0,    0,    0,    0,    0,    0,    0,    0,    0,    0,    0,    0,    0,    0,    0,    0,    0,    0,    0,    0,    0,    0,    0,    0,    0,    0,    0,    0,    0,    0,    0,    0,    0,    0,    0,    0,    0,    0,    0,    0,    0,    0,
       0,    0,    0,    0,  -13,    0,  -13,    0,    0,    0,    0,    0,    0,    0,    0,    0,    0,    0,    0,    0,    0,    0,    0,    0,    0,    0,    0,    0,    0,    0,    0,  -27,    0,    0,    0,    0,    0,    0,    0,    0,    0,    0,    0,    0,    0,    0,    0,    0,    0,    0,    0,    0,    0,    0,    0,    0,    0,    0,    0,    0,    0,    0,    0,    0,    0,    0,    0,    0,    0,    0,    0,    0,    0,    0,    0,    0,    0,    0,    0,    0,    0,    0,    0,    0,    0,    0,    0,    0,  -20,    0,    0,    0,    0,    0,   -7,  -10,  -13,    0,  -10,   -7,    0,   10,    0,    0,    0,    0,    0,    0,   10,    0,    0,    0,    0,    0,    0,    0,  -20,    0,    0,    0,    0,    0,    0,    0,    0,    0,    0,    0,    0,    0,    0,    0,    0,    0,    0,    0,    0,    0,    0,    0,    0,    0,    0,    0,    0,    0,    0,    0,    0,    0,    0,    0,    0,    0,    0,    0,    0,    0,    0,    0,    0,    0,    0,    0,    0,    0,    0,    0,    0,    0,
       0,    0,    0,    0,  -67,  -13,  -67,  -83,    0,    0,    0,    0,    0,    0,    0,    0,  -13,  -13,    0,    0,    0,    0,    0,    0,    0,    0,    0,    0,    0,    0,    0,    0,    0,    0,    0,    0,    0,    0,    0,    0,    0,    0,    0,    0,    0,    0,    0,    0,    0,    0,    0,  -20,    0,  -13,    0,    0,    0,    0,    0,    0,    0,    0,    0,    0,    0,    0,    0,    0,    0,    0,    0,    0,    0,    0,    0,    0,    0,    0,    0,    0,    0,    0,    0,    0,    0,    0,  -13,   33,  -80,    0,  -60,   -7,  -20,  -17,    0,    0,    0,  -20,    0,    0,  -40,  -40,  -27,    0,  -13,    0,    0,    0,  -40,    0,    0,    0,    0,  -27,  -40,  -27,    0,  -40,  -13,    0,    0,    0,    0,    0,    0,    0,    0,    0,    0,    0,    0,    0,    0,    0,    0,    0,    0,    0,    0,    0,    0,    0,    0,    0,    0,    0,    0,    0,    0,    0,    0,    0,    0,    0,    0,    0,    0,    0,    0,    0,    0,    0,    0,    0,    0,    0,    0,    0,   13,   13,
       0,    0,  -20,    0,    0,   -7,    0,    0,    0,    0,    0,    0,    0,    0,    0,    0,    0,    0,  -27,    0,    0,    0,    0,    0,    0,    0,    0,    0,    0,    0,    0,  -37,    0,    0,    0,    0,    0,    0,    0,    0,    0,    0,    0,    0,    0,    0,    0,    0,    0,    0,    0,    0,    0,    0,    0,    0,    0,    0,    0,    0,    0,    0,    0,    0,    0,    0,    0,    0,    0,    0,    0,    0,    0,    0,    0,    0,    0,    0,    0,    0,    0,    0,    0,    0,    0,    0,    0,    0,    0,    0,    0,    0,   -7,    0,    0,  -47,  -47,  -20,    0,  -47,    0,    0,    0,    0,    0,   -7,    0,  -20,    0,    0,    0,   13,    0,  -13,    0,  -13,    0,    0,    0,    0,    0,    0,    0,    0,    0,    0,    0,    0,    0,    0,    0,    0,    0,    0,    0,    0,    0,    0,    0,    0,    0,    0,    0,    0,    0,    0,    0,    0,    0,    0,    0,    0,    0,    0,    0,    0,    0,    0,    0,    0,    0,    0,    0,    0,    0,    0,    0,    0,  -40,  -33,
       0,    0,    0,    0,    0,    0,    0,    0,    0,    0,    0,    0,    0,    0,    0,    0,    0,    0,    0,    0,    0,    0,    0,    0,    0,    0,    0,    0,    0,    0,    0,    0,    0,    0,    0,    0,    0,    0,    0,    0,    0,    0,    0,    0,    0,    0,    0,    0,    0,    0,    0,    0,    0,    0,    0,    0,    0,    0,    0,    0,    0,    0,    0,    0,    0,    0,    0,    0,    0,    0,    0,    0,    0,    0,    0,    0,    0,    0,    0,    0,    0,    0,    0,    0,    0,    0,    0,   27,    0,    0,    0,    0,    0,    0,    0,    0,    0,   -7,    0,    0,    0,    0,    0,    0,    0,    0,    0,    0,    0,    0,    0,    0,    0,    0,    0,    0,    0,    0,    0,    0,    0,    0,    0,    0,    0,    0,    0,    0,    0,    0,    0,    0,    0,    0,    0,    0,    0,    0,    0,    0,    0,    0,    0,    0,    0,    0,    0,    0,    0,    0,    0,    0,    0,    0,    0,    0,    0,    0,    0,    0,    0,    0,    0,    0,    0,    0,    0,    0,    0,    0,
       0,    0,    0,    0,    0,  -20,    0,    0,    0,    0,    0,    0,    0,    0,    0,    0,    0,    0,    0,    0,    0,    0,    0,    0,    0,    0,    0,    0,    0,    0,    0,    0,    0,    0,    0,    0,    0,    0,    0,    0,    0,    0,    0,    0,    0,    0,    0,    0,    0,    0,    0,    0,    0,    0,    0,    0,    0,    0,    0,    0,    0,    0,    0,    0,    0,    0,    0,    0,    0,    0,    0,    0,    0,    0,    0,    0,    0,    0,    0,    0,    0,    0,    0,    0,    0,    0,    0,   40,   13,    0,    0,    0,  -27,   13,    0,    0,    0,  -47,    7,    0,    0,  -15,    0,    0,    0,  -13,    0,  -40,  -15,    0,    0,   13,    0,  -33,    0,  -87,    0,    0,  -13,    0,    0,    0,    0,    0,    0,    0,    0,    0,    0,    0,    0,    0,    0,    0,    0,    0,    0,    0,    0,    0,    0,    0,    0,    0,    0,    0,    0,    0,    0,    0,    0,    0,    0,    0,    0,    0,    0,    0,    0,    0,    0,    0,    0,    0,    0,    0,    0,    0,    0,    0,
       0,    0,    0,    0,    0,    0,    0,    0,    0,    0,    0,    0,    0,    0,    0,    0,    0,    0,    0,    0,    0,    0,    0,    0,    0,    0,    0,    0,    0,    0,    0,    0,    0,    0,    0,    0,    0,    0,    0,    0,    0,    0,    0,    0,    0,    0,    0,    0,    0,    0,    0,    0,    0,    0,    0,    0,    0,    0,    0,    0,    0,    0,    0,    0,    0,    0,    0,    0,    0,    0,    0,    0,    0,    0,    0,    0,    0,    0,    0,    0,    0,    0,    0,    0,    0,    0,    0,   20,    0,    0,    0,    0,   -7,    0,    0,  -17,  -13,  -20,   20,   -7,    0,    0,    0,  -13,    0,   -7,    0,  -10,    0,    0,    0,    0,    0,  -13,    0,  -13,    0,    0,    0,    0,    0,    0,    0,    0,    0,    0,    0,    0,    0,    0,    0,    0,    0,    0,    0,    0,    0,    0,    0,    0,    0,    0,    0,    0,    0,    0,    0,    0,    0,    0,    0,    0,    0,    0,    0,    0,    0,    0,    0,    0,    0,    0,    0,    0,    0,    0,    0,    0,  -13,    0,
       0,    0,   27,    0,  -23,  -13,  -23,    0,    0,    0,    0,    0,    0,    0,    0,    0,    0,    0,    0,    0,    0,    0,    0,    0,    0,    0,    0,    0,    0,    0,    0,    0,    0,    0,    0,    0,    0,    0,    0,    0,    0,    0,    0,    0,    0,    0,    0,    0,    0,    0,    0,    0,    0,    0,    0,    0,    0,    0,    0,    0,    0,    0,    0,    0,    0,    0,    0,    0,    0,    0,    0,    0,    0,    0,    0,    0,    0,    0,    0,    0,    0,    0,    0,    0,    0,    0,    0,   53,  -20,    0,    0,    0,  -10,    0,    0,    0,   13,    0,    0,    0,  -20,  -10,    0,    0,    0,    0,    0,  -10,  -10,    0,    0,    0,    0,    0,  -20,    0,    0,    0,    0,    0,    0,    0,    0,    0,    0,    0,    0,    0,    0,    0,    0,    0,    0,    0,    0,    0,    0,    0,    0,    0,    0,    0,    0,    0,    0,    0,    0,    0,    0,    0,    0,    0,    0,    0,    0,    0,    0,    0,    0,    0,    0,    0,    0,    0,    0,    0,    0,    0,    0,    0,
      13,    0,   38,    0,  -67,    0,  -67,  -65,    0,    0,    0,    0,    0,    0,    0,    0,    0,    0,    0,    0,    0,    0,    0,    0,    0,    0,    0,    0,    0,    0,    0,    0,    0,    0,    0,    0,    0,    0,    0,    0,    0,    0,    0,    0,    0,    0,    0,    0,    0,    0,    0,    0,    0,    0,    0,    0,    0,    0,    0,    0,    0,    0,    0,    0,    0,    0,    0,    0,    0,    0,    0,    0,    0,    0,    0,    0,    0,    0,    0,    0,    0,    0,    0,    0,    0,    0,    0,   27,  -73,  -10,  -60,    0,    0,  -10,    0,    7,    0,    0,   -7,    7,  -27,  -10,    0,    0,    0,    0,    0,   21,  -10,    0,    0,    0,    0,    0,  -10,    0,    0,   -7,    0,    0,    0,    0,    0,    0,    0,    0,    0,    0,    0,    0,    0,    0,    0,    0,    0,    0,    0,    0,    0,    0,    0,    0,    0,    0,    0,    0,    0,    0,    0,    0,    0,    0,    0,    0,    0,    0,    0,    0,    0,    0,    0,    0,    0,    0,    0,    0,    0,    0,   13,   20,
       0,    0,    0,    0,  -33,   13,  -33,  -40,    0,    0,    0,    0,    0,    0,    0,    0,    0,    0,    0,    0,    0,    0,    0,    0,    0,    0,    0,    0,    0,    0,    0,    0,    0,    0,    0,    0,    0,    0,    0,    0,    0,    0,    0,    0,    0,    0,    0,    0,    0,    0,    0,    0,    0,    0,    0,    0,    0,    0,    0,    0,    0,    0,    0,    0,    0,    0,    0,    0,    0,    0,    0,    0,    0,    0,    0,    0,    0,    0,    0,    0,    0,    0,    0,    0,    0,    0,    0,    0,  -51,  -20,  -27,  -20,    0,  -20,  -33,   -7,  -27,    0,  -40,   -7,  -10,    0,    0,    0,    0,    0,    0,    0,    0,    0,    0,    0,    0,    0,    0,    0,    0,    0,    0,    0,    0,    0,    0,    0,    0,    0,    0,    0,    0,    0,    0,    0,    0,    0,    0,    0,    0,    0,    0,    0,    0,    0,    0,    0,    0,    0,    0,    0,    0,    0,    0,    0,    0,    0,    0,    0,    0,    0,    0,    0,    0,    0,    0,    0,    0,    0,    0,    0,    0,    0,
       0,    0,   20,    0,    0,  -13,    0,    0,    0,    0,    0,    0,    0,    0,    0,    0,    0,    0,    0,    0,    0,    0,    0,    0,    0,    0,    0,    0,    0,    0,    0,    0,    0,    0,    0,    0,    0,    0,    0,    0,    0,    0,    0,    0,    0,    0,    0,    0,    0,    0,    0,    0,    0,    0,    0,    0,    0,    0,    0,    0,    0,    0,    0,    0,    0,    0,    0,    0,    0,    0,    0,    0,    0,    0,    0,    0,    0,    0,    0,    0,    0,    0,    0,    0,    0,    0,    0,   41,    7,    0,    0,    0,  -23,   10,    0,    0,    0,  -40,   20,    0,    0,   -7,    0,    0,    0,   -7,    0,  -10,   -7,    0,    0,   20,    0,  -27,    0,  -27,    0,    0,    0,    0,    0,    0,    0,    0,    0,    0,    0,    0,    0,    0,    0,    0,    0,    0,    0,    0,    0,    0,    0,    0,    0,    0,    0,    0,    0,    0,    0,    0,    0,    0,    0,    0,    0,    0,    0,    0,    0,    0,    0,    0,    0,    0,    0,    0,    0,    0,    0,    0,    0,    0,
       0,    0,    0,    0,  -40,    0,  -40,  -53,    0,    0,    0,    0,    0,    0,    0,    0,   -7,   -7,    0,    0,    0,    0,    0,    0,    0,    0,    0,    0,    0,    0,    0,    0,    0,    0,    0,    0,    0,    0,    0,    0,    0,    0,    0,    0,    0,    0,    0,    0,    0,    0,    0,    0,    0,    0,    0,    0,    0,    0,    0,    0,    0,    0,    0,    0,    0,    0,    0,    0,    0,    0,    0,    0,    0,    0,    0,    0,    0,    0,    0,    0,    0,    0,    0,    0,    0,    0,   -7,   33,  -80,    0,  -63,    0,  -13,   -7,    0,    0,    0,   -7,    0,    0,  -40,  -20,  -13,    0,  -13,    0,    0,    0,  -20,    0,    7,    0,    0,    0,  -27,    0,    0,  -13,    0,    0,    0,    0,    0,    0,    0,    0,    0,    0,    0,    0,    0,    0,    0,    0,    0,    0,    0,    0,    0,    0,    0,    0,    0,    0,    0,    0,    0,    0,    0,    0,    0,    0,    0,    0,    0,    0,    0,    0,    0,    0,    0,    0,    0,    0,    0,    0,    0,    0,    0,    7,
       0,    0,    0,    0,    0,    0,    0,    0,    0,    0,    0,    0,    0,    0,    0,    0,    0,    0,    0,    0,    0,    0,    0,    0,    0,    0,    0,    0,    0,    0,    0,    0,    0,    0,    0,    0,    0,    0,    0,    0,    0,    0,    0,    0,    0,    0,    0,    0,    0,    0,    0,    0,    0,    0,    0,    0,    0,    0,    0,    0,    0,    0,    0,    0,    0,    0,    0,    0,    0,    0,    0,    0,    0,    0,    0,    0,    0,    0,    0,    0,    0,    0,    0,    0,    0,    0,    0,    0,    0,    0,    0,    0,    0,    0,    0,    0,    0,    0,    0,    0,    0,    0,    0,    0,    0,    0,    0,    0,    0,    0,    0,   20,    0,   -7,    0,   -7,  -10,    0,    0,    0,    0,    0,    0,    0,    0,    0,    0,    0,    0,    0,    0,    0,    0,    0,    0,    0,    0,    0,    0,    0,    0,    0,    0,    0,    0,    0,    0,    0,    0,    0,    0,    0,    0,    0,    0,    0,    0,    0,    0,    0,    0,    0,    0,    0,    0,    0,    0,    0,    0,    0,
       0,    0,    0,    0,    0,    0,    0,    0,    0,    0,    0,    0,    0,    0,    0,    0,    0,    0,    0,    0,    0,    0,    0,    0,    0,    0,    0,    0,    0,    0,    0,    0,    0,    0,    0,    0,    0,    0,    0,    0,    0,    0,    0,    0,    0,    0,    0,    0,    0,    0,    0,    0,    0,    0,    0,    0,    0,    0,    0,    0,    0,    0,    0,    0,    0,    0,    0,    0,    0,    0,    0,    0,    0,    0,    0,    0,    0,    0,    0,    0,    0,    0,    0,    0,    0,    0,    0,    0,    0,    0,    0,    0,    0,    0,    0,    0,    0,    0,    0,    0,    0,   -7,    0,    0,    0,    0,    0,    0,   -7,    0,    0,    0,    0,    0,    0,    0,    0,    0,    0,    0,    0,    0,    0,    0,    0,    0,    0,    0,    0,    0,    0,    0,    0,    0,    0,    0,    0,    0,    0,    0,    0,    0,    0,    0,    0,    0,    0,    0,    0,    0,    0,    0,    0,    0,    0,    0,    0,    0,    0,    0,    0,    0,    0,    0,    0,    0,    0,    0,    0,    0,
       0,    0,    0,    0,    0,    0,    0,    0,    0,    0,    0,    0,    0,    0,    0,    0,    0,    0,    0,    0,    0,    0,    0,    0,    0,    0,    0,    0,    0,    0,    0,  -20,    0,    0,    0,    0,    0,    0,    0,    0,    0,    0,    0,    0,    0,    0,    0,    0,    0,    0,    0,    0,    0,    0,    0,    0,    0,    0,    0,    0,    0,    0,    0,    0,    0,    0,    0,    0,    0,    0,    0,    0,    0,    0,    0,    0,    0,    0,    0,    0,    0,    0,    0,    0,    0,    0,    0,    0,    0,    0,    0,    0,    0,    0,    0,    0,    0,    0,    0,    0,    0,    0,    0,    0,    0,    0,    0,    0,    0,    0,    0,    0,    0,   -7,    0,   -7,    0,    0,    0,    0,    0,    0,    0,    0,    0,    0,    0,    0,    0,    0,    0,    0,    0,    0,    0,    0,    0,    0,    0,    0,    0,    0,    0,    0,    0,    0,    0,    0,    0,    0,    0,    0,    0,    0,    0,    0,    0,    0,    0,    0,    0,    0,    0,    0,    0,    0,    0,    0,    0,    0,
       0,    0,  -20,    0,    0,    0,    0,   20,    0,    0,    0,    0,    0,    0,    0,    0,    0,    0,    0,    0,    0,    0,    0,    0,    0,    0,    0,    0,    0,    0,    0,  -20,    0,    0,    0,    0,    0,    0,    0,    0,    0,    0,    0,    0,    0,    0,    0,    0,    0,    0,    0,    0,    0,    0,    0,    0,    0,    0,    0,    0,    0,    0,    0,    0,    0,    0,    0,    0,    0,    0,    0,    0,    0,    0,    0,    0,    0,    0,    0,    0,    0,    0,    0,    0,    0,    0,    0,    0,    0,    0,    0,    0,    0,    0,    0,    0,    0,    0,    0,    0,    0,    0,    0,    0,    0,   -7,    0,  -20,    0,    0,    0,   20,    0,  -20,    0,  -20,   -7,    0,   -7,    0,    0,    0,    0,    0,    0,    0,    0,    0,    0,    0,    0,    0,    0,    0,    0,    0,    0,    0,    0,    0,    0,    0,    0,    0,    0,    0,    0,    0,    0,    0,    0,    0,    0,    0,    0,    0,    0,    0,    0,    0,    0,    0,    0,    0,    0,    0,    0,    0,  -20,  -13,
       0,    0,    0,    0,  -20,    0,  -20,    0,    0,    0,    0,    0,    0,    0,    0,    0,    0,    0,    0,    0,    0,    0,    0,    0,    0,    0,    0,    0,    0,    0,    0,  -33,    0,    0,    0,    0,    0,    0,    0,    0,    0,    0,    0,    0,    0,    0,    0,    0,    0,    0,    0,    0,    0,    0,    0,    0,    0,    0,    0,    0,    0,    0,    0,    0,    0,    0,    0,    0,    0,    0,    0,    0,    0,    0,    0,    0,    0,    0,    0,    0,    0,    0,    0,    0,    0,    0,    0,    0,    0,    0,    0,    0,    0,    0,    0,    0,    0,    0,    0,    0,    0,    0,    0,    0,    0,    0,    0,    0,    0,    0,    0,    0,    0,    0,    0,    0,   -7,    0,    0,    0,    0,    0,    0,    0,    0,    0,    0,    0,    0,    0,    0,    0,    0,    0,    0,    0,    0,    0,    0,    0,    0,    0,    0,    0,    0,    0,    0,    0,    0,    0,    0,    0,    0,    0,    0,    0,    0,    0,    0,    0,    0,    0,    0,    0,    0,    0,    0,    0,    0,    0,
       0,  -20,  -13,    0,  -20,    0,  -20,  -27,    0,    0,    0,    0,    0,    0,    0,    0,    0,    0,  -10,    0,    0,    0,    0,    0,    0,    0,    0,    0,    0,    0,    0,  -40,    0,    0,    0,    0,    0,    0,    0,    0,    0,    0,    0,    0,    0,    0,    0,    0,    0,    0,    0,    0,    0,    0,    0,    0,    0,    0,    0,    0,    0,    0,    0,    0,    0,    0,    0,    0,    0,    0,    0,    0,    0,    0,    0,    0,    0,    0,    0,    0,    0,    0,    0,    0,    0,    0,    0,    0,    0,    0,    0,    0,    0,    0,    0,    0,    0,    0,    0,    0,    0,    0,    0,    0,    0,    0,    0,    0,    0,    0,    0,  -13,    0,    0,    0,    0,   -7,    0,    0,    0,    0,    0,    0,    0,    0,    0,    0,    0,    0,    0,    0,    0,    0,    0,    0,    0,    0,    0,    0,    0,    0,    0,    0,    0,    0,    0,    0,    0,    0,    0,    0,    0,    0,    0,    0,    0,    0,    0,    0,    0,    0,    0,    0,    0,    0,    0,    0,    0,  -27,  -13,
       0,    0,   20,    0,  -60,  -10,  -60,  -37,    0,    0,    0,    0,    0,    0,    0,    0,    0,    0,    0,    0,    0,    0,    0,    0,    0,    0,    0,    0,    0,    0,    0,    0,    0,    0,    0,    0,    0,    0,    0,    0,    0,    0,    0,    0,    0,    0,    0,    0,    0,    0,    0,    0,    0,    0,    0,    0,    0,    0,    0,    0,    0,    0,    0,    0,    0,    0,    0,    0,    0,    0,    0,    0,    0,    0,    0,    0,    0,    0,    0,    0,    0,    0,    0,    0,    0,    0,    0,    0,    0,    0,    0,    0,    0,    0,    0,    0,    0,    0,    0,    0,    0,    0,    0,   10,    0,    0,    0,   13,    0,    0,    0,  -27,    0,    0,  -10,    0,    0,    0,    0,    0,    0,    0,    0,    0,    0,    0,    0,    0,    0,    0,    0,    0,    0,    0,    0,    0,    0,    0,    0,    0,    0,    0,    0,    0,    0,    0,    0,    0,    0,    0,    0,    0,    0,    0,    0,    0,    0,    0,    0,    0,    0,    0,    0,    0,    0,    0,    0,    0,   27,   27,
       0,  -20,  -13,    0,  -20,    0,  -20,  -27,    0,    0,    0,    0,    0,    0,    0,    0,    0,    0,  -10,    0,    0,    0,    0,    0,    0,    0,    0,    0,    0,    0,    0,  -40,    0,    0,    0,    0,    0,    0,    0,    0,    0,    0,    0,    0,    0,    0,    0,    0,    0,    0,    0,    0,    0,    0,    0,    0,    0,    0,    0,    0,    0,    0,    0,    0,    0,    0,    0,    0,    0,    0,    0,    0,    0,    0,    0,    0,    0,    0,    0,    0,    0,    0,    0,    0,    0,    0,    0,   20,    0,    0,    0,    0,    0,    0,    0,    0,    0,    0,    0,    0,    0,    0,    0,    0,    0,    0,    0,    0,    0,    0,    0,  -13,    0,    0,    0,    0,   -7,    0,    0,    0,    0,    0,    0,    0,    0,    0,    0,    0,    0,    0,    0,    0,    0,    0,    0,    0,    0,    0,    0,    0,    0,    0,    0,    0,    0,    0,    0,    0,    0,    0,    0,    0,    0,    0,    0,    0,    0,    0,    0,    0,    0,    0,    0,    0,    0,    0,    0,    0,  -27,  -13,
       0,   37,   27,    0,   13,    0,   13,   20,    0,    0,    0,    0,    0,    0,    0,    0,   20,   20,    0,    0,    0,    0,    0,    0,    0,    0,    0,    0,    0,    0,    0,    0,   23,    0,    0,    0,    0,    0,    0,    0,    0,    0,    0,    0,    0,    0,    0,    0,    0,    0,   33,    0,    0,    0,    0,    0,    0,    0,    0,    0,    0,    0,    0,    0,    0,    0,    0,    0,    0,    0,    0,    0,    0,    0,    0,    0,    0,    0,    0,    0,    0,    0,    0,    0,    0,    0,   20,   53,    0,    0,    0,    0,    0,    0,    0,    0,    0,    0,    0,    0,    0,   -7,    0,    0,    0,   -7,    0,  -13,   -7,    0,    0,   33,    0,   -7,    0,  -47,    0,    0,    0,    0,    0,    0,    0,    0,    0,    0,    0,    0,    0,    0,    0,    0,    0,    0,    0,    0,    0,    0,    0,    0,    0,    0,    0,    0,    0,    0,    0,    0,    0,    0,    0,    0,    0,    0,    0,    0,    0,    0,    0,    0,    0,    0,    0,    0,    0,    0,    0,    0,    0,   13,
       0,    0,    0,    0,  -20,    0,  -20,  -13,    0,    0,    0,    0,    0,    0,    0,    0,    0,    0,    0,    0,    0,    0,    0,    0,    0,    0,    0,    0,    0,    0,    0,    0,    0,    0,    0,    0,    0,    0,    0,    0,    0,    0,    0,    0,    0,    0,    0,    0,    0,    0,    0,    0,    0,    0,    0,    0,    0,    0,    0,    0,    0,    0,    0,    0,    0,    0,    0,    0,    0,    0,    0,    0,    0,    0,    0,    0,    0,    0,    0,    0,    0,    0,    0,    0,    0,    0,    0,    0,    0,    0,    0,    0,    0,    0,    0,    0,    0,    0,    0,    0,    0,    0,    0,    0,    0,    0,    0,   20,    0,    0,    0,    0,    0,    0,    0,    0,    0,    0,    0,    0,    0,    0,    0,    0,    0,    0,    0,    0,    0,    0,    0,    0,    0,    0,    0,    0,    0,    0,    0,    0,    0,    0,    0,    0,    0,    0,    0,    0,    0,    0,    0,    0,    0,    0,    0,    0,    0,    0,    0,    0,    0,    0,    0,    0,    0,    0,    0,    0,    0,   13,
       0,    0,    0,    0,    0,    0,    0,    0,    0,    0,    0,    0,    0,    0,    0,    0,    0,    0,    0,    0,    0,    0,    0,    0,    0,    0,    0,    0,    0,    0,    0,  -33,    0,    0,    0,    0,    0,    0,    0,    0,    0,    0,    0,    0,    0,    0,    0,    0,    0,    0,    0,    0,    0,    0,    0,    0,    0,    0,    0,    0,    0,    0,    0,    0,    0,    0,    0,    0,    0,    0,    0,    0,    0,    0,    0,    0,    0,    0,    0,    0,    0,    0,    0,    0,    0,    0,    0,    0,    0,    0,    0,    0,    0,    0,    0,    0,    0,    0,    0,    0,    0,    0,    0,   13,    0,   13,    0,   20,    0,    0,    0,   20,    0,    0,    0,    0,   10,    0,    0,    0,    0,    0,    0,    0,    0,    0,    0,    0,    0,    0,    0,    0,    0,    0,    0,    0,    0,    0,    0,    0,    0,    0,    0,    0,    0,    0,    0,    0,    0,    0,    0,    0,    0,    0,    0,    0,    0,    0,    0,    0,    0,    0,    0,    0,    0,    0,    0,    0,    0,    0,
       0,    0,  -60,    0,   20,  -13,   20,    0,    0,    0,    0,    0,    0,    0,    0,    0,    0,    0,  -13,    0,    0,    0,    0,    0,    0,    0,    0,    0,    0,    0,    0,  -63,    0,    0,    0,    0,    0,    0,    0,    0,    0,    0,    0,    0,    0,    0,    0,    0,    0,    0,    0,    0,    0,    0,    0,    0,    0,    0,    0,    0,    0,    0,    0,    0,    0,    0,    0,    0,    0,    0,    0,    0,    0,    0,    0,    0,    0,    0,    0,    0,    0,    0,    0,    0,    0,    0,    0,    0,    0,    0,    0,    0,    0,    0,    0,    0,    0,    0,    0,    0,    0,    0,    0,    0,    0,  -20,    0,  -33,    0,    0,  -10,   13,    0,  -27,    0,  -27,  -20,    0,  -17,    0,    0,    0,    0,    0,    0,    0,    0,    0,    0,    0,    0,    0,    0,    0,    0,    0,    0,    0,    0,    0,    0,    0,    0,    0,    0,    0,    0,    0,    0,    0,    0,    0,    0,    0,    0,    0,    0,    0,    0,    0,    0,    0,    0,    0,    0,    0,    0,    0,  -30,  -37,
       0,   13,    0,    0,    0,    0,    0,   20,    0,    0,    0,    0,    0,    0,    0,    0,   20,   20,    0,    0,    0,    0,    0,    0,    0,    0,    0,    0,    0,    0,    0,    0,   23,    0,    0,    0,    0,    0,    0,    0,    0,    0,    0,    0,    0,    0,    0,    0,    0,    0,   27,    0,    0,    0,    0,    0,    0,    0,    0,    0,    0,    0,    0,    0,    0,    0,    0,    0,    0,    0,    0,    0,    0,    0,    0,    0,    0,    0,    0,    0,    0,    0,    0,    0,    0,    0,   20,   40,    0,    0,    0,    0,    0,    0,    0,    0,    0,    0,    0,    0,    0,   -7,    0,    0,    0,    0,    0,  -13,   -7,    0,    0,   20,    0,    0,    0,    0,    0,    0,    0,    0,    0,    0,    0,    0,    0,    0,    0,    0,    0,    0,    0,    0,    0,    0,    0,    0,    0,    0,    0,    0,    0,    0,    0,    0,    0,    0,    0,    0,    0,    0,    0,    0,    0,    0,    0,    0,    0,    0,    0,    0,    0,    0,    0,    0,    0,    0,    0,    0,    0,   13,
       0,    0,   13,    0,    0,    0,    0,    0,    0,    0,    0,    0,    0,    0,    0,    0,    0,    0,    0,    0,    0,    0,    0,    0,    0,    0,    0,    0,    0,    0,    0,    0,    0,    0,    0,    0,    0,    0,    0,    0,    0,    0,    0,    0,    0,    0,    0,    0,    0,    0,    0,    0,    0,    0,    0,    0,    0,    0,    0,    0,    0,    0,    0,    0,    0,    0,    0,    0,    0,    0,    0,    0,    0,    0,    0,    0,    0,    0,    0,    0,    0,    0,    0,    0,    0,    0,    0,    0,    0,    0,    0,    0,    0,    0,    0,    0,    0,    0,    0,    0,    0,    0,    0,   13,    0,   20,    0,   13,    0,    0,    0,    0,    0,    0,    0,    0,   13,    0,    0,    0,    0,    0,    0,    0,    0,    0,    0,    0,    0,    0,    0,    0,    0,    0,    0,    0,    0,    0,    0,    0,    0,    0,    0,    0,    0,    0,    0,    0,    0,    0,    0,    0,    0,    0,    0,    0,    0,    0,    0,    0,    0,    0,    0,    0,    0,    0,    0,    0,   13,   13,
       0,    0,   13,    0,    0,    0,    0,    0,    0,    0,    0,    0,    0,    0,    0,    0,    0,    0,    0,    0,    0,    0,    0,    0,    0,    0,    0,    0,    0,    0,    0,    0,   20,    0,    0,    0,    0,    0,    0,    0,    0,    0,    0,    0,    0,    0,    0,    0,    0,    0,    0,    0,    0,    0,    0,    0,    0,    0,    0,    0,    0,    0,    0,    0,    0,    0,    0,    0,    0,    0,    0,    0,    0,    0,    0,    0,    0,    0,    0,    0,    0,    0,    0,    0,    0,    0,    0,    0,    0,    0,    0,    0,    0,    0,    0,    0,    0,    0,    0,    0,    0,    0,    0,    0,    0,    0,    0,    0,    0,    0,    0,    0,    0,    0,    0,    0,    0,    0,    0,    0,    0,    0,    0,    0,    0,    0,    0,    0,    0,    0,    0,    0,    0,    0,    0,    0,    0,    0,    0,    0,    0,    0,    0,    0,    0,    0,    0,    0,    0,    0,    0,    0,    0,    0,    0,    0,    0,    0,    0,    0,    0,    0,    0,    0,    0,    0,    0,    0,   13,   13,
       0,    0,   13,    0,  -27,    0,  -27,    0,    0,    0,    0,    0,    0,    0,    0,    0,    0,    0,    0,    0,    0,    0,    0,    0,    0,    0,    0,    0,    0,    0,    0,    0,    0,    0,    0,    0,    0,    0,    0,    0,    0,    0,    0,    0,    0,    0,    0,    0,    0,    0,    0,    0,    0,    0,    0,    0,    0,    0,    0,    0,    0,    0,    0,    0,    0,    0,    0,    0,    0,    0,    0,    0,    0,    0,    0,    0,    0,    0,    0,    0,    0,    0,    0,    0,    0,    0,    0,    0,    0,    0,    0,    0,    0,    0,    0,    0,    0,    0,    0,    0,    0,    0,    0,   13,    0,   13,    0,   20,    0,    0,    0,  -20,    0,    0,   -7,    0,   13,    0,    0,    0,    0,    0,    0,    0,    0,    0,    0,    0,    0,    0,    0,    0,    0,    0,    0,    0,    0,    0,    0,    0,    0,    0,    0,    0,    0,    0,    0,    0,    0,    0,    0,    0,    0,    0,    0,    0,    0,    0,    0,    0,    0,    0,    0,    0,    0,    0,    0,    0,   13,   20,
       0,    0,   13,    0,    0,    0,    0,    0,    0,    0,    0,    0,    0,    0,    0,    0,    0,    0,    0,    0,    0,    0,    0,    0,    0,    0,    0,    0,    0,    0,    0,    0,    0,    0,    0,    0,    0,    0,    0,    0,    0,    0,    0,    0,    0,    0,    0,    0,    0,    0,    0,    0,    0,    0,    0,    0,    0,    0,    0,    0,    0,    0,    0,    0,    0,    0,    0,    0,    0,    0,    0,    0,    0,    0,    0,    0,    0,    0,    0,    0,    0,    0,    0,    0,    0,    0,    0,    0,    0,    0,    0,    0,    0,    0,    0,    0,    0,    0,    0,    0,    0,  -10,    0,   13,    0,   13,    0,   20,  -10,    0,    7,   -7,    0,    0,   -7,    0,   13,   -8,    0,    0,    0,    0,    0,    0,    0,    0,    0,    0,    0,    0,    0,    0,    0,    0,    0,    0,    0,    0,    0,    0,    0,    0,    0,    0,    0,    0,    0,    0,    0,    0,    0,    0,    0,    0,    0,    0,    0,    0,    0,    0,    0,    0,    0,    0,    0,    0,    0,    0,   13,   20,
       0,   13,    0,    0,   33,  -13,   20,    0,    0,    0,    0,    0,    0,    0,    0,    0,   27,   33,    0,    0,    0,    0,    0,    0,    0,    0,    0,    0,    0,    0,    0,  -20,   13,    0,    0,    0,    0,    0,    0,    0,    0,    0,    0,    0,    0,    0,    0,    0,    0,    0,   13,  -13,    0,  -13,    0,    0,    0,    0,    0,    0,    0,    0,    0,    0,    0,    0,    0,    0,    0,    0,    0,    0,    0,    0,    0,    0,    0,    0,    0,    0,    0,    0,    0,    0,    0,    0,   33,    0,    0,    0,    0,    0,    0,    0,    0,    0,    0,    0,    0,    0,    0,  -13,  -10,   13,    0,   27,    0,   17,  -13,  -13,    0,  -20,  -13,    0,    0,    0,   40,  -10,    0,    0,    0,    0,    0,    0,    0,    0,    0,    0,    0,    0,    0,    0,    0,    0,    0,    0,    0,    0,    0,    0,    0,    0,    0,    0,    0,    0,    0,    0,    0,    0,    0,    0,    0,    0,    0,    0,    0,    0,    0,    0,    0,    0,    0,    0,    0,    0,    0,    0,    0,    0,
       0,    0,    0,    0,   -7,    0,   -7,    0,    0,    0,    0,    0,    0,    0,    0,    0,    0,    0,    0,    0,    0,    0,    0,    0,    0,    0,    0,    0,    0,    0,    0,  -27,    0,    0,    0,    0,    0,    0,    0,    0,    0,    0,    0,    0,    0,    0,    0,    0,    0,    0,    0,    0,    0,    0,    0,    0,    0,    0,    0,    0,    0,    0,    0,    0,    0,    0,    0,    0,    0,    0,    0,    0,    0,    0,    0,    0,    0,    0,    0,    0,    0,    0,    0,    0,    0,    0,    0,    0,    0,    0,    0,    0,    0,    0,    0,    0,    0,    0,    0,    0,    0,    0,    0,    0,    0,    0,    0,    0,    0,    0,    0,    0,    0,    0,    0,    0,    0,    0,    0,    0,    0,    0,    0,    0,    0,    0,    0,    0,    0,    0,    0,    0,    0,    0,    0,    0,    0,    0,    0,    0,    0,    0,    0,    0,    0,    0,    0,    0,    0,    0,    0,    0,    0,    0,    0,    0,    0,    0,    0,    0,    0,    0,    0,    0,    0,    0,    0,    0,  -13,    0,
       0,    0,   13,    0,  -53,    0,  -53,    0,    0,    0,    0,    0,    0,    0,    0,    0,    0,    0,    0,    0,    0,    0,    0,    0,    0,    0,    0,    0,    0,    0,    0,    0,    0,    0,    0,    0,    0,    0,    0,    0,    0,    0,    0,    0,    0,    0,    0,    0,    0,    0,    0,    0,    0,    0,    0,    0,    0,    0,    0,    0,    0,    0,    0,    0,    0,    0,    0,    0,    0,    0,    0,    0,    0,    0,    0,    0,    0,    0,    0,    0,    0,    0,    0,    0,    0,    0,    0,    0,    0,    0,    0,    0,    0,    0,    0,    0,    0,    0,    0,    0,    0,  -13,    0,   13,    0,   13,    0,   20,  -13,    0,    0,  -33,    0,    0,  -14,    0,    0,   -7,    0,    0,    0,    0,    0,    0,    0,    0,    0,    0,    0,    0,    0,    0,    0,    0,    0,    0,    0,    0,    0,    0,    0,    0,    0,    0,    0,    0,    0,    0,    0,    0,    0,    0,    0,    0,    0,    0,    0,    0,    0,    0,    0,    0,    0,    0,    0,    0,    0,    0,    0,    0,
       0,    0,    0,    0,  -53,  -43,  -53,  -63,    0,    0,    0,    0,    0,    0,    0,    0,  -20,  -20,    0,    0,    0,    0,    0,    0,    0,    0,    0,    0,    0,    0,    0,    0,    0,    0,    0,    0,    0,    0,    0,    0,    0,    0,    0,    0,    0,    0,    0,    0,    0,    0,    0,  -60,    0,    0,    0,    0,    0,    0,    0,    0,    0,    0,    0,    0,    0,    0,    0,    0,    0,    0,    0,    0,    0,    0,    0,    0,    0,    0,    0,    0,    0,    0,    0,    0,    0,    0,  -20,    0,  -83,    0,  -77,    0,  -27,  -20,    0,    0,   13,  -33,    0,    0,  -27,  -67,  -27,    0,  -13,    0,    0,    0,  -67,    0,    0,    0,    0,  -20,  -67,  -20,    0,  -47,  -13,    0,    0,    0,    0,    0,    0,    0,    0,    0,    0,    0,    0,    0,    0,    0,    0,    0,    0,    0,    0,    0,    0,    0,    0,    0,    0,    0,    0,    0,    0,    0,    0,    0,    0,    0,    0,    0,    0,    0,    0,    0,    0,    0,    0,    0,    0,    0,    0,    0,    0,    7,
       0,    0,    0,    0,    0,    0,    0,    0,    0,    0,    0,    0,    0,    0,    0,    0,    0,    0,    0,    0,    0,    0,    0,    0,    0,    0,    0,    0,    0,    0,    0,    0,    0,    0,    0,    0,    0,    0,    0,    0,    0,    0,    0,    0,    0,    0,    0,    0,    0,    0,    0,    0,    0,    0,    0,    0,    0,    0,    0,    0,    0,    0,    0,    0,    0,    0,    0,    0,    0,    0,    0,    0,    0,    0,    0,    0,    0,    0,    0,    0,    0,    0,    0,    0,    0,    0,    0,    0,    0,    0,    0,    0,    0,    0,    0,    0,    0,    0,    0,    0,    0,    0,    0,    0,    0,    0,    0,    0,    0,    0,    0,    0,    0,    0,    0,    0,    0,    0,    0,    0,    0,    0,    0,    0,    0,    0,    0,    0,    0,    0,    0,   -7,    0,    0,    0,    0,    0,    0,    0,    0,    0,    0,    0,    0,    0,    0,    0,    0,    0,    0,    0,    0,    0,    0,    0,    0,    0,    0,    0,    0,    0,  -20,    0,    0,    0,    0,    0,    0,    0,   13,
       0,    0,  -27,    0,    0,    0,    0,    0,    0,    0,    0,    0,    0,    0,    0,    0,    0,    0,    0,    0,    0,    0,    0,    0,    0,    0,    0,    0,    0,    0,    0,  -67,    0,    0,    0,    0,    0,    0,    0,    0,    0,    0,    0,    0,    0,    0,    0,    0,    0,    0,    0,    0,    0,    0,    0,    0,    0,    0,    0,    0,    0,    0,    0,    0,    0,    0,    0,    0,    0,    0,    0,    0,    0,    0,    0,    0,    0,    0,    0,    0,    0,    0,    0,    0,    0,    0,    0,    0,    0,    0,    0,    0,    0,    0,    0,    0,    0,    0,    0,    0,    0,    0,    0,    0,    0,    0,    0,    0,    0,    0,    0,    0,    0,    0,    0,    0,    0,    0,    0,    0,  -33,    0,    0,    0,    0,  -33,    0,    0,    0,    0,    0,  -13,    0,  -40,    0,    0,    0,    0,    0,    0,    0,    0,    0,    0,    0,    0,  -20,    0,  -20,    0,    0,    0,    0,    0,    0,    0,  -20,  -47,    0,    0,  -40,  -20,    0,    0,    0,    0,    0,  -20,  -20,  -13,
       0,    0,    0,    0,    0,    0,    0,    0,    0,    0,    0,    0,    0,    0,    0,    0,    0,    0,    0,    0,    0,    0,    0,    0,    0,    0,    0,    0,    0,    0,    0,    0,    0,    0,    0,    0,    0,    0,    0,    0,    0,    0,    0,    0,    0,    0,    0,    0,    0,    0,    0,    0,    0,    0,    0,    0,    0,    0,    0,    0,    0,    0,    0,    0,    0,    0,    0,    0,    0,    0,    0,    0,    0,    0,    0,    0,    0,    0,    0,    0,    0,    0,    0,    0,    0,    0,    0,    0,    0,    0,    0,    0,    0,    0,    0,    0,    0,    0,    0,    0,    0,    0,    0,    0,    0,    0,    0,    0,    0,    0,    0,    0,    0,    0,    0,    0,    0,    0,    0,    0,    0,    0,    0,    0,    0,    0,    0,    0,    0,    0,    0,  -16,    0,   -7,    0,    0,    0,    0,    0,    0,    0,    0,    0,    0,    0,    0,    0,    0,    0,    0,    0,    0,    0,    0,    0,    0,    0,    0,    0,    0,    0,  -20,    0,    0,    0,    0,    0,    0,    0,    0,
       0,    0,    0,    0,  -13,    0,  -13,  -13,    0,    0,    0,    0,    0,    0,    0,    0,    0,    0,    0,    0,    0,    0,    0,    0,    0,    0,    0,    0,    0,    0,    0,    0,    0,    0,    0,    0,    0,    0,    0,    0,    0,    0,    0,    0,    0,    0,    0,    0,    0,    0,    0,    0,    0,    0,    0,    0,    0,    0,    0,    0,    0,    0,    0,    0,    0,    0,    0,    0,    0,    0,    0,    0,    0,    0,    0,    0,    0,    0,    0,    0,    0,    0,    0,    0,    0,    0,    0,    0,    0,    0,    0,    0,    0,    0,    0,    0,    0,    0,    0,    0,    0,    0,    0,    0,    0,    0,    0,    0,    0,    0,    0,    0,    0,    0,    0,    0,    0,    0,    0,    0,    0,    0,    0,    0,    0,    0,  -17,    0,  -13,    0,    0,    0,   -9,    0,    0,  -13,    0,    0,    0,  -27,    0,  -20,    0,    0,    0,    0,  -13,   -7,    0,    0,  -13,    0,    0,    0,    0,    0,  -13,  -10,    0,    0,    0,    0,    0,  -20,    0,    0,    0,  -13,    0,    0,
       0,    0,    0,    0,    0,    0,    0,    0,    0,    0,    0,    0,    0,    0,    0,    0,    0,    0,    0,    0,    0,    0,    0,    0,    0,    0,    0,    0,    0,    0,    0,    0,    0,    0,    0,    0,    0,    0,    0,    0,    0,    0,    0,    0,    0,    0,    0,    0,    0,    0,    0,  -13,    0,    0,    0,    0,    0,    0,    0,    0,    0,    0,    0,    0,    0,    0,    0,    0,    0,    0,    0,    0,    0,    0,    0,    0,    0,    0,    0,    0,    0,    0,    0,    0,    0,    0,    0,    0,    0,    0,    0,    0,    0,    0,    0,    0,    0,    0,    0,    0,    0,    0,    0,    0,    0,    0,    0,    0,    0,    0,    0,    0,    0,    0,    0,    0,    0,    0,    0,    0,    0,  -10,    0,    0,    0,    0,    0,    0,    0,    0,    0,  -27,    0,    0,    0,    0,    0,    0,    0,    0,  -10,    0,    0,    0,    0,  -20,   -7,    0,  -20,    0,    0,    0,    0,    0,   13,    0,   -7,    0,    0,    0,    0,  -33,  -40,    0,    0,    0,    0,   -7,    0,    0,
       0,    0,    0,    0,  -27,  -13,  -27,  -26,    0,    0,    0,    0,    0,    0,    0,    0,  -19,  -19,    0,    0,    0,    0,    0,    0,    0,    0,    0,    0,    0,    0,    0,    0,    0,    0,    0,    0,    0,    0,    0,    0,    0,    0,    0,    0,    0,    0,    0,    0,    0,    0,    0,    0,    0,    0,    0,    0,    0,    0,    0,    0,    0,    0,    0,    0,    0,    0,    0,    0,    0,    0,    0,    0,    0,    0,    0,    0,    0,    0,    0,    0,    0,    0,    0,    0,    0,    0,  -19,    0,    0,    0,    0,    0,    0,    0,    0,    0,    0,    0,    0,    0,    0,    0,    0,    0,    0,    0,    0,    0,    0,    0,    0,    0,    0,    0,    0,    0,    0,    0,    0,    0,    0,  -10,    0,    0,  -27,    0,  -27,  -20,   -7,    0,    0,  -20,    0,    0,    0,  -13,  -13,    0,  -13,  -13,  -13,   -7,  -13,  -13,    0,    0,  -10,  -13,    0,  -13,  -20,    7,  -11,    0,   20,   10,  -10,    0,    0,    0,    0,  -27,  -27,  -33,    0,    0,    0,  -10,    0,    0,
       0,    0,  -33,    0,    0,   13,    0,    0,    0,    0,    0,    0,    0,    0,    0,    0,    0,    0,    0,    0,    0,    0,    0,    0,    0,    0,    0,    0,    0,    0,    0,  -43,    0,    0,    0,    0,    0,    0,    0,    0,    0,    0,    0,    0,    0,    0,    0,    0,    0,    0,    0,    0,    0,    0,    0,    0,    0,    0,    0,    0,    0,    0,    0,    0,    0,    0,    0,    0,    0,    0,    0,    0,    0,    0,    0,    0,    0,    0,    0,    0,    0,    0,    0,    0,    0,    0,    0,    0,    0,    0,    0,    0,    0,    0,    0,    0,    0,    0,    0,    0,    0,    0,    0,    0,    0,    0,    0,    0,    0,    0,    0,    0,    0,    0,    0,    0,    0,    0,    0,   -7,  -47,    0,    0,  -20,    0,  -47,    0,  -20,  -20,    0,    0,    0,   -7,  -67,    0,  -20,   13,   13,   -7,  -13,   13,  -17,    0,    0,    0,  -13,  -27,  -17,  -13,    0,  -13,    0,    0,    0,    0,    0,  -27,  -47,    0,    0,  -60,  -13,    0,    0,    0,    0,    0,  -27,  -27,  -13,
       0,    0,  -60,    0,    0,    0,    0,    0,    0,    0,    0,    0,    0,    0,    0,    0,    0,    0,    0,    0,    0,    0,    0,    0,    0,    0,    0,    0,    0,    0,    0,  -93,    0,    0,    0,    0,    0,    0,    0,    0,    0,    0,    0,    0,    0,    0,    0,    0,    0,    0,    0,    0,    0,    0,    0,    0,    0,    0,    0,    0,    0,    0,    0,    0,    0,    0,    0,    0,    0,    0,    0,    0,    0,    0,    0,    0,    0,    0,    0,    0,    0,    0,    0,    0,    0,    0,    0,    0,    0,    0,    0,    0,    0,    0,    0,    0,    0,    0,    0,    0,    0,    0,    0,    0,    0,    0,    0,    0,    0,    0,    0,    0,    0,    0,    0,    0,    0,    0,    0,    0,  -50,  -13,    0,    0,    0,  -40,    0,    0,    0,    0,    0,  -27,    0,  -80,    0,    0,    0,  -13,    0,    0,   -7,    0,    0,    0,    0,  -27,  -57,    0,  -47,    0,    0,    0,    0,    0,    0,    0,  -57,  -60,    0,    0,  -63,  -47,  -30,    0,    0,    0,    0,  -57,  -33,  -33,
       0,    0,    0,    0,    0,  -13,    0,    0,    0,    0,    0,    0,    0,    0,    0,    0,    0,    0,    0,    0,    0,    0,    0,    0,    0,    0,    0,    0,    0,    0,    0,    0,    0,    0,    0,    0,    0,    0,    0,    0,    0,    0,    0,    0,    0,    0,    0,    0,    0,    0,    0,  -20,    0,    0,    0,    0,    0,    0,    0,    0,    0,    0,    0,    0,    0,    0,    0,    0,    0,    0,    0,    0,    0,    0,    0,    0,    0,    0,    0,    0,    0,    0,    0,    0,    0,    0,    0,    0,    0,    0,    0,    0,    0,    0,    0,    0,    0,    0,    0,    0,    0,    0,    0,    0,    0,    0,    0,    0,    0,    0,    0,    0,    0,    0,    0,    0,    0,    0,    0,    0,  -27,  -33,    0,    0,    0,  -20,   10,    0,    0,  -20,    0,  -50,    8,  -27,    0,    0,    0,  -20,    0,    0,  -20,    0,    0,    0,    0,  -40,  -33,    7,  -40,    0,    0,    0,   -8,    0,    0,    0,  -33,  -20,    0,    0,  -19,  -50,  -60,    0,  -20,  -13,    0,  -33,  -13,    0,
       0,    0,    0,    0,  -83,  -33,  -83,  -63,    0,    0,    0,    0,    0,    0,    0,    0,    0,    0,    0,    0,    0,    0,    0,    0,    0,    0,    0,    0,    0,    0,    0,    0,    0,    0,    0,    0,    0,    0,    0,    0,    0,    0,    0,    0,    0,    0,    0,    0,    0,    0,    0,  -53,    0,  -33,    0,    0,    0,    0,    0,    0,    0,    0,    0,    0,    0,    0,    0,    0,    0,    0,    0,    0,    0,    0,    0,    0,    0,    0,    0,    0,    0,    0,    0,    0,    0,    0,    0,    0,    0,    0,    0,    0,    0,    0,    0,    0,    0,    0,    0,    0,    0,    0,    0,    0,    0,    0,    0,    0,    0,    0,    0,    0,    0,    0,    0,    0,    0,    0,    0,    0,    0,  -50,  -30,    0,  -60,   13, -113,  -67,  -13,  -30,  -33,  -47,    0,    0,  -13,  -53,  -67,   -7,  -53,  -80,  -73,  -53,  -60,  -67,  -20,  -33,  -27,  -40,  -33,  -60, -100,   13,  -53,    0,   40,    0,  -27,   10,    0,   13,   27,  -20,  -73, -113,  -13,  -53,    0,  -27,    0,   13,
     -33,    0,  -60,    0,    0,  -20,    0,   13,    0,    0,    0,    0,    0,    0,    0,    0,    0,    0,  -37,    0,    0,    0,    0,    0,    0,    0,    0,    0,    0,    0,    0,  -67,    0,    0,    0,    0,    0,    0,    0,    0,    0,    0,    0,    0,    0,    0,    0,    0,    0,    0,    0,  -20,    0,    0,    0,    0,    0,    0,    0,    0,    0,    0,    0,    0,    0,    0,    0,    0,    0,    0,    0,    0,    0,    0,    0,    0,    0,    0,    0,    0,    0,    0,    0,    0,    0,    0,    0,    0,    0,    0,    0,    0,    0,    0,    0,    0,    0,    0,    0,    0,    0,    0,    0,    0,    0,    0,    0,    0,    0,    0,    0,    0,    0,    0,    0,    0,    0,    0,    0,    0,  -70,  -10,    0,    0,    7,  -33,   17,   13,   10,    0,    0,  -33,    7,  -83,    0,    0,    0,  -13,    0,   10,    0,    0,    0,   20,    0,  -33,  -27,   13,  -47,    0,    0,    0,    0,    0,    0,    0,  -27,  -77,    0,    0,  -60,  -60,  -33,   20,    0,    0,    0,  -27,  -73,  -53,
       0,    0,    0,    0,    0,    0,    0,    0,    0,    0,    0,    0,    0,    0,    0,    0,    0,    0,    0,    0,    0,    0,    0,    0,    0,    0,    0,    0,    0,    0,    0,    0,    0,    0,    0,    0,    0,    0,    0,    0,    0,    0,    0,    0,    0,    0,    0,    0,    0,    0,    0,    0,    0,    0,    0,    0,    0,    0,    0,    0,    0,    0,    0,    0,    0,    0,    0,    0,    0,    0,    0,    0,    0,    0,    0,    0,    0,    0,    0,    0,    0,    0,    0,    0,    0,    0,    0,    0,    0,    0,    0,    0,    0,    0,    0,    0,    0,    0,    0,    0,    0,    0,    0,    0,    0,    0,    0,    0,    0,    0,    0,    0,    0,    0,    0,    0,    0,    0,    0,    0,  -20,    0,    0,    0,    0,    0,  -13,    0,  -20,    0,    0,    0,    0,  -13,    0,  -13,    0,    0,    0,  -13,    0,  -13,    0,    0,    0,    0,    0,    0,    0,    0,  -13,    0,    0,    0,    0,    0,    0,    0,    0,    0,    0,  -23,    0,    0,    0,    0,    0,    0,    0,    0,
       0,    0,    0,    0,  -13,    0,  -13,    0,    0,    0,    0,    0,    0,    0,    0,    0,    0,    0,    0,    0,    0,    0,    0,    0,    0,    0,    0,    0,    0,    0,    0,  -27,    0,    0,    0,    0,    0,    0,    0,    0,    0,    0,    0,    0,    0,    0,    0,    0,    0,    0,    0,    0,    0,    0,    0,    0,    0,    0,    0,    0,    0,    0,    0,    0,    0,    0,    0,    0,    0,    0,    0,    0,    0,    0,    0,    0,    0,    0,    0,    0,    0,    0,    0,    0,    0,    0,    0,    0,    0,    0,    0,    0,    0,    0,    0,    0,    0,    0,    0,    0,    0,    0,    0,    0,    0,    0,    0,    0,    0,    0,    0,    0,    0,    0,    0,    0,    0,    0,    0,    0,  -10,    0,    0,    0,    0,   -7,  -20,  -13,  -13,    0,  -20,    0,  -10,  -17,    0,    0,    0,   13,    0,  -13,   10,    0,    0,    0,    0,    0,    0,    0,    0,    0,   -7,    0,    0,    0,    0,    7,    0,  -17,    0,    0,  -13,    0,    0,  -17,    0,    0,    0,    0,    0,    0,
       0,    0,    0,    0,  -67,  -13,  -67,  -83,    0,    0,    0,    0,    0,    0,    0,    0,  -13,  -13,    0,    0,    0,    0,    0,    0,    0,    0,    0,    0,    0,    0,    0,    0,    0,    0,    0,    0,    0,    0,    0,    0,    0,    0,    0,    0,    0,    0,    0,    0,    0,    0,    0,  -20,    0,  -13,    0,    0,    0,    0,    0,    0,    0,    0,    0,    0,    0,    0,    0,    0,    0,    0,    0,    0,    0,    0,    0,    0,    0,    0,    0,    0,    0,    0,    0,    0,    0,    0,  -13,    0,    0,    0,    0,    0,    0,    0,    0,    0,    0,    0,    0,    0,    0,    0,    0,    0,    0,    0,    0,    0,    0,    0,    0,    0,    0,    0,    0,    0,    0,    0,    0,    0,    0,  -20,  -10,    0,  -53,    0,  -80,  -53,  -13,    0,  -17,  -20,    0,    0,    0,  -33,  -37,    0,    0,  -60,  -40,    0,  -13,  -53,    0,    0,    0,    0,    0,  -13,  -53,    0,  -47,    0,   20,    0,    0,    0,    0,    0,    0,  -13,  -60,  -67,    0,  -13,    0,    0,   13,   13,
       0,    0,    0,    0,    0,    0,    0,    0,    0,    0,    0,    0,    0,    0,    0,    0,    0,    0,    0,    0,    0,    0,    0,    0,    0,    0,    0,    0,    0,    0,    0,    0,    0,    0,    0,    0,    0,    0,    0,    0,    0,    0,    0,    0,    0,    0,    0,    0,    0,    0,    0,  -13,    0,    0,    0,    0,    0,    0,    0,    0,    0,    0,    0,    0,    0,    0,    0,    0,    0,    0,    0,    0,    0,    0,    0,    0,    0,    0,    0,    0,    0,    0,    0,    0,    0,    0,    0,    0,    0,    0,    0,    0,    0,    0,    0,    0,    0,    0,    0,    0,    0,    0,    0,    0,    0,    0,    0,    0,    0,    0,    0,    0,    0,    0,    0,    0,    0,    0,    0,    0,    0,  -10,    0,   27,    0,    0,   10,    0,    0,    0,    0,  -27,   10,    0,    0,    0,    0,    0,    0,    0,  -10,    0,    0,    0,    0,  -20,    0,    0,  -20,    0,    0,    0,    0,    0,    0,   27,    0,    0,    0,    0,    0,  -33,  -40,    0,    0,    0,    0,    0,    0,    0,
       0,    0,    0,    0,    0,    0,    0,    0,    0,    0,    0,    0,    0,    0,    0,    0,    0,    0,    0,    0,    0,    0,    0,    0,    0,    0,    0,    0,    0,    0,    0,    0,    0,    0,    0,    0,    0,    0,    0,    0,    0,    0,    0,    0,    0,    0,    0,    0,    0,    0,    0,    0,    0,    0,    0,    0,    0,    0,    0,    0,    0,    0,    0,    0,    0,    0,    0,    0,    0,    0,    0,    0,    0,    0,    0,    0,    0,    0,    0,    0,    0,    0,    0,    0,    0,    0,    0,    0,    0,    0,    0,    0,    0,    0,    0,    0,    0,    0,    0,    0,    0,    0,    0,    0,    0,    0,    0,    0,    0,    0,    0,    0,    0,    0,    0,    0,    0,    0,    0,    0,  -17,   -7,    0,    0,   13,  -13,    0,    0,    0,    0,    0,  -22,   20,  -13,    0,    0,    0,    0,    0,    0,    0,    0,    0,    0,    0,    0,  -10,    0,    0,    0,    0,    0,    0,    0,   13,    0,  -10,  -13,    0,    0,  -13,  -20,  -20,    0,    0,    0,    0,  -10,  -13,    0,
       0,  -20,    0,    0,  -33,    0,  -33,  -27,    0,    0,    0,    0,    0,    0,    0,    0,    0,    0,    0,    0,    0,    0,    0,    0,    0,    0,    0,    0,    0,    0,    0,  -20,    0,    0,    0,    0,    0,    0,    0,    0,    0,    0,    0,    0,    0,    0,    0,    0,    0,    0,    0,    0,    0,    0,    0,    0,    0,    0,    0,    0,    0,    0,    0,    0,    0,    0,    0,    0,    0,    0,    0,    0,    0,    0,    0,    0,    0,    0,    0,    0,    0,    0,    0,    0,    0,    0,    0,    0,    0,    0,    0,    0,    0,    0,    0,    0,    0,    0,    0,    0,    0,    0,    0,    0,    0,    0,    0,    0,    0,    0,    0,    0,    0,    0,    0,    0,    0,    0,    0,  -10,    0,    0,    0,  -13,  -20,  -13,  -19,  -33,  -33,  -13,   -7,    0,  -23,  -20,    0,  -20,    0,    0,    0,  -27,    0,    0,    0,  -27,    0,    0,    0,    0,    0,    0,  -27,    0,    0,    0,    0,    0,    0,  -13,    0,    0,  -17,    0,    0,  -47,    0,    0,    0,    0,    0,    0,
      13,    0,   38,    0,  -67,    0,  -67,  -65,    0,    0,    0,    0,    0,    0,    0,    0,    0,    0,    0,    0,    0,    0,    0,    0,    0,    0,    0,    0,    0,    0,    0,    0,    0,    0,    0,    0,    0,    0,    0,    0,    0,    0,    0,    0,    0,    0,    0,    0,    0,    0,    0,    0,    0,    0,    0,    0,    0,    0,    0,    0,    0,    0,    0,    0,    0,    0,    0,    0,    0,    0,    0,    0,    0,    0,    0,    0,    0,    0,    0,    0,    0,    0,    0,    0,    0,    0,    0,    0,    0,    0,    0,    0,    0,    0,    0,    0,    0,    0,    0,    0,    0,    0,    0,    0,    0,    0,    0,    0,    0,    0,    0,    0,    0,    0,    0,    0,    0,    0,    0,  -10,    7,    0,    0,    0,  -37,    0,  -73,  -53,  -20,    0,  -10,    0,   -7,    0,    0,  -17,  -10,    0,    0,  -40,  -10,    0,    0,  -13,    0,    0,   21,    0,    0,    0,  -33,    0,  -12,    0,   13,   20,   21,    0,    0,    0,    0,    0,    0,  -90,    0,    0,    0,   21,   13,   20,
       0,    0,    0,    0,    0,  -13,    0,    0,    0,    0,    0,    0,    0,    0,    0,    0,    0,    0,    0,    0,    0,    0,    0,    0,    0,    0,    0,    0,    0,    0,    0,    0,    0,    0,    0,    0,    0,    0,    0,    0,    0,    0,    0,    0,    0,    0,    0,    0,    0,    0,    0,    0,    0,    0,    0,    0,    0,    0,    0,    0,    0,    0,    0,    0,    0,    0,    0,    0,    0,    0,    0,    0,    0,    0,    0,    0,    0,    0,    0,    0,    0,    0,    0,    0,    0,    0,    0,    0,    0,    0,    0,    0,    0,    0,    0,    0,    0,    0,    0,    0,    0,    0,    0,    0,    0,    0,    0,    0,    0,    0,    0,    0,    0,    0,    0,    0,    0,    0,    0,    0,    0,  -16,    0,    0,    0,    0,    0,    0,    0,    0,    0,  -20,    0,    0,    0,  -13,  -10,    0,    0,    0,  -10,    0,    0,    0,    0,    0,   -9,    0,    0,    0,    0,    0,  -10,    0,    0,    0,   -9,    0,    0,    0,    0,    0,    0,    0,    0,    0,    0,   -9,    0,    0,
       0,    0,    0,    0,  -33,   13,  -33,  -40,    0,    0,    0,    0,    0,    0,    0,    0,    0,    0,    0,    0,    0,    0,    0,    0,    0,    0,    0,    0,    0,    0,    0,    0,    0,    0,    0,    0,    0,    0,    0,    0,    0,    0,    0,    0,    0,    0,    0,    0,    0,    0,    0,    0,    0,    0,    0,    0,    0,    0,    0,    0,    0,    0,    0,    0,    0,    0,    0,    0,    0,    0,    0,    0,    0,    0,    0,    0,    0,    0,    0,    0,    0,    0,    0,    0,    0,    0,    0,    0,    0,    0,    0,    0,    0,    0,    0,    0,    0,    0,    0,    0,    0,    0,    0,    0,    0,    0,    0,    0,    0,    0,    0,    0,    0,    0,    0,    0,    0,    0,    0,  -20,   -7,    0,    0,    0,  -33,  -27,  -51,  -60,  -50,  -20,  -20,    0,  -40,  -20,  -13,  -40,    0,    0,    0,  -27,    0,    0,    0,  -20,    0,    0,    0,    0,    0,    0,  -13,    0,    0,    0,    0,    0,    0,  -23,    0,    0,  -20,    0,    0,  -47,    0,    0,    0,    0,    0,    0,
       0,    0,   20,    0,    0,  -13,    0,    0,    0,    0,    0,    0,    0,    0,    0,    0,    0,    0,    0,    0,    0,    0,    0,    0,    0,    0,    0,    0,    0,    0,    0,    0,    0,    0,    0,    0,    0,    0,    0,    0,    0,    0,    0,    0,    0,    0,    0,    0,    0,    0,    0,    0,    0,    0,    0,    0,    0,    0,    0,    0,    0,    0,    0,    0,    0,    0,    0,    0,    0,    0,    0,    0,    0,    0,    0,    0,    0,    0,    0,    0,    0,    0,    0,    0,    0,    0,    0,    0,    0,    0,    0,    0,    0,    0,    0,    0,    0,    0,    0,    0,    0,    0,    0,    0,    0,    0,    0,    0,    0,    0,    0,    0,    0,    0,    0,    0,    0,    0,    0,    0,    0,  -23,    0,    0,    7,    0,    7,   13,    0,    0,   10,  -40,   20,    0,    0,    0,    0,    0,    0,   20,   -7,    0,    0,   20,    0,  -40,  -23,   13,  -40,    0,    0,   13,    0,    0,   27,    0,  -23,    0,    0,    0,    0,  -47,  -40,   20,   -7,    0,    0,  -23,    0,    0,
       0,    0,  -27,    0,    0,    0,    0,    0,    0,    0,    0,    0,    0,    0,    0,    0,    0,    0,  -17,    0,    0,    0,    0,    0,    0,    0,    0,    0,    0,    0,    0,  -67,    0,    0,    0,    0,    0,    0,    0,    0,    0,    0,    0,    0,    0,    0,    0,    0,    0,    0,    0,    0,    0,    0,    0,    0,    0,    0,    0,    0,    0,    0,    0,    0,    0,    0,    0,    0,    0,    0,    0,    0,    0,    0,    0,    0,    0,    0,    0,    0,    0,    0,    0,    0,    0,    0,    0,    0,    0,    0,    0,    0,    0,    0,    0,    0,    0,    0,    0,    0,    0,    0,    0,    0,    0,    0,    0,    0,    0,    0,    0,    0,    0,    0,    0,    0,    0,    0,    0,    0,    0,    0,    0,    0,    0,    0,    0,    0,    0,    0,    0,    0,    0,    0,    0,    0,    0,    0,    0,    0,    0,    0,    0,   13,    0,  -13,  -27,    0,  -27,    0,    0,    0,    0,    0,    0,    0,  -27,    0,    0,    0,    0,    0,  -20,    0,    0,    0,    0,  -27,  -27,  -20,
       0,  -20,  -13,    0,  -20,    0,  -20,  -27,    0,    0,    0,    0,    0,    0,    0,    0,    0,    0,  -10,    0,    0,    0,    0,    0,    0,    0,    0,    0,    0,    0,    0,  -40,    0,    0,    0,    0,    0,    0,    0,    0,    0,    0,    0,    0,    0,    0,    0,    0,    0,    0,    0,    0,    0,    0,    0,    0,    0,    0,    0,    0,    0,    0,    0,    0,    0,    0,    0,    0,    0,    0,    0,    0,    0,    0,    0,    0,    0,    0,    0,    0,    0,    0,    0,    0,    0,    0,    0,    0,    0,    0,    0,    0,    0,    0,    0,    0,    0,    0,    0,    0,    0,    0,    0,    0,    0,    0,    0,    0,    0,    0,    0,    0,    0,    0,    0,    0,    0,    0,    0,    0,    0,    0,    0,    0,    0,    0,    0,    0,    0,    0,    0,    0,    0,    0,    0,    0,    0,    0,   -7,  -13,    0,  -20,   -8,  -13,    0,    0,  -13,  -17,    0,   -8,  -16,    0,    0,    0,    0,    0,  -13,    0,    0,    0,    0,    0,    0,    0,    0,    0,    0,  -13,  -27,  -13,
       0,    0,    0,    0,    0,    0,    0,    0,    0,    0,    0,    0,    0,    0,    0,    0,    0,    0,    0,    0,    0,    0,    0,    0,    0,    0,    0,    0,    0,    0,    0,    0,    0,    0,    0,    0,    0,    0,    0,    0,    0,    0,    0,    0,    0,    0,    0,    0,    0,    0,    0,    0,    0,    0,    0,    0,    0,    0,    0,    0,    0,    0,    0,    0,    0,    0,    0,    0,    0,    0,    0,    0,    0,    0,    0,    0,    0,    0,    0,    0,    0,    0,    0,    0,    0,    0,    0,    0,    0,    0,    0,    0,    0,    0,    0,    0,    0,    0,    0,    0,    0,    0,    0,    0,    0,    0,    0,    0,    0,    0,    0,    0,    0,    0,    0,    0,    0,    0,    0,    0,    0,    0,    0,    0,    0,    0,    0,    0,    0,    0,    0,    0,    0,    0,    0,    0,    0,    0,   -7,   -7,    0,  -13,    0,    0,    0,    0,  -17,  -10,    0,    0,  -13,    0,    0,    0,    0,    0,  -17,    0,    0,    0,    0,    0,   -7,    0,    0,    0,    0,  -17,    0,    0,
       0,    0,    0,    0,  -33,    0,  -33,  -27,    0,    0,    0,    0,    0,    0,    0,    0,    0,    0,    0,    0,    0,    0,    0,    0,    0,    0,    0,    0,    0,    0,    0,    0,    0,    0,    0,    0,    0,    0,    0,    0,    0,    0,    0,    0,    0,    0,    0,    0,    0,    0,    0,    0,    0,    0,    0,    0,    0,    0,    0,    0,    0,    0,    0,    0,    0,    0,    0,    0,    0,    0,    0,    0,    0,    0,    0,    0,    0,    0,    0,    0,    0,    0,    0,    0,    0,    0,    0,    0,    0,    0,    0,    0,    0,    0,    0,    0,    0,    0,    0,    0,    0,    0,    0,    0,    0,    0,    0,    0,    0,    0,    0,    0,    0,    0,    0,    0,    0,    0,    0,    0,    0,    0,    0,    0,    0,    0,    0,    0,    0,    0,    0,    0,    0,    0,    0,    0,   -9,    7,    0,  -33,   -7,    0,    0,  -33,   13,    0,    0,    0,    0,    0,  -27,   -7,   -7,    0,    0,    0,    0,    0,    0,    0,    0,    0,    0,    0,    0,    0,    0,    0,    0,   13,
       0,    0,    0,    0,    7,    0,    7,    0,    0,    0,    0,    0,    0,    0,    0,    0,    0,    0,    0,    0,    0,    0,    0,    0,    0,    0,    0,    0,    0,    0,    0,  -13,    0,    0,    0,    0,    0,    0,    0,    0,    0,    0,    0,    0,    0,    0,    0,    0,    0,    0,    0,    0,    0,    0,    0,    0,    0,    0,    0,    0,    0,    0,    0,    0,    0,    0,    0,    0,    0,    0,    0,    0,    0,    0,    0,    0,    0,    0,    0,    0,    0,    0,    0,    0,    0,    0,    0,    0,    0,    0,    0,    0,    0,    0,    0,    0,    0,    0,    0,    0,    0,    0,    0,    0,    0,    0,    0,    0,    0,    0,    0,    0,    0,    0,    0,    0,    0,    0,    0,    0,    0,    0,    0,    0,    0,    0,    0,    0,    0,    0,    0,    0,    0,    0,    0,    0,    0,    0,    0,    0,   -7,    0,    0,    0,    0,    0,    0,    0,    0,    0,    0,    0,    0,    0,    0,   27,   20,    0,    0,    0,    0,    0,  -20,    0,    0,    0,    0,   20,    0,    0,
       0,    0,    0,    0,    0,    0,    0,    0,    0,    0,    0,    0,    0,    0,    0,    0,    0,    0,  -13,    0,    0,    0,    0,    0,    0,    0,    0,    0,    0,    0,    0,  -27,    0,    0,    0,    0,    0,    0,    0,    0,    0,    0,    0,    0,    0,    0,    0,    0,    0,    0,    0,    0,    0,    0,    0,    0,    0,    0,    0,    0,    0,    0,    0,    0,    0,    0,    0,    0,    0,    0,    0,    0,    0,    0,    0,    0,    0,    0,    0,    0,    0,    0,    0,    0,    0,    0,    0,    0,    0,    0,    0,    0,    0,    0,    0,    0,    0,    0,    0,    0,    0,    0,    0,    0,    0,    0,    0,    0,    0,    0,    0,    0,    0,    0,    0,    0,    0,    0,    0,    0,    0,    0,    0,    0,    0,    0,    0,    0,    0,    0,    0,    0,    0,    0,    0,    0,   -7,    0,    0,   -7,    0,  -13,    0,    0,    0,    0,    0,    0,    0,    0,  -13,    0,    0,    0,    0,    0,    0,    0,    0,    0,    0,    0,    0,    0,    0,    0,    0,    0,  -13,    0,
       0,    0,    0,    0,    0,    0,    0,    0,    0,    0,    0,    0,    0,    0,    0,    0,    0,    0,    0,    0,    0,    0,    0,    0,    0,    0,    0,    0,    0,    0,    0,  -13,    0,    0,    0,    0,    0,    0,    0,    0,    0,    0,    0,    0,    0,    0,    0,    0,    0,    0,    0,  -20,    0,    0,    0,    0,    0,    0,    0,    0,    0,    0,    0,    0,    0,    0,    0,    0,    0,    0,    0,    0,    0,    0,    0,    0,    0,    0,    0,    0,    0,    0,    0,    0,    0,    0,    0,    0,    0,    0,    0,    0,    0,    0,    0,    0,    0,    0,    0,    0,    0,    0,    0,    0,    0,    0,    0,    0,    0,    0,    0,    0,    0,    0,    0,    0,    0,    0,    0,    0,    0,    0,    0,    0,    0,    0,    0,    0,    0,    0,    0,    0,    0,    0,    0,    0,  -18,  -10,    0,    0,  -24,    0,   -7,    0,    0,   -7,  -13,    0,    0,   -7,    0,    0,    0,    0,    0,    0,  -13,    0,    0,    0,    0,    0,  -40,    0,    0,    0,    0,  -13,    0,    0,
       0,    0,    0,    0,  -13,    0,  -13,    0,    0,    0,    0,    0,    0,    0,    0,    0,    0,    0,    0,    0,    0,    0,    0,    0,    0,    0,    0,    0,    0,    0,    0,  -33,    0,    0,    0,    0,    0,    0,    0,    0,    0,    0,    0,    0,    0,    0,    0,    0,    0,    0,    0,    0,    0,    0,    0,    0,    0,    0,    0,    0,    0,    0,    0,    0,    0,    0,    0,    0,    0,    0,    0,    0,    0,    0,    0,    0,    0,    0,    0,    0,    0,    0,    0,    0,    0,    0,    0,    0,    0,    0,    0,    0,    0,    0,    0,    0,    0,    0,    0,    0,    0,    0,    0,    0,    0,    0,    0,    0,    0,    0,    0,    0,    0,    0,    0,    0,    0,    0,    0,    0,    0,    0,    0,    0,    0,    0,    0,    0,    0,    0,    0,    0,    0,    0,    0,    0,    0,    0,    0,  -13,    0,   -9,    0,    0,    0,    0,  -10,    0,    0,    0,  -10,    0,    0,    0,    0,    0,  -10,    0,    0,    0,    0,    0,    0,    0,    0,    0,    0,  -10,  -13,    0,
       0,    0,    0,    0,    0,    0,    0,    0,    0,    0,    0,    0,    0,    0,    0,    0,    0,    0,    0,    0,    0,    0,    0,    0,    0,    0,    0,    0,    0,    0,    0,    0,    0,    0,    0,    0,    0,    0,    0,    0,    0,    0,    0,    0,    0,    0,    0,    0,    0,    0,    0,    0,    0,    0,    0,    0,    0,    0,    0,    0,    0,    0,    0,    0,    0,    0,    0,    0,    0,    0,    0,    0,    0,    0,    0,    0,    0,    0,    0,    0,    0,    0,    0,    0,    0,    0,    0,    0,    0,    0,    0,    0,    0,    0,    0,    0,    0,    0,    0,    0,    0,    0,    0,    0,    0,    0,    0,    0,    0,    0,    0,    0,    0,    0,    0,    0,    0,    0,    0,    0,    0,    0,    0,    0,    0,    0,    0,    0,    0,    0,    0,    0,    0,    0,    0,    0,   -7,    0,    0,    0,   -7,    0,    0,    0,    0,    0,   -7,    0,    0,    0,   -8,    0,    0,    0,    0,    0,   -7,    0,    0,    0,    0,    0,  -20,    0,    0,    0,    0,   -7,    0,    0,
       0,    0,    0,    0,    0,    0,    0,    0,    0,    0,    0,    0,    0,    0,    0,    0,    0,    0,    0,    0,    0,    0,    0,    0,    0,    0,    0,    0,    0,    0,    0,  -40,    0,    0,    0,    0,    0,    0,    0,    0,    0,    0,    0,    0,    0,    0,    0,    0,    0,    0,    0,    0,    0,    0,    0,    0,    0,    0,    0,    0,    0,    0,    0,    0,    0,    0,    0,    0,    0,    0,    0,    0,    0,    0,    0,    0,    0,    0,    0,    0,    0,    0,    0,    0,    0,    0,    0,    0,    0,    0,    0,    0,    0,    0,    0,    0,    0,    0,    0,    0,    0,    0,    0,    0,    0,    0,    0,    0,    0,    0,    0,    0,    0,    0,    0,    0,    0,    0,    0,    0,    0,    0,    0,    0,    0,    0,    0,    0,    0,    0,    0,    0,    0,    0,    0,    0,   -7,    0,    0,    0,    0,    0,    0,    0,    0,    0,   -7,    0,    0,    0,  -13,    0,    0,    0,    0,    0,   -7,    0,    0,    0,    0,    0,    0,    0,    0,    0,    0,   -7,    0,   13,
       0,    0,   20,    0,  -60,  -10,  -60,  -37,    0,    0,    0,    0,    0,    0,    0,    0,    0,    0,    0,    0,    0,    0,    0,    0,    0,    0,    0,    0,    0,    0,    0,    0,    0,    0,    0,    0,    0,    0,    0,    0,    0,    0,    0,    0,    0,    0,    0,    0,    0,    0,    0,    0,    0,    0,    0,    0,    0,    0,    0,    0,    0,    0,    0,    0,    0,    0,    0,    0,    0,    0,    0,    0,    0,    0,    0,    0,    0,    0,    0,    0,    0,    0,    0,    0,    0,    0,    0,    0,    0,    0,    0,    0,    0,    0,    0,    0,    0,    0,    0,    0,    0,    0,    0,    0,    0,    0,    0,    0,    0,    0,    0,    0,    0,    0,    0,    0,    0,    0,    0,    0,    0,    0,    0,    0,    0,    0,    0,    0,    0,    0,    0,    0,    0,    0,    0,    0,  -20,    0,    0,  -40,  -20,   -7,   -7,  -40,    7,   13,    7,    7,   13,   -7,  -37,  -10,  -20,   13,    0,   27,    7,    0,    0,    0,    0,    0,    0,    0,    0,    0,    0,    7,   27,   27,
       0,    0,   13,    0,    7,    0,    7,    0,    0,    0,    0,    0,    0,    0,    0,    0,    0,    0,    0,    0,    0,    0,    0,    0,    0,    0,    0,    0,    0,    0,    0,    0,    0,    0,    0,    0,    0,    0,    0,    0,    0,    0,    0,    0,    0,    0,    0,    0,    0,    0,    0,    0,    0,    0,    0,    0,    0,    0,    0,    0,    0,    0,    0,    0,    0,    0,    0,    0,    0,    0,    0,    0,    0,    0,    0,    0,    0,    0,    0,    0,    0,    0,    0,    0,    0,    0,    0,    0,    0,    0,    0,    0,    0,    0,    0,    0,    0,    0,    0,    0,    0,    0,    0,    0,    0,    0,    0,    0,    0,    0,    0,    0,    0,    0,    0,    0,    0,    0,    0,    0,    0,    0,    0,    0,    0,    0,    0,    0,    0,    0,    0,    0,    0,    0,    0,    0,   -7,    0,    0,    0,  -17,    0,    0,    0,   13,    0,   10,    7,    0,    0,    0,    0,   -7,    0,    0,    0,   10,    0,    0,    0,    0,    0,  -13,    0,    0,    0,    0,   10,   20,   27,
       0,    0,  -20,    0,    0,    0,    0,    0,    0,    0,    0,    0,    0,    0,    0,    0,    0,    0,    0,    0,    0,    0,    0,    0,    0,    0,    0,    0,    0,    0,    0,  -80,    0,    0,    0,    0,    0,    0,    0,    0,    0,    0,    0,    0,    0,    0,    0,    0,    0,    0,    0,    0,    0,    0,    0,    0,    0,    0,    0,    0,    0,    0,    0,    0,    0,    0,    0,    0,    0,    0,    0,    0,    0,    0,    0,    0,    0,    0,    0,    0,    0,    0,    0,    0,    0,    0,    0,    0,    0,    0,    0,    0,    0,    0,    0,    0,    0,    0,    0,    0,    0,    0,    0,    0,    0,    0,    0,    0,    0,    0,    0,    0,    0,    0,    0,    0,    0,    0,    0,    0,    0,    0,    0,    0,    0,    0,    0,    0,    0,    0,    0,    0,    0,    0,    0,    0,    0,    0,   -7,   -7,    0,   -7,    0,    0,  -13,  -33,  -47,  -13,  -47,    0,  -13,    0,    0,    0,    0,    0,  -47,    0,    0,    0,    0,    0,  -13,    0,    0,    0,   -7,  -47,  -20,  -27,
       0,    0,  -27,    0,    0,    0,    0,    0,    0,    0,    0,    0,    0,    0,    0,    0,    0,    0,  -11,    0,    0,    0,    0,    0,    0,    0,    0,    0,    0,    0,    0,  -60,    0,    0,    0,    0,    0,    0,    0,    0,    0,    0,    0,    0,    0,    0,    0,    0,    0,    0,    0,    0,    0,    0,    0,    0,    0,    0,    0,    0,    0,    0,    0,    0,    0,    0,    0,    0,    0,    0,    0,    0,    0,    0,    0,    0,    0,    0,    0,    0,    0,    0,    0,    0,    0,    0,    0,    0,    0,    0,    0,    0,    0,    0,    0,    0,    0,    0,    0,    0,    0,    0,    0,    0,    0,    0,    0,    0,    0,    0,    0,    0,    0,    0,    0,    0,    0,    0,    0,    0,    0,    0,    0,    0,    0,    0,    0,    0,    0,    0,    0,    0,    0,    0,    0,    0,    0,    0,    0,    0,    0,    0,    0,    0,    0,    0,  -28,    0,  -33,    0,  -20,    0,    0,    0,    0,    0,  -28,    0,    0,    0,    0,    0,  -20,    0,    0,    0,  -13,  -28,  -33,  -20,
       0,    0,    0,    0,  -10,    0,  -10,  -13,    0,    0,    0,    0,    0,    0,    0,    0,    0,    0,  -10,    0,    0,    0,    0,    0,    0,    0,    0,    0,    0,    0,    0,  -20,    0,    0,    0,    0,    0,    0,    0,    0,    0,    0,    0,    0,    0,    0,    0,    0,    0,    0,    0,    0,    0,    0,    0,    0,    0,    0,    0,    0,    0,    0,    0,    0,    0,    0,    0,    0,    0,    0,    0,    0,    0,    0,    0,    0,    0,    0,    0,    0,    0,    0,    0,    0,    0,    0,    0,    0,    0,    0,    0,    0,    0,    0,    0,    0,    0,    0,    0,    0,    0,    0,    0,    0,    0,    0,    0,    0,    0,    0,    0,    0,    0,    0,    0,    0,    0,    0,    0,    0,    0,    0,    0,    0,    0,    0,    0,    0,    0,    0,    0,    0,    0,    0,    0,    0,   -9,    0,    0,   -9,    0,   -7,    0,    0,    0,    0,   -7,  -11,    0,    0,  -13,    0,    0,    0,    0,    0,   -7,    0,    0,    0,    0,    0,    0,    0,    0,    0,    0,   -7,  -13,    0,
       0,    0,    0,    0,    0,    0,    0,    0,    0,    0,    0,    0,    0,    0,    0,    0,    0,    0,    0,    0,    0,    0,    0,    0,    0,    0,    0,    0,    0,    0,    0,    0,    0,    0,    0,    0,    0,    0,    0,    0,    0,    0,    0,    0,    0,    0,    0,    0,    0,    0,    0,    0,    0,    0,    0,    0,    0,    0,    0,    0,    0,    0,    0,    0,    0,    0,    0,    0,    0,    0,    0,    0,    0,    0,    0,    0,    0,    0,    0,    0,    0,    0,    0,    0,    0,    0,    0,    0,    0,    0,    0,    0,    0,    0,    0,    0,    0,    0,    0,    0,    0,    0,    0,    0,    0,    0,    0,    0,    0,    0,    0,    0,    0,    0,    0,    0,    0,    0,    0,    0,    0,    0,    0,    0,    0,    0,    0,    0,    0,    0,    0,    0,    0,    0,    0,    0,    0,    0,    0,    0,    0,    0,    0,    0,    0,  -20,  -13,    0,  -20,    0,    0,    0,    0,    0,    0,    0,  -13,    0,    0,    0,    0,    0,  -20,    0,    0,    0,    0,  -13,  -13,    0,
       0,   20,   20,    0,    0,    0,    0,    0,    0,    0,    0,    0,    0,    0,    0,    0,    0,    0,    0,    0,    0,    0,    0,    0,    0,    0,    0,    0,    0,    0,    0,   13,   20,    0,    0,    0,    0,    0,    0,    0,    0,    0,    0,    0,    0,    0,    0,    0,    0,    0,   20,    0,    0,    0,    0,    0,    0,    0,    0,    0,    0,    0,    0,    0,    0,    0,    0,    0,    0,    0,    0,    0,    0,    0,    0,    0,    0,    0,    0,    0,    0,    0,    0,    0,    0,    0,    0,    0,    0,    0,    0,    0,    0,    0,    0,    0,    0,    0,    0,    0,    0,    0,    0,    0,    0,    0,    0,    0,    0,    0,    0,    0,    0,    0,    0,    0,    0,    0,    0,    0,    0,    0,    0,    0,    0,    0,    0,    0,    0,    0,    0,    0,    0,    0,    0,    0,    0,    0,    0,    0,    0,    0,    0,    0,    0,    0,    0,    0,    0,    0,    0,   37,    0,    0,   33,    0,    0,    0,    0,    0,    0,    0,    0,    0,    0,    0,    0,    0,   13,   20,
       0,    0,  -27,    0,    0,    0,    0,    0,    0,    0,    0,    0,    0,    0,    0,    0,    0,    0,  -11,    0,    0,    0,    0,    0,    0,    0,    0,    0,    0,    0,    0,  -60,    0,    0,    0,    0,    0,    0,    0,    0,    0,    0,    0,    0,    0,    0,    0,    0,    0,    0,    0,    0,    0,    0,    0,    0,    0,    0,    0,    0,    0,    0,    0,    0,    0,    0,    0,    0,    0,    0,    0,    0,    0,    0,    0,    0,    0,    0,    0,    0,    0,    0,    0,    0,    0,    0,    0,    0,    0,    0,    0,    0,    0,    0,    0,    0,    0,    0,    0,    0,    0,    0,    0,    0,    0,    0,    0,    0,    0,    0,    0,    0,    0,    0,    0,    0,    0,    0,    0,    0,    0,    0,    0,    0,    0,    0,    0,    0,    0,    0,    0,    0,    0,    0,    0,    0,    0,    0,    0,    0,    0,    0,    0,    0,    0,    0,  -28,    0,  -33,    0,    0,    0,    0,    0,    0,    0,  -28,    0,    0,    0,    0,    0,  -20,    0,    0,    0,  -13,  -28,  -33,  -20,
       0,    0,    0,    0,    0,   13,    0,    0,    0,    0,    0,    0,    0,    0,    0,    0,    0,    0,    0,    0,    0,    0,    0,    0,    0,    0,    0,    0,    0,    0,    0,  -27,    0,    0,    0,    0,    0,    0,    0,    0,    0,    0,    0,    0,    0,    0,    0,    0,    0,    0,    0,    0,    0,    0,    0,    0,    0,    0,    0,    0,    0,    0,    0,    0,    0,    0,    0,    0,    0,    0,    0,    0,    0,    0,    0,    0,    0,    0,    0,    0,    0,    0,    0,    0,    0,    0,    0,    0,    0,    0,    0,    0,    0,    0,    0,    0,    0,    0,    0,    0,    0,    0,    0,    0,    0,    0,    0,    0,    0,    0,    0,    0,    0,    0,    0,    0,    0,    0,    0,    0,  -20,    0,    0,    0,    0,  -33,    0,    0,  -13,    0,    0,    0,    0,  -27,    0,    0,    0,    0,    0,    0,    0,    0,    0,    0,    0,    0,    0,    0,    0,    0,    0,    0,    0,    0,    0,    0,    0,  -27,    0,    0,  -40,  -20,    0,    0,    0,    0,    0,    0,    0,    0,
       0,    0,    0,    0,  -13,    0,  -13,    0,    0,    0,    0,    0,    0,    0,    0,    0,    0,    0,    0,    0,    0,    0,    0,    0,    0,    0,    0,    0,    0,    0,    0,    0,    0,    0,    0,    0,    0,    0,    0,    0,    0,    0,    0,    0,    0,    0,    0,    0,    0,    0,    0,    0,    0,    0,    0,    0,    0,    0,    0,    0,    0,    0,    0,    0,    0,    0,    0,    0,    0,    0,    0,    0,    0,    0,    0,    0,    0,    0,    0,    0,    0,    0,    0,    0,    0,    0,    0,    0,    0,    0,    0,    0,    0,    0,    0,    0,    0,    0,    0,    0,    0,    0,    0,    0,    0,    0,    0,    0,    0,    0,    0,    0,    0,    0,    0,    0,    0,    0,    0,    0,    0,    0,    0,    0,    0,    0,    0,    0,    0,    0,    0,    0,    0,    0,    0,    0,    0,    0,    0,    0,    0,    0,    0,    0,    0,  -20,  -20,    0,  -27,    0,  -13,    0,    0,    0,    0,    0,  -20,    0,    0,    0,    0,    0,    0,    0,    0,    0,    0,  -20,  -13,    0,
       0,    0,    0,    0,  -67,  -33,  -67,    0,    0,    0,    0,    0,    0,    0,    0,    0,    0,    0,    0,    0,    0,    0,    0,    0,    0,    0,    0,    0,    0,    0,    0,    0,    0,    0,    0,    0,    0,    0,    0,    0,    0,    0,    0,    0,    0,    0,    0,    0,    0,    0,    0,  -20,    0,  -20,    0,    0,    0,    0,    0,    0,    0,    0,    0,    0,    0,    0,    0,    0,    0,    0,    0,    0,    0,    0,    0,    0,    0,    0,    0,    0,    0,    0,    0,    0,    0,    0,    0,    0,    0,    0,    0,    0,    0,    0,    0,    0,    0,    0,    0,    0,    0,    0,    0,    0,    0,    0,    0,    0,    0,    0,    0,    0,    0,    0,    0,    0,    0,    0,    0,    0,    0,  -13,    0,    0,  -53,   13,  -87,  -70,  -27,  -20,    0,  -33,    0,    0,    0,  -33,  -37,    0,  -27,  -53,  -53,  -33,  -47,  -47,    0,  -20,   -7,  -13,  -13,  -47,  -60,    0,  -47,    0,    0,    0,   -7,    0,    0,    0,   13,  -33,  -60, -107,    0,  -33,    0,   -7,   13,   13,
       0,    0,    0,    0,  -27,    0,  -27,  -20,    0,    0,    0,    0,    0,    0,    0,    0,    0,    0,    0,    0,    0,    0,    0,    0,    0,    0,    0,    0,    0,    0,    0,    0,    0,    0,    0,    0,    0,    0,    0,    0,    0,    0,    0,    0,    0,    0,    0,    0,    0,    0,    0,    0,    0,    0,    0,    0,    0,    0,    0,    0,    0,    0,    0,    0,    0,    0,    0,    0,    0,    0,    0,    0,    0,    0,    0,    0,    0,    0,    0,    0,    0,    0,    0,    0,    0,    0,    0,    0,    0,    0,    0,    0,    0,    0,    0,    0,    0,    0,    0,    0,    0,    0,    0,    0,    0,    0,    0,    0,    0,    0,    0,    0,    0,    0,    0,    0,    0,    0,    0,    0,    0,    0,    0,    0,    0,    0,    0,    0,    0,    0,    0,    0,    0,    0,    0,    0,    0,    0,    0,  -27,    0,    0,    0,  -20,   20,    0,   27,    0,   20,    0,  -13,    0,    0,    0,    0,   23,   27,    0,    0,    0,    0,    0,    0,    0,    0,    0,    0,   27,   20,   23,
       0,    0,   13,    0,  -27,    0,  -27,  -57,    0,    0,    0,    0,    0,    0,    0,    0,    0,    0,    0,    0,    0,    0,    0,    0,    0,    0,    0,    0,    0,    0,    0,    7,    0,    0,    0,    0,    0,    0,    0,    0,    0,    0,    0,    0,    0,    0,    0,    0,    0,    0,    0,    0,    0,    0,    0,    0,    0,    0,    0,    0,    0,    0,    0,    0,    0,    0,    0,    0,    0,    0,    0,    0,    0,    0,    0,    0,    0,    0,    0,    0,    0,    0,    0,    0,    0,    0,    0,    0,    0,    0,    0,    0,    0,    0,    0,    0,    0,    0,    0,    0,    0,    0,    0,    0,    0,    0,    0,    0,    0,    0,    0,    0,    0,    0,    0,    0,    0,    0,    0,    0,    0,  -20,  -27,    0,  -47,    0,  -73,  -60,  -13,    0,    0,  -33,    0,    0,    0,  -40,  -53,    0,  -40,  -60,  -47,  -33,  -40,  -50,  -33,  -33,  -20,  -27,  -40,  -40,  -60,    0,  -53,    0,    0,    0,  -20,    0,    0,    0,    0,  -60,  -73,  -73,    0,  -33,  -27,  -20,   13,    0,
       0,    0,   20,    0,  -40,    0,  -40,    0,    0,    0,    0,    0,    0,    0,    0,    0,    0,    0,    0,    0,    0,    0,    0,    0,    0,    0,    0,    0,    0,    0,    0,    0,    0,    0,    0,    0,    0,    0,    0,    0,    0,    0,    0,    0,    0,    0,    0,    0,    0,    0,    0,    0,    0,    0,    0,    0,    0,    0,    0,    0,    0,    0,    0,    0,    0,    0,    0,    0,    0,    0,    0,    0,    0,    0,    0,    0,    0,    0,    0,    0,    0,    0,    0,    0,    0,    0,    0,    0,    0,    0,    0,    0,    0,    0,    0,    0,    0,    0,    0,    0,    0,    0,    0,    0,    0,    0,    0,    0,    0,    0,    0,    0,    0,    0,    0,    0,    0,    0,    0,    0,    0,    0,    0,    0,    0,    0,    0,    0,    0,    0,    0,    0,    0,    0,    0,    0,    0,    0,    0,  -33,  -13,    0,    0,  -33,    0,    0,    0,    0,    0,    0,  -27,    0,  -13,    0,    0,    0,    0,    0,    0,    0,    0,    0,    0,    0,    0,    0,    0,    0,    0,   20,
       0,    0,   27,    0,  -47,    0,  -47,  -57,    0,    0,    0,    0,    0,    0,    0,    0,    0,    0,    0,    0,    0,    0,    0,    0,    0,    0,    0,    0,    0,    0,    0,    0,    0,    0,    0,    0,    0,    0,    0,    0,    0,    0,    0,    0,    0,    0,    0,    0,    0,    0,    0,    0,    0,    0,    0,    0,    0,    0,    0,    0,    0,    0,    0,    0,    0,    0,    0,    0,    0,    0,    0,    0,    0,    0,    0,    0,    0,    0,    0,    0,    0,    0,    0,    0,    0,    0,    0,    0,    0,    0,    0,    0,    0,    0,    0,    0,    0,    0,    0,    0,    0,    0,    0,    0,    0,    0,    0,    0,    0,    0,    0,    0,    0,    0,    0,    0,    0,    0,    0,    0,    0,    0,    0,    0,  -40,    0,  -58,  -60,    0,    0,  -13,    0,    0,    0,    0,  -27,  -20,    0,    0,  -47,  -13,    0,    0,  -33,    0,    0,    0,    0,    0,    0,  -47,    7,  -20,    0,   27,    0,    0,    0,    0,    0,    0,  -13,  -20,  -77,    0,    0,    0,    0,   13,   13,
       0,    0,    0,    0,    0,    0,    0,    0,    0,    0,    0,    0,    0,    0,    0,    0,    0,    0,    0,    0,    0,    0,    0,    0,    0,    0,    0,    0,    0,    0,    0,    0,    0,    0,    0,    0,    0,    0,    0,    0,    0,    0,    0,    0,    0,    0,    0,    0,    0,    0,    0,  -20,    0,    0,    0,    0,    0,    0,    0,    0,    0,    0,    0,    0,    0,    0,    0,    0,    0,    0,    0,    0,    0,    0,    0,    0,    0,    0,    0,    0,    0,    0,    0,    0,    0,    0,    0,    0,    0,    0,    0,    0,    0,    0,    0,    0,    0,    0,    0,    0,    0,    0,    0,    0,    0,    0,    0,    0,    0,    0,    0,    0,    0,    0,    0,    0,    0,    0,    0,    0,  -27,  -20,    0,   27,    0,  -20,    0,    0,    0,  -20,    0,  -50,   20,  -27,    0,    0,    0,  -13,    0,    0,  -20,    0,    0,    0,    0,  -40,   20,    0,  -40,    0,    0,    0,    0,    0,    0,   27,   20,    0,    0,    0,  -20,  -50,  -60,   20,  -20,  -13,    0,   20,  -13,    0,
       0,    0,    0,    0,    0,    0,    0,    0,    0,    0,    0,    0,    0,    0,    0,    0,    0,    0,    0,    0,    0,    0,    0,    0,    0,    0,    0,    0,    0,    0,    0,    0,    0,    0,    0,    0,    0,    0,    0,    0,    0,    0,    0,    0,    0,    0,    0,    0,    0,    0,    0,  -20,    0,    0,    0,    0,    0,    0,    0,    0,    0,    0,    0,    0,    0,    0,    0,    0,    0,    0,    0,    0,    0,    0,    0,    0,    0,    0,    0,    0,    0,    0,    0,    0,    0,    0,    0,    0,    0,    0,    0,    0,    0,    0,    0,    0,    0,    0,    0,    0,    0,    0,    0,    0,    0,    0,    0,    0,    0,    0,    0,    0,    0,    0,    0,    0,    0,    0,    0,    0,    0,    0,    0,    0,    0,    0,    0,    0,    0,    0,    0,    0,    0,    0,    0,    0,    0,   -7,    0,    0,  -13,    0,    0,    0,    0,    0,   13,    0,    0,    0,    0,    0,    0,    0,    0,   27,   13,    0,    0,    0,    0,    0,  -40,    0,    0,    0,    0,   13,    0,    0,
       0,    0,    0,    0,    0,    0,    0,    0,    0,    0,    0,    0,    0,    0,    0,    0,    0,    0,    0,    0,    0,    0,    0,    0,    0,    0,    0,    0,    0,    0,    0,    0,    0,    0,    0,    0,    0,    0,    0,    0,    0,    0,    0,    0,    0,    0,    0,    0,    0,    0,    0,    0,    0,    0,    0,    0,    0,    0,    0,    0,    0,    0,    0,    0,    0,    0,    0,    0,    0,    0,    0,    0,    0,    0,    0,    0,    0,    0,    0,    0,    0,    0,    0,    0,    0,    0,    0,    0,    0,    0,    0,    0,    0,    0,    0,    0,    0,    0,    0,    0,    0,    0,    0,    0,    0,    0,    0,    0,    0,    0,    0,    0,    0,    0,    0,    0,    0,    0,    0,    0,  -27,    0,    0,    0,    0,  -13,    0,    0,    0,    0,    0,    0,    0,  -33,    0,    0,    0,    0,    0,    0,    0,    0,    0,    0,    0,    0,    0,    0,    0,    0,    0,    0,    0,    0,    0,    0,    0,  -27,    0,    0,  -27,  -27,    0,    0,    0,    0,    0,    0,  -13,    0,
       0,    0,    0,    0,    0,    0,    0,    0,    0,    0,    0,    0,    0,    0,    0,    0,    0,    0,    0,    0,    0,    0,    0,    0,    0,    0,    0,    0,    0,    0,    0,  -27,    0,    0,    0,    0,    0,    0,    0,    0,    0,    0,    0,    0,    0,    0,    0,    0,    0,    0,    0,    0,    0,    0,    0,    0,    0,    0,    0,    0,    0,    0,    0,    0,    0,    0,    0,    0,    0,    0,    0,    0,    0,    0,    0,    0,    0,    0,    0,    0,    0,    0,    0,    0,    0,    0,    0,    0,    0,    0,    0,    0,    0,    0,    0,    0,    0,    0,    0,    0,    0,    0,    0,    0,    0,    0,    0,    0,    0,    0,    0,    0,    0,    0,    0,    0,    0,    0,    0,    0,    0,    0,    0,    0,    0,    0,    0,    0,    0,    0,    0,    0,    0,    0,    0,    0,    0,    0,    0,    0,    0,    0,    0,    0,    0,  -13,  -20,    0,  -20,    0,    0,    0,    0,    0,    0,    0,  -20,    0,    0,    0,    0,    0,    0,    0,    0,    0,    0,  -20,  -27,    0,
       0,    0,   13,    0,  -60,  -33,  -60,  -70,    0,    0,    0,    0,    0,    0,    0,    0,  -20,  -20,    0,    0,    0,    0,    0,    0,    0,    0,    0,    0,    0,    0,    0,    0,    0,    0,    0,    0,    0,    0,    0,    0,    0,    0,    0,    0,    0,    0,    0,    0,    0,    0,   13,  -33,    0,  -27,    0,    0,    0,    0,    0,    0,    0,    0,    0,    0,    0,    0,    0,    0,    0,    0,    0,    0,    0,    0,    0,    0,    0,    0,    0,    0,    0,    0,    0,    0,    0,    0,  -20,    0,    0,    0,    0,    0,    0,    0,    0,    0,    0,    0,    0,    0,    0,    0,    0,    0,    0,    0,    0,    0,    0,    0,    0,    0,    0,    0,    0,    0,    0,    0,    0,    0,    0,  -33,  -17,    0,  -47,   20,  -57,  -47,  -19,    0,  -10,  -20,    0,    0,    0,  -40,  -40,    0,  -20,  -47,  -40,  -40,  -33,  -47,  -13,  -33,  -20,  -33,  -20,  -33,  -67,   13,  -31,    0,   40,    0,  -20,   20,    0,    0,   13,  -33,  -47,  -67,    0,  -27,  -13,  -20,    0,   13,
       0,    0,   20,    0,    7,  -13,    0,    0,    0,    0,    0,    0,    0,    0,    0,    0,    0,    7,    0,    0,    0,    0,    0,    0,    0,    0,    0,    0,    0,    0,    0,    0,    0,    0,    0,    0,    0,    0,    0,    0,    0,    0,    0,    0,    0,    0,    0,    0,    0,    0,    0,    0,    0,    0,    0,    0,    0,    0,    0,    0,    0,    0,    0,    0,    0,    0,    0,    0,    0,    0,    0,    0,    0,    0,    0,    0,    0,    0,    0,    0,    0,    0,    0,    0,    0,    0,    0,    0,    0,    0,    0,    0,    0,    0,    0,    0,    0,    0,    0,    0,    0,    0,    0,    0,    0,    0,    0,    0,    0,    0,    0,    0,    0,    0,    0,    0,    0,    0,    0,    0,    0,  -23,    0,   40,    7,    0,    7,   13,   13,    0,   10,  -40,   20,    0,    0,   13,    0,    0,    0,   21,   -7,   27,    0,   20,    0,  -40,    7,   13,  -40,    0,   13,   13,    0,   13,   27,   40,    7,    0,    0,   27,    0,  -47,  -40,   20,   -7,    0,    0,    7,    0,    0,
       0,    0,   13,    0,    7,    0,    7,    0,    0,    0,    0,    0,    0,    0,    0,    0,    0,    0,    0,    0,    0,    0,    0,    0,    0,    0,    0,    0,    0,    0,    0,    0,    0,    0,    0,    0,    0,    0,    0,    0,    0,    0,    0,    0,    0,    0,    0,    0,    0,    0,    0,    0,    0,    0,    0,    0,    0,    0,    0,    0,    0,    0,    0,    0,    0,    0,    0,    0,    0,    0,    0,    0,    0,    0,    0,    0,    0,    0,    0,    0,    0,    0,    0,    0,    0,    0,    0,    0,    0,    0,    0,    0,    0,    0,    0,    0,    0,    0,    0,    0,    0,    0,    0,    0,    0,    0,    0,    0,    0,    0,    0,    0,    0,    0,    0,    0,    0,    0,    0,    0,    0,    0,    0,    0,    0,    0,    0,    0,    0,    0,    0,    0,    0,    0,    0,    0,   -7,    0,    0,    0,  -17,    0,    0,    0,   13,    0,   10,    7,    0,    0,    0,    0,   -7,    0,    0,   20,   10,    0,    0,    0,    0,    0,  -13,    0,    0,    0,    0,   10,   20,   27,
       0,    0,    0,    0,    0,    0,    0,    0,    0,    0,    0,    0,    0,    0,    0,    0,    0,    0,    0,    0,    0,    0,    0,    0,    0,    0,    0,    0,    0,    0,    0,  -97,    0,    0,    0,    0,    0,    0,    0,    0,    0,    0,    0,    0,    0,    0,    0,    0,    0,    0,    0,    0,    0,    0,    0,    0,    0,    0,    0,    0,    0,    0,    0,    0,    0,    0,    0,    0,    0,    0,    0,    0,    0,    0,    0,    0,    0,    0,    0,    0,    0,    0,    0,    0,    0,    0,    0,    0,    0,    0,    0,    0,    0,    0,    0,    0,    0,    0,    0,    0,    0,    0,    0,    0,    0,    0,    0,    0,    0,    0,    0,    0,    0,    0,    0,    0,    0,    0,    0,    0,  -60,  -13,    0,    0,    0,  -40,    0,    0,    0,    0,    0,  -27,    0,  -80,    0,    0,    0,   -7,    0,    0,   -7,    0,    0,    0,    0,  -33,  -40,    0,  -47,    0,    0,    0,    0,    0,    0,    0,  -40,  -67,    0,    0,  -67,  -33,  -27,    0,    0,    0,    0,  -40,    0,    0,
       0,    0,    0,    0,    0,    0,    0,    0,    0,    0,    0,    0,    0,    0,    0,    0,    0,    0,    0,    0,    0,    0,    0,    0,    0,    0,    0,    0,    0,    0,    0,    0,    0,    0,    0,    0,    0,    0,    0,    0,    0,    0,    0,    0,    0,    0,    0,    0,    0,    0,    0,    0,    0,    0,    0,    0,    0,    0,    0,    0,    0,    0,    0,    0,    0,    0,    0,    0,    0,    0,    0,    0,    0,    0,    0,    0,    0,    0,    0,    0,    0,    0,    0,    0,    0,    0,    0,    0,    0,    0,    0,    0,    0,    0,    0,    0,    0,    0,    0,    0,    0,    0,    0,    0,    0,    0,    0,    0,    0,    0,    0,    0,    0,    0,    0,    0,    0,    0,    0,    0,    0,    0,    0,    0,    0,    0,    0,  -13,  -20,    0,    0,    0,    0,    0,    0,  -20,    0,    0,    0,    0,    0,    0,    0,    0,    0,    0,    0,    0,    0,    0,    0,    0,    0,    0,    0,    0,    0,    0,    0,    0,    0,    0,    0,    0,    0,    0,    0,    0,    0,    0,
       0,    0,    0,    0,    0,    0,    0,    0,    0,    0,    0,    0,    0,    0,    0,    0,    0,    0,    0,    0,    0,    0,    0,    0,    0,    0,    0,    0,    0,    0,    0,    0,    0,    0,    0,    0,    0,    0,    0,    0,    0,    0,    0,    0,    0,    0,    0,    0,    0,    0,    0,    0,    0,    0,    0,    0,    0,    0,    0,    0,    0,    0,    0,    0,    0,    0,    0,    0,    0,    0,    0,    0,    0,    0,    0,    0,    0,    0,    0,    0,    0,    0,    0,    0,    0,    0,    0,    0,    0,    0,    0,    0,    0,    0,    0,    0,    0,    0,    0,    0,    0,    0,    0,    0,    0,    0,    0,    0,    0,    0,    0,    0,    0,    0,    0,    0,    0,    0,    0,    0,    0,    0,    0,    0,    0,    0,    0,    0,  -13,    0,    0,    0,    0,    0,    0,    0,    0,    0,    0,    0,    0,    0,    0,    0,    0,    0,    0,    0,    0,    0,    0,    0,    0,    0,    0,    0,    0,    0,    0,    0,    0,  -20,    0,    0,    0,    0,    0,    0,    0,    0,
       0,    0,    0,    0,    0,    0,    0,    0,    0,    0,    0,    0,    0,    0,    0,    0,    0,    0,    0,    0,    0,    0,    0,    0,    0,    0,    0,    0,    0,    0,    0,    0,    0,    0,    0,    0,    0,    0,    0,    0,    0,    0,    0,    0,    0,    0,    0,    0,    0,    0,    0,    0,    0,    0,    0,    0,    0,    0,    0,    0,    0,    0,    0,    0,    0,    0,    0,    0,    0,    0,    0,    0,    0,    0,    0,    0,    0,    0,    0,    0,    0,    0,    0,    0,    0,    0,    0,    0,    0,    0,    0,    0,    0,    0,    0,    0,    0,    0,    0,    0,    0,    0,    0,    0,    0,    0,    0,    0,    0,    0,    0,    0,    0,    0,    0,    0,    0,    0,    0,    0,    0,    0,    0,    0,    0,    0,    0,    0,    0,    0,    0,    0,    0,    0,    0,    0,    0,    0,    0,    0,    0,    0,    0,    0,    0,  -13,    0,    0,    0,    0,    0,    0,    0,    0,    0,    0,    0,    0,    0,    0,    0,    0,  -20,    0,    0,    0,    0,    0,    0,    0,
       0,    0,    0,    0,  -27,    0,  -27,    0,    0,    0,    0,    0,    0,    0,    0,    0,    0,    0,    0,    0,    0,    0,    0,    0,    0,    0,    0,    0,    0,    0,    0,    0,    0,    0,    0,    0,    0,    0,    0,    0,    0,    0,    0,    0,    0,    0,    0,    0,    0,    0,    0,    0,    0,    0,    0,    0,    0,    0,    0,    0,    0,    0,    0,    0,    0,    0,    0,    0,    0,    0,    0,    0,    0,    0,    0,    0,    0,    0,    0,    0,    0,    0,    0,    0,    0,    0,    0,    0,    0,    0,    0,    0,    0,    0,    0,    0,    0,    0,    0,    0,    0,    0,    0,    0,    0,    0,    0,    0,    0,    0,    0,    0,    0,    0,    0,    0,    0,    0,    0,    0,    0,    0,    0,    0,    0,    0,    0,    0,    0,    0,    0,    0,    0,    0,    0,    0,  -20,    0,    0,  -33,  -13,   -7,   -7,  -27,    0,    0,    0,    0,    0,   -7,  -27,  -20,  -13,    0,    0,    0,    0,    0,    0,    0,    0,    0,  -20,    0,    0,    0,    0,    0,    0,    0,
       0,    0,    0,    0,    0,    0,    0,    0,    0,    0,    0,    0,    0,    0,    0,    0,    0,    0,  -20,    0,    0,    0,    0,    0,    0,    0,    0,    0,    0,    0,    0,    0,    0,    0,    0,    0,    0,    0,    0,    0,    0,    0,    0,    0,    0,    0,    0,    0,    0,    0,    0,    0,    0,    0,    0,    0,    0,    0,    0,    0,    0,    0,    0,    0,    0,    0,    0,    0,    0,    0,    0,    0,    0,    0,    0,    0,    0,    0,    0,    0,    0,    0,    0,    0,    0,    0,    0,    0,    0,    0,    0,    0,    0,    0,    0,    0,    0,    0,    0,    0,    0,    0,    0,    0,    0,    0,    0,    0,    0,    0,    0,    0,    0,    0,    0,    0,    0,    0,    0,    0,    0,    0,    0,    0,    0,    0,    0,    0,    0,    0,    0,    0,    0,    0,    0,    0,    0,    0,    0,    0,    0,    0,    0,    0,    0,    0,  -10,    0,    0,    0,    0,    0,    0,    0,    0,    0,  -10,    0,    0,    0,    0,    0,    0,    0,    0,    0,    0,  -10,  -20,  -13,
       0,    0,    0,    0,    0,    0,    0,    0,    0,    0,    0,    0,    0,    0,    0,    0,    0,    0,    0,    0,    0,    0,    0,    0,    0,    0,    0,    0,    0,    0,    0,    0,    0,    0,    0,    0,    0,    0,    0,    0,    0,    0,    0,    0,    0,    0,    0,    0,    0,    0,    0,    0,    0,    0,    0,    0,    0,    0,    0,    0,    0,    0,    0,    0,    0,    0,    0,    0,    0,    0,    0,    0,    0,    0,    0,    0,    0,    0,    0,    0,    0,    0,    0,    0,    0,    0,    0,    0,    0,    0,    0,    0,    0,    0,    0,    0,    0,    0,    0,    0,    0,    0,    0,    0,    0,    0,    0,    0,    0,    0,    0,    0,    0,    0,    0,    0,    0,    0,    0,    0,    0,    0,    0,    0,    0,    0,    0,    0,  -13,    0,    0,    0,    0,    0,    0,   -7,    0,    0,    0,    0,    0,    0,    0,    0,    0,    0,    0,    0,    0,    0,  -13,    0,    0,    0,    0,    0,    0,    0,    0,    0,    0,    0,    0,    0,    0,    0,    0,    0,    0,    0,
       0,    0,    0,    0,    0,    0,    0,    0,    0,    0,    0,    0,    0,    0,    0,    0,    0,    0,    0,    0,    0,    0,    0,    0,    0,    0,    0,    0,    0,    0,    0,    0,    0,    0,    0,    0,    0,    0,    0,    0,    0,    0,    0,    0,    0,    0,    0,    0,    0,    0,    0,    0,    0,    0,    0,    0,    0,    0,    0,    0,    0,    0,    0,    0,    0,    0,    0,    0,    0,    0,    0,    0,    0,    0,    0,    0,    0,    0,    0,    0,    0,    0,    0,    0,    0,    0,    0,    0,    0,    0,    0,    0,    0,    0,    0,    0,    0,    0,    0,    0,    0,    0,    0,    0,    0,    0,    0,    0,    0,    0,    0,    0,    0,    0,    0,    0,    0,    0,    0,    0,    0,    0,    0,    0,    0,    0,    0,    0,    0,    0,    0,    0,    0,    0,    0,    0,    0,    0,    0,    0,   -9,    0,    0,    0,    0,    0,    0,    0,    0,    0,    0,    0,    0,    0,    0,    0,    0,    0,    0,    0,    0,    0,  -13,    0,    0,    0,    0,    0,    0,    0,
       0,    0,   20,    0,    0,  -13,    0,    0,    0,    0,    0,    0,    0,    0,    0,    0,    0,    0,    0,    0,    0,    0,    0,    0,    0,    0,    0,    0,    0,    0,    0,    0,    0,    0,    0,    0,    0,    0,    0,    0,    0,    0,    0,    0,    0,    0,    0,    0,    0,    0,    0,    0,    0,    0,    0,    0,    0,    0,    0,    0,    0,    0,    0,    0,    0,    0,    0,    0,    0,    0,    0,    0,    0,    0,    0,    0,    0,    0,    0,    0,    0,    0,    0,    0,    0,    0,    0,    0,    0,    0,    0,    0,    0,    0,    0,    0,    0,    0,    0,    0,    0,    0,    0,    0,    0,    0,    0,    0,    0,    0,    0,    0,    0,    0,    0,    0,    0,    0,    0,    0,    0,  -50,    0,    0,    0,    0,    7,   13,    0,    0,   10,  -40,   20,    0,    0,    0,  -27,  -20,    0,   20,  -20,    0,    0,   20,    0,  -40,  -23,   13,  -40,  -13,    0,   13,  -20,    0,   27,    0,  -23,    0,    0,    0,    0,  -47, -107,   13,   -7,  -13,    0,  -23,    0,    0,
       0,    0,   13,    0,    7,    0,    7,    0,    0,    0,    0,    0,    0,    0,    0,    0,    0,    0,    0,    0,    0,    0,    0,    0,    0,    0,    0,    0,    0,    0,    0,    0,    0,    0,    0,    0,    0,    0,    0,    0,    0,    0,    0,    0,    0,    0,    0,    0,    0,    0,    0,    0,    0,    0,    0,    0,    0,    0,    0,    0,    0,    0,    0,    0,    0,    0,    0,    0,    0,    0,    0,    0,    0,    0,    0,    0,    0,    0,    0,    0,    0,    0,    0,    0,    0,    0,    0,    0,    0,    0,    0,    0,    0,    0,    0,    0,    0,    0,    0,    0,    0,    0,    0,    0,    0,    0,    0,    0,    0,    0,    0,    0,    0,    0,    0,    0,    0,    0,    0,    0,    0,    0,    0,    0,    0,    0,    0,    0,    0,    0,    0,    0,    0,    0,    0,    0,   -7,    0,    0,    0,  -17,    0,    0,    0,   13,    0,   10,    7,    0,    0,    0,    0,   -7,    0,    0,   27,   10,    0,    0,    0,    0,    0,  -13,    0,    0,    0,    0,   10,   20,   27,
       0,    0,    0,    0,  -53,    0,  -53,    0,    0,    0,    0,  -33,    0,    0,    0,    0,    0,    0,    0,  -53,    0,    0,    0,    0,    0,   27,    0,   13,    0,   13,    0,    0,    0,    0,   13,  -20,    0,  -33,   13,    0,    7,    0,    0,  -20,    0,    0,   27,   27,   27,    0,    0,    0,    0,    0,  -73,  -80,    0,    0,    0,    0,  -20,    0,   20,   20,  -20,  -20,   13,    0,    0,  -20,  -20,  -20,  -33,   13,   20,   13,    0,  -20,  -20,    0,    0,  -33,    0,    0,    0,    0,    0,    0,  -53,    0,  -33,    0,    0,    0,    0,   27,    7,    0,    0,   13,    0,  -20,   -7,    0,    0,    0,    0,   27,  -20,    0,    0,   13,    0,    0,  -20,    0,    0,  -13,    0,    0,   27,    0,    0,    0,  -37,   13,  -53,  -43,    0,    0,    0,    0,    0,    0,    0,  -20,    0,    0,    0,  -20,  -20,    0,    0,  -27,    0,    0,   27,   27,    0,    0,  -33,   13,  -20,    0,   20,    7,   27,   13,   13,    0,   13,    0,    0,  -80,    0,    0,    0,   27,    0,    0,
       0,    0,    0,    0,  -53,    0,  -53,    0,    0,    0,    0,  -53,  -20,  -33,    0,    0,    0,    0,    0,  -80,    0,  -27,    0,    0,  -13,    0,    0,   13,    0,   13,    0,    0,    0,  -27,   13,  -47,    0,  -57,   13,    0,    0,    0,    0,  -47,    7,    0,    0,    0,    0,  -13,    0,    0,    0,    0,    0, -110,  -27,    0,  -27,  -27,  -47,    0,   20,   20,  -47,  -47,   13,  -27,  -27,  -47,  -47,  -47,  -57,   33,   20,   13,    0,  -47,  -47,  -13,    0,  -57,    0,    0,    0,    0,    0,    0,  -80,    0,  -83,    0,  -27,    0,    0,    0,    0,    0,    0,    0,  -13,  -47,  -20,    0,    0,    0,    0,    0,  -47,    0,    0,    0,    0,    0,  -40,    0,    0,  -30,    0,    0,    0,  -27,  -13,    0,  -50,    0,  -80,  -57,  -13,    0,    0,    0,    0,    0,    0,  -27,  -27,    0,    0,  -47,  -47,    0,    0,  -47,    0,    0,    0,    0,    0,    0,  -47,   13,  -47,    0,   20,    0,    0,   13,    0,    0,   13,    0,  -20, -110,    0,    0,    0,    0,    0,    0,
       0,    0,    0,    0,    0,    0,    0,    0,  -13,    0,    0,  -13,    0,  -13,  -33,    0,    0,    0,    0,   20,    0,  -27,   20,    0,    0,  -53,  -27,  -87,    0,  -60,    0,    0,    0,    0,    0,  -10,    0,    0,    0,    0,    0,   -7,  -10,    0,  -19,  -26,  -60,    0,  -80,    0,    0,    0,    0,    0,    0,    0,  -27,    0,    0,    0,  -10,    0,    0,    0,  -10,  -10,    0,    0,    0,  -10,  -10,  -10,    0,    0,  -13,    0,   -7,    0,    0,    0,    0,    0,    0,    0,    0,    0,    0,    0,   20,    0,    0,    0,  -27,    0,    0,  -53,  -60,  -13,    0,  -33,    0,  -10,    0,   -7,   -7,  -20,    0,  -47,  -10,    0,  -20,   13,    0,  -20,    0,  -20,   -7,   -7,  -20,    0,  -53,  -27,    0,   20,    0,  -27,   20,    0,    0,    0,    0,  -13,    0,  -67,    0,    0,    0,    0,    0,    0,  -10,    0,    0,    0,  -10,  -33,  -67,   13,  -47,    0,    0,    0,    0,    0,    0,    0,  -67,  -87,    0,    0,  -60,  -47,  -27,    0,    0,    0,    0,  -67,  -53,  -27,
};

static const EpdLigaturePair bookerly_l_boldLigaturePairs[] = {
    { 0x00660066, 0xFB00 }, // f f -> U+FB00
    { 0x00660069, 0xFB01 }, // f i -> U+FB01
    { 0x0066006C, 0xFB02 }, // f l -> U+FB02
    { 0xFB000069, 0xFB03 }, // U+FB00 i -> U+FB03
    { 0xFB00006C, 0xFB04 }, // U+FB00 l -> U+FB04
};

static const EpdFontData bookerly_l_bold = {
    bookerly_l_boldBitmaps,
    bookerly_l_boldGlyphs,
    bookerly_l_boldIntervals,
    77,
    55,
    45,
    -11,
    true,
    bookerly_l_boldGroups,
    15,
    nullptr,
    bookerly_l_boldKernLeftClasses,
    bookerly_l_boldKernRightClasses,
    bookerly_l_boldKernMatrix,
    775,
    772,
    196,
    170,
    bookerly_l_boldLigaturePairs,
    5,
};
