/**
 * generated by fontconvert.py
 * name: bookerly_22_bolditalic
 * size: 22
 * mode: 2-bit  compressed: true
 * Command used: fontconvert.py bookerly_22_bolditalic 22 ../builtinFonts/source/Bookerly/Bookerly-BoldItalic.ttf --2bit --compress --pnum
 */
#pragma once
#include "EpdFontData.h"

static const uint8_t bookerly_22_bolditalicBitmaps[73209] = {
    0xAD, 0x5C, 0x3D, 0xCF, 0xE5, 0xC6, 0x75, 0x26, 0x2F, 0xAD, 0xF7, 0xC2, 0x26, 0x02, 0xBA, 0x88,
    0x0C, 0x58, 0x1B, 0x80, 0x29, 0x12, 0x20, 0x10, 0x60, 0xF0, 0x1F, 0x98, 0xB4, 0x83, 0xC0, 0x85,
    0x8B, 0xDD, 0x62, 0x5F, 0x19, 0x51, 0x0A, 0xA7, 0x48, 0x63, 0x19, 0xC8, 0xFE, 0x83, 0x90, 0x49,
    0xFE, 0xC0, 0x16, 0x71, 0x93, 0x46, 0x2A, 0xE4, 0xC4, 0x5E, 0x01, 0x51, 0xEB, 0xC2, 0x11, 0xE9,
    0xB8, 0x48, 0x19, 0x3A, 0x86, 0x2B, 0x17, 0x62, 0x12, 0x29, 0x48, 0xE4, 0x42, 0x0C, 0x44, 0x59,
    0xDC, 0x15, 0xC9, 0xC9, 0x39, 0xCF, 0x73, 0x66, 0xC8, 0xFB, 0xEE, 0x87, 0x16, 0x4E, 0x56, 0xBA,
    0x9C, 0x79, 0xEF, 0x25, 0xE7, 0xE3, 0xCC, 0x99, 0x73, 0x9E, 0xF3, 0x31, 0x8C, 0xA2, 0x17, 0xAB,
    0x28, 0x76, 0x7D, 0x94, 0xBA, 0x2E, 0xCA, 0x5C, 0x13, 0x15, 0x2E, 0x8A, 0x4A, 0xFD, 0xAC, 0x51,
    0x54, 0x2F, 0x51, 0xD4, 0xCA, 0xC7, 0xCD, 0xF2, 0x19, 0xED, 0x33, 0xE0, 0xF6, 0x93, 0xDC, 0xAE,
    0x9F, 0x44, 0x1E, 0x49, 0x5C, 0x25, 0x9F, 0x28, 0x4A, 0x36, 0xF9, 0xC8, 0x63, 0xE7, 0x65, 0xFF,
    0xA4, 0xF2, 0x68, 0xDA, 0x47, 0xFB, 0xBF, 0x2A, 0x8A, 0x32, 0xF9, 0xAE, 0xF4, 0x4D, 0x6B, 0x29,
    0x7F, 0xD7, 0xD2, 0xF4, 0x4B, 0x95, 0xBF, 0xA9, 0xAD, 0xDA, 0x26, 0x71, 0xD2, 0x6E, 0xEA, 0x52,
    0x17, 0x65, 0x5B, 0xE6, 0xA2, 0x7C, 0xCD, 0xB6, 0x28, 0x5F, 0xF2, 0x35, 0x2A, 0x96, 0x7C, 0x89,
    0x8A, 0xB9, 0x58, 0xA2, 0x72, 0x2A, 0xE6, 0xA8, 0x1C, 0xCB, 0x49, 0x2F, 0x63, 0x54, 0x0E, 0xE5,
    0x10, 0xD5, 0x7D, 0xD9, 0x47, 0x75, 0x57, 0x76, 0xD1, 0x9F, 0xC9, 0x7F, 0x87, 0x7F, 0xD9, 0x12,
    0xC9, 0x78, 0xF7, 0x32, 0x9F, 0x63, 0x19, 0x7B, 0x14, 0x15, 0xD3, 0xC9, 0x69, 0xC7, 0xE5, 0xA8,
    0x73, 0xD8, 0xCB, 0x7A, 0x38, 0xCB, 0x7C, 0x4E, 0x0E, 0xFF, 0xAA, 0x84, 0x65, 0x74, 0xB6, 0xF2,
    0xEA, 0x2D, 0xF7, 0x41, 0xBB, 0xFD, 0x50, 0x6F, 0xA8, 0x8A, 0x49, 0x6E, 0x97, 0x87, 0x64, 0x08,
    0x7B, 0x29, 0x0F, 0xD7, 0x83, 0x94, 0xE9, 0x1A, 0xB5, 0xFD, 0xDE, 0x6D, 0x89, 0xC7, 0xC7, 0x50,
    0xD6, 0x28, 0x87, 0xA8, 0x45, 0xD9, 0xDF, 0xEC, 0x5E, 0x48, 0xD1, 0x9F, 0x57, 0x2D, 0x5D, 0x97,
    0x2E, 0x2C, 0x33, 0x2D, 0x65, 0xEC, 0x4A, 0x46, 0x29, 0xAB, 0x7C, 0x8A, 0x2E, 0xFE, 0xD5, 0x46,
    0x43, 0x16, 0x1B, 0x8B, 0x95, 0x05, 0x9A, 0x88, 0x4E, 0x28, 0x4E, 0x6E, 0xD3, 0x79, 0x17, 0xDA,
    0xBD, 0xB4, 0xE3, 0x74, 0x29, 0x30, 0x3D, 0x19, 0xEC, 0x9A, 0x7D, 0xE8, 0x94, 0x34, 0xD9, 0x4F,
    0x85, 0x36, 0xE5, 0x98, 0xFF, 0x04, 0x45, 0xD1, 0x28, 0x63, 0x4C, 0x65, 0xB5, 0xEA, 0x02, 0x96,
    0xD1, 0x1D, 0x9D, 0x0F, 0xFA, 0x29, 0x1C, 0xFA, 0xC9, 0x58, 0x48, 0x2B, 0x0D, 0xC6, 0xA6, 0x0C,
    0x23, 0x03, 0x72, 0xE8, 0x3D, 0x75, 0xA0, 0xB3, 0xFC, 0xD8, 0xF1, 0xAF, 0x21, 0x4A, 0xBB, 0xEC,
    0xE7, 0x4A, 0x8C, 0x3E, 0xEB, 0xA4, 0x68, 0xFB, 0xBC, 0x6B, 0xA5, 0x18, 0x8A, 0x46, 0x8B, 0xB1,
    0xAC, 0x84, 0x20, 0xED, 0x5C, 0x2A, 0x9F, 0x95, 0xDB, 0x3B, 0x99, 0x3C, 0x2E, 0x83, 0xD5, 0x2E,
    0x32, 0x29, 0x66, 0x2E, 0x4E, 0x8F, 0xDE, 0x1F, 0x6A, 0x07, 0xC9, 0x8C, 0xD9, 0x25, 0xE8, 0x34,
    0x4A, 0x59, 0x64, 0x03, 0x0B, 0xF2, 0x60, 0xDE, 0xA1, 0x28, 0x58, 0x94, 0x0D, 0x8A, 0xDF, 0x3F,
    0x52, 0xEF, 0x85, 0x03, 0xC7, 0xE0, 0xE7, 0x7B, 0x03, 0x98, 0x04, 0x43, 0xD6, 0xD9, 0xD5, 0x5A,
    0x2D, 0x31, 0x17, 0x25, 0x5C, 0xE4, 0x9C, 0x6D, 0x05, 0xDD, 0x0B, 0x32, 0x9C, 0xB3, 0x2E, 0x5F,
    0xBA, 0xC9, 0x34, 0x84, 0x8C, 0x5C, 0x78, 0xA9, 0x16, 0x3A, 0x36, 0xB9, 0x48, 0x55, 0x59, 0x5D,
    0xA8, 0xA8, 0x55, 0x50, 0xA2, 0xD4, 0x29, 0x93, 0x07, 0xE5, 0x27, 0xD7, 0xDB, 0xBA, 0xEB, 0xAF,
    0x58, 0x62, 0xFC, 0xDA, 0x80, 0xA9, 0x84, 0x28, 0xB2, 0x29, 0xEA, 0x2E, 0xFA, 0x63, 0xBD, 0x57,
    0x3A, 0x91, 0xD5, 0x57, 0xFA, 0xC9, 0x66, 0x90, 0xCD, 0xD7, 0x0A, 0x9D, 0x65, 0x60, 0x63, 0xBA,
    0x28, 0x61, 0x94, 0x48, 0x5D, 0x3E, 0xA6, 0xEE, 0x1B, 0xCA, 0xBD, 0x9B, 0x10, 0x39, 0x5F, 0x74,
    0xB7, 0xBE, 0x76, 0x5F, 0x1A, 0x2E, 0x27, 0x8C, 0x58, 0xC6, 0x2D, 0xED, 0xC4, 0xA8, 0x0A, 0x9B,
    0xB9, 0xFE, 0x84, 0x85, 0x93, 0x6E, 0x5D, 0xC7, 0x6A, 0xA9, 0xBF, 0x26, 0x18, 0x5C, 0xDB, 0xA3,
    0x4A, 0xE6, 0x93, 0xC7, 0x31, 0x51, 0xB9, 0x48, 0x95, 0x13, 0x5D, 0xE5, 0x87, 0x2E, 0x57, 0xDE,
    0x2A, 0x67, 0x15, 0x12, 0xA0, 0x54, 0xAB, 0x32, 0xE3, 0x53, 0xB2, 0x58, 0xAF, 0xBC, 0xA0, 0xCD,
    0xEA, 0x38, 0xA2, 0x1C, 0x6C, 0x81, 0x06, 0x4F, 0xEE, 0xBE, 0xCE, 0xEE, 0x1F, 0x77, 0xDA, 0xFF,
    0xF6, 0x71, 0x4D, 0xBE, 0x74, 0xDF, 0x2A, 0x67, 0x67, 0xEC, 0xAC, 0xF3, 0xE4, 0xE2, 0x45, 0xC6,
    0x03, 0xDA, 0xD2, 0xFB, 0xCE, 0x16, 0xDB, 0x71, 0xEF, 0x49, 0x1F, 0x22, 0x24, 0x58, 0x13, 0x82,
    0xD7, 0xBC, 0x4F, 0xE9, 0xCD, 0xF5, 0xD7, 0xA9, 0x53, 0xE6, 0xB4, 0xDC, 0xEC, 0xA8, 0xE9, 0x52,
    0xE5, 0xF2, 0x75, 0xFB, 0xEF, 0xDA, 0x70, 0x2B, 0xDD, 0xB4, 0xDA, 0xED, 0x3D, 0x87, 0xDA, 0x20,
    0x15, 0xA7, 0x93, 0xD9, 0x94, 0x85, 0x57, 0xED, 0x6C, 0xD6, 0xD1, 0x60, 0x6E, 0xB2, 0xC7, 0xDD,
    0xA4, 0x3F, 0xBE, 0x2B, 0xC4, 0x54, 0xE6, 0x3F, 0x3B, 0x19, 0xCB, 0x8F, 0x74, 0x08, 0xD9, 0x76,
    0xD6, 0x3D, 0x24, 0xB7, 0xC9, 0x5A, 0x09, 0xC1, 0x75, 0x08, 0xA5, 0x88, 0x20, 0x59, 0xE6, 0x06,
    0x4C, 0xE5, 0x28, 0x87, 0x5A, 0x19, 0xE7, 0x0A, 0xD2, 0x4A, 0xAD, 0x74, 0xB7, 0x17, 0xD6, 0x32,
    0x30, 0xBC, 0x8A, 0xCC, 0x33, 0xF6, 0xAB, 0xCA, 0xE7, 0x13, 0x69, 0x50, 0xBA, 0x26, 0x26, 0x0D,
    0x72, 0x08, 0x91, 0x35, 0x8A, 0xBC, 0x98, 0x9A, 0xB8, 0xB1, 0x57, 0x6E, 0x17, 0xF9, 0xF9, 0x7E,
    0x8E, 0x6D, 0x1E, 0x5D, 0xDF, 0xD1, 0xA7, 0x67, 0x23, 0xE6, 0x2D, 0xA3, 0xDB, 0xFE, 0xAF, 0x15,
    0x96, 0x89, 0x20, 0x7A, 0x45, 0xF0, 0x2A, 0x15, 0x0B, 0x15, 0xB9, 0x11, 0x24, 0x2D, 0xFE, 0x57,
    0x41, 0x2B, 0x62, 0xD6, 0x8B, 0x58, 0x2C, 0x57, 0x6C, 0xDB, 0x3C, 0xE2, 0xF0, 0xB4, 0xEF, 0x11,
    0x5F, 0xE8, 0x28, 0x73, 0xAC, 0x5C, 0x4D, 0x99, 0x35, 0x60, 0xB9, 0x3A, 0x2E, 0x95, 0x6E, 0x0C,
    0x3C, 0x59, 0x92, 0xDB, 0xC1, 0xE8, 0xB8, 0x85, 0x3C, 0x0A, 0x66, 0xB1, 0x66, 0x79, 0x7B, 0xB6,
    0xD9, 0xDA, 0xEA, 0xA3, 0xB8, 0x96, 0xCB, 0xDE, 0x80, 0x5D, 0xA7, 0xA7, 0x5C, 0xE7, 0xC3, 0xFD,
    0x87, 0x16, 0xF2, 0xF5, 0xD0, 0xBE, 0x23, 0xB3, 0x35, 0x61, 0x98, 0x27, 0x52, 0xC8, 0xE4, 0x19,
    0x1F, 0x33, 0x89, 0x57, 0x85, 0x9B, 0x4C, 0xE4, 0xFE, 0x0E, 0xAE, 0x9F, 0xD3, 0xCB, 0x5F, 0x70,
    0xB3, 0xF8, 0x29, 0xAB, 0xA2, 0x23, 0x65, 0xD0, 0x43, 0xCA, 0xAD, 0xD0, 0xF9, 0x9F, 0xD1, 0x7A,
    0x3B, 0x79, 0x32, 0x61, 0x74, 0xB8, 0x60, 0x84, 0x18, 0x60, 0x6E, 0x1B, 0xCD, 0x68, 0x90, 0xAD,
    0x17, 0x3F, 0xE4, 0xE1, 0xE6, 0x72, 0xF1, 0x53, 0xC5, 0x26, 0x44, 0xCB, 0xDA, 0x87, 0x97, 0x53,
    0x46, 0x4F, 0x34, 0x52, 0x1A, 0x8B, 0x71, 0x14, 0x18, 0x0F, 0x86, 0x87, 0xEF, 0xC9, 0xC4, 0x5D,
    0x04, 0x5C, 0xC0, 0x09, 0x60, 0x1B, 0x7D, 0xE5, 0xC0, 0x2C, 0xDF, 0x01, 0x69, 0x9A, 0xE8, 0xAC,
    0xE2, 0x2F, 0x1F, 0xA4, 0x56, 0x4E, 0x40, 0x10, 0xAA, 0xFF, 0xDD, 0x23, 0xA7, 0x7B, 0x87, 0xB2,
    0x5B, 0xF4, 0xF9, 0xAF, 0x5D, 0x25, 0x3F, 0xA4, 0x32, 0x38, 0x19, 0xB1, 0xDC, 0x1C, 0xE9, 0x63,
    0x0D, 0x1B, 0x88, 0x22, 0xC8, 0xF1, 0x07, 0x15, 0x15, 0xDD, 0xF3, 0x5D, 0xA1, 0x39, 0x2B, 0xF7,
    0xD8, 0xF5, 0xB5, 0x07, 0xEE, 0x03, 0x6D, 0xE9, 0x79, 0xDB, 0xB1, 0x11, 0xC4, 0x77, 0x94, 0x8C,
    0xAD, 0x68, 0x6F, 0xA7, 0x38, 0x48, 0x56, 0x59, 0x98, 0x53, 0x48, 0xA1, 0x3B, 0x74, 0x10, 0xE2,
    0xE4, 0x4E, 0xD7, 0x5F, 0xF8, 0x5F, 0x14, 0xC5, 0x0B, 0xD7, 0xD7, 0x77, 0x64, 0x56, 0x4B, 0xB9,
    0x7F, 0x66, 0xF9, 0x7B, 0x8A, 0xEF, 0x64, 0x6B, 0xB9, 0xD5, 0xAE, 0xDD, 0xEA, 0xB5, 0x9C, 0xBE,
    0xD0, 0x1C, 0x77, 0x16, 0x79, 0x8E, 0x4A, 0xC0, 0xD8, 0xDC, 0xF8, 0x3C, 0xA2, 0x98, 0x35, 0xEE,
    0x33, 0xF6, 0x36, 0x7E, 0xB5, 0x5D, 0x11, 0x51, 0xD4, 0x19, 0xBB, 0x9D, 0x79, 0x23, 0x77, 0x83,
    0xB1, 0xB1, 0x71, 0xB9, 0x71, 0x6A, 0xEC, 0x1B, 0x6E, 0xF6, 0x9D, 0x49, 0xA6, 0xD9, 0x07, 0x32,
    0x3D, 0x75, 0x20, 0x76, 0x7F, 0xBE, 0x3E, 0x75, 0x20, 0x27, 0x3F, 0x90, 0xEA, 0x09, 0x03, 0x99,
    0x6F, 0xC8, 0x94, 0xAB, 0x96, 0x62, 0xBC, 0x75, 0xB6, 0xBD, 0xBC, 0xF2, 0x26, 0x4C, 0x70, 0x44,
    0x20, 0x89, 0x13, 0xE9, 0xB7, 0x28, 0x15, 0x44, 0x32, 0x6E, 0xFA, 0x73, 0xA5, 0x4B, 0x11, 0xD5,
    0x1B, 0x71, 0xA9, 0xFE, 0x26, 0x65, 0xAC, 0xB2, 0x4D, 0xCA, 0x44, 0x9F, 0x2D, 0x15, 0x97, 0xF5,
    0x28, 0x53, 0x82, 0x2C, 0x79, 0x9C, 0x65, 0xAE, 0x43, 0x2B, 0x37, 0x96, 0xF5, 0x6A, 0x6C, 0xBC,
    0xA0, 0x29, 0x6D, 0x8B, 0xE5, 0x8C, 0xF2, 0x04, 0x5C, 0xA6, 0x43, 0x18, 0x50, 0x6A, 0x5B, 0x5A,
    0x2A, 0x2C, 0x2E, 0x0D, 0x16, 0x17, 0x52, 0x57, 0x09, 0x9B, 0x8B, 0x9E, 0xD6, 0x21, 0x08, 0xE2,
    0x51, 0x9D, 0x40, 0x81, 0x5B, 0xE9, 0xB3, 0x14, 0xC0, 0x3A, 0x4B, 0x90, 0x34, 0xF7, 0x2A, 0xEB,
    0xBA, 0xBA, 0xA0, 0x46, 0x0C, 0xBA, 0xDF, 0xDB, 0x20, 0x7E, 0x1D, 0x2E, 0x98, 0xAD, 0x3E, 0x5D,
    0x80, 0x12, 0x5F, 0x68, 0x21, 0xAA, 0x4F, 0x10, 0xD3, 0x89, 0x23, 0xC8, 0x04, 0xB4, 0x34, 0xB1,
    0x3A, 0x46, 0x24, 0x93, 0x5E, 0x01, 0x31, 0x89, 0x6B, 0x71, 0x2D, 0xBC, 0x6A, 0xC0, 0x15, 0xD8,
    0xC2, 0x71, 0x58, 0xB8, 0x62, 0x4C, 0x1C, 0xA8, 0xA3, 0xA4, 0x66, 0x57, 0x0B, 0x3A, 0x99, 0xFD,
    0x35, 0xC6, 0x2C, 0x72, 0xAC, 0x4C, 0x01, 0x25, 0x52, 0xDA, 0x6A, 0x45, 0x2F, 0x41, 0x65, 0x9F,
    0x38, 0xDB, 0x02, 0x20, 0x28, 0x22, 0x94, 0x4D, 0xA8, 0x79, 0x32, 0x37, 0x25, 0xF2, 0x58, 0xAE,
    0xDA, 0x69, 0x81, 0x84, 0x77, 0xD0, 0x21, 0x5A, 0x64, 0x23, 0x8A, 0xB8, 0xB7, 0xD9, 0xD9, 0xC4,
    0x6C, 0x36, 0xD2, 0x5C, 0xB7, 0x8F, 0xF5, 0xE4, 0xD1, 0xE3, 0xCC, 0x9F, 0x06, 0xFE, 0x44, 0xB1,
    0x6B, 0x42, 0xDB, 0x60, 0x26, 0x41, 0xA7, 0xDD, 0x3E, 0x46, 0x81, 0x00, 0x36, 0xD3, 0xB3, 0xFB,
    0xF8, 0xFA, 0xFA, 0xDA, 0xB4, 0x64, 0x45, 0x04, 0x5E, 0x11, 0x80, 0x13, 0x8F, 0xAF, 0xFC, 0xED,
    0x3D, 0xBD, 0xF9, 0xBB, 0x8F, 0x0C, 0xB3, 0x4E, 0x5C, 0xCC, 0x8D, 0x6B, 0x2B, 0xFD, 0x2A, 0xF8,
    0x94, 0x01, 0x0A, 0x07, 0x28, 0xD9, 0x45, 0x40, 0x24, 0x52, 0xC8, 0xB6, 0x4B, 0x20, 0xFD, 0x50,
    0x9C, 0x3B, 0x32, 0x62, 0x44, 0xBE, 0x23, 0xF7, 0xFA, 0xA5, 0x94, 0xEF, 0x86, 0x00, 0x87, 0x63,
    0x17, 0x0A, 0x03, 0x93, 0x7A, 0xCB, 0xF6, 0x96, 0xE3, 0x26, 0x6A, 0x6D, 0xEF, 0x6D, 0xC7, 0xA2,
    0xE6, 0x97, 0xBC, 0x25, 0x61, 0x91, 0x63, 0xBE, 0x27, 0x6C, 0xA9, 0x2F, 0xB5, 0xDA, 0xA6, 0x41,
    0x81, 0x96, 0x2D, 0xD7, 0x98, 0x01, 0x20, 0x00, 0x98, 0x71, 0x67, 0xC4, 0x3F, 0xAF, 0x0E, 0x3B,
    0xD9, 0x46, 0x1D, 0x16, 0xA0, 0x61, 0xA3, 0x15, 0xC7, 0xCB, 0x9F, 0x8C, 0x8F, 0x36, 0xFC, 0xF4,
    0xEE, 0x8A, 0x9F, 0xBE, 0x0D, 0x2E, 0x58, 0x0B, 0xAA, 0x12, 0x15, 0x2D, 0x27, 0xD7, 0xAB, 0x04,
    0x48, 0x85, 0xC2, 0x13, 0x14, 0xBC, 0x0A, 0x0E, 0xD1, 0x32, 0x32, 0x4E, 0xF9, 0x49, 0xE5, 0x8D,
    0xFC, 0xA4, 0x90, 0xB0, 0x70, 0xD7, 0xDF, 0x72, 0xEF, 0xDF, 0xE5, 0x3A, 0x4C, 0xC4, 0x2D, 0xA3,
    0x15, 0xB4, 0x8A, 0xC6, 0x5B, 0xDE, 0x38, 0xF2, 0xB2, 0xD1, 0x8B, 0x48, 0x13, 0x38, 0x17, 0x02,
    0xAD, 0x3C, 0x8A, 0x9F, 0x17, 0x65, 0xC1, 0xEF, 0x90, 0x08, 0x23, 0xF9, 0xB3, 0x07, 0xAD, 0x01,
    0xD9, 0x51, 0x24, 0xA2, 0x25, 0x1E, 0x54, 0x5E, 0x44, 0x9E, 0x2F, 0x44, 0xB0, 0xEF, 0x86, 0x34,
    0x2B, 0x68, 0x2F, 0x95, 0xDC, 0x00, 0x35, 0x39, 0xBF, 0x75, 0xA4, 0xC7, 0x2D, 0x5A, 0x35, 0xF2,
    0x75, 0x7F, 0x60, 0xE4, 0x33, 0x0B, 0xE3, 0x6E, 0x2B, 0xEC, 0xCB, 0x94, 0x77, 0xE6, 0xFE, 0x39,
    0x23, 0x35, 0xA4, 0x82, 0xAE, 0xE9, 0x6B, 0x6F, 0x87, 0x31, 0x73, 0x6B, 0x59, 0x77, 0x3D, 0xC6,
    0xF0, 0x5F, 0xB0, 0x55, 0xEE, 0xEC, 0xE2, 0xA4, 0x1D, 0xD8, 0xCC, 0xC2, 0xA5, 0xB2, 0x9B, 0x1F,
    0x82, 0x6B, 0x1F, 0x52, 0x0E, 0x01, 0xC4, 0x1B, 0xB0, 0xB2, 0x25, 0x35, 0x7E, 0xEC, 0xA3, 0x20,
    0x26, 0x22, 0xCA, 0xAB, 0x98, 0xFB, 0x20, 0xA1, 0x3D, 0x98, 0x92, 0x72, 0x19, 0x6D, 0xD6, 0xDC,
    0xBD, 0x7F, 0x4F, 0x9E, 0x2C, 0x1C, 0x04, 0x86, 0x32, 0xA5, 0x16, 0x2B, 0xB8, 0x15, 0x6E, 0x83,
    0x15, 0x10, 0x49, 0x3E, 0xE6, 0x40, 0xC0, 0x6F, 0x76, 0x27, 0x44, 0xAD, 0x4A, 0x5A, 0x91, 0x50,
    0x4A, 0x89, 0xCC, 0x7D, 0x5C, 0xBB, 0x8E, 0x3D, 0xD0, 0xA2, 0x5B, 0x76, 0xE9, 0x99, 0x9A, 0xF0,
    0x7C, 0x51, 0x47, 0x16, 0xCB, 0x5A, 0x5E, 0xDF, 0xE5, 0x90, 0xF4, 0x59, 0x50, 0x26, 0x65, 0x91,
    0xF1, 0x4B, 0x6E, 0x6D, 0x68, 0x20, 0x1D, 0xCB, 0x2C, 0xED, 0x01, 0xB1, 0xAA, 0x76, 0x28, 0x55,
    0x90, 0x35, 0x6A, 0xFA, 0xD9, 0x36, 0xF2, 0xFB, 0x67, 0xBC, 0x58, 0x8D, 0x66, 0xDF, 0xAE, 0xE1,
    0x8E, 0x89, 0x77, 0x0C, 0x87, 0xF5, 0x32, 0x62, 0xB5, 0x46, 0x2C, 0xBB, 0x71, 0x8E, 0x82, 0x78,
    0x36, 0x99, 0x7C, 0xE3, 0xFE, 0x92, 0x1C, 0x55, 0x5E, 0x70, 0x6C, 0x41, 0x4D, 0x79, 0xF5, 0x46,
    0xB0, 0x77, 0xB6, 0x83, 0x6C, 0xD5, 0x39, 0x35, 0x64, 0x34, 0x15, 0x97, 0x22, 0x1A, 0x74, 0x3E,
    0x83, 0x62, 0x6B, 0x05, 0x9F, 0xB2, 0xA5, 0x04, 0x92, 0xA0, 0xD8, 0xA0, 0xF6, 0xA5, 0x88, 0xB1,
    0x48, 0x80, 0x09, 0x99, 0x22, 0x96, 0x46, 0x57, 0xBA, 0x35, 0x09, 0x36, 0xEF, 0x36, 0x53, 0x69,
    0x9B, 0x18, 0xDC, 0x90, 0x53, 0x50, 0xB4, 0xEE, 0xDB, 0x32, 0xDF, 0x93, 0x5A, 0x23, 0x0B, 0x90,
    0x9F, 0x3C, 0xA7, 0xFD, 0x10, 0x0B, 0xE9, 0xA2, 0x97, 0x50, 0x7F, 0x28, 0xE4, 0x1B, 0x25, 0x66,
    0xB9, 0x7A, 0xD5, 0x2C, 0xE2, 0xF9, 0x16, 0x64, 0x3F, 0x7A, 0x30, 0xA5, 0x18, 0x5B, 0xAF, 0x39,
    0xB9, 0x2E, 0x68, 0xC2, 0x5B, 0x9B, 0xF9, 0x03, 0x66, 0x53, 0x21, 0x91, 0x67, 0xF7, 0x13, 0x35,
    0x89, 0x50, 0xF2, 0x8C, 0x69, 0x76, 0xB1, 0xDC, 0x93, 0xFB, 0x2E, 0x02, 0x33, 0xD5, 0x8B, 0x77,
    0x53, 0xF9, 0x62, 0x0B, 0xCA, 0xDD, 0x0A, 0xF0, 0x69, 0x1F, 0xFB, 0x31, 0x8D, 0x64, 0xB4, 0xC1,
    0xEF, 0x7E, 0xF8, 0x5F, 0x84, 0xBA, 0x2F, 0xFC, 0x03, 0x77, 0x9E, 0x69, 0x0A, 0x5B, 0xC9, 0xA0,
    0x58, 0x68, 0x86, 0x98, 0xFC, 0x5B, 0x38, 0x68, 0xA1, 0xD5, 0x15, 0x29, 0xD7, 0x72, 0x06, 0x34,
    0x6D, 0xE5, 0x06, 0xE8, 0x8F, 0xF8, 0xAE, 0xA1, 0x9E, 0x59, 0x57, 0x44, 0x86, 0x22, 0xFA, 0x57,
    0x51, 0xE5, 0xA2, 0xFC, 0x18, 0x47, 0xCF, 0xF8, 0x27, 0x08, 0x54, 0x20, 0x5A, 0xB9, 0xF9, 0x27,
    0x56, 0x55, 0x2E, 0x00, 0x91, 0xA7, 0x99, 0x32, 0x4F, 0x27, 0xE6, 0x31, 0x91, 0x6E, 0x31, 0xF5,
    0x0D, 0x3C, 0xB3, 0xC9, 0x8B, 0xC6, 0x81, 0x2C, 0x95, 0x1B, 0x6A, 0x8F, 0x69, 0x36, 0xCA, 0x50,
    0x65, 0x47, 0x15, 0xD6, 0xD0, 0xE1, 0x1D, 0xE8, 0x8D, 0xD6, 0x87, 0x0B, 0xAF, 0x88, 0xFC, 0xFB,
    0x83, 0xDD, 0x89, 0x54, 0x6C, 0x41, 0x6C, 0x15, 0xE6, 0x92, 0xA9, 0xB4, 0x3A, 0x81, 0x3A, 0x8A,
    0xB9, 0xA8, 0xD7, 0x0E, 0x80, 0xA3, 0x05, 0xEF, 0xD9, 0xD6, 0xA6, 0x3C, 0x22, 0x48, 0x8A, 0xDD,
    0xE5, 0x1F, 0xBB, 0x88, 0x8F, 0xB9, 0x51, 0x7E, 0xEF, 0x19, 0x60, 0xFF, 0xC1, 0x83, 0x07, 0xD5,
    0xE3, 0xD3, 0x55, 0x91, 0x71, 0x1D, 0xB9, 0xA7, 0x3C, 0xC5, 0x7B, 0x7E, 0x8B, 0x42, 0xBE, 0xDF,
    0x37, 0x66, 0x6D, 0xC0, 0x74, 0xE5, 0xDC, 0x1A, 0x3F, 0xB9, 0xC7, 0xFE, 0xA0, 0xFF, 0x8C, 0xE8,
    0xAA, 0xF2, 0x73, 0xC2, 0xFC, 0x52, 0x7D, 0x38, 0x46, 0x95, 0x7E, 0x0E, 0xB6, 0xC9, 0xF6, 0xD9,
    0xD7, 0xE7, 0xCD, 0xE1, 0x54, 0xC1, 0x99, 0x70, 0xA6, 0x14, 0x1B, 0x65, 0x93, 0x4C, 0x6A, 0xA4,
    0xE7, 0x8F, 0xDA, 0x25, 0xAB, 0xD4, 0xD7, 0x17, 0x3E, 0x33, 0x57, 0xBA, 0x55, 0xEE, 0x6D, 0x80,
    0xB6, 0x55, 0xC9, 0x61, 0xB5, 0x2A, 0xA0, 0x7A, 0xF5, 0x04, 0x96, 0xC0, 0xC5, 0x2A, 0x65, 0x47,
    0x08, 0xF6, 0xF3, 0x56, 0x5D, 0x38, 0x5F, 0xD5, 0x8B, 0xA8, 0x8B, 0x86, 0xFD, 0xB3, 0x71, 0xD1,
    0xF5, 0x99, 0x60, 0xA5, 0xBC, 0xEA, 0x7E, 0x68, 0xB5, 0x9C, 0x1E, 0x84, 0xC8, 0x7B, 0x41, 0x2B,
    0xD3, 0xFF, 0x86, 0x55, 0xE4, 0xCB, 0xED, 0x01, 0x59, 0x3F, 0xD3, 0x29, 0x9E, 0x30, 0xFB, 0xD2,
    0x28, 0x54, 0x79, 0xF1, 0x79, 0x86, 0x92, 0x0D, 0xE6, 0x42, 0x66, 0x64, 0x57, 0xCD, 0xBF, 0x0A,
    0x85, 0x9A, 0x77, 0xE0, 0x13, 0xD3, 0xFD, 0xF9, 0xD1, 0x0A, 0x07, 0xD8, 0xA0, 0x3B, 0x69, 0xA1,
    0xE7, 0x89, 0x80, 0x48, 0x7D, 0xA2, 0x95, 0xB0, 0x64, 0xAD, 0xC2, 0xFC, 0x0C, 0xC7, 0x44, 0xA1,
    0x6E, 0x88, 0x74, 0x55, 0xC2, 0xA8, 0x2F, 0x62, 0xCC, 0xE8, 0x9F, 0xE8, 0xA3, 0x7A, 0xC8, 0xB1,
    0xC5, 0x6A, 0x91, 0x5C, 0xBD, 0x7C, 0x55, 0xC3, 0xDB, 0xA3, 0x1E, 0x2F, 0xB8, 0xD4, 0x04, 0x8C,
    0x76, 0xE5, 0x08, 0x4F, 0x97, 0xB4, 0x58, 0xA1, 0x9A, 0xA8, 0xF9, 0x10, 0xA1, 0x2A, 0x1A, 0x5F,
    0xF7, 0x9E, 0x8E, 0x42, 0x25, 0xDD, 0x8C, 0xEA, 0x43, 0xD7, 0xAA, 0x44, 0xD5, 0xAA, 0x5B, 0x20,
    0x36, 0xB4, 0x31, 0x37, 0xC1, 0x90, 0xD1, 0x7B, 0x5C, 0x5F, 0xC3, 0x1C, 0x59, 0x94, 0x5D, 0x81,
    0xBC, 0x45, 0x03, 0xC9, 0x4E, 0xD3, 0xCD, 0xE6, 0x41, 0xCA, 0xEE, 0x2C, 0x88, 0x0E, 0xFA, 0xE6,
    0x8B, 0xBB, 0xB0, 0xF9, 0x11, 0x99, 0xBE, 0xF1, 0xFA, 0x40, 0x88, 0xF0, 0xE0, 0x6D, 0xD2, 0x3F,
    0x0F, 0x34, 0x3F, 0xAE, 0x04, 0x96, 0xE2, 0x3D, 0x6B, 0xEF, 0xBB, 0xEE, 0xCD, 0xC3, 0x26, 0xF7,
    0x9A, 0xA4, 0xF0, 0xAE, 0x61, 0xEF, 0xEA, 0x39, 0x19, 0xAE, 0x8C, 0xCE, 0xBE, 0x92, 0xB9, 0xD5,
    0xAF, 0xF6, 0xEA, 0x5D, 0x6B, 0x36, 0xE2, 0xF6, 0x43, 0x67, 0x4F, 0xFF, 0x8B, 0x33, 0x0F, 0xDB,
    0x6D, 0x67, 0x4F, 0xA7, 0x06, 0x94, 0x56, 0x7A, 0x77, 0x64, 0xCC, 0x67, 0x53, 0x74, 0xA3, 0x77,
    0x86, 0x0C, 0xAC, 0xC0, 0x69, 0xD8, 0xD3, 0x0A, 0x4D, 0x4C, 0xAB, 0x03, 0x00, 0xC0, 0x60, 0x64,
    0xA5, 0x70, 0x2E, 0xA0, 0x2A, 0xF2, 0x1C, 0xA6, 0x39, 0x13, 0x87, 0x98, 0x5D, 0xD8, 0x91, 0xA3,
    0x52, 0xB3, 0xE0, 0x68, 0x6E, 0xB6, 0x26, 0xB7, 0x28, 0x0B, 0x29, 0x86, 0x45, 0xF2, 0xAC, 0x10,
    0x3F, 0x13, 0xFC, 0x72, 0x6A, 0x99, 0xD7, 0x5A, 0x51, 0xB6, 0x6A, 0x1D, 0x99, 0x4A, 0x1F, 0x79,
    0xF5, 0xC1, 0x7D, 0x23, 0x34, 0x37, 0x2F, 0xC7, 0x50, 0x58, 0x87, 0xF2, 0xD8, 0xAF, 0x74, 0x81,
    0xBF, 0x7A, 0xDB, 0x35, 0xD8, 0xDD, 0x99, 0x3A, 0x5B, 0xE1, 0xB7, 0xAC, 0x32, 0x96, 0x84, 0xCB,
    0x85, 0xA3, 0x27, 0xA7, 0x54, 0x8F, 0x60, 0x85, 0x3D, 0x0E, 0xE0, 0x58, 0x2F, 0x5C, 0x7B, 0xD5,
    0x44, 0x70, 0xA5, 0x6C, 0xDF, 0x0F, 0x86, 0x6E, 0x13, 0x79, 0x34, 0xCA, 0x19, 0x42, 0x72, 0x7E,
    0xFC, 0xB6, 0x8E, 0x5B, 0x00, 0x09, 0x64, 0x5F, 0x82, 0x8D, 0x10, 0x11, 0xBB, 0x48, 0xBB, 0x4A,
    0x5F, 0xDD, 0x56, 0x29, 0x44, 0x73, 0x15, 0x82, 0x35, 0xDE, 0x3A, 0xD5, 0xEF, 0x6A, 0x6A, 0xE8,
    0xD8, 0x8C, 0x64, 0x55, 0xC5, 0x57, 0x86, 0x9D, 0xB9, 0x6F, 0x2D, 0x00, 0x31, 0x71, 0xD6, 0x0F,
    0x6F, 0x48, 0xCB, 0xD7, 0xBE, 0xEF, 0xF9, 0x8A, 0xC6, 0x26, 0x07, 0x5A, 0x58, 0x49, 0x88, 0xA5,
    0x5F, 0xBF, 0xFF, 0x5D, 0xF4, 0x3F, 0xC3, 0x79, 0x5B, 0x62, 0x7F, 0xD3, 0x5A, 0x4B, 0x36, 0xF6,
    0x9D, 0xAC, 0x44, 0x4D, 0xC9, 0x4C, 0xB4, 0x1B, 0x57, 0x1E, 0x0E, 0x99, 0x91, 0xEA, 0x0D, 0xD4,
    0x00, 0x8C, 0x3C, 0x32, 0x0A, 0x65, 0xFD, 0xD4, 0xB2, 0xBA, 0x51, 0x76, 0x10, 0x6C, 0xA5, 0xB6,
    0x7F, 0x1A, 0x20, 0xF7, 0xD4, 0xF7, 0x0F, 0xE9, 0x5D, 0x2B, 0x78, 0x70, 0xEF, 0xFF, 0x09, 0xAC,
    0x0D, 0x8F, 0xF7, 0xDD, 0x8E, 0x34, 0x16, 0xE3, 0x3D, 0x13, 0x67, 0xA4, 0xC7, 0x0B, 0xDE, 0x38,
    0x7A, 0xF5, 0x01, 0xF7, 0xD4, 0x3D, 0xDB, 0x67, 0xA9, 0xDF, 0x7B, 0x41, 0x06, 0x96, 0x9E, 0x3B,
    0xBF, 0xFA, 0xBA, 0x48, 0x27, 0xEC, 0x9B, 0x4C, 0xB9, 0x9C, 0x78, 0x4A, 0xC0, 0x99, 0x0E, 0x2E,
    0x87, 0xEF, 0xAB, 0x8F, 0x6C, 0xB5, 0x86, 0xC8, 0x9C, 0x0B, 0x23, 0x85, 0x30, 0xE0, 0x62, 0xBD,
    0x1A, 0x12, 0x6D, 0x17, 0x03, 0x9C, 0xEE, 0xB2, 0x32, 0x72, 0x0F, 0x6B, 0x05, 0xAE, 0x8F, 0x04,
    0x76, 0xD4, 0xC8, 0xC7, 0xF1, 0x73, 0x0A, 0x45, 0x30, 0x12, 0x78, 0x62, 0xA3, 0x29, 0xF4, 0x34,
    0xBF, 0x48, 0x43, 0x56, 0xAD, 0x9D, 0x2D, 0x00, 0x1D, 0xD7, 0x1D, 0xAD, 0x47, 0xE5, 0xEA, 0x9C,
    0xAC, 0x2F, 0x16, 0x19, 0x59, 0xFA, 0x01, 0x84, 0xDB, 0x95, 0xDF, 0x86, 0x45, 0x08, 0x4F, 0x39,
    0xE3, 0x1B, 0xE5, 0x9F, 0xED, 0x52, 0xE3, 0x9E, 0xCC, 0xE7, 0x9C, 0x58, 0x79, 0xB6, 0xF2, 0x64,
    0xB1, 0x2E, 0xE9, 0xF1, 0x17, 0xAF, 0xB4, 0x23, 0x59, 0x56, 0x04, 0x38, 0x29, 0x33, 0x50, 0x5B,
    0x14, 0x46, 0xA0, 0x82, 0x7E, 0x9B, 0xE8, 0xE5, 0xDD, 0xDE, 0xF5, 0x06, 0x2F, 0x88, 0x63, 0xB8,
    0x1C, 0x18, 0xD2, 0x30, 0x9C, 0x2F, 0x63, 0x63, 0xD4, 0x93, 0xAD, 0xB0, 0x41, 0x7B, 0x12, 0x63,
    0x37, 0xBC, 0x48, 0x13, 0x33, 0x76, 0xE3, 0xC9, 0x08, 0xB1, 0x70, 0x58, 0xE9, 0xC2, 0x61, 0x65,
    0xB3, 0x0D, 0x0B, 0xEA, 0xF4, 0x8F, 0x74, 0xD8, 0x57, 0x36, 0x0D, 0xBF, 0xFA, 0xA5, 0x71, 0x54,
    0x6D, 0xA5, 0xCD, 0xB3, 0xB7, 0xF9, 0x1B, 0xFC, 0x05, 0x68, 0xB7, 0x1B, 0x64, 0xFE, 0xAF, 0xB2,
    0xA4, 0xFF, 0x5F, 0x09, 0xDF, 0x36, 0xEC, 0xA8, 0xAD, 0x38, 0xFF, 0xD6, 0xF6, 0xC0, 0x8F, 0x8E,
    0x7B, 0xC1, 0x0B, 0xE4, 0x35, 0x3A, 0xD8, 0x25, 0xBA, 0x8A, 0xAF, 0x3C, 0xA8, 0x76, 0x89, 0x12,
    0x1B, 0x7B, 0xEE, 0xF3, 0x77, 0xE6, 0xD0, 0x19, 0x9F, 0x3A, 0xFF, 0xE3, 0x96, 0xF4, 0xA5, 0x19,
    0x41, 0x86, 0x6C, 0xC2, 0x16, 0xBD, 0xA2, 0x0B, 0x01, 0xF3, 0x37, 0x43, 0xD8, 0xA0, 0x8F, 0x61,
    0x67, 0x95, 0x20, 0x0F, 0x3C, 0x48, 0xD8, 0xFC, 0x40, 0xC6, 0x5D, 0xBC, 0x1B, 0x01, 0x65, 0x5C,
    0xDF, 0x7B, 0x05, 0xA6, 0x9F, 0x06, 0x7E, 0x07, 0x48, 0x10, 0xF5, 0x2A, 0xC3, 0xDF, 0xD3, 0x76,
    0xB4, 0xA6, 0x34, 0x00, 0x0C, 0xD7, 0x8B, 0xD9, 0x53, 0x77, 0x83, 0x04, 0xC9, 0x9F, 0x43, 0x82,
    0xA8, 0x67, 0x96, 0xF0, 0xD6, 0x4D, 0x56, 0x8E, 0x7B, 0x59, 0x45, 0x57, 0xAD, 0x09, 0x75, 0x35,
    0x64, 0x4C, 0x88, 0xA3, 0x2C, 0x55, 0x81, 0x8F, 0x10, 0xE2, 0xB9, 0x63, 0x9C, 0x3A, 0xD3, 0x69,
    0x8A, 0x30, 0x97, 0x61, 0x3F, 0x52, 0xBF, 0x4C, 0xEC, 0x37, 0x85, 0x57, 0x56, 0xA9, 0x97, 0xE8,
    0xAD, 0xD7, 0xC7, 0xD7, 0x77, 0xFC, 0x7E, 0x18, 0x52, 0x50, 0x49, 0x97, 0xA2, 0xCF, 0x41, 0x28,
    0xE5, 0x8A, 0x2E, 0xF7, 0xD6, 0xEE, 0xEA, 0x5D, 0x4C, 0xDE, 0x61, 0xE9, 0xAB, 0x5C, 0x73, 0x2C,
    0x05, 0xD9, 0x1F, 0xAB, 0xC1, 0x1D, 0x50, 0xB8, 0xC0, 0x04, 0xE5, 0x65, 0x35, 0xA6, 0xA2, 0xD7,
    0x87, 0x63, 0x62, 0x87, 0x76, 0x8D, 0x4C, 0xC9, 0x0A, 0xBB, 0x5C, 0x5F, 0x7F, 0xCB, 0xAA, 0x7E,
    0x4B, 0xFA, 0xEA, 0x10, 0x79, 0x5D, 0x0B, 0x2A, 0x5B, 0xD8, 0xBB, 0xF3, 0xDC, 0x93, 0x1D, 0xAB,
    0x8D, 0xE7, 0xA5, 0xDC, 0x02, 0xBA, 0xBD, 0xE7, 0x95, 0xD4, 0xBC, 0xB0, 0xCF, 0x9E, 0x4F, 0x7B,
    0x73, 0x3E, 0xFB, 0x24, 0xAE, 0x94, 0xB0, 0xB7, 0x30, 0x1C, 0xE5, 0xA1, 0x88, 0x04, 0x96, 0x55,
    0x5B, 0x63, 0x8E, 0x57, 0x75, 0xF8, 0xC9, 0x86, 0x7E, 0x0A, 0xEE, 0x46, 0x5E, 0x61, 0x37, 0x6E,
    0x37, 0xDC, 0xA1, 0xDE, 0x29, 0x1A, 0x50, 0xA9, 0x0D, 0xCA, 0xAE, 0xDB, 0x2E, 0x5F, 0x38, 0x2C,
    0xD2, 0xD2, 0x31, 0xC6, 0xCE, 0x68, 0xD5, 0x14, 0x79, 0x12, 0x26, 0x87, 0xEB, 0xD9, 0xB0, 0xCC,
    0xCD, 0xAE, 0x1E, 0xEB, 0xF0, 0x2A, 0x48, 0x50, 0xCC, 0x64, 0xE3, 0x24, 0x22, 0xEF, 0x03, 0xE7,
    0x33, 0x64, 0xA0, 0xCC, 0x05, 0x5F, 0xDB, 0x7C, 0xC1, 0xE3, 0xC5, 0x0D, 0xED, 0xF8, 0x34, 0xC9,
    0x70, 0x90, 0x90, 0xC7, 0xD2, 0xD8, 0x02, 0xEE, 0x90, 0xE8, 0x42, 0x32, 0xDE, 0x94, 0x90, 0xFD,
    0x11, 0x9D, 0x3E, 0x55, 0x32, 0xE4, 0x01, 0x81, 0x3E, 0xDF, 0xB0, 0xC2, 0x70, 0x66, 0x1B, 0xCE,
    0x71, 0x18, 0xB1, 0x75, 0x9B, 0x36, 0x46, 0xBA, 0x87, 0xAD, 0x97, 0x2F, 0x9B, 0x85, 0x7A, 0x67,
    0x2B, 0xCD, 0x03, 0xC3, 0xDE, 0xCF, 0x01, 0xFC, 0x1E, 0xF4, 0x8F, 0x20, 0x71, 0xDB, 0x6E, 0xDD,
    0xBE, 0xDB, 0xF6, 0xCD, 0x96, 0x87, 0xBD, 0x46, 0x5E, 0x50, 0x66, 0xE6, 0x20, 0x65, 0x4A, 0xB6,
    0x4D, 0x0A, 0xE7, 0xE7, 0xAB, 0x42, 0x61, 0xF3, 0x13, 0xB3, 0xB1, 0x97, 0x9B, 0x27, 0x56, 0xBD,
    0x7A, 0x3C, 0xDF, 0x2E, 0x5E, 0x43, 0xB9, 0xD5, 0x28, 0x1A, 0xD9, 0xCA, 0xB2, 0x66, 0xB0, 0xDC,
    0xF9, 0xA0, 0xF5, 0x29, 0xFC, 0x9A, 0xB8, 0x4F, 0xC3, 0x1A, 0xFC, 0x87, 0x75, 0x71, 0x76, 0x3F,
    0x33, 0x2C, 0x2E, 0x84, 0xA1, 0x13, 0x5C, 0x65, 0xB5, 0xF9, 0xB2, 0xE1, 0xD1, 0x19, 0x58, 0x6B,
    0x52, 0x6F, 0x20, 0x54, 0xE6, 0x0B, 0x07, 0xFA, 0x0B, 0x6C, 0x8E, 0xCD, 0x7C, 0x45, 0xBF, 0xFD,
    0x6C, 0xD1, 0x85, 0xCC, 0x01, 0x30, 0x3A, 0x85, 0x68, 0x88, 0xAD, 0xB8, 0x65, 0x5F, 0x28, 0x98,
    0xA3, 0x7E, 0x67, 0x51, 0x6A, 0x05, 0x2E, 0x35, 0x7F, 0x94, 0x27, 0x4E, 0xE6, 0x1D, 0xDC, 0xCD,
    0x41, 0x57, 0x18, 0x43, 0x94, 0x17, 0x85, 0x71, 0x43, 0x7B, 0x74, 0x5B, 0x87, 0x62, 0x3E, 0xF0,
    0xA7, 0xB1, 0xE7, 0x13, 0xDD, 0xA5, 0xE0, 0x91, 0x37, 0xA0, 0xB3, 0x4E, 0x8B, 0x57, 0xD9, 0x5A,
    0x64, 0x0B, 0x01, 0xCC, 0x8C, 0x31, 0x68, 0x84, 0x1A, 0xEA, 0x9A, 0xDA, 0x7A, 0x30, 0xE0, 0x62,
    0xBA, 0xBA, 0xF6, 0x08, 0x2E, 0x77, 0x14, 0x4F, 0x70, 0xA6, 0xD0, 0xBF, 0xCA, 0x2A, 0xDC, 0xC3,
    0xB0, 0x32, 0xA8, 0xC8, 0xE9, 0x94, 0x87, 0x2E, 0xF7, 0x1E, 0x8A, 0xCC, 0x7B, 0xCD, 0x06, 0x73,
    0x55, 0x24, 0x4C, 0xE8, 0xD9, 0x90, 0xF5, 0xA3, 0x79, 0x2C, 0x1F, 0x6A, 0x35, 0x5D, 0xA4, 0xEA,
    0x5E, 0x67, 0x0A, 0x88, 0x1B, 0x4F, 0x0E, 0x6E, 0xEA, 0x7C, 0x6E, 0xA7, 0x64, 0x45, 0xB5, 0x98,
    0xDA, 0x29, 0x5D, 0x50, 0x2D, 0xC7, 0x7A, 0xCE, 0x27, 0x38, 0x07, 0xCA, 0xA1, 0x9C, 0xCB, 0x91,
    0x31, 0xD9, 0xBE, 0x5C, 0xEA, 0x9E, 0xB6, 0x43, 0x57, 0x2E, 0xFA, 0x61, 0x75, 0x73, 0xB0, 0x28,
    0x62, 0xD7, 0x68, 0xDE, 0x4D, 0x09, 0x80, 0x28, 0x63, 0xA1, 0xBF, 0x35, 0x71, 0x50, 0xAC, 0x5A,
    0x3D, 0x6F, 0x70, 0x61, 0xA9, 0x50, 0x50, 0x53, 0x59, 0xB3, 0x69, 0xE8, 0x4B, 0x50, 0x2A, 0x6A,
    0x2C, 0x37, 0x5F, 0x60, 0xB2, 0x80, 0x37, 0x66, 0xC4, 0x13, 0x1D, 0x9D, 0x0C, 0x9A, 0xC6, 0xE5,
    0xAB, 0x33, 0xAA, 0x27, 0xA2, 0xE3, 0x5B, 0x24, 0xA6, 0xA1, 0xAE, 0xA1, 0x0E, 0xC0, 0x67, 0x68,
    0x2D, 0xB3, 0xC3, 0xE4, 0xB0, 0x09, 0xE3, 0xC4, 0x84, 0x33, 0x1C, 0x1C, 0xEA, 0xB8, 0xA4, 0x02,
    0x9D, 0x2D, 0x54, 0x91, 0x21, 0xD4, 0xB7, 0x7A, 0x3B, 0x14, 0xA9, 0x4D, 0x99, 0x92, 0x1A, 0xD1,
    0x4F, 0xEC, 0xF4, 0xC2, 0x40, 0x7A, 0x43, 0x97, 0x7E, 0x69, 0xF6, 0xB7, 0xC9, 0x03, 0xA4, 0xC5,
    0xD4, 0x9F, 0x68, 0x26, 0x15, 0xA2, 0xE7, 0x1F, 0x39, 0xD8, 0xF9, 0x52, 0xFB, 0x37, 0xCD, 0xC6,
    0xE8, 0xE1, 0x69, 0x70, 0xAB, 0xD5, 0x84, 0x01, 0x22, 0x22, 0x45, 0xD9, 0x4D, 0x31, 0x87, 0xDE,
    0x15, 0xEE, 0xAF, 0x2C, 0x27, 0x25, 0x73, 0x3F, 0x65, 0x0C, 0xAF, 0x4A, 0x65, 0x33, 0x32, 0x39,
    0x25, 0x71, 0x9F, 0x58, 0x9E, 0x4B, 0xC2, 0x8D, 0x9C, 0xAA, 0x8D, 0x43, 0x35, 0xA3, 0x0E, 0x57,
    0xE7, 0x23, 0xF2, 0x74, 0xBD, 0xE7, 0xB0, 0xBC, 0x7C, 0x1C, 0x9E, 0x8E, 0x22, 0x1D, 0x77, 0x66,
    0xC6, 0xEC, 0xFD, 0x08, 0x5B, 0x36, 0x77, 0x1E, 0xB6, 0x23, 0x9C, 0x70, 0xB2, 0x5A, 0x6F, 0x99,
    0x00, 0xF8, 0x67, 0x06, 0x7D, 0x6C, 0x56, 0x48, 0xCB, 0xD0, 0x4D, 0xEA, 0x82, 0xB7, 0xD1, 0x3B,
    0xCC, 0x1D, 0xFD, 0xE7, 0x7F, 0xAB, 0xF4, 0x50, 0xCF, 0x9B, 0x02, 0x98, 0x96, 0x4E, 0xDF, 0x88,
    0x96, 0xE4, 0x02, 0x9C, 0x2F, 0xC6, 0xFF, 0x99, 0x29, 0x21, 0x2B, 0x3C, 0x9B, 0x52, 0xD2, 0xF5,
    0xEF, 0x36, 0x06, 0x7C, 0xDC, 0x56, 0x86, 0x12, 0x78, 0x72, 0xAB, 0x19, 0x9C, 0x5A, 0x7D, 0xD9,
    0x32, 0x5B, 0x67, 0x69, 0x49, 0x1D, 0x5F, 0x4E, 0x2D, 0xF3, 0x19, 0x46, 0x33, 0x94, 0x87, 0x9A,
    0x86, 0x63, 0x47, 0x4C, 0xE5, 0x9A, 0x92, 0x7B, 0x0C, 0x43, 0x4B, 0x20, 0x84, 0x56, 0x10, 0xE7,
    0x0C, 0x23, 0x7B, 0xD8, 0xDD, 0x1A, 0xAD, 0x61, 0xD6, 0xDC, 0x80, 0x48, 0xFC, 0x04, 0xAB, 0xEC,
    0x6F, 0xBC, 0x51, 0x76, 0xDF, 0xB0, 0x57, 0x30, 0x50, 0xBC, 0x45, 0xD6, 0xA8, 0x41, 0xF6, 0x93,
    0x96, 0x58, 0xBB, 0xC9, 0x0D, 0xAB, 0xC0, 0xE4, 0xCA, 0x1D, 0x01, 0x65, 0x71, 0x8C, 0x1D, 0xD3,
    0x14, 0x83, 0xA4, 0xA9, 0x57, 0x6A, 0xBF, 0x76, 0x31, 0x4B, 0x69, 0xA1, 0x12, 0x96, 0xB2, 0x65,
    0xAC, 0x18, 0xAE, 0x93, 0xD8, 0xF0, 0xD3, 0xC9, 0xB0, 0x5F, 0x62, 0x66, 0x51, 0x62, 0x56, 0xD1,
    0xD9, 0xBD, 0xFF, 0x19, 0x58, 0xBB, 0x79, 0x5E, 0xAC, 0xDD, 0x3C, 0x19, 0x6B, 0x7B, 0xBE, 0x00,
    0xCD, 0x1A, 0xEB, 0xC4, 0xE3, 0x06, 0xE3, 0x8E, 0x9D, 0x3F, 0xA2, 0xC0, 0x21, 0x51, 0xE0, 0x11,
    0x46, 0x9D, 0x52, 0x8B, 0x08, 0x58, 0x28, 0x71, 0xBF, 0x78, 0x5E, 0x31, 0x3F, 0xB8, 0xD5, 0xBC,
    0x37, 0xD7, 0x73, 0x0C, 0x1D, 0x00, 0xBE, 0x46, 0xAE, 0x31, 0xEB, 0x1C, 0x4F, 0xEC, 0xB5, 0x96,
    0xB6, 0xC9, 0x62, 0x81, 0xDD, 0xE4, 0x50, 0x9B, 0xAD, 0x96, 0x12, 0xE2, 0x55, 0xD6, 0x91, 0x21,
    0xF4, 0xCE, 0xFA, 0x40, 0xF3, 0x9E, 0x93, 0x18, 0x46, 0xA5, 0x3F, 0x2B, 0x43, 0x74, 0x60, 0x22,
    0xA0, 0xFA, 0x3B, 0x67, 0x19, 0x3B, 0x9E, 0x04, 0xE0, 0xA9, 0x29, 0x3A, 0x9A, 0x2E, 0xA0, 0xC6,
    0x7D, 0xAF, 0x95, 0x83, 0xEE, 0x2B, 0x03, 0xA2, 0x38, 0x87, 0x9F, 0x23, 0x17, 0xAA, 0xCA, 0x93,
    0xFF, 0x7D, 0xFD, 0x46, 0x40, 0xCA, 0x7D, 0xF0, 0x87, 0x76, 0x5E, 0xBD, 0x1F, 0x16, 0x22, 0xE4,
    0x56, 0xDD, 0x48, 0xCF, 0x7C, 0x85, 0x5E, 0xA7, 0x7B, 0xBC, 0xF9, 0xFC, 0x38, 0xFF, 0xFE, 0x12,
    0xFC, 0x7B, 0x5B, 0x85, 0x15, 0xF9, 0x37, 0xA3, 0x17, 0xB9, 0x32, 0xCC, 0x4D, 0xB4, 0x56, 0x58,
    0x59, 0xFA, 0x72, 0x23, 0xAF, 0xD5, 0x2B, 0x79, 0xAC, 0x5D, 0x88, 0xD2, 0x54, 0x2B, 0x90, 0x6F,
    0xAF, 0x1C, 0xBD, 0x50, 0x21, 0xDF, 0xD3, 0xDB, 0x8A, 0xDE, 0xD9, 0x43, 0x27, 0xDD, 0xAF, 0xB1,
    0xC4, 0xD2, 0x96, 0x11, 0xB4, 0x6B, 0x19, 0x52, 0xEC, 0x6A, 0x42, 0xEB, 0xAE, 0xE4, 0xFA, 0x34,
    0xB9, 0x39, 0x37, 0xD2, 0xB0, 0x9D, 0x7C, 0x6A, 0x86, 0xAB, 0xD4, 0xF9, 0xA6, 0xBE, 0x7D, 0x20,
    0x8E, 0xD2, 0xAD, 0xEA, 0x83, 0x53, 0xC5, 0x59, 0x53, 0xFE, 0x4F, 0x07, 0xAC, 0xF1, 0xD2, 0x0F,
    0x2D, 0x0A, 0xB4, 0x1A, 0x9F, 0xF7, 0x17, 0x89, 0x04, 0x9A, 0x99, 0x3C, 0xC4, 0x08, 0x3E, 0x56,
    0x6A, 0x34, 0xC3, 0x46, 0x66, 0x5E, 0x86, 0x39, 0xBE, 0x1C, 0x77, 0xCD, 0x0F, 0x3C, 0x27, 0x32,
    0xFA, 0x10, 0x32, 0x2F, 0x32, 0x3F, 0x31, 0x43, 0xF6, 0xC1, 0x78, 0xED, 0xD9, 0x2D, 0xF3, 0x2A,
    0x7D, 0x24, 0x54, 0xEE, 0xF9, 0x53, 0x48, 0xA8, 0xF3, 0x04, 0xCE, 0xC8, 0x26, 0x38, 0x4B, 0xB4,
    0x10, 0xFC, 0x92, 0xCF, 0x20, 0x6C, 0xC1, 0xC4, 0xE5, 0x72, 0x83, 0x87, 0xA6, 0x74, 0xBF, 0xB8,
    0xE7, 0x33, 0x7A, 0x3B, 0x2E, 0x24, 0xD7, 0x75, 0xF6, 0x8A, 0x4B, 0x23, 0x98, 0x77, 0x82, 0x1F,
    0x57, 0x35, 0x0E, 0xCB, 0xF2, 0xB2, 0x6C, 0xEA, 0x47, 0x7F, 0xEF, 0x3E, 0x7E, 0xCB, 0x35, 0x6D,
    0x9F, 0x28, 0x60, 0xA8, 0xDA, 0x4E, 0x96, 0xFC, 0xA4, 0x2A, 0x2B, 0x85, 0x97, 0x5A, 0x1D, 0x8F,
    0x9D, 0x26, 0x7A, 0xEA, 0x32, 0x08, 0xFC, 0x79, 0x49, 0x97, 0xE1, 0xF4, 0xC6, 0x05, 0x20, 0xAF,
    0x9E, 0x09, 0xC8, 0xEB, 0xFF, 0xAB, 0x9D, 0x70, 0xE9, 0x49, 0xB8, 0x61, 0x27, 0xC4, 0x6D, 0x20,
    0x39, 0x73, 0xFE, 0x9C, 0x0F, 0x91, 0x38, 0xE7, 0xBF, 0x47, 0x72, 0x4B, 0x6E, 0x29, 0x17, 0x33,
    0x8C, 0xBC, 0x5A, 0x73, 0x56, 0xD5, 0x74, 0x2E, 0x9C, 0xF9, 0x30, 0x23, 0xEF, 0x13, 0x8B, 0xBC,
    0x4F, 0x0C, 0xA9, 0x84, 0x54, 0x62, 0x83, 0xF7, 0x89, 0xF5, 0x1C, 0x6F, 0x02, 0xAC, 0x31, 0xB1,
    0x92, 0xD0, 0x27, 0xD6, 0x78, 0x9F, 0x58, 0xC3, 0xDD, 0x91, 0xC1, 0x81, 0x3A, 0x30, 0xA4, 0x9F,
    0x12, 0x79, 0xD8, 0xB0, 0xF3, 0xCD, 0x2A, 0xC5, 0x6A, 0xE2, 0xB8, 0x34, 0x1F, 0x10, 0x2A, 0x85,
    0xAF, 0x94, 0x96, 0x93, 0x69, 0xD6, 0xEA, 0xE8, 0x0D, 0xEE, 0x91, 0xEC, 0x97, 0xD0, 0xF4, 0xED,
    0xAC, 0x2D, 0x37, 0xC5, 0xAD, 0x8F, 0xAA, 0x9A, 0x4D, 0x6A, 0x1C, 0x91, 0x04, 0x5F, 0x7E, 0xF0,
    0xE4, 0xDF, 0x0A, 0x7E, 0xFC, 0x17, 0xEF, 0x7A, 0xF1, 0xBD, 0x80, 0x45, 0x11, 0x5A, 0x6C, 0x69,
    0xC2, 0x8C, 0x91, 0x41, 0xD8, 0x06, 0xAC, 0x4D, 0x07, 0x2B, 0x64, 0xA0, 0xCD, 0x3D, 0x66, 0x42,
    0x52, 0x45, 0xB2, 0xE4, 0x96, 0xD9, 0xC4, 0x98, 0x93, 0x52, 0xAC, 0xB6, 0x0C, 0x52, 0x4B, 0x34,
    0x5C, 0x0C, 0x6C, 0xC0, 0xB5, 0xD1, 0x31, 0x38, 0xC5, 0xFC, 0x07, 0xEF, 0xC1, 0x46, 0xE2, 0x94,
    0x0F, 0xF3, 0x95, 0xB6, 0x43, 0x2C, 0x03, 0x4C, 0x2A, 0x3E, 0xD5, 0xE1, 0xE4, 0x0D, 0x82, 0x90,
    0x37, 0xF6, 0xCD, 0xCD, 0xD8, 0xE3, 0xB6, 0xB7, 0x73, 0xDF, 0xB6, 0xDC, 0x6C, 0x17, 0x38, 0x29,
    0x64, 0xED, 0x9A, 0x46, 0x3C, 0xED, 0x66, 0xD2, 0xE6, 0x2B, 0x8B, 0x97, 0xC1, 0x21, 0x8E, 0x31,
    0x5E, 0x0A, 0x53, 0xC8, 0x95, 0x17, 0xEE, 0x28, 0xE7, 0xF4, 0x20, 0x5A, 0x81, 0x94, 0xFA, 0xAE,
    0x75, 0x0C, 0xFC, 0xD7, 0xDC, 0x6D, 0x8D, 0x0E, 0xFA, 0x96, 0xDB, 0x98, 0x81, 0x03, 0x1F, 0xEA,
    0x08, 0xBA, 0x9D, 0x50, 0x76, 0xF8, 0x3E, 0x01, 0x36, 0x69, 0x40, 0xBD, 0x14, 0x91, 0x62, 0x6E,
    0x08, 0xD5, 0x7E, 0x88, 0x35, 0x98, 0x96, 0x01, 0x20, 0x85, 0x49, 0x35, 0x91, 0x28, 0x8A, 0xB6,
    0x55, 0xDC, 0x8D, 0xAC, 0x6B, 0xD7, 0x54, 0x93, 0x4B, 0xEC, 0x5A, 0x4B, 0xB4, 0x6E, 0x05, 0x82,
    0x95, 0x33, 0xB3, 0x4C, 0xDA, 0xE5, 0xBC, 0x96, 0x33, 0xB3, 0xEB, 0xEA, 0x25, 0x5B, 0xCA, 0x99,
    0x99, 0x73, 0xF5, 0x92, 0x4F, 0xC5, 0x4C, 0x82, 0xD7, 0x4B, 0x39, 0x16, 0xB3, 0xA5, 0xAC, 0x2E,
    0xF5, 0x50, 0xCC, 0xCC, 0x18, 0x2C, 0x97, 0xB6, 0xCB, 0x17, 0x4B, 0xD8, 0x58, 0x44, 0x08, 0xAF,
    0x3E, 0xBF, 0xC0, 0x05, 0xC3, 0x58, 0x8D, 0x82, 0xDC, 0xA8, 0x59, 0x40, 0xEE, 0xAE, 0x56, 0x9F,
    0x09, 0xB8, 0x2D, 0x5F, 0x28, 0x33, 0xB2, 0xE6, 0x30, 0x6A, 0xC6, 0xB0, 0x93, 0x77, 0x57, 0x7D,
    0x73, 0xC0, 0x2B, 0x21, 0x1F, 0x10, 0xC4, 0x48, 0xB7, 0xC7, 0x83, 0xAD, 0xAA, 0x4B, 0x9A, 0xD2,
    0x3B, 0xD9, 0x2B, 0xD8, 0x06, 0x2A, 0x07, 0xA3, 0xD6, 0xB2, 0x00, 0x26, 0x59, 0x83, 0xD9, 0xFC,
    0x33, 0xA9, 0xB9, 0x91, 0x46, 0x0B, 0x90, 0x29, 0xF5, 0x99, 0x0F, 0xA1, 0x34, 0xB7, 0xD1, 0xB8,
    0xC5, 0x82, 0x49, 0x22, 0x15, 0xD2, 0x20, 0xD2, 0x2C, 0xC1, 0x50, 0xE7, 0x38, 0xF9, 0x20, 0x96,
    0x0D, 0x59, 0xFB, 0x33, 0xA7, 0x74, 0x12, 0x72, 0xC5, 0x4F, 0x21, 0xD1, 0x39, 0x09, 0x1C, 0x15,
    0xC2, 0x5E, 0x3E, 0xA1, 0x89, 0x38, 0xA1, 0xB2, 0x07, 0xDE, 0xB5, 0x6E, 0xCF, 0xEE, 0x9B, 0xDE,
    0xEB, 0xB8, 0x7A, 0xE1, 0x57, 0xCF, 0x5E, 0x3C, 0xAA, 0x62, 0x5A, 0x7C, 0x42, 0xA6, 0x0B, 0x09,
    0xC4, 0x0C, 0x55, 0x50, 0x66, 0x54, 0x76, 0xCE, 0xA2, 0x55, 0x74, 0x28, 0x5D, 0x8D, 0x99, 0x57,
    0xF3, 0x23, 0x7D, 0x80, 0xAD, 0x33, 0x2D, 0xA9, 0xBF, 0x0A, 0x83, 0x40, 0x57, 0x4E, 0x67, 0xC6,
    0xAC, 0x54, 0x2C, 0xAA, 0x8C, 0xAC, 0x34, 0x92, 0x7C, 0xB2, 0x18, 0x23, 0x76, 0x77, 0x6B, 0x19,
    0x74, 0x06, 0x55, 0x13, 0x0B, 0x40, 0x31, 0x71, 0xD7, 0x79, 0xF3, 0x89, 0x86, 0x92, 0xAC, 0xA3,
    0xF9, 0xAA, 0xFE, 0x89, 0x99, 0xFE, 0x34, 0x73, 0xE4, 0xA1, 0x0F, 0x2D, 0x2D, 0xCD, 0x19, 0xE1,
    0x3D, 0xD9, 0x6D, 0xCE, 0x6D, 0xF0, 0xB0, 0x7E, 0x86, 0x5B, 0xE7, 0xA6, 0x7B, 0xE7, 0xC9, 0x5A,
    0xE4, 0x9E, 0xB3, 0x8C, 0x6A, 0x67, 0x10, 0xC3, 0x59, 0x26, 0x80, 0xF3, 0xC9, 0x67, 0xFB, 0xE9,
    0x0E, 0x5D, 0x8A, 0xDC, 0xB0, 0x7C, 0x61, 0x18, 0xB6, 0x7C, 0xF4, 0xBD, 0x6B, 0x87, 0x83, 0x28,
    0x4C, 0x0A, 0x2C, 0x07, 0x82, 0xD7, 0xBA, 0x63, 0xF8, 0xA2, 0xEC, 0x18, 0x0D, 0xCA, 0xAB, 0xC8,
    0xF9, 0x80, 0xE5, 0x6A, 0x82, 0xC8, 0xE3, 0xBF, 0xE1, 0x10, 0x34, 0x8A, 0xF6, 0xDB, 0x16, 0x63,
    0x0A, 0x7F, 0xDB, 0xC5, 0xFC, 0xE3, 0xC7, 0x6E, 0x1B, 0xA3, 0xAB, 0xFB, 0x11, 0x42, 0x4E, 0x9A,
    0xC9, 0xA8, 0x82, 0x3E, 0x9B, 0x28, 0xB7, 0x8A, 0x89, 0xA1, 0xD5, 0x72, 0xE4, 0x96, 0x6A, 0x15,
    0x18, 0xF4, 0xD7, 0xAF, 0x32, 0xAA, 0xED, 0x2C, 0x0C, 0xC9, 0xE9, 0xD8, 0xF4, 0xF2, 0x1D, 0xA9,
    0x5E, 0x24, 0x5A, 0xF0, 0x14, 0x4D, 0x8A, 0x2B, 0x7C, 0xD0, 0xB4, 0x8C, 0x2D, 0x1F, 0xF7, 0x22,
    0xFB, 0xFD, 0x90, 0xF1, 0x5E, 0x8F, 0x87, 0x24, 0xFA, 0x3D, 0x95, 0x3E, 0x36, 0xB7, 0x6E, 0x17,
    0xD2, 0x87, 0x13, 0xDB, 0x80, 0x55, 0xC8, 0x24, 0x4E, 0x0F, 0xC9, 0xF5, 0xD9, 0xD3, 0x3A, 0x99,
    0xF7, 0xA4, 0xE1, 0xA7, 0x74, 0x12, 0x1B, 0xFE, 0xDE, 0x3B, 0x49, 0x9E, 0xDD, 0x09, 0x36, 0x6A,
    0x61, 0xD9, 0x03, 0x44, 0x81, 0xCB, 0x0D, 0x31, 0x3F, 0xF9, 0xAE, 0x31, 0xA2, 0x6C, 0xF5, 0x0D,
    0x9D, 0x9D, 0xEF, 0x84, 0xFD, 0xF1, 0x32, 0x78, 0x3A, 0xE0, 0xB9, 0xE2, 0x09, 0xCF, 0x25, 0xE1,
    0x39, 0x8E, 0x16, 0x03, 0x6F, 0x6F, 0x3C, 0xB7, 0x44, 0xDE, 0x23, 0xB1, 0xED, 0x5D, 0x61, 0x43,
    0xDF, 0x78, 0x6E, 0x0C, 0xCF, 0xCD, 0x7B, 0xFE, 0xF3, 0x1E, 0xE9, 0xBF, 0xB9, 0x80, 0x99, 0x7B,
    0x1E, 0x42, 0xFF, 0x26, 0xAB, 0x99, 0x3C, 0xFF, 0x6A, 0x2E, 0x9F, 0xB9, 0x9A, 0xD1, 0xF3, 0xAF,
    0xA6, 0x0B, 0xCB, 0x78, 0x5C, 0xC0, 0xCB, 0x65, 0x04, 0x02, 0xF6, 0xBD, 0xCC, 0x41, 0xBD, 0x27,
    0x76, 0x0A, 0x88, 0xAE, 0x15, 0x90, 0xE7, 0x21, 0xA2, 0xEB, 0x13, 0x4C, 0xBE, 0x51, 0x0F, 0xCF,
    0xD5, 0x83, 0xD2, 0xA1, 0xED, 0x95, 0x26, 0xA2, 0xCF, 0x67, 0x9C, 0x7E, 0x53, 0xA1, 0x57, 0x65,
    0x6A, 0xF5, 0xE8, 0xFF, 0xE9, 0x86, 0x3F, 0xD5, 0xA9, 0xD9, 0x69, 0xF2, 0x85, 0x80, 0x6A, 0xE4,
    0xC6, 0xE0, 0xC1, 0xF1, 0x81, 0x60, 0xE4, 0xD7, 0xDE, 0x64, 0xB0, 0xF6, 0xF1, 0xAB, 0xE6, 0x0E,
    0x3D, 0xF8, 0x01, 0x3C, 0xD0, 0x1A, 0x86, 0xD4, 0xE3, 0x2D, 0x33, 0x03, 0x40, 0x08, 0xBA, 0x6B,
    0xF0, 0x7C, 0x88, 0xCE, 0x3D, 0xD2, 0x67, 0xE2, 0x37, 0xB1, 0x45, 0x0B, 0xF7, 0x87, 0x54, 0x69,
    0xEF, 0x5A, 0x76, 0x24, 0x73, 0xB7, 0x61, 0xF0, 0x6E, 0x30, 0x4A, 0x15, 0xB7, 0xCD, 0xC0, 0x67,
    0xED, 0xC4, 0x66, 0x46, 0x28, 0x54, 0x14, 0x40, 0x5E, 0x3E, 0x73, 0x18, 0x63, 0xD6, 0x05, 0x51,
    0x1F, 0x41, 0x4D, 0x6F, 0x26, 0xB2, 0xD7, 0x50, 0xA8, 0x0D, 0xDC, 0x2E, 0x90, 0x54, 0x82, 0x21,
    0x36, 0x77, 0x12, 0x7B, 0x2C, 0xFB, 0xC8, 0xBD, 0x3E, 0xD4, 0xAE, 0xFD, 0x39, 0x9D, 0x71, 0x7F,
    0x0D, 0x13, 0x62, 0x4B, 0x00, 0x01, 0x66, 0xE6, 0xED, 0xF5, 0x58, 0xBD, 0xBB, 0x76, 0x32, 0xE7,
    0x55, 0xC3, 0x05, 0x16, 0x35, 0x19, 0x77, 0x24, 0xE6, 0x01, 0xD9, 0xC9, 0x17, 0xC7, 0x03, 0x06,
    0xE1, 0x9C, 0x81, 0x1D, 0x1F, 0xF0, 0xB9, 0xB1, 0x7A, 0x50, 0x33, 0xDB, 0x08, 0x37, 0x57, 0x20,
    0x8A, 0x7C, 0x81, 0xFF, 0xB3, 0x98, 0xA9, 0xDD, 0x3E, 0x71, 0x6A, 0xCE, 0x97, 0x9F, 0x4E, 0x48,
    0x4A, 0xD0, 0xB4, 0x1A, 0x2D, 0x1A, 0x98, 0x70, 0x0E, 0xEC, 0xE2, 0x08, 0x31, 0x99, 0xD6, 0x17,
    0x23, 0xAA, 0xCA, 0xFC, 0xFB, 0x95, 0x44, 0x21, 0x26, 0x35, 0x68, 0x2A, 0x1D, 0xA5, 0x9A, 0xB9,
    0x83, 0x8C, 0xC7, 0x04, 0xB6, 0x20, 0x68, 0x99, 0xBB, 0xF7, 0x2C, 0xA8, 0x67, 0x09, 0x1B, 0x16,
    0x21, 0x02, 0xE7, 0xFC, 0x2B, 0x13, 0xDB, 0x69, 0x64, 0xDA, 0x29, 0x15, 0x38, 0x09, 0x1C, 0x08,
    0x04, 0x07, 0x94, 0x5C, 0x6A, 0xF7, 0xF6, 0xA2, 0x67, 0xAF, 0x26, 0x6D, 0xF7, 0x77, 0xCF, 0xDC,
    0xAB, 0x3E, 0x6D, 0x87, 0x1E, 0xD9, 0xC5, 0x9F, 0xF9, 0xC1, 0xA5, 0xBD, 0xB8, 0x74, 0xA2, 0x0B,
    0x53, 0x59, 0x8B, 0xAA, 0x1D, 0xB5, 0xFF, 0xA1, 0xB4, 0xE8, 0xDE, 0xC6, 0xB8, 0x1E, 0x13, 0x7A,
    0x42, 0x9E, 0xEE, 0xAB, 0xA6, 0x07, 0xCD, 0x20, 0x1D, 0xF6, 0xE2, 0xEC, 0x3C, 0xE5, 0x9F, 0x67,
    0x01, 0x94, 0x0F, 0x33, 0xE6, 0xDC, 0xDD, 0xDE, 0xEC, 0x8C, 0x17, 0xF9, 0x70, 0x21, 0x1F, 0x2E,
    0xE4, 0x43, 0xBA, 0x6E, 0xDB, 0x89, 0x7C, 0x38, 0x5E, 0xF0, 0xE1, 0x40, 0x3E, 0xB4, 0x0C, 0xF6,
    0xEE, 0x19, 0x7C, 0x58, 0x3D, 0xCE, 0x87, 0xEE, 0x37, 0xE3, 0x43, 0x5B, 0x84, 0x91, 0x4E, 0x76,
    0xA4, 0x29, 0x17, 0x5B, 0x2B, 0x06, 0xAD, 0xC0, 0x22, 0xD9, 0xB2, 0xD9, 0xA6, 0xCE, 0xEB, 0x35,
    0x55, 0xAB, 0x43, 0x13, 0xBB, 0xA6, 0x5C, 0x10, 0xF4, 0xA0, 0x50, 0xB9, 0x29, 0xA7, 0x1A, 0x86,
    0xE2, 0x14, 0x21, 0xC0, 0xD3, 0xEA, 0x42, 0x22, 0xF9, 0x56, 0x05, 0xCA, 0xA8, 0x5B, 0x6C, 0xD4,
    0x7C, 0xE3, 0xA9, 0x74, 0x6F, 0xB9, 0x71, 0x5F, 0x84, 0xB3, 0x2D, 0x42, 0x75, 0x4C, 0x96, 0xBE,
    0xF7, 0xF0, 0xA8, 0x60, 0xC3, 0x11, 0x58, 0x5A, 0x64, 0xB6, 0x0D, 0xFE, 0xD3, 0x67, 0x6E, 0x37,
    0xA5, 0x61, 0x93, 0x2A, 0x3B, 0xE6, 0x84, 0xFB, 0xF3, 0x5F, 0x7B, 0x32, 0x6F, 0x48, 0xE7, 0xF5,
    0x07, 0xC4, 0x98, 0x3E, 0xD1, 0x79, 0xCF, 0x50, 0xE7, 0x8F, 0xE5, 0x85, 0x4A, 0x74, 0xD8, 0x78,
    0xE1, 0x88, 0x59, 0x60, 0x81, 0xB0, 0xFA, 0x76, 0x00, 0xEB, 0xE8, 0x45, 0x34, 0xF4, 0x7C, 0x4C,
    0x29, 0x0B, 0xE3, 0xCA, 0xC3, 0x00, 0x7D, 0xA5, 0xFC, 0xEC, 0x91, 0xF2, 0x64, 0xD7, 0x31, 0x53,
    0xEC, 0x71, 0x9B, 0x2B, 0x7E, 0x8E, 0x91, 0xDA, 0xB8, 0xD2, 0xCA, 0xC6, 0x95, 0x0F, 0x21, 0x22,
    0x64, 0xCA, 0xA0, 0xF6, 0xA0, 0xBD, 0x74, 0x21, 0x9E, 0xBF, 0xF9, 0x76, 0xEF, 0xEF, 0xEA, 0xE2,
    0xD5, 0x3B, 0x7E, 0x69, 0x3E, 0xF8, 0xB1, 0x51, 0x70, 0x39, 0xBA, 0x7B, 0xBF, 0xE6, 0x7E, 0x35,
    0x62, 0xFC, 0xCC, 0xA9, 0xF2, 0xE6, 0xD7, 0x88, 0x32, 0x26, 0xBB, 0x83, 0xBD, 0xE9, 0xBB, 0xEC,
    0x63, 0x7A, 0xBD, 0x2C, 0x29, 0x4D, 0x71, 0x78, 0x03, 0x44, 0x1B, 0xFC, 0xAC, 0xD3, 0xD1, 0x7C,
    0x88, 0xCD, 0x20, 0xF7, 0xC9, 0x7B, 0x76, 0x4A, 0x2A, 0x50, 0xC7, 0x85, 0xEC, 0xA3, 0xD9, 0x1C,
    0x1F, 0x16, 0xEF, 0xB5, 0x54, 0xAE, 0x87, 0x35, 0xD3, 0xE6, 0x1B, 0x44, 0x42, 0x98, 0x38, 0x0D,
    0xA9, 0xC6, 0x74, 0xAE, 0x39, 0xF2, 0x52, 0x8E, 0x7B, 0xCE, 0xD1, 0xF3, 0x50, 0xB8, 0x8F, 0x5F,
    0x09, 0x00, 0x78, 0x8E, 0xBC, 0x03, 0x2C, 0x9C, 0xDE, 0x90, 0x7E, 0x2C, 0xE5, 0xE6, 0xA5, 0x83,
    0x40, 0x8F, 0x83, 0x07, 0x6F, 0x3A, 0x08, 0xF4, 0xD8, 0x73, 0xF2, 0xF0, 0xB8, 0x58, 0x39, 0x7B,
    0xBC, 0x6D, 0x01, 0xC5, 0x4A, 0xD1, 0xAC, 0x30, 0x10, 0xB3, 0xEA, 0x70, 0xC8, 0x36, 0x5F, 0x61,
    0x17, 0x15, 0x0B, 0x8C, 0xA2, 0xF2, 0xA1, 0x7B, 0x1B, 0x02, 0x7D, 0xA1, 0x7D, 0x33, 0x66, 0xB0,
    0x5C, 0x3A, 0xA4, 0x9C, 0x3B, 0x1E, 0xEE, 0xD9, 0x68, 0x9B, 0x2C, 0xDE, 0x44, 0xA9, 0x67, 0xF0,
    0xB6, 0x09, 0x1F, 0xD8, 0xD6, 0x58, 0x8C, 0xB3, 0x66, 0x73, 0x2B, 0x72, 0xEF, 0x4E, 0x90, 0xE4,
    0x8D, 0x0C, 0xEA, 0x3E, 0xE4, 0xFA, 0x4F, 0x47, 0x68, 0x5C, 0x37, 0x16, 0x2C, 0x4A, 0x66, 0xC5,
    0x42, 0x30, 0x39, 0x9F, 0xCD, 0x0F, 0x28, 0x11, 0x8E, 0xBA, 0x77, 0x98, 0x67, 0x82, 0x66, 0x47,
    0x58, 0xED, 0x67, 0xC4, 0xED, 0x2A, 0xC8, 0x9C, 0x43, 0xD2, 0xF3, 0x09, 0x7E, 0x7C, 0xF8, 0x22,
    0x89, 0x4B, 0x4A, 0xFB, 0xD4, 0xFB, 0xBB, 0x0D, 0x62, 0x38, 0x53, 0x7A, 0xF3, 0x23, 0x75, 0x10,
    0xBB, 0x19, 0x32, 0xDD, 0xB8, 0xAB, 0x8A, 0xED, 0x4A, 0xCF, 0xB8, 0xE8, 0xC9, 0x21, 0x35, 0x73,
    0xAD, 0xAD, 0x09, 0xE2, 0x34, 0xBE, 0x73, 0xE3, 0x10, 0x7E, 0x73, 0xA0, 0xFE, 0xD9, 0x9F, 0x31,
    0x38, 0x1E, 0x72, 0x4A, 0xBD, 0x88, 0xE7, 0x03, 0x77, 0x9F, 0x90, 0xAC, 0x4D, 0x91, 0x75, 0xE5,
    0xD3, 0x3B, 0x96, 0xFD, 0x84, 0x87, 0x2F, 0xFC, 0x06, 0xAE, 0xED, 0x70, 0xDE, 0x74, 0xDC, 0xBA,
    0x17, 0x8C, 0x10, 0xFB, 0xFC, 0xD1, 0xE7, 0xE1, 0x87, 0x8B, 0xC3, 0x2F, 0x47, 0x69, 0x77, 0x79,
    0x70, 0xC1, 0x3A, 0x37, 0xD9, 0x71, 0xD1, 0x2B, 0xFA, 0x89, 0xED, 0x34, 0x69, 0x87, 0xCD, 0x56,
    0x3C, 0xAC, 0xDD, 0x2E, 0x09, 0x4A, 0xB2, 0x6B, 0xE9, 0xCF, 0xF5, 0x90, 0xBF, 0xDF, 0x31, 0x09,
    0xF0, 0x52, 0xE5, 0xD9, 0x9B, 0xDC, 0x9D, 0xF8, 0xEB, 0x18, 0x66, 0x74, 0x3A, 0x9C, 0x22, 0x4E,
    0x4C, 0xA8, 0x36, 0x41, 0x4B, 0x0A, 0x30, 0x15, 0xC5, 0xAF, 0x20, 0x65, 0x34, 0x8C, 0x92, 0x2F,
    0xFA, 0x1E, 0x82, 0xE2, 0x21, 0x3C, 0xD2, 0x9F, 0xCC, 0x9A, 0xE6, 0x2B, 0xC0, 0x44, 0x01, 0x00,
    0x8E, 0xE8, 0xC3, 0xB9, 0xEB, 0x98, 0xF0, 0xAB, 0x99, 0xC0, 0xA2, 0x20, 0xCF, 0x9A, 0x0E, 0xF7,
    0xB3, 0x76, 0xDD, 0x13, 0x4D, 0x78, 0x9C, 0x66, 0xD6, 0xAE, 0x5E, 0x87, 0x34, 0xBA, 0x0D, 0x2F,
    0xE2, 0x19, 0x4E, 0x93, 0x84, 0xA7, 0x2E, 0xC4, 0xDA, 0x2F, 0x70, 0x16, 0xBF, 0x50, 0x84, 0xB1,
    0x40, 0x9F, 0x2E, 0x38, 0x10, 0x3F, 0x78, 0xDE, 0xFD, 0x0E, 0x4C, 0x4B, 0xCB, 0xF8, 0xC6, 0x07,
    0x63, 0x4F, 0x8D, 0xD7, 0x76, 0x7E, 0x23, 0xC1, 0xCB, 0xC5, 0x5E, 0xC5, 0x31, 0x93, 0xC8, 0x8F,
    0xB1, 0x6B, 0x6F, 0xEC, 0xDA, 0x61, 0x09, 0x8F, 0x2C, 0x9B, 0xFB, 0xD4, 0xFE, 0xF5, 0xF3, 0xD2,
    0x4C, 0xA1, 0x82, 0xC4, 0x3E, 0x0B, 0x32, 0x25, 0xD5, 0xBB, 0x09, 0xD6, 0x15, 0x56, 0xBB, 0xAA,
    0xD4, 0xAA, 0xBD, 0x52, 0xC0, 0x30, 0x52, 0xF1, 0x2F, 0xA9, 0x46, 0xBB, 0x54, 0xEF, 0x2E, 0x05,
    0x9C, 0xB6, 0x5A, 0x6B, 0xE1, 0x99, 0x90, 0x26, 0x1F, 0xB9, 0x76, 0x25, 0xCE, 0x53, 0x1F, 0xC5,
    0x82, 0xE3, 0x02, 0xEA, 0xCB, 0x18, 0x73, 0x04, 0x80, 0x34, 0xF6, 0xA7, 0x33, 0x68, 0x75, 0xA3,
    0x54, 0x3A, 0x0F, 0xA0, 0x2D, 0xCC, 0x46, 0x83, 0x69, 0x8B, 0x32, 0xAD, 0x62, 0x48, 0x22, 0x14,
    0x95, 0x15, 0xFC, 0x3F, 0xE1, 0xE1, 0x16, 0xD4, 0x54, 0x46, 0xC4, 0x38, 0x09, 0xD2, 0xF1, 0x0F,
    0x9D, 0x61, 0x82, 0x3F, 0x74, 0x9E, 0x67, 0xFC, 0x21, 0x14, 0x54, 0xDA, 0x9D, 0xDD, 0x3F, 0xAB,
    0x00, 0xC1, 0xD7, 0x18, 0x04, 0xBE, 0x96, 0x11, 0x6D, 0x4C, 0xD5, 0x85, 0x24, 0xC9, 0x37, 0xBC,
    0x44, 0x40, 0xD6, 0xA3, 0x50, 0x79, 0x12, 0x32, 0x48, 0x5E, 0x34, 0x1A, 0xDC, 0xC7, 0x76, 0xE3,
    0xEC, 0xCF, 0x9C, 0x70, 0xE1, 0xE7, 0xAD, 0x82, 0x70, 0x15, 0x41, 0xA8, 0xC9, 0xA6, 0x10, 0x84,
    0x25, 0x05, 0x61, 0x4D, 0x41, 0xD8, 0xF2, 0x84, 0x8C, 0x45, 0xE4, 0xFF, 0x5F, 0x04, 0xA1, 0x97,
    0x87, 0xCF, 0x16, 0x84, 0xDF, 0xA9, 0xFC, 0x99, 0x84, 0x38, 0x1C, 0x50, 0xA4, 0x7B, 0x41, 0xBA,
    0x5B, 0xCF, 0x1A, 0x4A, 0x18, 0x63, 0x3D, 0x8D, 0x29, 0xE0, 0x4F, 0xB1, 0x94, 0x5C, 0x89, 0xBD,
    0x31, 0xDC, 0x19, 0x4B, 0x33, 0x63, 0xCC, 0x53, 0x0D, 0xEF, 0x30, 0x5C, 0xC3, 0x7A, 0x95, 0x3D,
    0x06, 0xE7, 0x92, 0xC6, 0x80, 0xE4, 0x41, 0xC4, 0x94, 0xD4, 0x0B, 0x54, 0xEA, 0x89, 0x96, 0xAF,
    0xDB, 0xA1, 0xD0, 0xD1, 0xFC, 0xFD, 0x89, 0x3F, 0x75, 0x36, 0xEC, 0xC7, 0x5F, 0x84, 0xB7, 0xAE,
    0xEE, 0xA8, 0xDE, 0x5A, 0xA1, 0x5C, 0x44, 0xD5, 0x9F, 0xE9, 0xFE, 0xDA, 0xE0, 0xAC, 0x2C, 0x11,
    0x11, 0x52, 0x6B, 0x6F, 0x73, 0x96, 0x2B, 0xBB, 0x98, 0xFF, 0x7C, 0xB4, 0xDC, 0xEA, 0xFE, 0x6C,
    0xA1, 0x3F, 0x2B, 0x2D, 0x91, 0x75, 0xA5, 0xB4, 0x42, 0x94, 0xB6, 0xC2, 0xB6, 0xC8, 0xCC, 0x2D,
    0x9F, 0x5B, 0xA9, 0xD3, 0x8A, 0x4D, 0xC9, 0x9E, 0xF0, 0x22, 0x11, 0xC8, 0x09, 0x08, 0x8F, 0x44,
    0xDF, 0x5E, 0x81, 0xCC, 0x96, 0xA9, 0x30, 0x27, 0x8B, 0xB7, 0xCC, 0x2D, 0xA0, 0xE8, 0x8F, 0xA2,
    0x30, 0xCD, 0xB8, 0xD8, 0x28, 0xDF, 0x3D, 0x80, 0xF2, 0xF8, 0xC9, 0x97, 0x1E, 0x46, 0xB5, 0xDE,
    0x01, 0xB6, 0x56, 0xE6, 0xA0, 0x5C, 0x8E, 0xE0, 0xC7, 0x97, 0x2F, 0x5E, 0x5F, 0x9B, 0xBA, 0xF8,
    0x0C, 0x73, 0x12, 0x07, 0x75, 0x9E, 0x61, 0x4E, 0x56, 0x36, 0xE1, 0xD3, 0x85, 0x39, 0x79, 0x26,
    0x8C, 0xCF, 0x9E, 0x04, 0xE3, 0x5B, 0x1E, 0x8D, 0x32, 0x18, 0xFF, 0x29, 0x8A, 0xEC, 0x13, 0x70,
    0xAF, 0xFB, 0x25, 0xC2, 0xB5, 0xEE, 0xF6, 0x8A, 0x05, 0xCA, 0xB0, 0x5E, 0x53, 0x4E, 0xCC, 0x02,
    0xAF, 0xC1, 0x5D, 0x7F, 0xA8, 0xDB, 0x0A, 0x43, 0x45, 0xED, 0x51, 0xF0, 0x07, 0xF9, 0x3F, 0x99,
    0x4B, 0xB5, 0xF3, 0x49, 0x21, 0x28, 0x1A, 0x9E, 0xE3, 0x23, 0x6B, 0x7C, 0x59, 0x37, 0x1B, 0x72,
    0x31, 0x44, 0xD2, 0xF4, 0xB5, 0xCA, 0x10, 0xBD, 0x6A, 0x14, 0xA5, 0x58, 0x00, 0x9C, 0x1E, 0x21,
    0xEF, 0xE3, 0x93, 0x35, 0x56, 0xF0, 0x31, 0x06, 0xCF, 0x1D, 0x13, 0xC4, 0x88, 0xA0, 0x2F, 0xCE,
    0x2F, 0x4F, 0x87, 0x24, 0xBD, 0x21, 0x68, 0xB6, 0xB3, 0x05, 0xC0, 0x9B, 0xA0, 0xDD, 0xA8, 0xDC,
    0x72, 0xB7, 0xE3, 0xE4, 0x00, 0x89, 0x61, 0x2B, 0xE7, 0x8C, 0x95, 0xFA, 0x48, 0x9E, 0x85, 0xAE,
    0xE4, 0xA6, 0x93, 0xC3, 0xB4, 0xBF, 0xE2, 0xD7, 0xBA, 0x5D, 0xF7, 0xD3, 0x9B, 0xA5, 0x9D, 0xC8,
    0x36, 0x87, 0x46, 0x15, 0x3C, 0xA9, 0x85, 0x1D, 0xD8, 0x16, 0x53, 0xA4, 0x41, 0x74, 0x01, 0xDC,
    0xA8, 0xA1, 0x8A, 0x59, 0xFB, 0xC5, 0x8B, 0x3E, 0xBE, 0x66, 0x21, 0xC4, 0xCE, 0xA2, 0x66, 0xA9,
    0x3F, 0x08, 0xD9, 0x1F, 0x0E, 0x93, 0x19, 0xE6, 0xA1, 0x53, 0x06, 0x4A, 0x2F, 0xA5, 0xC1, 0x5A,
    0xD9, 0x94, 0xEE, 0xF1, 0xF4, 0x90, 0x26, 0xBD, 0x22, 0xD3, 0x15, 0xFE, 0xC6, 0x35, 0x98, 0xAE,
    0xB3, 0x87, 0xB0, 0x0C, 0xED, 0x8F, 0x76, 0x39, 0x31, 0xD9, 0xAB, 0xB7, 0xCB, 0x99, 0x0D, 0xB3,
    0xF5, 0x44, 0x0F, 0x3B, 0xE4, 0x22, 0x62, 0xFF, 0x92, 0xA7, 0x2C, 0x71, 0x51, 0x72, 0xD8, 0x9B,
    0x48, 0x78, 0xEA, 0x07, 0x07, 0x34, 0xD5, 0xD2, 0x8E, 0xAB, 0x2B, 0x88, 0xB6, 0xA6, 0x44, 0xE0,
    0xA1, 0x6A, 0x71, 0x04, 0x3C, 0xB2, 0x42, 0x67, 0x5B, 0xF0, 0xA0, 0x06, 0xCE, 0x84, 0x4E, 0x14,
    0x95, 0x63, 0x44, 0xB9, 0xA3, 0x03, 0xC4, 0x1B, 0x51, 0x26, 0x9E, 0x11, 0x36, 0x0D, 0x80, 0xF6,
    0x12, 0x9E, 0x18, 0x4E, 0xBD, 0xF5, 0x8F, 0x42, 0x39, 0x25, 0xDF, 0x90, 0x66, 0x5F, 0xAC, 0xA7,
    0xCD, 0x75, 0x63, 0xB9, 0xA6, 0x0F, 0xDD, 0x2F, 0xC5, 0x0C, 0x6C, 0xFF, 0xC7, 0xC1, 0x10, 0xFC,
    0x09, 0xFD, 0xEB, 0x11, 0x2C, 0xC2, 0x39, 0x82, 0x61, 0xDE, 0xE3, 0xF5, 0x30, 0x77, 0xE9, 0x6D,
    0x95, 0xCF, 0x95, 0x0C, 0x5A, 0x7B, 0x2D, 0x70, 0xEA, 0x51, 0x53, 0xE5, 0x34, 0xE3, 0x45, 0x14,
    0xD4, 0x1A, 0xD7, 0x38, 0xD2, 0x5A, 0xAE, 0x36, 0xF2, 0x12, 0xD3, 0xC0, 0xE6, 0x52, 0x0F, 0x9D,
    0xBE, 0x68, 0x06, 0xFE, 0x9C, 0x56, 0x07, 0x17, 0x41, 0x09, 0x7F, 0x5D, 0xDF, 0x84, 0x21, 0xFB,
    0x19, 0xC1, 0x03, 0xA4, 0xF5, 0xDF, 0x86, 0xE4, 0xA9, 0x47, 0x1F, 0xF5, 0x4A, 0xEC, 0x4D, 0x01,
    0xDB, 0xE1, 0xB0, 0xFD, 0x10, 0xDC, 0x6B, 0xF1, 0xB6, 0xBF, 0x3F, 0x44, 0xC6, 0xF6, 0xE5, 0x08,
    0xDB, 0xA4, 0x3F, 0x41, 0xE9, 0x15, 0x2A, 0xCC, 0x05, 0x98, 0x8C, 0x8A, 0x3B, 0x21, 0xD8, 0x75,
    0x9C, 0x3C, 0x56, 0x5D, 0x43, 0xA3, 0x52, 0xF2, 0x29, 0x57, 0x8D, 0xF6, 0xE6, 0x8A, 0x16, 0x21,
    0x96, 0x12, 0xAF, 0x21, 0xD2, 0x01, 0x23, 0x19, 0x4A, 0xC7, 0xBC, 0x46, 0x40, 0x0C, 0x42, 0x93,
    0x13, 0xC6, 0x1C, 0xAB, 0xED, 0xAE, 0xC3, 0x90, 0x01, 0xE2, 0x5D, 0x5E, 0xEE, 0x1B, 0xCE, 0xA5,
    0xB0, 0x51, 0xBE, 0xF9, 0xA9, 0xCB, 0x30, 0x8B, 0x6F, 0x7F, 0xE4, 0x0A, 0x4C, 0xA4, 0xFE, 0xB9,
    0xD3, 0x17, 0x81, 0x9C, 0x68, 0xF6, 0xA3, 0x42, 0x27, 0xDE, 0x49, 0x83, 0x36, 0x3C, 0x39, 0x37,
    0x25, 0x96, 0x3B, 0x3B, 0x24, 0x76, 0xC4, 0xA2, 0xB1, 0x39, 0xBE, 0x63, 0x2F, 0x8B, 0xE1, 0x34,
    0xED, 0x0D, 0x32, 0x2F, 0xDC, 0x07, 0x04, 0xAA, 0x55, 0x4A, 0x89, 0x9C, 0x5E, 0x35, 0xC5, 0xEE,
    0xEC, 0xD6, 0x04, 0x51, 0x93, 0x25, 0xFE, 0xC0, 0x4D, 0xE5, 0xA6, 0xA1, 0x8F, 0xB9, 0xEE, 0xBF,
    0x88, 0xE8, 0x57, 0x15, 0x4E, 0xE9, 0x31, 0x59, 0x3B, 0x9C, 0xD8, 0x3C, 0xDF, 0xF0, 0xA2, 0x0C,
    0x07, 0xF8, 0xCD, 0x44, 0x11, 0x0F, 0xA7, 0x5D, 0xCB, 0xDD, 0xAA, 0x42, 0xE0, 0x2B, 0xF9, 0x4A,
    0xAD, 0x2E, 0xEA, 0xF1, 0x57, 0x42, 0x58, 0x8D, 0xBE, 0x48, 0xD1, 0x27, 0x48, 0x74, 0xD3, 0x57,
    0x80, 0x35, 0xD0, 0x95, 0x0F, 0xC1, 0xE9, 0x2F, 0xFA, 0x61, 0x7F, 0x19, 0x11, 0xDC, 0x06, 0xAE,
    0xB3, 0x56, 0x43, 0xF5, 0xC8, 0x74, 0x1F, 0x12, 0x7A, 0x1E, 0xC6, 0x98, 0x7B, 0x6D, 0x22, 0x3E,
    0xF6, 0x65, 0x6B, 0x31, 0x2E, 0x6F, 0xC0, 0x96, 0x96, 0xAC, 0x56, 0x2E, 0x74, 0xB8, 0x16, 0x0B,
    0x5D, 0xAE, 0xFA, 0xCE, 0xA6, 0xCA, 0xC2, 0x4F, 0x76, 0xE0, 0x8A, 0x71, 0xA6, 0x15, 0x9E, 0x69,
    0x29, 0xF9, 0xFA, 0xAF, 0x6C, 0xE5, 0x7B, 0x8E, 0xD2, 0x95, 0xEF, 0x36, 0x4A, 0x37, 0x1F, 0x8B,
    0xF5, 0xF9, 0xA3, 0xCB, 0x45, 0x24, 0x24, 0x0D, 0xAF, 0x4A, 0xEA, 0x2E, 0xDC, 0x07, 0xDE, 0x79,
    0x0D, 0xF7, 0xF3, 0xE7, 0xCC, 0x07, 0x9C, 0xF9, 0xB8, 0xF0, 0x23, 0x2F, 0xEE, 0xD8, 0x4A, 0xED,
    0x7C, 0xF0, 0xD1, 0x0E, 0xE2, 0x9B, 0x0A, 0xB8, 0x7A, 0xB4, 0x1B, 0x5E, 0x82, 0xA8, 0x72, 0x77,
    0x3F, 0xD3, 0x10, 0xA9, 0xBE, 0x1E, 0x40, 0x84, 0x47, 0xBB, 0xF0, 0xC8, 0x13, 0x0F, 0xF9, 0x9E,
    0x5C, 0x75, 0x4F, 0x88, 0x07, 0xB4, 0x16, 0x83, 0x5F, 0xA3, 0x1F, 0xD3, 0x96, 0x3F, 0x99, 0xD4,
    0xDE, 0x87, 0xD5, 0x8E, 0xC1, 0x21, 0x4D, 0xF7, 0x73, 0xBE, 0xEA, 0x18, 0x45, 0x1E, 0xE7, 0x78,
    0x95, 0x40, 0x29, 0x5A, 0xFD, 0x61, 0xD4, 0xF6, 0xD9, 0x9E, 0xF3, 0xD9, 0xD7, 0xCC, 0xB0, 0xD0,
    0x57, 0x09, 0x54, 0xB9, 0xB2, 0x53, 0x48, 0x3C, 0xC1, 0x6B, 0xA5, 0x4E, 0x3C, 0x00, 0xB3, 0x98,
    0x29, 0xEF, 0x80, 0xAB, 0x7B, 0x73, 0x72, 0x27, 0x21, 0xC4, 0x90, 0x86, 0xB7, 0xED, 0xDC, 0xBC,
    0x84, 0x20, 0xC1, 0xFE, 0xF2, 0x1D, 0x55, 0x8B, 0x27, 0xE6, 0x9A, 0x75, 0x66, 0x39, 0x95, 0xCE,
    0x27, 0x69, 0xD8, 0xFB, 0x7E, 0xF6, 0x4B, 0x73, 0xEC, 0x8C, 0xFD, 0x84, 0x36, 0x71, 0x7E, 0x0F,
    0x29, 0x8E, 0xCC, 0x73, 0x44, 0x62, 0x63, 0x1F, 0x2E, 0xF8, 0x73, 0xFB, 0x81, 0x59, 0x83, 0x48,
    0xF1, 0x25, 0x93, 0xBF, 0xD6, 0x1C, 0x23, 0x27, 0xFA, 0xAC, 0x7E, 0xF4, 0x71, 0x7D, 0x06, 0x19,
    0x36, 0x1D, 0xFA, 0xD7, 0xEE, 0x4F, 0xC8, 0x5E, 0xE0, 0x2B, 0xFC, 0x74, 0xB2, 0x3A, 0x86, 0x74,
    0xDD, 0xCF, 0x9D, 0xEA, 0xC4, 0x34, 0x86, 0x72, 0xD1, 0xD4, 0x78, 0xD1, 0x54, 0x14, 0x9A, 0x6A,
    0x2E, 0x9A, 0x3A, 0xFB, 0xA6, 0xD6, 0xCB, 0xA6, 0x0A, 0x6B, 0xEA, 0x65, 0x1C, 0x54, 0xBC, 0x7A,
    0xD3, 0x9F, 0x1B, 0xAD, 0x11, 0x32, 0x83, 0x6F, 0xCF, 0x85, 0x50, 0x0A, 0x63, 0x99, 0xB3, 0xBF,
    0xEC, 0x34, 0xD9, 0xC9, 0xF1, 0x04, 0x4A, 0xE2, 0x2D, 0x6A, 0xD8, 0x2B, 0xA0, 0xA9, 0x45, 0x8B,
    0x7A, 0x83, 0x07, 0x30, 0xC6, 0x90, 0x07, 0x52, 0xA8, 0x47, 0xA5, 0xF4, 0x6F, 0x2A, 0xF3, 0x19,
    0xA3, 0x21, 0x94, 0x74, 0x71, 0xD9, 0x97, 0xED, 0x14, 0x3A, 0x3B, 0xFB, 0xF7, 0x28, 0xBD, 0x4C,
    0x26, 0x9A, 0x4C, 0x67, 0x43, 0xC6, 0xBF, 0x7C, 0xDF, 0x8C, 0xD9, 0x18, 0xD8, 0x24, 0x1D, 0x34,
    0x0C, 0x94, 0xA9, 0x5A, 0x1A, 0x4A, 0x68, 0x67, 0x41, 0xD9, 0xCA, 0x99, 0x43, 0x0B, 0x2B, 0xB0,
    0xAC, 0x70, 0x12, 0x58, 0xC4, 0xC9, 0x7B, 0xD1, 0xFF, 0x02, 0xED, 0x5C, 0xBF, 0xB3, 0xE5, 0x56,
    0x7D, 0x3F, 0x57, 0xD7, 0xFB, 0x04, 0xD1, 0x04, 0xB9, 0xB0, 0x99, 0x60, 0x0F, 0x28, 0x05, 0x95,
    0x27, 0xA0, 0x36, 0x45, 0xB0, 0x04, 0x4C, 0x92, 0x82, 0x82, 0x2D, 0xFC, 0x5C, 0x84, 0x02, 0x8A,
    0x64, 0x26, 0x60, 0x26, 0xFB, 0x0F, 0x80, 0x25, 0x42, 0xE1, 0x32, 0xAF, 0xA0, 0x4A, 0x0A, 0xB6,
    0x70, 0x66, 0xC8, 0xF3, 0x4C, 0x9C, 0x22, 0x05, 0x64, 0x6C, 0x4B, 0xB6, 0x8B, 0x94, 0x88, 0x49,
    0x32, 0x29, 0x28, 0xB8, 0x60, 0x53, 0x24, 0x2E, 0x2C, 0xB0, 0x18, 0x6B, 0xD7, 0x92, 0x4E, 0xBE,
    0x9F, 0xCF, 0xF7, 0x7B, 0x74, 0xEF, 0x7D, 0xBB, 0xFB, 0x0C, 0x86, 0xC2, 0xEB, 0xBC, 0x3B, 0x7B,
    0x75, 0xB4, 0xEF, 0xDE, 0x7B, 0x74, 0xCE, 0xF7, 0xF7, 0xCF, 0xE3, 0xDC, 0xB5, 0xD2, 0xB9, 0x6A,
    0xE7, 0x9C, 0xEF, 0x5D, 0x24, 0xEF, 0x2D, 0xC7, 0x9D, 0xDB, 0xF8, 0xD6, 0xB9, 0xAF, 0xBA, 0xFD,
    0xEB, 0x51, 0x79, 0x7B, 0x27, 0x7F, 0x77, 0xF2, 0xB9, 0x73, 0xDB, 0x45, 0xDF, 0xF1, 0xEC, 0x5C,
    0x22, 0xEF, 0x14, 0xEF, 0xC9, 0xB9, 0x4C, 0xDE, 0xB9, 0xBC, 0x0B, 0xBC, 0x47, 0x99, 0x5A, 0xDE,
    0xCD, 0xC0, 0xE9, 0x37, 0xEB, 0x23, 0x76, 0x2E, 0xF6, 0x9D, 0x4B, 0xE4, 0x11, 0xA9, 0xAF, 0x5D,
    0x26, 0xD3, 0x15, 0xF2, 0xF3, 0xC7, 0xCE, 0xF4, 0x49, 0x9B, 0x12, 0xD7, 0xA6, 0xC6, 0xD5, 0xF3,
    0xDE, 0xF3, 0xCF, 0xBC, 0x46, 0x0B, 0xAF, 0x33, 0xAE, 0xDB, 0x69, 0x7F, 0x8D, 0x47, 0x5C, 0x93,
    0x01, 0x5F, 0x6C, 0xBC, 0xCC, 0x94, 0x7B, 0x3F, 0xC9, 0x6F, 0xBC, 0x5F, 0xE4, 0x41, 0xF2, 0x72,
    0x85, 0xF7, 0x6F, 0x2E, 0xAE, 0x99, 0x8B, 0x6F, 0x4D, 0xB2, 0x92, 0xA2, 0xFC, 0xE4, 0xD6, 0xB7,
    0x95, 0xFC, 0xC4, 0x97, 0x72, 0x4D, 0xBD, 0x7B, 0x49, 0x16, 0xBF, 0x38, 0x99, 0x38, 0x9F, 0x1D,
    0x37, 0xB0, 0xE1, 0x35, 0xE2, 0x75, 0x3B, 0xF2, 0x3A, 0x60, 0xA5, 0x71, 0xEF, 0xCA, 0x62, 0x49,
    0xFA, 0x68, 0x97, 0xFB, 0x2F, 0xEE, 0xD2, 0x3E, 0xF5, 0x3F, 0xE9, 0x9A, 0x9E, 0x0F, 0xE9, 0xB6,
    0x7C, 0x94, 0x93, 0xCB, 0xC8, 0x25, 0xD4, 0x80, 0xD6, 0xEB, 0xDC, 0x8F, 0x5B, 0x77, 0x62, 0xFB,
    0xB9, 0x7C, 0x27, 0xBC, 0x5E, 0x73, 0x17, 0x5E, 0x8F, 0x0A, 0xEC, 0x38, 0x83, 0xE7, 0xEF, 0x62,
    0x3E, 0x4D, 0x16, 0x2E, 0x23, 0x20, 0x55, 0x4C, 0x31, 0x1E, 0x29, 0xD0, 0x8E, 0x30, 0x0A, 0x12,
    0x37, 0xF8, 0xFB, 0xD6, 0xD7, 0x84, 0x5E, 0xEC, 0xCB, 0x0D, 0xE6, 0x4D, 0x74, 0x19, 0x2E, 0x5D,
    0x74, 0xCC, 0x66, 0x1D, 0xF3, 0x49, 0x47, 0x41, 0xDE, 0x43, 0x18, 0x3C, 0x60, 0x28, 0x4B, 0x97,
    0x71, 0xE0, 0x43, 0xBD, 0xA0, 0xCF, 0xB9, 0x73, 0x7F, 0xFB, 0xFC, 0x8C, 0x18, 0xD1, 0xC5, 0x44,
    0x82, 0x4C, 0xAE, 0x1F, 0x34, 0xC3, 0x91, 0xB8, 0x93, 0xC7, 0xE9, 0x74, 0x89, 0x3E, 0xE6, 0x01,
    0xD0, 0xC7, 0xB5, 0x9B, 0x02, 0x96, 0xE5, 0xBC, 0x91, 0x89, 0x30, 0xBD, 0x97, 0x29, 0x74, 0xEC,
    0x64, 0x7C, 0x53, 0xC6, 0x16, 0xB4, 0xF0, 0x94, 0x60, 0xCD, 0x65, 0x32, 0xEB, 0xC3, 0xD7, 0xF1,
    0x43, 0xA7, 0x97, 0x4F, 0x63, 0xFC, 0x0C, 0x48, 0xE3, 0x91, 0xFF, 0xC1, 0x7E, 0xFC, 0xCF, 0xBC,
    0xFF, 0xB1, 0xEC, 0x8F, 0x13, 0x80, 0xFE, 0x6C, 0x81, 0x5B, 0xFF, 0xAB, 0x1B, 0xB6, 0xED, 0x2D,
    0xB7, 0xBD, 0x90, 0x64, 0x5D, 0x32, 0xE9, 0x98, 0x8E, 0x36, 0x0E, 0x8E, 0x9F, 0x67, 0x3D, 0x49,
    0xD9, 0x65, 0x03, 0x49, 0xD9, 0x65, 0xA3, 0x42, 0x42, 0xC8, 0x01, 0xA4, 0xCB, 0xFD, 0x8F, 0x0A,
    0x6C, 0x80, 0x3B, 0x5F, 0x84, 0xA8, 0x64, 0x9D, 0xF9, 0x90, 0xFB, 0xAE, 0xD9, 0xB9, 0xB4, 0x75,
    0x0F, 0xBA, 0xAC, 0x76, 0x27, 0x58, 0x9E, 0x5C, 0x1E, 0x3B, 0x3F, 0xFF, 0xDE, 0xEF, 0x9D, 0x9F,
    0xDF, 0x94, 0x65, 0x8D, 0xF2, 0xEE, 0x2B, 0x81, 0x9E, 0x8C, 0x9D, 0xBC, 0x6B, 0xA1, 0x92, 0x32,
    0x92, 0xC9, 0x36, 0x00, 0xA8, 0x8C, 0x04, 0x59, 0x33, 0x29, 0x46, 0xAA, 0x99, 0xEC, 0xE3, 0x8A,
    0xC5, 0x15, 0x03, 0xB1, 0xEA, 0x08, 0xE1, 0xD4, 0x7F, 0x0E, 0x10, 0xBD, 0xF6, 0x25, 0xFF, 0x8C,
    0x3F, 0xE5, 0x36, 0x7F, 0x88, 0x75, 0xA4, 0xB6, 0x9E, 0x93, 0x73, 0x6F, 0xE4, 0xE0, 0x0D, 0xF0,
    0x15, 0x01, 0x4F, 0x8A, 0x1C, 0x6D, 0xEC, 0xF7, 0xE3, 0xE6, 0x94, 0xBB, 0xC2, 0xC6, 0x7A, 0x1D,
    0x7D, 0x18, 0x15, 0x9F, 0x1B, 0xC3, 0x67, 0xC0, 0x6B, 0xE5, 0x97, 0xDA, 0x88, 0xAD, 0xB3, 0x79,
    0x5B, 0xA7, 0xCF, 0xAF, 0x57, 0xCA, 0xC4, 0x8A, 0x8B, 0x5E, 0xDF, 0x90, 0x27, 0x0D, 0x64, 0x8A,
    0x7C, 0x5D, 0xBE, 0xBA, 0xE1, 0xBB, 0x96, 0xF9, 0x4A, 0xD9, 0x70, 0x49, 0xA0, 0x83, 0x36, 0x40,
    0x17, 0x89, 0xC9, 0x8D, 0x77, 0x7B, 0x7D, 0xAD, 0xE6, 0x54, 0x6E, 0x9D, 0xAA, 0x3E, 0x9A, 0x2A,
    0x5E, 0xEE, 0x22, 0x86, 0xC0, 0x82, 0xB6, 0xAA, 0xC7, 0x6E, 0x72, 0x96, 0x93, 0xEF, 0x70, 0x5B,
    0x20, 0x8E, 0x9C, 0x9B, 0x21, 0x44, 0x62, 0xFF, 0x67, 0x72, 0x95, 0x9F, 0x54, 0x3D, 0x64, 0x56,
    0xBE, 0x73, 0xCD, 0xE8, 0xB2, 0xD6, 0x09, 0xF1, 0x7F, 0xD8, 0x45, 0x6F, 0x83, 0x34, 0xB6, 0xBF,
    0xC4, 0x6F, 0xE2, 0x1E, 0x10, 0x8A, 0xFB, 0x6A, 0xC2, 0x15, 0x72, 0x2B, 0xEE, 0xB7, 0x32, 0x8D,
    0xB0, 0xAC, 0xE0, 0x53, 0x68, 0x48, 0x44, 0x87, 0xAC, 0x0C, 0x0B, 0xF2, 0x3B, 0x2C, 0x53, 0xBE,
    0xD8, 0x08, 0xA1, 0xF8, 0xB2, 0xE8, 0x20, 0xF2, 0x84, 0xA2, 0x05, 0xF1, 0x69, 0x07, 0x29, 0x82,
    0x6B, 0xE2, 0x85, 0x76, 0xE4, 0x17, 0x7F, 0x07, 0x70, 0x36, 0x6F, 0xD6, 0x11, 0x98, 0xA0, 0x4C,
    0xC1, 0x12, 0x2E, 0xEF, 0x31, 0x9B, 0x40, 0x55, 0x56, 0x24, 0x1C, 0xD1, 0xF4, 0xE4, 0x8F, 0x96,
    0xAC, 0x4E, 0x5C, 0x00, 0x87, 0xD5, 0x52, 0x1E, 0x02, 0x29, 0x1E, 0xA2, 0x29, 0x9F, 0x52, 0x5F,
    0x4C, 0x99, 0xAF, 0xA6, 0x7C, 0xA9, 0x86, 0x7C, 0xCA, 0xBB, 0xD4, 0xB0, 0xEB, 0xAE, 0x9D, 0x3A,
    0xC3, 0xAB, 0x1F, 0x15, 0x67, 0x86, 0xC1, 0xC8, 0xFF, 0xE7, 0xA6, 0x19, 0x95, 0x33, 0x94, 0x35,
    0x8A, 0xD6, 0x2E, 0x64, 0xDD, 0x44, 0x04, 0xB7, 0x7C, 0xF2, 0x10, 0xAE, 0x22, 0xFD, 0x32, 0x91,
    0x68, 0x33, 0xC8, 0x1E, 0xF3, 0x54, 0x42, 0xFA, 0x5B, 0xDC, 0x14, 0x65, 0x2E, 0xBF, 0x97, 0x6F,
    0x64, 0x75, 0x21, 0xAB, 0x97, 0x9B, 0xB4, 0x7D, 0xDA, 0x15, 0xDD, 0xA6, 0x77, 0x49, 0xFB, 0x4D,
    0x57, 0x61, 0xC6, 0xB8, 0x7B, 0x11, 0x00, 0x91, 0x9B, 0xDD, 0x25, 0x37, 0xDF, 0xB4, 0x9B, 0xEE,
    0x69, 0x52, 0x92, 0x4B, 0xBA, 0x42, 0x19, 0x22, 0x6D, 0xE5, 0xC6, 0x9F, 0x7E, 0x5D, 0x6E, 0xF2,
    0x3A, 0x85, 0x70, 0xCA, 0xCB, 0xB4, 0x8D, 0x71, 0x53, 0xB8, 0x44, 0xD0, 0x26, 0xE8, 0x79, 0xD1,
    0x89, 0x94, 0xDE, 0x3C, 0xE1, 0x20, 0xBD, 0x55, 0x46, 0x82, 0x20, 0x01, 0xA6, 0xBC, 0x23, 0x8B,
    0x3B, 0x8A, 0x44, 0x11, 0x85, 0xCA, 0x6C, 0xE4, 0xEE, 0x9D, 0xF1, 0x8B, 0xC9, 0xC3, 0x47, 0x6E,
    0x2B, 0x58, 0xFF, 0x49, 0x94, 0x63, 0xE2, 0x6F, 0x00, 0x2B, 0x1E, 0xBB, 0xF5, 0xE5, 0xD6, 0x8B,
    0xE0, 0x89, 0x27, 0x91, 0xDD, 0xE9, 0x20, 0xA2, 0x3B, 0xED, 0x45, 0x66, 0x67, 0x3B, 0xC1, 0xBF,
    0x80, 0x79, 0x90, 0x8B, 0xD0, 0x5B, 0xD1, 0x55, 0x7D, 0x57, 0xDC, 0xF6, 0xBF, 0xEC, 0x73, 0xFF,
    0x8E, 0xDF, 0xA5, 0xFE, 0xBF, 0x7D, 0x1B, 0x2F, 0x10, 0x30, 0xD7, 0xDD, 0xF5, 0x80, 0xA9, 0xCD,
    0x53, 0x8A, 0x48, 0x60, 0x00, 0x2B, 0x18, 0xDD, 0xC3, 0xA7, 0x4F, 0x98, 0xC4, 0xBF, 0xA6, 0xA0,
    0xAF, 0x6A, 0x08, 0xD8, 0x48, 0x15, 0x65, 0x0A, 0x31, 0xB7, 0x40, 0x42, 0x88, 0xD4, 0x80, 0xF0,
    0x88, 0xFD, 0x2E, 0x91, 0x8F, 0x32, 0x5F, 0x17, 0xFB, 0x8F, 0x44, 0x6E, 0x8B, 0x2C, 0x11, 0xAA,
    0x10, 0x35, 0x07, 0x0A, 0x07, 0x1D, 0x09, 0x9B, 0xB6, 0x19, 0x39, 0xA5, 0x8B, 0xC9, 0x40, 0x3D,
    0xC5, 0xB6, 0x50, 0x55, 0x35, 0x90, 0x57, 0x32, 0xE0, 0x7C, 0xE7, 0xA2, 0xCE, 0x96, 0x46, 0xA9,
    0x52, 0xDE, 0x79, 0x7D, 0xF8, 0xF4, 0xF4, 0x49, 0x2A, 0x99, 0xE8, 0xD2, 0xAB, 0x40, 0xF7, 0xDA,
    0xE9, 0xE9, 0x75, 0xA8, 0xDF, 0x62, 0xFF, 0x1E, 0x73, 0x12, 0xEC, 0xB5, 0xEF, 0x18, 0xFD, 0xE1,
    0x61, 0xF9, 0xED, 0xE7, 0x80, 0xA0, 0xA6, 0xC4, 0x56, 0x23, 0xF9, 0x54, 0x30, 0x98, 0x74, 0x9B,
    0x52, 0x6E, 0xD3, 0x67, 0x3C, 0x94, 0x70, 0x1E, 0x2D, 0x4D, 0xFD, 0x19, 0x11, 0xF9, 0x53, 0xDA,
    0x7E, 0xDA, 0x7D, 0x03, 0x43, 0xA6, 0x43, 0xEA, 0x5E, 0x70, 0x73, 0x55, 0xA6, 0xE5, 0x0B, 0xE0,
    0x52, 0x0C, 0x0B, 0x86, 0x6F, 0xB8, 0xF9, 0x25, 0x97, 0xBA, 0x3F, 0x71, 0x73, 0x51, 0x67, 0xEE,
    0x71, 0xB7, 0x64, 0xBB, 0xC7, 0x5D, 0x1E, 0xFB, 0x7F, 0x9F, 0x3E, 0xE3, 0xD2, 0x6F, 0x9D, 0x96,
    0x37, 0x27, 0xA1, 0x2A, 0x59, 0x80, 0xD2, 0x73, 0xD2, 0xE9, 0xD3, 0x4B, 0x88, 0xFA, 0xE7, 0x67,
    0x2E, 0x5E, 0x45, 0xDE, 0xB5, 0x27, 0x54, 0xA9, 0x62, 0xE9, 0x73, 0xD8, 0x02, 0xB6, 0xE5, 0x4E,
    0xC0, 0x71, 0x8D, 0xEC, 0x25, 0x82, 0xCC, 0x85, 0x28, 0x2C, 0x53, 0xFF, 0x0F, 0xBE, 0x15, 0x61,
    0xE3, 0x5B, 0x91, 0x34, 0x4D, 0x57, 0xEC, 0x5C, 0x65, 0x97, 0x1E, 0x97, 0x41, 0x3E, 0xC8, 0x67,
    0xD1, 0xCB, 0x90, 0x97, 0x60, 0xDC, 0x19, 0x8F, 0x19, 0x80, 0x9F, 0x55, 0x7A, 0xAA, 0xE2, 0xFC,
    0x35, 0xAE, 0x34, 0xCB, 0xEE, 0x85, 0x21, 0xFD, 0xF4, 0x37, 0x98, 0xCD, 0x9D, 0x96, 0xC7, 0x52,
    0xF6, 0x9E, 0x33, 0xDB, 0xEB, 0xC6, 0xEB, 0x60, 0x93, 0xC5, 0xAD, 0x0C, 0x21, 0x06, 0x4F, 0xD9,
    0xEC, 0xB6, 0xB3, 0x30, 0xAA, 0xA0, 0xAD, 0xEA, 0xDC, 0x57, 0x38, 0x33, 0xAD, 0x0F, 0xEA, 0x34,
    0x2A, 0xD2, 0xA6, 0x37, 0xA3, 0x80, 0x86, 0x86, 0x48, 0x59, 0xFD, 0x02, 0x84, 0x35, 0x39, 0xA0,
    0x6C, 0xC2, 0x05, 0x62, 0x19, 0x82, 0xE8, 0xC6, 0x6E, 0xFF, 0xA0, 0x12, 0x0C, 0x22, 0x4F, 0x2B,
    0xE5, 0xF2, 0x02, 0xE4, 0xC8, 0x27, 0x9D, 0xDA, 0x55, 0x66, 0xB9, 0x9C, 0x40, 0x7D, 0xE5, 0x0A,
    0x51, 0x79, 0xDA, 0xC7, 0x68, 0x6E, 0x50, 0xB1, 0x53, 0xAB, 0x43, 0x35, 0x70, 0x19, 0x27, 0xF2,
    0x95, 0x42, 0x0D, 0x0D, 0x99, 0x33, 0x87, 0x59, 0x46, 0x3C, 0xE3, 0xF5, 0x11, 0x79, 0x52, 0x8D,
    0xF5, 0x93, 0xE3, 0x80, 0xAC, 0x05, 0xFA, 0x43, 0xD0, 0x28, 0x7F, 0xFE, 0x78, 0x60, 0x5A, 0x61,
    0xDF, 0x27, 0x54, 0x5D, 0x62, 0x3E, 0xD8, 0xB1, 0x0D, 0xC7, 0x0E, 0xE2, 0xDF, 0x81, 0xBD, 0xB0,
    0x14, 0x98, 0x60, 0xAA, 0x6F, 0x4B, 0xB2, 0x9A, 0xD8, 0x96, 0xD4, 0xA4, 0x32, 0x52, 0xDD, 0x87,
    0x51, 0xCC, 0x0B, 0x1D, 0x67, 0xFE, 0x04, 0x73, 0x26, 0x00, 0xB5, 0x70, 0x71, 0xEA, 0xDD, 0xD1,
    0x98, 0xD3, 0x3C, 0x18, 0xC9, 0xCF, 0x50, 0x2A, 0x15, 0xF6, 0xD4, 0x88, 0x1D, 0xEB, 0x5D, 0xE9,
    0xFC, 0x22, 0x44, 0x25, 0x1C, 0x2C, 0xE0, 0xBB, 0x05, 0x51, 0x26, 0xE3, 0x2F, 0x64, 0x9B, 0xB0,
    0x7D, 0x5B, 0xF9, 0x17, 0x51, 0xC4, 0xC8, 0xB3, 0x16, 0x4C, 0x00, 0x35, 0x25, 0x52, 0x4D, 0xFE,
    0xC5, 0xCB, 0x91, 0x75, 0xB6, 0x1A, 0x83, 0xE9, 0x7C, 0x4F, 0xA3, 0xF0, 0x68, 0xAC, 0x4C, 0xAD,
    0xFC, 0xDB, 0x01, 0x0D, 0x3D, 0xA5, 0xD8, 0xCB, 0xD4, 0xF0, 0xD8, 0x1C, 0x18, 0x1E, 0x60, 0x1B,
    0x81, 0xFB, 0x9F, 0xF7, 0x4A, 0x65, 0x5F, 0xE8, 0xF5, 0xE3, 0x94, 0x94, 0x21, 0xE3, 0x4E, 0xE5,
    0x6F, 0x46, 0x38, 0xF9, 0x39, 0x23, 0x9C, 0xFC, 0x94, 0xB7, 0xC6, 0x87, 0x61, 0xAC, 0x39, 0x8E,
    0x45, 0xC9, 0x71, 0x00, 0xEF, 0xCA, 0xF7, 0xFA, 0x46, 0xED, 0x91, 0xDE, 0xAB, 0x1C, 0xDF, 0x29,
    0x09, 0xF8, 0xCE, 0xCC, 0xA2, 0x1F, 0x71, 0x7C, 0x24, 0x7F, 0x45, 0xD7, 0x5E, 0xBC, 0x6A, 0xE3,
    0xB7, 0x55, 0x0F, 0x56, 0x9F, 0xD7, 0xB1, 0x89, 0xD5, 0x30, 0x6A, 0x12, 0xDD, 0x9B, 0x37, 0xD5,
    0xB9, 0xA4, 0x54, 0x10, 0x9B, 0x39, 0xA3, 0x74, 0x88, 0xB8, 0x2C, 0x79, 0xC0, 0x58, 0xD5, 0xAA,
    0x76, 0xD5, 0xD0, 0x4D, 0xDF, 0x9E, 0x69, 0xA8, 0xE6, 0x04, 0xC2, 0xE3, 0x54, 0x47, 0xDC, 0xF5,
    0xA2, 0xCA, 0x56, 0x1F, 0x9A, 0x06, 0x2B, 0xEB, 0xAF, 0x8C, 0xAA, 0x9E, 0xCD, 0xE6, 0x62, 0xA9,
    0x7C, 0xB3, 0x54, 0x53, 0x31, 0x9C, 0x94, 0xEE, 0x25, 0xB1, 0x10, 0x77, 0xF0, 0xC3, 0xC4, 0x04,
    0x10, 0xD3, 0x54, 0x4C, 0x87, 0xA6, 0x15, 0x72, 0x06, 0x39, 0x9E, 0xED, 0x41, 0x9D, 0x95, 0x42,
    0xD0, 0x40, 0xB2, 0x7C, 0x46, 0x24, 0x07, 0xFB, 0x4A, 0x69, 0x9F, 0xBE, 0xD9, 0x81, 0x7D, 0xC5,
    0xF7, 0xA8, 0x0A, 0xD0, 0x8C, 0xA2, 0x4D, 0x73, 0x0B, 0x30, 0x6C, 0x0B, 0x7D, 0x0B, 0x24, 0x1F,
    0x39, 0x03, 0x5B, 0xA9, 0x25, 0x2D, 0x4A, 0xE5, 0x36, 0x08, 0xBA, 0x2D, 0x64, 0x72, 0xB1, 0x5F,
    0x64, 0xC2, 0xA2, 0x8B, 0x45, 0xD1, 0x76, 0x62, 0x46, 0x57, 0x6D, 0x0A, 0x79, 0x97, 0x8A, 0x2A,
    0x2A, 0xD3, 0x51, 0x9E, 0x97, 0x4C, 0xE9, 0xAC, 0x46, 0x89, 0x0A, 0xF7, 0x06, 0x5B, 0xBE, 0xB6,
    0xA7, 0x8C, 0xCD, 0xD7, 0x89, 0x3E, 0x00, 0x63, 0x02, 0x3B, 0xEF, 0x44, 0xDF, 0x41, 0x19, 0x8A,
    0x9B, 0xF1, 0x20, 0x5D, 0x21, 0xF8, 0x41, 0x11, 0xF6, 0x52, 0xAA, 0x8A, 0xEA, 0x48, 0xE7, 0x60,
    0x2B, 0xA1, 0xF9, 0x82, 0x4B, 0xAA, 0xC5, 0x8E, 0x12, 0xE4, 0x8A, 0x46, 0x6D, 0xC1, 0x7B, 0x31,
    0x07, 0x2A, 0x35, 0xAA, 0xB8, 0x1A, 0xDF, 0x04, 0x63, 0x78, 0xE1, 0x8B, 0x51, 0xBF, 0xD1, 0xC9,
    0x47, 0xA5, 0xF9, 0x97, 0x30, 0x70, 0x28, 0x96, 0x05, 0x28, 0xA5, 0xFB, 0xC4, 0x81, 0xD4, 0x3B,
    0xF4, 0xB2, 0xD2, 0xDA, 0x80, 0xEB, 0x14, 0x4E, 0x00, 0x32, 0x49, 0x84, 0x86, 0x83, 0xC9, 0xCE,
    0x1D, 0x89, 0xAB, 0xA5, 0x2A, 0xA3, 0xB4, 0xF3, 0xF5, 0xEA, 0xEE, 0xA8, 0x16, 0x54, 0x26, 0xA2,
    0x10, 0xA2, 0x1D, 0x1A, 0xEE, 0x95, 0x69, 0x28, 0x97, 0x4C, 0x04, 0x93, 0x0D, 0xF5, 0x47, 0xEA,
    0x7D, 0x18, 0x5F, 0xD2, 0x28, 0xC6, 0xE5, 0x91, 0x52, 0xEF, 0x61, 0xC6, 0x36, 0x1D, 0x91, 0x88,
    0x4D, 0xE0, 0xC9, 0xD9, 0xA0, 0x2E, 0x72, 0x42, 0x6F, 0x44, 0xE7, 0xCD, 0xE1, 0x41, 0xF5, 0x74,
    0x76, 0x04, 0xD0, 0x35, 0x90, 0x0C, 0x2A, 0x8A, 0x16, 0x00, 0x02, 0x9F, 0x89, 0x3D, 0x31, 0x7A,
    0x13, 0xE0, 0xF2, 0xB3, 0x5F, 0xF0, 0xBE, 0x84, 0x34, 0xAD, 0x5E, 0xD1, 0x47, 0xC7, 0xD0, 0x50,
    0x5B, 0x65, 0x7F, 0x79, 0x5C, 0x3C, 0x6D, 0x8D, 0x5D, 0x40, 0x8F, 0xB1, 0xDE, 0xCB, 0x4A, 0xAA,
    0xDB, 0xCF, 0x2F, 0x37, 0xA9, 0x93, 0xEA, 0xD5, 0x35, 0x8C, 0xD5, 0xF9, 0x55, 0xB7, 0x65, 0x56,
    0xE9, 0x0E, 0xF8, 0x15, 0x84, 0x41, 0xD6, 0xEF, 0xBD, 0x8E, 0x7C, 0xB7, 0xF7, 0x34, 0x8A, 0x6E,
    0xEF, 0x35, 0xD2, 0xF2, 0xDC, 0xFA, 0x03, 0x94, 0xBC, 0x78, 0x70, 0xFF, 0xD0, 0x45, 0xBF, 0xE0,
    0xFA, 0xC1, 0xFD, 0xE8, 0x56, 0xDC, 0x51, 0x39, 0x18, 0xEE, 0x60, 0xEA, 0x05, 0xDC, 0xA5, 0x26,
    0x18, 0xDA, 0x20, 0xD8, 0x0C, 0x77, 0x8A, 0x17, 0x45, 0x83, 0xAE, 0x89, 0x4B, 0x88, 0x74, 0x4D,
    0xEA, 0x45, 0xEA, 0x9A, 0x88, 0x3B, 0xF3, 0x58, 0x88, 0xAA, 0x42, 0x65, 0x06, 0x71, 0x57, 0xED,
    0xF6, 0xB8, 0x93, 0x9F, 0x7E, 0xED, 0x4C, 0xEF, 0xC1, 0x20, 0x10, 0x02, 0xC0, 0x5D, 0x4C, 0x26,
    0xA8, 0x89, 0x3B, 0x31, 0x19, 0xE9, 0x4B, 0x91, 0x21, 0x85, 0xE5, 0x6B, 0x78, 0xC3, 0x40, 0x73,
    0x4B, 0x8D, 0x0A, 0xDC, 0x89, 0xB9, 0xB9, 0x85, 0x62, 0x05, 0xEE, 0x80, 0x92, 0x9B, 0x4E, 0x19,
    0x96, 0x64, 0x10, 0xC1, 0xFA, 0xF3, 0x65, 0xDE, 0xEF, 0x97, 0x57, 0x75, 0x7B, 0x91, 0xCD, 0xC5,
    0x2B, 0xB4, 0x55, 0x1D, 0xEA, 0x6E, 0xB8, 0x52, 0x93, 0xF6, 0xA4, 0xCD, 0x6A, 0x58, 0x05, 0xBA,
    0x6D, 0x98, 0x30, 0x30, 0x45, 0xC0, 0x5F, 0x15, 0xCB, 0xF9, 0x79, 0x08, 0x1C, 0x34, 0x1A, 0x74,
    0xA0, 0x7E, 0xB0, 0x7B, 0xA2, 0xB7, 0x50, 0xE1, 0x5F, 0xF4, 0x7B, 0x8C, 0x24, 0xED, 0xFE, 0x7E,
    0x53, 0x5E, 0xC4, 0xDD, 0xE6, 0xD0, 0x75, 0x21, 0xD0, 0x6F, 0xEC, 0x8C, 0xE6, 0x4C, 0xFB, 0x9B,
    0xB6, 0x51, 0xE9, 0xA4, 0x48, 0x6A, 0x14, 0x79, 0x44, 0x12, 0x4D, 0x02, 0xDB, 0x16, 0x2D, 0x03,
    0x8B, 0x6C, 0xA8, 0x81, 0x60, 0x48, 0x52, 0x7F, 0x46, 0xB7, 0x48, 0x8B, 0xBF, 0xD9, 0x29, 0x6D,
    0xF4, 0x2E, 0x18, 0x4C, 0x34, 0x1E, 0x8C, 0xE6, 0x68, 0x43, 0x00, 0x44, 0x27, 0x67, 0x6A, 0x4A,
    0x04, 0x89, 0x89, 0xCF, 0x8B, 0x9D, 0x19, 0x33, 0x0B, 0x90, 0xC4, 0x68, 0x16, 0x88, 0x00, 0xC1,
    0x88, 0x84, 0x56, 0xC8, 0xE4, 0xB6, 0xB4, 0xBC, 0x77, 0xB4, 0x36, 0xB0, 0x91, 0xA6, 0xE9, 0x68,
    0x74, 0xE4, 0xE0, 0xC1, 0x02, 0xB8, 0x23, 0x92, 0x92, 0xA9, 0x6A, 0x69, 0x82, 0x80, 0x14, 0xFA,
    0xA6, 0x86, 0x25, 0x82, 0x27, 0x54, 0xAD, 0x89, 0x02, 0x04, 0xAF, 0x2C, 0x5C, 0x94, 0x81, 0x07,
    0x35, 0xFC, 0x45, 0x1E, 0x5C, 0x9E, 0xF3, 0xDF, 0x33, 0x01, 0x12, 0x42, 0x34, 0x11, 0xC5, 0x9F,
    0x22, 0x20, 0xB1, 0xD8, 0xC0, 0x10, 0x36, 0xEC, 0x94, 0x67, 0x15, 0x06, 0x1A, 0x58, 0x52, 0x8F,
    0x3F, 0x1D, 0x82, 0x08, 0x93, 0xFB, 0x7E, 0x2F, 0x87, 0xF4, 0xF5, 0xF4, 0x01, 0x7A, 0x3E, 0x74,
    0x8C, 0x47, 0xC0, 0x04, 0x4E, 0x30, 0xCC, 0x1F, 0x3C, 0x1F, 0xCF, 0x02, 0x58, 0x3F, 0x76, 0xF0,
    0x93, 0x7F, 0x16, 0x13, 0x03, 0x6E, 0xB5, 0xAC, 0x09, 0x0A, 0xF1, 0xE1, 0x1B, 0xA6, 0x7D, 0x2A,
    0x0D, 0x2E, 0x62, 0x95, 0xA0, 0xD3, 0xA6, 0xE7, 0x0A, 0x08, 0xE9, 0x69, 0x1F, 0x3E, 0xA8, 0x14,
    0xD2, 0xBB, 0xEA, 0xD6, 0x97, 0x7B, 0x04, 0x51, 0xF0, 0x16, 0x1E, 0xE8, 0x63, 0xB5, 0x6C, 0x4A,
    0xF7, 0xC8, 0xB3, 0xCE, 0x85, 0xD8, 0x10, 0xF1, 0xB6, 0x06, 0x22, 0x82, 0x23, 0xD3, 0x8C, 0xE1,
    0xC6, 0x2C, 0x1B, 0x57, 0x59, 0x80, 0x4A, 0xC0, 0x63, 0x11, 0x90, 0x8D, 0x0F, 0xB1, 0x87, 0x64,
    0x0D, 0x42, 0x7C, 0xE5, 0x9E, 0x41, 0x88, 0xCD, 0xCD, 0xF0, 0xB0, 0x21, 0x18, 0xCC, 0x63, 0x70,
    0xA9, 0xED, 0xE7, 0x71, 0xB8, 0x49, 0x7D, 0xB0, 0xA3, 0xC2, 0x4D, 0x11, 0xDC, 0xCB, 0xE6, 0x4D,
    0x13, 0x6F, 0xFE, 0x87, 0x26, 0x53, 0xFC, 0x17, 0xBD, 0xFD, 0x3A, 0x51, 0x0C, 0xA4, 0x73, 0xA2,
    0x9C, 0x98, 0x8F, 0xB1, 0x2E, 0xBA, 0xE8, 0x2D, 0xBC, 0x26, 0xE6, 0x76, 0x70, 0x05, 0xB6, 0xDE,
    0x04, 0xE7, 0x96, 0x02, 0x37, 0xF1, 0x4A, 0x91, 0x60, 0x6E, 0xBD, 0xC9, 0x83, 0x5C, 0xAE, 0xFC,
    0x41, 0x0C, 0x6F, 0xB5, 0xCD, 0xFC, 0x64, 0x41, 0x3B, 0xD2, 0x3C, 0x79, 0x7B, 0x32, 0xD1, 0xD0,
    0xCC, 0xC6, 0x7B, 0xD0, 0xA8, 0xD5, 0xA8, 0x41, 0xA5, 0x13, 0x4F, 0x73, 0x5B, 0xC3, 0x59, 0xD4,
    0xE5, 0x15, 0x6E, 0xE4, 0x32, 0x35, 0xE6, 0x10, 0x4C, 0x17, 0xE4, 0x72, 0x14, 0xA4, 0x41, 0x16,
    0x6E, 0x42, 0xF0, 0x29, 0x0E, 0x38, 0xC8, 0x2D, 0xFC, 0x14, 0xD4, 0xAB, 0x2C, 0xE9, 0x96, 0x33,
    0x59, 0x6B, 0xE4, 0x18, 0x9D, 0xB9, 0x2B, 0xA4, 0xFC, 0xD6, 0x48, 0x79, 0xF0, 0x22, 0xA9, 0xE7,
    0x41, 0xCD, 0x36, 0x26, 0xF6, 0x23, 0x0B, 0x85, 0xC8, 0xE3, 0x4C, 0x29, 0x14, 0x93, 0x8A, 0x10,
    0xF1, 0x64, 0x54, 0x8A, 0x88, 0x85, 0x16, 0xE9, 0xEF, 0xBF, 0x0F, 0x6D, 0x74, 0x85, 0x94, 0xDF,
    0x0E, 0x29, 0x81, 0x4F, 0x44, 0xE3, 0x7C, 0xDF, 0xF6, 0xFE, 0x59, 0xB3, 0xB0, 0xFC, 0x1B, 0x53,
    0x70, 0xCA, 0x27, 0x73, 0x43, 0x8C, 0x53, 0xA6, 0xAD, 0x45, 0x66, 0x3F, 0xE9, 0x7E, 0xF0, 0xEE,
    0xA1, 0xD3, 0x2B, 0x5C, 0xFC, 0x7A, 0xB8, 0x10, 0xC5, 0xA6, 0xD8, 0xC8, 0x7B, 0xE3, 0x10, 0x3F,
    0xE4, 0xB3, 0xDD, 0x14, 0xB3, 0x72, 0x01, 0x63, 0xBF, 0x34, 0x5C, 0x0B, 0xF3, 0x19, 0xCB, 0xAC,
    0xBB, 0x42, 0xC1, 0xEF, 0x4E, 0x71, 0xB8, 0xE3, 0xA8, 0xC3, 0x26, 0x44, 0x9F, 0xE2, 0xA0, 0x1D,
    0xD2, 0x3E, 0x57, 0x80, 0xA7, 0x6D, 0xAA, 0x37, 0xD9, 0xFE, 0x26, 0xB3, 0xEF, 0xFC, 0xAA, 0xD2,
    0x9B, 0xC4, 0x1B, 0xC4, 0xB6, 0xEB, 0x03, 0x6E, 0x9C, 0x5D, 0x61, 0xE7, 0x3D, 0x62, 0xA7, 0x0A,
    0xB3, 0x5F, 0x72, 0xBF, 0x09, 0x4B, 0x51, 0xD1, 0xF5, 0xAB, 0x27, 0x9F, 0x1F, 0x0C, 0x18, 0xF0,
    0xC6, 0x83, 0xAF, 0x84, 0x7B, 0x95, 0x65, 0xD9, 0xAF, 0xE0, 0xC0, 0xAB, 0xD6, 0xA9, 0x7E, 0x86,
    0x7B, 0xC5, 0x9C, 0x7F, 0x55, 0x20, 0xF5, 0x80, 0xFD, 0x34, 0x5E, 0xED, 0xD2, 0x64, 0x4E, 0x56,
    0xDF, 0x30, 0x1F, 0xD3, 0xF5, 0xBE, 0xEA, 0xE5, 0xDE, 0xC2, 0x99, 0x88, 0x06, 0x98, 0x22, 0x13,
    0x6D, 0x95, 0x9B, 0x0B, 0x0A, 0x00, 0x14, 0x96, 0xBA, 0x02, 0x79, 0x15, 0x21, 0xB0, 0x29, 0x6E,
    0x45, 0x35, 0xBA, 0xFD, 0xE2, 0xC7, 0x40, 0x31, 0x06, 0x5B, 0xB7, 0xCF, 0x2C, 0xBA, 0x03, 0xE0,
    0x8F, 0x6A, 0xCB, 0x30, 0x59, 0x3E, 0x6B, 0x32, 0x14, 0x88, 0x83, 0xFD, 0xBF, 0x65, 0x68, 0xA2,
    0xA5, 0xA2, 0x4D, 0xBD, 0xFE, 0x3F, 0xB5, 0xC4, 0x78, 0xE2, 0x5F, 0x7E, 0xB2, 0x41, 0x02, 0x70,
    0x56, 0xEF, 0x49, 0x1E, 0x01, 0xDF, 0x4E, 0x93, 0x8B, 0x4C, 0x8A, 0xB6, 0xE9, 0x3E, 0x31, 0x5A,
    0xA7, 0x96, 0x1C, 0x65, 0x0E, 0xEC, 0x1F, 0xC3, 0x02, 0x86, 0xB0, 0xBE, 0xDA, 0xD6, 0x53, 0x1B,
    0x09, 0x20, 0x2B, 0xE6, 0x7F, 0xFE, 0x94, 0x6C, 0x2C, 0x65, 0x0C, 0x04, 0xE4, 0xD9, 0x72, 0x6C,
    0x34, 0x28, 0x44, 0x83, 0x57, 0xD6, 0xB8, 0xA5, 0xCB, 0x33, 0x22, 0x8F, 0x40, 0xC9, 0x97, 0xDA,
    0x33, 0x52, 0xE3, 0xB2, 0x10, 0x9C, 0x2E, 0x0C, 0xF2, 0x85, 0x77, 0x47, 0x63, 0x75, 0xCF, 0xB1,
    0xBC, 0x30, 0x62, 0x3E, 0xE4, 0x68, 0x3B, 0xA6, 0x19, 0x0A, 0x06, 0x04, 0x7B, 0x99, 0x7F, 0x26,
    0xE4, 0x65, 0x7F, 0x3F, 0xFF, 0x92, 0xAC, 0x81, 0xC9, 0x49, 0x2E, 0x55, 0x93, 0x9A, 0x2E, 0x50,
    0x54, 0x6E, 0xA8, 0x14, 0xD3, 0xE4, 0xD6, 0x51, 0x16, 0x2B, 0xBC, 0x4E, 0x6E, 0x05, 0x1C, 0x95,
    0xC6, 0x98, 0xBA, 0x83, 0x6B, 0xC1, 0xD8, 0x6F, 0x2C, 0xCC, 0x6E, 0x9F, 0x87, 0xD8, 0x42, 0x16,
    0xE8, 0xB5, 0x3F, 0xFA, 0xF8, 0xE0, 0x15, 0x8C, 0xCF, 0x9D, 0xC9, 0x80, 0xE9, 0xF8, 0x41, 0x21,
    0x90, 0x17, 0xEF, 0x29, 0xDF, 0x1D, 0xAD, 0x60, 0x7D, 0xF2, 0xC9, 0x25, 0xAA, 0x21, 0xF2, 0x4A,
    0x04, 0x5B, 0x1B, 0x63, 0x1B, 0x23, 0x23, 0x08, 0x79, 0xCC, 0x7F, 0x3D, 0xD9, 0x70, 0xAC, 0xE1,
    0x44, 0x3A, 0x24, 0x73, 0x10, 0x3C, 0x41, 0x34, 0x0C, 0x92, 0x10, 0x46, 0x1C, 0xE2, 0x91, 0xC0,
    0xCC, 0x63, 0x9A, 0x3D, 0x56, 0xC8, 0x9B, 0x7C, 0x6A, 0x6C, 0xD9, 0xB2, 0x4A, 0xF2, 0x87, 0x37,
    0x1E, 0xB0, 0x71, 0x63, 0xE4, 0x13, 0x19, 0xDC, 0xB7, 0x06, 0x8F, 0xED, 0xBA, 0xBB, 0x30, 0x76,
    0x26, 0x51, 0x5B, 0xB7, 0x19, 0x94, 0x50, 0xB6, 0x93, 0x2E, 0x0B, 0x74, 0x8E, 0x65, 0xA5, 0xA3,
    0x2D, 0x8B, 0x61, 0xBB, 0x3F, 0xC5, 0xB2, 0x4F, 0x6C, 0x1B, 0xF9, 0x51, 0xB2, 0xBF, 0x35, 0x91,
    0x11, 0xC2, 0x03, 0xC1, 0x8B, 0xFB, 0x74, 0x60, 0xC3, 0x00, 0xE9, 0x60, 0x9E, 0x06, 0x8E, 0x34,
    0xF8, 0x5A, 0xD8, 0x36, 0xA4, 0xBB, 0x5F, 0x77, 0x66, 0x0D, 0x5D, 0xC1, 0xF9, 0x52, 0x38, 0x87,
    0x40, 0xA7, 0xC1, 0x2D, 0x3C, 0x3A, 0x5D, 0xD3, 0xC1, 0x66, 0xED, 0xBC, 0xE1, 0x75, 0x25, 0x7F,
    0xCB, 0x2F, 0xA2, 0x0C, 0xA2, 0xD5, 0x30, 0x11, 0xE3, 0xDE, 0x59, 0xED, 0x3E, 0x7C, 0x05, 0xE7,
    0x4B, 0xE0, 0x7C, 0x5D, 0x01, 0x2D, 0xD2, 0x96, 0xF0, 0x4B, 0xBD, 0x6A, 0xF6, 0xCC, 0xAB, 0xCE,
    0xCF, 0x7D, 0xA2, 0xFF, 0x9F, 0x55, 0xAD, 0x25, 0x43, 0x34, 0xBF, 0xBB, 0x15, 0xFF, 0xFF, 0x1E,
    0xAE, 0x0F, 0x1C, 0x84, 0x79, 0x18, 0xE5, 0xB4, 0x48, 0x82, 0x9A, 0x5F, 0x95, 0x81, 0x78, 0xD8,
    0x07, 0x75, 0x34, 0xD2, 0x75, 0xF7, 0x70, 0x4E, 0xC4, 0x87, 0x6C, 0xD7, 0x2B, 0x62, 0x79, 0x9C,
    0x48, 0xF5, 0x60, 0x6A, 0x05, 0x2E, 0x3A, 0x67, 0xED, 0x74, 0xB9, 0x41, 0xFB, 0xD9, 0x75, 0xD9,
    0x43, 0xAF, 0x99, 0x0D, 0x72, 0xE1, 0xBA, 0x21, 0x4B, 0xB1, 0xCA, 0xC7, 0x6C, 0xB6, 0xED, 0xC1,
    0x35, 0x36, 0xBB, 0xEE, 0xE2, 0xA3, 0xEE, 0x78, 0xE0, 0x49, 0xA8, 0x23, 0xF3, 0x21, 0x8F, 0x54,
    0xED, 0x2D, 0xE5, 0x72, 0xAF, 0x9C, 0x34, 0xB8, 0xC2, 0xA7, 0x69, 0x58, 0xA5, 0xD0, 0xE8, 0x26,
    0x66, 0xD2, 0x68, 0x8A, 0x86, 0x52, 0xA2, 0xD2, 0x7D, 0x40, 0xA1, 0xF1, 0xE0, 0x1A, 0x38, 0xB6,
    0xA5, 0xD8, 0xDE, 0x19, 0xC8, 0x5E, 0x10, 0x39, 0x2E, 0xC6, 0x0C, 0x31, 0xD5, 0x9D, 0x10, 0xA1,
    0xC6, 0x30, 0x50, 0x0A, 0x77, 0xF6, 0x41, 0x84, 0x86, 0x3A, 0xB2, 0xC5, 0x0E, 0x26, 0xA7, 0xEF,
    0x8B, 0x99, 0x6E, 0x2B, 0x2A, 0x93, 0xE0, 0xBC, 0x8A, 0xE7, 0x8A, 0xD0, 0x4E, 0x53, 0xE6, 0xDD,
    0xA5, 0xB2, 0xE6, 0xFE, 0xA6, 0x87, 0xBF, 0x38, 0xD7, 0xF0, 0xF0, 0x0D, 0xF9, 0xF0, 0xF5, 0x50,
    0x0B, 0x67, 0x65, 0x5F, 0x6A, 0x50, 0x16, 0xC1, 0x67, 0x79, 0xFC, 0xBB, 0xBE, 0xAD, 0x6C, 0x77,
    0xA8, 0x64, 0x2A, 0x55, 0x46, 0x35, 0x4C, 0xCD, 0xB3, 0x50, 0xC0, 0x84, 0x67, 0xAA, 0x3F, 0xB3,
    0x50, 0x3F, 0x36, 0x88, 0xF8, 0x36, 0xF7, 0xC8, 0x85, 0x6B, 0x2D, 0xC0, 0xA0, 0x7B, 0x94, 0x9B,
    0xE8, 0xDC, 0x2F, 0xE7, 0x32, 0x63, 0x4F, 0x51, 0x2D, 0x5E, 0x9D, 0xD6, 0x88, 0xE2, 0x2F, 0x27,
    0xCF, 0xF9, 0xDB, 0xE7, 0x65, 0x6C, 0xF5, 0xB6, 0x48, 0x6A, 0xEA, 0x0D, 0xE0, 0xCB, 0xED, 0xC3,
    0x84, 0xA4, 0x24, 0x2D, 0x20, 0x36, 0xB1, 0x94, 0xCA, 0x1B, 0x04, 0x34, 0x3F, 0xDB, 0xAA, 0x47,
    0x9B, 0xB1, 0x7E, 0x96, 0xF5, 0x0F, 0xA5, 0xC6, 0x4F, 0x73, 0x7F, 0xDE, 0xB0, 0x2A, 0x30, 0xF8,
    0x61, 0x79, 0xF0, 0x20, 0xB8, 0xE3, 0x5B, 0xE6, 0xAE, 0x2D, 0x77, 0x4A, 0x82, 0xEB, 0x21, 0x40,
    0x98, 0x2C, 0xEE, 0x1B, 0xC1, 0xD7, 0xA9, 0x83, 0x96, 0xF0, 0xEF, 0x04, 0x3D, 0xB1, 0xF2, 0x9C,
    0xE8, 0x31, 0xF3, 0x95, 0x5E, 0x8C, 0x4C, 0xFA, 0xBB, 0x3F, 0x70, 0x7F, 0xE3, 0x7E, 0x83, 0x57,
    0xB4, 0x12, 0xD7, 0xD6, 0x88, 0x6D, 0x81, 0x66, 0x43, 0x4D, 0x9E, 0x96, 0xEF, 0x8E, 0x96, 0x50,
    0x4E, 0xF1, 0x50, 0x66, 0xA4, 0xE8, 0x81, 0x6B, 0x76, 0x14, 0xFB, 0xA4, 0x19, 0x9F, 0xB1, 0xA2,
    0xC3, 0xDC, 0x85, 0x7A, 0x4D, 0x47, 0xB5, 0x9A, 0xF3, 0x28, 0xBC, 0xE5, 0xD5, 0x5C, 0xF5, 0xB6,
    0x4C, 0xAD, 0x69, 0xA4, 0xB7, 0x04, 0x53, 0xCC, 0x04, 0x35, 0x3F, 0x95, 0xA9, 0x35, 0x9D, 0xD4,
    0xC9, 0xD4, 0x7A, 0x27, 0x14, 0xE1, 0x54, 0xEB, 0xB5, 0x85, 0xDF, 0x68, 0x92, 0xB7, 0xCD, 0xD5,
    0x20, 0xDA, 0xC2, 0x2B, 0x7B, 0x55, 0x0B, 0x4C, 0xCB, 0xC4, 0xBF, 0xA6, 0xDA, 0x50, 0xFE, 0xBD,
    0x6D, 0x69, 0xC2, 0xAD, 0x6A, 0xC8, 0x04, 0xDE, 0x96, 0x12, 0xD6, 0x12, 0x2A, 0x76, 0xB1, 0x83,
    0x8A, 0xF0, 0x63, 0xB2, 0x43, 0x3D, 0x1C, 0x78, 0x86, 0x9A, 0x3A, 0x1B, 0xCD, 0x18, 0x93, 0xDF,
    0x9D, 0x09, 0xDA, 0x07, 0xEE, 0xCC, 0x88, 0x04, 0x19, 0x10, 0xE5, 0x16, 0xBA, 0xE9, 0xA1, 0xF8,
    0x56, 0x5E, 0xCF, 0x1E, 0x1B, 0xD1, 0x99, 0xA1, 0xB6, 0xB0, 0x2F, 0x04, 0xE7, 0xB6, 0x5A, 0x5D,
    0xB8, 0xA0, 0xA1, 0xED, 0x83, 0x66, 0x3E, 0x76, 0x70, 0xEE, 0x61, 0x48, 0x6F, 0x8C, 0xA7, 0x1A,
    0x2C, 0x4E, 0x59, 0x6A, 0x0C, 0xCE, 0x7F, 0xB0, 0x4F, 0x90, 0xD7, 0xF1, 0x7F, 0x0F, 0x78, 0x23,
    0xA7, 0x86, 0xC8, 0x7E, 0x43, 0x02, 0x1E, 0x9D, 0xA7, 0x1F, 0x3C, 0x91, 0x6A, 0x23, 0x3F, 0x51,
    0x4D, 0x89, 0x13, 0x9C, 0xAA, 0xA2, 0x9A, 0x33, 0x85, 0xFB, 0x92, 0xAB, 0xCD, 0xB1, 0x14, 0xEB,
    0xC8, 0x3A, 0xE6, 0xA5, 0xD2, 0x24, 0xEE, 0x1C, 0xC6, 0x46, 0xD3, 0xB3, 0x53, 0xA3, 0xD0, 0x0F,
    0xE3, 0xD0, 0x68, 0x05, 0x48, 0xCF, 0xEF, 0x09, 0xC7, 0x56, 0xEA, 0x22, 0xB7, 0x9C, 0xAF, 0x40,
    0xBE, 0x94, 0x05, 0x54, 0x5C, 0xDA, 0x56, 0x50, 0x02, 0x6A, 0x02, 0xF0, 0x85, 0xDE, 0xDE, 0xC0,
    0xB2, 0xA3, 0x20, 0x28, 0x1A, 0xF3, 0x3F, 0x33, 0x73, 0xBF, 0x37, 0x77, 0xF3, 0x3F, 0x8D, 0x61,
    0x36, 0xE6, 0x42, 0xA6, 0xC3, 0x51, 0xE6, 0x69, 0x6B, 0x00, 0xCE, 0x2D, 0x8C, 0xE0, 0x43, 0x66,
    0x39, 0x24, 0x56, 0x15, 0x51, 0x9B, 0x7B, 0x24, 0x37, 0xAE, 0xE0, 0x7D, 0x11, 0xDE, 0x0F, 0x1E,
    0xE7, 0x2F, 0x32, 0x7F, 0x94, 0xD6, 0x8B, 0x2C, 0x44, 0x93, 0x78, 0xA5, 0xF8, 0x7C, 0xD2, 0x0C,
    0xB0, 0xEF, 0x59, 0xCB, 0x80, 0x22, 0x78, 0x02, 0xFE, 0x07, 0xF7, 0xB0, 0x09, 0xAF, 0xE0, 0x7D,
    0x01, 0xDE, 0xD7, 0x8F, 0xD5, 0x81, 0x28, 0x83, 0xF9, 0x50, 0x15, 0x84, 0x90, 0x9F, 0x4F, 0x94,
    0xBE, 0x5F, 0x30, 0x25, 0xF0, 0x6E, 0x2A, 0xE0, 0x0A, 0xCE, 0xC7, 0x70, 0x0E, 0x79, 0x87, 0x90,
    0x76, 0x68, 0xC6, 0x4C, 0x2D, 0xD8, 0xD1, 0x2C, 0x59, 0x4B, 0x3E, 0xF8, 0x9D, 0x96, 0xDE, 0x55,
    0x75, 0xB6, 0xBB, 0x82, 0xEF, 0x6F, 0x22, 0x37, 0x36, 0xE2, 0x8A, 0xB6, 0xB1, 0x18, 0x15, 0xBD,
    0xE8, 0xDA, 0x6C, 0x42, 0x9D, 0x98, 0x6C, 0xE8, 0x65, 0x3F, 0x42, 0x67, 0xB3, 0x60, 0xB2, 0xD6,
    0x30, 0x7E, 0xAA, 0x7D, 0x1E, 0xBD, 0xDD, 0xF1, 0x6F, 0x6A, 0xB2, 0xBD, 0x86, 0xBA, 0xB3, 0x9A,
    0x28, 0x29, 0x16, 0xD1, 0xDD, 0xE9, 0xC4, 0xF9, 0x38, 0xF3, 0x5D, 0x70, 0x70, 0x72, 0x7E, 0x1D,
    0x35, 0xA5, 0x4E, 0x6D, 0x9B, 0xA2, 0x0E, 0x81, 0x4C, 0x85, 0x92, 0xF5, 0xAB, 0x98, 0x55, 0x3A,
    0xF0, 0xC3, 0xE5, 0x29, 0x5D, 0x7F, 0x23, 0xD7, 0x46, 0x0D, 0x8E, 0x45, 0x2B, 0x49, 0x54, 0x8F,
    0x64, 0xBA, 0x2A, 0x18, 0x9C, 0xBE, 0x57, 0x03, 0x31, 0xF2, 0x5A, 0x1F, 0x07, 0xC4, 0xE1, 0x2B,
    0x50, 0xF0, 0xF9, 0x5B, 0xB8, 0x43, 0xC5, 0x43, 0xF3, 0x0A, 0xEE, 0x3C, 0xEC, 0x7E, 0x4E, 0x80,
    0x3A, 0xE9, 0x69, 0xCB, 0xDE, 0x93, 0x89, 0xD5, 0x46, 0x03, 0xEF, 0xB0, 0x39, 0x44, 0x11, 0xA6,
    0xED, 0xC2, 0x9D, 0x47, 0x7E, 0x14, 0x37, 0x2A, 0xD1, 0x3B, 0x31, 0x21, 0x60, 0x92, 0xCA, 0xA7,
    0x28, 0x97, 0x67, 0xEF, 0x85, 0x9F, 0x35, 0x38, 0xAC, 0x35, 0xCC, 0x95, 0x0F, 0x7A, 0x8D, 0x86,
    0x8E, 0x67, 0x05, 0xE2, 0x64, 0x19, 0xE5, 0x74, 0x75, 0x45, 0xB5, 0x12, 0x52, 0x50, 0xF5, 0xE6,
    0x3E, 0x86, 0xA0, 0x10, 0x58, 0x42, 0x64, 0x3D, 0x47, 0x9F, 0x8C, 0xBA, 0x11, 0x08, 0x86, 0x33,
    0xA4, 0x97, 0x3A, 0xF7, 0xF0, 0x13, 0x77, 0x02, 0xF7, 0x01, 0x77, 0xC1, 0xD2, 0xD9, 0xD7, 0x7C,
    0x04, 0x5B, 0x67, 0x35, 0x76, 0x56, 0x6B, 0xE7, 0xA0, 0xE6, 0x23, 0x44, 0x3A, 0xF6, 0x06, 0xCF,
    0xE5, 0xA1, 0x43, 0x8D, 0xFF, 0xB3, 0xA3, 0x2C, 0x14, 0xED, 0xA3, 0x9E, 0x7D, 0x01, 0x4B, 0xC1,
    0xA6, 0x7F, 0x1D, 0x1F, 0x95, 0x5A, 0x94, 0x1B, 0x3C, 0x02, 0x17, 0x3C, 0x02, 0xC6, 0x97, 0x95,
    0x99, 0x76, 0xC1, 0x35, 0xE8, 0xD4, 0x03, 0xDA, 0x12, 0x87, 0x43, 0xC8, 0x17, 0x58, 0xE9, 0xB0,
    0x79, 0x04, 0xB5, 0x46, 0x56, 0x10, 0x6C, 0x8E, 0xAD, 0x8A, 0x58, 0x7D, 0xA2, 0x34, 0x38, 0x02,
    0xD9, 0x62, 0x37, 0x48, 0x52, 0xD2, 0x2D, 0x2A, 0x2C, 0xBE, 0xC2, 0x9B, 0x3C, 0xDC, 0xD0, 0x21,
    0x6B, 0x06, 0xBB, 0x51, 0x03, 0xD2, 0xD6, 0x55, 0x68, 0x63, 0x80, 0x66, 0x09, 0x74, 0x2E, 0x3F,
    0x6C, 0x1A, 0xF5, 0x81, 0x7C, 0xF0, 0xF9, 0x4C, 0x80, 0x6C, 0x43, 0x61, 0x9F, 0x5B, 0x6B, 0xC2,
    0x1F, 0x35, 0x44, 0x5D, 0xC0, 0xD3, 0x83, 0x17, 0x8B, 0x3F, 0x82, 0x61, 0xB4, 0xD6, 0xE4, 0xC4,
    0xC1, 0xF6, 0xCC, 0xD7, 0xF0, 0xFB, 0xDA, 0x44, 0x36, 0xBB, 0x23, 0xF3, 0xE8, 0x9E, 0xF6, 0xD1,
    0x15, 0x76, 0xDE, 0x13, 0x76, 0x2E, 0xAB, 0x02, 0x69, 0x8F, 0xAB, 0x40, 0xC4, 0x92, 0x0A, 0x55,
    0x20, 0x56, 0x4C, 0x27, 0xCE, 0xAC, 0x55, 0xB6, 0x9A, 0x31, 0x85, 0xAA, 0x85, 0xAF, 0x5C, 0x61,
    0xE7, 0x77, 0x84, 0x9D, 0x3B, 0x4B, 0x10, 0x9A, 0x21, 0x5F, 0xDC, 0xA1, 0x35, 0xB0, 0x61, 0x44,
    0xC7, 0xEC, 0x01, 0xCB, 0x83, 0x94, 0x97, 0x1B, 0x04, 0x57, 0xB8, 0x78, 0x6F, 0x9C, 0x12, 0xEA,
    0x53, 0x33, 0x77, 0x94, 0x21, 0x4C, 0xD6, 0xD4, 0x68, 0xED, 0xD6, 0x76, 0xC2, 0x7D, 0x65, 0x40,
    0x50, 0x38, 0x86, 0x9C, 0xA3, 0x9A, 0xC8, 0x3B, 0x5E, 0x68, 0x77, 0xD9, 0x6A, 0x8F, 0xD1, 0x10,
    0x6B, 0xE2, 0x1D, 0x98, 0x00, 0x5A, 0x4A, 0x59, 0x7F, 0x47, 0xB0, 0x16, 0x93, 0xC2, 0xB9, 0x51,
    0x0C, 0xB0, 0x68, 0xBA, 0x99, 0x42, 0x61, 0xAE, 0x35, 0x89, 0xF8, 0x10, 0x09, 0xB1, 0x56, 0x39,
    0x16, 0x13, 0x63, 0xB1, 0xAF, 0x90, 0xAB, 0x63, 0x8D, 0x58, 0xC8, 0x8F, 0xDE, 0x5C, 0x6C, 0xD5,
    0x56, 0xC8, 0x62, 0x02, 0x38, 0xC8, 0xDF, 0x66, 0xDD, 0x9D, 0x29, 0xD2, 0xE5, 0x38, 0x48, 0xE0,
    0xA7, 0x0B, 0xE3, 0x68, 0x29, 0xBB, 0xD1, 0x64, 0x47, 0x48, 0xF7, 0xF7, 0x21, 0x00, 0x57, 0x1B,
    0xCC, 0x77, 0x77, 0xE9, 0x21, 0xB5, 0x50, 0xA3, 0x7E, 0xA1, 0xB3, 0x2F, 0xB4, 0x87, 0xE9, 0xDE,
    0x90, 0x90, 0x0E, 0xA3, 0xE0, 0xF3, 0x3B, 0x21, 0x0D, 0x1F, 0xCC, 0x2A, 0x0B, 0xF2, 0x10, 0x01,
    0xC5, 0x72, 0xC2, 0xE8, 0x4B, 0xB5, 0x68, 0xEE, 0x5A, 0xD6, 0x4D, 0x9A, 0x82, 0xF9, 0x63, 0x35,
    0x11, 0x3A, 0x8E, 0x1C, 0x11, 0x84, 0x4C, 0xD9, 0x3B, 0x31, 0x90, 0xD2, 0xB6, 0xCC, 0xC1, 0xEB,
    0xFA, 0xB1, 0xC5, 0x18, 0x6D, 0x04, 0x6C, 0xEE, 0xF9, 0x11, 0x2C, 0x33, 0x35, 0xD9, 0xB4, 0xE9,
    0x84, 0x3B, 0x4E, 0x8D, 0x84, 0x32, 0xFF, 0xBF, 0x6A, 0xC4, 0x1F, 0xE7, 0xCB, 0x4F, 0x8C, 0xB0,
    0xF2, 0xB5, 0x09, 0x24, 0xA4, 0x2B, 0x0E, 0x0B, 0x5E, 0x1E, 0x0D, 0x9D, 0x60, 0x6B, 0x67, 0xA6,
    0x72, 0xEA, 0x5A, 0x5C, 0x51, 0x2A, 0x88, 0x6F, 0x7D, 0x59, 0x81, 0xB0, 0x45, 0xDF, 0x55, 0xAB,
    0xB4, 0x58, 0x86, 0xFA, 0x5D, 0x1F, 0x2A, 0x79, 0xF3, 0x79, 0xAD, 0xA5, 0x9F, 0x42, 0xB6, 0x5B,
    0xEC, 0x22, 0xAB, 0xF8, 0x16, 0x06, 0xCA, 0x82, 0x2C, 0x0F, 0xB5, 0xDA, 0xD8, 0x6B, 0x67, 0x55,
    0x7E, 0x56, 0x02, 0x8C, 0x2E, 0xA8, 0xC5, 0x30, 0xD9, 0x99, 0xF0, 0xDF, 0xB2, 0xCD, 0xCD, 0xEE,
    0xAC, 0x0D, 0x48, 0x38, 0xDD, 0x12, 0x49, 0xB2, 0x94, 0x22, 0x70, 0x82, 0xCB, 0xAC, 0xE4, 0xC2,
    0x87, 0x32, 0xCF, 0xCC, 0x87, 0x62, 0x1A, 0xB0, 0xBB, 0x26, 0x74, 0xF3, 0x39, 0xD4, 0x17, 0x14,
    0x96, 0x20, 0xD2, 0x3B, 0x4D, 0x8F, 0x55, 0xA3, 0xB6, 0x54, 0x61, 0xC9, 0xA9, 0xED, 0x48, 0x5C,
    0xA1, 0x56, 0x93, 0x66, 0xBE, 0x6F, 0x6E, 0x99, 0x9B, 0xD4, 0x9B, 0x07, 0x20, 0x8B, 0x6F, 0x94,
    0x9A, 0x23, 0x6D, 0xB6, 0xD6, 0x85, 0x5A, 0x76, 0x13, 0x00, 0x3B, 0x0D, 0x4B, 0x0E, 0x2A, 0x70,
    0xCD, 0xF9, 0x87, 0x4C, 0xF3, 0x47, 0xF6, 0x3D, 0xF1, 0xDD, 0xDA, 0xF8, 0xB4, 0x34, 0x6B, 0x04,
    0x2D, 0x58, 0x2B, 0xC5, 0x9A, 0x53, 0xCD, 0x42, 0xF9, 0x8F, 0x3C, 0xF5, 0xEC, 0x62, 0xED, 0x80,
    0x35, 0x55, 0x86, 0x52, 0x97, 0xF1, 0xB0, 0xB1, 0xCA, 0xA2, 0x17, 0x49, 0xE0, 0x83, 0xDD, 0x61,
    0x57, 0x95, 0x19, 0x4C, 0xC1, 0x80, 0xBA, 0x4B, 0xDA, 0x66, 0xF3, 0x2C, 0xB3, 0x8C, 0xB9, 0xFF,
    0x3C, 0x1B, 0xFF, 0xFC, 0x4F, 0xBC, 0x35, 0x5A, 0x29, 0x4B, 0x20, 0xCE, 0xB8, 0x10, 0xE2, 0xB2,
    0xFD, 0x66, 0xD4, 0x66, 0xB5, 0x21, 0xF4, 0xA8, 0xA5, 0xDA, 0xA2, 0x26, 0xBB, 0x46, 0x18, 0x31,
    0x5F, 0x28, 0x3C, 0x8B, 0x99, 0x40, 0x2A, 0x26, 0xAE, 0xA9, 0x9A, 0xC8, 0x37, 0xCD, 0x44, 0x39,
    0x27, 0x03, 0x3C, 0x35, 0x19, 0x40, 0x96, 0x8D, 0x38, 0x0B, 0x3E, 0x6A, 0x9B, 0x29, 0x7D, 0xCB,
    0x7F, 0x57, 0x5C, 0xB7, 0xE6, 0x3F, 0xB4, 0xBD, 0xFD, 0xDB, 0xEC, 0x24, 0x5A, 0x90, 0xA7, 0xCF,
    0xFC, 0x88, 0xA7, 0x23, 0x86, 0x0D, 0x52, 0x78, 0xE2, 0x62, 0xEB, 0xC6, 0xC6, 0xAC, 0xBD, 0xF1,
    0xD0, 0x16, 0x31, 0xC8, 0x14, 0xD3, 0x41, 0xA1, 0xF0, 0x26, 0x14, 0xF2, 0xD4, 0xD6, 0x9A, 0xA2,
    0x1D, 0x57, 0x0A, 0x9E, 0xF6, 0xDE, 0x4E, 0xF0, 0xFD, 0x09, 0x9E, 0xCD, 0x5F, 0x1F, 0xF6, 0xE2,
    0x99, 0x65, 0xA6, 0x75, 0x0E, 0xD6, 0x9B, 0xBA, 0xF5, 0x8C, 0xEB, 0xA6, 0x13, 0x73, 0x7E, 0x45,
    0x4F, 0x4A, 0x69, 0x5A, 0x02, 0xD2, 0x2B, 0xC1, 0x3C, 0x74, 0x37, 0x82, 0xB9, 0xAF, 0xE9, 0x25,
    0x5A, 0xDC, 0x1F, 0xAB, 0x0E, 0x78, 0x9A, 0xCC, 0xF7, 0x53, 0xAF, 0xDC, 0xC8, 0x92, 0xB6, 0x2F,
    0x90, 0xFB, 0x5F, 0x62, 0xEA, 0xC5, 0xFD, 0xD1, 0x5A, 0x74, 0xF3, 0x41, 0x23, 0x0D, 0x13, 0x59,
    0x68, 0xAC, 0xA7, 0x41, 0xBE, 0xB0, 0x15, 0x94, 0xD6, 0x61, 0x33, 0xD2, 0x24, 0x6C, 0x7A, 0xED,
    0x96, 0x69, 0xD3, 0xDD, 0x07, 0x13, 0x04, 0x9B, 0xEB, 0x87, 0x6C, 0xA1, 0x22, 0x78, 0xBB, 0x30,
    0x8B, 0x13, 0x0F, 0x14, 0xB2, 0xC9, 0x8E, 0xAD, 0x9B, 0x69, 0x18, 0x08, 0x89, 0x64, 0xC8, 0xD5,
    0x04, 0x32, 0x95, 0xB0, 0x1C, 0xF5, 0x21, 0xDC, 0xFF, 0x70, 0x41, 0x27, 0x29, 0x3B, 0xEB, 0x61,
    0xF4, 0x6A, 0x1F, 0xB8, 0xF7, 0x5F, 0xB4, 0x20, 0x9F, 0x1A, 0xBB, 0x4C, 0x02, 0xBE, 0x81, 0xE4,
    0xD7, 0x22, 0x66, 0x25, 0x15, 0x3E, 0x0F, 0x39, 0x69, 0x7A, 0xEC, 0x01, 0x3D, 0xEA, 0xEC, 0xA7,
    0x14, 0x0B, 0x13, 0x0A, 0x53, 0xF6, 0xD1, 0x31, 0xCB, 0x05, 0x93, 0x42, 0xAE, 0xDC, 0x4B, 0x2B,
    0x8B, 0x2F, 0xD0, 0xE4, 0xF9, 0x0C, 0x7E, 0x31, 0x99, 0xE5, 0xC3, 0x1D, 0xD1, 0x38, 0xB5, 0xBE,
    0x36, 0xDC, 0x34, 0x62, 0xF4, 0x6C, 0xB4, 0x3F, 0xB9, 0x74, 0x29, 0x76, 0x86, 0x4F, 0xAA, 0x52,
    0xF6, 0xF6, 0x0E, 0x7A, 0x55, 0x4B, 0x61, 0xDD, 0xD7, 0xFC, 0xED, 0x86, 0x2E, 0xC8, 0x2B, 0x04,
    0x2C, 0xFA, 0xA2, 0x18, 0x09, 0x82, 0xBA, 0xAE, 0xF0, 0x75, 0x3D, 0x22, 0x08, 0xC4, 0x0E, 0x93,
    0xDC, 0x82, 0x79, 0x5F, 0x0D, 0x45, 0x1E, 0x9E, 0x70, 0x60, 0x50, 0x50, 0x2E, 0x95, 0x7F, 0x1E,
    0xCD, 0xA2, 0xD1, 0x00, 0x90, 0xFF, 0x21, 0x15, 0x3C, 0x35, 0x3A, 0x2D, 0x04, 0xF2, 0x86, 0x16,
    0xBD, 0xAE, 0x97, 0xE6, 0xE8, 0xD2, 0x8A, 0x91, 0x98, 0x08, 0xC8, 0xCB, 0x06, 0x7D, 0x46, 0xE2,
    0x57, 0xC1, 0x08, 0xCD, 0xEC, 0xE8, 0xA0, 0xC1, 0xEA, 0x28, 0xAE, 0xAD, 0xAD, 0x86, 0x8F, 0xDE,
    0x5C, 0xA7, 0x99, 0x83, 0x4E, 0x62, 0x8B, 0x24, 0xE3, 0x49, 0x94, 0xCB, 0x4D, 0x67, 0x7D, 0x87,
    0xC9, 0x70, 0x21, 0x6E, 0xF5, 0x29, 0xD2, 0x5E, 0xE8, 0xFF, 0x54, 0xED, 0x46, 0xC9, 0xD5, 0x4C,
    0x61, 0xC1, 0x66, 0xE1, 0xD0, 0xBA, 0x2D, 0xDD, 0x1D, 0xA7, 0x00, 0x29, 0x0C, 0x70, 0x9E, 0x92,
    0x07, 0x55, 0x01, 0x06, 0x4B, 0xB3, 0x08, 0xEE, 0x52, 0x64, 0x2A, 0x53, 0xA1, 0x14, 0xD4, 0x19,
    0x2F, 0x62, 0xE6, 0x89, 0xDD, 0x56, 0x0C, 0x99, 0xA0, 0x41, 0x3C, 0x45, 0xF1, 0x5A, 0x8A, 0xA1,
    0xA2, 0xAF, 0x37, 0xE0, 0x52, 0xF2, 0x14, 0x03, 0xED, 0x8D, 0x82, 0x63, 0xD1, 0x83, 0x90, 0x51,
    0x20, 0x50, 0x0D, 0x85, 0x7F, 0x8E, 0x0D, 0x57, 0x06, 0x83, 0xD8, 0x60, 0x50, 0x1E, 0xC2, 0x00,
    0xAF, 0xDF, 0x57, 0x6D, 0x5D, 0x5B, 0x3F, 0x68, 0xE8, 0xCA, 0x53, 0xD3, 0x54, 0xBD, 0x24, 0x55,
    0x64, 0xEA, 0x0A, 0x69, 0x3E, 0xB2, 0xA0, 0x6A, 0xFA, 0xF8, 0x3D, 0x04, 0xD3, 0x57, 0x9D, 0x6D,
    0x4E, 0x77, 0xA7, 0xDB, 0xD3, 0xFD, 0x71, 0x83, 0x8E, 0x3B, 0x74, 0xDC, 0xA2, 0xE3, 0x1E, 0x1D,
    0x37, 0xE9, 0xB8, 0x4B, 0xC7, 0x6D, 0x3A, 0xEE, 0x53, 0x37, 0xAA, 0x3B, 0xD5, 0xAD, 0x5A, 0x1F,
    0x18, 0x37, 0x4B, 0xB6, 0xED, 0xD9, 0x4A, 0x8F, 0x43, 0x01, 0x9E, 0xB3, 0xE3, 0x88, 0x78, 0xBC,
    0xCA, 0x12, 0x8E, 0x57, 0xB1, 0xDA, 0xF3, 0xB0, 0xE9, 0x8F, 0xEA, 0x46, 0x77, 0x6B, 0xE9, 0x82,
    0x16, 0x7E, 0xAA, 0xDF, 0x57, 0xBC, 0x45, 0xEF, 0x14, 0xDD, 0x7B, 0x42, 0xDF, 0xA2, 0x83, 0x92,
    0x19, 0xAD, 0xAC, 0x38, 0x14, 0xA4, 0x84, 0x5B, 0xFF, 0xC0, 0xFD, 0xB4, 0x53, 0x8B, 0x2A, 0xE4,
    0x70, 0xEB, 0x5B, 0xA6, 0xE5, 0x5F, 0x66, 0x4A, 0xFE, 0x15, 0x9E, 0xDC, 0xF5, 0x39, 0xB8, 0xFB,
    0xB3, 0xF3, 0x97, 0x29, 0x98, 0xF7, 0xF7, 0xEE, 0x3E, 0xE1, 0xF4, 0x48, 0x18, 0x3D, 0x0F, 0x45,
    0xF9, 0xAF, 0x9A, 0xD4, 0x24, 0xA7, 0xA1, 0x89, 0x7A, 0x47, 0x04, 0x97, 0x0F, 0x3A, 0x54, 0x45,
    0xF7, 0x40, 0xF6, 0xE6, 0x94, 0x55, 0xB3, 0xA6, 0xEE, 0x0B, 0x7B, 0xC3, 0x55, 0xE1, 0x3C, 0x3D,
    0x19, 0x1A, 0xA7, 0x3D, 0x84, 0x12, 0xF0, 0x98, 0x71, 0xF0, 0x92, 0xE2, 0x28, 0xE3, 0xE1, 0x51,
    0x27, 0xE2, 0xF7, 0xE4, 0x25, 0x64, 0x65, 0xC1, 0x18, 0x0C, 0xE6, 0x52, 0x1F, 0x74, 0x73, 0x00,
    0x7E, 0x26, 0x0F, 0xA8, 0xB6, 0xD8, 0x53, 0x0C, 0x31, 0xC1, 0x43, 0x24, 0xF6, 0xB2, 0x8D, 0xEE,
    0x09, 0x79, 0x8A, 0x1C, 0x78, 0x17, 0x8E, 0xC2, 0x7C, 0xD4, 0x56, 0x2C, 0xB6, 0x2E, 0xF4, 0x32,
    0xAD, 0x4D, 0xB5, 0x53, 0x88, 0x97, 0xD3, 0xA9, 0x51, 0x5C, 0x85, 0xC7, 0x6C, 0xB5, 0xB1, 0xB6,
    0x5D, 0x1F, 0x58, 0x06, 0x89, 0xCA, 0x47, 0xCB, 0x26, 0xB8, 0x0B, 0x15, 0xF9, 0x85, 0x16, 0xE0,
    0x70, 0xFA, 0xC1, 0x1C, 0x39, 0xDB, 0xCB, 0x49, 0x68, 0x41, 0xB6, 0x40, 0x11, 0xFD, 0x3C, 0x68,
    0xD3, 0x5F, 0x42, 0xE3, 0x75, 0x28, 0x5A, 0x29, 0xAB, 0x36, 0x06, 0xAF, 0x08, 0xAB, 0x64, 0xB5,
    0xBB, 0xC0, 0x29, 0xEF, 0x83, 0x2D, 0x18, 0x2F, 0x74, 0x42, 0xB1, 0xD0, 0x96, 0x2F, 0xA3, 0x9E,
    0x47, 0x2E, 0x5B, 0xFF, 0x59, 0xDF, 0x09, 0x1B, 0x34, 0x77, 0x2F, 0xA9, 0x7B, 0x3F, 0x2C, 0xFC,
    0xA6, 0xAB, 0xA1, 0x93, 0x62, 0xD6, 0x13, 0x69, 0x49, 0xA8, 0x92, 0xD0, 0xB2, 0x06, 0x6E, 0x22,
    0xBF, 0x16, 0xD2, 0xB8, 0xE2, 0x1D, 0x16, 0x48, 0x7D, 0x1B, 0x4F, 0xFE, 0x90, 0x75, 0xE6, 0xAB,
    0xF3, 0x05, 0x04, 0x3E, 0xCA, 0x8E, 0x40, 0x46, 0x3D, 0x62, 0x5E, 0x73, 0xAF, 0x67, 0x39, 0x3C,
    0x8F, 0xF3, 0x16, 0xF0, 0x0F, 0x96, 0x84, 0x9F, 0xD4, 0xCC, 0x49, 0x69, 0x1A, 0xC0, 0x50, 0xAB,
    0x26, 0xE8, 0xDF, 0x6A, 0xC4, 0x96, 0x9B, 0xA1, 0x62, 0x49, 0x5A, 0xA3, 0xD7, 0x91, 0x2E, 0x3B,
    0x0F, 0x41, 0xE3, 0x11, 0x68, 0x75, 0x03, 0x63, 0x02, 0x91, 0x1B, 0x06, 0x6F, 0xDE, 0x20, 0xBB,
    0xA9, 0x4D, 0x60, 0xAD, 0x01, 0xB4, 0x79, 0xB9, 0xA6, 0xCD, 0x51, 0x5E, 0x68, 0xF5, 0x0F, 0xEA,
    0x97, 0xE8, 0x1F, 0xFC, 0x68, 0x79, 0xEF, 0xFE, 0x81, 0x88, 0x89, 0x93, 0x33, 0x77, 0xE2, 0x27,
    0x35, 0x69, 0x26, 0xD9, 0x2D, 0x4A, 0x76, 0x72, 0x1D, 0x1A, 0x9E, 0x8C, 0x31, 0xCB, 0xAE, 0x81,
    0x80, 0x29, 0x25, 0xF4, 0x21, 0xD0, 0x50, 0x85, 0x60, 0xA1, 0x0D, 0xD8, 0xE4, 0xC8, 0xFA, 0x69,
    0x73, 0xB4, 0x45, 0xEF, 0xAA, 0x91, 0xC5, 0x3B, 0xCD, 0x40, 0xAB, 0x91, 0x59, 0xCD, 0xCE, 0x51,
    0xAA, 0xB6, 0x1B, 0xF6, 0x3F, 0xB4, 0x11, 0x8F, 0xAB, 0xA8, 0x05, 0x1A, 0x67, 0x29, 0x4E, 0x9A,
    0x7A, 0x15, 0x27, 0x8C, 0xC5, 0xEC, 0x7B, 0xE6, 0x90, 0x53, 0x15, 0xB7, 0xB4, 0x28, 0x3D, 0x74,
    0x6A, 0x88, 0xB5, 0x3D, 0x7C, 0x50, 0x0E, 0xDA, 0xA9, 0x93, 0xB0, 0x9E, 0x42, 0xA0, 0x16, 0x85,
    0xF5, 0x2C, 0x24, 0xD6, 0x61, 0xB4, 0x73, 0x6B, 0xD7, 0xBF, 0x96, 0x4C, 0x46, 0xC3, 0x1D, 0x87,
    0x29, 0xA8, 0x18, 0x2F, 0x9D, 0xD5, 0x26, 0x6D, 0x68, 0xED, 0x29, 0x22, 0x68, 0x23, 0x39, 0x3F,
    0xC7, 0x38, 0x66, 0xB0, 0x17, 0x5D, 0x08, 0x62, 0xF5, 0x14, 0xD9, 0x9E, 0x2D, 0x39, 0x7E, 0x24,
    0x08, 0xE8, 0x95, 0x78, 0x62, 0xDE, 0xEF, 0x31, 0xBF, 0xE1, 0x35, 0x12, 0xCC, 0x4F, 0x77, 0xC1,
    0x3C, 0xF2, 0xAB, 0xA2, 0x61, 0x0E, 0x31, 0xCF, 0x9E, 0x16, 0x3D, 0x6C, 0xE0, 0x4E, 0xCC, 0x5B,
    0x20, 0x41, 0xE3, 0x08, 0x3C, 0xD9, 0xC0, 0xCE, 0x2D, 0x28, 0xA6, 0x7D, 0xBE, 0xC9, 0x22, 0x8C,
    0x75, 0x38, 0xBE, 0x01, 0x47, 0x2A, 0xEC, 0x63, 0x10, 0xEE, 0x7E, 0xDA, 0xB5, 0x06, 0x08, 0xF4,
    0xCC, 0x1E, 0x8D, 0x35, 0x56, 0x56, 0xA5, 0x4D, 0xC9, 0x81, 0x80, 0x5E, 0x3A, 0xF1, 0xC8, 0x82,
    0x1E, 0xF5, 0xCF, 0x4D, 0x07, 0xC8, 0x78, 0x9C, 0xA9, 0x75, 0xB7, 0xB0, 0xC0, 0xFB, 0x1E, 0xBF,
    0xCA, 0xD8, 0x29, 0x4F, 0xEA, 0xCC, 0xFD, 0x6E, 0x5F, 0xE8, 0xF9, 0x0C, 0x98, 0xBA, 0x22, 0x07,
    0x7C, 0xEA, 0x72, 0x96, 0x7E, 0xDF, 0xEF, 0x31, 0x19, 0x22, 0xF6, 0x86, 0xC1, 0x56, 0xAE, 0xA6,
    0xCC, 0x07, 0xB7, 0x1E, 0xA7, 0xF7, 0xE1, 0xD4, 0xBA, 0xB4, 0xBF, 0x3F, 0x77, 0xC7, 0x43, 0xF7,
    0x36, 0xE6, 0x12, 0xEC, 0xD6, 0xAB, 0x9D, 0x2A, 0xA9, 0xF1, 0xBC, 0x7D, 0x68, 0xE3, 0x1C, 0xAF,
    0xBB, 0x1C, 0x3D, 0x76, 0x8A, 0xD7, 0x85, 0x4D, 0x13, 0xDF, 0xD1, 0x5D, 0x66, 0xD6, 0x4E, 0xCA,
    0xF2, 0x18, 0x40, 0x1B, 0x4D, 0x13, 0x8C, 0x38, 0xEE, 0x0D, 0x40, 0xCA, 0x3B, 0x4B, 0x06, 0x95,
    0xFB, 0xAC, 0x81, 0x9F, 0xA9, 0x1E, 0x20, 0xA1, 0x2D, 0x91, 0xB5, 0xD1, 0xA3, 0x33, 0x4B, 0x66,
    0xAA, 0xE1, 0x03, 0xB3, 0x96, 0x56, 0xF4, 0x3D, 0x0B, 0x43, 0xA6, 0x68, 0xE6, 0x79, 0x42, 0x53,
    0x3A, 0x20, 0x8E, 0x20, 0xEA, 0xAD, 0x65, 0xA2, 0x6C, 0xF4, 0x9A, 0x30, 0x7B, 0x67, 0x62, 0x40,
    0xB7, 0xF1, 0xDA, 0xD5, 0xD9, 0xE0, 0xE4, 0xCF, 0x9A, 0xFE, 0x62, 0x6A, 0x47, 0x78, 0x31, 0x6A,
    0x8E, 0xDA, 0xD2, 0xC9, 0xAD, 0x27, 0xAB, 0x86, 0x96, 0xBE, 0xEC, 0x35, 0xCB, 0x65, 0xD4, 0x0A,
    0xD0, 0x8F, 0x5C, 0x14, 0x7A, 0xE1, 0xB5, 0xB5, 0xDC, 0xC8, 0xEE, 0xB0, 0x7D, 0xD5, 0xC2, 0xA7,
    0x16, 0x25, 0x49, 0xC3, 0x11, 0x36, 0x96, 0xDE, 0xE9, 0x0F, 0x4F, 0x63, 0xD8, 0xDE, 0x33, 0xBE,
    0x8C, 0xB3, 0x9B, 0x36, 0xE5, 0x09, 0x15, 0x54, 0x5D, 0x30, 0x69, 0x52, 0x36, 0x9E, 0x34, 0x60,
    0x03, 0xCF, 0x25, 0xD3, 0x2E, 0x52, 0x50, 0x91, 0x80, 0x81, 0x64, 0x44, 0x63, 0x1C, 0x83, 0xAA,
    0x77, 0xC7, 0xE2, 0x92, 0x4E, 0x15, 0x5E, 0x1B, 0xE9, 0x7C, 0x5B, 0x2A, 0xBC, 0x32, 0xA1, 0xC2,
    0x63, 0x85, 0x49, 0xEA, 0x99, 0xBA, 0x43, 0xAB, 0x11, 0xCE, 0xC3, 0x99, 0xA3, 0xC5, 0xB7, 0x7D,
    0x31, 0x27, 0xB7, 0xFC, 0x8F, 0xC5, 0x1D, 0x6D, 0x7E, 0xA1, 0x27, 0x80, 0xBC, 0x2C, 0x54, 0x9D,
    0x33, 0x50, 0xD0, 0xA2, 0x07, 0x8C, 0xFE, 0x79, 0x47, 0x03, 0xF9, 0x89, 0x8B, 0x5E, 0xB2, 0x85,
    0x86, 0x63, 0x0B, 0xA7, 0x4F, 0x87, 0x4D, 0xC5, 0x56, 0x24, 0xE2, 0xED, 0xCC, 0x9F, 0x56, 0x93,
    0x02, 0x87, 0x81, 0x68, 0x3B, 0xFF, 0x6B, 0x7B, 0x4F, 0xB9, 0x72, 0xBF, 0x82, 0x67, 0xF3, 0x97,
    0x87, 0xF0, 0x28, 0x42, 0x20, 0xAD, 0x0C, 0xA5, 0xD8, 0x88, 0x66, 0xB0, 0xB9, 0x26, 0x1B, 0x79,
    0xAA, 0x50, 0xB1, 0xA3, 0xF4, 0xF1, 0x2D, 0xE2, 0x18, 0x9B, 0x45, 0x09, 0xE6, 0xA1, 0xA3, 0x93,
    0x7B, 0x3E, 0x08, 0xF4, 0x92, 0xEC, 0x78, 0xEA, 0x32, 0x82, 0x25, 0xFB, 0x70, 0xAA, 0x1F, 0xC8,
    0x49, 0x32, 0xD3, 0xF8, 0x6B, 0x54, 0xDD, 0xDD, 0xFF, 0x2C, 0x23, 0xAF, 0x7F, 0xB5, 0x71, 0x2D,
    0xC1, 0x09, 0xD5, 0x3A, 0xC7, 0x59, 0x32, 0x2B, 0x40, 0x08, 0x07, 0x47, 0x59, 0xF2, 0x50, 0x0F,
    0x56, 0xC5, 0x18, 0x52, 0x9B, 0xFF, 0x72, 0x29, 0xBC, 0x1E, 0xD2, 0xDC, 0xF8, 0xA3, 0xBE, 0xA6,
    0x28, 0x97, 0x5D, 0xB0, 0xB1, 0xC2, 0x7B, 0xAB, 0x4D, 0xA3, 0xE2, 0xD2, 0x58, 0x8B, 0xF6, 0xB8,
    0xDB, 0x28, 0x50, 0xD2, 0xE6, 0xF7, 0x49, 0xC7, 0xC2, 0xCA, 0xF7, 0x8B, 0x69, 0x63, 0xE7, 0x7A,
    0x29, 0x4F, 0x67, 0x93, 0x96, 0x10, 0x65, 0xB3, 0xEE, 0x23, 0x9D, 0x83, 0x7D, 0xA8, 0xE4, 0x9F,
    0xCE, 0x99, 0x9A, 0xC0, 0xB3, 0x46, 0xA6, 0x92, 0xB9, 0xD1, 0x9C, 0xEA, 0x62, 0x47, 0x30, 0xF9,
    0x90, 0xA1, 0x33, 0xA1, 0x60, 0xE6, 0x76, 0xB2, 0xB6, 0x4D, 0xB6, 0x47, 0x50, 0x59, 0xF3, 0x85,
    0x83, 0xC6, 0xFA, 0xB4, 0x81, 0xC5, 0xA2, 0x79, 0xC5, 0xED, 0xC6, 0x8A, 0x67, 0x75, 0x96, 0xCA,
    0x12, 0x88, 0xE1, 0xF4, 0x80, 0x50, 0x07, 0x75, 0x72, 0x7B, 0x85, 0xCF, 0x47, 0xCF, 0x8E, 0xCA,
    0xF4, 0x1B, 0x1F, 0x8E, 0x03, 0x39, 0x1E, 0xD7, 0x9A, 0xAA, 0x50, 0xDF, 0xB6, 0x1E, 0xA7, 0xD3,
    0x5B, 0x5A, 0x32, 0x9C, 0xE6, 0xDC, 0x86, 0xDC, 0xED, 0xC9, 0x99, 0xDA, 0xC3, 0x0C, 0x39, 0xC6,
    0x5E, 0xFB, 0x6A, 0x13, 0x9F, 0x52, 0xF9, 0xA4, 0x8B, 0x26, 0x37, 0xD3, 0x49, 0x9C, 0x1C, 0x96,
    0x67, 0xCC, 0x89, 0xF6, 0xC2, 0x0C, 0xB1, 0x56, 0x56, 0xE8, 0x41, 0xB2, 0x05, 0x9A, 0xD6, 0xB5,
    0x9F, 0x90, 0x63, 0xB5, 0xA8, 0x7F, 0xA1, 0xE6, 0x82, 0x25, 0xD8, 0x4B, 0x2E, 0x2B, 0xB5, 0x82,
    0x0D, 0xD0, 0xFE, 0x46, 0xA3, 0xC7, 0x5C, 0x56, 0x63, 0x07, 0x15, 0xA8, 0xEE, 0x6B, 0xA9, 0xC5,
    0x45, 0xDF, 0xB2, 0x7F, 0x3A, 0xB1, 0x3E, 0xC3, 0xD4, 0xB2, 0xBB, 0x69, 0x38, 0x55, 0xCE, 0x57,
    0x96, 0x70, 0x57, 0x37, 0xD7, 0xCA, 0x63, 0x56, 0x9A, 0x5C, 0x8F, 0xA7, 0x9C, 0x2E, 0xB4, 0x35,
    0xCE, 0x96, 0x9B, 0x56, 0xB0, 0xE5, 0x76, 0x64, 0x76, 0x61, 0xFF, 0x7F, 0xF8, 0xF4, 0xF4, 0xA2,
    0x8A, 0x15, 0xAB, 0xEC, 0x25, 0x4D, 0xC6, 0x29, 0x1D, 0xE5, 0x8B, 0xC6, 0x34, 0x8B, 0x45, 0xBD,
    0xA9, 0x7C, 0x52, 0xCC, 0xA7, 0x2A, 0x3C, 0xDE, 0xF5, 0x75, 0x45, 0xEF, 0x97, 0xD0, 0xFB, 0xFF,
    0x01, 0xED, 0x5D, 0xBF, 0xAF, 0xE5, 0xC6, 0x75, 0x1E, 0x92, 0xBB, 0xEF, 0xC6, 0x26, 0x6C, 0xAA,
    0xF0, 0x1A, 0xB1, 0x05, 0x83, 0x29, 0x54, 0xC4, 0x46, 0x6C, 0x36, 0x29, 0x82, 0xC0, 0x11, 0x69,
    0x09, 0x41, 0x8A, 0x14, 0x52, 0xA1, 0xA7, 0x00, 0x76, 0x11, 0x17, 0x2E, 0x62, 0xBB, 0xD8, 0xBF,
    0x40, 0xE1, 0x95, 0x55, 0xA4, 0x48, 0x91, 0x6D, 0xDC, 0x24, 0x85, 0x55, 0x28, 0x88, 0xB5, 0x2A,
    0xD4, 0xC6, 0x80, 0x2C, 0x52, 0x52, 0x91, 0x22, 0x85, 0x68, 0x18, 0x46, 0x0A, 0x17, 0x66, 0x10,
    0x29, 0x41, 0xEC, 0x62, 0x99, 0x88, 0xB6, 0xB8, 0x12, 0xC9, 0xC9, 0x9C, 0xEF, 0x9C, 0x33, 0x24,
    0xEF, 0xFB, 0xB5, 0x6B, 0xAD, 0xA3, 0x5D, 0xF9, 0x3D, 0x41, 0x97, 0xB3, 0xEF, 0xDD, 0xCB, 0x3B,
    0x3F, 0xBE, 0x39, 0x73, 0x7E, 0x7C, 0xE7, 0xD0, 0x98, 0xD5, 0x4F, 0x6E, 0xED, 0x88, 0x46, 0xA5,
    0x0D, 0x6B, 0xED, 0xA0, 0x8D, 0x1E, 0x8D, 0x6B, 0xC7, 0xC7, 0x4F, 0x9A, 0x8B, 0x7E, 0x82, 0xE7,
    0xA5, 0x91, 0xF5, 0xD2, 0x90, 0xDB, 0x98, 0x50, 0x6E, 0x6C, 0x76, 0xDA, 0x48, 0xEC, 0xC4, 0x8D,
    0x54, 0x1B, 0xB9, 0x9D, 0xB9, 0x51, 0xDD, 0xB2, 0xF2, 0xE9, 0x37, 0xB9, 0x11, 0xD9, 0x27, 0xAC,
    0x7C, 0x3A, 0xB6, 0x05, 0x3E, 0x3D, 0xC5, 0x76, 0x8F, 0x6F, 0x1A, 0x76, 0xB6, 0xC6, 0xA7, 0xBB,
    0x88, 0x1B, 0x55, 0xCB, 0x8D, 0xC0, 0xD6, 0x91, 0x6D, 0xF0, 0xE9, 0x7D, 0x64, 0x5B, 0xD7, 0x88,
    0xAD, 0xEB, 0x47, 0x47, 0x9F, 0x9E, 0xA5, 0x91, 0xB9, 0xF1, 0xA1, 0x51, 0x5A, 0x19, 0x29, 0x5D,
    0xA9, 0xD3, 0x01, 0x1A, 0x23, 0x7D, 0xDA, 0xDD, 0x8C, 0x1A, 0x31, 0x75, 0xA1, 0x1A, 0xF1, 0x69,
    0xD7, 0x70, 0x9D, 0xCE, 0x69, 0x28, 0xA5, 0xFB, 0x57, 0x39, 0xE0, 0x16, 0xE6, 0x88, 0x86, 0x72,
    0xE4, 0x6E, 0xE4, 0x66, 0xB4, 0xC1, 0xB4, 0x96, 0xD4, 0x70, 0x2F, 0xA3, 0x9B, 0xDA, 0xDA, 0xF0,
    0x1D, 0x33, 0x9E, 0x65, 0x99, 0xF5, 0xD2, 0x5F, 0xE8, 0x26, 0x57, 0xCF, 0x99, 0xE6, 0xE0, 0x05,
    0x73, 0x15, 0x7D, 0x7E, 0xDC, 0xCD, 0x81, 0xEB, 0xDF, 0xCF, 0x2C, 0x75, 0xCA, 0xD2, 0xAC, 0xD1,
    0x38, 0x26, 0xEA, 0x0B, 0xE6, 0xD9, 0xDD, 0xA9, 0x1A, 0x0C, 0x8D, 0xB9, 0xEA, 0x0D, 0x4D, 0x8F,
    0x1B, 0x62, 0xE2, 0xA6, 0x0B, 0x17, 0xF7, 0xC9, 0xD6, 0x64, 0xB3, 0xA1, 0xB9, 0xC9, 0x27, 0x0C,
    0xCF, 0x8D, 0x23, 0x76, 0x97, 0x72, 0x74, 0x6B, 0xB1, 0xA7, 0x21, 0xE6, 0x7C, 0x29, 0xDD, 0xF7,
    0xB8, 0x8B, 0xB5, 0x34, 0xEE, 0x68, 0xB6, 0x61, 0x5D, 0x8D, 0xC9, 0x3B, 0xF6, 0x7B, 0x6D, 0x69,
    0xAB, 0x1F, 0xBB, 0x81, 0xB9, 0x11, 0x3C, 0xE7, 0x86, 0xE5, 0xD6, 0x2D, 0x72, 0xEF, 0x49, 0xED,
    0x40, 0xDF, 0xBE, 0x73, 0xF7, 0xA5, 0x69, 0x7F, 0xCA, 0x98, 0x4F, 0x71, 0xBF, 0x8F, 0x8C, 0xB9,
    0xC2, 0x0B, 0x5C, 0x98, 0x3F, 0x40, 0xA3, 0xAC, 0x8D, 0x00, 0xAE, 0x8D, 0x19, 0x20, 0x25, 0x2F,
    0x03, 0x66, 0xA5, 0x16, 0x7C, 0x08, 0x08, 0x02, 0xDB, 0x9B, 0x4B, 0xE4, 0xDD, 0x13, 0xE4, 0xC9,
    0x4A, 0x64, 0x7B, 0xAC, 0x43, 0x5E, 0x9B, 0x57, 0xE8, 0xD2, 0xEF, 0x04, 0x8E, 0x3D, 0xF7, 0x8B,
    0x3B, 0xCC, 0xA3, 0xAD, 0xDE, 0x32, 0x1F, 0x35, 0x38, 0x5E, 0x62, 0xE5, 0x8E, 0xB0, 0x82, 0xFE,
    0x77, 0x32, 0x41, 0xE5, 0x5E, 0x26, 0x48, 0xC6, 0x6E, 0x76, 0xF2, 0x0E, 0x13, 0x6B, 0x23, 0xF1,
    0x0D, 0xDD, 0xB8, 0x3B, 0x9D, 0x29, 0x3F, 0xAD, 0xE6, 0x0B, 0x37, 0x1E, 0x08, 0xE0, 0x04, 0x02,
    0x9C, 0xAA, 0x03, 0x70, 0x52, 0x96, 0x48, 0x39, 0x8F, 0x81, 0x71, 0x10, 0xF2, 0x90, 0xA2, 0xED,
    0xC5, 0xBE, 0xC8, 0x97, 0x89, 0x05, 0xD7, 0xB8, 0x0C, 0x9A, 0x7E, 0x1E, 0x12, 0xFC, 0x09, 0xEC,
    0x44, 0xF4, 0x51, 0x7F, 0xD7, 0xB3, 0x94, 0x0A, 0x1A, 0x2B, 0xC0, 0xC2, 0xFD, 0x7A, 0x96, 0x3F,
    0xCB, 0x6D, 0x6E, 0x9C, 0xB1, 0x1F, 0xBF, 0xF5, 0x8F, 0x0C, 0x6A, 0x46, 0x48, 0x44, 0xC0, 0xD8,
    0x0B, 0x76, 0xF6, 0x82, 0x98, 0x3D, 0xFD, 0xFA, 0xED, 0x6F, 0xBB, 0xE9, 0x48, 0x2C, 0x4D, 0x2C,
    0xA1, 0xB9, 0xC6, 0xB5, 0x72, 0xFF, 0x47, 0x33, 0x77, 0x39, 0xA2, 0xD9, 0x74, 0xF7, 0x88, 0x06,
    0x37, 0x09, 0x0E, 0x91, 0x01, 0xBD, 0xBD, 0x91, 0xB5, 0xAD, 0xE5, 0x4B, 0xF6, 0xB2, 0x19, 0x0A,
    0xB9, 0x9A, 0xCD, 0xB5, 0x3C, 0xF3, 0x5A, 0x1C, 0x5C, 0xE9, 0x7E, 0x85, 0xFB, 0x9C, 0xBB, 0x7F,
    0xD8, 0xBA, 0xAB, 0x9B, 0xF1, 0xB8, 0x73, 0xF7, 0x27, 0x14, 0xD0, 0x32, 0xDB, 0xB7, 0xBF, 0xE6,
    0xFA, 0x10, 0xA3, 0xFB, 0x35, 0x8F, 0xCA, 0xCA, 0x06, 0x18, 0x65, 0x6B, 0xB4, 0x98, 0x1D, 0x7B,
    0x1B, 0x77, 0xBC, 0x7A, 0xBC, 0x9D, 0x95, 0x4F, 0x70, 0xBF, 0xD0, 0xDD, 0x0A, 0x83, 0x90, 0xDD,
    0x56, 0x63, 0xAB, 0xED, 0x8D, 0xEC, 0x14, 0x93, 0x63, 0xD6, 0xF3, 0x56, 0x0E, 0x2A, 0xF7, 0xF3,
    0xB9, 0x33, 0x26, 0xFA, 0x9B, 0xBC, 0x4A, 0xBC, 0x0F, 0x47, 0xC2, 0x39, 0xF5, 0x36, 0x63, 0xE4,
    0xDA, 0x97, 0x09, 0xB8, 0x7D, 0xD8, 0x03, 0x98, 0xBF, 0xE7, 0xFE, 0x88, 0xAF, 0xC0, 0xF8, 0x53,
    0xFE, 0x22, 0x80, 0x03, 0xBB, 0x52, 0x96, 0x9E, 0x5F, 0xAB, 0x83, 0xD7, 0x9A, 0x76, 0x6F, 0xDC,
    0xD2, 0x5C, 0x39, 0x1C, 0xE6, 0x18, 0x68, 0x8E, 0x59, 0x48, 0xB1, 0x57, 0x62, 0x2C, 0x74, 0x80,
    0xD5, 0x35, 0x57, 0xBD, 0xD6, 0x20, 0x52, 0x6E, 0x37, 0xE9, 0x6E, 0xD4, 0x15, 0x6A, 0x18, 0x93,
    0x7C, 0xCE, 0xEE, 0x2C, 0x7F, 0x69, 0x3A, 0x25, 0x78, 0x63, 0xD5, 0x47, 0x33, 0xA6, 0xB1, 0x36,
    0xE8, 0xE4, 0x0F, 0x8C, 0x79, 0xE4, 0x12, 0x65, 0x17, 0xA3, 0xEC, 0xD3, 0x0C, 0xAC, 0xD6, 0xEB,
    0x29, 0x7C, 0x72, 0xF0, 0xB1, 0x91, 0xBF, 0x03, 0x61, 0x5C, 0xBB, 0x6E, 0x84, 0x6E, 0x11, 0xF7,
    0x26, 0x9E, 0xE8, 0xD0, 0x4D, 0x7A, 0x93, 0x15, 0x34, 0xDE, 0x2B, 0x0F, 0x16, 0xB2, 0x8A, 0xAD,
    0xE8, 0x4F, 0xF5, 0x40, 0x14, 0x29, 0x5F, 0x4E, 0x1B, 0x71, 0x66, 0x4A, 0x11, 0x73, 0xD9, 0xFE,
    0x7C, 0xD5, 0xED, 0x12, 0x51, 0x1B, 0x44, 0x61, 0xBA, 0xE8, 0xB6, 0xD0, 0x06, 0xF0, 0xB2, 0xE3,
    0x7F, 0xBA, 0x3F, 0x04, 0x93, 0x39, 0x47, 0x28, 0x01, 0x39, 0x16, 0x67, 0x97, 0xEB, 0x07, 0x60,
    0x03, 0xD4, 0x10, 0x68, 0x80, 0x19, 0x40, 0x06, 0x88, 0x01, 0x60, 0x80, 0x17, 0x56, 0x0F, 0xFC,
    0x4B, 0xB5, 0x79, 0xA9, 0x01, 0x14, 0xE0, 0x04, 0x30, 0x01, 0x4A, 0x00, 0x12, 0x60, 0x84, 0x21,
    0x22, 0x08, 0x71, 0x68, 0xA6, 0x63, 0xDD, 0xFC, 0xB5, 0xFB, 0x28, 0xC6, 0xB0, 0x47, 0x97, 0x9D,
    0xD4, 0x65, 0x11, 0x93, 0xF7, 0x79, 0xCF, 0x58, 0xE5, 0xC5, 0x88, 0xAD, 0xAA, 0x4D, 0x02, 0x18,
    0xB1, 0x00, 0x68, 0x8B, 0x5C, 0x02, 0xE5, 0x0E, 0x0E, 0x38, 0xD7, 0x6D, 0x67, 0x46, 0xC5, 0x3D,
    0xA1, 0x22, 0xEF, 0xDC, 0xD0, 0x0C, 0x94, 0xC0, 0xE7, 0x20, 0x74, 0xFE, 0x95, 0x75, 0x7A, 0x56,
    0xE9, 0x1B, 0x8C, 0x6C, 0x6F, 0x44, 0x3D, 0x54, 0x75, 0xE5, 0x41, 0x3B, 0xDA, 0x8C, 0x41, 0x33,
    0xEA, 0xE4, 0x74, 0x73, 0xBA, 0x67, 0x86, 0x7B, 0xEE, 0x66, 0x16, 0xC1, 0xAE, 0x63, 0xCF, 0xC9,
    0xC2, 0xD9, 0x5B, 0x2A, 0x8E, 0xD4, 0x7C, 0xCC, 0x64, 0x89, 0x8D, 0x28, 0xE7, 0x6E, 0x4E, 0xCF,
    0xDC, 0x4D, 0x5F, 0xBD, 0xF9, 0x02, 0xAE, 0xD7, 0x5D, 0xA7, 0xDE, 0x62, 0xAC, 0x5A, 0x58, 0x44,
    0x40, 0x1B, 0x2D, 0x48, 0xAE, 0x9A, 0xF7, 0xA3, 0xDF, 0xB3, 0x75, 0x09, 0x1D, 0x2D, 0x21, 0xC4,
    0xD3, 0x9B, 0x52, 0xD2, 0x37, 0x69, 0x2D, 0xA8, 0x81, 0xAF, 0xCD, 0x2C, 0xFD, 0xB9, 0x65, 0xFC,
    0xC4, 0x84, 0x01, 0x92, 0x9A, 0x3B, 0x6A, 0x90, 0xD8, 0x8C, 0xA8, 0x51, 0x41, 0x8D, 0xEF, 0x59,
    0x8D, 0x5F, 0x35, 0x3A, 0xB6, 0x4F, 0xA8, 0x81, 0x23, 0x86, 0x1A, 0xB0, 0x0B, 0xE8, 0xE3, 0xF8,
    0x73, 0xEC, 0xEE, 0x8C, 0x06, 0xA1, 0x18, 0x12, 0x23, 0x75, 0xDF, 0x0E, 0xA9, 0x41, 0x1A, 0x30,
    0xE9, 0xC4, 0x00, 0x28, 0xC0, 0x4D, 0x4B, 0x99, 0x00, 0x69, 0xA3, 0x81, 0x9E, 0x9C, 0xD2, 0x27,
    0x33, 0x5B, 0x04, 0xB0, 0xBC, 0x33, 0x7B, 0xB3, 0x22, 0x00, 0x1E, 0xA9, 0x89, 0xC1, 0x23, 0x6E,
    0x64, 0xC4, 0xB7, 0xC5, 0x0A, 0x99, 0x8B, 0x93, 0x73, 0x66, 0x3E, 0x23, 0x73, 0xD6, 0xE4, 0xAC,
    0x62, 0x39, 0x79, 0xD1, 0x4A, 0xA3, 0x6C, 0x70, 0x36, 0xDA, 0xA6, 0xAA, 0x79, 0x9D, 0x1A, 0x5E,
    0x27, 0xA7, 0x87, 0xA9, 0x14, 0x78, 0x6D, 0x16, 0xAB, 0xE1, 0x3B, 0xA3, 0x2C, 0xD3, 0x63, 0x83,
    0xEC, 0xC9, 0xB0, 0x83, 0xD9, 0xE0, 0xA0, 0xF6, 0x10, 0x16, 0xF2, 0x89, 0x59, 0x74, 0x19, 0x56,
    0xB4, 0x63, 0xB5, 0x58, 0x32, 0x6D, 0x90, 0x01, 0x31, 0x88, 0x65, 0x57, 0xB1, 0xB4, 0x68, 0xA1,
    0xCD, 0xAB, 0x19, 0xC1, 0xFB, 0x01, 0x3B, 0x0B, 0xA6, 0x04, 0x75, 0x0F, 0xC6, 0x44, 0xCD, 0x30,
    0x96, 0x06, 0x1B, 0x14, 0x46, 0x4D, 0x0A, 0xC3, 0x46, 0x45, 0xC1, 0x8D, 0x52, 0x1B, 0x2C, 0xC8,
    0x9C, 0x69, 0x61, 0x9D, 0x69, 0x41, 0x0D, 0x18, 0x17, 0x34, 0x51, 0x30, 0x2F, 0x30, 0x75, 0xCF,
    0x61, 0x76, 0xC5, 0xC4, 0x30, 0x6A, 0x9D, 0x1A, 0x6F, 0x9F, 0x6E, 0x2C, 0xD4, 0xFB, 0x01, 0x7E,
    0xE1, 0x4D, 0x3B, 0xDF, 0x74, 0x77, 0xEC, 0x76, 0x90, 0x4C, 0xAE, 0x81, 0x5E, 0xD0, 0x6F, 0x8E,
    0x5E, 0xB2, 0xEF, 0xDD, 0x2C, 0x4E, 0x87, 0xDF, 0xEE, 0xC3, 0x83, 0x9F, 0xA2, 0xCF, 0x08, 0xE6,
    0x18, 0x4D, 0xFE, 0xDA, 0x08, 0xCE, 0xF4, 0x0A, 0x20, 0x7E, 0xE1, 0x25, 0xFB, 0xF3, 0x82, 0xBD,
    0x1F, 0x58, 0xCD, 0xD2, 0xCA, 0xA9, 0xA4, 0x7A, 0x33, 0x8B, 0xB7, 0xA3, 0x89, 0x8D, 0x84, 0x8A,
    0xC5, 0x4A, 0x24, 0x38, 0x4B, 0xAC, 0xBA, 0xF2, 0xFE, 0x01, 0x70, 0xB3, 0x74, 0xD6, 0x12, 0x30,
    0x3B, 0x80, 0x8D, 0xBE, 0x8B, 0x27, 0x88, 0xA1, 0x96, 0xD0, 0x28, 0x1B, 0x1A, 0x36, 0x7F, 0x7D,
    0x2E, 0x80, 0x73, 0x78, 0xE3, 0x49, 0x12, 0x94, 0x95, 0x02, 0x32, 0xC5, 0x98, 0x42, 0x4C, 0x11,
    0xA6, 0x00, 0x53, 0x7C, 0x29, 0xBC, 0x14, 0x5D, 0x0A, 0x2E, 0x8F, 0xAD, 0x15, 0xB4, 0xD4, 0x7E,
    0xE7, 0x43, 0x13, 0xC8, 0xAA, 0x65, 0x24, 0x7B, 0xB9, 0x62, 0x6F, 0x1D, 0x1F, 0x1F, 0x5F, 0xEC,
    0x75, 0x0B, 0x2D, 0x3B, 0x24, 0x22, 0xB9, 0xEE, 0xE4, 0xCA, 0xBF, 0x07, 0x22, 0x7E, 0xF2, 0x74,
    0xD5, 0xF1, 0x66, 0xCB, 0x3A, 0x41, 0x64, 0x8B, 0xF5, 0x36, 0x99, 0x00, 0x33, 0xAB, 0x19, 0x97,
    0x5F, 0x38, 0x45, 0x97, 0xAC, 0x54, 0x35, 0x18, 0xCD, 0x71, 0x21, 0xA7, 0x62, 0xBD, 0x5C, 0x03,
    0x39, 0xFB, 0x43, 0x39, 0x34, 0x23, 0x51, 0x21, 0xD8, 0x91, 0x62, 0x18, 0x8C, 0xB2, 0xC9, 0x58,
    0x50, 0xD4, 0xB0, 0xBE, 0x01, 0xC0, 0x91, 0xBB, 0x15, 0x8F, 0xDC, 0xAD, 0x64, 0x90, 0x6E, 0xF5,
    0xD4, 0x9D, 0x3F, 0xA5, 0x6E, 0x1F, 0xC9, 0x30, 0x74, 0xD7, 0xE5, 0x72, 0x48, 0x97, 0x76, 0xF5,
    0xFD, 0x7C, 0x66, 0x37, 0x78, 0xE5, 0xB6, 0xEB, 0xD0, 0x99, 0xB3, 0x27, 0x07, 0x6C, 0x87, 0xCF,
    0xC2, 0x5D, 0x83, 0x03, 0x76, 0xAE, 0xDC, 0xC0, 0xAB, 0x0E, 0xA2, 0xA8, 0x4E, 0x08, 0x16, 0xC6,
    0x29, 0x4D, 0xF1, 0x6C, 0xD2, 0x91, 0x1C, 0x2B, 0x4E, 0x71, 0x4A, 0x47, 0xF2, 0x77, 0xE4, 0x03,
    0x61, 0x29, 0xEF, 0xE1, 0xCE, 0xC1, 0x21, 0x59, 0x02, 0xB7, 0x15, 0x0E, 0xB9, 0x8A, 0x31, 0xEA,
    0x6E, 0xDE, 0xC1, 0x63, 0xD2, 0x11, 0x92, 0x9C, 0x1A, 0x9E, 0xDB, 0x97, 0x6C, 0xB7, 0x39, 0x60,
    0x77, 0x7A, 0xC0, 0x16, 0xEB, 0x03, 0xF6, 0xEB, 0xAC, 0xE3, 0xBB, 0xF3, 0x35, 0xDA, 0xB3, 0x7F,
    0x22, 0xC5, 0xD5, 0x9D, 0xAE, 0x05, 0x63, 0x65, 0x96, 0xBD, 0x35, 0x8A, 0xFC, 0xE5, 0xE9, 0xCD,
    0x4E, 0xD9, 0x8E, 0x97, 0x58, 0x39, 0xC0, 0x8A, 0xF9, 0x06, 0xCD, 0x6E, 0x30, 0x9A, 0xA0, 0x21,
    0x05, 0x34, 0x26, 0xC4, 0xEC, 0x4B, 0x46, 0x0C, 0xDC, 0x60, 0x33, 0xC4, 0xCF, 0xB0, 0x56, 0x50,
    0x1E, 0x28, 0xF4, 0x78, 0x73, 0x56, 0x54, 0xE1, 0x48, 0x34, 0xB1, 0xC4, 0x3B, 0xF4, 0xF7, 0x5B,
    0xC9, 0x2A, 0xEB, 0xB7, 0xBB, 0x03, 0xF7, 0xFE, 0x25, 0x7A, 0x3E, 0x98, 0x5D, 0xD8, 0x31, 0x60,
    0x80, 0x17, 0xC0, 0x85, 0xD0, 0x02, 0xB0, 0x00, 0x2B, 0x80, 0x0A, 0x90, 0x02, 0xA0, 0x00, 0x27,
    0x80, 0x09, 0x50, 0x02, 0x90, 0x00, 0x23, 0x80, 0x08, 0x10, 0x02, 0x80, 0x00, 0x1F, 0x80, 0xC7,
    0x62, 0x17, 0xEE, 0xC4, 0x2E, 0x2C, 0x04, 0x19, 0x97, 0x0B, 0x67, 0x02, 0xE9, 0x71, 0xD2, 0x6F,
    0xED, 0xDB, 0x4A, 0x1C, 0x23, 0xB2, 0x1F, 0x02, 0xAB, 0xFF, 0x96, 0x2E, 0xA9, 0xCA, 0x92, 0xCB,
    0x1F, 0x8E, 0x5E, 0xFC, 0x10, 0x56, 0xD4, 0xD2, 0x8A, 0x0D, 0xF4, 0x65, 0xAE, 0x33, 0x57, 0x4B,
    0xEA, 0xEA, 0x0F, 0xA9, 0xB3, 0x34, 0xEB, 0x11, 0x0D, 0x28, 0xEE, 0x74, 0x68, 0xC9, 0xFC, 0x7D,
    0x9A, 0x3F, 0xD5, 0x23, 0xCD, 0xB7, 0xF6, 0x2B, 0x43, 0xD5, 0x24, 0x4E, 0x7A, 0x20, 0x98, 0xC1,
    0xBA, 0x91, 0x49, 0x9D, 0x8E, 0xC2, 0xDE, 0xD7, 0x44, 0x4E, 0x15, 0x28, 0xEA, 0xF2, 0x4D, 0xD0,
    0xB5, 0x78, 0x5E, 0x32, 0x59, 0xE8, 0xB8, 0xBB, 0x94, 0x0F, 0xE7, 0xC2, 0xEC, 0x37, 0xE6, 0x0E,
    0xB8, 0xBF, 0xCF, 0x9B, 0xD0, 0x87, 0x9B, 0x6A, 0xE3, 0xFB, 0x8B, 0xB3, 0x74, 0xE4, 0x3F, 0xFF,
    0x6C, 0xE6, 0x19, 0x8F, 0xAC, 0x78, 0x27, 0x70, 0x1F, 0xD7, 0x3F, 0xA0, 0xF9, 0x4B, 0x85, 0xF9,
    0xDD, 0xD3, 0xDD, 0x4D, 0x37, 0x0B, 0xB1, 0x29, 0x49, 0xBD, 0x09, 0x05, 0x47, 0x1A, 0x8B, 0x93,
    0x05, 0x71, 0x78, 0xFB, 0xEE, 0xD3, 0xEE, 0x56, 0xE4, 0x6E, 0x32, 0x65, 0x0B, 0x77, 0x93, 0x71,
    0xC6, 0x6E, 0xC5, 0x9E, 0x5F, 0x0E, 0x01, 0x55, 0x7B, 0xDE, 0x10, 0x15, 0x9B, 0x5C, 0x4E, 0x1D,
    0x57, 0x77, 0x53, 0x7A, 0x07, 0xEE, 0x26, 0xA2, 0x04, 0x94, 0x96, 0x03, 0xB4, 0x72, 0xED, 0x96,
    0x6B, 0x61, 0x8E, 0x2A, 0xA7, 0x47, 0xB0, 0xDD, 0xC7, 0x5F, 0x9F, 0xC9, 0xD5, 0x41, 0x38, 0x83,
    0xAD, 0x37, 0x71, 0x4C, 0xC9, 0x8D, 0x3C, 0xA1, 0x39, 0x74, 0xD3, 0xEC, 0xBA, 0xFD, 0xDE, 0x4B,
    0xAE, 0x6F, 0x81, 0x9A, 0x59, 0x1A, 0x59, 0x8C, 0x05, 0xC7, 0x44, 0x05, 0xE1, 0xD0, 0xEF, 0xC2,
    0x47, 0xF8, 0xB4, 0xCA, 0xA7, 0x56, 0xE6, 0xBD, 0x93, 0x79, 0x1F, 0x36, 0x11, 0xD2, 0xFC, 0x1D,
    0xDE, 0x3A, 0xF6, 0x35, 0x06, 0x97, 0xE5, 0xF9, 0x76, 0xE8, 0x46, 0x14, 0x26, 0x71, 0x28, 0x16,
    0xB8, 0x5E, 0x39, 0xDD, 0xF7, 0xF2, 0xA4, 0xBA, 0xF9, 0x7E, 0xFE, 0x8A, 0x6C, 0xAC, 0x51, 0x3A,
    0x86, 0x8D, 0xF1, 0x15, 0xFB, 0x8B, 0x0E, 0x36, 0x12, 0xBE, 0xDF, 0x75, 0x1A, 0xE2, 0x44, 0x4C,
    0xAE, 0x40, 0xEC, 0xFC, 0x40, 0x4C, 0x2F, 0x77, 0x0D, 0xE0, 0xE2, 0xB3, 0x12, 0x6F, 0xB5, 0x1D,
    0x23, 0xBF, 0x9C, 0x59, 0x99, 0x15, 0x6F, 0x22, 0x61, 0xAC, 0x60, 0xF1, 0xC3, 0xC3, 0x4E, 0xE7,
    0xAD, 0x17, 0x5B, 0x43, 0xC4, 0xD6, 0x3B, 0xF6, 0xF0, 0x8B, 0xA0, 0xE2, 0xE9, 0xCA, 0xB8, 0x77,
    0xA1, 0xBD, 0x5D, 0x5A, 0xD8, 0xD8, 0xFB, 0x90, 0xF0, 0x9B, 0xCD, 0xBC, 0xDF, 0x72, 0xB1, 0xC6,
    0xF2, 0x81, 0xAD, 0xC2, 0x5C, 0x42, 0xB6, 0xB9, 0x65, 0x23, 0x38, 0xB3, 0xBF, 0x7C, 0x9A, 0xFA,
    0x93, 0xC8, 0x28, 0x23, 0x31, 0x7A, 0x69, 0x5D, 0xD8, 0xD7, 0x51, 0xA9, 0x8E, 0x1D, 0xEC, 0x4D,
    0x00, 0x3C, 0xB7, 0x26, 0x36, 0xAB, 0xF9, 0xA4, 0x2D, 0x27, 0xE1, 0xD7, 0x51, 0x9C, 0x22, 0xBD,
    0x68, 0xEB, 0x8C, 0xB5, 0x72, 0xBE, 0xC0, 0x0F, 0x7F, 0x89, 0xF7, 0x0D, 0xDE, 0xBF, 0xC1, 0xD6,
    0x50, 0x38, 0x90, 0xC6, 0x0E, 0xA7, 0x71, 0x5C, 0x63, 0x3E, 0x8B, 0xB2, 0x16, 0x1F, 0x40, 0xC1,
    0x27, 0xCF, 0x2C, 0xE7, 0x15, 0x43, 0x25, 0xBE, 0xC0, 0x1A, 0xBA, 0xC4, 0xF7, 0xB9, 0xF8, 0xF6,
    0x61, 0x72, 0xE5, 0x1A, 0xC4, 0x56, 0x19, 0x18, 0xA2, 0x0F, 0x58, 0xB3, 0xBD, 0xCA, 0xE9, 0x15,
    0xB7, 0x97, 0xF8, 0xBE, 0x2B, 0x79, 0x9E, 0xC9, 0x8C, 0x4B, 0x9F, 0xD5, 0x33, 0xB6, 0xF3, 0xD7,
    0x5A, 0xAE, 0xC5, 0x05, 0xDE, 0xF2, 0x4B, 0x7C, 0xDF, 0x0D, 0xBE, 0x2F, 0x71, 0x78, 0x80, 0x43,
    0xFE, 0xF9, 0x92, 0xA0, 0x4C, 0xB5, 0x59, 0xD1, 0x32, 0x8C, 0xBF, 0x36, 0x1B, 0xB4, 0x06, 0x32,
    0xA2, 0x9D, 0xAC, 0x73, 0x7A, 0x71, 0xB4, 0x39, 0x12, 0x03, 0x22, 0x6D, 0xB7, 0xA4, 0x26, 0xBB,
    0x8D, 0x06, 0x69, 0x7C, 0x5B, 0x99, 0x4D, 0xC9, 0xE1, 0x55, 0xCD, 0x39, 0xFD, 0xDC, 0x70, 0xB9,
    0x0F, 0x7E, 0x2D, 0x39, 0xCF, 0xE1, 0x62, 0xE9, 0x8E, 0x5F, 0x36, 0xB5, 0x98, 0x30, 0xC3, 0xFD,
    0x42, 0x51, 0xF6, 0xD2, 0xC7, 0xFE, 0xD4, 0x7A, 0x27, 0xF6, 0x63, 0xFA, 0x39, 0x67, 0x24, 0x56,
    0xB5, 0x1F, 0xA9, 0x5A, 0xD8, 0x69, 0x61, 0x3E, 0x76, 0x47, 0x32, 0x8B, 0x76, 0x61, 0x1B, 0xE3,
    0x44, 0x87, 0x37, 0x17, 0x86, 0x2F, 0x8C, 0x48, 0xB6, 0x81, 0xE9, 0x0D, 0x93, 0xAA, 0x54, 0x89,
    0xAD, 0x75, 0x27, 0xA1, 0xC9, 0x8A, 0x15, 0x7B, 0xEE, 0x27, 0x5E, 0x8B, 0x42, 0x0D, 0x46, 0x1C,
    0x52, 0xAC, 0x90, 0xE5, 0xDB, 0x66, 0xC0, 0x13, 0x4F, 0x1F, 0x16, 0x86, 0x2B, 0x91, 0xF5, 0x44,
    0xA9, 0xB6, 0xD3, 0xF1, 0xF1, 0x5F, 0x48, 0x53, 0x2D, 0x58, 0x6D, 0xB6, 0x46, 0x79, 0x7F, 0x98,
    0x59, 0xB6, 0x70, 0x6D, 0xAD, 0x46, 0x67, 0xB2, 0x6E, 0xEE, 0xD5, 0xF4, 0xE4, 0xC3, 0x73, 0xC7,
    0xC1, 0x20, 0x76, 0xE6, 0x36, 0x9B, 0x41, 0x9C, 0x3E, 0x9E, 0xEA, 0x70, 0x3C, 0xCB, 0x20, 0x8E,
    0x68, 0x81, 0x1F, 0x46, 0x77, 0x48, 0x94, 0x09, 0x53, 0xDC, 0x09, 0x8F, 0x29, 0xE0, 0xFE, 0x12,
    0x9F, 0x30, 0xD4, 0xAE, 0x9B, 0x8D, 0xAD, 0x16, 0x8B, 0x4B, 0x8B, 0x97, 0x9A, 0x15, 0xA7, 0xD0,
    0xDE, 0x1A, 0xF1, 0xA7, 0x78, 0x02, 0x61, 0x12, 0x6F, 0xAD, 0x1A, 0xEC, 0xCE, 0x2F, 0x9D, 0xCA,
    0x46, 0xFA, 0xAC, 0xC8, 0xD1, 0x8E, 0x27, 0x44, 0x48, 0x01, 0x72, 0xE9, 0x78, 0x13, 0x74, 0xFC,
    0xAD, 0xED, 0xEA, 0x80, 0x93, 0xC8, 0xCF, 0x4E, 0x59, 0x08, 0x7B, 0x71, 0x4A, 0x1E, 0xDD, 0xC0,
    0x9E, 0x66, 0xEE, 0x24, 0xB8, 0x8B, 0xE9, 0x94, 0xD1, 0xDA, 0x67, 0x44, 0x8B, 0x2C, 0x4C, 0x7E,
    0xDB, 0xBE, 0x4C, 0xE2, 0xF1, 0xFD, 0x91, 0x76, 0x7E, 0x49, 0x1B, 0x90, 0xFA, 0x5E, 0xD3, 0x0E,
    0x73, 0x6F, 0x23, 0x37, 0x85, 0xFB, 0x50, 0x3E, 0x82, 0x63, 0x80, 0xCB, 0x40, 0x94, 0x4B, 0x5A,
    0xD1, 0xAA, 0x07, 0xAC, 0x21, 0xD7, 0xB1, 0x9F, 0xDD, 0x97, 0x07, 0x88, 0xFA, 0xD7, 0xA1, 0xFB,
    0x05, 0x22, 0x77, 0xF5, 0x0D, 0xD7, 0x87, 0xC8, 0xBE, 0xD1, 0xA5, 0x70, 0xB9, 0x74, 0x19, 0x5F,
    0x72, 0xB8, 0xD4, 0x6A, 0x84, 0x24, 0x2D, 0xED, 0xBB, 0x50, 0x09, 0xF9, 0xF7, 0x1A, 0xB6, 0xEC,
    0x5B, 0xC0, 0x3E, 0xCD, 0x97, 0x66, 0x29, 0xCD, 0x49, 0x48, 0x0E, 0xBF, 0x5D, 0xB0, 0xBD, 0x4B,
    0x88, 0x51, 0x60, 0xF4, 0x79, 0x96, 0x7E, 0x9D, 0xBF, 0xAC, 0x20, 0x26, 0xC7, 0x06, 0x9D, 0x55,
    0xE9, 0x1C, 0xC2, 0x97, 0x32, 0x25, 0x0C, 0xB1, 0x9C, 0x2E, 0xF9, 0x88, 0x55, 0xCB, 0xDF, 0x9F,
    0x53, 0x40, 0xAC, 0x67, 0x88, 0x35, 0xF4, 0x2F, 0x27, 0x9F, 0x33, 0x46, 0x9A, 0xC3, 0x82, 0x40,
    0x8C, 0x82, 0xDC, 0xE5, 0xB8, 0x40, 0xAC, 0xBB, 0xF7, 0x10, 0x13, 0xCE, 0x45, 0x32, 0x19, 0x3A,
    0xE9, 0xED, 0x63, 0x44, 0x01, 0xC1, 0x4E, 0x85, 0x80, 0x0F, 0xE6, 0x84, 0x86, 0x38, 0x62, 0x4F,
    0x3D, 0x42, 0xAC, 0xC1, 0x73, 0x25, 0x2C, 0x50, 0xDA, 0x4A, 0xA8, 0x4C, 0x0C, 0xA7, 0x44, 0xDC,
    0x51, 0xB5, 0x7F, 0x4D, 0xE5, 0x24, 0x2A, 0xBC, 0xC2, 0x22, 0xAF, 0xF3, 0xE2, 0x90, 0xE3, 0x15,
    0x66, 0x69, 0x8A, 0x57, 0xC6, 0x65, 0x20, 0xA2, 0xA4, 0xF3, 0x2E, 0x38, 0x7E, 0xDD, 0x09, 0xB3,
    0xFA, 0xF0, 0xAB, 0x4E, 0x7C, 0xE1, 0x91, 0x0F, 0x3A, 0x03, 0x14, 0xB3, 0xCF, 0xCF, 0xE0, 0xF3,
    0xA4, 0x0B, 0x1B, 0x8A, 0xC2, 0x76, 0x0E, 0x0B, 0x49, 0x47, 0xC3, 0xE8, 0x22, 0xB7, 0x72, 0x4D,
    0xE4, 0x66, 0x74, 0x1F, 0xB4, 0xF1, 0x19, 0x1A, 0x72, 0xF0, 0xA4, 0xB0, 0x7B, 0xC1, 0xFA, 0xC9,
    0xF9, 0x65, 0x54, 0xA6, 0x0C, 0x13, 0xB0, 0x06, 0x25, 0x40, 0x59, 0x39, 0xFD, 0x4D, 0xC8, 0xDE,
    0xFD, 0x5A, 0x5E, 0x84, 0xBB, 0x55, 0x28, 0x81, 0xCB, 0x22, 0xF0, 0x76, 0x44, 0x10, 0xCA, 0x88,
    0x5F, 0x44, 0x9E, 0x36, 0xEE, 0xF5, 0x24, 0x9E, 0x3E, 0xEC, 0xA3, 0x60, 0xAD, 0x66, 0x71, 0x92,
    0x09, 0x67, 0xF9, 0xF0, 0x01, 0xCD, 0x10, 0x3D, 0x37, 0xB9, 0xE7, 0x01, 0x5F, 0x39, 0xDA, 0xD6,
    0x0D, 0xC6, 0x00, 0x11, 0xC9, 0x23, 0x38, 0x2D, 0x3E, 0x7B, 0x1F, 0xAC, 0x12, 0xE7, 0x67, 0xE4,
    0xC6, 0x7C, 0x19, 0xD1, 0x81, 0x01, 0x09, 0x32, 0x3D, 0x56, 0xAC, 0xD3, 0xD4, 0x98, 0xD4, 0x32,
    0x51, 0xF7, 0xAD, 0x8F, 0xEE, 0x5E, 0xFB, 0x7D, 0x63, 0x1E, 0xA2, 0x00, 0x43, 0x1B, 0x39, 0xC9,
    0xE4, 0x56, 0x6C, 0x7F, 0xBD, 0x0E, 0x61, 0x3E, 0xE0, 0xAD, 0xD0, 0x58, 0x63, 0xBB, 0xBF, 0x0F,
    0x17, 0xF0, 0x81, 0x17, 0x72, 0x71, 0xEF, 0x0D, 0x23, 0x76, 0xBF, 0x70, 0x68, 0x80, 0x4D, 0x21,
    0x36, 0x80, 0x38, 0xBD, 0x63, 0x87, 0x57, 0x49, 0x59, 0xF0, 0x09, 0x0E, 0x94, 0xD8, 0x15, 0x08,
    0x2D, 0x88, 0x4C, 0xD2, 0x18, 0x57, 0x8A, 0x74, 0x17, 0x20, 0xA1, 0xAC, 0x56, 0x8A, 0x3E, 0x4A,
    0xEB, 0x94, 0xE3, 0xFF, 0x91, 0xD7, 0x87, 0xFE, 0xA7, 0x25, 0x82, 0x21, 0xDC, 0x61, 0x7D, 0x42,
    0x7C, 0xBC, 0xC6, 0xFF, 0xB4, 0x36, 0x09, 0xB8, 0x9D, 0xBC, 0x30, 0xB4, 0x2E, 0xB4, 0x2C, 0xB4,
    0x2A, 0xB4, 0x28, 0x74, 0x9F, 0x5C, 0x72, 0x44, 0x28, 0x22, 0x4A, 0xF1, 0xA9, 0xA4, 0xE5, 0xFC,
    0x8D, 0x5C, 0xFF, 0x77, 0x07, 0x34, 0x91, 0x31, 0xC9, 0x42, 0x0E, 0x5F, 0x5C, 0x11, 0x9B, 0x39,
    0xD7, 0x25, 0x5F, 0x31, 0x15, 0x65, 0xE2, 0xFB, 0xC5, 0x0A, 0x2D, 0x8B, 0x8F, 0xEE, 0xA6, 0xFB,
    0x8D, 0xAD, 0xC9, 0x84, 0x6D, 0x82, 0x35, 0xD1, 0x80, 0x70, 0x9B, 0x78, 0x9D, 0xB5, 0xE5, 0xAE,
    0x60, 0xC6, 0xB8, 0x3F, 0x98, 0xB6, 0x94, 0xDD, 0x04, 0x98, 0xBB, 0xF2, 0x50, 0xC7, 0x43, 0x93,
    0x27, 0x08, 0x23, 0x53, 0xF2, 0x5F, 0xB1, 0x35, 0xB5, 0x86, 0xC5, 0xD4, 0xEA, 0x75, 0x7A, 0x45,
    0xB5, 0xF1, 0xAC, 0x37, 0xBE, 0x8F, 0x34, 0x99, 0x33, 0xD5, 0x2E, 0xCD, 0x46, 0xE7, 0x3D, 0x96,
    0x5C, 0xAD, 0x5E, 0x67, 0x34, 0x3C, 0xD0, 0x59, 0x79, 0x86, 0x23, 0xE1, 0xB2, 0xE9, 0x82, 0xF0,
    0xB2, 0x9E, 0xD0, 0x59, 0xE7, 0xBB, 0x1C, 0xCF, 0x11, 0x47, 0x60, 0x07, 0x51, 0xD2, 0x65, 0x10,
    0x98, 0xAD, 0x48, 0xF3, 0xC2, 0xC6, 0xB5, 0xE1, 0x2C, 0xF6, 0x15, 0x9D, 0x26, 0xCA, 0xBE, 0x30,
    0xA9, 0x77, 0xFE, 0x98, 0xFC, 0x6D, 0xCD, 0xCC, 0x5A, 0x32, 0x7E, 0xF5, 0x90, 0xD1, 0x66, 0x7D,
    0xD2, 0xF0, 0x8E, 0xED, 0x8D, 0xB3, 0xE1, 0x4F, 0x3E, 0x71, 0x77, 0x64, 0x05, 0xA2, 0x80, 0x46,
    0xD8, 0xFD, 0x2D, 0xA4, 0x40, 0x02, 0x35, 0xB4, 0x13, 0x7A, 0x60, 0x23, 0xF4, 0xBF, 0xC2, 0xB5,
    0x99, 0x9A, 0xB6, 0x96, 0x0C, 0x6B, 0x59, 0x7E, 0x95, 0x11, 0x79, 0xE4, 0x06, 0x9E, 0x09, 0x22,
    0x73, 0x50, 0xDA, 0x47, 0xB4, 0x2B, 0xBB, 0x42, 0x27, 0x5D, 0xAB, 0x41, 0x90, 0xDA, 0x7B, 0xB4,
    0xAE, 0x51, 0x1B, 0x80, 0x37, 0xDB, 0x40, 0x55, 0x67, 0xF4, 0x6E, 0x51, 0x4C, 0x06, 0x21, 0x21,
    0x39, 0x06, 0xA2, 0x59, 0xAE, 0xA7, 0x96, 0x0F, 0x03, 0x42, 0x35, 0xFD, 0x8E, 0x90, 0x9D, 0xF2,
    0xCE, 0x81, 0x36, 0x9E, 0xB3, 0x3A, 0xCE, 0x28, 0x1F, 0xF9, 0x40, 0x28, 0x25, 0x9C, 0x4B, 0xE1,
    0x6C, 0x1A, 0x86, 0xCC, 0xAA, 0x18, 0x0A, 0x7C, 0xDE, 0x98, 0x50, 0xCC, 0xD0, 0x64, 0xCF, 0x66,
    0x41, 0x76, 0xBB, 0xB2, 0xEB, 0x54, 0x6C, 0xC9, 0xC6, 0xF4, 0xE9, 0xB0, 0x89, 0xAC, 0x58, 0xF0,
    0xEA, 0x8D, 0x03, 0x36, 0xB4, 0x41, 0xBC, 0x78, 0x9D, 0x88, 0x21, 0xAE, 0x1D, 0x0D, 0xFC, 0x24,
    0x13, 0x1C, 0x4B, 0x6E, 0x6A, 0xB2, 0x81, 0xBF, 0x3F, 0x66, 0xE2, 0x69, 0x01, 0xE1, 0x4E, 0x51,
    0xE8, 0x73, 0xD6, 0x95, 0xAD, 0xC9, 0x03, 0x86, 0xA0, 0xB0, 0xC1, 0x86, 0x8D, 0x8F, 0x31, 0x3B,
    0xA0, 0xC8, 0x7B, 0xAA, 0xBC, 0xE6, 0x4B, 0x9E, 0x8C, 0xA4, 0xAF, 0xAF, 0x62, 0x58, 0x7A, 0xE3,
    0x63, 0x89, 0xA0, 0x1F, 0x46, 0xD2, 0x35, 0x82, 0xDE, 0x1C, 0xD0, 0x8B, 0x34, 0xFC, 0xBB, 0x3F,
    0x35, 0x5C, 0x70, 0x51, 0xB7, 0x7C, 0x77, 0x86, 0x4D, 0xD6, 0x31, 0x7F, 0x7D, 0x20, 0x5F, 0x1B,
    0xEF, 0x45, 0xA0, 0xDE, 0xAE, 0x44, 0x7A, 0xF3, 0xBA, 0xE4, 0x56, 0xA5, 0x0D, 0xF7, 0x32, 0x95,
    0x35, 0xD8, 0x9D, 0xA6, 0xA6, 0x9D, 0x19, 0x47, 0x1D, 0x37, 0x29, 0xA7, 0x9C, 0x3D, 0xE4, 0xE3,
    0xA8, 0xA1, 0x65, 0xC2, 0x08, 0xE5, 0x10, 0x69, 0x1C, 0xB5, 0x38, 0x2F, 0x8E, 0x2A, 0x81, 0xF2,
    0x23, 0xB9, 0x6D, 0x2E, 0xD7, 0xF2, 0xE0, 0xBA, 0xE4, 0xEB, 0x08, 0x8C, 0x2A, 0xF5, 0x14, 0xF6,
    0x9B, 0xB4, 0x8C, 0xC0, 0x5F, 0xB5, 0xDB, 0xED, 0x69, 0x84, 0x5A, 0x1F, 0x36, 0x88, 0x0F, 0xE9,
    0x5E, 0x3E, 0x8C, 0x23, 0x1E, 0x3B, 0x99, 0xFF, 0x5C, 0xD3, 0x88, 0x0E, 0xBA, 0x53, 0x0D, 0xA7,
    0x76, 0x83, 0xBF, 0x36, 0xD0, 0xED, 0x53, 0xB3, 0xB3, 0x20, 0xBB, 0x5D, 0x9E, 0xB5, 0x7D, 0x9A,
    0x53, 0xB7, 0x0F, 0x9D, 0x42, 0x4D, 0xA9, 0x87, 0x50, 0xBD, 0xF8, 0x4D, 0x16, 0xB7, 0x49, 0xEA,
    0xBD, 0x26, 0x2C, 0xD1, 0xB1, 0xA7, 0x45, 0x48, 0x17, 0xB2, 0x68, 0x0E, 0x5C, 0x89, 0xFA, 0xB2,
    0x74, 0xFF, 0x39, 0x80, 0x09, 0x86, 0xF2, 0x59, 0x41, 0x5B, 0x4E, 0x3A, 0x0D, 0xD5, 0xA8, 0x8C,
    0x12, 0x3B, 0xA9, 0xBC, 0xF5, 0x14, 0x0E, 0x63, 0x97, 0xA4, 0x77, 0x2B, 0xF3, 0x17, 0xFA, 0xBF,
    0x46, 0xF6, 0x7D, 0xBF, 0x17, 0xFE, 0x43, 0xBE, 0x62, 0x67, 0x7F, 0x24, 0x70, 0x71, 0x00, 0xAD,
    0xBC, 0x77, 0x2D, 0x57, 0x97, 0x43, 0x9D, 0x72, 0x0F, 0x5C, 0xE7, 0x63, 0x9E, 0x92, 0x94, 0x5C,
    0x00, 0xE2, 0x1F, 0x51, 0x4E, 0x45, 0x6E, 0x85, 0x6D, 0x84, 0x93, 0x26, 0x17, 0x0D, 0x61, 0xA2,
    0xBD, 0x0E, 0x75, 0x17, 0x9E, 0x81, 0x42, 0x34, 0x85, 0xCA, 0x1F, 0x08, 0x57, 0x8B, 0x93, 0x29,
    0xE1, 0x66, 0x9B, 0x1C, 0xB6, 0xAC, 0xFB, 0x12, 0xC8, 0x03, 0xA3, 0xF4, 0x30, 0x7D, 0xD8, 0x4B,
    0x31, 0xCA, 0x91, 0x3E, 0xE1, 0x15, 0x3E, 0x2D, 0xF6, 0x04, 0xDF, 0x4C, 0x26, 0xE4, 0x94, 0x5E,
    0x1D, 0x33, 0xE2, 0x97, 0x61, 0xB4, 0x32, 0x58, 0x22, 0x39, 0xA6, 0x6B, 0x23, 0xEA, 0xBD, 0x10,
    0x2C, 0x5D, 0x7F, 0xDC, 0x08, 0x92, 0x99, 0xDE, 0x9B, 0xB8, 0x05, 0x1A, 0x4D, 0x3A, 0x96, 0x44,
    0xA7, 0xBA, 0x4D, 0x23, 0xCE, 0xDF, 0x1D, 0x12, 0x3A, 0x74, 0x28, 0x7B, 0xC9, 0x81, 0xCB, 0x29,
    0xBF, 0x6E, 0xE0, 0xE9, 0x40, 0x6B, 0x9B, 0xC3, 0xCF, 0x42, 0x6E, 0x96, 0x76, 0x47, 0x94, 0xEE,
    0x1F, 0xB9, 0xBF, 0x78, 0xF5, 0xEF, 0x36, 0xFA, 0x30, 0xD0, 0x57, 0x7D, 0x0F, 0xFE, 0xFE, 0x27,
    0x70, 0x86, 0xF0, 0xE9, 0x42, 0xD2, 0xC4, 0x6D, 0x00, 0x3B, 0x17, 0x0E, 0xFE, 0x95, 0x9D, 0x32,
    0x4A, 0xD3, 0x1A, 0x91, 0x66, 0x30, 0xE6, 0x83, 0xEE, 0xAD, 0x6B, 0xCB, 0x18, 0x19, 0x33, 0xF5,
    0x12, 0x00, 0xE1, 0x1C, 0x56, 0xFE, 0x0D, 0x13, 0xC8, 0x98, 0x65, 0x31, 0x2D, 0xEA, 0x3B, 0x48,
    0xBB, 0xD8, 0xFE, 0xDF, 0xC0, 0xE1, 0xE9, 0x66, 0x9B, 0xCF, 0x4E, 0xDA, 0xF3, 0x6E, 0xAE, 0xE8,
    0x02, 0xFD, 0x3D, 0x1F, 0x20, 0x6B, 0xF2, 0x21, 0xBF, 0xFD, 0x0A, 0xF9, 0xCD, 0x39, 0xD5, 0xE1,
    0x7F, 0x99, 0x97, 0xF3, 0x2E, 0xE7, 0x4F, 0xDC, 0xEA, 0x16, 0x4A, 0x9A, 0x24, 0x8F, 0x86, 0xEA,
    0x01, 0xFB, 0xD9, 0x80, 0xCB, 0x9B, 0x7C, 0x9C, 0xFC, 0xED, 0x8C, 0x39, 0x7D, 0xDC, 0x62, 0xD1,
    0xDD, 0x74, 0x7F, 0x8E, 0x32, 0x37, 0x6C, 0x57, 0x61, 0xC4, 0xA4, 0xD3, 0x61, 0xC8, 0xE4, 0x28,
    0x25, 0x84, 0xE5, 0x44, 0x76, 0x27, 0x8E, 0x90, 0x0F, 0x30, 0x3E, 0xB9, 0xC9, 0x33, 0x0C, 0x5B,
    0x71, 0xB9, 0xAC, 0xA4, 0xC0, 0x4E, 0x77, 0xB5, 0xF8, 0xE3, 0x58, 0xE7, 0x42, 0x5E, 0x54, 0xC4,
    0x71, 0x85, 0xB0, 0xB8, 0x40, 0x41, 0x17, 0xB6, 0xB6, 0x1E, 0x6B, 0xA1, 0xA4, 0x90, 0x24, 0x7A,
    0xCC, 0xD6, 0xAB, 0x33, 0x84, 0xF7, 0xBD, 0x9E, 0x20, 0xF9, 0xE6, 0x22, 0xC7, 0x87, 0x6C, 0x06,
    0x2D, 0x9B, 0x32, 0xAE, 0x8E, 0x10, 0x39, 0xD0, 0x42, 0xA5, 0x61, 0x74, 0xAB, 0xCB, 0x4E, 0xB3,
    0x12, 0x5C, 0x4F, 0x9E, 0x87, 0xBA, 0x16, 0x8E, 0xCA, 0x05, 0xA3, 0x4B, 0xC2, 0x99, 0x00, 0xE9,
    0x80, 0x3E, 0xE4, 0xBD, 0xF0, 0xC0, 0x98, 0x06, 0xD6, 0x4A, 0x4E, 0x84, 0x90, 0xC0, 0x4A, 0x4D,
    0x0E, 0x61, 0x5E, 0x48, 0xAA, 0xC1, 0x31, 0xBA, 0x01, 0xE6, 0x28, 0xF5, 0x56, 0x33, 0x82, 0x2F,
    0x7F, 0x5C, 0x9C, 0x24, 0x79, 0x55, 0xD0, 0x7F, 0x00, 0x51, 0x7D, 0xE1, 0xAD, 0x12, 0x7B, 0x4B,
    0x78, 0x6D, 0x0E, 0x9F, 0xCC, 0x1D, 0x84, 0xB4, 0xE6, 0xBC, 0xB1, 0xD3, 0xAC, 0xEB, 0xC6, 0x5B,
    0xD7, 0xB5, 0x9C, 0x0C, 0x07, 0x26, 0x36, 0xC2, 0x54, 0x60, 0xFA, 0xE5, 0xD3, 0xC7, 0xE8, 0xC6,
    0x19, 0xB4, 0x5A, 0xFF, 0x32, 0xCA, 0xAA, 0x63, 0x49, 0xD6, 0xC6, 0xF6, 0x47, 0x79, 0x3D, 0xB7,
    0x3F, 0x3F, 0x58, 0x0B, 0xD1, 0x9D, 0xEA, 0x78, 0x92, 0x45, 0x25, 0xFF, 0x5A, 0xA7, 0x7E, 0xA7,
    0x52, 0x59, 0x85, 0x8F, 0xE7, 0xF9, 0x84, 0xA0, 0x46, 0x61, 0x81, 0x54, 0xEC, 0x40, 0x79, 0x59,
    0xAF, 0xC3, 0x78, 0xCE, 0x02, 0x43, 0xBC, 0x86, 0x3C, 0xFD, 0x27, 0xDD, 0x27, 0x02, 0x9A, 0xE2,
    0x22, 0xD0, 0x40, 0xE3, 0x80, 0xBA, 0x61, 0xFB, 0x47, 0xE8, 0xC6, 0xAF, 0x30, 0xCF, 0x50, 0x5F,
    0x10, 0x0E, 0x57, 0xD3, 0x68, 0x39, 0x6C, 0x3E, 0xAF, 0x64, 0x59, 0x8E, 0x15, 0xF3, 0xCB, 0x5E,
    0x24, 0x21, 0xDC, 0x16, 0x08, 0xE1, 0x22, 0xCC, 0x9B, 0x2D, 0xF3, 0xA8, 0x11, 0x24, 0x0D, 0xFB,
    0x6A, 0xBC, 0x90, 0x2D, 0x75, 0xDB, 0x8A, 0x2E, 0xF0, 0x23, 0xD1, 0x04, 0x5E, 0x67, 0x53, 0x74,
    0x8A, 0x38, 0xD1, 0xA7, 0x8E, 0x06, 0xBE, 0xEE, 0x3A, 0x06, 0xD4, 0xAE, 0x11, 0x44, 0x15, 0xBF,
    0x8E, 0x92, 0x79, 0xA8, 0x6C, 0x9E, 0xAF, 0xFB, 0x6E, 0xD8, 0xA3, 0xCF, 0x1B, 0x05, 0xD8, 0x8A,
    0x3D, 0x0A, 0x88, 0x29, 0xC6, 0x14, 0x64, 0x5B, 0xF6, 0x68, 0xEB, 0x73, 0xA9, 0xB6, 0xEC, 0xD1,
    0x02, 0x32, 0xE0, 0x11, 0x08, 0x81, 0x6A, 0x4F, 0x52, 0xC0, 0xD6, 0x24, 0x01, 0xAC, 0xD3, 0x75,
    0x9D, 0xEE, 0x49, 0x76, 0xDA, 0x77, 0x10, 0x0A, 0x7E, 0x1C, 0xA9, 0x5B, 0xFC, 0x7D, 0xE4, 0x5A,
    0x49, 0x2D, 0xCD, 0x45, 0x36, 0xD3, 0x4C, 0xB8, 0x95, 0x2D, 0xB6, 0x99, 0x9F, 0xAC, 0xBF, 0x89,
    0xF7, 0xA4, 0xF3, 0xAF, 0x81, 0x64, 0xB3, 0x36, 0x5E, 0x75, 0xD4, 0x83, 0xB9, 0xF6, 0x4A, 0x63,
    0x22, 0xFA, 0xD6, 0xA2, 0x2E, 0x72, 0x14, 0x9B, 0x99, 0xC0, 0x10, 0x10, 0x2C, 0x21, 0x58, 0x3A,
    0xF8, 0xD7, 0xD1, 0x9F, 0x0D, 0xBC, 0xD3, 0xC5, 0xAB, 0x2A, 0x82, 0x42, 0x25, 0x85, 0xB7, 0x68,
    0x54, 0x56, 0x9C, 0x69, 0x42, 0x64, 0x67, 0x9B, 0x10, 0x20, 0xDC, 0x97, 0xB3, 0x94, 0x5B, 0x99,
    0xB8, 0xCB, 0x70, 0x9F, 0xF0, 0xEA, 0xAA, 0x07, 0x82, 0xBA, 0x4C, 0xAB, 0x4B, 0x04, 0xE9, 0x0F,
    0x71, 0x75, 0xEF, 0xA1, 0x84, 0x7F, 0xC1, 0xAD, 0xA3, 0xB3, 0x41, 0x6C, 0x97, 0xCD, 0x44, 0x2C,
    0x9F, 0xDD, 0x52, 0xE6, 0x93, 0x5B, 0xC9, 0x9C, 0x82, 0x40, 0x59, 0xE7, 0xD6, 0xF1, 0x6A, 0x71,
    0xBF, 0x49, 0xF8, 0x1D, 0x52, 0xFB, 0x66, 0xF0, 0xF6, 0x2A, 0x06, 0x81, 0x18, 0x6E, 0x62, 0xAF,
    0x59, 0xA1, 0x08, 0x0F, 0x4B, 0x3C, 0x3A, 0x66, 0x65, 0x27, 0xE5, 0x4B, 0xF2, 0x6F, 0x78, 0xE3,
    0xD5, 0xF8, 0x9E, 0x4A, 0x78, 0x0A, 0x39, 0xC7, 0x4C, 0x93, 0x19, 0x25, 0xE3, 0x5A, 0xAA, 0x81,
    0x2D, 0x92, 0xB1, 0x3B, 0x47, 0xE4, 0xEE, 0xEC, 0x1B, 0x74, 0x83, 0x5B, 0x7E, 0x55, 0x67, 0xC9,
    0xF3, 0xCC, 0xE0, 0xF5, 0x42, 0x26, 0xF5, 0x64, 0xD8, 0x53, 0x52, 0x92, 0xDD, 0xFD, 0x47, 0xA7,
    0x88, 0xF1, 0xCD, 0x39, 0x7D, 0xC3, 0xBD, 0xBC, 0xDE, 0x21, 0x2C, 0xE8, 0x5F, 0x90, 0xA3, 0xA4,
    0xF0, 0x5D, 0x74, 0x53, 0xE5, 0xE9, 0xB9, 0x3B, 0x78, 0x85, 0x3D, 0xF6, 0x4A, 0xBC, 0x9A, 0x71,
    0x4B, 0x7A, 0xBF, 0xEB, 0x94, 0xAF, 0xB7, 0xA4, 0x64, 0x9E, 0xC8, 0x7B, 0x97, 0x22, 0xAF, 0xEB,
    0x07, 0x37, 0xEE, 0x8C, 0xB0, 0x21, 0x0E, 0xD6, 0x48, 0xF4, 0xEE, 0xD9, 0xF7, 0x17, 0x67, 0x07,
    0x45, 0x31, 0xE9, 0x5B, 0x48, 0xAD, 0x37, 0x28, 0x40, 0x00, 0x5D, 0x37, 0x19, 0xD5, 0x85, 0x9D,
    0x8E, 0x6A, 0xA7, 0x67, 0x92, 0x67, 0xBF, 0xE7, 0x1A, 0x30, 0x70, 0xB9, 0xE4, 0xBD, 0x5A, 0xF3,
    0xB0, 0x46, 0xCA, 0x77, 0xDD, 0xAD, 0x4B, 0x6A, 0x55, 0xEF, 0x10, 0x53, 0x87, 0xB0, 0x50, 0xFD,
    0x3B, 0xA5, 0x7B, 0x02, 0x4B, 0x8D, 0xBB, 0x35, 0xB7, 0xDC, 0xDA, 0x1A, 0xCE, 0x07, 0x70, 0x36,
    0x58, 0xC0, 0x78, 0xAD, 0x33, 0x27, 0x40, 0xF7, 0x18, 0x62, 0x62, 0xDF, 0xA0, 0x75, 0x77, 0xE7,
    0x75, 0xEC, 0x4C, 0x38, 0x3E, 0xB2, 0x23, 0xFB, 0x2E, 0x7B, 0xD4, 0x01, 0x74, 0xB6, 0x8E, 0x24,
    0x1D, 0x2C, 0x41, 0xC0, 0x77, 0xE2, 0xF8, 0xAB, 0x08, 0xB8, 0x74, 0x54, 0x5B, 0x3E, 0x43, 0xA8,
    0x03, 0x5D, 0x1E, 0x0C, 0x33, 0xC5, 0xDC, 0xE7, 0x6E, 0x18, 0x18, 0x7A, 0xA9, 0xD5, 0xF4, 0x5C,
    0xE2, 0x73, 0xB1, 0x93, 0x01, 0xD6, 0x70, 0xB0, 0xB8, 0x09, 0x5F, 0x38, 0xB0, 0xDE, 0xC4, 0x90,
    0xEF, 0xD7, 0x96, 0x99, 0x18, 0x72, 0x62, 0x9D, 0x6B, 0x8A, 0x46, 0xB3, 0xD2, 0x3A, 0x44, 0xDD,
    0x90, 0x34, 0xAE, 0xB0, 0x3E, 0x6B, 0xC9, 0x9C, 0x41, 0xE2, 0xF0, 0x4E, 0xEE, 0x08, 0x24, 0x51,
    0xC3, 0x04, 0x71, 0x43, 0xCA, 0xF8, 0xC2, 0x14, 0x8B, 0xC9, 0xBE, 0x4C, 0x17, 0x0B, 0x8A, 0x45,
    0xCE, 0x14, 0x8B, 0x92, 0x29, 0x16, 0xCE, 0xB8, 0x45, 0xFC, 0x1B, 0x14, 0x0B, 0x73, 0x4F, 0x28,
    0x16, 0x1A, 0x06, 0xBF, 0x80, 0x62, 0x71, 0x09, 0xB4, 0x7B, 0x0C, 0x34, 0xF7, 0xF1, 0x7F, 0x3E,
    0xCD, 0x3D, 0x50, 0x78, 0x59, 0xB0, 0xB4, 0x3C, 0x2D, 0xEC, 0x14, 0x97, 0x81, 0xAF, 0xDF, 0x26,
    0x56, 0xF1, 0x49, 0x3D, 0xF7, 0xC1, 0xC5, 0x9D, 0xFE, 0x1C, 0x09, 0x4D, 0x8F, 0xE7, 0xB2, 0xEA,
    0xD6, 0x1E, 0x12, 0x2E, 0x56, 0x65, 0xF2, 0x66, 0x9D, 0x4E, 0x66, 0xD7, 0x24, 0xC6, 0xB8, 0x59,
    0x25, 0xCB, 0x88, 0x9B, 0xF0, 0xD5, 0xE5, 0xAD, 0x85, 0xCE, 0xB4, 0x1B, 0xAA, 0x96, 0xCB, 0xE8,
    0xCA, 0x4E, 0x1D, 0x74, 0xEA, 0x95, 0xF2, 0x15, 0xDD, 0x56, 0xC2, 0xDC, 0x2C, 0xAB, 0x9B, 0xEF,
    0x2F, 0xE5, 0xF5, 0xFF, 0xE3, 0x36, 0x0A, 0x38, 0x99, 0x3F, 0xD9, 0x63, 0xA9, 0xB3, 0x1A, 0x3B,
    0x23, 0x6B, 0xE1, 0x3F, 0x4B, 0x7B, 0x0C, 0x3F, 0x19, 0x45, 0xA7, 0xB6, 0xAB, 0x43, 0x56, 0x3D,
    0xDA, 0x72, 0xBF, 0xB3, 0x57, 0xED, 0xC1, 0xDC, 0x30, 0x9E, 0x4C, 0xAA, 0x76, 0x9D, 0x8F, 0x87,
    0x05, 0x3E, 0xAE, 0xB5, 0x34, 0x74, 0x4E, 0x55, 0x11, 0x09, 0x6C, 0x7D, 0x20, 0x7B, 0x76, 0x8A,
    0x79, 0xB7, 0x94, 0x3C, 0x23, 0xD9, 0x70, 0x64, 0x7B, 0x8C, 0xA4, 0x75, 0x03, 0x27, 0xCD, 0xAA,
    0xDA, 0x3B, 0xD5, 0x8A, 0x0C, 0xE7, 0xCF, 0xBB, 0x65, 0x1F, 0xC4, 0x79, 0x9B, 0xFF, 0xCA, 0xB2,
    0x23, 0xB6, 0xB4, 0x03, 0x5B, 0x2F, 0x95, 0x6D, 0x53, 0x29, 0x1F, 0xB1, 0x67, 0x1B, 0x86, 0xBA,
    0xCF, 0xA1, 0x5D, 0x8E, 0x1B, 0xE9, 0x04, 0xB1, 0x96, 0x25, 0x15, 0x4B, 0x3A, 0x23, 0x01, 0x5E,
    0xA6, 0x00, 0xEB, 0x44, 0x09, 0x2B, 0x97, 0x23, 0xBD, 0x85, 0xF8, 0xC1, 0xD1, 0x00, 0x3B, 0xC4,
    0xBD, 0xED, 0x5F, 0xA0, 0x46, 0x8B, 0x06, 0x9B, 0xA3, 0x56, 0x53, 0x2B, 0x55, 0x26, 0x10, 0x7F,
    0x1C, 0xA5, 0x34, 0x63, 0xD9, 0xAF, 0x82, 0x86, 0xC7, 0xF7, 0xD3, 0x2E, 0x6D, 0x1F, 0xE0, 0x5D,
    0xEA, 0x43, 0xA7, 0x4A, 0x65, 0x8F, 0x1A, 0x05, 0x55, 0x3C, 0xE8, 0x71, 0x97, 0xF8, 0xB8, 0x6B,
    0xAA, 0x15, 0x96, 0xA9, 0xE5, 0x2B, 0x14, 0x29, 0xF8, 0x82, 0x13, 0x01, 0xA4, 0x0F, 0xB2, 0x3B,
    0xB9, 0x0E, 0x56, 0xCA, 0xBB, 0x13, 0x84, 0x55, 0xBF, 0x3B, 0x73, 0xA6, 0x11, 0x96, 0x1C, 0x47,
    0x46, 0xD9, 0xCD, 0xC6, 0x58, 0x5F, 0x76, 0x33, 0x26, 0xEC, 0x81, 0x59, 0x11, 0x22, 0x2B, 0xA1,
    0x88, 0xC0, 0xA1, 0x80, 0x19, 0x92, 0x5A, 0xD8, 0xED, 0x6E, 0x77, 0x26, 0xF8, 0x72, 0x9C, 0xE9,
    0x6E, 0xF2, 0x24, 0xD2, 0x93, 0x6D, 0x34, 0x48, 0x80, 0xFC, 0x0A, 0x03, 0xFA, 0x4F, 0x78, 0xD6,
    0xEC, 0xDF, 0x68, 0x26, 0x6D, 0x61, 0x74, 0x8D, 0x8C, 0x04, 0xD4, 0x4A, 0x9E, 0x92, 0x8F, 0xFF,
    0xF7, 0xC1, 0x2C, 0x68, 0xA0, 0x47, 0x89, 0x2B, 0xD5, 0x72, 0xC5, 0xE7, 0x2E, 0x2A, 0x57, 0x1D,
    0x48, 0x85, 0x9D, 0xCA, 0x22, 0xA8, 0x1D, 0x4B, 0xC1, 0xEB, 0xD2, 0x6A, 0xFC, 0x07, 0xC6, 0xA6,
    0xFB, 0xF5, 0xDF, 0xB3, 0x69, 0xDD, 0x23, 0xD2, 0x50, 0xA1, 0x9C, 0xCD, 0x60, 0x98, 0xB1, 0x30,
    0xE2, 0x34, 0x0C, 0x69, 0x09, 0x90, 0x9E, 0x3A, 0x25, 0x6C, 0x4E, 0x4D, 0x29, 0xA3, 0x76, 0xCE,
    0x78, 0x5C, 0x73, 0xEE, 0xAF, 0x7B, 0x98, 0x65, 0x25, 0x0F, 0x74, 0xD2, 0x6B, 0x25, 0x5C, 0x9A,
    0x8A, 0xB1, 0xAB, 0xD7, 0x1E, 0xD7, 0x98, 0xB3, 0x31, 0xC8, 0xAE, 0x2B, 0xB9, 0xDE, 0x59, 0xCD,
    0x59, 0x18, 0xC4, 0xAF, 0xA8, 0x99, 0x7A, 0x0C, 0x50, 0x4E, 0xD8, 0x8B, 0x04, 0x5D, 0x07, 0x89,
    0x5F, 0x58, 0xF0, 0x34, 0xC4, 0xCE, 0xAC, 0xA4, 0x4E, 0x4D, 0x2A, 0x1E, 0x90, 0xE0, 0xB0, 0x98,
    0x58, 0x6A, 0xD9, 0xFE, 0x66, 0x52, 0x93, 0xB4, 0x87, 0x73, 0xCA, 0x51, 0x7F, 0x93, 0xBD, 0x5E,
    0x52, 0x82, 0xB6, 0x40, 0x54, 0xB8, 0x96, 0x4A, 0x5E, 0x76, 0xDA, 0xD9, 0xCE, 0x81, 0xC9, 0x1D,
    0x38, 0x04, 0x0F, 0x8B, 0x2C, 0x60, 0x0B, 0xE8, 0xDB, 0x01, 0x47, 0xC3, 0x40, 0xBE, 0x05, 0xF7,
    0x8A, 0x7A, 0x62, 0x64, 0x29, 0xDA, 0xAE, 0x22, 0x18, 0xD2, 0xAB, 0xC3, 0x57, 0x45, 0x20, 0xAC,
    0x2B, 0x8A, 0x8A, 0xEC, 0x2B, 0xB2, 0xAB, 0xC9, 0xD3, 0x92, 0x53, 0x14, 0xE3, 0x31, 0xB8, 0x58,
    0x2C, 0x90, 0x28, 0xD5, 0xDE, 0x26, 0x16, 0xB0, 0x34, 0x2A, 0xE1, 0x11, 0x68, 0xBD, 0x69, 0x29,
    0x73, 0xAC, 0x75, 0x8E, 0x9D, 0xA4, 0xD9, 0x69, 0x70, 0x50, 0x82, 0x77, 0x1A, 0x1C, 0xD4, 0x94,
    0x89, 0xF3, 0x2B, 0x51, 0x5C, 0x62, 0x66, 0x83, 0x99, 0x23, 0x04, 0x9E, 0xD3, 0x9A, 0xEA, 0xA4,
    0x3A, 0x15, 0xF4, 0x87, 0xB4, 0xE7, 0x77, 0xA3, 0xC6, 0x5E, 0x53, 0xCB, 0x15, 0x2A, 0x38, 0xE9,
    0xE7, 0x8C, 0x89, 0xBD, 0x9F, 0x51, 0xB4, 0xFA, 0x69, 0xCC, 0x8E, 0x55, 0x82, 0x4E, 0xD2, 0x8B,
    0x28, 0x0C, 0xC8, 0x11, 0xB8, 0x71, 0x27, 0x3E, 0xCC, 0x21, 0x13, 0xA6, 0x55, 0xCB, 0x87, 0x7F,
    0x35, 0x47, 0x42, 0xD8, 0x7A, 0x8B, 0x43, 0xD4, 0xE1, 0xAC, 0x05, 0x20, 0x5A, 0xB3, 0x2B, 0x2E,
    0x80, 0x98, 0x62, 0xCC, 0x83, 0x4C, 0x51, 0xE6, 0x61, 0xE6, 0x71, 0xE6, 0x81, 0xE6, 0x91, 0xA6,
    0x50, 0x33, 0x8A, 0x35, 0xA3, 0x60, 0x33, 0x8A, 0x36, 0xA3, 0x70, 0x33, 0x8A, 0x37, 0x93, 0x2F,
    0x0D, 0x46, 0x9C, 0x51, 0xA8, 0x2D, 0x0D, 0x05, 0x9D, 0x51, 0xD4, 0x69, 0xA3, 0x37, 0x8A, 0x3B,
    0xA3, 0xC0, 0x33, 0x8A, 0x3C, 0xA3, 0xD0, 0x33, 0x8A, 0x3D, 0x0F, 0x3E, 0x8F, 0x3E, 0x0F, 0xBF,
    0x05, 0x7F, 0x1E, 0x80, 0x1E, 0x81, 0x0B, 0x04, 0x4F, 0x54, 0xF9, 0x35, 0x9F, 0x34, 0x1F, 0xC7,
    0x5B, 0x6B, 0xD4, 0x6A, 0xCE, 0xB9, 0xF0, 0x9C, 0x6D, 0xF9, 0x8E, 0xAF, 0xB3, 0xAF, 0x0C, 0x1A,
    0x5D, 0x32, 0x42, 0x59, 0xC9, 0x3B, 0x2A, 0x02, 0xE1, 0x44, 0x03, 0x52, 0x85, 0x1E, 0x75, 0xFF,
    0xE1, 0x58, 0xBA, 0x72, 0x16, 0x48, 0x45, 0x25, 0x60, 0x98, 0x0A, 0x4E, 0x05, 0xA8, 0x8C, 0x54,
    0xC3, 0x50, 0x35, 0x8C, 0x55, 0x2E, 0xF9, 0x35, 0x18, 0x46, 0x2B, 0xEB, 0xC3, 0x83, 0x61, 0xBC,
    0xB2, 0x5A, 0xCC, 0x3C, 0x21, 0x92, 0x0F, 0x23, 0xD7, 0x0B, 0x03, 0x66, 0x0D, 0x83, 0xD6, 0x30,
    0x6A, 0x0D, 0xC3, 0x56, 0x70, 0x2B, 0xC0, 0x15, 0xE4, 0x2A, 0x1F, 0x47, 0xB0, 0x2B, 0xE0, 0x5D,
    0xA1, 0xF7, 0xDA, 0x22, 0xB8, 0x53, 0xC9, 0xE1, 0x28, 0x7C, 0xDA, 0xC5, 0xAA, 0x98, 0x1C, 0xB7,
    0xB5, 0xC9, 0x54, 0xBC, 0xB7, 0xAF, 0xDA, 0xDB, 0xC7, 0x2F, 0x59, 0xD1, 0xEE, 0x30, 0x2A, 0xAE,
    0x20, 0x0C, 0x7A, 0xD7, 0xCC, 0x14, 0x23, 0x52, 0x17, 0xA2, 0x09, 0xB8, 0x80, 0x4A, 0x14, 0x51,
    0xD7, 0x07, 0xD6, 0xBB, 0xC3, 0xE7, 0xB9, 0xCC, 0x5C, 0xA4, 0x12, 0xB6, 0xF1, 0xC4, 0x90, 0x94,
    0xC1, 0x5B, 0x7B, 0x77, 0xAD, 0xDB, 0x1E, 0x57, 0x9F, 0x12, 0x67, 0xAD, 0x14, 0x54, 0xCB, 0xAD,
    0xF4, 0x7A, 0x94, 0x10, 0x4A, 0xCA, 0x69, 0x1A, 0x28, 0x19, 0x21, 0xE3, 0x47, 0x5B, 0x28, 0x17,
    0xD5, 0xBC, 0x10, 0x49, 0xD0, 0x2E, 0x95, 0xE3, 0xB2, 0xF0, 0x8D, 0x7C, 0x3B, 0x2D, 0x18, 0xE2,
    0x48, 0x5D, 0x14, 0x74, 0xE2, 0xE6, 0x35, 0x70, 0x09, 0x6B, 0x01, 0x14, 0xB0, 0x09, 0x43, 0x0C,
    0x11, 0x01, 0xB1, 0xB3, 0xFB, 0xD2, 0xE3, 0x6F, 0xDB, 0xD5, 0x0C, 0x5A, 0xC1, 0xA8, 0x24, 0xCA,
    0xF8, 0x59, 0x1E, 0x97, 0x44, 0x17, 0x09, 0x1C, 0x1E, 0x2F, 0xDB, 0x3D, 0xF8, 0x26, 0xFF, 0x2F,
    0xBB, 0x96, 0x58, 0x69, 0xC8, 0x3C, 0x41, 0x0A, 0xA5, 0x45, 0x7D, 0x0D, 0x42, 0xD5, 0xCB, 0x73,
    0x35, 0x01, 0x57, 0x64, 0x39, 0x00, 0x59, 0x4E, 0xCB, 0x9D, 0xA0, 0x8B, 0x11, 0x15, 0x01, 0xB5,
    0x0B, 0xDD, 0xCE, 0x61, 0x69, 0x38, 0xBA, 0x93, 0x8D, 0x11, 0x06, 0x5F, 0x3C, 0xE7, 0x06, 0x16,
    0x39, 0x0B, 0xC4, 0x89, 0x71, 0x66, 0x19, 0x5B, 0x81, 0xE5, 0x22, 0xE8, 0x34, 0x8A, 0xD6, 0x30,
    0xDA, 0x6E, 0xF3, 0xBC, 0xD0, 0x7A, 0x05, 0x2D, 0x10, 0xE7, 0xD4, 0xBD, 0x8E, 0x30, 0x47, 0x36,
    0x49, 0x47, 0xA8, 0xB3, 0xF6, 0x25, 0xF5, 0x61, 0x5B, 0x84, 0x85, 0x6C, 0x26, 0x46, 0xC2, 0xC0,
    0xC9, 0x45, 0x4E, 0xF4, 0x48, 0xCD, 0x9F, 0xA7, 0xD6, 0x15, 0x3A, 0x34, 0x93, 0x5B, 0xCC, 0x2E,
    0x2D, 0x80, 0x53, 0x0D, 0x9B, 0xC2, 0x11, 0x99, 0x98, 0x65, 0xC2, 0x73, 0x51, 0x9F, 0xB0, 0x2A,
    0xCD, 0x67, 0xF9, 0x83, 0x9F, 0xBE, 0x89, 0x3F, 0x5C, 0xE7, 0x7D, 0xB0, 0xDB, 0xD4, 0x0B, 0xC4,
    0xDE, 0xFC, 0x29, 0xFD, 0xE1, 0xD1, 0x27, 0xC8, 0x7A, 0xA8, 0x01, 0xB3, 0x84, 0x8B, 0xEF, 0x15,
    0x92, 0x5A, 0xC4, 0xC6, 0x4F, 0x26, 0xD7, 0x5C, 0xAF, 0x33, 0x07, 0x62, 0xCA, 0x49, 0x78, 0x99,
    0x23, 0x53, 0xC9, 0x68, 0x9A, 0x39, 0xA8, 0xC3, 0x8C, 0x2A, 0x42, 0x44, 0x2B, 0x2B, 0x2D, 0x1B,
    0xAB, 0x5F, 0x05, 0x99, 0x22, 0xFB, 0x2B, 0xEC, 0x48, 0x77, 0x2F, 0xA9, 0x0B, 0x5D, 0x57, 0x9C,
    0xDF, 0x56, 0x97, 0xCC, 0x0A, 0xAE, 0x73, 0x41, 0x7F, 0x2A, 0xB5, 0x1A, 0x63, 0x0E, 0x7F, 0xB0,
    0xD8, 0xCE, 0x99, 0x9C, 0x43, 0x65, 0xFA, 0x69, 0x6F, 0x67, 0x8C, 0x8C, 0x29, 0x67, 0xA8, 0xCC,
    0x25, 0x1B, 0x64, 0xFD, 0x49, 0x22, 0xCE, 0xE7, 0x56, 0xD6, 0xFD, 0x5D, 0x16, 0x3C, 0xFF, 0xE2,
    0x59, 0xD9, 0x2B, 0x9F, 0x21, 0x7B, 0x03, 0xC6, 0x97, 0x33, 0x7B, 0x1B, 0x67, 0x66, 0xA4, 0x78,
    0xA5, 0xAD, 0x93, 0x8D, 0xC8, 0x0F, 0x7D, 0x0F, 0x86, 0xDE, 0xBB, 0x53, 0x40, 0xD9, 0x4B, 0x4C,
    0x49, 0xE5, 0x60, 0x4B, 0xC1, 0xD6, 0x2E, 0x9B, 0xBA, 0x5A, 0x13, 0x3F, 0xB4, 0xFD, 0x8A, 0xBF,
    0xDC, 0xFA, 0xF0, 0xDF, 0xF9, 0x41, 0xC0, 0xCC, 0xAE, 0x79, 0x62, 0x97, 0xEB, 0x7F, 0xFA, 0xFA,
    0x9B, 0x23, 0xB1, 0x44, 0xF3, 0x61, 0x4B, 0xAC, 0xD3, 0x3A, 0x09, 0xE9, 0xB8, 0xF5, 0x9E, 0xE6,
    0xED, 0x41, 0x19, 0x00, 0xB3, 0xF6, 0xE7, 0xFB, 0x9F, 0x6B, 0xB4, 0x11, 0xAF, 0x3B, 0x23, 0x92,
    0x8A, 0x50, 0xD6, 0x15, 0xC9, 0xA6, 0xD7, 0x20, 0xA1, 0xDE, 0xB0, 0x24, 0x4E, 0xDE, 0xC4, 0xEB,
    0xCB, 0xA8, 0xBA, 0x5C, 0x36, 0x0F, 0x51, 0x39, 0x27, 0xCF, 0x69, 0x8C, 0x85, 0x49, 0xD7, 0x79,
    0x36, 0x3C, 0xE7, 0xA7, 0x6F, 0x18, 0xF0, 0xF3, 0x12, 0x35, 0x3A, 0x23, 0x80, 0xAC, 0x9C, 0xAE,
    0x6E, 0xC5, 0x36, 0x5C, 0xFD, 0xFC, 0xD5, 0xE2, 0xB5, 0xD9, 0xD9, 0x65, 0x24, 0xD1, 0x8A, 0x1F,
    0xC5, 0xFA, 0xBF, 0x30, 0xFD, 0x71, 0x83, 0x67, 0x56, 0xFE, 0x51, 0x94, 0xC8, 0xFC, 0xA1, 0xD4,
    0xE3, 0xB2, 0x42, 0xB1, 0xA0, 0x01, 0xB3, 0xF1, 0xC0, 0xBE, 0xD7, 0x7C, 0x56, 0x6A, 0xDD, 0x2C,
    0xD3, 0x35, 0x6C, 0xF3, 0xD5, 0xCB, 0xFD, 0xA5, 0xB4, 0xBA, 0x13, 0xB4, 0xFA, 0x72, 0x55, 0xE1,
    0xA6, 0x5C, 0x15, 0xE8, 0x63, 0xD5, 0x9B, 0xFC, 0x48, 0x24, 0x76, 0x17, 0xAD, 0xCA, 0x55, 0xAD,
    0x72, 0x52, 0x1E, 0x18, 0x39, 0x25, 0xBC, 0x2C, 0xC3, 0x65, 0x7A, 0xB4, 0xDC, 0x9B, 0xD0, 0x63,
    0x4B, 0xB6, 0x0D, 0xAC, 0x64, 0x07, 0x88, 0x7D, 0x0A, 0xB1, 0xCD, 0xD5, 0xD2, 0xA5, 0xA8, 0xF2,
    0x21, 0xF7, 0xF1, 0x45, 0xCE, 0x31, 0xE0, 0xC7, 0x0C, 0xF0, 0x22, 0x5A, 0x9F, 0x7A, 0xE2, 0xFE,
    0x15, 0xDB, 0x36, 0x80, 0x37, 0xB5, 0x60, 0xBD, 0x06, 0xEA, 0x0D, 0x68, 0x9E, 0x7B, 0xBE, 0x70,
    0x4D, 0x88, 0xEF, 0x1B, 0xD1, 0xFB, 0x35, 0x38, 0xCB, 0xD9, 0x65, 0xA4, 0x8C, 0x48, 0x09, 0xE7,
    0xD1, 0x78, 0xD7, 0x8C, 0xB2, 0x69, 0x77, 0x62, 0x3F, 0x57, 0x0C, 0xFD, 0x94, 0xDE, 0xF3, 0x75,
    0x1C, 0xDB, 0xBB, 0x9E, 0xAD, 0x8C, 0x1E, 0xB3, 0x48, 0x17, 0xE6, 0x4C, 0x12, 0x2C, 0x33, 0x71,
    0x06, 0xCF, 0x30, 0x17, 0x72, 0xFB, 0x93, 0xEB, 0x52, 0xE5, 0x0B, 0x04, 0x5B, 0x4F, 0xC0, 0x1D,
    0xD4, 0x6B, 0xB8, 0x55, 0x61, 0xB1, 0x7B, 0x39, 0x4F, 0x07, 0xFB, 0x2C, 0xEB, 0x96, 0xA2, 0x06,
    0x22, 0x16, 0x1A, 0x4F, 0xEF, 0xE4, 0xF3, 0x8D, 0x2B, 0x42, 0xA4, 0x98, 0xCB, 0xF8, 0xAC, 0x5A,
    0x25, 0x85, 0x0E, 0xC0, 0xF8, 0x1E, 0x68, 0x11, 0xDC, 0x7C, 0xA4, 0x14, 0x74, 0xF7, 0x15, 0x5F,
    0x54, 0x59, 0xC4, 0x2C, 0x1E, 0x5E, 0xB2, 0x5C, 0xA4, 0x99, 0x94, 0x03, 0x2E, 0x7C, 0x54, 0x3B,
    0x93, 0x9C, 0x5F, 0x37, 0x15, 0x7B, 0x72, 0xAC, 0xC5, 0x0D, 0x7D, 0xDA, 0xF5, 0xB7, 0x84, 0xE6,
    0x5F, 0xD1, 0xD8, 0xBF, 0xB2, 0x2E, 0x70, 0x86, 0x94, 0x03, 0xAE, 0xE7, 0xC1, 0x86, 0xF6, 0x53,
    0x5B, 0xD8, 0xB0, 0x3F, 0x5B, 0x08, 0xC7, 0xB1, 0xE6, 0x86, 0x08, 0x49, 0x93, 0xFD, 0x9E, 0xAF,
    0xB1, 0xC8, 0x00, 0xD7, 0x8B, 0x1C, 0x6F, 0x0D, 0x31, 0xD5, 0xD9, 0x22, 0xFA, 0x6D, 0xC6, 0xCD,
    0xD5, 0xE7, 0x97, 0x73, 0xB0, 0x62, 0xB5, 0x7C, 0xF6, 0x25, 0x32, 0x92, 0x91, 0xDE, 0x9C, 0x77,
    0x44, 0x0A, 0x71, 0x12, 0x83, 0xF2, 0x42, 0x08, 0x5B, 0x4E, 0xB8, 0x50, 0x99, 0xA7, 0x27, 0x75,
    0xF6, 0x1F, 0x0C, 0xAC, 0xFC, 0x36, 0xCA, 0x83, 0xAC, 0x39, 0x85, 0xAA, 0xF9, 0xB5, 0x71, 0x1D,
    0xFE, 0x14, 0x4E, 0x79, 0xD6, 0xAD, 0x58, 0x0B, 0x9A, 0x86, 0xDF, 0x3F, 0x40, 0x92, 0x80, 0xB4,
    0xBA, 0x61, 0x7D, 0xC0, 0x14, 0xC6, 0x57, 0xC0, 0xE1, 0x72, 0xDD, 0x76, 0x19, 0x35, 0xF4, 0x3A,
    0x1E, 0xEC, 0x01, 0x6D, 0x1E, 0x0F, 0x9D, 0xA1, 0x6E, 0xD0, 0xE0, 0x9D, 0x16, 0x44, 0xE2, 0x33,
    0x19, 0x03, 0xF6, 0x8E, 0xC4, 0xEC, 0xC9, 0xB9, 0x35, 0xAC, 0x68, 0x51, 0x92, 0x46, 0x20, 0x35,
    0x64, 0x76, 0xC3, 0xE5, 0x49, 0x44, 0x24, 0xF5, 0x47, 0xA1, 0x4D, 0x56, 0x40, 0x57, 0xB5, 0x27,
    0xF5, 0x39, 0x6F, 0xE0, 0x0E, 0x7A, 0xC7, 0x7A, 0x0C, 0x25, 0xA2, 0x46, 0x71, 0xA9, 0x8B, 0xFD,
    0xE9, 0xCC, 0x84, 0xFB, 0x1C, 0x79, 0xE2, 0xD0, 0xA8, 0xC5, 0xF0, 0xAF, 0xF3, 0xED, 0x75, 0x5F,
    0xBE, 0xF7, 0x4F, 0xF6, 0x97, 0x2F, 0xD9, 0x7D, 0xD5, 0x44, 0xE4, 0xA9, 0x2D, 0xAA, 0xDA, 0xA9,
    0xAA, 0x21, 0xE9, 0x71, 0x31, 0xE5, 0xD9, 0x3B, 0x45, 0x87, 0x68, 0xB3, 0x33, 0xCD, 0x94, 0xBB,
    0x8E, 0xE6, 0xB3, 0x08, 0x1F, 0x3D, 0xBF, 0xC9, 0xCD, 0x2A, 0xCE, 0xA5, 0xCD, 0x96, 0x1F, 0x34,
    0x65, 0x6C, 0x4B, 0xB0, 0x3C, 0x48, 0x19, 0x0B, 0x2A, 0x0F, 0x31, 0x4C, 0x67, 0x2A, 0xE0, 0xCA,
    0x7C, 0x16, 0xCE, 0xC1, 0x8F, 0x48, 0x9C, 0x13, 0xDD, 0x11, 0xA1, 0xE3, 0x15, 0x53, 0x65, 0xC1,
    0x65, 0x9A, 0x31, 0xD5, 0x6C, 0x32, 0xA1, 0xE2, 0xE1, 0xCC, 0x0C, 0xCA, 0xC0, 0x13, 0xA9, 0x0F,
    0x28, 0x94, 0xCE, 0x6E, 0xE8, 0xE1, 0x04, 0x23, 0x3F, 0x70, 0x57, 0x62, 0x67, 0x61, 0x76, 0x56,
    0xDC, 0x4C, 0xA5, 0xF6, 0x05, 0xA7, 0xD2, 0x05, 0x1B, 0xCF, 0xBE, 0xE7, 0xBB, 0x47, 0x05, 0x29,
    0xF3, 0x75, 0x62, 0x9F, 0x05, 0xDD, 0x97, 0x5F, 0x38, 0x2E, 0xB9, 0xE3, 0x40, 0x00, 0x4D, 0xCE,
    0x35, 0x6F, 0x59, 0xBE, 0x5A, 0xF8, 0x5B, 0x75, 0x3A, 0x36, 0x50, 0xAC, 0x41, 0x3F, 0xA9, 0xF6,
    0x62, 0x75, 0x21, 0xC7, 0x70, 0xCD, 0x2D, 0x08, 0x24, 0x34, 0x4F, 0xD9, 0xF3, 0x78, 0x7B, 0xCD,
    0xF3, 0x91, 0x77, 0x6C, 0xA5, 0xA5, 0x63, 0x26, 0x79, 0xE5, 0x95, 0x30, 0xEA, 0xF5, 0x09, 0x2E,
    0xF3, 0x36, 0x2F, 0x2D, 0x6D, 0xCF, 0x89, 0xCD, 0x5C, 0x62, 0x55, 0x69, 0x43, 0x6C, 0xD7, 0x32,
    0x27, 0xA8, 0xAC, 0x57, 0xE9, 0x43, 0x38, 0x33, 0xE0, 0x1C, 0x7D, 0x1D, 0x65, 0x31, 0xDE, 0x40,
    0xB6, 0xD4, 0x1B, 0x78, 0x3E, 0xC5, 0xB3, 0xFB, 0xAD, 0x21, 0x43, 0x70, 0x13, 0xA7, 0x2B, 0x00,
    0x67, 0x18, 0x71, 0x32, 0xC8, 0x8D, 0x7D, 0xBE, 0x58, 0xE9, 0xC1, 0x29, 0x99, 0x57, 0x0B, 0xCD,
    0x5B, 0x6D, 0x26, 0xB1, 0x9C, 0xA2, 0x02, 0xC6, 0x24, 0x91, 0x56, 0x9F, 0x65, 0x42, 0xB2, 0xBC,
    0x6A, 0x6C, 0x7C, 0x27, 0xE1, 0x00, 0x0C, 0xFB, 0x5A, 0xF1, 0x61, 0xAC, 0xF1, 0xCD, 0xCA, 0xDE,
    0xDC, 0x9B, 0x13, 0x35, 0x9E, 0x83, 0x9B, 0xD6, 0x72, 0x0D, 0xBF, 0x0F, 0x45, 0x1E, 0x21, 0x23,
    0xAA, 0x54, 0x5A, 0xF0, 0x01, 0x23, 0xF8, 0x61, 0x0B, 0x9F, 0x0C, 0xC5, 0x13, 0x2D, 0x99, 0xBF,
    0xBC, 0x8E, 0xC5, 0x86, 0xD7, 0xAD, 0xCE, 0xF2, 0x6B, 0xD5, 0x7C, 0x5C, 0x90, 0x07, 0x7B, 0x0F,
    0xAF, 0xC0, 0x4D, 0xFB, 0xDE, 0xCD, 0x95, 0x00, 0x09, 0xF5, 0xEE, 0x6E, 0xEA, 0xDA, 0x5D, 0xE7,
    0x5E, 0x4A, 0xA9, 0x78, 0xC3, 0x8F, 0x83, 0xB1, 0x96, 0x09, 0x21, 0x08, 0x3B, 0x79, 0x9F, 0xEF,
    0x93, 0x4B, 0x86, 0xDF, 0x2B, 0x32, 0x95, 0xCF, 0x4E, 0xE2, 0x7F, 0x7F, 0x7F, 0xD2, 0x1C, 0x47,
    0x51, 0xD9, 0x24, 0x23, 0x91, 0xCA, 0x07, 0xF1, 0x44, 0x7C, 0xCA, 0x7C, 0xCB, 0xDC, 0xD9, 0x0F,
    0x90, 0x92, 0xC9, 0x10, 0x11, 0xAC, 0x86, 0x47, 0x9A, 0x1E, 0x23, 0x1C, 0x53, 0xE9, 0x80, 0x0C,
    0xF9, 0x8A, 0xB3, 0x4C, 0x12, 0x60, 0xAB, 0x0F, 0xB9, 0x61, 0x07, 0xFF, 0x28, 0x53, 0xC7, 0xE5,
    0xCA, 0x1B, 0x5E, 0xBB, 0x08, 0xF4, 0x97, 0xDE, 0x48, 0x5E, 0x78, 0xC7, 0x06, 0x65, 0xA4, 0xCF,
    0x70, 0x89, 0xE4, 0x21, 0x2E, 0xBC, 0x80, 0x89, 0x95, 0x15, 0x4C, 0xF4, 0xD9, 0x36, 0xE9, 0x2C,
    0x0D, 0xA2, 0x3C, 0x80, 0x91, 0x9E, 0x4B, 0x49, 0x6F, 0x34, 0x32, 0x6D, 0x00, 0x5E, 0x55, 0xAF,
    0x75, 0x0A, 0x3A, 0xAD, 0x52, 0xD0, 0xB1, 0x2A, 0x14, 0x71, 0xBD, 0x80, 0x5A, 0xEE, 0x65, 0xFB,
    0xA0, 0xE2, 0x15, 0xB4, 0x5A, 0x50, 0x42, 0xB4, 0x93, 0x48, 0xEB, 0x6A, 0x19, 0x9F, 0x31, 0xF4,
    0xB0, 0x96, 0x57, 0x34, 0xD7, 0x0E, 0xE2, 0x98, 0x4E, 0x17, 0xFC, 0x43, 0x86, 0x3A, 0x6B, 0x6A,
    0xAF, 0x4F, 0x0B, 0x6D, 0xC2, 0xB2, 0xE7, 0x61, 0x62, 0x80, 0x7E, 0x39, 0xB0, 0x17, 0x30, 0xFA,
    0xC8, 0x83, 0x13, 0x14, 0x47, 0x20, 0x06, 0xED, 0x73, 0xF8, 0x78, 0x0A, 0x22, 0x99, 0x3B, 0x90,
    0xC9, 0x85, 0xC6, 0x99, 0xF1, 0x33, 0x67, 0x09, 0x6A, 0xA4, 0x71, 0x70, 0xB8, 0x4B, 0xA3, 0x5E,
    0x9C, 0xEC, 0x88, 0x0A, 0xED, 0x0D, 0x93, 0xC1, 0xEA, 0x90, 0xEF, 0x17, 0x81, 0x0C, 0x56, 0xC4,
    0x50, 0x1A, 0xE1, 0x2F, 0x4C, 0xB8, 0xF0, 0x24, 0xF2, 0x07, 0x9D, 0x8A, 0x36, 0x85, 0xB3, 0xAD,
    0xBB, 0x7C, 0x8A, 0x6F, 0xDB, 0x9F, 0xF6, 0xB9, 0xAD, 0xFE, 0xC7, 0xA2, 0x5C, 0xFD, 0x6B, 0xCC,
    0xB3, 0x37, 0x28, 0x7E, 0x36, 0x18, 0x3C, 0xA3, 0xAE, 0x01, 0x71, 0xF2, 0xA9, 0x4D, 0xA9, 0xC1,
    0x35, 0x7D, 0x64, 0xA9, 0xEE, 0x54, 0xAD, 0x1A, 0x77, 0xF1, 0xC4, 0xF3, 0x4B, 0x30, 0xDE, 0x1D,
    0x18, 0x73, 0xCF, 0x99, 0x18, 0x17, 0xB6, 0x8E, 0x54, 0x9E, 0x38, 0x67, 0xC2, 0x1F, 0x54, 0xC0,
    0xF9, 0x47, 0x9F, 0x67, 0xFA, 0xE8, 0x73, 0x25, 0xA3, 0x38, 0x09, 0x2E, 0x7A, 0x60, 0xBE, 0x7A,
    0xF4, 0x79, 0xB3, 0xE5, 0xDB, 0xDE, 0xD1, 0xA3, 0xCF, 0x2F, 0x21, 0x78, 0x77, 0x10, 0xDC, 0x19,
    0xF3, 0x3B, 0x1C, 0xF2, 0xFA, 0xB2, 0xF1, 0x8F, 0xA2, 0xAF, 0xFA, 0x58, 0x70, 0xD9, 0x2D, 0x55,
    0x37, 0x64, 0x1D, 0x82, 0xB3, 0x6B, 0x6D, 0x3D, 0xF0, 0x82, 0xD0, 0x3F, 0x5D, 0x23, 0xD0, 0x94,
    0xD3, 0x48, 0xCB, 0x0D, 0xC4, 0x9D, 0xD8, 0x3B, 0x49, 0xC3, 0x3E, 0x57, 0xAA, 0xB6, 0xE0, 0x7F,
    0x23, 0x8D, 0x5F, 0x96, 0x5A, 0xED, 0x41, 0xAB, 0x44, 0xFB, 0x8C, 0x9E, 0xEB, 0x37, 0x2E, 0x91,
    0xFA, 0x01, 0x4F, 0x6E, 0x49, 0x60, 0xCC, 0xF5, 0x71, 0x87, 0xC8, 0x77, 0x9F, 0xA1, 0xCF, 0xC7,
    0x1D, 0xEC, 0x21, 0x59, 0x1B, 0x59, 0x19, 0x59, 0x97, 0xA4, 0xCB, 0xEB, 0x65, 0x4D, 0x34, 0x9E,
    0x5E, 0xB5, 0x1F, 0x41, 0xF8, 0x9E, 0xE4, 0x66, 0x65, 0xCA, 0xCD, 0xB2, 0xC2, 0xCD, 0xDA, 0x2D,
    0xDC, 0xAC, 0xC6, 0x7A, 0x6E, 0x16, 0x97, 0xD1, 0x6A, 0x0F, 0xB9, 0x59, 0x8D, 0xF9, 0x78, 0x71,
    0x29, 0x68, 0xEF, 0xA9, 0xE2, 0x69, 0x3E, 0xC1, 0x0F, 0x61, 0xCF, 0xF7, 0x70, 0x0B, 0x54, 0x35,
    0xB1, 0x12, 0x02, 0x8E, 0x59, 0x44, 0xF6, 0x71, 0xF8, 0x39, 0x66, 0x44, 0xF6, 0xB2, 0x01, 0x39,
    0xEB, 0xC2, 0xDE, 0xAA, 0x0A, 0xA4, 0xA9, 0x3C, 0xB3, 0xC4, 0x68, 0x3F, 0x12, 0xF0, 0xFD, 0x08,
    0x00, 0x68, 0xF8, 0x0D, 0x01, 0x48, 0x94, 0x9D, 0x4F, 0xFB, 0x14, 0x0C, 0x75, 0x94, 0x65, 0xED,
    0xCA, 0x47, 0xB6, 0x49, 0xF2, 0x58, 0xD8, 0xF6, 0xBE, 0x7A, 0x59, 0xA9, 0x8D, 0x4C, 0xFF, 0xA6,
    0x75, 0xFE, 0xEE, 0x73, 0xBC, 0xEC, 0x57, 0x78, 0xA1, 0xA0, 0xD5, 0x53, 0xFE, 0x99, 0x16, 0x29,
    0x0F, 0x24, 0x97, 0xB1, 0xAF, 0x33, 0xDD, 0xD8, 0xF3, 0xEF, 0x2E, 0x3F, 0xE7, 0x98, 0x80, 0x5D,
    0x48, 0x70, 0xC6, 0x7C, 0xF6, 0x85, 0x6D, 0x28, 0x71, 0x3B, 0x75, 0x4B, 0xE9, 0xA9, 0x55, 0x64,
    0xD1, 0xAC, 0xC2, 0x8B, 0x66, 0x89, 0x31, 0x8A, 0x6A, 0xF0, 0x9A, 0x9F, 0x6E, 0x89, 0x36, 0x2A,
    0xD3, 0x24, 0xD5, 0xF6, 0xE9, 0x71, 0xC7, 0xD3, 0x7F, 0x60, 0x85, 0x5D, 0x7D, 0x12, 0x44, 0x6C,
    0x58, 0x04, 0x19, 0x1C, 0x4D, 0x35, 0x4C, 0xB0, 0x9C, 0xDB, 0xF0, 0xC0, 0x57, 0x9D, 0x83, 0xC7,
    0x8C, 0x72, 0xC7, 0x46, 0x28, 0x7A, 0x21, 0xD6, 0xA0, 0x43, 0x92, 0x45, 0x08, 0xD6, 0x49, 0x87,
    0x1C, 0x62, 0xB8, 0xBB, 0x91, 0xB0, 0x20, 0x89, 0xF7, 0xC4, 0xF2, 0x9D, 0xD9, 0x51, 0x45, 0x15,
    0x9D, 0xE0, 0x6C, 0x44, 0x91, 0xA3, 0x9E, 0x23, 0x83, 0x44, 0x72, 0xF3, 0xC5, 0xF7, 0x89, 0xA6,
    0xDD, 0x4B, 0xFA, 0xC9, 0x18, 0xD8, 0xAA, 0xE7, 0x1C, 0x0E, 0x7A, 0xF0, 0x6A, 0x3E, 0xC8, 0xE3,
    0xCC, 0xC7, 0xDD, 0x44, 0x0F, 0xB6, 0x62, 0x47, 0x58, 0x32, 0xE6, 0x43, 0x22, 0xD4, 0x95, 0xB4,
    0x77, 0x02, 0x4C, 0x08, 0x2C, 0x79, 0x97, 0x0D, 0x1C, 0xC0, 0xCF, 0xC7, 0xB2, 0xCD, 0x86, 0x52,
    0xAA, 0x4B, 0x56, 0x75, 0x3A, 0x4A, 0x78, 0x7F, 0x74, 0x0B, 0x3E, 0xF1, 0x7C, 0x52, 0x0A, 0x91,
    0x96, 0x0C, 0xCB, 0xB8, 0xFA, 0xA1, 0xAC, 0xC3, 0xE8, 0xCB, 0x81, 0x65, 0x18, 0x8C, 0x24, 0xE5,
    0x82, 0xBA, 0xDC, 0x4B, 0xBB, 0x15, 0x6A, 0x8D, 0x54, 0x0A, 0xF0, 0x46, 0xC4, 0x7E, 0x55, 0xD8,
    0x60, 0xA9, 0xBE, 0x44, 0xBD, 0x8D, 0x4F, 0x8F, 0x45, 0x70, 0xBC, 0x74, 0x45, 0x15, 0xF2, 0x4E,
    0x4D, 0x63, 0xFD, 0x43, 0x1D, 0xB5, 0xAC, 0xD7, 0xA8, 0x8F, 0x98, 0xE8, 0x35, 0xFF, 0xB0, 0x49,
    0x25, 0xCE, 0x56, 0x30, 0xC3, 0x26, 0x9A, 0xCC, 0xAE, 0x11, 0x1E, 0x60, 0x70, 0x86, 0x04, 0x07,
    0xBF, 0x81, 0x68, 0x1B, 0x4D, 0x48, 0x4E, 0x25, 0xB7, 0xDC, 0x5D, 0x48, 0x55, 0x95, 0x3A, 0x5A,
    0x1F, 0xF0, 0xBF, 0x29, 0x3F, 0xA7, 0xEA, 0x65, 0x0F, 0xBA, 0x7D, 0x49, 0x61, 0x0B, 0x24, 0x4D,
    0xB9, 0x15, 0xCB, 0xB4, 0x91, 0x22, 0xD9, 0xAC, 0x6A, 0x01, 0x4B, 0x64, 0x0D, 0x51, 0x25, 0xF7,
    0xC9, 0x80, 0x8F, 0xEF, 0xF6, 0x54, 0x88, 0xEA, 0x07, 0x01, 0x3D, 0x1F, 0x97, 0xC6, 0xE0, 0x46,
    0x41, 0x2C, 0xD6, 0xC8, 0xFE, 0x99, 0xB5, 0x31, 0xC4, 0xE8, 0x9F, 0xBF, 0x6F, 0x13, 0x88, 0xD1,
    0xBF, 0x7C, 0xC7, 0x66, 0x20, 0xAE, 0x96, 0x3F, 0xB6, 0x04, 0xF0, 0x50, 0x1F, 0xDD, 0xEC, 0x1A,
    0x91, 0x16, 0x3D, 0x65, 0x95, 0x2A, 0x24, 0x66, 0xBA, 0xE8, 0x11, 0x91, 0x94, 0xB5, 0x90, 0x67,
    0xDE, 0x07, 0xAF, 0xEA, 0x23, 0x19, 0xAF, 0x98, 0x43, 0x1A, 0x88, 0x0A, 0xB1, 0xE0, 0xA0, 0xEE,
    0x9B, 0x2E, 0xBA, 0xDB, 0x70, 0xCC, 0x09, 0xA9, 0xC5, 0x08, 0x11, 0xBF, 0xB9, 0x6C, 0xB2, 0xF8,
    0x06, 0x59, 0x95, 0x67, 0xFD, 0xB8, 0xED, 0x32, 0x10, 0x25, 0x98, 0x48, 0xF8, 0x94, 0xB4, 0x25,
    0xC7, 0x0A, 0x9D, 0x31, 0x85, 0x13, 0xC6, 0x0D, 0xCE, 0x08, 0x49, 0xF9, 0x01, 0xE6, 0x41, 0xCC,
    0x69, 0x84, 0x0A, 0xBA, 0x87, 0xAE, 0x09, 0x17, 0xB0, 0x93, 0xEB, 0x92, 0xCB, 0xC5, 0x44, 0x14,
    0x07, 0x27, 0xC9, 0x3D, 0x7B, 0x5D, 0x28, 0x30, 0x6F, 0x88, 0x76, 0x79, 0x6B, 0x96, 0x04, 0x4F,
    0x7D, 0x28, 0x6C, 0xB7, 0xC9, 0xF1, 0xAF, 0xFC, 0x23, 0x48, 0xEE, 0x49, 0x49, 0x94, 0xEB, 0x5A,
    0xF5, 0xC9, 0x0A, 0x1F, 0x87, 0xBF, 0x27, 0x5E, 0x6A, 0xA8, 0xF9, 0x47, 0x41, 0x47, 0xBE, 0xF2,
    0x9C, 0x20, 0x55, 0x8B, 0xB1, 0x69, 0x0F, 0xFF, 0x6E, 0xE0, 0xB7, 0x69, 0x79, 0x5B, 0x26, 0x89,
    0xE5, 0x1D, 0x2F, 0x9D, 0x58, 0x86, 0x27, 0x55, 0x4E, 0xF9, 0xF9, 0x14, 0x73, 0x73, 0x1E, 0x96,
    0x64, 0xBC, 0x8A, 0xDC, 0xCC, 0xA8, 0x58, 0xD3, 0x46, 0xFC, 0x08, 0x4C, 0xF0, 0xC1, 0x61, 0xC3,
    0x73, 0xC1, 0x05, 0xB9, 0x56, 0x03, 0x33, 0x56, 0xF4, 0xC9, 0x1F, 0xB9, 0x64, 0xA5, 0xE6, 0x1C,
    0x89, 0x75, 0x9B, 0x8F, 0x85, 0x0E, 0x11, 0xED, 0xE0, 0xF6, 0x9E, 0x98, 0xC2, 0x96, 0x4C, 0x5C,
    0x5F, 0x3C, 0x99, 0xA4, 0x10, 0xEF, 0xC4, 0x0C, 0x97, 0x64, 0x62, 0x06, 0x5F, 0x3C, 0xB1, 0x64,
    0x8F, 0x67, 0x65, 0x18, 0xD9, 0x8D, 0x60, 0x57, 0x6F, 0x6B, 0x2C, 0xD3, 0xB0, 0x16, 0x0E, 0xEB,
    0x4D, 0x8F, 0xE5, 0xBE, 0x22, 0xB4, 0xD1, 0x44, 0x68, 0x70, 0xF9, 0x7B, 0x1A, 0x78, 0x94, 0x02,
    0xAA, 0x56, 0x25, 0xD7, 0xBC, 0xE1, 0xF0, 0x1E, 0xBD, 0xB7, 0x9A, 0x9F, 0xAB, 0xBC, 0x80, 0x7C,
    0xE2, 0xC4, 0xF6, 0x59, 0x79, 0xDC, 0xFA, 0x73, 0x72, 0x7D, 0x9C, 0xBF, 0x61, 0x96, 0x02, 0x30,
    0x43, 0x30, 0x5F, 0x7C, 0x64, 0x5C, 0xE2, 0x7B, 0x25, 0x48, 0x52, 0x3D, 0xA2, 0xF7, 0x22, 0x48,
    0x44, 0x4D, 0x90, 0x70, 0x82, 0xD5, 0x07, 0x0E, 0x4C, 0x1B, 0xF8, 0x67, 0xA2, 0x55, 0x7D, 0xE6,
    0xDC, 0x89, 0x8E, 0x45, 0x67, 0x4B, 0x24, 0x43, 0x80, 0x83, 0x2F, 0x7B, 0x61, 0x2C, 0xD6, 0x0E,
    0x10, 0xDF, 0x3D, 0x46, 0xAE, 0x61, 0xC7, 0x26, 0x7F, 0xDE, 0x4A, 0x25, 0x93, 0x9A, 0x1F, 0xC0,
    0x98, 0xD7, 0x4C, 0xAD, 0x4B, 0x0B, 0x3D, 0x3B, 0xD4, 0x0E, 0x55, 0x1C, 0x2E, 0xDB, 0xB1, 0x5E,
    0x1F, 0x31, 0x91, 0x2F, 0x83, 0xA9, 0x6F, 0xDB, 0xCC, 0x73, 0x70, 0xE2, 0x6D, 0x1D, 0xCA, 0xA8,
    0x10, 0x69, 0x2E, 0xE9, 0x98, 0xC9, 0x97, 0xF4, 0xCC, 0xF4, 0xC9, 0x7A, 0x16, 0xAE, 0x79, 0xC7,
    0x27, 0x64, 0x45, 0x11, 0xEF, 0xE6, 0xF8, 0xAB, 0x48, 0x4E, 0x61, 0x76, 0x82, 0x3E, 0x40, 0x33,
    0x97, 0xE1, 0xA5, 0xCA, 0xEC, 0x3F, 0xB1, 0xF3, 0x3F, 0xB9, 0xD2, 0xC4, 0xF2, 0xC3, 0x7A, 0x46,
    0xCA, 0xAE, 0x5E, 0xF8, 0xB5, 0x1C, 0xFB, 0xCD, 0xEA, 0xE5, 0xA3, 0xA7, 0xF0, 0x15, 0x5D, 0xC7,
    0x53, 0x7B, 0x23, 0x21, 0x0D, 0x64, 0xCA, 0xE8, 0x21, 0xEF, 0xB6, 0x1A, 0x11, 0x65, 0x1A, 0x90,
    0x65, 0xD0, 0x86, 0xB6, 0xB8, 0xEE, 0xC4, 0x0B, 0x20, 0x1B, 0x70, 0xA6, 0xF0, 0x2B, 0xAC, 0xA9,
    0x84, 0xAB, 0x2F, 0xE4, 0x8D, 0x5B, 0x75, 0x3E, 0x8D, 0x59, 0x02, 0xAB, 0x13, 0xED, 0xE2, 0xB2,
    0x77, 0x4B, 0x40, 0x3B, 0x20, 0xAF, 0x77, 0xF6, 0xB6, 0x3B, 0xA4, 0x93, 0xA5, 0x12, 0x4D, 0x53,
    0x72, 0xFC, 0xAC, 0xA3, 0xAC, 0xD1, 0xD4, 0x9D, 0xBA, 0xD3, 0x8A, 0x4C, 0xAC, 0x07, 0x97, 0xF0,
    0x59, 0x43, 0x5F, 0xE6, 0x73, 0x5B, 0x7E, 0x35, 0x3E, 0x7C, 0x4A, 0xD8, 0x70, 0x27, 0x9A, 0xDF,
    0x25, 0xBA, 0x14, 0x5D, 0x5C, 0xAC, 0xB1, 0x3A, 0xC9, 0x6F, 0x6E, 0x97, 0x0C, 0xE2, 0xF3, 0xE4,
    0xE2, 0xFD, 0x8D, 0xA2, 0x82, 0x23, 0x82, 0xBB, 0x96, 0x49, 0x0F, 0x89, 0xE8, 0xDC, 0xF1, 0xA4,
    0x49, 0x09, 0x3B, 0x79, 0x86, 0xE2, 0x2D, 0x0D, 0xBE, 0x74, 0x6B, 0x11, 0xE6, 0xCF, 0xA6, 0x68,
    0xB8, 0x44, 0xD3, 0x1D, 0xA0, 0xE9, 0x0A, 0xA6, 0xFB, 0x19, 0x10, 0xC1, 0xF8, 0x31, 0x33, 0xB6,
    0x20, 0x25, 0xB6, 0xA2, 0x32, 0x6E, 0xA6, 0xFC, 0x2F, 0x44, 0x7E, 0x71, 0xF0, 0xA4, 0x42, 0x1D,
    0xAA, 0x3D, 0x43, 0xFE, 0x8C, 0x47, 0x88, 0xDF, 0xE7, 0x52, 0xCA, 0x1D, 0x98, 0xB7, 0xB5, 0x5E,
    0x83, 0xAF, 0xDA, 0x26, 0x8B, 0x55, 0xF9, 0x47, 0xF4, 0xFC, 0xA7, 0x3E, 0x00, 0x6A, 0xCF, 0xEC,
    0x08, 0x67, 0xA7, 0x27, 0x1B, 0x7C, 0xF9, 0xC7, 0xA4, 0xF9, 0x72, 0xC4, 0x0B, 0x7F, 0xDB, 0x57,
    0xB2, 0xD2, 0x8A, 0xC4, 0xFE, 0x19, 0x6A, 0x66, 0x29, 0x68, 0xD5, 0x1D, 0x94, 0x9A, 0xD0, 0xEA,
    0xC8, 0x5E, 0x5E, 0x2E, 0x0D, 0x3D, 0xA6, 0x97, 0x86, 0x7F, 0x98, 0x85, 0x32, 0x84, 0x56, 0xFD,
    0xB2, 0x5E, 0xF1, 0xD1, 0xC6, 0x9D, 0xF4, 0x74, 0xFC, 0x60, 0x3D, 0xDD, 0xF6, 0x2B, 0x2E, 0xA4,
    0x5F, 0x69, 0xEB, 0x0B, 0xAB, 0x2D, 0xE1, 0xD3, 0x7E, 0x1B, 0xBB, 0x4A, 0xD5, 0x75, 0x10, 0x6A,
    0xB5, 0xF8, 0xFF, 0x03, 0xED, 0x5D, 0xBD, 0xB3, 0xE6, 0x56, 0x79, 0x3F, 0x7A, 0xE5, 0xBD, 0x32,
    0x68, 0x06, 0xB9, 0x60, 0x3D, 0x83, 0x37, 0x89, 0x28, 0xD2, 0xC4, 0x93, 0xA0, 0xBF, 0x80, 0x95,
    0x08, 0xC3, 0x50, 0x7A, 0x8B, 0x5D, 0x67, 0xC6, 0x34, 0x29, 0x92, 0x62, 0x9D, 0xC2, 0x29, 0x53,
    0x90, 0x91, 0x02, 0x05, 0xED, 0x2D, 0x42, 0x8A, 0x34, 0xB8, 0xF0, 0x4C, 0x60, 0x5D, 0x6C, 0x4A,
    0x0A, 0x83, 0x64, 0xF8, 0x03, 0x10, 0xC3, 0x90, 0x86, 0x02, 0x25, 0x36, 0x05, 0xA6, 0x40, 0x19,
    0xE4, 0x58, 0xBB, 0x96, 0x74, 0xF2, 0x7C, 0x9E, 0x73, 0xF4, 0xDE, 0x7B, 0xBD, 0xD7, 0x18, 0x86,
    0xF5, 0x72, 0xDF, 0xB1, 0x57, 0x47, 0xEF, 0x7D, 0x25, 0x9D, 0x8F, 0xDF, 0x79, 0xBE, 0x9F, 0x47,
    0xC6, 0xD0, 0x27, 0xFA, 0xBE, 0x91, 0x4F, 0x62, 0x2B, 0xD7, 0x6A, 0xA4, 0x95, 0xBA, 0xEF, 0x32,
    0x4B, 0xBF, 0xBE, 0xF7, 0x9A, 0xC9, 0x37, 0x6C, 0xB5, 0xD6, 0x9E, 0xD6, 0x0B, 0xFD, 0xC4, 0xDA,
    0x87, 0x76, 0x84, 0x56, 0x6D, 0xF1, 0x03, 0x97, 0x1E, 0xA8, 0x21, 0x7F, 0xFC, 0x77, 0x4B, 0x7F,
    0x2C, 0xEC, 0x04, 0xFF, 0x8F, 0x74, 0x65, 0x03, 0xDF, 0xCF, 0xD0, 0xB2, 0x70, 0xCF, 0x18, 0x7F,
    0x47, 0xFF, 0x1C, 0xF0, 0x9F, 0x04, 0x7E, 0x66, 0x22, 0xBB, 0xE2, 0x03, 0x47, 0x6C, 0xC1, 0xC3,
    0x72, 0xDB, 0xE3, 0x8F, 0x37, 0xBC, 0x49, 0x27, 0xAD, 0x32, 0x68, 0x35, 0xF2, 0xBB, 0x1A, 0x3B,
    0x4B, 0xD7, 0xFA, 0x56, 0x8B, 0xDD, 0xA6, 0x3B, 0x53, 0x2B, 0x0E, 0x5A, 0x93, 0xB4, 0x52, 0x7C,
    0x10, 0x5D, 0x91, 0xD9, 0x01, 0x5B, 0x8D, 0x3C, 0xA8, 0xE4, 0x7F, 0x1A, 0x69, 0x61, 0x6F, 0x69,
    0x08, 0x31, 0xDE, 0x18, 0x7E, 0xBC, 0xC2, 0xD9, 0x4C, 0xD3, 0x65, 0x7F, 0x65, 0xF1, 0x52, 0x19,
    0x78, 0x25, 0xF3, 0x43, 0x33, 0x80, 0xDD, 0xB7, 0x34, 0x00, 0xEC, 0x91, 0x7D, 0x20, 0xD3, 0x79,
    0xED, 0x8E, 0x39, 0xF3, 0x49, 0x27, 0x9E, 0xE9, 0x25, 0x3C, 0xE4, 0xF8, 0x84, 0xBB, 0x55, 0x39,
    0xE2, 0xB3, 0xE7, 0x76, 0xC0, 0x9B, 0xE0, 0x24, 0x67, 0xF0, 0xEF, 0x8A, 0x3D, 0xA3, 0xE9, 0xB5,
    0x6B, 0x02, 0x87, 0x83, 0x1D, 0x23, 0x18, 0x56, 0x0C, 0xBD, 0x85, 0x8E, 0xA5, 0xF0, 0x2B, 0x38,
    0xE0, 0xC2, 0xC1, 0xA1, 0xD8, 0xE8, 0x50, 0xAE, 0x7C, 0x80, 0x9B, 0xC3, 0x2F, 0x71, 0x01, 0xE1,
    0xBA, 0x76, 0x81, 0xBB, 0xD2, 0xE1, 0x00, 0xC3, 0x80, 0x03, 0xDE, 0x01, 0x0E, 0x78, 0x07, 0x38,
    0xE4, 0x70, 0x87, 0x7A, 0x33, 0x25, 0x4D, 0xF6, 0x5F, 0xE3, 0xA8, 0x0A, 0x7E, 0x6A, 0xC6, 0xCB,
    0x1D, 0x53, 0x4F, 0x70, 0xC8, 0x03, 0x8D, 0xF2, 0x76, 0x38, 0xA8, 0xE8, 0xBB, 0x66, 0x87, 0xA0,
    0x8B, 0x5A, 0xC5, 0xAA, 0x17, 0xD8, 0x05, 0xEF, 0xCB, 0xCF, 0xC0, 0xB9, 0xA3, 0x31, 0x36, 0x70,
    0xBA, 0x21, 0xC2, 0x70, 0x5C, 0xF6, 0x6D, 0xF8, 0xEB, 0x56, 0x51, 0xAF, 0x68, 0x00, 0xD0, 0x5A,
    0xB5, 0x05, 0x1D, 0xA6, 0xD1, 0xC0, 0x29, 0x81, 0x6A, 0x90, 0x56, 0x8C, 0x8B, 0x10, 0xE1, 0x82,
    0xE1, 0xE8, 0xE0, 0x0F, 0x93, 0xB4, 0x62, 0xFC, 0x71, 0xC2, 0x03, 0x19, 0x0D, 0x0D, 0x1A, 0x5A,
    0x03, 0x76, 0xAE, 0xC2, 0x3F, 0x0C, 0xD2, 0xCD, 0x14, 0x6F, 0x40, 0xAD, 0x0C, 0x2F, 0xA3, 0x6D,
    0x40, 0x2D, 0xEA, 0x7A, 0x4E, 0x38, 0x59, 0xA8, 0x55, 0x49, 0xAB, 0x70, 0xAD, 0x12, 0x2F, 0x6B,
    0x27, 0x6D, 0x51, 0xF7, 0xB0, 0x15, 0x49, 0xAB, 0xE2, 0xEE, 0x11, 0xD0, 0xE8, 0x9E, 0xB8, 0x5F,
    0xA2, 0x96, 0xA0, 0x84, 0x73, 0x60, 0x37, 0x9E, 0x2D, 0x6B, 0x09, 0x71, 0x38, 0xE5, 0x8C, 0x38,
    0x84, 0xA5, 0x20, 0xCE, 0xDC, 0xC0, 0x89, 0xE1, 0xCF, 0xF5, 0xDB, 0xE6, 0x9C, 0x4F, 0x3A, 0x9B,
    0x10, 0x5A, 0xEE, 0x58, 0xCC, 0xE6, 0x1A, 0xDC, 0xE2, 0x59, 0x3B, 0x9E, 0x10, 0xBC, 0x6D, 0x53,
    0xC2, 0x8C, 0x65, 0x00, 0xD6, 0xD6, 0xF2, 0xF2, 0xEB, 0x11, 0x47, 0x83, 0x48, 0x32, 0x35, 0x43,
    0x09, 0xC7, 0x44, 0x03, 0x84, 0xEB, 0x6A, 0x39, 0xB6, 0x33, 0x8E, 0x6B, 0x40, 0x7C, 0xC1, 0x2C,
    0xF7, 0x34, 0x58, 0x98, 0xE8, 0x83, 0x4C, 0x33, 0x4D, 0x2D, 0xD0, 0x15, 0x9D, 0xCE, 0x4C, 0x8E,
    0xA5, 0x4C, 0x6A, 0xCB, 0x53, 0x7A, 0xD8, 0x6C, 0x37, 0xC2, 0x33, 0xD2, 0x07, 0xF6, 0x67, 0xF0,
    0x0C, 0xDB, 0xFE, 0x2F, 0x42, 0x0E, 0xA0, 0xF0, 0x26, 0x0E, 0x1C, 0xD0, 0x00, 0x03, 0xEF, 0xA0,
    0x4F, 0x33, 0x11, 0x01, 0xBC, 0x59, 0x8D, 0xF3, 0x01, 0xE3, 0xBE, 0x76, 0x34, 0x6A, 0x18, 0xD9,
    0xAD, 0xF0, 0x3C, 0x19, 0x4D, 0xB2, 0x1C, 0x4D, 0x4B, 0x31, 0xEF, 0x7E, 0xB1, 0x1A, 0x99, 0x5C,
    0xF9, 0xC4, 0xF6, 0x8B, 0x8E, 0x10, 0x0A, 0x48, 0x7F, 0xBD, 0xEE, 0x9F, 0xD2, 0xDA, 0x69, 0xFF,
    0x05, 0xD3, 0xAA, 0xE0, 0xE3, 0xB1, 0xAE, 0x77, 0x5D, 0xCC, 0x25, 0x3F, 0x2F, 0x01, 0xD9, 0x0D,
    0x3F, 0xAF, 0x58, 0x5E, 0xEA, 0x54, 0xA0, 0x91, 0x2A, 0xDD, 0xC9, 0x84, 0x04, 0x17, 0x56, 0x00,
    0xC2, 0x5F, 0x74, 0xB4, 0x87, 0x88, 0x20, 0xE5, 0xF2, 0xC5, 0xCD, 0x6F, 0xD9, 0xAE, 0x26, 0x9A,
    0xBA, 0x7D, 0xF3, 0x0E, 0x6D, 0xE3, 0x0C, 0xD7, 0x06, 0x6E, 0x52, 0x22, 0x21, 0xD9, 0x04, 0xC8,
    0xB8, 0x1A, 0xF0, 0x45, 0x62, 0x15, 0xD9, 0x05, 0xCC, 0x74, 0xD9, 0x33, 0x75, 0x86, 0x13, 0x26,
    0x9A, 0x65, 0x27, 0x04, 0x19, 0x31, 0x8D, 0xF4, 0x34, 0x05, 0xD2, 0x43, 0x33, 0x86, 0x44, 0x23,
    0xA1, 0xDF, 0xF2, 0x3D, 0x69, 0xA3, 0xD2, 0x3E, 0x83, 0xAF, 0x69, 0xD2, 0xDB, 0x45, 0x88, 0x31,
    0xDC, 0x7E, 0x34, 0x6E, 0xB3, 0x4E, 0x46, 0x89, 0xBC, 0x7C, 0x31, 0x0A, 0xC3, 0x30, 0x44, 0xC0,
    0xF8, 0x0B, 0xA6, 0xC4, 0x26, 0xE2, 0xBD, 0x4C, 0x9B, 0x97, 0xEE, 0x29, 0x58, 0x1B, 0xF1, 0x9E,
    0x03, 0x2F, 0x20, 0xFD, 0x91, 0xC8, 0x7B, 0xE7, 0xBE, 0x20, 0xE8, 0xC9, 0x3D, 0x09, 0x96, 0x39,
    0xFC, 0x31, 0x16, 0xB2, 0x9D, 0xE0, 0x1F, 0x4B, 0xE2, 0x55, 0x93, 0x39, 0xBC, 0x8A, 0x97, 0x77,
    0x78, 0x39, 0x8E, 0x7A, 0x20, 0x5A, 0x4D, 0x1B, 0x95, 0xD9, 0x0D, 0xD0, 0xE3, 0x99, 0xBF, 0xC0,
    0xCB, 0x23, 0xBC, 0x27, 0x12, 0x6E, 0x24, 0x0A, 0x39, 0x6D, 0x29, 0xB8, 0x67, 0x39, 0x11, 0x45,
    0x88, 0x2C, 0xED, 0x71, 0x78, 0x7C, 0x4B, 0x34, 0xFD, 0x5E, 0x6B, 0xF9, 0x9E, 0x77, 0x5E, 0x82,
    0x2F, 0x4F, 0xAC, 0xEC, 0xF1, 0x52, 0x56, 0x90, 0x57, 0xB2, 0xD7, 0x2F, 0x7A, 0x3E, 0x3E, 0x30,
    0xFA, 0x45, 0x47, 0x6C, 0x77, 0x73, 0x84, 0x62, 0x8F, 0x53, 0x73, 0x76, 0x3B, 0x44, 0xE1, 0x0F,
    0x60, 0x97, 0x07, 0xB0, 0x3D, 0xAC, 0xA6, 0x1C, 0x42, 0x90, 0x9B, 0x1D, 0x86, 0x61, 0x13, 0x84,
    0x37, 0xB2, 0x3F, 0x5A, 0x42, 0x6C, 0xD6, 0xB4, 0x42, 0x8A, 0x4C, 0xE8, 0x5D, 0x1F, 0xE0, 0x92,
    0xC9, 0xA3, 0x43, 0xA5, 0x49, 0x37, 0x37, 0x80, 0x45, 0x77, 0x82, 0x43, 0xA4, 0xDB, 0x2F, 0x8C,
    0x47, 0xF9, 0x28, 0x1A, 0x83, 0x53, 0xC4, 0x62, 0x74, 0xCB, 0x9C, 0x54, 0x1E, 0x89, 0x30, 0xC1,
    0xC5, 0xE8, 0x71, 0x08, 0x53, 0x59, 0xCE, 0x0E, 0x85, 0xC8, 0x3A, 0x91, 0x3A, 0x09, 0x06, 0x89,
    0x88, 0x8E, 0x0E, 0x81, 0xB1, 0x4C, 0xB4, 0xE0, 0x2F, 0xDE, 0x98, 0xFE, 0x0A, 0xFA, 0xA0, 0x8B,
    0xF9, 0xEA, 0xB1, 0x07, 0xA7, 0xF5, 0xE4, 0x91, 0x17, 0x4D, 0x11, 0x5E, 0xEA, 0x71, 0x17, 0xE3,
    0xA5, 0x1E, 0x75, 0xD9, 0xB6, 0xC3, 0x1C, 0xF6, 0xC9, 0x23, 0x8E, 0x89, 0x8D, 0xC3, 0x5B, 0x4C,
    0xD2, 0x97, 0x43, 0x5B, 0x26, 0xA4, 0x5F, 0xB0, 0x06, 0x97, 0x3E, 0xE3, 0x91, 0x86, 0xC4, 0xF5,
    0x66, 0x88, 0x33, 0x80, 0x43, 0xE3, 0x50, 0x96, 0xDA, 0x5F, 0xE0, 0x0A, 0x7A, 0x8C, 0x21, 0x5E,
    0x1C, 0xC2, 0x5A, 0x3A, 0x75, 0xF8, 0xE2, 0xA5, 0x72, 0xE8, 0x6A, 0xFF, 0x1B, 0x59, 0xAF, 0xC3,
    0x56, 0xD9, 0xDD, 0xB0, 0x3B, 0x1A, 0x69, 0xAE, 0x7B, 0x1C, 0x45, 0xC6, 0x7C, 0xDA, 0x9D, 0xE4,
    0xF0, 0x6C, 0x77, 0x52, 0x76, 0x89, 0xD0, 0xC9, 0x97, 0xE0, 0xA4, 0xCF, 0x27, 0x21, 0x5F, 0xBD,
    0x29, 0xC6, 0x5A, 0x76, 0x26, 0x8C, 0x3E, 0x9B, 0x59, 0xE2, 0xA4, 0x93, 0x54, 0x76, 0x64, 0x82,
    0xDD, 0xD2, 0xDD, 0x48, 0xFC, 0xF1, 0xC0, 0x04, 0x42, 0xF8, 0xB6, 0x08, 0x55, 0x7C, 0x52, 0x37,
    0xC7, 0xA2, 0xEB, 0x4E, 0x7A, 0xDD, 0x93, 0xDF, 0xE8, 0x35, 0x3C, 0xB9, 0x0E, 0x47, 0xA2, 0x61,
    0x2F, 0x6C, 0x70, 0x8F, 0xB7, 0x63, 0x62, 0xC7, 0x28, 0xCA, 0x00, 0xCD, 0xFC, 0x32, 0x5C, 0x99,
    0x12, 0x38, 0x4B, 0x46, 0x70, 0xE1, 0x4F, 0x50, 0xEC, 0x38, 0xC0, 0x64, 0xD4, 0x0C, 0x5E, 0x68,
    0x01, 0x13, 0xAC, 0xFB, 0x1B, 0x34, 0xFF, 0x03, 0xEE, 0xEA, 0x1A, 0x98, 0x5D, 0x07, 0x5D, 0xE9,
    0x88, 0x2D, 0x02, 0xA7, 0x23, 0x30, 0xE3, 0x32, 0x17, 0xA6, 0x58, 0xA8, 0x2B, 0x04, 0x17, 0xA6,
    0x00, 0x9B, 0x0A, 0x24, 0x28, 0x6D, 0xAE, 0x7C, 0x92, 0x08, 0xAF, 0x25, 0x14, 0x10, 0xEE, 0xEA,
    0x85, 0xF7, 0x10, 0xA2, 0x0E, 0x11, 0x8B, 0x32, 0x83, 0xDC, 0x64, 0x21, 0xE9, 0x15, 0xC4, 0xF7,
    0x88, 0x4E, 0xB0, 0x87, 0xD9, 0x6A, 0x92, 0x1E, 0x4E, 0x60, 0x42, 0x0F, 0x1D, 0x10, 0x9E, 0x14,
    0xA5, 0xBB, 0xEC, 0x37, 0xF6, 0x5B, 0x03, 0x2C, 0x27, 0xAC, 0x42, 0x6D, 0xDB, 0x9F, 0x58, 0xFB,
    0x13, 0x46, 0x02, 0x8C, 0xEA, 0xEB, 0xD6, 0xFE, 0x08, 0x4F, 0x90, 0xD3, 0x6E, 0x70, 0x51, 0xCE,
    0x5B, 0x03, 0xD8, 0x2B, 0xC8, 0xCE, 0xD9, 0x52, 0xE0, 0x52, 0x20, 0x40, 0x6D, 0x9F, 0x2C, 0xBC,
    0x2D, 0x6E, 0xCB, 0x9A, 0x47, 0xB7, 0x44, 0xEE, 0x1D, 0x54, 0x1E, 0x8C, 0x19, 0x4F, 0x39, 0xCD,
    0x5B, 0x42, 0x24, 0x8A, 0xA6, 0x8F, 0x7E, 0xB6, 0x32, 0xD7, 0x9A, 0x14, 0xD2, 0x22, 0x10, 0xED,
    0x4F, 0x72, 0x5E, 0x44, 0x92, 0xEE, 0x58, 0x88, 0x12, 0x01, 0x8F, 0xB6, 0xB9, 0xF0, 0x0C, 0xFD,
    0xB1, 0xB1, 0x67, 0x4F, 0xF8, 0xCA, 0x48, 0x18, 0xCC, 0xCA, 0x2C, 0x61, 0xF2, 0x7F, 0x8F, 0x3D,
    0xA7, 0xF1, 0x27, 0xB3, 0x63, 0x03, 0x7A, 0x25, 0x6D, 0x49, 0xBD, 0x92, 0xE4, 0x15, 0xFD, 0x31,
    0x77, 0x77, 0x77, 0x92, 0x30, 0xA7, 0xE1, 0xBE, 0xD3, 0x95, 0xAF, 0xB2, 0x28, 0x48, 0x8B, 0x78,
    0x58, 0xA4, 0xEF, 0xB4, 0x73, 0x97, 0x60, 0xD4, 0xD9, 0x12, 0x8C, 0x1A, 0x98, 0x86, 0x1F, 0x35,
    0xAC, 0x1B, 0xF7, 0xBD, 0xB4, 0x5F, 0x7A, 0x11, 0xA0, 0x42, 0xDD, 0x3D, 0x11, 0x1A, 0x6A, 0x59,
    0xC0, 0xE4, 0xCD, 0x4B, 0xDD, 0x15, 0x7E, 0xC0, 0xDD, 0x65, 0x5D, 0xAC, 0x8A, 0x75, 0xC7, 0x18,
    0xDF, 0x43, 0xDE, 0xB1, 0x99, 0x27, 0xA5, 0x59, 0x55, 0xF8, 0x8D, 0x52, 0xBE, 0xDB, 0xFA, 0x8D,
    0x52, 0xAB, 0x0E, 0x23, 0x27, 0x53, 0x78, 0xE2, 0x59, 0x43, 0x19, 0x50, 0x6D, 0x18, 0xED, 0xE9,
    0x25, 0xA5, 0x9A, 0xC3, 0x7A, 0xBE, 0x70, 0x84, 0xD0, 0x16, 0x44, 0x89, 0x68, 0x6C, 0x45, 0x38,
    0x36, 0x8A, 0x27, 0xA2, 0xE8, 0x02, 0x27, 0x16, 0xDE, 0x64, 0x3C, 0x28, 0xC7, 0x86, 0x63, 0x53,
    0x2C, 0x99, 0x00, 0x4A, 0xD7, 0x3D, 0x92, 0x6E, 0xB8, 0x1B, 0xE3, 0xDE, 0x1F, 0xB4, 0x1D, 0x73,
    0xBB, 0xDE, 0x7C, 0x5B, 0x51, 0xD4, 0x07, 0xB8, 0x09, 0xDB, 0x9D, 0x83, 0x10, 0xEE, 0x7B, 0x8F,
    0xA0, 0x26, 0x00, 0x50, 0x13, 0x40, 0xA6, 0x0A, 0xDA, 0x21, 0x7A, 0x3C, 0x78, 0x48, 0xCE, 0x16,
    0xEC, 0x94, 0x6B, 0x00, 0x9D, 0x25, 0x40, 0xCE, 0x12, 0x00, 0x67, 0x09, 0x70, 0x33, 0x07, 0xB0,
    0x99, 0x02, 0xD4, 0x8C, 0x0E, 0x34, 0xA4, 0x7A, 0x38, 0xCC, 0x0C, 0x01, 0x64, 0xBA, 0x00, 0x31,
    0x5D, 0xB0, 0xAE, 0xCD, 0x39, 0xAB, 0xF5, 0x14, 0x77, 0x93, 0x3E, 0x37, 0xB9, 0x0B, 0xBC, 0x0F,
    0xFF, 0xCB, 0xB1, 0x8B, 0x88, 0xB9, 0xAC, 0x6B, 0xBB, 0x5B, 0x5A, 0x1B, 0x22, 0xCD, 0x63, 0xEB,
    0xE4, 0xA1, 0xA0, 0xF1, 0xAE, 0x8A, 0xD6, 0xF0, 0xE4, 0xB6, 0x4A, 0x2C, 0x31, 0xBD, 0x2E, 0x63,
    0x01, 0xAA, 0xD7, 0x23, 0x4D, 0x72, 0x4E, 0xEC, 0xAE, 0x22, 0x3A, 0x8B, 0xBD, 0x43, 0x01, 0x03,
    0x8F, 0x48, 0x9E, 0x72, 0x79, 0x8C, 0xF6, 0x14, 0x27, 0xF3, 0x1A, 0x6B, 0x66, 0x64, 0x6E, 0xA8,
    0x91, 0x80, 0x22, 0x43, 0x9C, 0x0D, 0x31, 0x46, 0xF8, 0x8E, 0x8F, 0x23, 0xB5, 0xF9, 0x38, 0x92,
    0x4E, 0x63, 0x48, 0xCB, 0xEE, 0x49, 0x6F, 0x63, 0x8E, 0x34, 0xD0, 0xDA, 0x1F, 0xA8, 0x1B, 0x1D,
    0x7D, 0x97, 0x12, 0x0D, 0xEC, 0x68, 0x8D, 0x13, 0x3A, 0xF2, 0xE4, 0xE5, 0x96, 0xD7, 0x3D, 0x97,
    0xAE, 0xA1, 0xDA, 0x88, 0xDF, 0x95, 0xEB, 0x27, 0xA8, 0x6B, 0xE5, 0x52, 0x50, 0xD7, 0x6A, 0x54,
    0x79, 0xE5, 0x88, 0x13, 0x5A, 0x03, 0xC4, 0x90, 0xE0, 0x95, 0x96, 0xD7, 0x12, 0x97, 0x98, 0x6C,
    0x23, 0xB7, 0x44, 0x7D, 0x54, 0x58, 0x2A, 0x0C, 0x23, 0x59, 0xAB, 0xBC, 0xE2, 0x91, 0xC3, 0x96,
    0x5E, 0x65, 0xCF, 0xCE, 0x62, 0x9A, 0x18, 0xE5, 0xBC, 0x61, 0xD0, 0xAD, 0x62, 0x0A, 0x3A, 0x95,
    0xBB, 0xD1, 0x88, 0x88, 0x11, 0x10, 0x0B, 0xA6, 0x41, 0xDA, 0x2D, 0xB1, 0xCC, 0x06, 0x2C, 0xEA,
    0x03, 0x76, 0x49, 0x69, 0x2D, 0x23, 0xBC, 0x29, 0xFC, 0xB8, 0x97, 0xDD, 0x98, 0xE1, 0x86, 0xC8,
    0x56, 0xDD, 0x84, 0x19, 0x99, 0x72, 0x16, 0x7F, 0x8A, 0x92, 0xF1, 0xA2, 0xDB, 0x32, 0x27, 0xD6,
    0xBA, 0xE8, 0xCE, 0x2C, 0xB0, 0x43, 0x28, 0x1B, 0xF1, 0xE6, 0x2C, 0x49, 0x71, 0x99, 0x94, 0xB6,
    0x97, 0xD8, 0x0F, 0xB4, 0x83, 0x94, 0xAC, 0x48, 0xBC, 0x87, 0xCC, 0x75, 0x54, 0x62, 0xDF, 0xFE,
    0x06, 0xE6, 0xA6, 0x1D, 0x74, 0xA3, 0x82, 0xF8, 0xB2, 0x18, 0x95, 0xE6, 0x50, 0x56, 0x80, 0x7E,
    0x04, 0xA7, 0x20, 0x68, 0x92, 0x6C, 0x4B, 0x13, 0x12, 0xD9, 0xAE, 0xB4, 0x11, 0x8D, 0x65, 0xA2,
    0xE1, 0x83, 0x50, 0xF4, 0x35, 0xE8, 0x09, 0x8B, 0x1B, 0x20, 0x8E, 0x65, 0xF6, 0x87, 0x44, 0x86,
    0xF8, 0x14, 0xF8, 0xF9, 0x5B, 0xD6, 0xB8, 0x53, 0xF8, 0xEF, 0x3D, 0xAB, 0x1B, 0x38, 0xB1, 0x44,
    0xAD, 0x94, 0x5B, 0x00, 0x0A, 0x23, 0x51, 0xD0, 0x68, 0xF4, 0x68, 0x83, 0xB1, 0x7E, 0x6E, 0x56,
    0x5E, 0x5C, 0x39, 0xCD, 0x69, 0x8D, 0xDD, 0xDC, 0xF0, 0xB4, 0xCC, 0x3A, 0x37, 0x25, 0xE9, 0x17,
    0xB3, 0x27, 0x56, 0xA7, 0xA4, 0x98, 0xF0, 0x69, 0x6E, 0x09, 0x8F, 0x3A, 0x19, 0xA5, 0x65, 0x63,
    0x90, 0x4C, 0x46, 0x69, 0x09, 0xB1, 0x83, 0x8E, 0x9E, 0x3E, 0xAF, 0x89, 0xF0, 0xEA, 0xD5, 0xE4,
    0x1D, 0xAF, 0x88, 0xFB, 0x54, 0xE5, 0x2B, 0xDA, 0xF0, 0xEB, 0x2B, 0xA1, 0x2A, 0x90, 0x87, 0x5B,
    0x97, 0x4E, 0xD7, 0xFD, 0xE9, 0xB8, 0xD3, 0x7B, 0x43, 0x99, 0x0C, 0xFA, 0xF5, 0xB6, 0xF9, 0x50,
    0x9F, 0xB6, 0xDA, 0x69, 0xE2, 0xDD, 0xEE, 0xD6, 0xBD, 0x47, 0x2B, 0x9D, 0x39, 0xB0, 0x12, 0x45,
    0x70, 0x58, 0x25, 0xBA, 0xE0, 0xA0, 0xCA, 0xEA, 0x87, 0x43, 0x2A, 0x89, 0x30, 0x0E, 0xA8, 0xDA,
    0x67, 0x5E, 0x10, 0x1D, 0x10, 0xC3, 0xF4, 0x5A, 0x88, 0xD2, 0x44, 0x74, 0x54, 0x06, 0x69, 0xAD,
    0x3C, 0x98, 0x30, 0xCA, 0x3B, 0x4D, 0x21, 0xCA, 0x67, 0x1E, 0xA1, 0xD3, 0x0E, 0xA0, 0xE3, 0x0E,
    0x9F, 0x63, 0x00, 0xCF, 0x88, 0x4D, 0xA0, 0x82, 0x4E, 0x22, 0xD2, 0x01, 0x38, 0xFB, 0x1D, 0x36,
    0xFB, 0x1D, 0x34, 0xBB, 0x1D, 0x32, 0xBB, 0x1D, 0x30, 0x9B, 0x00, 0x97, 0xC4, 0x87, 0x02, 0x58,
    0x86, 0xA8, 0x24, 0xE2, 0xE1, 0x40, 0x49, 0x5B, 0xD2, 0x61, 0x92, 0xB6, 0xA0, 0x87, 0xE4, 0xBA,
    0x43, 0xE4, 0xB2, 0x03, 0xE4, 0xB2, 0xC3, 0xE3, 0xB4, 0x83, 0xE3, 0xB8, 0x43, 0xE3, 0xB8, 0x43,
    0x49, 0x7F, 0xC1, 0xAA, 0x47, 0x3B, 0x4E, 0xA4, 0x34, 0xCE, 0x09, 0x2F, 0x01, 0x10, 0x95, 0xDE,
    0x29, 0x17, 0x09, 0x1F, 0x50, 0xDA, 0x3D, 0x9E, 0x43, 0xFC, 0x2A, 0x1D, 0x34, 0x17, 0x9A, 0x68,
    0x8D, 0x11, 0xBB, 0x9E, 0x30, 0xB2, 0xF5, 0x9C, 0x66, 0x14, 0x6C, 0xB6, 0xA0, 0x1F, 0xAD, 0x57,
    0xB0, 0xAF, 0x5F, 0xF4, 0x94, 0x6B, 0xA0, 0xD3, 0x9E, 0x92, 0x31, 0xEB, 0x44, 0x68, 0x7F, 0x8D,
    0x9A, 0xD9, 0x02, 0x48, 0x46, 0x34, 0x37, 0xB0, 0x3C, 0x68, 0x00, 0xCB, 0xB8, 0x09, 0x03, 0xAB,
    0x32, 0x32, 0xDC, 0xAC, 0xF6, 0x3E, 0xB1, 0xC0, 0x0A, 0x97, 0x2C, 0xB3, 0xBC, 0xA0, 0xC0, 0x36,
    0xB4, 0x59, 0xDB, 0x2E, 0xDF, 0x8C, 0x18, 0xF4, 0x88, 0xE7, 0x90, 0x55, 0x78, 0xA3, 0xB1, 0x90,
    0x65, 0x98, 0x25, 0x8A, 0x72, 0x21, 0xF9, 0xA5, 0x9E, 0xA9, 0x89, 0x0B, 0xD7, 0x32, 0x9B, 0x8C,
    0x45, 0x84, 0x00, 0x4E, 0x19, 0x8B, 0x65, 0x0F, 0x56, 0x1C, 0x00, 0xA6, 0xCB, 0x99, 0xA2, 0x2C,
    0xC1, 0xEC, 0x91, 0xD4, 0xF7, 0xEE, 0x14, 0x51, 0x9B, 0xA1, 0x54, 0xF1, 0xC3, 0x11, 0x2F, 0xC9,
    0x69, 0x04, 0x63, 0x4C, 0xB6, 0x3B, 0x6A, 0x22, 0x3C, 0xA1, 0x1B, 0xC8, 0xDD, 0x71, 0x61, 0x49,
    0x03, 0xB2, 0x3C, 0x88, 0x99, 0x44, 0x27, 0x15, 0x36, 0xAE, 0x7B, 0x4E, 0x1E, 0xDA, 0x8B, 0x83,
    0x95, 0x78, 0x86, 0xE5, 0x1E, 0x9C, 0xFC, 0x29, 0xF2, 0xBA, 0xE2, 0x57, 0x14, 0x4B, 0x89, 0x75,
    0xA4, 0x28, 0xF5, 0x14, 0x2C, 0xB1, 0xA1, 0xA8, 0xE2, 0x60, 0x77, 0xE3, 0x97, 0x5E, 0xC6, 0x11,
    0xF5, 0x16, 0x67, 0xA8, 0x62, 0xC3, 0x48, 0x22, 0xEA, 0x46, 0x57, 0x2C, 0xB2, 0xAC, 0x2D, 0x3F,
    0xAF, 0x7C, 0x5F, 0x1E, 0x91, 0xA9, 0x50, 0x9C, 0xE8, 0xED, 0x23, 0x77, 0xF3, 0xBA, 0xBA, 0x90,
    0xDA, 0x45, 0xAF, 0xEA, 0x00, 0xA7, 0x23, 0xF0, 0x1C, 0x14, 0x50, 0x89, 0x36, 0x32, 0x45, 0x9B,
    0xC3, 0xAF, 0x93, 0xC4, 0xDB, 0x5F, 0x5B, 0xB5, 0xD2, 0xA8, 0x7D, 0xEB, 0x05, 0x55, 0xAB, 0x45,
    0x2D, 0xCE, 0x56, 0xD9, 0x48, 0xC5, 0x2C, 0x72, 0x5E, 0x39, 0xCA, 0x46, 0x6B, 0x07, 0x91, 0x24,
    0x6C, 0x17, 0x8B, 0xDA, 0xC3, 0x76, 0x5B, 0x98, 0x37, 0x61, 0x8B, 0x40, 0x34, 0x0E, 0x62, 0x03,
    0x14, 0xF9, 0xAE, 0x66, 0x05, 0x52, 0x2C, 0x09, 0x33, 0x0B, 0x7B, 0x96, 0xCD, 0x27, 0x1D, 0xF3,
    0x9E, 0xD4, 0x8A, 0xF2, 0x46, 0x46, 0x0D, 0xDC, 0xAB, 0xB4, 0x76, 0xC8, 0xB4, 0x6A, 0x22, 0x98,
    0x16, 0x10, 0xBF, 0x92, 0xB8, 0x3A, 0x95, 0x62, 0xEC, 0x5A, 0x6A, 0x6C, 0xA0, 0x26, 0xD2, 0xE2,
    0x9E, 0x75, 0x6E, 0x15, 0x5C, 0x92, 0xAC, 0xA1, 0x05, 0x29, 0xBA, 0x18, 0xEF, 0x57, 0x0C, 0x19,
    0x69, 0x02, 0x53, 0x49, 0x1D, 0x5C, 0x44, 0x2D, 0xB3, 0x3C, 0x7C, 0x6F, 0x29, 0xF4, 0xBB, 0xB0,
    0x6C, 0x2E, 0x5E, 0x87, 0xD7, 0xC8, 0x72, 0x56, 0x90, 0xE5, 0x17, 0x46, 0xF2, 0x73, 0xCB, 0xA0,
    0xD9, 0x78, 0xC4, 0x2B, 0x5B, 0x01, 0x44, 0xFF, 0x9F, 0x59, 0xF3, 0x9F, 0x54, 0xE7, 0x27, 0x6D,
    0x7F, 0x64, 0x3D, 0x7F, 0x60, 0x0D, 0xBF, 0x57, 0xDD, 0x5E, 0xB4, 0x7A, 0xD1, 0xE7, 0x49, 0x93,
    0x6F, 0x54, 0x87, 0x17, 0xED, 0x1D, 0xF4, 0xF6, 0x0D, 0xF4, 0x76, 0xD1, 0xD8, 0x59, 0x57, 0xEF,
    0x59, 0x4B, 0xEF, 0x58, 0x3F, 0x17, 0xCD, 0x5C, 0x74, 0x72, 0xAF, 0x8D, 0xCB, 0xBC, 0xE0, 0xFE,
    0xC5, 0x5E, 0xF3, 0x84, 0xDB, 0x86, 0x40, 0x0A, 0x10, 0x1D, 0x3C, 0x40, 0x05, 0x32, 0xCC, 0xC4,
    0x1C, 0xB9, 0x6D, 0x2F, 0x04, 0xA6, 0x28, 0x64, 0xB1, 0x3F, 0x90, 0xCD, 0x42, 0x1D, 0x13, 0x7D,
    0xA0, 0xC4, 0xCB, 0x41, 0x34, 0x2F, 0x51, 0xBA, 0x44, 0x3F, 0xD7, 0x03, 0xC3, 0x94, 0x95, 0x7A,
    0x11, 0xD9, 0x54, 0x3A, 0xE1, 0x83, 0x28, 0x50, 0x91, 0xF6, 0x6F, 0x0C, 0x54, 0x75, 0x39, 0x88,
    0xCE, 0x94, 0x9E, 0xF7, 0xF0, 0xF3, 0xFA, 0x70, 0xC2, 0x1B, 0x9D, 0x6D, 0x11, 0x08, 0xAD, 0x2D,
    0x50, 0x71, 0x9F, 0x42, 0x47, 0xC1, 0x1B, 0x26, 0x9D, 0xA3, 0xCD, 0x14, 0xC0, 0xB2, 0x4D, 0x0B,
    0x2B, 0xF9, 0x35, 0x5C, 0x8C, 0x9F, 0x91, 0x9B, 0x6D, 0x62, 0xBB, 0x2F, 0xDF, 0x98, 0x76, 0xFF,
    0xE1, 0x1C, 0xF3, 0x3D, 0x8A, 0x12, 0x07, 0x66, 0x97, 0x74, 0xD5, 0x2A, 0xDC, 0x53, 0xBC, 0x40,
    0x8B, 0x11, 0xA0, 0x33, 0x9B, 0x1F, 0xD9, 0x51, 0xA2, 0xBC, 0xBC, 0x33, 0x6A, 0xFC, 0x69, 0x94,
    0x33, 0x5B, 0xD5, 0x09, 0x8B, 0xED, 0x04, 0x69, 0x5E, 0x81, 0xA4, 0x1D, 0xA9, 0xA4, 0xB5, 0xEE,
    0xF6, 0x13, 0x5B, 0x97, 0x58, 0x8C, 0x09, 0xC8, 0xD5, 0xF7, 0xA0, 0xEF, 0x38, 0x7A, 0x24, 0xBE,
    0x15, 0xD1, 0xAA, 0x9C, 0xD5, 0x80, 0xB1, 0x1E, 0x59, 0x1D, 0xD2, 0xA9, 0x52, 0x0A, 0x21, 0x84,
    0x46, 0xCD, 0x04, 0xF5, 0xF9, 0xBB, 0x23, 0x12, 0x83, 0x2F, 0x7A, 0x80, 0x85, 0x92, 0xCE, 0xBA,
    0xFD, 0xD5, 0x05, 0xDA, 0x89, 0xE7, 0x77, 0x70, 0x7E, 0x5F, 0xF5, 0xFA, 0x8A, 0xCF, 0x57, 0x3D,
    0xBE, 0xEA, 0xEF, 0x15, 0x6F, 0xEF, 0xAA, 0xBE, 0x5E, 0xF5, 0xF4, 0x96, 0xEE, 0xC8, 0x5E, 0x5E,
    0xF5, 0xEC, 0xEA, 0x51, 0xFD, 0xBB, 0xEA, 0xDD, 0x55, 0xDF, 0xAE, 0x7A, 0x76, 0xD5, 0xAF, 0xAB,
    0x5E, 0x5D, 0xF5, 0xE9, 0xAA, 0x47, 0x57, 0xFD, 0xB9, 0xEA, 0xCD, 0x55, 0x5F, 0xAE, 0xF3, 0xE4,
    0xAA, 0x1F, 0x57, 0xBD, 0xB8, 0xCE, 0x87, 0x1B, 0x78, 0x70, 0x89, 0x14, 0x75, 0xB4, 0x79, 0x8A,
    0x3E, 0xA6, 0x35, 0x1B, 0x49, 0x94, 0x14, 0x52, 0x94, 0x3A, 0x52, 0x54, 0x79, 0x52, 0xA4, 0x74,
    0x5D, 0x49, 0x51, 0x77, 0xB1, 0x04, 0x7C, 0xB7, 0x62, 0x10, 0xCF, 0xA2, 0x41, 0x8B, 0xA3, 0xA7,
    0x63, 0xFD, 0x7D, 0x78, 0x4C, 0xDD, 0xBF, 0x8E, 0x6D, 0x7E, 0x0F, 0x49, 0x10, 0x8D, 0x58, 0x63,
    0x0C, 0x00, 0x8A, 0xBC, 0x79, 0xEA, 0x51, 0xD9, 0xE6, 0x76, 0xCC, 0x36, 0x63, 0xCF, 0x36, 0x55,
    0x64, 0xAA, 0x9B, 0x0F, 0xD6, 0x14, 0xD4, 0x6F, 0xBC, 0xA8, 0xDB, 0x78, 0x56, 0xAF, 0xF1, 0x28,
    0x4E, 0x63, 0x78, 0xBC, 0xF3, 0x19, 0x3B, 0x97, 0xB1, 0xF3, 0x18, 0x3B, 0x87, 0xB1, 0xFA, 0x8B,
    0x9D, 0xBB, 0xD8, 0x79, 0x8B, 0x9D, 0xB3, 0xD8, 0xF9, 0x8A, 0x9D, 0xAB, 0xD8, 0x79, 0x8A, 0x9D,
    0xA3, 0xD8, 0xF9, 0x89, 0x9D, 0x9B, 0xD8, 0x79, 0x89, 0x9D, 0x93, 0xD8, 0xF9, 0x88, 0x9D, 0x8B,
    0xD8, 0x79, 0x88, 0x9D, 0x83, 0xD8, 0xF9, 0x87, 0x9D, 0x7B, 0xD8, 0x79, 0x87, 0x9D, 0x73, 0xD8,
    0xF9, 0x86, 0xBD, 0x6B, 0xD8, 0x79, 0x83, 0xBC, 0x63, 0xD8, 0xF9, 0x85, 0xC5, 0x64, 0x2F, 0xC6,
    0x7A, 0x31, 0xD3, 0x8B, 0x81, 0x5E, 0x4C, 0xF3, 0xD9, 0x03, 0x71, 0x44, 0x08, 0x03, 0x5D, 0x02,
    0x42, 0xAC, 0xC6, 0xF7, 0x8B, 0x05, 0x19, 0x54, 0x95, 0xA2, 0xEA, 0x84, 0xF4, 0x2F, 0x71, 0x27,
    0x57, 0xE2, 0x45, 0x56, 0x67, 0xB2, 0xF8, 0x92, 0xC5, 0x95, 0x2C, 0x9E, 0x64, 0x71, 0x24, 0xB3,
    0x1F, 0x59, 0xDC, 0xC8, 0xE2, 0x45, 0x16, 0x27, 0xB2, 0xF8, 0x90, 0xC5, 0x85, 0x2C, 0x1E, 0x64,
    0x71, 0x20, 0x8B, 0xFF, 0x58, 0xDC, 0xC7, 0xE2, 0x3D, 0x16, 0xE7, 0xB1, 0xF8, 0x8E, 0xC5, 0x75,
    0x2C, 0x9E, 0x63, 0x75, 0x1C, 0x3B, 0xBF, 0x71, 0x2A, 0x2C, 0xCD, 0xEB, 0xB8, 0x45, 0xD0, 0xD8,
    0x64, 0xEB, 0xDF, 0xB9, 0x7D, 0xC6, 0xA9, 0xC6, 0xD4, 0xB7, 0x1C, 0x52, 0xE1, 0x62, 0x63, 0x21,
    0x12, 0xC7, 0x58, 0x4A, 0x63, 0x28, 0x19, 0xD1, 0xB6, 0x2A, 0x86, 0xCB, 0xA9, 0xBE, 0x57, 0x80,
    0xBE, 0x34, 0xA0, 0x45, 0xA0, 0xCF, 0xF8, 0x27, 0xB2, 0x78, 0xB9, 0x0D, 0x2D, 0xD3, 0xCE, 0x21,
    0x4A, 0x2E, 0xD0, 0x7A, 0x20, 0xB0, 0x03, 0x8B, 0x20, 0x51, 0x75, 0x44, 0xD5, 0x01, 0xE6, 0x8A,
    0xF9, 0x51, 0x47, 0x54, 0xF9, 0xAE, 0x79, 0xAE, 0x7A, 0xC2, 0xE0, 0xCD, 0x74, 0x99, 0x3F, 0x5F,
    0x55, 0x05, 0x68, 0x39, 0xD2, 0xA9, 0x9C, 0xEA, 0x9A, 0x2A, 0xE9, 0xCD, 0x1E, 0x1C, 0x79, 0x93,
    0xEB, 0x2E, 0x1B, 0x77, 0xA8, 0x86, 0x3E, 0xB7, 0x6A, 0x0A, 0x6F, 0x45, 0x66, 0xAB, 0x6A, 0xA6,
    0x12, 0xB7, 0xCF, 0x38, 0xA1, 0xAF, 0xE0, 0xFD, 0x21, 0xE1, 0x0D, 0x9F, 0xCF, 0xAA, 0xCB, 0x9E,
    0x66, 0x99, 0x71, 0xCD, 0xCE, 0x61, 0x76, 0x0F, 0x78, 0x17, 0x56, 0x1F, 0xFC, 0x29, 0xE3, 0x15,
    0x4C, 0x42, 0x20, 0xD7, 0x1D, 0x12, 0x20, 0x50, 0x47, 0x5B, 0xF2, 0x54, 0xF7, 0xEC, 0xB0, 0x7E,
    0x93, 0x0F, 0x0D, 0xC5, 0x49, 0xAD, 0x17, 0x93, 0xF6, 0x8F, 0x2B, 0xF4, 0xA3, 0x57, 0xA3, 0xD7,
    0xC4, 0x88, 0x93, 0xAE, 0x02, 0x7C, 0x51, 0xB2, 0xE3, 0xAD, 0xED, 0xD5, 0x27, 0x71, 0x6C, 0x54,
    0xC8, 0xC7, 0xA3, 0xF1, 0x03, 0xF4, 0x27, 0x85, 0xFE, 0xA2, 0xD0, 0x9F, 0x2F, 0x80, 0xFE, 0xA7,
    0xAF, 0xA0, 0xFF, 0x3B, 0x80, 0x3E, 0x2D, 0x56, 0x07, 0xEA, 0x19, 0xDC, 0x65, 0x60, 0x01, 0x7B,
    0xCA, 0xC8, 0xDB, 0xB0, 0x94, 0x6C, 0x85, 0x17, 0x73, 0x45, 0xE8, 0x1E, 0x46, 0x35, 0xCE, 0xB9,
    0x04, 0x95, 0xEA, 0xB7, 0x1D, 0x5E, 0x70, 0x38, 0x1F, 0xFA, 0x15, 0xDD, 0xE5, 0xDB, 0xE6, 0xF9,
    0x27, 0x4D, 0xA8, 0x89, 0x1C, 0xEC, 0x54, 0x82, 0x2E, 0xC6, 0x63, 0x9C, 0x3B, 0x1F, 0x70, 0xE2,
    0xCC, 0x54, 0x85, 0x36, 0xA2, 0xE6, 0x0A, 0xFA, 0x7F, 0x08, 0xE8, 0x0B, 0xAB, 0xFE, 0xDC, 0xCE,
    0x6A, 0x28, 0xCB, 0x23, 0x82, 0xB8, 0xB8, 0x5C, 0x39, 0x28, 0x9B, 0xC3, 0x8E, 0xBC, 0xA6, 0x94,
    0x99, 0x3F, 0x76, 0xAA, 0xFF, 0xEC, 0x29, 0xDB, 0xAE, 0x28, 0x44, 0x8C, 0x40, 0x63, 0x49, 0x45,
    0x26, 0x9F, 0xD0, 0x56, 0x01, 0xBA, 0x00, 0xD1, 0xF0, 0x94, 0x8C, 0xFC, 0xB4, 0xB1, 0x98, 0x5C,
    0xA2, 0x96, 0x63, 0xBD, 0xC5, 0x9E, 0x81, 0xCD, 0x9F, 0x93, 0x1E, 0x9D, 0x51, 0xB0, 0x4E, 0xBE,
    0x22, 0x77, 0x85, 0xD1, 0x95, 0x64, 0x24, 0xAF, 0x47, 0x0C, 0xE4, 0xB1, 0x03, 0x8D, 0x8E, 0x2C,
    0xA7, 0x18, 0xB8, 0x8C, 0x56, 0x0B, 0x0E, 0x0E, 0x14, 0xA7, 0x7B, 0xE3, 0xC2, 0x13, 0xEF, 0x04,
    0x5B, 0xE1, 0x48, 0xD9, 0x28, 0x83, 0xC6, 0x7A, 0x81, 0xB2, 0x71, 0xCD, 0x9C, 0x55, 0x36, 0x4A,
    0xD5, 0xCE, 0x6A, 0x69, 0xF4, 0xB5, 0x53, 0x36, 0xFA, 0x47, 0xEA, 0x19, 0x57, 0x46, 0xE7, 0xCB,
    0x18, 0x9D, 0x13, 0x6F, 0x7A, 0x69, 0x9C, 0xA6, 0x91, 0xED, 0x5D, 0xA1, 0xAA, 0x0E, 0x92, 0x31,
    0xAE, 0x1C, 0xB3, 0xD9, 0xAF, 0x0E, 0xAF, 0x4D, 0xC4, 0x0A, 0x07, 0xFA, 0xF8, 0xB0, 0xFF, 0xCF,
    0x5F, 0xAC, 0x62, 0x7C, 0x6C, 0x4D, 0xD0, 0x99, 0x3A, 0x54, 0x9C, 0x5F, 0xB8, 0x08, 0x72, 0x21,
    0x2E, 0x0C, 0x7A, 0x4E, 0x1D, 0x4B, 0x52, 0x77, 0x4C, 0xBB, 0x1C, 0xFB, 0xCF, 0x9C, 0xC7, 0x5A,
    0xE5, 0x35, 0xF3, 0x99, 0x2B, 0x54, 0x7F, 0x64, 0x57, 0x8A, 0xEA, 0xCF, 0x8D, 0x03, 0x77, 0xEE,
    0xB4, 0xE9, 0xED, 0x9C, 0x89, 0x65, 0xEA, 0x23, 0xB4, 0x87, 0x8D, 0xCA, 0xAA, 0x82, 0x08, 0x3B,
    0x12, 0xE2, 0x23, 0xD1, 0xC4, 0x9F, 0xAC, 0x9E, 0x3C, 0x37, 0xCB, 0xD1, 0x30, 0x5C, 0x3A, 0x86,
    0x73, 0x91, 0xB8, 0x76, 0x1F, 0xB4, 0x9D, 0x91, 0xF7, 0xCE, 0x9D, 0x3B, 0x95, 0xF9, 0x6D, 0x3E,
    0xB5, 0x0B, 0x9A, 0xBE, 0xB8, 0x1D, 0x59, 0x97, 0x28, 0x82, 0x10, 0x7A, 0xF7, 0xC5, 0xFB, 0x93,
    0xF6, 0xA0, 0xD7, 0x80, 0xEF, 0x74, 0xC5, 0x36, 0x6F, 0xB9, 0xFC, 0x5D, 0x94, 0x58, 0xB8, 0xCF,
    0xF5, 0xFF, 0x60, 0x9B, 0xFB, 0x69, 0x7F, 0x08, 0x73, 0xF6, 0x94, 0x5C, 0xEA, 0xD3, 0xC3, 0xD2,
    0x35, 0xF5, 0x69, 0x3B, 0xB3, 0x8F, 0x05, 0xAB, 0xD1, 0xD1, 0x2C, 0xC3, 0x42, 0x86, 0x6C, 0x35,
    0xF6, 0xBE, 0x2A, 0x74, 0x1A, 0x90, 0x6D, 0xEA, 0x34, 0x14, 0x1C, 0x4F, 0xCB, 0xD1, 0x9D, 0xA3,
    0x42, 0x86, 0x3B, 0x3F, 0xFB, 0x29, 0xD3, 0x2D, 0x9F, 0x59, 0x1F, 0x47, 0xA6, 0x1B, 0x65, 0x66,
    0x61, 0x0C, 0xA5, 0xC1, 0x68, 0x65, 0x4B, 0x31, 0x42, 0x20, 0x5E, 0x55, 0x0C, 0xEC, 0x08, 0xA5,
    0x99, 0xC4, 0x44, 0xA0, 0x4D, 0xBE, 0xA0, 0xBD, 0xF3, 0xE6, 0x8B, 0x24, 0x8D, 0xAC, 0x12, 0x05,
    0x3D, 0x21, 0xE0, 0xBB, 0xC4, 0xF2, 0x6D, 0x31, 0x36, 0x20, 0x93, 0x80, 0x39, 0xF4, 0xB6, 0x64,
    0x1A, 0x22, 0x4D, 0x9D, 0x58, 0xF7, 0xB6, 0x40, 0xC7, 0xA7, 0x4B, 0x9D, 0x7D, 0x60, 0xD8, 0xB7,
    0x1E, 0xC5, 0x6F, 0xFF, 0x1E, 0x7E, 0xF6, 0xAF, 0x92, 0xE5, 0x63, 0x19, 0xF9, 0x40, 0x54, 0xD8,
    0x6D, 0x12, 0xC4, 0xFD, 0xFF, 0x0A, 0xA5, 0x27, 0x8C, 0x43, 0x47, 0x98, 0xA3, 0x15, 0x7F, 0x01,
    0x49, 0x03, 0xF7, 0x40, 0x39, 0x81, 0xA4, 0x81, 0xBB, 0x00, 0x05, 0x8F, 0x8E, 0xF6, 0x41, 0x4F,
    0xC1, 0x20, 0x18, 0x20, 0x92, 0x59, 0x09, 0x2A, 0xAE, 0x29, 0x70, 0x30, 0xB1, 0xDF, 0xC0, 0x2B,
    0x16, 0xE1, 0x58, 0xB4, 0x23, 0x28, 0xDC, 0x6D, 0x61, 0x5F, 0x12, 0x36, 0x5A, 0x10, 0x3D, 0x23,
    0x68, 0x50, 0x67, 0x32, 0x0E, 0x1C, 0x6E, 0x40, 0x18, 0x84, 0xBD, 0xF1, 0x3E, 0x4A, 0x69, 0x15,
    0xC0, 0xEB, 0x2D, 0xFB, 0xB0, 0x25, 0x79, 0xFD, 0x07, 0xB4, 0x31, 0x4B, 0x92, 0xBB, 0x68, 0xFB,
    0xCD, 0x1C, 0x4A, 0x96, 0x50, 0xF0, 0xDB, 0xCC, 0x59, 0x38, 0x4E, 0xC8, 0x79, 0xF9, 0x5E, 0xA5,
    0x13, 0x56, 0x89, 0x7B, 0x68, 0xF4, 0x2B, 0x28, 0x53, 0x0E, 0x8F, 0xFB, 0xE6, 0x8B, 0x14, 0x29,
    0x80, 0xE1, 0xF9, 0x03, 0x67, 0x7E, 0x80, 0x1E, 0x41, 0x72, 0x58, 0xDB, 0xB1, 0x41, 0xAA, 0x6D,
    0x38, 0x2D, 0xA4, 0x95, 0x8C, 0x92, 0xDB, 0xEA, 0x77, 0xE4, 0x28, 0x7A, 0x7A, 0x48, 0xE3, 0x22,
    0x48, 0x03, 0x6F, 0x23, 0x1D, 0xE1, 0x89, 0x73, 0x4D, 0x5E, 0x33, 0x3B, 0xC9, 0x71, 0xC4, 0x23,
    0x4C, 0x46, 0x5F, 0xB3, 0x90, 0x5E, 0xC9, 0x91, 0x1E, 0x0F, 0xC0, 0x58, 0x4B, 0xA1, 0x92, 0x05,
    0xA5, 0x12, 0xA0, 0xC6, 0xC2, 0x21, 0x11, 0x99, 0x4C, 0x24, 0x74, 0xFB, 0xE1, 0xEB, 0x9C, 0xF0,
    0xC1, 0xA0, 0x55, 0xC2, 0x9D, 0x4A, 0x26, 0x24, 0xDE, 0x85, 0x85, 0x7A, 0x87, 0x89, 0xE8, 0x6E,
    0xE5, 0x02, 0x52, 0xEE, 0x8D, 0x12, 0x95, 0xE0, 0xC9, 0x3F, 0xC7, 0x9A, 0x26, 0xF6, 0x3E, 0x05,
    0x91, 0x0A, 0x17, 0x89, 0x31, 0xBC, 0x8E, 0x1B, 0xDD, 0x41, 0x7C, 0x49, 0x8D, 0x36, 0x24, 0x62,
    0x13, 0x1A, 0x89, 0xC4, 0x1E, 0x37, 0x99, 0x98, 0xEC, 0xBB, 0x52, 0x02, 0xA1, 0xDF, 0x57, 0x67,
    0x93, 0x75, 0x33, 0xB6, 0x2A, 0x07, 0x94, 0x60, 0x97, 0xFA, 0x38, 0x4A, 0x21, 0x56, 0x2A, 0xA6,
    0x0E, 0x2B, 0x0D, 0x91, 0x25, 0xA6, 0xB2, 0xE9, 0xFD, 0x84, 0x97, 0xF5, 0x35, 0xFB, 0x39, 0x57,
    0xF1, 0xB8, 0xB7, 0x03, 0x27, 0x55, 0x72, 0x84, 0x29, 0xDC, 0xA1, 0x3E, 0x6A, 0x2C, 0xAC, 0xC9,
    0x90, 0x29, 0x86, 0x92, 0x32, 0x38, 0x7E, 0xEA, 0xE1, 0x7D, 0xBA, 0x61, 0xA6, 0x6A, 0x51, 0xE4,
    0x28, 0xC0, 0x73, 0xF6, 0x97, 0xDE, 0x79, 0x41, 0xC2, 0x7D, 0xD1, 0x18, 0xB2, 0xA4, 0x97, 0x4C,
    0x9D, 0x81, 0xE9, 0x32, 0x91, 0xCA, 0x17, 0x76, 0x2F, 0xA5, 0xB6, 0x15, 0x7F, 0xB1, 0xE0, 0x43,
    0xB9, 0x99, 0x4A, 0x18, 0xF9, 0x05, 0x76, 0xF8, 0xC7, 0x05, 0xB3, 0x48, 0x4A, 0xCE, 0xC3, 0x2C,
    0x1F, 0x2B, 0x73, 0xD2, 0x62, 0x04, 0x90, 0xC7, 0x2C, 0x46, 0x69, 0xB1, 0x87, 0x73, 0xE3, 0x64,
    0x5B, 0x58, 0x8E, 0xDF, 0x05, 0x66, 0x35, 0x6B, 0x68, 0x66, 0xEE, 0x81, 0x01, 0xC9, 0x94, 0xEE,
    0xBA, 0xA9, 0x63, 0x4F, 0x32, 0x83, 0x24, 0x25, 0x48, 0x72, 0x81, 0x24, 0x09, 0x48, 0x53, 0x22,
    0x35, 0xED, 0x07, 0x17, 0x64, 0x7E, 0x44, 0xBE, 0xDB, 0x2D, 0x25, 0xB2, 0xEF, 0xBC, 0x21, 0x1C,
    0x61, 0x91, 0x0E, 0x52, 0x40, 0xE4, 0x17, 0xEC, 0xAF, 0x38, 0xB4, 0x8C, 0xFD, 0xE8, 0x13, 0x25,
    0x52, 0x90, 0x8E, 0x29, 0x2E, 0x75, 0x3E, 0xF6, 0xE2, 0x62, 0xEF, 0xC9, 0x85, 0x18, 0x59, 0x11,
    0xC5, 0x30, 0x20, 0xAA, 0x21, 0x59, 0xC9, 0x4A, 0xAC, 0x3D, 0x23, 0x4C, 0xFC, 0xB3, 0xF0, 0xC3,
    0xB7, 0x43, 0x9D, 0x9A, 0x53, 0x2E, 0x02, 0xE9, 0x51, 0x93, 0x92, 0x6A, 0x09, 0x51, 0x68, 0x79,
    0xDA, 0x0A, 0xEE, 0xDD, 0xC1, 0x3E, 0xA8, 0x25, 0xD0, 0x8E, 0x42, 0x13, 0x29, 0xCC, 0x0A, 0xE5,
    0x92, 0x85, 0x4D, 0x2B, 0xE5, 0xCC, 0x56, 0x8B, 0x52, 0xA4, 0xB9, 0xD2, 0xB2, 0xC1, 0xA1, 0x00,
    0x3E, 0xCD, 0x21, 0x79, 0x7C, 0x1F, 0x4D, 0x47, 0xC2, 0xF5, 0xE1, 0x5D, 0xDC, 0x6E, 0x95, 0x0B,
    0x74, 0x12, 0x19, 0xEC, 0x30, 0xA9, 0x25, 0x58, 0xF3, 0x93, 0x28, 0xF0, 0x8F, 0x1D, 0xFC, 0x30,
    0x90, 0x37, 0x55, 0xE2, 0x00, 0x0A, 0xE0, 0x22, 0xDF, 0x66, 0xA7, 0x7D, 0x0E, 0x67, 0x12, 0xBE,
    0xA3, 0xED, 0x32, 0x81, 0xFB, 0x96, 0x68, 0xA6, 0x84, 0xE6, 0x77, 0x24, 0x2B, 0x26, 0xAE, 0x45,
    0x81, 0xC0, 0xB9, 0x4B, 0xF1, 0x60, 0xBB, 0x12, 0xCE, 0x38, 0x87, 0x79, 0x00, 0x16, 0xC4, 0x89,
    0x58, 0x58, 0x0D, 0xD3, 0x40, 0xD8, 0x2A, 0x3B, 0xD5, 0x69, 0x2E, 0x37, 0x25, 0x40, 0xF5, 0x9A,
    0xC9, 0x8C, 0xB7, 0x8B, 0x44, 0x8C, 0x18, 0xBB, 0xAA, 0x2C, 0xE0, 0xA5, 0x2A, 0xA7, 0x89, 0x45,
    0x2E, 0xCE, 0xEB, 0xE0, 0xFE, 0x1A, 0xC3, 0x0C, 0x8C, 0xD2, 0x7A, 0x4B, 0x1E, 0x91, 0xD8, 0x1F,
    0x0B, 0x69, 0x83, 0x85, 0x91, 0xB4, 0x87, 0x14, 0x65, 0xBF, 0x46, 0x42, 0x48, 0x24, 0x7B, 0x10,
    0x3A, 0x9F, 0x32, 0x44, 0x72, 0xA4, 0xB6, 0x9A, 0x89, 0x12, 0x49, 0x8A, 0x23, 0xAA, 0xFA, 0xB8,
    0x52, 0x27, 0x9C, 0x4C, 0x43, 0x08, 0xE5, 0x34, 0xA2, 0x86, 0xC5, 0x03, 0x4A, 0x63, 0xE3, 0x40,
    0x13, 0x1F, 0x9F, 0xC8, 0x66, 0xC9, 0x0A, 0x29, 0x59, 0xDA, 0x63, 0xA4, 0x46, 0x36, 0xA2, 0x65,
    0x33, 0x9D, 0x50, 0x4A, 0x49, 0xC8, 0xAE, 0xC9, 0x74, 0x4B, 0xAC, 0x9A, 0x92, 0xD9, 0x32, 0xEE,
    0x0C, 0x73, 0xEE, 0xF3, 0x5C, 0x25, 0xC9, 0xE9, 0xF8, 0x73, 0xB2, 0x82, 0xC9, 0xBF, 0xA3, 0xD1,
    0xD0, 0x4A, 0x4E, 0x85, 0x56, 0x86, 0xD2, 0xB9, 0x65, 0x4F, 0x25, 0x49, 0x05, 0x7B, 0x94, 0x6D,
    0x14, 0xBA, 0xB7, 0x62, 0x6C, 0x6C, 0x0E, 0xEA, 0xC2, 0x6A, 0x8A, 0x07, 0xC4, 0xEC, 0xDF, 0x9B,
    0x33, 0x64, 0xF9, 0x7D, 0x86, 0xF4, 0x1B, 0x05, 0x29, 0x18, 0x48, 0x3E, 0x53, 0x2C, 0xC1, 0x48,
    0xC2, 0x49, 0x4F, 0x02, 0x49, 0x15, 0xD9, 0x1F, 0xC3, 0x5F, 0x38, 0x58, 0x28, 0xA6, 0x50, 0x89,
    0x98, 0xD0, 0x9C, 0xD8, 0x6F, 0xD1, 0x0E, 0x7E, 0x81, 0x0C, 0x6E, 0x1C, 0x16, 0x1F, 0x53, 0x86,
    0x11, 0x10, 0xE5, 0xAA, 0x40, 0x33, 0xCF, 0x5A, 0x60, 0x08, 0xC6, 0x42, 0x82, 0xFB, 0x52, 0xCE,
    0xEA, 0xF7, 0xBF, 0xFE, 0x87, 0x8E, 0x39, 0x59, 0x8F, 0x62, 0x4E, 0x96, 0x0B, 0x62, 0x4E, 0xE6,
    0x0F, 0x17, 0x73, 0xB2, 0x48, 0xCC, 0xC9, 0x24, 0x31, 0x27, 0x9D, 0x0C, 0x43, 0xB8, 0xEA, 0x2C,
    0x56, 0xA1, 0x86, 0xF1, 0x2C, 0xB6, 0xA0, 0x56, 0x0B, 0x09, 0xEC, 0x3D, 0x77, 0x9A, 0xC4, 0xA9,
    0xBE, 0x0A, 0x55, 0x78, 0x0B, 0xB9, 0x2E, 0x73, 0x39, 0xAD, 0xF2, 0x87, 0x97, 0x9B, 0x20, 0xB2,
    0xA4, 0x50, 0x0D, 0xB3, 0x92, 0xB0, 0x12, 0x8E, 0x2A, 0xA1, 0xA0, 0x12, 0x8E, 0x29, 0xE1, 0x90,
    0x12, 0x8E, 0x28, 0xE1, 0x80, 0x12, 0x8E, 0x27, 0xE1, 0x70, 0x12, 0x8E, 0x26, 0x61, 0x2B, 0x1F,
    0xC7, 0x92, 0x70, 0x28, 0x09, 0x47, 0x92, 0x70, 0x20, 0x09, 0xC7, 0x91, 0x60, 0x18, 0xC9, 0x4A,
    0x51, 0x24, 0x33, 0x91, 0xCB, 0xC1, 0xA7, 0x8C, 0xAD, 0x2E, 0x87, 0x3A, 0x7A, 0x85, 0x35, 0x68,
    0xDA, 0x1F, 0x4C, 0xF9, 0x16, 0x9F, 0x2E, 0x2D, 0xFF, 0xDA, 0x7B, 0x4E, 0x30, 0x11, 0x6F, 0xE5,
    0xF3, 0xFB, 0xA0, 0x5D, 0x15, 0xC7, 0x35, 0xBE, 0xAB, 0xF5, 0x47, 0xDA, 0xFC, 0xD7, 0x1F, 0x21,
    0xA5, 0x5F, 0x21, 0xEE, 0xF7, 0x82, 0x38, 0x36, 0x00, 0x95, 0x5A, 0xBB, 0x82, 0xDB, 0xF3, 0x07,
    0x28, 0x4D, 0x4F, 0x1E, 0x42, 0x9F, 0xA1, 0xFF, 0xCC, 0x61, 0x46, 0xF9, 0xC9, 0xA0, 0xB2, 0x4A,
    0xAE, 0x2C, 0x64, 0xDB, 0x53, 0xC8, 0xB4, 0xDB, 0xF7, 0xD5, 0x12, 0x2C, 0x05, 0x41, 0x1C, 0xFF,
    0x92, 0xCD, 0xFB, 0x81, 0xAC, 0x3A, 0xB6, 0xDE, 0x68, 0xE9, 0x4B, 0x04, 0x88, 0x78, 0x41, 0x62,
    0xC6, 0x3B, 0xF7, 0x28, 0xCA, 0x7F, 0x66, 0xE3, 0x13, 0x2C, 0x20, 0x25, 0xA9, 0x14, 0x23, 0x73,
    0xEC, 0xBC, 0x67, 0xD7, 0x4B, 0xD6, 0x69, 0xCC, 0x6C, 0x72, 0x24, 0xCC, 0x09, 0x2B, 0x96, 0x40,
    0x4D, 0x2A, 0x1B, 0x21, 0x52, 0xD4, 0x28, 0x06, 0x25, 0xCE, 0xC5, 0xBF, 0xAF, 0xEA, 0x83, 0x93,
    0xBE, 0xED, 0xFE, 0x48, 0xA9, 0x05, 0xFF, 0x29, 0x49, 0xDB, 0x92, 0xDF, 0x83, 0x52, 0x52, 0xCD,
    0xA1, 0xE8, 0x86, 0x51, 0xC2, 0x02, 0x74, 0x69, 0xDF, 0x69, 0xB1, 0x1F, 0x85, 0xF5, 0xF6, 0xAA,
    0xD5, 0x87, 0xA7, 0x62, 0x6E, 0xB1, 0x3C, 0xC5, 0xD9, 0x57, 0x28, 0xB2, 0xD3, 0x50, 0x6C, 0x27,
    0xC9, 0x37, 0xE4, 0xFA, 0xA2, 0xF8, 0x4E, 0xC3, 0x11, 0x9E, 0x12, 0xE3, 0x29, 0xB1, 0x94, 0x12,
    0xE7, 0xE9, 0x42, 0x48, 0x25, 0xD2, 0xFB, 0xB0, 0x5C, 0x42, 0x28, 0x12, 0xD7, 0x02, 0x59, 0x8C,
    0xE8, 0x20, 0x22, 0x6B, 0xB6, 0xDD, 0x7B, 0x1D, 0xF9, 0x2A, 0x5B, 0xAE, 0x72, 0x62, 0x7B, 0x38,
    0xC3, 0x38, 0xBA, 0x4F, 0x36, 0x46, 0xA3, 0x5A, 0xBB, 0x20, 0xB7, 0xAE, 0x5C, 0x02, 0x2F, 0x8F,
    0x84, 0xE7, 0x8A, 0xFB, 0x40, 0x12, 0x6A, 0x32, 0xAB, 0x9A, 0x92, 0xA4, 0x17, 0x2E, 0x61, 0x06,
    0x42, 0xBD, 0x85, 0x81, 0xB6, 0x47, 0x87, 0x55, 0x1F, 0x91, 0xB2, 0xFA, 0x5F, 0x74, 0x1C, 0x0F,
    0xC8, 0x39, 0x1B, 0xF5, 0x4A, 0xCA, 0x49, 0x6D, 0xDF, 0xB1, 0xA2, 0xC0, 0xAD, 0x3C, 0xD1, 0x24,
    0x44, 0xF3, 0xFC, 0xDE, 0xD8, 0x4E, 0x8F, 0x74, 0x03, 0x29, 0x25, 0xA0, 0x35, 0x04, 0x5C, 0xF1,
    0x80, 0x47, 0xEB, 0x06, 0xCD, 0x87, 0xD2, 0x0D, 0xAE, 0xDD, 0x12, 0x15, 0x74, 0xD9, 0xED, 0x8E,
    0xFA, 0xE8, 0xE8, 0x72, 0x11, 0x55, 0xAF, 0x6D, 0xA7, 0xBD, 0x09, 0xD9, 0xAA, 0x8C, 0x3C, 0xEE,
    0xA2, 0x0C, 0x0F, 0x72, 0x8C, 0x77, 0x29, 0x75, 0x3E, 0x15, 0x32, 0x75, 0x71, 0x8A, 0xD5, 0x2E,
    0x15, 0xF2, 0xBC, 0x24, 0xC3, 0xD0, 0xBF, 0xAA, 0xDD, 0xD1, 0x0C, 0x85, 0xA3, 0x6E, 0xF0, 0x63,
    0x23, 0x79, 0x5C, 0xD6, 0xB1, 0x86, 0x52, 0x3C, 0xA8, 0x6D, 0xC8, 0xCC, 0x4A, 0x59, 0xEB, 0xD2,
    0x99, 0xA3, 0xB6, 0xE3, 0x8C, 0x95, 0xA3, 0x52, 0x21, 0x5A, 0x8F, 0xA1, 0x64, 0x74, 0xBA, 0x82,
    0x0C, 0x35, 0xE3, 0xD3, 0x55, 0x64, 0x68, 0xAD, 0x1A, 0x75, 0x44, 0x35, 0xE7, 0x73, 0x57, 0x93,
    0xC1, 0xBE, 0x73, 0xE7, 0x2B, 0x9C, 0xAA, 0x46, 0x45, 0x19, 0x22, 0x4A, 0xB3, 0x1C, 0x5D, 0x55,
    0x86, 0x03, 0x01, 0xA5, 0x77, 0x65, 0x19, 0x0E, 0x94, 0x62, 0xE2, 0xEB, 0x32, 0x44, 0x9B, 0xD4,
    0xFF, 0xD0, 0xC2, 0x0C, 0x6F, 0x88, 0xE9, 0xDD, 0xD7, 0x07, 0xC9, 0x5C, 0x1D, 0x9F, 0x58, 0x8A,
    0xE2, 0x74, 0x26, 0xAC, 0x0E, 0xC2, 0xC2, 0xB6, 0x2B, 0x0E, 0x72, 0x60, 0x9C, 0xBB, 0xDA, 0x20,
    0xB2, 0x37, 0x5C, 0x69, 0x90, 0x5C, 0x24, 0x5F, 0xAD, 0x0C, 0xC2, 0xB7, 0xF3, 0x05, 0x1A, 0x34,
    0xAA, 0x51, 0x2A, 0x34, 0x88, 0x54, 0xEF, 0x4A, 0x34, 0x88, 0xBC, 0xEF, 0x6A, 0x34, 0x08, 0x4D,
    0x70, 0x45, 0x1A, 0xB0, 0x8C, 0xC8, 0xF3, 0x41, 0x95, 0x06, 0x8A, 0xC7, 0xEE, 0x5C, 0x99, 0x06,
    0xAE, 0x33, 0xD5, 0xB9, 0x3A, 0x0D, 0x19, 0xE5, 0x91, 0x76, 0xAE, 0x50, 0x43, 0x41, 0x89, 0x6B,
    0x9D, 0xAB, 0xD4, 0x50, 0x4B, 0xDD, 0x07, 0x29, 0xD5, 0x00, 0xDF, 0x7D, 0xE9, 0xCE, 0x7D, 0x5B,
    0x69, 0xAD, 0x06, 0xE6, 0xD3, 0xD6, 0xE5, 0x7B, 0xF3, 0xF9, 0xE6, 0x6A, 0x81, 0x1C, 0x02, 0xD3,
    0x0A, 0x29, 0x89, 0xAD, 0xB5, 0x67, 0x3D, 0x2D, 0xCF, 0x9C, 0xC5, 0x87, 0x2B, 0xD7, 0xE1, 0x7C,
    0x00, 0x41, 0xC5, 0x0D, 0x5F, 0xAE, 0xC3, 0xB9, 0x26, 0x83, 0x9B, 0xFE, 0x76, 0xE5, 0x3A, 0x40,
    0xC7, 0xF8, 0x8C, 0xF1, 0xE5, 0x3A, 0xDA, 0x0D, 0x2D, 0x26, 0x8A, 0x0A, 0x18, 0xC6, 0x60, 0x47,
    0x07, 0x0A, 0xA0, 0xA1, 0x9B, 0x86, 0x00, 0xC4, 0x14, 0x1C, 0x40, 0xB0, 0x17, 0x48, 0xA8, 0x85,
    0x48, 0x10, 0x91, 0x2D, 0xE4, 0xEE, 0x50, 0x40, 0x00, 0x2D, 0x2A, 0x27, 0x8F, 0x87, 0x6C, 0x34,
    0x4C, 0xBD, 0x18, 0x0E, 0x71, 0x1F, 0x73, 0x62, 0xB6, 0xA2, 0xC1, 0xD7, 0xE7, 0xA0, 0x90, 0x37,
    0xA9, 0xCF, 0xE1, 0x4A, 0xC4, 0x0C, 0x66, 0x57, 0x20, 0xA6, 0x09, 0x91, 0xC0, 0x04, 0xC0, 0x17,
    0x87, 0x59, 0x1C, 0xEF, 0x20, 0xF3, 0xF2, 0x68, 0x2A, 0x5F, 0xAE, 0x03, 0x97, 0x7C, 0xF1, 0xE5,
    0x3A, 0xD0, 0x8C, 0xBE, 0xF9, 0xA2, 0x30, 0x85, 0x7D, 0x2D, 0xB6, 0xBE, 0x24, 0x0C, 0xAD, 0xA1,
    0x2B, 0x08, 0x13, 0xED, 0x11, 0x10, 0x1F, 0x03, 0xE0, 0x1B, 0xB8, 0x34, 0x7E, 0xFD, 0xAB, 0x62,
    0x5F, 0xC1, 0xC8, 0x99, 0x63, 0x5F, 0xDA, 0xAD, 0x7E, 0x1F, 0xCA, 0x0B, 0xC3, 0xF9, 0x27, 0x89,
    0x0D, 0x73, 0xF1, 0xE2, 0xFD, 0x49, 0x77, 0xC1, 0xC9, 0x87, 0xAA, 0xC3, 0x61, 0x82, 0x3A, 0x1C,
    0xD3, 0xAE, 0x0E, 0xC7, 0x17, 0x5D, 0x1D, 0x8E, 0xC2, 0x17, 0x36, 0x3A, 0xAA, 0xC3, 0x51, 0xEE,
    0xEA, 0x70, 0x0C, 0x17, 0xD5, 0xE1, 0x28, 0x9B, 0x24, 0xAC, 0xC3, 0x91, 0xAF, 0x41, 0x1D, 0x0E,
    0x14, 0xBC, 0xB4, 0x0E, 0x07, 0x7D, 0xE3, 0xEB, 0x70, 0x54, 0x17, 0xD4, 0xE1, 0x28, 0x83, 0x3A,
    0x1C, 0x0C, 0x10, 0x71, 0x2E, 0x01, 0x3C, 0x82, 0x3A, 0x1C, 0x70, 0xD3, 0xC1, 0xD5, 0xE1, 0x98,
    0x31, 0x7F, 0xD0, 0xD5, 0xE1, 0xB8, 0x85, 0x39, 0xFB, 0xBE, 0x0E, 0xC7, 0x12, 0xD6, 0xE1, 0x98,
    0xA5, 0x0E, 0x47, 0xA6, 0xDE, 0x09, 0xAA, 0xC3, 0xB1, 0x52, 0x08, 0xC3, 0x05, 0x75, 0x38, 0x6E,
    0x1F, 0xC7, 0x77, 0x4A, 0x78, 0x67, 0xBC, 0xEE, 0x19, 0x93, 0x6C, 0xD9, 0xD4, 0xB9, 0x2D, 0xA6,
    0x9D, 0x51, 0x4B, 0x17, 0xFE, 0xEF, 0xCC, 0x95, 0x69, 0xF4, 0x72, 0xA6, 0x51, 0xFD, 0xFC, 0xA9,
    0xD2, 0x49, 0x41, 0x7E, 0xDB, 0xED, 0xEC, 0xE9, 0xB1, 0x13, 0x20, 0xAA, 0x9D, 0x75, 0x51, 0x6D,
    0xD1, 0x12, 0x35, 0xE5, 0x22, 0x70, 0xFE, 0xF2, 0xCA, 0x44, 0xFA, 0x51, 0x4C, 0xA4, 0x4F, 0x05,
    0x29, 0xC2, 0x8E, 0x83, 0x39, 0xA2, 0xE6, 0x0B, 0x55, 0xD4, 0xD6, 0xF3, 0xB7, 0xDE, 0xD1, 0x2B,
    0x27, 0x83, 0x7A, 0x7B, 0x5D, 0x50, 0x33, 0xEE, 0xCF, 0x2F, 0x65, 0x22, 0x95, 0xAC, 0x74, 0x9F,
    0x91, 0xEE, 0xB3, 0xD1, 0x7D, 0x26, 0xBA, 0xCF, 0x42, 0x0F, 0x32, 0xD0, 0x7D, 0xF6, 0xB9, 0xCB,
    0x3C, 0xF7, 0xB5, 0x11, 0x7C, 0x59, 0x04, 0x5F, 0x11, 0xC1, 0x17, 0x43, 0xF0, 0x59, 0xE6, 0x3E,
    0xC3, 0xDC, 0x67, 0x97, 0xFB, 0xC2, 0x07, 0x2E, 0xAB, 0xDC, 0x67, 0x94, 0xFB, 0x6C, 0x72, 0x9F,
    0x49, 0xEE, 0xB3, 0xC8, 0x7D, 0x06, 0xB9, 0xCF, 0x1E, 0xF7, 0x99, 0xE3, 0x3E, 0x6B, 0xDC, 0x67,
    0x8C, 0xFB, 0x6C, 0x71, 0x9F, 0x29, 0xEE, 0xB3, 0xC4, 0x7D, 0x86, 0xB8, 0xCF, 0x0E, 0xF7, 0x99,
    0xE1, 0x2E, 0x2B, 0x9C, 0x6D, 0xA4, 0xB4, 0x7F, 0x78, 0xFB, 0xA8, 0xCB, 0x7A, 0x0E, 0x23, 0xD6,
    0x73, 0x67, 0xBB, 0x0D, 0x45, 0x78, 0xB1, 0x82, 0x8B, 0xA9, 0xE2, 0x30, 0x86, 0x77, 0x3B, 0x9B,
    0x6E, 0x2D, 0xA9, 0xD6, 0x92, 0x66, 0x2D, 0x29, 0xD6, 0x92, 0x5E, 0xAD, 0xA9, 0xD5, 0x92, 0x56,
    0x2D, 0x29, 0xD5, 0x92, 0x4E, 0x2D, 0xA9, 0xD4, 0x92, 0x46, 0xCD, 0x29, 0xD4, 0x92, 0x3E, 0x2D,
    0xA9, 0xD3, 0x92, 0x36, 0x2D, 0x29, 0xD3, 0x92, 0x2E, 0x2D, 0xA9, 0xD2, 0x92, 0x26, 0x2D, 0x29,
    0xD2, 0x92, 0x13, 0x2D, 0x07, 0x49, 0x8B, 0x96, 0x94, 0x68, 0x49, 0x87, 0x3E, 0x3F, 0x73, 0x3C,
    0xD2, 0x10, 0x97, 0x7C, 0x3E, 0x8A, 0xE1, 0xCF, 0xFD, 0x9E, 0xEC, 0x77, 0x0A, 0xBB, 0x31, 0xBF,
    0x3C, 0x7B, 0x1B, 0xD5, 0x23, 0x44, 0x7D, 0x34, 0x91, 0xB3, 0x9F, 0x6B, 0x88, 0x74, 0x3A, 0x4A,
    0xA4, 0x40, 0xD6, 0xA7, 0xDA, 0xD0, 0x6F, 0x86, 0x5C, 0x7E, 0xB3, 0xB5, 0x6A, 0x75, 0xB7, 0x17,
    0x47, 0xDC, 0x68, 0xF5, 0x49, 0x6D, 0x94, 0x5A, 0x53, 0xB1, 0xFD, 0x91, 0xA8, 0x35, 0x1A, 0x68,
    0x13, 0x5B, 0x89, 0x38, 0xC0, 0xD0, 0x03, 0x8E, 0xB8, 0x99, 0x45, 0xC2, 0xC0, 0x40, 0x1B, 0x6A,
    0xD4, 0x42, 0xBA, 0x0C, 0x06, 0xDA, 0xB0, 0xAC, 0xDF, 0xB0, 0xB0, 0x92, 0x58, 0x81, 0x84, 0x0B,
    0xB4, 0xC9, 0xD5, 0xE5, 0x5A, 0x6A, 0x43, 0xC2, 0x00, 0x3C, 0xE9, 0xFF, 0xBD, 0x04, 0xDA, 0x88,
    0x17, 0x8C, 0xF3, 0xE4, 0xD8, 0x37, 0xA9, 0x7A, 0x8A, 0xC4, 0x06, 0x51, 0x9E, 0xC5, 0xE1, 0xED,
    0x33, 0x49, 0xA5, 0xC6, 0xD5, 0xBE, 0xE2, 0x05, 0x81, 0xE5, 0xC0, 0xBB, 0x24, 0x13, 0xED, 0x87,
    0x74, 0xA0, 0xE0, 0xA9, 0x4C, 0x0F, 0xB4, 0x1E, 0xE9, 0x54, 0x48, 0xD6, 0x61, 0x43, 0xB7, 0xDE,
    0x76, 0x6A, 0xF0, 0x93, 0x13, 0x84, 0x13, 0x85, 0xB1, 0xC5, 0xC1, 0xEE, 0x6E, 0xBB, 0x73, 0x45,
    0xD3, 0xA0, 0x2E, 0x67, 0x14, 0x54, 0x26, 0x49, 0x03, 0x55, 0x26, 0x0F, 0xA4, 0xDF, 0xFC, 0x81,
    0xBF, 0xE3, 0x27, 0xAE, 0x02, 0x75, 0x3E, 0x2E, 0x81, 0x3A, 0xE1, 0x47, 0x17, 0xD3, 0x99, 0xF0,
    0x12, 0x5D, 0xEA, 0x6C, 0x3B, 0xCA, 0x7C, 0x72, 0x83, 0x73, 0xB5, 0x49, 0x0E, 0x0A, 0x97, 0x58,
    0x7F, 0xEB, 0x0C, 0x54, 0xD1, 0x23, 0x03, 0x6B, 0xFF, 0x98, 0xE2, 0x7C, 0x42, 0xD6, 0x9A, 0xB8,
    0x2D, 0x56, 0xF6, 0x4E, 0x20, 0x1A, 0xCE, 0xB8, 0x9D, 0x5B, 0x1F, 0x6A, 0xA2, 0x98, 0xCD, 0x5C,
    0x84, 0x67, 0xE6, 0x24, 0xAF, 0x93, 0x0F, 0x8C, 0x94, 0x3B, 0xB9, 0x77, 0xCB, 0x7C, 0x4A, 0x44,
    0xAE, 0x8D, 0x85, 0x6F, 0x32, 0xDC, 0xB3, 0x2B, 0xC5, 0x5A, 0x57, 0x73, 0x50, 0x10, 0x5A, 0xD8,
    0xED, 0x1F, 0x18, 0x24, 0xF8, 0xF8, 0x96, 0x45, 0xA0, 0x4D, 0xAC, 0xBE, 0x94, 0x74, 0x9C, 0xB3,
    0xE2, 0x3F, 0x8A, 0xAD, 0x32, 0x67, 0x49, 0x6E, 0xD2, 0x6A, 0xB0, 0xAC, 0x18, 0xC0, 0x05, 0xBF,
    0xA1, 0xD9, 0x45, 0x09, 0xE0, 0x07, 0x54, 0x2E, 0x0C, 0xFD, 0x9E, 0x74, 0x03, 0x34, 0xF8, 0x2C,
    0x31, 0x29, 0xED, 0x18, 0x29, 0x81, 0x6A, 0x0E, 0xB6, 0x2C, 0x29, 0x3C, 0x40, 0xCA, 0xE2, 0xCD,
    0x70, 0xBE, 0xF6, 0x9C, 0xCD, 0x64, 0x0D, 0x83, 0x56, 0x39, 0x48, 0x35, 0xA3, 0x05, 0x4B, 0x84,
    0x71, 0x61, 0xAD, 0x95, 0x55, 0x20, 0xF6, 0xE8, 0x92, 0xA0, 0xCA, 0x95, 0x3A, 0x37, 0x91, 0xB0,
    0x39, 0x27, 0xB7, 0x25, 0x23, 0x04, 0xCB, 0x83, 0xA3, 0x64, 0x61, 0xC3, 0x66, 0xF9, 0x75, 0x50,
    0x8A, 0x9D, 0x66, 0x60, 0x73, 0x71, 0x46, 0x63, 0x2D, 0xDB, 0xB9, 0xC4, 0xAD, 0xF4, 0xB6, 0x64,
    0x0A, 0x9C, 0x5F, 0x33, 0xDA, 0x1C, 0x81, 0x5D, 0xD1, 0x2F, 0x29, 0x54, 0x6E, 0x99, 0xCA, 0x63,
    0xFB, 0xE6, 0xB0, 0x73, 0x56, 0xE8, 0xEE, 0x89, 0xA7, 0xCB, 0xED, 0x9D, 0xBB, 0x55, 0xC4, 0x2B,
    0x39, 0xA7, 0x3D, 0xAF, 0x63, 0xD1, 0xFB, 0xA8, 0x20, 0xB1, 0x49, 0xC3, 0x94, 0x8B, 0x2D, 0x90,
    0x2B, 0xA3, 0xC5, 0x28, 0x59, 0xCD, 0xA4, 0x62, 0x51, 0xD1, 0x15, 0xDC, 0x20, 0xA4, 0x0D, 0xAD,
    0x30, 0x21, 0xA4, 0xEA, 0x1D, 0xD6, 0x96, 0x8E, 0xD9, 0x44, 0x15, 0x6D, 0xE6, 0xB2, 0xE3, 0x72,
    0x36, 0x96, 0x53, 0x4C, 0xDE, 0x5F, 0x0E, 0x6C, 0x0C, 0x65, 0x59, 0xA2, 0x45, 0xBF, 0x7F, 0x43,
    0x4C, 0x9F, 0x88, 0x27, 0xEE, 0x33, 0x36, 0x62, 0xB2, 0x74, 0x25, 0x13, 0x1A, 0x8B, 0x76, 0x98,
    0xBF, 0xC5, 0xBD, 0x2A, 0x1B, 0x5E, 0x84, 0x4F, 0x1D, 0x95, 0x42, 0x87, 0xCF, 0xD3, 0xAA, 0x97,
    0xDC, 0x34, 0x85, 0xCC, 0x53, 0x55, 0x0B, 0x0D, 0xEF, 0x45, 0x5E, 0x6D, 0x47, 0x51, 0x09, 0x8B,
    0x25, 0x57, 0x5D, 0x3D, 0x56, 0xB5, 0xAB, 0x11, 0x72, 0x54, 0x36, 0x85, 0xA8, 0x93, 0x26, 0xAE,
    0xAE, 0x02, 0xA0, 0x3F, 0x8A, 0x5C, 0xF6, 0x34, 0x67, 0x56, 0xBE, 0x41, 0x0A, 0x42, 0xB4, 0x25,
    0x33, 0xCD, 0x0F, 0x45, 0x37, 0x47, 0x96, 0xB5, 0x3E, 0xFB, 0x75, 0x2E, 0x39, 0xF7, 0x26, 0x5B,
    0xE3, 0x3B, 0x2E, 0xDE, 0xD9, 0x93, 0xAA, 0x9E, 0x76, 0xB4, 0x92, 0x07, 0xB8, 0xCF, 0x93, 0x23,
    0x58, 0x89, 0x93, 0xC5, 0x48, 0x09, 0x7A, 0xEA, 0x75, 0xAF, 0x56, 0x60, 0x81, 0xE9, 0x26, 0xA4,
    0x7A, 0xAB, 0x18, 0x5E, 0xD1, 0xA4, 0x21, 0xFC, 0x3D, 0x1A, 0xBD, 0x98, 0x21, 0x44, 0x57, 0xD1,
    0xF9, 0x1F, 0x4D, 0x69, 0x38, 0xF9, 0x4E, 0xC0, 0x2A, 0xC5, 0xB7, 0xCA, 0x7C, 0xDD, 0x94, 0xEF,
    0xBE, 0x42, 0x37, 0xE5, 0x48, 0xFC, 0xEF, 0x32, 0x6D, 0xFD, 0x5B, 0x73, 0xE8, 0x9F, 0xB0, 0x60,
    0xFB, 0xCA, 0xB0, 0x63, 0xB9, 0x67, 0x15, 0x3E, 0x9B, 0x12, 0x76, 0x83, 0x2E, 0xEC, 0x32, 0x4C,
    0x45, 0xE2, 0xC5, 0x5C, 0xB6, 0x9E, 0x45, 0x37, 0x36, 0x47, 0x15, 0x13, 0x87, 0x81, 0x26, 0x93,
    0x48, 0x7E, 0xAF, 0x9A, 0x7F, 0x7C, 0x84, 0xFF, 0x56, 0x1D, 0xB8, 0x1C, 0x23, 0x41, 0xC7, 0x83,
    0x08, 0x9B, 0x30, 0xF2, 0x9F, 0x62, 0x39, 0x55, 0x9A, 0x88, 0x42, 0x5C, 0x5F, 0x18, 0x7E, 0x8A,
    0xEE, 0xF2, 0xA2, 0x67, 0xFD, 0xAC, 0xE8, 0xD8, 0x3A, 0xF9, 0xBC, 0x77, 0xB6, 0xAA, 0x9F, 0xDC,
    0x65, 0xB3, 0xC0, 0x10, 0x49, 0xF6, 0xB6, 0x22, 0x5F, 0xCB, 0x31, 0x0A, 0x5F, 0x9E, 0x62, 0x5C,
    0x91, 0x23, 0x17, 0x86, 0x9B, 0xB8, 0x63, 0xEF, 0x8C, 0x1D, 0xD1, 0xE4, 0xAA, 0xC2, 0x52, 0xB7,
    0x52, 0xC9, 0x59, 0xCC, 0xA4, 0x6C, 0x64, 0x31, 0xB9, 0x2A, 0xB0, 0x27, 0x32, 0x8C, 0xC2, 0xCB,
    0xCB, 0xAE, 0x7A, 0x3C, 0xF7, 0xA3, 0x39, 0xE0, 0x1C, 0xE7, 0x70, 0xF5, 0x50, 0x37, 0x26, 0x1F,
    0x81, 0x2F, 0x65, 0x13, 0xC8, 0x6F, 0x29, 0xCA, 0x26, 0xF1, 0x92, 0x83, 0x98, 0xB2, 0x62, 0xFD,
    0xBB, 0x0D, 0x71, 0xF6, 0xD5, 0x68, 0x44, 0x87, 0xD2, 0x9E, 0xF5, 0xDC, 0x15, 0x7D, 0x36, 0x12,
    0xD7, 0xF7, 0x0A, 0x30, 0x01, 0xF9, 0xA8, 0x05, 0x75, 0x03, 0x36, 0x58, 0x06, 0x8B, 0x8C, 0x7B,
    0x71, 0x33, 0xF9, 0x82, 0xA5, 0x6B, 0x61, 0x75, 0xA8, 0x7A, 0x00, 0x6C, 0xCE, 0x72, 0xAA, 0x37,
    0xAE, 0x2F, 0x4C, 0x51, 0x85, 0x14, 0x65, 0xD1, 0xD2, 0xCE, 0x81, 0xA7, 0x8C, 0x88, 0x41, 0xCC,
    0x9D, 0xAA, 0x61, 0xAB, 0xBC, 0x4E, 0x79, 0x7F, 0xA4, 0xB4, 0x90, 0x71, 0x64, 0x92, 0x28, 0x3C,
    0x25, 0x58, 0x2A, 0x8E, 0xE6, 0x5A, 0xA7, 0x44, 0xEB, 0xF3, 0x5A, 0x29, 0xB8, 0xCC, 0x61, 0x7E,
    0xF9, 0x70, 0xB0, 0x62, 0x1B, 0xA4, 0xE3, 0x9F, 0x18, 0xF3, 0xCF, 0xA1, 0x97, 0xEC, 0x0A, 0x22,
    0xE7, 0x42, 0xC4, 0xBC, 0x7C, 0xEA, 0x5C, 0x07, 0x25, 0x7B, 0xDF, 0xB8, 0x28, 0xEF, 0x8B, 0xE8,
    0x67, 0x99, 0x50, 0xE5, 0x06, 0xD1, 0x1F, 0x64, 0xF0, 0x83, 0x4B, 0x5A, 0x3D, 0x23, 0xD8, 0xB9,
    0xD5, 0x89, 0xD4, 0x62, 0x8D, 0x62, 0xEE, 0x46, 0x72, 0xF4, 0x48, 0xD4, 0xA5, 0xA3, 0x2C, 0x4B,
    0x94, 0x2C, 0x09, 0x2B, 0x54, 0xE7, 0x18, 0x14, 0x3F, 0x44, 0x8B, 0x21, 0xB8, 0x18, 0xC2, 0x8B,
    0x14, 0xA4, 0xAE, 0xA5, 0x4C, 0x13, 0xB9, 0x12, 0xB8, 0x14, 0x2C, 0x82, 0x86, 0x28, 0x17, 0xE5,
    0x9E, 0xD6, 0x58, 0xD4, 0xFC, 0x75, 0x56, 0x17, 0xC9, 0x05, 0x6B, 0xC9, 0xBD, 0x28, 0xD6, 0x9E,
    0xCA, 0x71, 0xBB, 0xA7, 0x88, 0x83, 0x7F, 0x9E, 0x04, 0x33, 0x96, 0xCA, 0xB8, 0x0C, 0x08, 0xCB,
    0x63, 0xE5, 0x82, 0xEE, 0x1F, 0xA6, 0x35, 0x07, 0xCE, 0x14, 0xAF, 0x2B, 0x5C, 0xCB, 0x4F, 0x9A,
    0xE4, 0x22, 0xAC, 0x0C, 0x92, 0x0B, 0xC4, 0x99, 0x3F, 0x07, 0x4D, 0x01, 0xEE, 0x8D, 0x2F, 0x87,
    0xDB, 0xB9, 0x08, 0x88, 0xC2, 0x05, 0x93, 0xBA, 0x7F, 0x37, 0x8F, 0x8D, 0x76, 0xF5, 0x31, 0xA0,
    0x76, 0x71, 0x56, 0x3C, 0xAD, 0x58, 0x3B, 0x1A, 0x5F, 0x90, 0x76, 0x74, 0x48, 0x48, 0xCF, 0x3C,
    0xEA, 0xCC, 0x03, 0x4F, 0xC4, 0x5D, 0xC0, 0xF5, 0xC4, 0xF8, 0x2D, 0x4A, 0x74, 0xFF, 0x2A, 0x32,
    0xC9, 0x90, 0x37, 0xD9, 0x58, 0x76, 0x19, 0x90, 0x82, 0x6C, 0xC6, 0x64, 0xD3, 0x62, 0x8C, 0x97,
    0x6C, 0x8C, 0xB6, 0x74, 0x06, 0x2A, 0x30, 0x9B, 0xCF, 0x03, 0xB8, 0x42, 0x1A, 0x10, 0xDD, 0x22,
    0xDE, 0x5D, 0x90, 0xD6, 0xB8, 0xB2, 0x15, 0x58, 0xEA, 0x49, 0x12, 0xDB, 0x0B, 0x0A, 0x29, 0x1F,
    0xC8, 0x87, 0xC9, 0x9A, 0x7F, 0x42, 0x0A, 0x4C, 0x45, 0x32, 0x36, 0x5A, 0x72, 0xB1, 0xD6, 0x19,
    0x96, 0x3A, 0x2B, 0xE9, 0x45, 0x34, 0x56, 0xEE, 0x35, 0x71, 0x0D, 0xD7, 0x5B, 0x5E, 0x3E, 0x89,
    0x34, 0x47, 0xAD, 0x57, 0xB1, 0x84, 0x63, 0x7C, 0x37, 0x04, 0x35, 0x74, 0x2D, 0x83, 0x47, 0x75,
    0x58, 0x07, 0xFF, 0xC8, 0x48, 0xF4, 0xC4, 0xAC, 0x11, 0x6D, 0xC7, 0x44, 0x42, 0xE9, 0x2A, 0xC3,
    0x95, 0xBC, 0xFF, 0x0D, 0x44, 0x19, 0xA0, 0xA3, 0x5D, 0xDC, 0x61, 0x5D, 0x44, 0x63, 0xFE, 0xEC,
    0xAC, 0x18, 0xF0, 0x87, 0x2F, 0x52, 0xF7, 0xB4, 0xD4, 0x06, 0x28, 0xC4, 0x3B, 0xD3, 0x36, 0xA5,
    0xC8, 0x63, 0x25, 0x97, 0xA6, 0x9E, 0x58, 0x9F, 0xCC, 0x57, 0xB6, 0x5A, 0x25, 0x36, 0x96, 0xB8,
    0xC4, 0x8E, 0xCD, 0xD0, 0x45, 0x97, 0x73, 0x74, 0x96, 0x39, 0x34, 0x8F, 0x5B, 0xF8, 0xE6, 0x63,
    0x58, 0xA4, 0x8E, 0x75, 0x9C, 0x7F, 0x26, 0x2F, 0x01, 0x69, 0x38, 0xA2, 0xD9, 0xD8, 0x2F, 0xAF,
    0x4E, 0xBD, 0x61, 0xED, 0xA6, 0xE8, 0xB1, 0x8C, 0x5D, 0xD6, 0x63, 0x70, 0x63, 0xD2, 0xE5, 0xB4,
    0x75, 0x9E, 0x7E, 0x0C, 0x82, 0x32, 0x37, 0x29, 0x3E, 0x57, 0x88, 0x2D, 0x6A, 0x17, 0x94, 0x39,
    0x84, 0x0E, 0xF0, 0x6B, 0xB7, 0xD5, 0xBA, 0x54, 0x89, 0xE6, 0x32, 0x84, 0x2E, 0xCC, 0x7A, 0x93,
    0x48, 0xA1, 0x8A, 0x5D, 0x25, 0xB3, 0x14, 0xF5, 0x55, 0xA5, 0xE5, 0x22, 0x9D, 0xE5, 0x0A, 0x51,
    0x3B, 0x44, 0x89, 0x62, 0xD2, 0x32, 0x55, 0xE0, 0xFD, 0x4D, 0xF4, 0x9E, 0x94, 0x92, 0xBA, 0x42,
    0x39, 0xE3, 0x9F, 0xC8, 0x5A, 0xF4, 0x59, 0x73, 0x18, 0x1E, 0x97, 0xD0, 0xDE, 0xCB, 0xA2, 0x48,
    0xE9, 0xD3, 0x4D, 0x93, 0x9B, 0x90, 0x3E, 0xA9, 0x91, 0x46, 0xE9, 0x53, 0xB1, 0x66, 0x9B, 0x5A,
    0x68, 0x98, 0x3E, 0x35, 0xEC, 0x76, 0x28, 0x1B, 0xA5, 0x4F, 0xE7, 0x9B, 0x67, 0x5E, 0xBC, 0x77,
    0xAA, 0xF1, 0x57, 0x8D, 0x04, 0xE9, 0xCE, 0x1A, 0x71, 0x45, 0xE4, 0xFC, 0x67, 0xF8, 0x87, 0x9B,
    0x2F, 0xA0, 0xC3, 0xB6, 0x23, 0xDA, 0x99, 0x49, 0x78, 0x5D, 0xC2, 0x71, 0x48, 0x2C, 0xF4, 0x15,
    0x72, 0x2C, 0xF5, 0xB8, 0xB1, 0xF0, 0x87, 0x75, 0x2D, 0xC8, 0x82, 0xB5, 0x70, 0xB8, 0x2E, 0xC5,
    0x06, 0x91, 0x8A, 0xCD, 0x71, 0x93, 0x76, 0xD3, 0x68, 0x4E, 0x5A, 0xED, 0x83, 0x28, 0xB4, 0x9A,
    0xAE, 0x1C, 0xDB, 0xFF, 0xD3, 0x77, 0x12, 0xD1, 0xF7, 0x09, 0xCD, 0x24, 0x09, 0x94, 0xB5, 0xBC,
    0xF6, 0xAE, 0x64, 0x84, 0x35, 0x14, 0xAB, 0x91, 0xA3, 0xBF, 0x78, 0x94, 0xEE, 0x70, 0xB4, 0x2E,
    0x8A, 0x56, 0xA8, 0xDD, 0xE2, 0xBC, 0x16, 0x6C, 0x47, 0x5E, 0x4B, 0xAE, 0xC4, 0xBE, 0xD5, 0xEC,
    0x03, 0x9F, 0x7C, 0x22, 0x0C, 0xEA, 0x1E, 0xAC, 0x7C, 0x80, 0x68, 0x8E, 0xC5, 0x4B, 0x48, 0xFD,
    0x00, 0xFD, 0x03, 0xA3, 0x22, 0x50, 0xF6, 0x40, 0xFF, 0x3B, 0xC6, 0x9A, 0x1F, 0x56, 0x72, 0x8B,
    0xAC, 0xA4, 0xEB, 0x92, 0x12, 0x02, 0x12, 0x48, 0x73, 0x86, 0xBF, 0x7D, 0x06, 0xDD, 0xB9, 0xE4,
    0xE3, 0x5E, 0x38, 0x35, 0x31, 0xA7, 0x7F, 0x11, 0xFE, 0xC5, 0x42, 0x21, 0x07, 0x0F, 0x89, 0x43,
    0xBD, 0xB7, 0x46, 0x58, 0x11, 0x97, 0xB5, 0xFA, 0xCE, 0x11, 0x0D, 0xC9, 0xB8, 0xF1, 0xB1, 0xDB,
    0x07, 0x99, 0x9E, 0xD1, 0x49, 0xDB, 0x89, 0x64, 0xD0, 0x74, 0x2E, 0x26, 0x34, 0x93, 0x44, 0x27,
    0xEF, 0x90, 0x96, 0xD7, 0x18, 0xB8, 0xC0, 0x81, 0x8B, 0x29, 0xD3, 0x28, 0x16, 0x95, 0xDF, 0x8A,
    0x32, 0x5D, 0x61, 0x69, 0x87, 0xA5, 0x50, 0x49, 0xA9, 0x55, 0x49, 0x69, 0xF6, 0x4A, 0x4A, 0xF3,
    0x41, 0x4A, 0xCA, 0x63, 0x8A, 0x1F, 0xA5, 0x49, 0x8E, 0x28, 0x39, 0xAA, 0xE4, 0x6D, 0xC7, 0x4A,
    0x97, 0x1C, 0x61, 0x72, 0x92, 0x93, 0x27, 0x4D, 0x8E, 0x36, 0x5D, 0x48, 0x9C, 0x82, 0x58, 0xBD,
    0xAB, 0x52, 0x4D, 0x97, 0x2C, 0xD5, 0xF4, 0x69, 0xCE, 0xC8, 0x7C, 0x23, 0xA6, 0x54, 0xBB, 0x95,
    0x2C, 0xA1, 0xF1, 0x96, 0x05, 0xC6, 0x64, 0x10, 0xB6, 0x38, 0x03, 0x89, 0x8D, 0xC9, 0x62, 0x45,
    0x2E, 0xBA, 0x96, 0x66, 0xBA, 0xB9, 0xC9, 0x6A, 0xCA, 0x53, 0x67, 0xC3, 0x53, 0xAA, 0x8F, 0x69,
    0xA9, 0x49, 0x25, 0x77, 0x26, 0x30, 0x22, 0x0F, 0x26, 0xA4, 0x78, 0x4E, 0x18, 0x73, 0x34, 0xCF,
    0x11, 0xBD, 0xCB, 0x19, 0x91, 0xAF, 0x50, 0xFA, 0x21, 0x6B, 0xE9, 0x9D, 0x7C, 0x3B, 0x08, 0x7C,
    0x48, 0x5D, 0xDD, 0x01, 0x7A, 0x65, 0xD8, 0x2F, 0x48, 0xEB, 0xFB, 0x3E, 0x99, 0x86, 0x0C, 0x59,
    0x4F, 0x8C, 0x39, 0x35, 0xF1, 0x45, 0xE6, 0xE4, 0x8F, 0x2B, 0x2E, 0x9F, 0xFB, 0x4E, 0xC5, 0xA6,
    0x74, 0xB1, 0x62, 0xE9, 0xCB, 0x0F, 0x07, 0x8D, 0x27, 0x4C, 0xB1, 0x94, 0x57, 0x4F, 0x8B, 0xDB,
    0x76, 0x44, 0x84, 0x5B, 0x8E, 0x41, 0x24, 0x9D, 0x16, 0x73, 0x87, 0x68, 0x69, 0xBE, 0xED, 0x5E,
    0x50, 0x5A, 0x68, 0x72, 0xB0, 0xBE, 0xA5, 0x97, 0xF9, 0x9E, 0x58, 0x02, 0x34, 0x4B, 0x38, 0xB4,
    0xE0, 0xB3, 0x3F, 0x12, 0x2F, 0x59, 0xD0, 0x64, 0x8F, 0xA2, 0x78, 0x32, 0x51, 0x9C, 0x03, 0x8A,
    0x37, 0x72, 0xE0, 0x14, 0x5B, 0xCA, 0xCF, 0x91, 0xC0, 0x32, 0x0A, 0x90, 0x86, 0x5B, 0xFD, 0xF4,
    0x15, 0x31, 0x67, 0x51, 0xD4, 0xB8, 0xCB, 0xBF, 0x9E, 0x35, 0x4E, 0x10, 0x97, 0x7C, 0x17, 0xA0,
    0x7A, 0xA3, 0x09, 0x83, 0x1A, 0xA4, 0xE6, 0xB6, 0xF0, 0x8C, 0x52, 0xCE, 0x06, 0x89, 0x07, 0x61,
    0xCB, 0x08, 0x6F, 0x58, 0xC9, 0x3C, 0x3B, 0x92, 0xDF, 0x5F, 0xAA, 0xB4, 0xEB, 0xC6, 0x3D, 0x5B,
    0x2B, 0x61, 0x95, 0x0B, 0x5E, 0x5B, 0x4F, 0xE6, 0xAF, 0xD4, 0x17, 0xAC, 0x2F, 0x9F, 0x6A, 0xC4,
    0x43, 0xAD, 0xEE, 0x1C, 0x71, 0xFA, 0xF3, 0xBC, 0xF0, 0xAB, 0xC1, 0x31, 0x32, 0x30, 0x6A, 0x70,
    0xFB, 0x61, 0x4A, 0xF4, 0x8C, 0x36, 0xD4, 0x9A, 0xAA, 0x95, 0x23, 0x74, 0xEC, 0x17, 0x42, 0x1B,
    0x1E, 0x07, 0x86, 0x2F, 0xCE, 0x35, 0x12, 0xBA, 0x5A, 0xD9, 0xB5, 0x94, 0x89, 0x05, 0xC1, 0xB7,
    0x79, 0x38, 0xD9, 0xEC, 0xE3, 0x08, 0x39, 0x3C, 0x81, 0x0B, 0x4D, 0xC8, 0x82, 0xD8, 0xE0, 0xB5,
    0x98, 0x28, 0x00, 0xEC, 0x8E, 0x4D, 0xFD, 0xF0, 0x3F, 0xEC, 0xBB, 0xAF, 0x03, 0x2B, 0xED, 0x63,
    0xD4, 0x4F, 0xAA, 0xB6, 0x83, 0xFD, 0x7F, 0xC0, 0x98, 0xCA, 0x14, 0x23, 0x33, 0x0C, 0xBE, 0x8A,
    0x05, 0xDF, 0x46, 0xD1, 0xE2, 0x86, 0x8D, 0x17, 0xF3, 0x1C, 0xCA, 0x35, 0xF8, 0xF6, 0x58, 0x97,
    0x36, 0x57, 0x9C, 0x13, 0xCC, 0x1C, 0x46, 0xDC, 0x9D, 0x63, 0x0B, 0x0E, 0x8F, 0x1A, 0xBD, 0xA7,
    0xA1, 0x80, 0xDE, 0x06, 0xBC, 0x3F, 0xAA, 0x2D, 0x58, 0x5F, 0xE3, 0x24, 0xD9, 0x6C, 0x40, 0x3E,
    0xDC, 0xAB, 0xA4, 0x1B, 0xA3, 0x6F, 0x69, 0x0C, 0x8A, 0x5C, 0x1F, 0x7F, 0x04, 0x39, 0x2E, 0x1E,
    0x46, 0xB0, 0xE3, 0x22, 0x7E, 0x4B, 0x3D, 0x1F, 0x76, 0x51, 0x57, 0x07, 0x25, 0xF9, 0x1A, 0x26,
    0x70, 0xBE, 0x0A, 0x58, 0x73, 0x28, 0xAA, 0xD8, 0x94, 0xD2, 0xBD, 0x4D, 0x09, 0x04, 0xDA, 0x09,
    0xFB, 0x37, 0xA1, 0x8E, 0x4D, 0x31, 0x0B, 0x92, 0x93, 0x48, 0xD1, 0xBB, 0x04, 0x2E, 0x7E, 0x8D,
    0xFC, 0x64, 0xF4, 0x55, 0x49, 0xA3, 0x50, 0x72, 0x79, 0x1F, 0x52, 0x2F, 0x12, 0x56, 0x2A, 0x77,
    0x8F, 0x2B, 0x94, 0x32, 0xBB, 0xCC, 0xFE, 0x0B, 0x07, 0x0E, 0xD1, 0x3F, 0xAC, 0xB8, 0x26, 0xAC,
    0xFE, 0xE2, 0xE4, 0xF8, 0x37, 0x9B, 0xFE, 0x85, 0x8E, 0x24, 0x66, 0x3D, 0xBC, 0x11, 0xB0, 0x50,
    0x36, 0x2C, 0x65, 0x6F, 0x92, 0x2B, 0x8A, 0xCA, 0x88, 0x7C, 0x4E, 0xAE, 0x7A, 0xF6, 0x5E, 0x40,
    0x5E, 0x5A, 0x9A, 0xE6, 0x43, 0x90, 0xB3, 0x81, 0x44, 0xEE, 0x14, 0x05, 0xDC, 0x98, 0xFD, 0x8A,
    0x09, 0x93, 0x42, 0x3D, 0xF0, 0xEB, 0xE6, 0x00, 0xC0, 0x07, 0x8D, 0xC9, 0x0A, 0x5F, 0x6E, 0xC1,
    0x58, 0x89, 0xAC, 0x14, 0x52, 0x98, 0x7C, 0x80, 0xE6, 0x2B, 0x96, 0x43, 0x55, 0xFC, 0x3B, 0x9E,
    0xF1, 0xA2, 0x07, 0x14, 0x25, 0xB2, 0x55, 0xA5, 0xBE, 0xE8, 0xAD, 0x0B, 0x6E, 0x96, 0x69, 0x99,
    0x83, 0x26, 0xC8, 0xEA, 0xD4, 0xD7, 0x68, 0x6E, 0x81, 0x23, 0x36, 0x63, 0x33, 0x66, 0xAB, 0x2F,
    0xF8, 0xED, 0xCC, 0xCB, 0xCC, 0x7D, 0x4A, 0x2B, 0x61, 0x31, 0x56, 0xDE, 0xEE, 0xCB, 0xF2, 0xFD,
    0x83, 0xFD, 0x1A, 0x3F, 0x7B, 0xCB, 0x05, 0x8E, 0xD7, 0x6A, 0x63, 0x98, 0x24, 0xAB, 0x03, 0xD5,
    0xF2, 0x15, 0xC9, 0x1B, 0xB0, 0x09, 0x40, 0x12, 0x10, 0xF7, 0x62, 0xC0, 0x7F, 0xD3, 0x4E, 0x42,
    0xB2, 0x58, 0x9C, 0x6D, 0x67, 0x67, 0x41, 0xE5, 0x92, 0xD4, 0x35, 0x6B, 0x3A, 0x9B, 0x02, 0x3A,
    0x53, 0xE3, 0x0B, 0x52, 0xF1, 0xED, 0xCB, 0x3E, 0xF7, 0x4B, 0xBD, 0xCA, 0xF2, 0xEF, 0xE4, 0x32,
    0xFE, 0x42, 0x1B, 0x6C, 0xEE, 0x45, 0x77, 0xBD, 0xE7, 0x4C, 0x63, 0x1C, 0x84, 0x99, 0xB6, 0xFA,
    0x4A, 0xE6, 0x0A, 0xE3, 0x68, 0x4E, 0x7D, 0xE0, 0xA1, 0xBE, 0x4C, 0x39, 0xEF, 0x7C, 0x26, 0xF4,
    0xE0, 0xF6, 0x48, 0x3E, 0xBB, 0x5C, 0xDD, 0x6C, 0x75, 0xF1, 0x4C, 0x89, 0x75, 0x31, 0x98, 0x87,
    0x20, 0x5A, 0x2D, 0x78, 0xED, 0x66, 0xE1, 0x43, 0xCD, 0xB3, 0xF1, 0x72, 0xD1, 0x86, 0x64, 0xCA,
    0x4E, 0xAD, 0xD6, 0xE4, 0xE8, 0x73, 0x5F, 0x94, 0x23, 0xF7, 0x55, 0x39, 0xC2, 0x37, 0xAF, 0x06,
    0xEF, 0x5D, 0x65, 0xD2, 0xC3, 0xAF, 0x97, 0x5D, 0x1D, 0x8D, 0x62, 0x02, 0x44, 0x3A, 0x48, 0xF0,
    0x8A, 0x55, 0xDF, 0x14, 0x4A, 0x84, 0x17, 0xCB, 0x54, 0x23, 0xA5, 0x97, 0xDA, 0x1E, 0x76, 0xBD,
    0x73, 0xE7, 0x6F, 0xA4, 0x69, 0x5D, 0x40, 0xA0, 0x75, 0x19, 0x65, 0xEC, 0x32, 0x97, 0xF7, 0xAB,
    0x3A, 0xFF, 0x92, 0xA4, 0x5C, 0x05, 0xCD, 0x46, 0x17, 0x89, 0xF1, 0x99, 0x70, 0xEE, 0x6F, 0xA5,
    0x84, 0x2D, 0x18, 0xC4, 0xF9, 0xE3, 0x69, 0x8F, 0xC7, 0xE3, 0x07, 0x41, 0x66, 0xF5, 0x1B, 0x96,
    0x55, 0x5F, 0x58, 0x76, 0x07, 0xE6, 0x55, 0xDE, 0x58, 0x89, 0xAA, 0xE5, 0x41, 0xBB, 0x4E, 0x85,
    0x3A, 0xA4, 0x52, 0x87, 0x94, 0xEA, 0x90, 0x5A, 0x1D, 0x52, 0xAC, 0xE3, 0xB8, 0x08, 0xB1, 0x86,
    0x7B, 0xF2, 0x02, 0x9E, 0x5B, 0x84, 0xF3, 0x39, 0x49, 0xA5, 0x91, 0x08, 0x60, 0xD1, 0x9A, 0xE5,
    0x30, 0x06, 0xD9, 0xA9, 0x7B, 0x62, 0x10, 0x6B, 0x62, 0x72, 0x17, 0x24, 0xA4, 0x02, 0xD9, 0xC4,
    0x77, 0x86, 0x01, 0xE1, 0xE4, 0xB0, 0x03, 0x02, 0x72, 0xBE, 0x52, 0x0D, 0xD3, 0x42, 0x82, 0xD8,
    0x1F, 0xD8, 0xFB, 0xC8, 0xA1, 0xDF, 0x5F, 0x38, 0x7A, 0x9D, 0x82, 0xD8, 0x5B, 0x0E, 0x62, 0x47,
    0x09, 0x7A, 0xD5, 0x20, 0xF6, 0xE8, 0x77, 0x12, 0xC4, 0x5E, 0xF0, 0xA1, 0xFC, 0x80, 0x20, 0xF6,
    0xFF, 0x07, 0x75, 0x53, 0xBD, 0x6E, 0xDD, 0x36, 0x18, 0x3D, 0x92, 0x6C, 0xCB, 0x88, 0x80, 0x28,
    0x43, 0xBC, 0x15, 0x50, 0x87, 0x2E, 0x05, 0xDC, 0xB0, 0x63, 0x86, 0x20, 0xE4, 0xD6, 0x21, 0x8B,
    0x17, 0x2F, 0x99, 0x32, 0x06, 0x5D, 0xFC, 0x06, 0xA6, 0xFC, 0x06, 0x79, 0x84, 0x0E, 0x1D, 0x9A,
    0x37, 0xC8, 0xE0, 0x9A, 0x4C, 0x5E, 0x20, 0xCA, 0x90, 0x5D, 0x43, 0xB6, 0x0C, 0x15, 0x10, 0x06,
    0x50, 0x0A, 0x4A, 0x5F, 0xCE, 0x77, 0xE5, 0x1B, 0x14, 0x01, 0x4A, 0x91, 0x17, 0x17, 0xA4, 0xF4,
    0xF1, 0x7C, 0xE7, 0xA7, 0x00, 0x1A, 0x07, 0x1B, 0xE1, 0x47, 0x84, 0x04, 0x9F, 0x61, 0x04, 0x8D,
    0xF4, 0x85, 0x44, 0xD8, 0x01, 0x4D, 0x44, 0x01, 0x1D, 0xA7, 0x80, 0x77, 0x90, 0x58, 0x4A, 0xAC,
    0xA5, 0x6F, 0x05, 0x66, 0x81, 0x4D, 0x08, 0x11, 0x01, 0x78, 0x88, 0x6D, 0x3C, 0x05, 0x2A, 0xE9,
    0xF9, 0x79, 0x44, 0x27, 0x23, 0xBC, 0x4C, 0x90, 0xB7, 0x73, 0x25, 0x75, 0x6E, 0x73, 0xB5, 0x98,
    0x09, 0xAB, 0x8F, 0xB8, 0x3E, 0x04, 0xEE, 0xE9, 0xDB, 0xE5, 0x8A, 0x87, 0xAD, 0xC4, 0x1B, 0x2B,
    0xEF, 0xC4, 0x8B, 0xAC, 0xE1, 0x89, 0xE4, 0x9B, 0x4A, 0xD2, 0x29, 0x42, 0xAF, 0xE7, 0x46, 0x24,
    0x5B, 0x2E, 0xBF, 0xAD, 0xF9, 0xF0, 0xFC, 0xFC, 0xEC, 0x08, 0x38, 0x36, 0x3D, 0x4E, 0x09, 0xF8,
    0xDA, 0xA6, 0x5A, 0xCF, 0x13, 0xDF, 0x1B, 0x1A, 0x11, 0x87, 0xF0, 0x61, 0x87, 0xA2, 0x4C, 0x5D,
    0xB6, 0x8B, 0x5F, 0x7C, 0xF6, 0xC9, 0x0C, 0x1B, 0xB2, 0x66, 0x2A, 0x67, 0x3B, 0xB7, 0xAB, 0xCF,
    0x66, 0x0D, 0xB3, 0x5D, 0xC2, 0x64, 0xB3, 0x8D, 0xED, 0xB8, 0x3B, 0x24, 0xA0, 0x52, 0x66, 0xB4,
    0x22, 0x60, 0x3D, 0xE7, 0x23, 0x17, 0xC4, 0x99, 0x42, 0xD8, 0xCF, 0x02, 0x74, 0x89, 0xE7, 0x71,
    0xF7, 0xB7, 0x9A, 0x81, 0x82, 0x0B, 0x8E, 0xEB, 0x84, 0xDB, 0x53, 0x4B, 0x90, 0x1F, 0x57, 0xEF,
    0xE4, 0x06, 0x61, 0xD5, 0xB9, 0x4A, 0x49, 0xB8, 0xB3, 0x95, 0xB1, 0x11, 0x87, 0xFD, 0xB8, 0xCB,
    0x07, 0x26, 0x1A, 0x12, 0x3D, 0x90, 0x6A, 0x19, 0x64, 0xA8, 0xE4, 0x8D, 0xC4, 0x46, 0x6A, 0x41,
    0x4B, 0x7E, 0x60, 0x27, 0x3B, 0xC1, 0xF7, 0xEC, 0xEC, 0x31, 0x1F, 0x1C, 0xF0, 0xD1, 0x71, 0xF6,
    0x98, 0x17, 0x07, 0xB4, 0x73, 0xE8, 0xED, 0xE8, 0x07, 0x89, 0xF6, 0x93, 0x90, 0xDD, 0x4C, 0xB8,
    0x09, 0xB5, 0x0C, 0xC4, 0x40, 0xB6, 0x56, 0xB6, 0x80, 0x63, 0x18, 0x5C, 0xC3, 0x5F, 0x11, 0xC6,
    0x1B, 0x81, 0x7F, 0xCD, 0x76, 0x46, 0xE9, 0xBB, 0xC9, 0xC7, 0x76, 0xB2, 0xB1, 0x4E, 0xDD, 0x50,
    0x4E, 0x14, 0xB4, 0x2F, 0x81, 0xA3, 0x97, 0x40, 0x50, 0x29, 0x65, 0xEA, 0x48, 0xAD, 0xFD, 0x7C,
    0x91, 0x3D, 0x9A, 0xFC, 0x0A, 0x55, 0x7A, 0x86, 0x72, 0xD8, 0xA3, 0x6E, 0x09, 0xB7, 0x2F, 0x56,
    0x54, 0xBC, 0x2E, 0xA1, 0x9B, 0x40, 0x0D, 0xED, 0x36, 0x67, 0x58, 0x6E, 0x6E, 0x04, 0xDE, 0x27,
    0x08, 0x57, 0x4B, 0xAC, 0x64, 0x28, 0x88, 0x48, 0x62, 0x21, 0x7D, 0x29, 0xA8, 0x56, 0x76, 0xA6,
    0x9F, 0xD0, 0x25, 0x0F, 0xB4, 0x15, 0xD4, 0x2B, 0xA1, 0xEB, 0x87, 0xDA, 0x2A, 0x0D, 0x32, 0xA8,
    0xC7, 0xEC, 0xA8, 0xEF, 0xB4, 0x13, 0x9A, 0x19, 0xC5, 0x88, 0xC2, 0xD5, 0x73, 0x43, 0x42, 0xDA,
    0xB9, 0x9B, 0xCC, 0x68, 0xA3, 0xED, 0x3D, 0xF9, 0xD8, 0xC8, 0x08, 0x6A, 0xC1, 0x6F, 0xF5, 0x1B,
    0x56, 0x9B, 0x41, 0x89, 0x2D, 0xF0, 0x93, 0xD6, 0x6F, 0xB2, 0x59, 0x36, 0xE5, 0xED, 0x74, 0xC7,
    0x1D, 0xFD, 0x51, 0xFC, 0x69, 0xE6, 0x76, 0xB9, 0xD5, 0x7C, 0x0D, 0xC9, 0x66, 0x3F, 0x74, 0xE9,
    0x90, 0x57, 0xE0, 0x77, 0x57, 0xA9, 0x76, 0xB3, 0xB9, 0xCA, 0x16, 0xBB, 0x59, 0x50, 0xC7, 0xD4,
    0xCA, 0x40, 0x5B, 0xEA, 0x78, 0x0E, 0xED, 0x40, 0x5C, 0xA9, 0x53, 0xBD, 0x4A, 0x0E, 0x9A, 0xA4,
    0xB7, 0x5D, 0xD2, 0x02, 0x37, 0x3C, 0x22, 0x7B, 0xA3, 0x76, 0xA1, 0x00, 0x08, 0xCA, 0xB1, 0x39,
    0xCF, 0x04, 0xF5, 0x7B, 0xF2, 0x7E, 0x41, 0x41, 0x85, 0x46, 0x74, 0x4C, 0x52, 0xAF, 0xE9, 0xA1,
    0xAD, 0xC3, 0xBF, 0x3D, 0x69, 0xB7, 0xE2, 0x8E, 0xFE, 0x42, 0x71, 0xCE, 0x22, 0x94, 0x50, 0x59,
    0x69, 0x16, 0xA5, 0x8A, 0x53, 0x1B, 0x4A, 0x9A, 0x2C, 0x32, 0x74, 0x72, 0xB6, 0x2F, 0xA5, 0x46,
    0xE2, 0x85, 0x14, 0x84, 0x91, 0xA2, 0x49, 0xE9, 0x40, 0xF9, 0x67, 0xE1, 0xD6, 0x6F, 0xF4, 0xC2,
    0x42, 0x9F, 0x2A, 0x99, 0xCE, 0x38, 0xFC, 0x0C, 0x26, 0xE4, 0x80, 0x09, 0xF9, 0xE1, 0xBB, 0x84,
    0x8C, 0x9A, 0x90, 0x82, 0x09, 0xDF, 0x8F, 0xDB, 0xF4, 0x5D, 0xFE, 0x5F, 0xFA, 0xFE, 0x93, 0xC0,
    0x65, 0x9F, 0xC0, 0xDD, 0xA6, 0x5A, 0xC7, 0xCB, 0x58, 0xB1, 0x2E, 0x13, 0x93, 0xCD, 0x97, 0x8B,
    0x6C, 0x5D, 0x9D, 0x1F, 0xA1, 0xCC, 0xBF, 0xAA, 0x7E, 0xDB, 0xF8, 0x51, 0x7F, 0xFE, 0xE6, 0x2A,
    0x36, 0xEC, 0x4E, 0xB1, 0x6B, 0x49, 0x86, 0x48, 0x69, 0x82, 0x0A, 0x09, 0x4D, 0xD8, 0x96, 0x27,
    0x9A, 0x43, 0x65, 0x39, 0xA3, 0xCF, 0x6A, 0xDA, 0x23, 0x77, 0x34, 0x31, 0x75, 0x83, 0x86, 0x15,
    0x7E, 0x32, 0xA4, 0xC5, 0x35, 0x2F, 0xD0, 0x0D, 0x76, 0xB0, 0xD1, 0xC7, 0xF0, 0x3E, 0x48, 0x58,
    0x48, 0x13, 0xBE, 0x02, 0xED, 0x5C, 0x3D, 0xCC, 0xE5, 0x58, 0x79, 0x3E, 0xBE, 0x97, 0x1D, 0x23,
    0x2C, 0xC5, 0x29, 0x58, 0x84, 0x76, 0x57, 0x32, 0x45, 0x22, 0x45, 0x14, 0xB8, 0x8F, 0xD0, 0xDA,
    0x80, 0x50, 0x0A, 0x8A, 0x9D, 0x62, 0x3F, 0x22, 0x6D, 0x8A, 0x6D, 0x88, 0x14, 0xA0, 0xD8, 0x26,
    0x05, 0x4D, 0x62, 0x43, 0x0A, 0x8A, 0x14, 0x4C, 0x11, 0x12, 0x29, 0x0D, 0x5B, 0x6C, 0x12, 0xED,
    0x50, 0x4C, 0x43, 0x11, 0x45, 0x8A, 0x6C, 0x92, 0x22, 0x25, 0x26, 0x51, 0xAA, 0x14, 0x31, 0xC9,
    0x52, 0x04, 0x8A, 0x31, 0x8A, 0x61, 0x3D, 0xB3, 0xB6, 0x4F, 0xDE, 0xF7, 0x79, 0xDE, 0x73, 0x7C,
    0xEF, 0xEC, 0xCC, 0xB0, 0xE9, 0x76, 0x11, 0xB3, 0x3B, 0x3E, 0x67, 0xBE, 0xEF, 0x5E, 0xFB, 0x9C,
    0xF7, 0xF7, 0x79, 0x7F, 0x8E, 0xDD, 0x6F, 0x39, 0xD7, 0x39, 0xE7, 0xFB, 0xC4, 0x0F, 0x67, 0xDF,
    0xA7, 0xBE, 0xCF, 0x7C, 0x9D, 0x7B, 0x57, 0x6E, 0xAE, 0x5A, 0x5D, 0x33, 0x39, 0x3F, 0x38, 0xDF,
    0xEA, 0x47, 0x3E, 0xEE, 0x9C, 0xFB, 0x9E, 0x7C, 0xD2, 0x9D, 0x7C, 0x7D, 0xF6, 0x75, 0xEA, 0x5D,
    0xBE, 0xB9, 0x62, 0x75, 0xD5, 0xE4, 0xAA, 0xC1, 0x35, 0xB5, 0xFB, 0x94, 0xE3, 0x9F, 0xD3, 0xE2,
    0x5C, 0xB1, 0x3B, 0x57, 0x79, 0xE7, 0x1A, 0xFD, 0x2B, 0xF3, 0x66, 0x75, 0xFA, 0x41, 0x97, 0xB8,
    0xF7, 0xF4, 0x27, 0xB9, 0xED, 0xF4, 0xD6, 0xAE, 0xDB, 0x79, 0x0B, 0xBD, 0x55, 0x29, 0x73, 0x59,
    0x95, 0x2E, 0xCB, 0x35, 0xB3, 0x2C, 0x64, 0x74, 0xB2, 0x60, 0x57, 0x78, 0xBB, 0xFB, 0xE8, 0xDC,
    0x33, 0xF6, 0xF5, 0xAC, 0x76, 0xC5, 0xA0, 0xCF, 0xEB, 0x26, 0x6E, 0x4B, 0x37, 0x84, 0x95, 0x36,
    0xBD, 0x7B, 0x91, 0x5B, 0x71, 0xEE, 0x13, 0x7A, 0xF9, 0x47, 0x7D, 0x9A, 0xDC, 0x42, 0xEE, 0x55,
    0x3B, 0x97, 0xEB, 0x4C, 0x3E, 0xE9, 0x74, 0xE7, 0x4A, 0x15, 0xD9, 0xCD, 0xAE, 0x9F, 0x58, 0xF4,
    0xB3, 0x77, 0x64, 0x52, 0xBB, 0xDB, 0xAE, 0x98, 0x33, 0xB9, 0xD9, 0x52, 0x6C, 0xAE, 0x5B, 0xAA,
    0xCD, 0xF9, 0x59, 0x96, 0xD4, 0x8D, 0xD5, 0xEC, 0x3E, 0x55, 0x67, 0x77, 0x6C, 0x03, 0x6F, 0x80,
    0x12, 0x03, 0x76, 0x21, 0x37, 0x5F, 0x5C, 0x87, 0x49, 0xBE, 0x26, 0x1E, 0x93, 0x62, 0x3D, 0xFB,
    0x4D, 0x27, 0xD5, 0x92, 0x7A, 0x7D, 0x84, 0xAC, 0x35, 0xF7, 0x1E, 0xAB, 0x19, 0x4A, 0x6F, 0x2B,
    0x6A, 0xDE, 0xD1, 0x49, 0x2A, 0xCF, 0xF8, 0x0F, 0x5D, 0x5E, 0xB6, 0x24, 0xFE, 0x9B, 0xC2, 0x0D,
    0x97, 0x8D, 0x67, 0x9F, 0x62, 0x75, 0x6D, 0xB6, 0x2B, 0x15, 0x70, 0x6B, 0x9B, 0x54, 0xCB, 0x59,
    0x98, 0x86, 0x3D, 0x9C, 0x84, 0x48, 0xBA, 0x8F, 0xE1, 0xE4, 0x75, 0x3F, 0x27, 0x65, 0xF3, 0xC4,
    0x5B, 0x73, 0x92, 0x79, 0x79, 0xDE, 0xAC, 0xEB, 0xF1, 0xF2, 0x47, 0x77, 0x59, 0xE9, 0x04, 0x14,
    0x08, 0x13, 0x6F, 0x93, 0x93, 0xDE, 0xBE, 0x91, 0x45, 0xA7, 0xBA, 0x04, 0xE5, 0x2A, 0xC8, 0x55,
    0xED, 0x64, 0x37, 0x98, 0xA4, 0xCC, 0xD1, 0xC9, 0xC9, 0xEF, 0xB5, 0x5C, 0xFC, 0x22, 0x5B, 0x99,
    0x9C, 0x5C, 0x76, 0xB9, 0xEF, 0xA8, 0x37, 0xDF, 0xE4, 0xBE, 0x83, 0xDE, 0x7C, 0x15, 0x39, 0xC9,
    0x77, 0xFD, 0xB0, 0xFC, 0x2F, 0x4C, 0x96, 0xAF, 0x96, 0xF3, 0xB5, 0x80, 0xFC, 0x86, 0xEB, 0xF4,
    0xD9, 0x22, 0x8A, 0xBD, 0xE7, 0xA4, 0xF9, 0x91, 0x4D, 0xFC, 0x88, 0x5F, 0xAD, 0xB2, 0xA8, 0xB3,
    0xFF, 0xF9, 0x17, 0xEF, 0xAD, 0xA9, 0x4A, 0xE5, 0x28, 0x54, 0x90, 0x7B, 0xA6, 0xF2, 0x84, 0x7C,
    0x11, 0xD2, 0x67, 0xB2, 0xE4, 0x7C, 0x16, 0xBE, 0xE7, 0x3A, 0x99, 0x84, 0xFB, 0x3A, 0xF9, 0x48,
    0x5B, 0xE9, 0xDA, 0x65, 0x13, 0xEE, 0x05, 0xDD, 0x79, 0xCD, 0xA7, 0x95, 0xDE, 0x1E, 0x2B, 0xEB,
    0x79, 0xF6, 0xB6, 0x33, 0x5A, 0x4C, 0xCE, 0x68, 0x11, 0x27, 0xA0, 0xAD, 0x3E, 0x1D, 0xD4, 0x26,
    0x3B, 0x75, 0xB2, 0x18, 0xEB, 0x41, 0x4F, 0x50, 0x3B, 0x4E, 0xE4, 0xBB, 0x7F, 0x02, 0xB2, 0x4F,
    0xAA, 0x40, 0x3A, 0x19, 0xE5, 0xA7, 0xCA, 0x5A, 0xB9, 0xDB, 0x79, 0x07, 0x23, 0x7A, 0x97, 0xA9,
    0x40, 0xE4, 0xFE, 0x87, 0x37, 0xF7, 0xE4, 0x9E, 0x49, 0x67, 0x64, 0xCF, 0xBD, 0xB1, 0x86, 0x93,
    0xC9, 0x78, 0x45, 0xCE, 0x3E, 0x42, 0xAB, 0xF9, 0x8C, 0xF5, 0x81, 0x5C, 0x53, 0x8A, 0x25, 0x82,
    0x62, 0x53, 0x26, 0x97, 0x96, 0x44, 0xAB, 0x4F, 0x4A, 0x3F, 0xD0, 0x6D, 0x72, 0xA0, 0x07, 0x48,
    0x87, 0xFB, 0xB6, 0x0E, 0xD4, 0x1B, 0x95, 0x18, 0xB5, 0x03, 0x01, 0x07, 0x12, 0xC6, 0x68, 0x48,
    0xA5, 0xEE, 0x8F, 0x79, 0xC5, 0x5B, 0x40, 0x1C, 0x5E, 0xE0, 0x2D, 0x5C, 0xB7, 0x19, 0x3D, 0x85,
    0xB0, 0x14, 0x7B, 0xF9, 0xE8, 0xCD, 0xCD, 0x8D, 0x0F, 0xF3, 0x20, 0x6B, 0x26, 0x64, 0x46, 0xA7,
    0xCB, 0x79, 0x17, 0xF6, 0x6A, 0x14, 0x3E, 0x5F, 0xCC, 0x53, 0x6E, 0x3D, 0xD1, 0x5B, 0xA4, 0xE4,
    0x06, 0x48, 0x9D, 0x91, 0x21, 0xA7, 0xB0, 0xAD, 0x40, 0xF0, 0xCB, 0x39, 0xD6, 0xE7, 0x8E, 0x2D,
    0x82, 0xF2, 0x03, 0xB7, 0xE2, 0xDC, 0xB1, 0x2D, 0xD0, 0x5F, 0x49, 0x81, 0xF5, 0x28, 0xE5, 0x5B,
    0x95, 0x5D, 0x9B, 0xD7, 0x0D, 0x35, 0x43, 0x19, 0xA1, 0x4B, 0x5D, 0x1F, 0x61, 0xC3, 0x42, 0x0E,
    0xCC, 0x46, 0x7C, 0xD2, 0xBD, 0x05, 0xC9, 0xE7, 0x40, 0x6D, 0x21, 0xB4, 0x4A, 0x81, 0xD0, 0x58,
    0x17, 0x23, 0xE4, 0xD5, 0x75, 0x18, 0x65, 0x8D, 0xA8, 0x2F, 0xC4, 0xF5, 0x9A, 0x8C, 0x9A, 0x84,
    0x56, 0x57, 0x43, 0xB3, 0x93, 0x62, 0x9B, 0xBB, 0x10, 0xC7, 0xAB, 0x21, 0x21, 0xB1, 0x4D, 0x1E,
    0x8D, 0x94, 0x71, 0x18, 0x23, 0x41, 0x8C, 0x16, 0xDC, 0x3A, 0x77, 0xDA, 0xDB, 0xE6, 0x6D, 0xAF,
    0xFC, 0x73, 0xEB, 0xEE, 0x1D, 0xEC, 0x54, 0x6E, 0xEC, 0x75, 0x61, 0x55, 0xAF, 0x1A, 0xAE, 0xF7,
    0x6B, 0xC6, 0x84, 0xEA, 0x29, 0x5B, 0x4E, 0xC1, 0x42, 0x15, 0xB4, 0xD2, 0xEF, 0x7F, 0xE0, 0xD5,
    0xB7, 0xD4, 0x1D, 0x54, 0x7F, 0xC8, 0xF7, 0x44, 0x6F, 0x56, 0xF8, 0x49, 0xCD, 0x20, 0x64, 0x7C,
    0xAA, 0x44, 0x46, 0x27, 0x5D, 0xC1, 0xDC, 0x88, 0xB9, 0x1E, 0x75, 0x65, 0x4B, 0x25, 0xF7, 0xED,
    0x31, 0x7B, 0x41, 0x76, 0xDB, 0xEA, 0x4C, 0x8D, 0xBF, 0x3E, 0x13, 0xB3, 0x8E, 0xBA, 0xB4, 0xAA,
    0x8D, 0xC2, 0x4C, 0xF6, 0x89, 0xA5, 0x1F, 0xB3, 0x54, 0x36, 0x9D, 0x80, 0x71, 0xC7, 0x4C, 0x1F,
    0x94, 0x18, 0x33, 0x47, 0x9B, 0x15, 0xB2, 0xB2, 0xC4, 0xD3, 0x8C, 0xF5, 0xF6, 0x5D, 0x3C, 0x08,
    0x77, 0xC6, 0xA5, 0x93, 0x7F, 0xD2, 0x68, 0x37, 0x6A, 0x4D, 0xCC, 0x5A, 0x0A, 0x93, 0x41, 0x3B,
    0xA1, 0xCF, 0x7D, 0x10, 0xCA, 0xA9, 0xAE, 0xD1, 0xA4, 0x9F, 0xAE, 0x85, 0x1B, 0xAC, 0x54, 0x99,
    0x7A, 0xCB, 0x08, 0xF9, 0xCC, 0xCB, 0x41, 0x6C, 0x9E, 0xD3, 0xCB, 0x97, 0x95, 0xA8, 0x29, 0x77,
    0x5C, 0x0B, 0x55, 0x71, 0xE3, 0xDC, 0x74, 0x78, 0xD2, 0x87, 0x89, 0x2F, 0xFE, 0x2F, 0xDC, 0xB1,
    0x53, 0x71, 0xFA, 0xFE, 0x5F, 0xCA, 0x1A, 0x74, 0xF9, 0xA9, 0x9A, 0xF3, 0xD5, 0xA9, 0x74, 0x89,
    0x58, 0x39, 0xF9, 0x89, 0x32, 0x52, 0x5D, 0x8F, 0x98, 0x6B, 0x95, 0x1D, 0x75, 0xBD, 0x62, 0xA7,
    0xC5, 0x59, 0xA9, 0x88, 0xA9, 0x1C, 0x75, 0x0B, 0x74, 0x57, 0xDD, 0xA7, 0xDE, 0xFA, 0x05, 0x10,
    0xE3, 0xB3, 0xD4, 0x14, 0xDD, 0xC2, 0xE7, 0x82, 0x55, 0x4C, 0xFD, 0x9F, 0xEF, 0xB6, 0xC8, 0xB3,
    0xFF, 0xD6, 0x1A, 0xA7, 0xF7, 0xE7, 0xE0, 0xEE, 0x0F, 0x53, 0x94, 0xF8, 0x70, 0x03, 0x25, 0x59,
    0x7B, 0x4C, 0xA3, 0x7A, 0xD0, 0xE7, 0xB9, 0x2B, 0xC3, 0x79, 0x39, 0x4D, 0x82, 0x15, 0xBD, 0x30,
    0x9F, 0xA6, 0xD2, 0xE1, 0xC1, 0x8F, 0x9B, 0x36, 0xEA, 0x6E, 0x02, 0x75, 0x69, 0x12, 0xC8, 0x07,
    0x5B, 0x4E, 0xEE, 0x2F, 0x96, 0x13, 0xC5, 0xF7, 0x14, 0xC5, 0xB7, 0x09, 0xE2, 0x7B, 0x32, 0xA3,
    0xEB, 0xC7, 0x3C, 0x8A, 0x6F, 0xE3, 0x67, 0xD9, 0x58, 0x2B, 0x44, 0xD6, 0x8F, 0x8B, 0x78, 0xE4,
    0xBB, 0x09, 0xED, 0x58, 0xAC, 0x26, 0xB4, 0x22, 0xBE, 0xB9, 0x3E, 0x37, 0xF5, 0xE2, 0x64, 0x0A,
    0xB2, 0x70, 0xAA, 0xE4, 0xC3, 0x10, 0xD5, 0xE9, 0x05, 0x2A, 0x2B, 0x56, 0xDC, 0x1C, 0xB3, 0x3D,
    0xCC, 0xBA, 0x3D, 0xE8, 0x60, 0x17, 0x9C, 0x01, 0x15, 0x3A, 0x0F, 0x3E, 0x97, 0x26, 0xA0, 0x0A,
    0x7E, 0x96, 0x33, 0xC5, 0x3D, 0x34, 0x0A, 0x66, 0xA6, 0x74, 0x4F, 0x72, 0x93, 0xE7, 0xC4, 0xAD,
    0xCB, 0xED, 0xBE, 0xFE, 0xBA, 0x6B, 0xCE, 0xB2, 0xEF, 0x62, 0x17, 0xFC, 0xE1, 0x13, 0xB9, 0x55,
    0xB7, 0xA4, 0x32, 0x13, 0xB0, 0x72, 0x12, 0x25, 0x14, 0x30, 0xE1, 0x54, 0xEB, 0xC4, 0x43, 0x9E,
    0xFC, 0xC3, 0x7B, 0x73, 0xBE, 0xDF, 0xF5, 0x93, 0x3A, 0x10, 0x05, 0x22, 0x9C, 0x81, 0x0A, 0xA3,
    0xCE, 0x7A, 0x9D, 0x0D, 0x3A, 0xAB, 0xCD, 0x2E, 0xB8, 0x0F, 0xC3, 0x24, 0x29, 0xDD, 0x55, 0xA6,
    0x14, 0x28, 0x02, 0x90, 0x29, 0xA6, 0x20, 0x7A, 0x83, 0xD8, 0xB9, 0x4E, 0x09, 0xFF, 0xA7, 0xFA,
    0x59, 0x81, 0x9A, 0x82, 0x9E, 0x3E, 0x2A, 0x78, 0x46, 0x9E, 0x9C, 0xEF, 0x02, 0x23, 0xCA, 0x5D,
    0xDC, 0x70, 0xB5, 0x29, 0x3C, 0x5B, 0x44, 0x72, 0xB3, 0xE1, 0xF4, 0xD6, 0x13, 0x10, 0xE1, 0x33,
    0xCE, 0x6E, 0x5C, 0x6D, 0x61, 0xE3, 0x70, 0x2D, 0x90, 0x17, 0xDD, 0x3D, 0xF0, 0x0C, 0x04, 0xE5,
    0x4C, 0xEB, 0x11, 0x96, 0x93, 0x72, 0x4D, 0xAD, 0xD2, 0x27, 0x40, 0x3C, 0x5C, 0x0A, 0x80, 0xBD,
    0x3D, 0x51, 0x62, 0x66, 0xCA, 0x58, 0x70, 0x17, 0x68, 0x53, 0x61, 0x26, 0xDD, 0x45, 0x4D, 0x30,
    0x6A, 0xD2, 0xF9, 0xBA, 0x4D, 0xCA, 0xF9, 0x11, 0xA7, 0x7F, 0x0A, 0x22, 0x9C, 0x86, 0x49, 0x1E,
    0x44, 0xBD, 0x08, 0x93, 0xCA, 0x9B, 0x22, 0x75, 0xF7, 0x4D, 0x21, 0xFC, 0x0F, 0xBC, 0x49, 0xF2,
    0x4B, 0xDE, 0xBE, 0x9D, 0x51, 0xEF, 0xF2, 0x2D, 0xA3, 0xC0, 0x96, 0x4B, 0x6A, 0xA8, 0x6E, 0x32,
    0x78, 0xD7, 0x8D, 0x9C, 0x24, 0xEA, 0x4E, 0x06, 0x7C, 0xBB, 0xA5, 0x15, 0xCF, 0xBC, 0x69, 0x8A,
    0x90, 0x92, 0x93, 0x32, 0x78, 0xD1, 0x26, 0x58, 0xA2, 0xE0, 0x7B, 0x93, 0x80, 0xEA, 0x70, 0x33,
    0x9D, 0x80, 0xBA, 0x4A, 0x53, 0x35, 0x21, 0x90, 0x3E, 0x80, 0x39, 0xA0, 0xF7, 0x05, 0xB7, 0x70,
    0xB7, 0x74, 0x2B, 0xB7, 0xE4, 0x46, 0x15, 0x50, 0x86, 0x7C, 0x3F, 0x82, 0xB9, 0x4E, 0x65, 0xC2,
    0x00, 0xE3, 0x2B, 0x50, 0x30, 0x3C, 0xB3, 0x36, 0x73, 0x38, 0xD9, 0x5A, 0x56, 0xB8, 0xFF, 0x9F,
    0x2A, 0x95, 0x5F, 0x7C, 0xC9, 0xB7, 0x0D, 0x39, 0x52, 0x17, 0xF4, 0x30, 0x75, 0xCE, 0x91, 0x0A,
    0x50, 0x7A, 0xB2, 0x4D, 0x44, 0x1D, 0x54, 0x11, 0xCE, 0x83, 0x6F, 0xC2, 0x7C, 0xE0, 0x4D, 0x59,
    0x2B, 0x56, 0xE8, 0xF7, 0xBF, 0xC1, 0x1E, 0xBD, 0x29, 0xB9, 0xA7, 0x09, 0x48, 0x6C, 0xA7, 0x27,
    0xFF, 0xF3, 0x7B, 0xBA, 0x6E, 0x51, 0x34, 0x78, 0x1D, 0xA5, 0x55, 0xE3, 0x09, 0x1D, 0x54, 0x3F,
    0x95, 0xBE, 0x0A, 0x05, 0x32, 0x04, 0x13, 0x35, 0x80, 0xA1, 0xEA, 0x94, 0x8E, 0x95, 0xA7, 0x0C,
    0x28, 0x11, 0x4A, 0x85, 0xCA, 0x58, 0xBF, 0x7B, 0x5E, 0x48, 0x79, 0xCB, 0xF3, 0x39, 0x25, 0xED,
    0x04, 0x51, 0xCD, 0xCC, 0x5D, 0x3F, 0xB8, 0x94, 0xDC, 0x93, 0x41, 0x99, 0xB3, 0x8D, 0xA9, 0x8D,
    0xA7, 0x80, 0xE2, 0x72, 0xFF, 0xEF, 0x77, 0x83, 0xA5, 0xD7, 0x85, 0x2B, 0x31, 0xB8, 0xFF, 0xDA,
    0x46, 0xE7, 0x40, 0x07, 0x1D, 0x6B, 0x8E, 0xBB, 0x71, 0xE6, 0xE5, 0xC3, 0xF3, 0x47, 0x2B, 0x1A,
    0xC7, 0xE5, 0x0A, 0x8F, 0x06, 0x7B, 0x1A, 0xCC, 0x66, 0x18, 0xCD, 0xF5, 0x07, 0x28, 0x15, 0x60,
    0x54, 0x80, 0x4D, 0x71, 0x34, 0x28, 0x12, 0x60, 0x13, 0x6D, 0x1B, 0xC4, 0x61, 0x77, 0x26, 0x6A,
    0xB5, 0xA1, 0xBB, 0xDA, 0xB8, 0x1F, 0x69, 0xF0, 0x95, 0x60, 0x91, 0xDD, 0xE5, 0x57, 0xE1, 0x51,
    0xE9, 0x36, 0x5A, 0xAE, 0x88, 0x8F, 0xCA, 0x6C, 0xCC, 0xCD, 0x94, 0x97, 0xBF, 0xB0, 0x78, 0xE6,
    0x67, 0x16, 0xCE, 0xFC, 0x10, 0x4B, 0x4F, 0x7C, 0x6B, 0xC1, 0x0C, 0xCD, 0x5F, 0xB6, 0x9B, 0x19,
    0x5C, 0xE1, 0xDD, 0x24, 0x0E, 0xA2, 0x89, 0x90, 0x50, 0x0E, 0xF6, 0x42, 0x61, 0xD6, 0xC6, 0x30,
    0xA6, 0xDA, 0xCC, 0xC7, 0x5A, 0x10, 0x03, 0x3E, 0x6F, 0x86, 0x74, 0x57, 0xF2, 0xBC, 0x9B, 0x39,
    0x12, 0x42, 0xB6, 0x27, 0x62, 0xA1, 0x3E, 0xA5, 0x25, 0xE9, 0x21, 0x8A, 0xE2, 0x66, 0x0B, 0xFF,
    0xED, 0xDB, 0x37, 0xAF, 0xFA, 0x81, 0xA8, 0xD6, 0x8F, 0x44, 0xB1, 0x62, 0xFC, 0x39, 0x0E, 0x94,
    0x0F, 0xF9, 0xF2, 0xC9, 0xE0, 0xED, 0xD9, 0xC6, 0xD4, 0xC6, 0x20, 0x1F, 0x2A, 0x07, 0x5F, 0xEC,
    0xF8, 0x30, 0x57, 0x9A, 0xF1, 0x29, 0x0D, 0xA7, 0x96, 0x06, 0xC3, 0x4B, 0xC3, 0xA7, 0x9F, 0x0C,
    0x2E, 0xC0, 0x99, 0x7B, 0x70, 0x11, 0x6A, 0x2B, 0xFF, 0x6F, 0x6A, 0xD3, 0x83, 0xFE, 0x18, 0x13,
    0xD3, 0x8F, 0x13, 0xE5, 0xF5, 0x42, 0x0E, 0xC6, 0x27, 0xCA, 0x41, 0x32, 0x93, 0xFF, 0xE7, 0x95,
    0xCB, 0xCA, 0x8C, 0x36, 0xF9, 0x62, 0xCB, 0x9A, 0x75, 0x39, 0x9F, 0xD7, 0x65, 0xDF, 0xB2, 0x6D,
    0x94, 0x26, 0xD6, 0x95, 0x6D, 0xBB, 0xB1, 0x31, 0xC2, 0x22, 0x3A, 0xD6, 0xDA, 0xA2, 0x98, 0xD6,
    0xBE, 0x20, 0x3C, 0x79, 0xF8, 0xED, 0x1B, 0x4F, 0xAC, 0x72, 0x82, 0x01, 0x1E, 0xE5, 0x2B, 0x0B,
    0x9C, 0x4B, 0x01, 0xF4, 0xD3, 0x03, 0x77, 0xB9, 0xA2, 0x0E, 0x80, 0xC2, 0x22, 0x68, 0xC5, 0x8C,
    0x26, 0x99, 0xA3, 0xA1, 0x81, 0xFE, 0x12, 0x77, 0x9C, 0x4D, 0x21, 0xF2, 0xF8, 0xB1, 0xC1, 0xA4,
    0xAF, 0x35, 0xE9, 0x7B, 0xE4, 0x63, 0xB2, 0x99, 0x3B, 0x44, 0x5B, 0xF9, 0x44, 0x21, 0xCD, 0x67,
    0x82, 0xC3, 0x72, 0xA6, 0x81, 0x47, 0x34, 0xA4, 0xBF, 0x9B, 0xF4, 0x63, 0x37, 0xAF, 0xC0, 0xA4,
    0xD0, 0x1E, 0x84, 0xFD, 0x56, 0xB6, 0xBD, 0xC2, 0xEC, 0x43, 0xF4, 0x62, 0x4A, 0xFF, 0x31, 0x03,
    0x09, 0x10, 0xAD, 0x11, 0x58, 0x23, 0x58, 0xE3, 0x14, 0xF1, 0x59, 0x16, 0x22, 0x8F, 0x18, 0x90,
    0xC4, 0x30, 0xCB, 0x54, 0x91, 0x6C, 0xBF, 0x08, 0xB2, 0x08, 0x04, 0xD6, 0x18, 0x1A, 0x1C, 0x53,
    0x43, 0x55, 0xFA, 0x65, 0xB3, 0x06, 0xDD, 0x16, 0x51, 0x95, 0xDF, 0x6E, 0x6E, 0x7E, 0xDF, 0xA6,
    0x47, 0xD4, 0xE5, 0x63, 0x8C, 0x99, 0x98, 0x20, 0x47, 0x53, 0x06, 0xEA, 0x5E, 0x44, 0x56, 0x36,
    0x6D, 0x83, 0x0C, 0x31, 0x58, 0x49, 0x19, 0x39, 0xD6, 0xD7, 0x11, 0xD6, 0x53, 0xF6, 0xD3, 0x3D,
    0xBA, 0x9F, 0x63, 0x13, 0xB7, 0xD4, 0x90, 0x3F, 0xEF, 0x19, 0xB4, 0x09, 0x1F, 0x68, 0x69, 0x35,
    0x20, 0x4B, 0x0C, 0xB8, 0x21, 0x13, 0x10, 0x02, 0xC6, 0xE4, 0xEE, 0x1B, 0x21, 0x88, 0xBC, 0x63,
    0x38, 0x70, 0x09, 0x3E, 0x30, 0x6C, 0x42, 0xA2, 0x6D, 0xBF, 0x7F, 0x5E, 0x6F, 0xA9, 0x52, 0xA3,
    0x02, 0xD6, 0xC1, 0x17, 0x2C, 0x8E, 0xBE, 0x62, 0x3D, 0xD3, 0x4B, 0xAE, 0x29, 0x7D, 0xCB, 0x06,
    0x78, 0x27, 0x63, 0x41, 0x9D, 0xDA, 0x4B, 0x6C, 0xB8, 0xDB, 0xC5, 0x96, 0x3D, 0x7B, 0xF3, 0xBA,
    0xE6, 0x37, 0x84, 0x9B, 0x93, 0xDF, 0x1B, 0x9F, 0xEA, 0xB8, 0x35, 0xE2, 0xCA, 0xFD, 0xE8, 0xB7,
    0xCE, 0x8B, 0xC0, 0xB7, 0xE2, 0x20, 0x91, 0x47, 0xB2, 0x51, 0x90, 0xBA, 0xC5, 0x2E, 0x53, 0x43,
    0x3B, 0x32, 0x36, 0xC4, 0x25, 0x3D, 0x6C, 0x63, 0xA9, 0xE1, 0x66, 0x8F, 0x00, 0xA7, 0x44, 0xAA,
    0x60, 0x43, 0xBC, 0x51, 0xC8, 0x5F, 0xB9, 0xFB, 0xDF, 0x7A, 0xFC, 0x8C, 0x6A, 0x84, 0x50, 0x39,
    0x04, 0xA3, 0x03, 0xF9, 0x45, 0xFF, 0xF3, 0xCC, 0x4D, 0xF4, 0x3F, 0x23, 0x44, 0x8D, 0x57, 0x58,
    0x22, 0xC6, 0x77, 0x43, 0x34, 0xEF, 0xBC, 0xD2, 0xC4, 0x97, 0x66, 0xC7, 0x8F, 0x18, 0x93, 0x96,
    0x86, 0x02, 0x47, 0x36, 0x51, 0xB6, 0x70, 0xA5, 0x70, 0x51, 0xAE, 0x4E, 0x66, 0x90, 0x8F, 0x6B,
    0x6A, 0xC8, 0xE4, 0xD1, 0x47, 0xBD, 0xEB, 0x81, 0xE0, 0x31, 0x8C, 0x01, 0x38, 0xBB, 0x93, 0xA9,
    0xB6, 0xFE, 0xA1, 0x09, 0xEA, 0xD2, 0x1F, 0xDA, 0x72, 0x28, 0x4B, 0x11, 0x75, 0x85, 0x6B, 0x57,
    0x61, 0xE4, 0x3A, 0x0B, 0x4D, 0x77, 0x4C, 0xA6, 0x1D, 0xE6, 0xC9, 0x64, 0x66, 0xA6, 0x53, 0x76,
    0x67, 0x4E, 0xB2, 0xDA, 0x83, 0x19, 0x6C, 0xB6, 0x3C, 0x78, 0xA7, 0x35, 0x58, 0x56, 0xBF, 0x85,
    0x50, 0xE3, 0x08, 0x29, 0xA2, 0x52, 0x27, 0x31, 0xB6, 0x38, 0xC5, 0xDF, 0x9E, 0xFD, 0x3B, 0xD1,
    0xBA, 0xFE, 0xB7, 0x3D, 0x22, 0x15, 0xB7, 0xB5, 0x05, 0x0B, 0xDB, 0xF9, 0x60, 0x63, 0x2B, 0x7E,
    0x39, 0x57, 0xED, 0x1F, 0x39, 0x6B, 0xCD, 0xA0, 0x15, 0x9A, 0x29, 0x30, 0xAD, 0xD0, 0xC7, 0x04,
    0xB6, 0x80, 0xCF, 0xA0, 0x57, 0x65, 0x34, 0x53, 0xF1, 0x00, 0x5C, 0x91, 0xD9, 0x59, 0x3F, 0x48,
    0xDA, 0x75, 0x31, 0xDA, 0x7A, 0xA6, 0x0E, 0xC1, 0x4F, 0x80, 0xB0, 0x55, 0x84, 0xB0, 0x73, 0x08,
    0xA7, 0x96, 0x77, 0x41, 0xD8, 0x35, 0x64, 0xC6, 0xD6, 0xE0, 0xB8, 0x03, 0x45, 0xEE, 0xEF, 0xB6,
    0xF9, 0x6F, 0x05, 0xEB, 0x99, 0xDB, 0x96, 0x76, 0x9B, 0xE4, 0xAB, 0x11, 0xB2, 0x5C, 0x0C, 0xCB,
    0x36, 0x53, 0xCA, 0x89, 0x26, 0x07, 0x22, 0x84, 0xA5, 0x09, 0xA9, 0x89, 0x65, 0x05, 0x21, 0x70,
    0x92, 0x6F, 0xE6, 0x98, 0xC4, 0x1D, 0x93, 0x83, 0xCD, 0x6C, 0x13, 0x44, 0xEF, 0x00, 0xFB, 0x03,
    0xC5, 0x4E, 0x63, 0x1C, 0x30, 0x32, 0x0B, 0x16, 0x03, 0x10, 0x16, 0x86, 0x7A, 0xB5, 0x09, 0x20,
    0xAC, 0xD0, 0x03, 0x10, 0x56, 0xC4, 0x67, 0xAC, 0x02, 0x72, 0x05, 0x84, 0x55, 0x13, 0x11, 0x20,
    0x2C, 0xFC, 0x3E, 0xED, 0x14, 0xB2, 0xD8, 0x00, 0xC8, 0x36, 0xD5, 0x27, 0x12, 0x2C, 0x6B, 0xE2,
    0x8E, 0x06, 0x52, 0xA7, 0xA9, 0xA5, 0x6E, 0x35, 0x03, 0x09, 0xE5, 0x42, 0x54, 0x5C, 0x58, 0x32,
    0xC2, 0x4F, 0x06, 0xFE, 0xD3, 0x5D, 0x0D, 0x0D, 0x68, 0x97, 0xAD, 0x9A, 0x18, 0xFA, 0x0E, 0x82,
    0x3C, 0x99, 0x9E, 0x7C, 0x89, 0x28, 0x6F, 0xE9, 0xE6, 0xF3, 0x86, 0x69, 0x39, 0x77, 0x73, 0xB6,
    0x62, 0x5A, 0x4D, 0xCD, 0x52, 0xCC, 0x88, 0x7C, 0xAA, 0xB1, 0x5A, 0xAA, 0x09, 0xDB, 0xEA, 0x86,
    0x6A, 0x6D, 0x06, 0xEE, 0xB0, 0xAF, 0x56, 0xFD, 0xCB, 0xE9, 0x8E, 0x64, 0xAA, 0xE2, 0xA3, 0x52,
    0x9E, 0x5A, 0x01, 0xE4, 0xCB, 0x5A, 0x56, 0xC0, 0xA0, 0xB3, 0x87, 0x29, 0xD1, 0x69, 0xBA, 0xC3,
    0x8B, 0xA9, 0xB5, 0xCD, 0x36, 0x98, 0x03, 0xC0, 0x7F, 0xA6, 0x4D, 0x15, 0x42, 0x21, 0x01, 0x58,
    0x83, 0xB4, 0xA5, 0x5A, 0x1E, 0x52, 0x59, 0x9C, 0xDF, 0x79, 0x3B, 0xA6, 0x0B, 0xA6, 0x27, 0x1A,
    0x1D, 0x31, 0xD2, 0x43, 0x15, 0x61, 0x87, 0x82, 0xA1, 0xDE, 0x2C, 0x50, 0xE7, 0x99, 0xC0, 0x31,
    0x03, 0x64, 0x56, 0xE8, 0x6C, 0x56, 0x09, 0xA9, 0x36, 0x60, 0xE3, 0x55, 0xA9, 0xA8, 0xF7, 0x53,
    0x31, 0x80, 0x04, 0xE6, 0x5B, 0x08, 0xA7, 0xF2, 0x95, 0xA8, 0xD0, 0xC2, 0xCB, 0x42, 0x25, 0xBD,
    0x64, 0x0C, 0xAC, 0xD2, 0x6F, 0xE9, 0xEB, 0x9E, 0xB2, 0xCD, 0x84, 0x33, 0x24, 0xE7, 0x6D, 0xB9,
    0x35, 0x12, 0xFA, 0xDD, 0xFF, 0x0A, 0x77, 0x3B, 0x65, 0x5A, 0xF7, 0x23, 0xB9, 0x35, 0x4D, 0xFA,
    0xA0, 0xE9, 0x64, 0xCC, 0x24, 0xD4, 0x77, 0x84, 0x4A, 0xA2, 0x96, 0x09, 0x97, 0xDE, 0x97, 0xFE,
    0x1B, 0x5C, 0x79, 0x9B, 0xFB, 0x7F, 0x66, 0x3C, 0x5F, 0x67, 0xA2, 0xD5, 0x44, 0x9E, 0x67, 0xFF,
    0x36, 0xF3, 0xB8, 0xD8, 0x1A, 0x51, 0x68, 0x62, 0xF6, 0x55, 0x53, 0x31, 0x4C, 0x33, 0x69, 0xDE,
    0x85, 0x46, 0x1A, 0x01, 0xC4, 0x6A, 0x55, 0x86, 0xD2, 0x1B, 0x4E, 0x65, 0x36, 0x29, 0x51, 0x7F,
    0x95, 0x99, 0xFC, 0x4D, 0x34, 0xA0, 0x15, 0x43, 0x85, 0x29, 0x4A, 0x5F, 0x4C, 0xFB, 0xBE, 0x61,
    0x90, 0x19, 0xDE, 0x2D, 0x8C, 0x01, 0x54, 0x66, 0x36, 0x86, 0x9C, 0x71, 0x6E, 0xE1, 0x78, 0x0E,
    0xCA, 0x88, 0x64, 0x2A, 0x35, 0xAA, 0x81, 0xA3, 0x66, 0x1D, 0x75, 0xFF, 0x4D, 0xFD, 0x94, 0x8A,
    0xCC, 0xCD, 0xCD, 0x57, 0x68, 0x93, 0x08, 0xF7, 0x2D, 0x1B, 0x8A, 0x20, 0xD0, 0x82, 0x3D, 0x98,
    0x8F, 0x9B, 0x9B, 0x9B, 0xA7, 0xDC, 0x45, 0x71, 0xA4, 0x4A, 0x8C, 0xE2, 0x47, 0xFD, 0x07, 0x46,
    0x01, 0x95, 0x85, 0xE1, 0x76, 0xC4, 0xD5, 0x5A, 0x53, 0xB2, 0xED, 0x54, 0xB6, 0x8D, 0xCA, 0xB6,
    0xD1, 0xD8, 0x78, 0x91, 0x1E, 0x7E, 0xAF, 0xCE, 0xDE, 0xFF, 0x35, 0x9D, 0xFD, 0x2C, 0x7F, 0x27,
    0x60, 0x3F, 0x45, 0x97, 0x0C, 0x08, 0x99, 0x84, 0x3C, 0xA9, 0xB3, 0x47, 0x26, 0x61, 0x03, 0xB8,
    0x4B, 0xD4, 0xD9, 0x0F, 0xE6, 0xEC, 0xE9, 0xF4, 0xAB, 0x38, 0xB6, 0xFA, 0xFB, 0x1D, 0xF1, 0x6B,
    0xA2, 0xCE, 0x9E, 0x23, 0xCC, 0xFA, 0x49, 0xA3, 0x61, 0x02, 0x4A, 0x1B, 0xE9, 0xEC, 0x33, 0x75,
    0xF6, 0x88, 0x77, 0x45, 0x2F, 0x5A, 0xE5, 0x7E, 0x5F, 0xD1, 0xCC, 0xD0, 0xD9, 0x7B, 0x8F, 0xA5,
    0x9D, 0x61, 0xCD, 0x37, 0x08, 0x47, 0x8A, 0x58, 0xF9, 0xFF, 0xE9, 0xEC, 0x19, 0x67, 0x9F, 0xE3,
    0x2C, 0xB5, 0xD9, 0x12, 0x7F, 0x7B, 0x47, 0x17, 0xF1, 0x93, 0xBB, 0xDF, 0x05, 0xA5, 0xD4, 0x2B,
    0x86, 0x1A, 0x50, 0x1B, 0xF3, 0x06, 0xB5, 0xF9, 0xEF, 0xD2, 0x07, 0x4F, 0x5E, 0xF9, 0xE0, 0xCD,
    0x75, 0x46, 0x8F, 0xAE, 0xF0, 0x8D, 0xF1, 0xA2, 0xBA, 0x1A, 0xFA, 0x57, 0xA6, 0xC6, 0xC2, 0x8C,
    0x1E, 0xDE, 0x5B, 0xBC, 0x40, 0xB0, 0x50, 0xF9, 0x10, 0x8E, 0x1E, 0x59, 0xB1, 0x2A, 0xE6, 0xC2,
    0x9A, 0x2D, 0xE6, 0xC2, 0xB6, 0x80, 0x23, 0xB1, 0xE7, 0x2C, 0xCE, 0xB8, 0xE4, 0x5F, 0xBE, 0xF8,
    0x2A, 0x2C, 0x1E, 0xCE, 0x12, 0x49, 0x42, 0xC5, 0x8F, 0xE7, 0x00, 0xD0, 0xB7, 0x34, 0x84, 0x28,
    0x6B, 0x16, 0xBC, 0xF8, 0x2B, 0x77, 0xFF, 0x42, 0x87, 0xD7, 0x48, 0xA6, 0xCC, 0x92, 0x08, 0x57,
    0x51, 0xBE, 0x7C, 0xF0, 0xC5, 0xEF, 0xF8, 0xEF, 0x77, 0x8C, 0x08, 0xDB, 0xC2, 0x40, 0x6F, 0xC6,
    0x8C, 0x91, 0x4B, 0x99, 0xED, 0x08, 0xFA, 0xCB, 0x7F, 0x57, 0x56, 0x57, 0x69, 0x98, 0x9B, 0x55,
    0x4B, 0x9B, 0x5B, 0xE6, 0x05, 0x48, 0x52, 0x46, 0x08, 0x89, 0x5F, 0xE0, 0x7E, 0x13, 0x93, 0xEF,
    0x93, 0x05, 0x6D, 0x67, 0xCB, 0x2A, 0xA8, 0xA9, 0x24, 0xBA, 0xFE, 0xF1, 0x2F, 0x09, 0xDA, 0xDB,
    0xF7, 0x1A, 0xB4, 0xB7, 0x8F, 0x0B, 0xDA, 0x83, 0xDE, 0xA4, 0x36, 0xE6, 0x36, 0x86, 0xA0, 0x4D,
    0x13, 0xE7, 0x5F, 0x04, 0x60, 0x9E, 0x50, 0x3E, 0x3D, 0x21, 0x13, 0x4D, 0x9E, 0x27, 0x48, 0xCE,
    0x88, 0x19, 0xDC, 0x8C, 0x05, 0x64, 0x4F, 0x58, 0xD8, 0x60, 0x0B, 0x9F, 0xAE, 0xB3, 0xBC, 0x01,
    0x62, 0xC4, 0x28, 0x36, 0x64, 0x2B, 0x06, 0xFB, 0x9E, 0x6D, 0x60, 0x8B, 0xBF, 0x4E, 0xEC, 0xD7,
    0xF9, 0xC0, 0x5F, 0x17, 0x23, 0x7F, 0xAD, 0x95, 0x60, 0x04, 0x8E, 0x23, 0x21, 0x84, 0x7C, 0x44,
    0x01, 0x48, 0xE2, 0xFB, 0x18, 0x6B, 0x36, 0xB6, 0x8D, 0xCE, 0xD8, 0xDA, 0x5D, 0xB2, 0x37, 0x80,
    0xA6, 0x8F, 0x86, 0x4A, 0x9B, 0xFA, 0x00, 0x8E, 0xD5, 0xF5, 0xD8, 0x36, 0x0F, 0xFF, 0xCE, 0xFF,
    0xFC, 0xBB, 0xBE, 0xED, 0x86, 0xB3, 0xBA, 0xF0, 0xBA, 0xEB, 0x85, 0xC9, 0x27, 0x75, 0x22, 0x99,
    0x26, 0x4B, 0x9D, 0x66, 0xB4, 0xFA, 0xF3, 0xEE, 0x3A, 0x65, 0x8C, 0xD8, 0xBB, 0xE7, 0x90, 0x49,
    0x78, 0xFD, 0xA8, 0xE8, 0x5C, 0x30, 0xC6, 0x5D, 0x8D, 0xCD, 0x93, 0x83, 0xFB, 0xCB, 0x31, 0xE4,
    0xCB, 0x9F, 0x94, 0xDC, 0x79, 0x34, 0xC9, 0x93, 0x45, 0x72, 0xF6, 0xEE, 0xA8, 0xF4, 0xC4, 0xFC,
    0x78, 0x61, 0x72, 0x50, 0x06, 0x39, 0x00, 0x5C, 0xFC, 0x48, 0xCB, 0x84, 0x4A, 0x33, 0x65, 0xB4,
    0x93, 0x8B, 0xE2, 0x0A, 0xC5, 0x89, 0x48, 0x97, 0x4A, 0x5C, 0xFD, 0xDB, 0x0D, 0x33, 0xE3, 0x90,
    0xE5, 0xCE, 0x5B, 0x2E, 0x8B, 0x86, 0x00, 0x4A, 0x29, 0x72, 0x6A, 0x85, 0x8D, 0x31, 0xB7, 0x02,
    0xA8, 0xE6, 0x5B, 0x14, 0xC8, 0xC1, 0x6D, 0x0B, 0xA8, 0xEB, 0x18, 0x77, 0x4E, 0x96, 0xE5, 0xFC,
    0x85, 0x61, 0xC6, 0xB7, 0xFD, 0x15, 0xF2, 0xAC, 0x6C, 0xC3, 0xA5, 0x6D, 0xCC, 0x40, 0xF3, 0xBB,
    0xB2, 0x54, 0x07, 0x7D, 0xDD, 0x53, 0xE9, 0xDB, 0x85, 0x14, 0x02, 0x8B, 0x32, 0xA1, 0x98, 0x67,
    0x5E, 0x24, 0x89, 0xF5, 0x9B, 0xE3, 0x4F, 0x15, 0x6A, 0x97, 0xDD, 0x45, 0xB1, 0x92, 0x8B, 0x78,
    0x3E, 0x64, 0x78, 0x93, 0x10, 0x2F, 0x04, 0x7F, 0x9D, 0x7C, 0xD5, 0x3F, 0xBC, 0x1D, 0x92, 0xA2,
    0x7B, 0x28, 0x12, 0x29, 0x33, 0x42, 0xD5, 0x53, 0xBC, 0xC9, 0x17, 0xFC, 0x37, 0x61, 0xAE, 0x27,
    0x91, 0xE6, 0x6E, 0xB7, 0x24, 0x53, 0xE5, 0x19, 0xBA, 0xE8, 0x8E, 0xC4, 0x88, 0x14, 0x98, 0x08,
    0x7A, 0x2B, 0x75, 0x5E, 0x6B, 0x0E, 0x14, 0x25, 0x1E, 0x8F, 0x64, 0xA8, 0x7C, 0x92, 0x30, 0xAF,
    0x0A, 0x13, 0x91, 0x9F, 0x0E, 0xF9, 0x30, 0xFD, 0xA7, 0x26, 0xCA, 0xCE, 0x00, 0xA3, 0xAD, 0x9F,
    0xD4, 0xB7, 0x15, 0xFE, 0xA1, 0xFC, 0x07, 0x3D, 0x0E, 0x35, 0xD9, 0xE0, 0x20, 0xB0, 0xC2, 0xB7,
    0x4C, 0x78, 0x7A, 0x77, 0x3D, 0x09, 0xE6, 0x26, 0xC8, 0x0F, 0x04, 0xE8, 0x7A, 0xF2, 0xDC, 0xDD,
    0xBB, 0x6F, 0x46, 0x53, 0xD2, 0x02, 0x96, 0x9D, 0xAD, 0x74, 0x4A, 0xB3, 0xA2, 0x64, 0xAB, 0x95,
    0xC2, 0xB3, 0xD0, 0x6D, 0x31, 0xD3, 0x90, 0x59, 0x1A, 0x61, 0x62, 0x8A, 0x17, 0xF2, 0x5B, 0xC5,
    0x22, 0x66, 0x2C, 0x02, 0x5B, 0x2A, 0x5C, 0xB8, 0x78, 0xA4, 0x14, 0xCB, 0x35, 0xE4, 0xDB, 0x03,
    0xCB, 0xF2, 0x58, 0x0A, 0x4A, 0x7D, 0x28, 0x67, 0x9D, 0x03, 0x8B, 0x60, 0xB2, 0xDC, 0x55, 0xE6,
    0xE7, 0x22, 0x69, 0xEF, 0xCA, 0x98, 0xB3, 0xE9, 0xC2, 0x77, 0x4F, 0xFE, 0x3F, 0xED, 0xB1, 0xA9,
    0xFF, 0x82, 0xDD, 0xB9, 0xD8, 0x82, 0x86, 0x35, 0x4B, 0xD0, 0x41, 0x3F, 0x5A, 0x8F, 0x87, 0xAE,
    0x92, 0x37, 0xCC, 0xAD, 0x15, 0x86, 0x01, 0x09, 0x8C, 0x30, 0x3A, 0x24, 0x3A, 0x35, 0xEA, 0xA5,
    0x55, 0x5C, 0x08, 0xF6, 0x8A, 0x60, 0x90, 0x46, 0xC4, 0x75, 0x31, 0x72, 0xBB, 0xD1, 0x84, 0xA4,
    0xDA, 0x1E, 0xA1, 0x7D, 0xB3, 0x22, 0xE8, 0x44, 0x20, 0x8B, 0x22, 0x96, 0x70, 0x59, 0xE4, 0x41,
    0xEF, 0x26, 0x9B, 0x2A, 0x35, 0x5F, 0x8E, 0x46, 0x8F, 0x42, 0x85, 0x08, 0xC5, 0x01, 0xCC, 0x6A,
    0xF4, 0xCB, 0xE8, 0x0C, 0x0C, 0x84, 0x04, 0xC1, 0x72, 0x96, 0x9B, 0xC9, 0x18, 0xDA, 0x7E, 0xF0,
    0x63, 0xCC, 0x36, 0x34, 0xDC, 0xC8, 0xDF, 0x86, 0xA9, 0x76, 0xCE, 0x3A, 0xF6, 0xF7, 0x88, 0x58,
    0x99, 0xC3, 0xF3, 0xCB, 0x89, 0xF9, 0xEB, 0xDA, 0xCF, 0x19, 0x9D, 0xE2, 0x0F, 0x35, 0x01, 0x8A,
    0xE4, 0xFF, 0x43, 0x01, 0xC8, 0x5B, 0x44, 0xAA, 0x73, 0xCC, 0x2D, 0xB5, 0xC1, 0xFF, 0x2C, 0x41,
    0x92, 0x1E, 0xD4, 0xD7, 0xC2, 0x75, 0x78, 0xB1, 0xC3, 0xFC, 0x5F, 0xCE, 0x0A, 0x7F, 0x64, 0xD8,
    0x97, 0xC8, 0xB5, 0x3D, 0x6A, 0x69, 0x2C, 0xBB, 0x5C, 0xD6, 0xE7, 0xBF, 0xF2, 0xE6, 0xC1, 0x60,
    0xB2, 0xEB, 0x56, 0xCC, 0xCF, 0x95, 0x21, 0xCF, 0xE5, 0x22, 0xBC, 0xD4, 0x60, 0xBA, 0x30, 0xCC,
    0x31, 0x33, 0x2F, 0x79, 0x55, 0x20, 0x76, 0x56, 0x84, 0xF6, 0x7B, 0x4C, 0xB5, 0xAD, 0x11, 0x78,
    0x2C, 0x97, 0x10, 0xE4, 0x91, 0xD9, 0x81, 0xA4, 0x38, 0x6B, 0xF6, 0x30, 0xEB, 0xB6, 0x30, 0x3B,
    0x9A, 0x1D, 0x18, 0xE5, 0x8E, 0xD7, 0x05, 0xAE, 0x3E, 0xF6, 0x3A, 0xD4, 0x8C, 0x8A, 0xD1, 0x22,
    0x95, 0xBC, 0xAE, 0x89, 0xEB, 0x66, 0x79, 0xCE, 0xA5, 0x6A, 0x5A, 0xC5, 0x00, 0x55, 0x6D, 0x3E,
    0xA1, 0xCD, 0xA0, 0xD5, 0x99, 0xC4, 0x27, 0xC2, 0xC6, 0xAE, 0x2D, 0xC4, 0x5F, 0x41, 0xA4, 0xEA,
    0xD2, 0xDF, 0x15, 0xCE, 0xFD, 0xE4, 0x9E, 0xA7, 0xD9, 0x07, 0x39, 0x2A, 0x4B, 0xB3, 0xED, 0x24,
    0x1F, 0x9B, 0x70, 0x3C, 0x00, 0x33, 0x93, 0x3E, 0xDA, 0x07, 0x25, 0x9E, 0x56, 0xE3, 0x0A, 0x61,
    0xF5, 0xA6, 0x16, 0xAF, 0xD1, 0xAE, 0x92, 0xA9, 0xD1, 0x00, 0x6E, 0xD0, 0x06, 0xAD, 0xAE, 0x2E,
    0x87, 0x27, 0x46, 0x02, 0x1F, 0xF4, 0xAC, 0x94, 0xE6, 0x72, 0x13, 0x48, 0x62, 0xD7, 0x23, 0x7A,
    0x11, 0x42, 0x23, 0xC7, 0x20, 0xCC, 0xF1, 0x1C, 0x07, 0x3C, 0x5C, 0xF8, 0xC4, 0x6A, 0xC5, 0xEE,
    0x9A, 0xF6, 0xC9, 0x91, 0xD1, 0xAF, 0x1D, 0xED, 0xA3, 0x8E, 0x36, 0xE1, 0xF3, 0xCE, 0x5C, 0x46,
    0x46, 0xA2, 0x17, 0xD6, 0x42, 0x64, 0xED, 0x2D, 0x13, 0x45, 0x69, 0x70, 0xA1, 0x81, 0xCF, 0xB2,
    0x05, 0x8E, 0x81, 0xAE, 0x0C, 0x5C, 0xEC, 0xE9, 0x29, 0x81, 0xED, 0x1B, 0xC8, 0xCA, 0x0B, 0x5D,
    0x4B, 0x78, 0xA8, 0x5E, 0xA2, 0x64, 0x0D, 0xBF, 0x1B, 0x75, 0x93, 0x7E, 0x96, 0x5D, 0xFB, 0xFD,
    0xB5, 0x07, 0x4A, 0x5D, 0xB1, 0x6D, 0xDA, 0x05, 0xA0, 0x45, 0x70, 0x16, 0x84, 0x60, 0x49, 0xB5,
    0xF2, 0x5B, 0xEE, 0x90, 0x34, 0x05, 0x9F, 0xE6, 0xAF, 0x34, 0xB7, 0xB4, 0x02, 0x72, 0x76, 0x2B,
    0x56, 0x26, 0x7C, 0x55, 0x57, 0xD5, 0x2D, 0x30, 0x5B, 0xEA, 0xB6, 0xF5, 0x87, 0xAA, 0x59, 0xF5,
    0x6F, 0x36, 0x1A, 0x87, 0xF4, 0xDF, 0x53, 0x50, 0x29, 0x54, 0x57, 0x85, 0xAB, 0xFC, 0x9C, 0xA3,
    0x86, 0xA4, 0x5D, 0x34, 0x12, 0x60, 0xB4, 0x2A, 0xCE, 0x39, 0xBD, 0xC1, 0x51, 0x8E, 0xD6, 0xFD,
    0x91, 0xF6, 0xAC, 0x10, 0xB3, 0x38, 0x36, 0x46, 0x92, 0x30, 0xDB, 0x96, 0xFB, 0x83, 0x62, 0x0D,
    0x3E, 0x82, 0x8A, 0x3C, 0x1A, 0xD2, 0x58, 0x93, 0x7F, 0x1C, 0x55, 0xBE, 0x5C, 0x83, 0x49, 0x68,
    0xB1, 0x42, 0xE5, 0x23, 0xE2, 0x64, 0x05, 0xD7, 0xC9, 0x06, 0x64, 0xF3, 0x3B, 0xEC, 0x09, 0xB4,
    0x6B, 0x62, 0xB6, 0xF3, 0xC1, 0xEB, 0xA0, 0x67, 0x68, 0x8F, 0x51, 0xC5, 0x46, 0x8F, 0xC4, 0xC3,
    0x3B, 0xD6, 0x28, 0x18, 0x16, 0x03, 0xCE, 0xAA, 0xC0, 0x7F, 0x42, 0x29, 0x71, 0x9A, 0xE5, 0xF6,
    0x77, 0xBB, 0xD9, 0x9A, 0x31, 0x4A, 0xD8, 0x62, 0xFA, 0xC5, 0x84, 0x00, 0xEB, 0x68, 0x97, 0xE1,
    0x9F, 0x31, 0xA6, 0x14, 0xD8, 0x3A, 0x67, 0xBC, 0xE7, 0xDD, 0xBB, 0x39, 0xC2, 0xAF, 0x33, 0xDB,
    0x72, 0xB6, 0x43, 0x2E, 0xB2, 0xE1, 0xC9, 0x52, 0xF1, 0xCC, 0x6D, 0xA1, 0xF2, 0x2D, 0x8D, 0xC7,
    0x84, 0xFE, 0x6B, 0xAA, 0x09, 0xC2, 0xB5, 0xD4, 0x10, 0x7F, 0x55, 0xB0, 0x53, 0x6D, 0x3B, 0x8C,
    0xA2, 0x66, 0xE3, 0x1A, 0x3F, 0xE0, 0xDA, 0xCA, 0xB5, 0x43, 0xCE, 0xCD, 0xC3, 0x41, 0x2A, 0xD4,
    0x5A, 0x54, 0x20, 0xBA, 0x45, 0x75, 0x52, 0x31, 0x97, 0x48, 0xD1, 0x24, 0x16, 0x21, 0xD1, 0xAE,
    0x3C, 0x71, 0xCD, 0x63, 0xA6, 0x02, 0x35, 0xC2, 0x39, 0x0F, 0x74, 0xCC, 0x08, 0x1C, 0x7B, 0xD4,
    0xBE, 0xDB, 0x12, 0xDE, 0x9A, 0xF5, 0xEE, 0x6A, 0x31, 0x47, 0x57, 0xEE, 0x47, 0xFC, 0x63, 0x04,
    0x5C, 0x03, 0x01, 0x2D, 0x5C, 0x4A, 0xAC, 0xCB, 0x73, 0x8A, 0x65, 0x3D, 0x22, 0xB6, 0xEC, 0xCD,
    0x63, 0x7B, 0x9F, 0xC6, 0x77, 0x58, 0x3E, 0x35, 0xD2, 0xA0, 0xBA, 0xCE, 0x16, 0xCE, 0xD5, 0xB4,
    0x0A, 0xBF, 0x64, 0xEB, 0xEB, 0x6C, 0xAD, 0xAF, 0xEF, 0xCB, 0x96, 0x0C, 0x9A, 0xE0, 0x94, 0x89,
    0xF3, 0xC5, 0x59, 0x36, 0x0D, 0x85, 0xB9, 0x20, 0x90, 0xB4, 0x0B, 0x14, 0x8D, 0x7C, 0x3A, 0x8C,
    0xC2, 0x2D, 0xBD, 0x7C, 0x08, 0xBB, 0x90, 0x40, 0x6E, 0x30, 0x43, 0x9D, 0xFA, 0x7F, 0xC2, 0xF5,
    0x1B, 0x48, 0xEA, 0xAA, 0x02, 0x27, 0x0B, 0x9A, 0x84, 0x9F, 0xDC, 0xA9, 0xFC, 0xB1, 0x5A, 0x71,
    0x81, 0x22, 0x37, 0x71, 0x99, 0x8B, 0x26, 0x7A, 0x9B, 0x55, 0xD7, 0xAB, 0xF0, 0x69, 0x45, 0xDB,
    0x15, 0x2C, 0x44, 0x05, 0x64, 0x26, 0x62, 0x29, 0x57, 0x95, 0x6F, 0xED, 0x61, 0x95, 0xAB, 0x2E,
    0xB2, 0x02, 0xA0, 0xE5, 0xB5, 0x59, 0x54, 0x6D, 0x3B, 0x91, 0x13, 0x2D, 0x3D, 0x67, 0x5A, 0xBF,
    0x18, 0x90, 0x15, 0x97, 0x60, 0xA0, 0x06, 0x72, 0x53, 0x71, 0xCB, 0xFC, 0x3B, 0x96, 0xED, 0xA3,
    0xFB, 0xD4, 0xF0, 0xD6, 0x5A, 0xD3, 0x90, 0x16, 0x7A, 0xF9, 0x83, 0x6C, 0xDB, 0x92, 0xEE, 0x2D,
    0x7A, 0x96, 0xDD, 0x3C, 0x44, 0x4C, 0x1C, 0xCB, 0xA2, 0xFE, 0x0A, 0x55, 0x40, 0x10, 0x4F, 0x2D,
    0x08, 0x3A, 0x6A, 0x27, 0xE4, 0x74, 0x75, 0x3B, 0x23, 0x6C, 0x11, 0x72, 0xF3, 0xBD, 0x43, 0xC8,
    0x21, 0x7B, 0x69, 0xD9, 0x73, 0x09, 0x69, 0xCD, 0x59, 0xF1, 0x2F, 0xE1, 0x32, 0x91, 0x14, 0xCE,
    0x77, 0x58, 0xCB, 0x62, 0xCF, 0x79, 0x67, 0xE4, 0x9C, 0xCB, 0x15, 0x81, 0x42, 0xB5, 0xB2, 0x3D,
    0x60, 0x85, 0xB4, 0x56, 0x0B, 0x4C, 0x6A, 0x33, 0x43, 0x80, 0xBB, 0x99, 0x0F, 0x99, 0xF0, 0xC3,
    0x30, 0x68, 0xD1, 0xBA, 0x4E, 0x50, 0x06, 0x80, 0x15, 0x2E, 0x77, 0xAC, 0xA8, 0x41, 0x77, 0xDE,
    0x29, 0x94, 0xFF, 0xC9, 0x34, 0x2C, 0x0C, 0x6C, 0xCB, 0xFC, 0x3D, 0x22, 0x68, 0x30, 0x2E, 0x14,
    0x50, 0xFC, 0x25, 0xCC, 0xA5, 0xFA, 0x03, 0x90, 0x1F, 0x69, 0x10, 0xF3, 0x83, 0x8D, 0x0D, 0xF4,
    0x79, 0xFF, 0x50, 0x47, 0xFD, 0xBC, 0x25, 0x86, 0x4C, 0xA8, 0x32, 0x97, 0xFA, 0xEC, 0xB5, 0x42,
    0x75, 0x53, 0x13, 0xD1, 0xCD, 0x96, 0x34, 0x10, 0x50, 0xFE, 0x5F, 0x42, 0x46, 0x0B, 0x6F, 0xFB,
    0xAD, 0x66, 0xA3, 0x4D, 0xAE, 0xAD, 0x62, 0x4A, 0x35, 0x64, 0x50, 0x3F, 0x8B, 0xF5, 0x7E, 0x0E,
    0x90, 0xF5, 0x0B, 0x28, 0x92, 0xBE, 0xB4, 0xE8, 0xB5, 0x81, 0x82, 0x53, 0xB9, 0xAD, 0xC1, 0x20,
    0x76, 0x44, 0x9D, 0xCC, 0x2E, 0x0D, 0xC1, 0xE0, 0xB0, 0xED, 0x99, 0x3D, 0xCF, 0x57, 0x56, 0x9B,
    0x9E, 0x9D, 0x41, 0xDC, 0x95, 0x7F, 0x98, 0xA2, 0x57, 0x73, 0x0F, 0x03, 0x58, 0x32, 0xC8, 0x62,
    0xE8, 0x2E, 0xF6, 0xE5, 0xEA, 0x0D, 0x1E, 0xBC, 0x8A, 0x1E, 0x19, 0xCD, 0xC6, 0xE0, 0xCB, 0x1D,
    0x2D, 0xDA, 0x8B, 0xB4, 0x49, 0x1F, 0x3E, 0x52, 0x29, 0x4D, 0xC0, 0x3B, 0x56, 0x7F, 0x1B, 0x2F,
    0x5A, 0x09, 0x98, 0xAC, 0xB7, 0x8C, 0x7E, 0x11, 0x52, 0xAF, 0x2F, 0x31, 0xED, 0x88, 0x9E, 0x6D,
    0xED, 0x8A, 0x9B, 0x02, 0xEA, 0x2A, 0x3C, 0x6C, 0x1D, 0x1A, 0x75, 0x4C, 0x55, 0x66, 0x30, 0x45,
    0x7D, 0xC0, 0x4A, 0x01, 0x5D, 0xF1, 0x11, 0xF5, 0x73, 0xF2, 0x24, 0x28, 0x0E, 0xCA, 0x2D, 0x1A,
    0xEC, 0x08, 0x44, 0x2A, 0x61, 0xE8, 0x3E, 0x13, 0x3C, 0xAD, 0xB5, 0x7D, 0x8F, 0x5C, 0x43, 0x1D,
    0xF7, 0xEA, 0x92, 0x9B, 0xF7, 0xBD, 0x7F, 0x4E, 0xFE, 0xFE, 0xC2, 0x15, 0x8B, 0xC6, 0xD4, 0xCA,
    0x85, 0x52, 0xF5, 0x25, 0xC1, 0x96, 0x33, 0x34, 0x4B, 0x74, 0x48, 0xC6, 0x87, 0xBE, 0x18, 0xA5,
    0xF2, 0x7E, 0x27, 0x56, 0x25, 0x0D, 0xC3, 0xF4, 0x2C, 0xAC, 0x58, 0x29, 0x25, 0x08, 0x07, 0xA5,
    0xDC, 0x5F, 0x1A, 0xF8, 0x3E, 0x82, 0x9D, 0xCC, 0xEA, 0xBF, 0x87, 0xE2, 0x5C, 0xB9, 0xCD, 0xED,
    0x88, 0x1B, 0x42, 0x24, 0xC1, 0xF4, 0xE7, 0x18, 0xED, 0x4D, 0x1E, 0xC8, 0xBE, 0xC7, 0x72, 0x6F,
    0x11, 0x52, 0xB1, 0x4C, 0x64, 0x2E, 0x47, 0xDE, 0x8D, 0xCE, 0xA6, 0x3A, 0x7C, 0xEF, 0x6B, 0x6C,
    0xE0, 0x82, 0x43, 0x8D, 0x1D, 0xC6, 0x0E, 0xF5, 0xB2, 0x5F, 0x7D, 0x7C, 0x51, 0x3E, 0xB0, 0x92,
    0x94, 0xA5, 0x12, 0x27, 0xE2, 0x7C, 0xF4, 0xE0, 0x3D, 0x64, 0x30, 0xDB, 0x5B, 0xC7, 0x95, 0x35,
    0x5A, 0x21, 0x2F, 0xB2, 0x00, 0x05, 0x40, 0x9B, 0xDA, 0x13, 0x0C, 0x68, 0x7B, 0x86, 0xC1, 0x69,
    0x53, 0x54, 0x69, 0xDA, 0x0C, 0xDD, 0x79, 0x6D, 0x0E, 0x0B, 0xDE, 0x16, 0xEC, 0xCD, 0x63, 0x4A,
    0xB6, 0xAE, 0x2E, 0x07, 0x4B, 0xCF, 0x8B, 0x79, 0xBB, 0xB9, 0x5D, 0xEC, 0x58, 0x3F, 0x53, 0x16,
    0x38, 0xCB, 0xB4, 0x62, 0x47, 0x3A, 0x74, 0xA6, 0x9D, 0x13, 0x1D, 0xD9, 0x48, 0xF3, 0x8C, 0xB6,
    0xB0, 0x8C, 0x5D, 0x61, 0xC8, 0x80, 0x78, 0x7C, 0x2A, 0x17, 0x44, 0x30, 0x33, 0x1D, 0x36, 0x1C,
    0xFA, 0x68, 0xE1, 0x8B, 0xF5, 0x12, 0x99, 0xBF, 0x55, 0x93, 0xAB, 0x9E, 0x10, 0x7D, 0xD6, 0x2B,
    0x2D, 0x0D, 0x3A, 0xD1, 0x67, 0x90, 0xEE, 0x84, 0xEA, 0xCE, 0x08, 0xD5, 0x3F, 0x23, 0x0B, 0x86,
    0x5D, 0x62, 0xFB, 0xB9, 0xA7, 0xD8, 0xE2, 0xC1, 0x02, 0x80, 0x14, 0xFF, 0x54, 0xDC, 0x18, 0xC0,
    0x4F, 0x05, 0x33, 0x63, 0x1E, 0x52, 0x2F, 0x1F, 0x83, 0x0C, 0x25, 0x5A, 0x6E, 0x55, 0x3A, 0x4E,
    0x6A, 0xB2, 0x2A, 0xAD, 0x2C, 0xAD, 0x28, 0x48, 0x2B, 0x98, 0xD0, 0x1D, 0x2D, 0xC8, 0xA1, 0x34,
    0x93, 0x1D, 0x6A, 0x82, 0xF2, 0x74, 0x23, 0xEB, 0xE8, 0xFF, 0xCA, 0xE1, 0x5F, 0x94, 0x93, 0x89,
    0xFF, 0x81, 0x6E, 0xE5, 0xE4, 0x5F, 0xBB, 0x87, 0x5D, 0x36, 0x15, 0x82, 0xC8, 0xB5, 0x02, 0x5C,
    0x9B, 0x9B, 0x9E, 0xF5, 0x2B, 0xA4, 0xDA, 0xFB, 0x6E, 0x38, 0x29, 0x0B, 0xBA, 0xA9, 0xA8, 0x0B,
    0xE6, 0xF1, 0x0A, 0x95, 0x53, 0x1E, 0xB2, 0xD2, 0xC5, 0xB2, 0xC8, 0x86, 0x43, 0x0D, 0x74, 0x46,
    0xB7, 0xD9, 0x1A, 0x60, 0x09, 0x35, 0xEB, 0x25, 0xB2, 0x04, 0x8B, 0x99, 0xDA, 0xED, 0x32, 0x5C,
    0x0C, 0xCD, 0x04, 0xA1, 0x2D, 0xD6, 0xF2, 0x74, 0xEE, 0x22, 0xD0, 0xBB, 0x1E, 0x52, 0x8B, 0xFE,
    0xC2, 0x79, 0x89, 0xF6, 0xC2, 0xB6, 0x5B, 0x3F, 0x98, 0x37, 0x5B, 0xC8, 0x8E, 0x83, 0x9D, 0x92,
    0xBB, 0x32, 0xE2, 0x5F, 0x30, 0x54, 0x8C, 0x89, 0x85, 0x3E, 0xE8, 0x1F, 0xED, 0xC9, 0xF0, 0x96,
    0x95, 0x68, 0xD4, 0x88, 0x15, 0xC1, 0x8D, 0x60, 0x6E, 0x37, 0x02, 0x17, 0x75, 0xF3, 0xD7, 0x52,
    0xD4, 0x13, 0x57, 0xAD, 0x70, 0x88, 0x41, 0xD6, 0xD2, 0x5E, 0xA3, 0xF0, 0x06, 0x8F, 0xCF, 0x29,
    0x82, 0xCA, 0x30, 0x40, 0x55, 0x9D, 0xBC, 0x4C, 0xF3, 0x55, 0xAE, 0x54, 0xA2, 0x6E, 0x25, 0x34,
    0x56, 0x21, 0x4B, 0x09, 0x28, 0x02, 0xA2, 0x08, 0x58, 0x22, 0x80, 0x09, 0x1D, 0xCF, 0x84, 0x41,
    0x1C, 0x8B, 0xDD, 0xC6, 0x8D, 0xF6, 0xAF, 0x5C, 0xAD, 0x55, 0x76, 0xB5, 0xB3, 0x59, 0xC7, 0x88,
    0xF8, 0xBC, 0x59, 0x68, 0xF7, 0x54, 0x0F, 0xD8, 0x42, 0xAB, 0xDD, 0x6F, 0xA2, 0x7C, 0xBB, 0x78,
    0x91, 0xD3, 0xA8, 0xF6, 0xEE, 0x81, 0xDA, 0x3F, 0x19, 0x7F, 0xE6, 0xD5, 0x9C, 0xA0, 0xCD, 0xA6,
    0x87, 0x89, 0xEE, 0xE4, 0x59, 0xBB, 0xDE, 0x40, 0x30, 0xCC, 0x2E, 0x58, 0x4D, 0xFE, 0x4F, 0x2D,
    0xB6, 0x37, 0xC6, 0x9A, 0x99, 0x8E, 0x31, 0x38, 0x5A, 0x2A, 0x0F, 0xC3, 0x1D, 0xE1, 0x4A, 0x1C,
    0x1B, 0xCB, 0x92, 0x07, 0xC4, 0xF2, 0x9E, 0x21, 0xCB, 0xFA, 0x9E, 0x20, 0x4B, 0xFA, 0xDE, 0x20,
    0x4B, 0x1D, 0xB2, 0xC2, 0x67, 0x4B, 0xDC, 0x1C, 0x31, 0x63, 0xC2, 0x0D, 0x7D, 0x08, 0xA0, 0x83,
    0x22, 0x45, 0x38, 0x42, 0x3C, 0xD3, 0x6B, 0x12, 0x48, 0xEC, 0xAD, 0x1E, 0xA0, 0x1C, 0xCB, 0xE8,
    0x7F, 0xCB, 0x50, 0x7A, 0x46, 0xA3, 0x48, 0x12, 0xC1, 0x8D, 0x85, 0x26, 0x87, 0xFF, 0x0A, 0xD7,
    0xF9, 0x68, 0xD7, 0xED, 0xCC, 0x39, 0xED, 0x6D, 0xE8, 0x83, 0xBD, 0x65, 0xBD, 0x28, 0x4C, 0x96,
    0x7B, 0x1E, 0x64, 0x09, 0x59, 0xBF, 0xF2, 0xC2, 0x5F, 0x5F, 0x1A, 0xED, 0x66, 0x3F, 0xAA, 0x7D,
    0x70, 0xF2, 0x96, 0xD0, 0xA6, 0x77, 0xB3, 0x54, 0x1B, 0xBB, 0x33, 0x52, 0xE6, 0x3C, 0x1B, 0xB3,
    0xE7, 0x47, 0x12, 0xC1, 0x59, 0x12, 0xA1, 0x47, 0x76, 0xB6, 0xD6, 0x8F, 0x6C, 0x11, 0x89, 0x50,
    0xB5, 0xF2, 0xAB, 0x9C, 0xCD, 0x97, 0x59, 0x3A, 0x5A, 0xC2, 0xC1, 0xA0, 0x3C, 0x36, 0x42, 0x0A,
    0x43, 0x25, 0x0E, 0x10, 0x4C, 0x36, 0x25, 0xEA, 0xAD, 0x44, 0xC8, 0xD1, 0x13, 0xE4, 0x97, 0x1C,
    0x70, 0x45, 0x77, 0xE1, 0x17, 0xE0, 0xA6, 0x05, 0x11, 0xC6, 0x4C, 0xF3, 0x4C, 0xD0, 0x44, 0xCC,
    0x04, 0xC8, 0xD4, 0x03, 0x31, 0xB5, 0x1D, 0x38, 0x2F, 0x7B, 0xD4, 0xE0, 0x4A, 0x98, 0xBC, 0xDA,
    0xF9, 0x23, 0x96, 0xB1, 0xCC, 0x96, 0x74, 0xEC, 0x5E, 0x7C, 0xF9, 0x32, 0x54, 0xBB, 0x75, 0xD5,
    0x9C, 0x3A, 0x58, 0x97, 0x63, 0x1F, 0xFA, 0x1A, 0xAD, 0x66, 0xEE, 0xCE, 0x0F, 0xCA, 0x49, 0xB1,
    0xE9, 0x49, 0x02, 0xA6, 0x9C, 0xB4, 0x1D, 0x39, 0x36, 0x43, 0x41, 0x77, 0xD8, 0x1B, 0x52, 0xE9,
    0x2B, 0xBA, 0xC4, 0xB6, 0xB1, 0x73, 0x95, 0x1D, 0xC9, 0x48, 0x12, 0x8A, 0x42, 0x80, 0x88, 0xC5,
    0x4A, 0xA8, 0x52, 0xAD, 0x44, 0x35, 0xDD, 0x4C, 0xD0, 0x02, 0xA7, 0xFD, 0x3D, 0xA2, 0x49, 0xAF,
    0x51, 0x94, 0x2E, 0x61, 0x56, 0xF3, 0x75, 0x66, 0x7B, 0x92, 0xB2, 0x8A, 0x3D, 0x2E, 0x20, 0xAB,
    0x58, 0x8F, 0x67, 0x4D, 0x53, 0xDE, 0xB0, 0xDE, 0x33, 0xA6, 0x30, 0xC3, 0xD1, 0x4D, 0x03, 0x2D,
    0x10, 0xBF, 0xB9, 0x84, 0xF4, 0xF7, 0x38, 0xFB, 0x08, 0xEF, 0xCF, 0xD3, 0x7D, 0xBD, 0x5A, 0x24,
    0x06, 0x9C, 0x1C, 0x16, 0xFC, 0xF0, 0x08, 0x6B, 0xCC, 0x0A, 0x65, 0x34, 0x42, 0xE6, 0x9C, 0x81,
    0x71, 0xD1, 0x41, 0x7D, 0x62, 0x00, 0x48, 0xE8, 0xA1, 0xED, 0x0A, 0x69, 0x88, 0x67, 0x58, 0xE2,
    0xB1, 0xFE, 0x3C, 0xF4, 0x63, 0x75, 0x0C, 0xF2, 0x1F, 0x17, 0xD6, 0xEC, 0xBF, 0x34, 0xAC, 0xA9,
    0x1E, 0x1B, 0xD6, 0xB8, 0xE4, 0x0F, 0xAD, 0xD7, 0x17, 0x79, 0xFF, 0xDC, 0xC3, 0xF1, 0xA9, 0xDB,
    0xDB, 0x3B, 0x31, 0x19, 0x53, 0xAA, 0x10, 0xC8, 0xB5, 0xCC, 0x27, 0xEC, 0xE1, 0xA6, 0x3C, 0xCB,
    0x10, 0x73, 0x14, 0x17, 0x17, 0x6A, 0x42, 0xEB, 0x62, 0x33, 0x9D, 0x3A, 0x64, 0xEB, 0xCB, 0x86,
    0x8E, 0x20, 0x4A, 0xEB, 0x2D, 0xB4, 0x4E, 0xCD, 0x35, 0x18, 0x3E, 0x45, 0x61, 0xB9, 0x83, 0xE6,
    0xE3, 0x3C, 0xDA, 0x64, 0xA7, 0xC6, 0x8A, 0xEB, 0x73, 0x2C, 0x1F, 0x65, 0x99, 0x61, 0xA5, 0x85,
    0xB0, 0x36, 0x9D, 0x39, 0x1C, 0xCF, 0xE8, 0x70, 0x72, 0x4C, 0x20, 0xE5, 0x19, 0x9D, 0x0B, 0xC3,
    0x89, 0xB8, 0x20, 0x01, 0xBE, 0x06, 0xD5, 0xA1, 0x20, 0xD3, 0x45, 0x10, 0x9E, 0x04, 0xEC, 0x72,
    0x84, 0x14, 0x4B, 0x08, 0x29, 0xCE, 0x8C, 0xCC, 0x75, 0x69, 0x54, 0x14, 0xD3, 0x14, 0xD9, 0xE0,
    0x37, 0x10, 0xDB, 0x86, 0x76, 0x73, 0xCF, 0x44, 0x31, 0x3D, 0x6F, 0x63, 0xA7, 0x2A, 0x0F, 0x7D,
    0x79, 0x19, 0x4D, 0x10, 0x0B, 0xD7, 0x5A, 0x1C, 0x4D, 0xED, 0x63, 0xC5, 0xDA, 0xF7, 0x1D, 0x0D,
    0xCD, 0x3E, 0x0D, 0x41, 0xFF, 0x84, 0x33, 0x9F, 0xDE, 0x47, 0xD3, 0x79, 0xB6, 0xD6, 0xDF, 0x83,
    0xE5, 0xF4, 0x0E, 0xF4, 0x09, 0x97, 0x71, 0x9E, 0x5C, 0x95, 0xFA, 0x5B, 0x36, 0x82, 0xDC, 0x63,
    0x30, 0x4C, 0x15, 0x4F, 0x67, 0x59, 0xF5, 0xE5, 0x4E, 0x5C, 0xDC, 0xFB, 0x3A, 0xE5, 0xF2, 0x2C,
    0x8E, 0xF1, 0x39, 0xDC, 0x81, 0x6D, 0xD1, 0xB0, 0x9A, 0xCD, 0x46, 0xDB, 0xCD, 0x63, 0x55, 0x7A,
    0x70, 0x27, 0xF3, 0x67, 0xAD, 0xE5, 0xB5, 0xF9, 0xA6, 0x67, 0xB1, 0x14, 0x3A, 0x09, 0xA3, 0xB9,
    0x66, 0xA1, 0xF0, 0xAA, 0x1E, 0xCD, 0x6B, 0x9F, 0x5F, 0xA7, 0xC7, 0x47, 0x99, 0xE8, 0x10, 0x23,
    0x38, 0xA3, 0xBA, 0x38, 0x60, 0x14, 0x6A, 0x23, 0xA6, 0x52, 0xB3, 0x28, 0x81, 0x00, 0xCE, 0x57,
    0x2E, 0x3C, 0xEC, 0xDE, 0xC8, 0xBE, 0x5A, 0x54, 0xF0, 0x64, 0x67, 0xF2, 0xE5, 0xD2, 0xFF, 0x9E,
    0x98, 0x49, 0xD5, 0xE5, 0xFB, 0xFE, 0xD5, 0xA0, 0xA6, 0xDE, 0x6C, 0xC5, 0x7C, 0xD1, 0x08, 0x22,
    0xB2, 0xFC, 0xD6, 0x63, 0x5D, 0x75, 0x65, 0x15, 0xB6, 0xC6, 0xC6, 0x2E, 0xB4, 0x6D, 0x4C, 0x57,
    0xA3, 0x1D, 0x38, 0x8F, 0x6D, 0x1B, 0xE7, 0x70, 0xE8, 0xF1, 0xC7, 0x47, 0xF4, 0xE3, 0xBE, 0xA4,
    0xDA, 0x40, 0x33, 0x43, 0xF0, 0xDA, 0x22, 0xE0, 0xA6, 0x03, 0xDD, 0xEC, 0x0C, 0xF9, 0x46, 0xB7,
    0x28, 0x58, 0xD8, 0x4C, 0xDC, 0xD9, 0xB2, 0xD9, 0x04, 0x83, 0x99, 0xA7, 0x41, 0x4E, 0xFD, 0xAB,
    0x76, 0xAA, 0x15, 0x86, 0x37, 0xC0, 0xBB, 0xD0, 0x2E, 0x6B, 0x95, 0xB9, 0xCB, 0xFE, 0x92, 0xE9,
    0x1A, 0x7B, 0x84, 0x9E, 0xF1, 0xD8, 0x40, 0xB1, 0x5C, 0xF5, 0xBE, 0x86, 0xD6, 0xD7, 0xEA, 0xBE,
    0x9D, 0xAF, 0xFD, 0x81, 0x9D, 0xEC, 0xE4, 0x89, 0xAD, 0x70, 0x60, 0x2B, 0x9C, 0xD7, 0xAA, 0x56,
    0x46, 0x44, 0x9D, 0x9E, 0xD6, 0xFA, 0x23, 0xD5, 0xDD, 0xB3, 0x7F, 0x07, 0x2A, 0x69, 0xC6, 0x4A,
    0xB4, 0x3A, 0x64, 0x0A, 0x74, 0xDB, 0x1B, 0x0B, 0x23, 0xCF, 0xCB, 0xC3, 0xCB, 0x90, 0x63, 0x7D,
    0xA5, 0x0D, 0x65, 0xE9, 0x58, 0x6D, 0xAF, 0xAF, 0xCF, 0xCF, 0x04, 0x1B, 0x7A, 0x20, 0xAE, 0x08,
    0xB5, 0x4C, 0xB3, 0x44, 0x47, 0xAA, 0x35, 0xB9, 0x83, 0x2C, 0x4C, 0xA5, 0x4D, 0xA4, 0x1A, 0x8D,
    0x36, 0x4B, 0xC1, 0x60, 0xA2, 0x99, 0xF5, 0xD8, 0x1D, 0x42, 0x50, 0x14, 0x82, 0xB5, 0x92, 0x9B,
    0xD2, 0x13, 0x78, 0x9C, 0x2E, 0x6B, 0xE6, 0x84, 0x93, 0x4E, 0x7C, 0xF6, 0xC0, 0x34, 0xD7, 0x19,
    0xCD, 0xBA, 0x94, 0x37, 0xEC, 0x47, 0xAE, 0x1A, 0xA1, 0xE1, 0xAD, 0x11, 0x35, 0x32, 0x6C, 0x22,
    0xCF, 0xEC, 0xE0, 0x55, 0xEB, 0x0B, 0x5F, 0xD3, 0x32, 0xD7, 0x26, 0x93, 0x62, 0x37, 0x7F, 0xA3,
    0x5A, 0x88, 0x38, 0x48, 0x9D, 0xE1, 0xA0, 0x7E, 0xAA, 0x5A, 0x81, 0xD7, 0xBD, 0xEF, 0x76, 0x70,
    0xAB, 0x0B, 0xBD, 0x08, 0xE5, 0x71, 0xDA, 0x20, 0xC4, 0x07, 0xCF, 0x87, 0x93, 0x9E, 0xB1, 0x13,
    0xF2, 0x14, 0x8A, 0xFC, 0xA7, 0x40, 0xAF, 0xF3, 0xBB, 0x26, 0x69, 0x28, 0x24, 0x47, 0x52, 0x46,
    0x0A, 0xC6, 0x2A, 0x72, 0x00, 0xA9, 0xEE, 0x77, 0xEB, 0x8B, 0xE3, 0x7E, 0x5F, 0xA2, 0x8F, 0x4A,
    0x81, 0xBE, 0x98, 0xF1, 0x63, 0x33, 0xD1, 0x44, 0xD7, 0xA5, 0x06, 0x18, 0xAD, 0xC5, 0x0B, 0x83,
    0x63, 0xD5, 0x3C, 0xA1, 0x0D, 0x04, 0x41, 0x37, 0x5F, 0xAD, 0xDA, 0xBA, 0xB1, 0xCB, 0xDD, 0x0B,
    0xBC, 0x54, 0xA3, 0x5C, 0x71, 0x91, 0xFF, 0xD5, 0x44, 0x2D, 0x36, 0xCE, 0xF2, 0x39, 0xED, 0xE9,
    0x10, 0xDB, 0xBE, 0xC8, 0xED, 0x2A, 0xF1, 0xB3, 0x33, 0xC7, 0x66, 0x92, 0xB1, 0xD1, 0xCC, 0xA6,
    0x26, 0x54, 0x45, 0xF7, 0x05, 0x02, 0xA9, 0x93, 0x53, 0xBB, 0x72, 0xCF, 0xEF, 0xAF, 0x21, 0xE6,
    0x7D, 0xDB, 0xA3, 0x5F, 0xD0, 0xFF, 0x9B, 0xB5, 0x7C, 0x7E, 0x86, 0x79, 0x95, 0x85, 0x30, 0xF0,
    0xD9, 0xFA, 0x68, 0xFF, 0x76, 0x9D, 0x2B, 0x5B, 0x84, 0x34, 0x99, 0x84, 0xB5, 0x63, 0xE6, 0xFF,
    0xCC, 0x2C, 0xD1, 0x79, 0x4D, 0xF6, 0xF7, 0xF3, 0xD1, 0x4B, 0xFD, 0xD2, 0x90, 0xE1, 0xC8, 0x8D,
    0x9A, 0x22, 0xAB, 0x33, 0x2B, 0x71, 0xD4, 0x1C, 0xEA, 0xCF, 0xEB, 0xAA, 0xFF, 0x60, 0x66, 0xE9,
    0x63, 0x49, 0x1C, 0x72, 0x9C, 0xCE, 0x6C, 0x9E, 0xBF, 0x48, 0x78, 0x2D, 0xD1, 0x4E, 0x51, 0xA0,
    0xCD, 0xA9, 0xF2, 0x3D, 0x22, 0xAC, 0x68, 0xB4, 0xB1, 0xA2, 0xF1, 0x98, 0x3F, 0xEF, 0x73, 0x5C,
    0x6E, 0x6F, 0x6C, 0x01, 0x87, 0x8F, 0x10, 0xCB, 0x2A, 0x38, 0x63, 0xDC, 0x35, 0x35, 0xD6, 0x80,
    0x03, 0x5F, 0xC6, 0x01, 0x86, 0xBF, 0x88, 0x1B, 0x7C, 0xFC, 0x83, 0xCB, 0xF7, 0x58, 0xCA, 0x0C,
    0xC5, 0xCC, 0x90, 0x18, 0x3F, 0xAC, 0x7A, 0xF0, 0xC2, 0xE6, 0x75, 0x93, 0xE8, 0x5D, 0xEB, 0xAB,
    0x8F, 0x87, 0x70, 0xCC, 0xAA, 0xDE, 0x4F, 0x2B, 0x7B, 0xFF, 0x2A, 0x9A, 0xB7, 0xE7, 0x77, 0x74,
    0x18, 0x1B, 0xB8, 0xC5, 0x9B, 0x22, 0xBC, 0x26, 0xC2, 0x1F, 0xBC, 0x86, 0x53, 0x25, 0x39, 0x9A,
    0x9D, 0x32, 0xCF, 0x03, 0xC6, 0x28, 0xEA, 0x20, 0x47, 0x98, 0x03, 0x6A, 0x14, 0x68, 0x67, 0xAA,
    0xD4, 0xF1, 0xC1, 0x09, 0x9A, 0x9B, 0x2B, 0x35, 0x70, 0xFA, 0x3E, 0x62, 0xB3, 0xFB, 0x3C, 0x66,
    0xE3, 0x75, 0xE3, 0xF2, 0x8F, 0xA1, 0xF0, 0x0F, 0xCE, 0x7E, 0x82, 0x2B, 0x9F, 0xA0, 0x29, 0x33,
    0x33, 0xFF, 0x7A, 0xED, 0xE6, 0x8A, 0x9D, 0x31, 0xAB, 0xD9, 0x2A, 0x5E, 0x45, 0x5A, 0xE8, 0x04,
    0x99, 0x69, 0x14, 0xE9, 0x2B, 0x35, 0xF7, 0xFF, 0x75, 0xBF, 0xA2, 0xCA, 0xF0, 0x2E, 0x4D, 0x19,
    0x2E, 0xAA, 0xDE, 0xA7, 0xD8, 0x68, 0x61, 0x6D, 0x66, 0xF4, 0x88, 0x56, 0xA4, 0x50, 0x20, 0x44,
    0x80, 0x64, 0xCD, 0x71, 0xC5, 0x4C, 0x7F, 0x58, 0x4E, 0x16, 0x7A, 0x4E, 0x0C, 0x49, 0x1F, 0x37,
    0x4E, 0x04, 0x78, 0xF8, 0x37, 0x24, 0xFF, 0x8F, 0xD9, 0xCD, 0xF5, 0xCE, 0xCA, 0x0E, 0x2E, 0x9E,
    0x13, 0xBF, 0x68, 0x10, 0x9C, 0x04, 0xB1, 0xE0, 0xC0, 0x6F, 0x86, 0x73, 0x77, 0x6F, 0x01, 0xC7,
    0x9D, 0x71, 0x02, 0x69, 0x45, 0x9A, 0xEE, 0x93, 0x68, 0x64, 0xE4, 0x6D, 0x79, 0x9E, 0xDC, 0xCE,
    0x20, 0x68, 0x24, 0x19, 0x0E, 0xE3, 0xCE, 0x94, 0xE4, 0x66, 0x72, 0xA1, 0x6A, 0x47, 0xA0, 0x84,
    0x72, 0x5F, 0x9F, 0xB1, 0x8A, 0x34, 0x36, 0xDB, 0x65, 0x7F, 0x48, 0xE8, 0xD0, 0x6A, 0xBC, 0xBF,
    0x3A, 0xFB, 0xE9, 0x6E, 0x2E, 0xCF, 0x37, 0x7D, 0xC5, 0xD2, 0xD6, 0x99, 0x6A, 0x27, 0x5F, 0x66,
    0x34, 0xA1, 0x95, 0x26, 0x61, 0x10, 0x83, 0x08, 0x75, 0x42, 0x33, 0x4D, 0x41, 0x3C, 0x26, 0x4B,
    0xDF, 0x8A, 0x81, 0xED, 0x34, 0x53, 0x66, 0xFD, 0x34, 0xAC, 0x2B, 0x0C, 0x54, 0x33, 0xED, 0xA8,
    0x31, 0xEC, 0x37, 0x16, 0xD6, 0x92, 0x38, 0x55, 0xD6, 0x91, 0x88, 0xCC, 0xE8, 0x45, 0x57, 0x8D,
    0xB6, 0xD5, 0x18, 0xCE, 0x7C, 0x3B, 0x76, 0xA4, 0xC5, 0x43, 0x54, 0xB1, 0x5B, 0x6D, 0x72, 0x57,
    0xBD, 0x35, 0xB1, 0xB9, 0x26, 0xB6, 0x4B, 0xC7, 0x36, 0x9B, 0xD8, 0x28, 0x1C, 0x1B, 0x6B, 0x8E,
    0x49, 0x68, 0xB1, 0x89, 0xE7, 0xBD, 0x42, 0x93, 0xCD, 0xF1, 0x6E, 0x9A, 0xD0, 0x67, 0x77, 0xD5,
    0x67, 0x83, 0x97, 0x8E, 0xDC, 0x7A, 0x23, 0xBE, 0x75, 0x04, 0x37, 0xB2, 0xD7, 0x8E, 0x20, 0xEF,
    0x60, 0xEF, 0x1D, 0xC1, 0xD9, 0x32, 0x7B, 0xF1, 0x48, 0xE5, 0xE3, 0x9B, 0x47, 0xF4, 0xA6, 0xB5,
    0xBD, 0x7A, 0x44, 0x68, 0xB2, 0x87, 0x77, 0x8F, 0xC8, 0x8F, 0xBE, 0x16, 0x5E, 0x3E, 0x02, 0x8A,
    0x85, 0xB7, 0x8F, 0xAC, 0x2E, 0xBE, 0x7E, 0x04, 0xE8, 0x3B, 0xBC, 0x7F, 0x64, 0x70, 0xC7, 0x0B,
    0x48, 0x42, 0x8B, 0x54, 0x86, 0xAC, 0x5D, 0x7C, 0x05, 0xC9, 0x7A, 0xBC, 0xF4, 0xE3, 0x5B, 0xCB,
    0x31, 0xBF, 0x3F, 0x5D, 0xF4, 0x93, 0x0D, 0xEE, 0x31, 0xAF, 0x21, 0x71, 0xB1, 0xF3, 0xF3, 0xFA,
    0x45, 0x24, 0x31, 0x2E, 0x78, 0xE4, 0xAD, 0x24, 0x97, 0xAF, 0x25, 0xB9, 0x78, 0x19, 0xC9, 0xE5,
    0xDB, 0x48, 0x2E, 0x5F, 0x47, 0x72, 0xF9, 0x12, 0x92, 0xAB, 0xF9, 0xF1, 0x46, 0x92, 0xCB, 0x57,
    0x92, 0x5C, 0xBE, 0x93, 0xE4, 0xEA, 0xA5, 0x24, 0xA1, 0x99, 0x4C, 0x13, 0x4C, 0x73, 0x90, 0xAD,
    0xD5, 0x1E, 0xD6, 0x59, 0x37, 0x29, 0x1B, 0xCB, 0xE0, 0x6E, 0xF9, 0x20, 0xA1, 0x69, 0xFB, 0xF4,
    0x17, 0xA9, 0xFD, 0x5A, 0x1D, 0xDE, 0xAB, 0x3A, 0xFC, 0x3A, 0x70, 0x7F, 0x7A, 0xE0, 0xEE, 0x9E,
    0xE1, 0x5B, 0x3D, 0xEC, 0x9D, 0x4F, 0x90, 0xDE, 0xC9, 0x8E, 0x8E, 0x20, 0x24, 0xF8, 0x9F, 0xAF,
    0x62, 0x61, 0x78, 0x39, 0x51, 0x38, 0xEB, 0x31, 0x5E, 0xEB, 0x85, 0x12, 0xFD, 0xB9, 0x3B, 0x8E,
    0xC5, 0xF0, 0x39, 0xF6, 0x55, 0x58, 0x0B, 0x02, 0x7C, 0x0F, 0xE4, 0x54, 0x83, 0x7E, 0x54, 0x64,
    0x77, 0xA2, 0x8D, 0x62, 0x4F, 0x81, 0xAE, 0xB4, 0x47, 0x43, 0xD1, 0x46, 0xB1, 0x17, 0x68, 0x4D,
    0x2E, 0x77, 0x40, 0x0D, 0x99, 0x46, 0xB4, 0xB1, 0x18, 0xDA, 0x98, 0x81, 0x36, 0x56, 0xD9, 0xAD,
    0xA2, 0x8C, 0x99, 0x63, 0x37, 0x69, 0xE5, 0x0F, 0x68, 0x63, 0x31, 0x3E, 0x44, 0xB4, 0xF1, 0x9A,
    0xDF, 0xBB, 0x27, 0xA1, 0x8D, 0xE1, 0xDD, 0x68, 0x23, 0xF9, 0x12, 0x23, 0x23, 0x1C, 0xDE, 0xE9,
    0xF4, 0xDC, 0xE8, 0x68, 0x69, 0x5C, 0x65, 0xD6, 0x98, 0xF2, 0xD4, 0x9A, 0x8E, 0xDA, 0x33, 0xDB,
    0x9F, 0x87, 0x66, 0xD1, 0xD4, 0x42, 0xA2, 0x15, 0x39, 0x58, 0x86, 0x72, 0x21, 0x94, 0xD5, 0x13,
    0x9F, 0x18, 0x7F, 0x41, 0x2A, 0x15, 0xEF, 0x84, 0xF3, 0xCA, 0xA4, 0x5E, 0x18, 0x2B, 0xDF, 0x11,
    0x1D, 0x6F, 0x1C, 0x9B, 0xD9, 0xCA, 0xF9, 0x83, 0x1F, 0x12, 0xBE, 0x0C, 0x63, 0xCC, 0xD0, 0x4B,
    0x20, 0xBA, 0x3D, 0x28, 0xDA, 0xF7, 0xBB, 0x96, 0x03, 0x27, 0xC7, 0xD3, 0x97, 0x3D, 0x7A, 0xCA,
    0x1B, 0x1E, 0x63, 0xD5, 0x97, 0x15, 0x8A, 0x2E, 0xBD, 0x36, 0x3E, 0x83, 0x20, 0x2B, 0xF4, 0xE9,
    0x56, 0x61, 0x64, 0x0A, 0x45, 0xF7, 0xA5, 0xEA, 0xF3, 0xD3, 0x50, 0x5B, 0xDB, 0xAF, 0x52, 0x23,
    0x59, 0x38, 0xDB, 0xF0, 0xA6, 0x73, 0xFF, 0x07, 0xED, 0x7D, 0x3D, 0xB0, 0x25, 0xD7, 0x71, 0xDE,
    0xCC, 0x1D, 0xEC, 0xBB, 0x16, 0xC7, 0xF6, 0x30, 0x00, 0x64, 0x19, 0x2B, 0xD7, 0x28, 0x70, 0x24,
    0x9B, 0x1E, 0x07, 0x0E, 0x14, 0x58, 0x9A, 0x21, 0x51, 0x2E, 0x56, 0x59, 0x01, 0xB7, 0x5C, 0xFB,
    0xC8, 0x2A, 0x22, 0xA0, 0x02, 0x2A, 0x20, 0x14, 0x6C, 0xE2, 0xC0, 0x81, 0xA5, 0xB9, 0x32, 0x02,
    0x06, 0x0A, 0xB4, 0x81, 0x24, 0x57, 0x59, 0x01, 0x19, 0x80, 0xB6, 0xB9, 0x08, 0xD6, 0x81, 0x03,
    0x97, 0x4B, 0xE2, 0x0C, 0x80, 0x40, 0x81, 0x02, 0x5C, 0x49, 0x56, 0x39, 0x50, 0xC0, 0x91, 0x05,
    0x58, 0x65, 0x22, 0xC0, 0xD0, 0x1A, 0x98, 0xB3, 0x8B, 0x99, 0x39, 0x3E, 0xFD, 0x7D, 0xDD, 0x67,
    0xE6, 0xBE, 0xF7, 0xF6, 0x07, 0x24, 0x48, 0x2C, 0xC8, 0x7D, 0x24, 0xEE, 0x39, 0xEF, 0xED, 0xBD,
    0x77, 0xCE, 0x4F, 0x9F, 0x3E, 0xFD, 0xF3, 0x75, 0x77, 0x14, 0x45, 0x51, 0x15, 0xE1, 0x67, 0xD7,
    0xB1, 0xDD, 0x4F, 0x6C, 0x33, 0x57, 0x69, 0xCB, 0x7F, 0xD8, 0x3B, 0xFE, 0x43, 0xEC, 0x1C, 0xDF,
    0x90, 0xBB, 0x96, 0x9D, 0xE6, 0xC0, 0xF6, 0x2C, 0x7A, 0xF0, 0xCF, 0xCE, 0xC9, 0xCF, 0x10, 0x25,
    0xDA, 0xEE, 0xB5, 0xE5, 0xDF, 0x7B, 0x79, 0xCC, 0x9F, 0x7F, 0xBE, 0x41, 0x7B, 0x88, 0x8A, 0x5E,
    0xBE, 0xBD, 0x8A, 0x0A, 0xFF, 0xE4, 0x42, 0xDA, 0xA3, 0xB4, 0xFE, 0x3F, 0xFF, 0xC0, 0xD2, 0xB7,
    0x3F, 0xEF, 0xBF, 0xB0, 0x5C, 0xF8, 0xC5, 0xF5, 0xAC, 0x83, 0xD0, 0x61, 0xFB, 0x51, 0x9E, 0xCB,
    0xC0, 0xE5, 0x6B, 0xDB, 0xB5, 0x8D, 0xA5, 0x3D, 0xE8, 0x38, 0xFC, 0x9F, 0x13, 0x79, 0x26, 0x5A,
    0x9B, 0x9D, 0xB5, 0x47, 0xB4, 0xA9, 0xFF, 0x50, 0x3C, 0xC8, 0x70, 0xDA, 0x28, 0x99, 0x38, 0xAC,
    0x74, 0xE2, 0xB0, 0xB2, 0x51, 0x87, 0x35, 0xC8, 0x70, 0xFE, 0x85, 0x0C, 0xFB, 0x4C, 0xA7, 0x51,
    0xA0, 0xED, 0xFC, 0x9F, 0xF9, 0xDC, 0xDA, 0xD9, 0x38, 0xA2, 0xE8, 0x46, 0x74, 0x0D, 0x4F, 0x5C,
    0x22, 0x19, 0x88, 0xFF, 0xC6, 0x04, 0xFF, 0x90, 0xBB, 0x3D, 0xDA, 0xC2, 0xA5, 0xFC, 0x7D, 0xDE,
    0x63, 0xE5, 0xD3, 0x61, 0x37, 0x47, 0x8F, 0xFC, 0xF9, 0x09, 0x5F, 0x57, 0xFE, 0xDD, 0xB5, 0xE5,
    0x69, 0x7B, 0xA8, 0xAD, 0xBD, 0xFF, 0xAA, 0xFB, 0x7F, 0xAF, 0xBA, 0xAA, 0x39, 0x26, 0xCE, 0xFF,
    0x3F, 0x72, 0xED, 0x9E, 0xED, 0xC1, 0x0F, 0x44, 0x76, 0xA2, 0xF2, 0x03, 0xF1, 0xE3, 0xA8, 0x65,
    0x20, 0xBB, 0xAF, 0x47, 0x1C, 0x48, 0x14, 0x71, 0x5D, 0xB6, 0x6D, 0xE9, 0x6E, 0x2D, 0x15, 0x5A,
    0x2C, 0x2B, 0x46, 0x20, 0x4B, 0xD4, 0xE8, 0xC4, 0xDD, 0xF2, 0x79, 0x2C, 0x84, 0x5F, 0xA7, 0x42,
    0x16, 0xC6, 0x8D, 0xFE, 0x2B, 0x8F, 0x7E, 0x7D, 0x06, 0xAC, 0xC1, 0xCE, 0x7F, 0x48, 0x5A, 0x59,
    0x9F, 0x04, 0x2D, 0xFF, 0x93, 0x75, 0xD9, 0xB6, 0xB2, 0x3E, 0xD2, 0xCF, 0xD0, 0xB6, 0x71, 0xE3,
    0xEE, 0xC9, 0xDF, 0x32, 0x79, 0x88, 0x1F, 0x62, 0xCE, 0x56, 0xE6, 0xBD, 0xAC, 0x43, 0x3B, 0xDD,
    0xAA, 0x18, 0xE3, 0x4B, 0x5A, 0x6E, 0x41, 0x36, 0x14, 0x20, 0xB7, 0x5C, 0x3E, 0x81, 0xF9, 0xF8,
    0x91, 0xF1, 0xF7, 0x23, 0x37, 0x46, 0x3F, 0xFD, 0x5C, 0x15, 0x88, 0xEA, 0x19, 0x6D, 0xFF, 0x40,
    0x39, 0x82, 0xBE, 0xA3, 0x98, 0xF5, 0xFB, 0x67, 0xDD, 0x4A, 0x3E, 0xAF, 0xD6, 0x2D, 0x77, 0xBA,
    0x72, 0xEE, 0x36, 0xDF, 0xFE, 0xE5, 0x47, 0xD3, 0x6D, 0xAF, 0x74, 0xDB, 0x2B, 0xDD, 0xF6, 0xFA,
    0xF7, 0x0E, 0x74, 0x7B, 0x87, 0x6D, 0x1B, 0xC9, 0x48, 0x73, 0x3F, 0x0B, 0x59, 0x57, 0x21, 0x10,
    0xB6, 0x11, 0xCE, 0x91, 0xD0, 0xAD, 0x3C, 0x58, 0x5A, 0x99, 0x60, 0xED, 0x5F, 0x6E, 0xCA, 0x62,
    0xCC, 0x81, 0x6E, 0x4F, 0xDB, 0x51, 0x27, 0x31, 0xE8, 0x38, 0x06, 0xA5, 0xD7, 0xFE, 0xA4, 0xBD,
    0x8A, 0x6E, 0xC9, 0x0D, 0x4F, 0xDB, 0xDC, 0x1D, 0x94, 0x4C, 0x2A, 0x25, 0x13, 0xB4, 0x67, 0xEB,
    0x6A, 0x3B, 0xA3, 0x9A, 0x4A, 0xA9, 0x46, 0x57, 0x20, 0x7E, 0xE9, 0x1B, 0xBA, 0x7C, 0xEE, 0x2D,
    0x3C, 0x80, 0x6F, 0xA9, 0xD9, 0x72, 0x1D, 0x2A, 0xF9, 0xF3, 0xEF, 0xBE, 0x28, 0x47, 0x14, 0xF4,
    0x22, 0xE4, 0x56, 0x49, 0x1B, 0xCB, 0x74, 0x92, 0xD9, 0x77, 0x07, 0x70, 0x6C, 0x0C, 0x77, 0x3F,
    0x70, 0x58, 0x71, 0xB5, 0x19, 0x96, 0x51, 0x6F, 0x74, 0x7E, 0x53, 0xC7, 0x31, 0xEB, 0x38, 0x26,
    0x6D, 0x47, 0xA5, 0x62, 0x99, 0x78, 0xB3, 0x9C, 0xE3, 0x94, 0x37, 0xCA, 0x05, 0xAC, 0xAD, 0xE5,
    0x7B, 0x62, 0x69, 0xFD, 0xBF, 0x26, 0x47, 0xFF, 0x3D, 0xFE, 0x39, 0x99, 0x9C, 0x4B, 0x61, 0x21,
    0x83, 0x7F, 0x9E, 0x1F, 0x47, 0x23, 0xCF, 0x77, 0xD5, 0x3E, 0x6C, 0x6B, 0x47, 0xF6, 0x20, 0xEF,
    0x95, 0x07, 0x2D, 0x3A, 0x4D, 0xAC, 0x78, 0xE3, 0x70, 0x9C, 0xA2, 0xF8, 0x5C, 0xE9, 0xEE, 0xF9,
    0x6F, 0x56, 0x58, 0x6F, 0x8C, 0x4F, 0xC6, 0x79, 0x24, 0x93, 0xE9, 0xF8, 0x65, 0x47, 0xFF, 0xD1,
    0x2E, 0xC6, 0xC9, 0xA8, 0xA2, 0xA6, 0xC5, 0xCC, 0x7C, 0x53, 0x92, 0x0C, 0xD0, 0x70, 0xF5, 0xFF,
    0x73, 0xC4, 0xD1, 0xC9, 0xE4, 0x07, 0x6E, 0xD1, 0xC2, 0x1D, 0xC3, 0x56, 0x26, 0x9C, 0x78, 0xB4,
    0x6E, 0xCC, 0x91, 0x8F, 0xED, 0x39, 0x2A, 0x3D, 0x1C, 0xFE, 0x3D, 0xBF, 0xE2, 0xDF, 0x3B, 0xCB,
    0xA2, 0x0A, 0xC1, 0x67, 0xFE, 0xAB, 0xB4, 0xF1, 0x94, 0x95, 0x8F, 0x38, 0x6D, 0xC5, 0x04, 0xBA,
    0xF2, 0x2C, 0x53, 0xF6, 0xA1, 0x74, 0x7F, 0x7E, 0xCB, 0x7F, 0x4B, 0xB9, 0xE1, 0x4C, 0xF8, 0x62,
    0x7C, 0x65, 0xE1, 0xB8, 0x23, 0xCF, 0xDD, 0x30, 0xEA, 0xE7, 0xBC, 0xF8, 0xDA, 0xCA, 0x5F, 0x16,
    0x0C, 0xF2, 0x18, 0x88, 0x2B, 0xD3, 0xEB, 0xE1, 0x10, 0xC8, 0xAB, 0x74, 0xD1, 0xFA, 0xBA, 0xAC,
    0x5C, 0x9A, 0xB4, 0xAE, 0xF3, 0x9A, 0x40, 0xDD, 0x63, 0xA0, 0xF1, 0x1D, 0xD9, 0xC1, 0xE6, 0x95,
    0xB4, 0x9D, 0x5E, 0x7A, 0xD4, 0xA5, 0x07, 0x9E, 0x61, 0xEC, 0x05, 0x26, 0x52, 0x62, 0x80, 0xB5,
    0xAE, 0x9E, 0x27, 0x31, 0x3F, 0x91, 0xB2, 0xCB, 0x64, 0x05, 0x7A, 0xCF, 0x80, 0x3C, 0xD3, 0xF1,
    0x63, 0xF1, 0xCF, 0xAA, 0x27, 0xDF, 0x3F, 0xD6, 0xB2, 0x4E, 0x55, 0x71, 0x7C, 0xE8, 0xF9, 0xFF,
    0x58, 0xAF, 0x00, 0x76, 0x96, 0x9F, 0x71, 0x7A, 0x9F, 0x93, 0xA2, 0x52, 0x65, 0xB0, 0x51, 0x71,
    0xF9, 0x0C, 0x9E, 0xB4, 0xB5, 0x9D, 0xB1, 0xCB, 0x37, 0xED, 0xB6, 0x8D, 0xF5, 0xEB, 0x1E, 0xC4,
    0xA9, 0x92, 0x4B, 0x9C, 0xEA, 0xF8, 0x50, 0x4E, 0x75, 0xF1, 0x82, 0x7B, 0xD4, 0xB0, 0x1E, 0xC0,
    0x38, 0xF9, 0xF8, 0x58, 0x1F, 0x9B, 0x1E, 0x74, 0xE9, 0xEE, 0x35, 0x76, 0xAC, 0x16, 0x7E, 0x29,
    0x3F, 0x56, 0x3A, 0x8E, 0x32, 0xD7, 0x4B, 0x62, 0x0F, 0x9E, 0x77, 0xF2, 0xD3, 0x98, 0xC4, 0xC2,
    0x63, 0xAF, 0x1F, 0x60, 0xF7, 0x18, 0xDE, 0xB0, 0xE8, 0x20, 0xFE, 0xC7, 0x97, 0x74, 0x5A, 0xB1,
    0x3B, 0xD8, 0x0C, 0x77, 0x72, 0x9B, 0x1F, 0x74, 0x74, 0x61, 0x9E, 0x89, 0x0B, 0x53, 0xDD, 0x2F,
    0x61, 0x96, 0xE9, 0x1C, 0x24, 0x1D, 0x4F, 0xC3, 0x26, 0xEC, 0xF8, 0x73, 0x6D, 0x5D, 0xCF, 0xD4,
    0x9A, 0x85, 0x1C, 0xBA, 0xEC, 0x23, 0x67, 0xF3, 0xE8, 0x22, 0x15, 0x78, 0xA2, 0xE6, 0x18, 0xDB,
    0x28, 0x5D, 0xBB, 0x73, 0xF7, 0xEE, 0xCA, 0x3B, 0xFC, 0x68, 0xFC, 0xC2, 0xEC, 0xC0, 0x9D, 0x1D,
    0xD6, 0x48, 0x96, 0x71, 0xEF, 0xB0, 0x4B, 0xF2, 0xC0, 0x6C, 0xC6, 0x8A, 0x49, 0x37, 0x9F, 0x70,
    0xAB, 0x48, 0xB7, 0x24, 0xE7, 0x96, 0x8B, 0xBC, 0xE9, 0x20, 0x13, 0xD5, 0xD3, 0x4F, 0xED, 0xFC,
    0x5F, 0x70, 0xEB, 0x4D, 0xF9, 0xEF, 0x8B, 0xF0, 0xE6, 0x2A, 0xCF, 0x65, 0x4A, 0x87, 0xCB, 0xA0,
    0xCA, 0x5D, 0x57, 0xFA, 0xA7, 0x50, 0x3E, 0x6A, 0x6B, 0xBF, 0x29, 0x35, 0x97, 0xA7, 0xF4, 0xDF,
    0xDE, 0x70, 0x60, 0xF9, 0xC2, 0xF5, 0xBB, 0xE7, 0xC7, 0x75, 0xE3, 0xF4, 0xE8, 0xF9, 0x4F, 0x60,
    0x1F, 0xE5, 0xE8, 0x1D, 0x74, 0xD9, 0x85, 0xA0, 0x2B, 0xED, 0xEF, 0x64, 0xBE, 0x8D, 0x6E, 0x16,
    0x65, 0x91, 0x4E, 0xA9, 0xE9, 0x10, 0xED, 0x03, 0x45, 0x55, 0xE1, 0x5E, 0x94, 0x25, 0xCE, 0x4E,
    0xFA, 0xDC, 0x08, 0xCC, 0xD9, 0xEE, 0xC6, 0x59, 0x3E, 0xA3, 0x54, 0x36, 0xAD, 0x14, 0x28, 0x84,
    0x6F, 0x9B, 0xE1, 0xE6, 0xF3, 0xF3, 0xDA, 0x7D, 0x23, 0x5A, 0xF7, 0x5E, 0x86, 0x1F, 0xFA, 0x42,
    0x09, 0xB1, 0xF5, 0x07, 0x13, 0x23, 0xE6, 0x5B, 0x5C, 0xF0, 0x0E, 0x54, 0x2A, 0x34, 0x92, 0xE0,
    0xEE, 0x19, 0xB0, 0xDD, 0xB2, 0xDE, 0x3B, 0xC8, 0x90, 0x11, 0x86, 0x2E, 0xBB, 0x22, 0xC3, 0x48,
    0xD1, 0xEF, 0xD0, 0x97, 0xE1, 0x7A, 0x09, 0x51, 0x87, 0x5E, 0xE1, 0x7D, 0xF2, 0x59, 0x7B, 0x9F,
    0x50, 0x85, 0x4E, 0x11, 0x57, 0x6F, 0xC9, 0xCF, 0x5C, 0xF7, 0x8F, 0x38, 0x93, 0xA5, 0x6E, 0x38,
    0x36, 0xCF, 0x28, 0xA6, 0xBD, 0xDE, 0xDC, 0x42, 0xFA, 0xB8, 0xD4, 0x47, 0x30, 0x8D, 0x41, 0xF8,
    0xC3, 0x52, 0x9D, 0xD2, 0xBC, 0x89, 0xAF, 0x51, 0x79, 0xA1, 0x73, 0x88, 0xEA, 0xD0, 0x51, 0x11,
    0x36, 0x32, 0x19, 0x36, 0x08, 0xB1, 0x41, 0x8A, 0x55, 0x31, 0xD6, 0x8F, 0x11, 0x72, 0xEC, 0x7E,
    0xDC, 0x9E, 0xF3, 0xB0, 0xCC, 0x6B, 0xA7, 0x74, 0x67, 0xEE, 0xEB, 0x7A, 0x2C, 0x29, 0x8F, 0xD4,
    0x26, 0xD6, 0x37, 0x76, 0x08, 0x9D, 0x7B, 0xFB, 0x16, 0x48, 0xC4, 0x4F, 0x37, 0x61, 0x67, 0xF4,
    0xCB, 0x38, 0x92, 0x03, 0x80, 0x29, 0xC9, 0xA2, 0x82, 0x1D, 0x24, 0x10, 0xDC, 0x06, 0x2E, 0x3B,
    0xB8, 0x2D, 0xC5, 0xD9, 0xD0, 0xE9, 0xA2, 0x20, 0xD8, 0x82, 0x4A, 0x84, 0x47, 0x41, 0xB4, 0x6D,
    0xE4, 0x4E, 0xF5, 0x4F, 0x04, 0xED, 0x89, 0x88, 0x2A, 0x2B, 0x26, 0xCB, 0x32, 0x67, 0x76, 0xD6,
    0xFD, 0xCF, 0x27, 0xAD, 0x13, 0x0F, 0xD6, 0x4B, 0x27, 0xEB, 0xD5, 0x53, 0xA0, 0x6B, 0xEB, 0xE5,
    0xCA, 0xAB, 0x64, 0x3A, 0x9D, 0xFD, 0xE3, 0x12, 0xDE, 0x76, 0xDB, 0x3E, 0x7A, 0xFB, 0x11, 0xCA,
    0xD5, 0xD9, 0x2B, 0xA4, 0xB0, 0x23, 0x98, 0x22, 0xAE, 0xA9, 0x9D, 0x5D, 0xEA, 0x6D, 0x2A, 0xBD,
    0x9D, 0x88, 0x2B, 0x05, 0xD6, 0x30, 0x83, 0x5A, 0xB2, 0xE8, 0x19, 0x71, 0xDD, 0xBF, 0xE5, 0x1E,
    0x24, 0x3C, 0x08, 0x7E, 0xED, 0xD3, 0xC5, 0x76, 0x21, 0x9F, 0x8C, 0xE3, 0x96, 0xBD, 0x9D, 0x92,
    0xE6, 0xA8, 0x6A, 0x57, 0xAC, 0x27, 0xA7, 0x99, 0x12, 0x67, 0x1C, 0xF8, 0xBA, 0xF1, 0x60, 0x15,
    0x9E, 0xA2, 0xC0, 0x90, 0x70, 0x1A, 0x26, 0x9D, 0xD8, 0x77, 0x95, 0x79, 0xF9, 0x95, 0xCF, 0x17,
    0xBB, 0x1C, 0x32, 0x67, 0xD7, 0x83, 0x9E, 0x49, 0xDF, 0xD3, 0x13, 0x2C, 0xD4, 0x43, 0xDE, 0x9A,
    0xC9, 0xCC, 0x7A, 0x3D, 0xE0, 0xB1, 0xC9, 0x4D, 0x95, 0x32, 0x7F, 0x21, 0x9C, 0x7A, 0xB1, 0x4B,
    0xA2, 0x0C, 0x17, 0x23, 0xA5, 0x3F, 0x87, 0x3D, 0x84, 0xCE, 0x26, 0xF2, 0x52, 0xB8, 0x24, 0xED,
    0xA6, 0x10, 0xA9, 0xC7, 0xF6, 0x6F, 0x5D, 0xDB, 0xF4, 0x10, 0xBA, 0x79, 0x1F, 0xBA, 0xE5, 0xAA,
    0xF2, 0x96, 0x2E, 0xBC, 0x23, 0x77, 0xE1, 0x1D, 0xFB, 0xB0, 0xC9, 0x2A, 0x94, 0xEA, 0xA6, 0x2E,
    0xEB, 0x37, 0xFF, 0x4C, 0xF4, 0x58, 0x3F, 0x90, 0x40, 0x52, 0x1C, 0x55, 0xD9, 0xD9, 0x63, 0x16,
    0xE4, 0xB5, 0x16, 0x5A, 0x16, 0xF7, 0x36, 0xE5, 0x8A, 0x83, 0xB5, 0xF1, 0xEE, 0xD8, 0x74, 0x71,
    0xA5, 0xD6, 0x8B, 0xC9, 0xFF, 0xAA, 0x18, 0x15, 0x2E, 0xE8, 0x46, 0x25, 0x98, 0x75, 0xE8, 0xEA,
    0x9E, 0xD5, 0x22, 0x2F, 0xB2, 0x2B, 0xB2, 0xA4, 0xEE, 0xA9, 0x7F, 0x5B, 0xFD, 0xBE, 0xDE, 0x7F,
    0xD3, 0xCE, 0xFD, 0x99, 0x76, 0xC7, 0xCC, 0x7D, 0x16, 0x44, 0xEC, 0x97, 0xB3, 0x9C, 0x78, 0xDB,
    0xEE, 0xDC, 0x7B, 0xAE, 0x4F, 0x55, 0x9C, 0xFD, 0x9E, 0x5D, 0x80, 0x89, 0x9C, 0x18, 0x76, 0xF7,
    0xF2, 0x9D, 0xBC, 0xF0, 0xF7, 0xE4, 0x4B, 0x2A, 0x99, 0xAC, 0x93, 0x98, 0xD6, 0x6E, 0xF7, 0x80,
    0xF9, 0xA8, 0x08, 0x80, 0x7F, 0xC3, 0x24, 0xB0, 0xE9, 0xD7, 0x71, 0xE7, 0x41, 0x01, 0x25, 0x11,
    0x62, 0xDB, 0x49, 0x99, 0xB2, 0xEF, 0xB1, 0xDD, 0xE2, 0x27, 0x3F, 0x7F, 0x87, 0x07, 0xCA, 0x6B,
    0x26, 0xDC, 0x5C, 0xCF, 0xE9, 0x48, 0xC7, 0x6D, 0xC4, 0xAD, 0x73, 0x5D, 0xC2, 0xBD, 0x77, 0x4B,
    0x33, 0x9A, 0x62, 0xD4, 0x19, 0x97, 0xAC, 0x4E, 0x44, 0xA0, 0x47, 0xFF, 0xC8, 0x8E, 0x56, 0x05,
    0x4F, 0xA9, 0x93, 0x11, 0xB6, 0xE0, 0x27, 0xFE, 0x2B, 0x0F, 0x58, 0x9B, 0x54, 0xB6, 0xAA, 0x84,
    0x9E, 0x75, 0xE4, 0x64, 0x71, 0x4E, 0x65, 0x01, 0x32, 0x3B, 0xCC, 0x38, 0xA5, 0xB8, 0xA1, 0x47,
    0x15, 0xAF, 0x1A, 0x4A, 0x90, 0x47, 0x28, 0xA0, 0xFE, 0xA3, 0x1D, 0x0F, 0xB7, 0x97, 0x7D, 0xF7,
    0x24, 0x45, 0xD7, 0x67, 0x24, 0x4F, 0x37, 0x14, 0x3A, 0x89, 0xB1, 0xD6, 0x23, 0x3E, 0xE9, 0xED,
    0x58, 0x2E, 0x41, 0x2E, 0x74, 0x66, 0x69, 0x0B, 0x26, 0x37, 0xE5, 0x5B, 0xA9, 0xAD, 0xA0, 0x5D,
    0xB5, 0x51, 0x62, 0xA7, 0x41, 0xB9, 0x48, 0x0A, 0xE5, 0x43, 0xF6, 0xAC, 0xD5, 0xF7, 0xAA, 0x26,
    0x83, 0x8E, 0xE9, 0xA2, 0xB3, 0x1D, 0xA5, 0xFE, 0xD4, 0xA6, 0xB7, 0x91, 0x07, 0xC0, 0xDF, 0x20,
    0xA6, 0x81, 0xBF, 0x35, 0x66, 0x44, 0x3A, 0x98, 0x3A, 0x3E, 0x63, 0xD5, 0xD4, 0x62, 0x13, 0x0E,
    0x03, 0xC5, 0xBF, 0x1C, 0xD7, 0x66, 0xAF, 0xF4, 0x42, 0x19, 0x81, 0xE4, 0x7F, 0x54, 0xC2, 0xA1,
    0x7C, 0x50, 0x06, 0xE9, 0xA0, 0x5E, 0x4C, 0x36, 0x68, 0x66, 0x93, 0x49, 0xDD, 0x64, 0xE2, 0xFD,
    0x4A, 0x95, 0x24, 0x2C, 0x93, 0x37, 0x41, 0x93, 0x60, 0x50, 0xE0, 0x70, 0x78, 0x24, 0xC4, 0x65,
    0xF4, 0xB0, 0x7C, 0x78, 0xB8, 0xF6, 0x8E, 0x2A, 0x34, 0xA7, 0x50, 0x2B, 0x4E, 0x87, 0x9C, 0x85,
    0x21, 0x73, 0xF0, 0xDD, 0xC9, 0xE0, 0x4B, 0x77, 0x7E, 0xED, 0x4B, 0x32, 0x78, 0x0A, 0x56, 0xC2,
    0xCB, 0xF4, 0x8E, 0x86, 0x92, 0x79, 0xE1, 0x72, 0x76, 0xBA, 0xB3, 0x81, 0x65, 0xAD, 0xBD, 0x40,
    0xA8, 0x65, 0x38, 0x0B, 0x65, 0x17, 0x7A, 0x41, 0x2F, 0xAA, 0xDB, 0xD0, 0x0B, 0xDC, 0xAE, 0x5E,
    0x59, 0xE0, 0x95, 0xB4, 0x1D, 0x7F, 0x3D, 0x0A, 0x22, 0xEA, 0x89, 0x68, 0xBE, 0xDE, 0x80, 0xFB,
    0x95, 0xA2, 0x4C, 0xB2, 0x5D, 0x69, 0xC1, 0xE4, 0xFB, 0x77, 0xED, 0x7A, 0x79, 0xD3, 0x29, 0x89,
    0x7D, 0xCE, 0xAE, 0x8A, 0x54, 0x05, 0xBF, 0x39, 0xD5, 0xDB, 0x6B, 0x54, 0x42, 0x2C, 0x7B, 0x1A,
    0x2D, 0xBD, 0x98, 0xCA, 0x4E, 0x6C, 0x57, 0x48, 0x22, 0x92, 0x2F, 0xB5, 0x2A, 0x55, 0xB8, 0xB2,
    0x45, 0x3B, 0x85, 0xDB, 0xD8, 0xCC, 0x28, 0x4A, 0xA8, 0x5C, 0x44, 0x51, 0x0E, 0xB2, 0x5B, 0xCB,
    0xDD, 0x4B, 0x9D, 0x0A, 0x84, 0xD9, 0xA2, 0x34, 0x82, 0x45, 0x15, 0x02, 0xA8, 0x47, 0xF2, 0xFC,
    0x33, 0x99, 0x8A, 0xDF, 0x9F, 0x01, 0x14, 0xEF, 0x5F, 0xA6, 0x1A, 0x57, 0xB4, 0xEF, 0x34, 0x22,
    0xC4, 0xE0, 0x1B, 0xCD, 0x8E, 0x94, 0xA8, 0xD4, 0xB8, 0xD7, 0x76, 0x67, 0x06, 0x89, 0xCC, 0xFD,
    0xF9, 0x17, 0xD9, 0xD2, 0x9E, 0x94, 0xAB, 0x3D, 0xA9, 0xA0, 0x25, 0x01, 0xED, 0xA2, 0x02, 0xEC,
    0xB0, 0xB9, 0x99, 0x4C, 0xDC, 0x08, 0xDA, 0xDA, 0x12, 0x84, 0xD5, 0x20, 0xA8, 0x9A, 0x90, 0x0A,
    0x01, 0xF5, 0xBD, 0xBB, 0x32, 0x5E, 0x4F, 0x72, 0x30, 0x9C, 0x43, 0x0F, 0x50, 0xA1, 0xB4, 0x50,
    0x41, 0xD3, 0xE4, 0x68, 0xD8, 0x40, 0x21, 0xE9, 0x93, 0x4C, 0x29, 0x80, 0x56, 0x98, 0x3C, 0x86,
    0xC5, 0xD3, 0xA1, 0x42, 0xA7, 0x09, 0x9C, 0xA6, 0x9B, 0x1A, 0x03, 0x76, 0xF7, 0x4F, 0xC9, 0xE5,
    0x8B, 0x77, 0x6E, 0x9B, 0x84, 0x57, 0xA9, 0x99, 0xA9, 0xD7, 0x3D, 0xC1, 0xF7, 0xB9, 0x77, 0xE4,
    0x0B, 0x7E, 0xE9, 0x73, 0x62, 0x34, 0xAD, 0xB0, 0x1E, 0x39, 0x59, 0x21, 0x95, 0x29, 0xBF, 0x2E,
    0xA9, 0xDA, 0xDB, 0x40, 0x0C, 0x7E, 0x3D, 0x40, 0x1D, 0xE5, 0x4C, 0x4E, 0xE9, 0xD7, 0x03, 0xB2,
    0x86, 0x5F, 0x0F, 0xEC, 0x94, 0x5F, 0x0F, 0x95, 0x1F, 0xA9, 0x26, 0x6D, 0xD7, 0x63, 0xBC, 0x7A,
    0x3D, 0x6A, 0x5D, 0x8F, 0x52, 0xD7, 0xA3, 0x78, 0xBC, 0xF5, 0x88, 0x1F, 0x73, 0x3D, 0xEE, 0x3D,
    0xB5, 0x3B, 0x6E, 0xED, 0x8E, 0xB5, 0x3B, 0x39, 0x85, 0x61, 0xB3, 0xD4, 0x00, 0xA8, 0xDA, 0x0B,
    0x74, 0xEC, 0xBF, 0xC7, 0x41, 0xE1, 0x8C, 0x77, 0x1C, 0xF5, 0x41, 0x05, 0xC6, 0x44, 0xEC, 0x7C,
    0xDA, 0xB3, 0x41, 0xEE, 0x4D, 0xFC, 0x10, 0xED, 0x5A, 0x85, 0x4D, 0x7F, 0x1F, 0xAA, 0x22, 0xE2,
    0x75, 0x6B, 0x55, 0xFE, 0xCA, 0xDE, 0x54, 0x91, 0xB2, 0x37, 0x85, 0xBC, 0x3E, 0x9A, 0x0A, 0xA8,
    0xDA, 0x16, 0x74, 0x69, 0x3D, 0x65, 0x89, 0x68, 0x3F, 0x13, 0x97, 0xC5, 0x56, 0xD2, 0x2B, 0xD2,
    0xDA, 0xCB, 0x83, 0xA8, 0x59, 0x0E, 0xCA, 0x71, 0xE4, 0xA6, 0x56, 0x03, 0x85, 0x2A, 0x79, 0xBC,
    0x41, 0x13, 0xB5, 0xF8, 0xD8, 0xFA, 0xCA, 0xA6, 0xA5, 0x3C, 0xFD, 0x17, 0x99, 0xFC, 0x71, 0xD3,
    0x33, 0x76, 0xEF, 0x47, 0x36, 0x70, 0x14, 0xFE, 0x0A, 0xE8, 0xD9, 0xAB, 0x28, 0x15, 0x60, 0x64,
    0x4D, 0x67, 0x37, 0x74, 0xD3, 0x9A, 0x92, 0xC2, 0x9E, 0x88, 0x05, 0x74, 0x93, 0xC1, 0x82, 0xC8,
    0xAD, 0xF4, 0x9F, 0xFB, 0x16, 0x7B, 0x1D, 0x69, 0x07, 0x76, 0xB5, 0xA7, 0xBE, 0xB2, 0xE8, 0x13,
    0xA6, 0x98, 0xBD, 0x54, 0x81, 0xC1, 0x24, 0x54, 0x2C, 0xE4, 0xAA, 0x77, 0xB2, 0x1A, 0x13, 0xED,
    0xCD, 0x4E, 0xF4, 0x5F, 0x4F, 0x03, 0x35, 0x7F, 0x11, 0xDD, 0xEC, 0x76, 0xEC, 0xF8, 0x4B, 0x27,
    0xDE, 0x8A, 0x04, 0xAB, 0xF5, 0x75, 0xBF, 0x55, 0x9E, 0x35, 0x65, 0xEE, 0x05, 0x19, 0x6E, 0x3E,
    0xC8, 0x2F, 0x5E, 0x3A, 0xAB, 0xB8, 0x2D, 0x5E, 0xB8, 0x53, 0x09, 0x6D, 0x3F, 0xC9, 0xF6, 0xEA,
    0xF9, 0xF2, 0xC2, 0x68, 0xD3, 0xEF, 0x9C, 0x31, 0x0D, 0x2F, 0xD9, 0x99, 0x17, 0x24, 0x96, 0x5F,
    0x32, 0x53, 0x30, 0xDD, 0xA7, 0x5D, 0x57, 0xD8, 0x15, 0xEF, 0x7E, 0xD3, 0x1D, 0x6B, 0xBB, 0xDB,
    0x9D, 0x71, 0x40, 0x15, 0x47, 0xC3, 0x2F, 0xD9, 0xC6, 0x27, 0xE8, 0x17, 0xE1, 0x0B, 0xEE, 0xF7,
    0x4C, 0x49, 0x6D, 0x26, 0xCF, 0x5A, 0x75, 0xB1, 0x63, 0xB1, 0x1E, 0x44, 0xCA, 0x25, 0xFC, 0xDC,
    0x3D, 0xD1, 0xD6, 0xA3, 0xB1, 0x00, 0xFF, 0x4B, 0x69, 0x3A, 0x64, 0xE5, 0xD9, 0xAF, 0x1D, 0x1D,
    0x27, 0xB3, 0xE6, 0x29, 0x4B, 0xDC, 0xC4, 0x59, 0xD3, 0x36, 0x89, 0x59, 0x9B, 0x58, 0xD6, 0xC9,
    0xAC, 0xB1, 0xAB, 0x31, 0xA4, 0x19, 0xF9, 0x65, 0xA4, 0x7E, 0x70, 0xE6, 0x96, 0x2A, 0xA6, 0x0A,
    0x27, 0x8E, 0x2C, 0x18, 0x93, 0x0E, 0x10, 0x20, 0xF5, 0xB6, 0xED, 0xB1, 0xAD, 0xB8, 0x68, 0xE5,
    0xBB, 0xE3, 0x9B, 0xC6, 0x59, 0xD9, 0xF9, 0x22, 0x6E, 0xC3, 0x5B, 0x60, 0xA5, 0x7B, 0x5E, 0x31,
    0x19, 0xC9, 0x28, 0xE3, 0x12, 0xE4, 0x22, 0x4F, 0xB6, 0xB2, 0x0D, 0x42, 0x2E, 0x7E, 0xE9, 0xD0,
    0x1C, 0x41, 0x44, 0x45, 0x8B, 0xE6, 0x2C, 0x98, 0x8F, 0x94, 0x75, 0xD8, 0xF4, 0x64, 0xCA, 0xCF,
    0xBF, 0xAA, 0x82, 0x9A, 0xF1, 0xB7, 0x8E, 0x3C, 0x4D, 0xD6, 0xE6, 0xE7, 0x1B, 0x4A, 0x39, 0x89,
    0x32, 0x3B, 0x6D, 0x6A, 0xFD, 0x16, 0xDF, 0x80, 0x61, 0x57, 0x7B, 0x6A, 0x3C, 0xA2, 0x77, 0xFA,
    0xBB, 0xA7, 0xA4, 0x69, 0xBF, 0x9C, 0xB1, 0x0A, 0xA7, 0x56, 0x7C, 0x1D, 0x7B, 0xA2, 0x1C, 0xF3,
    0x96, 0x5A, 0x70, 0xE8, 0xB3, 0x78, 0xAA, 0x41, 0xFE, 0x28, 0x35, 0x48, 0x28, 0x3D, 0xFC, 0xB9,
    0xE6, 0xB5, 0x34, 0x13, 0x91, 0x3D, 0xD5, 0xD8, 0xC5, 0x76, 0x54, 0xC6, 0x2A, 0xEC, 0x3F, 0x18,
    0x04, 0x9A, 0xE5, 0xEE, 0x14, 0x2C, 0x0A, 0xE1, 0x6B, 0xF3, 0x70, 0x1A, 0x83, 0x7D, 0xFD, 0x83,
    0xFC, 0x3C, 0xDD, 0xF9, 0x1F, 0xC5, 0xCE, 0x3F, 0x35, 0xBF, 0x7D, 0xB8, 0xE6, 0xB7, 0xE6, 0x0A,
    0x79, 0x6F, 0xF5, 0xAF, 0xD0, 0xBD, 0xA2, 0x92, 0xDF, 0x75, 0x5E, 0x49, 0xB1, 0xDC, 0xB0, 0xC7,
    0xE0, 0x5B, 0x69, 0x55, 0xDE, 0xDB, 0xF6, 0x0E, 0x2A, 0xF9, 0x29, 0xAB, 0x4E, 0x67, 0x13, 0x49,
    0xE5, 0x6E, 0x75, 0xE6, 0x55, 0xD1, 0x9E, 0x97, 0x02, 0xD4, 0xBD, 0xE4, 0x57, 0x5E, 0x57, 0xCB,
    0xAB, 0xC5, 0x2A, 0x8F, 0xF8, 0x3D, 0xD0, 0xB5, 0x14, 0xD9, 0x7B, 0xD2, 0x01, 0xE8, 0xF9, 0x4C,
    0x9C, 0xC9, 0xCC, 0x7B, 0x67, 0x12, 0x49, 0x36, 0x5B, 0x2F, 0x9F, 0xAC, 0x57, 0x0E, 0x26, 0x9F,
    0x34, 0x1D, 0x2F, 0x3C, 0x38, 0x52, 0x30, 0x64, 0xF8, 0x51, 0xF4, 0x0C, 0x3A, 0x25, 0xD9, 0x92,
    0xCA, 0xE2, 0xBD, 0x08, 0x62, 0x44, 0xA9, 0xDA, 0xC3, 0x51, 0x7B, 0xB2, 0x8F, 0x0D, 0x5C, 0xD2,
    0x5B, 0x0F, 0x4A, 0xEE, 0xF8, 0x1D, 0x0B, 0xBE, 0x48, 0x34, 0x57, 0xED, 0x8A, 0xE1, 0x81, 0x5A,
    0x2C, 0xCC, 0xDE, 0x74, 0x0E, 0x51, 0xFB, 0x24, 0xAD, 0x88, 0x73, 0x87, 0xB6, 0x0C, 0x38, 0x1E,
    0x16, 0x1E, 0xBD, 0x5E, 0xB5, 0xF2, 0xFD, 0x22, 0x0E, 0xA3, 0x77, 0xE1, 0x27, 0x9F, 0x7C, 0xD7,
    0x7D, 0x6D, 0xC6, 0x42, 0x8A, 0x47, 0x09, 0xE0, 0x8B, 0x7C, 0x6C, 0x86, 0x64, 0x46, 0xB7, 0x18,
    0x9A, 0x21, 0x9D, 0xD0, 0x2D, 0xFB, 0x7A, 0xCC, 0x07, 0x28, 0xA8, 0x65, 0x57, 0x8E, 0x65, 0x0F,
    0xD9, 0xA0, 0x39, 0x96, 0x53, 0x7D, 0xA4, 0x4E, 0xD6, 0x8A, 0xF5, 0xC9, 0xBA, 0x0B, 0x85, 0x07,
    0xBF, 0xB4, 0x85, 0xF8, 0x8B, 0x26, 0xF5, 0x96, 0x4D, 0x50, 0x6D, 0xB1, 0xA7, 0x23, 0xBA, 0x10,
    0xE7, 0x7B, 0x6C, 0x0E, 0xE4, 0xF9, 0x23, 0xF5, 0x72, 0x7A, 0xAD, 0xC4, 0x46, 0x07, 0x07, 0x56,
    0x05, 0x29, 0xDC, 0xCB, 0x53, 0x26, 0x9A, 0xFB, 0x9D, 0x4D, 0xE6, 0xB5, 0x3B, 0xAA, 0xE3, 0x00,
    0x5A, 0xD8, 0x75, 0xDA, 0x9A, 0x54, 0xD6, 0xEC, 0x6A, 0x74, 0xC1, 0x4C, 0x1B, 0x30, 0xE4, 0xE0,
    0x09, 0x3E, 0xE1, 0xAE, 0xF9, 0x07, 0xE1, 0xAE, 0xA4, 0x2F, 0x72, 0xA3, 0x79, 0xE5, 0x46, 0xE1,
    0x20, 0x45, 0x2B, 0x4B, 0xDD, 0x74, 0xE3, 0xC0, 0x5D, 0xED, 0xDC, 0x08, 0xFF, 0xD2, 0x33, 0x29,
    0x3E, 0xA9, 0x2F, 0x6C, 0x3D, 0x93, 0x17, 0x9C, 0x94, 0xF1, 0x7A, 0x88, 0x76, 0x2E, 0x08, 0x77,
    0x09, 0x25, 0xF5, 0x4D, 0xF7, 0x60, 0xB2, 0x33, 0xCF, 0xCA, 0xDE, 0x4C, 0x8F, 0x6A, 0x2F, 0xBB,
    0x74, 0x45, 0x5C, 0x9C, 0x4F, 0x73, 0x71, 0x3E, 0x0F, 0xE5, 0xAE, 0xCA, 0x11, 0x94, 0xA5, 0x0A,
    0x4B, 0xD8, 0x05, 0xEE, 0x1A, 0xDF, 0x79, 0xC5, 0x38, 0xC2, 0x6D, 0x05, 0x65, 0x8C, 0xA6, 0x1A,
    0x46, 0xC1, 0x46, 0xE2, 0xFF, 0xFC, 0x1F, 0x20, 0x49, 0xFB, 0xEF, 0x2A, 0x84, 0x12, 0x44, 0xAE,
    0x17, 0x07, 0x1B, 0x24, 0xA2, 0x49, 0x24, 0x4C, 0x31, 0x39, 0xED, 0xE5, 0x51, 0xB1, 0x78, 0x6C,
    0x20, 0x50, 0xCE, 0x39, 0x56, 0xC2, 0x2D, 0x05, 0xF7, 0x79, 0x29, 0x43, 0x7B, 0x90, 0x7F, 0x5F,
    0x20, 0x8E, 0xF9, 0xF7, 0x59, 0xDB, 0x38, 0x9A, 0xAE, 0x1A, 0xEA, 0x1A, 0xD6, 0x0E, 0x68, 0x53,
    0xD7, 0xAB, 0x59, 0xC2, 0x53, 0x0B, 0xCC, 0x33, 0x6D, 0xC9, 0x15, 0x3A, 0x94, 0x3C, 0x79, 0x18,
    0x5A, 0x02, 0x26, 0x28, 0xBC, 0x47, 0x08, 0x51, 0x4C, 0x1A, 0x5D, 0x80, 0xD0, 0x80, 0xB3, 0x4D,
    0x3C, 0xB6, 0x18, 0x5A, 0x6C, 0x36, 0x81, 0x6B, 0xE7, 0x1B, 0x9B, 0x80, 0x83, 0xA3, 0xCB, 0x7A,
    0x7B, 0xED, 0x8D, 0xE1, 0x5F, 0x6F, 0xCB, 0x20, 0xBE, 0x73, 0xE7, 0x55, 0xAC, 0x94, 0x6C, 0x0D,
    0x09, 0x45, 0x76, 0x66, 0x17, 0x4C, 0xA0, 0x66, 0x0C, 0x35, 0xA5, 0x89, 0xA6, 0x9E, 0x2E, 0x18,
    0x43, 0x4F, 0x94, 0x4E, 0x6C, 0x28, 0x29, 0x84, 0x72, 0xB2, 0xF5, 0xD4, 0x2C, 0xAA, 0xAA, 0x13,
    0x89, 0xB3, 0x74, 0x66, 0x35, 0x28, 0x83, 0x4E, 0x56, 0x2E, 0xD6, 0x03, 0xA9, 0xE3, 0x41, 0xCD,
    0x6C, 0xA4, 0xE5, 0x26, 0xA3, 0x2C, 0xF4, 0x38, 0xE4, 0x47, 0x0F, 0xBE, 0xB4, 0xC1, 0x9F, 0x51,
    0xB7, 0xF2, 0x57, 0x82, 0x90, 0x54, 0x62, 0xEE, 0xC9, 0x79, 0x6F, 0xDA, 0xDA, 0x94, 0x9A, 0x52,
    0xF3, 0xC5, 0x3B, 0xBF, 0xA3, 0x62, 0xBF, 0x2C, 0x93, 0x79, 0x3D, 0x4F, 0x8C, 0x31, 0xFE, 0x8D,
    0xBF, 0xF4, 0x35, 0xF7, 0x5A, 0x43, 0x9B, 0xDB, 0x21, 0xD7, 0x73, 0x00, 0x4B, 0x77, 0xEE, 0xA8,
    0xDD, 0x15, 0xCA, 0xD9, 0x4B, 0xFD, 0xDD, 0xCF, 0x0F, 0x73, 0xAA, 0x67, 0xCE, 0xA3, 0x99, 0xB8,
    0x48, 0x50, 0x4D, 0x88, 0xB5, 0x03, 0x91, 0xB8, 0x11, 0x06, 0xCF, 0x58, 0xCF, 0xE6, 0x4E, 0x95,
    0xAD, 0x44, 0x8D, 0x3F, 0x89, 0xDE, 0x6B, 0x7B, 0xF7, 0xF6, 0x23, 0x6C, 0x2B, 0x87, 0xC7, 0xB5,
    0xAD, 0x1C, 0xAE, 0xB6, 0xAD, 0x44, 0x8A, 0xE9, 0x2A, 0x56, 0xEF, 0x3A, 0x89, 0x96, 0xAD, 0xAE,
    0x83, 0xFF, 0xF3, 0xDB, 0xBF, 0x06, 0xDB, 0xD6, 0x08, 0x4C, 0x57, 0x09, 0x1B, 0x45, 0x84, 0xB9,
    0x24, 0xCB, 0x29, 0xB6, 0x2B, 0x19, 0xB9, 0x04, 0x71, 0xA5, 0xC8, 0x98, 0xAD, 0x9B, 0xFD, 0xB0,
    0x1D, 0xDE, 0x65, 0x20, 0xC7, 0x03, 0xDB, 0xEA, 0x42, 0xDB, 0x02, 0x05, 0x2C, 0xB7, 0x9E, 0xA0,
    0x80, 0xE1, 0x2D, 0x48, 0x45, 0x3F, 0x17, 0x87, 0xB2, 0x28, 0x68, 0xEE, 0xED, 0x17, 0x01, 0x4D,
    0x24, 0x5B, 0x48, 0xCC, 0xF4, 0xAD, 0x26, 0x44, 0x4C, 0xAF, 0xE3, 0x39, 0xDA, 0x9E, 0x2B, 0xB5,
    0xA9, 0xB4, 0x0F, 0xC4, 0x68, 0xDE, 0xFF, 0x4F, 0xEE, 0xBD, 0x57, 0xDD, 0x41, 0xFC, 0xDA, 0xFE,
    0x82, 0xAB, 0x9A, 0xD6, 0xCF, 0x54, 0x54, 0x6D, 0x2F, 0xDB, 0x01, 0xA3, 0x09, 0xA7, 0xB6, 0x17,
    0xCD, 0x22, 0x62, 0x34, 0x9F, 0xBF, 0x02, 0xA3, 0x59, 0x3D, 0x14, 0xC2, 0x52, 0xFF, 0xA0, 0xC8,
    0x9A, 0x53, 0x9B, 0xDC, 0x05, 0x64, 0x4D, 0xDC, 0x04, 0x60, 0x99, 0x21, 0x2C, 0x31, 0x9E, 0x42,
    0xE9, 0xE1, 0xA9, 0x0F, 0xEA, 0x71, 0x7D, 0x50, 0x9B, 0x1F, 0x03, 0x0C, 0x45, 0x8D, 0xC9, 0xDA,
    0x8D, 0xB9, 0x01, 0xAF, 0x9B, 0xE7, 0x22, 0xB6, 0xAF, 0x8A, 0xF5, 0x5F, 0xE2, 0x5F, 0x73, 0xF7,
    0x6F, 0x98, 0x6D, 0xD3, 0x50, 0x86, 0x18, 0x8A, 0x19, 0x3B, 0xFD, 0xB5, 0xF3, 0xCB, 0xEE, 0xAB,
    0xE0, 0xEB, 0xBD, 0x1F, 0x40, 0xB3, 0x98, 0x15, 0x05, 0xE0, 0xA0, 0x0C, 0x68, 0xA1, 0x52, 0x84,
    0x58, 0xE9, 0x78, 0xE1, 0xA7, 0x80, 0x40, 0x2B, 0x36, 0x6D, 0x51, 0xB2, 0x2A, 0xDA, 0x52, 0xFC,
    0x3B, 0x29, 0x25, 0x95, 0xD6, 0xF1, 0x04, 0xE6, 0xDF, 0xE3, 0x65, 0x21, 0xF9, 0x55, 0xAC, 0x35,
    0x09, 0x64, 0xB9, 0x83, 0x57, 0x00, 0xFC, 0xD3, 0x73, 0x77, 0xDF, 0xFF, 0x0F, 0x46, 0x6D, 0xE5,
    0x88, 0x91, 0xDD, 0x24, 0x18, 0xE1, 0x5B, 0xA7, 0xCB, 0x1B, 0x3A, 0xC6, 0x97, 0x8C, 0xC0, 0xA2,
    0xCC, 0x38, 0x4C, 0xE8, 0x3C, 0x7F, 0xE7, 0xCE, 0x37, 0xC3, 0xDD, 0x75, 0x28, 0xED, 0x58, 0x56,
    0x90, 0xA8, 0xE4, 0x71, 0x04, 0xEF, 0xC0, 0x1A, 0x76, 0x5D, 0x99, 0xFE, 0x91, 0x06, 0x7C, 0xB0,
    0x56, 0xEA, 0x27, 0x18, 0xED, 0x64, 0x47, 0xC1, 0x60, 0xBC, 0x93, 0xBA, 0x78, 0xFC, 0x31, 0x4A,
    0xC3, 0xC1, 0xD2, 0x9D, 0x0E, 0x1A, 0x67, 0xC0, 0x53, 0x52, 0x4D, 0xAC, 0x8C, 0x42, 0x56, 0x94,
    0xC5, 0x18, 0x5C, 0xB1, 0xA6, 0x7F, 0x07, 0x67, 0xD4, 0x4A, 0x76, 0x01, 0x63, 0xE4, 0x3F, 0xF0,
    0x6D, 0x7D, 0xEC, 0xDE, 0xFD, 0xB2, 0x7E, 0x73, 0x3E, 0xDB, 0x11, 0xAC, 0x47, 0x3B, 0xA4, 0x02,
    0x02, 0x55, 0xA3, 0x70, 0x1B, 0xF1, 0x0B, 0xE5, 0xB4, 0x90, 0xB9, 0x95, 0x93, 0xB2, 0xC3, 0x9D,
    0x70, 0x7C, 0x01, 0x98, 0xC8, 0xA3, 0xFA, 0xCC, 0xAE, 0xA1, 0x9E, 0xF2, 0xA3, 0x90, 0x54, 0x41,
    0xA0, 0xE9, 0x53, 0xF7, 0xE7, 0xC3, 0xDC, 0x9F, 0x9E, 0x54, 0xCD, 0xFD, 0xD9, 0x05, 0x7B, 0x78,
    0x17, 0xEC, 0xE1, 0xC7, 0xB0, 0xC5, 0x6D, 0x74, 0x81, 0x45, 0xC0, 0x66, 0x6F, 0xBD, 0x00, 0xDE,
    0x08, 0xE8, 0x8E, 0x7D, 0xF0, 0x94, 0xA6, 0xC1, 0xFA, 0x92, 0xAE, 0xE0, 0x9E, 0x60, 0x03, 0x10,
    0x7B, 0xB8, 0xDF, 0xB3, 0x39, 0x55, 0x5E, 0x3A, 0x65, 0xCA, 0x4B, 0x27, 0xEC, 0xA4, 0x80, 0xD8,
    0xA9, 0x07, 0xC0, 0x53, 0x68, 0xBE, 0x43, 0xAC, 0x97, 0x2C, 0x06, 0x96, 0xCB, 0x11, 0xAC, 0xCB,
    0xA5, 0xA4, 0xCC, 0xAA, 0xAB, 0x96, 0x00, 0xC0, 0x34, 0x9E, 0x00, 0x98, 0xD4, 0x71, 0x90, 0xC0,
    0xFE, 0xDE, 0xD3, 0xA7, 0x6A, 0xA6, 0xD2, 0xEF, 0x34, 0xAA, 0xD1, 0xE9, 0xDC, 0x03, 0x6A, 0x2A,
    0xB7, 0x8E, 0x3F, 0xB2, 0x77, 0x6D, 0x09, 0x36, 0x00, 0xAC, 0xEA, 0xF4, 0x7E, 0x5A, 0x3B, 0x75,
    0x30, 0x53, 0xD9, 0xD2, 0xD8, 0x5D, 0x15, 0x2E, 0xAB, 0xDC, 0x99, 0x2E, 0xAE, 0x47, 0x2F, 0x31,
    0x31, 0x3E, 0x59, 0xC1, 0x7A, 0xEE, 0xB3, 0x9E, 0x84, 0x4B, 0x73, 0x6C, 0xF9, 0x45, 0x1A, 0x80,
    0x9E, 0xF0, 0x94, 0xBC, 0xF8, 0x5F, 0xFA, 0x46, 0x5D, 0x9F, 0x83, 0xFF, 0x03, 0xB4, 0x3E, 0x12,
    0x42, 0xA3, 0xC0, 0x71, 0x62, 0xAA, 0x27, 0xE5, 0x40, 0x39, 0x75, 0xBA, 0x54, 0xA3, 0x52, 0xE4,
    0x22, 0x51, 0xEA, 0x85, 0xD3, 0x6D, 0x50, 0x02, 0x2E, 0xE9, 0xDE, 0xE5, 0x2C, 0x4B, 0x6A, 0xE2,
    0x74, 0xEB, 0xC0, 0x62, 0xDF, 0xE9, 0x2F, 0xCD, 0x84, 0xDB, 0x8A, 0x26, 0x5C, 0xC7, 0x67, 0xD0,
    0x97, 0xAA, 0xCF, 0xE0, 0x25, 0xAD, 0xCF, 0x68, 0x26, 0xE5, 0xEF, 0x30, 0xE2, 0x4C, 0x4A, 0xF6,
    0x3A, 0xA2, 0x28, 0xC0, 0xF5, 0x54, 0xBA, 0xEA, 0x38, 0xA2, 0x5E, 0xA9, 0xBE, 0x34, 0x87, 0xF3,
    0x9E, 0xB0, 0x4A, 0xD2, 0xB9, 0x3E, 0x43, 0xA3, 0x21, 0x6C, 0xD6, 0x47, 0x9D, 0xB5, 0x9B, 0x74,
    0xA2, 0x57, 0xCF, 0x9A, 0x72, 0x1E, 0x9E, 0x81, 0xC3, 0x6A, 0xE7, 0xC2, 0x29, 0x6B, 0x71, 0x01,
    0x08, 0x50, 0x6E, 0x7F, 0xA9, 0x43, 0x7F, 0x7E, 0xD0, 0xFE, 0x34, 0x8F, 0xDC, 0x9F, 0x76, 0xBB,
    0x3F, 0x87, 0xC7, 0xDE, 0x9F, 0xFE, 0xD1, 0xFB, 0x33, 0x3F, 0x6A, 0x7F, 0x96, 0xEF, 0x7B, 0x7F,
    0xFA, 0x2B, 0xF6, 0x67, 0xB8, 0x72, 0x7F, 0xE6, 0xC7, 0xDD, 0x9F, 0x47, 0xCD, 0xBA, 0xDC, 0xCC,
    0x7A, 0xDD, 0x1F, 0x57, 0x6D, 0xF7, 0xA7, 0xDD, 0xEE, 0x4F, 0xBB, 0xD9, 0x1F, 0xB7, 0x41, 0x64,
    0xA6, 0x6E, 0x23, 0x88, 0x64, 0x27, 0xBF, 0x6C, 0x23, 0xB1, 0xB2, 0x69, 0xFB, 0xCB, 0xD6, 0x78,
    0x9C, 0x6F, 0xE1, 0x49, 0xF9, 0xD6, 0x84, 0x9D, 0x6F, 0x91, 0xF0, 0x79, 0xBB, 0xF9, 0xE5, 0x5A,
    0xA5, 0xEC, 0xA3, 0x5F, 0x81, 0x12, 0xA5, 0x5A, 0x16, 0x4A, 0xB5, 0xC8, 0xD5, 0xF7, 0x5F, 0xA4,
    0x89, 0xEE, 0xA8, 0x7A, 0x63, 0xAB, 0xBA, 0x62, 0xCB, 0xAD, 0x16, 0x49, 0x19, 0x51, 0x1B, 0xEA,
    0xFB, 0x79, 0xFE, 0x32, 0xB8, 0xDB, 0x24, 0xE2, 0xE5, 0x1B, 0x95, 0x0A, 0x4A, 0xB3, 0x99, 0x04,
    0x8F, 0xCA, 0xD2, 0x20, 0x9F, 0xDC, 0xBB, 0x05, 0x63, 0x97, 0x5F, 0x5C, 0x5A, 0x02, 0x7A, 0xDC,
    0xA7, 0xA4, 0x9D, 0x4A, 0xCF, 0x5F, 0x05, 0x8A, 0xC9, 0x71, 0x6B, 0x1C, 0x03, 0x7A, 0xC1, 0x10,
    0xC0, 0xA5, 0x5E, 0x71, 0xAA, 0xC8, 0x5E, 0x0F, 0x2A, 0x74, 0xA7, 0x1A, 0x81, 0x6E, 0xCC, 0xB8,
    0xCE, 0xEF, 0x42, 0x54, 0x00, 0xF8, 0x3B, 0x4D, 0x3F, 0x18, 0xE1, 0x64, 0x58, 0x7B, 0xF3, 0x82,
    0x6A, 0x04, 0xCB, 0x6D, 0xBB, 0x4B, 0x77, 0x2A, 0xE1, 0x54, 0x41, 0x98, 0x27, 0xD5, 0xAF, 0xDA,
    0xF8, 0xC5, 0x7E, 0x17, 0xD6, 0x84, 0xA4, 0x46, 0x8E, 0xA4, 0xFA, 0xF9, 0xB4, 0x0A, 0xF9, 0xCD,
    0xA6, 0x4F, 0xA4, 0x47, 0x6E, 0xA8, 0x86, 0x31, 0xDC, 0xDA, 0x3A, 0x27, 0xB3, 0x04, 0x75, 0xA6,
    0xAB, 0x7F, 0xF7, 0x96, 0x22, 0x90, 0xE5, 0x81, 0x72, 0x8F, 0xD4, 0x8B, 0x3E, 0xDC, 0xCF, 0x20,
    0xE8, 0xE9, 0xBE, 0xA3, 0xF7, 0x36, 0xCE, 0x81, 0x9B, 0xD6, 0x33, 0xA1, 0xD3, 0x3A, 0xC0, 0x2C,
    0x3D, 0x06, 0x3E, 0x1D, 0xA6, 0xE8, 0xFF, 0x18, 0xA6, 0xE5, 0x3B, 0x41, 0x7F, 0x2F, 0x5C, 0x07,
    0xBE, 0x71, 0x66, 0xC1, 0x70, 0x8B, 0xAE, 0xF9, 0xAA, 0xC5, 0x3B, 0x79, 0x8B, 0x1D, 0x85, 0x7B,
    0x51, 0x7A, 0x7A, 0x12, 0x36, 0x7B, 0x61, 0xFB, 0x10, 0xE2, 0x1D, 0x74, 0xFD, 0xAF, 0x52, 0x9B,
    0x1F, 0x10, 0x39, 0xB7, 0x9C, 0x62, 0x3B, 0x3F, 0x6E, 0x08, 0x9A, 0xF8, 0xA5, 0x6F, 0xAA, 0x34,
    0xAE, 0x9C, 0xCC, 0xA9, 0xC3, 0xC1, 0x80, 0x44, 0x3C, 0xB4, 0x39, 0xAD, 0x4F, 0xC2, 0x04, 0x20,
    0xF2, 0x8A, 0x57, 0x18, 0xF8, 0xB1, 0x23, 0x35, 0xFB, 0xA2, 0xA5, 0x94, 0x9A, 0x56, 0x5B, 0x95,
    0xFD, 0x70, 0xD2, 0x16, 0xDB, 0x36, 0x55, 0xAB, 0x41, 0xB6, 0x6D, 0x8D, 0x5B, 0x54, 0xA2, 0x65,
    0xDF, 0x30, 0x95, 0xBE, 0x31, 0x57, 0x85, 0x85, 0x47, 0x4C, 0x00, 0x4D, 0xCB, 0x38, 0x76, 0x00,
    0x61, 0x0F, 0xC0, 0x1D, 0x88, 0xBB, 0x86, 0x22, 0x72, 0x4B, 0xAE, 0x09, 0x98, 0xFA, 0x3D, 0x2C,
    0x6F, 0xA1, 0xF3, 0xB7, 0x69, 0xED, 0xF4, 0xF2, 0x12, 0xA3, 0x0E, 0xDD, 0xF1, 0xE7, 0x27, 0xFA,
    0x1A, 0x17, 0x05, 0xB1, 0x04, 0x26, 0xA2, 0x80, 0xB8, 0x62, 0x55, 0xC1, 0x20, 0x44, 0x67, 0x2B,
    0x92, 0x60, 0x0E, 0x5C, 0x8D, 0xD0, 0x1A, 0xF7, 0xBF, 0x1B, 0x15, 0x4D, 0x0F, 0x09, 0xAC, 0xB9,
    0xB4, 0x51, 0x55, 0x19, 0xEE, 0x48, 0x9A, 0xEB, 0x18, 0x62, 0x8C, 0xAF, 0x2B, 0x1C, 0x17, 0x0D,
    0xBF, 0x94, 0x8E, 0x33, 0xC6, 0x8B, 0x27, 0x2F, 0x65, 0x08, 0xA0, 0xB1, 0x58, 0xE3, 0xDA, 0x40,
    0x68, 0x64, 0x0C, 0x2A, 0x17, 0x52, 0x7A, 0xAF, 0xCD, 0x72, 0xD1, 0x5F, 0xF5, 0x4B, 0xBC, 0xE2,
    0x60, 0xB6, 0xBF, 0x2C, 0x60, 0x85, 0xD4, 0x88, 0x49, 0x8B, 0x9D, 0xFE, 0x02, 0x29, 0xF2, 0x98,
    0x9A, 0xA4, 0x28, 0x54, 0x99, 0x9A, 0xFC, 0x28, 0x24, 0xB9, 0x27, 0x08, 0x9E, 0xA6, 0xE0, 0x84,
    0x0B, 0x7C, 0xD4, 0x59, 0xEB, 0x4E, 0xC8, 0xAC, 0x77, 0xF2, 0xAD, 0x20, 0x2B, 0x5C, 0x9F, 0x62,
    0x21, 0x98, 0xF5, 0x08, 0x79, 0x25, 0x10, 0x1B, 0x73, 0x26, 0x0A, 0x63, 0xA9, 0x87, 0x43, 0x44,
    0x61, 0x73, 0x4E, 0x93, 0x5D, 0xEE, 0x56, 0x1B, 0xEE, 0xB8, 0x81, 0xCC, 0x46, 0xAB, 0xBB, 0x1A,
    0x86, 0x3A, 0x35, 0xD9, 0x5C, 0x37, 0xDB, 0x4D, 0xA3, 0xAC, 0x38, 0x59, 0x6D, 0x9C, 0xF7, 0x62,
    0x8D, 0x58, 0x6B, 0x79, 0x8F, 0x97, 0x26, 0x63, 0x31, 0xC0, 0xCB, 0x64, 0x86, 0xDE, 0x62, 0x03,
    0x3A, 0x13, 0x1C, 0x8E, 0xAB, 0x04, 0x81, 0x35, 0xE3, 0x65, 0x55, 0x0B, 0x19, 0x30, 0xA0, 0xEA,
    0xDE, 0x97, 0x30, 0x2A, 0x23, 0xE4, 0x00, 0x30, 0xD9, 0xD8, 0xD0, 0x1A, 0x83, 0xFD, 0x7B, 0xAD,
    0x6C, 0x26, 0x85, 0xB5, 0xB5, 0x41, 0x7F, 0x94, 0x1B, 0x2F, 0xE6, 0x17, 0x9B, 0x14, 0x01, 0xD4,
    0x0C, 0x91, 0x06, 0x7A, 0x75, 0x18, 0xE9, 0xA7, 0x6E, 0xA9, 0x3F, 0x4D, 0xCC, 0x10, 0x6A, 0x51,
    0x94, 0xD3, 0xE9, 0xD9, 0x60, 0xED, 0x86, 0x9D, 0xF2, 0xC0, 0x23, 0x99, 0x61, 0xB1, 0x90, 0x56,
    0xB7, 0xF6, 0x88, 0xF8, 0x15, 0xC4, 0x6A, 0x17, 0xEE, 0x05, 0x2A, 0xD1, 0xDF, 0x76, 0x3C, 0x8E,
    0x0A, 0x07, 0x15, 0xBB, 0xD8, 0x82, 0xED, 0x96, 0x28, 0x99, 0x11, 0x6B, 0xD0, 0x0C, 0x98, 0xB8,
    0x89, 0x46, 0xD2, 0xC0, 0x3E, 0x51, 0x2C, 0x94, 0xAF, 0x66, 0x68, 0x49, 0x25, 0xC5, 0x4D, 0x01,
    0xCD, 0x51, 0xD2, 0x29, 0xD9, 0xD4, 0x14, 0xC0, 0xA1, 0x9C, 0x4E, 0xC9, 0xE2, 0x76, 0x6D, 0x33,
    0x65, 0x7F, 0xE3, 0xBE, 0xD6, 0xD5, 0xAE, 0xF9, 0x33, 0x6A, 0xA8, 0x2F, 0xC3, 0x74, 0x26, 0x1C,
    0x5C, 0xE2, 0x1B, 0x76, 0xBA, 0xE2, 0xB2, 0xE8, 0x37, 0xA3, 0xE8, 0x59, 0x1B, 0x39, 0xE7, 0x70,
    0x46, 0xDC, 0x16, 0x91, 0x49, 0x8C, 0xCF, 0xBD, 0xEE, 0x54, 0x89, 0x91, 0x4F, 0x28, 0xBB, 0x2F,
    0x69, 0x83, 0x70, 0xEE, 0x77, 0xB8, 0x78, 0x1B, 0x21, 0xC8, 0x7C, 0xA4, 0x94, 0x68, 0xEA, 0x4E,
    0xDD, 0x72, 0xB7, 0xDE, 0x92, 0xEF, 0xF8, 0x2A, 0xF9, 0x70, 0x41, 0x63, 0x03, 0x24, 0x59, 0xFF,
    0x8D, 0x77, 0x31, 0xE9, 0x31, 0x81, 0xFB, 0xF8, 0x18, 0xC1, 0x41, 0x79, 0x88, 0x1C, 0x9D, 0x7F,
    0x7E, 0x95, 0xE4, 0x1E, 0x68, 0x18, 0x60, 0x25, 0xE1, 0x4A, 0xD3, 0xDA, 0xC0, 0xC9, 0x24, 0x8B,
    0xA5, 0xC2, 0x68, 0x4D, 0x22, 0xAA, 0x27, 0x5C, 0x78, 0xE5, 0xAC, 0x7E, 0xCF, 0x4F, 0x53, 0xA4,
    0x50, 0x08, 0x14, 0xB8, 0x54, 0xA2, 0xE4, 0xA2, 0x71, 0x1E, 0x01, 0x8D, 0xF2, 0xC5, 0x2A, 0x60,
    0x5E, 0xB1, 0xB7, 0xA9, 0x6E, 0xF5, 0x17, 0x68, 0x41, 0x13, 0x3A, 0x11, 0x78, 0x1F, 0x22, 0x69,
    0xDB, 0x54, 0xB6, 0xE8, 0x90, 0x4D, 0xB0, 0x03, 0x4D, 0x31, 0x46, 0xEC, 0xD4, 0x19, 0xE8, 0x28,
    0x2B, 0x1E, 0xEA, 0xFB, 0x62, 0x8D, 0x04, 0xAC, 0x6C, 0xFB, 0x7A, 0x68, 0xC4, 0x8E, 0x57, 0xD5,
    0xC0, 0xB6, 0x89, 0x1B, 0x79, 0xD2, 0xCF, 0xE6, 0x86, 0x3A, 0x5D, 0xC2, 0xE8, 0xAE, 0x71, 0x70,
    0xD7, 0xE8, 0xD5, 0x3E, 0xD2, 0x48, 0xEC, 0xD4, 0x2F, 0xE3, 0xF7, 0xD5, 0x0B, 0xFE, 0x89, 0x04,
    0x8D, 0xC7, 0x47, 0x9A, 0x67, 0xCA, 0x59, 0x39, 0x39, 0xBC, 0xBB, 0x0D, 0xEC, 0x37, 0x0B, 0xDD,
    0x94, 0x3B, 0x86, 0x06, 0x0F, 0xE6, 0xC3, 0xF4, 0x7F, 0xFE, 0x2F, 0x9E, 0xB4, 0x76, 0xA3, 0x20,
    0x7E, 0xBC, 0x9E, 0xF1, 0xE9, 0x66, 0x40, 0x9C, 0xBA, 0x8C, 0x42, 0x30, 0x52, 0x12, 0x9F, 0x29,
    0xFB, 0xCE, 0x21, 0x5C, 0x5F, 0x2A, 0x8D, 0xF0, 0x8A, 0xF2, 0x70, 0xF7, 0x79, 0x32, 0x7C, 0xBB,
    0xF6, 0xEF, 0xF9, 0x75, 0x18, 0xFE, 0x7E, 0x2E, 0xF8, 0xBE, 0xC6, 0xF5, 0x95, 0xC7, 0xAF, 0x0E,
    0xAF, 0x9F, 0x98, 0xB1, 0x7B, 0x0E, 0x3A, 0x94, 0x23, 0x5E, 0x08, 0x26, 0xF9, 0x17, 0xC5, 0x93,
    0x3F, 0x80, 0xE5, 0xCA, 0x2E, 0x8A, 0x93, 0xB0, 0x1E, 0x33, 0x50, 0x41, 0x21, 0xD1, 0x4A, 0xF0,
    0x55, 0x3A, 0xB8, 0x29, 0x35, 0x60, 0xB4, 0xC3, 0xCE, 0xB7, 0x38, 0x4B, 0xF2, 0x9A, 0xC2, 0xF8,
    0x96, 0xE1, 0xC8, 0x17, 0x33, 0xEC, 0x6C, 0xB2, 0x2B, 0x9F, 0x51, 0xD8, 0x58, 0xAB, 0x96, 0xB0,
    0xC4, 0xA2, 0x97, 0x85, 0xBF, 0x5C, 0xD3, 0xF3, 0xFB, 0x15, 0x8D, 0x18, 0x89, 0x75, 0x60, 0xFE,
    0xE4, 0x2F, 0x9E, 0x1B, 0x35, 0xBD, 0x5F, 0x5A, 0x2F, 0x31, 0x2F, 0xE2, 0xE2, 0x9C, 0xFD, 0x9E,
    0xE7, 0x93, 0xB8, 0xA8, 0x07, 0xD9, 0xF1, 0xAE, 0x1C, 0x53, 0x77, 0x28, 0x87, 0x1A, 0xE6, 0x59,
    0xC4, 0xD2, 0x89, 0xF9, 0x68, 0xD0, 0x00, 0x68, 0x39, 0x47, 0xBD, 0x1C, 0x70, 0x19, 0x6C, 0xED,
    0x97, 0xF6, 0x55, 0x3F, 0x78, 0x75, 0x47, 0x2E, 0x04, 0x4C, 0xC4, 0xBC, 0x92, 0x31, 0x84, 0x9F,
    0xAE, 0x84, 0x97, 0xC4, 0x5F, 0xA6, 0x60, 0x9A, 0xF7, 0x2A, 0x96, 0xCC, 0x8C, 0x1E, 0x84, 0xC8,
    0x15, 0xD5, 0xC2, 0x7D, 0x80, 0x55, 0xAE, 0x44, 0x9A, 0x07, 0xB2, 0xC1, 0x1D, 0xC4, 0x3B, 0xDB,
    0x54, 0xC9, 0xEC, 0xA9, 0xDF, 0x93, 0x56, 0x77, 0x16, 0xC5, 0xFD, 0xCE, 0xBD, 0xEE, 0x2A, 0xCC,
    0xCF, 0x8B, 0x7B, 0x7F, 0xE4, 0xD4, 0x98, 0x12, 0xBB, 0xAF, 0x39, 0x0B, 0x81, 0x72, 0xCD, 0x52,
    0x84, 0xD4, 0x1C, 0x33, 0x11, 0x8A, 0xE8, 0xAA, 0xED, 0x6C, 0xE7, 0xDE, 0x75, 0xC1, 0xA2, 0xFD,
    0xA6, 0x0B, 0x46, 0xED, 0xDC, 0x91, 0x3F, 0x44, 0xE9, 0x94, 0x2F, 0x8A, 0x84, 0xC8, 0x87, 0x62,
    0xAA, 0x65, 0xFB, 0xC5, 0x79, 0x5B, 0xF6, 0xF5, 0x10, 0x0F, 0xD1, 0x3F, 0xF0, 0xAB, 0x56, 0x76,
    0xF5, 0x74, 0xDD, 0xEF, 0xC0, 0xBB, 0x9E, 0xD6, 0x85, 0x19, 0xC9, 0x12, 0xF9, 0x3D, 0x69, 0x4B,
    0x06, 0xBF, 0x09, 0x6C, 0x0E, 0x90, 0x1A, 0xA1, 0x52, 0xE1, 0xF7, 0x33, 0x88, 0x32, 0x66, 0xDC,
    0x23, 0x38, 0xEB, 0x0D, 0x83, 0x21, 0xC4, 0xDF, 0xE0, 0x81, 0xED, 0x23, 0x6E, 0x8E, 0xDA, 0xCB,
    0x1B, 0x27, 0xBB, 0xE8, 0x6E, 0x8B, 0x8D, 0x72, 0x86, 0x1D, 0xE9, 0x5F, 0xAB, 0x35, 0x89, 0x53,
    0xCE, 0x78, 0xCE, 0x47, 0xF5, 0xA8, 0xE3, 0x92, 0x8C, 0x68, 0xE0, 0x8C, 0xA2, 0x3B, 0x8A, 0x9E,
    0x59, 0x4C, 0x73, 0x93, 0xF5, 0x8E, 0xD2, 0x56, 0x0E, 0x52, 0xD1, 0x81, 0x83, 0xC0, 0x46, 0x5B,
    0xFA, 0xA5, 0x20, 0xB6, 0x0B, 0x14, 0xB4, 0xA8, 0x23, 0xDE, 0x0E, 0x86, 0xE8, 0x62, 0x71, 0x75,
    0x06, 0x58, 0xF0, 0xA1, 0xC4, 0x0D, 0x5B, 0x35, 0x40, 0x1B, 0x46, 0xDA, 0xC0, 0x0C, 0x4C, 0x2C,
    0x3A, 0x82, 0x35, 0x01, 0xAB, 0x13, 0x06, 0x66, 0x7C, 0x6C, 0x04, 0x1F, 0xC3, 0x11, 0x3D, 0x46,
    0x10, 0x65, 0x5A, 0xA6, 0x7E, 0x38, 0x30, 0xBB, 0x43, 0x95, 0x22, 0x84, 0x1D, 0x52, 0x00, 0xEC,
    0xCF, 0x18, 0xA3, 0x78, 0xC5, 0x8A, 0x79, 0xB7, 0xB8, 0xB6, 0x2F, 0xE7, 0xF4, 0x9E, 0xFB, 0x0B,
    0x4F, 0x63, 0xCD, 0x77, 0x1D, 0xA8, 0xEC, 0x35, 0x1A, 0x2B, 0x23, 0x90, 0x1B, 0xA2, 0x1B, 0xE5,
    0x2B, 0x6A, 0x42, 0x46, 0xAF, 0x9D, 0x66, 0x6C, 0xF8, 0x59, 0x39, 0xDD, 0x87, 0xE8, 0x17, 0x19,
    0x4F, 0xF0, 0x07, 0x0C, 0x4D, 0x85, 0xDB, 0xFF, 0x08, 0xEB, 0x5A, 0x13, 0x70, 0xF8, 0xED, 0x1A,
    0x13, 0x10, 0x7F, 0xEB, 0x72, 0x1C, 0xDC, 0xC7, 0x73, 0x25, 0xE4, 0xF8, 0x7D, 0xD9, 0x0B, 0x4A,
    0x72, 0xEC, 0x01, 0xEC, 0xA8, 0xC5, 0x22, 0x2E, 0xA8, 0x22, 0x69, 0x00, 0xC2, 0x28, 0x3D, 0x1F,
    0xFA, 0x96, 0xDC, 0x6B, 0xE5, 0xF8, 0x8C, 0xD0, 0x38, 0x70, 0x3F, 0xF5, 0x77, 0xA9, 0x3E, 0xFF,
    0x15, 0x4D, 0x1D, 0x7F, 0x41, 0x4C, 0xD5, 0xB7, 0x07, 0x9E, 0x23, 0x5A, 0x39, 0xDC, 0x14, 0x85,
    0xEB, 0x26, 0xF1, 0x07, 0x11, 0x47, 0xE8, 0x0D, 0x42, 0xEA, 0x5F, 0xA6, 0x14, 0xF7, 0x19, 0x77,
    0xFC, 0x07, 0x32, 0x15, 0xD7, 0x37, 0x5C, 0x28, 0x38, 0x14, 0x6A, 0x30, 0x20, 0xE8, 0x06, 0xE5,
    0x42, 0x11, 0x7C, 0x8C, 0xF6, 0x2A, 0x9E, 0xDD, 0x30, 0x15, 0xE3, 0xA6, 0x49, 0x3F, 0x6A, 0x50,
    0x57, 0xAF, 0xBF, 0x21, 0x14, 0xD8, 0x36, 0x1D, 0x21, 0xA0, 0x7E, 0x2F, 0x7A, 0x83, 0xA5, 0x12,
    0xAB, 0x0A, 0x22, 0xDE, 0x4F, 0x31, 0xED, 0x26, 0x23, 0x0D, 0xB2, 0xD9, 0xC0, 0xB6, 0xE8, 0xF7,
    0xB4, 0x08, 0x75, 0x8C, 0xEB, 0xA8, 0x8F, 0x34, 0x6E, 0x78, 0xC6, 0x43, 0x43, 0xCF, 0xA1, 0xA0,
    0x99, 0x0A, 0x3B, 0xF9, 0x4C, 0x22, 0xF8, 0x90, 0x9F, 0x8A, 0xFE, 0x49, 0xE6, 0x4F, 0xCD, 0x54,
    0xEA, 0x3A, 0x3A, 0x38, 0x70, 0xC0, 0xB9, 0x60, 0x00, 0xA6, 0xE4, 0x22, 0xA2, 0x45, 0x31, 0x2B,
    0x82, 0xED, 0x86, 0xB9, 0x74, 0x70, 0x0B, 0x9F, 0x57, 0x8A, 0x2E, 0xDD, 0x2B, 0x06, 0xB4, 0x63,
    0x56, 0x85, 0x9C, 0x70, 0x17, 0xBF, 0xB6, 0xCF, 0x0B, 0xDF, 0x68, 0x54, 0x7F, 0xF5, 0x43, 0x07,
    0x7A, 0xBA, 0xFC, 0xF6, 0x94, 0xCC, 0xD8, 0x94, 0xF2, 0xCD, 0x69, 0x4F, 0x7F, 0x55, 0xF9, 0xE6,
    0x9C, 0xF5, 0x94, 0x25, 0x7F, 0x6B, 0xCE, 0xFF, 0x92, 0xE6, 0xF3, 0xAF, 0x2E, 0xE5, 0xEB, 0x54,
    0xC5, 0x3F, 0xBB, 0xD4, 0x2F, 0x53, 0x11, 0x4F, 0x96, 0x26, 0xA1, 0x1A, 0x9E, 0xC8, 0x85, 0x2A,
    0x3D, 0xDF, 0x4C, 0x70, 0x8C, 0x25, 0x73, 0xE2, 0x46, 0x38, 0xAE, 0x12, 0xD1, 0x04, 0xD0, 0xDB,
    0xFB, 0x5E, 0x0F, 0xDB, 0x4E, 0xEA, 0x97, 0xEC, 0x98, 0xCD, 0x59, 0xF4, 0x8F, 0xB1, 0x68, 0xD9,
    0x5C, 0x56, 0xA5, 0x28, 0xD4, 0xA2, 0xC1, 0xF8, 0x59, 0x1E, 0x77, 0x0E, 0x68, 0x9D, 0x5A, 0x68,
    0x18, 0xE1, 0xA5, 0x5E, 0x59, 0xD8, 0xCD, 0xD8, 0xCD, 0x62, 0x14, 0x2B, 0xB5, 0x7C, 0xDF, 0xB5,
    0x2A, 0xB8, 0xB5, 0x78, 0x11, 0x9C, 0x41, 0x3E, 0x6E, 0x4B, 0xE0, 0xB2, 0xDA, 0x1A, 0x6A, 0x8E,
    0x36, 0x07, 0x82, 0x73, 0x2B, 0x36, 0x38, 0x4D, 0x72, 0xA8, 0xFC, 0xFE, 0xCA, 0xA1, 0x92, 0xD3,
    0x24, 0x57, 0xE4, 0x7B, 0xE7, 0x7A, 0xC3, 0x02, 0xCF, 0xB5, 0x06, 0xB6, 0xC8, 0x35, 0x79, 0xFF,
    0x0E, 0x4C, 0xD4, 0x10, 0x39, 0x25, 0x53, 0x8C, 0x6F, 0xFC, 0xD7, 0xEE, 0x00, 0x31, 0xF2, 0x42,
    0xEF, 0xF1, 0x57, 0xD0, 0xFC, 0xE9, 0x90, 0x0B, 0x13, 0x76, 0xDA, 0xF4, 0x10, 0x47, 0x21, 0x5B,
    0x8B, 0x20, 0x59, 0x8E, 0x01, 0x26, 0x46, 0xE6, 0xFC, 0x15, 0x3A, 0x30, 0x35, 0x34, 0xA7, 0x52,
    0x31, 0xAB, 0x84, 0xE2, 0x26, 0x9E, 0x7F, 0x7F, 0x1D, 0x79, 0x2D, 0x1C, 0x74, 0x25, 0xF8, 0xE4,
    0x03, 0x30, 0x86, 0x22, 0x1F, 0xE0, 0x5E, 0x1F, 0x31, 0xE8, 0x11, 0x8C, 0x60, 0x20, 0x1F, 0x80,
    0x60, 0x27, 0xAF, 0xBB, 0x70, 0xC7, 0xCB, 0xE9, 0x3C, 0x34, 0x98, 0x6F, 0x0D, 0xE8, 0xB2, 0xDC,
    0xEB, 0x14, 0x1E, 0x7A, 0x75, 0xA6, 0x26, 0x96, 0x5B, 0xA7, 0x0B, 0x42, 0x9D, 0x5F, 0xD1, 0xB3,
    0xDB, 0x58, 0x51, 0xC8, 0x58, 0x38, 0xCD, 0x9E, 0x0C, 0x0B, 0x36, 0x70, 0x23, 0x95, 0xB3, 0x97,
    0x41, 0x45, 0xA3, 0x9D, 0xB0, 0xA2, 0xC0, 0x4C, 0xCB, 0x96, 0x11, 0xC4, 0x85, 0x85, 0x55, 0xC0,
    0x13, 0xFD, 0x79, 0x22, 0xE9, 0xD5, 0x23, 0x24, 0x9D, 0x66, 0xA0, 0x5D, 0xA6, 0xA7, 0x6B, 0x55,
    0x57, 0x14, 0xE9, 0x78, 0x76, 0xE0, 0x4F, 0x9E, 0x69, 0xB5, 0xB7, 0xB1, 0xA2, 0x6F, 0xF4, 0x80,
    0x2B, 0x38, 0x6B, 0xA8, 0x3F, 0xB4, 0xEB, 0x8A, 0xEE, 0xB6, 0x2B, 0xEA, 0xA9, 0xE1, 0x4C, 0x0E,
    0x46, 0x03, 0x4F, 0xA1, 0x10, 0x11, 0xD9, 0x90, 0x5B, 0x72, 0x6A, 0xDF, 0x0B, 0xDD, 0x4B, 0xF9,
    0xE2, 0x1A, 0x06, 0x22, 0x4C, 0x19, 0xC3, 0x4C, 0x7A, 0x0D, 0xBB, 0x21, 0x5A, 0xB0, 0x14, 0x95,
    0x90, 0xC8, 0x20, 0xFC, 0xBD, 0x26, 0x11, 0x11, 0x12, 0x51, 0xA9, 0x35, 0x14, 0xDE, 0x5F, 0xDA,
    0x00, 0xE5, 0x90, 0x41, 0x7E, 0x3C, 0x62, 0xC2, 0x32, 0x89, 0x06, 0x6A, 0x1E, 0x08, 0x45, 0x5A,
    0xE8, 0x6B, 0x7B, 0x37, 0xAC, 0xB6, 0x06, 0x55, 0xCD, 0x26, 0x6D, 0x3B, 0x70, 0x20, 0xA2, 0x04,
    0x8A, 0x85, 0x47, 0xDB, 0x6C, 0x38, 0x16, 0xE9, 0x66, 0x6D, 0xB0, 0xE9, 0x18, 0x2A, 0x72, 0xAE,
    0xAE, 0x62, 0x60, 0xD6, 0x3E, 0x77, 0x1E, 0x8C, 0x09, 0x94, 0xD6, 0x80, 0xD9, 0x9F, 0x98, 0xFD,
    0xA5, 0xA0, 0xD3, 0xED, 0xAE, 0x57, 0x87, 0x86, 0xDD, 0x20, 0xFB, 0xF1, 0x73, 0x7B, 0xDA, 0x3F,
    0xA2, 0x68, 0x95, 0x8C, 0x35, 0x2E, 0x2C, 0xBC, 0x34, 0x27, 0x2F, 0xAD, 0x5F, 0xEF, 0xD4, 0x2B,
    0x4F, 0x9E, 0x51, 0x82, 0x78, 0x57, 0x69, 0x2D, 0x55, 0x69, 0xED, 0xA0, 0x87, 0x54, 0xE8, 0xAA,
    0x22, 0x69, 0x8D, 0x22, 0xE8, 0x91, 0xBA, 0x52, 0x81, 0x94, 0x2C, 0x24, 0x30, 0x71, 0x35, 0x91,
    0xC6, 0x24, 0xD0, 0xCC, 0x3F, 0xF8, 0xBE, 0x6B, 0x66, 0xD7, 0x60, 0x17, 0x47, 0xFC, 0xB3, 0x50,
    0x99, 0xBF, 0x99, 0x80, 0xFA, 0xAC, 0x01, 0x50, 0x2A, 0x48, 0x72, 0xA5, 0xAB, 0x70, 0x24, 0x66,
    0xE0, 0xCC, 0x49, 0x78, 0xA2, 0xED, 0xF1, 0xD8, 0xC9, 0x03, 0x19, 0xB1, 0xC2, 0xFF, 0x27, 0x54,
    0x5F, 0xED, 0xAE, 0x3C, 0xC6, 0xF0, 0x10, 0xB4, 0xFC, 0x45, 0xB6, 0x3B, 0xC1, 0x2F, 0xB2, 0xE1,
    0xB8, 0x45, 0x5B, 0xF1, 0x60, 0xA7, 0xF2, 0xCB, 0x1F, 0x09, 0x31, 0xE2, 0xCF, 0x18, 0x04, 0xFE,
    0xEC, 0x47, 0xB4, 0x30, 0x7A, 0x0B, 0xC4, 0x99, 0x2F, 0xC0, 0x86, 0x7A, 0xFA, 0x2C, 0x84, 0x44,
    0xDF, 0x3A, 0xC5, 0x86, 0x7A, 0xFD, 0xF1, 0xEF, 0x43, 0x49, 0x3C, 0xEC, 0x68, 0x74, 0x6D, 0x53,
    0x86, 0x5B, 0x74, 0x09, 0x97, 0xAB, 0x8F, 0x89, 0xF2, 0x52, 0x4D, 0xDB, 0xDA, 0x46, 0xDD, 0xC6,
    0x7E, 0x0B, 0x68, 0x7C, 0x9C, 0x22, 0xDA, 0x53, 0xA7, 0x98, 0x57, 0xCF, 0xB4, 0xA3, 0xA8, 0x31,
    0xD1, 0x1F, 0x28, 0x1E, 0x5D, 0x8D, 0x2C, 0xA4, 0xEB, 0x76, 0xA6, 0x35, 0x3D, 0x9B, 0x69, 0x3B,
    0xF7, 0x8C, 0x97, 0x5A, 0xE8, 0xAC, 0x11, 0x34, 0x8B, 0xC2, 0x4A, 0xD5, 0x3C, 0x60, 0x39, 0xA7,
    0x52, 0x3D, 0x63, 0x69, 0x48, 0x4B, 0xD1, 0x9E, 0x58, 0xED, 0xCD, 0x5D, 0x0D, 0xFD, 0xF5, 0x99,
    0x88, 0x83, 0xCA, 0xF4, 0xDA, 0x2D, 0xEF, 0xD3, 0xDB, 0xA6, 0x39, 0x30, 0x4C, 0x1C, 0x0A, 0xA1,
    0x91, 0x85, 0x8A, 0xC8, 0x67, 0x5B, 0x3B, 0xA0, 0xA9, 0x96, 0x35, 0x4D, 0x74, 0x3B, 0x67, 0x78,
    0x5D, 0x7E, 0x47, 0xB1, 0x68, 0x08, 0x52, 0x4F, 0xBB, 0x7F, 0x73, 0x4C, 0x5A, 0x45, 0xB2, 0x6A,
    0xE0, 0xD4, 0x89, 0x57, 0xD4, 0x7C, 0xA2, 0x8A, 0xD9, 0x38, 0x53, 0xD3, 0x67, 0xB3, 0xAA, 0xE7,
    0x1A, 0x9C, 0x87, 0x63, 0xE9, 0xDC, 0xE7, 0x3C, 0x1D, 0x8A, 0xF9, 0x28, 0xF7, 0x7C, 0xCF, 0xDF,
    0xE2, 0x6D, 0xEE, 0xD7, 0x55, 0xD8, 0x9B, 0xDF, 0x4B, 0x7F, 0x82, 0x17, 0xB6, 0xA5, 0xA8, 0x33,
    0x9E, 0xA4, 0x04, 0xA1, 0x20, 0x2C, 0x4D, 0x44, 0x33, 0x4F, 0x4E, 0x43, 0x83, 0x10, 0x17, 0xCF,
    0x85, 0xD7, 0xB6, 0xE9, 0xC8, 0x8F, 0x45, 0x05, 0x3E, 0xCA, 0xE6, 0x89, 0x67, 0x41, 0x2C, 0x69,
    0xAD, 0xE0, 0xA3, 0x45, 0x11, 0x01, 0xA0, 0xEE, 0x3D, 0xF7, 0x17, 0x21, 0x0E, 0x89, 0xB6, 0xF8,
    0x00, 0xAF, 0xE8, 0x68, 0x1B, 0x7C, 0xFB, 0x74, 0x3A, 0x4B, 0xC8, 0xAE, 0xB2, 0x71, 0x95, 0xC4,
    0xEA, 0x25, 0xC9, 0x2A, 0x46, 0xCA, 0x14, 0xEF, 0x31, 0x50, 0x4A, 0x91, 0xA0, 0x01, 0x0D, 0x60,
    0xD0, 0x93, 0xF8, 0x5B, 0x66, 0xAF, 0xF2, 0x64, 0x79, 0xED, 0x36, 0x40, 0xA6, 0xB5, 0xE8, 0x95,
    0x9E, 0x77, 0xCD, 0x3B, 0x58, 0xAE, 0xE7, 0x04, 0x6E, 0xFD, 0x29, 0xFE, 0x8E, 0x9F, 0xF6, 0x22,
    0x0E, 0xDE, 0xB1, 0x3E, 0x7E, 0x12, 0x08, 0x17, 0xDE, 0x60, 0xF3, 0x26, 0x0F, 0x44, 0xE6, 0xFA,
    0x0D, 0xEC, 0x2B, 0x31, 0xF0, 0x72, 0xB7, 0x41, 0xB9, 0xE4, 0xBA, 0x7B, 0x9A, 0x41, 0xA8, 0xA1,
    0x9B, 0x5D, 0xCC, 0x6F, 0x9F, 0xCA, 0x67, 0xDE, 0x26, 0xFE, 0xA2, 0x7B, 0xA7, 0xAF, 0x85, 0x2D,
    0x0B, 0x24, 0x51, 0xD4, 0x37, 0xE1, 0x2F, 0x89, 0xC0, 0x2F, 0xE4, 0x88, 0xDF, 0xC3, 0xF5, 0xFF,
    0xDC, 0x13, 0x21, 0x3B, 0xBF, 0x46, 0xD9, 0xF9, 0x8D, 0xF1, 0x92, 0xEC, 0x1C, 0x03, 0x4E, 0xEB,
    0x89, 0xE5, 0xDB, 0x02, 0xB2, 0x8A, 0x9A, 0x2F, 0x1D, 0x61, 0x3D, 0xD2, 0x80, 0x64, 0x8D, 0x50,
    0xBE, 0xB2, 0xD1, 0x10, 0x3F, 0x85, 0xD3, 0x2F, 0x17, 0x3C, 0xF6, 0x2A, 0xF0, 0xEC, 0xE0, 0xA1,
    0xAB, 0x4A, 0x4E, 0xB3, 0x76, 0x90, 0x66, 0xA4, 0x91, 0x69, 0x96, 0x9C, 0x66, 0xCD, 0x69, 0x36,
    0x98, 0x66, 0xC4, 0x69, 0x46, 0x9C, 0x66, 0x2C, 0x82, 0x16, 0x9A, 0x14, 0xF9, 0x5B, 0x64, 0x9D,
    0x83, 0x3F, 0x40, 0xED, 0xD2, 0xA5, 0xFB, 0x6B, 0x69, 0xCE, 0xEE, 0x69, 0x68, 0xB2, 0x85, 0x2A,
    0xBB, 0x1D, 0x03, 0x9D, 0xD2, 0x36, 0x00, 0xB4, 0x37, 0xCD, 0x06, 0xE2, 0x64, 0x28, 0xAE, 0x9B,
    0xBA, 0x55, 0xCF, 0xCA, 0xFF, 0x81, 0x89, 0x99, 0x85, 0x6D, 0x60, 0xB4, 0x60, 0xD1, 0x0D, 0x71,
    0xD0, 0x00, 0xBE, 0x42, 0x50, 0x80, 0x21, 0x11, 0x3C, 0x1B, 0xA0, 0x44, 0xDF, 0xF4, 0x10, 0xB8,
    0x61, 0x50, 0x02, 0x9F, 0xC3, 0x1F, 0x18, 0xCB, 0x2C, 0x7F, 0x10, 0xFD, 0x95, 0x7F, 0xD8, 0x03,
    0xE6, 0x25, 0x7F, 0x48, 0x61, 0xB6, 0xF0, 0xAB, 0x5F, 0x31, 0x0C, 0xB1, 0xCA, 0x9C, 0x62, 0x46,
    0x64, 0xAD, 0xE8, 0x3C, 0x93, 0xE5, 0x02, 0x36, 0x14, 0x06, 0x25, 0xA1, 0xE5, 0x5C, 0xEC, 0xDA,
    0x74, 0x2B, 0x78, 0x0E, 0x30, 0x66, 0xEF, 0x4F, 0xA9, 0x1F, 0xA5, 0xDF, 0xC9, 0xF2, 0x8F, 0xE7,
    0xC6, 0xAF, 0xB7, 0xA8, 0xF8, 0x9F, 0x73, 0xB2, 0xF2, 0x9E, 0x68, 0xC5, 0xA5, 0x2C, 0xA4, 0x9C,
    0x8B, 0x88, 0x26, 0x3B, 0xE1, 0x4F, 0xCA, 0x71, 0x0F, 0xF9, 0xD0, 0x13, 0x0E, 0x79, 0xD0, 0x4D,
    0xE8, 0x1E, 0x1F, 0xF3, 0x35, 0xC8, 0x2B, 0xAE, 0xC1, 0x9B, 0x53, 0xD9, 0x3E, 0x78, 0x0D, 0xC4,
    0x1A, 0xC1, 0x35, 0x48, 0xE7, 0x3F, 0xB4, 0x35, 0x78, 0x6F, 0xB6, 0x35, 0xF8, 0x4C, 0x48, 0x1D,
    0x92, 0x5C, 0xD5, 0x73, 0x97, 0xFF, 0x96, 0xCE, 0x97, 0x72, 0xCF, 0xC4, 0x6B, 0xD8, 0x4A, 0x73,
    0xE2, 0x47, 0xF3, 0x6A, 0x50, 0xAC, 0x38, 0xD0, 0x6C, 0x45, 0x43, 0x1E, 0x98, 0x87, 0xAF, 0x46,
    0x00, 0x5C, 0xD3, 0x22, 0xD2, 0xB5, 0x15, 0xE6, 0x59, 0x77, 0x82, 0xD9, 0x2B, 0xDA, 0x86, 0x78,
    0x4A, 0x09, 0x05, 0xD8, 0x83, 0xFC, 0x33, 0x86, 0x4C, 0x2E, 0xBF, 0x27, 0x76, 0xC9, 0x41, 0x76,
    0x82, 0x51, 0x8D, 0x7E, 0xDD, 0x0B, 0xBE, 0x62, 0x6F, 0x84, 0xFF, 0xF7, 0x3C, 0x5B, 0x3B, 0x85,
    0xEC, 0xB4, 0x6A, 0x60, 0x49, 0x2D, 0xE2, 0x3E, 0xD8, 0xCA, 0xCC, 0x60, 0x76, 0xA6, 0x3E, 0xC7,
    0xAA, 0x34, 0x27, 0x4C, 0x73, 0xB1, 0xA3, 0xD1, 0xF7, 0xC2, 0xBB, 0x9A, 0x41, 0x19, 0x00, 0x2F,
    0xFC, 0x39, 0xA2, 0xF2, 0x09, 0x79, 0xFA, 0xF8, 0x2C, 0xD6, 0x44, 0x2C, 0x4E, 0x47, 0x86, 0x15,
    0x3A, 0x0A, 0x39, 0x09, 0x6E, 0x0E, 0xB0, 0xB0, 0xFF, 0xD3, 0x40, 0x6D, 0x4D, 0x85, 0x7B, 0x7D,
    0x1A, 0xDA, 0x8A, 0xFF, 0xE3, 0x67, 0x64, 0x8A, 0xA2, 0x9A, 0xBC, 0x20, 0xF2, 0x8D, 0x74, 0x12,
    0x76, 0xF6, 0x0E, 0x72, 0x8E, 0x97, 0x69, 0xBC, 0xE0, 0xFC, 0xD5, 0x2E, 0x13, 0x74, 0x9E, 0x70,
    0xE0, 0xD4, 0xBD, 0xEF, 0x95, 0x38, 0x47, 0x23, 0xBE, 0x60, 0x80, 0x0E, 0xA2, 0xB0, 0x30, 0xFC,
    0xA5, 0xF0, 0xD2, 0x0D, 0xED, 0x4E, 0x50, 0x44, 0x6D, 0xA6, 0x9C, 0x66, 0xA9, 0x6E, 0x8F, 0xF5,
    0x55, 0xE3, 0x2A, 0x1B, 0x6A, 0xFD, 0xB4, 0x7A, 0x12, 0xD6, 0x2F, 0xD3, 0x91, 0xB9, 0x30, 0x8D,
    0xC0, 0xCC, 0x7D, 0x94, 0x29, 0xDC, 0x05, 0x11, 0xED, 0x65, 0x4F, 0x85, 0x90, 0x91, 0xE9, 0x80,
    0xAF, 0x07, 0x0C, 0xBE, 0xCA, 0x16, 0x4E, 0xB0, 0x2A, 0x44, 0x4E, 0x7F, 0x5F, 0xE1, 0x65, 0x9D,
    0x6A, 0x55, 0x9A, 0x99, 0x30, 0x26, 0xFC, 0x3C, 0xFE, 0xD5, 0x60, 0xC1, 0x4E, 0x1D, 0xC1, 0x60,
    0x0A, 0x52, 0x13, 0xFD, 0x0A, 0x2E, 0x7F, 0xFA, 0x10, 0x06, 0xD8, 0xE8, 0x3F, 0xA9, 0x96, 0xFA,
    0x78, 0x7D, 0x0D, 0x5F, 0xDD, 0xA9, 0xD7, 0x36, 0x76, 0xAF, 0x6A, 0x84, 0x57, 0xAB, 0xAF, 0x15,
    0x08, 0xBF, 0x45, 0xEE, 0xD0, 0xA3, 0x19, 0xC4, 0x46, 0x18, 0xC4, 0x3A, 0xB5, 0xFF, 0x66, 0x50,
    0xBA, 0x76, 0xB4, 0xAE, 0x5D, 0xBB, 0x19, 0xB8, 0xFA, 0x17, 0x2B, 0x2E, 0x5D, 0x8E, 0xF7, 0xC3,
    0x4F, 0x45, 0xAB, 0xC6, 0x9E, 0x89, 0xC4, 0x66, 0x35, 0x76, 0x8B, 0xF8, 0xE1, 0x7E, 0x9F, 0x90,
    0x42, 0x71, 0x50, 0x48, 0x67, 0x47, 0xA5, 0xAA, 0x86, 0x45, 0x42, 0xD4, 0xFD, 0x41, 0xF8, 0xB5,
    0x70, 0x0F, 0x28, 0x67, 0x0D, 0x0C, 0xE0, 0x0B, 0x99, 0x06, 0x1E, 0x2F, 0x1A, 0x26, 0x16, 0x41,
    0xB4, 0x6F, 0xAA, 0xBD, 0x92, 0x69, 0xA2, 0x9C, 0xA8, 0xB2, 0x68, 0x47, 0x8C, 0xB5, 0x13, 0xBD,
    0x85, 0x72, 0xFB, 0x16, 0x5C, 0x6A, 0x58, 0x8B, 0x73, 0x61, 0x25, 0xEF, 0xC0, 0x02, 0x8F, 0x43,
    0x73, 0x14, 0x5A, 0xA5, 0xBF, 0xA3, 0x9C, 0xD5, 0x8E, 0x53, 0x22, 0x25, 0xD7, 0xF1, 0x54, 0xB0,
    0xBB, 0xF6, 0xD2, 0xEF, 0xD2, 0x64, 0xC1, 0xE8, 0xFF, 0x00, 0x1F, 0x15, 0xAC, 0xFC, 0x72, 0x97,
    0xC1, 0xE3, 0x29, 0xD8, 0x95, 0xEC, 0x3A, 0x6E, 0x5F, 0x32, 0xAA, 0x1C, 0x28, 0x7E, 0x88, 0x9C,
    0x1A, 0x97, 0xEB, 0xA5, 0x51, 0x79, 0x84, 0x27, 0x46, 0xCB, 0x51, 0xA6, 0x56, 0x37, 0x34, 0xF7,
    0x34, 0x67, 0x1C, 0xE0, 0xD6, 0xFE, 0x08, 0xB4, 0x22, 0x37, 0x79, 0xFA, 0xE9, 0xFE, 0x99, 0x48,
    0xC9, 0x7F, 0xE4, 0x2F, 0xBD, 0x21, 0x01, 0x26, 0x48, 0x56, 0xE0, 0xE8, 0x84, 0x63, 0x0A, 0x1C,
    0x11, 0x31, 0x0E, 0x50, 0x2F, 0x3B, 0xF0, 0xEC, 0x9B, 0xC1, 0xEE, 0xF7, 0x29, 0xD0, 0x8F, 0x5D,
    0xD2, 0xA4, 0x0B, 0x4A, 0xE7, 0x93, 0x69, 0x4C, 0x14, 0x7C, 0xE9, 0x86, 0x93, 0xDE, 0xB5, 0x53,
    0x73, 0xDF, 0x47, 0x6E, 0x32, 0x57, 0x76, 0x5A, 0x15, 0x82, 0x58, 0x6C, 0x71, 0xE0, 0x5E, 0x03,
    0xB7, 0x78, 0x1D, 0x3A, 0xD0, 0x67, 0x04, 0xC9, 0x38, 0x47, 0xEE, 0x61, 0x31, 0x99, 0x5F, 0x09,
    0x99, 0xA2, 0x42, 0x0C, 0x96, 0x58, 0xA6, 0x64, 0x1E, 0x98, 0x48, 0x84, 0x99, 0x20, 0xC0, 0x69,
    0x8E, 0x30, 0x17, 0x84, 0xA8, 0x0D, 0x70, 0xF9, 0x88, 0x51, 0x0E, 0x46, 0x99, 0xA1, 0x5E, 0x4C,
    0x31, 0xA8, 0x35, 0x78, 0x64, 0x08, 0x79, 0x50, 0x31, 0x29, 0x78, 0xFA, 0x20, 0xC3, 0xD4, 0xE2,
    0x22, 0x7A, 0x35, 0x18, 0x94, 0x99, 0x61, 0x17, 0x53, 0xD3, 0xB9, 0xD9, 0xE4, 0x9E, 0xAF, 0x56,
    0xB5, 0x22, 0x0E, 0xA1, 0x01, 0x83, 0x05, 0x7F, 0xAD, 0xF7, 0x07, 0x4F, 0x76, 0xF2, 0xAA, 0x53,
    0x70, 0x18, 0xD3, 0x9E, 0x52, 0xF0, 0x51, 0x79, 0x27, 0x73, 0x5B, 0x45, 0xC7, 0x6F, 0xEE, 0xCF,
    0x57, 0x01, 0x28, 0x5B, 0x4C, 0x39, 0xC9, 0xBB, 0x86, 0x01, 0xFE, 0x3D, 0x26, 0xAC, 0xFC, 0xDE,
    0xD2, 0x80, 0x9D, 0xF4, 0x40, 0x40, 0xC8, 0x0E, 0xC0, 0xD5, 0x9C, 0xCB, 0x8A, 0x40, 0x43, 0xDC,
    0x51, 0x5C, 0xDB, 0xF1, 0xD0, 0x28, 0x86, 0x2B, 0xA1, 0xEF, 0x72, 0x4F, 0x0F, 0x69, 0x4A, 0xC4,
    0x56, 0x76, 0x62, 0xB7, 0x32, 0x83, 0x15, 0x0F, 0x72, 0xB9, 0x98, 0xD5, 0x41, 0x26, 0x03, 0x42,
    0xDD, 0xCA, 0xDB, 0x41, 0x4E, 0xA3, 0x8A, 0x25, 0x57, 0xE8, 0x2F, 0x90, 0xF3, 0xBA, 0xD8, 0x82,
    0x36, 0x14, 0x76, 0x60, 0xF9, 0x07, 0x83, 0xA9, 0x3F, 0x2A, 0xEE, 0x9D, 0xEE, 0xF5, 0x2F, 0x6C,
    0x12, 0xE5, 0x28, 0x28, 0xA5, 0x0D, 0xD2, 0x29, 0x1F, 0x41, 0x0D, 0x90, 0xC0, 0x77, 0xEA, 0x92,
    0xCD, 0xE6, 0xA3, 0x97, 0x0D, 0xDE, 0xAF, 0x44, 0xC6, 0xFB, 0x0A, 0x4D, 0x21, 0xA0, 0xC6, 0x36,
    0x38, 0x07, 0x05, 0x60, 0x33, 0xC2, 0xA5, 0xAB, 0xCE, 0x39, 0xDA, 0x20, 0x62, 0xBD, 0x1E, 0x69,
    0x5B, 0x87, 0xE6, 0x86, 0x5C, 0x20, 0x7A, 0xEC, 0x2B, 0x53, 0x54, 0x73, 0x43, 0xE4, 0x45, 0xFF,
    0x25, 0x82, 0x9F, 0x0E, 0xAB, 0x28, 0xEC, 0xF4, 0xD3, 0xCD, 0xA0, 0x29, 0xA5, 0x73, 0x73, 0x54,
    0xC2, 0x6C, 0xB3, 0x61, 0xC2, 0xC1, 0x2A, 0xA7, 0x21, 0x2E, 0x16, 0x71, 0xC0, 0xF8, 0x13, 0xB7,
    0x7C, 0xC1, 0x81, 0x6E, 0x7E, 0x1D, 0xEE, 0x92, 0x67, 0xD4, 0x81, 0x4B, 0xC4, 0x5A, 0x31, 0x09,
    0x77, 0x43, 0x60, 0xA8, 0xDA, 0x5E, 0x98, 0xBE, 0xB4, 0xB9, 0x2F, 0x01, 0x60, 0xBC, 0xF1, 0xF4,
    0xD5, 0x2F, 0xF7, 0x3F, 0x15, 0x86, 0xB1, 0x03, 0x4C, 0x29, 0x17, 0x5E, 0xFE, 0x1D, 0xB8, 0x70,
    0x57, 0xAB, 0xDC, 0xDE, 0xAC, 0x72, 0xDB, 0xB1, 0xA9, 0xA7, 0x75, 0xA2, 0xA7, 0x95, 0xE2, 0x8A,
    0x01, 0xD5, 0x85, 0xFF, 0x43, 0x48, 0xFC, 0x94, 0x59, 0x86, 0x4C, 0xF1, 0x3E, 0x84, 0x88, 0x00,
    0x82, 0xC2, 0x13, 0xA7, 0x50, 0xAA, 0x63, 0x38, 0x28, 0xB2, 0x72, 0x31, 0xA2, 0x3F, 0x53, 0xD8,
    0xAE, 0x8A, 0x1E, 0xFA, 0xD2, 0x04, 0x5A, 0xF3, 0x6C, 0x73, 0x73, 0xEC, 0x98, 0x27, 0x79, 0x0A,
    0x63, 0x5B, 0x93, 0x12, 0x88, 0x88, 0x15, 0x2B, 0xA6, 0x97, 0x12, 0x70, 0xAF, 0x29, 0x09, 0x8D,
    0x83, 0x86, 0x58, 0x84, 0x1D, 0x6C, 0x90, 0x33, 0xAE, 0x38, 0x08, 0x09, 0xA5, 0xFE, 0x27, 0x44,
    0x0A, 0x63, 0x48, 0x0F, 0xDE, 0xBA, 0xC3, 0xC7, 0x5B, 0xFC, 0xB7, 0xC7, 0xB5, 0x09, 0x67, 0x13,
    0x4E, 0x43, 0xB1, 0x9C, 0x79, 0xD2, 0x2E, 0x44, 0x04, 0x15, 0x11, 0x4F, 0xBF, 0x8B, 0x40, 0xD2,
    0x15, 0x5E, 0xE0, 0xD9, 0xDC, 0x31, 0x16, 0x07, 0x32, 0x98, 0xDC, 0x5E, 0x5E, 0x12, 0x3F, 0xA1,
    0xA3, 0xE7, 0x70, 0x4D, 0x75, 0x75, 0xCA, 0xA7, 0x1B, 0x0A, 0x2F, 0x29, 0xB8, 0x93, 0xB3, 0xC9,
    0x31, 0x65, 0x78, 0xE1, 0x51, 0xEA, 0xF5, 0x05, 0x97, 0x00, 0x0E, 0x60, 0x42, 0x37, 0x79, 0xAB,
    0xA7, 0x23, 0x63, 0x30, 0x9D, 0xCA, 0x72, 0x18, 0x30, 0x46, 0x2C, 0x8B, 0x79, 0x60, 0x58, 0xAC,
    0x7E, 0xFD, 0xA0, 0xC8, 0xAE, 0x4B, 0x61, 0x1A, 0xF5, 0x61, 0x65, 0x55, 0x84, 0xB6, 0x04, 0x35,
    0x3A, 0x33, 0xA5, 0xBA, 0xDD, 0xCA, 0xCE, 0x37, 0xAF, 0x3A, 0x6F, 0x37, 0x56, 0xC9, 0xD3, 0xD4,
    0xEE, 0xFA, 0xA4, 0x31, 0xE1, 0x5A, 0xB3, 0x5E, 0x34, 0x0A, 0xFF, 0xD7, 0x66, 0xCB, 0x35, 0x63,
    0x4B, 0x4E, 0xD3, 0x45, 0x1A, 0x1B, 0xB3, 0xB2, 0x9D, 0x10, 0x6A, 0x7D, 0xD8, 0xC4, 0x9E, 0x18,
    0xF3, 0x54, 0x5E, 0xB4, 0x6C, 0xE1, 0x69, 0xE5, 0xC9, 0xC3, 0xD5, 0x9E, 0x79, 0xF2, 0x54, 0x3C,
    0x27, 0xE6, 0x03, 0x32, 0x22, 0x30, 0x8B, 0x7B, 0xB5, 0x5B, 0xCD, 0x9B, 0xA5, 0x53, 0xDC, 0x8C,
    0xA2, 0x58, 0x97, 0x0B, 0x5E, 0xB6, 0xF8, 0x2B, 0x37, 0x0D, 0xB6, 0x35, 0x5B, 0x00, 0xC5, 0x64,
    0x58, 0xEF, 0xF1, 0x34, 0x55, 0x41, 0x73, 0x54, 0x27, 0xAD, 0xAB, 0x6C, 0x96, 0xAA, 0x8A, 0x27,
    0x73, 0xAC, 0x53, 0xF4, 0x52, 0xC3, 0xE1, 0x86, 0xFA, 0x7D, 0x80, 0x3E, 0xCF, 0x04, 0x47, 0x2C,
    0x63, 0x28, 0xFA, 0x54, 0x2D, 0x49, 0x5E, 0x72, 0x7E, 0x5B, 0x2E, 0xB1, 0xFA, 0x98, 0x2D, 0x14,
    0xE3, 0xDB, 0x9C, 0x19, 0x9C, 0xDC, 0x01, 0x71, 0xBC, 0xF2, 0xC5, 0x9E, 0x67, 0xA6, 0x8B, 0xF8,
    0x7F, 0x7C, 0x27, 0x9B, 0xC5, 0x01, 0x54, 0x48, 0x92, 0x6B, 0xD9, 0x1E, 0xBF, 0x48, 0xCD, 0x58,
    0x2A, 0x2B, 0xE8, 0x6B, 0x0D, 0x07, 0x6B, 0x4B, 0x04, 0x10, 0x8A, 0xBC, 0x40, 0x08, 0x56, 0x47,
    0x72, 0xC1, 0x01, 0xDC, 0xAA, 0x17, 0x34, 0xDB, 0xD2, 0x13, 0x16, 0x41, 0x78, 0x2C, 0x43, 0x67,
    0xD6, 0x65, 0xE7, 0xCA, 0x97, 0x93, 0xAE, 0x7D, 0x39, 0xE9, 0xEA, 0xD7, 0x16, 0x9A, 0x02, 0xB1,
    0x51, 0x90, 0x2E, 0xEE, 0xBD, 0x73, 0x11, 0xFF, 0x2D, 0x06, 0x77, 0x0E, 0x29, 0x61, 0xE9, 0x1D,
    0xB9, 0x77, 0x4B, 0xEC, 0x24, 0xF7, 0xEF, 0x9A, 0xC1, 0x74, 0x2F, 0x56, 0x4D, 0x11, 0x1E, 0xF7,
    0x02, 0x99, 0x14, 0xE1, 0x91, 0x9D, 0x4C, 0xD5, 0xE1, 0x03, 0x3A, 0xD5, 0x5E, 0x32, 0x5F, 0x09,
    0xC1, 0xD0, 0x6E, 0x4A, 0xF1, 0xB3, 0x58, 0x22, 0x46, 0xD0, 0xC2, 0x50, 0x83, 0x33, 0x32, 0x6E,
    0x13, 0x8C, 0x9E, 0xFF, 0xF0, 0x2F, 0xF8, 0xE7, 0x6F, 0xCB, 0x05, 0x0F, 0x28, 0x5B, 0x31, 0xD1,
    0xB5, 0x3E, 0x22, 0xD3, 0x81, 0x5C, 0xF0, 0x0E, 0x17, 0x7C, 0xCD, 0x0B, 0x9E, 0x09, 0x7F, 0xDB,
    0x02, 0x32, 0x7A, 0x05, 0x8D, 0x0C, 0xFE, 0x0E, 0x60, 0x4F, 0xE9, 0x98, 0x68, 0x18, 0xD6, 0xA0,
    0x55, 0x08, 0x1E, 0xCF, 0xD1, 0x51, 0xB0, 0x29, 0x1F, 0xEA, 0xE8, 0x58, 0x53, 0x2F, 0x1E, 0xB6,
    0x31, 0x1C, 0xB9, 0xD2, 0xF3, 0xF6, 0x10, 0xC7, 0x76, 0x50, 0xDB, 0x0D, 0xE0, 0x48, 0x81, 0xD4,
    0x99, 0xA6, 0x16, 0xAA, 0x1E, 0x24, 0xE6, 0x7D, 0x6C, 0x7D, 0xBC, 0x5C, 0x9C, 0x76, 0x3B, 0x4B,
    0x4D, 0xE0, 0xA7, 0x2C, 0xA7, 0x70, 0x5B, 0x38, 0xAD, 0xB2, 0x31, 0xCD, 0x2E, 0x65, 0x68, 0xF2,
    0x44, 0xCD, 0x0C, 0xD5, 0x8F, 0x89, 0xC7, 0xFE, 0x24, 0x2B, 0xEC, 0x1E, 0x27, 0xA4, 0x8B, 0xB2,
    0x8A, 0xD9, 0xB1, 0xA0, 0xA9, 0xC8, 0xB5, 0xCF, 0x14, 0x84, 0x3B, 0x8B, 0xBE, 0x55, 0x4C, 0x76,
    0x08, 0x82, 0x21, 0xC1, 0xFD, 0xDA, 0x5B, 0x57, 0xD2, 0xCB, 0x53, 0xCF, 0xC6, 0xC3, 0x3C, 0x1B,
    0x3F, 0x1A, 0xAA, 0xE9, 0x7E, 0x10, 0xAA, 0x79, 0x16, 0x54, 0xF3, 0x27, 0x23, 0xA8, 0x26, 0x19,
    0x40, 0x35, 0xCC, 0x70, 0x6D, 0xB1, 0x63, 0xDA, 0x64, 0x5C, 0xB8, 0xA2, 0x3F, 0x11, 0x4F, 0x48,
    0x1C, 0x5F, 0x0E, 0xD1, 0x86, 0xD3, 0x36, 0x7D, 0x8B, 0x45, 0x52, 0x59, 0x68, 0xE9, 0xEE, 0x24,
    0xD3, 0x59, 0xA6, 0xB9, 0x00, 0xAC, 0xCD, 0xB5, 0x2D, 0x34, 0x9C, 0xB3, 0xF4, 0x5A, 0xE5, 0xC1,
    0x3F, 0x55, 0x2E, 0xD7, 0xCA, 0xD3, 0x6B, 0xE9, 0x87, 0x5B, 0xE5, 0xD2, 0x8A, 0x13, 0xC5, 0x2B,
    0x0A, 0x07, 0xC1, 0xE2, 0x1F, 0xAE, 0x82, 0xC0, 0x2F, 0x01, 0xEF, 0xB1, 0x85, 0xBC, 0xAF, 0x61,
    0x18, 0x0B, 0x42, 0x3F, 0x63, 0x85, 0xBC, 0x33, 0x0C, 0x83, 0x81, 0x7B, 0x99, 0x86, 0xED, 0x65,
    0xA1, 0x50, 0xCC, 0x01, 0xF2, 0x96, 0xB5, 0x06, 0x81, 0xD7, 0x0C, 0xE5, 0x1A, 0x67, 0xE8, 0x2F,
    0xB7, 0x8B, 0x61, 0x18, 0x87, 0x07, 0x87, 0x61, 0xC4, 0xF0, 0x89, 0xF2, 0xE6, 0x6E, 0x28, 0xCA,
    0x4C, 0x7B, 0xC5, 0x55, 0x4F, 0x85, 0xAA, 0x38, 0x93, 0x46, 0xA7, 0x96, 0xB3, 0x6B, 0x34, 0x39,
    0xCD, 0x44, 0xD5, 0xA8, 0xF6, 0x57, 0x86, 0x92, 0x61, 0x4B, 0x72, 0x15, 0x57, 0xE8, 0x74, 0x8D,
    0x00, 0xF5, 0xF2, 0xBE, 0x3C, 0x93, 0xA0, 0x12, 0x07, 0x1F, 0x7C, 0xC3, 0xCC, 0x3E, 0xFE, 0x56,
    0x5A, 0x5E, 0x14, 0x83, 0x5E, 0x07, 0xCB, 0xB1, 0x3F, 0x9F, 0x47, 0x31, 0x2D, 0x8B, 0xBB, 0xA7,
    0x65, 0x07, 0x97, 0x94, 0xE0, 0x36, 0x33, 0xDC, 0xE8, 0x88, 0x7F, 0xA9, 0x76, 0xF2, 0x91, 0x03,
    0xF4, 0xD7, 0x1E, 0x81, 0xBC, 0x58, 0x46, 0x4A, 0x1A, 0x80, 0xEC, 0x97, 0xB3, 0xBA, 0x9A, 0x4A,
    0xE4, 0x38, 0x33, 0xE3, 0xAD, 0xD6, 0xBB, 0x79, 0xDC, 0x54, 0x18, 0xCB, 0x39, 0x53, 0x61, 0x74,
    0xB0, 0x31, 0x34, 0x08, 0x3C, 0x18, 0x15, 0x0C, 0x3E, 0x25, 0x34, 0xAD, 0x4E, 0x7B, 0x45, 0x88,
    0x53, 0x0E, 0x96, 0x54, 0x18, 0xAD, 0xA6, 0xC2, 0x00, 0x66, 0x65, 0x29, 0xDD, 0xEF, 0x9E, 0x9F,
    0x9F, 0x4B, 0x2A, 0x0C, 0x66, 0x97, 0xD5, 0x38, 0xA4, 0xD9, 0xDA, 0x46, 0xD3, 0x4F, 0x34, 0x8B,
    0xA6, 0xC4, 0x58, 0x36, 0xA9, 0x30, 0xF6, 0x22, 0x77, 0x91, 0x33, 0xD4, 0x14, 0xE0, 0xDB, 0x92,
    0x28, 0x5E, 0xA6, 0xC2, 0x68, 0x10, 0xF8, 0x11, 0xED, 0xE0, 0xB9, 0x1B, 0x21, 0xA3, 0xF8, 0xEB,
    0xF0, 0xCE, 0x07, 0x4A, 0x85, 0x71, 0x11, 0x01, 0x12, 0x5D, 0x40, 0x80, 0xEC, 0x80, 0x00, 0x89,
    0x88, 0x00, 0x69, 0xC6, 0x15, 0xD9, 0x59, 0x8F, 0xB2, 0xE5, 0xF5, 0x88, 0x99, 0xF1, 0x75, 0xC0,
    0xAC, 0x7A, 0x66, 0x94, 0x6F, 0x06, 0xA0, 0x3C, 0x81, 0x58, 0x01, 0x54, 0xFA, 0xD0, 0x40, 0x9F,
    0xAE, 0x27, 0x22, 0x40, 0xE2, 0x47, 0x23, 0x40, 0xB8, 0x5D, 0xDF, 0x54, 0x15, 0x36, 0x47, 0xB0,
    0x2E, 0x0C, 0x79, 0x3D, 0x3E, 0x17, 0x43, 0x2E, 0xA5, 0x9A, 0xDA, 0x29, 0xD2, 0x5E, 0xFC, 0x49,
    0x22, 0x06, 0xBB, 0xBB, 0x2D, 0xB8, 0xBC, 0x57, 0x48, 0x19, 0xF0, 0x89, 0x5B, 0xD5, 0x8D, 0x6A,
    0xE9, 0x85, 0xA6, 0xDF, 0x1A, 0xB0, 0xBD, 0x62, 0x27, 0xB5, 0x58, 0x46, 0xAA, 0xD2, 0xE2, 0x42,
    0x9F, 0xB4, 0x43, 0x54, 0xB4, 0x1F, 0x37, 0xCD, 0x0B, 0x85, 0xA5, 0x8F, 0xCA, 0x4D, 0x36, 0xCF,
    0xDD, 0xCE, 0x34, 0x8D, 0xC4, 0x6E, 0xF5, 0xBD, 0x55, 0x4D, 0xFA, 0x9C, 0x31, 0xFA, 0x2F, 0x59,
    0x72, 0xBF, 0xBB, 0xC6, 0x75, 0xF4, 0xCE, 0x4F, 0x2C, 0x3D, 0x60, 0xB2, 0x46, 0x47, 0x3B, 0x73,
    0x34, 0x84, 0x34, 0x84, 0x21, 0x50, 0x34, 0xA4, 0x01, 0xEE, 0xAF, 0x52, 0xB2, 0x28, 0x2C, 0x89,
    0xB1, 0x12, 0x8A, 0x5D, 0xED, 0x98, 0x26, 0x0B, 0x8E, 0x92, 0x85, 0xA9, 0xF2, 0x00, 0x2A, 0x61,
    0x9B, 0x2F, 0x31, 0x83, 0x2D, 0x18, 0x02, 0xC0, 0x85, 0xCA, 0x5D, 0xAC, 0x8E, 0xB4, 0x44, 0x73,
    0x7D, 0xED, 0x35, 0xF0, 0x5A, 0xEF, 0xB8, 0x85, 0x4C, 0x37, 0x5B, 0xE8, 0x48, 0xCC, 0x16, 0xCD,
    0x75, 0x19, 0x1C, 0xBB, 0xF3, 0x49, 0x92, 0x01, 0x75, 0xC8, 0x86, 0xD2, 0x72, 0xEB, 0x1D, 0x57,
    0x9D, 0x04, 0xE2, 0xED, 0xEF, 0xAD, 0x51, 0xC0, 0xD1, 0xD3, 0x84, 0x70, 0x3F, 0x3E, 0x09, 0xE1,
    0xE6, 0x4D, 0xCA, 0xA2, 0x71, 0x4D, 0x59, 0x34, 0xAF, 0x09, 0xE1, 0xE6, 0x35, 0x21, 0xDC, 0x1A,
    0x6E, 0x59, 0xAE, 0x1B, 0x53, 0xAF, 0xAE, 0xE7, 0x7A, 0x25, 0xFB, 0x3A, 0xA4, 0xD8, 0x56, 0x9B,
    0xDF, 0xC5, 0xEE, 0x26, 0x2A, 0x66, 0x63, 0x4C, 0x5E, 0x4E, 0xC4, 0xC5, 0x1F, 0x03, 0x44, 0x6D,
    0x7B, 0x2A, 0x69, 0x55, 0x90, 0xB4, 0x5E, 0xA6, 0xA4, 0xF5, 0x5B, 0xFD, 0x89, 0xA4, 0xD5, 0x13,
    0x15, 0xD0, 0x41, 0x3E, 0x17, 0x0F, 0x87, 0x3F, 0x34, 0x7E, 0xC1, 0x04, 0x15, 0xC0, 0x13, 0x11,
    0xBB, 0xAD, 0xFB, 0x53, 0x03, 0xF7, 0x55, 0xD6, 0xCA, 0x3B, 0x3B, 0x73, 0x68, 0xD6, 0x25, 0xFC,
    0x7E, 0x83, 0x07, 0x2D, 0x95, 0x8C, 0x55, 0xD9, 0x2B, 0x0D, 0x69, 0xF2, 0xC0, 0x94, 0x2E, 0x4F,
    0x76, 0xF0, 0xA0, 0xBF, 0xAE, 0xE8, 0x0B, 0x48, 0x15, 0x4D, 0x59, 0x29, 0x53, 0x64, 0x86, 0x97,
    0x05, 0x8A, 0x83, 0x4A, 0xF5, 0xB5, 0x9C, 0x82, 0x46, 0xE9, 0x7F, 0x32, 0x63, 0x5E, 0x47, 0x10,
    0xDF, 0x89, 0x1D, 0xAF, 0xBA, 0xE1, 0xBF, 0xAF, 0xA1, 0x47, 0x19, 0x75, 0x65, 0xA6, 0xDC, 0xFD,
    0xC7, 0x66, 0x2E, 0xC4, 0xCE, 0x02, 0xF3, 0x7C, 0x29, 0x30, 0x0C, 0x79, 0x59, 0xFC, 0x8B, 0xD7,
    0x3C, 0x46, 0xB1, 0xE2, 0xCC, 0x9E, 0xA4, 0x0A, 0xF1, 0xF7, 0xE1, 0x86, 0xA5, 0x31, 0xB7, 0x59,
    0xA3, 0x42, 0x1E, 0x3F, 0x89, 0x53, 0xDB, 0x68, 0x08, 0x5B, 0xA6, 0x49, 0x9C, 0x12, 0x4D, 0xE2,
    0x94, 0x68, 0x12, 0x27, 0x8D, 0xBD, 0xD2, 0x76, 0x89, 0x35, 0x75, 0x45, 0xFE, 0x02, 0x12, 0x54,
    0x4D, 0xE5, 0xCB, 0x4C, 0xE2, 0x94, 0xFF, 0x31, 0x93, 0x38, 0x71, 0x45, 0x08, 0x56, 0xF0, 0x93,
    0xBD, 0x77, 0xEB, 0x62, 0x12, 0x27, 0xB5, 0x10, 0x2F, 0x8B, 0x26, 0x71, 0x6A, 0x2C, 0xA0, 0xBC,
    0xD2, 0xE4, 0x38, 0x15, 0x09, 0xEA, 0xD9, 0x0F, 0x23, 0x89, 0xD3, 0x8F, 0x00, 0xB1, 0x99, 0x5E,
    0x40, 0x6C, 0x6A, 0xFB, 0x5F, 0x33, 0xC8, 0xFC, 0x7F, 0x3A, 0x15, 0x44, 0x6C, 0xCA, 0xBE, 0x41,
    0x5E, 0xAA, 0x89, 0xD8, 0x2C, 0x89, 0xD8, 0x3C, 0x96, 0x0F, 0x42, 0x6C, 0xF6, 0x8A, 0xD8, 0xA4,
    0x87, 0x3E, 0xFE, 0x57, 0x93, 0xAA, 0x1C, 0x06, 0x97, 0x6C, 0xB4, 0xFD, 0x45, 0x35, 0x70, 0x7E,
    0xF2, 0xFB, 0x42, 0x6C, 0xCA, 0xBB, 0x95, 0xBF, 0x25, 0xC3, 0x69, 0xEA, 0x0E, 0x65, 0x0B, 0x91,
    0x65, 0x44, 0xB6, 0xE2, 0x07, 0xB5, 0x89, 0xA0, 0x47, 0x05, 0x93, 0xB5, 0x9A, 0x13, 0xA7, 0x5D,
    0x45, 0x53, 0x49, 0xAE, 0x76, 0x27, 0x7A, 0x70, 0x86, 0xF3, 0x0F, 0x5C, 0xAF, 0xEC, 0x62, 0xE2,
    0xF5, 0x87, 0x27, 0x7B, 0xFA, 0xE1, 0x27, 0x5E, 0x3F, 0x49, 0x73, 0x52, 0x4C, 0xAB, 0x97, 0x86,
    0xA8, 0x39, 0x96, 0x3F, 0xF1, 0xFC, 0xF5, 0x3A, 0x0E, 0x1E, 0xA4, 0x66, 0x66, 0xE2, 0xDE, 0x91,
    0xB9, 0x9D, 0x37, 0x5B, 0x9C, 0xC2, 0x16, 0xAD, 0xD0, 0x07, 0x03, 0x63, 0xAC, 0x89, 0xB8, 0xBA,
    0x60, 0x41, 0x5A, 0x21, 0x00, 0x66, 0x0C, 0x07, 0x15, 0x7E, 0x12, 0xB2, 0xD6, 0x3F, 0x87, 0x09,
    0xBC, 0xA6, 0xC7, 0x56, 0x7D, 0x38, 0xC1, 0x97, 0xA5, 0x5A, 0xAB, 0x9A, 0x71, 0x3F, 0xDC, 0xC4,
    0xF9, 0xBA, 0x7F, 0xF3, 0x83, 0xF7, 0xEF, 0xDC, 0xCD, 0x12, 0x42, 0x90, 0xB8, 0x10, 0xE8, 0xC7,
    0x48, 0xE2, 0x57, 0xDD, 0xFD, 0x3B, 0xD5, 0x47, 0xB1, 0x7F, 0x3F, 0xFD, 0x8A, 0xCA, 0x3F, 0x62,
    0x5C, 0x01, 0x48, 0x41, 0x96, 0x60, 0x49, 0x97, 0xAA, 0x70, 0x89, 0xE8, 0xE3, 0x52, 0x76, 0x73,
    0x89, 0x76, 0xD0, 0x14, 0x0E, 0x72, 0xA5, 0xBF, 0x03, 0x87, 0x13, 0x68, 0x7D, 0xA6, 0x71, 0x7C,
    0x47, 0x5D, 0xF2, 0x5D, 0xF1, 0xF6, 0x7D, 0x56, 0x34, 0xD3, 0xB8, 0xFB, 0x39, 0x39, 0x90, 0xFF,
    0xCD, 0xBF, 0xEC, 0xA7, 0x52, 0x82, 0xDE, 0xE4, 0xC1, 0x63, 0x6E, 0xE2, 0xA4, 0x5C, 0x1E, 0x6F,
    0x29, 0x87, 0x7E, 0x9C, 0x92, 0x16, 0xAF, 0x6A, 0x7A, 0x3D, 0x2D, 0x69, 0x51, 0xC5, 0x4C, 0x3F,
    0xE7, 0xDB, 0x4A, 0x39, 0xB3, 0x06, 0xF4, 0xBE, 0x12, 0x3D, 0x24, 0x2D, 0xFC, 0xDC, 0x5C, 0xB2,
    0x4A, 0x0C, 0x7A, 0xA7, 0x02, 0x21, 0x72, 0xEF, 0x0B, 0x4E, 0x93, 0x04, 0xD6, 0x9A, 0x14, 0xA2,
    0x80, 0xDE, 0xD5, 0x21, 0x60, 0xDB, 0xCA, 0xD7, 0xA6, 0x9A, 0x76, 0x75, 0xFD, 0x8F, 0xC9, 0x57,
    0xD7, 0x7B, 0xB6, 0xDA, 0xDE, 0xB3, 0x90, 0x07, 0x73, 0x16, 0xFF, 0x62, 0xB8, 0x37, 0x9D, 0x03,
    0x50, 0xF7, 0xEA, 0x8B, 0x87, 0xD9, 0x36, 0x1F, 0xC5, 0x07, 0x95, 0xE9, 0x17, 0xC7, 0xDA, 0x8A,
    0x99, 0xA9, 0x23, 0xC9, 0x75, 0xDB, 0x64, 0x64, 0x99, 0x69, 0x4A, 0xE7, 0x91, 0xE5, 0x08, 0xC3,
    0x5D, 0x28, 0xC2, 0x8F, 0xA2, 0x88, 0x0C, 0xC7, 0x02, 0x63, 0x41, 0x89, 0x7C, 0xFF, 0xE5, 0x41,
    0x94, 0xA0, 0x5F, 0xBA, 0x08, 0x0D, 0xB2, 0xDC, 0x5B, 0x9A, 0x1B, 0x9C, 0xD7, 0xD4, 0x5E, 0xF2,
    0x7D, 0x09, 0x7B, 0xCF, 0x01, 0x12, 0xD9, 0x23, 0xC7, 0x58, 0x82, 0x57, 0xCF, 0xCF, 0x73, 0xF1,
    0x25, 0x1C, 0x0B, 0x71, 0x57, 0x1C, 0x09, 0x97, 0x82, 0x6D, 0xBE, 0xAD, 0x07, 0x55, 0x3F, 0x2D,
    0xDE, 0xAD, 0x0A, 0x3A, 0x90, 0x30, 0x88, 0x7F, 0x08, 0x9E, 0x2D, 0xF9, 0xE8, 0xFD, 0xDB, 0xDE,
    0x51, 0x16, 0x5A, 0x99, 0x28, 0xC5, 0x39, 0x5E, 0xA7, 0xA6, 0xF4, 0x34, 0x71, 0xFE, 0x8F, 0x3E,
    0x71, 0xFE, 0xF4, 0xFD, 0x24, 0xCE, 0x1F, 0x36, 0x36, 0x8D, 0x13, 0xB5, 0xDD, 0x75, 0xDB, 0x5F,
    0xDA, 0x07, 0xFC, 0x12, 0x6F, 0xA3, 0xFB, 0xE3, 0xED, 0x05, 0xB3, 0x2D, 0x84, 0x16, 0xED, 0xB6,
    0x99, 0x6A, 0x76, 0x27, 0x5A, 0xED, 0x8F, 0x5F, 0xA0, 0xEA, 0xB8, 0x06, 0xAA, 0x4E, 0x57, 0x06,
    0xAA, 0xF6, 0x1A, 0xA8, 0x5A, 0xB0, 0xCB, 0x40, 0xD5, 0xEF, 0xF5, 0x21, 0x50, 0xF5, 0xB7, 0x7B,
    0x0B, 0x54, 0x7D, 0x36, 0xEB, 0xAF, 0xCA, 0xE9, 0xF3, 0xC8, 0xEE, 0x5A, 0xEB, 0xE9, 0x2C, 0xE4,
    0x46, 0x0B, 0x02, 0x69, 0x84, 0x64, 0x9E, 0x17, 0x7E, 0x7E, 0x32, 0xCA, 0x25, 0xBC, 0x38, 0x6E,
    0x75, 0xC7, 0x93, 0xE6, 0x17, 0xC8, 0x10, 0x1A, 0x2B, 0x0A, 0xAD, 0x55, 0x98, 0xDB, 0xCD, 0x3C,
    0xCC, 0xFA, 0xF3, 0x64, 0x06, 0x0E, 0x13, 0xB1, 0x51, 0x86, 0xD7, 0xF8, 0x50, 0x8B, 0xD8, 0x72,
    0xDF, 0x55, 0xB6, 0xB0, 0x89, 0x26, 0x01, 0x1B, 0x56, 0x4F, 0xB1, 0x12, 0xC9, 0xD7, 0x35, 0xBD,
    0x7D, 0xC3, 0x6C, 0x47, 0x6D, 0x42, 0x68, 0x9C, 0xB0, 0xA9, 0xC5, 0x72, 0xA6, 0xCC, 0x96, 0x2F,
    0x85, 0x85, 0x55, 0xFC, 0x35, 0xF2, 0x5F, 0xD5, 0xA0, 0x2F, 0xE2, 0xBB, 0x20, 0x1F, 0x2D, 0xB5,
    0x35, 0xB9, 0x69, 0x29, 0x47, 0x56, 0x57, 0x8F, 0xCB, 0x28, 0xC9, 0x83, 0x94, 0x4B, 0x26, 0x46,
    0x19, 0x7A, 0x24, 0x43, 0x42, 0x7B, 0xEB, 0x04, 0x7B, 0x8B, 0x57, 0x9C, 0x6B, 0x25, 0x8E, 0xDE,
    0xF8, 0xA2, 0xE6, 0xB2, 0x0F, 0xA9, 0xEC, 0x43, 0x26, 0xFB, 0xD4, 0x0A, 0x04, 0x85, 0x3C, 0xF6,
    0x99, 0xE5, 0x6D, 0x47, 0xDA, 0x2E, 0x4B, 0x65, 0x52, 0x9B, 0xDC, 0x27, 0x1A, 0x4C, 0x48, 0x61,
    0x1F, 0x32, 0xD8, 0x87, 0x04, 0xF6, 0x9A, 0xBF, 0xDE, 0xF8, 0x5A, 0x6E, 0x3C, 0x2D, 0x37, 0xDB,
    0x7D, 0x6E, 0x8C, 0x2D, 0x94, 0x40, 0x0B, 0x57, 0x49, 0xA8, 0xB2, 0x56, 0x1A, 0xBF, 0x2C, 0xED,
    0xFC, 0x85, 0x72, 0x6A, 0x4F, 0x62, 0xAC, 0xB0, 0xA3, 0x1F, 0x79, 0xA1, 0x1F, 0x79, 0xA1, 0x1F,
    0x19, 0xF1, 0x5A, 0xFB, 0x99, 0xF3, 0xFF, 0x57, 0xE6, 0xA3, 0xDA, 0x02, 0xD3, 0x4F, 0x7F, 0xD3,
    0xC4, 0xAC, 0xF5, 0xB4, 0x15, 0x92, 0x9A, 0xC3, 0x45, 0xAE, 0xF3, 0x92, 0xC1, 0xED, 0x52, 0xCD,
    0x1B, 0xDA, 0xE2, 0x6E, 0xDB, 0x13, 0x50, 0x46, 0x39, 0xF5, 0x9E, 0xE6, 0xAF, 0xA7, 0xD4, 0x66,
    0x95, 0xD2, 0x8A, 0x39, 0xAD, 0x08, 0x9C, 0xA9, 0xFB, 0xD8, 0x12, 0xB1, 0x31, 0x88, 0x67, 0x79,
    0x5E, 0x6D, 0xDE, 0xE5, 0x5C, 0x26, 0x06, 0xA9, 0x29, 0x33, 0x83, 0xD3, 0xFC, 0x92, 0x7A, 0xB0,
    0x9B, 0xE9, 0xD7, 0x2D, 0xA2, 0x64, 0xFC, 0x43, 0xB5, 0xCC, 0xAD, 0x79, 0xD8, 0xC2, 0x6D, 0x1F,
    0x87, 0xAB, 0x7E, 0xE7, 0xBE, 0x7B, 0xCF, 0x20, 0x3D, 0x7F, 0x39, 0x98, 0xD3, 0xF7, 0x4F, 0xFB,
    0x46, 0x8B, 0x01, 0xBC, 0xD1, 0x5B, 0x7E, 0x98, 0x37, 0xBA, 0x52, 0x23, 0x3C, 0x5E, 0xEE, 0x4A,
    0x3D, 0xD1, 0xBF, 0x59, 0xE5, 0xCE, 0x4C, 0xCB, 0x56, 0xDD, 0xDB, 0x8A, 0x8C, 0xB3, 0x20, 0x70,
    0xAF, 0x9C, 0x06, 0x3E, 0x1C, 0x24, 0xD9, 0xD9, 0x29, 0x73, 0x99, 0xC8, 0x2B, 0x0C, 0x38, 0xD7,
    0xA9, 0x5B, 0x35, 0x24, 0xB0, 0x5D, 0x43, 0x7D, 0xE3, 0xDB, 0x67, 0xC8, 0xA6, 0x01, 0xA8, 0x8C,
    0x3F, 0x70, 0x35, 0xE8, 0x17, 0x0D, 0x50, 0xBB, 0x13, 0x6C, 0xA4, 0x25, 0x40, 0x6C, 0xBE, 0xB9,
    0x21, 0x65, 0xFF, 0xEA, 0xF7, 0x7A, 0xE4, 0x25, 0xFA, 0xBF, 0xFF, 0x17, 0x7A, 0xD7, 0xDF, 0xFC,
    0x0D, 0xCC, 0x3D, 0xDF, 0x7B, 0xB7, 0x0F, 0xA9, 0x1E, 0x77, 0x96, 0x9A, 0xE7, 0x8F, 0xDF, 0x44,
    0x9A, 0xA1, 0x37, 0x7F, 0x0B, 0xB5, 0xA4, 0xDF, 0xFC, 0x2C, 0x12, 0x88, 0x7F, 0x2D, 0xC1, 0x44,
    0xFE, 0xA5, 0xE7, 0x75, 0xFF, 0x06, 0xE8, 0xD6, 0x3F, 0x99, 0xE8, 0xFB, 0x42, 0xD3, 0x20, 0x2C,
    0x4C, 0x46, 0x5D, 0x62, 0x32, 0x07, 0xB1, 0x25, 0x68, 0x1A, 0xBB, 0xD5, 0x9C, 0xFE, 0xE1, 0x55,
    0xD8, 0x90, 0x24, 0x9D, 0xFB, 0xE0, 0xA0, 0xCF, 0x82, 0xED, 0x40, 0xCF, 0xA5, 0xA0, 0x84, 0xAD,
    0xC2, 0x46, 0x14, 0x2A, 0x6C, 0xC4, 0xA1, 0xC2, 0xC6, 0xFE, 0xC7, 0xA2, 0xC2, 0xC6, 0x8D, 0x60,
    0x8F, 0x48, 0xCD, 0x36, 0xB3, 0x09, 0x3F, 0x5A, 0x36, 0xAF, 0xF3, 0x1A, 0x1D, 0x27, 0xE5, 0xCB,
    0x6E, 0xCB, 0xC5, 0x9C, 0x89, 0xEE, 0xD7, 0xD5, 0x62, 0x5E, 0xFA, 0x13, 0x61, 0x82, 0xBD, 0x3C,
    0xA9, 0xE9, 0x05, 0x5B, 0xE9, 0x77, 0x71, 0x78, 0xC6, 0x6B, 0xD5, 0xB0, 0x9B, 0xBD, 0x0E, 0x2B,
    0xD1, 0x1F, 0xA1, 0x98, 0xDE, 0x6F, 0x77, 0xB2, 0x04, 0xB4, 0x0F, 0x31, 0xD3, 0x94, 0x16, 0x72,
    0xC2, 0x6D, 0xF1, 0xDB, 0xB8, 0x3C, 0x88, 0x56, 0xDF, 0xA3, 0x9A, 0x85, 0xD7, 0x45, 0xFE, 0x79,
    0xE1, 0x5F, 0xFF, 0x72, 0x96, 0x4C, 0x59, 0x4E, 0x8C, 0x82, 0xFE, 0x13, 0x82, 0x65, 0x46, 0x90,
    0x76, 0xE1, 0xC5, 0xB9, 0x41, 0xC7, 0xB8, 0x29, 0x11, 0xFA, 0x9F, 0xE9, 0x32, 0xEE, 0x98, 0x5B,
    0x4E, 0x7A, 0xB1, 0xC6, 0xB0, 0x08, 0xA6, 0x8A, 0xBD, 0x05, 0xD6, 0x4D, 0x66, 0x2A, 0x14, 0x18,
    0x21, 0x73, 0x15, 0x36, 0xC3, 0xA7, 0x98, 0xAD, 0xD0, 0x8B, 0x66, 0xCF, 0x30, 0x5F, 0x21, 0x58,
    0x95, 0x68, 0x48, 0x15, 0x56, 0x01, 0xEC, 0x0F, 0x6C, 0x1C, 0x59, 0x0B, 0xD5, 0x82, 0x5F, 0x9A,
    0x27, 0xCD, 0x1F, 0xCD, 0x9D, 0xE5, 0x29, 0x9F, 0x2D, 0xBC, 0xB0, 0x09, 0x4E, 0x01, 0xB7, 0xED,
    0x99, 0x01, 0x61, 0xBC, 0x65, 0xB2, 0xE7, 0x90, 0x19, 0x97, 0xEC, 0x53, 0x83, 0xD5, 0xF4, 0xFB,
    0x10, 0x00, 0xA8, 0xB4, 0xB1, 0x67, 0xD8, 0x99, 0x1A, 0x0F, 0xB8, 0xA9, 0x69, 0x28, 0x41, 0x02,
    0xB2, 0x5F, 0x4C, 0x92, 0x33, 0xDF, 0x46, 0x85, 0xFC, 0x58, 0xC4, 0x29, 0x67, 0x34, 0x7F, 0x42,
    0xF3, 0x9B, 0xD4, 0x9B, 0xA1, 0x7E, 0x35, 0x80, 0x6D, 0xC7, 0xAD, 0x0F, 0x00, 0x69, 0xD4, 0xBC,
    0xC8, 0x0D, 0xD5, 0x2C, 0xC3, 0xAA, 0x21, 0x77, 0x74, 0xC1, 0x44, 0x40, 0x02, 0xE1, 0x90, 0xB2,
    0xE1, 0x51, 0x7D, 0x28, 0x87, 0xDC, 0xFD, 0xA1, 0xE7, 0xDE, 0x52, 0xDE, 0xE3, 0x19, 0xBF, 0x8A,
    0x75, 0x8F, 0x90, 0x84, 0xAE, 0xF9, 0x5F, 0x40, 0x6E, 0xB6, 0xEE, 0x7F, 0xEA, 0x25, 0xFE, 0xA6,
    0x22, 0xCC, 0xDE, 0x55, 0xE4, 0x83, 0x15, 0x4C, 0xB1, 0x3C, 0xC9, 0x5C, 0x98, 0xBD, 0xFB, 0xE3,
    0x85, 0x33, 0xFB, 0xAA, 0x72, 0xC4, 0x17, 0x54, 0xC5, 0xF1, 0x44, 0xF1, 0x8F, 0xA5, 0xF5, 0x17,
    0xC6, 0x42, 0x27, 0x26, 0xA2, 0x68, 0x16, 0x22, 0x31, 0x4B, 0x42, 0x58, 0x99, 0x09, 0xFB, 0x08,
    0xF7, 0x84, 0xED, 0x03, 0x08, 0xFE, 0x89, 0xAF, 0xD6, 0xD1, 0x9D, 0x76, 0x9F, 0xA0, 0x6A, 0x1D,
    0x97, 0x5D, 0x5F, 0xCA, 0xEC, 0xAC, 0x5A, 0xC7, 0xA6, 0xD6, 0xF5, 0xA3, 0x5C, 0x5F, 0xCD, 0x95,
    0xAE, 0xAF, 0x55, 0xF7, 0x78, 0x80, 0xEB, 0x6B, 0xBE, 0xE0, 0xFA, 0x7A, 0x02, 0x12, 0x57, 0x8C,
    0x4C, 0x5C, 0x31, 0x11, 0x83, 0x39, 0x9E, 0x24, 0xAE, 0xE8, 0xA1, 0x76, 0x7C, 0xAF, 0x43, 0xE2,
    0x8A, 0xDF, 0xC6, 0xEC, 0x9F, 0x55, 0xC1, 0xA2, 0x78, 0x48, 0x43, 0xAE, 0x72, 0xC6, 0x83, 0xAF,
    0xF7, 0xF7, 0x7E, 0xBC, 0xEC, 0xBD, 0xD5, 0x38, 0x2D, 0xD0, 0x30, 0xE1, 0x13, 0x24, 0x62, 0x4B,
    0x3B, 0x9A, 0x86, 0x24, 0x89, 0xD8, 0xF6, 0xF3, 0xA6, 0x5F, 0xF7, 0xBD, 0xEC, 0x57, 0x42, 0x16,
    0x09, 0xC7, 0x76, 0xBE, 0x3E, 0xAE, 0xA4, 0x5C, 0xB7, 0x2B, 0x19, 0x34, 0xD5, 0x4A, 0xCC, 0x5F,
    0x39, 0xA5, 0xE6, 0x2D, 0x39, 0x6F, 0xE9, 0x79, 0x4B, 0xD0, 0xDB, 0xFE, 0x86, 0xA4, 0xB7, 0x34,
    0xBD, 0x25, 0xEA, 0x2D, 0x55, 0x6F, 0xC9, 0x7A, 0x4B, 0xD7, 0x5B, 0xC2, 0xDE, 0x52, 0xF6, 0x96,
    0xB4, 0xB7, 0xB4, 0xBD, 0x25, 0xEE, 0xED, 0x11, 0xDD, 0x14, 0xA3, 0xD9, 0x56, 0xA3, 0xD9, 0x96,
    0xA3, 0x39, 0xAD, 0x47, 0xB3, 0x45, 0x0A, 0xC3, 0xB8, 0x55, 0x6A, 0x74, 0xD9, 0xB1, 0xD6, 0x45,
    0xEF, 0x43, 0x47, 0xC9, 0x2F, 0xEF, 0x94, 0x00, 0x8B, 0xA3, 0x92, 0xA0, 0xB0, 0x69, 0x21, 0x42,
    0x21, 0x51, 0x90, 0xA1, 0x70, 0x29, 0x10, 0xA2, 0x14, 0x4C, 0xB6, 0x7C, 0x87, 0xB1, 0x75, 0x76,
    0x86, 0xB5, 0x52, 0x82, 0x8C, 0x8C, 0x24, 0x23, 0x23, 0xCA, 0xC8, 0xC8, 0x32, 0xB2, 0x8C, 0x2A,
    0xDA, 0xF9, 0xD3, 0x41, 0xBD, 0x5D, 0x2E, 0x74, 0xFA, 0x28, 0xD2, 0xCC, 0x2A, 0x9A, 0x6B, 0xD9,
    0xD1, 0x5D, 0xBD, 0x8A, 0x08, 0xCF, 0x6D, 0xAC, 0xE8, 0x9B, 0xEA, 0x20, 0xBA, 0x04, 0x7B, 0xB7,
    0x6E, 0xA7, 0xBE, 0x67, 0x51, 0x9B, 0xA5, 0x94, 0x9C, 0xE9, 0xC3, 0x36, 0x98, 0x99, 0x3B, 0x87,
    0xC1, 0xF5, 0x18, 0xB6, 0x21, 0x0D, 0x45, 0x41, 0x56, 0x53, 0xB7, 0x41, 0xC0, 0x4C, 0x97, 0xCE,
    0xC3, 0x45, 0xBA, 0x9A, 0xBF, 0x43, 0xDE, 0xF4, 0xC8, 0x1C, 0x9C, 0xB7, 0x96, 0xB5, 0xAF, 0x35,
    0xC2, 0x46, 0xDA, 0xC1, 0x35, 0x31, 0x30, 0x73, 0x46, 0x56, 0x9A, 0x46, 0x7D, 0xF9, 0xBC, 0xB3,
    0xE4, 0xF2, 0x30, 0x7C, 0x1D, 0x43, 0x56, 0x75, 0xC6, 0x5A, 0x74, 0xF8, 0x4C, 0xA2, 0x71, 0x17,
    0x3B, 0x4D, 0xB4, 0x9E, 0xEA, 0x67, 0x76, 0x9A, 0xC5, 0x39, 0xD1, 0xF7, 0x65, 0x6A, 0x47, 0x8E,
    0x15, 0x72, 0x90, 0x22, 0x99, 0xFD, 0xA0, 0xB6, 0xE2, 0x56, 0x91, 0x70, 0x91, 0xF5, 0xCF, 0x98,
    0x8D, 0x5E, 0x74, 0x15, 0xF1, 0x63, 0x8F, 0x20, 0x9E, 0x04, 0xE9, 0x3E, 0x00, 0x81, 0x27, 0xF7,
    0x42, 0xCC, 0xFE, 0xB2, 0x35, 0xC4, 0x18, 0xF4, 0xFF, 0x24, 0x3F, 0xED, 0xD6, 0x04, 0x1E, 0x25,
    0xED, 0x5A, 0x6C, 0x3E, 0x1B, 0xF2, 0x60, 0xCE, 0xC9, 0x37, 0x89, 0x72, 0x8B, 0x20, 0x72, 0x68,
    0x82, 0x23, 0xC3, 0xB1, 0xBA, 0xCD, 0x37, 0x3E, 0x67, 0x49, 0x81, 0xCE, 0x6E, 0x1B, 0xA2, 0x6E,
    0x32, 0x44, 0x9D, 0x33, 0x44, 0x9D, 0x33, 0x44, 0x9D, 0x33, 0x44, 0x1D, 0x3B, 0xE0, 0x7E, 0x44,
    0xD4, 0x59, 0xA7, 0x2D, 0x16, 0x43, 0xD4, 0x2D, 0x9A, 0xF2, 0xB5, 0x5C, 0x14, 0x51, 0x87, 0x38,
    0xCE, 0x98, 0xC1, 0x78, 0x02, 0xA1, 0xEB, 0xB1, 0x55, 0x3D, 0x10, 0x75, 0x23, 0x92, 0x05, 0xB7,
    0xCC, 0xB9, 0xA8, 0x14, 0x5E, 0x4A, 0x7D, 0x6F, 0xE4, 0x36, 0x5F, 0x00, 0xA4, 0xEB, 0xD0, 0x81,
    0x55, 0x3D, 0x5B, 0x40, 0xD8, 0x2D, 0x3B, 0x7B, 0x74, 0x34, 0x0E, 0x2C, 0xF7, 0xB2, 0x23, 0x2E,
    0x82, 0x5C, 0x1C, 0x94, 0x72, 0x07, 0x14, 0xD3, 0x45, 0x80, 0x46, 0x7D, 0x11, 0x93, 0x44, 0x8B,
    0x79, 0x74, 0x66, 0x15, 0x02, 0xF2, 0x83, 0x8A, 0x66, 0x5E, 0xDE, 0x99, 0x2C, 0x05, 0x68, 0x28,
    0x22, 0x62, 0x2E, 0x5C, 0xB3, 0x1C, 0x2B, 0x9E, 0x22, 0x7E, 0xC9, 0x76, 0xB0, 0xB6, 0xEF, 0x4D,
    0x03, 0x84, 0xA7, 0x36, 0x0C, 0xE3, 0x4E, 0x3E, 0xFF, 0xD2, 0x6D, 0x4D, 0x28, 0x91, 0x6B, 0xC6,
    0xD8, 0x63, 0x44, 0xAE, 0xD8, 0xB8, 0x10, 0x8A, 0x2B, 0xFC, 0xE3, 0xF7, 0xE0, 0xD2, 0x1A, 0xC4,
    0xFC, 0x8B, 0xB4, 0x83, 0x9D, 0x06, 0x19, 0x65, 0x64, 0x06, 0x60, 0x2D, 0x87, 0x98, 0x79, 0x73,
    0x0B, 0x59, 0xA3, 0x96, 0x71, 0xAE, 0x96, 0xCD, 0x73, 0xED, 0xD5, 0x0B, 0xEB, 0x02, 0x8F, 0xD6,
    0xF3, 0x4C, 0x08, 0x49, 0x50, 0x91, 0x0D, 0x14, 0xBD, 0x0A, 0x39, 0x2E, 0x17, 0xF2, 0x95, 0xA3,
    0xBE, 0x0F, 0x39, 0x12, 0xB1, 0xC4, 0x29, 0xDC, 0xCB, 0xF2, 0x7D, 0x39, 0xCA, 0xC9, 0x09, 0xCF,
    0x29, 0x21, 0x50, 0xCA, 0x6E, 0x39, 0x4D, 0xE0, 0xEB, 0xDE, 0x67, 0xA0, 0xD9, 0xA4, 0x01, 0x8A,
    0x7E, 0x36, 0xBF, 0x0B, 0xEE, 0x58, 0xE9, 0x95, 0xF0, 0xCE, 0x26, 0x1B, 0xBD, 0x95, 0x42, 0x51,
    0xF0, 0xA6, 0xA4, 0xA1, 0x3F, 0x6A, 0x58, 0xFA, 0x73, 0xBC, 0xE9, 0xE7, 0x4D, 0x02, 0xE1, 0x3D,
    0xC1, 0x0B, 0x5E, 0x5B, 0x14, 0xE1, 0xDF, 0xDF, 0xE0, 0xB7, 0x30, 0xE4, 0x1D, 0xC2, 0xAC, 0x5B,
    0x86, 0x5D, 0x47, 0xC5, 0xBD, 0x66, 0xF4, 0x72, 0x6B, 0xDD, 0x15, 0x93, 0x57, 0x5D, 0x9A, 0xD6,
    0x2B, 0xBD, 0x23, 0x82, 0x48, 0xCA, 0x21, 0x96, 0xFC, 0x99, 0xB5, 0x58, 0xFF, 0xF3, 0xB1, 0xEE,
    0x25, 0x8E, 0x64, 0x90, 0x20, 0x27, 0x31, 0x9D, 0x48, 0xE3, 0x45, 0x57, 0x69, 0x04, 0x00, 0x28,
    0x71, 0xAF, 0x07, 0xCF, 0x99, 0xDD, 0xCB, 0x08, 0xF4, 0x77, 0xDF, 0xC6, 0xEA, 0x36, 0xF0, 0x85,
    0xBF, 0x5D, 0xBB, 0xC3, 0x4F, 0x81, 0x21, 0x7E, 0x67, 0x89, 0x02, 0xF4, 0x76, 0xC1, 0x96, 0x9F,
    0x57, 0x8C, 0x96, 0xFE, 0x09, 0x2A, 0xB4, 0x54, 0x3D, 0xA4, 0xD0, 0x92, 0xF9, 0x59, 0xA2, 0xAB,
    0xDB, 0x6C, 0xE7, 0x4E, 0x0E, 0x52, 0x11, 0xC2, 0x8C, 0xFA, 0x53, 0xD3, 0xF4, 0x8D, 0xE8, 0x47,
    0x95, 0x8D, 0xA9, 0x7E, 0x60, 0x36, 0x26, 0xF8, 0xC5, 0x13, 0x7B, 0xF9, 0x99, 0xBD, 0xA8, 0x1C,
    0x77, 0x07, 0x0D, 0x13, 0x2C, 0x83, 0x94, 0x02, 0xCF, 0xE5, 0x4F, 0x40, 0x69, 0x29, 0xD5, 0xCD,
    0x78, 0x5E, 0x0D, 0xAE, 0x5B, 0xB8, 0x15, 0x19, 0x7A, 0xD0, 0x2F, 0xA8, 0xB6, 0x89, 0x84, 0xD6,
    0x0C, 0x3C, 0xD3, 0x69, 0x6B, 0xC8, 0x0C, 0xF3, 0x6C, 0x68, 0x04, 0x8A, 0xD9, 0x82, 0x3E, 0xC6,
    0x59, 0xB0, 0x5E, 0x1B, 0x2C, 0x0B, 0xD6, 0x1B, 0x53, 0xC8, 0x82, 0x35, 0x84, 0x2C, 0x58, 0x7D,
    0xC8, 0x82, 0x75, 0xB4, 0x2C, 0x58, 0x7F, 0x71, 0xB4, 0x2C, 0x58, 0x5F, 0xB2, 0x6B, 0xFD, 0xD9,
    0x22, 0xDC, 0xDE, 0x65, 0x77, 0xD9, 0x9D, 0xB3, 0xE9, 0x85, 0x7F, 0x6D, 0x8E, 0xE1, 0xBA, 0x6F,
    0x2F, 0x49, 0x15, 0xE9, 0xB6, 0x12, 0x84, 0x4A, 0x26, 0xB3, 0x4A, 0x25, 0x93, 0x4A, 0x24, 0xA3,
    0x24, 0xE9, 0xF6, 0x3B, 0x4D, 0x8C, 0xB2, 0xE6, 0xA3, 0x03, 0xE0, 0x16, 0x4A, 0xD3, 0x51, 0xE1,
    0xC8, 0xCC, 0xEF, 0x9B, 0xA9, 0xE9, 0x3C, 0xD7, 0xCC, 0xE8, 0xA5, 0xE6, 0x4E, 0x07, 0xFD, 0xA4,
    0xEE, 0x75, 0xC5, 0x77, 0xBC, 0xA1, 0x75, 0x0F, 0x50, 0x43, 0xD4, 0x2C, 0xD1, 0x80, 0x46, 0x47,
    0x9B, 0x70, 0x6A, 0x4D, 0x98, 0xFB, 0xA1, 0x61, 0x68, 0x6E, 0x39, 0xF5, 0xB7, 0x90, 0x3D, 0xED,
    0x95, 0x5A, 0x53, 0xA3, 0xD6, 0x6B, 0xFE, 0x9E, 0xA9, 0xCE, 0x80, 0x5D, 0x2C, 0x04, 0x3B, 0x31,
    0x95, 0x80, 0xCE, 0x8B, 0x79, 0xA1, 0x9E, 0xE3, 0x1A, 0xCE, 0xA4, 0x72, 0x56, 0xFC, 0x23, 0xA5,
    0x79, 0x4A, 0x16, 0x25, 0x30, 0x52, 0x35, 0xB2, 0x85, 0x34, 0xB2, 0xF9, 0x11, 0x44, 0xE0, 0xCF,
    0xC0, 0xD6, 0xF0, 0x02, 0x3C, 0x4D, 0xBF, 0x0C, 0xD3, 0xE8, 0xE7, 0x50, 0xBB, 0xA7, 0xEE, 0x0C,
    0x3B, 0xBD, 0xD3, 0x28, 0xF2, 0xD5, 0xF3, 0xB2, 0x53, 0xCE, 0x79, 0xD1, 0xCF, 0xCE, 0x83, 0x93,
    0xBA, 0x8B, 0xC6, 0xB9, 0x7C, 0x0A, 0x30, 0x9D, 0x33, 0xAB, 0xAB, 0x39, 0x18, 0x64, 0x98, 0x68,
    0xA8, 0x1F, 0xFA, 0xBE, 0x66, 0x1F, 0x70, 0x5F, 0xEF, 0xF8, 0x2B, 0xF3, 0xB6, 0xEA, 0x38, 0x47,
    0x55, 0x24, 0xE4, 0xF3, 0xE7, 0xCD, 0xC2, 0x14, 0xF0, 0x3F, 0x7E, 0xFB, 0x7A, 0xF6, 0xAA, 0xBB,
    0xFF, 0x8A, 0x82, 0xDF, 0x14, 0x02, 0xB7, 0x57, 0xD3, 0xCD, 0xF7, 0xBD, 0xAF, 0x4F, 0x8B, 0xAA,
    0x45, 0x8F, 0x59, 0x54, 0xAD, 0x0D, 0x45, 0xD5, 0x5A, 0x2B, 0xAA, 0x16, 0x94, 0xAC, 0xFD, 0x5A,
    0xF6, 0x6B, 0xED, 0x05, 0xC5, 0x68, 0x53, 0x00, 0x6C, 0xBA, 0xCC, 0x34, 0x57, 0xFF, 0x7B, 0x16,
    0xF8, 0x6D, 0x16, 0xAC, 0x5A, 0xBC, 0xB3, 0x3E, 0xC2, 0xDC, 0x70, 0x15, 0x72, 0xC3, 0x25, 0x47,
    0xE4, 0x86, 0xCB, 0x3B, 0xE4, 0x86, 0x13, 0x5B, 0x85, 0x9C, 0xFE, 0x96, 0xB9, 0xE1, 0x7C, 0x53,
    0xED, 0x18, 0x2D, 0xEB, 0x3F, 0xD2, 0x22, 0xC9, 0x96, 0x7A, 0x24, 0xCD, 0x11, 0x72, 0x55, 0xC3,
    0xE7, 0x5F, 0x3F, 0xF1, 0xE3, 0xAF, 0x4B, 0x40, 0x3B, 0x4F, 0x4C, 0x25, 0x57, 0x7E, 0x92, 0xD0,
    0x45, 0x65, 0x17, 0x9A, 0x11, 0x66, 0x10, 0x68, 0x3A, 0x21, 0xE4, 0x04, 0xF6, 0x00, 0xAF, 0x45,
    0x26, 0xAC, 0xC6, 0x9D, 0x0D, 0xC5, 0x92, 0x4C, 0x4C, 0xB1, 0xD5, 0x97, 0xB3, 0x97, 0xB4, 0x44,
    0x90, 0xC9, 0xBA, 0x72, 0x62, 0x4A, 0x93, 0x68, 0xEF, 0x35, 0x8E, 0x7D, 0xBB, 0x4D, 0xF5, 0xAE,
    0xB1, 0x05, 0x63, 0xE8, 0x5A, 0xB8, 0xA4, 0x6A, 0x77, 0xBB, 0x15, 0x7E, 0xB8, 0x5B, 0x31, 0x88,
    0xC9, 0x0A, 0x44, 0x34, 0x1C, 0xE2, 0xD1, 0x96, 0x39, 0x61, 0xB4, 0x73, 0x40, 0x24, 0x66, 0x2B,
    0x2C, 0xD1, 0x50, 0x37, 0x95, 0x99, 0xE9, 0x32, 0x57, 0xD9, 0xBD, 0x0A, 0x56, 0x59, 0xB8, 0x70,
    0xD1, 0xF2, 0xF2, 0x82, 0x3A, 0x5C, 0xAE, 0x29, 0x39, 0x28, 0x98, 0x95, 0xCB, 0x79, 0xF4, 0x5C,
    0xA3, 0x61, 0x06, 0x6E, 0x13, 0xE7, 0xE6, 0x98, 0x6F, 0xA8, 0x5E, 0xCB, 0x73, 0x35, 0x6E, 0xD5,
    0x90, 0xA2, 0x6D, 0x3C, 0x6E, 0x88, 0xB2, 0x7C, 0x68, 0x98, 0xC1, 0xF1, 0x07, 0x08, 0x33, 0x28,
    0x43, 0xAC, 0x99, 0x96, 0xE2, 0x18, 0xD7, 0x88, 0x82, 0x53, 0xC0, 0xED, 0x13, 0x16, 0xEA, 0xFB,
    0xA3, 0x4F, 0x30, 0xF8, 0x24, 0x14, 0x01, 0xEC, 0x3E, 0xD2, 0x22, 0x80, 0xA3, 0x71, 0x00, 0xC3,
    0xEC, 0x04, 0xF7, 0x4E, 0x20, 0xDD, 0xE0, 0x24, 0x08, 0xB4, 0xDA, 0xF4, 0x17, 0xE9, 0x34, 0x50,
    0x69, 0x60, 0xD4, 0x81, 0x58, 0xDD, 0x25, 0xA7, 0xC0, 0xC6, 0x25, 0xF0, 0x51, 0xA6, 0x76, 0xDC,
    0xB7, 0x68, 0x10, 0x6D, 0xB2, 0xE6, 0x74, 0x54, 0xB7, 0x33, 0xB9, 0x44, 0x0D, 0xC7, 0xCC, 0x84,
    0x26, 0xBA, 0x61, 0x68, 0x82, 0xC3, 0x03, 0x9B, 0x9D, 0xDB, 0x42, 0x4B, 0x74, 0xBD, 0x8B, 0xE3,
    0x96, 0xDC, 0x64, 0x65, 0x0F, 0x85, 0x95, 0xB9, 0x2E, 0x8D, 0xEE, 0x84, 0xDC, 0xE8, 0x66, 0x6D,
    0xE6, 0x8D, 0x09, 0x3C, 0xD8, 0xBF, 0xD9, 0x19, 0x37, 0x06, 0xFD, 0x60, 0xCD, 0x6F, 0x48, 0x6E,
    0x79, 0xAB, 0x74, 0x57, 0x1C, 0xAC, 0xF3, 0x69, 0x25, 0xC0, 0x72, 0x47, 0xC7, 0xFF, 0x54, 0x1A,
    0xCA, 0xB0, 0x79, 0x91, 0x36, 0x58, 0xB3, 0x0E, 0xD7, 0x2E, 0xA4, 0x66, 0x5E, 0x63, 0x38, 0xDF,
    0x55, 0xB5, 0x71, 0x52, 0xFD, 0x71, 0x37, 0x2A, 0xCC, 0x39, 0x19, 0x94, 0x00, 0x93, 0xBE, 0xB0,
    0xCE, 0x63, 0x10, 0xE0, 0xF5, 0x8D, 0x93, 0xC1, 0x24, 0x4D, 0x12, 0xA0, 0xD9, 0xEC, 0x8D, 0x28,
    0x50, 0xF5, 0xA6, 0x84, 0x13, 0xB4, 0xAA, 0x1D, 0x43, 0x3A, 0xC5, 0x76, 0xBB, 0x40, 0x69, 0x2A,
    0x68, 0xD8, 0x00, 0x0F, 0x62, 0xE9, 0x29, 0x56, 0x77, 0x89, 0xDC, 0x9F, 0xF4, 0xE0, 0x41, 0xAF,
    0x33, 0x30, 0xF4, 0x8D, 0x0E, 0xB4, 0xF1, 0x57, 0x7F, 0x4D, 0xA8, 0xAA, 0xD3, 0xA4, 0x76, 0x74,
    0x47, 0xBC, 0xCF, 0x82, 0xA4, 0x6F, 0x30, 0xA7, 0xFD, 0xCB, 0x6C, 0x3E, 0xEB, 0x0E, 0x82, 0x70,
    0x4E, 0xDD, 0x57, 0xFD, 0x5B, 0x3F, 0x91, 0x59, 0x61, 0x29, 0xCD, 0xB8, 0x82, 0xC9, 0xA7, 0x76,
    0x52, 0xBA, 0x90, 0x85, 0xE6, 0x62, 0x58, 0x52, 0xF2, 0xE0, 0xB0, 0xA4, 0x2B, 0xC3, 0x93, 0x1E,
    0x58, 0x57, 0xAF, 0x5C, 0x98, 0xCC, 0xAF, 0x9E, 0x1B, 0x63, 0xE2, 0xC1, 0x72, 0xA3, 0x95, 0xEB,
    0x68, 0x73, 0x5C, 0x2A, 0xE6, 0x59, 0x63, 0x3A, 0xA2, 0x9D, 0x72, 0x9A, 0xF5, 0xBF, 0x2E, 0x98,
    0xCA, 0x13, 0xF8, 0xC5, 0xDA, 0x0B, 0xC1, 0xDE, 0x6D, 0x08, 0xF6, 0xCE, 0x2E, 0x84, 0x2C, 0xF9,
    0x1D, 0x17, 0xF4, 0x4A, 0x4C, 0x05, 0x44, 0x68, 0x75, 0x51, 0x16, 0x29, 0xE1, 0xC5, 0x23, 0xF1,
    0x2C, 0x1F, 0x30, 0x51, 0xC9, 0xA3, 0x92, 0xE9, 0x9C, 0xA1, 0x60, 0x14, 0xE8, 0x5A, 0xF2, 0x33,
    0x8A, 0x8F, 0x61, 0x86, 0x18, 0x5A, 0x68, 0x46, 0xF6, 0x7B, 0x9E, 0x13, 0xFA, 0xD5, 0x79, 0x7F,
    0xA2, 0x38, 0xC9, 0xA4, 0x7F, 0xB4, 0x6F, 0x12, 0x73, 0xAB, 0x19, 0xD9, 0xE3, 0x0F, 0x25, 0x23,
    0xFB, 0xE3, 0x26, 0x2A, 0xB9, 0x76, 0xA7, 0x0A, 0xD8, 0xD3, 0x60, 0xD5, 0x3F, 0x98, 0x53, 0xCD,
    0x54, 0x1D, 0xCD, 0xDC, 0xF5, 0xDE, 0x75, 0xF1, 0x54, 0x89, 0x11, 0x2F, 0x06, 0xB0, 0x05, 0xB0,
    0xA0, 0xB9, 0x18, 0x58, 0x85, 0x77, 0x2E, 0x19, 0xF5, 0xD3, 0xCC, 0x75, 0x9F, 0x31, 0xBC, 0xA7,
    0x46, 0xA2, 0x35, 0x89, 0x73, 0xEA, 0x4B, 0xDE, 0x41, 0xE5, 0xA8, 0x77, 0x90, 0x78, 0xC3, 0xEE,
    0xDC, 0xB9, 0xC3, 0xA0, 0x2D, 0x47, 0xDB, 0xFC, 0x85, 0xA2, 0xBA, 0xE2, 0xD7, 0xB8, 0x77, 0xEE,
    0x7F, 0xAA, 0x30, 0xEC, 0x6D, 0x67, 0xBC, 0xD4, 0x99, 0x98, 0x41, 0x83, 0x02, 0x7C, 0x1E, 0x69,
    0x89, 0xB4, 0x06, 0x56, 0xD0, 0x8A, 0xF7, 0xA9, 0x60, 0x97, 0x6E, 0x69, 0x82, 0x22, 0x4E, 0x39,
    0xB7, 0xF9, 0xED, 0x37, 0x5C, 0xC4, 0x99, 0x87, 0x4F, 0x0B, 0xBE, 0xAD, 0x15, 0xDF, 0xAE, 0xBD,
    0xB2, 0x31, 0x1B, 0xA4, 0x21, 0x44, 0x0F, 0x8C, 0xE9, 0x3E, 0x6F, 0xCA, 0x4A, 0xF0, 0x58, 0x5E,
    0xC5, 0xAA, 0xFB, 0x5D, 0x97, 0x0B, 0x34, 0xDC, 0x0B, 0x95, 0xBD, 0x54, 0xF1, 0x6A, 0xC5, 0x20,
    0xDC, 0x96, 0x2D, 0xB2, 0x27, 0xD6, 0xAF, 0x79, 0xC9, 0xD8, 0x6B, 0x84, 0xAF, 0x7B, 0xCD, 0xD6,
    0xF3, 0x85, 0xEF, 0x11, 0xE3, 0xEA, 0x0C, 0xB5, 0xC2, 0x30, 0x79, 0xF7, 0x96, 0x4C, 0x48, 0x68,
    0x2E, 0xAD, 0x68, 0x5D, 0x3F, 0xB0, 0x82, 0xA2, 0xAC, 0xCD, 0xD2, 0x50, 0x05, 0xC3, 0x60, 0x57,
    0xC7, 0x22, 0x07, 0x36, 0x6E, 0x72, 0xF2, 0xFC, 0x04, 0xEE, 0x73, 0xF3, 0xFD, 0xED, 0xF3, 0xCE,
    0x5C, 0x57, 0x3B, 0xB3, 0x64, 0x6D, 0x3A, 0x87, 0xE8, 0xD4, 0xD2, 0xBC, 0x76, 0xE6, 0x8B, 0x28,
    0xF3, 0xD0, 0x89, 0x83, 0xD8, 0xF6, 0xF1, 0x22, 0x1C, 0x95, 0x8D, 0x6A, 0x6D, 0x0E, 0x27, 0x8D,
    0xDA, 0xF0, 0xA3, 0x6D, 0xF3, 0x1B, 0x6C, 0x7E, 0x31, 0x80, 0x08, 0xD4, 0x56, 0x92, 0x58, 0x68,
    0xDB, 0x12, 0x19, 0xD8, 0x90, 0x37, 0x8A, 0x41, 0x10, 0x0F, 0x41, 0x22, 0x2C, 0xDD, 0x7A, 0x9F,
    0xF0, 0x36, 0xA1, 0x06, 0xC3, 0xAB, 0x58, 0x75, 0xCE, 0x29, 0x18, 0x69, 0x62, 0x35, 0x66, 0xF5,
    0xC1, 0x4C, 0x93, 0xA8, 0x03, 0xB9, 0x0B, 0x66, 0xE4, 0xED, 0xA3, 0x2E, 0x3D, 0xF0, 0x2C, 0x44,
    0x75, 0x62, 0xFA, 0xCB, 0x1A, 0x2E, 0x73, 0xD5, 0xCF, 0xAA, 0xDD, 0x7C, 0x19, 0x95, 0x24, 0x55,
    0x79, 0x1F, 0x43, 0x22, 0x22, 0xA0, 0xD8, 0x36, 0x4A, 0xFA, 0x62, 0xAB, 0x87, 0x67, 0xBF, 0xB3,
    0xBA, 0x5C, 0x53, 0xB7, 0xF1, 0x8A, 0xEE, 0x9C, 0xDB, 0x18, 0x48, 0x6F, 0x2D, 0xD5, 0x07, 0x0A,
    0xB6, 0x7F, 0x7E, 0x1B, 0xE5, 0xD2, 0x5C, 0x15, 0xE5, 0x52, 0x6C, 0xA3, 0x5C, 0x9A, 0xD3, 0x28,
    0x97, 0x5E, 0xA3, 0x5C, 0x26, 0xBD, 0xF2, 0x3A, 0x8B, 0x72, 0xF9, 0x6C, 0x7B, 0x45, 0x94, 0x8B,
    0xB8, 0xF3, 0x3A, 0xB3, 0x58, 0x34, 0xA7, 0x51, 0x2E, 0x96, 0xDF, 0x2E, 0x59, 0x2E, 0x44, 0xB9,
    0x74, 0x6B, 0x94, 0x4B, 0xBC, 0x8D, 0x72, 0xF9, 0x77, 0xEE, 0x68, 0xAB, 0x13, 0x3F, 0x5E, 0x94,
    0x4B, 0xE9, 0x5E, 0x74, 0xFF, 0xDE, 0x4C, 0x42, 0x12, 0xE5, 0xF2, 0xE9, 0x10, 0x2B, 0x31, 0x64,
    0x2E, 0x0A, 0x5E, 0x04, 0xB9, 0x58, 0x15, 0x67, 0x96, 0x23, 0xCD, 0xE9, 0x26, 0xCA, 0x65, 0x0E,
    0x01, 0x01, 0x8B, 0xCC, 0xFA, 0xCA, 0x28, 0x97, 0xDE, 0x2A, 0x13, 0x32, 0x31, 0xAE, 0x60, 0xBC,
    0xD6, 0x28, 0x97, 0x81, 0xD8, 0x58, 0xC9, 0x6D, 0xB9, 0x89, 0x72, 0x19, 0x19, 0xD8, 0x82, 0x77,
    0x90, 0xAD, 0x11, 0x45, 0xAC, 0x51, 0x2E, 0x07, 0x26, 0x3D, 0x0C, 0x51, 0x2E, 0x9B, 0x14, 0x1E,
    0xEB, 0x4E, 0x26, 0xC6, 0x5D, 0xFA, 0x28, 0x6D, 0x83, 0xE9, 0x27, 0x3B, 0x84, 0xC8, 0x8A, 0xB2,
    0x32, 0xC0, 0x77, 0x88, 0x72, 0xC9, 0x56, 0xAF, 0x7B, 0xB6, 0x92, 0xD1, 0x6E, 0x35, 0x3C, 0x45,
    0xFF, 0xE8, 0xAD, 0x87, 0x51, 0xCF, 0xD3, 0xEA, 0x6C, 0x0F, 0xAB, 0xCE, 0xF6, 0x21, 0xC3, 0x82,
    0x45, 0x32, 0x4D, 0x2D, 0xF7, 0x54, 0x28, 0x2A, 0xE9, 0xCC, 0xA1, 0x52, 0x5A, 0xE6, 0x14, 0x04,
    0x29, 0x18, 0x2C, 0xD8, 0xCE, 0x95, 0x9B, 0xEF, 0xCE, 0x6B, 0x48, 0xD8, 0x0A, 0x15, 0x0F, 0x91,
    0x0A, 0x4E, 0x2B, 0x84, 0xDE, 0x7B, 0xD1, 0x85, 0x1A, 0xCF, 0x8D, 0x5A, 0xF8, 0x3B, 0x02, 0x34,
    0x55, 0x6C, 0xEE, 0xB4, 0x67, 0x6C, 0x52, 0x11, 0x2B, 0x8A, 0x3D, 0xD1, 0x88, 0x05, 0xED, 0xE5,
    0x5A, 0xF0, 0x9A, 0xD2, 0xBE, 0xD6, 0x8A, 0xB6, 0xDE, 0x19, 0x71, 0x61, 0x06, 0x0B, 0x4E, 0xA9,
    0xB7, 0x02, 0x20, 0xDC, 0x2A, 0x2B, 0xCD, 0x36, 0x00, 0x91, 0x60, 0x47, 0x0A, 0x2A, 0xB5, 0xF2,
    0xDA, 0xA4, 0x35, 0x2B, 0xEC, 0x8A, 0x2E, 0x59, 0xB1, 0x25, 0x2B, 0xB2, 0x64, 0xC5, 0x95, 0x6C,
    0x50, 0x25, 0x9A, 0xBA, 0x68, 0x13, 0xC3, 0xB0, 0x67, 0x0C, 0x43, 0x2E, 0x4A, 0xD8, 0xAC, 0xA1,
    0x0C, 0x11, 0x53, 0xB0, 0x26, 0x88, 0x61, 0x20, 0xC2, 0xBA, 0x1E, 0xE1, 0x07, 0xAC, 0x07, 0xB8,
    0xBB, 0x9A, 0x1E, 0x16, 0x49, 0xAF, 0x8B, 0x1F, 0xD0, 0x58, 0x05, 0xEB, 0xC3, 0x06, 0x7A, 0x0E,
    0xAE, 0x9D, 0x48, 0x58, 0x63, 0xC5, 0xCC, 0xD7, 0x2D, 0x5D, 0x70, 0xC7, 0x48, 0x11, 0x23, 0x48,
    0x21, 0xD9, 0x31, 0xED, 0x12, 0x4D, 0xE0, 0x0C, 0x21, 0x8C, 0xB4, 0xD6, 0xB0, 0x34, 0x83, 0xC1,
    0x3F, 0x62, 0xB3, 0xAF, 0x6A, 0x53, 0x05, 0x1B, 0xFD, 0xDF, 0xA6, 0x79, 0xBE, 0x26, 0xE3, 0x72,
    0xDF, 0x31, 0xA5, 0xB7, 0x8D, 0x34, 0xAF, 0xAC, 0x66, 0xD5, 0x95, 0xDC, 0x65, 0x55, 0xB0, 0x72,
    0x1B, 0x40, 0xE9, 0x42, 0xEF, 0x68, 0xFF, 0x8A, 0x8B, 0x25, 0x76, 0xFF, 0xE3, 0xBA, 0xE1, 0xE4,
    0x0E, 0xA9, 0xA1, 0xE4, 0xAA, 0x80, 0x8B, 0x8B, 0xB6, 0xBD, 0x83, 0x9A, 0xA9, 0x55, 0xE1, 0x4B,
    0x67, 0x33, 0xDC, 0x64, 0x93, 0x29, 0x7D, 0xF9, 0x68, 0xBD, 0x62, 0x30, 0xD5, 0xD9, 0xD3, 0xB3,
    0x7A, 0x84, 0xCB, 0xCE, 0xAC, 0x09, 0x9E, 0xB2, 0x75, 0xB3, 0x03, 0x96, 0x38, 0xB6, 0xB0, 0x18,
    0x79, 0x98, 0x4A, 0x7B, 0x7B, 0x67, 0xFE, 0x96, 0x6C, 0xB6, 0x5E, 0x6E, 0x75, 0x75, 0x65, 0xED,
    0xD4, 0x47, 0xDC, 0x74, 0xBC, 0xDE, 0x7F, 0x6A, 0xA7, 0xF1, 0xB4, 0x51, 0xFE, 0xFB, 0xAA, 0x06,
    0x32, 0x6F, 0x6B, 0xCE, 0x1E, 0x90, 0x96, 0xAC, 0x74, 0xAB, 0x01, 0x4B, 0x25, 0x21, 0xD9, 0x22,
    0x30, 0x31, 0x27, 0x96, 0x56, 0x6B, 0xDB, 0x56, 0xBC, 0x5F, 0x2B, 0xDC, 0x07, 0x30, 0xCF, 0xC6,
    0xEB, 0x19, 0xE0, 0x4F, 0xBB, 0xD5, 0xBC, 0x1F, 0xA8, 0x31, 0x5C, 0x76, 0x51, 0x76, 0xBC, 0xC4,
    0xE3, 0x9F, 0x9C, 0xCA, 0x76, 0xD7, 0xB4, 0xB2, 0x5D, 0xD6, 0x6A, 0x65, 0xBB, 0x56, 0x2B, 0xDB,
    0xB5, 0x5A, 0xD9, 0xEE, 0xA0, 0xD7, 0x58, 0xC5, 0xCA, 0x76, 0x4E, 0x2B, 0xDB, 0x2D, 0xAC, 0x6C,
    0xF7, 0x82, 0x39, 0xD4, 0xC7, 0x53, 0x17, 0x85, 0x39, 0x8E, 0x2D, 0xDC, 0x48, 0x4F, 0x70, 0x6C,
    0xE2, 0xC0, 0xF8, 0x71, 0x82, 0x4A, 0xF7, 0x1F, 0x0D, 0x54, 0xBA, 0x7E, 0x04, 0x54, 0x3A, 0x32,
    0xF4, 0xCB, 0xA2, 0xF3, 0x01, 0xC7, 0xDD, 0x69, 0x3D, 0x6F, 0x37, 0x05, 0x87, 0xE5, 0xC6, 0xDC,
    0xB3, 0x49, 0x01, 0xB0, 0x45, 0xBA, 0xFC, 0xDD, 0x95, 0x29, 0x97, 0xB7, 0x9B, 0x25, 0xBA, 0x18,
    0x50, 0x10, 0x52, 0x02, 0xF2, 0xAB, 0x0F, 0x81, 0x93, 0x07, 0x22, 0x8F, 0x4D, 0xBD, 0xFC, 0x41,
    0xA0, 0xD2, 0x9B, 0x94, 0xE9, 0xEF, 0x9D, 0xD7, 0xF3, 0xA3, 0xA1, 0xD2, 0xC3, 0x06, 0x2A, 0x1D,
    0xC3, 0xD7, 0x59, 0xAD, 0x88, 0xE9, 0x48, 0xB1, 0x7A, 0x8A, 0xD4, 0x2B, 0x88, 0x3F, 0x03, 0x4A,
    0xAF, 0x52, 0x8F, 0x6B, 0x70, 0xA0, 0x04, 0x9B, 0xA7, 0x9E, 0x73, 0xF0, 0xDB, 0x9F, 0x25, 0x60,
    0xAF, 0xD6, 0x74, 0x68, 0xEF, 0xB0, 0x8E, 0x80, 0xE5, 0xE4, 0x9E, 0x37, 0x88, 0xBB, 0xB3, 0xFF,
    0x7E, 0x8A, 0x98, 0x7E, 0x0A, 0xFA, 0xFF, 0x21, 0x82, 0xFE, 0x37, 0xDE, 0xA7, 0xA6, 0xBF, 0x22,
    0x10, 0x3C, 0x59, 0x65, 0xDE, 0xD5, 0xC7, 0xAA, 0x61, 0x45, 0x17, 0x38, 0xF8, 0xD6, 0x3B, 0xF5,
    0xAD, 0x55, 0xD2, 0xFB, 0xE4, 0x0F, 0x4C, 0xC9, 0x3F, 0x28, 0xE8, 0xFF, 0x06, 0x49, 0x78, 0x42,
    0xF3, 0x67, 0x0A, 0xFA, 0x37, 0xEC, 0x3F, 0x31, 0xD5, 0x03, 0x2D, 0x79, 0x3D, 0xF0, 0xD4, 0xDC,
    0x59, 0xF3, 0xA5, 0x6A, 0x6C, 0xA3, 0xDB, 0xC6, 0xBE, 0x27, 0xA7, 0x29, 0xAA, 0x54, 0xB6, 0x3A,
    0x58, 0xE4, 0xE7, 0x93, 0xE0, 0x49, 0xEA, 0x3F, 0x3A, 0x4F, 0x52, 0xE1, 0x2C, 0x8F, 0xB8, 0x0A,
    0xD2, 0x89, 0x71, 0xBC, 0xBD, 0x75, 0x52, 0x7B, 0x64, 0x10, 0x0F, 0xD6, 0xCE, 0x7C, 0xD1, 0x6B,
    0x6F, 0xF7, 0xA1, 0x25, 0x7C, 0xDE, 0x74, 0xF6, 0x41, 0x1C, 0xA8, 0xB6, 0x1C, 0xF3, 0xC3, 0xF7,
    0x24, 0x75, 0x0F, 0xF4, 0x24, 0xED, 0x2F, 0x78, 0x92, 0x4E, 0xF8, 0xA0, 0x53, 0xEB, 0x03, 0xDF,
    0xA1, 0xE1, 0x7F, 0xDA, 0xCC, 0x1B, 0x7F, 0x9A, 0x1A, 0x00, 0x54, 0x53, 0xB1, 0x98, 0xD5, 0xC3,
    0xF6, 0xBA, 0x77, 0x27, 0x1E, 0xDE, 0x53, 0x73, 0x4A, 0xAE, 0x43, 0x5A, 0xAC, 0xE2, 0x9D, 0xD3,
    0xEE, 0x71, 0xAD, 0x54, 0x72, 0xD4, 0x68, 0xDB, 0x48, 0x13, 0xBB, 0x90, 0x65, 0x75, 0x9A, 0x3C,
    0x7E, 0xC7, 0xAC, 0xAD, 0x8B, 0x99, 0xE9, 0x39, 0xCA, 0xFD, 0x22, 0xEA, 0x0E, 0x10, 0x41, 0xE9,
    0x24, 0x88, 0xB9, 0xAF, 0xCD, 0x38, 0xFD, 0x82, 0x78, 0x84, 0xD8, 0x93, 0x8F, 0xCD, 0x90, 0xCC,
    0xE8, 0x16, 0x43, 0x33, 0xA4, 0x13, 0xBA, 0x12, 0x4E, 0x96, 0x0F, 0x04, 0x6D, 0x76, 0xE5, 0x58,
    0xA2, 0x0C, 0xBB, 0x9F, 0x5C, 0x39, 0xD5, 0x47, 0x0A, 0xDF, 0x6D, 0x39, 0xA1, 0xD0, 0x0E, 0xBA,
    0x0B, 0x21, 0x7B, 0xB1, 0xB8, 0xC2, 0x68, 0x56, 0x48, 0x1C, 0xEA, 0x3D, 0xD4, 0x93, 0x8A, 0xCC,
    0x23, 0x81, 0x03, 0x0B, 0xCC, 0x08, 0x42, 0x6F, 0xE9, 0x0C, 0x9B, 0x17, 0xBC, 0x02, 0xB4, 0x2A,
    0x34, 0x08, 0x8E, 0xC5, 0x36, 0x80, 0xFF, 0x8D, 0xE0, 0x57, 0xF0, 0xC9, 0xF7, 0x48, 0x7C, 0x64,
    0xDD, 0x11, 0xDD, 0x1D, 0xE1, 0xAD, 0x9E, 0x59, 0xBE, 0x55, 0x06, 0x15, 0x60, 0xAA, 0x43, 0x81,
    0x90, 0xB1, 0x09, 0xA9, 0xC1, 0xAE, 0xE6, 0x90, 0xC7, 0xD5, 0xD0, 0xB4, 0x61, 0x96, 0xD1, 0x65,
    0x61, 0xD7, 0xF2, 0x93, 0x9F, 0x42, 0xFB, 0xB6, 0x61, 0x53, 0xF3, 0x05, 0x66, 0xF9, 0x71, 0x2B,
    0x6E, 0x7C, 0x6D, 0x2D, 0x6E, 0x7C, 0x08, 0xC5, 0x8D, 0xDB, 0x50, 0xDC, 0xF8, 0x60, 0xC5, 0x8D,
    0x45, 0x65, 0x64, 0x71, 0x63, 0x17, 0x8A, 0x1B, 0x3B, 0x2B, 0x6E, 0xEC, 0x8F, 0x83, 0x16, 0x37,
    0x7E, 0x61, 0x45, 0xEB, 0x8C, 0x97, 0xD1, 0x3A, 0xAB, 0x03, 0x75, 0xB5, 0x02, 0x86, 0x65, 0x0F,
    0x06, 0xE3, 0x68, 0xB7, 0xEE, 0x1A, 0x16, 0xFA, 0xCE, 0x9D, 0x3B, 0xB7, 0x71, 0x63, 0x1C, 0x35,
    0x2E, 0x5D, 0x65, 0x8F, 0xEB, 0xAA, 0xB7, 0xB7, 0x01, 0x18, 0x90, 0xAE, 0xF8, 0x10, 0x3D, 0xC6,
    0x3C, 0xC5, 0x94, 0x69, 0x8A, 0x15, 0x06, 0xA2, 0x06, 0xB0, 0x7A, 0x5B, 0xE0, 0x2B, 0xA0, 0x57,
    0x4E, 0x52, 0x66, 0x19, 0x30, 0x30, 0x80, 0x54, 0x2E, 0x27, 0xCB, 0x52, 0xFE, 0x71, 0xF9, 0xB1,
    0x85, 0x9E, 0xCE, 0xB7, 0x2C, 0x5E, 0x3C, 0x14, 0x59, 0xB9, 0x22, 0x85, 0xE8, 0xCF, 0xD2, 0xFC,
    0xA4, 0xE6, 0x62, 0x89, 0xFF, 0xFA, 0x43, 0x25, 0xB6, 0x58, 0x95, 0xC3, 0x63, 0xAA, 0x9D, 0xA5,
    0x09, 0xF1, 0x5E, 0x47, 0x43, 0x8A, 0xD8, 0x3D, 0xFF, 0xD6, 0xA3, 0x0D, 0xA4, 0x12, 0xF0, 0x74,
    0x9A, 0x1E, 0xE1, 0xD4, 0x8D, 0x80, 0xEF, 0x99, 0x2E, 0xE0, 0xC7, 0x42, 0xB4, 0x85, 0x25, 0x0B,
    0xF7, 0xBC, 0xC5, 0x0C, 0x31, 0x6F, 0x5A, 0x96, 0x81, 0xCF, 0x59, 0xAC, 0xB5, 0x71, 0xD4, 0x59,
    0x2F, 0x8B, 0x62, 0x54, 0xE7, 0x60, 0xD9, 0xAB, 0x76, 0xDF, 0x74, 0xEC, 0xC4, 0x16, 0x83, 0x9D,
    0x10, 0x5C, 0x12, 0xB1, 0xD8, 0x44, 0x4F, 0x6B, 0xF1, 0x4E, 0x8F, 0xC8, 0x1A, 0x16, 0xC6, 0x33,
    0x6D, 0x98, 0x9D, 0xD8, 0xB0, 0x39, 0xAC, 0x28, 0x38, 0xE9, 0x5D, 0x44, 0x8F, 0xA3, 0xC5, 0x2F,
    0x4D, 0x7A, 0xF5, 0xD5, 0x44, 0xD3, 0x78, 0x49, 0x66, 0x86, 0xBC, 0x35, 0x68, 0xEA, 0x1D, 0xF0,
    0x0E, 0x24, 0xEE, 0x9A, 0x1A, 0xB5, 0xEB, 0x71, 0xF6, 0x9A, 0xE4, 0xF3, 0xEF, 0xC8, 0xA0, 0xDA,
    0xE8, 0x9F, 0x50, 0x8D, 0xFB, 0x0D, 0x28, 0x92, 0x50, 0xE0, 0x9A, 0x7E, 0x3F, 0xAD, 0xA1, 0x29,
    0xCA, 0x8B, 0xAC, 0xA0, 0xC7, 0xDD, 0xDB, 0x57, 0xAC, 0xFC, 0x2B, 0x48, 0x2E, 0x51, 0xB8, 0x17,
    0xE8, 0x6C, 0xF8, 0xB6, 0x46, 0x60, 0x2C, 0x9C, 0xA3, 0xB8, 0xC3, 0x17, 0xEC, 0x81, 0xD8, 0xA5,
    0x47, 0x28, 0x2B, 0xC8, 0x86, 0xDC, 0x46, 0x9A, 0xDA, 0x9B, 0xD9, 0x00, 0x63, 0x16, 0x5F, 0x92,
    0x75, 0x83, 0xEC, 0xD3, 0x9A, 0x79, 0xB6, 0x46, 0x3C, 0x0A, 0xE1, 0xD9, 0x68, 0x24, 0xB6, 0xA0,
    0xA1, 0xA9, 0x47, 0xD2, 0x7B, 0xB8, 0x5D, 0xDB, 0x4C, 0xD9, 0xDF, 0xB8, 0xAF, 0x75, 0xB5, 0x6B,
    0xFE, 0x4C, 0x30, 0xCF, 0xCE, 0xBD, 0x0C, 0x15, 0x57, 0x00, 0x62, 0x02, 0x7A, 0xDB, 0xC1, 0x5A,
    0x74, 0x04, 0x8F, 0xBC, 0x19, 0xF2, 0x9D, 0xFA, 0x43, 0x7E, 0x43, 0x03, 0x26, 0x2D, 0x35, 0xC8,
    0xC0, 0x1C, 0xDE, 0x91, 0xE3, 0x5D, 0x81, 0x9B, 0xD6, 0xE8, 0xD4, 0xCA, 0x39, 0x54, 0xF9, 0xF1,
    0x29, 0x31, 0x7E, 0x58, 0xC4, 0x48, 0xD9, 0x09, 0x69, 0x9A, 0xCA, 0x09, 0xDF, 0x57, 0x4F, 0x60,
    0x30, 0x0D, 0xEA, 0xAA, 0x8B, 0xB9, 0x0E, 0x91, 0x63, 0xED, 0xEA, 0x6E, 0x79, 0xD0, 0x92, 0x7F,
    0x4C, 0xA9, 0x50, 0x7D, 0xA3, 0xD3, 0x43, 0xFB, 0xB1, 0xED, 0x06, 0x19, 0xE4, 0x7B, 0x9F, 0xBF,
    0x6B, 0xA0, 0x65, 0x31, 0x4A, 0x6A, 0xF1, 0x84, 0x59, 0xFA, 0x6A, 0x34, 0x7F, 0x4F, 0xEC, 0x65,
    0x5C, 0xB2, 0xFA, 0x7F, 0x49, 0x5F, 0x05, 0xB8, 0x37, 0x50, 0x2E, 0x8B, 0x1F, 0xDD, 0x07, 0x9B,
    0x6D, 0x3A, 0xAF, 0x46, 0xB1, 0x62, 0xCC, 0xDC, 0x0A, 0xFF, 0xF3, 0xFD, 0x73, 0x95, 0xF6, 0xA0,
    0xE4, 0x2A, 0x40, 0x42, 0xF4, 0x08, 0xCD, 0x31, 0xB1, 0xA8, 0xC1, 0x8D, 0xDA, 0xB5, 0xA5, 0x10,
    0x84, 0x30, 0x3B, 0x6E, 0xDC, 0x3E, 0xE3, 0xC6, 0xEB, 0x33, 0x6C, 0x9C, 0x3E, 0x7D, 0x90, 0xD0,
    0xD1, 0x07, 0x8E, 0x84, 0x35, 0x1F, 0xE3, 0x99, 0xB0, 0x4A, 0xD9, 0x8A, 0x64, 0x8E, 0x42, 0xFD,
    0xA9, 0x94, 0x35, 0x07, 0x19, 0xA8, 0x37, 0x51, 0xA7, 0x4F, 0xDD, 0x6B, 0x9F, 0x07, 0xB6, 0xC6,
    0xB0, 0x8D, 0x03, 0x24, 0x50, 0xCB, 0xD7, 0x58, 0x22, 0xBD, 0x90, 0xA5, 0x73, 0xD0, 0xAA, 0xA4,
    0xF4, 0x0C, 0xFF, 0xAA, 0x97, 0xD0, 0x7F, 0x07, 0x03, 0x18, 0x62, 0x05, 0x3A, 0x4B, 0x41, 0xD5,
    0xD6, 0x62, 0xC8, 0x3A, 0x0E, 0x4D, 0xD2, 0x1A, 0xD6, 0x4B, 0xCC, 0x32, 0x9E, 0x22, 0xBD, 0x4F,
    0xF0, 0x85, 0xC1, 0xCE, 0x8B, 0x64, 0xFD, 0x28, 0x06, 0x8B, 0xC2, 0x48, 0x48, 0xCD, 0x8F, 0xE4,
    0x77, 0x92, 0x79, 0x0D, 0xB4, 0xD4, 0x4A, 0xC6, 0x77, 0xD1, 0x30, 0xBF, 0xEA, 0x34, 0x84, 0xD7,
    0x11, 0xC2, 0x4B, 0x88, 0x1B, 0x68, 0x4A, 0xD3, 0xA4, 0xD2, 0x9F, 0xDB, 0x20, 0x27, 0x4F, 0x94,
    0xC1, 0x31, 0x20, 0x96, 0xB9, 0xCA, 0xD3, 0xD6, 0xFB, 0x22, 0xAB, 0x08, 0x30, 0xFB, 0xAF, 0xDC,
    0x7D, 0x44, 0x98, 0xB8, 0xD7, 0x1D, 0xF3, 0x25, 0xB9, 0x48, 0xB1, 0xE0, 0x63, 0xA4, 0xD9, 0xE0,
    0x8F, 0xEA, 0xDF, 0xBD, 0xB9, 0x85, 0x06, 0xAC, 0xAE, 0x48, 0xB0, 0x85, 0x5F, 0x61, 0x65, 0x96,
    0x4C, 0xFD, 0x50, 0xF9, 0x20, 0xC9, 0xB5, 0xB0, 0x9E, 0x0D, 0x3D, 0xA7, 0xAF, 0xAA, 0xBA, 0xEF,
    0x34, 0xD7, 0x8C, 0x5A, 0x99, 0xEA, 0xE5, 0x31, 0xFC, 0x95, 0x3B, 0x0D, 0xF9, 0x4D, 0xB4, 0xDD,
    0xBB, 0x10, 0x52, 0xCE, 0x9D, 0xCE, 0xDC, 0x9F, 0x7F, 0xBE, 0x51, 0xFB, 0x43, 0xD1, 0x6B, 0x7A,
    0x09, 0x0D, 0x21, 0x2F, 0x34, 0x7C, 0xBC, 0x50, 0x9B, 0xC3, 0xCF, 0x47, 0x0F, 0x49, 0xDC, 0x38,
    0x91, 0x42, 0xDD, 0x6A, 0x38, 0x37, 0x4B, 0x8E, 0x19, 0xF5, 0xDD, 0x49, 0x10, 0x52, 0x77, 0x12,
    0x84, 0xB4, 0x4D, 0x9D, 0x19, 0x6B, 0x94, 0x7B, 0xC2, 0xB4, 0x53, 0xA0, 0x34, 0x38, 0xCA, 0x46,
    0x1D, 0x16, 0x30, 0xF3, 0xFF, 0x42, 0x86, 0x7D, 0xA6, 0xD3, 0x28, 0x56, 0xAA, 0x72, 0xEA, 0x48,
    0x5B, 0x1D, 0x99, 0x95, 0xB9, 0x93, 0xFF, 0x40, 0x9C, 0x7D, 0xFE, 0x5B, 0x93, 0x2E, 0xDA, 0xCF,
    0x62, 0x31, 0xF6, 0x02, 0x6C, 0xDD, 0x6A, 0xEE, 0xA1, 0x93, 0xAC, 0xFF, 0x9F, 0xB8, 0x77, 0x69,
    0x25, 0x9F, 0xE0, 0x1A, 0x8F, 0xD1, 0xF3, 0xDF, 0x34, 0x3F, 0xF7, 0x60, 0xDE, 0x89, 0x4A, 0x0F,
    0xF9, 0x51, 0x0F, 0x38, 0xD6, 0xEC, 0x36, 0x34, 0x05, 0x04, 0x3F, 0x2D, 0x94, 0x93, 0x11, 0x44,
    0xA5, 0xF1, 0x85, 0x7F, 0x0B, 0xD4, 0xD6, 0x3E, 0x00, 0x8C, 0x76, 0xB9, 0x15, 0x04, 0xC9, 0x97,
    0x50, 0x22, 0xD4, 0xA9, 0x73, 0xCE, 0xB9, 0x70, 0xC2, 0xA5, 0x2C, 0x06, 0x63, 0x08, 0x61, 0x33,
    0xA8, 0x35, 0x66, 0xB8, 0xD6, 0xBC, 0x87, 0x5A, 0x7C, 0x2B, 0x46, 0xB8, 0x06, 0x6D, 0x14, 0x40,
    0x83, 0x6B, 0x8E, 0xEC, 0x12, 0xAE, 0x83, 0x03, 0xF2, 0x70, 0x15, 0xEE, 0xDE, 0xDD, 0x90, 0x9C,
    0xAE, 0x57, 0x38, 0xC9, 0x61, 0x83, 0x0B, 0x2C, 0xCC, 0x75, 0xA5, 0x2C, 0x32, 0xFA, 0xE9, 0xDB,
    0x91, 0xD5, 0x40, 0x2C, 0x0C, 0xCF, 0x37, 0x28, 0x5A, 0x35, 0x5B, 0x2A, 0xFF, 0xA0, 0x0C, 0x30,
    0xC1, 0x0C, 0xB9, 0xCA, 0x13, 0x95, 0xAB, 0xE3, 0xC6, 0x59, 0x24, 0x03, 0x2B, 0x41, 0x16, 0xB8,
    0xBC, 0xDC, 0x88, 0x5D, 0x45, 0xC9, 0x32, 0x28, 0xA1, 0xE5, 0xA8, 0x25, 0x90, 0x51, 0x77, 0x1A,
    0x58, 0xE6, 0x8E, 0xD6, 0x25, 0x38, 0xA2, 0x16, 0xCD, 0x1F, 0x8F, 0x74, 0xD4, 0xCC, 0x96, 0x3C,
    0x6E, 0x91, 0x41, 0xCF, 0xB2, 0xF8, 0x50, 0x2C, 0xFE, 0x52, 0x0A, 0xFC, 0x1A, 0xEF, 0xFF, 0xBA,
    0xFA, 0x02, 0x5F, 0x56, 0xD9, 0x40, 0xE3, 0x85, 0xC6, 0xE8, 0xE1, 0xE7, 0xFC, 0xE9, 0xDE, 0x9F,
    0xEC, 0xBD, 0x82, 0x44, 0x62, 0x14, 0xED, 0x16, 0x05, 0xB5, 0x9C, 0x69, 0x35, 0xCC, 0x99, 0x55,
    0x4D, 0xFE, 0xDE, 0x9D, 0x84, 0xC8, 0x5D, 0x72, 0xD2, 0x3F, 0xC9, 0xD4, 0xB3, 0x12, 0x50, 0xB4,
    0xA5, 0x22, 0xE5, 0xA1, 0xAF, 0xAD, 0xBE, 0x88, 0x4C, 0xE9, 0x49, 0x7F, 0x79, 0x79, 0x75, 0x4D,
    0x64, 0x6E, 0x6B, 0x99, 0x78, 0x14, 0x79, 0x5D, 0xFC, 0x79, 0x9A, 0xE6, 0xF5, 0x47, 0x9F, 0xE6,
    0x75, 0xFC, 0x7E, 0xD2, 0xBC, 0x5E, 0x0D, 0x80, 0x09, 0x84, 0x33, 0x87, 0xFA, 0x24, 0xA9, 0x4B,
    0xD6, 0xE9, 0x87, 0x80, 0xD2, 0xDC, 0x05, 0x53, 0x6C, 0xBE, 0x8A, 0xA5, 0xE9, 0x90, 0x4C, 0xD1,
    0x07, 0xFD, 0x79, 0x8A, 0x7A, 0x79, 0x28, 0xEA, 0xE5, 0x06, 0x54, 0x90, 0x14, 0xF5, 0x6A, 0xBD,
    0x3C, 0xB1, 0x67, 0x74, 0x26, 0x88, 0x43, 0x78, 0x57, 0xC5, 0x64, 0x90, 0x32, 0x98, 0x6E, 0xFF,
    0xE0, 0xEA, 0x30, 0x3F, 0x19, 0xD9, 0x5C, 0x4F, 0xB8, 0x7C, 0x79, 0xC8, 0xC5, 0x8C, 0x7D, 0xAC,
    0x81, 0xD3, 0x06, 0x8F, 0x3E, 0xC2, 0xE9, 0x21, 0x11, 0xAC, 0xF1, 0xF2, 0xA0, 0x82, 0xB6, 0xA4,
    0x87, 0x27, 0x32, 0xA1, 0xEB, 0xCD, 0xC0, 0x90, 0x26, 0x5E, 0x75, 0x8B, 0xEA, 0x3F, 0x5C, 0x8F,
    0x05, 0x29, 0x79, 0x84, 0xC5, 0x12, 0xA7, 0x5E, 0x30, 0x99, 0x4D, 0xD1, 0x43, 0x2C, 0xF6, 0x8B,
    0x81, 0x6B, 0xB4, 0x8D, 0x0D, 0xDC, 0x71, 0xDC, 0x6C, 0x65, 0x3D, 0x6F, 0xA2, 0x6D, 0xB5, 0x70,
    0xE1, 0xDE, 0xA9, 0xE8, 0x81, 0xBF, 0xEE, 0xEE, 0xAA, 0xE1, 0x43, 0xCD, 0x1E, 0xEA, 0xD9, 0x31,
    0xBC, 0x89, 0x93, 0x02, 0xD2, 0xA8, 0x28, 0x81, 0xC2, 0x1A, 0x2C, 0x64, 0x3F, 0x59, 0x4C, 0x7D,
    0xE9, 0x70, 0x09, 0x94, 0xE2, 0x58, 0x3A, 0x5A, 0x2E, 0x8C, 0xCC, 0x92, 0xB6, 0x73, 0x7A, 0xB7,
    0xF4, 0x8B, 0xB9, 0x89, 0xBB, 0x8D, 0x62, 0xA2, 0xB3, 0x9D, 0xAC, 0xF2, 0x47, 0xB6, 0x20, 0xF1,
    0x50, 0x46, 0xC3, 0x00, 0x38, 0x06, 0xBC, 0x69, 0xF2, 0xB0, 0x4F, 0x1C, 0x22, 0x4B, 0xC4, 0xD9,
    0x6E, 0x3C, 0x2A, 0xCA, 0x73, 0x2D, 0x82, 0xE0, 0x18, 0xAD, 0xD8, 0xDA, 0x2C, 0x24, 0x34, 0xE8,
    0x36, 0xC0, 0x3D, 0x2B, 0x7A, 0xA8, 0x93, 0x36, 0x30, 0xCD, 0x95, 0x4D, 0x28, 0xCF, 0x9B, 0x52,
    0x3B, 0x14, 0x85, 0x48, 0xCE, 0x3C, 0x3D, 0x6C, 0xF5, 0x0C, 0xFC, 0x4B, 0xED, 0xBE, 0xC3, 0x22,
    0x1D, 0x8E, 0x89, 0x73, 0x9D, 0x06, 0x6D, 0xE1, 0x3B, 0xAE, 0x2F, 0x57, 0x58, 0xEC, 0xF2, 0x15,
    0x97, 0x5A, 0xAC, 0xB5, 0x1A, 0xCA, 0xF5, 0xAF, 0xE5, 0x6A, 0x9F, 0xB9, 0x76, 0x7E, 0x7E, 0xF3,
    0x83, 0x32, 0xDE, 0xA7, 0x95, 0xA1, 0x3E, 0x50, 0x65, 0xA8, 0xAD, 0xA7, 0xBC, 0x5B, 0x3D, 0xE5,
    0xE3, 0x5A, 0x19, 0x6A, 0x58, 0x2B, 0x43, 0xF5, 0x1F, 0xEB, 0x20, 0xCA, 0xEF, 0xB3, 0x5E, 0x6A,
    0x5C, 0x05, 0x73, 0x59, 0x36, 0x26, 0x81, 0x4A, 0xA7, 0x60, 0xAA, 0xAA, 0xA7, 0x90, 0x87, 0xA2,
    0x99, 0x02, 0xDA, 0xA5, 0x1E, 0x42, 0xF6, 0xE4, 0xE2, 0xF8, 0x50, 0xD9, 0xFB, 0x29, 0x19, 0x7F,
    0x14, 0x64, 0x6C, 0xC2, 0x1D, 0xE5, 0x8B, 0x72, 0x00, 0x56, 0x56, 0x2D, 0xBF, 0x32, 0x17, 0xF0,
    0x55, 0xD8, 0xDD, 0xEB, 0x43, 0xFE, 0x08, 0x03, 0xF0, 0xC7, 0x95, 0xB6, 0xCD, 0x0B, 0x61, 0x4E,
    0x88, 0x66, 0xA4, 0x5F, 0xCF, 0x8D, 0x9A, 0xEB, 0x4C, 0x5D, 0x11, 0x4E, 0x13, 0x3D, 0x3F, 0x6A,
    0x25, 0x1E, 0xB7, 0xB6, 0xA7, 0xFB, 0x0F, 0x34, 0x6E, 0x0E, 0x88, 0x8C, 0x6B, 0x90, 0x77, 0x6E,
    0x8C, 0x28, 0xFB, 0x4C, 0x09, 0x31, 0x1E, 0x9E, 0x98, 0x60, 0xF3, 0x99, 0x33, 0xEA, 0x05, 0x33,
    0x51, 0xBB, 0x52, 0xDB, 0x13, 0xA6, 0xB6, 0xA5, 0x0C, 0x2D, 0xA4, 0x91, 0x05, 0x82, 0x17, 0x92,
    0x40, 0xB3, 0x6D, 0x98, 0xB9, 0x62, 0x6A, 0x68, 0x82, 0xB3, 0x96, 0xB5, 0x3D, 0x53, 0x81, 0x31,
    0x20, 0xE8, 0xBD, 0xAB, 0x99, 0xC8, 0xAA, 0x2D, 0xB5, 0x88, 0x54, 0x49, 0xC8, 0x00, 0x86, 0x96,
    0x00, 0x68, 0x3C, 0x03, 0x8E, 0xB6, 0x17, 0x4B, 0xEC, 0x07, 0xAB, 0xED, 0xA9, 0xEA, 0xC3, 0x0E,
    0x96, 0x62, 0x11, 0xA3, 0xC8, 0x2A, 0xE8, 0x66, 0xA8, 0x07, 0x91, 0xD8, 0x8B, 0x63, 0xD6, 0x3F,
    0x64, 0x45, 0x4F, 0xAB, 0x83, 0x56, 0x17, 0xAA, 0x83, 0xEE, 0x51, 0x1D, 0x34, 0x66, 0x75, 0x50,
    0x07, 0x63, 0x9B, 0x83, 0xD8, 0x0C, 0x24, 0x8F, 0x6C, 0x23, 0x5C, 0xFD, 0x20, 0xB5, 0x81, 0x94,
    0xD6, 0x08, 0x54, 0x48, 0x5E, 0x77, 0xAE, 0x43, 0x28, 0x47, 0x8B, 0xFA, 0x58, 0x87, 0x86, 0xE0,
    0x90, 0x85, 0xD5, 0x41, 0x3F, 0xF3, 0x38, 0xD5, 0x41, 0x9F, 0x56, 0x72, 0x3D, 0xDD, 0xED, 0x27,
    0xB9, 0x92, 0xEB, 0x47, 0x75, 0xD2, 0x7F, 0x52, 0xF6, 0xFE, 0xC3, 0x3E, 0xE9, 0x4F, 0x16, 0xF5,
    0x7C, 0xC8, 0xE6, 0xDB, 0xF8, 0x25, 0x98, 0x6F, 0xE3, 0x66, 0x13, 0x2A, 0x69, 0x76, 0xA8, 0x76,
    0xB5, 0x7B, 0xE6, 0xE4, 0xBB, 0xA2, 0xBD, 0xE3, 0x4E, 0x28, 0x7A, 0xAA, 0x69, 0xC5, 0x91, 0x66,
    0xDC, 0xA2, 0x65, 0xC6, 0x9C, 0xB4, 0xDA, 0xA6, 0x0A, 0x3C, 0x9C, 0xB4, 0xC5, 0xB6, 0x4D, 0xD5,
    0xE8, 0x95, 0x6D, 0xDB, 0x4A, 0xE1, 0x7F, 0x95, 0xEC, 0xE6, 0x0D, 0x4B, 0x25, 0xD8, 0x98, 0xF3,
    0x5B, 0x4B, 0xA2, 0x38, 0x56, 0xEF, 0x93, 0x71, 0xEC, 0x60, 0x92, 0x1D, 0xE0, 0xFA, 0xCC, 0x34,
    0xE8, 0x82, 0xE6, 0x5B, 0x7A, 0x28, 0x4A, 0x31, 0xDF, 0xAA, 0x72, 0xAD, 0x55, 0x91, 0x03, 0x90,
    0x6A, 0x56, 0x7B, 0xC5, 0xED, 0xD3, 0x70, 0x5F, 0x3E, 0x52, 0x4A, 0x97, 0xCB, 0xD2, 0x4A, 0xFA,
    0xB5, 0xD7, 0x71, 0xE9, 0xBF, 0x8C, 0xD7, 0x1D, 0xDD, 0x42, 0x0F, 0x5B, 0x52, 0x26, 0x69, 0xC4,
    0xA6, 0x31, 0x17, 0xBD, 0x69, 0xF6, 0x0E, 0x4E, 0x41, 0x51, 0x98, 0xE9, 0x57, 0xA6, 0x7B, 0xF3,
    0x93, 0x0A, 0xC2, 0x89, 0xD7, 0x57, 0x0D, 0x97, 0x37, 0xB2, 0x97, 0xFE, 0xAB, 0x17, 0xEA, 0xD9,
    0x55, 0x10, 0x43, 0x5A, 0x4B, 0x02, 0x4C, 0xCD, 0x7E, 0x84, 0x66, 0xDF, 0x69, 0xBC, 0x43, 0x66,
    0xBA, 0xEF, 0x31, 0x68, 0xF6, 0x9B, 0x9F, 0x10, 0x65, 0x53, 0x5A, 0xA7, 0xDE, 0x38, 0x9C, 0xD9,
    0x79, 0x88, 0x06, 0x71, 0xE1, 0x27, 0x51, 0x4C, 0x29, 0xEC, 0xF0, 0xE6, 0x66, 0x45, 0x2D, 0x93,
    0x03, 0x04, 0xCC, 0x94, 0x70, 0xDF, 0x8A, 0x8A, 0x71, 0x01, 0x41, 0xFA, 0x40, 0x29, 0x32, 0xB3,
    0x38, 0x2A, 0x08, 0x7D, 0xA9, 0x96, 0x2A, 0x87, 0xF1, 0xA0, 0xE9, 0x15, 0x96, 0xA4, 0x79, 0x0A,
    0x3A, 0x5A, 0x42, 0x62, 0x49, 0x63, 0xAF, 0xCA, 0x76, 0x16, 0x00, 0x1B, 0x0A, 0x57, 0x1C, 0xD5,
    0x60, 0x5B, 0x4E, 0x21, 0x87, 0x7E, 0x20, 0x3B, 0x67, 0x46, 0xC6, 0x80, 0xB8, 0x18, 0xCD, 0x02,
    0xD9, 0x9B, 0x05, 0xBB, 0xBD, 0x80, 0x2E, 0xD6, 0x00, 0xAE, 0xD4, 0x20, 0xE3, 0x79, 0xBB, 0x66,
    0x6A, 0x0D, 0xF0, 0x24, 0xA3, 0xF7, 0x80, 0xDB, 0xB0, 0x44, 0x83, 0xE6, 0x59, 0x8F, 0x37, 0xEB,
    0x98, 0xAA, 0xA6, 0x9D, 0x69, 0x9B, 0x6B, 0x6B, 0x3B, 0x12, 0x3F, 0x42, 0xD1, 0xF6, 0x0A, 0xD0,
    0xDF, 0x07, 0x40, 0x10, 0x79, 0x54, 0x45, 0xEC, 0x4C, 0x35, 0xAE, 0x33, 0x61, 0x3E, 0xC9, 0x3E,
    0xB6, 0x2C, 0x45, 0x04, 0x70, 0x68, 0xDB, 0x68, 0x42, 0x2E, 0xCF, 0x6D, 0x88, 0xE8, 0x99, 0x88,
    0x15, 0x2C, 0x27, 0x46, 0x26, 0x15, 0x13, 0x39, 0x46, 0x3E, 0x31, 0x36, 0x49, 0x72, 0x65, 0x29,
    0xB2, 0x84, 0x49, 0xB1, 0x66, 0x2D, 0x78, 0x3D, 0xB3, 0xEA, 0x53, 0x36, 0x13, 0x34, 0x98, 0xCE,
    0x44, 0x85, 0xA6, 0x8B, 0x85, 0x34, 0x69, 0x3D, 0x16, 0x67, 0xB5, 0xBE, 0x15, 0x97, 0x70, 0xA9,
    0xE0, 0xF5, 0x69, 0xCC, 0x0D, 0x00, 0xDF, 0xCF, 0x28, 0x80, 0x31, 0xD3, 0xE4, 0x8E, 0xE5, 0xFD,
    0x46, 0x11, 0xF8, 0xFC, 0x16, 0xAD, 0x35, 0x1C, 0xA0, 0x31, 0x85, 0x2E, 0xF5, 0xD9, 0x5A, 0x79,
    0x36, 0xC0, 0x79, 0xF2, 0x41, 0xCD, 0xF2, 0x41, 0x29, 0x74, 0xA6, 0x12, 0xDA, 0x55, 0x2B, 0x6A,
    0x85, 0xDA, 0xCA, 0x0F, 0x8F, 0x44, 0x96, 0x3C, 0xA5, 0xF5, 0x0F, 0x4C, 0xEB, 0xD1, 0x1A, 0x1D,
    0xFF, 0x2D, 0x9A, 0x2F, 0x49, 0x5B, 0xCC, 0x54, 0x4E, 0x33, 0x33, 0x7E, 0x57, 0x0D, 0x3E, 0x7B,
    0x98, 0x85, 0xF9, 0xE9, 0x19, 0x78, 0xEC, 0x33, 0xB0, 0xF9, 0xF9, 0xBA, 0x78, 0x08, 0x23, 0x24,
    0x96, 0xCD, 0x5B, 0x8D, 0xAF, 0x23, 0x9A, 0x5B, 0x30, 0x25, 0x1D, 0xF5, 0xB1, 0x5C, 0x33, 0xAD,
    0x76, 0x8D, 0x16, 0xFE, 0x7C, 0xC1, 0xD2, 0x9D, 0xA5, 0x4A, 0x86, 0x95, 0x42, 0x5E, 0xFD, 0x85,
    0x58, 0x3D, 0x3D, 0x1E, 0x1F, 0xF2, 0xF1, 0x88, 0x92, 0x8A, 0xD1, 0xE0, 0x59, 0xC7, 0x00, 0x82,
    0x7C, 0x20, 0x7D, 0x95, 0x03, 0xC3, 0x60, 0x5C, 0xA7, 0x40, 0x5D, 0xCB, 0x89, 0xA9, 0x64, 0x39,
    0x6A, 0x19, 0x9D, 0x8E, 0x1A, 0x42, 0x56, 0x31, 0x7C, 0x3C, 0xDE, 0xC6, 0x99, 0x3F, 0x3D, 0x36,
    0x8F, 0x7D, 0x6C, 0xAE, 0x59, 0x4A, 0xE0, 0xA6, 0x2D, 0xD4, 0xC4, 0x7F, 0x6C, 0x34, 0x50, 0xE4,
    0x68, 0x4E, 0x8D, 0xD7, 0x2C, 0x62, 0xA4, 0xD2, 0x60, 0x92, 0xD9, 0xF2, 0x63, 0x3C, 0xF2, 0xE7,
    0x27, 0x3C, 0xFC, 0x26, 0xDF, 0x94, 0xEC, 0x38, 0x0D, 0xBF, 0x49, 0x2E, 0x58, 0x02, 0xF3, 0xE3,
    0x1E, 0x31, 0x79, 0x3D, 0x76, 0x38, 0x98, 0x00, 0x99, 0x93, 0xB1, 0x83, 0x4B, 0xB5, 0xA9, 0x8A,
    0x47, 0xE0, 0x6F, 0x3F, 0xFA, 0xDC, 0x6D, 0x3B, 0xBA, 0x7D, 0xD2, 0x36, 0xDA, 0xE6, 0x6E, 0xD3,
    0x66, 0xC3, 0x7F, 0x2C, 0x03, 0xF6, 0x5A, 0xE9, 0xF8, 0xE1, 0xB5, 0xA6, 0x5F, 0x7A, 0xEC, 0x5A,
    0xD3, 0x15, 0x5B, 0x45, 0xBF, 0xE0, 0x01, 0x8F, 0xCC, 0x73, 0x3C, 0xA8, 0xD1, 0xFB, 0x87, 0x5E,
    0x2B, 0xFC, 0x10, 0x5D, 0x55, 0x6B, 0xDA, 0x0E, 0xB7, 0x05, 0xAA, 0x58, 0xBD, 0x43, 0x8B, 0x56,
    0xC9, 0x2F, 0xD4, 0x59, 0x37, 0x32, 0x28, 0x5A, 0xF3, 0xCA, 0xDA, 0x61, 0xD6, 0xF6, 0x15, 0xD5,
    0x82, 0x90, 0xEC, 0xD6, 0x69, 0xA0, 0xA1, 0x17, 0x44, 0x0E, 0x85, 0x4B, 0x44, 0xFF, 0x8E, 0x8F,
    0x6B, 0x2E, 0xF7, 0x98, 0x7E, 0xEB, 0x81, 0x65, 0xC0, 0x53, 0x82, 0x1D, 0x06, 0xA2, 0x71, 0x52,
    0x96, 0x3C, 0x39, 0xD0, 0x2D, 0x57, 0x49, 0xFD, 0x62, 0x21, 0xCC, 0x6C, 0x90, 0xDA, 0xD5, 0x3D,
    0x0A, 0x86, 0x40, 0x7B, 0xF7, 0xC7, 0xF8, 0x1D, 0x29, 0x12, 0xE6, 0x05, 0xCA, 0x6B, 0x37, 0x50,
    0xA0, 0xA7, 0xB8, 0xE2, 0x45, 0x8C, 0xBF, 0x67, 0x56, 0x5A, 0x30, 0x3A, 0x11, 0x7B, 0x82, 0x04,
    0xBB, 0x15, 0x62, 0xC1, 0x7E, 0x57, 0x48, 0xEE, 0xC6, 0xBB, 0xB1, 0x4A, 0xB3, 0x38, 0x24, 0x9B,
    0x18, 0xF6, 0xC7, 0x96, 0x69, 0xAF, 0xF0, 0x77, 0xA8, 0xF3, 0x4F, 0xB3, 0xC5, 0x35, 0xE6, 0x23,
    0x6D, 0x15, 0x8E, 0xA4, 0x59, 0xE3, 0x6A, 0xE8, 0xCF, 0x74, 0xDA, 0xEF, 0x34, 0x2D, 0x70, 0x15,
    0xA8, 0x27, 0xD7, 0xCC, 0xCD, 0x96, 0x4F, 0xE2, 0x62, 0xBF, 0x0B, 0x2E, 0x4E, 0x52, 0x13, 0xED,
    0x5E, 0x3C, 0x0D, 0xF5, 0xB4, 0x52, 0x53, 0xB3, 0xE9, 0xBB, 0xE5, 0x1B, 0x81, 0xBA, 0x9C, 0x46,
    0x94, 0x1A, 0xEE, 0xB3, 0xE2, 0x37, 0xC7, 0xA1, 0x60, 0x1B, 0xEA, 0xE6, 0xDD, 0x42, 0x32, 0x00,
    0x3E, 0x50, 0x78, 0x60, 0xBD, 0xE8, 0xC3, 0x05, 0x31, 0x31, 0x9B, 0x80, 0x31, 0xF3, 0x20, 0xC8,
    0xB5, 0x5F, 0x6B, 0x3F, 0xD5, 0xFE, 0xA8, 0x41, 0xD4, 0x92, 0xA7, 0xC3, 0xA6, 0xD8, 0x4C, 0x61,
    0x8A, 0x28, 0x2E, 0xA2, 0xD3, 0x4A, 0x24, 0xB6, 0x88, 0xF1, 0x12, 0x62, 0xCA, 0xDA, 0x6B, 0xDA,
    0x0C, 0xE4, 0xE5, 0x17, 0x08, 0x41, 0x11, 0xF2, 0xD5, 0xD2, 0x9E, 0x24, 0x6F, 0x31, 0xBC, 0xE8,
    0xBD, 0x28, 0xDD, 0x14, 0x58, 0xB9, 0xFC, 0xA3, 0xF8, 0x78, 0xC0, 0x31, 0xAC, 0xD6, 0xA5, 0xE6,
    0x0A, 0x55, 0x5F, 0x49, 0xC0, 0xC9, 0x0B, 0x52, 0x3E, 0x7F, 0xDC, 0xBD, 0xDF, 0x56, 0x20, 0x8A,
    0x8C, 0x57, 0x46, 0xE6, 0x37, 0x39, 0xE9, 0x28, 0xB2, 0x3F, 0x67, 0x08, 0x37, 0xA1, 0x06, 0x9C,
    0xEE, 0xAC, 0xE5, 0x9B, 0x59, 0xDB, 0xFB, 0x59, 0xEC, 0x9F, 0x00, 0x5D, 0x8E, 0x44, 0x10, 0x39,
    0x66, 0xBA, 0x67, 0x4E, 0x0D, 0x70, 0xB5, 0xFF, 0x43, 0x0C, 0x75, 0x2A, 0x6E, 0x94, 0x4F, 0x33,
    0x97, 0x86, 0x24, 0xC1, 0x96, 0xEA, 0x2B, 0xC8, 0x83, 0xDD, 0xB2, 0xC3, 0x32, 0x2C, 0x90, 0x78,
    0x5A, 0x81, 0xB7, 0x4A, 0xAA, 0xBD, 0xAF, 0x76, 0x92, 0x70, 0x71, 0x62, 0x4D, 0x8E, 0xF7, 0x45,
    0x46, 0x45, 0xDA, 0x61, 0x5C, 0xA0, 0x87, 0x98, 0xB9, 0x80, 0x01, 0xF7, 0x7F, 0x4B, 0xE1, 0x2E,
    0x86, 0x7E, 0x7E, 0x1C, 0xDE, 0x7A, 0xE7, 0xB1, 0x79, 0xAB, 0xDE, 0x7E, 0x73, 0xF4, 0xC0, 0x1C,
    0xF2, 0xE7, 0x6E, 0x3E, 0x37, 0x2C, 0x64, 0xBB, 0x56, 0xEA, 0xD8, 0xBD, 0xEA, 0xEE, 0xDF, 0xA9,
    0x7E, 0xB8, 0xBC, 0xF5, 0x18, 0xAD, 0x35, 0x8C, 0xEA, 0xF5, 0x76, 0xCD, 0x1E, 0xD0, 0x2A, 0xB1,
    0x74, 0xA5, 0xD5, 0xD1, 0x6A, 0xF5, 0x5A, 0xAE, 0xD8, 0x6A, 0xF1, 0x4C, 0x03, 0xA3, 0x99, 0x13,
    0xF6, 0xA7, 0x5F, 0x51, 0xB7, 0xA1, 0x08, 0x59, 0x88, 0xDF, 0x96, 0x25, 0x5D, 0xD2, 0xC5, 0x4B,
    0x38, 0x89, 0xEC, 0xA9, 0x67, 0x65, 0x9E, 0xB7, 0xEE, 0x50, 0x40, 0x4F, 0x12, 0x7E, 0xE6, 0xEF,
    0x60, 0xCF, 0x91, 0xD2, 0x71, 0x66, 0x72, 0xBE, 0x1D, 0xAD, 0xD3, 0xEF, 0x0A, 0xC8, 0xE2, 0xB3,
    0x12, 0x4D, 0x1D, 0x77, 0x9F, 0x14, 0x22, 0x16, 0x57, 0xC9, 0x7E, 0x12, 0xDE, 0x3A, 0x03, 0xD2,
    0x20, 0x92, 0x09, 0xA4, 0x27, 0x89, 0x19, 0xFF, 0xEB, 0x39, 0xBA, 0x76, 0x53, 0xA2, 0x01, 0x18,
    0xF1, 0x2C, 0x2F, 0x95, 0xE0, 0xEE, 0xEE, 0x35, 0x8A, 0xF0, 0x8B, 0x58, 0xF0, 0x46, 0xD6, 0x43,
    0x52, 0x66, 0xFD, 0x18, 0x64, 0x35, 0x3F, 0xE8, 0x07, 0xB6, 0x59, 0xCD, 0x3B, 0xC5, 0xC7, 0x6D,
    0xB3, 0x9A, 0xF3, 0x0B, 0x85, 0xBD, 0x85, 0xAC, 0xE6, 0x75, 0x40, 0x04, 0x95, 0x21, 0xAB, 0x79,
    0x1E, 0xB2, 0x9A, 0x67, 0x5A, 0x3D, 0xA6, 0xA7, 0xCE, 0x53, 0xF2, 0x84, 0xC0, 0x1C, 0x8F, 0xED,
    0x69, 0x2F, 0xC5, 0x93, 0xC6, 0x97, 0xFE, 0xB6, 0x6B, 0x35, 0xA1, 0x4D, 0x94, 0x0E, 0xE1, 0x02,
    0x77, 0x6B, 0x44, 0x93, 0x4D, 0x73, 0x5D, 0x8D, 0xE4, 0x72, 0x4A, 0x9F, 0x8F, 0x30, 0xAB, 0x79,
    0x84, 0xAC, 0xE6, 0x51, 0x84, 0xAC, 0xE6, 0x28, 0xEB, 0x01, 0x86, 0xCF, 0x82, 0x99, 0xC8, 0x6A,
    0x2E, 0x34, 0x8E, 0xB4, 0x13, 0x9E, 0x94, 0x25, 0x78, 0x52, 0xFC, 0xCC, 0x56, 0x64, 0x78, 0x50,
    0x94, 0x01, 0x89, 0x40, 0xFE, 0xF8, 0x33, 0x6C, 0xBE, 0xC5, 0xD2, 0x84, 0x27, 0x49, 0x25, 0x2C,
    0x21, 0x23, 0x25, 0x70, 0x45, 0xFA, 0x3F, 0x09, 0xF4, 0x99, 0x1A, 0x8D, 0x35, 0x21, 0xE0, 0xC8,
    0x9D, 0xF6, 0xC6, 0x87, 0xD1, 0x67, 0x75, 0x05, 0x7D, 0x7E, 0xF8, 0x59, 0xF7, 0xA3, 0x90, 0x75,
    0x3F, 0xB2, 0xAC, 0xFB, 0xF3, 0x07, 0xA3, 0x9D, 0xFA, 0x2A, 0xDA, 0x51, 0xFD, 0x9F, 0x8A, 0xE6,
    0x73, 0x2F, 0xBA, 0xB7, 0xCF, 0x35, 0x91, 0x24, 0x9B, 0x85, 0x7F, 0xBC, 0x19, 0x85, 0xFA, 0x41,
    0xA5, 0x42, 0x31, 0x1A, 0x96, 0xBB, 0x16, 0xC7, 0xCF, 0x96, 0x76, 0x5E, 0xED, 0x99, 0x11, 0xBF,
    0x67, 0x46, 0x7C, 0xA9, 0xFF, 0x23, 0x98, 0x37, 0x5C, 0x93, 0xF7, 0x40, 0x3B, 0xCF, 0x45, 0xD1,
    0xFF, 0x07, 0xED, 0x9D, 0x3F, 0xEC, 0xE5, 0xC6, 0x71, 0xC7, 0x97, 0xE4, 0xFD, 0xDE, 0xB3, 0x4C,
    0x44, 0x54, 0x71, 0x36, 0x1C, 0x1F, 0x62, 0xBA, 0x50, 0x91, 0x08, 0x82, 0xD9, 0xA4, 0xB0, 0x01,
    0x3B, 0xA4, 0x2D, 0x24, 0x29, 0x5C, 0xE4, 0x8A, 0x53, 0x6A, 0x15, 0x29, 0x74, 0x11, 0x10, 0x35,
    0x29, 0x5C, 0x28, 0x22, 0x25, 0x03, 0xAE, 0xAF, 0x76, 0x63, 0x15, 0xD7, 0x24, 0x01, 0x02, 0x95,
    0x27, 0x40, 0x11, 0x9F, 0x65, 0x20, 0x6D, 0x1E, 0x12, 0xA4, 0x72, 0x61, 0x06, 0x30, 0x90, 0x42,
    0x85, 0x18, 0x98, 0x08, 0xDE, 0xC9, 0x24, 0x37, 0x3B, 0x33, 0xDF, 0xD9, 0x25, 0x7F, 0xBF, 0x77,
    0xBF, 0x3B, 0xEB, 0x92, 0xD3, 0xFD, 0x79, 0x0F, 0xF8, 0xBD, 0xDD, 0xBB, 0xFB, 0x91, 0x5C, 0xEE,
    0x7E, 0x66, 0x76, 0x76, 0x76, 0x66, 0xCF, 0x18, 0xF7, 0x89, 0xDE, 0x33, 0xF2, 0x29, 0x06, 0x54,
    0xEC, 0x41, 0xCA, 0xD8, 0x8E, 0x52, 0xD9, 0x6A, 0x25, 0xB3, 0x93, 0x54, 0x72, 0xAD, 0x94, 0x76,
    0x96, 0x4A, 0xFB, 0xA9, 0xC5, 0xD5, 0xFF, 0x2A, 0x95, 0xC4, 0xFE, 0x85, 0xC5, 0xD5, 0xA9, 0xAD,
    0xF8, 0xEA, 0x29, 0xB5, 0x0D, 0x3F, 0xE9, 0xB0, 0xB5, 0x3B, 0xBE, 0xBA, 0x4F, 0xA4, 0xD2, 0x76,
    0x52, 0x89, 0xEC, 0x2E, 0xB1, 0x7B, 0xBE, 0xBA, 0x49, 0x6C, 0xE7, 0x2A, 0xA9, 0x75, 0xED, 0xE8,
    0xE9, 0xEA, 0x19, 0x95, 0xC2, 0xBA, 0x0F, 0x55, 0x6A, 0xAA, 0x50, 0xA3, 0xA9, 0xA4, 0x46, 0x47,
    0x5C, 0x19, 0xE9, 0x6A, 0x77, 0x33, 0xAA, 0xA4, 0xD4, 0x84, 0x76, 0xE4, 0xAB, 0x5D, 0xC5, 0x35,
    0xBA, 0xA4, 0x57, 0xA9, 0xDD, 0x9F, 0xEA, 0x03, 0xDF, 0xC2, 0x6C, 0xE8, 0x55, 0x36, 0xEE, 0x46,
    0xA5, 0x75, 0x4F, 0x76, 0x5F, 0x63, 0x4D, 0x15, 0xF7, 0x35, 0xB6, 0xD6, 0xDD, 0x47, 0xEE, 0x78,
    0xD9, 0x27, 0xBA, 0x85, 0x4A, 0x8E, 0x8E, 0x93, 0x87, 0x18, 0x3C, 0x5A, 0x7A, 0xC5, 0x57, 0xB4,
    0x97, 0xDB, 0x0E, 0x95, 0xAF, 0x57, 0xB8, 0xCD, 0x6D, 0x73, 0xC6, 0xAF, 0xF7, 0x8A, 0xEB, 0x2E,
    0xF7, 0x2A, 0xBF, 0xB2, 0xD4, 0x7E, 0x4B, 0x1D, 0x4C, 0xAF, 0x3C, 0x51, 0xB3, 0x79, 0x48, 0xDC,
    0xAB, 0xB6, 0x07, 0x43, 0xDD, 0xD3, 0x0E, 0x86, 0x7A, 0xD2, 0xF5, 0x46, 0xE6, 0x7A, 0x96, 0x0B,
    0x77, 0x65, 0x67, 0x8A, 0xD9, 0x50, 0x37, 0x96, 0x13, 0xF7, 0x84, 0x6B, 0x4D, 0xEA, 0x8A, 0x7A,
    0x74, 0xC3, 0xD6, 0x50, 0x93, 0x4A, 0x29, 0x6A, 0xF7, 0x1C, 0x57, 0x58, 0x4B, 0xED, 0x4C, 0x66,
    0x1B, 0xEF, 0xDA, 0x31, 0xFB, 0x8D, 0xFD, 0x59, 0x57, 0xDB, 0xF6, 0xDF, 0x5D, 0x1F, 0xB8, 0xBE,
    0xF8, 0xB1, 0xEB, 0x01, 0x37, 0xC4, 0x89, 0xFB, 0x9D, 0xDC, 0x1E, 0xE8, 0xE9, 0x5B, 0x77, 0x5F,
    0x1A, 0xA1, 0x1B, 0xC6, 0x5C, 0xBD, 0xD8, 0x15, 0x2F, 0x08, 0x38, 0xC2, 0x04, 0x86, 0x3D, 0x97,
    0xA2, 0x10, 0x1A, 0x50, 0x64, 0xD2, 0x1F, 0x9B, 0x5B, 0xA1, 0x17, 0x6F, 0xA0, 0x52, 0x0B, 0x24,
    0x6E, 0xB4, 0xAD, 0x74, 0x51, 0x3A, 0xB7, 0xBD, 0x5C, 0xD4, 0x17, 0xA8, 0xEC, 0x73, 0xA9, 0x6C,
    0x9A, 0x72, 0xAF, 0xFD, 0x29, 0x57, 0x99, 0x6B, 0xB3, 0xF6, 0xB4, 0x76, 0xF0, 0x47, 0xFA, 0x88,
    0xB7, 0xB5, 0xF2, 0x9D, 0x8B, 0x63, 0x78, 0x92, 0x82, 0x07, 0x92, 0x82, 0xEB, 0x18, 0x44, 0x7E,
    0x03, 0x69, 0x40, 0x22, 0x8F, 0xDF, 0x8E, 0x19, 0x17, 0x3D, 0x17, 0x71, 0x9F, 0xC9, 0x08, 0xC9,
    0xF8, 0x44, 0x60, 0x60, 0x5C, 0xFC, 0x9D, 0x29, 0x65, 0xC4, 0x72, 0x29, 0xAE, 0x1C, 0x93, 0xAC,
    0x27, 0x58, 0x24, 0xBE, 0xE4, 0x6B, 0x79, 0xA5, 0xB5, 0x72, 0xA7, 0x35, 0xAB, 0xB5, 0x04, 0xB4,
    0x13, 0xE6, 0x28, 0x87, 0x1C, 0x0C, 0x16, 0x63, 0x8E, 0x5F, 0x6B, 0xED, 0x97, 0x95, 0x46, 0xBD,
    0x32, 0x9D, 0x15, 0xF0, 0xE2, 0x50, 0x0E, 0xAA, 0x53, 0x32, 0xD4, 0x6C, 0x95, 0xE0, 0x5F, 0xAF,
    0x1E, 0x81, 0x3C, 0x50, 0xEE, 0x31, 0x0F, 0x9C, 0x07, 0xD0, 0x03, 0xE9, 0x01, 0xF5, 0xC0, 0x7A,
    0x80, 0xDD, 0xD3, 0x1E, 0x70, 0x0F, 0xBC, 0x07, 0xE0, 0x03, 0xF1, 0x01, 0x79, 0xCF, 0x7C, 0x80,
    0x3E, 0x50, 0x1F, 0xB0, 0x0F, 0xDC, 0x07, 0xF0, 0x03, 0xF9, 0x1E, 0xFD, 0xC0, 0x7E, 0x80, 0x3F,
    0xD0, 0x1F, 0xF0, 0x0F, 0xFC, 0x7B, 0x01, 0x08, 0x12, 0x60, 0xBC, 0x08, 0x18, 0x2F, 0x03, 0xE6,
    0x5E, 0x53, 0xC1, 0xB7, 0xB4, 0x57, 0x9A, 0xD5, 0xB8, 0xC6, 0x28, 0xB7, 0xDA, 0x07, 0xE8, 0x33,
    0x1D, 0xA8, 0x1A, 0x5A, 0xAB, 0x14, 0x2D, 0xD6, 0x7D, 0xCD, 0x2C, 0xC4, 0xC3, 0xB4, 0x33, 0x3A,
    0x53, 0xFA, 0x2D, 0x9B, 0xA4, 0x5F, 0xCA, 0xA1, 0xEC, 0xF9, 0x1D, 0xF7, 0x2C, 0x5B, 0xB1, 0xAD,
    0x52, 0xEE, 0xA5, 0xD7, 0x4D, 0x7C, 0x7C, 0x5E, 0x12, 0xE9, 0x81, 0xF8, 0xA8, 0xFC, 0xA8, 0x00,
    0xA9, 0x04, 0xA9, 0x08, 0x41, 0x86, 0x54, 0x88, 0x54, 0x8A, 0x54, 0x8C, 0x54, 0x8E, 0x54, 0x90,
    0x54, 0x92, 0x54, 0x94, 0x54, 0x96, 0x54, 0x98, 0x54, 0x9A, 0x54, 0x9C, 0x54, 0x9E, 0x0C, 0x04,
    0xCA, 0x40, 0xA2, 0x0C, 0x44, 0xCA, 0x40, 0xA6, 0x54, 0xA8, 0xBC, 0x54, 0x9D, 0x13, 0xAB, 0xEB,
    0x8A, 0x6B, 0xAF, 0xB4, 0x2A, 0xC0, 0xDB, 0xC9, 0x8B, 0x94, 0x87, 0x5B, 0x7A, 0x3F, 0xED, 0x21,
    0x78, 0xC5, 0x98, 0x82, 0xBA, 0x39, 0x56, 0x71, 0x6A, 0x74, 0x8E, 0xD9, 0xAB, 0x30, 0xF5, 0x2A,
    0x4B, 0xFD, 0x5A, 0x94, 0xAE, 0x9E, 0x66, 0x8B, 0xCF, 0x67, 0x33, 0x41, 0x77, 0x95, 0x32, 0x1A,
    0xF5, 0x6E, 0x69, 0xFF, 0x40, 0x22, 0x60, 0x0F, 0x6C, 0xA5, 0x67, 0x22, 0xBB, 0xB8, 0x62, 0xD3,
    0xFD, 0xDE, 0x42, 0x38, 0x44, 0x36, 0x20, 0x1A, 0x90, 0x0C, 0x11, 0x0C, 0xC8, 0x85, 0x8A, 0xC5,
    0x51, 0xA9, 0x78, 0x82, 0x27, 0x94, 0xCD, 0x5D, 0x73, 0xCE, 0x40, 0xA2, 0x17, 0xC0, 0x64, 0x10,
    0xFB, 0x99, 0x22, 0xEE, 0x73, 0x3F, 0xC9, 0xD4, 0x60, 0xBB, 0xDF, 0xCC, 0x3A, 0xA1, 0x80, 0x69,
    0xD7, 0x8D, 0x99, 0x6A, 0x2A, 0xFB, 0x93, 0x6A, 0x2D, 0x02, 0x41, 0x06, 0x82, 0x10, 0x9C, 0x26,
    0x94, 0xFF, 0xDF, 0x09, 0x25, 0xFA, 0x7B, 0xB3, 0xB4, 0xAC, 0x0C, 0x6C, 0xDF, 0x64, 0x12, 0x8B,
    0x37, 0x19, 0x32, 0xFE, 0x73, 0xD4, 0xE7, 0xFB, 0xD5, 0xD8, 0x6E, 0x57, 0x13, 0xCB, 0xA6, 0x2B,
    0x61, 0x67, 0x15, 0x95, 0x8C, 0xF2, 0xD9, 0x69, 0x22, 0x39, 0x3A, 0x91, 0x7C, 0x60, 0xBE, 0x09,
    0xAA, 0x76, 0x1F, 0x82, 0xCC, 0xCF, 0x64, 0x28, 0xF2, 0x4F, 0x31, 0x26, 0xF9, 0xF7, 0xB1, 0x56,
    0xDB, 0x98, 0xA2, 0x39, 0xD7, 0x23, 0xB9, 0xAE, 0x2D, 0xEA, 0xD1, 0x8B, 0xA2, 0x37, 0xCB, 0x30,
    0xD7, 0x0C, 0x35, 0xE6, 0x8F, 0xBD, 0x4E, 0x24, 0x66, 0xBB, 0x3F, 0x4D, 0x24, 0x9F, 0x7F, 0x22,
    0x89, 0x26, 0xF3, 0x22, 0x37, 0xAA, 0xF9, 0x1E, 0xF7, 0x42, 0xDF, 0x4A, 0x83, 0xE8, 0xEE, 0xE5,
    0x2F, 0xB8, 0x53, 0xF2, 0x8A, 0xC8, 0x73, 0x23, 0x76, 0xAD, 0xBB, 0xB8, 0xB8, 0xC3, 0xAA, 0xBC,
    0xB5, 0x90, 0x89, 0x1D, 0x77, 0x0B, 0xAF, 0x2D, 0xCB, 0x81, 0x06, 0x80, 0x04, 0xE2, 0xC0, 0xF2,
    0x90, 0xC8, 0x0C, 0x12, 0x55, 0x4F, 0xD1, 0x0C, 0xF2, 0x82, 0xAE, 0x33, 0xB4, 0x47, 0x0B, 0xD5,
    0xB6, 0xED, 0xF9, 0x15, 0x77, 0x36, 0xD7, 0x03, 0xBA, 0x2C, 0x1F, 0x05, 0xEF, 0x6E, 0x3B, 0x4A,
    0xB7, 0x55, 0xB1, 0x5C, 0x7F, 0xC7, 0x98, 0xF7, 0xEE, 0xE9, 0x11, 0x39, 0x61, 0xFD, 0x78, 0xF8,
    0x94, 0x4C, 0xF4, 0xFA, 0x72, 0xFD, 0x81, 0x11, 0x17, 0x03, 0x22, 0xB2, 0xE8, 0x95, 0xB2, 0x63,
    0x03, 0x8C, 0x5D, 0x2A, 0xA5, 0x2C, 0xDF, 0xDB, 0x5D, 0x72, 0x60, 0x8D, 0xC5, 0x66, 0xB6, 0x43,
    0xE8, 0x69, 0x12, 0x84, 0xFF, 0x13, 0x77, 0x55, 0x58, 0xDF, 0x17, 0xE7, 0xCC, 0x2D, 0xBF, 0xEC,
    0x08, 0x0B, 0x11, 0x15, 0xB9, 0x97, 0xB3, 0x4E, 0x5A, 0xF1, 0xCF, 0x69, 0xF5, 0xB7, 0x98, 0x13,
    0xE2, 0x01, 0xB3, 0xC4, 0x9B, 0x58, 0x77, 0xA8, 0x51, 0x57, 0xFA, 0x29, 0xC5, 0x9B, 0x54, 0xAF,
    0x9E, 0x24, 0xED, 0xE1, 0x24, 0x2D, 0xD9, 0xC3, 0x91, 0xB8, 0xEC, 0x33, 0x3F, 0x4F, 0x43, 0xC1,
    0x2D, 0x46, 0x4C, 0xEC, 0xA2, 0xE7, 0xE2, 0xEA, 0x8A, 0x2C, 0xD6, 0xBF, 0x4D, 0xED, 0xA8, 0x0C,
    0x3D, 0xBC, 0xDD, 0xA7, 0x83, 0xBC, 0x46, 0x2F, 0x83, 0xC5, 0xD3, 0x89, 0x74, 0x68, 0x64, 0xBB,
    0x7B, 0x4B, 0xF6, 0x93, 0x2A, 0x37, 0x1B, 0xEF, 0xC5, 0xF2, 0xC0, 0xAB, 0x56, 0xA8, 0x77, 0xE7,
    0x1D, 0x5C, 0x19, 0x3A, 0xE0, 0xE5, 0xAD, 0x12, 0x1F, 0xED, 0x4F, 0xC4, 0x3F, 0x7A, 0xE2, 0xBF,
    0x2B, 0x05, 0x5E, 0xDA, 0xAE, 0x9C, 0x54, 0x58, 0xEE, 0x61, 0xAD, 0x07, 0xCF, 0x21, 0xEB, 0x7D,
    0xF3, 0x9C, 0xE9, 0x4F, 0xC4, 0x9B, 0xCD, 0x07, 0x7E, 0x89, 0x0A, 0xAE, 0x6D, 0x2B, 0x95, 0xC8,
    0xAF, 0xB7, 0x6F, 0x17, 0x8A, 0x7C, 0xAB, 0xE8, 0xFB, 0xC5, 0x2E, 0x96, 0x6A, 0x6F, 0x65, 0x3B,
    0x99, 0x37, 0xA6, 0xB3, 0xB8, 0xC3, 0x04, 0x81, 0x65, 0x5C, 0xAB, 0xFE, 0xA7, 0x52, 0x01, 0xDD,
    0x5E, 0xEC, 0xC8, 0x13, 0xF1, 0xBF, 0x0B, 0xF1, 0xB1, 0xCE, 0xDF, 0x9D, 0x74, 0x30, 0xD3, 0x3D,
    0xA7, 0x5C, 0x8C, 0x52, 0x5C, 0x85, 0x76, 0x92, 0x09, 0x3B, 0x9D, 0x16, 0x1A, 0xEB, 0x4A, 0xB6,
    0x23, 0xF0, 0xBF, 0x97, 0x36, 0xDF, 0x96, 0x21, 0x65, 0xF0, 0x77, 0x5B, 0x36, 0x8A, 0x64, 0x1F,
    0x0A, 0xE0, 0xE7, 0xD2, 0xAF, 0xF1, 0x53, 0x08, 0x7E, 0x7C, 0xD7, 0xBC, 0x06, 0x88, 0x1A, 0xEC,
    0xD8, 0xD8, 0xFF, 0x92, 0x4A, 0xFD, 0x33, 0xB0, 0xF7, 0x36, 0x3C, 0x2A, 0xE6, 0x0F, 0xCD, 0x47,
    0xDE, 0x38, 0x94, 0xEB, 0x7F, 0x64, 0x8C, 0xA8, 0xFA, 0xC9, 0xAB, 0xFA, 0x06, 0xFB, 0x75, 0x56,
    0x55, 0x7D, 0xAD, 0xAA, 0x3E, 0x57, 0xE3, 0x35, 0x3A, 0xA9, 0xFA, 0x87, 0x5B, 0x1D, 0x5B, 0x56,
    0xF6, 0x8E, 0x8B, 0xB7, 0xB9, 0x17, 0xFE, 0x87, 0xBA, 0xA1, 0x10, 0x67, 0x46, 0xF9, 0x03, 0xEE,
    0xB8, 0x6F, 0xA8, 0xCA, 0x3F, 0xC3, 0x86, 0x1B, 0xA3, 0x0E, 0x1D, 0xFF, 0x6C, 0xA2, 0xBE, 0xD1,
    0x8D, 0xC7, 0xB2, 0x32, 0x2F, 0xAB, 0x2D, 0x03, 0x3F, 0x41, 0x97, 0x1E, 0x94, 0xD5, 0x5E, 0xED,
    0x93, 0x1D, 0x60, 0xB3, 0xDA, 0xE9, 0x83, 0xB9, 0xEF, 0xE7, 0x84, 0xF1, 0x63, 0xB2, 0x1A, 0xC6,
    0x60, 0x17, 0x0D, 0x0F, 0xB5, 0xB3, 0x55, 0x3F, 0x64, 0xD7, 0x0F, 0x7B, 0x36, 0x4A, 0x79, 0xD1,
    0xC2, 0xA2, 0x4F, 0xA4, 0x43, 0xDB, 0x5F, 0x3F, 0x7D, 0x56, 0xCD, 0xC3, 0xAF, 0x7F, 0x63, 0x2B,
    0x5C, 0x24, 0x28, 0xB7, 0x28, 0xE5, 0xEF, 0xD9, 0xC5, 0xFB, 0x1F, 0x7F, 0xD9, 0xC2, 0xE5, 0x4B,
    0x0E, 0x6C, 0xBA, 0x67, 0x41, 0x2E, 0x5F, 0x2A, 0xF7, 0x72, 0x57, 0xB2, 0x9B, 0x4A, 0x57, 0xBE,
    0x44, 0x9D, 0x0F, 0xC4, 0xEB, 0x69, 0x3D, 0xA8, 0xEE, 0x05, 0x5E, 0xAD, 0x80, 0xDF, 0x2E, 0x94,
    0x4C, 0x61, 0x83, 0x76, 0x30, 0xCA, 0x3D, 0x04, 0xA2, 0x5B, 0xD9, 0x50, 0x5B, 0x59, 0xD2, 0x71,
    0x77, 0x46, 0x03, 0x35, 0x67, 0x67, 0x92, 0x51, 0x9A, 0x45, 0x0B, 0x3C, 0x6A, 0x16, 0x39, 0xFC,
    0xB8, 0x59, 0x03, 0x35, 0xE7, 0x4F, 0xA9, 0xD9, 0x1B, 0xBC, 0x06, 0x8B, 0x81, 0xBB, 0x55, 0x69,
    0xE5, 0xB9, 0xB5, 0xB5, 0x7E, 0xFE, 0xBA, 0xC7, 0xE7, 0xAF, 0xD6, 0x5B, 0x91, 0xB9, 0xEE, 0x63,
    0x69, 0xA9, 0xDE, 0xFA, 0x69, 0xBD, 0x1D, 0xFC, 0x65, 0xF5, 0x1C, 0xDC, 0x14, 0xC7, 0x26, 0xBD,
    0x21, 0x51, 0xE0, 0x28, 0x2A, 0xE6, 0x76, 0x36, 0x6D, 0x9F, 0x59, 0x27, 0xB8, 0x99, 0x1B, 0x59,
    0x92, 0xF1, 0xD9, 0xE4, 0xA3, 0x1B, 0x91, 0x72, 0xC8, 0x47, 0x87, 0x4F, 0x79, 0x70, 0x42, 0x5F,
    0x0E, 0x4E, 0xE2, 0x6A, 0x1A, 0x84, 0x9A, 0xD0, 0x6D, 0x09, 0x66, 0xDE, 0x2A, 0xA3, 0x61, 0xE8,
    0x09, 0xBC, 0xDE, 0x01, 0x55, 0x3B, 0x11, 0xFC, 0x47, 0xDB, 0xD3, 0x0B, 0xED, 0x72, 0x42, 0x75,
    0x4B, 0x57, 0x44, 0x0C, 0xFB, 0xD9, 0xF5, 0x35, 0xDE, 0x3C, 0xFA, 0xD4, 0x8F, 0xB6, 0x87, 0x9E,
    0x63, 0xE5, 0xC0, 0x93, 0x40, 0xC4, 0x5A, 0xE6, 0xA6, 0xFE, 0xEE, 0x57, 0xB0, 0x81, 0x04, 0xC9,
    0x53, 0x5B, 0xD6, 0x7E, 0x82, 0xA5, 0x81, 0xF8, 0x41, 0xA2, 0x11, 0xA0, 0xBD, 0x9E, 0x60, 0x78,
    0x11, 0xE7, 0x10, 0x61, 0x98, 0x74, 0x93, 0x5C, 0xD7, 0x8E, 0x29, 0xEC, 0xE7, 0xE4, 0xD6, 0x91,
    0x9E, 0x3E, 0x31, 0x78, 0x26, 0x7D, 0x77, 0xF0, 0xF3, 0x51, 0xC1, 0x0D, 0x2A, 0x77, 0xFC, 0x5D,
    0xD1, 0x98, 0x16, 0xB2, 0xE2, 0x93, 0x7E, 0xCF, 0x0F, 0xBE, 0xAF, 0x13, 0x99, 0xCF, 0x0F, 0x32,
    0x2C, 0xAB, 0x7D, 0xF5, 0xF0, 0xB9, 0x69, 0x00, 0xA3, 0xD0, 0x28, 0x38, 0x0A, 0x8F, 0x0C, 0xA4,
    0x61, 0x22, 0x0D, 0x23, 0x69, 0x98, 0x49, 0xC3, 0x50, 0x1A, 0xA6, 0xD2, 0x30, 0x96, 0x86, 0xB9,
    0x14, 0x30, 0x85, 0x4C, 0x41, 0x13, 0xDB, 0xB8, 0x0C, 0x27, 0xAB, 0xC5, 0xDE, 0x30, 0x9E, 0x86,
    0xF9, 0xE4, 0xB7, 0xDD, 0x19, 0x26, 0x54, 0x10, 0x05, 0xA3, 0x01, 0xD2, 0x33, 0x55, 0xF6, 0xFB,
    0xAC, 0xE2, 0x5E, 0x1F, 0x0A, 0xAC, 0x46, 0xB1, 0x2A, 0x95, 0x85, 0x55, 0xDE, 0xC9, 0x4C, 0x9D,
    0x35, 0xB2, 0x51, 0x13, 0x9B, 0xF4, 0xD6, 0xFD, 0x27, 0xEC, 0x13, 0x5B, 0xD8, 0xE4, 0x8A, 0x1B,
    0x6A, 0xA3, 0x1B, 0x9C, 0xD8, 0xCE, 0x59, 0xCF, 0xFD, 0xD1, 0x99, 0xED, 0xA1, 0x76, 0xBF, 0xB4,
    0xED, 0xE9, 0xAE, 0xF1, 0x3E, 0x9D, 0x2E, 0xEB, 0xC9, 0xC7, 0x9A, 0x21, 0xFA, 0x34, 0x17, 0xC2,
    0x49, 0xC6, 0xF3, 0xCB, 0xF8, 0xD2, 0xDB, 0x13, 0xD2, 0xDB, 0x36, 0x52, 0xF3, 0xEB, 0xE3, 0x03,
    0x6C, 0xB6, 0x1E, 0x9E, 0x14, 0xB5, 0xEB, 0xDA, 0x5F, 0x4D, 0xF8, 0x95, 0x57, 0x30, 0x7F, 0x4E,
    0x70, 0x0A, 0x67, 0x03, 0xA2, 0x10, 0xA3, 0xCA, 0x6F, 0xC8, 0xAC, 0x98, 0xF3, 0xD0, 0x79, 0xEA,
    0x02, 0x76, 0x9E, 0x3B, 0x0F, 0x9E, 0x27, 0xCF, 0xA3, 0xE7, 0xD9, 0xF3, 0xF0, 0x79, 0xFA, 0x3C,
    0x7E, 0x2B, 0xA3, 0x89, 0x01, 0xF4, 0x04, 0xFA, 0x8A, 0x32, 0xE8, 0x21, 0xF4, 0x14, 0x7A, 0x0C,
    0x83, 0xAF, 0x42, 0x41, 0xF4, 0x24, 0x7A, 0x14, 0x3D, 0x8B, 0x1E, 0x46, 0x4F, 0xA3, 0xE2, 0xE8,
    0x79, 0xF4, 0x40, 0x7A, 0x22, 0x8F, 0x4F, 0xB9, 0x91, 0x3C, 0x15, 0xB3, 0x48, 0x26, 0x2F, 0x95,
    0x4B, 0x51, 0x1E, 0x16, 0xB1, 0x9F, 0xB1, 0x18, 0xC3, 0x09, 0x06, 0x83, 0xC7, 0xF1, 0x0D, 0xD3,
    0x84, 0xF8, 0xAC, 0x54, 0x23, 0x00, 0xF8, 0x56, 0x2D, 0xCF, 0x57, 0x89, 0xB3, 0xA2, 0x64, 0x32,
    0x62, 0x0D, 0xEA, 0x26, 0x54, 0xFA, 0xFD, 0x86, 0xB7, 0x1E, 0x8F, 0xE2, 0x2D, 0x7C, 0x03, 0x70,
    0x10, 0x0E, 0xC4, 0x85, 0x71, 0x40, 0x0E, 0xCA, 0x81, 0x39, 0x38, 0x07, 0xE8, 0x20, 0x1D, 0xA8,
    0x83, 0x75, 0xC0, 0x0E, 0xDA, 0x35, 0x2A, 0x4C, 0x78, 0x07, 0xF0, 0x20, 0x1E, 0xC8, 0x83, 0x79,
    0x40, 0x0F, 0xEA, 0x15, 0xFB, 0x15, 0xF7, 0xCF, 0x9D, 0x73, 0xE5, 0xB6, 0xB0, 0x90, 0xE1, 0xDE,
    0x32, 0x25, 0x06, 0x16, 0x4E, 0xC1, 0x39, 0xC1, 0xE6, 0x9F, 0xB8, 0x03, 0x32, 0xBB, 0xFF, 0xA6,
    0xF0, 0x3E, 0x00, 0x77, 0xFC, 0xF3, 0x2B, 0xB3, 0xC2, 0x8E, 0x8B, 0xFF, 0xEE, 0x22, 0xEA, 0x27,
    0xE5, 0x8A, 0xCF, 0xFB, 0x61, 0x0E, 0x16, 0xA5, 0xB3, 0xB5, 0x8B, 0x0D, 0x08, 0x2C, 0xDF, 0xBA,
    0x30, 0x0A, 0xCC, 0xEF, 0x1B, 0xA6, 0x53, 0x7A, 0x53, 0xAC, 0xD5, 0x46, 0x45, 0x57, 0xC8, 0x15,
    0x70, 0x85, 0xDB, 0x63, 0xD8, 0x3E, 0xEE, 0x2A, 0xF9, 0xCD, 0x46, 0x75, 0xCA, 0xA0, 0x46, 0x34,
    0x06, 0xB4, 0x7C, 0x57, 0x2B, 0xB1, 0x8F, 0x2C, 0x02, 0x9F, 0x08, 0xA8, 0x74, 0x80, 0xCE, 0x50,
    0xC9, 0x7B, 0x75, 0x5C, 0x0D, 0xB7, 0x97, 0x8C, 0x7A, 0x48, 0x3D, 0xA5, 0x1E, 0xD3, 0x93, 0x4A,
    0xFE, 0x1C, 0x2A, 0xF9, 0xEB, 0xB7, 0x16, 0x7E, 0x0C, 0xEC, 0x05, 0x14, 0xFF, 0x69, 0x25, 0x24,
    0x96, 0x8B, 0x6B, 0xD1, 0xBC, 0x9C, 0x58, 0xDF, 0xEC, 0x02, 0xE4, 0x6F, 0x30, 0xFD, 0xB1, 0xFD,
    0xF9, 0x20, 0x38, 0x5F, 0x7F, 0x06, 0x75, 0xF1, 0xB5, 0x5B, 0x62, 0xCA, 0xB6, 0x87, 0x0C, 0x63,
    0xCC, 0x3A, 0x38, 0x9E, 0x31, 0xD4, 0x3D, 0x56, 0xE0, 0xAF, 0xC5, 0x87, 0xF5, 0x24, 0xA8, 0xD1,
    0xE2, 0x1A, 0x0A, 0x07, 0x14, 0xDA, 0x4F, 0xA1, 0x8B, 0xFF, 0x5C, 0x8C, 0xFE, 0x51, 0xAC, 0x95,
    0xBC, 0x3B, 0xE9, 0xE2, 0x7B, 0x1B, 0xBA, 0xFB, 0xB8, 0xA2, 0xE1, 0xA3, 0xA8, 0x1F, 0x6B, 0x7F,
    0xD8, 0x73, 0x7B, 0xDC, 0xF7, 0x48, 0x9B, 0x08, 0xD1, 0xC0, 0xAE, 0xB4, 0xD7, 0x42, 0x1A, 0x89,
    0xA3, 0x5E, 0x3A, 0x6F, 0xEF, 0x17, 0xBD, 0xD0, 0xC2, 0xBF, 0xB4, 0xD4, 0xF6, 0x77, 0x5D, 0xAB,
    0x1C, 0x63, 0x6E, 0x1C, 0x5D, 0x5B, 0x4A, 0x06, 0xF6, 0xCA, 0x93, 0xA5, 0x85, 0xFD, 0xEA, 0xAA,
    0x59, 0x0D, 0x47, 0x06, 0xFB, 0x36, 0x2C, 0xF0, 0xAD, 0x8C, 0xCE, 0xBB, 0xB2, 0xD8, 0x9A, 0xC5,
    0x7E, 0x70, 0x4F, 0x62, 0x6D, 0x97, 0x37, 0xDE, 0xCE, 0x38, 0x2D, 0xB2, 0x1E, 0xA1, 0x13, 0xE9,
    0xAB, 0x8D, 0xF7, 0x7E, 0x8A, 0x7F, 0x5A, 0xBC, 0xCB, 0xE2, 0x5A, 0x2E, 0x7F, 0xC3, 0x0E, 0xDB,
    0x1D, 0x2D, 0xDE, 0x6C, 0xD5, 0x36, 0xB4, 0xFD, 0x55, 0xEE, 0x68, 0x12, 0x2C, 0x2A, 0xD2, 0x0E,
    0x57, 0x9E, 0xB8, 0x25, 0x5C, 0x70, 0x57, 0xC9, 0xB4, 0x6B, 0x30, 0x05, 0x70, 0x1A, 0x92, 0xED,
    0xFD, 0xC6, 0x85, 0x38, 0xAD, 0xBC, 0xD7, 0x4A, 0xF2, 0xCD, 0x38, 0xB2, 0x34, 0xE1, 0x48, 0xA8,
    0x8C, 0xF7, 0x3C, 0x24, 0xC7, 0x2C, 0xDB, 0xD3, 0xAD, 0x34, 0xBB, 0x4C, 0xE8, 0x9E, 0xC2, 0xC2,
    0x62, 0x5E, 0xE4, 0x95, 0x7D, 0xE7, 0x08, 0xD7, 0x1D, 0x96, 0xCA, 0x09, 0xBF, 0x40, 0x2C, 0x53,
    0x40, 0xC6, 0x20, 0x65, 0xF0, 0x4F, 0xC8, 0xBE, 0x4A, 0x83, 0xC9, 0x57, 0x47, 0x17, 0xDF, 0x73,
    0xE0, 0xB8, 0x9D, 0x82, 0x73, 0x9B, 0xBF, 0x23, 0xC4, 0x25, 0x87, 0xD7, 0x4B, 0x16, 0xDF, 0x5B,
    0xB8, 0xAF, 0xCF, 0x3F, 0xEA, 0xC2, 0x03, 0x37, 0xEC, 0xCF, 0x2F, 0x98, 0xFD, 0x92, 0x1B, 0x58,
    0xC3, 0x0D, 0x1F, 0x71, 0x88, 0xEF, 0x04, 0x27, 0x38, 0x3B, 0x95, 0xCA, 0x3D, 0xF9, 0xA5, 0x1B,
    0x47, 0x4B, 0xCE, 0x33, 0x31, 0x3B, 0x94, 0xB2, 0x03, 0xDC, 0x49, 0xFC, 0x27, 0x31, 0xC9, 0xC6,
    0x8B, 0xAE, 0xA4, 0xE8, 0x3A, 0xEC, 0x83, 0x82, 0xEE, 0x59, 0xCA, 0xD7, 0xA8, 0x2E, 0x7C, 0xD9,
    0x2C, 0x38, 0xE8, 0xA8, 0x09, 0x66, 0x1D, 0x94, 0x2B, 0x6F, 0x32, 0xF0, 0xD7, 0x96, 0x1A, 0x9E,
    0xD1, 0xA3, 0x69, 0x0E, 0x17, 0x91, 0x28, 0xE6, 0x8D, 0xFB, 0x9A, 0x1C, 0xB6, 0x25, 0xB7, 0x51,
    0xDE, 0x64, 0xC2, 0xB2, 0x84, 0xC4, 0x93, 0x9F, 0xFD, 0x14, 0x8C, 0xC8, 0x85, 0xCF, 0xEF, 0x87,
    0xC5, 0x9A, 0xCC, 0x42, 0x5B, 0xCC, 0x45, 0x7B, 0x28, 0x2A, 0x8D, 0x3D, 0x8B, 0x6E, 0x2F, 0x62,
    0x96, 0xC5, 0x44, 0xA1, 0x36, 0x47, 0xEE, 0x27, 0xE6, 0x72, 0x90, 0xB8, 0xA7, 0xAF, 0x2C, 0x6E,
    0x7E, 0x83, 0x43, 0x64, 0x69, 0xF0, 0x33, 0xF9, 0x91, 0x4E, 0xA7, 0x1F, 0xA7, 0xE1, 0x79, 0xC4,
    0xE8, 0x87, 0x06, 0x8D, 0xC2, 0xBB, 0xE9, 0x25, 0xD9, 0x63, 0xDD, 0xF1, 0x26, 0x06, 0x0D, 0x17,
    0x4D, 0x98, 0xA9, 0x7D, 0xA7, 0x49, 0xED, 0x0F, 0xF7, 0xEE, 0xFA, 0xCE, 0xFD, 0xEC, 0xE4, 0x5E,
    0x93, 0xA8, 0xD7, 0x1B, 0x8B, 0xC7, 0xB9, 0x37, 0xA7, 0x7D, 0x36, 0xBE, 0xE5, 0x24, 0x5A, 0x9B,
    0x62, 0x78, 0xEB, 0xCE, 0xEF, 0xDB, 0x44, 0xFF, 0x70, 0x5B, 0x83, 0x25, 0x6E, 0x21, 0xEC, 0xFC,
    0xA0, 0x9B, 0x53, 0x3A, 0x8F, 0xD0, 0x03, 0xED, 0x4F, 0x69, 0x84, 0x0B, 0xF7, 0x4E, 0x64, 0x0C,
    0x51, 0x50, 0x2B, 0xC5, 0x11, 0x59, 0x9E, 0x93, 0xC7, 0x84, 0xBA, 0xD2, 0xBD, 0xF3, 0x56, 0xD4,
    0xC8, 0x94, 0x09, 0x6A, 0x53, 0xCE, 0x7D, 0x66, 0xE7, 0x42, 0xE6, 0x86, 0xB9, 0xF4, 0x25, 0xF1,
    0x63, 0xE7, 0x5A, 0x22, 0xDE, 0x27, 0x2D, 0x39, 0x7A, 0x38, 0xA6, 0x9D, 0x2B, 0xEE, 0x64, 0x2D,
    0x87, 0x56, 0x22, 0xE2, 0xFB, 0x5A, 0x20, 0xED, 0x38, 0xC6, 0xB2, 0xA0, 0xED, 0x18, 0x9E, 0xA2,
    0x1A, 0x2E, 0x5D, 0x5B, 0xA8, 0x69, 0x89, 0xEB, 0x07, 0xEA, 0x8B, 0xC2, 0x35, 0xCF, 0xE9, 0xB5,
    0x4F, 0xA8, 0xD9, 0xF2, 0x1A, 0xAC, 0x18, 0x65, 0xD4, 0x9D, 0xDA, 0xE3, 0xA6, 0x39, 0x95, 0x27,
    0x99, 0x1F, 0x67, 0xAF, 0x1E, 0x9F, 0x2E, 0x36, 0xD5, 0x7A, 0xCD, 0x8E, 0x79, 0x2C, 0xF6, 0xF3,
    0xD9, 0x7A, 0x5E, 0x8B, 0x35, 0x7B, 0xC4, 0xBB, 0xEF, 0x6F, 0x56, 0x8C, 0x20, 0xB6, 0xF7, 0x2A,
    0x76, 0x9E, 0xEE, 0x58, 0xF9, 0x76, 0xC6, 0x4E, 0x5B, 0xDB, 0xBB, 0x5B, 0x39, 0x52, 0x68, 0x64,
    0x2D, 0x6B, 0x73, 0x7B, 0x20, 0x18, 0xEC, 0xA1, 0x98, 0xE9, 0x9B, 0xE6, 0x21, 0xF7, 0x4D, 0x64,
    0x0D, 0xCC, 0x57, 0xDF, 0x12, 0x59, 0xF4, 0xED, 0x14, 0xAF, 0xFB, 0x76, 0x17, 0xB6, 0xB4, 0x9B,
    0xD1, 0xB4, 0xB4, 0xA5, 0x45, 0x5B, 0x83, 0x4E, 0x9C, 0x4A, 0xFB, 0x03, 0xF7, 0x9A, 0x05, 0xCF,
    0x91, 0xE2, 0xAD, 0x4D, 0xC4, 0x5A, 0x6F, 0x45, 0x59, 0xDF, 0xB8, 0x4C, 0xC3, 0xB7, 0xC3, 0x05,
    0x0D, 0xDF, 0x87, 0x45, 0xB3, 0x7F, 0x31, 0xBD, 0x09, 0x12, 0x66, 0x62, 0xEC, 0xE3, 0x6E, 0x91,
    0x4F, 0x9C, 0x0D, 0x12, 0x95, 0x90, 0x75, 0x52, 0xC6, 0x4D, 0xD1, 0xAD, 0xDC, 0x20, 0x9A, 0x4A,
    0xAC, 0xBB, 0x80, 0xF5, 0x39, 0xAF, 0xC9, 0x4B, 0xE7, 0x5A, 0x78, 0xE2, 0x74, 0xCD, 0xE9, 0x75,
    0xE3, 0x35, 0x9C, 0x95, 0xBD, 0x23, 0x5E, 0x4D, 0x8F, 0x34, 0x73, 0x24, 0x03, 0x79, 0x35, 0x34,
    0x4D, 0xB8, 0x0C, 0x13, 0xB4, 0xCC, 0xB3, 0x32, 0xF1, 0x4A, 0xDE, 0x45, 0xBE, 0x5B, 0xDA, 0xA4,
    0x0B, 0xCB, 0xE4, 0x31, 0xE7, 0xD6, 0xB7, 0x38, 0xAB, 0xCE, 0x87, 0x47, 0xEA, 0xE2, 0xDC, 0x0B,
    0x23, 0xF2, 0x78, 0xD2, 0x21, 0x13, 0x13, 0xBB, 0x98, 0x10, 0x3D, 0x56, 0xDB, 0x3F, 0x5B, 0xE7,
    0x7A, 0x29, 0xBD, 0x26, 0x3F, 0x20, 0x9E, 0xC0, 0x07, 0x2A, 0xB4, 0x4D, 0xD2, 0xAF, 0x13, 0x4C,
    0x14, 0x49, 0x65, 0xD2, 0x43, 0xA9, 0x54, 0x7A, 0x2C, 0x3D, 0x97, 0x1E, 0x4C, 0x4F, 0xA6, 0xA2,
    0x69, 0x94, 0x4D, 0xA3, 0x70, 0x1A, 0xA5, 0xD3, 0x28, 0x9E, 0x46, 0xF9, 0x34, 0x65, 0xA8, 0x08,
    0xA1, 0x46, 0xD1, 0x0C, 0x15, 0x85, 0xD4, 0x28, 0xA5, 0x5A, 0x19, 0x8C, 0x72, 0x6A, 0x14, 0x54,
    0xA3, 0xA4, 0x1A, 0x45, 0xD5, 0x28, 0xAB, 0x1E, 0x56, 0x4F, 0xAB, 0xC7, 0x35, 0xF0, 0xEA, 0x81,
    0xF5, 0xC4, 0x06, 0x64, 0x8F, 0xEB, 0xD6, 0x6F, 0x9C, 0x1B, 0x35, 0x0C, 0x9A, 0xE6, 0xF6, 0x6A,
    0xE6, 0xB6, 0x6E, 0x5B, 0x16, 0x58, 0xA0, 0xEB, 0x89, 0x04, 0x92, 0x8A, 0xB5, 0x79, 0xFF, 0x4B,
    0xEB, 0xDC, 0x5E, 0xAB, 0x56, 0xE2, 0x0E, 0xE9, 0x42, 0x9D, 0xF8, 0xAD, 0x25, 0x0C, 0xD3, 0x4A,
    0x06, 0xB7, 0x33, 0xCD, 0xB7, 0x97, 0xA6, 0x64, 0x09, 0xFC, 0xC0, 0x5F, 0x05, 0xC0, 0x40, 0x04,
    0x0C, 0x84, 0xC0, 0x88, 0x18, 0xB0, 0x7A, 0x8C, 0xC4, 0x91, 0xB5, 0xE3, 0xD8, 0x13, 0x11, 0x06,
    0x99, 0xD3, 0xD9, 0xE8, 0x98, 0xA5, 0x14, 0x91, 0x90, 0xC9, 0x98, 0x4D, 0xF5, 0x51, 0xA6, 0x13,
    0x11, 0x0C, 0x2E, 0xD9, 0x96, 0x16, 0xE1, 0xE0, 0x32, 0x45, 0x8A, 0x16, 0x9B, 0x64, 0x22, 0x22,
    0x06, 0x42, 0x62, 0x20, 0x26, 0x61, 0x3B, 0x0E, 0xA2, 0xA2, 0xC2, 0x72, 0x4E, 0xCD, 0xBF, 0x06,
    0x99, 0xC0, 0x7A, 0x46, 0x77, 0x89, 0x93, 0x59, 0x65, 0x45, 0x5D, 0x65, 0x12, 0xB6, 0xD7, 0x4B,
    0xE4, 0xA5, 0xE6, 0xF4, 0xD6, 0x96, 0xB3, 0x75, 0x54, 0x4E, 0x9C, 0x98, 0x74, 0xE2, 0x00, 0x91,
    0x0C, 0x3A, 0x27, 0x24, 0x03, 0x64, 0xA4, 0x5B, 0x8A, 0xC8, 0x49, 0x69, 0x1F, 0x17, 0x80, 0x14,
    0x50, 0xAF, 0x72, 0x76, 0x11, 0x29, 0xBF, 0xCE, 0xD9, 0xD5, 0xF1, 0x41, 0xD6, 0x83, 0xE4, 0xEC,
    0xBE, 0xFF, 0xFC, 0x32, 0x67, 0xD7, 0x2E, 0x90, 0x07, 0xF1, 0x00, 0x5E, 0x78, 0x57, 0xDC, 0x8F,
    0xD3, 0x7E, 0xB3, 0x0A, 0xA4, 0x03, 0x74, 0x70, 0x0E, 0xCC, 0x85, 0x72, 0x40, 0x0E, 0xC6, 0x81,
    0x38, 0x08, 0x07, 0xE0, 0xE0, 0x1B, 0x78, 0x83, 0x6E, 0xC0, 0x0D, 0xB6, 0x81, 0x36, 0xC8, 0x06,
    0xD8, 0xE0, 0x1A, 0x58, 0x17, 0xEA, 0x9F, 0x60, 0xA8, 0x95, 0x69, 0x20, 0xBD, 0x24, 0x3A, 0xBE,
    0x7B, 0x21, 0x7E, 0x58, 0x75, 0xC8, 0x08, 0xF5, 0x1E, 0x0D, 0x1A, 0x25, 0x0C, 0x35, 0x93, 0xF6,
    0x88, 0x92, 0x28, 0x46, 0x6C, 0xBE, 0xD4, 0x36, 0x45, 0x3E, 0xAB, 0xFD, 0x97, 0x6A, 0x89, 0xB6,
    0x67, 0xDB, 0xC3, 0xED, 0xE9, 0x3E, 0xCD, 0x00, 0x0F, 0x33, 0x03, 0x84, 0x64, 0xDC, 0xDD, 0x32,
    0x19, 0x37, 0x9E, 0xC4, 0x4E, 0x4C, 0x0E, 0x62, 0xB4, 0x44, 0xBD, 0xA6, 0x81, 0x42, 0x3C, 0x36,
    0xEB, 0x64, 0xDC, 0xF7, 0xC5, 0x7C, 0xF1, 0xC9, 0xB8, 0xF6, 0xEC, 0xA4, 0xF9, 0x8F, 0x69, 0xFE,
    0x7F, 0x92, 0x5C, 0x5C, 0xB7, 0x86, 0x7D, 0x0B, 0x99, 0xB8, 0xFC, 0xAB, 0xD9, 0x27, 0xD8, 0x55,
    0x78, 0x47, 0x7C, 0xEE, 0xB1, 0x29, 0xD6, 0xB1, 0x1B, 0x69, 0xBF, 0x76, 0x84, 0xC1, 0xB7, 0xBE,
    0xC5, 0xD8, 0xE6, 0xE8, 0x58, 0x3D, 0x14, 0x45, 0x33, 0xD8, 0x4F, 0x9A, 0xFF, 0x12, 0xCD, 0x2F,
    0x39, 0xB6, 0xA9, 0xDD, 0xFD, 0x09, 0x3D, 0x6E, 0x68, 0xD5, 0x21, 0x51, 0x7C, 0x4C, 0xE3, 0x97,
    0x57, 0xC4, 0xC5, 0x06, 0x69, 0x51, 0x8B, 0xE0, 0x56, 0x51, 0xF4, 0x78, 0x09, 0xD6, 0x25, 0x9C,
    0x57, 0x5B, 0x0E, 0x64, 0x14, 0xD9, 0xBD, 0xB3, 0x4F, 0x29, 0xA9, 0xB6, 0x27, 0xAA, 0x2F, 0xA4,
    0x12, 0x3E, 0xDE, 0x66, 0xFC, 0x0B, 0xEB, 0x0C, 0x3E, 0x75, 0xC6, 0xD6, 0x22, 0xC4, 0xBA, 0xA4,
    0x4C, 0x2D, 0xFB, 0xB0, 0x48, 0x69, 0x8B, 0x5F, 0xA8, 0xE7, 0xA0, 0x03, 0x67, 0x22, 0x46, 0x0C,
    0xE7, 0x07, 0xDE, 0xBA, 0x39, 0x2D, 0x19, 0x1F, 0xA5, 0x6B, 0x43, 0xD2, 0x5F, 0xE5, 0x64, 0x25,
    0xF1, 0xEA, 0xD5, 0xD8, 0x03, 0x60, 0xF7, 0x22, 0x29, 0x88, 0x6C, 0xA4, 0x30, 0xC4, 0xA2, 0xA7,
    0x35, 0x54, 0xBB, 0xA7, 0xF4, 0x27, 0x5B, 0x91, 0x09, 0x7A, 0xF5, 0x49, 0x23, 0xF5, 0x21, 0x1C,
    0x25, 0x21, 0x39, 0xDC, 0x4D, 0x6A, 0x7E, 0xD5, 0xEA, 0x43, 0xDB, 0x5B, 0xDD, 0x7A, 0x4C, 0x7C,
    0x5E, 0x5E, 0xE1, 0xA3, 0xAC, 0xD5, 0xA4, 0xE1, 0xA1, 0x8F, 0x3E, 0xD2, 0xDD, 0x5D, 0x39, 0xF9,
    0x88, 0x02, 0xB7, 0xB7, 0xE1, 0x84, 0x2B, 0x4D, 0x8C, 0x15, 0x2F, 0x2E, 0xD3, 0x9F, 0xCF, 0xCA,
    0x7F, 0x8D, 0x2D, 0x5B, 0xFB, 0x59, 0x88, 0x3D, 0xF7, 0x1B, 0x34, 0xBA, 0x9F, 0xFB, 0x53, 0x8B,
    0xA8, 0x07, 0x58, 0x28, 0xC1, 0x44, 0xF1, 0x36, 0x4A, 0x30, 0x52, 0x82, 0x95, 0xA2, 0x66, 0xCA,
    0x6C, 0x82, 0x9D, 0x12, 0x0C, 0x95, 0x60, 0xA9, 0x04, 0x53, 0x25, 0x98, 0x28, 0x8B, 0x9A, 0xB7,
    0x56, 0x82, 0xB9, 0x12, 0xEC, 0x95, 0x60, 0xB0, 0x04, 0x8B, 0x25, 0x98, 0x2C, 0xC1, 0x66, 0x09,
    0x46, 0x4B, 0xB0, 0x5A, 0x82, 0xD9, 0x12, 0xEC, 0x96, 0x85, 0xE1, 0x12, 0x2C, 0x97, 0x60, 0xBA,
    0x2C, 0x6C, 0x97, 0x63, 0xF2, 0xF3, 0x3C, 0xC6, 0x09, 0x86, 0xFB, 0x7E, 0x15, 0x16, 0xB5, 0x97,
    0x79, 0xB2, 0x09, 0x43, 0xE1, 0x8F, 0x66, 0x13, 0x49, 0xC2, 0x71, 0x56, 0x7F, 0x60, 0xD2, 0x95,
    0xA9, 0x8F, 0x82, 0x23, 0x49, 0x6F, 0x56, 0x25, 0xC7, 0x07, 0x1C, 0x9C, 0x31, 0x8A, 0xBD, 0xB4,
    0x4C, 0xE2, 0xDE, 0x4B, 0x99, 0xFB, 0x1F, 0x4B, 0xAB, 0x3C, 0x6C, 0x6F, 0x2D, 0x4E, 0x65, 0xF3,
    0xB3, 0x59, 0xED, 0xF7, 0xD8, 0x6B, 0x7F, 0x86, 0x54, 0xA9, 0x7C, 0x2F, 0xB2, 0x52, 0x69, 0x0F,
    0x40, 0x50, 0xA7, 0xB0, 0x06, 0x3D, 0xE4, 0xEB, 0xC5, 0x13, 0xEA, 0x5F, 0x00, 0xEA, 0xDF, 0x5A,
    0xE5, 0x22, 0xAB, 0xC5, 0xDE, 0x2D, 0x53, 0x41, 0xEA, 0x71, 0x39, 0x77, 0xAB, 0xDF, 0x06, 0x4E,
    0xDE, 0xBC, 0x62, 0xC6, 0xA3, 0xA7, 0x87, 0xF1, 0x45, 0xCD, 0x1F, 0x15, 0xA5, 0x86, 0xCA, 0xC2,
    0x7F, 0xE8, 0xFD, 0xDF, 0xC1, 0x03, 0xBE, 0xF4, 0x81, 0x87, 0x60, 0xC0, 0x70, 0xA4, 0x26, 0x79,
    0xC2, 0xC1, 0x7D, 0xED, 0x0F, 0xB7, 0x2B, 0xBD, 0x2A, 0x79, 0xE9, 0xC4, 0xFD, 0xA3, 0xE0, 0x5E,
    0x4E, 0xA5, 0x89, 0x64, 0xF0, 0x53, 0x89, 0x04, 0x93, 0xD8, 0x7F, 0xDA, 0xA8, 0xE5, 0xA2, 0x61,
    0x1F, 0x59, 0x0E, 0x9F, 0x0C, 0x3C, 0x0A, 0xD9, 0x61, 0x91, 0x6D, 0x81, 0xBF, 0xD3, 0x48, 0xBA,
    0x51, 0x34, 0xFD, 0xF5, 0xA7, 0x48, 0x0A, 0xFC, 0x36, 0xB4, 0x33, 0xFF, 0xDE, 0x52, 0xAB, 0xA5,
    0x99, 0x54, 0x30, 0x7E, 0xEB, 0x57, 0x8D, 0xBA, 0xC9, 0x6A, 0x35, 0x81, 0xC5, 0x7C, 0xE8, 0x5A,
    0x22, 0x9C, 0x7F, 0xCD, 0xFC, 0x8D, 0xD7, 0xEF, 0x27, 0x53, 0xE6, 0x8B, 0xD0, 0xEF, 0x79, 0x4F,
    0x59, 0x08, 0x94, 0xF2, 0x26, 0x3B, 0x48, 0xE4, 0x7B, 0x49, 0x84, 0x00, 0xCA, 0x44, 0x20, 0x3B,
    0xBE, 0xE7, 0x53, 0xD3, 0xA2, 0x90, 0x8B, 0xF0, 0xB4, 0x59, 0x2D, 0xFC, 0x07, 0x1F, 0x7F, 0x76,
    0xE2, 0xF1, 0x8B, 0x35, 0xAD, 0x8F, 0x2C, 0x50, 0x97, 0x46, 0xA4, 0x4E, 0xB4, 0x7E, 0x99, 0xBA,
    0x88, 0xD3, 0x0D, 0x81, 0xBA, 0x61, 0xB1, 0xBA, 0x5A, 0x87, 0x05, 0xE7, 0xD6, 0x53, 0x88, 0xF0,
    0x7A, 0x85, 0x8A, 0x25, 0xAA, 0xAC, 0x51, 0x35, 0x93, 0x1A, 0x7D, 0xA6, 0x5D, 0x07, 0x73, 0xEE,
    0xA6, 0x66, 0x5D, 0x93, 0x93, 0xC1, 0x8E, 0x34, 0x50, 0xF4, 0xB2, 0x07, 0x3E, 0xFC, 0x8D, 0xD2,
    0xB3, 0x1D, 0xBE, 0xBF, 0xA6, 0x7F, 0xAA, 0xE4, 0x0C, 0x46, 0x06, 0x65, 0x32, 0xDE, 0x85, 0x29,
    0x3E, 0x4C, 0x61, 0xB7, 0x93, 0x0A, 0xC5, 0xAA, 0x70, 0xE0, 0x4E, 0xC2, 0xF1, 0x40, 0x70, 0x91,
    0xF2, 0x40, 0x6D, 0x79, 0x8D, 0xDD, 0x8B, 0xB3, 0x94, 0x07, 0x2C, 0xE3, 0x05, 0x6D, 0x27, 0xC2,
    0xC5, 0x51, 0x36, 0x12, 0x11, 0xB3, 0x93, 0x90, 0x18, 0xAE, 0x14, 0x13, 0xF6, 0xBA, 0x4B, 0x04,
    0x05, 0x72, 0xA5, 0xD0, 0x0A, 0xC7, 0x11, 0xB5, 0x03, 0x2A, 0x12, 0x20, 0x8C, 0x76, 0x95, 0xEE,
    0x77, 0xE4, 0x24, 0x44, 0x77, 0x1F, 0xB9, 0x97, 0x1D, 0xA2, 0x96, 0xAE, 0xA4, 0x37, 0x45, 0xA8,
    0x12, 0x5C, 0x43, 0x09, 0xE2, 0xB1, 0x25, 0x8E, 0x91, 0xF1, 0xBB, 0x46, 0x2F, 0x2F, 0x89, 0x98,
    0x37, 0xEE, 0x4F, 0xAA, 0x1E, 0xED, 0xE9, 0xF3, 0xA4, 0x7D, 0x0E, 0xBB, 0xE7, 0xD5, 0x27, 0xFA,
    0x47, 0x3E, 0x50, 0x51, 0x11, 0x3D, 0x23, 0x79, 0xAD, 0x36, 0xEE, 0x37, 0xB7, 0xE4, 0xF8, 0x19,
    0xA9, 0x6B, 0x5A, 0xCB, 0x58, 0xA0, 0xA0, 0xB7, 0x2D, 0x24, 0xFB, 0x9B, 0xF8, 0x72, 0xAF, 0x5C,
    0x0A, 0x58, 0xCA, 0xD7, 0x81, 0x63, 0x85, 0x38, 0xD2, 0x73, 0x6F, 0x58, 0x4A, 0x77, 0xB1, 0xDC,
    0x8F, 0xFA, 0xDA, 0x29, 0x32, 0xEA, 0x60, 0xD7, 0xBF, 0x99, 0x14, 0xD4, 0x29, 0x14, 0x59, 0xEA,
    0x8A, 0x62, 0x8A, 0x67, 0xBB, 0xEB, 0xCB, 0x29, 0xBD, 0x6B, 0x7F, 0x39, 0x94, 0xB6, 0xFD, 0x6F,
    0xCB, 0xC9, 0xAC, 0x3F, 0x77, 0x3D, 0xE2, 0x06, 0xDF, 0x70, 0x56, 0xEB, 0x81, 0x94, 0x0D, 0xDD,
    0xA2, 0x96, 0x40, 0xA3, 0x8B, 0x71, 0x03, 0xBA, 0x08, 0x94, 0xDE, 0x4B, 0x34, 0x15, 0x68, 0x67,
    0x7C, 0x54, 0x96, 0x84, 0x9A, 0xF9, 0x23, 0xB9, 0xC3, 0x31, 0xA7, 0xF7, 0x3E, 0xA4, 0xDE, 0x9B,
    0xD5, 0xDE, 0xAA, 0xF6, 0x46, 0xF5, 0x26, 0xD8, 0xD4, 0x6A, 0x52, 0x7B, 0x8B, 0xDA, 0xE7, 0xA8,
    0xB7, 0xDE, 0x64, 0x37, 0xC7, 0xA3, 0x4B, 0xBC, 0x5B, 0xE6, 0x24, 0x05, 0x0F, 0x2E, 0x05, 0x7A,
    0x5C, 0x3D, 0x76, 0x86, 0x3B, 0xB9, 0x94, 0x86, 0x25, 0x3D, 0xF0, 0xE8, 0xA4, 0x3D, 0x17, 0x49,
    0x87, 0x21, 0xAA, 0x77, 0x8B, 0xAD, 0x66, 0xEC, 0xE8, 0xC3, 0x79, 0x52, 0x56, 0xCB, 0xE2, 0x48,
    0x36, 0xFD, 0x13, 0x2C, 0x1B, 0xDE, 0xFD, 0x17, 0x5F, 0xE6, 0xFE, 0xDB, 0x2E, 0xDC, 0x7F, 0xFD,
    0x31, 0xF7, 0x9F, 0x89, 0xEE, 0x68, 0x72, 0x07, 0x9B, 0x21, 0x7C, 0x6E, 0x43, 0x66, 0xCD, 0xCA,
    0x34, 0x91, 0xF0, 0x16, 0x15, 0x28, 0x3B, 0x2A, 0xD0, 0xB6, 0x57, 0xA2, 0x6D, 0xA3, 0x48, 0xD3,
    0xC4, 0xC5, 0x4C, 0xCF, 0x95, 0x09, 0x50, 0x07, 0xAA, 0x03, 0xD6, 0x81, 0x6B, 0x0F, 0x76, 0x20,
    0x3B, 0xA0, 0x1D, 0xD8, 0x0E, 0x70, 0x07, 0xBA, 0x03, 0xDE, 0x81, 0xEF, 0x00, 0x78, 0x20, 0x3C,
    0x20, 0x1E, 0x18, 0x0F, 0x90, 0x07, 0xCA, 0x03, 0xE6, 0x81, 0xF3, 0x00, 0x7A, 0x20, 0x3D, 0xA0,
    0x1E, 0x58, 0x0F, 0xB0, 0x2F, 0x68, 0x0F, 0xB8, 0x2F, 0x78, 0x3F, 0xAA, 0xF6, 0x63, 0x68, 0x9A,
    0x6D, 0xBF, 0x4E, 0x67, 0xD5, 0x38, 0x14, 0x75, 0x75, 0x79, 0x97, 0x3A, 0xA2, 0x8B, 0xEC, 0x7A,
    0xBF, 0x43, 0xF7, 0xD8, 0x92, 0xC6, 0x20, 0xC8, 0xC8, 0xDF, 0xC9, 0xDF, 0xF1, 0xC0, 0xE4, 0x7F,
    0xD5, 0xF6, 0x1B, 0x26, 0x56, 0xD9, 0xBF, 0xEB, 0xA9, 0xD7, 0x52, 0xF1, 0x57, 0xFE, 0x55, 0x00,
    0x54, 0x02, 0x20, 0x02, 0x2A, 0x03, 0x2A, 0x04, 0x2A, 0x05, 0x2A, 0x06, 0x2A, 0x07, 0x2A, 0x08,
    0x2A, 0x09, 0x2A, 0x0A, 0x2A, 0x0B, 0x06, 0xC2, 0x60, 0x20, 0x0D, 0x06, 0xE2, 0x60, 0x20, 0x0F,
    0x06, 0x02, 0xE1, 0x25, 0x62, 0x21, 0x12, 0x47, 0xFD, 0x84, 0xFB, 0x07, 0xF3, 0x13, 0x66, 0xDE,
    0x37, 0x1E, 0x31, 0x9E, 0x77, 0x34, 0xFD, 0x09, 0xFC, 0xBF, 0x78, 0x92, 0x89, 0x2F, 0x42, 0x26,
    0x92, 0xDD, 0xFA, 0x78, 0x09, 0x3D, 0x8D, 0x47, 0x8F, 0x92, 0xD1, 0xE3, 0x70, 0x33, 0x9F, 0xF5,
    0x82, 0x01, 0x55, 0x7F, 0x99, 0xFA, 0xC8, 0xDC, 0x42, 0x54, 0x64, 0xA1, 0x7A, 0x36, 0x64, 0xE1,
    0x1E, 0xFE, 0xC4, 0xEE, 0x41, 0xFC, 0x89, 0x9B, 0xFB, 0xF8, 0x13, 0x3B, 0x95, 0x8F, 0xD6, 0xCB,
    0x42, 0xED, 0x6B, 0x2F, 0x9D, 0xE4, 0xE3, 0x91, 0xC8, 0xC7, 0x75, 0xB3, 0x30, 0x93, 0xD4, 0x4E,
    0x52, 0x43, 0x49, 0x2D, 0x25, 0x35, 0x95, 0x82, 0xAD, 0xA4, 0x61, 0x2F, 0x1A, 0x98, 0xA7, 0x01,
    0x90, 0xF5, 0x2A, 0x00, 0x92, 0x4B, 0x96, 0x97, 0xAB, 0xCF, 0xC8, 0xDC, 0xB1, 0xF2, 0x3C, 0x7E,
    0xA8, 0xB3, 0xC3, 0x3B, 0x0F, 0xE4, 0x79, 0x1C, 0xD9, 0x22, 0xBF, 0xC3, 0xBD, 0xF5, 0xD7, 0xC7,
    0xE7, 0x89, 0x93, 0x44, 0x3C, 0xAA, 0x19, 0x23, 0x9E, 0xCC, 0x1F, 0x8B, 0x63, 0xA8, 0x92, 0xA0,
    0x74, 0xFB, 0x31, 0x7C, 0x1B, 0xC8, 0xFE, 0xC9, 0xA4, 0x9C, 0xE0, 0xDF, 0xF9, 0x6E, 0x14, 0x7C,
    0x3A, 0xCF, 0x94, 0xB5, 0x24, 0x10, 0xDE, 0xB9, 0x8C, 0xD5, 0x13, 0xB5, 0x8F, 0xCE, 0xF6, 0x3F,
    0xEA, 0x9F, 0xF4, 0x0B, 0xBB, 0x60, 0x9D, 0xFA, 0x5A, 0xBC, 0xF0, 0x59, 0x76, 0xE6, 0xBC, 0xEF,
    0xE7, 0xA8, 0x7F, 0xF2, 0x59, 0x24, 0xFC, 0x82, 0x07, 0x49, 0x63, 0x9E, 0xF5, 0xFF, 0x9E, 0x49,
    0xFD, 0xF9, 0x90, 0x5A, 0x56, 0x66, 0xE1, 0x47, 0x5A, 0x38, 0x92, 0x30, 0x2E, 0xD1, 0xB0, 0x8E,
    0x71, 0x57, 0x87, 0xFE, 0xD6, 0x47, 0x36, 0x69, 0x32, 0xB3, 0xFE, 0x3F, 0x55, 0x6A, 0x94, 0xEA,
    0x91, 0xDB, 0x71, 0x75, 0xEF, 0xD1, 0x77, 0xEF, 0x75, 0x20, 0x7F, 0x2C, 0x9D, 0x6D, 0xB8, 0x95,
    0x63, 0x17, 0xC9, 0x47, 0x44, 0x0E, 0xA3, 0xCA, 0x21, 0xB7, 0x67, 0xC9, 0x28, 0x47, 0x91, 0x95,
    0xB6, 0x47, 0x6A, 0xE0, 0x1E, 0x51, 0x9E, 0x0D, 0xA7, 0x3D, 0xB2, 0x18, 0x38, 0x80, 0x73, 0x01,
    0x5E, 0x62, 0x5B, 0x9D, 0x89, 0x8C, 0xAC, 0xC6, 0x8F, 0xF9, 0x4D, 0xB7, 0xF6, 0x17, 0xFC, 0xA6,
    0x89, 0xFD, 0x14, 0x27, 0x85, 0x22, 0x95, 0x54, 0x77, 0x9D, 0xD5, 0x4B, 0xD0, 0xFA, 0xE3, 0x8E,
    0xF1, 0x16, 0xB3, 0x8F, 0xA7, 0x30, 0x21, 0xAB, 0x72, 0x51, 0x1E, 0xC0, 0xE2, 0x01, 0x74, 0x0E,
    0x2B, 0x7F, 0xFA, 0x9B, 0x3E, 0xB8, 0x94, 0x9B, 0xB3, 0x85, 0x03, 0x3F, 0x3D, 0x92, 0x61, 0xDD,
    0xAF, 0x93, 0x0A, 0xB6, 0xF3, 0x7A, 0xDF, 0x64, 0xEB, 0x93, 0x3A, 0x34, 0x05, 0x4C, 0x4F, 0x1F,
    0x19, 0xD7, 0xD9, 0xD8, 0x3A, 0xA1, 0xAF, 0x8F, 0x0A, 0xF1, 0x9F, 0xAB, 0x92, 0x9C, 0x79, 0xCD,
    0x36, 0x1C, 0x65, 0xE3, 0xF0, 0xE3, 0x5D, 0x0B, 0xD7, 0xBE, 0x44, 0x4E, 0xDA, 0x93, 0x70, 0x5C,
    0xFA, 0x92, 0x83, 0x35, 0x51, 0x3A, 0xCC, 0x45, 0xBB, 0x8D, 0x50, 0x19, 0xA3, 0xA4, 0x9B, 0x94,
    0xA3, 0xC8, 0x61, 0x31, 0xCA, 0x0A, 0x3D, 0x1F, 0xE5, 0xE8, 0x8C, 0x7C, 0x92, 0x04, 0xCF, 0x6C,
    0x92, 0x4D, 0xAF, 0x6C, 0x12, 0xF1, 0xCB, 0x26, 0x39, 0x54, 0x2F, 0x9B, 0x64, 0x43, 0x22, 0x9D,
    0x5A, 0x8D, 0x36, 0xAE, 0x16, 0xDB, 0xC5, 0xAE, 0xC4, 0x01, 0xF7, 0xE8, 0xD1, 0xD4, 0xA7, 0xF8,
    0xEF, 0x56, 0xEA, 0x5A, 0xDD, 0x05, 0x3C, 0xEC, 0x57, 0x90, 0x03, 0x93, 0x61, 0x0B, 0xAA, 0xFC,
    0x4C, 0xC6, 0x0D, 0x47, 0x64, 0x50, 0xB9, 0x93, 0xD1, 0x9D, 0x57, 0x5E, 0xA2, 0xCD, 0x67, 0x27,
    0x1E, 0x2F, 0xCD, 0xF8, 0xD7, 0xF3, 0x4D, 0x55, 0x85, 0xEA, 0x92, 0xF4, 0xFC, 0x51, 0x06, 0xEA,
    0x89, 0xAB, 0x01, 0xA9, 0xFF, 0x6F, 0x3E, 0x9E, 0x05, 0xEE, 0xAE, 0x80, 0xBB, 0xB6, 0x61, 0xEE,
    0x5C, 0xBB, 0x6A, 0x39, 0x37, 0x62, 0x5F, 0x4B, 0x90, 0xEC, 0xAE, 0x14, 0xE5, 0xDD, 0x14, 0x32,
    0x39, 0x08, 0x77, 0x48, 0x81, 0xC6, 0x19, 0x95, 0x1B, 0x3C, 0xBF, 0x40, 0x7B, 0xEA, 0xDF, 0x4A,
    0x69, 0xBF, 0x2F, 0xE5, 0x8C, 0x43, 0x81, 0xFE, 0x28, 0x9E, 0x57, 0x8E, 0xB0, 0x08, 0x8E, 0xFA,
    0x74, 0xAE, 0x56, 0x6E, 0xB5, 0x44, 0xB7, 0x4C, 0xDE, 0x3B, 0xE9, 0xDF, 0xE3, 0xBC, 0x5F, 0x35,
    0xAB, 0x81, 0x2E, 0x71, 0x6B, 0x6D, 0xE1, 0x2C, 0x8A, 0x35, 0x1A, 0xA1, 0x99, 0x0F, 0x7A, 0x00,
    0x5F, 0xB6, 0xFE, 0xAF, 0x32, 0x53, 0xBB, 0xFE, 0x6B, 0x4D, 0x9B, 0xD1, 0x50, 0xF4, 0xC8, 0x9C,
    0xF4, 0xF1, 0xEF, 0xAA, 0x8F, 0x17, 0x39, 0xAA, 0x6D, 0xB7, 0xDD, 0xF1, 0x00, 0x1F, 0x32, 0x39,
    0x4F, 0xC0, 0xB6, 0xFB, 0x45, 0x56, 0x49, 0xD6, 0x8B, 0x85, 0x9A, 0xEE, 0x0A, 0x39, 0xD3, 0xB5,
    0xD9, 0x74, 0xE6, 0xBE, 0x9F, 0x13, 0xFF, 0xE1, 0xD3, 0x36, 0xCF, 0xC3, 0xBE, 0xE0, 0xAC, 0xA0,
    0xCC, 0x0E, 0xFC, 0xBF, 0x0F, 0xE4, 0xB0, 0xE9, 0x8B, 0x7F, 0x43, 0x1C, 0x57, 0x23, 0x8F, 0x4E,
    0x17, 0x01, 0x05, 0x97, 0x7D, 0x4E, 0x7C, 0x5F, 0xC2, 0xF7, 0xFF, 0x02, 0xDD, 0x58, 0x31, 0xAF,
    0xDD, 0x58, 0x11, 0x1E, 0xDB, 0x49, 0xCC, 0xC6, 0x42, 0x87, 0x22, 0x0F, 0x69, 0x83, 0x22, 0x53,
    0x6C, 0x11, 0x3D, 0xF1, 0x70, 0xFB, 0x8A, 0xBC, 0xD8, 0x52, 0x8A, 0x2D, 0x79, 0xC5, 0xBB, 0x42,
    0x88, 0x9A, 0x02, 0x24, 0xB4, 0xCD, 0x2B, 0x40, 0x4A, 0xB0, 0xE1, 0x17, 0xBC, 0x82, 0x1F, 0x90,
    0x22, 0xC5, 0xB2, 0x5B, 0x6C, 0xBB, 0xC5, 0x82, 0x1D, 0x7E, 0x81, 0x1B, 0x6A, 0x2C, 0x01, 0xD5,
    0x16, 0x58, 0xC8, 0x85, 0x95, 0xF8, 0xFA, 0xF0, 0x7D, 0x33, 0xE7, 0xDE, 0x77, 0x43, 0x12, 0x69,
    0x85, 0x60, 0x89, 0xB0, 0xAE, 0xCF, 0xB1, 0x7D, 0x8F, 0xE7, 0xCC, 0x7C, 0x33, 0x67, 0xE6, 0x3B,
    0x3E, 0x1F, 0xBF, 0xC2, 0xF1, 0x2D, 0xA9, 0x1E, 0x27, 0x7D, 0xE1, 0x9A, 0x6C, 0x95, 0x78, 0x96,
    0x64, 0x11, 0xE7, 0xE5, 0xE1, 0xCB, 0xEE, 0xF4, 0x1F, 0x9D, 0x8C, 0xF2, 0x5F, 0xFC, 0x25, 0xBD,
    0x88, 0xCC, 0x38, 0x1F, 0xE2, 0x74, 0x0D, 0x1E, 0x0C, 0x47, 0x9B, 0xCD, 0x5C, 0x7B, 0xBF, 0xFD,
    0x25, 0xFA, 0x4B, 0x89, 0x87, 0x4B, 0xC9, 0x9A, 0x4B, 0xF9, 0xBE, 0x5C, 0xCA, 0xE7, 0x72, 0x99,
    0x0C, 0xE8, 0xE5, 0x6B, 0x3F, 0x25, 0xED, 0x44, 0x72, 0xF4, 0x5F, 0x88, 0xC4, 0x50, 0x3B, 0xC3,
    0x6D, 0xB1, 0xD9, 0x5C, 0x50, 0x4F, 0xF4, 0x3F, 0xCF, 0x1A, 0xB9, 0x17, 0x0F, 0x72, 0x0F, 0x2A,
    0xDE, 0x93, 0x02, 0x67, 0xD6, 0xDD, 0xC3, 0xE8, 0xAF, 0xFD, 0xBC, 0xB9, 0xD9, 0x9C, 0x17, 0xDE,
    0x2F, 0xE5, 0xF5, 0x39, 0xE3, 0x7E, 0x7A, 0xDB, 0xF3, 0x0D, 0x8F, 0xF3, 0xD6, 0xE3, 0x98, 0x5E,
    0x6F, 0xE5, 0xE0, 0xE0, 0x03, 0xBF, 0xBC, 0xDE, 0xAA, 0x84, 0x8B, 0xD7, 0x46, 0xDA, 0x31, 0x7E,
    0x95, 0xEB, 0xCD, 0xF5, 0x71, 0xFE, 0x9F, 0x92, 0x73, 0xFC, 0xEC, 0xD6, 0x27, 0x52, 0xCE, 0x99,
    0xFF, 0xBF, 0x6E, 0x8E, 0xCE, 0xA3, 0xCD, 0x5B, 0x1D, 0xF3, 0x09, 0x8F, 0x8F, 0x0F, 0x01, 0xB5,
    0x27, 0x6F, 0x1B, 0xCF, 0x11, 0x08, 0x6D, 0x37, 0x49, 0x39, 0x8A, 0xEF, 0x62, 0xDF, 0xA4, 0x5E,
    0xDC, 0x2A, 0x6E, 0x91, 0x62, 0x91, 0xD2, 0x7E, 0x5B, 0x29, 0x57, 0x0E, 0x09, 0x47, 0xDD, 0xC4,
    0x7E, 0x88, 0xFD, 0x18, 0x79, 0xBC, 0x32, 0x88, 0xEF, 0x23, 0x7D, 0x31, 0xF1, 0x82, 0x3C, 0x92,
    0x2F, 0x94, 0xD4, 0x76, 0x52, 0xCB, 0xBF, 0x33, 0x3E, 0x9D, 0xA4, 0xF0, 0x9C, 0xAE, 0x5E, 0xA4,
    0x9E, 0xF9, 0x2B, 0x67, 0x6A, 0x82, 0x61, 0x6E, 0x2B, 0x78, 0x25, 0xF2, 0x0D, 0x47, 0x17, 0x83,
    0xA4, 0x4D, 0x90, 0x0F, 0xFD, 0x7F, 0x85, 0x34, 0x32, 0x45, 0x5E, 0x20, 0x2B, 0x5D, 0x11, 0x44,
    0x1D, 0xC6, 0x63, 0x0A, 0x48, 0x86, 0x39, 0xED, 0x40, 0x8B, 0x7C, 0x07, 0xA3, 0x62, 0xB4, 0xC5,
    0x92, 0x40, 0x46, 0x19, 0xDA, 0x94, 0xED, 0x36, 0xC5, 0xF3, 0x72, 0x4D, 0x38, 0x66, 0x8A, 0xD6,
    0xBD, 0xE6, 0x77, 0x25, 0xBA, 0x8A, 0x7C, 0x9F, 0x63, 0xEC, 0x50, 0x6E, 0xA1, 0x7F, 0x01, 0x39,
    0x43, 0xBE, 0x65, 0xB3, 0xC0, 0x90, 0x82, 0x02, 0xCB, 0x39, 0xF1, 0x55, 0x3D, 0x62, 0x22, 0xDF,
    0xBB, 0x05, 0xB6, 0x15, 0x13, 0xF4, 0xAC, 0x87, 0x6C, 0x2B, 0x6D, 0xE5, 0x46, 0xB9, 0x2F, 0x71,
    0xB5, 0x47, 0x22, 0x03, 0x10, 0x43, 0x3D, 0x03, 0x8D, 0x1A, 0x43, 0x47, 0xA0, 0x0B, 0xC9, 0x14,
    0x55, 0xCE, 0x78, 0xB3, 0x9C, 0xA0, 0x74, 0x3D, 0x26, 0x14, 0x95, 0xAD, 0x11, 0xCD, 0xC0, 0x75,
    0x39, 0x52, 0x54, 0x97, 0x4F, 0xC0, 0xC8, 0xF5, 0x12, 0x70, 0x82, 0x9A, 0x85, 0x4F, 0xF1, 0xE2,
    0xEA, 0x7C, 0x57, 0x2F, 0xC8, 0xDC, 0xF5, 0x6C, 0xCD, 0x0A, 0xCC, 0x70, 0x55, 0x2C, 0x08, 0x16,
    0x0A, 0xA8, 0xDC, 0xD6, 0xE0, 0xF6, 0x1D, 0xD0, 0x2B, 0x07, 0x93, 0x55, 0x0C, 0xE9, 0x02, 0x0C,
    0x23, 0xE4, 0x35, 0xD1, 0x15, 0xE8, 0xD4, 0x6E, 0x18, 0xC7, 0x56, 0x03, 0x23, 0x9F, 0xB5, 0x55,
    0xC7, 0xE7, 0xA3, 0xB6, 0x83, 0xC8, 0x7B, 0x55, 0xD1, 0xDF, 0xAC, 0x72, 0xDF, 0x7E, 0x09, 0x61,
    0x0C, 0x22, 0x6B, 0xAB, 0xF2, 0x45, 0xFB, 0xA9, 0x97, 0x0F, 0xA0, 0xE4, 0x11, 0x46, 0xB6, 0xB6,
    0x9A, 0xB5, 0x55, 0xC1, 0x06, 0x6B, 0xAC, 0xE2, 0x13, 0x6D, 0x53, 0x9D, 0x24, 0xD3, 0xD6, 0x1D,
    0xB4, 0x36, 0x6D, 0x39, 0x5D, 0xB7, 0xB5, 0x4E, 0xDE, 0x6A, 0x7B, 0x1C, 0xDC, 0x7E, 0xD3, 0x26,
    0x18, 0x28, 0xDA, 0xF7, 0xDA, 0x76, 0xDA, 0x36, 0xDA, 0x56, 0xDA, 0xEE, 0x27, 0xFE, 0x2D, 0x26,
    0xBE, 0x88, 0xFC, 0xCB, 0xB5, 0x85, 0xB7, 0x70, 0x58, 0x0B, 0x47, 0x7D, 0xF9, 0xA2, 0x1D, 0xE3,
    0x0A, 0x70, 0x9E, 0x4B, 0x08, 0x71, 0x6B, 0x8B, 0x83, 0xE9, 0x4B, 0x9D, 0xB8, 0x1C, 0xB4, 0x55,
    0x07, 0x94, 0x98, 0xEA, 0x7D, 0x29, 0xAB, 0x6F, 0x23, 0x6A, 0xDA, 0xCF, 0x80, 0x3A, 0xA5, 0x49,
    0x6B, 0xED, 0x0B, 0xFF, 0xD1, 0x56, 0xCE, 0x31, 0xED, 0x1D, 0xD8, 0xAB, 0x56, 0x27, 0xDA, 0xA6,
    0x6A, 0x75, 0xA6, 0xAD, 0xDB, 0x5E, 0x83, 0x5D, 0xA8, 0xD5, 0x51, 0x08, 0x92, 0xA8, 0xBD, 0xCA,
    0xFC, 0x94, 0x33, 0x5B, 0xEF, 0x7F, 0x73, 0xE9, 0xC7, 0x1C, 0x8B, 0xE6, 0x77, 0x72, 0x83, 0x93,
    0xC3, 0x42, 0x2C, 0x0C, 0x4C, 0xDA, 0xE0, 0x9C, 0x39, 0x79, 0x83, 0x93, 0xE5, 0xD3, 0x87, 0x73,
    0xB6, 0x67, 0xB3, 0x8D, 0x99, 0xED, 0x9D, 0x6F, 0x50, 0xFA, 0x33, 0xC9, 0x11, 0x51, 0xFC, 0xB3,
    0xC3, 0x0F, 0x17, 0x58, 0x6E, 0xB7, 0x9E, 0x21, 0xCE, 0x05, 0x3E, 0xC5, 0x5A, 0x9C, 0x6A, 0x44,
    0xF7, 0xD2, 0xB2, 0xF1, 0x88, 0xF8, 0xC5, 0x23, 0x4C, 0xA7, 0x96, 0x0B, 0xF7, 0x6E, 0x25, 0xC7,
    0x95, 0x20, 0xE9, 0x63, 0x2C, 0x06, 0x63, 0xED, 0x6A, 0x98, 0x94, 0xD0, 0x55, 0x98, 0x23, 0x84,
    0x9A, 0xC2, 0x4B, 0x2B, 0x70, 0xD7, 0x2B, 0xBF, 0xC5, 0xD5, 0x5C, 0x72, 0x3D, 0x2E, 0xB8, 0x9A,
    0x10, 0xE7, 0xEA, 0x49, 0x3F, 0xDC, 0x86, 0x84, 0xBB, 0xD0, 0xE8, 0x98, 0xA1, 0xE7, 0x0E, 0xF4,
    0xA9, 0x19, 0x4C, 0x92, 0xCD, 0x6F, 0xA4, 0x08, 0x77, 0x64, 0x33, 0x3F, 0x89, 0xFD, 0xF6, 0x17,
    0xD1, 0xBB, 0x4E, 0x11, 0xE4, 0x0E, 0x0C, 0x39, 0x2B, 0x36, 0xD5, 0xC9, 0xBB, 0x42, 0x11, 0x34,
    0xB4, 0x72, 0x84, 0x58, 0x0D, 0x05, 0x91, 0x87, 0x93, 0x3F, 0x3F, 0x10, 0xF7, 0x83, 0x5C, 0xCE,
    0x5C, 0xDA, 0x5D, 0xBA, 0xA8, 0x3F, 0x77, 0xF4, 0x04, 0xA1, 0xFE, 0x5F, 0x9F, 0x74, 0x7C, 0xDA,
    0x73, 0xDD, 0x4D, 0x67, 0x68, 0xCE, 0x1C, 0x94, 0x76, 0x8F, 0xC0, 0x0F, 0x7F, 0xD8, 0x63, 0x19,
    0xF8, 0xF1, 0xC1, 0xD9, 0xE6, 0xC7, 0xC3, 0xE7, 0xA7, 0x7C, 0x76, 0x8A, 0x7F, 0x9B, 0x53, 0x99,
    0x1E, 0xCA, 0x69, 0xD2, 0xCF, 0x72, 0xEA, 0x1E, 0xF5, 0x72, 0x4A, 0x43, 0xDF, 0xA5, 0x06, 0x11,
    0x02, 0x63, 0x72, 0x9A, 0xF5, 0x18, 0x0E, 0x88, 0xC6, 0xC7, 0x88, 0x92, 0xE7, 0x08, 0x95, 0x22,
    0xFD, 0xD3, 0xE6, 0xE2, 0x81, 0x23, 0x97, 0x4C, 0xFF, 0xB6, 0x79, 0xC2, 0x67, 0x27, 0x31, 0xFE,
    0x3D, 0x91, 0x2F, 0x72, 0x34, 0x79, 0xDA, 0x9D, 0x48, 0xFA, 0x7C, 0x3C, 0xA1, 0x8C, 0x77, 0xA9,
    0xF9, 0x9E, 0x1C, 0x26, 0xE0, 0xEB, 0xC3, 0x35, 0xFB, 0xCB, 0x8F, 0x86, 0x7D, 0x06, 0xD5, 0x94,
    0xE7, 0x99, 0xFF, 0xEA, 0xFD, 0x3D, 0xDC, 0x58, 0x85, 0xD4, 0xBD, 0xE3, 0x7C, 0x9D, 0xC4, 0x9A,
    0xBE, 0x35, 0x5B, 0xFA, 0x06, 0x09, 0x3D, 0xF5, 0xFB, 0xD7, 0x57, 0x2D, 0xE1, 0xDB, 0xFD, 0x44,
    0x0B, 0xEF, 0x8B, 0x79, 0x77, 0x8F, 0x2B, 0xDC, 0x5B, 0x8D, 0x08, 0x49, 0x1B, 0xF7, 0x7B, 0x71,
    0xCA, 0x2F, 0x50, 0x76, 0xAB, 0x3D, 0x1F, 0x41, 0x36, 0xEB, 0xD3, 0xEB, 0x2A, 0xAF, 0x83, 0xDD,
    0x7C, 0x70, 0x6F, 0xD4, 0x61, 0x7F, 0x3F, 0xB2, 0xC0, 0x77, 0xF2, 0x23, 0xE6, 0xCF, 0x9F, 0xF0,
    0x7D, 0x68, 0xE4, 0x51, 0x01, 0xE9, 0x44, 0x58, 0x51, 0xCE, 0xA0, 0x14, 0xD0, 0xD1, 0x33, 0x07,
    0x22, 0xD5, 0x31, 0x4A, 0x33, 0x30, 0x03, 0xD4, 0x82, 0xD4, 0xC3, 0x74, 0xB8, 0xB8, 0xCB, 0xC7,
    0xCC, 0x7F, 0x88, 0x4A, 0x8C, 0x62, 0x0D, 0xFB, 0x50, 0xA1, 0x95, 0x54, 0x34, 0xE4, 0x0E, 0x22,
    0x3F, 0xBB, 0x12, 0xAB, 0xFD, 0x1D, 0x6B, 0x3F, 0xF5, 0x8C, 0x51, 0x52, 0xC0, 0x97, 0x3A, 0xDF,
    0xDB, 0x3D, 0x4A, 0x87, 0xEF, 0x63, 0xFF, 0x6B, 0xDF, 0xD9, 0x3D, 0xB4, 0x25, 0x87, 0xFA, 0x8D,
    0x96, 0x75, 0x35, 0x31, 0xE2, 0x5F, 0x8F, 0x76, 0xF7, 0x6D, 0xAF, 0xF7, 0x18, 0x9C, 0x79, 0x2B,
    0x8A, 0x10, 0x9E, 0x7A, 0xE5, 0x02, 0x14, 0xE7, 0x09, 0xB7, 0xDB, 0xE2, 0x5E, 0x2B, 0xBD, 0x63,
    0xA6, 0x56, 0xB2, 0x51, 0x69, 0xC5, 0x03, 0xE7, 0x42, 0x4D, 0xAD, 0xA9, 0x91, 0x16, 0x5D, 0x36,
    0xFE, 0xA5, 0x1F, 0x50, 0x40, 0x09, 0xAB, 0xD6, 0x5B, 0x56, 0x18, 0x7A, 0xCE, 0x1C, 0x86, 0x08,
    0xA7, 0xF9, 0x28, 0x55, 0x7A, 0xAF, 0x26, 0x20, 0xC9, 0xDF, 0xD2, 0x6A, 0x2C, 0xBF, 0xFF, 0x97,
    0x50, 0xB9, 0xF3, 0xEA, 0xED, 0x07, 0x78, 0xB1, 0x52, 0x37, 0xC0, 0x8C, 0x21, 0xA1, 0xA6, 0x5D,
    0x46, 0xB0, 0x94, 0x83, 0x4E, 0x74, 0x18, 0x09, 0x62, 0x25, 0xB7, 0x75, 0xF0, 0x7B, 0x1C, 0x9E,
    0xF7, 0x78, 0x01, 0x21, 0x06, 0x0E, 0x05, 0xE6, 0x34, 0xB0, 0xAC, 0x77, 0x1E, 0x24, 0xEC, 0xB9,
    0x1F, 0x32, 0xE0, 0xD0, 0x39, 0xB0, 0xB9, 0x46, 0x29, 0x50, 0x39, 0xC1, 0xBC, 0x7A, 0x84, 0xA1,
    0x6D, 0x57, 0x8C, 0x10, 0x83, 0x57, 0x6F, 0x4B, 0xDC, 0x50, 0x14, 0x98, 0xD9, 0x7D, 0x4A, 0x4B,
    0x26, 0x56, 0xC8, 0x76, 0xB0, 0x50, 0xF3, 0x23, 0xBC, 0xA4, 0xBA, 0xE4, 0xAB, 0x29, 0x44, 0xB6,
    0xD8, 0xA7, 0xE4, 0x59, 0xA6, 0x5A, 0x3B, 0x99, 0x7E, 0x7E, 0x50, 0xA2, 0x05, 0x9C, 0x54, 0x53,
    0xF5, 0xA8, 0x28, 0x17, 0x54, 0x9D, 0xB3, 0xC5, 0x14, 0x07, 0xAB, 0x2D, 0x55, 0xFB, 0xA7, 0x6A,
    0xC2, 0x95, 0x64, 0x23, 0xED, 0x32, 0x7A, 0x9D, 0x33, 0x42, 0xB0, 0x46, 0xAA, 0x84, 0xFC, 0x8C,
    0x66, 0x31, 0x62, 0xC1, 0xBA, 0x30, 0x08, 0x5A, 0x5E, 0xD1, 0x5E, 0x5C, 0xB6, 0xA2, 0x13, 0x54,
    0xCA, 0x5C, 0xBB, 0xD0, 0xAA, 0x7E, 0xA2, 0xDA, 0x52, 0x42, 0x8B, 0x4D, 0x3C, 0x95, 0xA5, 0x87,
    0xC8, 0x2D, 0x60, 0x90, 0x72, 0x62, 0x3A, 0x24, 0x9F, 0x48, 0x8A, 0x4C, 0x10, 0xC4, 0xDE, 0x17,
    0x93, 0xFC, 0xD4, 0x1E, 0xA9, 0x42, 0x90, 0x5E, 0x4C, 0x26, 0x59, 0x55, 0x63, 0xBF, 0xB5, 0x39,
    0x4C, 0x49, 0x05, 0x46, 0xE7, 0x49, 0x19, 0x69, 0x0A, 0x4B, 0xA7, 0x73, 0x99, 0xE2, 0x98, 0x0D,
    0xA1, 0xA2, 0xF3, 0xA9, 0x09, 0x98, 0xD1, 0xEC, 0x68, 0x83, 0x31, 0xF7, 0x15, 0xF7, 0xEF, 0xD2,
    0xE9, 0xCB, 0x2E, 0x50, 0x1C, 0x43, 0xAA, 0xE4, 0x62, 0xF2, 0x7F, 0x5F, 0xF0, 0xE8, 0x43, 0x6C,
    0x40, 0xB6, 0x4A, 0x86, 0x01, 0x22, 0x36, 0x87, 0x47, 0x17, 0x96, 0x6B, 0xC0, 0xB9, 0x68, 0x6C,
    0xA6, 0x54, 0x1D, 0x83, 0x67, 0x84, 0xF1, 0x80, 0xB0, 0x6B, 0xF4, 0x56, 0xC9, 0xC5, 0xCA, 0x05,
    0x69, 0x12, 0x13, 0xC6, 0x28, 0x85, 0xC2, 0x21, 0xCA, 0x2B, 0x51, 0x85, 0x19, 0x77, 0x64, 0x83,
    0x9A, 0x6A, 0xF8, 0x5F, 0x4D, 0xFE, 0xA2, 0x2F, 0x34, 0x90, 0x3B, 0xE0, 0xA5, 0x41, 0x5F, 0xA4,
    0x00, 0x65, 0x30, 0x8B, 0x3E, 0x72, 0x44, 0x7D, 0x6B, 0x0C, 0x30, 0xAB, 0x8C, 0x48, 0x51, 0x58,
    0xA1, 0xFD, 0x13, 0xDB, 0xBD, 0x80, 0x6C, 0x96, 0x4C, 0x24, 0xE0, 0xB6, 0x8E, 0x5C, 0x1E, 0x34,
    0x32, 0x21, 0x85, 0xE7, 0x4B, 0x48, 0x68, 0x0D, 0x57, 0x42, 0xD9, 0xBF, 0xAF, 0x54, 0x10, 0xFF,
    0x29, 0xED, 0xC5, 0xB2, 0x2E, 0x46, 0xA3, 0xAB, 0xAD, 0xA6, 0xAB, 0xFA, 0x8F, 0xBA, 0x5C, 0xAF,
    0x8A, 0x97, 0x0B, 0x80, 0xCA, 0xB0, 0xDD, 0x1B, 0x31, 0x36, 0x47, 0x80, 0xF5, 0xDC, 0x04, 0x11,
    0x16, 0xF4, 0x8E, 0xFB, 0x11, 0xB0, 0xE4, 0x14, 0xEE, 0x98, 0x33, 0xA6, 0xD1, 0xF2, 0x2F, 0x96,
    0xCE, 0x6C, 0x1A, 0xF2, 0x4D, 0xE5, 0xA9, 0x48, 0x13, 0xCA, 0x66, 0x31, 0x89, 0x92, 0xCF, 0xB6,
    0x6B, 0x19, 0x04, 0xB1, 0x87, 0x1C, 0x24, 0xB4, 0x94, 0xBB, 0x15, 0x10, 0xFB, 0x9C, 0xD9, 0x03,
    0x0A, 0xD5, 0x3D, 0xD2, 0x1A, 0x52, 0x0F, 0x62, 0x15, 0x48, 0xFD, 0x41, 0xBE, 0x29, 0xD7, 0x55,
    0xCC, 0x8E, 0xA3, 0x0A, 0xCC, 0x4F, 0xD7, 0xBF, 0x06, 0x5C, 0x67, 0xE8, 0x34, 0xF4, 0x09, 0x80,
    0x0F, 0xB0, 0xE5, 0x06, 0x17, 0x3D, 0x01, 0x80, 0xE9, 0x9C, 0x76, 0x31, 0x82, 0x38, 0xAB, 0x9B,
    0xF0, 0x6A, 0x6D, 0x5D, 0x3B, 0x69, 0x19, 0x40, 0xCC, 0x04, 0x91, 0xF4, 0x0C, 0x1E, 0x68, 0xD7,
    0x6B, 0x5E, 0x51, 0x57, 0x56, 0x91, 0x76, 0x4A, 0xEE, 0x61, 0x1B, 0x73, 0x39, 0x60, 0x86, 0xA6,
    0xDC, 0x43, 0x84, 0x8E, 0xC0, 0xB2, 0xC3, 0x3C, 0x99, 0x7E, 0xCB, 0x92, 0x0C, 0x12, 0xFE, 0x6A,
    0x9C, 0xFA, 0xC0, 0x04, 0x2B, 0x03, 0x40, 0x86, 0x1E, 0xB0, 0xE5, 0xA7, 0xFA, 0x19, 0x4D, 0x55,
    0x6D, 0x4D, 0x4D, 0xAC, 0x60, 0xC6, 0x0E, 0x68, 0x2F, 0xE9, 0xAA, 0x7D, 0xF1, 0x78, 0xDB, 0x36,
    0xFA, 0x26, 0x3F, 0xB4, 0x5C, 0xD3, 0xF5, 0x62, 0xF7, 0x15, 0x65, 0xF7, 0x69, 0x23, 0x14, 0x97,
    0x5D, 0x11, 0x4A, 0x43, 0xEF, 0x42, 0x11, 0xB2, 0x1D, 0x80, 0xEC, 0x6B, 0x98, 0xEF, 0xC3, 0xF0,
    0x26, 0x0C, 0xDF, 0x17, 0x3E, 0x91, 0x83, 0xCA, 0x5A, 0x87, 0x0A, 0x1A, 0x86, 0x25, 0x61, 0x58,
    0x1A, 0x86, 0xED, 0x76, 0xEC, 0x65, 0x18, 0x66, 0x21, 0x16, 0x76, 0x45, 0xBB, 0x4D, 0xD8, 0x81,
    0xD4, 0x30, 0x79, 0xDD, 0xBF, 0x51, 0x6A, 0x16, 0x86, 0xE7, 0xF3, 0x1B, 0x75, 0x4D, 0xC2, 0xF0,
    0x2C, 0x0C, 0xCF, 0xC3, 0xF0, 0x72, 0xDE, 0x17, 0x61, 0xFB, 0x3F, 0x94, 0xE5, 0xDD, 0x76, 0x87,
    0xF1, 0x24, 0x11, 0x77, 0x15, 0x5E, 0x57, 0x6F, 0xC3, 0x9A, 0x09, 0xEF, 0x03, 0x41, 0xD4, 0xCD,
    0x31, 0x66, 0x41, 0xCD, 0x75, 0xA7, 0xE6, 0x19, 0x59, 0x7E, 0xB1, 0x8B, 0x17, 0x2D, 0x4A, 0xEE,
    0x67, 0xC8, 0xC1, 0x15, 0x36, 0xF5, 0x83, 0x4E, 0xAE, 0x8B, 0xFC, 0xFA, 0xA2, 0x52, 0x27, 0x9B,
    0xFA, 0x9C, 0x5C, 0x0B, 0x3E, 0x72, 0xAB, 0x6E, 0x5A, 0x74, 0x1C, 0x2D, 0x70, 0xBB, 0x74, 0x40,
    0x3D, 0x55, 0x77, 0xD2, 0x12, 0xFA, 0x43, 0x0B, 0x2D, 0x0B, 0x1F, 0x2B, 0xA6, 0xEE, 0x2A, 0xB9,
    0x11, 0xD6, 0xE5, 0xCB, 0x1A, 0xA9, 0xE2, 0x58, 0xEE, 0x32, 0x96, 0xC0, 0x52, 0x97, 0x03, 0x77,
    0x44, 0x1A, 0xB6, 0x0B, 0xFF, 0xE7, 0xEB, 0xBD, 0xBC, 0xE9, 0xA0, 0xE9, 0x37, 0xC2, 0xD6, 0x57,
    0x77, 0xAA, 0xC5, 0xCA, 0xF9, 0xA8, 0xC5, 0x2A, 0x9A, 0xE0, 0x34, 0x95, 0x59, 0x62, 0x5C, 0x2C,
    0x3D, 0xE9, 0xA4, 0xAA, 0xE0, 0xED, 0x46, 0xB7, 0x71, 0xAF, 0x2E, 0x49, 0x1A, 0xA1, 0x08, 0x3A,
    0x7E, 0xC1, 0x61, 0x65, 0xF0, 0x8A, 0x9F, 0xAD, 0x47, 0x80, 0xC9, 0x44, 0x4E, 0x2C, 0xB1, 0xF2,
    0x08, 0x1E, 0x43, 0x9E, 0xD8, 0x89, 0x46, 0x2A, 0xFB, 0x51, 0xFB, 0xC8, 0x7A, 0x96, 0x54, 0xC5,
    0x2D, 0x56, 0xF7, 0x92, 0x11, 0x75, 0x8A, 0x9A, 0x21, 0xBD, 0x1A, 0x3A, 0xE5, 0x6C, 0xF0, 0x6A,
    0xD6, 0x34, 0xC4, 0x08, 0x0B, 0x01, 0x63, 0xBA, 0x21, 0x5E, 0xBA, 0xC8, 0x76, 0x3D, 0xD1, 0x9A,
    0x0D, 0x2C, 0xC6, 0x26, 0xB1, 0x72, 0xA3, 0x41, 0xE5, 0xAE, 0xCC, 0x9A, 0x1B, 0xF2, 0xDA, 0x52,
    0xD5, 0x77, 0x29, 0x8B, 0x28, 0xE9, 0x5E, 0xD6, 0x96, 0xAA, 0x62, 0x44, 0xBE, 0xA1, 0x39, 0x65,
    0xB2, 0x79, 0xA8, 0x36, 0x01, 0x3A, 0xAE, 0x02, 0x36, 0x12, 0xBE, 0x0F, 0x6C, 0x34, 0x36, 0x3B,
    0x66, 0x79, 0x62, 0x54, 0x92, 0xAD, 0x14, 0xBA, 0x65, 0xD7, 0x12, 0xA0, 0x14, 0x14, 0x18, 0x69,
    0x0F, 0x8C, 0xFC, 0xA7, 0x2C, 0x68, 0x0B, 0xB6, 0x6D, 0xFC, 0x62, 0x35, 0x07, 0x96, 0xA8, 0x5C,
    0xA8, 0xB7, 0xDE, 0x32, 0x15, 0x23, 0x43, 0xE9, 0x90, 0x51, 0x2A, 0x8D, 0x2E, 0xED, 0x11, 0x39,
    0xC4, 0x2A, 0xB6, 0xFC, 0xA5, 0x9E, 0x23, 0x46, 0x1A, 0x59, 0xAB, 0x2D, 0x5D, 0x2E, 0x40, 0xC2,
    0x99, 0x2E, 0x16, 0x5F, 0x9A, 0xCB, 0x7C, 0x17, 0xFA, 0x46, 0xB1, 0xA2, 0x7A, 0xC8, 0x63, 0x07,
    0x64, 0xFA, 0x55, 0x7C, 0x22, 0xCB, 0x65, 0xBA, 0x68, 0x43, 0x6E, 0xA5, 0xDA, 0xB1, 0x96, 0x53,
    0x56, 0xAF, 0x51, 0xF3, 0x19, 0xF3, 0x34, 0xE3, 0x5D, 0x55, 0x43, 0x46, 0x93, 0x9F, 0x1E, 0x08,
    0x29, 0x80, 0x7F, 0x0C, 0x76, 0x09, 0x0C, 0x53, 0x54, 0x1C, 0x4C, 0x9D, 0x2F, 0xB9, 0xE6, 0xB5,
    0xB9, 0xDC, 0x7E, 0x87, 0x1F, 0x59, 0x91, 0x41, 0x40, 0xF7, 0x3A, 0xC7, 0xC5, 0x89, 0xBC, 0x7B,
    0x8D, 0xAC, 0xB1, 0x37, 0x65, 0x51, 0xA8, 0x57, 0x81, 0x47, 0x25, 0xF3, 0x8E, 0x49, 0x91, 0x27,
    0x8F, 0x81, 0x37, 0xEC, 0xD8, 0x54, 0xBE, 0xEE, 0xF8, 0x94, 0x7E, 0x76, 0x53, 0x46, 0x55, 0x2E,
    0x3B, 0x4E, 0xD5, 0x4E, 0x3B, 0x56, 0xE5, 0xC7, 0xC0, 0xAB, 0xF8, 0x89, 0x6D, 0x0A, 0x5C, 0xB9,
    0x09, 0xDC, 0x8A, 0x5F, 0xF5, 0x8C, 0x5D, 0xB1, 0x6C, 0x19, 0xBF, 0xC2, 0xDC, 0x3B, 0x86, 0xF5,
    0x54, 0xFE, 0x09, 0x85, 0x55, 0xBB, 0x8E, 0xDB, 0x46, 0x14, 0xBD, 0x14, 0xB1, 0x4B, 0xC0, 0x2A,
    0x54, 0xD9, 0xC5, 0x06, 0x08, 0x1B, 0x77, 0x2E, 0xF8, 0x09, 0xC3, 0x4F, 0x50, 0x61, 0x55, 0x29,
    0xDC, 0x1A, 0x6E, 0xFC, 0x03, 0x01, 0x46, 0x40, 0x7E, 0x20, 0x4D, 0xFA, 0x2D, 0x9C, 0x3A, 0x5F,
    0x10, 0x0C, 0xE3, 0x2F, 0xE0, 0x27, 0xD0, 0xC0, 0x02, 0x0E, 0x90, 0x66, 0x0A, 0x1A, 0xA6, 0x37,
    0x24, 0x6F, 0xCE, 0xB9, 0x43, 0xAE, 0xB4, 0x4A, 0x16, 0x11, 0xA0, 0xA3, 0x95, 0x38, 0x73, 0x1F,
    0xE7, 0x9E, 0x7B, 0x56, 0xE4, 0xFD, 0x9D, 0x48, 0xA1, 0x2A, 0x52, 0xA9, 0x36, 0xA2, 0xAA, 0xDD,
    0x46, 0x1B, 0x8D, 0x85, 0x8A, 0x8F, 0xBB, 0x49, 0x5C, 0x5F, 0x8E, 0x80, 0x6A, 0x10, 0x17, 0x5D,
    0x04, 0xF8, 0x88, 0x07, 0x80, 0xD0, 0x85, 0x4E, 0xB4, 0x25, 0x34, 0x01, 0x77, 0x8E, 0xA1, 0xCB,
    0x55, 0x42, 0xDC, 0xCD, 0xE2, 0x27, 0x8F, 0x3B, 0xAA, 0x51, 0x76, 0xAA, 0x47, 0xD9, 0xE8, 0x24,
    0x22, 0xCF, 0x6B, 0xE1, 0xEB, 0x86, 0x1F, 0xA1, 0x15, 0xFC, 0xDA, 0x88, 0x6C, 0x09, 0x15, 0x21,
    0xF0, 0xE0, 0x1C, 0x6A, 0xD9, 0x0E, 0xAC, 0xE5, 0x13, 0x20, 0x7C, 0x9C, 0x71, 0x2A, 0x9F, 0x64,
    0x3B, 0x02, 0xAA, 0x58, 0x8C, 0xE2, 0x51, 0x5F, 0xD4, 0x15, 0xBA, 0x57, 0x00, 0x84, 0x2A, 0x23,
    0x62, 0x56, 0x1D, 0xC0, 0xB5, 0x2B, 0xF0, 0x95, 0x1D, 0x0E, 0x7B, 0xA4, 0x48, 0x75, 0x18, 0x74,
    0x52, 0x7D, 0x39, 0xD4, 0xE2, 0xEC, 0x2C, 0xB2, 0x8A, 0xFF, 0xC6, 0x72, 0x18, 0x44, 0x75, 0xC0,
    0x8D, 0x30, 0xE2, 0x3B, 0x5A, 0x00, 0x27, 0x0F, 0xB0, 0x65, 0xF9, 0x25, 0x1F, 0xF8, 0x5E, 0xE4,
    0x3B, 0x04, 0xF1, 0x6C, 0xCB, 0xB3, 0x2D, 0xC7, 0xAB, 0x57, 0xAF, 0x53, 0xBA, 0x70, 0x64, 0x33,
    0x1D, 0x8A, 0xB6, 0x6C, 0x08, 0xED, 0x71, 0x24, 0xE3, 0x11, 0x50, 0x83, 0xB8, 0xD3, 0x1E, 0x81,
    0x78, 0xD7, 0xC8, 0x41, 0x94, 0x51, 0x42, 0x03, 0x92, 0xB5, 0x41, 0x22, 0x6D, 0xF2, 0x13, 0x4C,
    0x78, 0xB0, 0x45, 0xBF, 0x1D, 0x89, 0x5F, 0x8A, 0x6F, 0xCE, 0x98, 0xBC, 0x3A, 0x1C, 0x5E, 0x73,
    0x62, 0xCA, 0xA7, 0x6A, 0xBC, 0x48, 0x38, 0xA2, 0x48, 0x95, 0xAA, 0x97, 0x09, 0x17, 0xE5, 0x6D,
    0x86, 0x44, 0x6B, 0x62, 0x12, 0x34, 0xB0, 0x03, 0x52, 0x45, 0xBE, 0x37, 0x7C, 0x58, 0x9C, 0x1E,
    0xB2, 0x3D, 0xD7, 0xAF, 0x27, 0x7C, 0xBB, 0x12, 0x74, 0x95, 0xC6, 0xB6, 0xA8, 0xA4, 0x4E, 0x2A,
    0x09, 0x77, 0x1C, 0xFB, 0xD1, 0xC5, 0x0C, 0xF9, 0xE3, 0x06, 0xF9, 0x5B, 0x24, 0xA3, 0x7C, 0xBE,
    0x2A, 0x39, 0x19, 0x12, 0x0F, 0x19, 0x39, 0xDD, 0x4E, 0xE5, 0x2C, 0x65, 0x8F, 0x54, 0x8E, 0x02,
    0x71, 0x2D, 0xC0, 0xDB, 0x5F, 0x3D, 0x78, 0x76, 0xE4, 0xC0, 0x06, 0xB3, 0x51, 0x72, 0x7D, 0xF5,
    0x38, 0x5B, 0xC9, 0xF9, 0xFA, 0x6F, 0x21, 0xA2, 0xE6, 0xAA, 0xCF, 0xB4, 0xDE, 0x0D, 0xC8, 0xF6,
    0x18, 0xF0, 0x5B, 0xA6, 0x77, 0xEF, 0x7B, 0x6A, 0x37, 0x32, 0x60, 0x27, 0xD7, 0x9A, 0x5A, 0xAC,
    0x97, 0x59, 0xFA, 0x21, 0xCD, 0xAD, 0x62, 0x4C, 0x2B, 0xAF, 0x64, 0xFB, 0x59, 0xBD, 0x08, 0x05,
    0xED, 0x83, 0x6C, 0x1D, 0x3D, 0xB8, 0x9F, 0x50, 0x47, 0xFE, 0xF7, 0xD7, 0x19, 0x05, 0xFC, 0x04,
    0xE9, 0x69, 0x8E, 0xFA, 0x26, 0xC2, 0x50, 0x0C, 0xE8, 0x63, 0x17, 0xA1, 0x44, 0x80, 0x6B, 0xCB,
    0x4F, 0x8D, 0x6B, 0xAA, 0xBF, 0x1A, 0xDF, 0x40, 0xC0, 0xE1, 0xE8, 0x54, 0xB4, 0x36, 0x8E, 0xAF,
    0x19, 0xF6, 0xE6, 0xF6, 0x7C, 0xAD, 0x02, 0xAA, 0x82, 0x0E, 0x34, 0xE6, 0xFF, 0xB5, 0x56, 0x7D,
    0xDA, 0x2D, 0x5B, 0x2B, 0xFF, 0xC4, 0x5A, 0x6D, 0xB1, 0x56, 0x43, 0xB5, 0xAC, 0x55, 0xC9, 0x98,
    0x85, 0x89, 0xC1, 0xF6, 0x49, 0x9E, 0xB1, 0xDB, 0x36, 0x0B, 0x50, 0x0E, 0x1E, 0x6D, 0x28, 0xB1,
    0x17, 0x68, 0x15, 0x0C, 0x99, 0x00, 0xF8, 0xA6, 0x94, 0xA9, 0xE4, 0xDD, 0xB8, 0xBC, 0xC9, 0x02,
    0x06, 0x0E, 0xB9, 0x20, 0xBD, 0x69, 0x9B, 0x61, 0x5D, 0x7A, 0x83, 0x9D, 0x77, 0x3F, 0x73, 0x3F,
    0x67, 0xCE, 0x13, 0x5F, 0xB9, 0x69, 0x39, 0x66, 0xDC, 0xE5, 0x14, 0x57, 0xDE, 0x53, 0x61, 0xB7,
    0x17, 0x4A, 0xB2, 0x1D, 0xC1, 0xAC, 0xD2, 0x6E, 0x27, 0xE6, 0xFB, 0xE5, 0x80, 0xA9, 0x8C, 0x5A,
    0xAD, 0xC3, 0x0A, 0xA4, 0x86, 0x7C, 0x31, 0x91, 0x35, 0x63, 0xE3, 0x09, 0x66, 0x43, 0x14, 0xD3,
    0xEF, 0xE2, 0x1B, 0x79, 0x29, 0xDC, 0xAA, 0x4C, 0x97, 0x3D, 0xCC, 0x94, 0x25, 0x83, 0x02, 0x00,
    0xB2, 0x7D, 0xFF, 0x03, 0x93, 0x98, 0xC6, 0x0D, 0x6C, 0x5F, 0x59, 0x46, 0xA6, 0x43, 0x92, 0x82,
    0x4B, 0x23, 0xC7, 0xAD, 0xEB, 0x5F, 0xE5, 0x7F, 0x1D, 0x28, 0xA3, 0x03, 0x15, 0xA3, 0xD2, 0x53,
    0x00, 0xFE, 0x8F, 0x19, 0x91, 0x36, 0xD0, 0x02, 0x1D, 0xA8, 0x34, 0x07, 0xBA, 0xFF, 0x6D, 0xBE,
    0x7D, 0x70, 0xA0, 0x58, 0xFD, 0xCB, 0x81, 0xBA, 0x73, 0x07, 0xB2, 0xD7, 0x85, 0x03, 0x95, 0x17,
    0x0E, 0xF4, 0xE7, 0xC9, 0x81, 0x50, 0xE5, 0x0B, 0x1D, 0xD7, 0x9D, 0xBC, 0x70, 0xA0, 0xDD, 0xB8,
    0x28, 0xB9, 0x48, 0xDE, 0xD1, 0x00, 0x6C, 0x3A, 0x08, 0x75, 0xFD, 0x21, 0x39, 0xD0, 0xBB, 0xFA,
    0x91, 0x03, 0xDD, 0xEF, 0xC5, 0xF3, 0x3E, 0x8F, 0xE4, 0xDC, 0x86, 0x64, 0x65, 0x0F, 0x0E, 0x64,
    0xDB, 0x17, 0xDA, 0x92, 0x6E, 0x73, 0xE9, 0x40, 0x04, 0x73, 0x20, 0x0A, 0x75, 0x5E, 0x45, 0x97,
    0xDB, 0x96, 0xDE, 0xEC, 0xD7, 0xBD, 0x51, 0x9D, 0xCF, 0x1D, 0xE8, 0x97, 0x37, 0x30, 0x33, 0xCA,
    0xCA, 0x1C, 0xE8, 0x47, 0xD3, 0x47, 0xAE, 0x0F, 0x1E, 0xCA, 0x69, 0x3B, 0x73, 0xA0, 0x76, 0x91,
    0xC5, 0xC9, 0x9E, 0xCA, 0xA7, 0x1C, 0xE8, 0x66, 0xF9, 0xC7, 0xF1, 0xE1, 0x7C, 0xA1, 0xFC, 0x17,
    0x7D, 0xC2, 0x81, 0x3E, 0x9F, 0x3B, 0x90, 0x71, 0x5A, 0x4C, 0x68, 0x30, 0x39, 0x10, 0xF7, 0xCF,
    0x6C, 0x28, 0x39, 0x10, 0xB7, 0xCA, 0xCD, 0xE1, 0xE4, 0x40, 0x48, 0xF5, 0x7C, 0xBF, 0x66, 0xCB,
    0x99, 0xCD, 0xBA, 0x76, 0xF7, 0x9A, 0x1C, 0x48, 0x9E, 0x76, 0xA0, 0xB6, 0x3A, 0x77, 0xA0, 0xE2,
    0xE4, 0x40, 0x5B, 0xDB, 0x83, 0x91, 0x3A, 0x88, 0xF2, 0x2A, 0x71, 0x3F, 0xB2, 0x3C, 0xC8, 0x3E,
    0x63, 0xB2, 0x7F, 0x00, 0x55, 0x54, 0xAB, 0x92, 0xD4, 0x50, 0x10, 0xED, 0x9B, 0xB0, 0x9B, 0xA2,
    0x46, 0x44, 0x2D, 0x06, 0x11, 0x85, 0xC1, 0xE4, 0x13, 0x72, 0xAB, 0xF8, 0x01, 0xC4, 0x4E, 0x51,
    0x05, 0x02, 0x0F, 0x62, 0xFF, 0x80, 0xCC, 0x27, 0x8C, 0xC3, 0x22, 0x21, 0x08, 0x0C, 0x3E, 0xB7,
    0x30, 0xD8, 0xA9, 0xA2, 0xF0, 0x23, 0x56, 0xAD, 0xD9, 0x88, 0x11, 0x11, 0x99, 0x34, 0x7D, 0xBA,
    0x3B, 0x33, 0x43, 0x8B, 0x9C, 0xE9, 0xA4, 0x6F, 0x3F, 0x4E, 0x9F, 0x3B, 0x94, 0x75, 0xB0, 0x0D,
    0xAD, 0x18, 0x96, 0xA8, 0x74, 0x2C, 0x14, 0x37, 0x44, 0x35, 0xAF, 0xDF, 0x72, 0x04, 0x12, 0x01,
    0x1B, 0x20, 0x09, 0xCE, 0x8E, 0x47, 0xA2, 0x49, 0xB0, 0x95, 0xC7, 0x6B, 0xC1, 0x1E, 0x8E, 0x18,
    0x2F, 0x38, 0x3A, 0x8A, 0x09, 0x04, 0xC7, 0x4C, 0x40, 0x4E, 0x52, 0x2E, 0x38, 0x29, 0xEE, 0x35,
    0xAC, 0xE0, 0x9D, 0x63, 0x22, 0xFB, 0xFC, 0x38, 0x78, 0xD8, 0xA0, 0xAF, 0x59, 0x03, 0xC3, 0x1D,
    0xAF, 0x23, 0x02, 0xD0, 0xD6, 0x05, 0x5E, 0x33, 0xCF, 0xE6, 0x6A, 0xF3, 0xD2, 0x2D, 0xA3, 0x69,
    0x6A, 0xAD, 0xEA, 0x7F, 0xF6, 0xDC, 0x4B, 0xF6, 0xDA, 0x88, 0xA6, 0x06, 0x56, 0x7E, 0xA4, 0x19,
    0x0B, 0x4D, 0xC1, 0x43, 0x06, 0x0C, 0x9C, 0x02, 0xDE, 0xE7, 0xBC, 0x09, 0xAC, 0xE1, 0x31, 0x60,
    0xB4, 0x95, 0xE7, 0x2D, 0xB5, 0x2E, 0x3D, 0xBD, 0x9B, 0x6F, 0xBE, 0x7A, 0x96, 0xD1, 0x1B, 0x38,
    0x38, 0x62, 0x00, 0x6A, 0x0F, 0x16, 0xDF, 0x0F, 0x27, 0x5A, 0x92, 0xD3, 0x92, 0x8C, 0x16, 0x54,
    0x09, 0x6F, 0xF8, 0xEF, 0xDA, 0x08, 0xD8, 0x90, 0xA1, 0x1D, 0xF3, 0x72, 0x4F, 0x4A, 0x21, 0xED,
    0xEA, 0x8B, 0xCC, 0x39, 0x77, 0xBD, 0x24, 0x6E, 0x74, 0x5D, 0x7B, 0xC7, 0x9D, 0xE0, 0xA3, 0x26,
    0x94, 0xED, 0x7C, 0x04, 0x23, 0x95, 0xB0, 0x7A, 0x83, 0xF5, 0x50, 0xF8, 0xF0, 0x10, 0xCF, 0x1C,
    0x84, 0xDE, 0xD6, 0xE0, 0x56, 0x79, 0x1B, 0x6E, 0x9A, 0x6D, 0x38, 0xB9, 0x42, 0xE2, 0x8F, 0x65,
    0xAD, 0x62, 0x2F, 0xEA, 0x39, 0xBB, 0x3C, 0x2C, 0xB5, 0xDA, 0xF9, 0xC2, 0x9D, 0xA0, 0x91, 0x62,
    0x5C, 0x0E, 0x4F, 0x90, 0x4E, 0xED, 0xD3, 0x53, 0x3F, 0xC2, 0x6D, 0x96, 0xE4, 0xC2, 0x95, 0x04,
    0xF7, 0x27, 0xF7, 0x80, 0x6C, 0x28, 0x1D, 0x3A, 0x5D, 0x81, 0xC8, 0xEA, 0x1A, 0x84, 0xD6, 0x32,
    0x63, 0x10, 0x97, 0x47, 0x69, 0x7C, 0x0C, 0xE8, 0x2E, 0xE3, 0x7D, 0xCE, 0x03, 0x1A, 0x2D, 0xE0,
    0xE6, 0xBC, 0xAB, 0x39, 0x7D, 0xE7, 0x87, 0x6D, 0x39, 0x15, 0x83, 0x0A, 0x87, 0xE5, 0x99, 0xA8,
    0x1A, 0x29, 0xAA, 0x3B, 0x2A, 0xA9, 0xD5, 0xE4, 0x3B, 0xDF, 0x62, 0x95, 0x32, 0x79, 0x04, 0xB9,
    0x7C, 0x6F, 0x14, 0x97, 0xD0, 0x46, 0xA9, 0xDC, 0x97, 0x8C, 0xB8, 0xC9, 0x7E, 0xF8, 0x93, 0x79,
    0x71, 0xAB, 0x59, 0x79, 0x92, 0x7C, 0xE6, 0x1E, 0x35, 0x24, 0x51, 0x6D, 0x32, 0x9C, 0x28, 0x6E,
    0x73, 0xDB, 0x83, 0x52, 0x52, 0xFC, 0x1A, 0xC2, 0xD9, 0x9D, 0xDB, 0x3F, 0x93, 0xB8, 0x99, 0x96,
    0x05, 0xDB, 0xBF, 0xF9, 0x33, 0xC7, 0xC6, 0x56, 0x22, 0xF0, 0x0A, 0x6A, 0x6E, 0xEC, 0x82, 0xD4,
    0x7C, 0x0C, 0xE8, 0xBD, 0x37, 0x5D, 0x95, 0xB2, 0xE4, 0x3B, 0xD7, 0x06, 0xEC, 0x56, 0xA8, 0xBA,
    0x25, 0xBF, 0x03, 0xF7, 0xE4, 0x37, 0x6D, 0xE7, 0x3B, 0xDD, 0xAB, 0xCC, 0xD5, 0x97, 0x62, 0x5D,
    0xBF, 0xC3, 0x94, 0xC2, 0x71, 0x42, 0xDE, 0x48, 0x6D, 0xB2, 0xFB, 0xDB, 0x46, 0xA5, 0x9E, 0x3E,
    0xE1, 0xF4, 0xDE, 0x75, 0x97, 0x96, 0x64, 0xF8, 0x92, 0xB9, 0x22, 0x72, 0x93, 0x19, 0x85, 0xF7,
    0xBC, 0xD6, 0x8B, 0x68, 0xE3, 0xD3, 0x95, 0xDC, 0xCB, 0x2E, 0xBA, 0x90, 0xFC, 0x1E, 0x02, 0x5F,
    0xF6, 0xDC, 0x7D, 0xBB, 0xBC, 0xAF, 0xD5, 0x09, 0x6D, 0x86, 0xD2, 0x65, 0xB7, 0x42, 0xF6, 0x9F,
    0x28, 0x30, 0xC7, 0x77, 0xE3, 0xB9, 0xB0, 0xB6, 0x3F, 0xF8, 0x38, 0x1B, 0xFB, 0x03, 0x31, 0x69,
    0x3D, 0x43, 0xDE, 0x7F, 0xA5, 0x56, 0xBD, 0x8E, 0x95, 0x50, 0x10, 0x3E, 0x5C, 0x5C, 0x49, 0xC4,
    0x04, 0x1B, 0x3B, 0x23, 0xBD, 0x51, 0xE9, 0x8D, 0x09, 0x68, 0x63, 0xA9, 0xC5, 0x62, 0x63, 0xA1,
    0xB5, 0xCD, 0xFA, 0x02, 0xE6, 0xDC, 0x7D, 0x03, 0x1B, 0x1F, 0xC1, 0x42, 0x6C, 0x2C, 0xAC, 0x05,
    0xDF, 0x80, 0xD5, 0xC2, 0x72, 0x79, 0x03, 0x31, 0xB9, 0x26, 0xA8, 0x1C, 0xC6, 0xF9, 0x3B, 0x77,
    0xC1, 0xBD, 0xFE, 0x44, 0x09, 0x99, 0x8F, 0xC0, 0xCC, 0x39, 0x33, 0xDF, 0xFC, 0x1C, 0x8C, 0xD1,
    0xAB, 0x65, 0xB9, 0xDA, 0x30, 0xC4, 0x8E, 0x21, 0x03, 0x86, 0x7A, 0xE0, 0x4F, 0xC0, 0x2A, 0xB1,
    0xBC, 0xCB, 0x5C, 0x59, 0x96, 0x55, 0x65, 0x61, 0xC7, 0x55, 0x0B, 0xA0, 0xCA, 0xE3, 0xAA, 0xAA,
    0xE2, 0x49, 0x56, 0x86, 0x46, 0x16, 0x93, 0x1D, 0x72, 0x79, 0x9B, 0x08, 0x84, 0x83, 0x38, 0xD1,
    0x99, 0xF9, 0xB5, 0x27, 0x9A, 0x6C, 0x07, 0x3D, 0xA9, 0xC1, 0x48, 0x36, 0x40, 0x2E, 0xE4, 0x40,
    0x0B, 0xE2, 0x36, 0xBD, 0x89, 0xA0, 0xFE, 0x34, 0x9A, 0xD4, 0xD9, 0x8F, 0x50, 0xE4, 0x83, 0x7D,
    0x0F, 0x4D, 0xD2, 0xDB, 0x16, 0x4C, 0xD8, 0xD8, 0xF6, 0xA6, 0x31, 0x85, 0x6D, 0x2F, 0xA0, 0x81,
    0x65, 0xF7, 0xE7, 0xB2, 0x3E, 0x2D, 0xBB, 0x7F, 0x97, 0x8F, 0x9F, 0x2D, 0x9C, 0x3F, 0x2B, 0x90,
    0xAE, 0x19, 0xAC, 0x44, 0x06, 0x12, 0x67, 0x26, 0x51, 0x47, 0x20, 0x1F, 0xA1, 0xAB, 0x2A, 0x64,
    0xD3, 0x6E, 0x84, 0x37, 0xB7, 0x8B, 0xD3, 0x09, 0x99, 0x7C, 0x59, 0x5A, 0xB1, 0x97, 0x0D, 0x43,
    0x31, 0x4F, 0xA7, 0x59, 0x92, 0x4C, 0xDD, 0xCB, 0x0E, 0x42, 0x76, 0x3C, 0x73, 0xA8, 0x2C, 0xFE,
    0x37, 0xC2, 0xD3, 0x7C, 0x9D, 0xE2, 0x94, 0xB9, 0x16, 0xDE, 0x25, 0x07, 0x92, 0x0F, 0xC9, 0x4D,
    0x04, 0xF6, 0xD8, 0x99, 0x00, 0xA3, 0xC1, 0x1A, 0xC0, 0xCA, 0x41, 0x83, 0x14, 0xA0, 0x20, 0x22,
    0xC6, 0x6D, 0x8E, 0x35, 0xDF, 0xE7, 0x16, 0x64, 0xF6, 0x7C, 0x9B, 0x70, 0xA4, 0x9B, 0x2A, 0x80,
    0x6E, 0x54, 0x75, 0x68, 0x4A, 0x55, 0xD0, 0xB1, 0x71, 0x48, 0x6B, 0x65, 0x23, 0x16, 0x15, 0xB2,
    0xF9, 0x00, 0xA8, 0x44, 0xE8, 0x6A, 0xB4, 0x48, 0x5B, 0x8F, 0xFE, 0xBD, 0xD7, 0x63, 0xBB, 0x74,
    0x94, 0x75, 0x88, 0xC0, 0x1C, 0xF7, 0xA1, 0x75, 0xFD, 0x3E, 0x91, 0xEE, 0x1B, 0xE0, 0x37, 0x2E,
    0x5F, 0xD4, 0xA7, 0x92, 0x32, 0x4F, 0xE9, 0xA5, 0x44, 0xD0, 0x52, 0xBB, 0xE0, 0xC7, 0x1A, 0x1C,
    0xD6, 0x3A, 0xC0, 0x3A, 0x46, 0xD1, 0x65, 0x0E, 0xEC, 0x60, 0x3F, 0xC3, 0x5D, 0x97, 0x1D, 0xC1,
    0x9D, 0x4D, 0x7C, 0x08, 0xB7, 0xDB, 0x00, 0x2D, 0x0A, 0x31, 0xFB, 0x95, 0x60, 0x95, 0xE8, 0x16,
    0x2A, 0xA7, 0xEF, 0xD0, 0x8C, 0x17, 0xC8, 0xBF, 0xC2, 0xC1, 0x10, 0x4F, 0x50, 0x77, 0xBC, 0x3C,
    0x6E, 0x34, 0xD1, 0x96, 0x03, 0xB5, 0x64, 0x47, 0xFD, 0x45, 0xD5, 0xF0, 0xF6, 0x84, 0x3B, 0xE6,
    0x31, 0x20, 0x97, 0xD0, 0x3B, 0xEA, 0x67, 0xE1, 0x1A, 0x9B, 0xB3, 0x63, 0x07, 0x07, 0xB4, 0xB3,
    0xC7, 0x13, 0x06, 0x6E, 0x3F, 0x60, 0x6E, 0x36, 0xF6, 0x08, 0x73, 0xD3, 0xD9, 0xF6, 0xCD, 0x6F,
    0x3A, 0x86, 0x65, 0x6B, 0xDB, 0x27, 0x26, 0xEC, 0xED, 0x11, 0x32, 0x4D, 0xB6, 0xC8, 0x91, 0x3D,
    0x26, 0x16, 0x81, 0xD2, 0xC8, 0xEB, 0xA3, 0x5F, 0xE4, 0x4E, 0x4C, 0x2E, 0xAA, 0x0F, 0x6C, 0x7B,
    0xB1, 0x3C, 0x78, 0x5E, 0x16, 0xF6, 0x24, 0x1B, 0x0B, 0x49, 0xD3, 0xA2, 0xA2, 0x28, 0xF6, 0x4A,
    0xAA, 0xDD, 0xE9, 0x8F, 0x22, 0x5A, 0x88, 0x7B, 0x28, 0x82, 0x0D, 0x8A, 0xC8, 0xA1, 0x48, 0x00,
    0x45, 0x4E, 0x4F, 0xD0, 0x45, 0x13, 0xA6, 0x38, 0x72, 0xC9, 0x88, 0x9F, 0x28, 0xF9, 0xAE, 0xF6,
    0x6D, 0x26, 0x4F, 0x19, 0x76, 0xD7, 0xCB, 0xC4, 0x6D, 0x7B, 0x8A, 0x0B, 0x31, 0x77, 0x52, 0x69,
    0x46, 0x72, 0x6F, 0xFA, 0x79, 0x1F, 0x51, 0x8C, 0x33, 0xC1, 0xFD, 0xC1, 0x2D, 0xF1, 0x1B, 0xB1,
    0x47, 0x22, 0x25, 0x61, 0x1B, 0x14, 0xB8, 0x09, 0x3E, 0x8D, 0x28, 0x70, 0x93, 0xBA, 0xC5, 0xF9,
    0x88, 0x7A, 0xB6, 0x27, 0x87, 0x46, 0xE2, 0x63, 0x62, 0x52, 0xF8, 0x09, 0x89, 0xE1, 0xF6, 0xB6,
    0x9D, 0xCE, 0xD1, 0x94, 0xDC, 0xAA, 0xC7, 0xAD, 0xAB, 0x94, 0xEA, 0x64, 0xDE, 0x30, 0xD2, 0x9E,
    0xDA, 0xB7, 0x73, 0x78, 0xCD, 0xB0, 0x1A, 0x59, 0x85, 0x66, 0x39, 0x02, 0x8D, 0x23, 0x04, 0x9A,
    0xCC, 0xEC, 0x07, 0x01, 0xF3, 0x6B, 0xDB, 0x94, 0xE6, 0x8E, 0xEF, 0x9C, 0xB6, 0x5E, 0x40, 0xAE,
    0x5D, 0x24, 0x67, 0x05, 0x37, 0x91, 0xE7, 0x83, 0x5B, 0x88, 0xE7, 0xBB, 0xBC, 0x8D, 0x64, 0x46,
    0x05, 0x3A, 0xE6, 0x1F, 0x2D, 0x9A, 0xDB, 0x84, 0x32, 0x06, 0x4D, 0xA2, 0xE3, 0x3F, 0x97, 0x23,
    0xC2, 0x2F, 0xA5, 0x73, 0xCE, 0x9F, 0x15, 0x38, 0x52, 0x02, 0x3C, 0x58, 0x1A, 0x23, 0x6E, 0x34,
    0x2B, 0xED, 0xE6, 0x58, 0x31, 0xFB, 0x56, 0x71, 0x1D, 0xE5, 0xAD, 0x99, 0x9D, 0x1F, 0x88, 0x5F,
    0x4A, 0xBA, 0x8A, 0x44, 0xF5, 0x42, 0x45, 0xE3, 0x31, 0xFF, 0x5A, 0x56, 0xAF, 0x10, 0x35, 0xA0,
    0x6D, 0x44, 0x06, 0xDA, 0xA5, 0x5F, 0xDE, 0xCF, 0x68, 0x6D, 0x76, 0x5D, 0x2B, 0x89, 0x52, 0xCF,
    0xBD, 0x4C, 0xBC, 0xAF, 0x39, 0x98, 0x10, 0x1E, 0xF2, 0xFC, 0x9A, 0x62, 0x19, 0x5F, 0x32, 0xBD,
    0x10, 0x68, 0x78, 0x39, 0x1A, 0x83, 0xC9, 0xE4, 0xA2, 0xEF, 0x38, 0xBA, 0xBE, 0xB8, 0xE8, 0x33,
    0xC6, 0x72, 0xE4, 0xA2, 0xBE, 0x5E, 0xC7, 0x87, 0x2E, 0xDA, 0x5C, 0xC7, 0xA9, 0x80, 0x70, 0x06,
    0x69, 0x44, 0x30, 0x3F, 0xC3, 0x6A, 0x0B, 0xC3, 0xDF, 0x41, 0xB8, 0x85, 0xF1, 0x14, 0x98, 0xFD,
    0xE0, 0xDE, 0x32, 0xA8, 0xAB, 0xBE, 0xB0, 0x04, 0x02, 0x3D, 0xCD, 0xFD, 0x79, 0x43, 0x63, 0xD7,
    0xF8, 0xDF, 0x83, 0x1B, 0xD5, 0xF3, 0x7D, 0x2A, 0x23, 0x29, 0x90, 0x4E, 0x71, 0x50, 0x9C, 0xCC,
    0x15, 0x4E, 0x90, 0x66, 0xD5, 0x58, 0x9F, 0x9F, 0xE6, 0x22, 0x27, 0x08, 0x1A, 0x9D, 0xCF, 0xAA,
    0x3F, 0x2A, 0xF6, 0xF8, 0xCF, 0x50, 0xBD, 0xB8, 0xAF, 0x1B, 0x47, 0xA0, 0xE7, 0xAB, 0xEE, 0x6B,
    0xFB, 0x9F, 0xFC, 0x52, 0x7F, 0xAF, 0xED, 0x48, 0xD0, 0xCE, 0x90, 0x15, 0xFE, 0x9E, 0xBF, 0xD5,
    0xAE, 0x2C, 0x2C, 0x20, 0xBE, 0x85, 0x70, 0xD9, 0x50, 0x12, 0x37, 0x76, 0xAD, 0x29, 0x4D, 0x39,
    0xC1, 0x85, 0xA6, 0x5B, 0x93, 0xEF, 0x4B, 0x21, 0x71, 0x1C, 0x57, 0x08, 0x89, 0x1C, 0x88, 0x7A,
    0x22, 0x4A, 0x50, 0x89, 0x84, 0x1C, 0x6A, 0xC4, 0xCB, 0x04, 0x9D, 0x37, 0xA1, 0xB0, 0x68, 0x12,
    0xF9, 0x5F, 0x6A, 0x72, 0xF9, 0x63, 0x2A, 0x98, 0xA1, 0xC4, 0x09, 0x63, 0x58, 0xC2, 0x81, 0xFE,
    0x37, 0x01, 0x17, 0x9D, 0x30, 0x9C, 0x78, 0xC6, 0xB9, 0x77, 0xF0, 0xC4, 0x6C, 0x64, 0x62, 0x0B,
    0xE6, 0xAD, 0xF4, 0x0E, 0xF6, 0xBA, 0xEA, 0x79, 0x3B, 0xBF, 0xCE, 0x76, 0xDD, 0x94, 0x4E, 0x4E,
    0x49, 0x0F, 0x87, 0x80, 0x2F, 0xA5, 0x6B, 0xAC, 0x49, 0xB8, 0x8B, 0x2E, 0x99, 0xB0, 0x38, 0xF1,
    0xFA, 0x07, 0xED, 0x5A, 0x31, 0x8F, 0xDD, 0xC6, 0x11, 0x5E, 0x92, 0xD6, 0x11, 0xF1, 0x03, 0x42,
    0x17, 0x56, 0x90, 0xE8, 0x0A, 0xA6, 0x0C, 0xD4, 0xB0, 0x4E, 0x63, 0x12, 0xC8, 0x1F, 0x50, 0xA1,
    0xE7, 0x00, 0x51, 0x91, 0x26, 0x8D, 0xE5, 0xE2, 0xDA, 0x14, 0x01, 0x48, 0xE7, 0x17, 0x08, 0x08,
    0x94, 0x5A, 0x85, 0x12, 0x58, 0x4F, 0x08, 0xD4, 0xB8, 0x4C, 0xB0, 0x84, 0x53, 0xA6, 0x61, 0xE0,
    0x32, 0x45, 0x18, 0x58, 0x2E, 0xE2, 0x14, 0x21, 0x60, 0x3A, 0xA0, 0xCE, 0x7C, 0xDC, 0xCC, 0x37,
    0x33, 0xCB, 0x7B, 0x7C, 0xF7, 0x4E, 0x77, 0x97, 0x58, 0x41, 0xEC, 0xE4, 0xD9, 0xE2, 0xEC, 0xBD,
    0xC7, 0x9D, 0x9D, 0xFD, 0x76, 0x66, 0x76, 0x76, 0x66, 0x4B, 0x57, 0x18, 0x63, 0xB2, 0x6D, 0xEE,
    0x6A, 0xA2, 0xF9, 0x28, 0xB4, 0x1C, 0x52, 0xD7, 0x12, 0x75, 0x5D, 0xE2, 0x3A, 0xA6, 0x2B, 0xD0,
    0xD0, 0x35, 0xB1, 0xEB, 0x8D, 0x89, 0x5C, 0x1D, 0xB9, 0xD1, 0x98, 0xD8, 0x55, 0x21, 0xE8, 0xCA,
    0xD1, 0x2B, 0xF8, 0x4C, 0x4A, 0xB7, 0xC4, 0x02, 0x94, 0x7E, 0xCB, 0x41, 0xA9, 0x4F, 0xE6, 0x3E,
    0xDD, 0x80, 0x47, 0x4A, 0x03, 0x80, 0x77, 0xE2, 0x1A, 0x83, 0xB1, 0x88, 0x71, 0xE8, 0x2A, 0xF0,
    0xEA, 0x22, 0xC8, 0x12, 0xB9, 0x3E, 0x26, 0x76, 0x34, 0xD6, 0xB8, 0x22, 0x36, 0xC4, 0x70, 0x4C,
    0x46, 0xA6, 0xDB, 0x74, 0x00, 0x2D, 0x5D, 0x0E, 0x91, 0x88, 0x71, 0xC9, 0x34, 0x73, 0xC4, 0xC9,
    0x80, 0x31, 0x8B, 0x4E, 0x8C, 0xC1, 0x0E, 0x8C, 0xC1, 0x06, 0x0C, 0x27, 0xA5, 0xCC, 0xCE, 0x04,
    0x8E, 0xD9, 0x19, 0x96, 0x02, 0x9F, 0x27, 0x42, 0x8E, 0xDD, 0x03, 0xFC, 0x28, 0xF3, 0x71, 0x24,
    0x0A, 0x31, 0x26, 0x8E, 0xF9, 0x27, 0x27, 0xF4, 0xE2, 0x5B, 0x90, 0xCB, 0xBC, 0x49, 0xBF, 0x0F,
    0x22, 0x13, 0x4B, 0xC2, 0xCF, 0x7C, 0xBB, 0xF3, 0xA4, 0xA1, 0x8E, 0x26, 0x3C, 0x2D, 0xC0, 0x88,
    0x18, 0x92, 0x94, 0x9F, 0xA5, 0xFB, 0x25, 0x09, 0x40, 0xDD, 0xCB, 0x6D, 0x48, 0x0C, 0xF3, 0x6D,
    0x04, 0xE6, 0xE3, 0x8A, 0x06, 0xCA, 0xC7, 0xC4, 0x81, 0x5B, 0x8A, 0x7E, 0x43, 0x46, 0x9C, 0x5C,
    0x0F, 0x7E, 0xAE, 0xCB, 0x47, 0x1A, 0xB1, 0xA5, 0x67, 0xE8, 0x6A, 0x7A, 0x46, 0xFC, 0xA4, 0x2E,
    0xF4, 0x2B, 0xBD, 0x9C, 0x3B, 0xEA, 0x4A, 0x62, 0xBE, 0x47, 0xA2, 0xD1, 0xAC, 0x09, 0x06, 0x11,
    0x3C, 0xE4, 0x05, 0xA0, 0x11, 0x81, 0x4B, 0x70, 0x57, 0x30, 0x72, 0xAE, 0xE5, 0xE7, 0x78, 0xFE,
    0x79, 0xE3, 0x8E, 0x82, 0x72, 0xC5, 0xE7, 0xEB, 0x9B, 0x87, 0x6F, 0xD3, 0xAA, 0x70, 0xDF, 0xF3,
    0xCF, 0x1B, 0xEB, 0xBB, 0xD7, 0xE2, 0xF6, 0x06, 0x3F, 0x59, 0x4D, 0x2E, 0x7A, 0x76, 0x46, 0x3F,
    0x58, 0xD8, 0x23, 0xFB, 0xD8, 0x84, 0xF4, 0x4D, 0x40, 0x10, 0x37, 0xAB, 0x91, 0x17, 0xDE, 0x6D,
    0xB3, 0x9E, 0x31, 0x67, 0x14, 0x22, 0xA6, 0x04, 0x04, 0xC1, 0xB1, 0x3E, 0x01, 0x16, 0xD0, 0xE6,
    0x00, 0x8D, 0x1C, 0x2A, 0x66, 0xA1, 0xAE, 0x5B, 0x5E, 0xEC, 0x0A, 0x2B, 0x82, 0x0E, 0x75, 0x88,
    0x51, 0x68, 0x06, 0x4D, 0x04, 0xD8, 0xF2, 0x8F, 0x5D, 0x1B, 0x43, 0x9F, 0xDC, 0x87, 0xD0, 0xFD,
    0x9A, 0x5E, 0x09, 0x60, 0x0C, 0x95, 0x49, 0x46, 0x6E, 0xD0, 0xAA, 0x75, 0xDA, 0x70, 0xB5, 0x34,
    0x42, 0x67, 0xA4, 0xB1, 0x1A, 0xB5, 0x91, 0x75, 0xB4, 0x16, 0x68, 0x58, 0x30, 0x68, 0x13, 0xF7,
    0x73, 0x7A, 0x9D, 0xF8, 0xAF, 0xDC, 0x1F, 0xB6, 0xD0, 0xF8, 0x3A, 0x76, 0x7F, 0xEF, 0x31, 0x2A,
    0x99, 0x13, 0x46, 0x4D, 0xC1, 0x04, 0x12, 0xE6, 0x90, 0x70, 0x32, 0x22, 0x66, 0xC9, 0x33, 0x19,
    0xD0, 0x78, 0x71, 0xC3, 0x42, 0x4C, 0x99, 0x5F, 0xAD, 0x13, 0xA5, 0xF7, 0x92, 0xA1, 0x14, 0x2B,
    0xCB, 0x3B, 0x51, 0x01, 0x93, 0xD6, 0xE6, 0xDE, 0xF4, 0x00, 0x6A, 0x6F, 0x0E, 0x7C, 0x82, 0xDF,
    0x08, 0x4D, 0xC5, 0x44, 0x88, 0xB3, 0x9A, 0x84, 0x98, 0x4E, 0xA0, 0xA6, 0x14, 0x2A, 0xA5, 0x71,
    0x5A, 0x35, 0x29, 0x5E, 0x8A, 0xE4, 0x0B, 0x8C, 0x45, 0xDD, 0xFF, 0x21, 0xE6, 0x90, 0x77, 0x6A,
    0x10, 0xAD, 0xD8, 0x98, 0x6D, 0x2C, 0x33, 0x24, 0x75, 0x15, 0x53, 0xAE, 0x72, 0x30, 0x8E, 0x1C,
    0x29, 0x62, 0x8D, 0x89, 0xB3, 0xF5, 0x9B, 0x64, 0x4B, 0x14, 0xAE, 0x00, 0x3A, 0x4D, 0x8C, 0xB3,
    0x81, 0xAD, 0xCC, 0xE4, 0xBD, 0x61, 0xF7, 0x42, 0xF6, 0xCD, 0x5A, 0x82, 0x77, 0x88, 0x71, 0xC0,
    0xEB, 0xE1, 0x60, 0x0B, 0x2C, 0x71, 0x24, 0x48, 0x55, 0xF0, 0x3E, 0x44, 0x6B, 0x18, 0x11, 0xCD,
    0xA8, 0x81, 0x19, 0x61, 0xC5, 0x73, 0x81, 0xA9, 0x53, 0xDA, 0xEF, 0xD3, 0x54, 0x68, 0xA5, 0x7F,
    0x37, 0xE5, 0x92, 0x92, 0xEC, 0xA7, 0x4F, 0x36, 0xCF, 0x5C, 0x9D, 0x89, 0x9B, 0x2A, 0x52, 0x71,
    0x5B, 0x86, 0x5D, 0x62, 0x32, 0xA9, 0xCC, 0xB0, 0x4A, 0x02, 0x21, 0x1F, 0x54, 0xE6, 0x5E, 0x64,
    0xB6, 0x9D, 0xAC, 0x20, 0xE6, 0x69, 0x9D, 0xC8, 0xCE, 0x32, 0x57, 0x2C, 0x73, 0xE4, 0xD8, 0x2A,
    0x6B, 0x96, 0x9D, 0xD6, 0x3F, 0xD9, 0x32, 0x6D, 0x53, 0xE0, 0x48, 0xAE, 0x30, 0x1B, 0x18, 0xF6,
    0x8E, 0x5D, 0x5D, 0xE8, 0x86, 0xB2, 0x15, 0x63, 0xB1, 0x8D, 0xB8, 0x42, 0x59, 0x17, 0xCB, 0x4B,
    0xCD, 0xBE, 0xD6, 0x88, 0x4B, 0x14, 0x57, 0x97, 0xA9, 0x8B, 0x4B, 0x64, 0x79, 0x88, 0xF2, 0x72,
    0x81, 0xB1, 0xBA, 0x42, 0x5E, 0x66, 0x13, 0x3E, 0x57, 0x7D, 0x78, 0x57, 0x7C, 0x75, 0x2A, 0xBE,
    0x3B, 0x50, 0x1F, 0xBE, 0x52, 0x9A, 0x2B, 0xB5, 0xEE, 0xC5, 0x7A, 0xBD, 0xBE, 0x1B, 0xCE, 0x0E,
    0x55, 0xB8, 0xAE, 0xC4, 0xFF, 0x62, 0x1A, 0x0B, 0xA5, 0xCA, 0x94, 0xE6, 0x93, 0xA7, 0xEB, 0x1F,
    0x6D, 0x36, 0x9B, 0xF7, 0x15, 0xEF, 0xF1, 0x42, 0x3A, 0x6D, 0x36, 0xFC, 0x9E, 0xEF, 0xB7, 0xC7,
    0x2F, 0x51, 0xE9, 0xFD, 0xB8, 0x5E, 0x0E, 0x2F, 0x17, 0xE9, 0xC8, 0x27, 0x90, 0x73, 0x96, 0xDB,
    0xCF, 0xC3, 0xCF, 0xCB, 0xCF, 0xD3, 0x98, 0x13, 0xA5, 0xD4, 0x79, 0x53, 0x28, 0x44, 0x85, 0x32,
    0xD7, 0xC1, 0xA6, 0x6B, 0xE1, 0xF3, 0xB6, 0xFB, 0x84, 0xF1, 0x09, 0xD9, 0x3A, 0x7B, 0x46, 0x1A,
    0x72, 0x82, 0x2D, 0xF0, 0x01, 0x5B, 0xE0, 0x03, 0xB6, 0x98, 0x0F, 0xD6, 0x1B, 0xF3, 0xCC, 0x99,
    0xAE, 0xEF, 0xDB, 0xE9, 0x4A, 0xF8, 0x3C, 0xA5, 0xCD, 0x14, 0xF8, 0xC4, 0xEA, 0x2C, 0x56, 0xA2,
    0x4E, 0x22, 0x2D, 0xE1, 0xC3, 0x6A, 0x44, 0x36, 0x96, 0x8B, 0x3A, 0xF5, 0x79, 0x2F, 0xF8, 0xD8,
    0x4E, 0xF0, 0x71, 0x9F, 0xEF, 0xE2, 0x93, 0xEC, 0xE3, 0x93, 0x29, 0x5D, 0x29, 0x4D, 0x14, 0xD8,
    0x54, 0x77, 0xCE, 0xDC, 0xD3, 0x7E, 0xE9, 0x56, 0x8E, 0x94, 0x8F, 0x5D, 0xF2, 0x2D, 0x95, 0x8A,
    0xFC, 0xB4, 0xF1, 0xB9, 0x3B, 0x02, 0x71, 0xBF, 0xD0, 0x9B, 0x4C, 0xA1, 0xCF, 0xDD, 0x35, 0xF5,
    0xC5, 0xA9, 0xBE, 0x9C, 0xD3, 0x93, 0x5A, 0x97, 0xD2, 0x6B, 0xFD, 0x54, 0xA8, 0x77, 0x5B, 0xCA,
    0x75, 0x6E, 0xFE, 0xC7, 0x6E, 0xD6, 0x0B, 0x23, 0x11, 0xCC, 0x5F, 0x8D, 0x46, 0x34, 0xBD, 0x52,
    0x92, 0x55, 0x68, 0xAB, 0x74, 0x34, 0x37, 0x49, 0xE9, 0x4E, 0xBC, 0x0E, 0x5A, 0x55, 0xD2, 0x54,
    0x85, 0x88, 0x35, 0xDA, 0x88, 0xFC, 0x66, 0xA6, 0x93, 0x37, 0x6A, 0xA2, 0xC6, 0x8E, 0xB7, 0x69,
    0x12, 0xBF, 0x5A, 0xDB, 0xF1, 0xB2, 0xF9, 0xDE, 0xE6, 0xE9, 0xDA, 0xD1, 0xF7, 0x53, 0x3E, 0xE3,
    0x82, 0x6F, 0xA8, 0xE3, 0xF8, 0x71, 0xBD, 0x1C, 0x24, 0x17, 0xE4, 0xBC, 0x47, 0x1E, 0xC3, 0xCB,
    0xBD, 0x9C, 0x47, 0xB1, 0x98, 0xE7, 0x0B, 0xE0, 0xB5, 0xA9, 0x34, 0x70, 0x6A, 0x96, 0x81, 0x93,
    0x68, 0xD3, 0xD5, 0xF1, 0xB9, 0xE7, 0x1E, 0x32, 0x3E, 0x30, 0x0A, 0xE0, 0x03, 0x23, 0x81, 0x5C,
    0x01, 0x1B, 0x48, 0xCB, 0x8C, 0x19, 0x1F, 0x76, 0x9E, 0xB2, 0x11, 0x30, 0x3E, 0xD0, 0x37, 0xE0,
    0x63, 0xA7, 0x27, 0x57, 0xC2, 0x07, 0xE6, 0x01, 0x5C, 0xC0, 0x98, 0xF1, 0x21, 0xC6, 0x8C, 0x0F,
    0x31, 0x66, 0xBC, 0xF3, 0x5E, 0xF0, 0xC9, 0x47, 0x71, 0x89, 0xE9, 0x28, 0xF8, 0x24, 0x93, 0xE0,
    0xF3, 0x63, 0x77, 0x0E, 0x9F, 0x6E, 0x39, 0xAF, 0x41, 0xE7, 0xB9, 0x84, 0x62, 0xB6, 0x08, 0x6F,
    0x21, 0xDE, 0x62, 0x8C, 0xC7, 0xE7, 0x81, 0xD2, 0xA9, 0xD8, 0xE3, 0xEB, 0xD5, 0x51, 0x94, 0xF7,
    0x86, 0x9B, 0x9D, 0xE9, 0x52, 0x6F, 0x02, 0xAF, 0x2F, 0xEE, 0x9A, 0xFA, 0xE2, 0xF6, 0xF5, 0x64,
    0x58, 0xF0, 0x4D, 0x64, 0x1C, 0x32, 0xDD, 0x5A, 0xE5, 0x28, 0x96, 0x72, 0xED, 0xCD, 0xFF, 0xF9,
    0xD9, 0xBC, 0x74, 0x1C, 0x37, 0x95, 0xE7, 0x1A, 0xFE, 0xA7, 0x9E, 0xF8, 0x7E, 0xFA, 0xEB, 0xA7,
    0x98, 0x1C, 0x5B, 0xA9, 0x9D, 0xFE, 0xD7, 0x1B, 0x05, 0x87, 0x07, 0x47, 0x88, 0xDE, 0xC8, 0xCB,
    0xBE, 0x00, 0x50, 0x05, 0xDC, 0x26, 0x37, 0x00, 0x19, 0x30, 0x34, 0x12, 0xDD, 0xE9, 0x27, 0x76,
    0xA2, 0x78, 0x89, 0xEA, 0x65, 0xAA, 0x34, 0x9B, 0xE9, 0x29, 0xBB, 0x05, 0xDE, 0xED, 0x93, 0x51,
    0xE2, 0x91, 0xD5, 0x28, 0xFB, 0x62, 0x3C, 0x72, 0xEC, 0x64, 0x22, 0x3E, 0x92, 0xD5, 0xBC, 0xF5,
    0x7B, 0xDD, 0x4A, 0x66, 0x07, 0x39, 0xAA, 0x8E, 0x6D, 0xBD, 0x13, 0xF3, 0x2B, 0xEC, 0x9D, 0x59,
    0xB3, 0xE7, 0x51, 0x7B, 0xED, 0xB0, 0x74, 0x3A, 0x7E, 0x67, 0x4E, 0xB5, 0x9F, 0xDF, 0xC9, 0xD5,
    0x57, 0x9D, 0xF9, 0xA6, 0xE6, 0x6C, 0x43, 0x7F, 0x43, 0x1D, 0xF7, 0x24, 0xE7, 0xAA, 0xC0, 0x09,
    0xD7, 0xD0, 0x15, 0x11, 0xC4, 0x8C, 0xB0, 0xC9, 0x55, 0xBC, 0x2F, 0xA7, 0x8E, 0x1D, 0xAD, 0xD7,
    0x3B, 0xD5, 0xCB, 0x69, 0xDE, 0xCE, 0xF2, 0x05, 0x3E, 0x6A, 0x2E, 0xC1, 0x1D, 0x39, 0x1E, 0x14,
    0xEE, 0xDC, 0xF3, 0x3E, 0xCC, 0xA3, 0xD8, 0xDD, 0xC7, 0xD4, 0x7A, 0xE5, 0x7C, 0xA9, 0xEE, 0x2E,
    0xF4, 0xA1, 0x70, 0x21, 0x22, 0xEF, 0x9A, 0x77, 0x3E, 0xEC, 0x3A, 0x01, 0x99, 0x55, 0x24, 0xEF,
    0xC7, 0x6E, 0x27, 0x8C, 0x40, 0xB4, 0xB8, 0xE3, 0x25, 0x04, 0x86, 0xC0, 0x33, 0xAE, 0x76, 0xE2,
    0x8E, 0x64, 0xBB, 0x10, 0xA4, 0xBF, 0x50, 0x10, 0x7D, 0x3F, 0xDD, 0x5E, 0x28, 0x48, 0xE8, 0x05,
    0x29, 0x0E, 0x08, 0x32, 0x9C, 0x3F, 0x1B, 0xE8, 0xA9, 0x96, 0x9F, 0x1C, 0x4A, 0xEB, 0x64, 0x19,
    0x7E, 0x9D, 0x56, 0x28, 0xAC, 0x65, 0x02, 0xF2, 0x2C, 0x87, 0x8B, 0xBA, 0x15, 0x7B, 0xDD, 0x02,
    0x99, 0xC7, 0xF9, 0x6E, 0xD9, 0x76, 0xBF, 0x1B, 0x1F, 0xC1, 0xB4, 0xF3, 0xA2, 0x9B, 0xED, 0x0F,
    0x77, 0x93, 0x67, 0xBC, 0x23, 0x6A, 0xE0, 0x5D, 0xF4, 0xBC, 0xB8, 0xED, 0xF2, 0x19, 0x9A, 0xBC,
    0x39, 0x32, 0xAB, 0x36, 0x6F, 0x72, 0xB2, 0x9A, 0xEC, 0x8F, 0xAE, 0xCA, 0xDC, 0xB3, 0x3F, 0xD3,
    0x31, 0x82, 0x0F, 0x07, 0x81, 0xA8, 0x50, 0xEA, 0xE4, 0x00, 0x33, 0xF9, 0x84, 0x43, 0xC8, 0xAA,
    0xC6, 0xA6, 0xD7, 0x64, 0xEE, 0xE4, 0x4F, 0x14, 0xC2, 0x0F, 0xE8, 0x1B, 0x37, 0x79, 0x93, 0x31,
    0xCF, 0xE0, 0xC0, 0x58, 0x66, 0x56, 0x46, 0x6C, 0x03, 0x15, 0x0E, 0x56, 0x1D, 0xEC, 0x99, 0x8D,
    0x98, 0x34, 0xB8, 0xA7, 0xE5, 0xB4, 0x0D, 0xE9, 0x3C, 0xCE, 0x94, 0x15, 0x32, 0x25, 0xFC, 0xE0,
    0x3F, 0x0B, 0xDB, 0x91, 0x11, 0xE4, 0xD3, 0xB3, 0x09, 0x2F, 0xC3, 0xCC, 0x1D, 0x8E, 0x97, 0x90,
    0xEB, 0xD6, 0x63, 0xE6, 0x99, 0xC1, 0x57, 0x93, 0x9A, 0x17, 0xEC, 0x4B, 0x8A, 0x72, 0x32, 0xC7,
    0x3E, 0x40, 0x9B, 0xB7, 0xEE, 0x5A, 0x0D, 0x56, 0x0F, 0x00, 0x1A, 0x72, 0x45, 0xCE, 0xBB, 0x18,
    0xA1, 0x2B, 0x75, 0x00, 0xC9, 0xB8, 0xA4, 0x99, 0xEA, 0x4B, 0xDE, 0x2D, 0x69, 0xE9, 0xB7, 0xC1,
    0x8B, 0x87, 0xB9, 0xBF, 0x79, 0xC0, 0xC3, 0xE0, 0x00, 0x1B, 0x4D, 0x42, 0xE3, 0x2D, 0x68, 0x0F,
    0x27, 0x45, 0x74, 0x90, 0x61, 0x48, 0xFF, 0xD2, 0x5E, 0x16, 0x37, 0xEB, 0x64, 0x79, 0x79, 0x18,
    0x24, 0x3C, 0x5A, 0x59, 0xE2, 0xB2, 0x16, 0xCD, 0xE7, 0x61, 0x48, 0xB1, 0x75, 0xB9, 0xDF, 0x53,
    0x55, 0xFB, 0xD0, 0xC9, 0xE0, 0xBF, 0x17, 0x5D, 0x77, 0x1F, 0xC9, 0x6C, 0xDC, 0xDF, 0x46, 0xF5,
    0x6A, 0x83, 0x7A, 0xB5, 0x5E, 0x69, 0xA7, 0x71, 0xA3, 0xDF, 0x0A, 0x9B, 0xBD, 0xF8, 0xD1, 0x87,
    0x70, 0x1A, 0x07, 0xAD, 0x77, 0xB4, 0xE9, 0xD6, 0x23, 0x63, 0x3E, 0x08, 0x68, 0xED, 0xE2, 0x9E,
    0xFC, 0x73, 0x95, 0xF5, 0xB4, 0x2C, 0xAD, 0xED, 0x69, 0x85, 0x3E, 0xA7, 0xF0, 0xBB, 0x4B, 0xB1,
    0x7F, 0x36, 0xF0, 0x93, 0xB6, 0x86, 0x26, 0xDA, 0x1A, 0x4B, 0x81, 0x76, 0x47, 0x60, 0xC5, 0x88,
    0x2E, 0xF0, 0x2E, 0x7C, 0xD6, 0xC7, 0x9C, 0xA0, 0xA9, 0x1D, 0x38, 0x70, 0x80, 0x32, 0x98, 0x55,
    0x6F, 0x6E, 0x15, 0x26, 0xF8, 0xC0, 0x8F, 0x45, 0xC1, 0x03, 0x39, 0xAA, 0x80, 0x8F, 0x1E, 0x2D,
    0xF6, 0x83, 0x22, 0x97, 0xFD, 0xA0, 0x51, 0x65, 0xFC, 0x8C, 0xB5, 0x08, 0xA3, 0x12, 0xD4, 0x25,
    0xF1, 0xEF, 0x42, 0xA0, 0x15, 0x42, 0x7F, 0x80, 0x9A, 0xD2, 0xD0, 0xB5, 0xF8, 0xBE, 0x59, 0xB9,
    0x01, 0x2A, 0x45, 0x12, 0x4C, 0x31, 0xFB, 0xCF, 0x8F, 0x94, 0xCF, 0x7B, 0xA2, 0x60, 0xC8, 0x5A,
    0x41, 0xC7, 0x7A, 0xC1, 0x82, 0x64, 0x31, 0x3F, 0x21, 0xFC, 0xDA, 0x1D, 0xEF, 0xF5, 0xD5, 0x21,
    0xA7, 0x12, 0x06, 0x5D, 0xFE, 0x11, 0xB0, 0xBF, 0xEB, 0x57, 0xF8, 0x77, 0xDE, 0x68, 0x75, 0xF9,
    0xCF, 0x42, 0x78, 0xAF, 0x28, 0xF3, 0xC9, 0x85, 0xF7, 0xF6, 0x45, 0x8E, 0x71, 0xE7, 0xDD, 0xFA,
    0x4B, 0x79, 0x77, 0xB8, 0xFC, 0xDD, 0xED, 0x35, 0xDE, 0x95, 0xA3, 0xD3, 0x23, 0x3D, 0x12, 0x21,
    0x05, 0xAB, 0x8D, 0xC4, 0x37, 0x32, 0xDF, 0xB0, 0xBE, 0x71, 0xFB, 0x51, 0xD9, 0xBF, 0xAA, 0xFF,
    0x6E, 0xDE, 0xB9, 0xFD, 0xF8, 0x68, 0x43, 0xFB, 0x12, 0x59, 0xF7, 0xD7, 0xF9, 0x71, 0xF3, 0x8E,
    0x78, 0x91, 0xF9, 0x44, 0xAD, 0x8B, 0x56, 0x4E, 0xCB, 0xC8, 0x6B, 0x2F, 0x21, 0x17, 0x69, 0xAE,
    0x3B, 0xDE, 0x4F, 0xC8, 0x39, 0xD9, 0x47, 0xB3, 0x6D, 0xAE, 0xBB, 0xB7, 0x6C, 0x8A, 0xE5, 0x20,
    0x1B, 0x22, 0xD6, 0x53, 0x28, 0x3B, 0xB1, 0x10, 0x59, 0xCE, 0x9A, 0x77, 0x48, 0xDE, 0x92, 0xF1,
    0xA5, 0xA4, 0x3F, 0x0B, 0xA5, 0xB2, 0x31, 0x67, 0x3E, 0x33, 0x31, 0xCA, 0x2E, 0x5B, 0x0E, 0x92,
    0xBD, 0xE0, 0x00, 0xD3, 0x15, 0x70, 0x62, 0x08, 0x0B, 0x42, 0x09, 0xD0, 0x6A, 0xE6, 0xC9, 0x35,
    0x82, 0xDA, 0x68, 0x06, 0x94, 0x0F, 0xA4, 0x92, 0x10, 0xB2, 0x43, 0x36, 0x89, 0x6C, 0x2A, 0xE3,
    0xE4, 0xB7, 0xEF, 0x5C, 0xBF, 0xD7, 0xF7, 0x46, 0xDF, 0x8F, 0x23, 0x8E, 0x00, 0x4A, 0xC9, 0x7C,
    0x5B, 0x3F, 0x0E, 0x8F, 0xCB, 0x32, 0x8B, 0x1C, 0xB3, 0x5C, 0x5E, 0x4E, 0xFC, 0xCB, 0x47, 0xF9,
    0x0E, 0xBF, 0x25, 0x2A, 0xB3, 0x9F, 0xA7, 0x9F, 0xB7, 0xC7, 0xC1, 0xE3, 0xC2, 0x75, 0x8E, 0x5D,
    0xDC, 0x3C, 0x8E, 0x1E, 0x57, 0x8F, 0x73, 0xA2, 0xB8, 0xC7, 0x4A, 0xFD, 0xBA, 0xF8, 0x84, 0xA9,
    0x5F, 0xB7, 0x79, 0x1D, 0xFD, 0xBA, 0xFA, 0x75, 0xD6, 0xF8, 0xEB, 0xFE, 0xE9, 0x03, 0x59, 0xC5,
    0x49, 0xCF, 0x87, 0x12, 0x58, 0x90, 0xE5, 0xC6, 0x3E, 0x35, 0x31, 0xE1, 0xD4, 0x94, 0x11, 0x3B,
    0xFA, 0x97, 0x4B, 0xD6, 0x18, 0xB2, 0x90, 0xDC, 0x88, 0x0A, 0xE9, 0x84, 0xCB, 0xC1, 0x1E, 0xED,
    0x39, 0xFF, 0x27, 0xFF, 0x2A, 0x51, 0x20, 0x15, 0x56, 0x68, 0xE3, 0x0A, 0x59, 0x5F, 0x86, 0x5C,
    0x17, 0x20, 0xDE, 0xC9, 0x10, 0xF5, 0x7E, 0xA9, 0xFC, 0xC2, 0x99, 0x5B, 0x9F, 0x2E, 0x8E, 0x0F,
    0xA4, 0xEA, 0x6A, 0x9C, 0x95, 0x1C, 0x8F, 0x1B, 0x49, 0xBA, 0x71, 0x05, 0xED, 0x0B, 0x51, 0xE2,
    0xC6, 0xD6, 0x32, 0x8C, 0xF8, 0xE5, 0xD7, 0xCE, 0xDC, 0xF3, 0xD7, 0x81, 0xE8, 0xC1, 0x8F, 0x49,
    0x50, 0xA5, 0xB0, 0xE7, 0x55, 0xC3, 0xC7, 0xBB, 0xAC, 0x67, 0x6B, 0xCF, 0x39, 0x9F, 0x0A, 0xD2,
    0x9F, 0x95, 0xF0, 0x56, 0x9A, 0xCE, 0x3E, 0x79, 0xA4, 0x38, 0xDE, 0x28, 0x16, 0xD9, 0x95, 0x50,
    0x77, 0xCA, 0xE8, 0x02, 0x1A, 0xFA, 0x9C, 0x5A, 0xF9, 0xC0, 0xBC, 0xBA, 0x4F, 0xF0, 0x18, 0xCF,
    0x77, 0xE4, 0xB4, 0x1A, 0x23, 0x5D, 0x52, 0x70, 0x28, 0xC0, 0x19, 0x3F, 0x3A, 0x52, 0x33, 0xCD,
    0x48, 0xAB, 0xB8, 0x0C, 0x43, 0x6A, 0x25, 0x39, 0xD9, 0xFA, 0x08, 0xFD, 0x82, 0x27, 0xC6, 0x70,
    0xF2, 0xF3, 0x4D, 0x39, 0x24, 0x91, 0xDB, 0xB9, 0xA8, 0xBF, 0x95, 0xFE, 0x6D, 0xAE, 0x25, 0x82,
    0x15, 0xE7, 0x70, 0xA7, 0x57, 0x38, 0x33, 0xF3, 0xAD, 0x62, 0x91, 0x43, 0x8C, 0x2E, 0xC1, 0xDB,
    0x1F, 0xFB, 0xCD, 0x7D, 0x5E, 0x6D, 0x0A, 0x0F, 0x2D, 0xC5, 0x9B, 0xE4, 0xAE, 0xE5, 0xFF, 0x16,
    0x75, 0xDD, 0x77, 0x2E, 0x19, 0x32, 0x19, 0xE0, 0x13, 0x29, 0x66, 0x41, 0x7E, 0x78, 0xC4, 0xB9,
    0x2E, 0x93, 0xA0, 0xEA, 0xBF, 0x14, 0xA5, 0x7F, 0x7B, 0xF5, 0xF9, 0x53, 0xD0, 0xD6, 0x5A, 0x98,
    0x90, 0x4E, 0x7A, 0x04, 0x61, 0x3C, 0x20, 0xCF, 0x5E, 0x21, 0x07, 0xC9, 0xBE, 0x3F, 0xDF, 0x1E,
    0x73, 0xD9, 0x8A, 0x33, 0xA7, 0x75, 0x52, 0xD1, 0x30, 0x5B, 0x3A, 0x51, 0x1A, 0x73, 0xB3, 0x58,
    0x9E, 0x20, 0x2B, 0x3E, 0x43, 0x86, 0x6D, 0x84, 0x3C, 0xED, 0x6A, 0xE0, 0x12, 0xF0, 0x89, 0xD4,
    0x74, 0x5D, 0x9F, 0x0F, 0xC8, 0xC6, 0xD3, 0xA9, 0x16, 0xD6, 0x55, 0xAD, 0x50, 0x15, 0x1E, 0x4C,
    0xF0, 0x92, 0x99, 0x69, 0x3F, 0x21, 0xC3, 0x92, 0xDC, 0xE2, 0x30, 0xF1, 0xF1, 0xC1, 0x7E, 0xFA,
    0xDB, 0xC1, 0x7E, 0xCA, 0xD3, 0x7C, 0x87, 0x4E, 0x2D, 0x6C, 0x9E, 0xAB, 0x06, 0xA7, 0x9B, 0x04,
    0x35, 0xB9, 0x36, 0xEF, 0x4A, 0x09, 0x2C, 0x11, 0x5A, 0xB6, 0xB6, 0xA6, 0x5F, 0xEA, 0x92, 0x82,
    0x0A, 0xF2, 0xB6, 0xC6, 0x1C, 0xCF, 0x09, 0x46, 0x3A, 0x53, 0xC6, 0x05, 0x20, 0x48, 0x3A, 0x94,
    0xF8, 0x53, 0xD4, 0xEF, 0x5E, 0xD8, 0xAE, 0x3C, 0xE5, 0xBE, 0x0D, 0x7C, 0x87, 0xAD, 0x70, 0x16,
    0xCA, 0xF8, 0xEC, 0x48, 0x53, 0x0C, 0x66, 0x9C, 0xBE, 0xCF, 0x55, 0x89, 0x3A, 0x3F, 0x7D, 0xB8,
    0xBE, 0x8F, 0x82, 0x9E, 0xD6, 0xF5, 0x98, 0xA4, 0x9A, 0xCE, 0x7C, 0x97, 0x9C, 0xF8, 0x25, 0xFE,
    0xE2, 0xE8, 0xE9, 0xF4, 0xC4, 0xF8, 0x3D, 0x60, 0xC9, 0x25, 0x47, 0xAA, 0xD9, 0xD5, 0x6F, 0x61,
    0xC8, 0xE3, 0x7A, 0xBF, 0xE3, 0x37, 0x25, 0x39, 0xC3, 0x1A, 0x9D, 0xF3, 0x93, 0xDC, 0xFE, 0xC5,
    0x79, 0x28, 0x7B, 0x8A, 0x3C, 0x14, 0x9F, 0x6E, 0x0D, 0x7B, 0xD0, 0x10, 0x5A, 0xB6, 0xFE, 0xE1,
    0xB4, 0x5E, 0x1B, 0x77, 0x41, 0x2F, 0xC3, 0x3E, 0x93, 0x5F, 0x34, 0xA1, 0xD8, 0xE5, 0x4F, 0xCF,
    0x04, 0x40, 0xAE, 0x7F, 0xBD, 0x2E, 0x24, 0x76, 0x6F, 0x0F, 0x92, 0x97, 0x4D, 0x5C, 0x2B, 0xEA,
    0x07, 0xFB, 0x71, 0xDA, 0x6C, 0x73, 0x18, 0x39, 0xFD, 0xED, 0x25, 0xC3, 0x32, 0x18, 0xAF, 0xF1,
    0xCB, 0xBF, 0x3D, 0xCB, 0x38, 0x70, 0xB8, 0xB4, 0xE2, 0x4D, 0xD5, 0xCA, 0x06, 0xBB, 0xE5, 0x9C,
    0x34, 0xD7, 0xC6, 0x5F, 0xCC, 0x65, 0x15, 0xF1, 0x3F, 0xB2, 0x5B, 0x64, 0x7C, 0xCC, 0x91, 0x3C,
    0x88, 0xFE, 0x11, 0xCB, 0x1F, 0xA5, 0xFF, 0xE3, 0xAC, 0xC2, 0x1D, 0x4B, 0xF8, 0xF5, 0xB3, 0x85,
    0xB0, 0x0C, 0xD1, 0xC5, 0xF8, 0x9E, 0x5F, 0x48, 0x09, 0xAD, 0x79, 0x0A, 0x19, 0xA7, 0x4A, 0x43,
    0xB7, 0xFC, 0xA3, 0xE2, 0xBD, 0x6F, 0x90, 0xC0, 0xBD, 0xE0, 0x3F, 0x0A, 0x23, 0x85, 0x7C, 0x99,
    0xD2, 0xEE, 0xEC, 0xB4, 0xF2, 0x7F, 0x76, 0x63, 0x43, 0xF8, 0xCB, 0x58, 0xDF, 0x38, 0x07, 0xED,
    0x55, 0xA4, 0xF5, 0x9F, 0xEF, 0xD1, 0xBF, 0xD7, 0x59, 0x31, 0x78, 0x4C, 0xB6, 0xF2, 0x49, 0x33,
    0x79, 0xA1, 0xE3, 0x64, 0x4C, 0x2D, 0xA0, 0x31, 0xE6, 0x2C, 0x39, 0x4B, 0x96, 0xC1, 0x54, 0x21,
    0x12, 0xAE, 0x23, 0x04, 0xF3, 0x57, 0xBA, 0x06, 0x93, 0xCF, 0x08, 0x5B, 0x7F, 0xA3, 0x82, 0x24,
    0x6F, 0xF9, 0x0D, 0x59, 0x3D, 0x85, 0xC0, 0xF2, 0x97, 0x83, 0x7E, 0x29, 0xAB, 0x12, 0x48, 0x45,
    0x68, 0x60, 0x50, 0x76, 0xBE, 0x04, 0x8B, 0x5A, 0x53, 0x87, 0x12, 0x8B, 0x07, 0x9C, 0x0C, 0xE2,
    0x79, 0x7C, 0xDB, 0xCF, 0x43, 0x3F, 0x68, 0x47, 0x92, 0xCE, 0x24, 0xF5, 0x8D, 0x07, 0x3F, 0xB1,
    0x44, 0x03, 0xAE, 0x56, 0x2B, 0xDF, 0x07, 0x65, 0x89, 0xE9, 0xCB, 0xC0, 0x6B, 0x48, 0xAB, 0xEB,
    0x74, 0x74, 0xF6, 0x65, 0xC6, 0x25, 0xDB, 0x56, 0xC3, 0x17, 0x6E, 0xF1, 0xA5, 0x0C, 0x45, 0x61,
    0x89, 0x55, 0xBB, 0xFC, 0xAA, 0xE1, 0xB4, 0x16, 0x2B, 0xC2, 0x4A, 0x2F, 0x72, 0x34, 0x5A, 0x7D,
    0xCF, 0xB6, 0x3E, 0xA9, 0x99, 0x10, 0x9F, 0xA8, 0xF7, 0xAB, 0x1B, 0x2E, 0xD6, 0xEC, 0x3A, 0x35,
    0xA2, 0xA3, 0x2B, 0xD4, 0x88, 0x76, 0x53, 0xBA, 0x67, 0x34, 0xDF, 0xA3, 0xFB, 0xBF, 0x7F, 0xF9,
    0x35, 0x22, 0x4D, 0x9C, 0xBD, 0xAC, 0xC6, 0x7E, 0x41, 0x79, 0x59, 0x6B, 0xCA, 0xC6, 0x1E, 0xAE,
    0xB9, 0x9F, 0xD5, 0x94, 0x1F, 0xDE, 0x73, 0xEB, 0xBB, 0x2B, 0x56, 0x5C, 0x89, 0x43, 0xA5, 0xC6,
    0x5E, 0x48, 0x8D, 0xDD, 0xF9, 0x1A, 0xBB, 0xB0, 0x85, 0x8D, 0x21, 0xAA, 0xCC, 0xF5, 0x7A, 0x09,
    0xD3, 0x86, 0xBF, 0xE7, 0x7C, 0x39, 0x51, 0xB9, 0xAA, 0xA1, 0x35, 0xF6, 0x4C, 0x6B, 0xEC, 0x29,
    0x6D, 0xC8, 0xB2, 0xA3, 0x77, 0x2C, 0x6D, 0xE4, 0xA6, 0x72, 0xDC, 0xAD, 0x29, 0x5B, 0xA5, 0xA9,
    0xD2, 0x70, 0xBF, 0xA6, 0x1C, 0xB9, 0x87, 0xA8, 0xBD, 0x5F, 0x0F, 0x04, 0xD9, 0x68, 0xDF, 0x5F,
    0x9C, 0x1D, 0xE7, 0xE4, 0x7D, 0xE9, 0x2B, 0xCA, 0xDD, 0x22, 0xD7, 0xAB, 0xD7, 0x64, 0xC4, 0xD7,
    0x2E, 0xF5, 0xA9, 0xDD, 0xAB, 0x6D, 0x3A, 0xEC, 0x13, 0xE5, 0x24, 0xFA, 0x94, 0xEB, 0xDD, 0xBF,
    0xB2, 0x8B, 0xF4, 0xEE, 0x9F, 0xE8, 0x13, 0xEE, 0xEB, 0x8D, 0xC2, 0xD6, 0x8E, 0x52, 0xAF, 0x28,
    0x47, 0x99, 0x47, 0xAE, 0x77, 0x00, 0x41, 0x13, 0x2D, 0xE0, 0xA0, 0x22, 0x01, 0x9A, 0x8D, 0x52,
    0xF7, 0x81, 0xB4, 0x5C, 0x35, 0xED, 0x44, 0x9F, 0x38, 0xF1, 0x8D, 0x9A, 0x6F, 0x73, 0xB1, 0x3E,
    0xF5, 0x4A, 0xAB, 0x59, 0x9F, 0x6E, 0x9E, 0x6C, 0x45, 0x89, 0xAE, 0x08, 0x42, 0xE0, 0x53, 0x5E,
    0xE6, 0xC8, 0xF2, 0xC4, 0x03, 0x05, 0x20, 0x55, 0x2A, 0xE3, 0xB6, 0x9A, 0xF7, 0x6A, 0x49, 0xBD,
    0x1E, 0x62, 0xC3, 0xF4, 0x26, 0x35, 0xDF, 0x49, 0x98, 0x0E, 0x5B, 0xCA, 0x7E, 0x15, 0x7E, 0xFE,
    0x7D, 0xBB, 0x7F, 0x77, 0xA5, 0x5A, 0xDC, 0xC4, 0xA1, 0x71, 0x78, 0x87, 0x0C, 0x75, 0x5C, 0x63,
    0xF7, 0xE4, 0x92, 0x3B, 0x14, 0x2D, 0xAA, 0xEF, 0x87, 0x76, 0xD9, 0x1B, 0x6B, 0xD9, 0xD8, 0xF5,
    0x0E, 0x53, 0x7B, 0x19, 0xB5, 0x5A, 0xA3, 0xB7, 0x7A, 0x80, 0xB5, 0x6A, 0xA7, 0x56, 0xED, 0xD6,
    0x1E, 0xBE, 0xC3, 0x50, 0x2C, 0xEE, 0x0E, 0xF8, 0x44, 0x78, 0x34, 0x5F, 0xBC, 0xF1, 0xB4, 0xDD,
    0xA3, 0xCD, 0x5E, 0x7D, 0xAF, 0xDE, 0x05, 0x01, 0xDE, 0x1E, 0x01, 0xC2, 0x33, 0x1A, 0xC7, 0x6A,
    0x8D, 0xCE, 0x2E, 0x60, 0x50, 0xB9, 0x9E, 0x4B, 0x20, 0x71, 0x28, 0xEC, 0x94, 0xB8, 0x66, 0xAD,
    0xEF, 0xBB, 0xE2, 0x32, 0xCA, 0x90, 0x19, 0xB5, 0x8B, 0x39, 0xFF, 0xEF, 0xB4, 0x2A, 0xA5, 0x65,
    0xC2, 0xC4, 0xFD, 0x62, 0x3C, 0xE1, 0xCB, 0x64, 0x43, 0x34, 0xB2, 0xF9, 0xB8, 0x3A, 0x1A, 0x51,
    0x7D, 0xA0, 0xF0, 0x8A, 0x1A, 0x74, 0x56, 0x89, 0x47, 0x34, 0x22, 0x0A, 0x46, 0x7B, 0x34, 0x02,
    0x67, 0xD2, 0x96, 0x6B, 0xAA, 0x14, 0x7E, 0xD6, 0xDC, 0x28, 0xAB, 0x5C, 0x1A, 0x79, 0x5D, 0x56,
    0xDC, 0xC8, 0x28, 0xAA, 0xE5, 0x46, 0xDA, 0xD8, 0xCD, 0xE6, 0xE9, 0x44, 0x33, 0x6F, 0x7D, 0x32,
    0xF5, 0x40, 0x63, 0x7E, 0xD9, 0x77, 0x6F, 0x66, 0x86, 0x73, 0x83, 0x82, 0x03, 0x34, 0x6C, 0x91,
    0x74, 0x32, 0x3A, 0x85, 0xFF, 0x68, 0xD0, 0x3E, 0x1F, 0x4D, 0x68, 0xA0, 0xA2, 0xE2, 0xAA, 0x48,
    0x4A, 0x28, 0x64, 0xC9, 0x23, 0x1B, 0x44, 0x3A, 0xFD, 0x60, 0x3C, 0x06, 0x18, 0xF1, 0x7C, 0xC1,
    0xC5, 0xBA, 0xB3, 0x54, 0xA2, 0x2E, 0xFB, 0xAD, 0xD3, 0xC2, 0x2B, 0xD9, 0xE5, 0x88, 0x3D, 0x30,
    0x8A, 0x98, 0x3A, 0x1C, 0x71, 0x21, 0x9D, 0x06, 0xA4, 0x82, 0x18, 0x54, 0x82, 0x11, 0xE3, 0xC5,
    0x07, 0x62, 0x3C, 0x72, 0xA1, 0x27, 0x3D, 0x46, 0x8C, 0xD9, 0x03, 0x31, 0x56, 0x14, 0x20, 0x26,
    0x41, 0x90, 0xE5, 0x48, 0xF2, 0x52, 0xC4, 0xE4, 0x65, 0xDF, 0xBD, 0x99, 0x19, 0xCE, 0x8D, 0x79,
    0xD0, 0x44, 0xCB, 0x01, 0x40, 0x4C, 0x22, 0xA3, 0x88, 0xE7, 0x2D, 0x88, 0xA1, 0x77, 0xA7, 0xDE,
    0x44, 0x10, 0x2B, 0x8C, 0x22, 0x36, 0x3D, 0x7D, 0x85, 0x88, 0x95, 0x40, 0xAC, 0x95, 0x2D, 0x37,
    0x96, 0x2B, 0xA9, 0x84, 0xD8, 0x17, 0x88, 0x69, 0x26, 0x42, 0xEC, 0x2F, 0x24, 0x59, 0xDE, 0x91,
    0x8E, 0x35, 0x25, 0xB9, 0xAC, 0x1A, 0x88, 0xA5, 0x5C, 0xBA, 0xA1, 0x66, 0x3C, 0x25, 0x23, 0x23,
    0x16, 0x38, 0xDA, 0xD1, 0x08, 0xB1, 0x82, 0x43, 0xA9, 0xB4, 0xB5, 0x7A, 0xD5, 0x0C, 0x0D, 0x78,
    0x65, 0x6A, 0x14, 0x1C, 0xB8, 0xA5, 0x40, 0x8C, 0x9D, 0x0D, 0x21, 0x16, 0xB9, 0x74, 0x60, 0xC4,
    0x92, 0x11, 0x35, 0x20, 0x42, 0x0C, 0x17, 0x5B, 0x31, 0x40, 0x4B, 0x5C, 0x4A, 0xEA, 0x93, 0x7C,
    0x86, 0x8B, 0x6A, 0x03, 0x76, 0x40, 0xF6, 0xF7, 0x5B, 0x71, 0xE0, 0x72, 0x35, 0x53, 0x85, 0xDF,
    0x45, 0xCC, 0xFC, 0xE7, 0x10, 0xD3, 0x20, 0x25, 0x1E, 0xF5, 0x7E, 0x37, 0xEB, 0x18, 0x23, 0xD6,
    0xC9, 0xB5, 0x54, 0xD1, 0x31, 0x41, 0x8C, 0xCB, 0x9C, 0xA2, 0x63, 0x8A, 0x18, 0x6B, 0x2A, 0x23,
    0x66, 0x3C, 0x62, 0xD1, 0x8C, 0xD8, 0xE8, 0x11, 0xC3, 0xA5, 0x75, 0x46, 0xAC, 0x36, 0x8A, 0x98,
    0xEA, 0x18, 0x97, 0x2B, 0x05, 0x31, 0xD5, 0x31, 0x96, 0x4C, 0x11, 0x63, 0x1D, 0xE3, 0x48, 0x2A,
    0x54, 0xC4, 0x44, 0xC7, 0xEA, 0xF3, 0x3A, 0x76, 0x1D, 0xC4, 0x42, 0x71, 0xA2, 0x91, 0x2F, 0x08,
    0x7C, 0x15, 0xC8, 0x6D, 0xBD, 0xB0, 0xB8, 0x7B, 0x2F, 0xE9, 0x30, 0xB9, 0xB0, 0x8A, 0x7D, 0x47,
    0x8E, 0xF5, 0x41, 0x81, 0xC4, 0x7C, 0xC6, 0x17, 0x6D, 0x73, 0x8E, 0xC0, 0xA1, 0x87, 0xD0, 0x77,
    0xBE, 0x18, 0xBC, 0xD5, 0x56, 0x84, 0x56, 0xA5, 0xDF, 0x61, 0x0F, 0xB6, 0xC8, 0xDD, 0x8E, 0x30,
    0xF9, 0x94, 0x76, 0x95, 0x93, 0xE6, 0x9F, 0xCD, 0x57, 0x3D, 0x6E, 0xD4, 0x50, 0x10, 0x7E, 0xF6,
    0x2A, 0x59, 0x24, 0x23, 0x99, 0x06, 0x0A, 0x28, 0xCC, 0x0D, 0x7C, 0x04, 0x1B, 0x4E, 0x90, 0x22,
    0x1D, 0x05, 0xDC, 0x20, 0x2D, 0x15, 0xDE, 0x23, 0xD0, 0x71, 0x01, 0xAA, 0x50, 0x70, 0x04, 0xEF,
    0x11, 0x7C, 0x84, 0xE5, 0x06, 0x2E, 0x8C, 0xB4, 0x41, 0xB6, 0x87, 0xF9, 0x7F, 0xCF, 0x24, 0x20,
    0xD1, 0x20, 0xB6, 0x7A, 0x13, 0xDB, 0xF3, 0x66, 0xE6, 0xFB, 0x66, 0xBE, 0x49, 0x08, 0xFA, 0xCB,
    0xE1, 0xA3, 0x9E, 0x6E, 0xE0, 0x63, 0x03, 0x8B, 0x9C, 0xF7, 0x00, 0x2B, 0x00, 0x88, 0x51, 0x03,
    0xFF, 0x5A, 0x36, 0xF8, 0xF8, 0x56, 0x9E, 0xEC, 0x60, 0x7A, 0x01, 0x4B, 0xB6, 0xEA, 0x27, 0xC7,
    0xD0, 0xCF, 0xE1, 0x3D, 0x1B, 0x25, 0xBE, 0xDD, 0x4F, 0xEA, 0xB8, 0xC2, 0xB7, 0x61, 0x54, 0xA3,
    0x59, 0x42, 0x16, 0x8D, 0x19, 0xEF, 0x3F, 0xA9, 0xD1, 0xCD, 0xE8, 0x70, 0x90, 0xF3, 0xA5, 0x5C,
    0xC9, 0x9E, 0x33, 0x48, 0x8C, 0xBD, 0x1A, 0x4B, 0x6A, 0x9C, 0x35, 0x93, 0x11, 0xEF, 0x3D, 0x58,
    0x5A, 0x27, 0x34, 0xD4, 0x33, 0xB9, 0xAD, 0xA2, 0x71, 0xC4, 0x8C, 0x42, 0xF0, 0xA0, 0x9B, 0x55,
    0x8D, 0x82, 0x8C, 0xC5, 0x8D, 0x03, 0x85, 0x17, 0x3C, 0x9D, 0x2E, 0x1A, 0x21, 0xF4, 0xE7, 0x34,
    0x37, 0x33, 0xC8, 0x2D, 0x58, 0xD6, 0xE4, 0xF6, 0x2F, 0xB3, 0x26, 0xB7, 0xD1, 0x40, 0xB7, 0x14,
    0x9E, 0x1A, 0x53, 0x6A, 0x8C, 0x1C, 0x5E, 0x90, 0xEA, 0x8C, 0x1C, 0xDE, 0xC3, 0x59, 0xD7, 0x69,
    0xD6, 0x49, 0x6E, 0x9E, 0x4E, 0xD1, 0x62, 0xC9, 0x2C, 0xB4, 0xEA, 0x54, 0xC3, 0xDD, 0x1B, 0x0D,
    0xA0, 0x91, 0xDA, 0xCA, 0x35, 0x5D, 0x2C, 0x3A, 0x3F, 0xF9, 0x0A, 0x96, 0x40, 0x05, 0x4B, 0x0E,
    0xEB, 0x3D, 0x32, 0xF9, 0x2F, 0xBB, 0xFD, 0x6C, 0x99, 0x1A, 0x85, 0x08, 0xB6, 0xC1, 0x99, 0x25,
    0x57, 0xF7, 0xF0, 0x45, 0x4E, 0x84, 0x62, 0x3F, 0x1A, 0x36, 0xF5, 0x60, 0xE5, 0x2F, 0x5B, 0x2B,
    0xB7, 0x57, 0x34, 0x96, 0x33, 0xD6, 0x32, 0xBB, 0x76, 0xFA, 0xAC, 0x91, 0x3B, 0x91, 0x2B, 0x9B,
    0x13, 0x5F, 0x56, 0xAD, 0x56, 0xB9, 0x6A, 0xB1, 0xB2, 0x89, 0x4B, 0xAE, 0xD9, 0x6C, 0xA1, 0x74,
    0x67, 0xE3, 0x88, 0x10, 0x9B, 0x10, 0x90, 0x90, 0x29, 0x3C, 0x3B, 0xE1, 0x8D, 0x27, 0x0D, 0x54,
    0x91, 0xAC, 0x81, 0x1D, 0x09, 0x23, 0xF6, 0x52, 0x4F, 0x0C, 0xBE, 0x90, 0x62, 0xA0, 0xFF, 0x12,
    0x5E, 0x1F, 0x24, 0xF8, 0x12, 0x8A, 0xA3, 0xB0, 0xA0, 0x94, 0x0A, 0x21, 0x05, 0x2A, 0xE0, 0x8F,
    0x11, 0xFF, 0x4A, 0xEA, 0xC7, 0x78, 0xCF, 0x8A, 0xFC, 0x9E, 0x5F, 0x63, 0x36, 0x5D, 0x5B, 0xF0,
    0x11, 0xF0, 0xC8, 0x64, 0x83, 0xBA, 0x75, 0x9C, 0x1D, 0xCA, 0xD9, 0xD1, 0x99, 0xFC, 0x6F, 0x83,
    0x61, 0xFB, 0x07, 0x60, 0xDF, 0xD9, 0xD4, 0xF8, 0xA4, 0x4C, 0x72, 0x82, 0x34, 0x7E, 0x72, 0xD2,
    0xEC, 0xE0, 0xEE, 0x19, 0x68, 0x29, 0x07, 0xE5, 0x1E, 0xCF, 0x88, 0xB3, 0x37, 0xD1, 0xB4, 0x6D,
    0x1A, 0x2A, 0xBC, 0x9C, 0x08, 0x55, 0x2E, 0x2A, 0xA1, 0x9A, 0x53, 0x6C, 0x8C, 0x2A, 0x27, 0x48,
    0x58, 0xAE, 0x7E, 0x9A, 0xA5, 0x45, 0x72, 0xEF, 0x0F, 0xE9, 0x87, 0x56, 0x0B, 0x23, 0x9D, 0x41,
    0x6F, 0x0B, 0x8D, 0x98, 0x60, 0xEB, 0xB6, 0xF3, 0x63, 0xDB, 0xD3, 0x77, 0x76, 0x0A, 0x8A, 0x3E,
    0x7D, 0x27, 0xE8, 0xD7, 0x0F, 0x85, 0xEC, 0x4D, 0x2E, 0x1D, 0xFE, 0x52, 0x82, 0xCF, 0xE1, 0xDB,
    0x64, 0xBD, 0xCD, 0xA3, 0x02, 0xF8, 0x34, 0x0A, 0xAA, 0x3B, 0xE9, 0x24, 0x34, 0x77, 0x8C, 0x2F,
    0x7B, 0xE0, 0xD7, 0x18, 0xD5, 0xA7, 0xFF, 0x18, 0xD5, 0x70, 0x79, 0xDB, 0x46, 0x3D, 0xC8, 0x6D,
    0xB6, 0x52, 0x79, 0x97, 0xFA, 0x57, 0x45, 0x48, 0x25, 0xE1, 0x47, 0x2F, 0x01, 0xB1, 0x26, 0xC0,
    0x61, 0x2F, 0xCF, 0xB8, 0x71, 0xB0, 0xB0, 0xB0, 0x19, 0xA3, 0xEF, 0x43, 0x8A, 0xFA, 0x93, 0xFB,
    0x13, 0x72, 0x3B, 0x22, 0x6D, 0x46, 0x3E, 0x6D, 0x13, 0x69, 0x90, 0xC4, 0x4C, 0x1B, 0x24, 0xCE,
    0xFD, 0x6F, 0xAC, 0x29, 0x95, 0x07, 0x1B, 0x33, 0x32, 0x29, 0xC5, 0x32, 0x81, 0x30, 0x8B, 0x15,
    0x22, 0x97, 0x82, 0xA9, 0x44, 0x68, 0xE5, 0x95, 0x29, 0x6E, 0x31, 0x5B, 0xB4, 0xAB, 0x35, 0x3D,
    0xED, 0x6C, 0x95, 0x09, 0x1D, 0xC7, 0xAA, 0x13, 0x6A, 0x29, 0x7B, 0x84, 0x7C, 0xC6, 0x20, 0x9D,
    0x68, 0x5A, 0x08, 0x9D, 0x6A, 0x5A, 0x88, 0x6E, 0x7E, 0x9C, 0x14, 0xA2, 0x3B, 0x7F, 0x48, 0xD4,
    0xA2, 0x17, 0x54, 0x54, 0x2E, 0xB4, 0xE1, 0x54, 0x2F, 0x7A, 0xC1, 0x4F, 0x1B, 0xA2, 0xE7, 0x92,
    0x9A, 0x62, 0x34, 0x6B, 0x5A, 0x88, 0x8B, 0xAB, 0x7B, 0x9A, 0xB1, 0x15, 0x8D, 0x54, 0x35, 0xB6,
    0xB2, 0xB1, 0xD5, 0x8D, 0xAD, 0x70, 0x6C, 0x95, 0x63, 0x2B, 0x1D, 0x5B, 0xED, 0x78, 0x90, 0x8D,
    0xFA, 0xA4, 0x4D, 0x18, 0x79, 0x57, 0x9F, 0x9C, 0x91, 0x8D, 0xEB, 0x87, 0x31, 0x72, 0x8C, 0x8C,
    0x34, 0x4B, 0x18, 0x39, 0xDC, 0xC8, 0xB5, 0xCC, 0x48, 0x1F, 0xCE, 0x0A, 0x99, 0xC2, 0xA9, 0x8C,
    0x54, 0xA1, 0x55, 0x20, 0x6C, 0x64, 0x0B, 0x10, 0x0A, 0xAE, 0x02, 0x21, 0x70, 0x2A, 0x23, 0x27,
    0xB6, 0x8C, 0x91, 0xE7, 0x2A, 0xD1, 0x1A, 0x18, 0x19, 0x6A, 0xB3, 0x4E, 0x52, 0x54, 0x63, 0xA4,
    0x40, 0x6D, 0x40, 0x74, 0x73, 0xCA, 0x48, 0x19, 0x90, 0xB6, 0xB3, 0x08, 0x93, 0x6D, 0x69, 0x91,
    0xF4, 0x6C, 0x76, 0x99, 0xC5, 0xFE, 0x54, 0x85, 0x34, 0xBD, 0xDC, 0x92, 0x4D, 0x37, 0x0C, 0x65,
    0xA4, 0xA6, 0x5E, 0x6F, 0x53, 0x5F, 0xD3, 0x25, 0x43, 0x0B, 0x51, 0xBA, 0x62, 0x49, 0xA8, 0x8C,
    0x8A, 0x17, 0xA2, 0x3C, 0x46, 0x46, 0x9A, 0x66, 0x09, 0x23, 0x6B, 0x57, 0xB0, 0x3D, 0x8F, 0x5E,
    0x48, 0x18, 0x59, 0x32, 0x3F, 0xCD, 0x7B, 0xC1, 0x0C, 0xF0, 0x25, 0xE6, 0xFA, 0x7F, 0x64, 0xE4,
    0x8D, 0xED, 0x77, 0x84, 0x66, 0xEB, 0x8B, 0x5F, 0xDC, 0xCD, 0xFC, 0x98, 0xC3, 0x77, 0xBB, 0x12,
    0xC3, 0xAE, 0x63, 0xCC, 0x8F, 0xC2, 0x95, 0x2F, 0x92, 0x95, 0xD2, 0x17, 0xEF, 0xEC, 0x46, 0x5F,
    0x6C, 0x34, 0x9E, 0x08, 0x64, 0x82, 0xE2, 0xA5, 0x2F, 0xC0, 0xC9, 0x62, 0x6C, 0xCC, 0x9A, 0xB7,
    0x4B, 0x31, 0xEF, 0x37, 0x12, 0x25, 0x2F, 0x38, 0xF0, 0xEB, 0x62, 0xB8, 0x73, 0x09, 0x14, 0x56,
    0x2D, 0x71, 0x11, 0x9E, 0x5D, 0x66, 0xB4, 0xC4, 0xAC, 0xD7, 0xB3, 0x47, 0xAE, 0xCA, 0x10, 0xB5,
    0x5B, 0x38, 0x34, 0xDA, 0x48, 0x33, 0x2C, 0xD0, 0x27, 0x85, 0x31, 0x38, 0x75, 0xF6, 0xA3, 0xF1,
    0x66, 0xE4, 0x94, 0x45, 0x18, 0x45, 0x0F, 0xE5, 0x38, 0x08, 0x5D, 0x72, 0xF0, 0x8D, 0x27, 0x03,
    0x27, 0x0A, 0xE2, 0x67, 0xD2, 0x9E, 0x0C, 0xAD, 0x7B, 0xFA, 0x18, 0x37, 0xE4, 0xA8, 0x90, 0x89,
    0x44, 0x26, 0x1A, 0x99, 0x88, 0x64, 0xA2, 0x92, 0x89, 0x4C, 0x3E, 0xC0, 0x83, 0x4C, 0xB7, 0x9F,
    0xE7, 0x36, 0x71, 0xF2, 0xCD, 0x24, 0x12, 0xCC, 0xFA, 0xF5, 0x56, 0xBD, 0xD1, 0x5C, 0x1E, 0xE4,
    0x35, 0xCC, 0x81, 0x43, 0xCC, 0x5D, 0x52, 0xDE, 0xD0, 0xE9, 0xA0, 0x37, 0xBE, 0xE0, 0x44, 0xD1,
    0x45, 0xC6, 0x68, 0x12, 0x98, 0x05, 0x83, 0x89, 0x1B, 0xE1, 0x5A, 0xF0, 0x25, 0xCD, 0x9C, 0xCD,
    0x32, 0xBC, 0xBB, 0x29, 0xBC, 0x14, 0xCC, 0x78, 0x4C, 0x30, 0x64, 0xFD, 0x12, 0x74, 0x86, 0x70,
    0x9D, 0x18, 0xB0, 0xC6, 0x77, 0x8A, 0x92, 0x78, 0xC3, 0xD9, 0xF2, 0xB6, 0x21, 0x21, 0x63, 0xCE,
    0x0A, 0x56, 0x0D, 0x63, 0x6E, 0x73, 0x64, 0xDA, 0x51, 0x1A, 0x19, 0xF6, 0xD4, 0x99, 0x0B, 0x5C,
    0xA0, 0xD2, 0xE0, 0xE9, 0x98, 0x1F, 0xEA, 0x11, 0x15, 0x08, 0xE9, 0x52, 0x0C, 0x78, 0x63, 0x3F,
    0x21, 0x5B, 0xFA, 0x53, 0x03, 0xAF, 0x60, 0xA4, 0xF8, 0x06, 0x6A, 0xB6, 0x23, 0x9D, 0x0E, 0x15,
    0xE1, 0x47, 0xFF, 0x49, 0xD2, 0x6E, 0x48, 0x78, 0xD3, 0xC5, 0x3D, 0xF9, 0x82, 0x95, 0x36, 0x1D,
    0xEA, 0xEF, 0x0B, 0x3C, 0xFC, 0x04, 0x6D, 0x91, 0xB1, 0x11, 0xC3, 0x20, 0x0C, 0x45, 0xE5, 0xB8,
    0xA0, 0x70, 0xE1, 0x26, 0x3D, 0x23, 0x64, 0x84, 0x30, 0x44, 0xEE, 0x32, 0x4D, 0x8E, 0x8C, 0x90,
    0x8D, 0x58, 0x81, 0x0D, 0xD2, 0xA4, 0x4B, 0xE3, 0x82, 0xC2, 0x85, 0xF1, 0x8F, 0x04, 0x82, 0x73,
    0x11, 0xAA, 0x87, 0xF9, 0xFA, 0x96, 0xBE, 0x88, 0xF8, 0x9C, 0xA9, 0x9F, 0x47, 0xA7, 0x01, 0xAE,
    0xA1, 0x41, 0x6C, 0x68, 0x91, 0x1A, 0x7A, 0xE4, 0x2E, 0x45, 0x13, 0x9B, 0xCF, 0x10, 0x54, 0x6C,
    0x1D, 0x4D, 0x2A, 0xF6, 0xAC, 0xC9, 0x2A, 0x95, 0xAB, 0xAB, 0xAE, 0x74, 0xA3, 0x4B, 0xAC, 0xAE,
    0x6F, 0x3C, 0xE7, 0x54, 0x5D, 0x81, 0x64, 0xB2, 0xBA, 0x62, 0x1B, 0xC5, 0xD9, 0x08, 0xEE, 0xA3,
    0xB4, 0x61, 0x05, 0x71, 0x92, 0x36, 0xBC, 0x62, 0xAE, 0x52, 0x41, 0xB8, 0x22, 0xC5, 0xCA, 0x18,
    0x8B, 0x74, 0x77, 0x23, 0x1B, 0x5E, 0x05, 0x5F, 0xE2, 0xB3, 0xC9, 0x57, 0x2E, 0x9E, 0xE5, 0x37,
    0x8C, 0x4B, 0xF1, 0x89, 0x43, 0x41, 0x53, 0x06, 0xF1, 0x82, 0x01, 0x32, 0x1E, 0x8B, 0x97, 0xA9,
    0x16, 0xF0, 0x5B, 0xE2, 0x22, 0xE9, 0x81, 0xC5, 0xEB, 0xAC, 0x33, 0x7B, 0x6C, 0x33, 0x6A, 0x12,
    0x16, 0x39, 0xA0, 0xE6, 0x53, 0xBB, 0x88, 0x1A, 0xCE, 0xB7, 0xC5, 0xE3, 0x41, 0x2D, 0x34, 0x9B,
    0x29, 0x68, 0x3A, 0x66, 0xA3, 0x96, 0x19, 0xA7, 0xD4, 0x63, 0xF7, 0xF7, 0xFC, 0x27, 0xF5, 0xC3,
    0x2E, 0x0E, 0x1B, 0x3A, 0xEC, 0x4D, 0xB7, 0xF9, 0x03,
};

static const EpdGlyph bookerly_22_bolditalicGlyphs[] = {
    { 0, 0, 0, 0, 0, 0, 0 }, // U+0000
    { 0, 0, 0, 0, 0, 0, 0 }, // U+0008
    { 0, 0, 158, 0, 0, 0, 0 }, // U+0009
    { 0, 0, 158, 0, 0, 0, 0 }, // U+000D
    { 0, 0, 0, 0, 0, 0, 0 }, // U+001D
    { 0, 0, 158, 0, 0, 0, 0 }, // U+0020
    { 14, 36, 246, 2, 35, 126, 0 }, // !
    { 17, 16, 293, 2, 34, 68, 126 }, // "
    { 29, 29, 457, 0, 27, 211, 194 }, // #
    { 25, 46, 411, 1, 37, 288, 405 }, // $
    { 41, 37, 721, 2, 34, 380, 693 }, // %
    { 37, 37, 647, 2, 34, 343, 1073 }, // &
    { 9, 16, 162, 2, 34, 36, 1416 }, // '
    { 21, 46, 307, 1, 37, 242, 1452 }, // (
    { 20, 47, 307, -2, 37, 235, 1694 }, // )
    { 17, 16, 287, 2, 34, 68, 1929 }, // *
    { 21, 21, 457, 4, 26, 111, 1997 }, // +
    { 12, 15, 226, -2, 7, 45, 2108 }, // ,
    { 16, 6, 286, 1, 15, 24, 2153 }, // -
    { 8, 8, 226, 2, 7, 16, 2177 }, // .
    { 28, 37, 378, -2, 34, 259, 2193 }, // /
    { 29, 33, 494, 1, 32, 240, 2452 }, // 0
    { 21, 33, 351, -1, 33, 174, 2692 }, // 1
    { 28, 32, 435, -1, 32, 224, 2866 }, // 2
    { 26, 33, 419, -1, 32, 215, 3090 }, // 3
    { 27, 32, 449, 0, 32, 216, 3305 }, // 4
    { 27, 33, 383, -1, 32, 223, 3521 }, // 5
    { 28, 33, 432, 1, 32, 231, 3744 }, // 6
    { 26, 33, 386, 2, 32, 215, 3975 }, // 7
    { 27, 33, 435, 0, 32, 223, 4190 }, // 8
    { 28, 33, 423, -2, 32, 231, 4413 }, // 9
    { 12, 25, 226, 2, 24, 75, 4644 }, // :
    { 16, 32, 226, -2, 24, 128, 4719 }, // ;
    { 21, 22, 457, 4, 27, 116, 4847 }, // <
    { 21, 13, 457, 4, 22, 69, 4963 }, // =
    { 21, 22, 457, 4, 27, 116, 5032 }, // >
    { 16, 35, 298, 3, 34, 140, 5148 }, // ?
    { 43, 41, 731, 2, 32, 441, 5288 }, // @
    { 36, 33, 543, -3, 33, 297, 5729 }, // A
    { 29, 34, 460, -2, 33, 247, 6026 }, // B
    { 29, 34, 481, 1, 33, 247, 6273 }, // C
    { 35, 34, 537, -2, 33, 298, 6520 }, // D
    { 31, 32, 457, -2, 32, 248, 6818 }, // E
    { 30, 32, 423, -2, 32, 240, 7066 }, // F
    { 31, 34, 534, 1, 33, 264, 7306 }, // G
    { 41, 32, 588, -2, 32, 328, 7570 }, // H
    { 22, 32, 292, -2, 32, 176, 7898 }, // I
    { 30, 42, 278, -9, 32, 315, 8074 }, // J
    { 37, 33, 524, -2, 32, 306, 8389 }, // K
    { 28, 32, 424, -2, 32, 224, 8695 }, // L
    { 44, 32, 658, -3, 32, 352, 8919 }, // M
    { 40, 33, 567, -2, 32, 330, 9271 }, // N
    { 32, 34, 542, 1, 33, 272, 9601 }, // O
    { 30, 33, 450, -2, 33, 248, 9873 }, // P
    { 38, 44, 545, 1, 33, 418, 10121 }, // Q
    { 32, 34, 499, -2, 33, 272, 10539 }, // R
    { 26, 34, 405, -1, 33, 221, 10811 }, // S
    { 30, 32, 486, 3, 32, 240, 11032 }, // T
    { 36, 33, 575, 3, 32, 297, 11272 }, // U
    { 34, 33, 536, 3, 32, 281, 11569 }, // V
    { 46, 33, 733, 3, 32, 380, 11850 }, // W
    { 38, 32, 488, -4, 32, 304, 12230 }, // X
    { 32, 32, 480, 2, 32, 256, 12534 }, // Y
    { 29, 33, 455, -1, 32, 240, 12790 }, // Z
    { 21, 45, 247, -3, 37, 237, 13030 }, // [
    { 20, 37, 378, 2, 34, 185, 13267 }, // <backslash>
    { 21, 45, 247, -3, 37, 237, 13452 }, // ]
    { 23, 22, 457, 3, 30, 127, 13689 }, // ^
    { 23, 5, 367, 0, -2, 29, 13816 }, // _
    { 10, 12, 455, 9, 39, 30, 13845 }, // `
    { 26, 26, 438, 1, 25, 169, 13875 }, // a
    { 25, 37, 409, 0, 36, 232, 14044 }, // b
    { 20, 26, 334, 1, 25, 130, 14276 }, // c
    { 26, 37, 436, 1, 36, 241, 14406 }, // d
    { 20, 26, 348, 1, 25, 130, 14647 }, // e
    { 34, 47, 312, -9, 36, 400, 14777 }, // f
    { 32, 36, 389, -4, 25, 288, 15177 }, // g
    { 27, 37, 438, 0, 36, 250, 15465 }, // h
    { 15, 37, 237, 1, 36, 139, 15715 }, // i
    { 26, 47, 232, -10, 36, 306, 15854 }, // j
    { 24, 37, 392, 0, 36, 222, 16160 }, // k
    { 14, 37, 236, 1, 36, 130, 16382 }, // l
    { 39, 26, 642, 1, 25, 254, 16512 }, // m
    { 27, 26, 455, 1, 25, 176, 16766 }, // n
    { 23, 26, 399, 1, 25, 150, 16942 }, // o
    { 30, 36, 420, -4, 25, 270, 17092 }, // p
    { 25, 36, 412, 1, 25, 225, 17362 }, // q
    { 22, 25, 353, 1, 25, 138, 17587 }, // r
    { 21, 26, 318, -1, 25, 137, 17725 }, // s
    { 19, 32, 310, 1, 31, 152, 17862 }, // t
    { 27, 26, 450, 1, 25, 176, 18014 }, // u
    { 24, 26, 386, 0, 25, 156, 18190 }, // v
    { 35, 26, 557, 0, 25, 228, 18346 }, // w
    { 28, 26, 420, -1, 25, 182, 18574 }, // x
    { 31, 36, 386, -7, 25, 279, 18756 }, // y
    { 24, 26, 353, -1, 25, 156, 19035 }, // z
    { 19, 45, 305, 2, 37, 214, 19191 }, // {
    { 15, 42, 222, -1, 36, 158, 19405 }, // |
    { 19, 45, 305, -2, 37, 214, 19563 }, // }
    { 23, 9, 457, 3, 20, 52, 19777 }, // ~
    { 0, 0, 158, 0, 0, 0, 0 }, // U+00A0
    { 15, 36, 246, -1, 25, 135, 0 }, // U+00A1
    { 24, 46, 406, 1, 36, 276, 135 }, // U+00A2
    { 29, 32, 449, 0, 31, 232, 411 }, // U+00A3
    { 29, 22, 434, -1, 23, 160, 643 }, // U+00A4
    { 31, 30, 458, 2, 30, 233, 803 }, // U+00A5
    { 15, 42, 222, -1, 36, 158, 1036 }, // U+00A6
    { 23, 37, 375, -1, 32, 213, 1194 }, // U+00A7
    { 16, 8, 455, 6, 36, 32, 1407 }, // U+00A8
    { 34, 34, 573, 1, 33, 289, 1439 }, // U+00A9
    { 18, 23, 332, 2, 33, 104, 1728 }, // U+00AA
    { 26, 18, 445, 1, 21, 117, 1832 }, // U+00AB
    { 21, 12, 457, 4, 22, 63, 1949 }, // U+00AC
    { 16, 6, 286, 1, 15, 24, 2012 }, // U+00AD
    { 25, 25, 427, 1, 36, 157, 2036 }, // U+00AE
    { 16, 5, 455, 6, 33, 20, 2193 }, // U+00AF
    { 18, 17, 388, 3, 32, 77, 2213 }, // U+00B0
    { 21, 28, 457, 4, 27, 147, 2290 }, // U+00B1
    { 18, 21, 328, 1, 38, 95, 2437 }, // U+00B2
    { 18, 22, 328, 1, 38, 99, 2532 }, // U+00B3
    { 10, 13, 455, 9, 40, 33, 2631 }, // U+00B4
    { 30, 36, 452, -2, 25, 270, 2664 }, // U+00B5
    { 31, 39, 444, -2, 32, 303, 2934 }, // U+00B6
    { 8, 8, 226, 3, 17, 16, 3237 }, // U+00B7
    { 11, 11, 455, 9, -2, 31, 3253 }, // U+00B8
    { 14, 22, 328, 2, 39, 77, 3284 }, // U+00B9
    { 18, 23, 332, 2, 33, 104, 3361 }, // U+00BA
    { 26, 18, 445, 1, 21, 117, 3465 }, // U+00BB
    { 47, 37, 789, 2, 34, 435, 3582 }, // U+00BC
    { 46, 37, 789, 2, 34, 426, 4017 }, // U+00BD
    { 48, 37, 789, 1, 34, 444, 4443 }, // U+00BE
    { 16, 35, 298, 0, 25, 140, 4887 }, // U+00BF
    { 36, 45, 543, -3, 45, 405, 5027 }, // U+00C0
    { 36, 45, 543, -3, 45, 405, 5432 }, // U+00C1
    { 36, 45, 543, -3, 45, 405, 5837 }, // U+00C2
    { 36, 44, 543, -3, 44, 396, 6242 }, // U+00C3
    { 36, 43, 543, -3, 43, 387, 6638 }, // U+00C4
    { 36, 46, 543, -3, 46, 414, 7025 }, // U+00C5
    { 48, 32, 688, -4, 32, 384, 7439 }, // U+00C6
    { 29, 46, 481, 1, 33, 334, 7823 }, // U+00C7
    { 31, 45, 457, -2, 45, 349, 8157 }, // U+00C8
    { 31, 45, 457, -2, 45, 349, 8506 }, // U+00C9
    { 31, 45, 457, -2, 45, 349, 8855 }, // U+00CA
    { 31, 43, 457, -2, 43, 334, 9204 }, // U+00CB
    { 22, 45, 292, -2, 45, 248, 9538 }, // U+00CC
    { 23, 45, 292, -2, 45, 259, 9786 }, // U+00CD
    { 24, 45, 292, -2, 45, 270, 10045 }, // U+00CE
    { 24, 43, 292, -2, 43, 258, 10315 }, // U+00CF
    { 35, 34, 537, -2, 33, 298, 10573 }, // U+00D0
    { 40, 45, 567, -2, 44, 450, 10871 }, // U+00D1
    { 32, 46, 542, 1, 45, 368, 11321 }, // U+00D2
    { 32, 46, 542, 1, 45, 368, 11689 }, // U+00D3
    { 32, 46, 542, 1, 45, 368, 12057 }, // U+00D4
    { 32, 45, 542, 1, 44, 360, 12425 }, // U+00D5
    { 32, 44, 542, 1, 43, 352, 12785 }, // U+00D6
    { 20, 21, 457, 4, 26, 105, 13137 }, // U+00D7
    { 38, 36, 542, -2, 34, 342, 13242 }, // U+00D8
    { 36, 46, 575, 3, 45, 414, 13584 }, // U+00D9
    { 36, 46, 575, 3, 45, 414, 13998 }, // U+00DA
    { 36, 46, 575, 3, 45, 414, 14412 }, // U+00DB
    { 36, 44, 575, 3, 43, 396, 14826 }, // U+00DC
    { 32, 45, 480, 2, 45, 360, 15222 }, // U+00DD
    { 29, 32, 440, -2, 32, 232, 15582 }, // U+00DE
    { 38, 47, 468, -9, 36, 447, 15814 }, // U+00DF
    { 26, 40, 438, 1, 39, 260, 16261 }, // U+00E0
    { 26, 41, 438, 1, 40, 267, 16521 }, // U+00E1
    { 26, 39, 438, 1, 38, 254, 16788 }, // U+00E2
    { 26, 38, 438, 1, 37, 247, 17042 }, // U+00E3
    { 26, 37, 438, 1, 36, 241, 17289 }, // U+00E4
    { 26, 40, 438, 1, 39, 260, 17530 }, // U+00E5
    { 34, 26, 574, 1, 25, 221, 17790 }, // U+00E6
    { 20, 38, 334, 1, 25, 190, 18011 }, // U+00E7
    { 20, 40, 348, 1, 39, 200, 18201 }, // U+00E8
    { 22, 41, 348, 1, 40, 226, 18401 }, // U+00E9
    { 21, 39, 348, 1, 38, 205, 18627 }, // U+00EA
    { 22, 37, 348, 1, 36, 204, 18832 }, // U+00EB
    { 13, 40, 237, 1, 39, 130, 19036 }, // U+00EC
    { 18, 41, 237, 1, 40, 185, 19166 }, // U+00ED
    { 17, 39, 237, 1, 38, 166, 19351 }, // U+00EE
    { 19, 37, 237, 1, 36, 176, 19517 }, // U+00EF
    { 24, 38, 401, 1, 37, 228, 19693 }, // U+00F0
    { 27, 38, 455, 1, 37, 257, 19921 }, // U+00F1
    { 23, 40, 399, 1, 39, 230, 20178 }, // U+00F2
    { 24, 41, 399, 1, 40, 246, 20408 }, // U+00F3
    { 23, 39, 399, 1, 38, 225, 20654 }, // U+00F4
    { 24, 38, 399, 1, 37, 228, 20879 }, // U+00F5
    { 24, 37, 399, 1, 36, 222, 21107 }, // U+00F6
    { 21, 22, 457, 4, 26, 116, 21329 }, // U+00F7
    { 30, 27, 399, -3, 25, 203, 21445 }, // U+00F8
    { 27, 40, 450, 1, 39, 270, 21648 }, // U+00F9
    { 27, 41, 450, 1, 40, 277, 21918 }, // U+00FA
    { 27, 39, 450, 1, 38, 264, 22195 }, // U+00FB
    { 27, 37, 450, 1, 36, 250, 22459 }, // U+00FC
    { 31, 51, 386, -7, 40, 396, 22709 }, // U+00FD
    { 30, 47, 407, -5, 36, 353, 23105 }, // U+00FE
    { 31, 47, 386, -7, 36, 365, 23458 }, // U+00FF
    { 36, 42, 543, -3, 42, 378, 0 }, // U+0100
    { 26, 34, 438, 1, 33, 221, 378 }, // U+0101
    { 36, 44, 543, -3, 44, 396, 599 }, // U+0102
    { 26, 37, 438, 1, 36, 241, 995 }, // U+0103
    { 36, 43, 543, -3, 33, 387, 1236 }, // U+0104
    { 26, 35, 438, 1, 25, 228, 1623 }, // U+0105
    { 29, 46, 481, 1, 45, 334, 1851 }, // U+0106
    { 22, 41, 334, 1, 40, 226, 2185 }, // U+0107
    { 29, 46, 481, 1, 45, 334, 2411 }, // U+0108
    { 21, 39, 334, 1, 38, 205, 2745 }, // U+0109
    { 29, 45, 481, 1, 44, 327, 2950 }, // U+010A
    { 20, 37, 334, 1, 36, 185, 3277 }, // U+010B
    { 30, 46, 481, 1, 45, 345, 3462 }, // U+010C
    { 23, 40, 334, 1, 39, 230, 3807 }, // U+010D
    { 35, 46, 537, -2, 45, 403, 4037 }, // U+010E
    { 34, 37, 455, 1, 36, 315, 4440 }, // U+010F
    { 35, 34, 537, -2, 33, 298, 4755 }, // U+0110
    { 29, 37, 436, 1, 36, 269, 5053 }, // U+0111
    { 31, 42, 457, -2, 42, 326, 5322 }, // U+0112
    { 22, 34, 348, 1, 33, 187, 5648 }, // U+0113
    { 31, 44, 457, -2, 44, 341, 5835 }, // U+0114
    { 22, 37, 348, 1, 36, 204, 6176 }, // U+0115
    { 31, 44, 457, -2, 44, 341, 6380 }, // U+0116
    { 20, 37, 348, 1, 36, 185, 6721 }, // U+0117
    { 31, 42, 457, -2, 32, 326, 6906 }, // U+0118
    { 20, 35, 348, 1, 25, 175, 7232 }, // U+0119
    { 31, 45, 457, -2, 45, 349, 7407 }, // U+011A
    { 23, 40, 348, 1, 39, 230, 7756 }, // U+011B
    { 31, 46, 534, 1, 45, 357, 7986 }, // U+011C
    { 32, 49, 389, -4, 38, 392, 8343 }, // U+011D
    { 31, 45, 534, 1, 44, 349, 8735 }, // U+011E
    { 32, 47, 389, -4, 36, 376, 9084 }, // U+011F
    { 31, 45, 534, 1, 44, 349, 9460 }, // U+0120
    { 32, 47, 389, -4, 36, 376, 9809 }, // U+0121
    { 31, 46, 534, 1, 33, 357, 10185 }, // U+0122
    { 32, 51, 389, -4, 40, 408, 10542 }, // U+0123
    { 41, 45, 588, -2, 45, 462, 10950 }, // U+0124
    { 27, 49, 438, 0, 48, 331, 11412 }, // U+0125
    { 41, 32, 588, -2, 32, 328, 11743 }, // U+0126
    { 27, 37, 438, 0, 36, 250, 12071 }, // U+0127
    { 24, 44, 292, -2, 44, 264, 12321 }, // U+0128
    { 19, 38, 237, 1, 37, 181, 12585 }, // U+0129
    { 23, 42, 292, -2, 42, 242, 12766 }, // U+012A
    { 18, 34, 237, 1, 33, 153, 13008 }, // U+012B
    { 23, 44, 292, -2, 44, 253, 13161 }, // U+012C
    { 18, 37, 237, 1, 36, 167, 13414 }, // U+012D
    { 22, 42, 292, -2, 32, 231, 13581 }, // U+012E
    { 15, 46, 237, 1, 36, 173, 13812 }, // U+012F
    { 22, 44, 292, -2, 44, 242, 13985 }, // U+0130
    { 13, 26, 237, 1, 25, 85, 14227 }, // U+0131
    { 41, 42, 570, -2, 32, 431, 14312 }, // U+0132
    { 30, 47, 469, 1, 36, 353, 14743 }, // U+0133
    { 32, 55, 278, -9, 45, 440, 15096 }, // U+0134
    { 29, 49, 232, -10, 38, 356, 15536 }, // U+0135
    { 37, 45, 524, -2, 32, 417, 15892 }, // U+0136
    { 24, 48, 392, 0, 36, 288, 16309 }, // U+0137
    { 25, 26, 422, 1, 25, 163, 16597 }, // U+0138
    { 28, 45, 424, -2, 45, 315, 16760 }, // U+0139
    { 17, 48, 236, 1, 47, 204, 17075 }, // U+013A
    { 28, 45, 424, -2, 32, 315, 17279 }, // U+013B
    { 17, 48, 236, -2, 36, 204, 17594 }, // U+013C
    { 29, 36, 424, -2, 36, 261, 17798 }, // U+013D
    { 21, 37, 257, 1, 36, 195, 18059 }, // U+013E
    { 29, 32, 424, -2, 32, 232, 18254 }, // U+013F
    { 20, 37, 310, 1, 36, 185, 18486 }, // U+0140
    { 28, 32, 424, -2, 32, 224, 18671 }, // U+0141
    { 18, 37, 232, -1, 36, 167, 18895 }, // U+0142
    { 40, 46, 567, -2, 45, 460, 19062 }, // U+0143
    { 27, 41, 455, 1, 40, 277, 19522 }, // U+0144
    { 40, 45, 567, -2, 32, 450, 19799 }, // U+0145
    { 27, 37, 455, 1, 25, 250, 20249 }, // U+0146
    { 40, 46, 567, -2, 45, 460, 20499 }, // U+0147
    { 27, 40, 455, 1, 39, 270, 20959 }, // U+0148
    { 34, 36, 609, 3, 35, 306, 21229 }, // U+0149
    { 40, 42, 567, -2, 32, 420, 21535 }, // U+014A
    { 25, 36, 430, 1, 25, 225, 21955 }, // U+014B
    { 32, 43, 542, 1, 42, 344, 22180 }, // U+014C
    { 24, 34, 399, 1, 33, 204, 22524 }, // U+014D
    { 32, 45, 542, 1, 44, 360, 22728 }, // U+014E
    { 24, 37, 399, 1, 36, 222, 23088 }, // U+014F
    { 34, 47, 542, 1, 46, 400, 23310 }, // U+0150
    { 26, 40, 399, 1, 39, 260, 23710 }, // U+0151
    { 45, 34, 727, 1, 33, 383, 23970 }, // U+0152
    { 36, 26, 599, 1, 25, 234, 24353 }, // U+0153
    { 32, 46, 499, -2, 45, 368, 24587 }, // U+0154
    { 22, 40, 353, 1, 40, 220, 24955 }, // U+0155
    { 32, 46, 499, -2, 33, 368, 25175 }, // U+0156
    { 24, 37, 353, -1, 25, 222, 25543 }, // U+0157
    { 32, 46, 499, -2, 45, 368, 25765 }, // U+0158
    { 23, 39, 353, 1, 39, 225, 26133 }, // U+0159
    { 26, 46, 405, -1, 45, 299, 26358 }, // U+015A
    { 23, 41, 318, -1, 40, 236, 26657 }, // U+015B
    { 26, 46, 405, -1, 45, 299, 26893 }, // U+015C
    { 22, 39, 318, -1, 38, 215, 27192 }, // U+015D
    { 26, 46, 405, -1, 33, 299, 27407 }, // U+015E
    { 21, 38, 318, -1, 25, 200, 27706 }, // U+015F
    { 28, 46, 405, -1, 45, 322, 27906 }, // U+0160
    { 24, 40, 318, -1, 39, 240, 28228 }, // U+0161
    { 30, 45, 486, 3, 32, 338, 28468 }, // U+0162
    { 19, 44, 310, 1, 31, 209, 28806 }, // U+0163
    { 30, 45, 486, 3, 45, 338, 29015 }, // U+0164
    { 22, 38, 310, 1, 37, 209, 29353 }, // U+0165
    { 30, 32, 486, 3, 32, 240, 29562 }, // U+0166
    { 20, 32, 310, 0, 31, 160, 29802 }, // U+0167
    { 36, 45, 575, 3, 44, 405, 29962 }, // U+0168
    { 27, 38, 450, 1, 37, 257, 30367 }, // U+0169
    { 36, 43, 575, 3, 42, 387, 30624 }, // U+016A
    { 27, 34, 450, 1, 33, 230, 31011 }, // U+016B
    { 36, 45, 575, 3, 44, 405, 31241 }, // U+016C
    { 27, 37, 450, 1, 36, 250, 31646 }, // U+016D
    { 36, 47, 575, 3, 46, 423, 31896 }, // U+016E
    { 27, 40, 450, 1, 39, 270, 32319 }, // U+016F
    { 36, 47, 575, 3, 46, 423, 32589 }, // U+0170
    { 27, 40, 450, 1, 39, 270, 33012 }, // U+0171
    { 36, 42, 575, 3, 32, 378, 33282 }, // U+0172
    { 27, 35, 450, 1, 25, 237, 33660 }, // U+0173
    { 46, 46, 733, 3, 45, 529, 33897 }, // U+0174
    { 35, 39, 557, 0, 38, 342, 34426 }, // U+0175
    { 32, 45, 480, 2, 45, 360, 34768 }, // U+0176
    { 31, 49, 386, -7, 38, 380, 35128 }, // U+0177
    { 32, 43, 480, 2, 43, 344, 35508 }, // U+0178
    { 29, 46, 455, -1, 45, 334, 35852 }, // U+0179
    { 24, 41, 353, -1, 40, 246, 36186 }, // U+017A
    { 29, 45, 455, -1, 44, 327, 36432 }, // U+017B
    { 24, 37, 353, -1, 36, 222, 36759 }, // U+017C
    { 29, 46, 455, -1, 45, 334, 36981 }, // U+017D
    { 24, 40, 353, -1, 39, 240, 37315 }, // U+017E
    { 34, 47, 312, -9, 36, 400, 37555 }, // U+017F
    { 37, 39, 542, 1, 38, 361, 0 }, // U+01A0
    { 28, 31, 399, 1, 30, 217, 361 }, // U+01A1
    { 40, 39, 562, 3, 38, 390, 578 }, // U+01AF
    { 32, 31, 450, 1, 30, 248, 968 }, // U+01B0
    { 66, 46, 1016, -2, 45, 759, 1216 }, // U+01C4
    { 59, 40, 903, -2, 39, 590, 1975 }, // U+01C5
    { 49, 40, 785, 1, 39, 490, 2565 }, // U+01C6
    { 49, 42, 702, -2, 32, 515, 3055 }, // U+01C7
    { 45, 47, 656, -2, 36, 529, 3570 }, // U+01C8
    { 30, 47, 463, 1, 36, 353, 4099 }, // U+01C9
    { 58, 42, 845, -2, 32, 609, 4452 }, // U+01CA
    { 54, 47, 799, -2, 36, 635, 5061 }, // U+01CB
    { 44, 47, 686, 1, 36, 517, 5696 }, // U+01CC
    { 36, 45, 543, -3, 45, 405, 6213 }, // U+01CD
    { 26, 40, 438, 1, 39, 260, 6618 }, // U+01CE
    { 25, 45, 292, -2, 45, 282, 6878 }, // U+01CF
    { 19, 40, 237, 1, 39, 190, 7160 }, // U+01D0
    { 32, 46, 542, 1, 45, 368, 7350 }, // U+01D1
    { 25, 40, 399, 1, 39, 250, 7718 }, // U+01D2
    { 36, 46, 575, 3, 45, 414, 7968 }, // U+01D3
    { 27, 40, 450, 1, 39, 270, 8382 }, // U+01D4
    { 36, 49, 575, 3, 48, 441, 8652 }, // U+01D5
    { 27, 42, 450, 1, 41, 284, 9093 }, // U+01D6
    { 36, 49, 575, 3, 48, 441, 9377 }, // U+01D7
    { 27, 46, 450, 1, 45, 311, 9818 }, // U+01D8
    { 36, 49, 575, 3, 48, 441, 10129 }, // U+01D9
    { 27, 46, 450, 1, 45, 311, 10570 }, // U+01DA
    { 36, 49, 575, 3, 48, 441, 10881 }, // U+01DB
    { 27, 46, 450, 1, 45, 311, 11322 }, // U+01DC
    { 21, 26, 357, 1, 25, 137, 11633 }, // U+01DD
    { 36, 48, 543, -3, 48, 432, 11770 }, // U+01DE
    { 26, 42, 438, 1, 41, 273, 12202 }, // U+01DF
    { 36, 48, 543, -3, 48, 432, 12475 }, // U+01E0
    { 26, 44, 438, 1, 43, 286, 12907 }, // U+01E1
    { 48, 42, 688, -4, 42, 504, 13193 }, // U+01E2
    { 34, 34, 574, 1, 33, 289, 13697 }, // U+01E3
    { 32, 34, 534, 1, 33, 272, 13986 }, // U+01E4
    { 35, 36, 389, -7, 25, 315, 14258 }, // U+01E5
    { 31, 46, 534, 1, 45, 357, 14573 }, // U+01E6
    { 32, 50, 389, -4, 39, 400, 14930 }, // U+01E7
    { 37, 46, 524, -2, 45, 426, 15330 }, // U+01E8
    { 24, 49, 392, 0, 48, 294, 15756 }, // U+01E9
    { 32, 43, 542, 1, 33, 344, 16050 }, // U+01EA
    { 23, 35, 399, 1, 25, 202, 16394 }, // U+01EB
    { 32, 52, 542, 1, 42, 416, 16596 }, // U+01EC
    { 24, 43, 399, 1, 33, 258, 17012 }, // U+01ED
    { 29, 46, 415, -1, 45, 334, 17270 }, // U+01EE
    { 28, 50, 391, -3, 39, 350, 17604 }, // U+01EF
    { 31, 50, 232, -10, 39, 388, 17954 }, // U+01F0
    { 64, 34, 991, -2, 33, 544, 18342 }, // U+01F1
    { 58, 34, 889, -2, 33, 493, 18886 }, // U+01F2
    { 49, 37, 788, 1, 36, 454, 19379 }, // U+01F3
    { 31, 46, 534, 1, 45, 357, 19833 }, // U+01F4
    { 32, 51, 389, -4, 40, 408, 20190 }, // U+01F5
    { 40, 46, 567, -2, 45, 460, 20598 }, // U+01F8
    { 27, 40, 455, 1, 39, 270, 21058 }, // U+01F9
    { 36, 48, 543, -3, 48, 432, 21328 }, // U+01FA
    { 26, 48, 438, 1, 47, 312, 21760 }, // U+01FB
    { 48, 45, 688, -4, 45, 540, 22072 }, // U+01FC
    { 34, 41, 574, 1, 40, 349, 22612 }, // U+01FD
    { 38, 47, 542, -2, 45, 447, 22961 }, // U+01FE
    { 30, 42, 399, -3, 40, 315, 23408 }, // U+01FF
    { 36, 45, 543, -3, 45, 405, 23723 }, // U+0200
    { 26, 39, 438, 1, 38, 254, 24128 }, // U+0201
    { 36, 44, 543, -3, 44, 396, 24382 }, // U+0202
    { 26, 37, 438, 1, 36, 241, 24778 }, // U+0203
    { 31, 45, 457, -2, 45, 349, 25019 }, // U+0204
    { 20, 39, 348, 1, 38, 195, 25368 }, // U+0205
    { 31, 44, 457, -2, 44, 341, 25563 }, // U+0206
    { 22, 37, 348, 1, 36, 204, 25904 }, // U+0207
    { 22, 45, 292, -2, 45, 248, 26108 }, // U+0208
    { 15, 39, 237, 1, 38, 147, 26356 }, // U+0209
    { 23, 44, 292, -2, 44, 253, 26503 }, // U+020A
    { 18, 37, 237, 1, 36, 167, 26756 }, // U+020B
    { 32, 46, 542, 1, 45, 368, 26923 }, // U+020C
    { 23, 39, 399, 1, 38, 225, 27291 }, // U+020D
    { 32, 45, 542, 1, 44, 360, 27516 }, // U+020E
    { 24, 37, 399, 1, 36, 222, 27876 }, // U+020F
    { 32, 46, 499, -2, 45, 368, 28098 }, // U+0210
    { 22, 38, 353, 1, 38, 209, 28466 }, // U+0211
    { 32, 45, 499, -2, 44, 360, 28675 }, // U+0212
    { 22, 36, 353, 1, 36, 198, 29035 }, // U+0213
    { 36, 46, 575, 3, 45, 414, 29233 }, // U+0214
    { 27, 39, 450, 1, 38, 264, 29647 }, // U+0215
    { 36, 45, 575, 3, 44, 405, 29911 }, // U+0216
    { 27, 37, 450, 1, 36, 250, 30316 }, // U+0217
    { 26, 46, 405, -1, 33, 299, 30566 }, // U+0218
    { 21, 37, 318, -1, 25, 195, 30865 }, // U+0219
    { 30, 45, 486, 3, 32, 338, 31060 }, // U+021A
    { 19, 43, 310, 1, 31, 205, 31398 }, // U+021B
    { 27, 39, 419, -2, 33, 264, 31603 }, // U+021C
    { 24, 36, 348, -3, 25, 216, 31867 }, // U+021D
    { 41, 45, 588, -2, 45, 462, 32083 }, // U+021E
    { 27, 49, 438, 0, 48, 331, 32545 }, // U+021F
    { 10, 12, 0, -7, 39, 30, 0 }, // U+0300
    { 10, 13, 0, -3, 40, 33, 30 }, // U+0301
    { 16, 11, 0, -9, 38, 44, 63 }, // U+0302
    { 16, 9, 0, -8, 37, 36, 107 }, // U+0303
    { 16, 5, 0, -8, 33, 20, 143 }, // U+0304
    { 16, 9, 0, -8, 36, 36, 163 }, // U+0306
    { 8, 8, 0, -4, 36, 16, 199 }, // U+0307
    { 16, 8, 0, -8, 36, 32, 215 }, // U+0308
    { 13, 14, 0, -6, 41, 46, 247 }, // U+0309
    { 12, 13, 0, -6, 39, 39, 293 }, // U+030A
    { 18, 12, 0, -8, 39, 54, 332 }, // U+030B
    { 16, 11, 0, -7, 39, 44, 386 }, // U+030C
    { 14, 11, 0, -9, 38, 39, 430 }, // U+030F
    { 15, 9, 0, -8, 36, 34, 469 }, // U+0311
    { 10, 14, 0, -5, 40, 35, 503 }, // U+0312
    { 10, 13, 0, -4, 41, 33, 538 }, // U+0313
    { 9, 13, 0, -6, 41, 30, 571 }, // U+0314
    { 8, 12, 0, -4, 40, 24, 601 }, // U+0315
    { 10, 11, 0, -5, 30, 28, 625 }, // U+031B
    { 8, 8, 0, -4, -3, 16, 653 }, // U+0323
    { 16, 7, 0, -8, -4, 28, 669 }, // U+0324
    { 12, 11, 0, -6, -2, 33, 697 }, // U+0325
    { 9, 10, 0, -5, -2, 23, 730 }, // U+0326
    { 10, 11, 0, -5, -2, 28, 753 }, // U+0327
    { 10, 12, 0, -5, 2, 30, 781 }, // U+0328
    { 9, 12, 198, -2, -2, 27, 811 }, // U+0329
    { 17, 10, 0, -9, -2, 43, 838 }, // U+032D
    { 16, 9, 0, -8, -3, 36, 881 }, // U+032E
    { 16, 9, 0, -8, -3, 36, 917 }, // U+0330
    { 16, 6, 0, -8, -4, 24, 953 }, // U+0331
    { 16, 9, 0, -8, 36, 36, 977 }, // U+0342
    { 17, 18, 0, -9, 47, 77, 1013 }, // U+0344
    { 8, 9, 0, -3, -3, 18, 1090 }, // U+0345
    { 10, 15, 192, 2, 32, 38, 0 }, // U+0374
    { 9, 12, 192, -1, 0, 27, 38 }, // U+0375
    { 16, 32, 226, -2, 24, 128, 65 }, // U+037E
    { 10, 13, 455, 9, 41, 33, 193 }, // U+0384
    { 17, 18, 455, 6, 47, 77, 226 }, // U+0385
    { 36, 33, 612, 1, 33, 297, 303 }, // U+0386
    { 9, 8, 226, 4, 24, 18, 600 }, // U+0387
    { 36, 33, 584, 1, 33, 297, 618 }, // U+0388
    { 46, 33, 715, 1, 33, 380, 915 }, // U+0389
    { 27, 33, 419, 1, 33, 223, 1295 }, // U+038A
    { 39, 34, 657, 1, 33, 332, 1518 }, // U+038C
    { 42, 33, 644, 1, 33, 347, 1850 }, // U+038E
    { 39, 33, 702, 1, 33, 322, 2197 }, // U+038F
    { 18, 48, 242, 1, 47, 216, 2519 }, // U+0390
    { 36, 33, 543, -3, 33, 297, 2735 }, // U+0391
    { 29, 34, 460, -2, 33, 247, 3032 }, // U+0392
    { 31, 32, 424, -2, 32, 248, 3279 }, // U+0393
    { 30, 33, 521, -1, 33, 248, 3527 }, // U+0394
    { 31, 32, 457, -2, 32, 248, 3775 }, // U+0395
    { 29, 33, 455, -1, 32, 240, 4023 }, // U+0396
    { 41, 32, 588, -2, 32, 328, 4263 }, // U+0397
    { 32, 34, 542, 1, 33, 272, 4591 }, // U+0398
    { 22, 32, 292, -2, 32, 176, 4863 }, // U+0399
    { 37, 33, 524, -2, 32, 306, 5039 }, // U+039A
    { 35, 33, 537, -3, 33, 289, 5345 }, // U+039B
    { 44, 32, 658, -3, 32, 352, 5634 }, // U+039C
    { 40, 33, 567, -2, 32, 330, 5986 }, // U+039D
    { 31, 32, 484, -1, 32, 248, 6316 }, // U+039E
    { 32, 34, 542, 1, 33, 272, 6564 }, // U+039F
    { 40, 32, 569, -2, 32, 320, 6836 }, // U+03A0
    { 30, 33, 450, -2, 33, 248, 7156 }, // U+03A1
    { 30, 33, 449, -1, 32, 248, 7404 }, // U+03A3
    { 30, 32, 486, 3, 32, 240, 7652 }, // U+03A4
    { 32, 33, 478, 1, 33, 264, 7892 }, // U+03A5
    { 33, 35, 551, 1, 34, 289, 8156 }, // U+03A6
    { 38, 32, 488, -4, 32, 304, 8445 }, // U+03A7
    { 38, 33, 592, 3, 33, 314, 8749 }, // U+03A8
    { 37, 33, 623, -2, 33, 306, 9063 }, // U+03A9
    { 24, 43, 292, -2, 43, 258, 9369 }, // U+03AA
    { 32, 43, 478, 1, 43, 344, 9627 }, // U+03AB
    { 27, 42, 455, 1, 41, 284, 9971 }, // U+03AC
    { 22, 42, 346, 1, 41, 231, 10255 }, // U+03AD
    { 24, 52, 419, 1, 41, 312, 10486 }, // U+03AE
    { 17, 42, 242, 1, 41, 179, 10798 }, // U+03AF
    { 24, 48, 410, 1, 47, 288, 10977 }, // U+03B0
    { 27, 26, 455, 1, 25, 176, 11265 }, // U+03B1
    { 26, 47, 416, -1, 36, 306, 11441 }, // U+03B2
    { 24, 36, 386, 0, 25, 216, 11747 }, // U+03B3
    { 25, 37, 403, 1, 36, 232, 11963 }, // U+03B4
    { 21, 26, 342, 1, 25, 137, 12195 }, // U+03B5
    { 22, 48, 332, 1, 38, 264, 12332 }, // U+03B6
    { 24, 36, 423, 1, 25, 216, 12596 }, // U+03B7
    { 25, 37, 438, 2, 36, 232, 12812 }, // U+03B8
    { 13, 26, 242, 1, 25, 85, 13044 }, // U+03B9
    { 26, 26, 435, 1, 25, 169, 13129 }, // U+03BA
    { 27, 37, 415, -2, 36, 250, 13298 }, // U+03BB
    { 30, 36, 452, -2, 25, 270, 13548 }, // U+03BC
    { 24, 26, 386, 0, 25, 156, 13818 }, // U+03BD
    { 21, 48, 334, 1, 38, 252, 13974 }, // U+03BE
    { 23, 26, 399, 1, 25, 150, 14226 }, // U+03BF
    { 30, 26, 469, 0, 25, 195, 14376 }, // U+03C0
    { 26, 36, 407, -1, 25, 234, 14571 }, // U+03C1
    { 19, 35, 327, 1, 25, 167, 14805 }, // U+03C2
    { 28, 26, 425, 1, 25, 182, 14972 }, // U+03C3
    { 23, 26, 362, 1, 25, 150, 15154 }, // U+03C4
    { 24, 26, 414, 1, 25, 156, 15304 }, // U+03C5
    { 30, 36, 512, 1, 25, 270, 15460 }, // U+03C6
    { 30, 36, 398, -3, 25, 270, 15730 }, // U+03C7
    { 34, 44, 564, 1, 33, 374, 16000 }, // U+03C8
    { 32, 26, 535, 1, 25, 208, 16374 }, // U+03C9
    { 18, 37, 242, 1, 36, 167, 16582 }, // U+03CA
    { 24, 37, 410, 1, 36, 222, 16749 }, // U+03CB
    { 23, 42, 399, 1, 41, 242, 16971 }, // U+03CC
    { 24, 42, 410, 1, 41, 252, 17213 }, // U+03CD
    { 32, 42, 537, 1, 41, 336, 17465 }, // U+03CE
    { 24, 37, 401, 1, 36, 222, 17801 }, // U+03D0
    { 31, 37, 495, 1, 36, 287, 18023 }, // U+03D1
    { 35, 33, 525, 1, 33, 289, 18310 }, // U+03D2
    { 45, 33, 691, 1, 33, 372, 18599 }, // U+03D3
    { 35, 43, 525, 1, 43, 377, 18971 }, // U+03D4
    { 30, 36, 512, 1, 25, 270, 19348 }, // U+03D5
    { 32, 34, 543, 1, 33, 272, 19618 }, // U+03D6
    { 30, 34, 482, 0, 25, 255, 19890 }, // U+03D7
    { 31, 45, 457, -2, 45, 349, 0 }, // U+0400
    { 31, 43, 457, -2, 43, 334, 349 }, // U+0401
    { 30, 42, 566, 3, 32, 315, 683 }, // U+0402
    { 31, 45, 424, -2, 45, 349, 998 }, // U+0403
    { 29, 34, 477, 1, 33, 247, 1347 }, // U+0404
    { 26, 34, 405, -1, 33, 221, 1594 }, // U+0405
    { 22, 32, 292, -2, 32, 176, 1815 }, // U+0406
    { 24, 43, 292, -2, 43, 258, 1991 }, // U+0407
    { 30, 42, 278, -9, 32, 315, 2249 }, // U+0408
    { 44, 33, 678, -3, 32, 363, 2564 }, // U+0409
    { 45, 33, 702, -2, 32, 372, 2927 }, // U+040A
    { 33, 32, 620, 3, 32, 264, 3299 }, // U+040B
    { 37, 46, 517, -2, 45, 426, 3563 }, // U+040C
    { 41, 45, 590, -2, 45, 462, 3989 }, // U+040D
    { 34, 47, 492, 1, 46, 400, 4451 }, // U+040E
    { 39, 43, 562, -2, 32, 420, 4851 }, // U+040F
    { 36, 33, 543, -3, 33, 297, 5271 }, // U+0410
    { 30, 33, 466, -2, 32, 248, 5568 }, // U+0411
    { 29, 34, 460, -2, 33, 247, 5816 }, // U+0412
    { 31, 32, 424, -2, 32, 248, 6063 }, // U+0413
    { 39, 42, 546, -3, 32, 410, 6311 }, // U+0414
    { 31, 32, 457, -2, 32, 248, 6721 }, // U+0415
    { 51, 34, 713, -4, 33, 434, 6969 }, // U+0416
    { 26, 34, 418, -1, 33, 221, 7403 }, // U+0417
    { 41, 32, 590, -2, 32, 328, 7624 }, // U+0418
    { 41, 46, 590, -2, 46, 472, 7952 }, // U+0419
    { 37, 34, 517, -2, 33, 315, 8424 }, // U+041A
    { 39, 33, 535, -3, 32, 322, 8739 }, // U+041B
    { 44, 32, 658, -3, 32, 352, 9061 }, // U+041C
    { 41, 32, 588, -2, 32, 328, 9413 }, // U+041D
    { 32, 34, 542, 1, 33, 272, 9741 }, // U+041E
    { 40, 32, 569, -2, 32, 320, 10013 }, // U+041F
    { 30, 33, 450, -2, 33, 248, 10333 }, // U+0420
    { 29, 34, 481, 1, 33, 247, 10581 }, // U+0421
    { 30, 32, 486, 3, 32, 240, 10828 }, // U+0422
    { 34, 33, 492, 1, 32, 281, 11068 }, // U+0423
    { 33, 35, 551, 1, 34, 289, 11349 }, // U+0424
    { 38, 32, 488, -4, 32, 304, 11638 }, // U+0425
    { 39, 42, 567, -2, 32, 410, 11942 }, // U+0426
    { 33, 32, 524, 2, 32, 264, 12352 }, // U+0427
    { 51, 32, 741, -2, 32, 408, 12616 }, // U+0428
    { 51, 42, 745, -2, 32, 536, 13024 }, // U+0429
    { 29, 33, 532, 3, 32, 240, 13560 }, // U+042A
    { 48, 33, 694, -2, 32, 396, 13800 }, // U+042B
    { 29, 33, 451, -2, 32, 240, 14196 }, // U+042C
    { 29, 34, 464, -1, 33, 247, 14436 }, // U+042D
    { 49, 34, 758, -2, 33, 417, 14683 }, // U+042E
    { 36, 33, 488, -3, 32, 297, 15100 }, // U+042F
    { 26, 26, 438, 1, 25, 169, 15397 }, // U+0430
    { 27, 38, 401, 1, 37, 257, 15566 }, // U+0431
    { 22, 26, 381, 1, 25, 143, 15823 }, // U+0432
    { 20, 26, 335, 0, 25, 130, 15966 }, // U+0433
    { 24, 37, 399, 1, 36, 222, 16096 }, // U+0434
    { 20, 26, 348, 1, 25, 130, 16318 }, // U+0435
    { 42, 26, 659, 0, 25, 273, 16448 }, // U+0436
    { 21, 26, 339, -1, 25, 137, 16721 }, // U+0437
    { 27, 26, 450, 1, 25, 176, 16858 }, // U+0438
    { 27, 38, 450, 1, 37, 257, 17034 }, // U+0439
    { 25, 26, 419, 1, 25, 163, 17291 }, // U+043A
    { 29, 26, 458, -1, 25, 189, 17454 }, // U+043B
    { 37, 26, 586, -1, 25, 241, 17643 }, // U+043C
    { 27, 26, 458, 1, 25, 176, 17884 }, // U+043D
    { 23, 26, 399, 1, 25, 150, 18060 }, // U+043E
    { 27, 26, 455, 1, 25, 176, 18210 }, // U+043F
    { 30, 36, 420, -4, 25, 270, 18386 }, // U+0440
    { 20, 26, 334, 1, 25, 130, 18656 }, // U+0441
    { 39, 26, 642, 1, 25, 254, 18786 }, // U+0442
    { 31, 36, 386, -7, 25, 279, 19040 }, // U+0443
    { 31, 47, 524, 1, 36, 365, 19319 }, // U+0444
    { 28, 26, 420, -1, 25, 182, 19684 }, // U+0445
    { 27, 35, 456, 1, 25, 237, 19866 }, // U+0446
    { 26, 26, 443, 1, 25, 169, 20103 }, // U+0447
    { 37, 26, 612, 1, 25, 241, 20272 }, // U+0448
    { 37, 35, 617, 1, 25, 324, 20513 }, // U+0449
    { 23, 26, 403, 1, 25, 150, 20837 }, // U+044A
    { 34, 26, 576, 1, 25, 221, 20987 }, // U+044B
    { 21, 26, 372, 1, 25, 137, 21208 }, // U+044C
    { 22, 26, 352, -1, 25, 143, 21345 }, // U+044D
    { 35, 26, 584, 1, 25, 228, 21488 }, // U+044E
    { 27, 26, 441, 0, 25, 176, 21716 }, // U+044F
    { 20, 40, 348, 1, 39, 200, 21892 }, // U+0450
    { 22, 37, 348, 1, 36, 204, 22092 }, // U+0451
    { 25, 47, 420, 0, 36, 294, 22296 }, // U+0452
    { 21, 41, 335, 0, 40, 216, 22590 }, // U+0453
    { 21, 26, 351, 1, 25, 137, 22806 }, // U+0454
    { 21, 26, 318, -1, 25, 137, 22943 }, // U+0455
    { 15, 37, 237, 1, 36, 139, 23080 }, // U+0456
    { 19, 37, 237, 1, 36, 176, 23219 }, // U+0457
    { 26, 47, 232, -10, 36, 306, 23395 }, // U+0458
    { 36, 26, 580, -1, 25, 234, 23701 }, // U+0459
    { 34, 26, 567, 1, 25, 221, 23935 }, // U+045A
    { 27, 37, 438, 0, 36, 250, 24156 }, // U+045B
    { 25, 41, 419, 1, 40, 257, 24406 }, // U+045C
    { 27, 40, 450, 1, 39, 270, 24663 }, // U+045D
    { 31, 48, 386, -7, 37, 372, 24933 }, // U+045E
    { 27, 34, 450, 1, 25, 230, 25305 }, // U+045F
    { 29, 37, 521, 2, 36, 269, 25535 }, // U+0462
    { 34, 26, 576, 1, 25, 221, 25804 }, // U+0463
    { 32, 34, 542, 1, 33, 272, 26025 }, // U+0472
    { 23, 26, 399, 1, 25, 150, 26297 }, // U+0473
    { 34, 34, 559, 3, 33, 289, 26447 }, // U+0474
    { 29, 26, 429, -1, 25, 189, 26736 }, // U+0475
    { 41, 56, 595, -2, 46, 574, 26925 }, // U+048A
    { 27, 46, 449, 1, 37, 311, 27499 }, // U+048B
    { 29, 33, 451, -2, 32, 240, 27810 }, // U+048C
    { 20, 34, 372, 2, 33, 170, 28050 }, // U+048D
    { 31, 33, 452, -2, 33, 256, 28220 }, // U+048E
    { 30, 36, 420, -4, 25, 270, 28476 }, // U+048F
    { 31, 39, 417, -2, 39, 303, 28746 }, // U+0490
    { 24, 32, 348, 0, 31, 192, 29049 }, // U+0491
    { 31, 32, 424, -2, 32, 248, 29241 }, // U+0492
    { 20, 26, 335, 0, 25, 130, 29489 }, // U+0493
    { 30, 42, 485, -2, 32, 315, 29619 }, // U+0494
    { 22, 35, 402, 1, 24, 193, 29934 }, // U+0495
    { 51, 43, 720, -4, 33, 549, 30127 }, // U+0496
    { 42, 35, 659, 0, 25, 368, 30676 }, // U+0497
    { 26, 43, 418, -1, 33, 280, 31044 }, // U+0498
    { 21, 34, 339, -1, 25, 179, 31324 }, // U+0499
    { 36, 43, 515, -2, 33, 387, 31503 }, // U+049A
    { 25, 35, 419, 1, 25, 219, 31890 }, // U+049B
    { 38, 34, 541, -2, 33, 323, 32109 }, // U+049C
    { 28, 26, 470, 1, 25, 182, 32432 }, // U+049D
    { 37, 34, 517, -2, 33, 315, 32614 }, // U+049E
    { 24, 35, 410, 1, 34, 210, 32929 }, // U+049F
    { 37, 34, 603, 3, 33, 315, 33139 }, // U+04A0
    { 29, 26, 480, 1, 25, 189, 33454 }, // U+04A1
    { 41, 42, 592, -2, 32, 431, 33643 }, // U+04A2
    { 28, 35, 471, 1, 25, 245, 34074 }, // U+04A3
    { 47, 32, 685, -2, 32, 376, 34319 }, // U+04A4
    { 34, 26, 557, 1, 25, 221, 34695 }, // U+04A5
    { 47, 42, 753, -2, 32, 494, 34916 }, // U+04A6
    { 36, 36, 614, 1, 25, 324, 35410 }, // U+04A7
    { 37, 34, 611, 1, 33, 315, 35734 }, // U+04A8
    { 28, 26, 474, 1, 25, 182, 36049 }, // U+04A9
    { 29, 43, 481, 1, 33, 312, 36231 }, // U+04AA
    { 20, 34, 334, 1, 25, 170, 36543 }, // U+04AB
    { 30, 42, 486, 3, 32, 315, 36713 }, // U+04AC
    { 39, 35, 647, 1, 25, 342, 37028 }, // U+04AD
    { 32, 32, 480, 2, 32, 256, 37370 }, // U+04AE
    { 24, 36, 386, 0, 25, 216, 37626 }, // U+04AF
    { 32, 32, 480, 2, 32, 256, 37842 }, // U+04B0
    { 24, 36, 386, 0, 25, 216, 38098 }, // U+04B1
    { 38, 42, 488, -4, 32, 399, 38314 }, // U+04B2
    { 28, 35, 420, -1, 25, 245, 38713 }, // U+04B3
    { 41, 42, 675, 3, 32, 431, 38958 }, // U+04B4
    { 27, 43, 456, 1, 33, 291, 39389 }, // U+04B5
    { 33, 42, 529, 2, 32, 347, 39680 }, // U+04B6
    { 26, 35, 449, 1, 25, 228, 40027 }, // U+04B7
    { 33, 32, 531, 2, 32, 264, 40255 }, // U+04B8
    { 26, 26, 450, 1, 25, 169, 40519 }, // U+04B9
    { 32, 32, 529, -2, 32, 256, 40688 }, // U+04BA
    { 27, 37, 438, 0, 36, 250, 40944 }, // U+04BB
    { 36, 34, 602, 1, 33, 306, 41194 }, // U+04BC
    { 27, 26, 436, 0, 25, 176, 41500 }, // U+04BD
    { 36, 43, 602, 1, 33, 387, 41676 }, // U+04BE
    { 27, 34, 436, 0, 25, 230, 42063 }, // U+04BF
    { 22, 32, 292, -2, 32, 176, 42293 }, // U+04C0
    { 51, 47, 711, -4, 46, 600, 42469 }, // U+04C1
    { 42, 38, 659, 0, 37, 399, 43069 }, // U+04C2
    { 37, 43, 529, -2, 33, 398, 43468 }, // U+04C3
    { 25, 36, 420, 1, 25, 225, 43866 }, // U+04C4
    { 39, 42, 540, -3, 32, 410, 44091 }, // U+04C5
    { 29, 34, 463, -1, 25, 247, 44501 }, // U+04C6
    { 41, 42, 588, -2, 32, 431, 44748 }, // U+04C7
    { 26, 36, 433, 1, 25, 234, 45179 }, // U+04C8
    { 41, 42, 592, -2, 32, 431, 45413 }, // U+04C9
    { 27, 34, 466, 1, 25, 230, 45844 }, // U+04CA
    { 33, 42, 524, 2, 32, 347, 46074 }, // U+04CB
    { 25, 35, 430, 1, 25, 219, 46421 }, // U+04CC
    { 44, 42, 672, -3, 32, 462, 46640 }, // U+04CD
    { 37, 34, 586, -1, 25, 315, 47102 }, // U+04CE
    { 22, 36, 280, -2, 36, 198, 47417 }, // U+04CF
    { 36, 46, 543, -3, 46, 414, 47615 }, // U+04D0
    { 26, 38, 438, 1, 37, 247, 48029 }, // U+04D1
    { 36, 43, 543, -3, 43, 387, 48276 }, // U+04D2
    { 26, 37, 438, 1, 36, 241, 48663 }, // U+04D3
    { 48, 32, 688, -4, 32, 384, 48904 }, // U+04D4
    { 34, 26, 574, 1, 25, 221, 49288 }, // U+04D5
    { 31, 46, 457, -2, 46, 357, 49509 }, // U+04D6
    { 22, 38, 348, 1, 37, 209, 49866 }, // U+04D7
    { 30, 34, 488, 0, 33, 255, 50075 }, // U+04D8
    { 21, 26, 357, 1, 25, 137, 50330 }, // U+04D9
    { 30, 44, 488, 0, 43, 330, 50467 }, // U+04DA
    { 21, 37, 357, 1, 36, 195, 50797 }, // U+04DB
    { 51, 44, 713, -4, 43, 561, 50992 }, // U+04DC
    { 42, 37, 659, 0, 36, 389, 51553 }, // U+04DD
    { 26, 44, 418, -1, 43, 286, 51942 }, // U+04DE
    { 23, 37, 339, -1, 36, 213, 52228 }, // U+04DF
    { 28, 33, 415, -1, 32, 231, 52441 }, // U+04E0
    { 28, 35, 391, -3, 24, 245, 52672 }, // U+04E1
    { 41, 42, 590, -2, 42, 431, 52917 }, // U+04E2
    { 27, 34, 450, 1, 33, 230, 53348 }, // U+04E3
    { 41, 43, 590, -2, 43, 441, 53578 }, // U+04E4
    { 27, 37, 450, 1, 36, 250, 54019 }, // U+04E5
    { 32, 44, 542, 1, 43, 352, 54269 }, // U+04E6
    { 24, 37, 399, 1, 36, 222, 54621 }, // U+04E7
    { 32, 34, 542, 1, 33, 272, 54843 }, // U+04E8
    { 23, 26, 399, 1, 25, 150, 55115 }, // U+04E9
    { 32, 44, 542, 1, 43, 352, 55265 }, // U+04EA
    { 24, 37, 399, 1, 36, 222, 55617 }, // U+04EB
    { 29, 44, 464, -1, 43, 319, 55839 }, // U+04EC
    { 22, 37, 352, -1, 36, 204, 56158 }, // U+04ED
    { 34, 43, 492, 1, 42, 366, 56362 }, // U+04EE
    { 31, 44, 386, -7, 33, 341, 56728 }, // U+04EF
    { 34, 44, 492, 1, 43, 374, 57069 }, // U+04F0
    { 31, 47, 386, -7, 36, 365, 57443 }, // U+04F1
    { 34, 47, 492, 1, 46, 400, 57808 }, // U+04F2
    { 31, 50, 386, -7, 39, 388, 58208 }, // U+04F3
    { 33, 43, 524, 2, 43, 355, 58596 }, // U+04F4
    { 26, 37, 443, 1, 36, 241, 58951 }, // U+04F5
    { 31, 42, 424, -2, 32, 326, 59192 }, // U+04F6
    { 20, 35, 335, 0, 25, 175, 59518 }, // U+04F7
    { 48, 44, 694, -2, 43, 528, 59693 }, // U+04F8
    { 34, 37, 576, 1, 36, 315, 60221 }, // U+04F9
    { 31, 42, 424, -2, 32, 326, 60536 }, // U+04FA
    { 20, 34, 335, 0, 25, 170, 60862 }, // U+04FB
    { 38, 42, 488, -4, 32, 399, 61032 }, // U+04FC
    { 28, 36, 420, -1, 25, 252, 61431 }, // U+04FD
    { 38, 32, 488, -4, 32, 304, 61683 }, // U+04FE
    { 28, 26, 420, -1, 25, 182, 61987 }, // U+04FF
    { 36, 44, 543, -3, 33, 396, 0 }, // U+1EA0
    { 26, 36, 438, 1, 25, 234, 396 }, // U+1EA1
    { 36, 47, 543, -3, 47, 423, 630 }, // U+1EA2
    { 26, 42, 438, 1, 41, 273, 1053 }, // U+1EA3
    { 38, 48, 543, -3, 48, 456, 1326 }, // U+1EA4
    { 30, 47, 438, 1, 46, 353, 1782 }, // U+1EA5
    { 36, 48, 543, -3, 48, 432, 2135 }, // U+1EA6
    { 26, 47, 438, 1, 46, 306, 2567 }, // U+1EA7
    { 38, 48, 543, -3, 48, 456, 2873 }, // U+1EA8
    { 30, 46, 438, 1, 45, 345, 3329 }, // U+1EA9
    { 36, 48, 543, -3, 48, 432, 3674 }, // U+1EAA
    { 26, 46, 438, 1, 45, 299, 4106 }, // U+1EAB
    { 36, 56, 543, -3, 45, 504, 4405 }, // U+1EAC
    { 26, 49, 438, 1, 38, 319, 4909 }, // U+1EAD
    { 36, 48, 543, -3, 48, 432, 5228 }, // U+1EAE
    { 26, 46, 438, 1, 45, 299, 5660 }, // U+1EAF
    { 36, 48, 543, -3, 48, 432, 5959 }, // U+1EB0
    { 26, 46, 438, 1, 45, 299, 6391 }, // U+1EB1
    { 36, 48, 543, -3, 48, 432, 6690 }, // U+1EB2
    { 26, 47, 438, 1, 46, 306, 7122 }, // U+1EB3
    { 36, 48, 543, -3, 48, 432, 7428 }, // U+1EB4
    { 26, 45, 438, 1, 44, 293, 7860 }, // U+1EB5
    { 36, 55, 543, -3, 44, 495, 8153 }, // U+1EB6
    { 26, 47, 438, 1, 36, 306, 8648 }, // U+1EB7
    { 31, 43, 457, -2, 32, 334, 8954 }, // U+1EB8
    { 20, 36, 348, 1, 25, 180, 9288 }, // U+1EB9
    { 31, 47, 457, -2, 47, 365, 9468 }, // U+1EBA
    { 21, 42, 348, 1, 41, 221, 9833 }, // U+1EBB
    { 31, 44, 457, -2, 44, 341, 10054 }, // U+1EBC
    { 22, 38, 348, 1, 37, 209, 10395 }, // U+1EBD
    { 35, 48, 457, -2, 48, 420, 10604 }, // U+1EBE
    { 28, 47, 348, 1, 46, 329, 11024 }, // U+1EBF
    { 31, 48, 457, -2, 48, 372, 11353 }, // U+1EC0
    { 23, 47, 348, 1, 46, 271, 11725 }, // U+1EC1
    { 36, 48, 457, -2, 48, 432, 11996 }, // U+1EC2
    { 28, 46, 348, 1, 45, 322, 12428 }, // U+1EC3
    { 31, 48, 457, -2, 48, 372, 12750 }, // U+1EC4
    { 22, 46, 348, 1, 45, 253, 13122 }, // U+1EC5
    { 31, 56, 457, -2, 45, 434, 13375 }, // U+1EC6
    { 21, 49, 348, 1, 38, 258, 13809 }, // U+1EC7
    { 22, 47, 292, -2, 47, 259, 14067 }, // U+1EC8
    { 17, 42, 237, 1, 41, 179, 14326 }, // U+1EC9
    { 22, 43, 292, -2, 32, 237, 14505 }, // U+1ECA
    { 16, 47, 237, 0, 36, 188, 14742 }, // U+1ECB
    { 32, 44, 542, 1, 33, 352, 14930 }, // U+1ECC
    { 23, 36, 399, 1, 25, 207, 15282 }, // U+1ECD
    { 32, 48, 542, 1, 47, 384, 15489 }, // U+1ECE
    { 23, 42, 399, 1, 41, 242, 15873 }, // U+1ECF
    { 34, 49, 542, 1, 48, 417, 16115 }, // U+1ED0
    { 30, 47, 399, 1, 46, 353, 16532 }, // U+1ED1
    { 32, 49, 542, 1, 48, 392, 16885 }, // U+1ED2
    { 25, 47, 399, 1, 46, 294, 17277 }, // U+1ED3
    { 34, 49, 542, 1, 48, 417, 17571 }, // U+1ED4
    { 30, 46, 399, 1, 45, 345, 17988 }, // U+1ED5
    { 32, 49, 542, 1, 48, 392, 18333 }, // U+1ED6
    { 24, 46, 399, 1, 45, 276, 18725 }, // U+1ED7
    { 32, 56, 542, 1, 45, 448, 19001 }, // U+1ED8
    { 23, 49, 399, 1, 38, 282, 19449 }, // U+1ED9
    { 37, 46, 542, 1, 45, 426, 19731 }, // U+1EDA
    { 28, 41, 399, 1, 40, 287, 20157 }, // U+1EDB
    { 37, 46, 542, 1, 45, 426, 20444 }, // U+1EDC
    { 28, 40, 399, 1, 39, 280, 20870 }, // U+1EDD
    { 37, 48, 542, 1, 47, 444, 21150 }, // U+1EDE
    { 28, 42, 399, 1, 41, 294, 21594 }, // U+1EDF
    { 37, 45, 542, 1, 44, 417, 21888 }, // U+1EE0
    { 28, 38, 399, 1, 37, 266, 22305 }, // U+1EE1
    { 37, 49, 542, 1, 38, 454, 22571 }, // U+1EE2
    { 28, 41, 399, 1, 30, 287, 23025 }, // U+1EE3
    { 36, 43, 575, 3, 32, 387, 23312 }, // U+1EE4
    { 27, 36, 450, 1, 25, 243, 23699 }, // U+1EE5
    { 36, 48, 575, 3, 47, 432, 23942 }, // U+1EE6
    { 27, 42, 450, 1, 41, 284, 24374 }, // U+1EE7
    { 40, 46, 562, 3, 45, 460, 24658 }, // U+1EE8
    { 32, 41, 450, 1, 40, 328, 25118 }, // U+1EE9
    { 40, 46, 562, 3, 45, 460, 25446 }, // U+1EEA
    { 32, 40, 450, 1, 39, 320, 25906 }, // U+1EEB
    { 40, 48, 562, 3, 47, 480, 26226 }, // U+1EEC
    { 32, 42, 450, 1, 41, 336, 26706 }, // U+1EED
    { 40, 45, 562, 3, 44, 450, 27042 }, // U+1EEE
    { 32, 38, 450, 1, 37, 304, 27492 }, // U+1EEF
    { 40, 49, 562, 3, 38, 490, 27796 }, // U+1EF0
    { 32, 41, 450, 1, 30, 328, 28286 }, // U+1EF1
    { 32, 45, 480, 2, 45, 360, 28614 }, // U+1EF2
    { 31, 50, 386, -7, 39, 388, 28974 }, // U+1EF3
    { 32, 43, 480, 2, 32, 344, 29362 }, // U+1EF4
    { 31, 36, 386, -7, 25, 279, 29706 }, // U+1EF5
    { 32, 47, 480, 2, 47, 376, 29985 }, // U+1EF6
    { 31, 52, 386, -7, 41, 403, 30361 }, // U+1EF7
    { 32, 44, 480, 2, 44, 352, 30764 }, // U+1EF8
    { 31, 48, 386, -7, 37, 372, 31116 }, // U+1EF9
    { 0, 0, 367, 0, 0, 0, 0 }, // U+2000
    { 0, 0, 733, 0, 0, 0, 0 }, // U+2001
    { 0, 0, 367, 0, 0, 0, 0 }, // U+2002
    { 0, 0, 733, 0, 0, 0, 0 }, // U+2003
    { 0, 0, 244, 0, 0, 0, 0 }, // U+2004
    { 0, 0, 183, 0, 0, 0, 0 }, // U+2005
    { 0, 0, 122, 0, 0, 0, 0 }, // U+2006
    { 0, 0, 457, 0, 0, 0, 0 }, // U+2007
    { 0, 0, 226, 0, 0, 0, 0 }, // U+2008
    { 0, 0, 147, 0, 0, 0, 0 }, // U+2009
    { 0, 0, 37, 0, 0, 0, 0 }, // U+200A
    { 0, 0, 0, 0, 0, 0, 0 }, // U+200B
    { 2, 37, 0, -1, 27, 19, 0 }, // U+200C
    { 10, 40, 0, -5, 30, 100, 19 }, // U+200D
    { 16, 42, 0, -8, 32, 168, 119 }, // U+200E
    { 16, 42, 0, -8, 32, 168, 287 }, // U+200F
    { 16, 6, 286, 1, 15, 24, 455 }, // U+2010
    { 16, 6, 286, 1, 15, 24, 479 }, // U+2011
    { 23, 6, 457, 3, 18, 35, 503 }, // U+2012
    { 23, 6, 367, 0, 15, 35, 538 }, // U+2013
    { 46, 6, 733, 0, 15, 69, 573 }, // U+2014
    { 46, 6, 733, 0, 15, 69, 642 }, // U+2015
    { 17, 47, 367, 3, 36, 200, 711 }, // U+2016
    { 23, 12, 367, 0, -2, 69, 911 }, // U+2017
    { 11, 16, 220, 3, 35, 44, 980 }, // U+2018
    { 10, 16, 220, 3, 35, 40, 1024 }, // U+2019
    { 10, 16, 220, 0, 7, 40, 1064 }, // U+201A
    { 10, 15, 220, 2, 34, 38, 1104 }, // U+201B
    { 21, 16, 374, 3, 35, 84, 1142 }, // U+201C
    { 20, 15, 374, 3, 34, 75, 1226 }, // U+201D
    { 20, 16, 367, 0, 7, 80, 1301 }, // U+201E
    { 19, 15, 367, 2, 34, 72, 1381 }, // U+201F
    { 21, 30, 342, 1, 33, 158, 1453 }, // U+2020
    { 23, 36, 342, -1, 33, 207, 1611 }, // U+2021
    { 12, 11, 220, 1, 18, 33, 1818 }, // U+2022
    { 16, 16, 457, 6, 24, 64, 1851 }, // U+2023
    { 9, 8, 213, 2, 7, 18, 1915 }, // U+2024
    { 19, 8, 367, 2, 7, 38, 1933 }, // U+2025
    { 39, 8, 733, 3, 7, 78, 1971 }, // U+2026
    { 9, 8, 213, 2, 17, 18, 2049 }, // U+2027
    { 0, 0, 0, 0, 0, 0, 2067 }, // U+2028
    { 0, 0, 0, 0, 0, 0, 2067 }, // U+2029
    { 16, 42, 0, -8, 32, 168, 2067 }, // U+202A
    { 16, 42, 0, -8, 32, 168, 2235 }, // U+202B
    { 14, 42, 0, -7, 32, 147, 2403 }, // U+202C
    { 20, 42, 0, -10, 32, 210, 2550 }, // U+202D
    { 20, 42, 0, -10, 32, 210, 2760 }, // U+202E
    { 0, 0, 78, 0, 0, 0, 2970 }, // U+202F
    { 61, 37, 1032, 2, 34, 565, 2970 }, // U+2030
    { 10, 15, 187, 1, 32, 38, 3535 }, // U+2032
    { 19, 15, 330, 1, 32, 72, 3573 }, // U+2033
    { 30, 15, 507, 1, 32, 113, 3645 }, // U+2034
    { 11, 15, 187, 0, 32, 42, 3758 }, // U+2035
    { 21, 15, 347, 0, 32, 79, 3800 }, // U+2036
    { 31, 15, 507, 0, 32, 117, 3879 }, // U+2037
    { 19, 10, 366, 2, 0, 48, 3996 }, // U+2038
    { 14, 18, 260, 1, 21, 63, 4044 }, // U+2039
    { 14, 18, 260, 1, 21, 63, 4107 }, // U+203A
    { 29, 31, 457, 0, 30, 225, 4170 }, // U+203B
    { 27, 36, 446, 2, 35, 243, 4395 }, // U+203C
    { 23, 5, 367, 0, 39, 29, 4638 }, // U+203E
    { 11, 6, 220, 1, 15, 17, 4667 }, // U+2043
    { 29, 37, 210, -8, 34, 269, 4684 }, // U+2044
    { 33, 35, 576, 3, 34, 289, 4953 }, // U+2047
    { 30, 36, 511, 3, 35, 270, 5242 }, // U+2048
    { 30, 36, 512, 2, 35, 270, 5512 }, // U+2049
    { 28, 10, 733, 9, 18, 70, 5782 }, // U+2053
    { 40, 15, 667, 1, 32, 150, 5852 }, // U+2057
    { 0, 0, 163, 0, 0, 0, 6002 }, // U+205F
    { 0, 0, 0, 0, 0, 0, 6002 }, // U+2060
    { 0, 0, 0, 0, 0, 0, 6002 }, // U+2061
    { 0, 0, 0, 0, 0, 0, 6002 }, // U+2062
    { 0, 0, 0, 0, 0, 0, 6002 }, // U+2063
    { 0, 0, 0, 0, 0, 0, 6002 }, // U+2064
    { 19, 22, 328, 1, 38, 105, 0 }, // U+2070
    { 19, 22, 328, 1, 38, 105, 105 }, // U+2074
    { 19, 22, 328, 1, 38, 105, 210 }, // U+2075
    { 19, 22, 328, 2, 38, 105, 315 }, // U+2076
    { 17, 22, 328, 4, 38, 94, 420 }, // U+2077
    { 18, 22, 328, 1, 38, 99, 514 }, // U+2078
    { 19, 22, 328, 0, 38, 105, 613 }, // U+2079
    { 18, 17, 415, 5, 33, 77, 718 }, // U+207F
    { 19, 22, 328, 1, 15, 105, 795 }, // U+2080
    { 14, 21, 328, 2, 15, 74, 900 }, // U+2081
    { 18, 21, 328, 1, 15, 95, 974 }, // U+2082
    { 18, 22, 328, 1, 15, 99, 1069 }, // U+2083
    { 19, 22, 328, 1, 15, 105, 1168 }, // U+2084
    { 19, 22, 328, 1, 15, 105, 1273 }, // U+2085
    { 19, 22, 328, 2, 15, 105, 1378 }, // U+2086
    { 17, 22, 328, 4, 15, 94, 1483 }, // U+2087
    { 18, 22, 328, 1, 15, 99, 1577 }, // U+2088
    { 19, 22, 328, 0, 15, 105, 1676 }, // U+2089
    { 30, 30, 426, -1, 30, 225, 0 }, // U+20A3
    { 29, 32, 449, 0, 31, 232, 225 }, // U+20A4
    { 59, 32, 960, 0, 31, 472, 457 }, // U+20A7
    { 30, 31, 457, 0, 30, 233, 929 }, // U+20AC
    { 28, 22, 733, 9, 27, 154, 0 }, // U+2190
    { 22, 30, 733, 12, 31, 165, 154 }, // U+2191
    { 28, 22, 733, 9, 27, 154, 319 }, // U+2192
    { 22, 30, 733, 12, 31, 165, 473 }, // U+2193
    { 30, 20, 733, 8, 26, 150, 638 }, // U+2194
    { 20, 30, 733, 13, 31, 150, 788 }, // U+2195
    { 22, 32, 733, 12, 32, 176, 938 }, // U+21A8
    { 20, 32, 733, 13, 32, 160, 1114 }, // U+21B2
    { 20, 32, 733, 13, 32, 160, 1274 }, // U+21B3
    { 26, 24, 733, 10, 28, 156, 1434 }, // U+21B5
    { 30, 26, 733, 8, 29, 195, 1590 }, // U+21D0
    { 26, 30, 733, 10, 31, 195, 1785 }, // U+21D1
    { 30, 26, 733, 8, 29, 195, 1980 }, // U+21D2
    { 26, 30, 733, 10, 31, 195, 2175 }, // U+21D3
    { 30, 24, 733, 8, 28, 180, 2370 }, // U+21D4
    { 32, 33, 733, 7, 32, 264, 0 }, // U+2200
    { 24, 37, 457, 2, 36, 222, 264 }, // U+2202
    { 24, 32, 733, 11, 32, 192, 486 }, // U+2203
    { 36, 37, 733, 5, 34, 333, 678 }, // U+2205
    { 31, 33, 501, 0, 33, 256, 1011 }, // U+2206
    { 30, 33, 733, 8, 32, 248, 1267 }, // U+2207
    { 32, 32, 733, 7, 32, 256, 1515 }, // U+2208
    { 32, 40, 733, 7, 36, 320, 1771 }, // U+2209
    { 32, 28, 733, 7, 30, 224, 2091 }, // U+220A
    { 32, 32, 733, 7, 32, 256, 2315 }, // U+220B
    { 32, 40, 733, 7, 36, 320, 2571 }, // U+220C
    { 32, 28, 733, 7, 30, 224, 2891 }, // U+220D
    { 36, 40, 614, 1, 32, 360, 3115 }, // U+220F
    { 29, 40, 488, 1, 32, 290, 3475 }, // U+2211
    { 21, 5, 457, 4, 18, 27, 3765 }, // U+2212
    { 28, 37, 386, -2, 34, 259, 3792 }, // U+2215
    { 22, 37, 386, 1, 34, 204, 4051 }, // U+2216
    { 22, 23, 457, 3, 27, 127, 4255 }, // U+2217
    { 17, 17, 457, 6, 24, 73, 4382 }, // U+2218
    { 9, 8, 457, 10, 17, 18, 4455 }, // U+2219
    { 30, 43, 457, -1, 37, 323, 4473 }, // U+221A
    { 23, 19, 457, 3, 24, 110, 4796 }, // U+221D
    { 29, 17, 457, 0, 23, 124, 4906 }, // U+221E
    { 28, 32, 733, 9, 32, 224, 5030 }, // U+221F
    { 34, 32, 733, 6, 32, 272, 5254 }, // U+2220
    { 7, 47, 367, 8, 36, 83, 5526 }, // U+2223
    { 17, 47, 367, 3, 36, 200, 5609 }, // U+2225
    { 32, 32, 733, 7, 32, 256, 5809 }, // U+2227
    { 32, 32, 733, 7, 32, 256, 6065 }, // U+2228
    { 26, 33, 733, 10, 33, 215, 6321 }, // U+2229
    { 26, 33, 733, 10, 32, 215, 6536 }, // U+222A
    { 26, 48, 457, 1, 37, 312, 6751 }, // U+222B
    { 30, 27, 733, 8, 26, 203, 7063 }, // U+2234
    { 30, 27, 733, 8, 26, 203, 7266 }, // U+2235
    { 11, 26, 229, 2, 28, 72, 7469 }, // U+2236
    { 30, 27, 733, 8, 26, 203, 7541 }, // U+2237
    { 28, 10, 733, 9, 18, 70, 7744 }, // U+223C
    { 28, 25, 733, 9, 28, 175, 7814 }, // U+2245
    { 23, 19, 457, 3, 25, 110, 7989 }, // U+2248
    { 26, 18, 733, 10, 22, 117, 8099 }, // U+224D
    { 21, 23, 457, 4, 27, 121, 8216 }, // U+2260
    { 26, 22, 733, 10, 25, 143, 8337 }, // U+2261
    { 21, 28, 457, 4, 28, 147, 8480 }, // U+2264
    { 21, 29, 457, 4, 29, 153, 8627 }, // U+2265
    { 38, 22, 733, 4, 27, 209, 8780 }, // U+226A
    { 38, 22, 733, 4, 27, 209, 8989 }, // U+226B
    { 32, 28, 733, 7, 30, 224, 9198 }, // U+2283
    { 32, 40, 733, 7, 36, 320, 9422 }, // U+2284
    { 32, 40, 733, 7, 36, 320, 9742 }, // U+2285
    { 30, 32, 733, 8, 32, 240, 10062 }, // U+2286
    { 30, 32, 733, 8, 32, 240, 10302 }, // U+2287
    { 34, 34, 733, 6, 33, 289, 10542 }, // U+2295
    { 34, 34, 733, 6, 33, 289, 10831 }, // U+2296
    { 34, 34, 733, 6, 33, 289, 11120 }, // U+2297
    { 34, 34, 733, 6, 33, 289, 11409 }, // U+2298
    { 28, 32, 733, 9, 32, 224, 11698 }, // U+22A5
    { 9, 8, 457, 10, 17, 18, 11922 }, // U+22C5
    { 40, 8, 733, 3, 17, 80, 11940 }, // U+22EF
    { 49, 47, 543, -9, 36, 576, 0 }, // U+FB00
    { 39, 47, 471, -9, 36, 459, 576 }, // U+FB01
    { 40, 47, 493, -9, 36, 470, 1035 }, // U+FB02
    { 53, 47, 703, -9, 36, 623, 1505 }, // U+FB03
    { 54, 47, 724, -9, 36, 635, 2128 }, // U+FB04
    { 44, 47, 551, -9, 36, 517, 2763 }, // U+FB05
    { 40, 34, 605, -1, 33, 340, 3280 }, // U+FB06
    { 44, 43, 733, 1, 38, 473, 0 }, // U+FFFD
};

static const EpdUnicodeInterval bookerly_22_bolditalicIntervals[] = {
    { 0x0, 0x0, 0x0 },
    { 0x8, 0x9, 0x1 },
    { 0xD, 0xD, 0x3 },
    { 0x1D, 0x1D, 0x4 },
    { 0x20, 0x7E, 0x5 },
    { 0xA0, 0xFF, 0x64 },
    { 0x100, 0x17F, 0xC4 },
    { 0x1A0, 0x1A1, 0x144 },
    { 0x1AF, 0x1B0, 0x146 },
    { 0x1C4, 0x1F5, 0x148 },
    { 0x1F8, 0x21F, 0x17A },
    { 0x300, 0x304, 0x1A2 },
    { 0x306, 0x30C, 0x1A7 },
    { 0x30F, 0x30F, 0x1AE },
    { 0x311, 0x315, 0x1AF },
    { 0x31B, 0x31B, 0x1B4 },
    { 0x323, 0x329, 0x1B5 },
    { 0x32D, 0x32E, 0x1BC },
    { 0x330, 0x331, 0x1BE },
    { 0x342, 0x342, 0x1C0 },
    { 0x344, 0x345, 0x1C1 },
    { 0x374, 0x375, 0x1C3 },
    { 0x37E, 0x37E, 0x1C5 },
    { 0x384, 0x38A, 0x1C6 },
    { 0x38C, 0x38C, 0x1CD },
    { 0x38E, 0x3A1, 0x1CE },
    { 0x3A3, 0x3CE, 0x1E2 },
    { 0x3D0, 0x3D7, 0x20E },
    { 0x400, 0x45F, 0x216 },
    { 0x462, 0x463, 0x276 },
    { 0x472, 0x475, 0x278 },
    { 0x48A, 0x4FF, 0x27C },
    { 0x1EA0, 0x1EF9, 0x2F2 },
    { 0x2000, 0x2030, 0x34C },
    { 0x2032, 0x203C, 0x37D },
    { 0x203E, 0x203E, 0x388 },
    { 0x2043, 0x2044, 0x389 },
    { 0x2047, 0x2049, 0x38B },
    { 0x2053, 0x2053, 0x38E },
    { 0x2057, 0x2057, 0x38F },
    { 0x205F, 0x2064, 0x390 },
    { 0x2070, 0x2070, 0x396 },
    { 0x2074, 0x2079, 0x397 },
    { 0x207F, 0x2089, 0x39D },
    { 0x20A3, 0x20A4, 0x3A8 },
    { 0x20A7, 0x20A7, 0x3AA },
    { 0x20AC, 0x20AC, 0x3AB },
    { 0x2190, 0x2195, 0x3AC },
    { 0x21A8, 0x21A8, 0x3B2 },
    { 0x21B2, 0x21B3, 0x3B3 },
    { 0x21B5, 0x21B5, 0x3B5 },
    { 0x21D0, 0x21D4, 0x3B6 },
    { 0x2200, 0x2200, 0x3BB },
    { 0x2202, 0x2203, 0x3BC },
    { 0x2205, 0x220D, 0x3BE },
    { 0x220F, 0x220F, 0x3C7 },
    { 0x2211, 0x2212, 0x3C8 },
    { 0x2215, 0x221A, 0x3CA },
    { 0x221D, 0x2220, 0x3D0 },
    { 0x2223, 0x2223, 0x3D4 },
    { 0x2225, 0x2225, 0x3D5 },
    { 0x2227, 0x222B, 0x3D6 },
    { 0x2234, 0x2237, 0x3DB },
    { 0x223C, 0x223C, 0x3DF },
    { 0x2245, 0x2245, 0x3E0 },
    { 0x2248, 0x2248, 0x3E1 },
    { 0x224D, 0x224D, 0x3E2 },
    { 0x2260, 0x2261, 0x3E3 },
    { 0x2264, 0x2265, 0x3E5 },
    { 0x226A, 0x226B, 0x3E7 },
    { 0x2283, 0x2287, 0x3E9 },
    { 0x2295, 0x2298, 0x3EE },
    { 0x22A5, 0x22A5, 0x3F2 },
    { 0x22C5, 0x22C5, 0x3F3 },
    { 0x22EF, 0x22EF, 0x3F4 },
    { 0xFB00, 0xFB06, 0x3F5 },
    { 0xFFFD, 0xFFFD, 0x3FC },
};

static const EpdFontGroup bookerly_22_bolditalicGroups[] = {
    { 0, 7962, 20889, 100, 0 },
    { 7962, 6919, 24713, 96, 100 },
    { 14881, 8787, 39531, 128, 196 },
    { 23668, 8782, 33924, 94, 324 },
    { 32450, 738, 1217, 33, 418 },
    { 33188, 7300, 21063, 83, 451 },
    { 40488, 17530, 65153, 220, 534 },
    { 58018, 5354, 32480, 90, 754 },
    { 63372, 2391, 6400, 74, 844 },
    { 65763, 881, 1924, 18, 918 },
    { 66644, 560, 1224, 4, 936 },
    { 67204, 990, 2686, 15, 940 },
    { 68194, 3685, 12535, 58, 955 },
    { 71879, 1119, 3724, 7, 1013 },
    { 72998, 211, 473, 1, 1020 },
};

static const EpdKernClassEntry bookerly_22_bolditalicKernLeftClasses[] = {
    { 0x0022, 1 }, // "
    { 0x0027, 1 }, // '
    { 0x0028, 2 }, // (
    { 0x002A, 3 }, // *
    { 0x002C, 4 }, // ,
    { 0x002D, 5 }, // -
    { 0x002E, 4 }, // .
    { 0x002F, 6 }, // /
    { 0x0030, 7 }, // 0
    { 0x0033, 8 }, // 3
    { 0x0034, 9 }, // 4
    { 0x0035, 10 }, // 5
    { 0x0036, 11 }, // 6
    { 0x0037, 12 }, // 7
    { 0x0038, 13 }, // 8
    { 0x0039, 14 }, // 9
    { 0x003A, 15 }, // :
    { 0x003B, 15 }, // ;
    { 0x0041, 16 }, // A
    { 0x0042, 17 }, // B
    { 0x0043, 18 }, // C
    { 0x0044, 19 }, // D
    { 0x0045, 20 }, // E
    { 0x0046, 21 }, // F
    { 0x0047, 22 }, // G
    { 0x0048, 23 }, // H
    { 0x0049, 23 }, // I
    { 0x004A, 24 }, // J
    { 0x004B, 25 }, // K
    { 0x004C, 26 }, // L
    { 0x004D, 27 }, // M
    { 0x004E, 28 }, // N
    { 0x004F, 19 }, // O
    { 0x0050, 29 }, // P
    { 0x0051, 30 }, // Q
    { 0x0052, 31 }, // R
    { 0x0053, 32 }, // S
    { 0x0054, 33 }, // T
    { 0x0055, 34 }, // U
    { 0x0056, 35 }, // V
    { 0x0057, 36 }, // W
    { 0x0058, 37 }, // X
    { 0x0059, 38 }, // Y
    { 0x005A, 39 }, // Z
    { 0x005B, 40 }, // [
    { 0x005C, 41 }, // <backslash>
    { 0x0061, 42 }, // a
    { 0x0062, 43 }, // b
    { 0x0063, 44 }, // c
    { 0x0064, 45 }, // d
    { 0x0065, 46 }, // e
    { 0x0066, 47 }, // f
    { 0x0067, 48 }, // g
    { 0x0068, 49 }, // h
    { 0x0069, 50 }, // i
    { 0x006A, 51 }, // j
    { 0x006B, 52 }, // k
    { 0x006C, 53 }, // l
    { 0x006D, 49 }, // m
    { 0x006E, 49 }, // n
    { 0x006F, 43 }, // o
    { 0x0070, 43 }, // p
    { 0x0071, 54 }, // q
    { 0x0072, 55 }, // r
    { 0x0073, 56 }, // s
    { 0x0074, 57 }, // t
    { 0x0075, 42 }, // u
    { 0x0076, 58 }, // v
    { 0x0077, 58 }, // w
    { 0x0078, 59 }, // x
    { 0x0079, 58 }, // y
    { 0x007A, 60 }, // z
    { 0x007B, 61 }, // {
    { 0x00A1, 62 }, // U+00A1
    { 0x00A5, 63 }, // U+00A5
    { 0x00AB, 64 }, // U+00AB
    { 0x00AD, 5 }, // U+00AD
    { 0x00BB, 65 }, // U+00BB
    { 0x00BF, 66 }, // U+00BF
    { 0x00C0, 16 }, // U+00C0
    { 0x00C1, 16 }, // U+00C1
    { 0x00C2, 16 }, // U+00C2
    { 0x00C3, 16 }, // U+00C3
    { 0x00C4, 16 }, // U+00C4
    { 0x00C5, 16 }, // U+00C5
    { 0x00C6, 20 }, // U+00C6
    { 0x00C7, 18 }, // U+00C7
    { 0x00C8, 20 }, // U+00C8
    { 0x00C9, 20 }, // U+00C9
    { 0x00CA, 20 }, // U+00CA
    { 0x00CB, 20 }, // U+00CB
    { 0x00CC, 23 }, // U+00CC
    { 0x00CD, 23 }, // U+00CD
    { 0x00CE, 23 }, // U+00CE
    { 0x00CF, 23 }, // U+00CF
    { 0x00D0, 19 }, // U+00D0
    { 0x00D1, 28 }, // U+00D1
    { 0x00D2, 19 }, // U+00D2
    { 0x00D3, 19 }, // U+00D3
    { 0x00D4, 19 }, // U+00D4
    { 0x00D5, 19 }, // U+00D5
    { 0x00D6, 19 }, // U+00D6
    { 0x00D8, 19 }, // U+00D8
    { 0x00D9, 34 }, // U+00D9
    { 0x00DA, 34 }, // U+00DA
    { 0x00DB, 34 }, // U+00DB
    { 0x00DC, 34 }, // U+00DC
    { 0x00DD, 38 }, // U+00DD
    { 0x00DE, 67 }, // U+00DE
    { 0x00DF, 68 }, // U+00DF
    { 0x00E0, 42 }, // U+00E0
    { 0x00E1, 42 }, // U+00E1
    { 0x00E2, 42 }, // U+00E2
    { 0x00E3, 42 }, // U+00E3
    { 0x00E4, 42 }, // U+00E4
    { 0x00E5, 42 }, // U+00E5
    { 0x00E6, 46 }, // U+00E6
    { 0x00E7, 69 }, // U+00E7
    { 0x00E8, 46 }, // U+00E8
    { 0x00E9, 46 }, // U+00E9
    { 0x00EA, 46 }, // U+00EA
    { 0x00EB, 46 }, // U+00EB
    { 0x00EC, 50 }, // U+00EC
    { 0x00ED, 70 }, // U+00ED
    { 0x00EE, 71 }, // U+00EE
    { 0x00EF, 71 }, // U+00EF
    { 0x00F0, 43 }, // U+00F0
    { 0x00F1, 49 }, // U+00F1
    { 0x00F2, 43 }, // U+00F2
    { 0x00F3, 43 }, // U+00F3
    { 0x00F4, 43 }, // U+00F4
    { 0x00F5, 43 }, // U+00F5
    { 0x00F6, 43 }, // U+00F6
    { 0x00F8, 72 }, // U+00F8
    { 0x00F9, 42 }, // U+00F9
    { 0x00FA, 42 }, // U+00FA
    { 0x00FB, 42 }, // U+00FB
    { 0x00FC, 42 }, // U+00FC
    { 0x00FD, 58 }, // U+00FD
    { 0x00FE, 43 }, // U+00FE
    { 0x00FF, 58 }, // U+00FF
    { 0x0100, 16 }, // U+0100
    { 0x0101, 42 }, // U+0101
    { 0x0102, 16 }, // U+0102
    { 0x0103, 42 }, // U+0103
    { 0x0104, 73 }, // U+0104
    { 0x0105, 74 }, // U+0105
    { 0x0106, 18 }, // U+0106
    { 0x0107, 44 }, // U+0107
    { 0x0108, 18 }, // U+0108
    { 0x0109, 44 }, // U+0109
    { 0x010A, 18 }, // U+010A
    { 0x010B, 44 }, // U+010B
    { 0x010C, 18 }, // U+010C
    { 0x010D, 44 }, // U+010D
    { 0x010E, 19 }, // U+010E
    { 0x010F, 75 }, // U+010F
    { 0x0110, 19 }, // U+0110
    { 0x0111, 45 }, // U+0111
    { 0x0112, 20 }, // U+0112
    { 0x0113, 46 }, // U+0113
    { 0x0114, 20 }, // U+0114
    { 0x0115, 46 }, // U+0115
    { 0x0116, 20 }, // U+0116
    { 0x0117, 46 }, // U+0117
    { 0x0118, 76 }, // U+0118
    { 0x0119, 77 }, // U+0119
    { 0x011A, 20 }, // U+011A
    { 0x011B, 46 }, // U+011B
    { 0x011C, 22 }, // U+011C
    { 0x011D, 48 }, // U+011D
    { 0x011E, 22 }, // U+011E
    { 0x011F, 48 }, // U+011F
    { 0x0120, 22 }, // U+0120
    { 0x0121, 48 }, // U+0121
    { 0x0122, 22 }, // U+0122
    { 0x0123, 48 }, // U+0123
    { 0x0124, 23 }, // U+0124
    { 0x0125, 49 }, // U+0125
    { 0x0126, 78 }, // U+0126
    { 0x0127, 49 }, // U+0127
    { 0x0128, 23 }, // U+0128
    { 0x0129, 71 }, // U+0129
    { 0x012A, 23 }, // U+012A
    { 0x012B, 71 }, // U+012B
    { 0x012C, 23 }, // U+012C
    { 0x012D, 71 }, // U+012D
    { 0x012E, 79 }, // U+012E
    { 0x012F, 80 }, // U+012F
    { 0x0130, 23 }, // U+0130
    { 0x0131, 42 }, // U+0131
    { 0x0132, 24 }, // U+0132
    { 0x0133, 51 }, // U+0133
    { 0x0134, 24 }, // U+0134
    { 0x0135, 81 }, // U+0135
    { 0x0136, 25 }, // U+0136
    { 0x0137, 52 }, // U+0137
    { 0x0138, 82 }, // U+0138
    { 0x0139, 26 }, // U+0139
    { 0x013A, 53 }, // U+013A
    { 0x013B, 26 }, // U+013B
    { 0x013C, 83 }, // U+013C
    { 0x013E, 75 }, // U+013E
    { 0x0141, 26 }, // U+0141
    { 0x0142, 84 }, // U+0142
    { 0x0143, 28 }, // U+0143
    { 0x0144, 49 }, // U+0144
    { 0x0145, 28 }, // U+0145
    { 0x0146, 49 }, // U+0146
    { 0x0147, 28 }, // U+0147
    { 0x0148, 49 }, // U+0148
    { 0x0149, 49 }, // U+0149
    { 0x014A, 28 }, // U+014A
    { 0x014B, 51 }, // U+014B
    { 0x014C, 19 }, // U+014C
    { 0x014D, 43 }, // U+014D
    { 0x014E, 19 }, // U+014E
    { 0x014F, 43 }, // U+014F
    { 0x0150, 19 }, // U+0150
    { 0x0151, 43 }, // U+0151
    { 0x0152, 20 }, // U+0152
    { 0x0153, 46 }, // U+0153
    { 0x0154, 31 }, // U+0154
    { 0x0155, 55 }, // U+0155
    { 0x0156, 31 }, // U+0156
    { 0x0157, 55 }, // U+0157
    { 0x0158, 31 }, // U+0158
    { 0x0159, 55 }, // U+0159
    { 0x015A, 32 }, // U+015A
    { 0x015B, 56 }, // U+015B
    { 0x015C, 32 }, // U+015C
    { 0x015D, 56 }, // U+015D
    { 0x015E, 32 }, // U+015E
    { 0x015F, 85 }, // U+015F
    { 0x0160, 32 }, // U+0160
    { 0x0161, 56 }, // U+0161
    { 0x0162, 33 }, // U+0162
    { 0x0163, 86 }, // U+0163
    { 0x0164, 33 }, // U+0164
    { 0x0166, 33 }, // U+0166
    { 0x0167, 57 }, // U+0167
    { 0x0168, 34 }, // U+0168
    { 0x0169, 42 }, // U+0169
    { 0x016A, 34 }, // U+016A
    { 0x016B, 42 }, // U+016B
    { 0x016C, 34 }, // U+016C
    { 0x016D, 42 }, // U+016D
    { 0x016E, 34 }, // U+016E
    { 0x016F, 42 }, // U+016F
    { 0x0170, 34 }, // U+0170
    { 0x0171, 42 }, // U+0171
    { 0x0172, 34 }, // U+0172
    { 0x0173, 87 }, // U+0173
    { 0x0174, 35 }, // U+0174
    { 0x0175, 58 }, // U+0175
    { 0x0176, 38 }, // U+0176
    { 0x0177, 58 }, // U+0177
    { 0x0178, 38 }, // U+0178
    { 0x0179, 39 }, // U+0179
    { 0x017A, 60 }, // U+017A
    { 0x017B, 39 }, // U+017B
    { 0x017C, 60 }, // U+017C
    { 0x017D, 39 }, // U+017D
    { 0x017E, 60 }, // U+017E
    { 0x01A0, 88 }, // U+01A0
    { 0x01A1, 89 }, // U+01A1
    { 0x01AF, 90 }, // U+01AF
    { 0x01B0, 91 }, // U+01B0
    { 0x01C4, 39 }, // U+01C4
    { 0x01C5, 60 }, // U+01C5
    { 0x01C6, 60 }, // U+01C6
    { 0x01C7, 24 }, // U+01C7
    { 0x01C8, 51 }, // U+01C8
    { 0x01C9, 51 }, // U+01C9
    { 0x01CA, 24 }, // U+01CA
    { 0x01CB, 51 }, // U+01CB
    { 0x01CC, 51 }, // U+01CC
    { 0x01CD, 16 }, // U+01CD
    { 0x01CE, 42 }, // U+01CE
    { 0x01CF, 23 }, // U+01CF
    { 0x01D0, 71 }, // U+01D0
    { 0x01D1, 19 }, // U+01D1
    { 0x01D2, 43 }, // U+01D2
    { 0x01D3, 34 }, // U+01D3
    { 0x01D4, 42 }, // U+01D4
    { 0x01D5, 34 }, // U+01D5
    { 0x01D6, 42 }, // U+01D6
    { 0x01D7, 34 }, // U+01D7
    { 0x01D8, 42 }, // U+01D8
    { 0x01D9, 34 }, // U+01D9
    { 0x01DA, 42 }, // U+01DA
    { 0x01DB, 34 }, // U+01DB
    { 0x01DC, 42 }, // U+01DC
    { 0x01DD, 43 }, // U+01DD
    { 0x01DE, 16 }, // U+01DE
    { 0x01DF, 42 }, // U+01DF
    { 0x01E0, 16 }, // U+01E0
    { 0x01E1, 42 }, // U+01E1
    { 0x01E2, 20 }, // U+01E2
    { 0x01E3, 46 }, // U+01E3
    { 0x01E4, 22 }, // U+01E4
    { 0x01E5, 92 }, // U+01E5
    { 0x01E6, 22 }, // U+01E6
    { 0x01E7, 48 }, // U+01E7
    { 0x01E8, 25 }, // U+01E8
    { 0x01E9, 52 }, // U+01E9
    { 0x01EA, 19 }, // U+01EA
    { 0x01EB, 93 }, // U+01EB
    { 0x01EC, 19 }, // U+01EC
    { 0x01ED, 43 }, // U+01ED
    { 0x01EE, 94 }, // U+01EE
    { 0x01EF, 95 }, // U+01EF
    { 0x01F0, 81 }, // U+01F0
    { 0x01F1, 39 }, // U+01F1
    { 0x01F2, 60 }, // U+01F2
    { 0x01F3, 60 }, // U+01F3
    { 0x01F4, 22 }, // U+01F4
    { 0x01F5, 48 }, // U+01F5
    { 0x01F8, 28 }, // U+01F8
    { 0x01F9, 49 }, // U+01F9
    { 0x01FA, 16 }, // U+01FA
    { 0x01FB, 42 }, // U+01FB
    { 0x01FC, 20 }, // U+01FC
    { 0x01FD, 46 }, // U+01FD
    { 0x01FE, 19 }, // U+01FE
    { 0x01FF, 72 }, // U+01FF
    { 0x0200, 16 }, // U+0200
    { 0x0201, 42 }, // U+0201
    { 0x0202, 16 }, // U+0202
    { 0x0203, 42 }, // U+0203
    { 0x0204, 20 }, // U+0204
    { 0x0205, 46 }, // U+0205
    { 0x0206, 20 }, // U+0206
    { 0x0207, 46 }, // U+0207
    { 0x0208, 23 }, // U+0208
    { 0x0209, 71 }, // U+0209
    { 0x020A, 23 }, // U+020A
    { 0x020B, 71 }, // U+020B
    { 0x020C, 19 }, // U+020C
    { 0x020D, 43 }, // U+020D
    { 0x020E, 19 }, // U+020E
    { 0x020F, 43 }, // U+020F
    { 0x0210, 31 }, // U+0210
    { 0x0211, 55 }, // U+0211
    { 0x0212, 31 }, // U+0212
    { 0x0213, 55 }, // U+0213
    { 0x0214, 34 }, // U+0214
    { 0x0215, 42 }, // U+0215
    { 0x0216, 34 }, // U+0216
    { 0x0217, 42 }, // U+0217
    { 0x0218, 32 }, // U+0218
    { 0x0219, 56 }, // U+0219
    { 0x021A, 33 }, // U+021A
    { 0x021B, 96 }, // U+021B
    { 0x021C, 17 }, // U+021C
    { 0x021D, 97 }, // U+021D
    { 0x021E, 23 }, // U+021E
    { 0x021F, 49 }, // U+021F
    { 0x037E, 15 }, // U+037E
    { 0x0386, 98 }, // U+0386
    { 0x0388, 99 }, // U+0388
    { 0x0389, 100 }, // U+0389
    { 0x038A, 100 }, // U+038A
    { 0x038C, 101 }, // U+038C
    { 0x038E, 102 }, // U+038E
    { 0x038F, 103 }, // U+038F
    { 0x0390, 104 }, // U+0390
    { 0x0391, 98 }, // U+0391
    { 0x0392, 105 }, // U+0392
    { 0x0393, 106 }, // U+0393
    { 0x0394, 107 }, // U+0394
    { 0x0395, 99 }, // U+0395
    { 0x0396, 108 }, // U+0396
    { 0x0397, 100 }, // U+0397
    { 0x0398, 101 }, // U+0398
    { 0x0399, 100 }, // U+0399
    { 0x039A, 109 }, // U+039A
    { 0x039B, 98 }, // U+039B
    { 0x039C, 110 }, // U+039C
    { 0x039D, 111 }, // U+039D
    { 0x039E, 112 }, // U+039E
    { 0x039F, 101 }, // U+039F
    { 0x03A0, 100 }, // U+03A0
    { 0x03A1, 113 }, // U+03A1
    { 0x03A3, 99 }, // U+03A3
    { 0x03A4, 106 }, // U+03A4
    { 0x03A5, 102 }, // U+03A5
    { 0x03A6, 114 }, // U+03A6
    { 0x03A7, 115 }, // U+03A7
    { 0x03A8, 116 }, // U+03A8
    { 0x03A9, 103 }, // U+03A9
    { 0x03AA, 100 }, // U+03AA
    { 0x03AB, 102 }, // U+03AB
    { 0x03AC, 117 }, // U+03AC
    { 0x03AD, 118 }, // U+03AD
    { 0x03AE, 119 }, // U+03AE
    { 0x03AF, 120 }, // U+03AF
    { 0x03B0, 121 }, // U+03B0
    { 0x03B1, 117 }, // U+03B1
    { 0x03B2, 122 }, // U+03B2
    { 0x03B3, 123 }, // U+03B3
    { 0x03B4, 124 }, // U+03B4
    { 0x03B5, 118 }, // U+03B5
    { 0x03B6, 125 }, // U+03B6
    { 0x03B7, 119 }, // U+03B7
    { 0x03B8, 126 }, // U+03B8
    { 0x03B9, 127 }, // U+03B9
    { 0x03BA, 128 }, // U+03BA
    { 0x03BB, 129 }, // U+03BB
    { 0x03BC, 127 }, // U+03BC
    { 0x03BD, 123 }, // U+03BD
    { 0x03BE, 130 }, // U+03BE
    { 0x03BF, 121 }, // U+03BF
    { 0x03C0, 131 }, // U+03C0
    { 0x03C1, 121 }, // U+03C1
    { 0x03C2, 132 }, // U+03C2
    { 0x03C3, 133 }, // U+03C3
    { 0x03C4, 134 }, // U+03C4
    { 0x03C5, 121 }, // U+03C5
    { 0x03C6, 121 }, // U+03C6
    { 0x03C7, 135 }, // U+03C7
    { 0x03C8, 121 }, // U+03C8
    { 0x03C9, 136 }, // U+03C9
    { 0x03CA, 104 }, // U+03CA
    { 0x03CB, 121 }, // U+03CB
    { 0x03CC, 121 }, // U+03CC
    { 0x03CD, 121 }, // U+03CD
    { 0x03CE, 136 }, // U+03CE
    { 0x03D0, 121 }, // U+03D0
    { 0x03D1, 137 }, // U+03D1
    { 0x03D2, 138 }, // U+03D2
    { 0x03D3, 138 }, // U+03D3
    { 0x03D4, 138 }, // U+03D4
    { 0x03D5, 121 }, // U+03D5
    { 0x03D6, 136 }, // U+03D6
    { 0x0400, 139 }, // U+0400
    { 0x0401, 139 }, // U+0401
    { 0x0402, 140 }, // U+0402
    { 0x0404, 141 }, // U+0404
    { 0x0405, 142 }, // U+0405
    { 0x0406, 143 }, // U+0406
    { 0x0407, 143 }, // U+0407
    { 0x0408, 144 }, // U+0408
    { 0x0409, 145 }, // U+0409
    { 0x040A, 145 }, // U+040A
    { 0x040B, 146 }, // U+040B
    { 0x040C, 147 }, // U+040C
    { 0x040D, 143 }, // U+040D
    { 0x040E, 148 }, // U+040E
    { 0x040F, 143 }, // U+040F
    { 0x0410, 149 }, // U+0410
    { 0x0411, 150 }, // U+0411
    { 0x0412, 151 }, // U+0412
    { 0x0413, 152 }, // U+0413
    { 0x0414, 153 }, // U+0414
    { 0x0415, 139 }, // U+0415
    { 0x0416, 147 }, // U+0416
    { 0x0417, 151 }, // U+0417
    { 0x0418, 143 }, // U+0418
    { 0x0419, 143 }, // U+0419
    { 0x041A, 147 }, // U+041A
    { 0x041B, 143 }, // U+041B
    { 0x041C, 154 }, // U+041C
    { 0x041D, 143 }, // U+041D
    { 0x041E, 155 }, // U+041E
    { 0x041F, 143 }, // U+041F
    { 0x0420, 156 }, // U+0420
    { 0x0421, 157 }, // U+0421
    { 0x0422, 158 }, // U+0422
    { 0x0423, 148 }, // U+0423
    { 0x0424, 159 }, // U+0424
    { 0x0425, 160 }, // U+0425
    { 0x0426, 153 }, // U+0426
    { 0x0427, 143 }, // U+0427
    { 0x0428, 143 }, // U+0428
    { 0x0429, 153 }, // U+0429
    { 0x042A, 145 }, // U+042A
    { 0x042B, 143 }, // U+042B
    { 0x042C, 145 }, // U+042C
    { 0x042D, 155 }, // U+042D
    { 0x042E, 155 }, // U+042E
    { 0x042F, 143 }, // U+042F
    { 0x0430, 161 }, // U+0430
    { 0x0431, 162 }, // U+0431
    { 0x0432, 163 }, // U+0432
    { 0x0433, 164 }, // U+0433
    { 0x0434, 165 }, // U+0434
    { 0x0435, 166 }, // U+0435
    { 0x0436, 167 }, // U+0436
    { 0x0437, 163 }, // U+0437
    { 0x0438, 161 }, // U+0438
    { 0x0439, 161 }, // U+0439
    { 0x043A, 168 }, // U+043A
    { 0x043B, 161 }, // U+043B
    { 0x043C, 161 }, // U+043C
    { 0x043D, 161 }, // U+043D
    { 0x043E, 169 }, // U+043E
    { 0x043F, 170 }, // U+043F
    { 0x0440, 169 }, // U+0440
    { 0x0441, 171 }, // U+0441
    { 0x0442, 170 }, // U+0442
    { 0x0443, 172 }, // U+0443
    { 0x0444, 165 }, // U+0444
    { 0x0445, 173 }, // U+0445
    { 0x0446, 174 }, // U+0446
    { 0x0447, 161 }, // U+0447
    { 0x0448, 161 }, // U+0448
    { 0x0449, 174 }, // U+0449
    { 0x044A, 175 }, // U+044A
    { 0x044B, 161 }, // U+044B
    { 0x044C, 176 }, // U+044C
    { 0x044D, 169 }, // U+044D
    { 0x044E, 169 }, // U+044E
    { 0x044F, 161 }, // U+044F
    { 0x0450, 166 }, // U+0450
    { 0x0451, 166 }, // U+0451
    { 0x0452, 177 }, // U+0452
    { 0x0453, 164 }, // U+0453
    { 0x0454, 171 }, // U+0454
    { 0x0455, 178 }, // U+0455
    { 0x0456, 179 }, // U+0456
    { 0x0457, 180 }, // U+0457
    { 0x0458, 181 }, // U+0458
    { 0x0459, 176 }, // U+0459
    { 0x045A, 176 }, // U+045A
    { 0x045B, 170 }, // U+045B
    { 0x045C, 168 }, // U+045C
    { 0x045D, 161 }, // U+045D
    { 0x045E, 172 }, // U+045E
    { 0x045F, 161 }, // U+045F
    { 0x0462, 182 }, // U+0462
    { 0x0463, 176 }, // U+0463
    { 0x0472, 155 }, // U+0472
    { 0x0473, 169 }, // U+0473
    { 0x0474, 183 }, // U+0474
    { 0x0475, 184 }, // U+0475
    { 0x048A, 153 }, // U+048A
    { 0x048B, 174 }, // U+048B
    { 0x048C, 145 }, // U+048C
    { 0x048D, 176 }, // U+048D
    { 0x048E, 156 }, // U+048E
    { 0x048F, 169 }, // U+048F
    { 0x0490, 185 }, // U+0490
    { 0x0491, 186 }, // U+0491
    { 0x0492, 187 }, // U+0492
    { 0x0493, 164 }, // U+0493
    { 0x0496, 188 }, // U+0496
    { 0x0497, 189 }, // U+0497
    { 0x0498, 151 }, // U+0498
    { 0x0499, 163 }, // U+0499
    { 0x049A, 190 }, // U+049A
    { 0x049B, 189 }, // U+049B
    { 0x049C, 147 }, // U+049C
    { 0x049D, 168 }, // U+049D
    { 0x049E, 147 }, // U+049E
    { 0x049F, 168 }, // U+049F
    { 0x04A0, 147 }, // U+04A0
    { 0x04A1, 168 }, // U+04A1
    { 0x04A2, 153 }, // U+04A2
    { 0x04A3, 174 }, // U+04A3
    { 0x04A8, 191 }, // U+04A8
    { 0x04A9, 192 }, // U+04A9
    { 0x04AA, 157 }, // U+04AA
    { 0x04AB, 171 }, // U+04AB
    { 0x04AC, 152 }, // U+04AC
    { 0x04AD, 174 }, // U+04AD
    { 0x04AE, 193 }, // U+04AE
    { 0x04AF, 194 }, // U+04AF
    { 0x04B0, 193 }, // U+04B0
    { 0x04B1, 195 }, // U+04B1
    { 0x04B2, 196 }, // U+04B2
    { 0x04B3, 197 }, // U+04B3
    { 0x04B4, 153 }, // U+04B4
    { 0x04B5, 174 }, // U+04B5
    { 0x04B6, 153 }, // U+04B6
    { 0x04B7, 174 }, // U+04B7
    { 0x04B8, 143 }, // U+04B8
    { 0x04B9, 161 }, // U+04B9
    { 0x04BA, 198 }, // U+04BA
    { 0x04BB, 170 }, // U+04BB
    { 0x04BC, 199 }, // U+04BC
    { 0x04BD, 166 }, // U+04BD
    { 0x04BE, 199 }, // U+04BE
    { 0x04BF, 166 }, // U+04BF
    { 0x04C0, 143 }, // U+04C0
    { 0x04C1, 147 }, // U+04C1
    { 0x04C2, 167 }, // U+04C2
    { 0x04C3, 200 }, // U+04C3
    { 0x04C4, 201 }, // U+04C4
    { 0x04C5, 153 }, // U+04C5
    { 0x04C6, 174 }, // U+04C6
    { 0x04C7, 144 }, // U+04C7
    { 0x04C8, 181 }, // U+04C8
    { 0x04C9, 153 }, // U+04C9
    { 0x04CA, 174 }, // U+04CA
    { 0x04CB, 143 }, // U+04CB
    { 0x04CD, 153 }, // U+04CD
    { 0x04CE, 174 }, // U+04CE
    { 0x04CF, 202 }, // U+04CF
    { 0x04D0, 149 }, // U+04D0
    { 0x04D1, 161 }, // U+04D1
    { 0x04D2, 149 }, // U+04D2
    { 0x04D3, 161 }, // U+04D3
    { 0x04D4, 139 }, // U+04D4
    { 0x04D5, 166 }, // U+04D5
    { 0x04D6, 139 }, // U+04D6
    { 0x04D7, 166 }, // U+04D7
    { 0x04D8, 155 }, // U+04D8
    { 0x04D9, 169 }, // U+04D9
    { 0x04DA, 155 }, // U+04DA
    { 0x04DB, 169 }, // U+04DB
    { 0x04DC, 147 }, // U+04DC
    { 0x04DD, 167 }, // U+04DD
    { 0x04DE, 151 }, // U+04DE
    { 0x04DF, 163 }, // U+04DF
    { 0x04E0, 203 }, // U+04E0
    { 0x04E1, 204 }, // U+04E1
    { 0x04E2, 143 }, // U+04E2
    { 0x04E3, 161 }, // U+04E3
    { 0x04E4, 143 }, // U+04E4
    { 0x04E5, 161 }, // U+04E5
    { 0x04E6, 155 }, // U+04E6
    { 0x04E7, 169 }, // U+04E7
    { 0x04E8, 155 }, // U+04E8
    { 0x04E9, 169 }, // U+04E9
    { 0x04EA, 155 }, // U+04EA
    { 0x04EB, 169 }, // U+04EB
    { 0x04EC, 155 }, // U+04EC
    { 0x04ED, 169 }, // U+04ED
    { 0x04EE, 148 }, // U+04EE
    { 0x04EF, 172 }, // U+04EF
    { 0x04F0, 148 }, // U+04F0
    { 0x04F1, 172 }, // U+04F1
    { 0x04F2, 148 }, // U+04F2
    { 0x04F3, 172 }, // U+04F3
    { 0x04F4, 143 }, // U+04F4
    { 0x04F5, 161 }, // U+04F5
    { 0x04F6, 152 }, // U+04F6
    { 0x04F7, 164 }, // U+04F7
    { 0x04F8, 143 }, // U+04F8
    { 0x04F9, 161 }, // U+04F9
    { 0x04FA, 187 }, // U+04FA
    { 0x04FB, 164 }, // U+04FB
    { 0x04FC, 205 }, // U+04FC
    { 0x04FD, 206 }, // U+04FD
    { 0x04FE, 160 }, // U+04FE
    { 0x04FF, 173 }, // U+04FF
    { 0x1EA0, 16 }, // U+1EA0
    { 0x1EA1, 42 }, // U+1EA1
    { 0x1EA2, 16 }, // U+1EA2
    { 0x1EA3, 42 }, // U+1EA3
    { 0x1EA4, 16 }, // U+1EA4
    { 0x1EA5, 42 }, // U+1EA5
    { 0x1EA6, 16 }, // U+1EA6
    { 0x1EA7, 42 }, // U+1EA7
    { 0x1EA8, 16 }, // U+1EA8
    { 0x1EA9, 42 }, // U+1EA9
    { 0x1EAA, 16 }, // U+1EAA
    { 0x1EAB, 42 }, // U+1EAB
    { 0x1EAC, 16 }, // U+1EAC
    { 0x1EAD, 42 }, // U+1EAD
    { 0x1EAE, 16 }, // U+1EAE
    { 0x1EAF, 42 }, // U+1EAF
    { 0x1EB0, 16 }, // U+1EB0
    { 0x1EB1, 42 }, // U+1EB1
    { 0x1EB2, 16 }, // U+1EB2
    { 0x1EB3, 42 }, // U+1EB3
    { 0x1EB4, 16 }, // U+1EB4
    { 0x1EB5, 42 }, // U+1EB5
    { 0x1EB6, 16 }, // U+1EB6
    { 0x1EB7, 42 }, // U+1EB7
    { 0x1EB8, 20 }, // U+1EB8
    { 0x1EB9, 46 }, // U+1EB9
    { 0x1EBA, 20 }, // U+1EBA
    { 0x1EBB, 46 }, // U+1EBB
    { 0x1EBC, 20 }, // U+1EBC
    { 0x1EBD, 46 }, // U+1EBD
    { 0x1EBE, 20 }, // U+1EBE
    { 0x1EBF, 46 }, // U+1EBF
    { 0x1EC0, 20 }, // U+1EC0
    { 0x1EC1, 46 }, // U+1EC1
    { 0x1EC2, 20 }, // U+1EC2
    { 0x1EC3, 46 }, // U+1EC3
    { 0x1EC4, 20 }, // U+1EC4
    { 0x1EC5, 46 }, // U+1EC5
    { 0x1EC6, 20 }, // U+1EC6
    { 0x1EC7, 46 }, // U+1EC7
    { 0x1EC8, 23 }, // U+1EC8
    { 0x1EC9, 71 }, // U+1EC9
    { 0x1ECA, 23 }, // U+1ECA
    { 0x1ECB, 50 }, // U+1ECB
    { 0x1ECC, 19 }, // U+1ECC
    { 0x1ECD, 43 }, // U+1ECD
    { 0x1ECE, 19 }, // U+1ECE
    { 0x1ECF, 43 }, // U+1ECF
    { 0x1ED0, 19 }, // U+1ED0
    { 0x1ED1, 43 }, // U+1ED1
    { 0x1ED2, 19 }, // U+1ED2
    { 0x1ED3, 43 }, // U+1ED3
    { 0x1ED4, 19 }, // U+1ED4
    { 0x1ED5, 43 }, // U+1ED5
    { 0x1ED6, 19 }, // U+1ED6
    { 0x1ED7, 43 }, // U+1ED7
    { 0x1ED8, 19 }, // U+1ED8
    { 0x1ED9, 43 }, // U+1ED9
    { 0x1EDA, 88 }, // U+1EDA
    { 0x1EDB, 89 }, // U+1EDB
    { 0x1EDC, 88 }, // U+1EDC
    { 0x1EDD, 89 }, // U+1EDD
    { 0x1EDE, 88 }, // U+1EDE
    { 0x1EDF, 89 }, // U+1EDF
    { 0x1EE0, 88 }, // U+1EE0
    { 0x1EE1, 89 }, // U+1EE1
    { 0x1EE2, 88 }, // U+1EE2
    { 0x1EE3, 89 }, // U+1EE3
    { 0x1EE4, 34 }, // U+1EE4
    { 0x1EE5, 42 }, // U+1EE5
    { 0x1EE6, 34 }, // U+1EE6
    { 0x1EE7, 42 }, // U+1EE7
    { 0x1EE8, 90 }, // U+1EE8
    { 0x1EE9, 91 }, // U+1EE9
    { 0x1EEA, 90 }, // U+1EEA
    { 0x1EEB, 91 }, // U+1EEB
    { 0x1EEC, 90 }, // U+1EEC
    { 0x1EED, 91 }, // U+1EED
    { 0x1EEE, 90 }, // U+1EEE
    { 0x1EEF, 91 }, // U+1EEF
    { 0x1EF0, 90 }, // U+1EF0
    { 0x1EF1, 91 }, // U+1EF1
    { 0x1EF2, 38 }, // U+1EF2
    { 0x1EF3, 58 }, // U+1EF3
    { 0x1EF4, 38 }, // U+1EF4
    { 0x1EF5, 58 }, // U+1EF5
    { 0x1EF6, 38 }, // U+1EF6
    { 0x1EF7, 58 }, // U+1EF7
    { 0x1EF8, 38 }, // U+1EF8
    { 0x1EF9, 58 }, // U+1EF9
    { 0x2010, 5 }, // U+2010
    { 0x2011, 5 }, // U+2011
    { 0x2013, 5 }, // U+2013
    { 0x2014, 5 }, // U+2014
    { 0x2015, 5 }, // U+2015
    { 0x2018, 207 }, // U+2018
    { 0x2019, 208 }, // U+2019
    { 0x201A, 209 }, // U+201A
    { 0x201B, 207 }, // U+201B
    { 0x201C, 207 }, // U+201C
    { 0x201D, 208 }, // U+201D
    { 0x201E, 4 }, // U+201E
    { 0x2025, 4 }, // U+2025
    { 0x2026, 4 }, // U+2026
    { 0x2039, 64 }, // U+2039
    { 0x203A, 65 }, // U+203A
    { 0xFB00, 47 }, // U+FB00
    { 0xFB01, 50 }, // U+FB01
    { 0xFB02, 53 }, // U+FB02
    { 0xFB03, 50 }, // U+FB03
    { 0xFB04, 53 }, // U+FB04
    { 0xFB05, 57 }, // U+FB05
    { 0xFB06, 57 }, // U+FB06
};

static const EpdKernClassEntry bookerly_22_bolditalicKernRightClasses[] = {
    { 0x0021, 1 }, // !
    { 0x0022, 2 }, // "
    { 0x0025, 3 }, // %
    { 0x0027, 2 }, // '
    { 0x0029, 4 }, // )
    { 0x002A, 5 }, // *
    { 0x002C, 6 }, // ,
    { 0x002D, 7 }, // -
    { 0x002E, 8 }, // .
    { 0x002F, 9 }, // /
    { 0x0030, 10 }, // 0
    { 0x0031, 11 }, // 1
    { 0x0032, 12 }, // 2
    { 0x0033, 13 }, // 3
    { 0x0034, 14 }, // 4
    { 0x0035, 15 }, // 5
    { 0x0036, 16 }, // 6
    { 0x0037, 17 }, // 7
    { 0x0038, 18 }, // 8
    { 0x0039, 19 }, // 9
    { 0x003A, 20 }, // :
    { 0x003B, 21 }, // ;
    { 0x003F, 22 }, // ?
    { 0x0041, 23 }, // A
    { 0x0042, 24 }, // B
    { 0x0043, 25 }, // C
    { 0x0044, 24 }, // D
    { 0x0045, 26 }, // E
    { 0x0046, 26 }, // F
    { 0x0047, 25 }, // G
    { 0x0048, 26 }, // H
    { 0x0049, 26 }, // I
    { 0x004A, 27 }, // J
    { 0x004B, 26 }, // K
    { 0x004C, 26 }, // L
    { 0x004D, 28 }, // M
    { 0x004E, 26 }, // N
    { 0x004F, 25 }, // O
    { 0x0050, 24 }, // P
    { 0x0051, 25 }, // Q
    { 0x0052, 24 }, // R
    { 0x0053, 29 }, // S
    { 0x0054, 30 }, // T
    { 0x0055, 31 }, // U
    { 0x0056, 32 }, // V
    { 0x0057, 32 }, // W
    { 0x0058, 33 }, // X
    { 0x0059, 34 }, // Y
    { 0x005A, 35 }, // Z
    { 0x005C, 36 }, // <backslash>
    { 0x005D, 37 }, // ]
    { 0x0061, 38 }, // a
    { 0x0062, 39 }, // b
    { 0x0063, 38 }, // c
    { 0x0064, 38 }, // d
    { 0x0065, 38 }, // e
    { 0x0066, 40 }, // f
    { 0x0067, 41 }, // g
    { 0x0068, 42 }, // h
    { 0x0069, 43 }, // i
    { 0x006A, 44 }, // j
    { 0x006B, 42 }, // k
    { 0x006C, 42 }, // l
    { 0x006D, 45 }, // m
    { 0x006E, 45 }, // n
    { 0x006F, 38 }, // o
    { 0x0070, 45 }, // p
    { 0x0071, 38 }, // q
    { 0x0072, 45 }, // r
    { 0x0073, 46 }, // s
    { 0x0074, 47 }, // t
    { 0x0075, 48 }, // u
    { 0x0076, 49 }, // v
    { 0x0077, 49 }, // w
    { 0x0078, 50 }, // x
    { 0x0079, 51 }, // y
    { 0x007A, 52 }, // z
    { 0x007D, 53 }, // }
    { 0x00A1, 54 }, // U+00A1
    { 0x00AB, 55 }, // U+00AB
    { 0x00AD, 7 }, // U+00AD
    { 0x00B0, 3 }, // U+00B0
    { 0x00BB, 56 }, // U+00BB
    { 0x00BF, 57 }, // U+00BF
    { 0x00C0, 23 }, // U+00C0
    { 0x00C1, 23 }, // U+00C1
    { 0x00C2, 23 }, // U+00C2
    { 0x00C3, 23 }, // U+00C3
    { 0x00C4, 23 }, // U+00C4
    { 0x00C5, 23 }, // U+00C5
    { 0x00C6, 58 }, // U+00C6
    { 0x00C7, 25 }, // U+00C7
    { 0x00C8, 26 }, // U+00C8
    { 0x00C9, 26 }, // U+00C9
    { 0x00CA, 26 }, // U+00CA
    { 0x00CB, 26 }, // U+00CB
    { 0x00CC, 26 }, // U+00CC
    { 0x00CD, 26 }, // U+00CD
    { 0x00CE, 26 }, // U+00CE
    { 0x00CF, 26 }, // U+00CF
    { 0x00D0, 24 }, // U+00D0
    { 0x00D1, 26 }, // U+00D1
    { 0x00D2, 25 }, // U+00D2
    { 0x00D3, 25 }, // U+00D3
    { 0x00D4, 25 }, // U+00D4
    { 0x00D5, 25 }, // U+00D5
    { 0x00D6, 25 }, // U+00D6
    { 0x00D8, 25 }, // U+00D8
    { 0x00D9, 31 }, // U+00D9
    { 0x00DA, 31 }, // U+00DA
    { 0x00DB, 31 }, // U+00DB
    { 0x00DC, 31 }, // U+00DC
    { 0x00DD, 34 }, // U+00DD
    { 0x00DE, 26 }, // U+00DE
    { 0x00DF, 59 }, // U+00DF
    { 0x00E0, 38 }, // U+00E0
    { 0x00E1, 38 }, // U+00E1
    { 0x00E2, 38 }, // U+00E2
    { 0x00E3, 38 }, // U+00E3
    { 0x00E4, 60 }, // U+00E4
    { 0x00E5, 38 }, // U+00E5
    { 0x00E6, 38 }, // U+00E6
    { 0x00E7, 38 }, // U+00E7
    { 0x00E8, 38 }, // U+00E8
    { 0x00E9, 38 }, // U+00E9
    { 0x00EA, 38 }, // U+00EA
    { 0x00EB, 38 }, // U+00EB
    { 0x00EC, 61 }, // U+00EC
    { 0x00ED, 43 }, // U+00ED
    { 0x00EE, 62 }, // U+00EE
    { 0x00EF, 62 }, // U+00EF
    { 0x00F0, 38 }, // U+00F0
    { 0x00F1, 45 }, // U+00F1
    { 0x00F2, 38 }, // U+00F2
    { 0x00F3, 38 }, // U+00F3
    { 0x00F4, 38 }, // U+00F4
    { 0x00F5, 38 }, // U+00F5
    { 0x00F6, 38 }, // U+00F6
    { 0x00F8, 63 }, // U+00F8
    { 0x00F9, 48 }, // U+00F9
    { 0x00FA, 48 }, // U+00FA
    { 0x00FB, 48 }, // U+00FB
    { 0x00FC, 48 }, // U+00FC
    { 0x00FD, 49 }, // U+00FD
    { 0x00FE, 64 }, // U+00FE
    { 0x00FF, 49 }, // U+00FF
    { 0x0100, 23 }, // U+0100
    { 0x0101, 38 }, // U+0101
    { 0x0102, 23 }, // U+0102
    { 0x0103, 38 }, // U+0103
    { 0x0104, 23 }, // U+0104
    { 0x0105, 38 }, // U+0105
    { 0x0106, 25 }, // U+0106
    { 0x0107, 38 }, // U+0107
    { 0x0108, 25 }, // U+0108
    { 0x0109, 38 }, // U+0109
    { 0x010A, 25 }, // U+010A
    { 0x010B, 38 }, // U+010B
    { 0x010C, 25 }, // U+010C
    { 0x010D, 65 }, // U+010D
    { 0x010E, 24 }, // U+010E
    { 0x010F, 38 }, // U+010F
    { 0x0110, 24 }, // U+0110
    { 0x0111, 38 }, // U+0111
    { 0x0112, 26 }, // U+0112
    { 0x0113, 38 }, // U+0113
    { 0x0114, 26 }, // U+0114
    { 0x0115, 38 }, // U+0115
    { 0x0116, 26 }, // U+0116
    { 0x0117, 38 }, // U+0117
    { 0x0118, 26 }, // U+0118
    { 0x0119, 38 }, // U+0119
    { 0x011A, 26 }, // U+011A
    { 0x011B, 38 }, // U+011B
    { 0x011C, 25 }, // U+011C
    { 0x011D, 41 }, // U+011D
    { 0x011E, 25 }, // U+011E
    { 0x011F, 41 }, // U+011F
    { 0x0120, 25 }, // U+0120
    { 0x0121, 41 }, // U+0121
    { 0x0122, 25 }, // U+0122
    { 0x0123, 41 }, // U+0123
    { 0x0124, 26 }, // U+0124
    { 0x0125, 42 }, // U+0125
    { 0x0126, 26 }, // U+0126
    { 0x0127, 66 }, // U+0127
    { 0x0128, 26 }, // U+0128
    { 0x0129, 62 }, // U+0129
    { 0x012A, 26 }, // U+012A
    { 0x012B, 62 }, // U+012B
    { 0x012C, 26 }, // U+012C
    { 0x012D, 62 }, // U+012D
    { 0x012E, 26 }, // U+012E
    { 0x012F, 43 }, // U+012F
    { 0x0130, 26 }, // U+0130
    { 0x0131, 45 }, // U+0131
    { 0x0132, 26 }, // U+0132
    { 0x0133, 43 }, // U+0133
    { 0x0134, 27 }, // U+0134
    { 0x0135, 67 }, // U+0135
    { 0x0136, 26 }, // U+0136
    { 0x0137, 42 }, // U+0137
    { 0x0138, 45 }, // U+0138
    { 0x0139, 26 }, // U+0139
    { 0x013A, 42 }, // U+013A
    { 0x013B, 26 }, // U+013B
    { 0x013C, 42 }, // U+013C
    { 0x013D, 26 }, // U+013D
    { 0x013E, 42 }, // U+013E
    { 0x013F, 26 }, // U+013F
    { 0x0140, 42 }, // U+0140
    { 0x0141, 26 }, // U+0141
    { 0x0142, 68 }, // U+0142
    { 0x0143, 26 }, // U+0143
    { 0x0144, 45 }, // U+0144
    { 0x0145, 26 }, // U+0145
    { 0x0146, 45 }, // U+0146
    { 0x0147, 26 }, // U+0147
    { 0x0148, 45 }, // U+0148
    { 0x0149, 45 }, // U+0149
    { 0x014A, 26 }, // U+014A
    { 0x014B, 45 }, // U+014B
    { 0x014C, 25 }, // U+014C
    { 0x014D, 38 }, // U+014D
    { 0x014E, 25 }, // U+014E
    { 0x014F, 38 }, // U+014F
    { 0x0150, 25 }, // U+0150
    { 0x0151, 38 }, // U+0151
    { 0x0152, 25 }, // U+0152
    { 0x0153, 38 }, // U+0153
    { 0x0154, 24 }, // U+0154
    { 0x0155, 45 }, // U+0155
    { 0x0156, 24 }, // U+0156
    { 0x0157, 45 }, // U+0157
    { 0x0158, 24 }, // U+0158
    { 0x0159, 45 }, // U+0159
    { 0x015A, 29 }, // U+015A
    { 0x015B, 46 }, // U+015B
    { 0x015C, 29 }, // U+015C
    { 0x015D, 46 }, // U+015D
    { 0x015E, 29 }, // U+015E
    { 0x015F, 46 }, // U+015F
    { 0x0160, 29 }, // U+0160
    { 0x0161, 69 }, // U+0161
    { 0x0162, 30 }, // U+0162
    { 0x0163, 47 }, // U+0163
    { 0x0164, 30 }, // U+0164
    { 0x0165, 47 }, // U+0165
    { 0x0166, 30 }, // U+0166
    { 0x0167, 47 }, // U+0167
    { 0x0168, 31 }, // U+0168
    { 0x0169, 48 }, // U+0169
    { 0x016A, 31 }, // U+016A
    { 0x016B, 48 }, // U+016B
    { 0x016C, 31 }, // U+016C
    { 0x016D, 48 }, // U+016D
    { 0x016E, 31 }, // U+016E
    { 0x016F, 48 }, // U+016F
    { 0x0170, 31 }, // U+0170
    { 0x0171, 48 }, // U+0171
    { 0x0172, 31 }, // U+0172
    { 0x0173, 48 }, // U+0173
    { 0x0174, 32 }, // U+0174
    { 0x0175, 49 }, // U+0175
    { 0x0176, 34 }, // U+0176
    { 0x0177, 49 }, // U+0177
    { 0x0178, 34 }, // U+0178
    { 0x0179, 35 }, // U+0179
    { 0x017A, 52 }, // U+017A
    { 0x017B, 35 }, // U+017B
    { 0x017C, 52 }, // U+017C
    { 0x017D, 35 }, // U+017D
    { 0x017E, 70 }, // U+017E
    { 0x017F, 59 }, // U+017F
    { 0x01A0, 25 }, // U+01A0
    { 0x01A1, 38 }, // U+01A1
    { 0x01AF, 31 }, // U+01AF
    { 0x01B0, 48 }, // U+01B0
    { 0x01C4, 24 }, // U+01C4
    { 0x01C5, 24 }, // U+01C5
    { 0x01C6, 38 }, // U+01C6
    { 0x01C7, 26 }, // U+01C7
    { 0x01C8, 26 }, // U+01C8
    { 0x01C9, 42 }, // U+01C9
    { 0x01CA, 26 }, // U+01CA
    { 0x01CB, 26 }, // U+01CB
    { 0x01CC, 45 }, // U+01CC
    { 0x01CD, 23 }, // U+01CD
    { 0x01CE, 38 }, // U+01CE
    { 0x01CF, 26 }, // U+01CF
    { 0x01D0, 62 }, // U+01D0
    { 0x01D1, 25 }, // U+01D1
    { 0x01D2, 38 }, // U+01D2
    { 0x01D3, 31 }, // U+01D3
    { 0x01D4, 48 }, // U+01D4
    { 0x01D5, 31 }, // U+01D5
    { 0x01D6, 48 }, // U+01D6
    { 0x01D7, 31 }, // U+01D7
    { 0x01D8, 48 }, // U+01D8
    { 0x01D9, 31 }, // U+01D9
    { 0x01DA, 48 }, // U+01DA
    { 0x01DB, 31 }, // U+01DB
    { 0x01DC, 48 }, // U+01DC
    { 0x01DD, 71 }, // U+01DD
    { 0x01DE, 23 }, // U+01DE
    { 0x01DF, 38 }, // U+01DF
    { 0x01E0, 23 }, // U+01E0
    { 0x01E1, 38 }, // U+01E1
    { 0x01E2, 58 }, // U+01E2
    { 0x01E3, 38 }, // U+01E3
    { 0x01E4, 25 }, // U+01E4
    { 0x01E5, 72 }, // U+01E5
    { 0x01E6, 25 }, // U+01E6
    { 0x01E7, 41 }, // U+01E7
    { 0x01E8, 26 }, // U+01E8
    { 0x01E9, 42 }, // U+01E9
    { 0x01EA, 25 }, // U+01EA
    { 0x01EB, 38 }, // U+01EB
    { 0x01EC, 25 }, // U+01EC
    { 0x01ED, 38 }, // U+01ED
    { 0x01EE, 73 }, // U+01EE
    { 0x01EF, 74 }, // U+01EF
    { 0x01F0, 67 }, // U+01F0
    { 0x01F1, 24 }, // U+01F1
    { 0x01F2, 24 }, // U+01F2
    { 0x01F3, 38 }, // U+01F3
    { 0x01F4, 25 }, // U+01F4
    { 0x01F5, 41 }, // U+01F5
    { 0x01F8, 26 }, // U+01F8
    { 0x01F9, 45 }, // U+01F9
    { 0x01FA, 23 }, // U+01FA
    { 0x01FB, 38 }, // U+01FB
    { 0x01FC, 58 }, // U+01FC
    { 0x01FD, 38 }, // U+01FD
    { 0x01FE, 25 }, // U+01FE
    { 0x01FF, 63 }, // U+01FF
    { 0x0200, 23 }, // U+0200
    { 0x0201, 38 }, // U+0201
    { 0x0202, 23 }, // U+0202
    { 0x0203, 38 }, // U+0203
    { 0x0204, 26 }, // U+0204
    { 0x0205, 38 }, // U+0205
    { 0x0206, 26 }, // U+0206
    { 0x0207, 38 }, // U+0207
    { 0x0208, 26 }, // U+0208
    { 0x0209, 62 }, // U+0209
    { 0x020A, 26 }, // U+020A
    { 0x020B, 62 }, // U+020B
    { 0x020C, 25 }, // U+020C
    { 0x020D, 38 }, // U+020D
    { 0x020E, 25 }, // U+020E
    { 0x020F, 38 }, // U+020F
    { 0x0210, 24 }, // U+0210
    { 0x0211, 45 }, // U+0211
    { 0x0212, 24 }, // U+0212
    { 0x0213, 45 }, // U+0213
    { 0x0214, 31 }, // U+0214
    { 0x0215, 48 }, // U+0215
    { 0x0216, 31 }, // U+0216
    { 0x0217, 48 }, // U+0217
    { 0x0218, 29 }, // U+0218
    { 0x0219, 46 }, // U+0219
    { 0x021A, 30 }, // U+021A
    { 0x021B, 47 }, // U+021B
    { 0x021C, 75 }, // U+021C
    { 0x021D, 76 }, // U+021D
    { 0x021E, 26 }, // U+021E
    { 0x021F, 42 }, // U+021F
    { 0x0374, 77 }, // U+0374
    { 0x037E, 78 }, // U+037E
    { 0x0387, 79 }, // U+0387
    { 0x0390, 80 }, // U+0390
    { 0x0391, 81 }, // U+0391
    { 0x0392, 82 }, // U+0392
    { 0x0393, 83 }, // U+0393
    { 0x0394, 84 }, // U+0394
    { 0x0395, 83 }, // U+0395
    { 0x0396, 35 }, // U+0396
    { 0x0397, 83 }, // U+0397
    { 0x0398, 85 }, // U+0398
    { 0x0399, 83 }, // U+0399
    { 0x039A, 83 }, // U+039A
    { 0x039B, 81 }, // U+039B
    { 0x039C, 86 }, // U+039C
    { 0x039D, 83 }, // U+039D
    { 0x039F, 85 }, // U+039F
    { 0x03A0, 83 }, // U+03A0
    { 0x03A1, 82 }, // U+03A1
    { 0x03A3, 87 }, // U+03A3
    { 0x03A4, 88 }, // U+03A4
    { 0x03A5, 89 }, // U+03A5
    { 0x03A6, 90 }, // U+03A6
    { 0x03A7, 91 }, // U+03A7
    { 0x03A8, 92 }, // U+03A8
    { 0x03A9, 93 }, // U+03A9
    { 0x03AA, 83 }, // U+03AA
    { 0x03AB, 89 }, // U+03AB
    { 0x03AC, 94 }, // U+03AC
    { 0x03AD, 95 }, // U+03AD
    { 0x03AE, 96 }, // U+03AE
    { 0x03AF, 97 }, // U+03AF
    { 0x03B0, 98 }, // U+03B0
    { 0x03B1, 94 }, // U+03B1
    { 0x03B2, 99 }, // U+03B2
    { 0x03B3, 100 }, // U+03B3
    { 0x03B4, 94 }, // U+03B4
    { 0x03B5, 95 }, // U+03B5
    { 0x03B6, 101 }, // U+03B6
    { 0x03B7, 96 }, // U+03B7
    { 0x03B8, 102 }, // U+03B8
    { 0x03B9, 97 }, // U+03B9
    { 0x03BA, 96 }, // U+03BA
    { 0x03BB, 103 }, // U+03BB
    { 0x03BC, 104 }, // U+03BC
    { 0x03BD, 100 }, // U+03BD
    { 0x03BE, 105 }, // U+03BE
    { 0x03BF, 94 }, // U+03BF
    { 0x03C0, 106 }, // U+03C0
    { 0x03C1, 107 }, // U+03C1
    { 0x03C2, 94 }, // U+03C2
    { 0x03C3, 94 }, // U+03C3
    { 0x03C4, 108 }, // U+03C4
    { 0x03C5, 98 }, // U+03C5
    { 0x03C6, 94 }, // U+03C6
    { 0x03C7, 109 }, // U+03C7
    { 0x03C8, 98 }, // U+03C8
    { 0x03C9, 110 }, // U+03C9
    { 0x03CA, 80 }, // U+03CA
    { 0x03CB, 98 }, // U+03CB
    { 0x03CC, 94 }, // U+03CC
    { 0x03CD, 98 }, // U+03CD
    { 0x03CE, 110 }, // U+03CE
    { 0x03D0, 102 }, // U+03D0
    { 0x03D1, 111 }, // U+03D1
    { 0x03D2, 89 }, // U+03D2
    { 0x03D4, 89 }, // U+03D4
    { 0x03D5, 94 }, // U+03D5
    { 0x03D6, 110 }, // U+03D6
    { 0x0400, 112 }, // U+0400
    { 0x0401, 112 }, // U+0401
    { 0x0402, 113 }, // U+0402
    { 0x0403, 112 }, // U+0403
    { 0x0404, 114 }, // U+0404
    { 0x0405, 115 }, // U+0405
    { 0x0406, 112 }, // U+0406
    { 0x0407, 112 }, // U+0407
    { 0x0408, 116 }, // U+0408
    { 0x0409, 117 }, // U+0409
    { 0x040A, 112 }, // U+040A
    { 0x040B, 113 }, // U+040B
    { 0x040C, 112 }, // U+040C
    { 0x040D, 112 }, // U+040D
    { 0x040E, 118 }, // U+040E
    { 0x040F, 112 }, // U+040F
    { 0x0410, 119 }, // U+0410
    { 0x0411, 112 }, // U+0411
    { 0x0412, 120 }, // U+0412
    { 0x0413, 112 }, // U+0413
    { 0x0414, 121 }, // U+0414
    { 0x0415, 112 }, // U+0415
    { 0x0416, 122 }, // U+0416
    { 0x0417, 123 }, // U+0417
    { 0x0418, 112 }, // U+0418
    { 0x0419, 112 }, // U+0419
    { 0x041A, 112 }, // U+041A
    { 0x041B, 124 }, // U+041B
    { 0x041C, 125 }, // U+041C
    { 0x041D, 112 }, // U+041D
    { 0x041E, 114 }, // U+041E
    { 0x041F, 112 }, // U+041F
    { 0x0420, 120 }, // U+0420
    { 0x0421, 114 }, // U+0421
    { 0x0422, 113 }, // U+0422
    { 0x0423, 118 }, // U+0423
    { 0x0424, 126 }, // U+0424
    { 0x0425, 127 }, // U+0425
    { 0x0426, 112 }, // U+0426
    { 0x0427, 128 }, // U+0427
    { 0x0428, 112 }, // U+0428
    { 0x0429, 112 }, // U+0429
    { 0x042A, 113 }, // U+042A
    { 0x042B, 112 }, // U+042B
    { 0x042C, 112 }, // U+042C
    { 0x042D, 129 }, // U+042D
    { 0x042E, 112 }, // U+042E
    { 0x042F, 130 }, // U+042F
    { 0x0430, 131 }, // U+0430
    { 0x0431, 132 }, // U+0431
    { 0x0432, 131 }, // U+0432
    { 0x0433, 133 }, // U+0433
    { 0x0434, 134 }, // U+0434
    { 0x0435, 131 }, // U+0435
    { 0x0436, 135 }, // U+0436
    { 0x0437, 136 }, // U+0437
    { 0x0438, 137 }, // U+0438
    { 0x0439, 137 }, // U+0439
    { 0x043A, 138 }, // U+043A
    { 0x043B, 139 }, // U+043B
    { 0x043C, 140 }, // U+043C
    { 0x043D, 138 }, // U+043D
    { 0x043E, 131 }, // U+043E
    { 0x043F, 138 }, // U+043F
    { 0x0440, 141 }, // U+0440
    { 0x0441, 131 }, // U+0441
    { 0x0442, 138 }, // U+0442
    { 0x0443, 142 }, // U+0443
    { 0x0444, 131 }, // U+0444
    { 0x0445, 143 }, // U+0445
    { 0x0446, 137 }, // U+0446
    { 0x0447, 144 }, // U+0447
    { 0x0448, 137 }, // U+0448
    { 0x0449, 137 }, // U+0449
    { 0x044A, 145 }, // U+044A
    { 0x044B, 137 }, // U+044B
    { 0x044C, 137 }, // U+044C
    { 0x044D, 136 }, // U+044D
    { 0x044E, 138 }, // U+044E
    { 0x044F, 146 }, // U+044F
    { 0x0450, 131 }, // U+0450
    { 0x0451, 131 }, // U+0451
    { 0x0452, 147 }, // U+0452
    { 0x0453, 133 }, // U+0453
    { 0x0454, 131 }, // U+0454
    { 0x0455, 148 }, // U+0455
    { 0x0456, 149 }, // U+0456
    { 0x0457, 150 }, // U+0457
    { 0x0458, 151 }, // U+0458
    { 0x0459, 139 }, // U+0459
    { 0x045A, 138 }, // U+045A
    { 0x045B, 152 }, // U+045B
    { 0x045C, 138 }, // U+045C
    { 0x045D, 137 }, // U+045D
    { 0x045E, 142 }, // U+045E
    { 0x045F, 137 }, // U+045F
    { 0x0462, 113 }, // U+0462
    { 0x0463, 138 }, // U+0463
    { 0x0472, 114 }, // U+0472
    { 0x0473, 131 }, // U+0473
    { 0x0474, 153 }, // U+0474
    { 0x0475, 154 }, // U+0475
    { 0x048A, 112 }, // U+048A
    { 0x048B, 138 }, // U+048B
    { 0x048C, 155 }, // U+048C
    { 0x048D, 156 }, // U+048D
    { 0x048E, 120 }, // U+048E
    { 0x048F, 138 }, // U+048F
    { 0x0490, 112 }, // U+0490
    { 0x0491, 157 }, // U+0491
    { 0x0492, 112 }, // U+0492
    { 0x0493, 133 }, // U+0493
    { 0x0494, 112 }, // U+0494
    { 0x0495, 138 }, // U+0495
    { 0x0496, 122 }, // U+0496
    { 0x0497, 135 }, // U+0497
    { 0x0498, 123 }, // U+0498
    { 0x0499, 136 }, // U+0499
    { 0x049A, 112 }, // U+049A
    { 0x049B, 138 }, // U+049B
    { 0x049C, 112 }, // U+049C
    { 0x049D, 138 }, // U+049D
    { 0x04A0, 113 }, // U+04A0
    { 0x04A2, 112 }, // U+04A2
    { 0x04A3, 138 }, // U+04A3
    { 0x04A4, 112 }, // U+04A4
    { 0x04A5, 138 }, // U+04A5
    { 0x04A6, 112 }, // U+04A6
    { 0x04A7, 138 }, // U+04A7
    { 0x04A8, 114 }, // U+04A8
    { 0x04A9, 131 }, // U+04A9
    { 0x04AA, 114 }, // U+04AA
    { 0x04AB, 131 }, // U+04AB
    { 0x04AC, 113 }, // U+04AC
    { 0x04AD, 138 }, // U+04AD
    { 0x04AE, 158 }, // U+04AE
    { 0x04AF, 142 }, // U+04AF
    { 0x04B0, 158 }, // U+04B0
    { 0x04B1, 142 }, // U+04B1
    { 0x04B2, 127 }, // U+04B2
    { 0x04B3, 143 }, // U+04B3
    { 0x04B6, 128 }, // U+04B6
    { 0x04B7, 144 }, // U+04B7
    { 0x04B8, 128 }, // U+04B8
    { 0x04B9, 144 }, // U+04B9
    { 0x04BA, 112 }, // U+04BA
    { 0x04BB, 152 }, // U+04BB
    { 0x04BC, 159 }, // U+04BC
    { 0x04BD, 160 }, // U+04BD
    { 0x04BE, 159 }, // U+04BE
    { 0x04BF, 160 }, // U+04BF
    { 0x04C0, 112 }, // U+04C0
    { 0x04C1, 122 }, // U+04C1
    { 0x04C2, 135 }, // U+04C2
    { 0x04C3, 112 }, // U+04C3
    { 0x04C4, 138 }, // U+04C4
    { 0x04C5, 124 }, // U+04C5
    { 0x04C6, 139 }, // U+04C6
    { 0x04C7, 112 }, // U+04C7
    { 0x04C8, 138 }, // U+04C8
    { 0x04C9, 112 }, // U+04C9
    { 0x04CA, 138 }, // U+04CA
    { 0x04CB, 128 }, // U+04CB
    { 0x04CC, 144 }, // U+04CC
    { 0x04CE, 140 }, // U+04CE
    { 0x04CF, 161 }, // U+04CF
    { 0x04D0, 119 }, // U+04D0
    { 0x04D1, 131 }, // U+04D1
    { 0x04D2, 119 }, // U+04D2
    { 0x04D3, 131 }, // U+04D3
    { 0x04D4, 162 }, // U+04D4
    { 0x04D5, 131 }, // U+04D5
    { 0x04D6, 112 }, // U+04D6
    { 0x04D7, 131 }, // U+04D7
    { 0x04D8, 163 }, // U+04D8
    { 0x04D9, 164 }, // U+04D9
    { 0x04DB, 164 }, // U+04DB
    { 0x04DC, 122 }, // U+04DC
    { 0x04DD, 135 }, // U+04DD
    { 0x04DE, 123 }, // U+04DE
    { 0x04DF, 136 }, // U+04DF
    { 0x04E0, 165 }, // U+04E0
    { 0x04E1, 166 }, // U+04E1
    { 0x04E2, 112 }, // U+04E2
    { 0x04E3, 137 }, // U+04E3
    { 0x04E4, 112 }, // U+04E4
    { 0x04E5, 137 }, // U+04E5
    { 0x04E6, 114 }, // U+04E6
    { 0x04E7, 131 }, // U+04E7
    { 0x04E8, 114 }, // U+04E8
    { 0x04E9, 131 }, // U+04E9
    { 0x04EA, 114 }, // U+04EA
    { 0x04EB, 131 }, // U+04EB
    { 0x04ED, 136 }, // U+04ED
    { 0x04EE, 118 }, // U+04EE
    { 0x04EF, 142 }, // U+04EF
    { 0x04F0, 118 }, // U+04F0
    { 0x04F1, 142 }, // U+04F1
    { 0x04F2, 118 }, // U+04F2
    { 0x04F3, 142 }, // U+04F3
    { 0x04F5, 144 }, // U+04F5
    { 0x04F6, 112 }, // U+04F6
    { 0x04F7, 133 }, // U+04F7
    { 0x04F8, 112 }, // U+04F8
    { 0x04F9, 137 }, // U+04F9
    { 0x04FA, 112 }, // U+04FA
    { 0x04FB, 133 }, // U+04FB
    { 0x04FC, 127 }, // U+04FC
    { 0x04FD, 143 }, // U+04FD
    { 0x04FE, 127 }, // U+04FE
    { 0x04FF, 143 }, // U+04FF
    { 0x1EA0, 23 }, // U+1EA0
    { 0x1EA1, 38 }, // U+1EA1
    { 0x1EA2, 23 }, // U+1EA2
    { 0x1EA3, 38 }, // U+1EA3
    { 0x1EA4, 23 }, // U+1EA4
    { 0x1EA5, 38 }, // U+1EA5
    { 0x1EA6, 23 }, // U+1EA6
    { 0x1EA7, 38 }, // U+1EA7
    { 0x1EA8, 23 }, // U+1EA8
    { 0x1EA9, 38 }, // U+1EA9
    { 0x1EAA, 23 }, // U+1EAA
    { 0x1EAB, 38 }, // U+1EAB
    { 0x1EAC, 23 }, // U+1EAC
    { 0x1EAD, 38 }, // U+1EAD
    { 0x1EAE, 23 }, // U+1EAE
    { 0x1EAF, 38 }, // U+1EAF
    { 0x1EB0, 23 }, // U+1EB0
    { 0x1EB1, 38 }, // U+1EB1
    { 0x1EB2, 23 }, // U+1EB2
    { 0x1EB3, 38 }, // U+1EB3
    { 0x1EB4, 23 }, // U+1EB4
    { 0x1EB5, 38 }, // U+1EB5
    { 0x1EB6, 23 }, // U+1EB6
    { 0x1EB7, 38 }, // U+1EB7
    { 0x1EB8, 26 }, // U+1EB8
    { 0x1EB9, 38 }, // U+1EB9
    { 0x1EBA, 26 }, // U+1EBA
    { 0x1EBB, 38 }, // U+1EBB
    { 0x1EBC, 26 }, // U+1EBC
    { 0x1EBD, 38 }, // U+1EBD
    { 0x1EBE, 26 }, // U+1EBE
    { 0x1EBF, 38 }, // U+1EBF
    { 0x1EC0, 26 }, // U+1EC0
    { 0x1EC1, 38 }, // U+1EC1
    { 0x1EC2, 26 }, // U+1EC2
    { 0x1EC3, 38 }, // U+1EC3
    { 0x1EC4, 26 }, // U+1EC4
    { 0x1EC5, 38 }, // U+1EC5
    { 0x1EC6, 26 }, // U+1EC6
    { 0x1EC7, 38 }, // U+1EC7
    { 0x1EC8, 26 }, // U+1EC8
    { 0x1EC9, 62 }, // U+1EC9
    { 0x1ECA, 26 }, // U+1ECA
    { 0x1ECB, 43 }, // U+1ECB
    { 0x1ECC, 25 }, // U+1ECC
    { 0x1ECD, 38 }, // U+1ECD
    { 0x1ECE, 25 }, // U+1ECE
    { 0x1ECF, 38 }, // U+1ECF
    { 0x1ED0, 25 }, // U+1ED0
    { 0x1ED1, 38 }, // U+1ED1
    { 0x1ED2, 25 }, // U+1ED2
    { 0x1ED3, 38 }, // U+1ED3
    { 0x1ED4, 25 }, // U+1ED4
    { 0x1ED5, 38 }, // U+1ED5
    { 0x1ED6, 25 }, // U+1ED6
    { 0x1ED7, 38 }, // U+1ED7
    { 0x1ED8, 25 }, // U+1ED8
    { 0x1ED9, 38 }, // U+1ED9
    { 0x1EDA, 25 }, // U+1EDA
    { 0x1EDB, 38 }, // U+1EDB
    { 0x1EDC, 25 }, // U+1EDC
    { 0x1EDD, 38 }, // U+1EDD
    { 0x1EDE, 25 }, // U+1EDE
    { 0x1EDF, 38 }, // U+1EDF
    { 0x1EE0, 25 }, // U+1EE0
    { 0x1EE1, 38 }, // U+1EE1
    { 0x1EE2, 25 }, // U+1EE2
    { 0x1EE3, 38 }, // U+1EE3
    { 0x1EE4, 31 }, // U+1EE4
    { 0x1EE5, 48 }, // U+1EE5
    { 0x1EE6, 31 }, // U+1EE6
    { 0x1EE7, 48 }, // U+1EE7
    { 0x1EE8, 31 }, // U+1EE8
    { 0x1EE9, 48 }, // U+1EE9
    { 0x1EEA, 31 }, // U+1EEA
    { 0x1EEB, 48 }, // U+1EEB
    { 0x1EEC, 31 }, // U+1EEC
    { 0x1EED, 48 }, // U+1EED
    { 0x1EEE, 31 }, // U+1EEE
    { 0x1EEF, 48 }, // U+1EEF
    { 0x1EF0, 31 }, // U+1EF0
    { 0x1EF1, 48 }, // U+1EF1
    { 0x1EF2, 34 }, // U+1EF2
    { 0x1EF3, 49 }, // U+1EF3
    { 0x1EF4, 34 }, // U+1EF4
    { 0x1EF5, 49 }, // U+1EF5
    { 0x1EF6, 34 }, // U+1EF6
    { 0x1EF7, 49 }, // U+1EF7
    { 0x1EF8, 34 }, // U+1EF8
    { 0x1EF9, 49 }, // U+1EF9
    { 0x2010, 7 }, // U+2010
    { 0x2011, 7 }, // U+2011
    { 0x2013, 7 }, // U+2013
    { 0x2014, 7 }, // U+2014
    { 0x2015, 7 }, // U+2015
    { 0x2018, 167 }, // U+2018
    { 0x2019, 168 }, // U+2019
    { 0x201A, 8 }, // U+201A
    { 0x201B, 167 }, // U+201B
    { 0x201C, 167 }, // U+201C
    { 0x201D, 168 }, // U+201D
    { 0x201E, 8 }, // U+201E
    { 0x2025, 8 }, // U+2025
    { 0x2026, 8 }, // U+2026
    { 0x2030, 3 }, // U+2030
    { 0x2039, 55 }, // U+2039
    { 0x203A, 56 }, // U+203A
    { 0x203C, 1 }, // U+203C
    { 0x2047, 22 }, // U+2047
    { 0x2048, 22 }, // U+2048
    { 0x2049, 1 }, // U+2049
    { 0x20AC, 169 }, // U+20AC
    { 0xFB00, 40 }, // U+FB00
    { 0xFB01, 40 }, // U+FB01
    { 0xFB02, 40 }, // U+FB02
    { 0xFB03, 40 }, // U+FB03
    { 0xFB04, 40 }, // U+FB04
    { 0xFB05, 40 }, // U+FB05
    { 0xFB06, 46 }, // U+FB06
};

static const int8_t bookerly_22_bolditalicKernMatrix[] = {
       0,    0,    0,    0,    0,    0,    0,    0,    0,    0,    0,    0,    0,    0,    0,  -22,    0,    0,    0,    0,    0,    0,    0,    0,    0,    0,    0,    0,    0,    0,    0,    0,    0,    0,    0,    0,    0,    0,    0,    0,    0,    0,    0,    0,    0,    0,    0,    0,    0,    0,    0,    0,    0,    0,    0,    0,    0,    0,    0,    0,    0,    0,    0,    0,    0,    0,    0,    0,    0,    0,    0,    0,    0,    0,    0,    0,    0,    0,    0,    0,    0,    0,    0,    0,    0,    0,    0,    0,    0,    0,    0,    0,    0,    0,    0,    0,    0,    0,    0,    0,    0,    0,    0,    0,    0,    0,    0,    0,    0,    0,    0,    0,    0,    0,    0,    0,    0,    0,    0,    0,    0,    0,    0,    0,    0,    0,    0,    0,    0,    0,    0,    0,    0,    0,    0,    0,    0,    0,    0,    0,    0,    0,    0,    0,    0,    0,    0,    0,    0,    0,    0,    0,    0,    0,    0,    0,    0,    0,    0,    0,    0,    0,    0,    0,    0,    0,    0,    0,    0,
       0,    0,    0,    0,    0,    0,    0,    0,    0,    0,    0,    0,    0,    0,    0,    0,    0,    0,    0,    0,    0,    0,    0,    0,  -18,    0,   73,    0,    0,    0,    0,    0,    0,    0,    0,    0,    0,  -15,   51,  110,    0,   51,    0,  110,    0,    0,    0,    0,    0,    0,   66,    0,    0,    0,    0,    0,    0,    0,    0,  -15,    0,    0,  -15,   51,  -15,   51,    0,   51,    0,    0,    0,    0,    0,    0,    0,    0,    0,    0,    0,    0,    0,    0,    0,    0,  -18,    0,    0,    0,    0,    0,    0,    0,    0,  -15,    0,    0,    0,    0,    0,    0,    0,    0,    0,    0,    0,    0,  -15,    0,    0,    0,    0,    0,    0,  -18,    0,   73,    0,    0,    0,    0,   22,    0,    0,    0,    0,    0,    0,    0,    0,    0,  -15,    0,    0,  -15,    0,    0,    0,    0,  -22,    0,    0,   59,    0,    0,    0,    0,   51,    0,    0,    0,  110,   51,    0,   59,    0,    0,    0,    0,    0,    0,    0,    0,    0,    0,    0,    0,    0,    0,    0,
       0,    0,    0,    0,    0,    0,    0,    0,    0,    0,    0,    0,    0,    0,    0,    0,    0,    0,    0,    0,    0,    0,  -29,    0,    0,    0,    0,    0,    0,    0,    0,    0,    0,    0,    0,    0,    0,    0,    0,    0,    0,    0,    0,    0,    0,    0,    0,    0,    0,    0,    0,    0,    0,    0,    0,    0,    0,  -66,    0,    0,    0,    0,    0,    0,    0,    0,    0,    0,    0,    0,    0,    0,    0,    0,    0,    0,    0,    0,    0,    0,  -29,    0,    0,  -37,    0,    0,    0,    0,    0,    0,    0,    0,    0,    0,    0,    0,    0,    0,    0,    0,    0,    0,    0,    0,    0,    0,    0,    0,    0,    0,    0,    0,    0,    0,    0,    0,    0,    0,  -29,    0,    0,    0,    0,    0,    0,    0,    0,    0,    0,    0,    0,    0,    0,    0,    0,    0,    0,    0,    0,    0,    0,    0,    0,    0,    0,    0,    0,    0,    0,    0,    0,    0,    0,    0,    0,    0,    0,    0,    0,    0,    0,  -66,    0,    0,    0,    0,    0,    0,    0,
       0,    0,    0,    0,    0,    0,    0,    0,    0,    0,    0,    0,    0,    0,    0,    0,    0,    0,    0,    0,    0,    0,   20,   15,  -22,   22,   81,    0,    0,  -37,  -29,  -73,   29,  -44,    0,    0,    0,    0,    0,   22,   15,    0,  -15,   77,    0,    0,  -15,  -15,  -37,    0,  -37,    0,    0,    0,  -29,    0,    0,   22,    0,    0,  -15,    0,    0,    0,    0,    0,    0,    0,    0,    0,    0,   15,    0,    0,    0,    0,    0,    0,    0,    0,   20,   15,   22,    0,  -22,    0,    0,  -37,  -29,  -15,   29,  -37,    0,    0,    0,    0,    0,  -15,    0,  -37,  -15,  -22,   15,    0,    0,    0,    0,  -37,  -29,    0,  -22,   22,  -37,  -22,    0,   81,   29,    0,   20,   15,   22,   29,    0,   29,    0,  -15,   29,  -62,    0,   37,    0,  -15,    0,    0,    0,    0,  -15,    0,    0,    0,    0,  -37,    0,  -44,  -55,    0,    0,    0,  -15,    0,   77,    0,  -73,  -37,    0,  -22,    0,  -44,  -88,  -22,    0,   22,    0,    0,    0,    0,  -73,  -73,    0,
       0,    0,    0,    0,    0,    0,    0,    0,    0,    0,    0,    0,    0,    0,    0,    0,    0,    0,    0,    0,    0,    0,    0,    0,    0,    0,    0,    0,    0,    0,    0,    0,    0,  -22,    0,    0,    0,    0,    0,    0,    0,    0,    0,    0,    0,    0,    0,    0,    0,    0,    0,    0,    0,    0,    0,    0,    0,    0,    0,    0,    0,    0,    0,    0,    0,    0,    0,    0,    0,    0,    0,    0,    0,    0,    0,    0,    0,    0,    0,    0,    0,    0,    0,    0,    0,    0,    0,    0,  -22,    0,    0,    0,    0,    0,    0,    0,    0,    0,    0,    0,    0,    0,    0,    0,    0,    0,    0,    0,    0,    0,    0,    0,    0,    0,    0,    0,    0,    0,    0,    0,    0,    0,    0,    0,    0,    0,    0,    0,    0,    0,    0,    0,    0,    0,    0,    0,    0,    0,    0,    0,    0,    0,    0,    0,    0,    0,    0,    0,    0,    0,    0,    0,    0,    0,    0,    0,    0,  -22,    0,    0,    0,    0,    0,    0,    0,    0,    0,    0,    0,
       0,    0,    0,    0,    0,    0,    0,    0,    0,  -29,    0,    0,    0,  -37,    0,  -29,    0,  -15,    0,    0,    0,    0,  -66,    0,  -15,    0,    0,  -37,    0,    0,    0,    0,    0,    0,    0,    0,    0,  -73,   22,  -37,  -73,   22,    0,    0,  -15,  -66,  -22,  -29,    0,  -37,    0,  -44,    0,    0,    0,    0,    0,  -95,    0,  -73,    0,    0,  -73,   22,  -73,   22,    0,   22,  -66,  -44,    0,  -73,    0,  -37,    0,  -29,    0,    0,    0,    0,  -66,    0,    0,  -55,  -15,  -37,    0,    0,    0,  -15,    0,   29,  -15,  -73,  -40,  -15,  -44,  -29,  -22,    0,    0,    0,    0,  -44,    0,    0,  -73,    0,    0,  -51,  -44,    0,    0,  -15,    0,    0,  -22,    0,  -66,    0,  -44,    0,    0,  -22,  -37,  -15,    0,    0,    0,  -29,  -73,  -22,  -22,  -88,  -44,  -44,  -29,  -15,  -77,  -55,  -15,    0,  -37,    0,  -22,  -66,   22,  -66,    0,    0,    0,   22,    0,    0,    0,    0,  -44,    0,    0,  -37,    0,  -95,    0,  -44,    0,  -37,    0,    0,    0,
       0,    0,    0,    0,    0,  -22,    0,  -22,   -7,    0,   -7,    0,    0,    0,    0,    0,    0,    0,    0,    0,    0,    0,    0,    0,    0,    0,    0,    0,    0,    0,    0,    0,    0,    0,    0,    0,    0,    0,    0,    0,    0,    0,    0,    0,    0,    0,    0,    0,    0,    0,    0,    0,    0,    0,    0,    0,    0,    0,    0,    0,    0,    0,    0,    0,    0,    0,    0,    0,    0,    0,    0,    0,    0,    0,    0,    0,    0,    0,    0,    0,    0,    0,    0,    0,    0,    0,    0,    0,    0,    0,    0,    0,    0,    0,    0,    0,    0,    0,    0,    0,    0,    0,    0,    0,    0,    0,    0,    0,    0,    0,    0,    0,    0,    0,    0,    0,    0,    0,    0,    0,    0,    0,    0,    0,    0,    0,    0,    0,    0,    0,    0,    0,    0,    0,    0,    0,    0,    0,    0,    0,    0,    0,    0,    0,    0,    0,    0,    0,    0,    0,    0,    0,    0,    0,    0,    0,    0,    0,    0,    0,    0,    0,    0,    0,    0,    0,    0,    0,    0,
       0,    0,    0,    0,    0,  -22,    0,  -22,    0,    0,    0,    0,    0,    0,    0,    0,    0,    0,    0,    0,    0,    0,    0,    0,    0,    0,    0,    0,    0,    0,    0,    0,    0,    0,    0,    0,    0,    0,    0,    0,    0,    0,    0,    0,    0,    0,    0,    0,    0,    0,    0,    0,    0,    0,    0,    0,    0,    0,    0,    0,    0,    0,    0,    0,    0,    0,    0,    0,    0,    0,    0,    0,    0,    0,    0,    0,    0,    0,    0,    0,    0,    0,    0,    0,    0,    0,    0,    0,    0,    0,    0,    0,    0,    0,    0,    0,    0,    0,    0,    0,    0,    0,    0,    0,    0,    0,    0,    0,    0,    0,    0,    0,    0,    0,    0,    0,    0,    0,    0,    0,    0,    0,    0,    0,    0,    0,    0,    0,    0,    0,    0,    0,    0,    0,    0,    0,    0,    0,    0,    0,    0,    0,    0,    0,    0,    0,    0,    0,    0,    0,    0,    0,    0,    0,    0,    0,    0,    0,    0,    0,    0,    0,    0,    0,    0,    0,    0,    0,    0,
       0,    0,    0,    0,    0,    0,    0,    0,    0,    0,    0,    0,    0,   29,    0,    0,    0,    0,    0,    0,    0,    0,    0,    0,    0,    0,    0,    0,    0,    0,    0,    0,    0,    0,    0,  -29,    0,    0,    0,    0,    0,    0,    0,    0,    0,    0,    0,    0,    0,    0,    0,    0,    0,    0,    0,    0,    0,    0,    0,    0,    0,    0,    0,    0,    0,    0,    0,    0,    0,    0,    0,    0,    0,    0,    0,    0,    0,    0,    0,    0,    0,    0,    0,    0,    0,    0,    0,    0,    0,    0,    0,    0,    0,    0,    0,    0,    0,    0,    0,    0,    0,    0,    0,    0,    0,    0,    0,    0,    0,    0,    0,    0,    0,    0,    0,    0,    0,    0,    0,    0,    0,    0,    0,    0,    0,    0,    0,    0,    0,    0,    0,    0,    0,    0,    0,    0,    0,    0,    0,    0,    0,    0,    0,    0,    0,    0,    0,    0,    0,    0,    0,    0,    0,    0,    0,    0,    0,    0,    0,    0,    0,    0,    0,    0,    0,    0,    0,    0,    0,
       0,   29,    0,    0,    0,    0,    0,    0,    0,    0,    0,    0,    0,    0,    0,    0,    0,    0,    0,    0,    0,    0,    0,    0,    0,    0,    0,    0,    0,    0,    0,    0,    0,    0,    0,    0,    0,    0,    0,    0,    0,    0,    0,    0,    0,    0,    0,    0,    0,    0,    0,    0,    0,    0,    0,    0,    0,    0,    0,    0,    0,    0,    0,    0,    0,    0,    0,    0,    0,    0,    0,    0,    0,    0,    0,    0,    0,    0,    0,    0,    0,    0,    0,    0,    0,    0,    0,    0,    0,    0,    0,    0,    0,    0,    0,    0,    0,    0,    0,    0,    0,    0,    0,    0,    0,    0,    0,    0,    0,    0,    0,    0,    0,    0,    0,    0,    0,    0,    0,    0,    0,    0,    0,    0,    0,    0,    0,    0,    0,    0,    0,    0,    0,    0,    0,    0,    0,    0,    0,    0,    0,    0,    0,    0,    0,    0,    0,    0,    0,    0,    0,    0,    0,    0,    0,    0,    0,    0,    0,    0,    0,    0,    0,    0,    0,    0,    0,    0,    0,
       0,   22,    0,    0,    0,    0,    0,    0,    0,    0,    0,    0,    0,   15,    0,    0,    0,    0,    0,    0,    0,    0,    0,    0,    0,    0,    0,    0,    0,    0,    0,    0,    0,    0,    0,    0,    0,    0,    0,    0,    0,    0,    0,    0,    0,    0,    0,    0,    0,    0,    0,    0,    0,    0,    0,    0,    0,    0,    0,    0,    0,    0,    0,    0,    0,    0,    0,    0,    0,    0,    0,    0,    0,    0,    0,    0,    0,    0,    0,    0,    0,    0,    0,    0,    0,    0,    0,    0,    0,    0,    0,    0,    0,    0,    0,    0,    0,    0,    0,    0,    0,    0,    0,    0,    0,    0,    0,    0,    0,    0,    0,    0,    0,    0,    0,    0,    0,    0,    0,    0,    0,    0,    0,    0,    0,    0,    0,    0,    0,    0,    0,    0,    0,    0,    0,    0,    0,    0,    0,    0,    0,    0,    0,    0,    0,    0,    0,    0,    0,    0,    0,    0,    0,    0,    0,    0,    0,    0,    0,    0,    0,    0,    0,    0,    0,    0,    0,    0,    0,
       0,   59,   37,    0,    0,  -29,    0,  -29,   -7,   22,   22,   29,   40,  -15,   22,    0,   37,    0,   29,    0,    0,    0,    0,    0,    0,    0,    0,    0,    0,    0,    0,    0,    0,    0,    0,   29,    0,    0,    0,    0,    0,    0,    0,    0,    0,    0,    0,    0,    0,    0,    0,    0,    0,    0,    0,    0,    0,    0,    0,    0,    0,    0,    0,    0,    0,    0,    0,    0,    0,    0,    0,    0,    0,    0,    0,    0,    0,    0,    0,    0,    0,    0,    0,    0,    0,    0,    0,    0,    0,    0,    0,    0,    0,    0,    0,    0,    0,    0,    0,    0,    0,    0,    0,    0,    0,    0,    0,    0,    0,    0,    0,    0,    0,    0,    0,    0,    0,    0,    0,    0,    0,    0,    0,    0,    0,    0,    0,    0,    0,    0,    0,    0,    0,    0,    0,    0,    0,    0,    0,    0,    0,    0,    0,    0,    0,    0,    0,    0,    0,    0,    0,    0,    0,    0,    0,    0,    0,    0,    0,    0,    0,    0,    0,    0,    0,    0,   15,   59,    0,
       0,    0,    0,    0,    0,    0,    0,    0,    0,    0,    0,    0,    0,    0,    0,    0,    0,    0,    0,    0,    0,    0,    0,    0,    0,    0,    0,    0,    0,    0,    0,    0,    0,    0,    0,  -15,    0,    0,    0,    0,    0,    0,    0,    0,    0,    0,    0,    0,    0,    0,    0,    0,    0,    0,    0,    0,    0,    0,    0,    0,    0,    0,    0,    0,    0,    0,    0,    0,    0,    0,    0,    0,    0,    0,    0,    0,    0,    0,    0,    0,    0,    0,    0,    0,    0,    0,    0,    0,    0,    0,    0,    0,    0,    0,    0,    0,    0,    0,    0,    0,    0,    0,    0,    0,    0,    0,    0,    0,    0,    0,    0,    0,    0,    0,    0,    0,    0,    0,    0,    0,    0,    0,    0,    0,    0,    0,    0,    0,    0,    0,    0,    0,    0,    0,    0,    0,    0,    0,    0,    0,    0,    0,    0,    0,    0,    0,    0,    0,    0,    0,    0,    0,    0,    0,    0,    0,    0,    0,    0,    0,    0,    0,    0,    0,    0,    0,    0,    0,    0,
       0,    0,    0,    0,    0,  -15,    0,  -15,    0,    0,    0,    0,    0,    0,    0,    0,    0,    0,    0,    0,    0,    0,    0,    0,    0,    0,    0,    0,    0,    0,    0,    0,    0,    0,    0,  -37,    0,    0,    0,    0,    0,    0,    0,    0,    0,    0,    0,    0,    0,    0,    0,    0,    0,    0,    0,    0,    0,    0,    0,    0,    0,    0,    0,    0,    0,    0,    0,    0,    0,    0,    0,    0,    0,    0,    0,    0,    0,    0,    0,    0,    0,    0,    0,    0,    0,    0,    0,    0,    0,    0,    0,    0,    0,    0,    0,    0,    0,    0,    0,    0,    0,    0,    0,    0,    0,    0,    0,    0,    0,    0,    0,    0,    0,    0,    0,    0,    0,    0,    0,    0,    0,    0,    0,    0,    0,    0,    0,    0,    0,    0,    0,    0,    0,    0,    0,    0,    0,    0,    0,    0,    0,    0,    0,    0,    0,    0,    0,    0,    0,    0,    0,    0,    0,    0,    0,    0,    0,    0,    0,    0,    0,    0,    0,    0,    0,    0,    0,   15,   15,
       0,    0,    0,    0,    0,    0,    0,    0,    0,    0,    0,    0,    0,    0,    0,    0,    0,    0,    0,    0,    0,    0,    0,    0,    0,    0,    0,    0,    0,    0,    0,    0,    0,    0,    0,    0,    0,    0,    0,    0,    0,    0,    0,    0,    0,    0,    0,    0,   22,    0,   22,    0,    0,    0,    0,    0,    0,    0,    0,    0,    0,    0,    0,    0,    0,    0,    0,    0,    0,    0,    0,    0,    0,    0,    0,    0,    0,    0,    0,    0,    0,    0,    0,    0,    0,    0,    0,    0,    0,    0,    0,    0,    0,    0,    0,    0,    0,    0,    0,   22,    0,    0,    0,    0,    0,    0,    0,    0,    0,    0,    0,    0,    0,    0,    0,    0,    0,    0,    0,    0,    0,    0,    0,    0,    0,    0,    0,    0,    0,    0,    0,    0,    0,    0,    0,    0,    0,    0,    0,    0,    0,   22,    0,    0,    0,    0,    0,    0,    0,    0,    0,    0,    0,   22,    0,    0,    0,    0,    0,    0,    0,    0,    0,    0,    0,    0,    0,    0,    0,
       0,    0,    0,    0,  -37,    0,    0,    0,    0,    0,    0,    0,    0,    0,    0,    0,    0,    0,    0,    0,    0,  -22,   26,    7,  -29,   15,    0,   29,    0,  -44,  -37,  -88,   48,  -51,    0, -117,    0,    0,    0,    0,   15,    0,  -15,    0,  -15,    0,  -15,  -10,  -44,    0,  -44,    0,    0,    0,  -22,    0,    0,   37,    0,    0,  -15,  -15,   22,    0,    0,    0,    0,    0,    0,    0,    0,   15,    0,  -15,  -15,  -22,  -40,    0,    0,    0,    0,    0,    0,    0,    0,    0,    0,    0,    0,    0,    0,    0,    0,    0,    0,    0,    0,    0,    0,    0,    0,    0,    0,    0,    0,    0,    0,    0,    0,    0,    0,    0,    0,    0,    0,    0,    0,    0,    0,    0,    0,    0,    0,    0,    0,    0,    0,    0,    0,    0,    0,    0,    0,    0,    0,    0,    0,    0,    0,    0,    0,    0,    0,    0,    0,    0,    0,    0,    0,    0,    0,    0,    0,    0,    0,    0,    0,    0,    0,    0,    0,    0,    0,    0,    0,    0,  -73,  -59,    0,
       0,    0,    0,    0,    0,  -29,    0,  -29,    0,    0,    0,    0,    0,    0,    0,    0,    0,    0,    0,  -22,  -22,    0,  -15,    0,   10,    0,    0,    0,    0,  -22,  -22,  -37,    0,  -33,    0,  -29,    0,    0,   -7,    0,  -15,   -7,   -7,    0,    0,    0,    0,    0,    0,    0,    0,    0,    0,    0,    0,    0,    0,  -15,    0,    0,   -7,    0,    0,   -7,    0,   -7,    0,   -7,    0,    0,    0,  -15,    0,  -22,  -22,   -7,    0,  -22,    0,    0,    0,    0,    0,    0,    0,    0,    0,    0,    0,    0,    0,    0,    0,    0,    0,    0,    0,    0,    0,    0,    0,    0,    0,    0,    0,    0,    0,    0,    0,    0,    0,    0,    0,    0,    0,    0,    0,    0,    0,    0,    0,    0,    0,    0,    0,    0,    0,    0,    0,    0,    0,    0,    0,    0,    0,    0,    0,    0,    0,    0,    0,    0,    0,    0,    0,    0,    0,    0,    0,    0,    0,    0,    0,    0,    0,    0,    0,    0,    0,    0,    0,    0,    0,    0,    0,    0,    0,   -7,    0,
       0,    0,    0,    0,    0,    0,    0,    0,    0,    0,    0,    0,    0,    0,    0,    0,    0,    0,    0,  -22,  -22,    0,    0,    0,  -11,    0,    0,    0,    0,    0,   -7,   -7,    7,    0,    0,    0,    0,   -7,    0,    0,    0,    0,    0,    0,    0,    0,    0,    0,    0,    0,    0,    0,    0,    0,    0,    0,    0,    0,    0,   -7,    0,    0,   -7,    0,   -7,    0,    0,    0,    0,    0,    0,    0,    0,  -22,    0,    0,    0,  -22,    0,    0,    0,    0,    0,    0,    0,    0,    0,    0,    0,    0,    0,    0,    0,    0,    0,    0,    0,    0,    0,    0,    0,    0,    0,    0,    0,    0,    0,    0,    0,    0,    0,    0,    0,    0,    0,    0,    0,    0,    0,    0,    0,    0,    0,    0,    0,    0,    0,    0,    0,    0,    0,    0,    0,    0,    0,    0,    0,    0,    0,    0,    0,    0,    0,    0,    0,    0,    0,    0,    0,    0,    0,    0,    0,    0,    0,    0,    0,    0,    0,    0,    0,    0,    0,    0,    0,    0,    0,    0,    0,
       0,    0,    0,    0,    0,  -37,    0,  -37,  -15,    0,    0,    0,    0,    0,    0,    0,    0,    0,    0,  -15,  -15,    0,  -29,    0,   11,   -7,  -18,  -11,    0,  -15,  -15,  -29,   -7,  -26,    0,  -37,    0,    0,    0,    0,    0,    0,    0,    0,    0,    0,    0,    0,    0,    0,    0,    0,    0,    0,    0,    0,    0,  -22,  -15,    0,    0,    0,    0,    0,    0,    0,    0,    0,    0,    0,    0,    0,    0,  -15,  -22,    0,    0,  -15,    0,    0,    0,    0,    0,    0,    0,    0,    0,    0,    0,    0,    0,    0,    0,    0,    0,    0,    0,    0,    0,    0,    0,    0,    0,    0,    0,    0,    0,    0,    0,    0,    0,    0,    0,    0,    0,    0,    0,    0,    0,    0,    0,    0,    0,    0,    0,    0,    0,    0,    0,    0,    0,    0,    0,    0,    0,    0,    0,    0,    0,    0,    0,    0,    0,    0,    0,    0,    0,    0,    0,    0,    0,    0,    0,    0,    0,    0,    0,    0,    0,    0,    0,    0,    0,    0,    0,    0,    0,    0,    0,
       0,    0,    0,    0,   22,    0,    0,    0,    0,    0,    0,    0,    0,    0,    0,    0,    0,    0,    0,  -22,  -22,    0,   -7,    0,   -7,    0,    0,    0,    0,    0,   -7,    0,    0,    0,    0,    0,    0,   -7,    0,    0,    0,    0,    0,    0,    0,    0,    0,    0,    0,    0,    0,    0,    0,    0,    0,    0,    0,    0,    0,   -7,    0,    0,   -7,    0,   -7,    0,    0,    0,    0,    0,    0,    0,    0,    0,   -7,    0,    0,  -22,    0,    0,    0,    0,    0,    0,    0,    0,    0,    0,    0,    0,    0,    0,    0,    0,    0,    0,    0,    0,    0,    0,    0,    0,    0,    0,    0,    0,    0,    0,    0,    0,    0,    0,    0,    0,    0,    0,    0,    0,    0,    0,    0,    0,    0,    0,    0,    0,    0,    0,    0,    0,    0,    0,    0,    0,    0,    0,    0,    0,    0,    0,    0,    0,    0,    0,    0,    0,    0,    0,    0,    0,    0,    0,    0,    0,    0,    0,    0,    0,    0,    0,    0,    0,    0,    0,    0,    0,    0,    0,    0,
       0,    0,    0,    0,    0,  -59,    0,  -59,  -37,    0,    0,    0,    0,    0,    0,    0,    0,    0,    0,  -37,  -37,    0,  -66,    0,    0,    0,    0,  -11,    0,    0,    0,    7,   11,    7,    0,    0,    0,  -18,   15,  -10,  -22,   15,    0,    0,    0,  -15,    0,    0,    0,    0,    0,    0,    0,    0,  -15,    0,    0,  -70,    0,  -18,    0,   15,  -18,   15,  -18,   15,    0,   15,  -15,    0,    0,  -22,    0,    0,    0,    0,    0,  -37,    0,    0,    0,    0,    0,    0,    0,    0,    0,    0,    0,    0,    0,    0,    0,    0,    0,    0,    0,    0,    0,    0,    0,    0,    0,    0,    0,    0,    0,    0,    0,    0,    0,    0,    0,    0,    0,    0,    0,    0,    0,    0,    0,    0,    0,    0,    0,    0,    0,    0,    0,    0,    0,    0,    0,    0,    0,    0,    0,    0,    0,    0,    0,    0,    0,    0,    0,    0,    0,    0,    0,    0,    0,    0,    0,    0,    0,    0,    0,    0,    0,    0,    0,    0,    0,    0,    0,    0,    0,   33,    0,
       0,    0,    0,    0,    0,  -22,    0,  -22,    0,    0,    0,    0,    0,    0,    0,    0,    0,    0,    0,    0,    0,    0,  -15,    0,    0,    0,    0,    0,    0,  -22,  -22,  -29,    0,  -15,    0,  -22,    0,    0,    0,    0,    0,    0,    0,    0,    0,    0,    0,    0,    0,    0,    0,    0,    0,    0,    0,    0,    0,    0,    0,    0,    0,    0,    0,    0,    0,    0,    0,    0,    0,    0,    0,    0,    0,    0,  -15,    0,    0,    0,    0,    0,    0,    0,    0,    0,    0,    0,    0,    0,    0,    0,    0,    0,    0,    0,    0,    0,    0,    0,    0,    0,    0,    0,    0,    0,    0,    0,    0,    0,    0,    0,    0,    0,    0,    0,    0,    0,    0,    0,    0,    0,    0,    0,    0,    0,    0,    0,    0,    0,    0,    0,    0,    0,    0,    0,    0,    0,    0,    0,    0,    0,    0,    0,    0,    0,    0,    0,    0,    0,    0,    0,    0,    0,    0,    0,    0,    0,    0,    0,    0,    0,    0,    0,    0,    0,    0,    0,  -22,    0,    0,
       0,    0,    0,    0,    0,  -22,    0,  -22,    0,    0,    0,    0,    0,    0,    0,    0,    0,    0,    0,  -29,  -29,    0,   -7,    0,  -11,    0,    0,    0,    0,    0,    0,    0,    0,    0,    0,    0,    0,  -15,   22,    0,    0,   22,    0,    0,   -7,   -7,  -15,   -7,    0,  -10,    0,    0,    0,    0,  -29,  -15,    0,    0,    0,  -15,    0,    0,  -15,   22,  -15,   22,    0,   22,   -7,    0,    0,    0,    0,  -15,    0,  -15,    0,  -29,    0,    0,    0,    0,    0,    0,    0,    0,    0,    0,    0,    0,    0,    0,    0,    0,    0,    0,    0,    0,    0,    0,    0,    0,    0,    0,    0,    0,    0,    0,    0,    0,    0,    0,    0,    0,    0,    0,    0,    0,    0,    0,    0,    0,    0,    0,    0,    0,    0,    0,    0,    0,    0,    0,    0,    0,    0,    0,    0,    0,    0,    0,    0,    0,    0,    0,    0,    0,    0,    0,    0,    0,    0,    0,    0,    0,    0,    0,    0,    0,    0,    0,    0,    0,    0,    0,    0,    0,    0,    0,    0,
       0,    0,    0,    0,   37,  -44,    0,  -44,  -22,    0,    0,    0,    0,    0,    0,    0,    0,    0,    0,  -37,  -37,    0,  -22,   18,   -7,    0,    0,    0,    0,    0,    0,    0,   22,   15,    0,   22,    0,  -11,   29,    0,    0,   29,    0,    0,    0,    0,    0,    0,    0,    0,    0,    0,    0,    0,    0,    0,    0,  -15,    0,  -11,    0,   15,  -11,   29,  -11,   29,    0,   29,    0,    0,    0,    0,    0,  -22,    0,    0,    0,  -37,    0,    0,    0,    0,    0,    0,    0,    0,    0,    0,    0,    0,    0,    0,    0,    0,    0,    0,    0,    0,    0,    0,    0,    0,    0,    0,    0,    0,    0,    0,    0,    0,    0,    0,    0,    0,    0,    0,    0,    0,    0,    0,    0,    0,    0,    0,    0,    0,    0,    0,    0,    0,    0,    0,    0,    0,    0,    0,    0,    0,    0,    0,    0,    0,    0,    0,    0,    0,    0,    0,    0,    0,    0,    0,    0,    0,    0,    0,    0,    0,    0,    0,    0,    0,    0,    0,    0,    0,    0,    0,    0,
       0,    0,    0,    0,   22,    0,  -22,    0,    0,    0,    0,    0,    0,    0,    0,    0,    0,    0,    0,    0,    0,    0,   22,    7,  -26,    0,    0,   22,    0,    0,    0,    0,   33,    0,    0,   15,    0,  -15,   29,    0,    0,   29,    0,    0,  -15,  -15,   -7,  -22,  -15,    0,  -15,    0,    0,    0,  -29,    0,    0,   26,    0,  -15,    0,    0,  -15,   29,  -15,   29,    0,   29,  -15,    0,    0,    0,    0,  -29,    0,  -37,    0,    0,    0,    0,    0,    0,    0,    0,    0,    0,    0,    0,    0,    0,    0,    0,    0,    0,    0,    0,    0,    0,    0,    0,    0,    0,    0,    0,    0,    0,    0,    0,    0,    0,    0,    0,    0,    0,    0,    0,    0,    0,    0,    0,    0,    0,    0,    0,    0,    0,    0,    0,    0,    0,    0,    0,    0,    0,    0,    0,    0,    0,    0,    0,    0,    0,    0,    0,    0,    0,    0,    0,    0,    0,    0,    0,    0,    0,    0,    0,    0,    0,    0,    0,    0,    0,    0,    0,    0,    0,    0,    0,    0,
       0,    0,    0,    0,  -40,    0,    0,    0,    0,    0,    0,    0,    0,    0,    0,    0,    0,    0,    0,    0,    0,    0,    0,    0,    0,    0,    0,    0,    0,  -33,  -22,  -51,   22,  -44,    0,  -44,    0,    0,    0,    0,    0,    0,    0,    0,    0,    0,    0,    0,  -15,    0,  -15,    0,    0,    0,    0,    0,    0,    0,    0,    0,    0,    0,    0,    0,    0,    0,    0,    0,    0,    0,    0,    0,    0,  -15,    0,    0,    0,    0,    0,    0,    0,    0,    0,    0,    0,    0,    0,    0,    0,    0,    0,    0,    0,    0,    0,    0,    0,    0,    0,    0,    0,    0,    0,    0,    0,    0,    0,    0,    0,    0,    0,    0,    0,    0,    0,    0,    0,    0,    0,    0,    0,    0,    0,    0,    0,    0,    0,    0,    0,    0,    0,    0,    0,    0,    0,    0,    0,    0,    0,    0,    0,    0,    0,    0,    0,    0,    0,    0,    0,    0,    0,    0,    0,    0,    0,    0,    0,    0,    0,    0,    0,    0,    0,    0,    0,    0,  -44,  -15,    0,
       0,    0,    0,    0,    0,    0,    0,    0,    0,    0,    0,    0,    0,    0,    0,    0,    0,    0,    0,    0,    0,    0,   15,    0,  -11,    0,    0,   15,    0,   -7,  -15,  -24,   37,   -7,    0,  -22,    0,    0,    0,    0,    0,    0,    0,    0,    0,    0,    0,    0,   -7,    0,   -7,    0,    0,    0,  -15,    0,    0,   22,    0,    0,    0,    0,    0,    0,    0,    0,    0,    0,    0,    0,    0,    0,    0,  -15,    0,  -15,    0,    0,    0,    0,    0,    0,    0,    0,    0,    0,    0,    0,    0,    0,    0,    0,    0,    0,    0,    0,    0,    0,    0,    0,    0,    0,    0,    0,    0,    0,    0,    0,    0,    0,    0,    0,    0,    0,    0,    0,    0,    0,    0,    0,    0,    0,    0,    0,    0,    0,    0,    0,    0,    0,    0,    0,    0,    0,    0,    0,    0,    0,    0,    0,    0,    0,    0,    0,    0,    0,    0,    0,    0,    0,    0,    0,    0,    0,    0,    0,    0,    0,    0,    0,    0,    0,    0,    0,    0,    0,  -22,    0,    0,
       0,    0,    0,    0,    0,  -37,    0,  -37,  -44,    0,    0,    0,    0,    0,    0,    0,    0,    0,    0,    0,    0,    0,  -29,    0,  -11,    0,    0,    0,    0,    0,    0,    0,   15,    0,    0,   22,    0,  -15,   18,    0,  -15,   18,    0,    0,    0,  -15,    0,   -7,    0,  -15,    0,  -10,    0,    0,  -15,  -15,    0,  -29,    0,  -15,    0,    0,  -15,   18,  -15,   18,    0,   18,  -15,  -10,    0,  -15,    0,  -15,    0,   -7,    0,    0,    0,    0,    0,    0,    0,    0,    0,    0,    0,    0,    0,    0,    0,    0,    0,    0,    0,    0,    0,    0,    0,    0,    0,    0,    0,    0,    0,    0,    0,    0,    0,    0,    0,    0,    0,    0,    0,    0,    0,    0,    0,    0,    0,    0,    0,    0,    0,    0,    0,    0,    0,    0,    0,    0,    0,    0,    0,    0,    0,    0,    0,    0,    0,    0,    0,    0,    0,    0,    0,    0,    0,    0,    0,    0,    0,    0,    0,    0,    0,    0,    0,    0,    0,    0,    0,    0,    0,    0,    0,    0,    0,
       0,    0,    0,    0,    0,  -59,    0,  -59,  -51,    0,    0,    0,    0,    0,    0,    0,    0,    0,    0,  -37,  -37,    0,  -77,   -7,    0,  -18,   -7,  -26,    0,    0,  -15,  -15,   -7,  -15,    0,  -22,    0,  -15,   -7,    0,  -18,   -7,    0,    0,    0,  -15,    0,    0,   15,    0,   15,    0,    0,    0,    0,    0,    0, -106,    0,  -15,    0,    0,  -15,   -7,  -15,   -7,    0,   -7,  -15,    0,    0,  -18,   -7,    0,  -15,    0,    0,  -37,    0,    0,    0,    0,    0,    0,    0,    0,    0,    0,    0,    0,    0,    0,    0,    0,    0,    0,    0,    0,    0,    0,    0,    0,    0,    0,    0,    0,    0,    0,    0,    0,    0,    0,    0,    0,    0,    0,    0,    0,    0,    0,    0,    0,    0,    0,    0,    0,    0,    0,    0,    0,    0,    0,    0,    0,    0,    0,    0,    0,    0,    0,    0,    0,    0,    0,    0,    0,    0,    0,    0,    0,    0,    0,    0,    0,    0,    0,    0,    0,    0,    0,    0,    0,    0,    0,    0,    0,    0,    0,    0,
       0,    0,    0,  127,    0,  101,    0,  -37,  -15,    0,    0,    0,    0,    0,    0,    0,    0,    0,    0,  -15,  123,    0,  -29,    0,   11,   -7,   58,  -11,    0,  -15,  -15,  -29,   -7,  -26,    0,  -37,  127,    0,    0,    0,   31,    0,    0,   46,    0,    0,    0,    0,    0,    0,    0,    0,  127,    0,    0,    0,    0,  -22,  -15,    0,    0,    0,    0,    0,    0,    0,    0,    0,    0,    0,    0,   31,    0,   22,  -22,    0,    0,  -15,    0,    0,    0,    0,    0,    0,    0,    0,    0,    0,    0,    0,    0,    0,    0,    0,    0,    0,    0,    0,    0,    0,    0,    0,    0,    0,    0,    0,    0,    0,    0,    0,    0,    0,    0,    0,    0,    0,    0,    0,    0,    0,    0,    0,    0,    0,    0,    0,    0,    0,    0,    0,    0,    0,    0,    0,    0,    0,    0,    0,    0,    0,    0,    0,    0,    0,    0,    0,    0,    0,    0,    0,    0,    0,    0,    0,    0,    0,    0,    0,    0,    0,    0,    0,    0,    0,    0,    0,    0,    0,    0,
       0,    0,    0,    0,  -22,    0,  -29,    0,    0,    0,    0,    0,    0,    0,    0,    0,    0,    0,    0,    0,    0,    0,   37,   22,  -22,   15,    0,   29,    0,  -44,  -44,  -51,   44,  -44,    0,  -70,    0,   -7,    0,  -15,    0,    0,    0,    0,    0,    0,    0,  -15,  -15,    0,  -15,    0,    0,    0,  -29,    0,    0,   44,    0,   -7,    0,    0,   -7,    0,   -7,    0,    0,    0,    0,    0,    0,    0,    0,  -37,    0,  -22,    0,    0,    0,    0,    0,    0,    0,    0,    0,    0,    0,    0,    0,    0,    0,    0,    0,    0,    0,    0,    0,    0,    0,    0,    0,    0,    0,    0,    0,    0,    0,    0,    0,    0,    0,    0,    0,    0,    0,    0,    0,    0,    0,    0,    0,    0,    0,    0,    0,    0,    0,    0,    0,    0,    0,    0,    0,    0,    0,    0,    0,    0,    0,    0,    0,    0,    0,    0,    0,    0,    0,    0,    0,    0,    0,    0,    0,    0,    0,    0,    0,    0,    0,    0,    0,    0,    0,    0,    0,    0,  -40,  -22,    0,
       0,    0,    0,    0,    0,  -22,    0,  -22,    0,    0,    0,    0,    0,    0,    0,    0,    0,    0,    0,  -29,  -29,    0,    0,    0,    0,    0,    0,    0,    0,  -13,   -7,   -7,    0,    0,    0,  -15,    0,    0,    0,    0,    0,    0,    0,    0,    0,    0,    0,    0,    0,    0,    0,    0,    0,    0,    0,    0,    0,    0,    0,    0,    0,    0,    0,    0,    0,    0,    0,    0,    0,    0,    0,    0,    0,  -15,  -15,  -15,    0,  -29,    0,    0,    0,    0,    0,    0,    0,    0,    0,    0,    0,    0,    0,    0,    0,    0,    0,    0,    0,    0,    0,    0,    0,    0,    0,    0,    0,    0,    0,    0,    0,    0,    0,    0,    0,    0,    0,    0,    0,    0,    0,    0,    0,    0,    0,    0,    0,    0,    0,    0,    0,    0,    0,    0,    0,    0,    0,    0,    0,    0,    0,    0,    0,    0,    0,    0,    0,    0,    0,    0,    0,    0,    0,    0,    0,    0,    0,    0,    0,    0,    0,    0,    0,    0,    0,    0,    0,    0,    0,    0,    0,
       0,    0,    0,    0,   66,  -73,    0,  -73,  -51,    0,    0,    0,    0,    0,    0,    0,    0,    0,    0,  -37,  -37,    0,  -59,   15,    0,    0,    0,   -7,    0,    0,    0,    7,   15,   15,    0,    0,    0,  -29,   15,    0,  -15,   15,    0,    0,    0,  -22,    0,    0,   22,    0,   22,    0,    0,    0,  -22,    0,    0,  -66,    0,  -29,    0,    0,  -29,   15,  -29,   44,    0,   15,  -22,    0,  -22,  -15,    0,  -22,    0,    0,   40,  -37,    0,    0,    0,    0,    0,    0,    0,    0,    0,    0,    0,    0,    0,    0,    0,    0,    0,    0,    0,    0,    0,    0,    0,    0,    0,    0,    0,    0,    0,    0,    0,    0,    0,    0,    0,    0,    0,    0,    0,    0,    0,    0,    0,    0,    0,    0,    0,    0,    0,    0,    0,    0,    0,    0,    0,    0,    0,    0,    0,    0,    0,    0,    0,    0,    0,    0,    0,    0,    0,    0,    0,    0,    0,    0,    0,    0,    0,    0,    0,    0,    0,    0,    0,    0,    0,    0,    0,    0,   22,   22,    0,
       0,    0,    0,    0,    0,  -59,    0,  -59,  -51,    0,    0,    0,    0,    0,    0,    0,    0,    0,    0,  -22,  -22,    0,  -44,    0,  -15,    0,    0,   -7,   -7,    0,    0,    0,    0,    0,    0,   22,    0,  -29,   29,    0,  -29,   29,    0,    0,    0,  -22,    0,    0,    0,  -15,    0,   -7,    0,    0,    0,    0,    0,  -59,  -37,  -29,    0,    0,  -29,   29,  -29,   29,    0,   29,  -22,   -7,  -15,  -29,    0,  -15,    0,   -7,    0,  -22,    0,    0,    0,    0,    0,    0,    0,    0,    0,    0,    0,    0,    0,    0,    0,    0,    0,    0,    0,    0,    0,    0,    0,    0,    0,    0,    0,    0,    0,    0,    0,    0,    0,    0,    0,    0,    0,    0,    0,    0,    0,    0,    0,    0,    0,    0,    0,    0,    0,    0,    0,    0,    0,    0,    0,    0,    0,    0,    0,    0,    0,    0,    0,    0,    0,    0,    0,    0,    0,    0,    0,    0,    0,    0,    0,    0,    0,    0,    0,    0,    0,    0,    0,    0,    0,    0,    0,    0,    0,    0,    0,
       0,    0,    0,    0,   15,  -95,  -22,  -95,  -66,    0,    0,    0,    0,    0,    0,    0,    0,    0,    0,  -51,  -51,    0,  -81,   22,  -15,    0,    0,  -15,    0,    7,    0,    7,    7,   22,    0,   37,    0,  -44,   37,    0,  -44,   37,    0,    0,    0,  -37,    0,   -7,    0,  -15,    0,   -7,    0,    0,  -22,  -22,    0, -103,    0,  -44,    0,   15,  -44,   37,  -44,   37,   22,   37,  -37,   -7,  -22,  -44,    0,  -15,    0,  -15,    0,  -51,    0,    0,    0,    0,    0,    0,    0,    0,    0,    0,    0,    0,    0,    0,    0,    0,    0,    0,    0,    0,    0,    0,    0,    0,    0,    0,    0,    0,    0,    0,    0,    0,    0,    0,    0,    0,    0,    0,    0,    0,    0,    0,    0,    0,    0,    0,    0,    0,    0,    0,    0,    0,    0,    0,    0,    0,    0,    0,    0,    0,    0,    0,    0,    0,    0,    0,    0,    0,    0,    0,    0,    0,    0,    0,    0,    0,    0,    0,    0,    0,    0,    0,    0,    0,    0,    0,    0,    0,    0,    0,    0,
       0,    0,    0,    0,   15,  -95,  -22,  -95,  -66,    0,    0,    0,    0,    0,    0,    0,    0,    0,    0,  -51,  -51,    0,  -81,   22,  -15,    0,    0,  -15,    0,    7,    0,    7,    7,   22,    0,   37,    0,  -44,   37,    0,  -44,   37,    0,    0,    0,  -37,    0,   -7,    0,  -15,    0,   -7,    0,    0,  -22,  -22,    0, -103,    0,  -44,    0,   44,  -44,   37,  -44,   37,   22,   37,  -37,   -7,  -22,  -44,    0,  -15,    0,  -15,    0,  -51,    0,    0,    0,    0,    0,    0,    0,    0,    0,    0,    0,    0,    0,    0,    0,    0,    0,    0,    0,    0,    0,    0,    0,    0,    0,    0,    0,    0,    0,    0,    0,    0,    0,    0,    0,    0,    0,    0,    0,    0,    0,    0,    0,    0,    0,    0,    0,    0,    0,    0,    0,    0,    0,    0,    0,    0,    0,    0,    0,    0,    0,    0,    0,    0,    0,    0,    0,    0,    0,    0,    0,    0,    0,    0,    0,    0,    0,    0,    0,    0,    0,    0,    0,    0,    0,    0,    0,    0,    0,    0,    0,
       0,    0,    0,    0,   22,  -29,    0,  -29,    0,    0,    0,    0,    0,    0,    0,    0,    0,    0,    0,  -15,  -15,    0,   20,   15,  -22,    0,    0,   18,    0,    0,    0,    0,   37,   22,    0,   22,    0,  -15,   22,    0,    0,   22,    0,    0,    0,    0,    0,  -15,   -7,    0,   -7,    0,    0,    0,  -15,    0,    0,   15,    0,  -15,    0,   29,    0,   22,  -15,   22,   22,   22,    0,    0,    0,    0,    0,  -29,    0,  -22,    0,  -15,    0,    0,    0,    0,    0,    0,    0,    0,    0,    0,    0,    0,    0,    0,    0,    0,    0,    0,    0,    0,    0,    0,    0,    0,    0,    0,    0,    0,    0,    0,    0,    0,    0,    0,    0,    0,    0,    0,    0,    0,    0,    0,    0,    0,    0,    0,    0,    0,    0,    0,    0,    0,    0,    0,    0,    0,    0,    0,    0,    0,    0,    0,    0,    0,    0,    0,    0,    0,    0,    0,    0,    0,    0,    0,    0,    0,    0,    0,    0,    0,    0,    0,    0,    0,    0,    0,    0,    0,    0,    0,    0,
       0,   15,    0,    0,   48,  -66,  -29,  -66,  -44,    0,    0,    0,    0,    0,    0,    0,    0,    0,    0,  -51,  -51,    0,  -70,   22,  -18,    0,    0,    0,   -7,   15,    0,   15,   37,   22,    0,   37,    0,  -29,   37,  -12,  -37,   37,    0,    0,  -15,  -37,    0,  -15,    0,  -29,    0,   -7,    0,    0,  -22,  -22,    0,  -73,    0,  -29,    0,   37,  -29,   37,  -29,   37,    0,   37,  -37,   -7,  -37,  -37,    0,  -29,    0,  -22,    0,  -51,    0,    0,    0,    0,    0,    0,    0,    0,    0,    0,    0,    0,    0,    0,    0,    0,    0,    0,    0,    0,    0,    0,    0,    0,    0,    0,    0,    0,    0,    0,    0,    0,    0,    0,    0,    0,    0,    0,    0,    0,    0,    0,    0,    0,    0,    0,    0,    0,    0,    0,    0,    0,    0,    0,    0,    0,    0,    0,    0,    0,    0,    0,    0,    0,    0,    0,    0,    0,    0,    0,    0,    0,    0,    0,    0,    0,    0,    0,    0,    0,    0,    0,    0,    0,    0,    0,    0,    0,    0,    0,    0,
       0,    0,    0,    0,    0,    0,    0,    0,    0,    0,    0,    0,    0,    0,    0,    0,    0,    0,    0,  -15,  -15,    0,    0,    0,    0,    0,    0,    0,    0,  -11,  -22,  -29,    0,  -15,    0,  -22,    0,    0,    0,    0,    0,    0,    0,    0,    0,    0,    0,    0,    0,    0,    0,    0,    0,    0,    0,    0,    0,    0,    0,    0,    0,    0,    0,    0,    0,    0,    0,    0,    0,    0,    0,    0,    0,  -15,    0,    0,    0,  -15,    0,    0,    0,    0,    0,    0,    0,    0,    0,    0,    0,    0,    0,    0,    0,    0,    0,    0,    0,    0,    0,    0,    0,    0,    0,    0,    0,    0,    0,    0,    0,    0,    0,    0,    0,    0,    0,    0,    0,    0,    0,    0,    0,    0,    0,    0,    0,    0,    0,    0,    0,    0,    0,    0,    0,    0,    0,    0,    0,    0,    0,    0,    0,    0,    0,    0,    0,    0,    0,    0,    0,    0,    0,    0,    0,    0,    0,    0,    0,    0,    0,    0,    0,    0,    0,    0,    0,    0,    0,    0,    0,
       0,    0,    0,    0,    0,    0,    0,    0,    0,    0,    0,    0,    0,    0,    0,    0,    0,    0,    0,    0,    0,    0,    0,    0,    0,    0,   44,    0,    0,    0,    0,    0,    0,    0,    0,    0,    0,    0,   51,   51,    0,   51,    0,   66,    0,    0,    0,    0,    0,    0,   44,    0,    0,    0,    0,    0,    0,    0,    0,    0,    0,    0,    0,   51,    0,   51,    0,   51,    0,    0,    0,    0,    0,    0,    0,    0,    0,    0,    0,    0,    0,    0,    0,    0,    0,    0,    0,    0,    0,    0,    0,    0,    0,    0,    0,    0,    0,    0,    0,    0,    0,    0,    0,    0,    0,    0,    0,    0,    0,    0,    0,    0,    0,    0,    0,   44,    0,    0,    0,    0,    0,    0,    0,    0,    0,    0,    0,    0,    0,    0,    0,    0,    0,    0,    0,    0,    0,    0,    0,    0,    0,    0,    0,    0,    0,    0,   51,    0,    0,    0,   66,   51,    0,    0,    0,    0,    0,    0,    0,    0,    0,    0,    0,    0,    0,    0,    0,    0,    0,
       0,    0,    0,    0,    0,    0,    0,    0,    0,    0,    0,   22,   15,    0,   15,    0,    0,    0,   15,    0,    0,    0,   44,   22,  -15,   22,   95,   22,    0,  -40,  -37,  -73,   44,  -63,    0,    0,    0,    0,   22,   44,   59,   22,    0,   29,    0,    0,    0,    0,  -37,   22,  -37,   15,    0,    0,    0,    0,    0,   22,    0,    0,    0,    0,    0,   22,    0,   22,    0,   22,    0,   15,    0,   59,    0,    0,    0,    0,    0,    0,    0,    0,   44,   22,   22,    0,  -15,   22,    0,  -40,  -15,  -15,   44,  -44,    0,    0,    0,    0,    0,    0,    0,  -37,    0,    0,    0,    0,    0,    0,    0,    0,    0,    0,    0,   22,  -40,  -15,    0,   95,   44,    0,   44,   22,   59,   33,    0,   44,   22,  -15,   44,  -59,    0,   48,    0,    0,    0,    0,    0,    0,    0,    0,    0,    0,    0,  -37,   22,  -51,  -22,    0,   22,    0,    0,    0,   29,   22,  -73,  -37,    0,    0,    0,  -63,  -51,    0,    0,   22,    0,    0,    0,    0,    0,    0,    0,
       0,    0,    0,    0,  -22,    0,    0,    0,   22,    0,    0,    0,    0,    0,    0,    0,    0,    0,    0,    0,    0,    0,    0,    0,    0,    0,    0,    0,    0,    0,    0,    0,    0,    0,    0,  -44,    0,    0,    0,    0,    0,    0,    0,    0,    0,    7,    0,    0,    0,    0,    0,    0,    0,    0,    0,    0,    0,    0,    0,    0,    0,    0,    0,    0,    0,    0,    0,    0,    7,    0,    0,    0,    0,  -15,    0,    0,    0,    0,    0,    0,    0,    0,    0,    0,    0,    0,    0,    0,    0,    0,    0,    0,    0,    0,    0,    0,    0,    0,    0,    0,    0,    0,    0,    0,    0,    0,    0,    0,    0,    0,    0,    0,    0,    0,    0,    0,    0,    0,    0,    0,    0,    0,    0,    0,    0,    0,    0,    0,    0,    0,    0,    0,    0,    0,    0,    0,    0,    0,    0,    0,    0,    0,    0,    0,    0,    0,    0,    0,    0,    0,    0,    0,    0,    0,    0,    0,    0,    0,    0,    0,    0,    0,    0,    0,    0,    0,  -22,    0,    0,
       0,    0,    0,    0,  -22,  -37,    0,  -37,    0,    0,    0,    0,    0,    0,    0,    0,    0,    0,    0,  -15,  -15,    0,    0,    0,    0,    0,    0,    0,    0,    0,    0,    0,    0,    0,    0,  -44,    0,    0,    0,    0,    0,    0,    0,    0,    0,    0,    0,    0,    0,   -7,    0,    0,    0,    0,    0,    0,    0,    0,    0,    0,    0,    0,    0,    0,    0,    0,    0,   26,    0,    0,    0,    0,    0,  -15,    0,    0,    0,  -15,    0,    0,    0,    0,    0,    0,    0,    0,    0,    0,    0,    0,    0,    0,    0,    0,    0,    0,    0,    0,    0,    0,    0,    0,    0,    0,    0,    0,    0,    0,    0,    0,    0,    0,    0,    0,    0,    0,    0,    0,    0,    0,    0,    0,    0,    0,    0,    0,    0,    0,    0,    0,    0,    0,    0,    0,    0,    0,    0,    0,    0,    0,    0,    0,    0,    0,    0,    0,    0,    0,    0,    0,    0,    0,    0,    0,    0,    0,    0,    0,    0,    0,    0,    0,    0,    0,    0,    0,  -22,    0,    0,
       0,    0,    0,    0,    0,    0,    0,    0,    0,    0,    0,    0,    0,    0,    0,    0,    0,    0,    0,    0,    0,    0,    0,    0,    0,    0,    0,    0,    0,    0,    0,    0,    0,    0,    0,  -29,    0,   -7,    0,    0,    0,    0,    0,    0,    0,    0,    0,    0,   15,    0,   15,    0,    0,    0,    0,    0,    0,    0,    0,   -7,    0,    0,   -7,    0,   -7,    0,    0,    0,    0,    0,    0,    0,    0,    0,    0,    0,    0,    0,    0,    0,    0,    0,    0,    0,    0,    0,    0,    0,    0,    0,    0,    0,    0,    0,    0,    0,    0,    0,    0,    0,    0,    0,    0,    0,    0,    0,    0,    0,    0,    0,    0,    0,    0,    0,    0,    0,    0,    0,    0,    0,    0,    0,    0,    0,    0,    0,    0,    0,    0,    0,    0,    0,    0,    0,    0,    0,    0,    0,    0,    0,    0,    0,    0,    0,    0,    0,    0,    0,    0,    0,    0,    0,    0,    0,    0,    0,    0,    0,    0,    0,    0,    0,    0,    0,    0,    0,    0,   15,    0,
       0,    0,    0,    0,    0,    0,    0,    0,   22,    0,    0,    0,    0,    0,    0,    0,    0,    0,    0,    0,    0,    0,    0,    0,    0,    0,    0,    0,    0,    0,    0,    0,    0,    0,    0,   15,    0,    0,    0,    0,    0,    0,    0,    0,    0,   15,    0,    0,    0,    0,    0,    0,    0,    0,    0,    0,    0,    0,    0,    0,    0,    0,    0,    0,    0,    0,    0,    0,   15,    0,    0,    0,    0,    0,    0,    0,    0,    0,    0,    0,    0,    0,    0,    0,    0,    0,    0,    0,    0,    0,    0,    0,    0,    0,    0,    0,    0,    0,    0,    0,    0,    0,    0,    0,    0,    0,    0,    0,    0,    0,    0,    0,    0,    0,    0,    0,    0,    0,    0,    0,    0,    0,    0,    0,    0,    0,    0,    0,    0,    0,    0,    0,    0,    0,    0,    0,    0,    0,    0,    0,    0,    0,    0,    0,    0,    0,    0,    0,    0,    0,    0,    0,    0,    0,    0,    0,    0,    0,    0,    0,    0,    0,    0,    0,    0,    0,    0,    0,    0,
       0,    0,    0,    0,    0,    0,    0,    0,    0,    0,    0,    0,    0,    0,    0,    0,    0,    0,    0,    0,    0,    0,    0,    0,    0,    0,    0,    0,    0,    0,    0,    0,    0,    0,    0,  -44,    0,   -7,   -7,    0,  -22,   -7,    0,    0,    0,    0,    0,    0,    0,    0,    0,    0,    0,    0,    0,    0,    0,    0,    0,   -7,    0,    0,   -7,   -7,   -7,   -7,    0,   -7,    0,    0,    0,  -22,    0,    0,    0,    0,    0,    0,    0,    0,    0,    0,    0,    0,    0,    0,    0,    0,    0,    0,    0,    0,    0,    0,    0,    0,    0,    0,    0,    0,    0,    0,    0,    0,    0,    0,    0,    0,    0,    0,    0,    0,    0,    0,    0,    0,    0,    0,    0,    0,    0,    0,    0,    0,    0,    0,    0,    0,    0,    0,    0,    0,    0,    0,    0,    0,    0,    0,    0,    0,    0,    0,    0,    0,    0,    0,    0,    0,    0,    0,    0,    0,    0,    0,    0,    0,    0,    0,    0,    0,    0,    0,    0,    0,    0,    0,    0,    0,    0,
       0,    0,    0,   29,   73,  -44,    0,  -44,  -22,    0,    0,    0,    0,    0,    0,    0,    0,    0,    0,    0,    0,   29,    0,    0,    0,    0,    0,    0,    0,    0,    0,    0,    0,    0,    0,   81,   37,  -15,   62,    0,  -22,   62,    0,    0,   -7,   -7,    7,    0,   15,    0,   15,    0,   37,    0,    0,    0,    0,    0,    0,  -15,   51,   59,  -15,   62,  -15,   62,   22,   62,   -7,    0,    0,  -22,    0,    0,    0,    0,    0,    0,    0,    0,    0,    0,    0,    0,    0,    0,    0,    0,    0,    0,    0,    0,    0,    0,    0,    0,    0,    0,    0,    0,    0,    0,    0,    0,    0,    0,    0,    0,    0,    0,    0,    0,    0,    0,    0,    0,    0,    0,    0,    0,    0,    0,    0,    0,    0,    0,    0,    0,    0,    0,    0,    0,    0,    0,    0,    0,    0,    0,    0,    0,    0,    0,    0,    0,    0,    0,    0,    0,    0,    0,    0,    0,    0,    0,    0,    0,    0,    0,    0,    0,    0,    0,    0,    0,    0,    0,   22,   51,    0,
       0,   22,    0,    0,   29,  -15,    0,  -22,   22,    0,    0,    0,    0,    0,    0,    0,    0,    0,    0,    0,    0,    0,    0,    0,    0,    0,    0,    0,    0,    0,    0,    0,    0,    0,    0,    0,    0,    0,    0,   66,   22,    0,   22,   77,   22,    0,   22,   37,   37,   15,   79,   22,   15,    0,    0,    0,    0,    0,    0,    0,   22,   29,    0,   15,    0,    0,    0,    0,    0,   22,    0,   22,    0,    0,    0,    0,    0,    0,    0,    0,    0,    0,    0,    0,    0,    0,    0,    0,    0,    0,    0,    0,    0,    0,    0,    0,    0,    0,    0,    0,    0,    0,    0,    0,    0,    0,    0,    0,    0,    0,    0,    0,    0,    0,    0,    0,    0,    0,    0,    0,    0,    0,    0,    0,    0,    0,    0,    0,    0,    0,    0,    0,    0,    0,    0,    0,    0,    0,    0,    0,    0,    0,    0,    0,    0,    0,    0,    0,    0,    0,    0,    0,    0,    0,    0,    0,    0,    0,    0,    0,    0,    0,    0,    0,    0,    0,   37,   44,    0,
       0,    0,    0,    0,  -29,    0,    0,    0,   15,    0,    0,    0,    0,    0,    0,    0,    0,    0,    0,    0,    0,    0,    0,    0,    0,    0,    0,    0,    0,    0,    0,    0,    0,    0,    0,  -66,    0,    0,    0,    0,    0,    0,    0,    0,    0,   15,    0,    0,  -12,    0,  -12,    0,    0,    0,    0,    0,    0,    0,    0,    0,    0,    0,    0,    0,    0,    0,    0,    0,   15,    0,    0,    0,    0,  -15,    0,    0,    0,    0,    0,    0,    0,    0,    0,    0,    0,    0,    0,    0,    0,    0,    0,    0,    0,    0,    0,    0,    0,    0,    0,    0,    0,    0,    0,    0,    0,    0,    0,    0,    0,    0,    0,    0,    0,    0,    0,    0,    0,    0,    0,    0,    0,    0,    0,    0,    0,    0,    0,    0,    0,    0,    0,    0,    0,    0,    0,    0,    0,    0,    0,    0,    0,    0,    0,    0,    0,    0,    0,    0,    0,    0,    0,    0,    0,    0,    0,    0,    0,    0,    0,    0,    0,    0,    0,    0,    0,    0,  -22,    0,    0,
       0,    0,    0,    0,    0,    0,    0,    0,   15,    0,    0,    0,    0,    0,    0,    0,    0,    0,    0,    0,    0,    0,    0,    0,    0,    0,    0,    0,    0,    0,    0,    0,    0,    0,    0,   29,    0,    0,    0,    0,    0,    0,    0,    0,    0,   15,    0,    0,    0,    0,    0,    0,    0,    0,    0,    0,    0,    0,    0,    0,    0,    0,    0,    0,    0,    0,    0,    0,   15,    0,    0,    0,    0,    0,    0,    0,    0,    0,    0,    0,    0,    0,    0,    0,    0,    0,    0,    0,    0,    0,    0,    0,    0,    0,    0,    0,    0,    0,    0,    0,    0,    0,    0,    0,    0,    0,    0,    0,    0,    0,    0,    0,    0,    0,    0,    0,    0,    0,    0,    0,    0,    0,    0,    0,    0,    0,    0,    0,    0,    0,    0,    0,    0,    0,    0,    0,    0,    0,    0,    0,    0,    0,    0,    0,    0,    0,    0,    0,    0,    0,    0,    0,    0,    0,    0,    0,    0,    0,    0,    0,    0,    0,    0,    0,    0,    0,    0,    0,    0,
       0,    0,    0,    0,    0,    0,    0,    0,    0,    0,    0,    0,    0,    0,    0,    0,    0,    0,    0,  -15,  -15,    0,    0,    0,    0,    0,    0,    0,    0,    0,    0,    0,    0,    0,    0,   29,    0,    0,    0,    0,    0,    0,    0,   29,    0,    0,    0,    0,    0,    0,    0,    0,    0,    0,    0,    0,    0,    0,    0,    0,    0,    0,    0,    0,    0,    0,    0,    0,    0,    0,    0,    0,    0,    0,    0,    0,    0,  -15,    0,    0,    0,    0,    0,    0,    0,    0,    0,    0,    0,    0,    0,    0,    0,    0,    0,    0,    0,    0,    0,    0,    0,    0,    0,    0,    0,    0,    0,    0,    0,    0,    0,    0,    0,    0,    0,    0,    0,    0,    0,    0,    0,    0,    0,    0,    0,    0,    0,    0,    0,    0,    0,    0,    0,    0,    0,    0,    0,    0,    0,    0,    0,    0,    0,    0,    0,    0,    0,    0,    0,    0,    0,    0,    0,    0,    0,    0,    0,    0,    0,    0,    0,    0,    0,    0,    0,    0,    0,    0,    0,
       0,    0,    0,    0,    0,    0,    0,    0,   15,    0,    0,    0,    0,    0,    0,    0,    0,    0,    0,    0,    0,    0,    0,    0,    0,    0,    0,    0,    0,    0,    0,    0,    0,    0,    0,  -22,    0,    0,    0,    0,   29,    0,    0,    0,    0,    0,    0,    0,    0,    0,    0,    7,    0,    0,    0,    0,    0,    0,    0,    0,    0,    0,   29,    0,    0,    0,    0,    0,    0,    7,    0,   29,    0,    0,    0,    0,    0,    0,    0,    0,    0,    0,    0,    0,    0,    0,    0,    0,    0,    0,    0,    0,    0,    0,    0,    0,    0,    0,    0,    0,    0,    0,    0,    0,    0,    0,    0,    0,    0,    0,    0,    0,    0,    0,    0,    0,    0,    0,    0,    0,    0,    0,    0,    0,    0,    0,    0,    0,    0,    0,    0,    0,    0,    0,    0,    0,    0,    0,    0,    0,    0,    0,    0,    0,    0,    0,    0,    0,    0,    0,    0,    0,    0,    0,    0,    0,    0,    0,    0,    0,    0,    0,    0,    0,    0,    0,    0,    0,    0,
       0,    0,    0,    0,    0,    0,    0,    0,   15,    0,    0,    0,    0,    0,    0,    0,    0,    0,    0,    0,    0,    0,    0,    0,    0,    0,    0,    0,    0,    0,    0,    0,    0,    0,    0,    0,    0,    0,    0,    0,    0,    0,    0,    0,    0,   15,    0,    0,    0,    0,    0,    0,    0,    0,    0,    0,    0,    0,    0,    0,    0,    0,    0,    0,    0,    0,    0,    0,   15,    0,    0,    0,    0,    0,    0,    0,    0,    0,    0,    0,    0,    0,    0,    0,    0,    0,    0,    0,    0,    0,    0,    0,    0,    0,    0,    0,    0,    0,    0,    0,    0,    0,    0,    0,    0,    0,    0,    0,    0,    0,    0,    0,    0,    0,    0,    0,    0,    0,    0,    0,    0,    0,    0,    0,    0,    0,    0,    0,    0,    0,    0,    0,    0,    0,    0,    0,    0,    0,    0,    0,    0,    0,    0,    0,    0,    0,    0,    0,    0,    0,    0,    0,    0,    0,    0,    0,    0,    0,    0,    0,    0,    0,    0,    0,    0,    0,    0,    0,    0,
       0,    0,    0,   44,    0,  -22,    0,  -22,    0,    0,    0,    0,    0,    0,    0,    0,    0,    0,    0,    0,    0,    0,    0,    0,    0,    0,    0,    0,    0,    0,    0,    0,    0,    0,    0,  -37,    0,    0,   -7,   59,   15,    0,    0,   88,    0,   -7,    0,    0,    0,    0,   37,    0,    0,    0,    0,    0,    0,    0,    0,    0,    0,    0,    0,    0,    0,    0,    0,    0,   -7,    0,    0,   15,    0,    0,    0,    0,    0,    0,    0,    0,    0,    0,    0,    0,    0,    0,    0,    0,    0,    0,    0,    0,    0,    0,    0,    0,    0,    0,    0,    0,    0,    0,    0,    0,    0,    0,    0,    0,    0,    0,    0,    0,    0,    0,    0,    0,    0,    0,    0,    0,    0,    0,    0,    0,    0,    0,    0,    0,    0,    0,    0,    0,    0,    0,    0,    0,    0,    0,    0,    0,    0,    0,    0,    0,    0,    0,    0,    0,    0,    0,    0,    0,    0,    0,    0,    0,    0,    0,    0,    0,    0,    0,    0,    0,    0,    0,    0,    0,    0,
       0,    0,    0,    0,    0,  -59,    0,  -59,  -37,    0,    0,    0,    0,    0,    0,    0,    0,    0,    0,    0,    0,    0,    0,    0,    0,    0,    0,    0,    0,    0,    0,    0,    0,    0,    0,  -22,    0,  -15,    0,    0,  -22,    0,    0,    0,   15,   -7,    0,    0,   22,    0,   22,    0,    0,    0,    0,    0,    0,    0,    0,  -15,    0,    0,  -15,    0,  -15,    0,    0,    0,   -7,    0,    0,  -22,    0,    0,    0,    0,    0,    0,    0,    0,    0,    0,    0,    0,    0,    0,    0,    0,    0,    0,    0,    0,    0,    0,    0,    0,    0,    0,    0,    0,    0,    0,    0,    0,    0,    0,    0,    0,    0,    0,    0,    0,    0,    0,    0,    0,    0,    0,    0,    0,    0,    0,    0,    0,    0,    0,    0,    0,    0,    0,    0,    0,    0,    0,    0,    0,    0,    0,    0,    0,    0,    0,    0,    0,    0,    0,    0,    0,    0,    0,    0,    0,    0,    0,    0,    0,    0,    0,    0,    0,    0,    0,    0,    0,    0,    0,    0,   37,    0,
       0,    0,    0,    0,    0,  -15,    0,  -15,   15,    0,    0,    0,    0,    0,    0,    0,    0,    0,    0,  -15,  -15,    0,    0,    0,    0,    0,    0,    0,    0,    0,    0,    0,    0,    0,    0,  -29,    0,    0,    0,    0,    0,    0,    0,    0,    0,    0,    0,    0,    0,    0,    0,    0,    0,    0,    0,    0,    0,    0,    0,    0,    0,    0,    0,    0,    0,    0,    0,    0,    0,    0,    0,    0,    0,  -22,    0,    0,    0,  -15,    0,    0,    0,    0,    0,    0,    0,    0,    0,    0,    0,    0,    0,    0,    0,    0,    0,    0,    0,    0,    0,    0,    0,    0,    0,    0,    0,    0,    0,    0,    0,    0,    0,    0,    0,    0,    0,    0,    0,    0,    0,    0,    0,    0,    0,    0,    0,    0,    0,    0,    0,    0,    0,    0,    0,    0,    0,    0,    0,    0,    0,    0,    0,    0,    0,    0,    0,    0,    0,    0,    0,    0,    0,    0,    0,    0,    0,    0,    0,    0,    0,    0,    0,    0,    0,    0,    0,    0,    0,    0,    0,
       0,    0,    0,    0,    0,    0,    0,    0,   15,    0,    0,    0,    0,    0,    0,    0,    0,    0,    0,  -15,  -15,    0,    0,    0,    0,    0,    0,    0,    0,    0,    0,    0,    0,    0,    0,  -15,    0,    0,    0,    0,    0,    0,    0,    0,    0,    0,    0,    0,    0,    0,    0,    0,    0,    0,    0,    0,    0,    0,    0,    0,    0,    0,    0,    0,    0,    0,    0,    0,    0,    0,    0,    0,    0,  -15,    0,    0,    0,  -15,    0,    0,    0,    0,    0,    0,    0,    0,    0,    0,    0,    0,    0,    0,    0,    0,    0,    0,    0,    0,    0,    0,    0,    0,    0,    0,    0,    0,    0,    0,    0,    0,    0,    0,    0,    0,    0,    0,    0,    0,    0,    0,    0,    0,    0,    0,    0,    0,    0,    0,    0,    0,    0,    0,    0,    0,    0,    0,    0,    0,    0,    0,    0,    0,    0,    0,    0,    0,    0,    0,    0,    0,    0,    0,    0,    0,    0,    0,    0,    0,    0,    0,    0,    0,    0,    0,    0,    0,    0,   15,    0,
       0,    0,    0,    0,    0,  -44,    0,  -44,  -22,    0,    0,    0,    0,    0,    0,    0,    0,    0,    0,  -22,  -22,    0,    0,    0,    0,    0,    0,    0,    0,    0,    0,    0,    0,    0,    0,  -22,    0,   -7,    0,    0,  -16,    0,    0,    0,    0,   -7,    0,    0,    0,    0,    0,    0,    0,    0,    0,    0,    0,    0,    0,   -7,    0,    0,   -7,    0,   -7,    0,    0,    0,   -7,    0,    0,  -16,    0,   -7,    0,    0,    0,  -22,    0,    0,    0,    0,    0,    0,    0,    0,    0,    0,    0,    0,    0,    0,    0,    0,    0,    0,    0,    0,    0,    0,    0,    0,    0,    0,    0,    0,    0,    0,    0,    0,    0,    0,    0,    0,    0,    0,    0,    0,    0,    0,    0,    0,    0,    0,    0,    0,    0,    0,    0,    0,    0,    0,    0,    0,    0,    0,    0,    0,    0,    0,    0,    0,    0,    0,    0,    0,    0,    0,    0,    0,    0,    0,    0,    0,    0,    0,    0,    0,    0,    0,    0,    0,    0,    0,    0,    0,    0,    0,    0,
       0,    0,    0,    0,    0,    0,    0,    0,    0,    0,    0,    0,    0,    0,    0,    0,    0,    0,    0,    0,    0,    0,    0,    0,    0,    0,    0,    0,    0,    0,    0,    0,    0,    0,    0,  -46,    0,    0,    0,    0,    0,    0,    0,    0,   15,    0,    0,   15,   22,    0,   22,    0,    0,    0,    0,    0,    0,    0,    0,    0,    0,    0,   22,    0,    0,    0,    0,    0,    0,    0,    0,    0,    0,  -15,    0,    0,    0,    0,    0,    0,    0,    0,    0,    0,    0,    0,    0,    0,    0,    0,    0,    0,    0,    0,    0,    0,    0,    0,    0,    0,    0,    0,    0,    0,    0,    0,    0,    0,    0,    0,    0,    0,    0,    0,    0,    0,    0,    0,    0,    0,    0,    0,    0,    0,    0,    0,    0,    0,    0,    0,    0,    0,    0,    0,    0,    0,    0,    0,    0,    0,    0,    0,    0,    0,    0,    0,    0,    0,    0,    0,    0,    0,    0,    0,    0,    0,    0,    0,    0,    0,    0,    0,    0,    0,    0,    0,    0,   22,    0,
       0,    0,    0,  -22,    0,    0,    0,    0,    0,    0,    0,    0,    0,    0,    0,    0,    0,    0,    0,    0,    0,    0,    0,    0,    0,    0,    0,    0,    0,    0,    0,    0,    0,    0,    0,  -44,    0,    0,    0,    0,    0,    0,    0,    0,    0,   -7,    0,    0,   15,    0,   15,    0,    0,    0,    0,    0,    0,    0,    0,    0,    0,    0,   22,    0,    0,    0,    0,    0,   -7,    0,    0,    0,    0,  -24,    0,    0,    0,    0,    0,    0,    0,    0,    0,    0,    0,    0,    0,    0,    0,    0,    0,    0,    0,    0,    0,    0,    0,    0,    0,    0,    0,    0,    0,    0,    0,    0,    0,    0,    0,    0,    0,    0,    0,    0,    0,    0,    0,    0,    0,    0,    0,    0,    0,    0,    0,    0,    0,    0,    0,    0,    0,    0,    0,    0,    0,    0,    0,    0,    0,    0,    0,    0,    0,    0,    0,    0,    0,    0,    0,    0,    0,    0,    0,    0,    0,    0,    0,    0,    0,    0,    0,    0,    0,    0,    0,    0,    0,   15,    0,
       0,    0,    0,    0,    0,    0,    0,    0,    0,    0,    0,    0,    0,    0,    0,    0,    0,    0,    0,    0,    0,    0,    0,    0,    0,    0,   44,    0,    0,    0,    0,    0,    0,    0,    0,    0,    0,  -29,   44,   51,    0,   44,    0,   77,    0,  -15,    0,    0,    0,    0,   29,    0,    0,    0,    0,    0,    0,    0,    0,  -29,    0,    0,  -29,   44,  -29,   44,    0,   44,  -15,    0,    0,   22,    0,    0,    0,    0,    0,    0,    0,    0,    0,    0,    0,    0,    0,    0,    0,    0,    0,    0,    0,    0,    0,  -29,    0,    0,    0,    0,    0,    0,    0,    0,    0,    0,    0,    0,  -29,    0,    0,    0,    0,    0,    0,    0,    0,   44,    0,    0,    0,    0,    0,    0,    0,    0,    0,    0,    0,    0,    0,    0,  -29,    0,    0,  -29,    0,    0,    0,    0,    0,    0,    0,   29,    0,    0,    0,    0,   44,  -15,    0,    0,   77,   44,    0,   29,    0,    0,    0,    0,    0,    0,    0,    0,    0,    0,    0,    0,    0,    0,    0,
       0,    0,    0,    0,    0,    0,    0,    0,    0,    0,    0,    0,    0,    0,    0,    0,    0,    0,    0,    0,    0,    0,    0,    0,    0,    0,   73,    0,    0,    0,    0,  -33,    0,  -18,    0,    0,    0,    0,  -22,   37,    0,  -22,    0,   44,    0,    0,    0,    0,    0,    0,    0,    0,    0,    0,    0,    0,    0,    0,   37,    0,    0,    0,    0,  -22,    0,  -22,    0,  -22,    0,    0,    0,    0,    0,    0,    0,    0,    0,    0,    0,    0,    0,    0,    0,    0,    0,    0,    0,    0,    0,    0,    0,    0,    0,    0,    0,    0,    0,    0,    0,    0,    0,    0,    0,    0,    0,    0,    0,    0,    0,    0,    0,    0,    0,    0,    0,   73,    0,    0,    0,    0,    0,    0,    0,    0,    0,    0,    0,    0,    0,    0,    0,    0,    0,    0,    0,    0,    0,    0,    0,    0,    0,    0,    0,    0,    0,    0,  -22,    0,    0,    0,   44,  -22,  -33,    0,    0,    0,    0,  -18,    0,    0,    0,    0,    0,    0,    0,    0,    0,    0,    0,
       0,    0,    0,    0,    0,    0,    0,    0,    0,    0,    0,    0,    0,    0,    0,    0,   29,    0,    0,    0,    0,    0,    0,    0,    0,    0,    0,    0,    0,    0,    0,    0,    0,    0,    0,    0,    0,    0,    0,    0,    0,    0,    0,    0,    0,    0,    0,    0,    0,    0,    0,    0,    0,    0,    0,    0,    0,    0,    0,    0,    0,    0,    0,    0,    0,    0,    0,    0,    0,    0,    0,    0,    0,    0,    0,    0,    0,    0,    0,    0,    0,    0,    0,    0,    0,    0,    0,    0,    0,    0,    0,    0,    0,    0,    0,    0,    0,    0,    0,    0,    0,    0,    0,    0,    0,    0,    0,    0,    0,    0,    0,    0,    0,    0,    0,    0,    0,    0,    0,    0,    0,    0,    0,    0,    0,    0,    0,    0,    0,    0,    0,    0,    0,    0,    0,    0,    0,    0,    0,    0,    0,    0,    0,    0,    0,    0,    0,    0,    0,    0,    0,    0,    0,    0,    0,    0,    0,    0,    0,    0,    0,    0,    0,    0,    0,    0,    0,    0,    0,
       0,    0,    0,    0,    0,    0,    0,    0,    0,    0,    0,    0,    0,    0,    0,    0,    0,    0,    0,    0,    0,    0,    0,    0,    0,    0,    0,    0,    0,    0,    0,    0,    0,    0,    0,    0,    0,    0,    0,    0,    0,    0,    0,    0,    0,    0,    0,    0,    0,    0,    0,    0,    0,    0,    0,    0,    0,    0,    0,    0,    0,    0,    0,    0,    0,    0,    0,    0,    0,    0,    0,    0,    0,    0,    0,    0,    0,    0,    0,    0,    0,    0,    0,    0,    0,    0,    0,    0,  -15,    0,    0,    0,    0,    0,    0,    0,    0,    0,    0,    0,    0,    0,    0,    0,    0,    0,    0,    0,    0,    0,    0,    0,    0,    0,    0,    0,    0,    0,    0,    0,    0,    0,    0,    0,    0,    0,    0,    0,    0,    0,    0,    0,    0,    0,    0,    0,    0,    0,    0,    0,    0,    0,    0,    0,    0,    0,    0,    0,    0,    0,    0,    0,    0,    0,    0,    0,    0,    0,    0,    0,    0,    0,    0,    0,    0,    0,    0,    0,    0,
       0,    0,    0,    0,    0,  -29,    0,  -29,    0,    0,    0,    0,    0,    0,    0,    0,    0,    0,    0,    0,    0,    0,    0,    0,    0,    0,    0,    0,    0,  -22,    0,  -15,    0,  -15,    0,    0,    0,    0,    0,    0,    0,    0,    0,    0,    0,    0,    0,    0,    0,    0,    0,    0,    0,    0,    0,    0,    0,    0,    0,    0,    0,    0,    0,    0,    0,    0,    0,    0,    0,    0,    0,    0,    0,    0,    0,    0,    0,    0,    0,    0,    0,    0,    0,    0,    0,    0,    0,  -22,  -22,   22,    0,    0,    0,    0,    0,    0,    0,    0,    0,    0,    0,    0,    0,    0,    0,    0,    0,    0,    0,    0,    0,    0,  -22,    0,    0,    0,    0,    0,    0,    0,    0,    0,    0,    0,    0,   22,    0,  -29,    0,    0,    0,    0,    0,    0,    0,    0,    0,    0,    0,    0,    0,    0,    0,    0,    0,    0,    0,    0,    0,    0,    0,    0,  -15,    0,    0,    0,    0,  -15,    0,    0,    0,    0,   29,    0,    0,    0,    0,    0,    0,
       0,    0,    0,    0,    0,    0,    0,    0,    0,    0,    0,    0,    0,    0,    0,    0,    0,    0,    0,    0,    0,    0,    0,    0,    0,    0,   95,    0,    0,    0,  -22,  -29,    0,  -29,    0,    0,    0,  -22,  -22,   88,   15,  -22,    0,   88,    0,    0,    0,    0,    0,    0,    0,    0,    0,    0,    0,    0,    0,    0,   88,  -22,    0,    0,  -22,  -22,  -22,  -22,    0,  -22,    0,    0,    0,   15,    0,    0,    0,    0,    0,    0,    0,    0,    0,    0,    0,    0,    0,    0,    0,    0,    0,    0,    0,    0,    0,  -22,    0,    0,    0,    0,    0,    0,    0,    0,    0,    0,    0,    0,  -22,    0,    0,    0,    0,    0,    0,    0,    0,   95,    0,    0,    0,    0,    0,    0,    0,    0,    0,    0,    0,    0,    0,    0,  -22,    0,    0,  -22,    0,    0,    0,    0,    0,    0,    0,    0,    0,    0,    0,    0,  -22,    0,    0,    0,   88,  -22,  -29,    0,    0,    0,    0,  -29,    0,    0,    0,    0,    0,    0,    0,    0,    0,    0,    0,
       0,    0,    0,  -40,    0,  -59,    0,  -59,  -29,    0,    0,    0,    0,    0,    0,    0,    0,    0,    0,    0,    0,    0,  -44,  -15,    0,  -22,  -15,  -22,    0,  -22,  -15,  -29,  -29,  -44,    0,  -75,    0,    0,    0,    0,    0,    0,    0,    0,    0,    0,    0,    0,    0,    0,    0,    0,    0,    0,    0,    0,    0,  -44,    0,    0,    0,    0,    0,    0,    0,    0,    0,    0,    0,    0,    0,    0,    0,   -7,    0,    0,    0,    0,    0,    0,    0,    0,    0,    0,    0,    0,    0,    0,    0,    0,    0,    0,    0,    0,    0,    0,    0,    0,    0,    0,    0,    0,    0,    0,    0,    0,    0,    0,    0,    0,    0,    0,    0,    0,    0,    0,    0,    0,    0,    0,    0,    0,    0,    0,    0,    0,    0,    0,    0,    0,    0,    0,    0,    0,    0,    0,    0,    0,    0,    0,    0,    0,    0,    0,    0,    0,    0,    0,    0,    0,    0,    0,    0,    0,    0,    0,    0,    0,    0,    0,    0,    0,    0,    0,    0,    0,    0,    0,    0,
       0,    0,    0,    0,    0,    0,    0,    0,    0,    0,    0,    0,    0,    0,    0,    0,    0,    0,    0,    0,    0,    0,    0,    0,    0,    0,    0,    0,    0,    0,    0,    0,    0,    0,    0,    0,    0,    0,    0,    0,    0,    0,    0,    0,    0,    0,    0,    0,    0,    0,    0,    0,    0,    0,    0,    0,    0,    0,    0,    0,    0,    0,    0,    0,    0,    0,    0,    0,    0,    0,    0,    0,    0,    0,    0,    0,    0,    0,    0,    0,    0,    0,    0,    0,    0,    0,    0,    0,    0,    0,    0,    0,    0,    0,    0,    0,    0,    0,    0,    0,    0,    0,    0,    0,    0,    0,    0,    0,    0,    0,    0,    0,    0,    0,    0,    0,    0,    0,    0,    0,    0,    0,    0,    0,    0,    0,    0,    0,    0,    0,    0,    0,    0,    0,    0,    0,    0,    0,    0,    0,    0,    0,    0,    0,    0,    0,    0,    0,    0,    0,    0,    0,    0,    0,    0,    0,    0,    0,    0,    0,    0,    0,    0,    0,    0,    0,  -22,    0,    0,
       0,    0,    0,    0,    0,    0,    0,    0,    0,    0,    0,    0,    0,    0,    0,    0,    0,    0,    0,    0,    0,    0,    0,    0,    0,    0,    0,    0,    0,    0,    0,    0,    0,    0,    0,  -29,    0,   -7,    0,   29,    0,    0,    0,   29,    0,    0,    0,    0,   15,    0,   15,    0,    0,    0,    0,    0,    0,    0,    0,   -7,    0,    0,   -7,    0,   -7,    0,    0,    0,    0,    0,    0,    0,    0,    0,    0,    0,    0,    0,    0,    0,    0,    0,    0,    0,    0,    0,    0,    0,    0,    0,    0,    0,    0,    0,    0,    0,    0,    0,    0,    0,    0,    0,    0,    0,    0,    0,    0,    0,    0,    0,    0,    0,    0,    0,    0,    0,    0,    0,    0,    0,    0,    0,    0,    0,    0,    0,    0,    0,    0,    0,    0,    0,    0,    0,    0,    0,    0,    0,    0,    0,    0,    0,    0,    0,    0,    0,    0,    0,    0,    0,    0,    0,    0,    0,    0,    0,    0,    0,    0,    0,    0,    0,    0,    0,    0,    0,    0,   15,    0,
       0,    0,    0,    0,    0,    0,    0,    0,   15,    0,    0,    0,    0,    0,    0,    0,    0,    0,    0,    0,    0,    0,    0,    0,    0,    0,    0,    0,    0,    0,    0,    0,    0,    0,    0,   29,    0,    0,   29,    0,    0,   29,    0,    0,    0,   15,    0,    0,    0,    0,    0,    0,    0,    0,    0,    0,    0,    0,    0,    0,    0,    0,    0,   29,    0,   29,    0,   29,   15,    0,    0,    0,    0,    0,    0,    0,    0,    0,    0,    0,    0,    0,    0,    0,    0,    0,    0,    0,    0,    0,    0,    0,    0,    0,    0,    0,    0,    0,    0,    0,    0,    0,    0,    0,    0,    0,    0,    0,    0,    0,    0,    0,    0,    0,    0,    0,    0,    0,    0,    0,    0,    0,    0,    0,    0,    0,    0,    0,    0,    0,    0,    0,    0,    0,    0,    0,    0,    0,    0,    0,    0,    0,    0,    0,    0,    0,    0,    0,    0,    0,    0,    0,    0,    0,    0,    0,    0,    0,    0,    0,    0,    0,    0,    0,    0,    0,    0,    0,    0,
       0,    0,    0,   29,   42,    0,    0,    0,    0,    0,    0,    0,    0,    0,    0,    0,    0,    0,    0,    0,    0,   29,    0,    0,    0,    0,    0,    0,    0,    0,    0,    0,    0,    0,    0,   66,    7,    0,   59,    0,    0,   59,    0,    0,    0,    0,    0,    0,    0,    0,    0,    0,   22,    0,    0,    0,    0,    0,    0,    0,    0,   44,    0,   59,    0,   59,    0,   59,    0,    0,    0,    0,    0,    0,    0,    0,    0,    0,    0,    0,    0,    0,    0,    0,    0,    0,    0,    0,    0,    0,    0,    0,    0,    0,    0,    0,    0,    0,    0,    0,    0,    0,    0,    0,    0,    0,    0,    0,    0,    0,    0,    0,    0,    0,    0,    0,    0,    0,    0,    0,    0,    0,    0,    0,    0,    0,    0,    0,    0,    0,    0,    0,    0,    0,    0,    0,    0,    0,    0,    0,    0,    0,    0,    0,    0,    0,    0,    0,    0,    0,    0,    0,    0,    0,    0,    0,    0,    0,    0,    0,    0,    0,    0,    0,    0,    0,    0,   22,    0,
       0,    0,    0,    0,  -22,  -37,    0,  -37,    0,    0,    0,    0,    0,    0,    0,    0,    0,    0,    0,  -15,  -15,    0,    0,    0,    0,    0,    0,    0,    0,    0,    0,    0,    0,    0,    0,  -44,    0,    0,    0,    0,    0,    0,    0,    0,   29,    0,   15,   29,   29,   -7,   29,    0,    0,    0,    0,    0,    0,    0,    0,    0,    0,    0,    0,    0,    0,    0,    0,   26,    0,    0,    0,    0,    0,  -15,    0,    0,    0,  -15,    0,    0,    0,    0,    0,    0,    0,    0,    0,    0,    0,    0,    0,    0,    0,    0,    0,    0,    0,    0,    0,    0,    0,    0,    0,    0,    0,    0,    0,    0,    0,    0,    0,    0,    0,    0,    0,    0,    0,    0,    0,    0,    0,    0,    0,    0,    0,    0,    0,    0,    0,    0,    0,    0,    0,    0,    0,    0,    0,    0,    0,    0,    0,    0,    0,    0,    0,    0,    0,    0,    0,    0,    0,    0,    0,    0,    0,    0,    0,    0,    0,    0,    0,    0,    0,    0,    0,    0,  -22,    0,    0,
       0,    0,    0,    0,  -37,    0,    0,    0,    0,    0,    0,    0,    0,    0,    0,    0,    0,    0,    0,    0,    0,  -22,   26,    7,  -29,   15,  103,   29,    0,  -44,  -37,  -88,   48,  -51,    0, -117,    0,    0,    0,   88,   59,    0,  -15,  110,  -15,    0,  -15,  -10,  -44,    0,  -44,    0,    0,    0,  -22,    0,    0,   37,    0,    0,  -15,  -15,   22,    0,    0,    0,    0,    0,    0,    0,    0,   59,    0,  -15,  -15,  -22,  -40,    0,    0,    0,    0,    0,    0,    0,    0,    0,    0,    0,    0,    0,    0,    0,    0,    0,    0,    0,    0,    0,    0,    0,    0,    0,    0,    0,    0,    0,    0,    0,    0,    0,    0,    0,    0,    0,    0,    0,    0,    0,    0,    0,    0,    0,    0,    0,    0,    0,    0,    0,    0,    0,    0,    0,    0,    0,    0,    0,    0,    0,    0,    0,    0,    0,    0,    0,    0,    0,    0,    0,    0,    0,    0,    0,    0,    0,    0,    0,    0,    0,    0,    0,    0,    0,    0,    0,    0,    0,  -73,  -59,    0,
       0,    0,    0,    0,  -22,    0,    0,    0,   22,    0,    0,    0,    0,    0,    0,    0,    0,    0,    0,    0,    0,    0,    0,    0,    0,    0,    0,    0,    0,    0,    0,    0,    0,    0,    0,  -44,    0,    0,    0,  103,   29,    0,    0,  117,    0,    7,    0,    0,    0,    0,    0,    0,    0,    0,    0,    0,    0,    0,    0,    0,    0,    0,    0,    0,    0,    0,    0,    0,    7,    0,    0,   29,    0,  -15,    0,    0,    0,    0,    0,    0,    0,    0,    0,    0,    0,    0,    0,    0,    0,    0,    0,    0,    0,    0,    0,    0,    0,    0,    0,    0,    0,    0,    0,    0,    0,    0,    0,    0,    0,    0,    0,    0,    0,    0,    0,    0,    0,    0,    0,    0,    0,    0,    0,    0,    0,    0,    0,    0,    0,    0,    0,    0,    0,    0,    0,    0,    0,    0,    0,    0,    0,    0,    0,    0,    0,    0,    0,    0,    0,    0,    0,    0,    0,    0,    0,    0,    0,    0,    0,    0,    0,    0,    0,    0,    0,    0,  -22,    0,    0,
       0,    0,    0,   66,   95,    0,    0,    0,    0,    0,    0,    0,    0,    0,    0,    0,    0,    0,    0,    0,    0,   66,    0,    0,    0,    0,    0,    0,    0,    0,    0,    0,    0,    0,    0,   95,   44,    0,   95,   29,   22,   95,   37,   37,   44,    0,   29,   29,   37,   22,   37,   22,   59,    0,    0,    0,    0,    0,    0,   22,   37,    0,    0,   95,   29,   95,    0,   95,   29,   59,    0,   22,    0,    0,    0,    0,    0,    0,    0,    0,    0,    0,    0,    0,    0,    0,    0,    0,    0,    0,    0,    0,    0,    0,    0,    0,    0,    0,    0,    0,    0,    0,    0,    0,    0,    0,    0,    0,    0,    0,    0,    0,    0,    0,    0,    0,    0,    0,    0,    0,    0,    0,    0,    0,    0,    0,    0,    0,    0,    0,    0,    0,    0,    0,    0,    0,    0,    0,    0,    0,    0,    0,    0,    0,    0,    0,    0,    0,    0,    0,    0,    0,    0,    0,    0,    0,    0,    0,    0,    0,    0,    0,    0,    0,    0,    0,   44,   73,    0,
       0,    0,    0,    0,   22,    0,    0,    0,    0,    0,    0,    0,    0,    0,    0,    0,    0,    0,    0,  -22,  -22,    0,   -7,    0,   -7,    0,   73,    0,    0,    0,   -7,    0,    0,    0,    0,    0,    0,   -7,    0,   73,    0,    0,    0,   92,    0,    0,    0,    0,    0,    0,    0,    0,    0,    0,    0,    0,    0,    0,    0,   -7,    0,    0,   -7,    0,   -7,    0,    0,    0,    0,    0,    0,    0,    0,    0,   -7,    0,    0,  -22,    0,    0,    0,    0,    0,    0,    0,    0,    0,    0,    0,    0,    0,    0,    0,    0,    0,    0,    0,    0,    0,    0,    0,    0,    0,    0,    0,    0,    0,    0,    0,    0,    0,    0,    0,    0,    0,    0,    0,    0,    0,    0,    0,    0,    0,    0,    0,    0,    0,    0,    0,    0,    0,    0,    0,    0,    0,    0,    0,    0,    0,    0,    0,    0,    0,    0,    0,    0,    0,    0,    0,    0,    0,    0,    0,    0,    0,    0,    0,    0,    0,    0,    0,    0,    0,    0,    0,    0,    0,    0,    0,
       0,    0,    0,    0,    0,    0,    0,    0,    0,    0,    0,    0,    0,    0,    0,    0,    0,    0,    0,    0,    0,    0,    0,    0,    0,    0,    0,    0,    0,    0,    0,    0,    0,    0,    0,  -44,    0,   -7,   -7,   66,  -22,   -7,    0,   70,    0,    0,    0,    0,    0,    0,    0,    0,    0,    0,    0,    0,    0,    0,    0,   -7,    0,    0,   -7,   -7,   -7,   -7,    0,   -7,    0,    0,    0,  -22,    0,    0,    0,    0,    0,    0,    0,    0,    0,    0,    0,    0,    0,    0,    0,    0,    0,    0,    0,    0,    0,    0,    0,    0,    0,    0,    0,    0,    0,    0,    0,    0,    0,    0,    0,    0,    0,    0,    0,    0,    0,    0,    0,    0,    0,    0,    0,    0,    0,    0,    0,    0,    0,    0,    0,    0,    0,    0,    0,    0,    0,    0,    0,    0,    0,    0,    0,    0,    0,    0,    0,    0,    0,    0,    0,    0,    0,    0,    0,    0,    0,    0,    0,    0,    0,    0,    0,    0,    0,    0,    0,    0,    0,    0,    0,    0,    0,
       0,    0,    0,    0,    0,  -22,    0,  -22,    0,    0,    0,    0,    0,    0,    0,    0,    0,    0,    0,  -29,  -29,    0,   -7,    0,  -11,    0,    0,    0,    0,    0,    0,    0,    0,    0,    0,    0,    0,  -15,   22,    0,    0,   22,    0,    0,    7,   -7,   -7,   15,   37,  -10,   37,    0,    0,    0,  -29,  -15,    0,    0,    0,  -15,    0,    0,  -15,   22,  -15,   22,    0,   22,   -7,    0,    0,    0,    0,  -15,    0,  -15,    0,  -29,    0,    0,    0,    0,    0,    0,    0,    0,    0,    0,    0,    0,    0,    0,    0,    0,    0,    0,    0,    0,    0,    0,    0,    0,    0,    0,    0,    0,    0,    0,    0,    0,    0,    0,    0,    0,    0,    0,    0,    0,    0,    0,    0,    0,    0,    0,    0,    0,    0,    0,    0,    0,    0,    0,    0,    0,    0,    0,    0,    0,    0,    0,    0,    0,    0,    0,    0,    0,    0,    0,    0,    0,    0,    0,    0,    0,    0,    0,    0,    0,    0,    0,    0,    0,    0,    0,    0,    0,    0,    0,    0,
       0,    0,    0,    0,    0,  -22,    0,  -22,    0,    0,    0,    0,    0,    0,    0,    0,    0,    0,    0,  -29,  -29,    0,   -7,    0,  -11,    0,   84,    0,    0,    0,    0,    0,    0,    0,    0,    0,    0,  -15,   22,   84,    0,   22,    0,   99,   -7,   -7,  -15,   -7,    0,  -10,    0,    0,    0,    0,  -29,  -15,    0,    0,    0,  -15,    0,    0,  -15,   22,  -15,   22,    0,   22,   -7,    0,    0,    0,    0,  -15,    0,  -15,    0,  -29,    0,    0,    0,    0,    0,    0,    0,    0,    0,    0,    0,    0,    0,    0,    0,    0,    0,    0,    0,    0,    0,    0,    0,    0,    0,    0,    0,    0,    0,    0,    0,    0,    0,    0,    0,    0,    0,    0,    0,    0,    0,    0,    0,    0,    0,    0,    0,    0,    0,    0,    0,    0,    0,    0,    0,    0,    0,    0,    0,    0,    0,    0,    0,    0,    0,    0,    0,    0,    0,    0,    0,    0,    0,    0,    0,    0,    0,    0,    0,    0,    0,    0,    0,    0,    0,    0,    0,    0,    0,    0,    0,
       0,    0,    0,    0,    0,    0,    0,    0,   15,    0,    0,    0,    0,    0,    0,    0,    0,    0,    0,    0,    0,    0,    0,    0,    0,    0,    0,    0,    0,    0,    0,    0,    0,    0,    0,   29,    0,    0,    0,   81,   15,    0,    0,   95,    0,   15,    0,    0,    0,    0,    0,    0,    0,    0,    0,    0,    0,    0,    0,    0,    0,    0,    0,    0,    0,    0,    0,    0,   15,    0,    0,   15,    0,    0,    0,    0,    0,    0,    0,    0,    0,    0,    0,    0,    0,    0,    0,    0,    0,    0,    0,    0,    0,    0,    0,    0,    0,    0,    0,    0,    0,    0,    0,    0,    0,    0,    0,    0,    0,    0,    0,    0,    0,    0,    0,    0,    0,    0,    0,    0,    0,    0,    0,    0,    0,    0,    0,    0,    0,    0,    0,    0,    0,    0,    0,    0,    0,    0,    0,    0,    0,    0,    0,    0,    0,    0,    0,    0,    0,    0,    0,    0,    0,    0,    0,    0,    0,    0,    0,    0,    0,    0,    0,    0,    0,    0,    0,    0,    0,
       0,    0,    0,    0,    0,    0,    0,    0,    0,    0,    0,    0,    0,    0,    0,    0,    0,    0,    0,    0,    0,   33,    0,    0,    0,    0,    0,    0,    0,    0,    0,    0,    0,    0,    0,    0,    0,    0,   51,    0,    0,   51,    0,    0,    0,    0,    0,    0,    0,    0,    0,    0,    0,    0,    0,    0,    0,    0,    0,    0,    0,    0,    0,   51,    0,   51,    0,   51,    0,    0,    0,    0,    0,    0,    0,    0,    0,    0,    0,    0,    0,    0,    0,    0,    0,    0,    0,    0,    0,    0,    0,    0,    0,    0,    0,    0,    0,    0,    0,    0,    0,    0,    0,    0,    0,    0,    0,    0,    0,    0,    0,    0,    0,    0,    0,    0,    0,    0,    0,    0,    0,    0,    0,    0,    0,    0,    0,    0,    0,    0,    0,    0,    0,    0,    0,    0,    0,    0,    0,    0,    0,    0,    0,    0,    0,    0,    0,    0,    0,    0,    0,    0,    0,    0,    0,    0,    0,    0,    0,    0,    0,    0,    0,    0,    0,    0,    0,   37,    0,
       0,    0,    0,    0,    0,   15,    0,   15,    0,    0,    0,    0,    0,    0,    0,    0,    0,    0,    0,    0,    0,    0,    0,    0,    0,    0,    0,    0,    0,    0,    0,    0,    0,    0,    0,  -40,    0,    0,    0,    0,    0,    0,    0,    0,    0,    0,    0,    0,   15,    0,   15,    0,    0,    0,    0,    0,    0,    0,    0,    0,    0,    0,    0,    0,    0,    0,    0,    0,    0,    0,    0,    0,    0,    0,    0,    0,    0,    0,    0,    0,    0,    0,    0,    0,    0,    0,    0,    0,    0,    0,    0,    0,    0,    0,    0,    0,    0,    0,    0,    0,    0,    0,    0,    0,    0,    0,    0,    0,    0,    0,    0,    0,    0,    0,    0,    0,    0,    0,    0,    0,    0,    0,    0,    0,    0,    0,    0,    0,    0,    0,    0,    0,    0,    0,    0,    0,    0,    0,    0,    0,    0,    0,    0,    0,    0,    0,    0,    0,    0,    0,    0,    0,    0,    0,    0,    0,    0,    0,    0,    0,    0,    0,    0,    0,    0,    0,    0,    0,    0,
       0,    0,    0,    0,    0,    0,    0,    0,   15,    0,    0,    0,    0,    0,    0,    0,    0,    0,    0,    0,    0,    0,    0,    0,    0,    0,    0,    0,    0,    0,    0,    0,    0,    0,    0,    0,    0,    0,    0,   37,    0,    0,    0,   44,    0,   15,    0,    0,    0,    0,    0,    0,    0,    0,    0,    0,    0,    0,    0,    0,    0,    0,    0,    0,    0,    0,    0,    0,   15,    0,    0,    0,    0,    0,    0,    0,    0,    0,    0,    0,    0,    0,    0,    0,    0,    0,    0,    0,    0,    0,    0,    0,    0,    0,    0,    0,    0,    0,    0,    0,    0,    0,    0,    0,    0,    0,    0,    0,    0,    0,    0,    0,    0,    0,    0,    0,    0,    0,    0,    0,    0,    0,    0,    0,    0,    0,    0,    0,    0,    0,    0,    0,    0,    0,    0,    0,    0,    0,    0,    0,    0,    0,    0,    0,    0,    0,    0,    0,    0,    0,    0,    0,    0,    0,    0,    0,    0,    0,    0,    0,    0,    0,    0,    0,    0,    0,    0,    0,    0,
       0,    0,    0,    0,    0,    0,    0,    0,    0,    0,    0,    0,    0,    0,    0,    0,    0,    0,    0,    0,    0,    0,    0,    0,    0,    0,    0,    0,    0,    0,    0,    0,    0,    0,    0,    0,    0,    0,    0,   22,    0,    0,    0,   15,   29,    0,   29,   29,   37,   15,   37,    0,    0,    0,    0,    0,    0,    0,    0,    0,    0,    0,    0,    0,    0,    0,    0,    0,    0,    0,    0,    0,    0,    0,    0,    0,    0,    0,    0,    0,    0,    0,    0,    0,    0,    0,    0,    0,    0,    0,    0,    0,    0,    0,    0,    0,    0,    0,    0,    0,    0,    0,    0,    0,    0,    0,    0,    0,    0,    0,    0,    0,    0,    0,    0,    0,    0,    0,    0,    0,    0,    0,    0,    0,    0,    0,    0,    0,    0,    0,    0,    0,    0,    0,    0,    0,    0,    0,    0,    0,    0,    0,    0,    0,    0,    0,    0,    0,    0,    0,    0,    0,    0,    0,    0,    0,    0,    0,    0,    0,    0,    0,    0,    0,    0,    0,    0,    0,    0,
       0,    0,    0,    0,    0,  -15,    0,  -15,   15,    0,    0,    0,    0,    0,    0,    0,    0,    0,    0,  -15,  -15,    0,    0,    0,    0,    0,    0,    0,    0,    0,    0,    0,    0,    0,    0,  -29,    0,    0,    0,   29,    0,    0,    0,   29,    0,    0,    0,    0,    0,    0,    0,    0,    0,    0,    0,    0,    0,    0,    0,    0,    0,    0,    0,    0,    0,    0,    0,    0,    0,    0,    0,    0,    0,  -22,    0,    0,    0,  -15,    0,    0,    0,    0,    0,    0,    0,    0,    0,    0,    0,    0,    0,    0,    0,    0,    0,    0,    0,    0,    0,    0,    0,    0,    0,    0,    0,    0,    0,    0,    0,    0,    0,    0,    0,    0,    0,    0,    0,    0,    0,    0,    0,    0,    0,    0,    0,    0,    0,    0,    0,    0,    0,    0,    0,    0,    0,    0,    0,    0,    0,    0,    0,    0,    0,    0,    0,    0,    0,    0,    0,    0,    0,    0,    0,    0,    0,    0,    0,    0,    0,    0,    0,    0,    0,    0,    0,    0,    0,    0,    0,
       0,    0,    0,    0,    0,    0,    0,    0,   15,    0,    0,    0,    0,    0,    0,    0,    0,    0,    0,  -15,  -15,    0,    0,    0,    0,    0,    0,    0,    0,    0,    0,    0,    0,    0,    0,  -15,    0,    0,    0,   29,    0,    0,    0,   29,    0,    0,    0,    0,    0,    0,    0,    0,    0,    0,    0,    0,    0,    0,    0,    0,    0,    0,    0,    0,    0,    0,    0,    0,    0,    0,    0,    0,    0,  -15,    0,    0,    0,  -15,    0,    0,    0,    0,    0,    0,    0,    0,    0,    0,    0,    0,    0,    0,    0,    0,    0,    0,    0,    0,    0,    0,    0,    0,    0,    0,    0,    0,    0,    0,    0,    0,    0,    0,    0,    0,    0,    0,    0,    0,    0,    0,    0,    0,    0,    0,    0,    0,    0,    0,    0,    0,    0,    0,    0,    0,    0,    0,    0,    0,    0,    0,    0,    0,    0,    0,    0,    0,    0,    0,    0,    0,    0,    0,    0,    0,    0,    0,    0,    0,    0,    0,    0,    0,    0,    0,    0,    0,    0,   15,    0,
       0,    0,    0,    0,  -22,    0,    0,    0,   22,    0,    0,    0,    0,    0,    0,    0,    0,    0,    0,    0,    0,    0,    0,    0,    0,    0,    0,    0,    0,    0,    0,    0,    0,    0,    0,  -44,    0,    0,    0,  106,   29,    0,    0,  117,    0,    7,    0,    0,    0,    0,    0,    0,    0,    0,    0,    0,    0,    0,    0,    0,    0,    0,    0,    0,    0,    0,    0,    0,    7,    0,    0,   29,    0,  -15,    0,    0,    0,    0,    0,    0,    0,    0,    0,    0,    0,    0,    0,    0,    0,    0,    0,    0,    0,    0,    0,    0,    0,    0,    0,    0,    0,    0,    0,    0,    0,    0,    0,    0,    0,    0,    0,    0,    0,    0,    0,    0,    0,    0,    0,    0,    0,    0,    0,    0,    0,    0,    0,    0,    0,    0,    0,    0,    0,    0,    0,    0,    0,    0,    0,    0,    0,    0,    0,    0,    0,    0,    0,    0,    0,    0,    0,    0,    0,    0,    0,    0,    0,    0,    0,    0,    0,    0,    0,    0,    0,    0,  -22,    0,    0,
       0,    0,    0,    0,   15,  -37,    0,  -37,  -15,    0,    0,    0,    0,    0,    0,    0,    0,    0,    0,  -15,  -15,    0,  -29,    0,   11,    0,    0,    0,    0,    0,    0,   18,   18,   22,    0,   40,    0,    0,   22,    0,    0,   22,    0,    0,    0,    0,    0,    0,    0,    0,    0,    0,    0,    0,    0,    0,    0,    0,    0,    0,    0,    0,    0,   22,    0,   22,    0,   22,    0,    0,    0,    0,    0,    0,    0,    0,    0,  -15,    0,    0,    0,    0,    0,    0,    0,    0,    0,    0,    0,    0,    0,    0,    0,    0,    0,    0,    0,    0,    0,    0,    0,    0,    0,    0,    0,    0,    0,    0,    0,    0,    0,    0,    0,    0,    0,    0,    0,    0,    0,    0,    0,    0,    0,    0,    0,    0,    0,    0,    0,    0,    0,    0,    0,    0,    0,    0,    0,    0,    0,    0,    0,    0,    0,    0,    0,    0,    0,    0,    0,    0,    0,    0,    0,    0,    0,    0,    0,    0,    0,    0,    0,    0,    0,    0,    0,    0,    0,    0,    0,
       0,   22,    0,    0,   29,  -22,    0,  -22,    0,    0,    0,    0,    0,    0,    0,    0,    0,    0,    0,    0,    0,   15,    0,    0,    0,    0,    0,    0,    0,    0,    0,    0,    0,    0,    0,    0,    0,    0,    0,   22,    0,    0,    0,    0,   29,    0,    0,   22,   15,    0,   15,    0,    0,    0,    0,    0,    0,    0,    0,    0,    0,    0,    0,    0,    0,    0,    0,    0,    0,    0,    0,    0,    0,    0,    0,    0,    0,    0,    0,    0,    0,    0,    0,    0,    0,    0,    0,    0,    0,    0,    0,    0,    0,    0,    0,    0,    0,    0,    0,    0,    0,    0,    0,    0,    0,    0,    0,    0,    0,    0,    0,    0,    0,    0,    0,    0,    0,    0,    0,    0,    0,    0,    0,    0,    0,    0,    0,    0,    0,    0,    0,    0,    0,    0,    0,    0,    0,    0,    0,    0,    0,    0,    0,    0,    0,    0,    0,    0,    0,    0,    0,    0,    0,    0,    0,    0,    0,    0,    0,    0,    0,    0,    0,    0,    0,    0,   15,   22,    0,
       0,    0,    0,   81,   73,  -59,    0,  -59,  -51,    0,    0,    0,    0,    0,    0,    0,    0,    0,    0,  -22,  -22,   56,  -44,    0,    0,   59,    0,   29,   15,   66,   59,   73,   81,   81,    0,  110,   51,  -29,   95,    0,  -29,   95,   15,    0,    0,  -22,    0,    0,    0,  -15,    0,   -7,   59,    0,    0,    0,    0,    0,    0,  -29,   15,    0,  -29,   95,  -29,   95,    0,   95,  -22,   -7,    0,  -29,    0,    0,    0,    0,    0,  -22,    0,    0,    0,    0,    0,    0,    0,    0,    0,    0,    0,    0,    0,    0,    0,    0,    0,    0,    0,    0,    0,    0,    0,    0,    0,    0,    0,    0,    0,    0,    0,    0,    0,    0,    0,    0,    0,    0,    0,    0,    0,    0,    0,    0,    0,    0,    0,    0,    0,    0,    0,    0,    0,    0,    0,    0,    0,    0,    0,    0,    0,    0,    0,    0,    0,    0,    0,    0,    0,    0,    0,    0,    0,    0,    0,    0,    0,    0,    0,    0,    0,    0,    0,    0,    0,    0,    0,    0,   44,   62,    0,
       0,   29,    0,    0,   44,    0,    0,    0,    0,    0,    0,    0,    0,    0,    0,    0,    0,    0,    0,    0,    0,   22,    0,    0,    0,    0,    0,    0,    0,    0,    0,    0,    0,    0,    0,    0,    0,    0,    0,   15,    0,    0,    0,    0,    0,    0,    0,    0,   22,    0,   22,    0,    0,    0,    0,    0,    0,    0,    0,    0,    0,    0,    0,    0,    0,    0,    0,    0,    0,    0,    0,    0,    0,    0,    0,    0,    0,    0,    0,    0,    0,    0,    0,    0,    0,    0,    0,    0,    0,    0,    0,    0,    0,    0,    0,    0,    0,    0,    0,    0,    0,    0,    0,    0,    0,    0,    0,    0,    0,    0,    0,    0,    0,    0,    0,    0,    0,    0,    0,    0,    0,    0,    0,    0,    0,    0,    0,    0,    0,    0,    0,    0,    0,    0,    0,    0,    0,    0,    0,    0,    0,    0,    0,    0,    0,    0,    0,    0,    0,    0,    0,    0,    0,    0,    0,    0,    0,    0,    0,    0,    0,    0,    0,    0,    0,    0,   22,   22,    0,
       0,   22,    0,    0,   29,    7,    0,  -22,   22,    0,    0,    0,    0,    0,    0,    0,    0,    0,    0,    0,    0,    0,    0,    0,    0,    0,    0,    0,    0,    0,    0,    0,    0,    0,    0,    0,    0,    0,    0,   66,   22,    0,   22,   77,   22,    0,   22,   37,   37,   15,   79,   22,   15,    0,    0,    0,    0,    0,    0,    0,   22,   29,    0,   15,    0,    0,    0,    0,    0,   22,    0,   22,    0,    0,    0,    0,    0,    0,    0,    0,    0,    0,    0,    0,    0,    0,    0,    0,    0,    0,    0,    0,    0,    0,    0,    0,    0,    0,    0,    0,    0,    0,    0,    0,    0,    0,    0,    0,    0,    0,    0,    0,    0,    0,    0,    0,    0,    0,    0,    0,    0,    0,    0,    0,    0,    0,    0,    0,    0,    0,    0,    0,    0,    0,    0,    0,    0,    0,    0,    0,    0,    0,    0,    0,    0,    0,    0,    0,    0,    0,    0,    0,    0,    0,    0,    0,    0,    0,    0,    0,    0,    0,    0,    0,    0,    0,   37,   44,    0,
       0,    0,    0,    0,  -22,  -37,    0,  -37,    0,    0,    0,    0,    0,    0,    0,    0,    0,    0,    0,  -15,  -15,    0,    0,    0,    0,    0,    0,    0,    0,    0,    0,    0,    0,    0,    0,  -44,    0,    0,    0,   22,    0,    0,    0,   44,    0,    0,    0,    0,    0,   -7,    0,    0,    0,    0,    0,    0,    0,    0,    0,    0,    0,    0,    0,    0,    0,    0,    0,   26,    0,    0,    0,    0,    0,  -15,    0,    0,    0,  -15,    0,    0,    0,    0,    0,    0,    0,    0,    0,    0,    0,    0,    0,    0,    0,    0,    0,    0,    0,    0,    0,    0,    0,    0,    0,    0,    0,    0,    0,    0,    0,    0,    0,    0,    0,    0,    0,    0,    0,    0,    0,    0,    0,    0,    0,    0,    0,    0,    0,    0,    0,    0,    0,    0,    0,    0,    0,    0,    0,    0,    0,    0,    0,    0,    0,    0,    0,    0,    0,    0,    0,    0,    0,    0,    0,    0,    0,    0,    0,    0,    0,    0,    0,    0,    0,    0,    0,    0,  -22,    0,    0,
       0,    0,    0,    0,    0,  -22,    0,  -22,  -15,    0,    0,    0,    0,    0,    0,    0,    0,    0,    0,    0,    0,    0,  -15,    0,    0,    0,    0,    0,    0,    0,    0,    0,    0,    0,    0,    0,    0,    0,    0,    0,  -15,    0,    0,    0,    0,    0,    0,    0,    0,    0,    0,    0,    0,    0,    0,    0,    0,    0,    0,    0,    0,    0,    0,    0,    0,    0,    0,    0,    0,    0,    0,  -15,    0,  -22,    0,   -7,    0,    0,    0,    0,    0,    0,    0,    0,    0,    0,    0,    0,    0,    0,    0,    0,    0,    0,    0,    0,    0,    0,    0,    0,    0,    0,    0,    0,    0,    0,    0,    0,    0,    0,    0,    0,    0,    0,    0,    0,    0,    0,    0,    0,    0,    0,    0,    0,    0,    0,    0,    0,    0,    0,    0,    0,    0,    0,    0,    0,    0,    0,    0,    0,    0,    0,    0,    0,    0,    0,    0,    0,    0,    0,    0,    0,    0,    0,    0,    0,    0,    0,    0,    0,    0,    0,    0,    0,    0,    0,    0,    0,    0,
       0,    0,    0,    0,    0,    0,    0,    0,    0,    0,    0,    0,    0,    0,    0,    0,    0,    0,    0,    0,    0,    0,    0,    0,    0,    0,    0,    0,    0,    0,    0,    0,    0,    0,    0,    0,    0,    0,    0,   59,    0,    0,    0,   73,    0,    0,    0,    0,   37,    0,   37,    0,    0,    0,    0,    0,    0,    0,    0,    0,    0,    0,    0,    0,    0,    0,    0,    0,    0,    0,    0,   44,    0,    0,    0,    0,    0,    0,    0,    0,    0,    0,    0,    0,    0,    0,    0,    0,    0,    0,    0,    0,    0,    0,    0,    0,    0,    0,    0,    0,    0,    0,    0,    0,    0,    0,    0,    0,    0,    0,    0,    0,    0,    0,    0,    0,    0,    0,    0,    0,    0,    0,    0,    0,    0,    0,    0,    0,    0,    0,    0,    0,    0,    0,    0,    0,    0,    0,    0,    0,    0,    0,    0,    0,    0,    0,    0,    0,    0,    0,    0,    0,    0,    0,    0,    0,    0,    0,    0,    0,    0,    0,    0,    0,    0,    0,    0,    0,    0,
       0,    0,    0,    0,    0,    0,    0,    0,   15,    0,    0,    0,    0,    0,    0,    0,    0,    0,    0,  -15,  -15,    0,    0,    0,    0,    0,    0,    0,    0,    0,    0,    0,    0,    0,    0,  -15,    0,    0,    0,    0,    0,    0,    0,   15,    0,    0,    0,    0,    0,    0,    0,    0,    0,    0,    0,    0,    0,    0,    0,    0,    0,    0,    0,    0,    0,    0,    0,    0,    0,    0,    0,    0,    0,  -15,    0,    0,    0,  -15,    0,    0,    0,    0,    0,    0,    0,    0,    0,    0,    0,    0,    0,    0,    0,    0,    0,    0,    0,    0,    0,    0,    0,    0,    0,    0,    0,    0,    0,    0,    0,    0,    0,    0,    0,    0,    0,    0,    0,    0,    0,    0,    0,    0,    0,    0,    0,    0,    0,    0,    0,    0,    0,    0,    0,    0,    0,    0,    0,    0,    0,    0,    0,    0,    0,    0,    0,    0,    0,    0,    0,    0,    0,    0,    0,    0,    0,    0,    0,    0,    0,    0,    0,    0,    0,    0,    0,    0,    0,   15,    0,
       0,    0,    0,    0,    0,    0,    0,    0,    0,    0,    0,    0,    0,    0,    0,    0,    0,    0,    0,    0,    0,    0,    0,    0,    0,    0,    0,    0,    0,    0,    0,    0,    0,    0,    0,  -29,    0,    0,    0,   51,    0,    0,    0,   88,    0,    0,    0,    0,   15,    0,   15,    0,    0,    0,    0,    0,    0,    0,    0,    0,    0,    0,    0,    0,    0,    0,    0,    0,    0,    0,    0,    0,    0,    0,    0,    0,    0,    0,    0,    0,    0,    0,    0,    0,    0,    0,    0,    0,    0,    0,    0,    0,    0,    0,    0,    0,    0,    0,    0,    0,    0,    0,    0,    0,    0,    0,    0,    0,    0,    0,    0,    0,    0,    0,    0,    0,    0,    0,    0,    0,    0,    0,    0,    0,    0,    0,    0,    0,    0,    0,    0,    0,    0,    0,    0,    0,    0,    0,    0,    0,    0,    0,    0,    0,    0,    0,    0,    0,    0,    0,    0,    0,    0,    0,    0,    0,    0,    0,    0,    0,    0,    0,    0,    0,    0,    0,    0,    0,    0,
       0,    0,    0,    0,  -37,    0,    0,    0,    0,    0,    0,    0,    0,    0,    0,    0,    0,    0,    0,    0,    0,  -22,    0,    0,    0,    0,    0,    0,    0,    0,    0,    0,    0,    0,    0, -117,    0,    0,    0,    0,    0,    0,    0,    0,    0,    0,    0,    0,    0,    0,    0,    0,    0,    0,  -22,    0,    0,    0,    0,    0,    0,    0,    0,    0,    0,    0,    0,    0,    0,    0,    0,    0,    0,    0,    0,    0,  -40,    0,    0,    0,   26,    0,   15,    0,  -29,   29,    0,  -44,  -59,  -22,   48,  -51,    0,    0,    0,  -15,    0,  -18,    0,  -44,  -22,  -22,   22,    0,  -22,  -22,    0,  -44,  -29,    0,  -29,    0,    0,    0,    0,    0,    0,    0,    0,    0,    0,    0,    0,    0,    0,    0,    0,    0,    0,    0,    0,    0,    0,    0,    0,    0,    0,    0,    0,    0,    0,    0,    0,    0,    0,    0,    0,    0,    0,    0,    0,    0,    0,    0,    0,    0,    0,    0,    0,    0,    0,    0,    0,    0,    0,    0,  -73,  -59,    0,
       0,    0,    0,    0,   22,    0,    0,    0,    0,    0,    0,    0,    0,    0,    0,    0,    0,    0,    0,  -22,  -22,    0,    0,    0,    0,    0,    0,    0,    0,    0,    0,    0,    0,    0,    0,    0,    0,    0,    0,    0,    0,    0,    0,    0,    0,    0,    0,    0,    0,    0,    0,    0,    0,    0,    0,    0,    0,    0,    0,    0,    0,    0,    0,    0,    0,    0,    0,    0,    0,    0,    0,    0,    0,    0,    0,    0,    0,  -22,    0,    0,   -7,    0,    0,  -15,   -7,    0,    0,    0,    0,    0,    0,    0,    0,   -7,    0,    0,    0,    0,    0,    0,    0,    0,    0,    0,    0,    0,   -7,    0,    0,    0,    0,    0,    0,    0,    0,    0,    0,    0,    0,    0,    0,    0,    0,    0,    0,    0,    0,    0,    0,    0,    0,    0,    0,    0,    0,    0,    0,    0,    0,    0,    0,    0,    0,    0,    0,    0,    0,    0,    0,    0,    0,    0,    0,    0,    0,    0,    0,    0,    0,    0,    0,    0,    0,    0,    0,    0,    0,    0,    0,
       0,    0,    0,    0,    0,  -22,    0,  -22,    0,    0,    0,    0,    0,    0,    0,    0,    0,    0,    0,  -29,  -29,    0,    0,    0,    0,    0,    0,    0,    0,    0,    0,    0,    0,    0,    0,    0,    0,    0,    0,    0,    0,    0,    0,    0,    0,    0,    0,    0,    0,    0,    0,    0,    0,    0,  -29,  -15,    0,    0,    0,    0,    0,    0,    0,    0,    0,    0,    0,    0,    0,    0,    0,    0,    0,    0,    0,    0,    0,  -29,    0,   15,    0,    0,    0,  -29,  -11,    0,    0,    0,   15,  -15,    0,    0,    0,  -15,    0,   -7,  -15,  -15,    0,    0,    0,    0,    0,  -15,    0,  -15,  -15,   -7,    0,    0,    0,    0,    0,    0,    0,    0,    0,    0,    0,    0,    0,    0,    0,    0,    0,    0,    0,    0,    0,    0,    0,    0,    0,    0,    0,    0,    0,    0,    0,    0,    0,    0,    0,    0,    0,    0,    0,    0,    0,    0,    0,    0,    0,    0,    0,    0,    0,    0,    0,    0,    0,    0,    0,    0,    0,    0,    0,    0,    0,
       0,    0,    0,    0,    0,  -37,    0,  -37,  -15,    0,    0,    0,    0,    0,    0,    0,    0,    0,    0,  -15,  -15,    0,    0,    0,    0,    0,    0,    0,    0,    0,    0,    0,    0,    0,    0,  -37,    0,    0,    0,    0,    0,    0,    0,    0,    0,    0,    0,    0,    0,    0,    0,    0,    0,    0,    0,    0,    0,    0,    0,    0,    0,    0,    0,    0,    0,    0,    0,    0,    0,    0,    0,    0,    0,    0,    0,    0,    0,  -15,    0,    0,  -29,    0,   -7,  -18,   11,  -11,  -15,  -15,   -7,    0,   -7,    0,    0,    0,    0,    0,    0,    0,    0,    0,    0,    0,    0,    0,    0,    0,    0,    0,    0,    0,    0,    0,    0,    0,    0,    0,    0,    0,    0,    0,    0,    0,    0,    0,    0,    0,    0,    0,    0,    0,    0,    0,    0,    0,    0,    0,    0,    0,    0,    0,    0,    0,    0,    0,    0,    0,    0,    0,    0,    0,    0,    0,    0,    0,    0,    0,    0,    0,    0,    0,    0,    0,    0,    0,    0,    0,    0,    0,    0,
       0,    0,    0,    0,   44,  -59,  -22,  -59,  -29,    0,    0,    0,    0,    0,    0,    0,    0,    0,    0,  -51,  -51,    0,    0,    0,    0,    0,    0,    0,    0,    0,    0,    0,    0,    0,    0,   29,    0,    0,    0,    0,    0,    0,    0,    0,    0,    0,    0,    0,    0,    0,    0,    0,    0,    0,  -22,  -22,    0,    0,    0,    0,    0,    0,    0,    0,    0,    0,    0,    0,    0,    0,    0,    0,    0,    0,    0,    0,    0,  -51,    0,   29,  -59,   15,    0,  -51,    0,    0,    0,    0,   37,  -22,   22,   15,  -15,  -37,  -37,    0,  -29,   -7,    0,    0,    0,    0,    0,  -29,    0,  -22,  -37,  -15,    0,  -37,  -22,    0,    0,    0,    0,    0,    0,    0,    0,    0,    0,    0,    0,    0,    0,    0,    0,    0,    0,    0,    0,    0,    0,    0,    0,    0,    0,    0,    0,    0,    0,    0,    0,    0,    0,    0,    0,    0,    0,    0,    0,    0,    0,    0,    0,    0,    0,    0,    0,    0,    0,    0,    0,    0,    0,    0,    0,    0,    0,
       0,    0,    0,    0,  -22,    0,    0,    0,    0,    0,    0,    0,    0,    0,    0,    0,    0,    0,    0,    0,    0,    0,    0,    0,    0,    0,    0,    0,    0,    0,    0,    0,    0,    0,    0,  -37,    0,    0,    0,    0,    0,    0,    0,    0,    0,    0,    0,    0,    0,    0,    0,    0,    0,    0,    0,    0,    0,    0,    0,    0,    0,    0,    0,    0,    0,    0,    0,    0,    0,    0,    0,    0,    0,    0,    0,    0,    0,    0,    0,    0,    0,    0,    0,    0,    0,    0,    0,  -22,  -51,    0,    0,  -22,    0,    0,  -15,    0,    0,  -15,    0,    0,    0,    0,    0,    0,    0,    0,    0,  -15,   -7,    0,   -7,    0,    0,    0,    0,    0,    0,    0,    0,    0,    0,    0,    0,    0,    0,    0,    0,    0,    0,    0,    0,    0,    0,    0,    0,    0,    0,    0,    0,    0,    0,    0,    0,    0,    0,    0,    0,    0,    0,    0,    0,    0,    0,    0,    0,    0,    0,    0,    0,    0,    0,    0,    0,    0,    0,    0,    0,    0,    0,
       0,    0,    0,    0,    0,    0,    0,    0,    0,    0,    0,    0,    0,    0,    0,    0,    0,    0,    0,    0,    0,    0,    0,    0,    0,    0,    0,    0,    0,    0,    0,    0,    0,    0,    0,    0,    0,    0,    0,    0,    0,    0,    0,    0,    0,    0,    0,    0,    0,    0,    0,    0,    0,    0,    0,    0,    0,    0,    0,    0,    0,    0,    0,    0,    0,    0,    0,    0,    0,    0,    0,    0,    0,    0,    0,    0,    0,    0,    0,    0,    0,    0,    0,    0,    0,    0,    0,    0,    0,    0,    0,    0,    0,    0,    0,    0,    0,    0,    0,    0,   29,    0,   44,    0,   29,    0,    0,    0,    0,    0,    0,    0,    0,    0,    0,    0,    0,    0,    0,    0,    0,    0,    0,    0,    0,    0,    0,    0,    0,    0,    0,    0,    0,    0,    0,    0,    0,    0,    0,    0,    0,    0,    0,    0,    0,    0,    0,    0,    0,    0,    0,    0,    0,    0,    0,    0,    0,    0,    0,    0,    0,    0,    0,    0,    0,    0,    0,    0,    0,
       0,    0,    0,    0,    0,  -29,    0,  -29,    0,    0,    0,    0,    0,    0,    0,    0,    0,    0,    0,  -22,  -22,    0,    0,    0,    0,    0,    0,    0,    0,    0,    0,    0,    0,    0,    0,  -29,    0,    0,    0,    0,    0,    0,    0,    0,    0,    0,    0,    0,    0,    0,    0,    0,    0,    0,    0,    0,    0,    0,    0,    0,    0,    0,    0,    0,    0,    0,    0,    0,    0,    0,    0,    0,    0,    0,    0,    0,    0,  -22,    0,    0,  -15,    0,    0,  -15,   10,    0,   -7,  -22,  -15,    0,    0,  -29,    0,    0,    0,    0,    0,    0,    0,    0,    0,    0,    0,    0,    0,   -7,    0,  -15,  -15,    0,    0,    0,    0,    0,    0,    0,    0,    0,    0,    0,    0,    0,    0,    0,    0,    0,    0,    0,    0,    0,    0,    0,    0,    0,    0,    0,    0,    0,    0,    0,    0,    0,    0,    0,    0,    0,    0,    0,    0,    0,    0,    0,    0,    0,    0,    0,    0,    0,    0,    0,    0,    0,    0,    0,    0,    0,    0,   -7,    0,
       0,    0,    0,    0,   66,  -73,    0,  -73,  -51,    0,    0,    0,    0,    0,    0,    0,    0,    0,    0,  -37,  -37,    0,    0,    0,    0,    0,    0,    0,    0,    0,    0,    0,    0,    0,    0,    0,    0,    0,    0,    0,    0,    0,    0,    0,    0,    0,    0,    0,    0,    0,    0,    0,    0,    0,  -22,    0,    0,    0,    0,    0,    0,    0,    0,    0,    0,    0,    0,    0,    0,    0,    0,    0,    0,    0,    0,    0,   40,  -37,    0,   29,  -59,   15,    0,  -66,    0,   -7,    0,    0,   29,   -7,   15,    0,  -11,  -29,  -15,    0,  -19,    0,    0,   22,    0,    0,    0,  -19,    0,  -15,  -29,    0,    0,  -37,  -22,    0,    0,    0,    0,    0,    0,    0,    0,    0,    0,    0,    0,    0,    0,    0,    0,    0,    0,    0,    0,    0,    0,    0,    0,    0,    0,    0,    0,    0,    0,    0,    0,    0,    0,    0,    0,    0,    0,    0,    0,    0,    0,    0,    0,    0,    0,    0,    0,    0,    0,    0,    0,    0,    0,    0,   22,   22,    0,
       0,    0,    0,    0,  -37,    0,    0,    0,    0,    0,    0,    0,    0,    0,    0,    0,    0,    0,    0,    0,    0,  -22,    0,    0,    0,    0,    0,    0,    0,    0,    0,    0,    0,    0,    0,  -73,    0,    0,    0,    0,    0,    0,    0,    0,    0,    0,    0,    0,    0,    0,    0,    0,    0,    0,    0,    0,    0,    0,    0,    0,    0,    0,    0,    0,    0,    0,    0,    0,    0,    0,    0,    0,    0,    0,    0,    0,  -37,    0,    0,  -29,    0,    0,    0,    0,  -15,    0,    0,  -44,  -51,  -22,   22,  -51,    0,  -22,  -15,   -7,   -7,  -15,    0,  -29,  -15,  -22,    0,   -7,  -15,  -15,  -22,  -37,  -29,    0,  -29,    0,    0,    0,    0,    0,    0,    0,    0,    0,    0,    0,    0,    0,    0,    0,    0,    0,    0,    0,    0,    0,    0,    0,    0,    0,    0,    0,    0,    0,    0,    0,    0,    0,    0,    0,    0,    0,    0,    0,    0,    0,    0,    0,    0,    0,    0,    0,    0,    0,    0,    0,    0,    0,    0,    0,  -62,  -22,    0,
       0,    0,    0,    0,    0,    0,    0,    0,    0,    0,    0,    0,    0,    0,    0,    0,    0,    0,    0,  -15,  -15,    0,    0,    0,    0,    0,    0,    0,    0,    0,    0,    0,    0,    0,    0,  -22,    0,    0,    0,    0,    0,    0,    0,    0,    0,    0,    0,    0,    0,    0,    0,    0,    0,    0,    0,    0,    0,    0,    0,    0,    0,    0,    0,    0,    0,    0,    0,    0,    0,    0,    0,    0,    0,    0,    0,    0,    0,  -15,    0,    0,    0,    0,    0,   -7,    0,    0,    0,  -11,    0,    0,    0,  -15,    0,    0,    0,    0,    0,    0,    0,    0,   -7,    0,    0,    0,   -7,    0,    0,  -22,    0,    0,    0,    0,    0,    0,    0,    0,    0,    0,    0,    0,    0,    0,    0,    0,    0,    0,    0,    0,    0,    0,    0,    0,    0,    0,    0,    0,    0,    0,    0,    0,    0,    0,    0,    0,    0,    0,    0,    0,    0,    0,    0,    0,    0,    0,    0,    0,    0,    0,    0,    0,    0,    0,    0,    0,    0,    0,    0,    0,    0,
       0,    0,    0,    0,   22,    0,  -22,    0,    0,    0,    0,    0,    0,    0,    0,    0,    0,    0,    0,    0,    0,    0,    0,    0,    0,    0,    0,    0,    0,    0,    0,    0,    0,    0,    0,   15,    0,    0,    0,    0,    0,    0,    0,    0,    0,    0,    0,    0,    0,    0,    0,    0,    0,    0,  -29,    0,    0,    0,    0,    0,    0,    0,    0,    0,    0,    0,    0,    0,    0,    0,    0,    0,    0,    0,    0,    0,    0,    0,    0,    7,   22,    7,    0,    0,  -26,   22,    0,    0,   22,  -37,   33,    0,    0,  -15,    0,  -15,   -7,  -22,    0,  -15,    0,  -22,   22,   -7,    0,    0,  -15,  -37,  -22,    0,    0,    0,    0,    0,    0,    0,    0,    0,    0,    0,    0,    0,    0,    0,    0,    0,    0,    0,    0,    0,    0,    0,    0,    0,    0,    0,    0,    0,    0,    0,    0,    0,    0,    0,    0,    0,    0,    0,    0,    0,    0,    0,    0,    0,    0,    0,    0,    0,    0,    0,    0,    0,    0,    0,    0,    0,    0,    0,    0,
       0,    0,    0,    0,    0,    0,    0,    0,    0,    0,    0,    0,    0,    0,    0,    0,    0,    0,    0,    0,    0,    0,    0,    0,    0,    0,    0,    0,    0,    0,    0,    0,    0,    0,    0,  -22,    0,    0,    0,    0,    0,    0,    0,    0,    0,    0,    0,    0,    0,    0,    0,    0,    0,    0,  -15,    0,    0,    0,    0,    0,    0,    0,    0,    0,    0,    0,    0,    0,    0,    0,    0,    0,    0,    0,    0,    0,    0,    0,    0,    0,   15,    0,    0,    0,  -11,   15,    0,  -15,    0,  -15,   29,    0,    0,    0,    0,    0,    0,    0,    0,   -7,    0,    0,    0,    0,    0,  -15,    0,  -22,  -15,    0,    0,    0,    0,    0,    0,    0,    0,    0,    0,    0,    0,    0,    0,    0,    0,    0,    0,    0,    0,    0,    0,    0,    0,    0,    0,    0,    0,    0,    0,    0,    0,    0,    0,    0,    0,    0,    0,    0,    0,    0,    0,    0,    0,    0,    0,    0,    0,    0,    0,    0,    0,    0,    0,    0,    0,    0,  -22,    0,    0,
       0,    0,    0,    0,    0,  -37,    0,  -37,  -44,    0,    0,    0,    0,    0,    0,    0,    0,    0,    0,    0,    0,    0,    0,    0,    0,    0,    0,    0,    0,    0,    0,    0,    0,    0,    0,   22,    0,    0,    0,    0,    0,    0,    0,    0,    0,    0,    0,    0,    0,    0,    0,    0,    0,    0,  -15,  -15,    0,    0,    0,    0,    0,    0,    0,    0,    0,    0,    0,    0,    0,    0,    0,    0,    0,    0,    0,    0,    0,    0,    0,   29,  -29,    0,    0,  -29,  -11,    0,    0,    0,   15,   -7,   15,    0,    0,  -15,  -22,    0,    0,   -7,    0,    0,    0,    0,    0,    0,    0,  -22,  -15,  -15,  -15,  -15,  -15,    0,    0,    0,    0,    0,    0,    0,    0,    0,    0,    0,    0,    0,    0,    0,    0,    0,    0,    0,    0,    0,    0,    0,    0,    0,    0,    0,    0,    0,    0,    0,    0,    0,    0,    0,    0,    0,    0,    0,    0,    0,    0,    0,    0,    0,    0,    0,    0,    0,    0,    0,    0,    0,    0,    0,    0,    0,    0,
       0,    0,    0,    0,    0,    0,    0,    0,    0,    0,    0,    0,    0,    0,    0,    0,    0,    0,    0,  -22,  -22,    0,    0,    0,    0,    0,    0,    0,    0,    0,    0,    0,    0,    0,    0,    0,    0,    0,    0,    0,    0,    0,    0,    0,    0,    0,    0,    0,    0,    0,    0,    0,    0,    0,    0,    0,    0,    0,    0,    0,    0,    0,    0,    0,    0,    0,    0,    0,    0,    0,    0,    0,    0,    0,    0,    0,    0,  -22,    0,    0,    0,    0,    0,    0,    0,    0,    0,    0,    0,    0,    0,    0,    0,    0,    0,    0,    0,    0,    0,    0,    0,    0,    0,    0,    0,    0,    0,    0,    0,    0,    0,    0,    0,    0,    0,    0,    0,    0,    0,    0,    0,    0,    0,    0,    0,    0,    0,    0,    0,    0,    0,    0,    0,    0,    0,    0,    0,    0,    0,    0,    0,    0,    0,    0,    0,    0,    0,    0,    0,    0,    0,    0,    0,    0,    0,    0,    0,    0,    0,    0,    0,    0,    0,    0,    0,    0,    0,    0,    0,
       0,    0,    0,    0,    0,  -59,    0,  -59,  -51,    0,    0,    0,    0,    0,    0,    0,    0,    0,    0,  -37,  -37,    0,    0,    0,    0,    0,    0,    0,    0,    0,    0,    0,    0,    0,    0,  -22,    0,    0,    0,    0,    0,    0,    0,    0,    0,    0,    0,    0,    0,    0,    0,    0,    0,    0,    0,    0,    0,    0,    0,    0,    0,    0,    0,    0,    0,    0,    0,    0,    0,    0,    0,    0,    0,    0,    0,    0,    0,  -37,    0,    0,  -70,    0,  -18,  -59,    0,  -26,  -22,    0,    0,    0,   -7,    0,  -37,  -15,  -22,    0,  -15,    0,  -15,   15,    0,    0,  -15,  -15,    0,    0,  -15,    0,    0,   -7,    0,    0,    0,    0,    0,    0,    0,    0,    0,    0,    0,    0,    0,    0,    0,    0,    0,    0,    0,    0,    0,    0,    0,    0,    0,    0,    0,    0,    0,    0,    0,    0,    0,    0,    0,    0,    0,    0,    0,    0,    0,    0,    0,    0,    0,    0,    0,    0,    0,    0,    0,    0,    0,    0,    0,    0,    0,    0,    0,
       0,    0,    0,    0,    0,  -44,    0,  -44,  -22,    0,    0,    0,    0,    0,    0,    0,    0,    0,    0,  -29,  -29,    0,    0,    0,    0,    0,    0,    0,    0,    0,    0,    0,    0,    0,    0,  -51,    0,    0,    0,    0,    0,    0,    0,    0,    0,    0,    0,    0,    0,    0,    0,    0,    0,    0,    0,    0,    0,    0,    0,    0,    0,    0,    0,    0,    0,    0,    0,    0,    0,    0,    0,    0,    0,    0,    0,    0,    0,  -29,    0,    0,  -26,  -15,  -22,  -22,    0,    0,  -15,  -22,  -29,    0,  -15,    0,    0,    0,    0,    0,    0,    0,    0,    0,    0,    0,  -15,    0,    0,    0,    0,    0,    0,    0,    0,    0,    0,    0,    0,    0,    0,    0,    0,    0,    0,    0,    0,    0,    0,    0,    0,    0,    0,    0,    0,    0,    0,    0,    0,    0,    0,    0,    0,    0,    0,    0,    0,    0,    0,    0,    0,    0,    0,    0,    0,    0,    0,    0,    0,    0,    0,    0,    0,    0,    0,    0,    0,    0,    0,    0,    0,    0,    0,
       0,    0,    0,    0,   22,  -29,    0,  -29,    0,    0,    0,    0,    0,    0,    0,    0,    0,    0,    0,  -15,  -15,    0,    0,    0,    0,    0,    0,    0,    0,    0,    0,    0,    0,    0,    0,   22,    0,    0,    0,    0,    0,    0,    0,    0,    0,    0,    0,    0,    0,    0,    0,    0,    0,    0,  -15,    0,    0,    0,    0,    0,    0,    0,    0,    0,    0,    0,    0,    0,    0,    0,    0,    0,    0,    0,    0,    0,    0,  -15,    0,   37,   20,   15,    0,    0,  -22,   37,    0,    0,   22,  -22,   37,   22,    0,  -15,    0,    0,    0,  -15,    0,   -7,    0,    0,    0,    0,    0,  -15,  -15,  -29,  -15,    0,  -22,    0,    0,    0,    0,    0,    0,    0,    0,    0,    0,    0,    0,    0,    0,    0,    0,    0,    0,    0,    0,    0,    0,    0,    0,    0,    0,    0,    0,    0,    0,    0,    0,    0,    0,    0,    0,    0,    0,    0,    0,    0,    0,    0,    0,    0,    0,    0,    0,    0,    0,    0,    0,    0,    0,    0,    0,    0,    0,
       0,    0,    0,    0,   40,  -84,    0,  -84,  -37,    0,    0,    0,    0,    0,    0,    0,    0,    0,    0,  -44,  -44,    0,    0,    0,    0,    0,    0,    0,    0,    0,    0,    0,    0,    0,    0,   29,    0,    0,    0,    0,    0,    0,    0,    0,    0,    0,    0,    0,    0,    0,    0,    0,    0,    0,  -15,  -15,    0,    0,    0,    0,    0,    0,    0,    0,    0,    0,    0,    0,    0,    0,    0,    0,    0,    0,    0,    0,   29,  -44,    0,   37,  -59,    0,    0,  -59,    0,    0,    0,    0,   22,    0,   22,   15,   -7,  -22,  -15,    0,  -22,    0,    0,    0,   22,    0,    0,  -22,   15,    0,  -22,    0,    0,  -22,  -15,    0,    0,    0,    0,    0,    0,    0,    0,    0,    0,    0,    0,    0,    0,    0,    0,    0,    0,    0,    0,    0,    0,    0,    0,    0,    0,    0,    0,    0,    0,    0,    0,    0,    0,    0,    0,    0,    0,    0,    0,    0,    0,    0,    0,    0,    0,    0,    0,    0,    0,    0,    0,    0,    0,    0,    0,   22,    0,
       0,    0,    0,    0,    0,    0,    0,    0,    0,    0,    0,    0,    0,    0,    0,    0,    0,    0,    0,    0,    0,    0,    0,    0,    0,    0,    0,    0,    0,    0,    0,    0,    0,    0,    0,  -48,    0,    0,    0,    0,    0,    0,    0,    0,    0,    0,    0,    0,    0,    0,    0,    0,    0,    0,    0,    0,    0,    0,    0,    0,    0,    0,    0,    0,    0,    0,    0,    0,    0,    0,    0,    0,    0,    0,    0,    0,    0,    0,    0,    0,    0,    0,    0,    0,    0,    0,    0,    0,    0,    0,    0,    0,    0,    0,    0,    0,    0,    0,    0,    0,    0,  -10,   15,    0,    0,    0,    0,  -15,    0,    0,  -15,    0,    0,    0,    0,    0,    0,    0,    0,    0,    0,    0,    0,    0,    0,    0,    0,    0,    0,    0,    0,    0,    0,    0,    0,    0,    0,    0,    0,    0,    0,    0,    0,    0,    0,    0,    0,    0,    0,    0,    0,    0,    0,    0,    0,    0,    0,    0,    0,    0,    0,    0,    0,    0,    0,    0,    0,    0,    0,
       0,    0,    0,    0,    0,    0,    0,    0,    0,    0,    0,    0,    0,    0,    0,    0,    0,    0,    0,    0,    0,    0,    0,    0,    0,    0,    0,    0,    0,    0,    0,    0,    0,    0,    0,  -44,    0,    0,    0,    0,    0,    0,    0,    0,    0,    0,    0,    0,    0,    0,    0,    0,    0,    0,    0,    0,    0,    0,    0,    0,    0,    0,    0,    0,    0,    0,    0,    0,    0,    0,    0,    0,    0,    0,    0,    0,    0,    0,    0,    0,    0,    0,    0,    0,    0,    0,    0,    0,    0,    0,    0,    0,    0,   -7,    0,    0,    0,    0,    0,    0,    0,    0,    0,    0,    0,    0,   -7,    0,    0,    0,    0,    0,    0,    0,    0,    0,    0,    0,    0,    0,    0,    0,    0,    0,    0,    0,    0,    0,    0,    0,    0,    0,    0,    0,    0,    0,    0,    0,    0,    0,    0,    0,    0,    0,    0,    0,    0,    0,    0,    0,    0,    0,    0,    0,    0,    0,    0,    0,    0,    0,    0,    0,    0,    0,    0,    0,    0,    0,    0,
       0,    0,    0,    0,    0,    0,    0,    0,    0,    0,    0,    0,    0,    0,    0,    0,    0,    0,    0,    0,    0,    0,    0,    0,    0,    0,    0,    0,    0,    0,    0,    0,    0,    0,    0,  -40,    0,    0,    0,    0,    0,    0,    0,    0,    0,    0,    0,    0,    0,    0,    0,    0,    0,    0,    0,    0,    0,    0,    0,    0,    0,    0,    0,    0,    0,    0,    0,    0,    0,    0,    0,    0,    0,    0,    0,    0,    0,    0,    0,    0,    0,    0,    0,    0,    0,    0,    0,    0,    0,    0,    0,    0,    0,    0,    0,    0,    0,    0,    0,    0,    0,    0,    0,    0,    0,  -11,    0,  -11,   -7,    0,   -7,    0,    0,    0,    0,    0,    0,    0,    0,    0,    0,    0,    0,    0,    0,    0,    0,    0,    0,    0,    0,    0,    0,    0,    0,    0,    0,    0,    0,    0,    0,    0,    0,    0,    0,    0,    0,    0,    0,    0,    0,    0,    0,    0,    0,    0,    0,    0,    0,    0,    0,    0,    0,    0,    0,    0,    0,    0,    0,
       0,    0,    0,    0,    0,    0,    0,    0,   15,    0,    0,    0,    0,    0,    0,    0,    0,    0,    0,    0,    0,    0,    0,    0,    0,    0,    0,    0,    0,    0,    0,    0,    0,    0,    0,   29,    0,    0,    0,    0,    0,    0,    0,    0,    0,    0,    0,    0,    0,    0,    0,    0,    0,    0,    0,    0,    0,    0,    0,    0,    0,    0,    0,    0,    0,    0,    0,    0,    0,    0,    0,    0,    0,    0,    0,    0,    0,    0,    0,    0,    0,    0,    0,    0,    0,    0,    0,    0,    0,    0,    0,    0,    0,    0,    0,    0,    0,    0,    0,    0,    0,    0,   51,    0,    0,    0,    0,  -15,    0,    0,    0,    0,    0,    0,    0,    0,    0,    0,    0,    0,    0,    0,    0,    0,    0,    0,    0,    0,    0,    0,    0,    0,    0,    0,    0,    0,    0,    0,    0,    0,    0,    0,    0,    0,    0,    0,    0,    0,    0,    0,    0,    0,    0,    0,    0,    0,    0,    0,    0,    0,    0,    0,    0,    0,    0,    0,    0,    0,    0,
       0,    0,    0,    0,  -22,  -37,    0,  -37,    0,    0,    0,    0,    0,    0,    0,    0,    0,    0,    0,  -15,  -15,    0,    0,    0,    0,    0,    0,    0,    0,    0,    0,    0,    0,    0,    0,  -44,    0,    0,    0,    0,    0,    0,    0,    0,    0,    0,    0,    0,    0,    0,    0,    0,    0,    0,    0,    0,    0,    0,    0,    0,    0,    0,    0,    0,    0,    0,    0,    0,    0,    0,    0,    0,    0,    0,    0,    0,    0,  -15,    0,    0,    0,    0,    0,    0,    0,    0,    0,    0,    0,    0,    0,    0,    0,    0,    0,    0,    0,    0,    0,    0,    0,    0,    0,    0,    0,   -7,    0,    0,    0,    0,    0,    0,    0,    0,    0,    0,    0,    0,    0,    0,    0,    0,    0,    0,    0,    0,    0,    0,    0,    0,    0,    0,    0,    0,    0,    0,    0,    0,    0,    0,    0,    0,    0,    0,    0,    0,    0,    0,    0,    0,    0,    0,    0,    0,    0,    0,    0,    0,    0,    0,    0,    0,    0,    0,    0,    0,  -22,    0,    0,
       0,    0,    0,    0,  -22,  -37,    0,  -37,    0,    0,    0,    0,    0,    0,    0,    0,    0,    0,    0,  -15,  -15,    0,    0,    0,    0,    0,    0,    0,    0,    0,    0,    0,    0,    0,    0,  -59,    0,    0,    0,    0,    0,    0,    0,    0,    0,    0,    0,    0,    0,    0,    0,    0,    0,    0,    0,    0,    0,    0,    0,    0,    0,    0,    0,    0,    0,    0,    0,    0,    0,    0,    0,    0,    0,    0,    0,    0,    0,  -15,    0,    0,    0,    0,    0,    0,    0,    0,    0,    0,    0,    0,    0,    0,    0,    0,    0,    0,    0,    0,    0,    0,    0,    0,    0,    0,    0,   -7,    0,    0,    0,    0,    0,    0,    0,    0,    0,    0,    0,    0,    0,    0,    0,    0,    0,    0,    0,    0,    0,    0,    0,    0,    0,    0,    0,    0,    0,    0,    0,    0,    0,    0,    0,    0,    0,    0,    0,    0,    0,    0,    0,    0,    0,    0,    0,    0,    0,    0,    0,    0,    0,    0,    0,    0,    0,    0,    0,    0,  -22,    0,    0,
       0,    0,    0,    0,    0,  -44,    0,  -44,  -22,    0,    0,    0,    0,    0,    0,    0,    0,    0,    0,  -22,  -22,    0,    0,    0,    0,    0,    0,    0,    0,    0,    0,    0,    0,    0,    0,  -22,    0,    0,    0,    0,    0,    0,    0,    0,    0,    0,    0,    0,    0,    0,    0,    0,    0,    0,    0,    0,    0,    0,    0,    0,    0,    0,    0,    0,    0,    0,    0,    0,    0,    0,    0,    0,    0,    0,    0,    0,    0,  -22,    0,    0,    0,    0,    0,    0,    0,    0,    0,    0,    0,    0,    0,    0,    0,   -7,  -15,    0,    0,    0,    0,    0,    0,    0,  -22,    0,    0,   -7,   -7,    0,    0,    0,    0,    0,    0,    0,    0,    0,    0,    0,    0,    0,    0,    0,    0,    0,    0,    0,    0,    0,    0,    0,    0,    0,    0,    0,    0,    0,    0,    0,    0,    0,    0,    0,    0,    0,    0,    0,    0,    0,    0,    0,    0,    0,    0,    0,    0,    0,    0,    0,    0,    0,    0,    0,    0,    0,    0,    0,    0,    0,    0,
       0,    0,    0,    0,  -22,  -37,    0,  -37,    0,    0,    0,    0,    0,    0,    0,    0,    0,    0,    0,  -15,  -15,    0,    0,    0,    0,    0,    0,    0,    0,    0,    0,    0,    0,    0,    0,  -51,    0,    0,    0,    0,    0,    0,    0,    0,    0,    0,    0,    0,    0,    0,    0,    0,    0,    0,    0,    0,    0,    0,    0,    0,    0,    0,    0,    0,    0,    0,    0,    0,    0,    0,    0,    0,    0,    0,    0,    0,    0,  -15,    0,    0,    0,    0,    0,    0,    0,    0,    0,    0,    0,    0,    0,    0,    0,    0,    0,    0,    0,    0,    0,    0,    0,    0,    0,    0,    0,   -7,    0,    0,    0,    0,    0,    0,    0,    0,    0,    0,    0,    0,    0,    0,    0,    0,    0,    0,    0,    0,    0,    0,    0,    0,    0,    0,    0,    0,    0,    0,    0,    0,    0,    0,    0,    0,    0,    0,    0,    0,    0,    0,    0,    0,    0,    0,    0,    0,    0,    0,    0,    0,    0,    0,    0,    0,    0,    0,    0,    0,  -22,    0,    0,
       0,    0,    0,   55,    0,   22,    0,   22,   40,    0,    0,    0,    0,    0,    0,    0,    0,    0,    0,    0,    0,    0,    0,    0,    0,    0,    0,    0,    0,    0,    0,    0,    0,    0,    0,   22,   40,    0,    0,    0,    0,    0,    0,    0,    0,    0,    0,    0,    0,    0,    0,    0,   40,    0,    0,    0,    0,    0,    0,    0,    0,    0,    0,    0,    0,    0,    0,    0,    0,    0,    0,    0,    0,    0,    0,    0,    0,    0,    0,   29,    0,    0,    0,    0,    0,    0,    0,    0,    0,    0,    0,    0,    0,    0,    0,    0,    7,    0,    0,  -29,    0,  -22,   22,   29,   -7,    0,    0,  -44,   15,    0,  -15,    0,    0,    0,    0,    0,    0,    0,    0,    0,    0,    0,    0,    0,    0,    0,    0,    0,    0,    0,    0,    0,    0,    0,    0,    0,    0,    0,    0,    0,    0,    0,    0,    0,    0,    0,    0,    0,    0,    0,    0,    0,    0,    0,    0,    0,    0,    0,    0,    0,    0,    0,    0,    0,    0,    0,    0,   15,    0,
       0,    0,    0,    0,    0,  -22,    0,  -22,    0,    0,    0,    0,    0,    0,    0,    0,    0,    0,    0,    0,    0,    0,    0,    0,    0,    0,    0,    0,    0,    0,    0,    0,    0,    0,    0,    0,    0,    0,    0,    0,    0,    0,    0,    0,    0,    0,    0,    0,    0,    0,    0,    0,    0,    0,    0,    0,    0,    0,    0,    0,    0,    0,    0,    0,    0,    0,    0,    0,    0,    0,    0,    0,    0,    0,    0,    0,    0,    0,    0,    0,    0,    0,    0,    0,    0,    0,    0,    0,    0,    0,    0,    0,    0,    0,   -7,    0,    0,    0,   -7,    0,    0,    0,  -10,    0,    0,   -7,    0,    0,    0,    0,    0,    0,    0,    0,    0,    0,    0,    0,    0,    0,    0,    0,    0,    0,    0,    0,    0,    0,    0,    0,    0,    0,    0,    0,    0,    0,    0,    0,    0,    0,    0,    0,    0,    0,    0,    0,    0,    0,    0,    0,    0,    0,    0,    0,    0,    0,    0,    0,    0,    0,    0,    0,    0,    0,    0,    0,    0,   22,    0,
       0,    0,    0,    0,  -22,    0,    0,    0,   22,    0,    0,    0,    0,    0,    0,    0,    0,    0,    0,    0,    0,    0,    0,    0,    0,    0,    0,    0,    0,    0,    0,    0,    0,    0,    0,  -44,    0,    0,    0,    0,    0,    0,    0,    0,    0,    0,    0,    0,    0,    0,    0,    0,    0,    0,    0,    0,    0,    0,    0,    0,    0,    0,    0,    0,    0,    0,    0,    0,    0,    0,    0,    0,    0,    0,    0,    0,    0,    0,    0,    0,    0,    0,    0,    0,    0,    0,    0,    0,    0,    0,    0,    0,    0,    0,    0,    0,    0,    0,    0,    0,    0,    0,    0,    0,    0,    0,    0,  -15,  -15,    0,   -7,    0,    0,    0,    0,    0,    0,    0,    0,    0,    0,    0,    0,    0,    0,    0,    0,    0,    0,    0,    0,    0,    0,    0,    0,    0,    0,    0,    0,    0,    0,    0,    0,    0,    0,    0,    0,    0,    0,    0,    0,    0,    0,    0,    0,    0,    0,    0,    0,    0,    0,    0,    0,    0,    0,    0,  -22,    0,    0,
       0,    0,    0,    0,    0,   15,    0,   15,    0,    0,    0,    0,    0,    0,    0,    0,    0,    0,    0,    0,    0,    0,    0,    0,    0,    0,    0,    0,    0,    0,    0,    0,    0,    0,    0,  -40,    0,    0,    0,    0,    0,    0,    0,    0,    0,    0,    0,    0,    0,    0,    0,    0,    0,    0,    0,    0,    0,    0,    0,    0,    0,    0,    0,    0,    0,    0,    0,    0,    0,    0,    0,    0,    0,    0,    0,    0,    0,    0,    0,    0,    0,    0,    0,    0,    0,    0,    0,    0,    0,    0,    0,    0,    0,    0,    0,    0,    0,    0,    0,   15,    0,    0,    0,    0,    0,    0,    0,    0,    0,    0,    0,    0,    0,    0,    0,    0,    0,    0,    0,    0,    0,    0,    0,    0,    0,    0,    0,    0,    0,    0,    0,    0,    0,    0,    0,    0,    0,    0,    0,    0,    0,    0,    0,    0,    0,    0,    0,    0,    0,    0,    0,    0,    0,    0,    0,    0,    0,    0,    0,    0,    0,    0,    0,    0,    0,    0,    0,    0,    0,
       0,    0,    0,    0,  -22,    0,    0,    0,    0,    0,    0,    0,    0,    0,    0,    0,    0,    0,    0,    0,    0,    0,    0,    0,    0,    0,    0,    0,    0,    0,    0,    0,    0,    0,    0,  -70,    0,    0,    0,    0,    0,    0,    0,    0,    0,    0,    0,    0,    0,    0,    0,    0,    0,    0,    0,    0,    0,    0,    0,    0,    0,    0,    0,    0,    0,    0,    0,    0,    0,    0,    0,    0,    0,    0,    0,    0,    0,    0,  -37,    0,    0,    0,    0,    0,    0,    0,    0,    0,    0,    0,    0,    0,    0,    0,    0,    0,    0,    0,    0,  -15,    0,  -15,   15,    0,    0,    0,    0,  -22,   -7,    0,  -22,    0,    0,    0,    0,    0,    0,    0,    0,    0,    0,    0,    0,    0,    0,    0,    0,    0,    0,    0,    0,    0,    0,    0,    0,    0,    0,    0,    0,    0,    0,    0,    0,    0,    0,    0,    0,    0,    0,    0,    0,    0,    0,    0,    0,    0,    0,    0,    0,    0,    0,    0,    0,    0,    0,    0,  -48,  -44,    0,
       0,    0,    0,   30,    0,    0,    0,    0,   29,    0,    0,    0,    0,    0,    0,    0,    0,    0,    0,    0,    0,    0,    0,    0,    0,    0,    0,    0,    0,    0,    0,    0,    0,    0,    0,    0,   22,    0,    0,    0,    0,    0,    0,    0,    0,    0,    0,    0,    0,    0,    0,    0,   26,    0,    0,    0,    0,    0,    0,    0,    0,    0,    0,    0,    0,    0,    0,    0,    0,    0,    0,    0,    0,    0,    0,    0,    0,    0,    0,   15,    0,    0,    0,    0,    0,    0,    0,    0,    0,    0,    0,    0,    0,  -15,   -7,    0,    0,    0,    0,    0,    0,  -15,   15,    7,    0,   -7,   -7,  -15,    0,    0,  -29,    0,    0,    0,    0,    0,    0,    0,    0,    0,    0,    0,    0,    0,    0,    0,    0,    0,    0,    0,    0,    0,    0,    0,    0,    0,    0,    0,    0,    0,    0,    0,    0,    0,    0,    0,    0,    0,    0,    0,    0,    0,    0,    0,    0,    0,    0,    0,    0,    0,    0,    0,    0,    0,    0,    0,    0,    0,    0,
       0,    0,    0,    0,    0,    0,    0,    0,    0,    0,    0,    0,    0,    0,    0,    0,    0,    0,    0,    0,    0,    0,    0,    0,    0,    0,    0,    0,    0,    0,    0,    0,    0,    0,    0,    0,    0,    0,    0,    0,    0,    0,    0,    0,    0,    0,    0,    0,    0,    0,    0,    0,    0,    0,    0,    0,    0,    0,    0,    0,    0,    0,    0,    0,    0,    0,    0,    0,    0,    0,    0,    0,    0,    0,    0,    0,    0,    0,    0,    0,    0,    0,    0,    0,    0,    0,    0,    0,    0,    0,    0,    0,    0,    0,   -7,    0,    0,    0,    0,   15,    0,    0,    0,    0,    0,    0,    0,    0,    0,    0,  -15,    0,    0,    0,    0,    0,    0,    0,    0,    0,    0,    0,    0,    0,    0,    0,    0,    0,    0,    0,    0,    0,    0,    0,    0,    0,    0,    0,    0,    0,    0,    0,    0,    0,    0,    0,    0,    0,    0,    0,    0,    0,    0,    0,    0,    0,    0,    0,    0,    0,    0,    0,    0,    0,    0,    0,    0,    0,    0,
       0,    0,    0,    0,    0,    0,    0,    0,   22,    0,    0,    0,    0,    0,    0,    0,    0,    0,    0,    0,    0,    0,    0,    0,    0,    0,    0,    0,    0,    0,    0,    0,    0,    0,    0,  -22,   37,    0,    0,    0,    0,    0,    0,    0,    0,    0,    0,    0,    0,    0,    0,    0,   29,    0,    0,    0,    0,    0,    0,    0,    0,    0,    0,    0,    0,    0,    0,    0,    0,    0,    0,    0,    0,    0,    0,    0,    0,    0,    0,    0,    0,    0,    0,    0,    0,    0,    0,    0,    0,    0,    0,    0,    0,    0,    0,    0,    0,    0,    0,    0,    0,    0,    0,    0,    0,    0,    0,    0,    0,    0,    0,    0,    0,    0,    0,    0,    0,    0,    0,    0,    0,    0,    0,    0,    0,    0,    0,    0,    0,    0,    0,    0,    0,    0,    0,    0,    0,    0,    0,    0,    0,    0,    0,    0,    0,    0,    0,    0,    0,    0,    0,    0,    0,    0,    0,    0,    0,    0,    0,    0,    0,    0,    0,    0,    0,    0,    0,    0,    0,
       0,    0,    0,    0,   29,  -37,    0,  -37,    0,    0,    0,    0,    0,    0,    0,    0,    0,    0,    0,    0,    0,    0,    0,    0,    0,    0,    0,    0,    0,    0,    0,    0,    0,    0,    0,    0,    0,    0,    0,    0,    0,    0,    0,    0,    0,    0,    0,    0,    0,    0,    0,    0,    0,    0,    0,    0,    0,    0,    0,    0,    0,    0,    0,    0,    0,    0,    0,    0,    0,    0,    0,    0,    0,    0,    0,    0,    0,    0,    0,    0,    0,    0,    0,    0,    0,    0,    0,    0,    0,    0,    0,    0,    0,   -7,   -7,   15,    0,   22,    0,   22,    0,    0,   -7,    0,    0,    0,   -7,    0,   15,    0,  -15,    0,    0,    0,    0,    0,    0,    0,    0,    0,    0,    0,    0,    0,    0,    0,    0,    0,    0,    0,    0,    0,    0,    0,    0,    0,    0,    0,    0,    0,    0,    0,    0,    0,    0,    0,    0,    0,    0,    0,    0,    0,    0,    0,    0,    0,    0,    0,    0,    0,    0,    0,    0,    0,    0,    0,    0,   26,    0,
       0,    0,    0,    0,   29,  -22,    0,  -22,    0,    0,    0,    0,    0,    0,    0,    0,    0,    0,    0,  -15,  -15,    0,    0,    0,    0,    0,    0,    0,    0,    0,    0,    0,    0,    0,    0,    0,    0,    0,    0,    0,    0,    0,    0,    0,    0,    0,    0,    0,    0,    0,    0,    0,    0,    0,    0,    0,    0,    0,    0,    0,    0,    0,    0,    0,    0,    0,    0,    0,    0,    0,    0,    0,    0,    0,    0,    0,   22,  -15,    0,    0,    0,    0,    0,    0,    0,    0,    0,    0,    0,    0,    0,    0,    0,  -15,  -11,   15,    0,    0,    0,   22,    0,    0,    0,    0,    0,    0,  -15,    0,    7,  -15,   -7,    0,    0,    0,    0,    0,    0,    0,    0,    0,    0,    0,    0,    0,    0,    0,    0,    0,    0,    0,    0,    0,    0,    0,    0,    0,    0,    0,    0,    0,    0,    0,    0,    0,    0,    0,    0,    0,    0,    0,    0,    0,    0,    0,    0,    0,    0,    0,    0,    0,    0,    0,    0,    0,    0,    0,    0,   40,    0,
       0,    0,    0,   81,    0,   29,    0,    0,    0,    0,    0,    0,    0,    0,    0,    0,    0,    0,    0,    0,   22,    0,    0,    0,    0,    0,    0,    0,    0,    0,    0,    0,    0,    0,    0,    0,   59,    0,    0,    0,    0,    0,    0,    0,    0,    0,    0,    0,    0,    0,    0,    0,   62,    0,    0,    0,    0,    0,    0,    0,    0,    0,    0,    0,    0,    0,    0,    0,    0,    0,    0,    0,    0,    0,    0,    0,    0,   37,    0,    0,    0,    0,    0,    0,    0,    0,    0,    0,    0,    0,    0,    0,    0,   -7,   -7,   15,    0,    0,   15,   29,    0,    0,    0,   29,    0,    0,   15,    0,   15,    0,  -22,    0,    0,    0,    0,    0,    0,    0,    0,    0,    0,    0,    0,    0,    0,    0,    0,    0,    0,    0,    0,    0,    0,    0,    0,    0,    0,    0,    0,    0,    0,    0,    0,    0,    0,    0,    0,    0,    0,    0,    0,    0,    0,    0,    0,    0,    0,    0,    0,    0,    0,    0,    0,    0,    0,    0,    0,   15,    0,
       0,    0,    0,    0,    0,  -22,    0,  -22,    0,    0,    0,    0,    0,    0,    0,    0,    0,    0,    0,    0,    0,    0,    0,    0,    0,    0,    0,    0,    0,    0,    0,    0,    0,    0,    0,  -22,    0,    0,    0,    0,    0,    0,    0,    0,    0,    0,    0,    0,    0,    0,    0,    0,    0,    0,    0,    0,    0,    0,    0,    0,    0,    0,    0,    0,    0,    0,    0,    0,    0,    0,    0,    0,    0,    0,    0,    0,    0,    0,    0,    0,    0,    0,    0,    0,    0,    0,    0,    0,    0,    0,    0,    0,    0,    0,    0,    0,    0,    0,    0,    0,    0,    0,    0,    0,    0,    0,    0,    0,   -7,    0,    0,    0,    0,    0,    0,    0,    0,    0,    0,    0,    0,    0,    0,    0,    0,    0,    0,    0,    0,    0,    0,    0,    0,    0,    0,    0,    0,    0,    0,    0,    0,    0,    0,    0,    0,    0,    0,    0,    0,    0,    0,    0,    0,    0,    0,    0,    0,    0,    0,    0,    0,    0,    0,    0,    0,    0,    0,    0,    0,
       0,    0,    0,    0,    0,  -51,    0,  -51,    0,    0,    0,    0,    0,    0,    0,    0,    0,    0,    0,    0,    0,    0,    0,    0,    0,    0,    0,    0,    0,    0,    0,    0,    0,    0,    0,    0,    0,    0,    0,    0,    0,    0,    0,    0,    0,    0,    0,    0,    0,    0,    0,    0,    0,    0,    0,    0,    0,    0,    0,    0,    0,    0,    0,    0,    0,    0,    0,    0,    0,    0,    0,    0,    0,    0,    0,    0,   22,    0,    0,    0,    0,    0,    0,    0,    0,    0,    0,    0,    0,    0,    0,    0,    0,   -7,  -22,   15,    0,    0,    0,   29,    0,    0,  -29,    0,    0,    0,   -7,    0,   22,    0,    0,    0,    0,    0,    0,    0,    0,    0,    0,    0,    0,    0,    0,    0,    0,    0,    0,    0,    0,    0,    0,    0,    0,    0,    0,    0,    0,    0,    0,    0,    0,    0,    0,    0,    0,    0,    0,    0,    0,    0,    0,    0,    0,    0,    0,    0,    0,    0,    0,    0,    0,    0,    0,    0,    0,    0,    0,    0,    0,
       0,    0,    0,    0,   44,  -44,  -37,  -44,  -51,    0,    0,    0,    0,    0,    0,    0,    0,    0,    0,    0,    0,    0,    0,    0,    0,    0,    0,    0,    0,    0,    0,    0,    0,    0,    0,   29,    0,    0,    0,    0,    0,    0,    0,    0,    0,    0,    0,    0,    0,    0,    0,    0,    0,    0,  -22,  -15,    0,    0,    0,    0,    0,    0,    0,    0,    0,    0,    0,    0,    0,    0,    0,    0,    0,    0,    0,    0,    0,    0,    0,    0,  -66,   22,    0,  -66,    0,    0,    0,    0,   29,   -7,   22,    0,  -51,  -59,  -51,    0,  -29,    0,    0,   15,    0,    0,    0,  -29,    0,  -15,  -59,  -15,  -15,  -29,  -29,    0,    0,    0,    0,    0,    0,    0,    0,    0,    0,    0,    0,    0,    0,    0,    0,    0,    0,    0,    0,    0,    0,    0,    0,    0,    0,    0,    0,    0,    0,    0,    0,    0,    0,    0,    0,    0,    0,    0,    0,    0,    0,    0,    0,    0,    0,    0,    0,    0,    0,    0,    0,    0,    0,    0,    0,   29,    0,
       0,    0,    0,    0,   22,    0,    0,    0,    0,    0,    0,    0,    0,    0,    0,    0,    0,    0,    0,  -22,  -22,    0,    0,    0,    0,    0,    0,    0,    0,    0,    0,    0,    0,    0,    0,    0,    0,    0,    0,    0,    0,    0,    0,    0,    0,    0,    0,    0,    0,    0,    0,    0,    0,    0,    0,    0,    0,    0,    0,    0,    0,    0,    0,    0,    0,    0,    0,    0,    0,    0,    0,    0,    0,    0,    0,    0,    0,  -22,    0,    0,    0,    0,    0,    0,    0,    0,    0,    0,    0,    0,    0,    0,    0,    0,    0,    0,    0,    0,    0,    0,    0,    0,    0,    0,    0,    0,    0,    0,    0,    0,    0,    0,    0,   -7,    0,    0,    0,    0,   -7,    0,    0,    0,    0,    0,    0,    0,    0,    0,    0,    0,   -7,    0,    0,   -7,   -7,   -7,    0,    0,    0,    0,    0,    0,    0,    0,    0,    0,    0,    0,    0,    0,    0,    0,    0,    0,    0,    0,    0,    0,    0,  -15,    0,    0,    0,    0,    0,    0,    0,    0,    0,
       0,    0,    0,    0,    0,    0,    0,    0,    0,    0,    0,    0,    0,    0,    0,    0,    0,    0,    0,    0,    0,    0,    0,    0,    0,    0,    0,    0,    0,    0,    0,    0,    0,    0,    0,  -44,    0,    0,    0,    0,    0,    0,    0,    0,    0,    0,    0,    0,    0,    0,    0,    0,    0,    0,    0,    0,    0,    0,    0,    0,    0,    0,    0,    0,    0,    0,    0,    0,    0,    0,    0,    0,    0,    0,    0,    0,    0,    0,    0,    0,    0,    0,    0,    0,    0,    0,    0,    0,    0,    0,    0,    0,    0,    0,    0,    0,    0,    0,    0,    0,    0,    0,    0,    0,    0,    0,    0,    0,    0,    0,    0,    0,  -29,    0,    0,   37,   15,  -18,   15,    0,   29,   22,    0,   15,    0,    0,   29,  -51,    0,   15,    0,    0,    0,    0,    0,    0,    0,    0,    0,    0,    0,  -15,    0,   -7,    0,    0,    0,    0,    0,    0,   55,    0,  -55,  -15,    0,    0,    0,  -29,  -29,    0,    0,    0,    0,    0,    0,    0,  -29,    0,    0,
       0,    0,    0,    0,    0,    0,    0,    0,    0,    0,    0,    0,    0,    0,    0,    0,    0,    0,    0,    0,    0,    0,    0,    0,    0,    0,    0,    0,    0,    0,    0,    0,    0,    0,    0,    0,    0,    0,    0,    0,    0,    0,    0,    0,    0,    0,    0,    0,    0,    0,    0,    0,    0,    0,    0,    0,    0,    0,    0,    0,    0,    0,    0,    0,    0,    0,    0,    0,    0,    0,    0,    0,    0,    0,    0,    0,    0,    0,    0,    0,    0,    0,    0,    0,    0,    0,    0,    0,    0,    0,    0,    0,    0,    0,    0,    0,    0,    0,    0,    0,    0,    0,    0,    0,    0,    0,    0,    0,    0,    0,    0,    0,    0,    0,    0,    0,    0,    0,    0,    0,    0,    0,    0,    0,    0,  -15,    0,    0,    0,    0,    0,    0,    0,    0,    0,    0,    0,    0,    0,    0,    0,    0,    0,    0,    0,    0,    0,    0,    0,    0,    0,    0,    0,    0,    0,    0,    0,    0,    0,    0,    0,    0,    0,    0,    0,    0,    0,    0,    0,
       0,    0,    0,    0,    0,  -22,    0,  -22,    0,    0,    0,    0,    0,    0,    0,    0,    0,    0,    0,  -29,  -29,    0,    0,    0,    0,    0,    0,    0,    0,    0,    0,    0,    0,    0,    0,  -15,    0,    0,    0,    0,    0,    0,    0,    0,    0,    0,    0,    0,    0,    0,    0,    0,    0,    0,    0,    0,    0,    0,    0,    0,    0,    0,    0,    0,    0,    0,    0,    0,    0,    0,    0,    0,    0,    0,    0,    0,    0,  -29,    0,    0,    0,    0,    0,    0,    0,    0,    0,    0,    0,    0,    0,    0,    0,    0,    0,    0,    0,    0,    0,    0,    0,    0,    0,    0,    0,    0,    0,    0,    0,    0,    0,    0,  -13,    0,    0,    0,    0,   -7,    0,    0,    0,    0,    0,    0,    0,    0,    0,    0,    0,    0,    0,    0,    0,    0,  -15,    0,    0,    0,    0,    0,    0,    0,    0,    0,    0,    0,    0,    0,    0,    0,    0,    0,   -7,    0,    0,    0,    0,  -15,    0,    0,    0,    0,    0,    0,    0,  -15,    0,    0,    0,
       0,    0,    0,    0,    0,  -22,    0,  -22,    0,    0,    0,    0,    0,    0,    0,    0,    0,    0,    0,  -29,  -29,    0,    0,    0,    0,    0,    0,    0,    0,    0,    0,    0,    0,    0,    0,    0,    0,    0,    0,    0,    0,    0,    0,    0,    0,    0,    0,    0,    0,    0,    0,    0,    0,    0,  -29,  -15,    0,    0,    0,    0,    0,    0,    0,    0,    0,    0,    0,    0,    0,    0,    0,    0,    0,    0,    0,    0,    0,  -29,    0,    0,    0,    0,    0,    0,    0,    0,    0,    0,    0,    0,    0,    0,    0,    0,    0,    0,    0,    0,    0,    0,    0,    0,    0,    0,    0,    0,    0,    0,    0,    0,    0,    0,    0,  -11,    0,    0,    0,    0,    0,    0,    0,    0,    0,    0,    0,  -15,    0,    0,    0,    0,  -15,  -15,   -7,  -15,  -15,   -7,   -7,   -7,  -15,  -15,   -7,    0,  -10,  -22,   -7,    0,   22,   -7,    0,    0,    0,   22,    0,    0,    0,    0,  -15,    0,  -15,  -15,    0,    0,    0,  -15,    0,  -15,    0,    0,    0,
       0,    0,    0,    0,   37,  -44,    0,  -44,  -22,    0,    0,    0,    0,    0,    0,    0,    0,    0,    0,  -37,  -37,    0,    0,    0,    0,    0,    0,    0,    0,    0,    0,    0,    0,    0,    0,   22,    0,    0,    0,    0,    0,    0,    0,    0,    0,    0,    0,    0,    0,    0,    0,    0,    0,    0,    0,    0,    0,    0,    0,    0,    0,    0,    0,    0,    0,    0,    0,    0,    0,    0,    0,    0,    0,    0,    0,    0,    0,  -37,    0,    0,    0,    0,    0,    0,    0,    0,    0,    0,    0,    0,    0,    0,    0,    0,    0,    0,    0,    0,    0,    0,    0,    0,    0,    0,    0,    0,    0,    0,    0,    0,    0,    0,    0,   -7,    0,    0,  -15,   15,  -22,   18,  -15,    0,    0,  -15,    0,    0,   22,    0,    0,  -15,  -11,    0,    0,  -11,  -15,  -22,    0,    0,  -22,   -7,    0,    0,    0,    0,    0,    0,   29,    0,    0,   15,    0,   29,    0,    0,    0,    0,  -15,    0,    0,  -15,    0,  -15,    0,    0,    0,  -22,    0,    0,    0,
       0,    0,    0,  -37,  -44,    0,    0,    0,    0,    0,    0,    0,    0,    0,    0,    0,    0,    0,    0,    0,    0,    0,    0,    0,    0,    0,    0,    0,    0,    0,    0,    0,    0,    0,    0,  -66,    0,    0,    0,    0,    0,    0,    0,    0,    0,    0,    0,    0,    0,    0,    0,    0,    0,    0,    0,    0,    0,    0,    0,    0,    0,    0,    0,    0,    0,    0,    0,    0,    0,    0,    0,    0,    0,    0,    0,    0,    0,    0,    0,    0,    0,    0,    0,    0,    0,    0,    0,    0,    0,    0,    0,    0,    0,    0,    0,    0,    0,    0,    0,    0,    0,    0,    0,    0,    0,    0,    0,    0,    0,    0,    0,    0,  -51,    0,    0,    0,    0,  -22,    0,    0,    0,    0,    0,    0,    0,    0,    0,  -66,    0,   15,    0,    0,    0,    0,    0,    0,    0,    0,    0,    0,    0,  -15,    0,  -15,    0,    0,    0,    0,    0,    0,    0,    0,  -66,  -15,    0,    0,    0,  -51,  -51,    0,    0,    0,    0,    0,    0,  -29,  -44,  -40,    0,
       0,    0,    0,    0,  -29,    0,    0,    0,    0,    0,    0,    0,    0,    0,    0,    0,    0,    0,    0,    0,    0,    0,    0,    0,    0,    0,    0,    0,    0,    0,    0,    0,    0,    0,    0,  -62,    0,    0,    0,    0,    0,    0,    0,    0,    0,    0,    0,    0,    0,    0,    0,    0,    0,    0,    0,    0,    0,    0,    0,    0,    0,    0,    0,    0,    0,    0,    0,    0,    0,    0,    0,    0,    0,    0,    0,    0,    0,    0,    0,    0,    0,    0,    0,    0,    0,    0,    0,    0,    0,    0,    0,    0,    0,    0,    0,    0,    0,    0,    0,    0,    0,    0,    0,    0,    0,    0,    0,    0,    0,    0,    0,    0,  -81,  -22,    0,    0,    0,  -29,    0,    0,    0,    0,    0,    0,    0,  -37,   22,  -81,    0,    0,  -15,  -22,    0,  -15,    0,    0,  -15,  -15,    0,    0,  -15,  -37,    0,  -66,  -22,    0,    0,    0,    0,    0,    0,    0,  -95,  -37,    0,    0,    0,  -66,  -66,  -37,    0,    0,    0,    0,    0,  -37,  -59,  -51,    0,
       0,    0,    0,    0,   22,    0,  -22,    0,    0,    0,    0,    0,    0,    0,    0,    0,    0,    0,    0,    0,    0,    0,    0,    0,    0,    0,    0,    0,    0,    0,    0,    0,    0,    0,    0,   15,    0,    0,    0,    0,    0,    0,    0,    0,    0,    0,    0,    0,    0,    0,    0,    0,    0,    0,  -29,    0,    0,    0,    0,    0,    0,    0,    0,    0,    0,    0,    0,    0,    0,    0,    0,    0,    0,    0,    0,    0,    0,    0,    0,    0,    0,    0,    0,    0,    0,    0,    0,    0,    0,    0,    0,    0,    0,    0,    0,    0,    0,    0,    0,    0,    0,    0,    0,    0,    0,    0,    0,    0,    0,    0,    0,    0,    0,  -18,    0,    0,   22,    0,   15,    7,   37,   29,    0,   22,   22,  -29,   33,    0,  -15,   29,  -15,  -22,    0,  -15,    0,  -15,  -22,  -15,    0,    0,  -15,  -15,    0,  -29,  -22,    0,   29,  -15,    0,    0,    0,   29,    0,  -15,    0,    0,    0,    0,    0,  -62,    0,   26,    0,  -15,    0,  -29,    0,    0,    0,
       0,    0,    0,    0,   62,  -88,    0,  -88,  -66,    0,    0,    0,    0,    0,    0,    0,    0,    0,    0,  -37,  -37,    0,    0,    0,    0,    0,    0,    0,    0,    0,    0,    0,    0,    0,    0,   40,    0,    0,    0,    0,    0,    0,    0,    0,    0,    0,    0,    0,    0,    0,    0,    0,    0,    0,    0,  -22,    0,    0,    0,    0,    0,    0,    0,    0,    0,    0,    0,    0,    0,    0,    0,    0,    0,    0,    0,    0,    0,  -37,    0,    0,    0,    0,    0,    0,    0,    0,    0,    0,    0,    0,    0,    0,    0,    0,    0,    0,    0,    0,    0,    0,    0,    0,    0,    0,    0,    0,    0,    0,    0,    0,    0,    0,   15,  -11,    0,    0,  -62,   10,  -95,   22,  -59,   11,    0,  -62,    0,  -15,   29,   29,    0,  -37,  -55,   -7,   -7,  -62,  -44,  -37,  -15,  -15, -110,  -29,  -15,    0,  -22,  -15,  -15,  -73,   51,  -44,    0,   15,    0,   51,   29,    0,    0,    0,  -15,   29,    0,  -59,    0, -128,    0,  -22,    0,  -22,    0,   37,    0,
       0,    0,    0,    0,  -37,    0,    0,    0,    0,    0,    0,    0,    0,    0,    0,    0,    0,    0,    0,    0,    0,  -22,    0,    0,    0,    0,    0,    0,    0,    0,    0,    0,    0,    0,    0, -117,    0,    0,    0,    0,    0,    0,    0,    0,    0,    0,    0,    0,    0,    0,    0,    0,    0,    0,  -22,    0,    0,    0,    0,    0,    0,    0,    0,    0,    0,    0,    0,    0,    0,    0,    0,    0,    0,    0,    0,    0,  -40,    0,    0,    0,    0,    0,    0,    0,    0,    0,    0,    0,    0,    0,    0,    0,    0,    0,    0,    0,    0,    0,    0,    0,    0,    0,    0,    0,    0,    0,    0,    0,    0,    0,    0,   15,  -44,  -29,    0,    0,   29,  -22,   26,    7,   29,   37,    0,   29,   29,  -22,   48,  -95,    0,   29,    0,  -22,    0,    0,    0,    0,  -10,  -15,    0,    0,  -15,  -44,    0,  -59,  -37,    0,    0,    0,  -15,  -15,    0,    0,  -88,  -44,    0,    0,    0,  -59,  -77,  -44,    0,   37,   -7,    0,    0,  -15,  -73,  -59,    0,
       0,    0,    0,    0,    0,    0,    0,    0,    0,    0,    0,    0,    0,    0,    0,    0,    0,    0,    0,    0,    0,    0,    0,    0,    0,    0,    0,    0,    0,    0,    0,    0,    0,    0,    0,    0,    0,    0,    0,    0,    0,    0,    0,    0,    0,    0,    0,    0,    0,    0,    0,    0,    0,    0,    0,    0,    0,    0,    0,    0,    0,    0,    0,    0,    0,    0,    0,    0,    0,    0,    0,    0,    0,    0,    0,    0,    0,    0,    0,    0,    0,    0,    0,    0,    0,    0,    0,    0,    0,    0,    0,    0,    0,    0,    0,    0,    0,    0,    0,    0,    0,    0,    0,    0,    0,    0,    0,    0,    0,    0,    0,    0,  -15,    0,    0,    0,    0,  -15,    0,    0,    0,    0,    0,    0,    0,    0,    0,  -15,    0,    0,    0,    0,    0,    0,    0,    0,    0,    0,    0,    0,    0,    0,    0,    0,    0,    0,    0,    0,    0,    0,    0,    0,  -15,    0,    0,    0,    0,    0,    0,    0,    0,    0,    0,    0,    0,  -22,    0,    0,    0,
       0,    0,    0,    0,    0,  -29,    0,  -29,    0,    0,    0,    0,    0,    0,    0,    0,    0,    0,    0,  -22,  -22,    0,    0,    0,    0,    0,    0,    0,    0,    0,    0,    0,    0,    0,    0,  -29,    0,    0,    0,    0,    0,    0,    0,    0,    0,    0,    0,    0,    0,    0,    0,    0,    0,    0,    0,    0,    0,    0,    0,    0,    0,    0,    0,    0,    0,    0,    0,    0,    0,    0,    0,    0,    0,    0,    0,    0,    0,  -22,    0,    0,    0,    0,    0,    0,    0,    0,    0,    0,    0,    0,    0,    0,    0,    0,    0,    0,    0,    0,    0,    0,    0,    0,    0,    0,    0,    0,    0,    0,    0,    0,    0,    0,  -22,   10,    0,    0,    0,  -29,  -15,    0,  -15,    0,    0,    0,    0,    0,    0,  -29,    0,    0,    0,    0,    0,    0,  -15,    0,    0,    0,    0,    0,    0,    0,    0,    0,    0,    0,   -7,    0,   -7,    0,    0,   -7,  -37,    0,    0,    0,    0,  -33,  -22,    0,    0,  -15,    0,    0,    0,  -22,    0,   -7,    0,
       0,    0,    0,    0,   66,  -73,    0,  -73,  -51,    0,    0,    0,    0,    0,    0,    0,    0,    0,    0,  -37,  -37,    0,    0,    0,    0,    0,    0,    0,    0,    0,    0,    0,    0,    0,    0,    0,    0,    0,    0,    0,    0,    0,    0,    0,    0,    0,    0,    0,    0,    0,    0,    0,    0,    0,  -22,    0,    0,    0,    0,    0,    0,    0,    0,    0,    0,    0,    0,    0,    0,    0,    0,    0,    0,    0,    0,    0,   40,  -37,    0,    0,    0,    0,    0,    0,    0,    0,    0,    0,    0,    0,    0,    0,    0,    0,    0,    0,    0,    0,    0,    0,    0,    0,    0,    0,    0,    0,    0,    0,    0,    0,    0,    0,    0,    0,    0,    0,  -37,    7,  -73,   15,  -37,    0,    0,  -37,   -7,   -7,   11,    0,    0,  -22,  -29,   -7,  -15,  -29,  -22,  -22,    0,    0,  -88,  -29,    0,   22,    0,    0,    0,  -51,   15,  -22,    0,   15,    0,   15,    7,   22,    0,    0,    0,   15,    0,  -66,    0,  -66,    0,  -22,    0,  -22,   22,   22,    0,
       0,    0,    0,    0,    0,    0,    0,    0,    0,    0,    0,    0,    0,    0,    0,    0,    0,    0,    0,    0,    0,    0,    0,    0,    0,    0,    0,    0,    0,    0,    0,    0,    0,    0,    0,    0,    0,    0,    0,    0,    0,    0,    0,    0,    0,    0,    0,    0,    0,    0,    0,    0,    0,    0,    0,    0,    0,    0,    0,    0,    0,    0,    0,    0,    0,    0,    0,    0,    0,    0,    0,    0,    0,    0,    0,    0,    0,    0,    0,    0,    0,    0,    0,    0,    0,    0,    0,    0,    0,    0,    0,    0,    0,    0,    0,    0,    0,    0,    0,    0,    0,    0,    0,    0,    0,    0,    0,    0,    0,    0,    0,    0,    0,  -11,    0,   59,    0,    0,    0,    0,    0,   15,    0,    0,   37,    0,   22,    0,    0,    0,    0,    0,    0,    0,    0,    0,    0,    0,    0,    0,    0,   37,    0,    0,    0,    0,    0,    0,    0,    0,   73,    0,    0,   37,    0,    0,    0,    0,    0,    0,    0,    0,    0,    0,    0,    0,    0,    0,    0,
       0,    0,    0,    0,    0,    0,    0,    0,    0,    0,    0,    0,    0,    0,    0,    0,    0,    0,    0,    0,    0,    0,    0,    0,    0,    0,    0,    0,    0,    0,    0,    0,    0,    0,    0,  -22,    0,    0,    0,    0,    0,    0,    0,    0,    0,    0,    0,    0,    0,    0,    0,    0,    0,    0,  -15,    0,    0,    0,    0,    0,    0,    0,    0,    0,    0,    0,    0,    0,    0,    0,    0,    0,    0,    0,    0,    0,    0,    0,    0,    0,    0,    0,    0,    0,    0,    0,    0,    0,    0,    0,    0,    0,    0,    0,    0,    0,    0,    0,    0,    0,    0,    0,    0,    0,    0,    0,    0,    0,    0,    0,    0,    0,  -15,  -11,    0,    0,   22,    0,   15,    0,   22,   37,    0,   22,   15,  -15,   29,  -15,    0,   22,    0,    0,    0,    0,    0,    0,    0,    0,    0,    0,    0,   -7,    0,  -15,  -22,    0,    0,    0,    0,    0,    0,    0,  -22,   -7,    0,    0,    0,    0,  -22,  -15,    0,   22,    0,    0,    0,  -15,  -22,    0,    0,
       0,    0,    0,    0,    0,  -37,    0,  -37,  -15,    0,    0,    0,    0,    0,    0,    0,    0,    0,    0,  -15,  -15,    0,    0,    0,    0,    0,    0,    0,    0,    0,    0,    0,    0,    0,    0,  -37,    0,    0,    0,    0,    0,    0,    0,    0,    0,    0,    0,    0,    0,    0,    0,    0,    0,    0,    0,    0,    0,    0,    0,    0,    0,    0,    0,    0,    0,    0,    0,    0,    0,    0,    0,    0,    0,    0,    0,    0,    0,  -15,    0,    0,    0,    0,    0,    0,    0,    0,    0,    0,    0,    0,    0,    0,    0,    0,    0,    0,    0,    0,    0,    0,    0,    0,    0,    0,    0,    0,    0,    0,    0,    0,    0,   -7,  -15,   11,    0,  -18,    0,  -15,  -29,    0,  -15,   -7,    0,    0,  -11,    0,   -7,  -22,    0,  -15,    0,    0,    0,    0,  -15,  -15,    0,    0,  -22,   -7,    0,    0,    0,    0,    0,  -22,    0,    0,    0,    0,    0,    0,  -29,    0,    0,    0,    0,  -33,    0,    0,    0,  -22,    0,    0,    0,  -15,    0,    0,    0,
       0,    0,    0,    0,    0,  -59,    0,  -59,  -51,    0,    0,    0,    0,    0,    0,    0,    0,    0,    0,  -37,  -37,    0,    0,    0,    0,    0,    0,    0,    0,    0,    0,    0,    0,    0,    0,  -22,    0,    0,    0,    0,    0,    0,    0,    0,    0,    0,    0,    0,    0,    0,    0,    0,    0,    0,    0,    0,    0,    0,    0,    0,    0,    0,    0,    0,    0,    0,    0,    0,    0,    0,    0,    0,    0,    0,    0,    0,    0,  -37,    0,    0,    0,    0,    0,    0,    0,    0,    0,    0,    0,    0,    0,    0,    0,    0,    0,    0,    0,    0,    0,    0,    0,    0,    0,    0,    0,    0,    0,    0,    0,    0,    0,  -18,    0,    0,    0,   -7,  -44,  -22,  -70,    0,  -51,  -15,  -11,  -44,  -26,    0,   -7,    0,  -11,  -29,  -15,    0,    0,  -15,   -7,   -7,    0,    0,  -84,  -22,    0,   15,    0,    0,    0,  -44,   -7,  -15,    0,    0,    0,   -7,  -15,   15,    0,    0,    0,  -15,    0,  -15,   -7, -106,    0,   -7,   -7,    0,    0,    0,    0,
       0,    0,    0,    0,    0,    0,    0,    0,    0,    0,    0,    0,    0,    0,    0,    0,    0,    0,    0,  -22,  -22,    0,    0,    0,    0,    0,    0,    0,    0,    0,    0,    0,    0,    0,    0,    0,    0,    0,    0,    0,    0,    0,    0,    0,    0,    0,    0,    0,    0,    0,    0,    0,    0,    0,    0,    0,    0,    0,    0,    0,    0,    0,    0,    0,    0,    0,    0,    0,    0,    0,    0,    0,    0,    0,    0,    0,    0,  -22,    0,    0,    0,    0,    0,    0,    0,    0,    0,    0,    0,    0,    0,    0,    0,    0,    0,    0,    0,    0,    0,    0,    0,    0,    0,    0,    0,    0,    0,    0,    0,    0,    0,    0,    0,  -11,    0,    0,    0,    0,    0,    0,    0,    0,    0,    0,    0,  -15,    0,    0,    0,    0,   -7,   -7,    0,   -7,    0,    0,    0,    0,    0,    0,    0,    0,    0,    0,    0,    0,    0,    0,    0,    0,    0,    0,  -15,    0,    0,    0,    0,    0,    0,  -22,    0,    0,    0,    0,    0,  -22,    0,    0,    0,
       0,    0,    0,    0,   66,  -73,    0,  -73,  -51,    0,    0,    0,    0,    0,    0,    0,    0,    0,    0,  -37,  -37,    0,    0,    0,    0,    0,    0,    0,    0,    0,    0,    0,    0,    0,    0,    0,    0,    0,    0,    0,    0,    0,    0,    0,    0,    0,    0,    0,    0,    0,    0,    0,    0,    0,  -22,    0,    0,    0,    0,    0,    0,    0,    0,    0,    0,    0,    0,    0,    0,    0,    0,    0,    0,    0,    0,    0,   40,  -37,    0,    0,    0,    0,    0,    0,    0,    0,    0,    0,    0,    0,    0,    0,    0,    0,    0,    0,    0,    0,    0,    0,    0,    0,    0,    0,    0,    0,    0,    0,    0,    0,    0,    0,    0,    0,    0,    0,  -37,    7, -128,   15,  -37,    0,    0,  -37,   -7,   -7,   11,    0,    0,  -22,  -29,   -7,  -15,  -29,  -22,  -22,    0,    0,  -88,  -29,    0,   22,    0,    0,    0,  -51,   15,  -22,    0,   15,    0,   15,    7,   22,    0,    0,    0,   15,    0,  -66,    0,  -66,    0,  -22,    0,  -22,   22,   22,    0,
       0,    0,    0,    0,    0,  -44,    0,  -44,  -22,    0,    0,    0,    0,    0,    0,    0,    0,    0,    0,  -29,  -29,    0,    0,    0,    0,    0,    0,    0,    0,    0,    0,    0,    0,    0,    0,  -51,    0,    0,    0,    0,    0,    0,    0,    0,    0,    0,    0,    0,    0,    0,    0,    0,    0,    0,    0,    0,    0,    0,    0,    0,    0,    0,    0,    0,    0,    0,    0,    0,    0,    0,    0,    0,    0,    0,    0,    0,    0,  -29,    0,    0,    0,    0,    0,    0,    0,    0,    0,    0,    0,    0,    0,    0,    0,    0,    0,    0,    0,    0,    0,    0,    0,    0,    0,    0,    0,    0,    0,    0,    0,    0,    0,  -22,  -22,    0,    0,  -15,  -15,  -22,  -26,  -15,  -22,  -22,    0,  -15,    0,    0,  -15,  -22,  -22,  -15,    0,    0,    0,    0,    0,    0,    0,    0,  -15,  -15,    0,    0,    0,    0,    0,  -29,    0,    0,    0,    0,    0,    0,  -29,    0,    0,    0,   -7,  -29,    0,    0,  -15,  -29,    0,    0,   -7,    0,    0,    0,    0,
       0,    0,    0,    0,   22,  -29,    0,  -29,    0,    0,    0,    0,    0,    0,    0,    0,    0,    0,    0,  -15,  -15,    0,    0,    0,    0,    0,    0,    0,    0,    0,    0,    0,    0,    0,    0,   22,    0,    0,    0,    0,    0,    0,    0,    0,    0,    0,    0,    0,    0,    0,    0,    0,    0,    0,  -15,    0,    0,    0,    0,    0,    0,    0,    0,    0,    0,    0,    0,    0,    0,    0,    0,    0,    0,    0,    0,    0,    0,  -15,    0,    0,    0,    0,    0,    0,    0,    0,    0,    0,    0,    0,    0,    0,    0,    0,    0,    0,    0,    0,    0,    0,    0,    0,    0,    0,    0,    0,    0,    0,    0,    0,    0,    0,    0,  -22,    0,    0,   29,    7,   20,   15,   22,   29,   -7,   29,   37,  -22,   37,   15,    0,   22,  -15,    0,    0,  -15,    0,    0,  -15,    0,    0,    0,    0,   -7,    0,  -29,   -7,    0,   22,    0,    0,   29,    0,   22,    0,   -7,    0,    0,    0,   22,  -29,  -40,    0,   15,    0,    0,    0,  -29,    0,    0,    0,
       0,    0,    0,    0,  -22,    0,    0,    0,   22,    0,    0,    0,    0,    0,    0,    0,    0,    0,    0,    0,    0,    0,    0,    0,    0,    0,    0,    0,    0,    0,    0,    0,    0,    0,    0,  -44,    0,    0,    0,    0,    0,    0,    0,    0,    0,    0,    0,    0,    0,    0,    0,    0,    0,    0,    0,    0,    0,    0,    0,    0,    0,    0,    0,    0,    0,    0,    0,    0,    0,    0,    0,    0,    0,    0,    0,    0,    0,    0,    0,    0,    0,    0,    0,    0,    0,    0,    0,    0,    0,    0,    0,    0,    0,    0,    0,    0,    0,    0,    0,    0,    0,    0,    0,    0,    0,    0,    0,    0,    0,    0,    0,    0,    0,    0,    0,    0,    0,    0,    0,    0,    0,    0,    0,    0,    0,    0,    0,    0,    0,    0,    0,    0,    0,    0,    0,    0,    0,    0,    0,    0,    0,    0,    0,  -15,  -15,    0,    0,    7,    0,    0,    0,    0,    0,    0,    0,    0,    0,    0,    0,  -22,    0,    0,    0,    0,    0,  -15,  -22,    0,    0,
       0,    0,    0,    0,    0,  -37,    0,  -37,    0,    0,    0,    0,    0,    0,    0,    0,    0,    0,    0,  -15,  -15,    0,    0,    0,    0,    0,    0,    0,    0,    0,    0,    0,    0,    0,    0,   -4,    0,    0,    0,    0,    0,    0,    0,    0,    0,    0,    0,    0,    0,    0,    0,    0,    0,    0,    0,    0,    0,    0,    0,    0,    0,    0,    0,    0,    0,    0,    0,    0,    0,    0,    0,    0,    0,    0,    0,    0,    0,  -15,    0,    0,    0,    0,    0,    0,    0,    0,    0,    0,    0,    0,    0,    0,    0,    0,    0,    0,    0,    0,    0,    0,    0,    0,    0,    0,    0,    0,    0,    0,    0,    0,    0,    0,    0,    0,    0,    0,    0,    0,    0,    0,    0,    0,    0,    0,    0,    0,    0,    0,    0,    0,    0,    0,    0,    0,   -7,    0,    0,    0,  -15,  -15,    0,    0,   -7,   -7,    0,   -7,    7,    0,    0,    0,    0,    7,    0,   15,    0,    0,    0,    0,    0,    0,    0,    0,    0,    0,    0,  -15,  -22,    0,    0,
       0,    0,    0,    0,    0,    0,    0,    0,    0,    0,    0,    0,    0,    0,    0,    0,    0,    0,    0,    0,    0,    0,    0,    0,    0,    0,    0,    0,    0,    0,    0,    0,    0,    0,    0,  -84,    0,    0,    0,    0,    0,    0,    0,    0,    0,    0,    0,    0,    0,    0,    0,    0,    0,    0,    0,    0,    0,    0,    0,    0,    0,    0,    0,    0,    0,    0,    0,    0,    0,    0,    0,    0,    0,    0,    0,    0,    0,    0,    0,    0,    0,    0,    0,    0,    0,    0,    0,    0,    0,    0,    0,    0,    0,    0,    0,    0,    0,    0,    0,    0,    0,    0,    0,    0,    0,    0,    0,    0,    0,    0,    0,    0,    0,    0,    0,    0,    0,    0,    0,    0,    0,    0,    0,    0,    0,    0,    0,    0,    0,    0,    0,    0,    0,    0,    0,    0,    0,    0,    0,    0,    0,    0,    0,    0,    0,    0,    0,    0,    0,    0,    0,    0,    0,    0,    0,    0,    0,    0,    0,    0,    0,    0,    0,    0,    0,  -15,  -22,    0,    0,
       0,    0,    0,    0,    0,    0,    0,    0,    0,    0,    0,    0,    0,    0,    0,    0,    0,    0,    0,    0,    0,    0,    0,    0,    0,    0,    0,    0,    0,    0,    0,    0,    0,    0,    0,  -29,    0,    0,    0,    0,    0,    0,    0,    0,    0,    0,    0,    0,    0,    0,    0,    0,    0,    0,    0,    0,    0,    0,    0,    0,    0,    0,    0,    0,    0,    0,    0,    0,    0,    0,    0,    0,    0,    0,    0,    0,    0,    0,    0,    0,    0,    0,    0,    0,    0,    0,    0,    0,    0,    0,    0,    0,    0,    0,    0,    0,    0,    0,    0,    0,    0,    0,    0,    0,    0,    0,    0,    0,    0,    0,    0,    0,    0,    0,    0,    0,    0,    0,    0,    0,    0,    0,    0,    0,    0,    0,    0,    0,    0,    0,    0,    0,    0,    0,    0,    0,    0,    0,    0,    0,    0,    0,    0,    0,    0,    0,    0,    0,    0,    0,    0,    0,    0,   15,    0,    0,    0,    0,    0,    0,    0,    0,    0,    0,    0,    0,    0,    0,    0,
       0,    0,    0,    0,  -22,  -37,    0,  -37,    0,    0,    0,    0,    0,    0,    0,    0,    0,    0,    0,  -15,  -15,    0,    0,    0,    0,    0,    0,    0,    0,    0,    0,    0,    0,    0,    0,  -66,    0,    0,    0,    0,    0,    0,    0,    0,    0,    0,    0,    0,    0,    0,    0,    0,    0,    0,    0,    0,    0,    0,    0,    0,    0,    0,    0,    0,    0,    0,    0,    0,    0,    0,    0,    0,    0,    0,    0,    0,    0,  -15,    0,    0,    0,    0,    0,    0,    0,    0,    0,    0,    0,    0,    0,    0,    0,    0,    0,    0,    0,    0,    0,    0,    0,    0,    0,    0,    0,    0,    0,    0,    0,    0,    0,    0,    0,    0,    0,    0,    0,    0,    0,    0,    0,    0,    0,    0,    0,    0,    0,    0,    0,    0,    0,    0,    0,    0,   -7,    0,    0,    0,  -15,  -15,    0,    0,   -7,   -7,    0,   -7,    0,    0,    0,    0,    0,    0,    0,   15,    0,    0,    0,    0,    0,    0,    0,    0,    0,    0,    0,  -15,  -22,    0,    0,
       0,    0,    0,    0,    0,    0,    0,    0,    0,    0,    0,    0,    0,    0,    0,    0,    0,    0,    0,    0,    0,    0,    0,    0,    0,    0,    0,    0,    0,    0,    0,    0,    0,    0,    0,  -44,    0,    0,    0,    0,    0,    0,    0,    0,    0,    0,    0,    0,    0,    0,    0,    0,    0,    0,    0,    0,    0,    0,    0,    0,    0,    0,    0,    0,    0,    0,    0,    0,    0,    0,    0,    0,    0,    0,    0,    0,    0,    0,    0,    0,    0,    0,    0,    0,    0,    0,    0,    0,    0,    0,    0,    0,    0,    0,    0,    0,    0,    0,    0,    0,    0,    0,    0,    0,    0,    0,    0,    0,    0,    0,    0,    0,    0,    0,    0,    0,    0,    0,    0,    0,    0,    0,    0,    0,    0,    0,    0,    0,    0,    0,   -7,    0,    0,   -7,    0,    0,    0,    0,    0,    0,    0,    0,    0,    0,    0,    0,   -7,    0,    0,    0,    0,   -7,    0,   15,    0,    0,    0,    0,    0,    0,    0,    0,    0,    0,    0,    0,    0,    0,    0,
       0,    0,    0,    0,    0,    0,    0,    0,    0,    0,    0,    0,    0,    0,    0,    0,    0,    0,    0,    0,    0,    0,    0,    0,    0,    0,    0,    0,    0,    0,    0,    0,    0,    0,    0,  -62,    0,    0,    0,    0,    0,    0,    0,    0,    0,    0,    0,    0,    0,    0,    0,    0,    0,    0,    0,    0,    0,    0,    0,    0,    0,    0,    0,    0,    0,    0,    0,    0,    0,    0,    0,    0,    0,    0,    0,    0,    0,    0,    0,    0,    0,    0,    0,    0,    0,    0,    0,    0,    0,    0,    0,    0,    0,    0,    0,    0,    0,    0,    0,    0,    0,    0,    0,    0,    0,    0,    0,    0,    0,    0,    0,    0,    0,    0,    0,    0,    0,    0,    0,    0,    0,    0,    0,    0,    0,    0,    0,    0,    0,    0,   -7,    0,    0,   -7,    0,    0,    0,    0,    0,    0,    0,    0,    0,    0,    0,    0,    0,    0,    0,    0,    0,    0,    0,   26,    0,    0,    0,    0,    0,    0,    0,    0,    0,    0,    0,    0,    0,    0,    0,
       0,    0,    0,    0,    0,   15,    0,   15,    0,    0,    0,    0,    0,    0,    0,    0,    0,    0,    0,    0,    0,    0,    0,    0,    0,    0,    0,    0,    0,    0,    0,    0,    0,    0,    0,  -40,    0,    0,    0,    0,    0,    0,    0,    0,    0,    0,    0,    0,    0,    0,    0,    0,    0,    0,    0,    0,    0,    0,    0,    0,    0,    0,    0,    0,    0,    0,    0,    0,    0,    0,    0,    0,    0,    0,    0,    0,    0,    0,    0,    0,    0,    0,    0,    0,    0,    0,    0,    0,    0,    0,    0,    0,    0,    0,    0,    0,    0,    0,    0,    0,    0,    0,    0,    0,    0,    0,    0,    0,    0,    0,    0,    0,    0,    0,    0,    0,    0,    0,    0,    0,    0,    0,    0,    0,    0,    0,    0,    0,    0,    0,    0,    0,    0,    0,    0,    0,    0,    0,    0,    0,    0,   15,    0,    0,    0,    0,    0,    0,    0,    0,    0,    0,    0,   37,    0,    0,    0,    0,    0,   -7,    0,    0,    0,    0,    0,    0,    0,    0,    0,
       0,    0,    0,    0,  -22,  -37,    0,  -37,    0,    0,    0,    0,    0,    0,    0,    0,    0,    0,    0,  -15,  -15,    0,    0,    0,    0,    0,    0,    0,    0,    0,    0,    0,    0,    0,    0,  -44,    0,    0,    0,    0,    0,    0,    0,    0,    0,    0,    0,    0,    0,    0,    0,    0,    0,    0,    0,    0,    0,    0,    0,    0,    0,    0,    0,    0,    0,    0,    0,    0,    0,    0,    0,    0,    0,    0,    0,    0,    0,  -15,    0,    0,    0,    0,    0,    0,    0,    0,    0,    0,    0,    0,    0,    0,    0,    0,    0,    0,    0,    0,    0,    0,    0,    0,    0,    0,    0,    0,    0,    0,    0,    0,    0,    0,    0,    0,    0,    0,    0,    0,    0,    0,    0,    0,    0,    0,    0,    0,    0,    0,    0,    0,    0,    0,    0,    0,   -7,    0,    0,    0,  -15,  -15,    0,    0,   -7,   -7,    0,   -7,    0,    0,    0,    0,    0,    0,    0,   15,    0,    0,    0,    0,    0,    0,    0,    0,    0,    0,    0,  -15,  -22,    0,    0,
       0,    0,    0,    0,  -29,    0,    0,    0,   15,    0,    0,    0,    0,    0,    0,    0,    0,    0,    0,    0,    0,    0,    0,    0,    0,    0,    0,    0,    0,    0,    0,    0,    0,    0,    0,  -66,    0,    0,    0,    0,    0,    0,    0,    0,    0,    0,    0,    0,    0,    0,    0,    0,    0,    0,    0,    0,    0,    0,    0,    0,    0,    0,    0,    0,    0,    0,    0,    0,    0,    0,    0,    0,    0,    0,    0,    0,    0,    0,    0,    0,    0,    0,    0,    0,    0,    0,    0,    0,    0,    0,    0,    0,    0,    0,    0,    0,    0,    0,    0,    0,    0,    0,    0,    0,    0,    0,    0,    0,    0,    0,    0,    0,    0,    0,    0,    0,    0,    0,    0,    0,    0,    0,    0,    0,    0,    0,    0,    0,    0,    0,    0,    0,    0,    0,    0,   15,    0,    0,    0,    0,    0,  -12,    0,  -15,   -7,    0,    0,   15,    0,    0,    0,    0,    0,  -12,    0,    0,    0,    0,    0,    0,    0,    0,    0,    0,    0,  -15,  -22,    0,    0,
       0,    0,    0,    0,    0,    0,    0,    0,    0,    0,    0,    0,    0,    0,    0,    0,    0,    0,    0,    0,    0,    0,    0,    0,    0,    0,    0,    0,    0,    0,    0,    0,    0,    0,    0,  -29,    0,    0,    0,    0,    0,    0,    0,    0,    0,    0,    0,    0,    0,    0,    0,    0,    0,    0,    0,    0,    0,    0,    0,    0,    0,    0,    0,    0,    0,    0,    0,    0,    0,    0,    0,    0,    0,    0,    0,    0,    0,    0,    0,    0,    0,    0,    0,    0,    0,    0,    0,    0,    0,    0,    0,    0,    0,    0,    0,    0,    0,    0,    0,    0,    0,    0,    0,    0,    0,    0,    0,    0,    0,    0,    0,    0,    0,    0,    0,    0,    0,    0,    0,    0,    0,    0,    0,    0,    0,    0,    0,    0,    0,    0,   -7,   -7,    0,   -7,    0,    0,    0,    0,    0,    0,    0,   15,    0,    0,    0,    0,    0,    0,    0,    0,    0,    0,    0,   15,    0,    0,    0,    0,    0,    0,    0,    0,    0,    0,    0,    0,    0,   15,    0,
       0,    0,    0,    0,    0,  -44,    0,  -44,  -22,    0,    0,    0,    0,    0,    0,    0,    0,    0,    0,  -22,  -22,    0,    0,    0,    0,    0,    0,    0,    0,    0,    0,    0,    0,    0,    0,  -22,    0,    0,    0,    0,    0,    0,    0,    0,    0,    0,    0,    0,    0,    0,    0,    0,    0,    0,    0,    0,    0,    0,    0,    0,    0,    0,    0,    0,    0,    0,    0,    0,    0,    0,    0,    0,    0,    0,    0,    0,    0,  -22,    0,    0,    0,    0,    0,    0,    0,    0,    0,    0,    0,    0,    0,    0,    0,    0,    0,    0,    0,    0,    0,    0,    0,    0,    0,    0,    0,    0,    0,    0,    0,    0,    0,    0,    0,    0,    0,    0,    0,    0,    0,    0,    0,    0,    0,    0,    0,    0,    0,    0,    0,    0,   -7,    0,    0,   -7,   -7,    0,    0,    0,  -29,  -15,    0,    0,    0,    0,    0,  -29,    0,   -7,    0,    0,    0,    0,    0,   22,    0,    0,  -15,    0,    0,    0,    0,    0,    0,    0,    0,   -7,    0,    0,    0,
       0,    0,    0,    0,    0,    0,    0,    0,    0,    0,    0,    0,    0,    0,    0,    0,    0,    0,    0,    0,    0,    0,    0,    0,    0,    0,    0,    0,    0,    0,    0,    0,    0,    0,    0,  -46,    0,    0,    0,    0,    0,    0,    0,    0,    0,    0,    0,    0,    0,    0,    0,    0,    0,    0,    0,    0,    0,    0,    0,    0,    0,    0,    0,    0,    0,    0,    0,    0,    0,    0,    0,    0,    0,    0,    0,    0,    0,    0,    0,    0,    0,    0,    0,    0,    0,    0,    0,    0,    0,    0,    0,    0,    0,    0,    0,    0,    0,    0,    0,    0,    0,    0,    0,    0,    0,    0,    0,    0,    0,    0,    0,    0,    0,    0,    0,    0,    0,    0,    0,    0,    0,    0,    0,    0,    0,    0,    0,    0,    0,    0,    0,    0,    0,    0,    0,    0,   15,   15,    0,    0,   15,   22,    0,   15,    0,    0,    0,    0,    0,    0,    0,    0,    0,   66,    0,    0,    0,    0,    0,    0,   22,    0,    0,    0,    0,  -15,    0,   22,    0,
       0,    0,    0,   40,    0,    0,    0,    0,   22,    0,    0,    0,    0,    0,    0,    0,    0,    0,    0,    0,    0,    0,    0,    0,    0,    0,    0,    0,    0,    0,    0,    0,    0,    0,    0,  -59,   22,    0,    0,    0,    0,    0,    0,    0,    0,    0,    0,    0,    0,    0,    0,    0,   22,    0,    0,    0,    0,    0,    0,    0,    0,    0,    0,    0,    0,    0,    0,    0,    0,    0,    0,    0,    0,    0,    0,    0,    0,    0,    0,    0,    0,    0,    0,    0,    0,    0,    0,    0,    0,    0,    0,    0,    0,    0,    0,    0,    0,    0,    0,    0,    0,    0,    0,    0,    0,    0,    0,    0,    0,    0,    0,    0,    0,    0,    0,    0,    0,    0,    0,    0,    0,    0,    0,    0,    0,    0,    0,    0,    0,    0,    0,    0,    0,    0,    0,    0,    0,    0,    0,    0,   22,   81,    0,  -18,   -7,    0,    0,    0,    0,    0,  127,    0,    0,   81,    0,    0,    0,    0,    0,  -22,    0,    0,    0,    0,    0,   29,    0,    0,    0,
       0,    0,    0,    0,  -29,  -15,    0,  -15,    0,    0,    0,    0,    0,    0,    0,    0,    0,    0,    0,    0,    0,    0,    0,    0,    0,    0,    0,    0,    0,    0,    0,    0,    0,    0,    0, -128,    0,    0,    0,    0,    0,    0,    0,    0,    0,    0,    0,    0,    0,    0,    0,    0,    0,    0,    0,    0,    0,    0,    0,    0,    0,    0,    0,    0,    0,    0,    0,    0,    0,    0,    0,    0,    0,    0,    0,    0,    0,    0,    0,    0,    0,    0,    0,    0,    0,    0,    0,    0,    0,    0,    0,    0,    0,    0,    0,    0,    0,    0,    0,    0,    0,    0,    0,    0,    0,    0,    0,    0,    0,    0,    0,    0,    0,    0,    0,    0,    0,    0,    0,    0,    0,    0,    0,    0,    0,    0,    0,    0,    0,    0,    0,    0,    0,    0,    0,    0,    0,    0,    0,    0,    0,  -15,    0,  -55,  -22,    0,    0,    0,    0,    0,    0,    0,    0,  -15,    0,  -15,    0,    0,    0,    0,    0,    0,    0,    0,    0,  -22,  -51,  -29,    0,
       0,    0,    0,    0,  -29,  -15,    0,  -15,    0,    0,    0,    0,    0,    0,    0,    0,    0,    0,    0,    0,    0,    0,    0,    0,    0,    0,    0,    0,    0,    0,    0,    0,    0,    0,    0,  -99,    0,    0,    0,    0,    0,    0,    0,    0,    0,    0,    0,    0,    0,    0,    0,    0,    0,    0,    0,    0,    0,    0,    0,    0,    0,    0,    0,    0,    0,    0,    0,    0,    0,    0,    0,    0,    0,    0,    0,    0,    0,    0,    0,    0,    0,    0,    0,    0,    0,    0,    0,    0,    0,    0,    0,    0,    0,    0,    0,    0,    0,    0,    0,    0,    0,    0,    0,    0,    0,    0,    0,    0,    0,    0,    0,    0,    0,    0,    0,    0,    0,    0,    0,    0,    0,    0,    0,    0,    0,    0,    0,    0,    0,    0,    0,    0,    0,    0,    0,    0,    0,    0,    0,    0,    0,  -15,    0,  -33,  -22,    0,    0,    0,    0,    0,    0,    0,    0,  -15,    0,  -15,    0,    0,    0,    0,    0,    0,    0,    0,    0,  -22,  -37,  -29,    0,
       0,    0,    0,    0,  -29,    0,    0,    0,   15,    0,    0,    0,    0,    0,    0,    0,    0,    0,    0,    0,    0,    0,    0,    0,    0,    0,    0,    0,    0,    0,    0,    0,    0,    0,    0,  -66,    0,    0,    0,    0,    0,    0,    0,    0,    0,    0,    0,    0,    0,    0,    0,    0,    0,    0,    0,    0,    0,    0,    0,    0,    0,    0,    0,    0,    0,    0,    0,    0,    0,    0,    0,    0,    0,    0,    0,    0,    0,    0,    0,    0,    0,    0,    0,    0,    0,    0,    0,    0,    0,    0,    0,    0,    0,    0,    0,    0,    0,    0,    0,    0,    0,    0,    0,    0,    0,    0,    0,    0,    0,    0,    0,    0,    0,    0,    0,    0,    0,    0,    0,    0,    0,    0,    0,    0,    0,    0,    0,    0,    0,    0,    0,    0,    0,    0,    0,   15,    0,    0,    0,   -7,    0,  -12,    0,  -15,   -7,    0,    0,   15,    0,    0,   29,    0,    0,  -12,    0,    0,    0,    0,    0,    0,    0,    0,    0,    0,    0,  -15,  -22,    0,    0,
       0,    0,    0,    0,    0,  -15,    0,  -15,   15,    0,    0,    0,    0,    0,    0,    0,    0,    0,    0,  -15,  -15,    0,    0,    0,    0,    0,    0,    0,    0,    0,    0,    0,    0,    0,    0,  -29,    0,    0,    0,    0,    0,    0,    0,    0,    0,    0,    0,    0,    0,    0,    0,    0,    0,    0,    0,    0,    0,    0,    0,    0,    0,    0,    0,    0,    0,    0,    0,    0,    0,    0,    0,    0,    0,    0,    0,    0,    0,  -15,    0,    0,    0,    0,    0,    0,    0,    0,    0,    0,    0,    0,    0,    0,    0,    0,    0,    0,    0,    0,    0,    0,    0,    0,    0,    0,    0,    0,    0,    0,    0,    0,    0,    0,    0,    0,    0,    0,    0,    0,    0,    0,    0,    0,    0,    0,    0,    0,    0,    0,    0,    0,    0,    0,    0,    0,    0,    0,    0,    0,    0,    0,    0,    0,    0,    0,    0,    0,    0,    0,    0,    0,    0,    0,    0,   22,    0,    0,    0,    0,    0,  -15,    0,    0,    0,    0,    0,  -22,    0,    0,    0,
       0,    0,    0,    0,    0,    0,    0,    0,   15,    0,    0,    0,    0,    0,    0,    0,    0,    0,    0,    0,    0,    0,    0,    0,    0,    0,    0,    0,    0,    0,    0,    0,    0,    0,    0,   29,    0,    0,    0,    0,    0,    0,    0,    0,    0,    0,    0,    0,    0,    0,    0,    0,    0,    0,    0,    0,    0,    0,    0,    0,    0,    0,    0,    0,    0,    0,    0,    0,    0,    0,    0,    0,    0,    0,    0,    0,    0,    0,    0,    0,    0,    0,    0,    0,    0,    0,    0,    0,    0,    0,    0,    0,    0,    0,    0,    0,    0,    0,    0,    0,    0,    0,    0,    0,    0,    0,    0,    0,    0,    0,    0,    0,    0,    0,    0,    0,    0,    0,    0,    0,    0,    0,    0,    0,    0,    0,    0,    0,    0,    0,    0,    0,    0,    0,    0,    0,    0,    0,    0,    0,    0,    0,    0,    0,    0,    0,    0,   15,    0,    0,    0,    0,    0,    0,    0,    0,    0,    0,    0,    0,    0,    0,    0,    0,    0,    0,    0,    0,    0,
       0,    0,    0,   29,   42,    0,    0,    0,    0,    0,    0,    0,    0,    0,    0,    0,    0,    0,    0,    0,    0,   29,    0,    0,    0,    0,    0,    0,    0,    0,    0,    0,    0,    0,    0,   66,    7,    0,    0,    0,    0,    0,    0,    0,    0,    0,    0,    0,    0,    0,    0,    0,   22,    0,    0,    0,    0,    0,    0,    0,    0,    0,    0,    0,    0,    0,    0,    0,    0,    0,    0,    0,    0,    0,    0,    0,    0,    0,    0,    0,    0,    0,    0,    0,    0,    0,    0,    0,    0,    0,    0,    0,    0,    0,    0,    0,    0,    0,    0,    0,    0,    0,    0,    0,    0,    0,    0,    0,    0,    0,    0,    0,    0,    0,    0,    0,    0,    0,    0,    0,    0,    0,    0,    0,    0,    0,    0,    0,    0,    0,    0,    0,    0,    0,    0,    0,    0,    0,    0,    0,    0,    0,    0,    0,    0,    0,   59,    0,    0,   44,    0,   59,    0,    0,    0,    0,    0,    0,    0,    0,    0,    0,    0,    0,    0,    0,    0,   22,    0,
       0,    0,    0,    0,    0,    0,    0,    0,    0,    0,    0,    0,    0,    0,    0,    0,    0,    0,    0,  -15,  -15,    0,    0,    0,    0,    0,    0,    0,    0,    0,    0,    0,    0,    0,    0,   29,    0,    0,    0,    0,    0,    0,    0,    0,    0,    0,    0,    0,    0,    0,    0,    0,    0,    0,    0,    0,    0,    0,    0,    0,    0,    0,    0,    0,    0,    0,    0,    0,    0,    0,    0,    0,    0,    0,    0,    0,    0,  -15,    0,    0,    0,    0,    0,    0,    0,    0,    0,    0,    0,    0,    0,    0,    0,    0,    0,    0,    0,    0,    0,    0,    0,    0,    0,    0,    0,    0,    0,    0,    0,    0,    0,    0,    0,    0,    0,    0,    0,    0,    0,    0,    0,    0,    0,    0,    0,    0,    0,    0,    0,    0,    0,    0,    0,    0,    0,    0,    0,    0,  -22,   -7,    0,    0,    0,    0,    0,    0,    0,    0,    0,    0,   29,    0,    0,    0,    0,    0,    0,    0,    0,    0,    0,    0,    0,    0,    0,    0,    0,    0,    0,
       0,    0,    0,    0,    0,    0,    0,    0,    0,    0,    0,    0,    0,    0,    0,    0,    0,    0,    0,    0,    0,    0,    0,    0,    0,    0,    0,    0,    0,    0,    0,    0,    0,    0,    0,  -37,    0,    0,    0,    0,    0,    0,    0,    0,    0,    0,    0,    0,    0,    0,    0,    0,    0,    0,    0,    0,    0,    0,    0,    0,    0,    0,    0,    0,    0,    0,    0,    0,    0,    0,    0,    0,    0,    0,    0,    0,    0,    0,    0,    0,    0,    0,    0,    0,    0,    0,    0,    0,    0,    0,    0,    0,    0,    0,    0,    0,    0,    0,    0,    0,    0,    0,    0,    0,    0,    0,    0,    0,    0,    0,    0,    0,  -37,    0,    0,    0,   22,  -29,    0,    0,    0,    0,    0,   22,    0,    0,    0,  -29,    0,    0,    0,    0,    0,    0,    0,    0,    0,    0,    0,    0,    0,    0,    0,    0,    0,    0,    0,    0,    0,    0,    0,    0,  -48,    0,    0,    0,    0,  -37,  -22,    0,    0,    0,    0,    0,    0,    0,    0,    0,    0,
       0,    0,    0,    0,    0,  -70,    0,  -70,  -73,    0,    0,    0,    0,    0,    0,    0,    0,    0,    0,  -51,  -51,    0,    0,    0,    0,    0,    0,    0,    0,    0,    0,    0,    0,    0,    0,    0,    0,    0,    0,    0,    0,    0,    0,    0,    0,    0,    0,    0,    0,    0,    0,    0,    0,    0,  -29,    0,    0,    0,    0,    0,    0,    0,    0,    0,    0,    0,    0,    0,    0,    0,    0,    0,    0,    0,    0,    0,    0,  -51,    0,    0,    0,    0,    0,    0,    0,    0,    0,    0,    0,    0,    0,    0,    0,    0,    0,    0,    0,    0,    0,    0,    0,    0,    0,    0,    0,    0,    0,    0,    0,    0,    0,   -7,    0,  -22,    0,    0,  -44,   15,  -81,    0,  -51,    0,    0,  -44,  -15,  -29,   15,    0,    0,  -29,  -51,  -22,  -25,  -37,  -22,  -29,    0,    0,  -88,  -37,    0,    0,  -18,    0,    0,  -73,    0,  -37,    0,    0,    0,    0,    0,    0,    0,    0,  -22,    0,    0,  -66,    0, -103,    0,  -29,    0,  -15,    0,    0,    0,
       0,    0,    0,    0,    0,  -51,    0,  -51,  -44,    0,    0,    0,    0,    0,    0,    0,    0,    0,    0,    0,    0,    0,    0,    0,    0,    0,    0,    0,    0,    0,    0,    0,    0,    0,    0,    0,    0,    0,    0,    0,    0,    0,    0,    0,    0,    0,    0,    0,    0,    0,    0,    0,    0,    0,    0,    0,    0,    0,    0,    0,    0,    0,    0,    0,    0,    0,    0,    0,    0,    0,    0,    0,    0,    0,    0,    0,    0,    0,    0,    0,    0,    0,    0,    0,    0,    0,    0,    0,    0,    0,    0,    0,    0,    0,    0,    0,    0,    0,    0,    0,    0,    0,    0,    0,    0,    0,    0,    0,    0,    0,    0,    0,    0,    0,    0,    0,    0,    0,    0,    0,    0,    0,    0,    0,    0,    0,    0,    0,    0,    0,  -15,    0,    0,  -15,  -22,    0,    7,   15,  -81,  -15,   15,   22,    0,    0,    0,  -37,    0,  -22,    0,    0,    0,    0,    0,   22,    0,    0,    0,    0,    0,    0,    0,    0,    0,    0,    0,    0,    0,    0,    0,
       0,    0,    0,    0,   29,  -59,    0,  -59,  -51,    0,    0,    0,    0,    0,    0,    0,    0,    0,    0,  -29,  -29,    0,    0,    0,    0,    0,    0,    0,    0,    0,    0,    0,    0,    0,    0,    0,    0,    0,    0,    0,    0,    0,    0,    0,    0,    0,    0,    0,    0,    0,    0,    0,    0,    0,  -37,    0,    0,    0,    0,    0,    0,    0,    0,    0,    0,    0,    0,    0,    0,    0,    0,    0,    0,    0,    0,    0,    0,  -29,    0,    0,    0,    0,    0,    0,    0,    0,    0,    0,    0,    0,    0,    0,    0,    0,    0,    0,    0,    0,    0,    0,    0,    0,    0,    0,    0,    0,    0,    0,    0,    0,    0,    0,    0,    0,    0,    0,  -44,   29,  -59,    0,  -51,    0,    0,  -44,    0,  -37,    0,   15,    0,  -37,  -48,  -22,  -29,  -10,  -61,  -61,  -23,  -23,  -99,  -38,  -23,    0,    0,  -30,  -38,  -30,    0,  -29,    0,    0,    0,    0,    0,    0,    0,    0,  -54,    0,    0,  -76,    0,  -95,    0,  -30,    0,  -22,    0,   29,    0,
       0,    0,    0,    0,   22,  -40,    0,  -40,    0,    0,    0,    0,    0,    0,    0,    0,    0,    0,    0,    0,    0,    0,    0,    0,    0,    0,    0,    0,    0,    0,    0,    0,    0,    0,    0,    0,    0,    0,    0,    0,    0,    0,    0,    0,    0,    0,    0,    0,    0,    0,    0,    0,    0,    0,  -22,    0,    0,    0,    0,    0,    0,    0,    0,    0,    0,    0,    0,    0,    0,    0,    0,    0,    0,    0,    0,    0,    0,    0,    0,    0,    0,    0,    0,    0,    0,    0,    0,    0,    0,    0,    0,    0,    0,    0,    0,    0,    0,    0,    0,    0,    0,    0,    0,    0,    0,    0,    0,    0,    0,    0,    0,    0,    0,    0,    0,    0,    0,    0,    0,    0,    0,    0,    0,    0,    0,    0,    0,    0,    0,    0,  -29,    0,    0,  -29,  -15,  -15,    0,    0,  -66,  -15,    0,   22,    0,    0,    0,  -44,    0,  -22,    0,    0,    0,    0,    0,   22,    0,    0,  -15,    0,    0,  -22,    0,    0,    0,  -15,    0,  -15,    0,   40,    0,
       0,    0,    0,    0,    0,  -37,    0,  -37,  -37,    0,    0,    0,    0,    0,    0,    0,    0,    0,    0,  -22,  -22,    0,    0,    0,    0,    0,    0,    0,    0,    0,    0,    0,    0,    0,    0,    0,    0,    0,    0,    0,    0,    0,    0,    0,    0,    0,    0,    0,    0,    0,    0,    0,    0,    0,  -15,    0,    0,    0,    0,    0,    0,    0,    0,    0,    0,    0,    0,    0,    0,    0,    0,    0,    0,    0,    0,    0,    0,  -22,    0,    0,    0,    0,    0,    0,    0,    0,    0,    0,    0,    0,    0,    0,    0,    0,    0,    0,    0,    0,    0,    0,    0,    0,    0,    0,    0,    0,    0,    0,    0,    0,    0,    0,    0,  -10,    0,    0,  -29,    0,  -66,    0,  -37,    0,    0,  -29,    0,    0,    0,    0,    0,  -29,  -18,    0,    0,  -18,    0,    0,    0,    0,  -62,  -22,    0,    0,    0,    0,    0,  -51,   29,  -15,    0,   15,    0,   29,    0,   37,    0,    0,    0,    0,    0,  -37,    0,  -70,    0,    0,    0,    0,    0,   33,    0,
       0,    0,    0,    0,    0,    0,    0,    0,    0,    0,    0,    0,    0,    0,    0,    0,    0,    0,    0,    0,    0,    0,    0,    0,    0,    0,    0,    0,    0,    0,    0,    0,    0,    0,    0,    0,    0,    0,    0,    0,    0,    0,    0,    0,    0,    0,    0,    0,    0,    0,    0,    0,    0,    0,    0,    0,    0,    0,    0,    0,    0,    0,    0,    0,    0,    0,    0,    0,    0,    0,    0,    0,    0,    0,    0,    0,    0,    0,    0,    0,    0,    0,    0,    0,    0,    0,    0,    0,    0,    0,    0,    0,    0,    0,    0,    0,    0,    0,    0,    0,    0,    0,    0,    0,    0,    0,    0,    0,    0,    0,    0,   22,    0,    0,    0,   88,   22,    0,   29,   15,   29,   44,    0,   22,   29,  -22,   37,    0,    0,   29,    0,    0,    0,    0,    0,    0,    0,    0,    0,    0,    0,   51,    0,    0,    0,    0,    0,    0,    0,    0,    0,    0,    0,   51,   15,    0,    0,    0,    0,    0,    0,   37,    0,    0,    0,    0,    0,    0,    0,
       0,    0,    0,   29,    0,    0,    0,    0,   29,    0,    0,    0,    0,    0,    0,    0,    0,    0,    0,    0,    0,    0,    0,    0,    0,    0,    0,    0,    0,    0,    0,    0,    0,    0,    0,    0,   29,    0,    0,    0,    0,    0,    0,    0,    0,    0,    0,    0,    0,    0,    0,    0,   22,    0,    0,    0,    0,    0,    0,    0,    0,    0,    0,    0,    0,    0,    0,    0,    0,    0,    0,    0,    0,    0,    0,    0,    0,    0,    0,    0,    0,    0,    0,    0,    0,    0,    0,    0,    0,    0,    0,    0,    0,    0,    0,    0,    0,    0,    0,    0,    0,    0,    0,    0,    0,    0,    0,    0,    0,    0,    0,    0,    0,    0,    0,    0,    0,    0,    0,    0,    0,    0,    0,    0,    0,    0,    0,    0,    0,    0,    0,    0,    0,    0,    0,    0,    0,    0,    0,    0,   15,   81,    0,    0,    0,    0,    0,    0,    0,    0,  125,    0,    0,   81,    0,    0,    0,    0,    0,    0,   22,    0,    0,    0,    0,   29,    0,    0,    0,
       0,    0,    0,    0,    0,    0,    0,    0,    0,    0,    0,    0,    0,    0,    0,    0,    0,    0,    0,    0,    0,    0,    0,    0,    0,    0,    0,    0,    0,    0,    0,    0,    0,    0,    0,    0,    0,    0,    0,    0,    0,    0,    0,    0,    0,    0,    0,    0,    0,    0,    0,    0,    0,    0,    0,    0,    0,    0,    0,    0,    0,    0,    0,    0,    0,    0,    0,    0,    0,    0,    0,    0,    0,    0,    0,    0,    0,    0,    0,    0,    0,    0,    0,    0,    0,    0,    0,    0,    0,    0,    0,    0,    0,    0,    0,    0,    0,    0,    0,    0,    0,    0,    0,    0,    0,    0,    0,    0,    0,    0,    0,   22,    0,    0,    0,   88,   22,    0,   29,   15,   29,   44,    0,   22,   29,  -22,   37,    0,    0,   29,    0,    0,    0,    0,    0,    0,    0,    0,    0,    0,    0,   51,    0,    0,    0,    0,    0,    0,    0,    0,   88,    0,    0,   51,   15,    0,    0,    0,    0,    0,    0,   37,    0,    0,    0,    0,    0,    0,    0,
       0,    0,    0,    0,    0,    0,    0,    0,    0,    0,    0,    0,    0,    0,    0,    0,    0,    0,    0,    0,    0,    0,    0,    0,    0,    0,    0,    0,    0,    0,    0,    0,    0,    0,    0,  -37,    0,    0,    0,    0,    0,    0,    0,    0,    0,    0,    0,    0,    0,    0,    0,    0,    0,    0,    0,    0,    0,    0,    0,    0,    0,    0,    0,    0,    0,    0,    0,    0,    0,    0,    0,    0,    0,    0,    0,    0,    0,    0,    0,    0,    0,    0,    0,    0,    0,    0,    0,    0,    0,    0,    0,    0,    0,    0,    0,    0,    0,    0,    0,    0,    0,    0,    0,    0,    0,    0,    0,    0,    0,    0,    0,   15,  -29,    0,    0,    0,   37,    0,   37,    0,   37,   22,    0,   37,   29,    0,   44,  -22,    0,   44,    0,    0,    0,    0,    0,    0,    0,    0,    0,    0,    0,    0,    0,    0,    0,    0,    0,    0,    0,    0,    0,    0,  -51,    0,   15,    0,    0,  -51,    0,    0,    0,   37,    0,    0,    0,    0,    0,    0,    0,
       0,    0,    0,    0,    0,    0,    0,    0,    0,    0,    0,    0,    0,    0,    0,    0,    0,    0,    0,    0,    0,    0,    0,    0,    0,    0,    0,    0,    0,    0,    0,    0,    0,    0,    0,  -77,    0,    0,    0,    0,    0,    0,    0,    0,    0,    0,    0,    0,    0,    0,    0,    0,    0,    0,    0,    0,    0,    0,    0,    0,    0,    0,    0,    0,    0,    0,    0,    0,    0,    0,    0,    0,    0,    0,    0,    0,    0,    0,    0,    0,    0,    0,    0,    0,    0,    0,    0,    0,    0,    0,    0,    0,    0,    0,    0,    0,    0,    0,    0,    0,    0,    0,    0,    0,    0,    0,    0,    0,    0,    0,    0,    0,    0,    0,    0,    0,    0,    0,    0,    0,    0,    0,    0,    0,    0,    0,    0,    0,    0,    0,    0,    0,    0,    0,    0,    0,    0,    0,    0,    0,    0,    0,    0,  -15,  -15,    0,    0,    0,    0,    0,    0,    0,    0,    0,    0,   -7,    0,    0,    0,    0,    0,    0,    0,    0,    0,    0,  -22,    0,    0,
       0,   15,    0,    0,   48,  -66,  -29,  -66,  -44,    0,    0,    0,    0,    0,    0,    0,    0,    0,    0,  -29,  -29,    0,    0,    0,    0,    0,    0,    0,    0,    0,    0,    0,    0,    0,    0,   37,    0,    0,    0,    0,    0,    0,    0,    0,    0,    0,    0,    0,    0,    0,    0,    0,    0,    0,  -22,  -22,    0,    0,    0,    0,    0,    0,    0,    0,    0,    0,    0,    0,    0,    0,    0,    0,    0,    0,    0,    0,    0,  -29,    0,    0,    0,    0,    0,    0,    0,    0,    0,    0,    0,    0,    0,    0,    0,    0,    0,    0,    0,    0,    0,    0,    0,    0,    0,    0,    0,    0,    0,    0,    0,    0,    0,    0,   15,  -18,   -7,    0,  -44,   29,  -62,   22,  -37,    0,    0,  -44,    0,  -22,   37,   22,    0,  -29,  -29,  -15,  -29,  -37,  -26,  -29,  -15,  -15,  -73,  -37,  -15,    0,  -29,  -15,  -15,  -62,   66,  -29,    0,   37,    0,   37,   15,    0,    0,    0,  -29,   22,    0,  -66,    0,  -73,    0,  -33,    0,  -29,    0,    0,    0,
       0,    0,    0,    0,    0,  -44,    0,  -44,  -22,    0,    0,    0,    0,    0,    0,    0,    0,    0,    0,  -22,  -22,    0,    0,    0,    0,    0,    0,    0,    0,    0,    0,    0,    0,    0,    0,  -22,    0,    0,    0,    0,    0,    0,    0,    0,    0,    0,    0,    0,    0,    0,    0,    0,    0,    0,    0,    0,    0,    0,    0,    0,    0,    0,    0,    0,    0,    0,    0,    0,    0,    0,    0,    0,    0,    0,    0,    0,    0,  -22,    0,    0,    0,    0,    0,    0,    0,    0,    0,    0,    0,    0,    0,    0,    0,    0,    0,    0,    0,    0,    0,    0,    0,    0,    0,    0,    0,    0,    0,    0,    0,    0,    0,    0,    0,    0,    0,    0,    0,    0,    0,    0,    0,    0,    0,    0,    0,    0,    0,    0,    0,    0,   -7,    0,    0,   -7,   -7,    0,    0,    0,  -29,  -15,    0,    0,    0,    0,    0,  -29,    0,   -7,    0,    0,   22,    0,    0,   15,    0,    0,  -15,    0,    0,    0,    0,    0,    0,    0,    0,   -7,    0,    0,    0,
       0,    0,    0,    0,    0,  -44,    0,  -44,  -22,    0,    0,    0,    0,    0,    0,    0,    0,    0,    0,  -22,  -22,    0,    0,    0,    0,    0,    0,    0,    0,    0,    0,    0,    0,    0,    0,  -22,    0,    0,    0,    0,    0,    0,    0,    0,    0,    0,    0,    0,    0,    0,    0,    0,    0,    0,    0,    0,    0,    0,    0,    0,    0,    0,    0,    0,    0,    0,    0,    0,    0,    0,    0,    0,    0,    0,    0,    0,    0,  -22,    0,    0,    0,    0,    0,    0,    0,    0,    0,    0,    0,    0,    0,    0,    0,    0,    0,    0,    0,    0,    0,    0,    0,    0,    0,    0,    0,    0,    0,    0,    0,    0,    0,    0,    0,    0,    0,    0,    0,    0,    0,    0,    0,    0,    0,    0,    0,    0,    0,    0,    0,    0,   -7,    0,    0,   -7,   -7,    0,    0,    0,  -29,  -15,    0,    0,    0,    0,    0,  -29,    0,   -7,    0,    0,   22,    0,    0,   22,    0,    0,  -15,    0,    0,    0,    0,    0,    0,    0,    0,   -7,    0,    0,    0,
       0,    0,    0,    0,   22,  -22,    0,  -29,    0,    0,    0,    0,    0,    0,    0,    0,    0,    0,    0,  -15,   -7,    0,    0,    0,    0,    0,    0,    0,    0,    0,    0,    0,    0,    0,    0,   22,   29,    0,    0,    0,    0,    0,    0,    0,    0,    0,    0,    0,    0,    0,    0,    0,    0,    0,  -15,    0,    0,    0,    0,    0,    0,    0,    0,    0,    0,    0,    0,    0,    0,    0,    0,    0,    0,    0,    0,    0,    0,  -15,    0,    0,    0,    0,    0,    0,    0,    0,    0,    0,    0,    0,    0,    0,    0,    0,    0,    0,    0,    0,    0,    0,    0,    0,    0,    0,    0,    0,    0,    0,    0,    0,    0,   37,    0,  -22,    0,  103,   73,    7,   54,   44,   73,   88,   -7,   81,   88,  -22,   95,   15,    0,   66,  -15,    0,    0,  -15,    0,    0,  -15,    0,    0,    0,    0,   66,    0,  -29,   -7,    0,   22,    0,    0,   29,  110,   22,    0,   66,   29,    0,    0,   22,  -29,  -40,   22,   59,    0,    0,    0,   -7,    0,    0,    0,
       0,    0,    0,   29,    0,    0,    0,    0,   29,    0,    0,    0,    0,    0,    0,    0,    0,    0,    0,    0,    0,    0,    0,    0,    0,    0,    0,    0,    0,    0,    0,    0,    0,    0,    0,  -46,   29,    0,    0,    0,    0,    0,    0,    0,    0,    0,    0,    0,    0,    0,    0,    0,   22,    0,    0,    0,    0,    0,    0,    0,    0,    0,    0,    0,    0,    0,    0,    0,    0,    0,    0,    0,    0,    0,    0,    0,    0,    0,    0,    0,    0,    0,    0,    0,    0,    0,    0,    0,    0,    0,    0,    0,    0,    0,    0,    0,    0,    0,    0,    0,    0,    0,    0,    0,    0,    0,    0,    0,    0,    0,    0,    0,    0,    0,    0,    0,    0,    0,    0,    0,    0,    0,    0,    0,    0,    0,    0,    0,    0,    0,    0,    0,    0,    0,    0,    0,   15,   15,    0,    0,   15,  110,    0,   15,    0,    0,    0,    0,    0,    0,  127,    0,    0,   59,    0,    0,    0,    0,    0,    0,   22,    0,    0,    0,    0,   22,    0,   22,    0,
       0,    0,    0,    0,  -77,    0,    0,    0,    0,    0,    0,    0,    0,    0,    0,    0,    0,    0,    0,    0,    0,    0,    0,    0,    0,    0,    0,    0,    0,    0,    0,    0,    0,    0,    0,  -81,    0,    0,    0,    0,    0,    0,    0,    0,    0,    0,    0,    0,    0,    0,    0,    0,    0,    0,    0,    0,    0,    0,    0,    0,    0,    0,    0,    0,    0,    0,    0,    0,    0,    0,    0,    0,    0,    0,    0,    0,    0,    0,    0,    0,    0,    0,    0,    0,    0,    0,    0,    0,    0,    0,    0,    0,    0,    0,    0,    0,    0,    0,    0,    0,    0,    0,    0,    0,    0,    0,    0,    0,    0,    0,    0,    0,  -81,  -15,    0,    0,    0,  -37,    0,    0,    0,    0,    0,    0,    0,  -22,   15,  -95,    0,    0,   -7,    0,    0,   -7,    0,    0,  -15,  -15,    0,    0,  -15,  -22,    0,  -44,  -22,    0,    0,    0,    0,    0,    0,    0,  -99,  -22,    0,  -22,    0,  -66,  -66,  -22,    0,    0,    0,    0,    0,  -44,    0,  -48,    0,
       0,    0,    0,    0,    0,    0,    0,    0,    0,    0,    0,    0,    0,    0,    0,    0,    0,    0,    0,    0,    0,    0,    0,    0,    0,    0,    0,    0,    0,    0,    0,    0,    0,    0,    0,    0,    0,    0,    0,    0,    0,    0,    0,    0,    0,    0,    0,    0,    0,    0,    0,    0,    0,    0,    0,    0,    0,    0,    0,    0,    0,    0,    0,    0,    0,    0,    0,    0,    0,    0,    0,    0,    0,    0,    0,    0,    0,    0,    0,    0,    0,    0,    0,    0,    0,    0,    0,    0,    0,    0,    0,    0,    0,    0,    0,    0,    0,    0,    0,    0,    0,    0,    0,    0,    0,    0,    0,    0,    0,    0,    0,    0,    0,    0,    0,    0,    0,    0,  -15,    0,    0,    0,    0,    0,    0,    0,    0,  -15,    0,    0,    0,    0,    0,    0,    0,    0,    0,    0,    0,    0,    0,    0,    0,    0,    0,    0,    0,    0,    0,    0,    0,    0,  -15,    0,    0,    0,    0,  -15,    0,    0,    0,    0,    0,    0,    0,    0,    0,    0,    0,
       0,    0,    0,  -22,    0,  -37,    0,  -37,  -22,    0,    0,    0,    0,    0,    0,    0,    0,    0,    0,    0,    0,    0,    0,    0,    0,    0,    0,    0,    0,    0,    0,    0,    0,    0,    0,    0,    0,    0,    0,    0,    0,    0,    0,    0,    0,    0,    0,    0,    0,    0,    0,    0,    0,    0,    0,  -22,    0,    0,    0,    0,    0,    0,    0,    0,    0,    0,    0,    0,    0,    0,    0,    0,    0,    0,    0,    0,    0,    0,    0,    0,    0,    0,    0,    0,    0,    0,    0,    0,    0,    0,    0,    0,    0,    0,    0,    0,    0,    0,    0,    0,    0,    0,    0,    0,    0,    0,    0,    0,    0,    0,    0,  -15,    0,  -37,  -29,    0,  -29,    0,    0,    0,  -15,    7,  -29,  -29,    0,  -37,  -15,    0,  -22,    0,  -44,  -29,  -29,  -44,  -29,  -22,  -29,  -37,  -29,  -29,  -37,  -29,  -29,  -37,  -22,  -37,    0,  -37,    0,    0,    0,    0,    0,  -29,    0,    0,  -37,    0,  -29,  -44,    0,  -22,  -37,  -29,  -15,  -37,    0,    0,    0,
       0,    0,    0,    0,    0,    0,    0,    0,    0,    0,    0,    0,    0,    0,    0,    0,    0,    0,    0,    0,    0,    0,    0,    0,    0,    0,    0,    0,    0,    0,    0,    0,    0,    0,    0,  -55,    0,    0,    0,    0,    0,    0,    0,    0,    0,    0,    0,    0,    0,    0,    0,    0,    0,    0,    0,    0,    0,    0,    0,    0,    0,    0,    0,    0,    0,    0,    0,    0,    0,    0,    0,    0,    0,    0,    0,    0,    0,    0,    0,    0,    0,    0,    0,    0,    0,    0,    0,    0,    0,    0,    0,    0,    0,    0,    0,    0,    0,    0,    0,    0,    0,    0,    0,    0,    0,    0,    0,    0,    0,    0,    0,    0,    0,    0,    0,    0,    0,    0,    0,    0,    0,    0,    0,    0,    0,    0,    0,    0,    0,    0,    0,    0,    0,    0,    0,    0,    0,    0,    0,    0,    0,   29,    0,    0,    0,    0,    0,    0,    0,    0,   70,    0,    0,   29,    0,    0,    0,    0,    0,   -7,    0,    0,    0,    0,    0,    0,    0,    0,    0,
       0,    0,    0,    0,    0,    0,  -22,    0,    0,    0,    0,    0,    0,    0,    0,    0,    0,    0,    0,    0,    0,    0,    0,    0,    0,    0,    0,    0,    0,    0,    0,    0,    0,    0,    0,    0,    0,    0,    0,    0,    0,    0,    0,    0,    0,    0,    0,    0,    0,    0,    0,    0,    0,    0,    0,    0,    0,    0,    0,    0,    0,    0,    0,    0,    0,    0,    0,    0,    0,    0,    0,    0,    0,    0,    0,    0,    0,    0,    0,    0,    0,    0,    0,    0,    0,    0,    0,    0,    0,    0,    0,    0,    0,    0,    0,    0,    0,    0,    0,    0,    0,    0,    0,    0,    0,    0,    0,    0,    0,    0,    0,    0,    0,    0,    0,    0,    0,    0,    0,    0,    0,    0,    0,    0,    0,    0,    0,    0,    0,    0,  -15,    0,    0,  -15,    0,    0,  -22,  -22,    0,    0,  -22,    0,    0,   -7,  -15,    0,    0,    0,    0,    0,    0,    0,    0,    0,    0,    0,    0,    0,    0,  -29,    0,    0,    0,    0,    0,  -22,    0,    0,    0,
       0,    0,    0,    0,    0,  -22,    0,  -22,  -15,    0,    0,    0,    0,    0,    0,    0,    0,    0,    0,    0,    0,    0,    0,    0,    0,    0,    0,    0,    0,    0,    0,    0,    0,    0,    0,    0,    0,    0,    0,    0,    0,    0,    0,    0,    0,    0,    0,    0,    0,    0,    0,    0,    0,    0,    0,    0,    0,    0,    0,    0,    0,    0,    0,    0,    0,    0,    0,    0,    0,    0,    0,    0,    0,    0,    0,    0,    0,    0,    0,    0,    0,    0,    0,    0,    0,    0,    0,    0,    0,    0,    0,    0,    0,    0,    0,    0,    0,    0,    0,    0,    0,    0,    0,    0,    0,    0,    0,    0,    0,    0,    0,    0,    0,    0,    0,    0,    0,    0,  -15,    0,    0,    0,    0,    0,    0,    0,    0,    0,    0,    0,    0,    0,    0,    0,  -22,    0,    0,    0,  -18,    0,    0,    0,    0,    0,    0,    0,    0,    0,    0,    0,    0,    0,    0,    0,    0,    0,    0,    0,    0,    0,    0,    0,    0,    0,    0,  -22,    0,    0,    0,
       0,    0,    0,    0,    0,    0,    0,    0,    0,    0,    0,    0,    0,    0,    0,    0,    0,    0,    0,    0,    0,    0,    0,    0,    0,    0,    0,    0,    0,    0,    0,    0,    0,    0,    0,    0,    0,    0,    0,    0,    0,    0,    0,    0,    0,    0,    0,    0,    0,    0,    0,    0,    0,    0,    0,    0,    0,    0,    0,    0,    0,    0,    0,    0,    0,    0,    0,    0,    0,    0,    0,    0,    0,    0,    0,    0,    0,    0,    0,    0,    0,    0,    0,    0,    0,    0,    0,    0,    0,    0,    0,    0,    0,    0,    0,    0,    0,    0,    0,    0,    0,    0,    0,    0,    0,    0,    0,    0,    0,    0,    0,    0,    0,    0,    0,    0,    0,    0,    0,    0,    0,    0,    0,    0,    0,    0,    0,    0,    0,    0,    0,    0,    0,    0,    0,    0,    0,    0,  -15,  -15,    0,   37,    0,    0,    0,    0,    0,    0,    0,    0,   73,    0,    0,   37,    0,    0,    0,    0,    0,  -29,    0,    0,    0,    0,    0,    0,    0,    0,    0,
       0,    0,    0,    0,   22,  -29,    0,  -29,    0,    0,    0,    0,    0,    0,    0,    0,    0,    0,    0,  -15,  -15,    0,    0,    0,    0,    0,    0,    0,    0,    0,    0,    0,    0,    0,    0,   22,    0,    0,    0,    0,    0,    0,    0,    0,    0,    0,    0,    0,    0,    0,    0,    0,    0,    0,  -15,    0,    0,    0,    0,    0,    0,    0,    0,    0,    0,    0,    0,    0,    0,    0,    0,    0,    0,    0,    0,    0,    0,  -15,    0,    0,    0,    0,    0,    0,    0,    0,    0,    0,    0,    0,    0,    0,    0,    0,    0,    0,    0,    0,    0,    0,    0,    0,    0,    0,    0,    0,    0,    0,    0,    0,    0,    0,    0,  -22,    0,   66,   15,    7,    5,   15,   22,   29,   -7,   15,   37,  -22,   37,   15,    0,    0,  -59,    0,  -44,  -59,    0,  -37,  -15,  -37,  -29,  -37,  -37,   -7,    0,  -29,   -7,  -44,   22,  -29,    0,   29,   44,   22,    0,   -7,    0,    0,  -22,   22,  -29,  -40,    0,   15,    0,  -44,    0,  -29,    0,    0,    0,
       0,    0,    0,    0,    0,    0,    0,    0,    0,    0,    0,    0,    0,    0,    0,    0,    0,    0,    0,    0,    0,    0,    0,    0,    0,    0,    0,    0,    0,    0,    0,    0,    0,    0,    0,  -46,    0,    0,    0,    0,    0,    0,    0,    0,    0,    0,    0,    0,    0,    0,    0,    0,    0,    0,    0,    0,    0,    0,    0,    0,    0,    0,    0,    0,    0,    0,    0,    0,    0,    0,    0,    0,    0,    0,    0,    0,    0,    0,    0,    0,    0,    0,    0,    0,    0,    0,    0,    0,    0,    0,    0,    0,    0,    0,    0,    0,    0,    0,    0,    0,    0,    0,    0,    0,    0,    0,    0,    0,    0,    0,    0,    0,    0,    0,    0,    0,    0,    0,    0,    0,    0,    0,    0,    0,    0,    0,    0,    0,    0,    0,  -18,    0,    0,  -18,    0,    0,   15,   15,  -22,  -29,   15,   51,    0,   15,    0,  -22,    0,    0,    0,    0,   81,    0,    0,   59,    0,    0,    0,    0,    0,    0,   15,    0,    0,    0,    0,  -15,    0,   22,    0,
     -15,    0,    0,    0,    0,  -73,    0,  -73,    0,    0,    0,    0,    0,  -22,    0,  -22,    0,  -22,    0,    0,    0,    0,  -81,    0,  -15,  -29,    0,  -29,  -22,    0,  -22,  -22,    0,    0,    0,    0,    0,  -59,    0,  -22,  -62,    0,    0,    0,   -7,  -51,    0,    0,    0,  -15,    0,  -22,    0,  -37,    0,    0,  -73,  -81,    0,  -59,    0,    0,  -59,    0,  -59,    0,    0,    0,  -51,  -22,    0,  -62,    0,    0,    0,    0,    0,    0,    0,    0,  -81,    0,  -29,  -59,  -15,  -29,  -15,    0,    0,    0,    0,    0,    0,  -59,  -66,   -7,  -22,    0,  -29,    0,   -7,    0,  -15,  -22,    0,  -33,  -59,  -29,    0,  -48,  -22,  -29,    0,  -15,  -22,    0,  -69,    0,  -81,    0,  -59,    0,    0,  -69,  -29,    0,    0,    0,    0,  -51,  -59,  -29,    0,  -59,  -29,  -15,    0,   -7, -114,  -37,   -7,    0,  -15,    0,    0,  -47,    0,  -51,    0,    0,    0,    0,  -22,    0,    0,    0,  -40,    0,    0,    0,    0,  -81,    0,  -22,    0,    0,    0,    0,    0,
     -29,    0,    0,    0,    0, -128,    0, -128,    0,  -51,    0,  -22,    0,  -59,  -44,  -44,    0,  -29,    0,    0,    0,  -22, -110,    0,  -44,  -37,  -29,  -37,  -29,  -22,  -37,  -22,  -22,  -15,  -15,    0,    0,  -73,  -15,  -37,  -84,  -15,  -22,    0,  -15,  -59,    0,  -22,    0,  -22,    0,  -22,    0,    0,    0,    0,    0, -110,    0,  -73,  -22,    0,  -73,  -15,  -73,  -15,    0,  -15,  -59,  -22,    0,  -84,  -18,    0,    0,    0,    0,    0,    0,    0, -110,    0,  -37,  -99,  -44,  -37,  -22,  -22,    0,  -37,  -22,    0,  -55,  -73,  -73,  -15,  -44,  -22,  -37,    0,    0,    0,  -37,  -44,    0,  -44,  -73,  -22,    0,  -81,  -40,  -37,  -22,  -44,  -29,  -29,  -92,    0, -110,    0,  -84,  -22,  -59,  -92,  -37,  -37,  -22,    0,  -29,  -59,  -73,  -51,  -29,  -73,  -51,  -44,  -22,  -15, -128,  -59,  -15,    0,  -22,    0,    0,  -81,  -15,  -59,  -22,    0,    0,  -15,  -22,    0,    0,    0,  -55,  -15,    0,  -44,  -29, -110,    0,    0,  -18,    0,    0,    0,    0,
       0,    0,    0,    0,    0,    0,    0,    0,    0,    0,    0,    0,    0,    0,    0,    0,    0,    0,    0,    0,    0,    0,   20,   15,  -22,   22,   81,    0,    0,  -37,  -29,  -73,   29,  -44,    0,    0,    0,    0,    0,   73,   15,    0,  -15,   77,    0,    0,  -15,  -15,  -37,    0,   -7,    0,    0,    0,  -29,    0,    0,   22,    0,    0,  -15,    0,    0,    0,    0,    0,    0,    0,    0,    0,    0,   51,    0,    0,    0,    0,    0,    0,    0,    0,   20,   15,   22,    0,  -22,    0,    0,  -37,  -29,  -15,   29,  -37,    0,    0,    0,    0,    0,  -15,    0,  -37,  -15,  -22,   15,    0,    0,    0,    0,  -37,  -29,    0,  -22,   22,  -37,  -22,    0,   81,   29,    0,   20,   15,   22,   29,    0,   29,    0,  -15,   29,  -62,    0,   37,    0,  -15,    0,    0,    0,    0,  -15,    0,    0,    0,    0,  -29,    0,  -44,  -55,    0,    0,    0,  -15,    0,   77,    0,  -73,  -29,    0,  -22,    0,  -44,  -88,  -22,    0,   22,    0,    0,    0,    0,  -73,  -73,    0,
};

static const EpdLigaturePair bookerly_22_bolditalicLigaturePairs[] = {
    { 0x00660066, 0xFB00 }, // f f -> U+FB00
    { 0x00660069, 0xFB01 }, // f i -> U+FB01
    { 0x0066006C, 0xFB02 }, // f l -> U+FB02
    { 0xFB000069, 0xFB03 }, // U+FB00 i -> U+FB03
    { 0xFB00006C, 0xFB04 }, // U+FB00 l -> U+FB04
};

static const EpdFontData bookerly_22_bolditalic = {
    bookerly_22_bolditalicBitmaps,
    bookerly_22_bolditalicGlyphs,
    bookerly_22_bolditalicIntervals,
    77,
    60,
    49,
    -12,
    true,
    bookerly_22_bolditalicGroups,
    15,
    nullptr,
    bookerly_22_bolditalicKernLeftClasses,
    bookerly_22_bolditalicKernRightClasses,
    bookerly_22_bolditalicKernMatrix,
    760,
    768,
    209,
    169,
    bookerly_22_bolditalicLigaturePairs,
    5,
};
