/**
 * generated by fontconvert.py
 * name: bookerly_24_bold
 * size: 24
 * mode: 2-bit  compressed: true
 * Command used: fontconvert.py bookerly_24_bold 24 ../builtinFonts/source/Bookerly/Bookerly-Bold.ttf --2bit --compress --pnum
 */
#pragma once
#include "EpdFontData.h"

static const uint8_t bookerly_24_boldBitmaps[71048] = {
    0xD5, 0x5C, 0xBF, 0x93, 0xE4, 0xC6, 0x75, 0x06, 0x66, 0x74, 0x3B, 0x36, 0x27, 0x80, 0x93, 0x3B,
    0x57, 0xDD, 0x06, 0x48, 0x1C, 0xC9, 0x55, 0xC6, 0x9F, 0x00, 0x50, 0x0C, 0x15, 0xF8, 0x02, 0x2E,
    0x55, 0x75, 0x0C, 0x94, 0x5A, 0x77, 0xC1, 0xA6, 0x76, 0x04, 0xB8, 0x14, 0x28, 0x50, 0xA0, 0x0D,
    0x78, 0x4E, 0x14, 0x58, 0xC1, 0xA9, 0x8A, 0x5C, 0xA9, 0x7C, 0xA9, 0xCB, 0x55, 0x26, 0x20, 0x2B,
    0x50, 0xC0, 0x40, 0x50, 0xC9, 0xB2, 0x43, 0xC2, 0xE5, 0x3B, 0x97, 0xC8, 0x84, 0xB0, 0x04, 0x59,
    0xB3, 0x24, 0x80, 0x76, 0xBF, 0xEF, 0x7B, 0xAF, 0x81, 0x1D, 0x1E, 0xC5, 0xE3, 0x49, 0x3A, 0x89,
    0xBB, 0x33, 0x78, 0x6F, 0x66, 0x80, 0x46, 0xF7, 0xEB, 0xD7, 0xEF, 0x77, 0x23, 0x3A, 0x8B, 0x12,
    0xD7, 0x64, 0xAE, 0xCA, 0x5D, 0x51, 0xCA, 0x2B, 0xF2, 0xAF, 0x9A, 0xAF, 0x59, 0x5E, 0xA5, 0x7F,
    0x4D, 0xFA, 0xCA, 0xF9, 0x1A, 0x97, 0x57, 0x86, 0x57, 0x8A, 0x57, 0x32, 0xE1, 0xF5, 0xF3, 0x28,
    0xFC, 0xC5, 0x6F, 0x49, 0xE3, 0xB9, 0x6B, 0x73, 0xD7, 0xE1, 0xD5, 0xFA, 0x1B, 0x9D, 0x5C, 0x45,
    0xFB, 0x31, 0xAE, 0xAB, 0x7C, 0xDC, 0xBB, 0xAA, 0x1E, 0x13, 0x3D, 0xB8, 0x31, 0x75, 0x05, 0x0E,
    0xF2, 0x51, 0x0F, 0x87, 0xC4, 0x77, 0x43, 0x0E, 0x25, 0x0E, 0x83, 0x1D, 0xF2, 0x61, 0xEF, 0x0F,
    0xFD, 0x7E, 0x8E, 0xF2, 0x8B, 0xFD, 0xE3, 0xE8, 0xCF, 0xF4, 0x76, 0x67, 0xD1, 0x8D, 0x57, 0x3D,
    0xDC, 0xBA, 0x22, 0x19, 0x3D, 0xDC, 0x39, 0xE9, 0x56, 0x14, 0xF9, 0x73, 0xB3, 0x83, 0x87, 0x89,
    0x3F, 0x7D, 0x10, 0xE8, 0xC7, 0xD0, 0x7B, 0xE8, 0x7F, 0x2C, 0x05, 0xFA, 0x11, 0xD4, 0x5D, 0x14,
    0x3B, 0xFC, 0x1D, 0x36, 0x0A, 0xB7, 0x84, 0x83, 0xC2, 0x3E, 0x3E, 0x73, 0x4F, 0xBE, 0xE2, 0x1E,
    0xDC, 0x89, 0x22, 0xD7, 0xFA, 0x3B, 0xF8, 0xDB, 0xB9, 0xC6, 0xDF, 0x21, 0x8A, 0x36, 0xAE, 0xD9,
    0x3B, 0xDC, 0xB6, 0xF2, 0x77, 0xE0, 0xED, 0xA7, 0xE5, 0xF6, 0x5F, 0x7C, 0xE4, 0x2E, 0xEB, 0xF9,
    0xB2, 0xC8, 0xD9, 0x8E, 0xA7, 0x2F, 0x61, 0x0D, 0x30, 0x47, 0x67, 0xE5, 0x74, 0xE6, 0x7E, 0xE5,
    0xFB, 0x9D, 0x1F, 0x22, 0xD7, 0xF9, 0xEB, 0x7C, 0x1F, 0x5D, 0xEB, 0x61, 0xD9, 0xFB, 0x3B, 0x78,
    0x58, 0xF7, 0x1B, 0x40, 0xD7, 0xF9, 0x3B, 0x44, 0x1F, 0xBB, 0xFD, 0xEA, 0xEF, 0x1E, 0x8E, 0x1B,
    0x7E, 0xBB, 0x99, 0x3F, 0x15, 0x94, 0xEE, 0x0A, 0xFD, 0x74, 0x72, 0x3F, 0xE9, 0x9F, 0xA7, 0x92,
    0x74, 0x6A, 0xF2, 0x63, 0xF8, 0x68, 0xF2, 0x2C, 0xB0, 0x73, 0x3F, 0xF4, 0x33, 0xE2, 0x09, 0xB8,
    0x1D, 0xFD, 0xBD, 0x12, 0x0F, 0xB6, 0x1E, 0xCC, 0xDB, 0x71, 0x33, 0xE1, 0x53, 0xFC, 0xD0, 0x83,
    0x57, 0x84, 0xC6, 0x89, 0xFB, 0x29, 0x49, 0xED, 0x46, 0x90, 0x00, 0x40, 0x48, 0x29, 0x3D, 0xAE,
    0xD1, 0x72, 0x94, 0xF2, 0xA3, 0x7C, 0x0B, 0xB2, 0x87, 0x73, 0x67, 0xED, 0x45, 0x14, 0x17, 0xBB,
    0xC1, 0x73, 0x61, 0xD2, 0xEE, 0x06, 0xCF, 0x08, 0x99, 0x07, 0x9E, 0x0B, 0xF2, 0x6E, 0x2F, 0xA0,
    0xEC, 0x05, 0x44, 0xF5, 0xB0, 0xF7, 0xBF, 0x79, 0x6E, 0xDC, 0xF7, 0xC2, 0x8B, 0xEE, 0x9B, 0xFF,
    0xE7, 0x5B, 0xC9, 0x30, 0x43, 0x72, 0x77, 0xE7, 0x49, 0x15, 0x3B, 0x36, 0xE9, 0xEF, 0x27, 0xF4,
    0x8C, 0xD2, 0x01, 0xA3, 0x4D, 0xFA, 0x35, 0x48, 0x7F, 0x03, 0xC8, 0xAE, 0x81, 0x9B, 0xC5, 0x42,
    0xE1, 0x3F, 0x59, 0x51, 0x3B, 0xC5, 0xF7, 0xA7, 0x98, 0x2B, 0xF0, 0x53, 0xC4, 0x01, 0x81, 0xA7,
    0x84, 0x6B, 0x30, 0x67, 0xA0, 0xCD, 0x07, 0xBE, 0x57, 0x9C, 0xC4, 0x74, 0xDA, 0xFA, 0x0B, 0x30,
    0x81, 0x3A, 0xE1, 0xE0, 0x1D, 0xCF, 0xD6, 0x91, 0x1F, 0x00, 0xF8, 0xC6, 0x4F, 0xB8, 0xBC, 0xC0,
    0xB2, 0x82, 0x94, 0x3D, 0x9B, 0x94, 0x13, 0xE4, 0xB4, 0x2E, 0xE0, 0xE4, 0x0F, 0xE0, 0x3D, 0x9B,
    0x14, 0xBC, 0xEE, 0x95, 0x2F, 0xD0, 0x0E, 0x56, 0x02, 0x70, 0xD7, 0xA5, 0x87, 0xE8, 0x96, 0xE7,
    0xDF, 0xF2, 0xE0, 0x2F, 0xCC, 0x3D, 0x57, 0xF9, 0x4B, 0x72, 0xDF, 0x9F, 0xA6, 0x6E, 0x53, 0x61,
    0x01, 0x99, 0x9F, 0xC8, 0x35, 0x9E, 0x41, 0x07, 0x21, 0xE5, 0xB4, 0xF1, 0x0B, 0xF2, 0x57, 0xF5,
    0x28, 0x13, 0x36, 0xEC, 0x66, 0xDF, 0xFF, 0xD4, 0x77, 0x2F, 0x9B, 0xFD, 0xE2, 0x12, 0x16, 0xE7,
    0x3D, 0xD2, 0xC3, 0xCE, 0xE9, 0x10, 0x64, 0x41, 0x06, 0xBC, 0xEE, 0x12, 0x61, 0x1F, 0xE0, 0xAE,
    0x01, 0x5E, 0xE8, 0xDA, 0xB0, 0xEF, 0xC1, 0x51, 0x8A, 0x8B, 0xE0, 0xB0, 0x6B, 0xFD, 0x72, 0xDC,
    0xE3, 0x27, 0xAE, 0x05, 0x7F, 0x21, 0x96, 0x95, 0x0C, 0xCD, 0x2F, 0x80, 0x4C, 0xC6, 0x13, 0x83,
    0x9E, 0x5D, 0x7D, 0xE0, 0xB2, 0x03, 0xD7, 0xF6, 0x5C, 0xE9, 0xC2, 0xD5, 0x20, 0x0B, 0x2E, 0x4A,
    0xC0, 0x08, 0xD1, 0x16, 0x44, 0xB8, 0xBC, 0x40, 0x77, 0xFE, 0x36, 0x7A, 0xFA, 0x5F, 0xFC, 0xAA,
    0x61, 0x35, 0x69, 0x0C, 0x76, 0x9E, 0x88, 0x65, 0x9C, 0x4F, 0x32, 0x33, 0x98, 0xDA, 0x77, 0xE2,
    0xB0, 0xE7, 0x04, 0x6C, 0x65, 0x69, 0x2A, 0xD6, 0x70, 0x9E, 0x7D, 0xB7, 0x1B, 0x9D, 0x9E, 0x7D,
    0xF8, 0xCE, 0x63, 0x5C, 0xC2, 0x82, 0x29, 0x71, 0x3C, 0xC6, 0x59, 0xF7, 0x57, 0xB4, 0x39, 0xE6,
    0x5C, 0xDA, 0xAB, 0x5B, 0x5D, 0xCB, 0x7D, 0x1E, 0x29, 0x76, 0xF8, 0x02, 0xB1, 0xC4, 0x73, 0xD9,
    0x0E, 0xAC, 0x56, 0xFA, 0xD1, 0x25, 0xD2, 0x45, 0xE1, 0xF8, 0x22, 0xE1, 0xC2, 0x75, 0x42, 0x6E,
    0xFF, 0x6B, 0xE2, 0xDE, 0xF1, 0x42, 0xEB, 0x7C, 0x7A, 0xD5, 0xCF, 0xEB, 0x2B, 0x7E, 0xFD, 0x89,
    0x2C, 0xCA, 0x5D, 0xEC, 0x2F, 0x01, 0xE6, 0x85, 0xBB, 0x97, 0x57, 0xD2, 0x88, 0xAC, 0xA2, 0x2E,
    0x25, 0xE6, 0xDB, 0x56, 0xCC, 0x37, 0x74, 0x2E, 0xD8, 0x0C, 0xE2, 0x1E, 0xE4, 0x5A, 0xC8, 0x88,
    0x41, 0x8E, 0x95, 0x50, 0xA6, 0x17, 0xAA, 0x74, 0xC2, 0x1D, 0x33, 0x09, 0x2D, 0x0B, 0x7B, 0xC0,
    0x42, 0x56, 0x89, 0x19, 0x30, 0x2E, 0xD0, 0x47, 0xC2, 0x64, 0x27, 0x72, 0xD2, 0x06, 0x53, 0x74,
    0x72, 0xF9, 0x56, 0x14, 0xDD, 0x7A, 0xCB, 0xAB, 0x83, 0x7C, 0xAC, 0xFD, 0xBF, 0xF3, 0xFF, 0x02,
    0xEB, 0x43, 0x7D, 0x28, 0x0F, 0xE5, 0x50, 0x0E, 0xF9, 0x90, 0xF7, 0xF9, 0x85, 0x88, 0xF7, 0x4D,
    0xC5, 0x95, 0xEB, 0x75, 0x4E, 0xE4, 0x84, 0x25, 0x85, 0x45, 0x5B, 0x7F, 0xDB, 0x0A, 0x1D, 0x2B,
    0xE5, 0xEB, 0x83, 0x90, 0x2B, 0x92, 0xF5, 0xE5, 0x89, 0x8F, 0x9F, 0x84, 0x89, 0x52, 0x87, 0xD1,
    0x8A, 0xE6, 0xC2, 0x69, 0xF2, 0xAE, 0x79, 0xFA, 0xD3, 0xDF, 0xFA, 0x7B, 0xAD, 0xE7, 0xCA, 0x75,
    0x72, 0x7D, 0x86, 0xB6, 0x0A, 0xD1, 0x68, 0x68, 0x7F, 0x8B, 0xB1, 0x0F, 0xBC, 0x40, 0xC8, 0x94,
    0x87, 0x1F, 0x7B, 0xFF, 0x83, 0xB4, 0x30, 0x41, 0xC7, 0x44, 0x3B, 0x61, 0xCD, 0x62, 0xE7, 0xF9,
    0x3F, 0xED, 0x38, 0x02, 0xAF, 0x63, 0x7D, 0x7B, 0x42, 0xC5, 0xCE, 0xB7, 0xB3, 0x6A, 0x43, 0x6E,
    0x92, 0xE0, 0x07, 0xBB, 0x41, 0xEF, 0x27, 0x77, 0x60, 0xCF, 0x8E, 0x7B, 0x84, 0xB7, 0xE3, 0x45,
    0xEB, 0x77, 0xF8, 0x6D, 0xD2, 0xB7, 0x8D, 0x5A, 0x46, 0x37, 0xF8, 0xF6, 0xA4, 0x7F, 0x72, 0xE3,
    0x06, 0xF7, 0x49, 0x44, 0x0C, 0xCC, 0x81, 0x86, 0x5B, 0x91, 0x43, 0xFE, 0xEB, 0x0C, 0xD2, 0x21,
    0x82, 0x1C, 0xDA, 0x0B, 0x37, 0x42, 0xBE, 0x7C, 0x0D, 0x4B, 0xC0, 0x5F, 0x58, 0xF8, 0xD3, 0xD2,
    0xC6, 0xD3, 0x3A, 0xEF, 0x7D, 0x7F, 0xCB, 0x51, 0x26, 0xC1, 0x8D, 0xB7, 0xAA, 0x1D, 0x44, 0x70,
    0x26, 0x53, 0x2D, 0x0B, 0x31, 0x75, 0x57, 0x75, 0x53, 0x4F, 0xE3, 0x49, 0x55, 0x0E, 0xD2, 0xB5,
    0x4E, 0x88, 0x54, 0x89, 0x90, 0x8E, 0xA8, 0xD4, 0x82, 0x70, 0xA5, 0x08, 0x85, 0x82, 0x7E, 0x86,
    0xE3, 0xCD, 0xB3, 0xF2, 0xEA, 0xEC, 0x0E, 0x74, 0xE9, 0xE1, 0xE3, 0x47, 0xFE, 0xFA, 0xEC, 0xAD,
    0xD9, 0xF1, 0xE6, 0x1D, 0xF6, 0xE5, 0xDC, 0xAF, 0xE7, 0x41, 0xE6, 0x90, 0x2F, 0x4F, 0x78, 0x4F,
    0x18, 0x61, 0x68, 0x2F, 0x66, 0x5B, 0xD1, 0xF3, 0x5E, 0xB5, 0x4F, 0x22, 0xBF, 0xBD, 0xDD, 0x90,
    0x63, 0x04, 0xB7, 0x2F, 0x2F, 0xBF, 0x0B, 0x15, 0x7A, 0x7C, 0xC8, 0xA8, 0x8B, 0x44, 0x8C, 0x65,
    0x62, 0x0B, 0x75, 0x2B, 0x5B, 0xA8, 0x39, 0xB9, 0xE2, 0xD0, 0x71, 0x46, 0x09, 0x21, 0x05, 0x4D,
    0x19, 0x3B, 0xEA, 0x10, 0x1E, 0x5B, 0x8A, 0x09, 0x2C, 0xFD, 0x22, 0x22, 0x47, 0x1F, 0x5D, 0xC4,
    0xE3, 0x40, 0x89, 0xF1, 0xB1, 0x8B, 0xAA, 0xE3, 0x8B, 0xA8, 0x66, 0x3E, 0x7E, 0x51, 0x47, 0xC1,
    0x75, 0x7C, 0x11, 0x8F, 0xEB, 0x8B, 0xD6, 0x9D, 0x5C, 0x5F, 0xB4, 0x74, 0x32, 0x5B, 0x5D, 0xB4,
    0x18, 0x28, 0x6F, 0x98, 0x30, 0xBD, 0x50, 0xF3, 0x00, 0x76, 0x99, 0xA3, 0x70, 0xCD, 0xA9, 0xBE,
    0x69, 0x19, 0xC1, 0x20, 0xF3, 0xF6, 0xE8, 0xE0, 0xEF, 0x20, 0xC2, 0xEC, 0xE0, 0x47, 0x63, 0xB8,
    0xF0, 0xEF, 0xE4, 0x3B, 0xD7, 0x46, 0x22, 0xCE, 0x32, 0xB9, 0x06, 0xE4, 0x36, 0x58, 0x49, 0x1B,
    0x85, 0xC1, 0x32, 0xC0, 0x42, 0x78, 0xF4, 0xE9, 0xB0, 0x0E, 0x30, 0x5A, 0x60, 0xB5, 0xB4, 0xE7,
    0xEF, 0xC3, 0xF6, 0x09, 0x63, 0x7F, 0xFF, 0x0C, 0x6B, 0x88, 0xFD, 0xD9, 0xF9, 0xFE, 0x25, 0x78,
    0x0B, 0xEE, 0x4D, 0x66, 0xDF, 0x37, 0x1A, 0x92, 0x0D, 0x4D, 0x2A, 0x1B, 0xDF, 0xA8, 0xE3, 0xED,
    0x40, 0x40, 0xB2, 0x86, 0x17, 0x84, 0xD4, 0x4C, 0xD1, 0x5F, 0x40, 0xAF, 0x4C, 0xA4, 0x51, 0x25,
    0xC6, 0x85, 0x3F, 0x9E, 0x40, 0xE1, 0xC8, 0xC5, 0x85, 0x1E, 0x33, 0x1C, 0x13, 0x1C, 0xA3, 0xB3,
    0x1A, 0xF4, 0x2E, 0x5F, 0xF8, 0xB1, 0x96, 0x49, 0x3C, 0x97, 0xCE, 0xC1, 0xEE, 0xEA, 0x93, 0xD5,
    0x51, 0x4C, 0x09, 0x61, 0xC1, 0x1B, 0x97, 0x77, 0x74, 0xA0, 0x05, 0x75, 0x68, 0x47, 0x72, 0x8C,
    0x50, 0x54, 0x7E, 0xF8, 0x7B, 0xA8, 0x05, 0x3F, 0x16, 0x6F, 0xCC, 0x78, 0xE5, 0xEE, 0xC9, 0x55,
    0xC3, 0x1D, 0xF1, 0xF7, 0x68, 0x72, 0x0C, 0xB8, 0x81, 0x48, 0x83, 0x0D, 0x21, 0x60, 0x03, 0x41,
    0x53, 0x51, 0x13, 0xD3, 0xE4, 0x71, 0xD4, 0x99, 0x13, 0xD5, 0x29, 0x18, 0x34, 0x75, 0x94, 0x26,
    0x58, 0x06, 0x91, 0x53, 0xDB, 0x63, 0xA2, 0xFA, 0x1C, 0xAE, 0xFD, 0xC4, 0xC5, 0xB9, 0xBE, 0x8A,
    0xCD, 0xC7, 0x3C, 0x7D, 0xC7, 0xD3, 0x53, 0x3A, 0x05, 0x34, 0xE2, 0x0F, 0x19, 0x01, 0xBF, 0x1C,
    0x12, 0x2A, 0x39, 0x2A, 0x3E, 0x7F, 0xE9, 0xED, 0xB7, 0x0A, 0x18, 0x86, 0xC2, 0xDC, 0x31, 0xBF,
    0xDB, 0x93, 0xA5, 0xD5, 0x4E, 0xCD, 0xDD, 0x87, 0xB5, 0xFF, 0xD1, 0x93, 0x51, 0x6E, 0x5C, 0x8E,
    0x50, 0x17, 0xB9, 0x48, 0x7A, 0xCF, 0x4D, 0x0D, 0xC0, 0xB6, 0x00, 0x40, 0xB7, 0x07, 0x76, 0x5B,
    0x47, 0x24, 0x4B, 0xEC, 0x04, 0xDD, 0x8E, 0x6B, 0x2C, 0x9F, 0x9C, 0x6C, 0xA4, 0xD4, 0x4D, 0xB9,
    0xA8, 0x12, 0x98, 0xF1, 0xD1, 0x4B, 0xFE, 0x0E, 0x6A, 0x84, 0xA9, 0x5D, 0x66, 0xA0, 0x58, 0x7D,
    0xE2, 0x6F, 0x1B, 0x82, 0x3D, 0xC7, 0x9D, 0x3B, 0xBA, 0x50, 0xFE, 0xB6, 0x67, 0xDF, 0xC3, 0x64,
    0x62, 0x59, 0x92, 0x05, 0x27, 0x32, 0x73, 0x8B, 0xFB, 0x88, 0x0C, 0x8B, 0x45, 0x95, 0xEB, 0xDF,
    0x5D, 0xB5, 0x93, 0x66, 0xB5, 0x65, 0x66, 0xB5, 0x6E, 0x66, 0xB5, 0x5E, 0x08, 0x73, 0x85, 0x35,
    0xA1, 0xAD, 0x05, 0xF5, 0x06, 0xA4, 0xDD, 0x59, 0x45, 0x85, 0x8A, 0x2C, 0x42, 0x77, 0x00, 0xF4,
    0x02, 0x4B, 0xBD, 0x86, 0xC6, 0xD1, 0xCE, 0x2B, 0x00, 0xBD, 0x7C, 0x03, 0x14, 0x89, 0x3D, 0x53,
    0x44, 0x09, 0x14, 0x71, 0x48, 0x2B, 0xA5, 0x02, 0x14, 0xB9, 0xE6, 0x66, 0x95, 0x38, 0x7E, 0x1C,
    0xEA, 0x93, 0xB5, 0xF9, 0x11, 0x4C, 0x14, 0xC6, 0x97, 0x97, 0x97, 0xCE, 0x71, 0x95, 0x6A, 0xBF,
    0x3F, 0x33, 0x54, 0x7A, 0x98, 0x09, 0xA9, 0x0E, 0x60, 0xC4, 0x65, 0x70, 0xED, 0x38, 0x5F, 0x7A,
    0x6A, 0xBA, 0xB5, 0xA0, 0x3D, 0x3E, 0xFA, 0xA9, 0x7A, 0x4C, 0xF9, 0x49, 0x31, 0x43, 0xBB, 0xCF,
    0x55, 0x5B, 0xDA, 0x5D, 0xDF, 0x83, 0x21, 0x26, 0x5C, 0x32, 0x82, 0x75, 0xA7, 0x30, 0x0F, 0xB1,
    0x52, 0xD1, 0x85, 0x63, 0xAC, 0xF4, 0xA4, 0xE7, 0x3A, 0xAA, 0x7D, 0x29, 0x8B, 0x60, 0xC0, 0xF4,
    0x77, 0x67, 0xF7, 0x45, 0x8A, 0xD5, 0xE8, 0x5A, 0x09, 0xE6, 0xCA, 0xC1, 0xD2, 0x09, 0xF9, 0xDB,
    0xAB, 0x3D, 0x9D, 0xF6, 0x87, 0x74, 0x87, 0xE8, 0x9B, 0x42, 0xF0, 0xED, 0xC9, 0x92, 0xA5, 0x89,
    0x73, 0x11, 0x18, 0x3B, 0xCA, 0xBE, 0x94, 0x1D, 0xC9, 0xC9, 0xDC, 0xB4, 0xD8, 0xE3, 0x6B, 0x2B,
    0x79, 0x87, 0x91, 0xFA, 0xDB, 0x7C, 0x28, 0x32, 0x44, 0x66, 0x62, 0xA6, 0xE4, 0xF3, 0xD7, 0xE7,
    0x94, 0x21, 0x9C, 0x26, 0x11, 0xD0, 0xBE, 0xD5, 0x4A, 0xA4, 0x52, 0x2D, 0xEE, 0x8B, 0xF0, 0x68,
    0x2B, 0x20, 0x75, 0x5D, 0x09, 0x41, 0xD9, 0xE5, 0xE8, 0x70, 0x1F, 0x80, 0x58, 0x3D, 0x7D, 0x06,
    0x03, 0xB2, 0x4B, 0x61, 0xF0, 0xB4, 0x22, 0xBE, 0x33, 0x71, 0xE5, 0x61, 0x19, 0xD3, 0xEB, 0xE7,
    0xF2, 0x9D, 0x38, 0x84, 0x81, 0x8B, 0xAB, 0x45, 0x47, 0x27, 0xCA, 0xED, 0xC5, 0x35, 0x64, 0x5F,
    0xD4, 0xCB, 0x6F, 0x14, 0x94, 0x6B, 0xF6, 0x6A, 0xE8, 0xF1, 0x57, 0x75, 0x0F, 0x95, 0x2A, 0xC0,
    0x5B, 0x88, 0x88, 0x3C, 0x78, 0x59, 0xD0, 0x42, 0xDD, 0xE7, 0xD2, 0x31, 0xAF, 0xD6, 0x0A, 0xCA,
    0x7F, 0xD3, 0xBD, 0x11, 0xEF, 0xB7, 0x39, 0x92, 0x08, 0xF4, 0x6E, 0xE9, 0x5B, 0xE4, 0x3C, 0xBF,
    0x5C, 0xCB, 0x44, 0x15, 0x61, 0x9C, 0xD6, 0x85, 0xA0, 0xFD, 0x0A, 0xA4, 0x6C, 0x24, 0xB3, 0x46,
    0xD6, 0x6D, 0xE5, 0x6C, 0x2B, 0x00, 0x5D, 0xBF, 0x74, 0x96, 0xFE, 0x49, 0x9D, 0x26, 0x2E, 0x8A,
    0x12, 0xD3, 0xBE, 0x73, 0xEA, 0x15, 0x80, 0x3E, 0xB5, 0x52, 0x70, 0x7E, 0x19, 0x9C, 0x39, 0x48,
    0xEB, 0x3B, 0x1A, 0x97, 0x34, 0xDD, 0xDB, 0x00, 0x3A, 0xF9, 0x72, 0x07, 0x3F, 0xA1, 0x92, 0xE9,
    0xF7, 0xF6, 0xB1, 0x67, 0xEB, 0xBF, 0x97, 0x56, 0x9C, 0xFB, 0x88, 0x3E, 0x07, 0x28, 0xBF, 0xA7,
    0x26, 0xDD, 0x52, 0xD0, 0x26, 0x9C, 0x95, 0xD2, 0xD1, 0x07, 0x1A, 0xFD, 0xF4, 0x14, 0x5B, 0xF8,
    0x1D, 0x8D, 0x98, 0x22, 0xE2, 0xD6, 0xF8, 0xD3, 0x52, 0x99, 0xF0, 0xC2, 0x5F, 0x0A, 0xE0, 0xE5,
    0x39, 0x41, 0x4F, 0x37, 0x46, 0x99, 0xA1, 0xCB, 0x20, 0x97, 0xBD, 0x23, 0x3C, 0x7F, 0xDB, 0x34,
    0x9A, 0xA3, 0x0A, 0x1F, 0x39, 0x94, 0x0E, 0x77, 0x9F, 0x69, 0xEC, 0x81, 0x22, 0x27, 0x90, 0xF3,
    0xF1, 0xB5, 0xE0, 0x46, 0x0D, 0x12, 0xE8, 0x75, 0x3B, 0x2E, 0x68, 0xAF, 0x71, 0x44, 0x0A, 0x8B,
    0xBD, 0xE2, 0x24, 0xD0, 0x26, 0x3D, 0x6B, 0xE4, 0xEE, 0x99, 0x48, 0x1A, 0xB0, 0x29, 0x7D, 0x87,
    0x3E, 0x80, 0xC0, 0xA6, 0x7B, 0xB2, 0xE9, 0x5E, 0x54, 0xAA, 0x90, 0xAE, 0x4F, 0xD0, 0xA0, 0x2A,
    0x9B, 0x8E, 0x36, 0x46, 0xCB, 0xA0, 0x52, 0x63, 0x01, 0x90, 0xE8, 0xEE, 0x87, 0x6E, 0xCD, 0x07,
    0x1B, 0x33, 0x41, 0x55, 0xCB, 0x0D, 0x8B, 0x93, 0xBB, 0xE3, 0xD2, 0x2B, 0x71, 0xE2, 0x29, 0x06,
    0x9B, 0x73, 0x16, 0xB9, 0xCA, 0x2D, 0x4A, 0xB3, 0xA7, 0xC9, 0x16, 0x5D, 0xC2, 0x82, 0x3B, 0x99,
    0x85, 0xED, 0x8E, 0x8C, 0xD9, 0xDD, 0x1C, 0x7D, 0xEA, 0xDF, 0x27, 0x5A, 0xC1, 0xB5, 0x37, 0xAB,
    0xBD, 0x3B, 0x3D, 0x86, 0x97, 0x30, 0x4C, 0x7D, 0xF1, 0xE9, 0x2D, 0x96, 0xFE, 0xC2, 0xC1, 0x73,
    0x78, 0xAC, 0xD6, 0xBA, 0xB7, 0xD3, 0xBD, 0x29, 0xD1, 0x6F, 0xE0, 0x92, 0xEF, 0x10, 0x6E, 0xC8,
    0x46, 0x8D, 0xA9, 0x95, 0xC7, 0xBD, 0x69, 0xD8, 0x02, 0x3A, 0xD6, 0x81, 0x0C, 0x3D, 0x48, 0x82,
    0x89, 0x3C, 0x60, 0xD4, 0x40, 0x07, 0xA0, 0x85, 0x4A, 0x45, 0xB8, 0x6F, 0x11, 0x6C, 0x3C, 0xA1,
    0x0F, 0xA5, 0x2B, 0x43, 0x76, 0x8E, 0x81, 0xBF, 0xA7, 0x7D, 0x18, 0x40, 0x45, 0x2C, 0x3A, 0x3A,
    0xF7, 0xFB, 0x46, 0x47, 0x00, 0x23, 0xE2, 0x93, 0x5C, 0x99, 0x4F, 0x1A, 0xF7, 0x3D, 0xAF, 0x92,
    0x2E, 0x1F, 0x3E, 0xCB, 0x55, 0x7B, 0x70, 0x42, 0x32, 0x70, 0x9D, 0x17, 0x41, 0xEA, 0x66, 0x18,
    0xD1, 0xC6, 0x82, 0x71, 0x54, 0x03, 0x2B, 0xE1, 0x1C, 0xDB, 0x07, 0x46, 0x59, 0x0E, 0x86, 0x6F,
    0x30, 0x22, 0x8C, 0x9B, 0x28, 0x06, 0xBA, 0x03, 0x83, 0xE4, 0x38, 0x8D, 0xB2, 0x2B, 0x41, 0x2F,
    0xF6, 0xD5, 0xAA, 0x2B, 0x5F, 0x2B, 0x54, 0x1D, 0xE5, 0x0E, 0x96, 0x9E, 0xCC, 0xB1, 0xAC, 0xDD,
    0xDA, 0xDC, 0xA5, 0x26, 0xBB, 0xF0, 0xAB, 0xE1, 0x0B, 0xEA, 0x5B, 0xC0, 0x29, 0x4B, 0xE1, 0x22,
    0x8C, 0xD7, 0x0E, 0x12, 0x04, 0x3A, 0xF1, 0xB3, 0x8D, 0xB5, 0xE7, 0x2F, 0xEE, 0xA1, 0x0A, 0x45,
    0x2A, 0xF8, 0xF5, 0x0F, 0x1F, 0xD6, 0x0F, 0x6D, 0x23, 0x3A, 0x32, 0x66, 0xC8, 0x54, 0x46, 0x0D,
    0xEC, 0xED, 0xE2, 0xE3, 0xA4, 0xBC, 0x7D, 0xA1, 0x2E, 0xD4, 0x86, 0xB6, 0xC2, 0x72, 0x98, 0x22,
    0xB5, 0xC2, 0xCE, 0x8D, 0x13, 0xEF, 0x5E, 0xDE, 0xB1, 0xCB, 0xCE, 0x9D, 0xAE, 0x09, 0x8A, 0xA5,
    0xA0, 0xE7, 0xB9, 0x32, 0x23, 0x8D, 0x69, 0xAA, 0xCD, 0x2F, 0xD4, 0xFE, 0xF0, 0xD2, 0x99, 0xE2,
    0xA5, 0x76, 0x6E, 0x82, 0x79, 0x24, 0xD2, 0xC7, 0x44, 0x32, 0xC4, 0xBB, 0x8A, 0xFF, 0x10, 0x18,
    0x30, 0xE7, 0x4D, 0xE8, 0x7B, 0x7E, 0x05, 0xF7, 0x6A, 0xC3, 0x88, 0x27, 0x1C, 0xF8, 0x2D, 0xED,
    0x33, 0xF9, 0xA2, 0x42, 0xBC, 0x49, 0xA8, 0xB0, 0x13, 0x31, 0xE8, 0x7F, 0xAA, 0x6A, 0x31, 0xB7,
    0xBD, 0x2B, 0x1E, 0xF9, 0x25, 0x9A, 0x03, 0xCF, 0x66, 0x89, 0x89, 0x65, 0xC0, 0xBD, 0x8F, 0x16,
    0x03, 0xDF, 0x78, 0x9C, 0x7D, 0x9D, 0x04, 0x87, 0x6B, 0x79, 0xE3, 0x5C, 0x6C, 0x0B, 0xE0, 0x1B,
    0xDA, 0x19, 0x4D, 0x4D, 0x19, 0x21, 0xB8, 0xB4, 0x1C, 0x43, 0xFA, 0xEE, 0x24, 0x64, 0x2F, 0x76,
    0x96, 0xBF, 0x76, 0xEF, 0xC4, 0xFE, 0xDA, 0xFB, 0xA5, 0x3E, 0x49, 0x14, 0xAE, 0x16, 0x17, 0x49,
    0xDA, 0xCC, 0x61, 0xEB, 0xFA, 0x2E, 0xF9, 0xBB, 0xD7, 0x07, 0xE2, 0x3F, 0x71, 0xEE, 0xDB, 0x22,
    0x79, 0x27, 0xD2, 0xD0, 0x41, 0x38, 0xCA, 0xFC, 0xFD, 0x1A, 0xB4, 0xCA, 0xA0, 0x82, 0x7F, 0xA0,
    0xCA, 0xB7, 0x12, 0x52, 0x64, 0xE2, 0x4A, 0xC0, 0xD3, 0x2C, 0x4C, 0xA6, 0xF4, 0x61, 0x2A, 0x55,
    0xD5, 0x45, 0x6B, 0x93, 0x37, 0x2A, 0xC2, 0x62, 0x8D, 0x76, 0x6D, 0xE0, 0x75, 0xD1, 0xBC, 0x98,
    0xB9, 0xAB, 0x28, 0x3E, 0x37, 0x7F, 0xCC, 0x5C, 0x36, 0x2A, 0x31, 0x8B, 0xF9, 0x9D, 0xD0, 0xCE,
    0xD7, 0xB0, 0x2F, 0x2D, 0x11, 0x65, 0x07, 0xF7, 0xDE, 0xC2, 0x50, 0x7F, 0x13, 0x22, 0xC3, 0xD3,
    0x62, 0xE9, 0x1D, 0x77, 0x46, 0xC8, 0x58, 0x59, 0x67, 0x5D, 0x63, 0x43, 0x60, 0xF7, 0xA0, 0xD2,
    0xBA, 0x70, 0x9F, 0x3E, 0xC4, 0x1E, 0xF5, 0xDE, 0xF9, 0xAF, 0x6D, 0x7C, 0xF5, 0x2F, 0x0C, 0xF3,
    0x24, 0x24, 0x7F, 0xC4, 0xDE, 0x16, 0x76, 0xDA, 0x70, 0xA5, 0x06, 0xFE, 0x56, 0xDD, 0x5F, 0x84,
    0x46, 0x55, 0xBB, 0x27, 0xE2, 0x32, 0xB7, 0xDA, 0x4F, 0xD5, 0xFF, 0xF9, 0x68, 0xDC, 0x57, 0xD2,
    0xD1, 0x96, 0x86, 0x3F, 0xBC, 0x7C, 0xA4, 0x56, 0xA8, 0x71, 0xF1, 0xC6, 0x19, 0xA3, 0x6F, 0x03,
    0x79, 0x94, 0xC9, 0x31, 0x29, 0x0F, 0xCE, 0xCE, 0x30, 0xBA, 0x94, 0x71, 0xD8, 0x46, 0xC2, 0xC5,
    0xE6, 0x6B, 0x81, 0xB5, 0xC0, 0xE7, 0xF5, 0xA8, 0xBE, 0x16, 0xED, 0x93, 0x14, 0xBE, 0xBC, 0xFF,
    0x28, 0x64, 0xEE, 0x91, 0x2B, 0x48, 0x02, 0x96, 0x2A, 0x36, 0x10, 0xF3, 0xA7, 0x9F, 0xC9, 0xC0,
    0x4E, 0x1E, 0x39, 0x95, 0x37, 0x8B, 0x37, 0x42, 0xDE, 0x09, 0x99, 0x80, 0xF7, 0x21, 0x06, 0x61,
    0xD1, 0x8D, 0x80, 0xB8, 0x9B, 0x18, 0x3A, 0x06, 0xEB, 0x99, 0xB0, 0x9C, 0xAE, 0xC3, 0x7A, 0xD4,
    0xF3, 0x78, 0xFD, 0x86, 0x36, 0xCD, 0x93, 0xD7, 0x29, 0xF6, 0x82, 0x5A, 0x74, 0xE1, 0xF3, 0xC1,
    0xD8, 0x45, 0xE0, 0xCF, 0xCE, 0x1D, 0x54, 0x7B, 0x13, 0x31, 0x10, 0xD6, 0x60, 0xF8, 0x02, 0x53,
    0x78, 0x80, 0xB0, 0x36, 0x9E, 0x0A, 0x53, 0x3D, 0xCF, 0xDE, 0x25, 0xE1, 0x89, 0x10, 0xB7, 0x0C,
    0xEE, 0x72, 0x30, 0xC1, 0x83, 0x21, 0x6C, 0x8E, 0xCC, 0x75, 0x6D, 0x79, 0xE3, 0xF2, 0xA1, 0xB2,
    0x9B, 0xC8, 0x41, 0x76, 0xD0, 0x78, 0x5C, 0x25, 0x96, 0x33, 0xC2, 0x09, 0xA3, 0x3E, 0x96, 0x59,
    0x8B, 0x19, 0x58, 0xE0, 0x3A, 0x42, 0x34, 0x1F, 0xAA, 0x8F, 0xCC, 0xB1, 0x53, 0xC6, 0xD9, 0x8E,
    0x64, 0xA5, 0xF8, 0x8E, 0xB1, 0x94, 0x79, 0xE4, 0x62, 0x39, 0x5F, 0x83, 0x6A, 0x86, 0xAC, 0x60,
    0xF5, 0x09, 0xB0, 0xD1, 0xEB, 0x0C, 0xB6, 0xDA, 0x6E, 0xAF, 0xD6, 0xF5, 0x41, 0xE1, 0x64, 0x8B,
    0xA3, 0xD2, 0xE5, 0xE2, 0x85, 0xE1, 0x69, 0xA3, 0x4C, 0xD8, 0x6C, 0x6C, 0x05, 0xAB, 0xAD, 0xAD,
    0x7E, 0xBB, 0x72, 0xEE, 0x41, 0xE9, 0x70, 0x41, 0x05, 0x4A, 0x7A, 0x9D, 0x41, 0xA0, 0xDF, 0x92,
    0x0B, 0xAE, 0x82, 0x1D, 0x7F, 0x08, 0xBE, 0x61, 0x65, 0xC8, 0xA0, 0x4C, 0x45, 0xEE, 0x69, 0xBD,
    0xF3, 0x8D, 0x48, 0x4C, 0x4B, 0x19, 0x9C, 0x21, 0x18, 0x85, 0x89, 0x6C, 0xD9, 0xED, 0x8C, 0xEC,
    0x71, 0x20, 0x92, 0x20, 0x4B, 0xD5, 0x32, 0x40, 0x01, 0x64, 0x87, 0x10, 0x52, 0x4B, 0x15, 0x70,
    0x1D, 0xD9, 0x7C, 0x36, 0x24, 0xB4, 0x33, 0x1E, 0x21, 0xBB, 0xE5, 0xEE, 0xDA, 0x9F, 0xD4, 0x90,
    0x5C, 0xFB, 0x1C, 0x91, 0x59, 0x25, 0x64, 0xEE, 0x6C, 0x5C, 0xA3, 0xDA, 0x24, 0x96, 0x51, 0x5B,
    0x88, 0x10, 0xC8, 0x52, 0x3D, 0x8D, 0xE5, 0xBE, 0x78, 0x89, 0xBF, 0x4A, 0x09, 0xD6, 0x1C, 0xC3,
    0x20, 0xE1, 0xFD, 0x62, 0xF2, 0x5E, 0xA5, 0x11, 0xCD, 0x3A, 0x72, 0x04, 0x6B, 0x52, 0x37, 0xFA,
    0xBB, 0xC8, 0xC4, 0xD5, 0x6F, 0x80, 0xAB, 0xC5, 0xD8, 0x1D, 0x7D, 0x6E, 0xD6, 0x8B, 0xF6, 0xD3,
    0xDA, 0xF1, 0xF0, 0xAF, 0xF4, 0xBE, 0xB9, 0xF5, 0xA3, 0xD5, 0x7E, 0xB5, 0xDA, 0x5F, 0xC2, 0x3F,
    0x37, 0xAB, 0x7B, 0x19, 0xD7, 0xD1, 0x78, 0x8D, 0x0E, 0x05, 0xE9, 0xF2, 0x30, 0x5F, 0x87, 0x90,
    0x46, 0x05, 0x7B, 0x95, 0xAD, 0x9E, 0x24, 0xAF, 0xD5, 0x9C, 0xB6, 0x94, 0x20, 0xB9, 0x06, 0xF6,
    0x03, 0x67, 0xA9, 0xB3, 0xCE, 0x7E, 0x12, 0xB8, 0x71, 0x16, 0xC6, 0xBD, 0x06, 0x15, 0x41, 0x61,
    0x72, 0xE0, 0x53, 0x5A, 0xF9, 0x34, 0xC0, 0xCC, 0xF1, 0x7E, 0xF1, 0x14, 0x86, 0x6B, 0xA0, 0x57,
    0xDF, 0x10, 0x0E, 0x92, 0xC4, 0xA9, 0x9C, 0x06, 0xAE, 0x55, 0x8D, 0x1A, 0x33, 0xED, 0x0C, 0x49,
    0x0D, 0x41, 0xC3, 0xCC, 0x43, 0x37, 0xC8, 0x58, 0xD0, 0x40, 0x2A, 0x0F, 0xEA, 0xBD, 0x78, 0x93,
    0x90, 0x8A, 0x2A, 0xEF, 0x55, 0x77, 0x65, 0x9D, 0x4A, 0xA1, 0x9B, 0xC1, 0x7F, 0x5D, 0xE4, 0x91,
    0x05, 0xBA, 0x56, 0x88, 0x7B, 0x2A, 0x02, 0x8F, 0xD2, 0xC1, 0x31, 0x74, 0xA2, 0x47, 0x19, 0xB2,
    0x0B, 0x48, 0x25, 0x82, 0x49, 0xC6, 0xA1, 0x12, 0x0A, 0xB1, 0x90, 0x2E, 0xD2, 0x78, 0x70, 0x6F,
    0xC8, 0x48, 0x24, 0x65, 0xEE, 0x17, 0xC9, 0xB9, 0x16, 0x88, 0x6F, 0x75, 0x7E, 0xF5, 0x35, 0x8F,
    0xA8, 0x8D, 0x31, 0x47, 0x21, 0xFF, 0xAF, 0x63, 0x9F, 0x4D, 0xBB, 0x76, 0xCA, 0xD0, 0x57, 0x6A,
    0x6F, 0x3E, 0xD4, 0x95, 0xF5, 0x1D, 0x09, 0x42, 0x5D, 0x92, 0xBC, 0x5B, 0x67, 0x06, 0x73, 0xB7,
    0xA0, 0xB0, 0x7F, 0x67, 0x5A, 0x34, 0x62, 0x9C, 0xB6, 0x3A, 0x5B, 0xB1, 0x86, 0x07, 0x5F, 0x00,
    0x1A, 0xCC, 0x83, 0xCF, 0x86, 0xBE, 0xC8, 0x4E, 0x82, 0xC1, 0xE0, 0xAC, 0x30, 0x3A, 0x15, 0x5C,
    0x0F, 0xF8, 0x10, 0xEE, 0x13, 0xE8, 0x8B, 0x09, 0xC0, 0x4F, 0xE1, 0xD0, 0x92, 0xD0, 0x59, 0xA0,
    0xF3, 0x1F, 0xE0, 0x20, 0x83, 0xD9, 0x5F, 0xEB, 0x15, 0x0F, 0xF0, 0x0E, 0xBF, 0xA3, 0xC1, 0x08,
    0x4A, 0xF2, 0x1A, 0x22, 0xF1, 0xD4, 0x94, 0x5C, 0xF3, 0x39, 0x39, 0x56, 0xAB, 0x74, 0x43, 0x30,
    0xA3, 0xB7, 0x1A, 0xF3, 0x0D, 0x71, 0x4A, 0x3A, 0xB1, 0x29, 0x64, 0x46, 0x8E, 0x53, 0xE8, 0xB5,
    0xEE, 0x28, 0x06, 0xEE, 0x98, 0x76, 0xBA, 0x78, 0xC9, 0x96, 0x50, 0x9B, 0x05, 0x97, 0x13, 0xF1,
    0x73, 0x24, 0x56, 0xF6, 0x0E, 0x69, 0x26, 0xB1, 0x97, 0x20, 0x1C, 0x32, 0x64, 0x61, 0x47, 0x8D,
    0x8F, 0x25, 0xBA, 0x34, 0x1B, 0xED, 0x16, 0x4C, 0x3C, 0xF5, 0xDE, 0x1A, 0xFA, 0xC7, 0x82, 0x25,
    0x26, 0x28, 0x1B, 0x0D, 0x9C, 0x79, 0x4C, 0xAD, 0x96, 0xCC, 0xFD, 0x50, 0x2D, 0xF9, 0xCC, 0xFD,
    0x58, 0x45, 0xD5, 0x52, 0x58, 0x90, 0x39, 0x93, 0x48, 0x99, 0x39, 0x21, 0xC0, 0xB4, 0x18, 0xC5,
    0xBD, 0xAB, 0x16, 0x7F, 0xE6, 0x7E, 0xA4, 0x16, 0x7F, 0xE6, 0xFE, 0x4D, 0xED, 0x20, 0xB9, 0xC7,
    0xEA, 0xBE, 0xEA, 0xEB, 0x37, 0x0C, 0xFD, 0xD2, 0x08, 0xD6, 0xAC, 0x5C, 0xA3, 0xA1, 0x0A, 0x1A,
    0xA8, 0x43, 0x18, 0xD1, 0xA4, 0x18, 0x2D, 0xAB, 0xD2, 0x3D, 0x61, 0xEC, 0x7F, 0x8F, 0xF0, 0xB7,
    0x18, 0x3D, 0x58, 0x0D, 0xA2, 0xF2, 0x2A, 0x62, 0xA9, 0x89, 0x1D, 0x0B, 0xD8, 0x32, 0x71, 0xCA,
    0xA5, 0x12, 0x2D, 0x7A, 0x20, 0x57, 0x99, 0xA6, 0x11, 0x3C, 0x95, 0x4F, 0xD1, 0x33, 0x6A, 0xE3,
    0x17, 0x0D, 0x8F, 0xB5, 0x7F, 0x69, 0xDA, 0xBF, 0xBB, 0x06, 0x37, 0x6A, 0x05, 0x7C, 0xE5, 0xD9,
    0xAD, 0x00, 0x59, 0x93, 0x9E, 0x2E, 0x2F, 0x49, 0x70, 0x9F, 0xA1, 0x0F, 0xB8, 0x39, 0x56, 0x5E,
    0x81, 0xE2, 0x1B, 0x69, 0x0B, 0xCE, 0x87, 0x46, 0x54, 0xE8, 0x69, 0x43, 0xCF, 0x68, 0x14, 0x1A,
    0x81, 0x0C, 0x55, 0x1F, 0x1A, 0x68, 0x47, 0x0B, 0x0B, 0xFE, 0x01, 0x6B, 0xAC, 0xDE, 0x75, 0x45,
    0xEC, 0x1E, 0x11, 0xFF, 0xB1, 0xCC, 0xFA, 0x57, 0x05, 0xDF, 0xBA, 0x6F, 0x09, 0x9E, 0x32, 0xF4,
    0xF0, 0x4D, 0xD7, 0xEE, 0x66, 0xC5, 0xBF, 0xE1, 0xBA, 0xFD, 0xA4, 0xF8, 0x2B, 0xAE, 0x4F, 0xC6,
    0x84, 0xF8, 0x97, 0x5C, 0x9F, 0x12, 0xDF, 0xB9, 0x97, 0xDD, 0x21, 0x1B, 0x14, 0x2F, 0xBC, 0x09,
    0xD3, 0x27, 0xB4, 0x68, 0xA3, 0x35, 0x5E, 0x4E, 0x65, 0x6B, 0x78, 0x3E, 0xD7, 0x8D, 0x44, 0x77,
    0xC5, 0xA5, 0xC8, 0x41, 0x23, 0xE2, 0x29, 0x42, 0xAC, 0x08, 0x79, 0x08, 0x11, 0x22, 0xC3, 0x3D,
    0x0D, 0xE9, 0xCE, 0xA7, 0x33, 0x12, 0x46, 0x86, 0x6F, 0x11, 0x4C, 0x25, 0xBE, 0x41, 0xF2, 0xB0,
    0x47, 0x94, 0x22, 0x46, 0xAC, 0x67, 0x00, 0xCE, 0xFA, 0xA0, 0x41, 0x0B, 0x3D, 0x90, 0x86, 0x95,
    0xE4, 0x97, 0x67, 0x5C, 0x86, 0x46, 0x74, 0xA1, 0xA1, 0x48, 0x25, 0x5F, 0x9C, 0xD8, 0x21, 0x77,
    0x16, 0xC1, 0x73, 0xBD, 0xE7, 0x5D, 0x4F, 0x48, 0xCF, 0xC0, 0x6F, 0x96, 0x96, 0xB9, 0x1D, 0x11,
    0x56, 0x01, 0x56, 0x5A, 0x81, 0xDC, 0x81, 0x65, 0x6E, 0xA7, 0xEA, 0x98, 0x45, 0x2C, 0xAD, 0xC8,
    0x19, 0x2C, 0x24, 0xD6, 0x06, 0xAC, 0x0F, 0xD8, 0x21, 0x60, 0x53, 0xC0, 0x9C, 0x62, 0x33, 0x9C,
    0x16, 0xC1, 0x46, 0xE4, 0xDA, 0x80, 0x89, 0x1B, 0x41, 0x2C, 0x93, 0x2A, 0x04, 0x60, 0x12, 0xFF,
    0x25, 0x26, 0x41, 0x2E, 0x62, 0x12, 0xF0, 0x26, 0xE6, 0x7B, 0xD7, 0x29, 0xE6, 0xA5, 0x80, 0x62,
    0xA9, 0x1F, 0x04, 0xB1, 0xBD, 0x9B, 0x15, 0xDB, 0xAA, 0x35, 0xCF, 0xF8, 0x0D, 0x31, 0xAD, 0xD3,
    0xCB, 0x47, 0xEB, 0xAD, 0x60, 0x69, 0xC0, 0xF6, 0x01, 0x43, 0x8C, 0x2D, 0xAE, 0x25, 0x0A, 0xA2,
    0x3E, 0xFA, 0xC8, 0x80, 0x69, 0xAD, 0xCE, 0xE8, 0x81, 0x61, 0x3D, 0xA4, 0xC4, 0x6B, 0x65, 0x66,
    0x8B, 0x49, 0x6E, 0xDE, 0x53, 0xF7, 0xF4, 0x0D, 0x8D, 0x5A, 0x04, 0xC1, 0xE5, 0x2C, 0xEC, 0xB8,
    0x64, 0x8F, 0x1C, 0x63, 0x61, 0x21, 0x0C, 0xFF, 0x58, 0x9A, 0xA3, 0x97, 0xBA, 0x77, 0xCC, 0x15,
    0xC8, 0x8C, 0x36, 0x7B, 0x35, 0x2B, 0x3B, 0x1A, 0x87, 0xA5, 0x84, 0xCB, 0x29, 0x74, 0x06, 0x6A,
    0x92, 0x54, 0x0C, 0x6F, 0x56, 0x27, 0x1C, 0x4A, 0x45, 0x46, 0x7A, 0xA9, 0x01, 0xF1, 0xAE, 0x99,
    0x7B, 0x26, 0xA4, 0x01, 0x72, 0x30, 0x64, 0xA8, 0xB5, 0xC1, 0x9E, 0x6E, 0xAB, 0x47, 0x4A, 0x0D,
    0x9D, 0x76, 0xB9, 0xCA, 0xC0, 0x26, 0x53, 0x6D, 0x55, 0x31, 0x01, 0x0A, 0xA6, 0xF7, 0x2D, 0x8A,
    0x2A, 0xDB, 0x32, 0xBC, 0xC1, 0xA9, 0xF8, 0x00, 0x1C, 0x53, 0x1A, 0x11, 0xD2, 0x6B, 0x01, 0x97,
    0x41, 0xE3, 0x8E, 0x8C, 0x3F, 0xC5, 0x8F, 0x66, 0xF5, 0xBF, 0xE0, 0xC3, 0x22, 0x26, 0x32, 0x2C,
    0x1E, 0x9A, 0xC5, 0x42, 0xD4, 0xD3, 0x30, 0x5F, 0x0E, 0x62, 0xFE, 0x94, 0xAE, 0x40, 0x13, 0x5B,
    0xAC, 0xA2, 0x0E, 0xB1, 0x8A, 0x67, 0x85, 0x76, 0x5D, 0xC1, 0x18, 0x89, 0x53, 0x85, 0x03, 0xF1,
    0xF5, 0xFE, 0x32, 0x6F, 0xE6, 0x86, 0x69, 0xFE, 0x5F, 0x03, 0xCF, 0x33, 0x95, 0xD1, 0xBF, 0x47,
    0xAB, 0xE4, 0xD3, 0x67, 0x86, 0xA2, 0xA4, 0x16, 0x2F, 0xE4, 0x9A, 0xC2, 0x59, 0xC3, 0x15, 0xB3,
    0x81, 0xC2, 0x5D, 0xB4, 0x66, 0xB7, 0x85, 0xDF, 0x16, 0x86, 0x5B, 0x38, 0x2E, 0xB0, 0xDC, 0xC2,
    0x73, 0x51, 0x60, 0xBA, 0x28, 0x70, 0x5D, 0x14, 0xD8, 0x2E, 0x0A, 0x7C, 0x17, 0x05, 0xC6, 0x8B,
    0x02, 0xE7, 0x45, 0x81, 0xF5, 0xA2, 0xC0, 0x7B, 0x51, 0x60, 0xBE, 0xC8, 0x3D, 0x33, 0xA6, 0x1C,
    0x18, 0xB0, 0x21, 0x0A, 0x3C, 0xA8, 0xA1, 0x4E, 0x62, 0xBD, 0xA6, 0xF8, 0x02, 0x1B, 0x46, 0x81,
    0x0F, 0xA3, 0xC0, 0x88, 0xAB, 0x61, 0x81, 0x15, 0xCF, 0x43, 0xE1, 0x82, 0xD3, 0x61, 0x19, 0x85,
    0x52, 0x0D, 0xB7, 0xA9, 0xAF, 0x12, 0x28, 0x39, 0x47, 0x47, 0x4E, 0x96, 0xC5, 0x15, 0x57, 0x89,
    0x7F, 0x34, 0xF9, 0x78, 0xC9, 0x96, 0x3E, 0x29, 0x96, 0xD0, 0x79, 0x1B, 0x26, 0xA2, 0x39, 0x32,
    0x80, 0x36, 0xC1, 0x28, 0xB2, 0x94, 0xB1, 0xFC, 0xDD, 0x7F, 0xBC, 0x54, 0x6B, 0x19, 0xDB, 0x1F,
    0x45, 0x26, 0xCC, 0x31, 0x75, 0x8C, 0x64, 0x59, 0xB4, 0x52, 0xF2, 0x54, 0xC1, 0xB6, 0xD3, 0xE0,
    0x00, 0xB9, 0xFA, 0x3A, 0xA2, 0x36, 0xF6, 0x35, 0xE4, 0xF8, 0x9C, 0x92, 0x31, 0x85, 0x26, 0xB6,
    0x96, 0xF7, 0x6A, 0x45, 0xFD, 0xC7, 0x8A, 0x8B, 0xDA, 0x35, 0xAF, 0xD9, 0x0A, 0x58, 0xEC, 0xBA,
    0xCC, 0xFD, 0xA7, 0xE5, 0x07, 0x7E, 0x10, 0x8C, 0xC9, 0x60, 0xAB, 0xE5, 0x66, 0xAA, 0xA5, 0x9A,
    0xA4, 0x61, 0x30, 0x53, 0xCD, 0xB8, 0xC8, 0xEE, 0xDE, 0x5A, 0x7F, 0x90, 0x0C, 0x7D, 0x8C, 0x00,
    0xF7, 0x5E, 0x5D, 0x14, 0xD4, 0x32, 0x48, 0x9E, 0x70, 0xCC, 0xB5, 0x8A, 0xE3, 0x40, 0x24, 0xB5,
    0xC5, 0x11, 0xD7, 0x95, 0xA4, 0xB2, 0xDF, 0x58, 0x96, 0x47, 0xC2, 0xFE, 0x96, 0x4B, 0x0A, 0x1C,
    0x21, 0xF9, 0x4B, 0xC7, 0x80, 0x60, 0xEA, 0x90, 0xA4, 0x4E, 0x90, 0x04, 0x8C, 0xF6, 0xAC, 0xC0,
    0x52, 0xB0, 0x1B, 0x09, 0x3A, 0x86, 0x7A, 0x43, 0xB0, 0x5D, 0x6B, 0xB1, 0x93, 0xA5, 0xD8, 0xBB,
    0x8B, 0x42, 0xA1, 0x76, 0x19, 0x6A, 0x49, 0x64, 0x04, 0xB1, 0xF2, 0x18, 0x2D, 0x22, 0xD6, 0xB6,
    0x32, 0x39, 0x59, 0x9D, 0x54, 0xF2, 0xB1, 0xC9, 0x3B, 0xF0, 0x72, 0xD9, 0x07, 0x90, 0xB9, 0xAA,
    0x84, 0x42, 0xAD, 0x50, 0x20, 0x89, 0x5D, 0x0C, 0x11, 0x8A, 0xED, 0xAF, 0x5E, 0xB7, 0x42, 0x81,
    0x81, 0x40, 0x83, 0xA6, 0x58, 0xCC, 0x98, 0x8C, 0x5B, 0xF5, 0xD5, 0x12, 0xBC, 0xBA, 0xBC, 0xD0,
    0x5A, 0x90, 0x50, 0x14, 0xB2, 0x20, 0xCD, 0x82, 0xCC, 0x0F, 0x6A, 0xF7, 0xB3, 0xFB, 0x1E, 0x19,
    0x84, 0x0B, 0xB6, 0xE8, 0x84, 0x47, 0x36, 0x0B, 0x52, 0x05, 0x24, 0xEF, 0x88, 0x48, 0x15, 0xA5,
    0x47, 0x58, 0xDE, 0x15, 0x02, 0x14, 0x7F, 0xAC, 0x88, 0xA7, 0xF3, 0x93, 0x90, 0xE6, 0x6A, 0x2D,
    0x0B, 0x10, 0xD2, 0x24, 0x01, 0x69, 0x57, 0xD1, 0x89, 0x37, 0x83, 0x1F, 0x3D, 0x05, 0x37, 0x9A,
    0x6C, 0x07, 0xAB, 0xCB, 0x22, 0x13, 0x73, 0x61, 0x0E, 0xF9, 0x18, 0x7D, 0x5E, 0xB0, 0x43, 0x64,
    0xD1, 0xD6, 0x03, 0xCB, 0x9E, 0x89, 0x61, 0x11, 0x6D, 0x99, 0x9D, 0xEA, 0xB5, 0x62, 0x33, 0x61,
    0xE6, 0x18, 0xD8, 0xA4, 0x92, 0x50, 0x02, 0x0E, 0x71, 0x4D, 0x8B, 0xDA, 0xC4, 0x54, 0xB4, 0x64,
    0x98, 0xCA, 0x90, 0x26, 0x4C, 0x83, 0x5C, 0x8D, 0x97, 0x94, 0xE2, 0x49, 0x3D, 0xDF, 0xB1, 0x28,
    0x50, 0x14, 0x22, 0x11, 0x71, 0x70, 0xF7, 0x37, 0x21, 0x26, 0x81, 0x05, 0xCC, 0xAA, 0x75, 0xA8,
    0x78, 0x17, 0x7A, 0x5A, 0x86, 0xFE, 0xE5, 0x4C, 0x72, 0x63, 0xD5, 0x20, 0xBA, 0xAF, 0xE1, 0x69,
    0x26, 0xD5, 0x80, 0x49, 0xAA, 0x0D, 0x01, 0x6A, 0x56, 0x7D, 0xC0, 0xDF, 0xCE, 0x67, 0xAB, 0x11,
    0x63, 0xF9, 0x28, 0x9A, 0x1F, 0x2D, 0x88, 0x4F, 0xF3, 0xAE, 0x14, 0x71, 0x64, 0x95, 0x77, 0x5B,
    0x2B, 0x2D, 0xE9, 0x58, 0x8D, 0x2A, 0x2A, 0x49, 0x0B, 0xE6, 0x13, 0x29, 0x9A, 0xAB, 0xB4, 0x28,
    0x25, 0xB1, 0xA4, 0xD5, 0x98, 0xE9, 0xEE, 0x14, 0xCF, 0x3E, 0x93, 0x15, 0x4F, 0xE5, 0x96, 0xE6,
    0x72, 0xF5, 0x10, 0xF2, 0xE5, 0x7D, 0xD0, 0x22, 0x5D, 0xF0, 0x9D, 0x97, 0x04, 0x5A, 0x13, 0xB0,
    0x90, 0x21, 0x74, 0x21, 0x3F, 0x38, 0x87, 0x34, 0x5C, 0xC8, 0x14, 0xAE, 0x73, 0x86, 0x16, 0x29,
    0x60, 0x85, 0xBF, 0xC8, 0x83, 0x1A, 0xBA, 0x88, 0x49, 0x65, 0xD7, 0x52, 0x47, 0x69, 0xFD, 0x62,
    0x8B, 0xC0, 0xA6, 0xE4, 0x95, 0xB0, 0xD3, 0x05, 0xA6, 0x32, 0x72, 0xC8, 0xE7, 0xAC, 0xC9, 0x17,
    0xA5, 0xEA, 0xB4, 0x44, 0xD6, 0x21, 0x96, 0xE0, 0x50, 0xE6, 0xCF, 0x4F, 0x3B, 0x0A, 0xA1, 0x86,
    0xC9, 0xC9, 0x3D, 0x6B, 0xAA, 0xA0, 0xBE, 0x3A, 0x8E, 0x02, 0x85, 0xB4, 0x39, 0xCA, 0x3E, 0x20,
    0xAF, 0x35, 0x6B, 0x96, 0x32, 0xCD, 0xA0, 0xA5, 0x8C, 0x99, 0x63, 0xFA, 0x94, 0x7C, 0x07, 0x7F,
    0x23, 0x1F, 0xB5, 0xD8, 0x03, 0xE5, 0xFA, 0xE5, 0xA8, 0x79, 0xD1, 0xF2, 0x97, 0x62, 0x8D, 0x0F,
    0x5A, 0x61, 0xE5, 0x7E, 0x29, 0x86, 0x44, 0xAF, 0x15, 0x60, 0xEE, 0x27, 0xF2, 0x95, 0x6E, 0x62,
    0x91, 0x44, 0xE2, 0x1C, 0xEB, 0x3E, 0x13, 0xB7, 0x11, 0x7D, 0xA4, 0x1B, 0x18, 0x4A, 0xEF, 0x1A,
    0x56, 0xA5, 0xDB, 0x5A, 0x99, 0xD0, 0xD7, 0xC5, 0xAD, 0x7B, 0xC5, 0xAA, 0x85, 0x7E, 0x24, 0x9F,
    0xBE, 0xE1, 0x74, 0x42, 0xDE, 0x11, 0xF5, 0xF0, 0x8E, 0x15, 0x0D, 0xBD, 0x2B, 0x7B, 0x0B, 0xDE,
    0xB5, 0x12, 0xC0, 0x0F, 0xC4, 0x1A, 0xFD, 0x60, 0x32, 0x03, 0xE0, 0xA0, 0xBE, 0x6E, 0xA4, 0x06,
    0xC8, 0xD6, 0x2A, 0x18, 0xB6, 0x5A, 0x4C, 0x33, 0x98, 0x2D, 0x80, 0x32, 0xB2, 0xDE, 0x38, 0xA2,
    0xA5, 0xF1, 0xB5, 0x64, 0x90, 0x2C, 0x6D, 0x44, 0x6B, 0xA8, 0x34, 0x4E, 0xC8, 0x49, 0xC8, 0xCA,
    0x3E, 0x85, 0x42, 0x88, 0xEB, 0x7F, 0x27, 0x22, 0xC2, 0x36, 0xFE, 0x20, 0x5B, 0x29, 0xDC, 0x28,
    0x4A, 0xAA, 0x4A, 0xD4, 0xDD, 0x23, 0x26, 0x75, 0x3C, 0x32, 0xE1, 0x22, 0xC2, 0xCE, 0xE9, 0xC1,
    0x4F, 0xDA, 0x3C, 0xE6, 0xB6, 0x56, 0x07, 0xA6, 0x62, 0x99, 0x9E, 0xF4, 0x67, 0x6B, 0xEB, 0xA1,
    0x4F, 0x8C, 0xF7, 0x0F, 0x29, 0x6F, 0xBE, 0x0B, 0x7C, 0xBE, 0x59, 0x6A, 0x36, 0xDC, 0x9A, 0xBB,
    0x9B, 0x90, 0x0A, 0xB6, 0x5A, 0x8E, 0xC0, 0xBF, 0xDB, 0xF0, 0xDD, 0xC2, 0xF1, 0x59, 0xA0, 0x46,
    0x69, 0x34, 0x8B, 0xDD, 0x47, 0x81, 0xB2, 0xFF, 0xED, 0x6C, 0x36, 0x9A, 0x10, 0x36, 0x2A, 0x34,
    0x31, 0x5E, 0x5A, 0x1C, 0x3B, 0x42, 0x45, 0xF3, 0xA8, 0x75, 0x08, 0x7B, 0x8D, 0xB4, 0x75, 0x2C,
    0xA9, 0xB0, 0x5A, 0x6B, 0xC4, 0xC2, 0x51, 0x1D, 0x7D, 0x25, 0x9D, 0x9B, 0x59, 0x18, 0x97, 0x5B,
    0x01, 0x5C, 0x27, 0xF2, 0xAC, 0x28, 0x0D, 0xA3, 0x7E, 0xC7, 0xAA, 0x92, 0xE8, 0x07, 0xEB, 0x3C,
    0xBC, 0x8C, 0x2A, 0x35, 0x4C, 0x02, 0x15, 0x81, 0xD5, 0xB3, 0xA7, 0x63, 0xE9, 0x9B, 0xC6, 0x4C,
    0x96, 0x93, 0x4A, 0x2B, 0xCA, 0x24, 0x6E, 0x5D, 0x80, 0x05, 0x8C, 0x25, 0xB5, 0x45, 0xDD, 0x41,
    0x43, 0xA9, 0x94, 0x68, 0x68, 0xA4, 0x48, 0x55, 0xA2, 0x5A, 0x2D, 0x83, 0xD7, 0xDF, 0x56, 0xF7,
    0xC6, 0x01, 0xEE, 0xDC, 0xC0, 0x31, 0x7B, 0x61, 0xA0, 0x94, 0x5B, 0x6D, 0xEE, 0xB1, 0x5A, 0x0B,
    0x13, 0x0A, 0xA9, 0xE5, 0xDE, 0x13, 0x9B, 0x97, 0xDF, 0x15, 0x72, 0xAE, 0x6E, 0xDC, 0x6E, 0x55,
    0x22, 0x72, 0x84, 0x68, 0xC5, 0xF8, 0x4B, 0xB4, 0x4C, 0x58, 0x28, 0xAF, 0xE9, 0x71, 0xF9, 0x81,
    0x99, 0x83, 0x49, 0xA1, 0xB7, 0xBC, 0xE6, 0x07, 0x67, 0x62, 0xBC, 0x67, 0x23, 0xE9, 0x26, 0x5B,
    0x37, 0xE0, 0xD8, 0x0D, 0x94, 0x46, 0x69, 0x4F, 0xB6, 0xD9, 0x77, 0x3A, 0xC5, 0xAA, 0x02, 0x40,
    0xAF, 0x6E, 0x9D, 0x88, 0xDD, 0x38, 0x63, 0xD1, 0x39, 0xEC, 0x39, 0x5A, 0xD5, 0x6B, 0x1E, 0x9F,
    0x6E, 0xCC, 0xB8, 0x0F, 0xE9, 0x59, 0x3B, 0xDD, 0x8F, 0xF5, 0x21, 0xD7, 0x65, 0xEC, 0x4C, 0x24,
    0x9A, 0x54, 0xE4, 0xEA, 0x91, 0xDD, 0x99, 0xAC, 0x58, 0xE6, 0xE9, 0xE7, 0xCB, 0xD6, 0xC8, 0x52,
    0x61, 0xAE, 0xE3, 0x34, 0x7B, 0xDE, 0xE8, 0xC0, 0xBF, 0x3B, 0xD1, 0xCD, 0xB3, 0x57, 0xFD, 0x69,
    0xF6, 0x9A, 0x50, 0x03, 0xF6, 0x62, 0x5F, 0xF3, 0x9B, 0xA1, 0x03, 0xB5, 0xAD, 0x6A, 0x16, 0x4C,
    0x92, 0x1D, 0xA9, 0xED, 0xB8, 0x4B, 0x82, 0x7A, 0x71, 0xA3, 0xAB, 0x6D, 0x58, 0x76, 0x55, 0x50,
    0xAF, 0xE6, 0xF3, 0xF1, 0x65, 0x7B, 0xBD, 0xAC, 0x3D, 0xBE, 0x8C, 0x54, 0xE6, 0x16, 0x90, 0xEB,
    0x97, 0x15, 0x47, 0x97, 0x6D, 0x55, 0xD2, 0xF7, 0xA1, 0xA8, 0xF8, 0xDA, 0x65, 0xD9, 0xC7, 0x2E,
    0xDB, 0xE9, 0x65, 0xDD, 0xF1, 0x65, 0xEC, 0xAA, 0xE9, 0x67, 0x4F, 0xF9, 0xDA, 0x76, 0x79, 0xD5,
    0xD8, 0xED, 0xF2, 0x82, 0x5F, 0xF7, 0x6A, 0xB7, 0xEA, 0xC0, 0x1C, 0x6A, 0x6F, 0xB4, 0x5A, 0x35,
    0x77, 0xEB, 0x72, 0x84, 0x50, 0x66, 0xCC, 0xB1, 0xD5, 0xDC, 0xBF, 0x82, 0x2A, 0xB3, 0xFD, 0xCC,
    0x2D, 0xC2, 0x13, 0x76, 0x0C, 0xA7, 0x23, 0x76, 0x0F, 0xE6, 0x07, 0x6E, 0x28, 0xEC, 0xB1, 0x79,
    0xB1, 0xEE, 0xA1, 0xF7, 0xC4, 0x99, 0xE2, 0x6E, 0x4E, 0xDD, 0x43, 0x85, 0x2D, 0x1F, 0x85, 0x68,
    0x56, 0x6C, 0x51, 0x18, 0x09, 0x26, 0xC4, 0x24, 0x53, 0x14, 0x5C, 0xC9, 0x37, 0x25, 0x40, 0xA5,
    0x29, 0x72, 0xF5, 0x23, 0x9E, 0x0A, 0xCC, 0x40, 0x89, 0x64, 0x2F, 0x80, 0x38, 0x0F, 0x83, 0x10,
    0xBD, 0x94, 0xA8, 0x69, 0x25, 0x65, 0x8A, 0xB2, 0xB0, 0x07, 0x6C, 0x2A, 0xF3, 0x83, 0xBA, 0xFB,
    0x3E, 0xE7, 0x0C, 0x0C, 0x81, 0x5C, 0x96, 0x96, 0x82, 0x73, 0x91, 0x34, 0xAC, 0x31, 0x6D, 0x85,
    0x10, 0x22, 0xC5, 0xF3, 0x19, 0x96, 0x69, 0x3A, 0x01, 0x9C, 0xFC, 0xAB, 0x55, 0x24, 0x5E, 0x03,
    0xF7, 0x43, 0x15, 0xAF, 0x56, 0xB2, 0xF6, 0x6C, 0x4C, 0x4A, 0x07, 0xBC, 0x3B, 0x05, 0xBF, 0x66,
    0x8F, 0x94, 0x12, 0x2E, 0x70, 0xF3, 0x35, 0xE0, 0x60, 0xA4, 0xA0, 0x54, 0xE2, 0xEA, 0x0E, 0xE7,
    0x46, 0x6C, 0xD3, 0x99, 0xBB, 0x42, 0x7A, 0x4F, 0xFC, 0x9D, 0xE3, 0x66, 0x9B, 0x7B, 0x0F, 0xA3,
    0x97, 0x24, 0xBB, 0x79, 0xB7, 0xD2, 0x2C, 0xB1, 0x15, 0x5E, 0x35, 0x6B, 0xF5, 0x67, 0xF0, 0xB6,
    0x7B, 0xCE, 0x30, 0x91, 0x87, 0xB7, 0xDF, 0xB3, 0x6C, 0x49, 0xC7, 0x4C, 0x8A, 0x46, 0xD9, 0x61,
    0x61, 0x67, 0x6E, 0x95, 0x19, 0x07, 0xC5, 0xAE, 0x36, 0x84, 0x1D, 0xE4, 0x1C, 0x7D, 0x7E, 0x2B,
    0xD1, 0xE9, 0x35, 0x17, 0xF4, 0xBC, 0xF0, 0xE9, 0xA5, 0x3E, 0x79, 0x28, 0x19, 0x92, 0xFE, 0x5C,
    0xDD, 0x0F, 0x35, 0x4D, 0x56, 0x71, 0xD1, 0x29, 0xE4, 0xA6, 0x20, 0x2E, 0xC5, 0x1B, 0xBA, 0xE9,
    0x22, 0x7E, 0xF4, 0xD0, 0x4A, 0xB0, 0xB9, 0x97, 0x3B, 0x0B, 0x19, 0xBF, 0x83, 0x37, 0xEE, 0x5E,
    0x97, 0x62, 0x5A, 0x8F, 0x8C, 0x98, 0x9E, 0x51, 0x5C, 0xF7, 0x72, 0x10, 0xCF, 0xBD, 0xEC, 0xE4,
    0x96, 0x5F, 0xE4, 0x46, 0xA9, 0xE8, 0x69, 0xC7, 0x75, 0x26, 0xAE, 0x35, 0x79, 0xAE, 0x3A, 0x83,
    0xB9, 0x25, 0x31, 0x4D, 0xE3, 0xEF, 0x23, 0x8F, 0x3F, 0x6E, 0x29, 0x9D, 0xAD, 0xA0, 0xC1, 0x4A,
    0xBA, 0x7C, 0x53, 0xB7, 0x6C, 0x83, 0xD3, 0xDD, 0x0B, 0x9D, 0xEA, 0x6E, 0x5D, 0xEC, 0x96, 0x1D,
    0xC1, 0x13, 0xB3, 0x63, 0x92, 0xCF, 0x04, 0x4F, 0xDE, 0xFE, 0x47, 0xC0, 0xA5, 0x5A, 0x7B, 0xA1,
    0x9B, 0xEE, 0x3B, 0xE2, 0x7E, 0xD5, 0x07, 0x75, 0xD8, 0xBA, 0xD5, 0x81, 0x69, 0x13, 0x98, 0xDC,
    0x7C, 0xA7, 0xDC, 0x15, 0x10, 0xA6, 0x2B, 0x7F, 0x6E, 0xD8, 0x2A, 0xEC, 0xB4, 0xBD, 0x01, 0x2C,
    0x95, 0x8A, 0x6D, 0x4D, 0x13, 0x1F, 0xFD, 0xD1, 0xD2, 0x25, 0x24, 0x9A, 0x7F, 0x2D, 0xEB, 0xD8,
    0xC3, 0x9F, 0x72, 0xB1, 0xCD, 0xB4, 0x78, 0x2F, 0x2F, 0xE2, 0xEF, 0x22, 0xC0, 0xFB, 0xF6, 0xC5,
    0x62, 0xA3, 0xEC, 0x97, 0xD8, 0xEA, 0x60, 0x7B, 0xAA, 0x36, 0xB2, 0x67, 0x7B, 0x86, 0xD4, 0xC6,
    0xDA, 0x6C, 0xB8, 0xEC, 0x25, 0x14, 0x5C, 0xA4, 0xD8, 0x16, 0x51, 0x64, 0x04, 0xD7, 0x76, 0x2B,
    0x14, 0x61, 0x1F, 0x85, 0x82, 0x07, 0x67, 0x67, 0x67, 0x1F, 0xAB, 0xFE, 0xAF, 0x56, 0x6B, 0x2A,
    0xB5, 0x3D, 0x04, 0xDE, 0x82, 0xF9, 0xAA, 0xD5, 0x92, 0xE9, 0x96, 0x89, 0x68, 0x55, 0x92, 0x77,
    0x88, 0x8C, 0x03, 0x3C, 0x0B, 0xBC, 0xB1, 0xB6, 0xB5, 0x4F, 0x11, 0x0A, 0xDC, 0xD0, 0xF0, 0x4A,
    0x9C, 0x65, 0x6E, 0x35, 0xD5, 0x82, 0xDA, 0xC0, 0x79, 0xA7, 0xBB, 0x63, 0xEB, 0x16, 0xEE, 0x6A,
    0x56, 0x60, 0xBF, 0xEC, 0x9F, 0x46, 0x51, 0x62, 0xFE, 0x24, 0xAB, 0x18, 0xD7, 0x60, 0xB3, 0x8A,
    0x7D, 0x37, 0x06, 0x4A, 0x7E, 0x59, 0x86, 0x18, 0xE0, 0x6F, 0x55, 0xFB, 0xF2, 0x9C, 0x60, 0xB3,
    0xC4, 0xD6, 0x86, 0x00, 0xAC, 0xA8, 0x31, 0xBA, 0xFD, 0x2F, 0xC5, 0xAD, 0xB7, 0x2D, 0xEA, 0xAA,
    0xC2, 0x3B, 0xC4, 0xF0, 0x2B, 0xD0, 0xE4, 0x43, 0x57, 0x6C, 0x50, 0xE7, 0x9E, 0x42, 0x9D, 0x97,
    0x13, 0xF5, 0x73, 0xAE, 0x3E, 0x65, 0x76, 0x04, 0xF9, 0x3D, 0x7F, 0x97, 0xF3, 0x6B, 0x54, 0x98,
    0x4C, 0x1B, 0x2C, 0x5B, 0xB3, 0x9F, 0xCA, 0xE5, 0x59, 0x0C, 0x9A, 0x6A, 0xA7, 0x68, 0x71, 0x4F,
    0xCE, 0x68, 0x06, 0x36, 0xEA, 0x3B, 0x34, 0xEA, 0x48, 0x37, 0x21, 0x68, 0x3B, 0x3F, 0xB4, 0xFA,
    0x9D, 0x46, 0xA7, 0xBE, 0xD7, 0xEE, 0x1F, 0xB4, 0x92, 0xC5, 0x52, 0x0E, 0x23, 0xFA, 0x24, 0xF5,
    0xDA, 0xA8, 0x64, 0x16, 0x11, 0x31, 0x29, 0x9C, 0x59, 0x59, 0xCE, 0xAA, 0x43, 0x11, 0x59, 0x4F,
    0x4E, 0xC2, 0x76, 0x06, 0xAB, 0x59, 0x9A, 0x96, 0xA5, 0xAC, 0x09, 0x26, 0x88, 0x3E, 0xA6, 0x40,
    0xEE, 0x15, 0x56, 0xA1, 0x5B, 0x99, 0xE3, 0x63, 0x15, 0x88, 0xC7, 0xC8, 0xA9, 0x7B, 0xCE, 0x80,
    0x58, 0x11, 0x10, 0xE8, 0x11, 0x8F, 0x7C, 0xC9, 0xE9, 0x76, 0x81, 0xAF, 0x2E, 0x64, 0xC4, 0x98,
    0x4A, 0x0B, 0xE9, 0x94, 0x56, 0x14, 0x5B, 0x0A, 0xC9, 0x99, 0x52, 0xEF, 0x68, 0x87, 0x94, 0x98,
    0xD7, 0xE6, 0x0F, 0x8C, 0x78, 0x8A, 0x0D, 0xD8, 0x74, 0x97, 0xA9, 0xAB, 0x5B, 0x64, 0x5A, 0x8E,
    0x26, 0xE2, 0x60, 0xE4, 0x46, 0x9B, 0x93, 0x87, 0xF6, 0x04, 0x80, 0x82, 0x5E, 0x2D, 0xDF, 0x50,
    0x53, 0x62, 0xD7, 0xC4, 0x47, 0x4E, 0x74, 0x7C, 0x57, 0xA8, 0x8C, 0x84, 0x89, 0xEE, 0x6D, 0xC3,
    0x67, 0xD4, 0x6E, 0xFC, 0x76, 0x6F, 0xA9, 0xCD, 0xB8, 0x12, 0xA2, 0x96, 0xB4, 0x34, 0x67, 0x76,
    0x8E, 0x06, 0x9E, 0xFA, 0xA2, 0xCD, 0xFA, 0x80, 0x54, 0x44, 0x36, 0x59, 0xFD, 0xF7, 0xF1, 0xB3,
    0x1E, 0x5E, 0xD3, 0x1D, 0x1D, 0xD0, 0x9A, 0x75, 0xC0, 0x4E, 0x74, 0xCE, 0x5E, 0xC4, 0xC1, 0x6A,
    0x5A, 0x6A, 0x2D, 0x16, 0x63, 0xBC, 0x71, 0xCB, 0x48, 0xDC, 0xC0, 0x88, 0xDD, 0x4E, 0xA5, 0x58,
    0x41, 0x75, 0x0B, 0x3D, 0x17, 0xBF, 0xB5, 0xE2, 0xFC, 0x13, 0x75, 0xD4, 0xB4, 0x34, 0x40, 0xCB,
    0x02, 0x16, 0x78, 0x6A, 0x41, 0xB0, 0xF2, 0xF9, 0x61, 0xCD, 0x25, 0x59, 0x68, 0x01, 0x48, 0xF8,
    0xAC, 0x04, 0x2C, 0x76, 0xCC, 0x58, 0x16, 0x29, 0xF9, 0xAB, 0x28, 0x19, 0xD3, 0x2F, 0x74, 0x69,
    0xBC, 0xA2, 0x6B, 0xE5, 0xAF, 0x55, 0xC2, 0xD4, 0x21, 0xE4, 0x59, 0xE8, 0xE7, 0x46, 0x7F, 0x67,
    0xB2, 0xE9, 0xCB, 0xBA, 0xC7, 0xE6, 0x15, 0xCD, 0x54, 0xBD, 0xAC, 0x0B, 0xAA, 0x70, 0xDA, 0x7E,
    0xCE, 0x4D, 0x85, 0x45, 0x46, 0x2A, 0x15, 0x09, 0x6B, 0x23, 0x64, 0xEB, 0x47, 0x71, 0x02, 0x9B,
    0x07, 0xE5, 0x3D, 0xB2, 0xAD, 0xE4, 0x00, 0x98, 0x21, 0xC4, 0x30, 0x2E, 0x3B, 0x05, 0x3C, 0xED,
    0xE2, 0xBB, 0x05, 0xA5, 0x06, 0xD2, 0xF6, 0x75, 0x38, 0x9C, 0x6A, 0x0A, 0xE9, 0x8F, 0xE7, 0x20,
    0x2B, 0x76, 0x17, 0x6A, 0x94, 0xC2, 0xC1, 0xCF, 0xFD, 0x9B, 0xD1, 0xED, 0x9F, 0x7B, 0xD5, 0xF1,
    0x1E, 0x62, 0x22, 0xB2, 0x6D, 0x69, 0x43, 0x6D, 0x27, 0xA3, 0xED, 0x33, 0xD6, 0x7E, 0x4D, 0x22,
    0x90, 0x83, 0x5D, 0xE6, 0xD4, 0x93, 0x3E, 0x0D, 0x38, 0x4A, 0x49, 0x0E, 0xFE, 0xE2, 0xAB, 0x1D,
    0x57, 0xAA, 0xAC, 0xF0, 0x36, 0xB6, 0x55, 0xEB, 0xF4, 0x5D, 0x7F, 0x2E, 0xDE, 0x52, 0xF0, 0x21,
    0xB9, 0x2E, 0x79, 0x4B, 0x9A, 0x4B, 0xB6, 0x66, 0x1F, 0x24, 0xE7, 0xA4, 0xF8, 0xA0, 0x78, 0xAF,
    0xF8, 0x04, 0x1A, 0x06, 0xFA, 0x19, 0xED, 0x06, 0xA5, 0x9B, 0xD1, 0x6C, 0x36, 0x7A, 0x19, 0xAD,
    0x28, 0x72, 0x28, 0x3A, 0x28, 0x6A, 0x6A, 0xC7, 0x25, 0xF3, 0x62, 0x60, 0xA5, 0xE3, 0xBC, 0x12,
    0xB6, 0x16, 0x5B, 0x21, 0xE7, 0x38, 0x0D, 0xCE, 0xE6, 0x14, 0x44, 0x58, 0xAB, 0x16, 0x62, 0xD2,
    0x44, 0x3C, 0x9C, 0x32, 0xC9, 0x1B, 0xFE, 0x03, 0x72, 0x34, 0x12, 0x27, 0xEE, 0x69, 0x05, 0x1F,
    0x68, 0x10, 0x8F, 0x29, 0x0A, 0xC2, 0x47, 0xAD, 0x7F, 0xCB, 0x01, 0xA6, 0x15, 0xD8, 0x1C, 0x01,
    0x3D, 0x65, 0xCC, 0x51, 0x0D, 0x36, 0xE6, 0x30, 0xDC, 0x0E, 0x19, 0x04, 0xD8, 0x20, 0x11, 0x34,
    0x6C, 0x5C, 0x44, 0x9D, 0xBA, 0x17, 0x1A, 0xFF, 0xE3, 0xC2, 0xFE, 0xDA, 0x68, 0xE5, 0xE3, 0x30,
    0x4D, 0xB2, 0xDA, 0x60, 0x79, 0xE3, 0xFB, 0xD1, 0xFD, 0x87, 0x22, 0xE2, 0x26, 0x15, 0x83, 0x53,
    0xCE, 0x1D, 0x63, 0x33, 0x86, 0x63, 0x0F, 0xD2, 0x3A, 0xB5, 0x02, 0xAB, 0x12, 0xF1, 0x59, 0x3C,
    0x3A, 0x20, 0xE2, 0x64, 0x16, 0xC0, 0x75, 0x47, 0xF0, 0x35, 0x98, 0x3D, 0x33, 0xB4, 0xEB, 0x0D,
    0x56, 0xDA, 0x2E, 0xDF, 0x2C, 0xDA, 0x2A, 0x36, 0x14, 0x41, 0x4F, 0xCE, 0x99, 0x6A, 0x71, 0x4B,
    0x11, 0x47, 0x43, 0x68, 0x69, 0x4E, 0x8A, 0x42, 0x3A, 0x6E, 0x9F, 0x51, 0x14, 0xC7, 0x5A, 0x38,
    0xA7, 0x3B, 0x4D, 0x83, 0xCD, 0x96, 0xAB, 0x24, 0xBD, 0x29, 0x56, 0x3B, 0xAD, 0xA1, 0xB7, 0xDF,
    0x32, 0x25, 0x20, 0x21, 0xC6, 0x3F, 0x1A, 0x47, 0xA8, 0xD7, 0xF6, 0x0E, 0xEA, 0x14, 0xCD, 0xAF,
    0xAD, 0x1D, 0xA1, 0xAD, 0x0B, 0xCF, 0xFD, 0x60, 0x3F, 0x7D, 0xF7, 0x7F, 0x4C, 0x47, 0x6E, 0xA2,
    0x83, 0x77, 0x56, 0x24, 0xCF, 0xE5, 0x18, 0x4A, 0x53, 0x57, 0x66, 0xB7, 0x56, 0x47, 0x24, 0x04,
    0xA7, 0x81, 0x74, 0x5E, 0xB1, 0x9E, 0x5E, 0x6C, 0xC4, 0x3D, 0x1B, 0x32, 0xF1, 0x3E, 0x44, 0x14,
    0xA4, 0x38, 0x96, 0xEE, 0x70, 0x8B, 0x29, 0xE4, 0x4C, 0xE3, 0x20, 0xF3, 0xCB, 0x17, 0x9A, 0xE1,
    0xA6, 0x4B, 0xF4, 0xBB, 0x3B, 0x86, 0x8D, 0xFD, 0x69, 0x78, 0x72, 0x52, 0x6F, 0x0F, 0x77, 0x88,
    0xEE, 0xBF, 0xC5, 0xDE, 0x5F, 0xD1, 0xCB, 0x2D, 0x40, 0x33, 0xAF, 0x88, 0x3D, 0xE3, 0x55, 0xDC,
    0xEB, 0x87, 0x1D, 0x73, 0x85, 0x98, 0x45, 0x7C, 0x02, 0xCA, 0x8C, 0x98, 0xED, 0x1D, 0x69, 0x01,
    0x1B, 0xB3, 0xCC, 0x9C, 0x6E, 0xAD, 0x04, 0xAC, 0x0E, 0x45, 0xE8, 0x05, 0x2A, 0xDC, 0x59, 0x79,
    0xD5, 0x64, 0xC2, 0xEF, 0x6D, 0x29, 0x53, 0xD8, 0xD4, 0x2D, 0x8E, 0xD8, 0xBA, 0x5D, 0x4B, 0xB8,
    0xB9, 0x28, 0x25, 0xBC, 0x03, 0x86, 0x1E, 0xD5, 0x6D, 0x3B, 0x25, 0x29, 0x6F, 0xD3, 0xD3, 0xBF,
    0x57, 0x05, 0xAF, 0x61, 0xBF, 0x7A, 0x34, 0x4C, 0xBA, 0x3A, 0x62, 0xBC, 0xD8, 0x1A, 0x50, 0x65,
    0x4B, 0xC1, 0x24, 0xCB, 0x25, 0xA1, 0xE0, 0xE6, 0xDF, 0x57, 0x4D, 0x31, 0x6B, 0x2A, 0x86, 0x9B,
    0x17, 0x20, 0x6B, 0xAB, 0xBB, 0xFA, 0xE9, 0x84, 0x22, 0xE9, 0x63, 0x1B, 0xFC, 0x6F, 0xAF, 0xF6,
    0xF7, 0x47, 0x27, 0x5E, 0xE4, 0x6F, 0x6A, 0x3E, 0x00, 0xA3, 0xC8, 0xCD, 0x62, 0x2C, 0xB5, 0x6A,
    0x93, 0x75, 0x80, 0x7F, 0xE9, 0x0F, 0x7C, 0x36, 0x87, 0xE9, 0xA4, 0x17, 0x8C, 0x14, 0x86, 0x54,
    0x44, 0xBC, 0xD3, 0xB1, 0x5B, 0x9E, 0xAD, 0x63, 0x45, 0x58, 0x10, 0x0B, 0x09, 0x8B, 0xCD, 0x38,
    0x64, 0x56, 0xFD, 0x52, 0x29, 0xF2, 0xC1, 0x06, 0x2F, 0x3D, 0x10, 0xE1, 0x06, 0xE7, 0x65, 0xD4,
    0xE0, 0xCE, 0xA4, 0x70, 0xCC, 0x58, 0x48, 0xC2, 0xA6, 0x13, 0x98, 0x1D, 0xFA, 0x4C, 0x0D, 0x7D,
    0x94, 0x94, 0xDC, 0x9F, 0x65, 0x84, 0x5A, 0xD4, 0x28, 0x5B, 0xDF, 0xE1, 0xEE, 0x76, 0xB1, 0xEE,
    0x74, 0xDD, 0x50, 0x2F, 0x31, 0xA6, 0x8A, 0xBD, 0xDF, 0xD8, 0x8C, 0x3C, 0x32, 0x1B, 0xEC, 0x55,
    0x10, 0x1F, 0x54, 0x31, 0x65, 0x8C, 0x71, 0xCF, 0x7C, 0x34, 0x5A, 0xEE, 0xCA, 0x7E, 0xBD, 0x39,
    0x32, 0xD1, 0xBC, 0xEF, 0x7E, 0x49, 0x44, 0x14, 0xAB, 0x67, 0x99, 0xD8, 0xF3, 0x2E, 0x96, 0x1C,
    0x2F, 0x6A, 0x86, 0x50, 0x7D, 0x7B, 0xEF, 0x42, 0xB5, 0x3C, 0x9E, 0xBC, 0xE7, 0x51, 0x14, 0x7A,
    0x02, 0x95, 0x01, 0x56, 0x31, 0x56, 0x7B, 0xBF, 0x43, 0xB6, 0x09, 0x9B, 0x69, 0xB7, 0x40, 0xC5,
    0xAB, 0xAD, 0x62, 0xA4, 0x9E, 0x18, 0xEA, 0x45, 0xE0, 0x13, 0xCF, 0xAF, 0x13, 0x9A, 0x4B, 0x55,
    0x55, 0x0A, 0x65, 0x80, 0xB4, 0x1D, 0x53, 0x31, 0xE2, 0x5B, 0xC9, 0xE3, 0xA2, 0xA4, 0x4E, 0x25,
    0x7F, 0xD7, 0xB3, 0x0F, 0x22, 0x00, 0x4D, 0xFE, 0x0E, 0xCA, 0x44, 0xB0, 0xAC, 0x7E, 0xE4, 0x1A,
    0x6A, 0xC0, 0xD6, 0x7D, 0xDD, 0xA3, 0x20, 0x4A, 0xE7, 0x36, 0xEE, 0xBF, 0x88, 0xFE, 0xAF, 0x8B,
    0xDD, 0x2F, 0x58, 0xE5, 0xFB, 0xCB, 0x59, 0x92, 0xB7, 0x18, 0xD4, 0x47, 0x93, 0x7F, 0x73, 0x33,
    0x2B, 0x14, 0xA2, 0x96, 0x96, 0x1C, 0x2C, 0x7D, 0xC5, 0x32, 0xB4, 0x83, 0xED, 0x30, 0x4E, 0x97,
    0x47, 0x3F, 0x84, 0xA7, 0x40, 0xB4, 0x16, 0x46, 0xD9, 0xE9, 0xE3, 0xC0, 0xF8, 0x20, 0x4D, 0xBC,
    0x85, 0xBC, 0x62, 0x17, 0x49, 0xE0, 0x56, 0x3C, 0x42, 0x81, 0xF2, 0x5C, 0xCC, 0x16, 0xFA, 0xB8,
    0x9E, 0x97, 0x84, 0x7F, 0x8A, 0x27, 0x63, 0x21, 0x9D, 0xAF, 0x13, 0x39, 0xA5, 0xDA, 0xAF, 0x52,
    0x27, 0x2E, 0x4C, 0xD8, 0xB5, 0x8C, 0x91, 0x3E, 0xA2, 0xC2, 0x9E, 0xFD, 0x11, 0xF6, 0xC4, 0x26,
    0xCE, 0xF2, 0xA6, 0x1A, 0x90, 0x18, 0xB4, 0x0A, 0x12, 0x4F, 0xF4, 0x90, 0x8E, 0x6A, 0x61, 0x16,
    0x47, 0x52, 0x73, 0x3A, 0x76, 0x98, 0x16, 0x79, 0x98, 0x03, 0xB2, 0x91, 0x52, 0xDB, 0x2B, 0xD5,
    0x3B, 0xB2, 0xB9, 0x5E, 0x9E, 0xBE, 0x81, 0x1A, 0x09, 0x71, 0x5F, 0x58, 0x79, 0x1B, 0x2C, 0x69,
    0x87, 0xFC, 0x21, 0xE6, 0xFB, 0x60, 0x49, 0xAA, 0x96, 0xA9, 0xB3, 0x3D, 0x03, 0x53, 0x7C, 0xD2,
    0x9C, 0xC6, 0xEF, 0x94, 0x84, 0xD9, 0xAC, 0x88, 0xE6, 0xDB, 0x0F, 0x4B, 0xAA, 0x1D, 0x1E, 0x4C,
    0x6C, 0x09, 0xF6, 0x48, 0x56, 0x51, 0x4B, 0x6A, 0x84, 0xD4, 0xF9, 0xCE, 0x02, 0x6A, 0x5F, 0xB6,
    0xA4, 0xEC, 0xB7, 0x2C, 0xD5, 0xF6, 0xEE, 0x68, 0x55, 0x0B, 0xAB, 0x9C, 0xB8, 0x12, 0x69, 0x9D,
    0xFB, 0x5E, 0x6F, 0x98, 0x5C, 0xD2, 0xDB, 0x99, 0xE5, 0x85, 0x33, 0x4B, 0x15, 0x5B, 0x09, 0x45,
    0x64, 0x29, 0xB3, 0xCD, 0x92, 0x8B, 0x6C, 0xAF, 0x85, 0x4F, 0x4A, 0x4B, 0x84, 0x96, 0x2E, 0x64,
    0xF0, 0xC2, 0x0E, 0x4C, 0xBD, 0x41, 0x6A, 0xAD, 0x84, 0xA7, 0x9F, 0xAC, 0x1E, 0xFC, 0xC4, 0x47,
    0x22, 0x8D, 0x3C, 0x66, 0xEE, 0xFD, 0x47, 0x5E, 0x95, 0x8A, 0xF6, 0xEA, 0xB2, 0x1E, 0x0F, 0x76,
    0x82, 0x63, 0x91, 0x36, 0x92, 0xB9, 0xBD, 0x51, 0x24, 0xBA, 0x21, 0xB3, 0xB3, 0x71, 0xC4, 0xBA,
    0xBB, 0xC3, 0xAA, 0x19, 0x74, 0xBF, 0x30, 0x7E, 0x94, 0x22, 0xE7, 0x28, 0x9E, 0xE4, 0xC7, 0xED,
    0x2C, 0x3F, 0xEE, 0xA6, 0x0C, 0x4F, 0xCC, 0x2C, 0x65, 0x5F, 0xFD, 0x08, 0x9B, 0x76, 0x2C, 0x97,
    0xAD, 0x75, 0xEC, 0x49, 0xD8, 0x19, 0x7E, 0x9B, 0x95, 0x19, 0xDC, 0xB4, 0x20, 0x4F, 0xDA, 0x99,
    0xE2, 0xD5, 0xF3, 0x02, 0xD7, 0xEF, 0x0D, 0x4C, 0xA3, 0x0E, 0x59, 0x2F, 0xF0, 0x36, 0xDE, 0x03,
    0xDF, 0xE1, 0x11, 0x7A, 0x03, 0x62, 0x6A, 0xE7, 0x90, 0x83, 0x05, 0x96, 0x42, 0xAD, 0x3B, 0x7C,
    0x37, 0xE1, 0x7C, 0x51, 0xAE, 0x7A, 0x9D, 0xB6, 0xC3, 0x36, 0x3B, 0x7D, 0xFC, 0x5E, 0x7B, 0xF4,
    0xB6, 0xC7, 0xFD, 0x4D, 0x4C, 0x48, 0xE7, 0xE4, 0x4A, 0x7E, 0x11, 0xCB, 0xD3, 0xEC, 0xC6, 0xDF,
    0xCF, 0xFF, 0xE9, 0x7B, 0xCC, 0xD0, 0x3A, 0x44, 0xE2, 0x26, 0xD6, 0xBB, 0xA6, 0xFA, 0x14, 0xC2,
    0xDD, 0x53, 0xDE, 0x7B, 0x44, 0x28, 0x0B, 0x7D, 0x53, 0xF4, 0x5F, 0x7F, 0x17, 0x60, 0xAD, 0x1D,
    0xCB, 0x60, 0x20, 0x17, 0xB7, 0x10, 0x93, 0x03, 0xD6, 0xD1, 0xF1, 0xF9, 0x49, 0x78, 0x17, 0x68,
    0x7B, 0x0F, 0x8F, 0xF7, 0xF8, 0x9E, 0x78, 0xA4, 0x63, 0x8C, 0xF8, 0xC3, 0x0C, 0x79, 0x87, 0x70,
    0x84, 0xA7, 0xFC, 0x0D, 0x3C, 0x86, 0x45, 0xD7, 0x83, 0x27, 0xFA, 0x3F, 0xCB, 0x8A, 0xF1, 0xEE,
    0x19, 0xD6, 0xF4, 0x06, 0xC2, 0xD7, 0xBD, 0x1E, 0xA2, 0xDC, 0x92, 0xFB, 0x90, 0xDC, 0x32, 0x6A,
    0x22, 0xA3, 0x8C, 0x79, 0x9E, 0x4D, 0x85, 0x67, 0xE2, 0xFE, 0x3F, 0xED, 0x5D, 0x3D, 0x90, 0xE4,
    0xC6, 0x75, 0x6E, 0x00, 0xDA, 0x85, 0x74, 0x70, 0x15, 0x14, 0xF0, 0x68, 0xFB, 0xB6, 0x4A, 0x50,
    0xA0, 0xC0, 0x45, 0x57, 0x19, 0x31, 0x03, 0x11, 0x30, 0x19, 0x28, 0x60, 0xE0, 0x0B, 0xB4, 0x0E,
    0xC8, 0x40, 0x0A, 0x18, 0x98, 0xC7, 0x60, 0x53, 0xAB, 0x4A, 0x12, 0x60, 0x31, 0x70, 0xA8, 0x0B,
    0x4C, 0x05, 0x76, 0xC2, 0x60, 0x59, 0xC5, 0x5B, 0xBB, 0xEA, 0x12, 0x07, 0x56, 0x95, 0x4D, 0xC0,
    0x66, 0xE8, 0x40, 0xA0, 0xAB, 0x18, 0x39, 0xF0, 0xD8, 0x3E, 0xAA, 0x8A, 0x74, 0x70, 0xB0, 0x8C,
    0xB2, 0xB0, 0x2C, 0x0C, 0xDA, 0xEF, 0x7D, 0xEF, 0x75, 0x0F, 0x66, 0x76, 0xF7, 0x6E, 0x4F, 0x24,
    0x8F, 0xE4, 0x79, 0x67, 0x67, 0xF1, 0x1A, 0x33, 0x40, 0xA3, 0xFB, 0xBD, 0xD7, 0xAF, 0xDF, 0x5F,
    0xF7, 0x84, 0xB3, 0xC9, 0x6C, 0x5B, 0xD8, 0x95, 0x7B, 0x77, 0xA9, 0x2D, 0x83, 0x63, 0xA3, 0xAF,
    0xC0, 0x84, 0xB6, 0x8C, 0x6C, 0x8D, 0x77, 0x1B, 0x6E, 0xDE, 0x1D, 0xDE, 0x2B, 0x7A, 0x47, 0xFA,
    0xEE, 0x77, 0xDE, 0x31, 0xDE, 0x09, 0xDE, 0x29, 0xBF, 0x57, 0xA9, 0x6D, 0x33, 0xAA, 0xFC, 0xA6,
    0xD9, 0xBC, 0x0E, 0x56, 0x00, 0xC5, 0xB9, 0xA0, 0x3B, 0x0F, 0xB4, 0x0B, 0xB0, 0x6F, 0x6D, 0x4D,
    0xA0, 0xB1, 0x76, 0x32, 0x26, 0xB6, 0xF4, 0x2A, 0x4D, 0xCE, 0xA0, 0xA5, 0xCF, 0x9A, 0xFB, 0xB6,
    0x0B, 0xEC, 0x58, 0xBC, 0x8B, 0xF6, 0x15, 0xB5, 0xED, 0x12, 0xEA, 0x68, 0xDD, 0xB4, 0xD4, 0xC1,
    0xA2, 0xAE, 0xCA, 0xCC, 0x9A, 0xA2, 0xFE, 0x01, 0x5D, 0x6F, 0x8A, 0x92, 0x2A, 0x9C, 0x1D, 0xA8,
    0xCE, 0x05, 0xFC, 0x4C, 0xEB, 0x40, 0x03, 0x50, 0x32, 0xC8, 0x6D, 0xCD, 0x20, 0xB3, 0x1D, 0x81,
    0x32, 0xB5, 0x83, 0x35, 0x07, 0x1D, 0x37, 0xE5, 0x25, 0xDB, 0x45, 0x56, 0xDA, 0xA2, 0xA0, 0x60,
    0x20, 0xED, 0x1C, 0xB8, 0xEB, 0xF6, 0x43, 0x74, 0xC5, 0x9A, 0xB3, 0x20, 0x78, 0x38, 0x08, 0xB7,
    0x80, 0x43, 0x6A, 0xD0, 0xCC, 0x80, 0x99, 0xB5, 0xBD, 0x11, 0xD4, 0xAC, 0x71, 0x15, 0x1E, 0x4D,
    0xCF, 0xFE, 0xB8, 0x61, 0x94, 0xA5, 0x4C, 0xE6, 0x96, 0x2F, 0xAB, 0x63, 0x86, 0xD4, 0xA7, 0x08,
    0x70, 0x26, 0x48, 0xDF, 0x57, 0x6B, 0x13, 0x71, 0x45, 0xCD, 0x24, 0x35, 0x33, 0x7E, 0xCD, 0x12,
    0x8E, 0xDA, 0x14, 0xC0, 0x6B, 0x27, 0x76, 0xBE, 0x6B, 0xB9, 0x56, 0x7A, 0xCD, 0x0A, 0xA7, 0x0D,
    0xA4, 0x3A, 0x07, 0x5C, 0x1F, 0x49, 0xA3, 0x08, 0x0A, 0x85, 0x63, 0x2B, 0x44, 0x4D, 0xAC, 0x50,
    0x35, 0xF5, 0xB0, 0xD6, 0x5E, 0xC8, 0xE3, 0xA8, 0x59, 0x66, 0xAF, 0x31, 0x15, 0x10, 0x69, 0x05,
    0x91, 0x0B, 0x98, 0x2B, 0x4C, 0xED, 0x5F, 0x82, 0x15, 0x62, 0xEA, 0xF2, 0xD3, 0x27, 0xB7, 0xCD,
    0xCE, 0x2B, 0x29, 0xF9, 0xD1, 0x75, 0xD6, 0x99, 0x43, 0x93, 0xAE, 0xAA, 0x21, 0xB7, 0x43, 0x31,
    0x54, 0x33, 0xDF, 0x3A, 0xA4, 0x42, 0xA3, 0x50, 0x7B, 0x50, 0xD9, 0xBF, 0xE2, 0xAE, 0x35, 0x23,
    0x63, 0xC0, 0x50, 0xAB, 0x73, 0x06, 0x9D, 0xC9, 0xD6, 0xD4, 0xE7, 0xCE, 0xA4, 0x0C, 0x5A, 0x01,
    0x38, 0x33, 0xD4, 0xA1, 0x4C, 0xAE, 0x2C, 0x26, 0xA0, 0xAD, 0x19, 0x18, 0xF9, 0xF7, 0xA9, 0x35,
    0xC2, 0x05, 0xC4, 0x6E, 0xFC, 0x5A, 0x35, 0xF4, 0xBC, 0x89, 0xB8, 0xB2, 0x3F, 0xB0, 0x75, 0xDE,
    0xA7, 0xDC, 0xDF, 0xA4, 0x0B, 0x41, 0xC9, 0xF2, 0xFA, 0xE1, 0xE1, 0xA1, 0xA1, 0x03, 0x3A, 0xC6,
    0x5C, 0x53, 0x57, 0xDC, 0x1A, 0x2E, 0x14, 0x4C, 0x47, 0xAE, 0x26, 0xB1, 0xF4, 0xC4, 0x1C, 0x8D,
    0x23, 0x66, 0x17, 0xA2, 0xD1, 0x21, 0xA1, 0x13, 0x66, 0x42, 0x93, 0xCE, 0xC0, 0x9F, 0xB4, 0x18,
    0x88, 0x2F, 0x46, 0x30, 0x00, 0x35, 0x09, 0xC8, 0xE7, 0x7A, 0x80, 0xF5, 0xCA, 0xE2, 0x6E, 0x73,
    0xAB, 0xB1, 0xDF, 0xB1, 0x8C, 0x2D, 0x7A, 0xD8, 0x2F, 0xAC, 0x54, 0x48, 0x0D, 0xD7, 0x82, 0x95,
    0x21, 0x66, 0x94, 0x9F, 0xF8, 0xB1, 0xB8, 0xFB, 0xC6, 0x1B, 0x95, 0x7D, 0xFF, 0x16, 0x1E, 0x2A,
    0xE3, 0x4E, 0xA8, 0x6D, 0xCD, 0x86, 0x0D, 0x64, 0x74, 0x98, 0xCB, 0x16, 0x82, 0xC6, 0x7E, 0xA0,
    0x1F, 0x58, 0x79, 0x06, 0x10, 0x76, 0xA6, 0x80, 0xAF, 0x8A, 0xE9, 0x61, 0x7F, 0xD7, 0xBF, 0xBB,
    0x4B, 0xFF, 0x67, 0xDE, 0x7E, 0xF8, 0x5D, 0x74, 0xD9, 0x53, 0xC2, 0x79, 0xF7, 0x98, 0xBD, 0x1D,
    0x37, 0xD7, 0xC4, 0x82, 0x18, 0xC9, 0x6D, 0xC2, 0xC3, 0x9A, 0xC9, 0x1E, 0x53, 0x57, 0x2D, 0xC9,
    0x12, 0xC2, 0x1B, 0x8B, 0x12, 0xBA, 0x2D, 0x07, 0x3A, 0x0B, 0x8C, 0x89, 0xE2, 0x3E, 0xA3, 0xA4,
    0xF8, 0x05, 0x63, 0xAD, 0xF8, 0x73, 0xAE, 0xA6, 0xF8, 0x47, 0x6E, 0x7A, 0xD1, 0x32, 0xED, 0xF2,
    0x15, 0x09, 0x01, 0x93, 0x0D, 0x84, 0xF2, 0x9A, 0x08, 0x96, 0xB0, 0x68, 0x22, 0x59, 0x45, 0x52,
    0x73, 0x34, 0xC5, 0x40, 0xBD, 0xAC, 0x53, 0x2A, 0xD8, 0x21, 0x9E, 0xE8, 0xBB, 0x39, 0x9A, 0xB8,
    0x25, 0xEF, 0x4E, 0x8C, 0x99, 0xFF, 0x99, 0x98, 0x96, 0xBF, 0x9E, 0x40, 0xBF, 0x11, 0x43, 0x67,
    0x48, 0x7A, 0x1E, 0x58, 0x54, 0x5B, 0x40, 0x62, 0x6E, 0x64, 0xCE, 0x2C, 0xD6, 0x74, 0x11, 0xF1,
    0x4C, 0x99, 0xCC, 0x74, 0xCF, 0xC7, 0x44, 0x7B, 0xEE, 0x44, 0x0F, 0x56, 0x2C, 0x99, 0x84, 0x7C,
    0x67, 0xF0, 0xAA, 0x1F, 0x18, 0x6B, 0x6A, 0x11, 0xC9, 0x41, 0x62, 0x4B, 0xFB, 0xBC, 0x9D, 0xF4,
    0x10, 0xD8, 0x29, 0x27, 0xE6, 0xEB, 0xF7, 0xDF, 0x34, 0x37, 0xCA, 0x2D, 0x44, 0x1E, 0xD9, 0xB9,
    0xD4, 0x71, 0x6B, 0x55, 0x12, 0x54, 0xF6, 0x84, 0xF9, 0x91, 0x1B, 0x47, 0x9C, 0x04, 0x4E, 0x4B,
    0xD1, 0xBC, 0xC9, 0x89, 0x6E, 0x88, 0x2D, 0xEB, 0x84, 0x77, 0x48, 0x9F, 0x3F, 0x7D, 0x93, 0x86,
    0xA1, 0x89, 0x06, 0x96, 0x88, 0x65, 0xDC, 0x1B, 0xEA, 0x47, 0xC1, 0x63, 0x90, 0x5A, 0x0B, 0x99,
    0xD9, 0x9A, 0xC9, 0x64, 0x6D, 0x44, 0xD2, 0xBA, 0x35, 0xEF, 0x90, 0x74, 0xA6, 0x66, 0x16, 0x35,
    0x89, 0xE0, 0xC2, 0xA4, 0x93, 0xC9, 0x4B, 0x82, 0x05, 0xE3, 0xF0, 0x6B, 0x54, 0x61, 0xF9, 0x63,
    0x93, 0x83, 0x3F, 0x73, 0x2A, 0x15, 0x52, 0xAA, 0x1F, 0x5C, 0xAA, 0x18, 0xD3, 0xB8, 0xA3, 0x90,
    0xB1, 0x42, 0xB5, 0x50, 0x7D, 0xE0, 0x5B, 0xFA, 0xA4, 0x4E, 0xED, 0xBD, 0xA7, 0x3B, 0x7A, 0x5A,
    0xD6, 0xC6, 0x68, 0xCB, 0xDA, 0xA4, 0x44, 0x22, 0x2A, 0x05, 0x24, 0x60, 0x7A, 0x1E, 0x2C, 0x65,
    0x34, 0x1A, 0x7A, 0x07, 0xCD, 0x31, 0x37, 0x3D, 0x50, 0xC1, 0x4B, 0x7D, 0x6D, 0xC0, 0xD0, 0x15,
    0x1D, 0x73, 0xE6, 0xDA, 0x90, 0xBF, 0x49, 0xF8, 0x90, 0x03, 0xEF, 0xC4, 0x5A, 0xFB, 0xC2, 0xC5,
    0xB9, 0x1F, 0x28, 0xA1, 0xE3, 0x70, 0x9A, 0xD4, 0x1A, 0x99, 0x7D, 0x9F, 0x7E, 0x1B, 0x1C, 0x58,
    0x33, 0xED, 0x56, 0x26, 0x9F, 0x09, 0xA9, 0x45, 0x9F, 0x0F, 0x54, 0x27, 0x61, 0x76, 0xAF, 0x04,
    0x7A, 0xF9, 0x70, 0x44, 0x24, 0x48, 0x98, 0x0E, 0xF9, 0x7C, 0x97, 0xB8, 0x86, 0xBF, 0xAD, 0x5A,
    0x3E, 0x74, 0x84, 0xA6, 0xEA, 0xB4, 0xB1, 0x3D, 0x0F, 0xE3, 0x55, 0x66, 0xFF, 0x93, 0x70, 0x3B,
    0x97, 0x3F, 0x5F, 0x10, 0x72, 0xEF, 0xF0, 0xF0, 0x35, 0x16, 0x2D, 0x10, 0x34, 0x2A, 0x6D, 0x48,
    0xFE, 0x2C, 0x26, 0x68, 0x42, 0x73, 0xD6, 0x42, 0xCA, 0xD1, 0xE3, 0x63, 0x56, 0x02, 0x58, 0xFA,
    0x40, 0x40, 0x13, 0x57, 0x55, 0x3C, 0x5D, 0x0C, 0xC4, 0x28, 0x2C, 0x7A, 0x68, 0x9A, 0x67, 0x7E,
    0xCE, 0xE9, 0x8A, 0x8A, 0x65, 0x73, 0xCD, 0x5F, 0x13, 0x0F, 0xD2, 0x59, 0xC9, 0x22, 0x2A, 0xE7,
    0xD1, 0x42, 0x54, 0x16, 0x36, 0xE7, 0x9B, 0x78, 0x6A, 0xAA, 0x98, 0x43, 0x4B, 0xAE, 0x90, 0x27,
    0x81, 0x08, 0xC3, 0x80, 0x30, 0xD8, 0x42, 0x09, 0x20, 0xD2, 0xEE, 0x97, 0x90, 0xFA, 0xE3, 0x45,
    0x47, 0x90, 0xEB, 0x52, 0xC7, 0x1B, 0x27, 0x27, 0x6F, 0x89, 0x64, 0xDD, 0x39, 0xE4, 0x42, 0x84,
    0xBD, 0x3B, 0xA5, 0xC8, 0xB7, 0x53, 0x70, 0xF6, 0x5F, 0x43, 0x00, 0x76, 0xCC, 0x61, 0x44, 0x7B,
    0x13, 0xAC, 0x99, 0x53, 0x99, 0x35, 0x92, 0xF7, 0xEE, 0xCE, 0x65, 0x56, 0xA7, 0xAF, 0x13, 0x52,
    0x93, 0x2E, 0x37, 0xC5, 0x8B, 0x43, 0xB4, 0x7A, 0xCE, 0x14, 0x2F, 0x8C, 0x61, 0xFF, 0x6D, 0x53,
    0x3C, 0x3F, 0x06, 0xC3, 0x8F, 0xE8, 0x6C, 0x30, 0xC3, 0x0F, 0x4D, 0x71, 0xB4, 0x32, 0xE3, 0x0F,
    0x81, 0x05, 0x06, 0xA4, 0x22, 0xF0, 0x77, 0x47, 0xAD, 0x19, 0xE8, 0x86, 0x3F, 0xEA, 0x83, 0x9E,
    0x78, 0xF8, 0x85, 0x29, 0xEC, 0xF3, 0xC0, 0xFE, 0xB7, 0x7D, 0x7D, 0x95, 0xFE, 0x93, 0xED, 0xAB,
    0x17, 0xDB, 0x84, 0x39, 0x21, 0xAB, 0xF1, 0x3C, 0xD2, 0x38, 0xA8, 0x71, 0x3C, 0x5C, 0x08, 0x21,
    0xCC, 0xE3, 0x89, 0x75, 0x4A, 0x0F, 0xFA, 0x15, 0x1C, 0x2A, 0x1F, 0x81, 0x8E, 0x1D, 0x23, 0xA5,
    0x6B, 0x98, 0x4D, 0xF1, 0x99, 0x09, 0xEE, 0x60, 0x70, 0x0E, 0xCC, 0x60, 0xB3, 0xDC, 0xCB, 0x02,
    0x9B, 0x24, 0x04, 0x69, 0x6E, 0x55, 0x4F, 0x54, 0x6D, 0x56, 0xC4, 0x56, 0x4D, 0xE7, 0x0F, 0x38,
    0xE5, 0x2F, 0xAA, 0x89, 0xC8, 0xCE, 0x95, 0xB6, 0x7C, 0x47, 0x19, 0xF3, 0x0C, 0x14, 0x60, 0x1A,
    0xB8, 0xF1, 0x31, 0x3F, 0xF9, 0x3A, 0xD8, 0x44, 0x06, 0xD1, 0x65, 0x8F, 0xA0, 0xD9, 0x70, 0x31,
    0x2D, 0x1F, 0xAD, 0x36, 0xA3, 0x83, 0x79, 0x21, 0xE2, 0x4F, 0xE8, 0x75, 0x7C, 0x51, 0xFD, 0x3C,
    0xBF, 0x3A, 0xE6, 0xE6, 0xB9, 0x32, 0xE4, 0x2E, 0x31, 0x4E, 0xCA, 0x1C, 0x38, 0x99, 0x49, 0x0A,
    0x57, 0x23, 0xF1, 0x60, 0xD1, 0x93, 0x76, 0x9B, 0xF3, 0x61, 0xEF, 0x36, 0x26, 0xC9, 0x84, 0x51,
    0x0E, 0x6D, 0xA4, 0x9A, 0x78, 0x54, 0x0E, 0xAC, 0xBB, 0xB4, 0x8C, 0x78, 0x51, 0x92, 0x44, 0xA3,
    0x49, 0xED, 0x1B, 0x87, 0x37, 0x2B, 0xD7, 0xC3, 0x81, 0x71, 0x37, 0x70, 0xCD, 0xAB, 0x80, 0x27,
    0x76, 0x27, 0x3B, 0x3B, 0x16, 0xC3, 0x6B, 0x48, 0x64, 0x62, 0x0C, 0x52, 0xC7, 0x0A, 0xD2, 0x93,
    0xDB, 0x82, 0x04, 0x5D, 0x9B, 0x88, 0xF6, 0x95, 0x70, 0xAD, 0x24, 0xC3, 0xE9, 0x19, 0x3C, 0x16,
    0x2C, 0x54, 0x09, 0x68, 0x25, 0xF4, 0xED, 0xD7, 0xF1, 0xE0, 0x90, 0x05, 0x08, 0x0E, 0x91, 0xE8,
    0x71, 0xAD, 0x79, 0xDA, 0xF2, 0x38, 0xB3, 0x3C, 0xE6, 0x78, 0xD6, 0xE7, 0x6B, 0x13, 0x9E, 0xC5,
    0xE4, 0xF5, 0x2D, 0xB0, 0x12, 0x94, 0x77, 0x7E, 0x10, 0x13, 0x95, 0x1F, 0x51, 0xD1, 0x1C, 0x44,
    0x64, 0x37, 0xE6, 0x2B, 0x2C, 0x71, 0xDE, 0xC4, 0x7F, 0x8C, 0x51, 0x4A, 0x0A, 0xCD, 0xE2, 0x3F,
    0xC7, 0xB8, 0x5F, 0xFE, 0xB7, 0x8F, 0x05, 0x16, 0x28, 0xAF, 0x14, 0x12, 0x5B, 0xA2, 0x2D, 0x13,
    0xF8, 0x30, 0x67, 0x35, 0xA5, 0x99, 0x0F, 0x19, 0xC5, 0x6B, 0x42, 0x10, 0xC3, 0xA9, 0xB2, 0x6B,
    0x86, 0x24, 0xF3, 0x68, 0xF6, 0x22, 0xE4, 0x92, 0xD9, 0x91, 0xDB, 0x6B, 0xC7, 0x3C, 0x10, 0x0A,
    0xA7, 0x4D, 0x7A, 0x58, 0x2A, 0xAC, 0x15, 0xB6, 0x97, 0x83, 0x22, 0xB2, 0xCD, 0x75, 0xCF, 0x76,
    0xC1, 0x2D, 0x62, 0x3B, 0xA3, 0xEC, 0x2D, 0x43, 0x94, 0x21, 0xD4, 0xA7, 0xB5, 0x68, 0x2D, 0x34,
    0x2D, 0xF2, 0xEC, 0xFB, 0xBA, 0x7E, 0xFD, 0xBA, 0xAA, 0xCB, 0x0C, 0x33, 0x85, 0xC5, 0x27, 0x84,
    0xD9, 0x4E, 0xBD, 0xB1, 0xC2, 0x50, 0x21, 0x1B, 0x03, 0x80, 0xD9, 0x28, 0xD0, 0x94, 0x0A, 0xCD,
    0xA7, 0x0F, 0xE7, 0x1D, 0xB8, 0x16, 0xF8, 0x82, 0xA8, 0x0B, 0x8A, 0xF9, 0x0D, 0x54, 0x44, 0x4E,
    0xCB, 0xC1, 0x1C, 0xFE, 0x5C, 0x4C, 0xD3, 0xCE, 0x5B, 0xA7, 0xC4, 0x15, 0x98, 0x47, 0xCD, 0xFE,
    0x31, 0x53, 0xAF, 0x80, 0xE1, 0xCA, 0xBA, 0x37, 0x49, 0x2D, 0x66, 0x6D, 0x9A, 0x43, 0x78, 0x80,
    0xAA, 0xA9, 0x88, 0xD7, 0xDF, 0xB3, 0xA1, 0xC5, 0x86, 0x22, 0x13, 0x07, 0xFF, 0x85, 0xB5, 0x32,
    0x96, 0xD3, 0x47, 0xF8, 0xAF, 0xEC, 0x31, 0xA1, 0x77, 0x66, 0x54, 0xF3, 0x18, 0x23, 0x49, 0xF2,
    0x5D, 0xB3, 0x7F, 0x52, 0xCA, 0xE8, 0x8C, 0x78, 0xD4, 0xA5, 0x90, 0x23, 0x24, 0x3D, 0x5A, 0x12,
    0x4A, 0x24, 0x47, 0x68, 0xC6, 0x5C, 0x91, 0x44, 0xAD, 0x56, 0x34, 0x97, 0x55, 0x3D, 0x9B, 0x7F,
    0x7A, 0xBA, 0xA2, 0x11, 0xC7, 0x92, 0xB7, 0x2D, 0xC6, 0x80, 0xA7, 0xCB, 0xBB, 0x3C, 0x9D, 0x5A,
    0xD6, 0xD8, 0x78, 0xB4, 0xE7, 0xF3, 0x96, 0xAE, 0x45, 0x13, 0xB4, 0x48, 0x28, 0x88, 0x8B, 0x8C,
    0xAF, 0xA3, 0x49, 0xDB, 0x5F, 0x92, 0xD7, 0xA2, 0x70, 0xF4, 0x98, 0xE5, 0x68, 0x3C, 0xE7, 0xE8,
    0x1B, 0xE6, 0xD2, 0x98, 0xED, 0xDE, 0x01, 0x9A, 0x3F, 0x0B, 0x0F, 0x2B, 0x73, 0x72, 0xC1, 0x23,
    0x7F, 0xC5, 0x96, 0x16, 0xCF, 0xD7, 0x04, 0x62, 0x8C, 0x24, 0x9A, 0x9A, 0x57, 0x3A, 0x51, 0x07,
    0xF4, 0x8C, 0x86, 0x27, 0x76, 0x92, 0x7F, 0xA3, 0x5C, 0xD1, 0x31, 0xCF, 0x93, 0xD9, 0xCC, 0x56,
    0x0D, 0xEB, 0xC8, 0x55, 0x0B, 0xCD, 0x66, 0x8F, 0x08, 0xB1, 0x68, 0xEB, 0xD7, 0x97, 0x0D, 0x7F,
    0x4E, 0xC0, 0x53, 0x62, 0x33, 0x80, 0x20, 0x81, 0xF2, 0xC0, 0x4A, 0xE4, 0xA0, 0xA8, 0x3D, 0xAD,
    0x4C, 0x5F, 0x62, 0x15, 0x96, 0x32, 0x86, 0x44, 0xB5, 0x94, 0x21, 0x07, 0x90, 0xE2, 0xCE, 0x03,
    0x39, 0x11, 0x65, 0x0D, 0x54, 0xA1, 0xAB, 0xFB, 0xC5, 0x89, 0x6A, 0x50, 0x38, 0x09, 0xBC, 0x29,
    0xE9, 0x6B, 0xD6, 0x93, 0x58, 0x99, 0x0D, 0x27, 0xA8, 0xF9, 0xA6, 0x9E, 0xB0, 0x05, 0x77, 0xD4,
    0xEB, 0x09, 0x51, 0x11, 0xAA, 0x08, 0x4E, 0xAA, 0x95, 0xD8, 0xAE, 0x38, 0x61, 0xCB, 0xCF, 0x9D,
    0x04, 0xF0, 0x38, 0xF4, 0xC2, 0x50, 0x11, 0x18, 0xA5, 0x67, 0x6E, 0x3B, 0x65, 0xA5, 0x3A, 0xB0,
    0x0D, 0xA4, 0x94, 0x65, 0x85, 0x35, 0x9A, 0x8B, 0x5E, 0x95, 0x8E, 0x81, 0xCE, 0xE5, 0x64, 0xCD,
    0x1D, 0xC8, 0x7B, 0x37, 0x8D, 0x51, 0xCD, 0x55, 0xA7, 0x27, 0x21, 0xAB, 0x58, 0x75, 0xE1, 0x0C,
    0x66, 0x7E, 0xEB, 0x09, 0x0D, 0x01, 0x52, 0xAB, 0xF5, 0x24, 0x13, 0xDD, 0x5E, 0xBA, 0x5E, 0x8C,
    0x8B, 0x93, 0xAA, 0x17, 0x41, 0xB4, 0x52, 0xD4, 0x84, 0xEE, 0x44, 0x90, 0xAE, 0x15, 0x28, 0x6A,
    0xE4, 0x24, 0x55, 0xFD, 0x1C, 0x27, 0xD9, 0x7A, 0x71, 0x52, 0x4C, 0x0B, 0xCF, 0x4C, 0x36, 0x2C,
    0x08, 0x1D, 0xF4, 0xE6, 0x41, 0xAF, 0x25, 0x37, 0x87, 0xC3, 0x82, 0x29, 0x22, 0x91, 0x0C, 0xC2,
    0x14, 0x42, 0x6D, 0x65, 0x0A, 0x98, 0xB0, 0x8E, 0x29, 0x84, 0xDA, 0xCA, 0x14, 0x3A, 0xE9, 0xCB,
    0x89, 0x98, 0xB3, 0xCA, 0x14, 0xEA, 0x48, 0x50, 0x6A, 0xD7, 0x17, 0x51, 0x7B, 0x5E, 0x9C, 0x64,
    0xD3, 0xE2, 0xA4, 0x18, 0x16, 0x27, 0x84, 0x39, 0x28, 0x37, 0x42, 0xED, 0x2E, 0xB4, 0xE2, 0x32,
    0x61, 0x6A, 0xD3, 0x78, 0x75, 0xA4, 0x27, 0x82, 0x34, 0xEA, 0xE6, 0xA0, 0xC7, 0xCC, 0x81, 0xF3,
    0x7D, 0xD0, 0xFF, 0x14, 0xB2, 0xAC, 0x12, 0xA6, 0xC8, 0x87, 0x08, 0x93, 0x2D, 0x98, 0x82, 0x15,
    0x0B, 0x9A, 0x92, 0x84, 0x29, 0x68, 0x54, 0x34, 0x65, 0x86, 0xF9, 0xDA, 0x0A, 0xBB, 0xE6, 0x6B,
    0x30, 0x85, 0x0E, 0x04, 0x69, 0x5F, 0x8C, 0x36, 0xAB, 0xF5, 0x9D, 0x8A, 0x51, 0x2F, 0x9D, 0x85,
    0x35, 0x91, 0xB9, 0x49, 0x8C, 0x2F, 0xA8, 0xD6, 0xC6, 0x0F, 0xB1, 0x50, 0x6F, 0x09, 0x44, 0x7F,
    0x69, 0x95, 0x8F, 0xEA, 0xCD, 0xFC, 0x05, 0xA4, 0xDB, 0xF9, 0xE4, 0xA4, 0xD6, 0x81, 0x10, 0x89,
    0x9F, 0x4A, 0x90, 0xEE, 0x4F, 0x48, 0x45, 0x10, 0xDE, 0xA9, 0x5D, 0x3B, 0xD4, 0x6A, 0x09, 0xEC,
    0x42, 0xCE, 0xB2, 0xCA, 0xBE, 0x79, 0xA5, 0x4B, 0xB2, 0x07, 0x67, 0x98, 0xE2, 0x2B, 0xCB, 0x93,
    0x1C, 0xD7, 0xEE, 0x8B, 0xF6, 0x0D, 0x06, 0x0B, 0xC4, 0x41, 0x26, 0x14, 0x4E, 0xD4, 0x44, 0x02,
    0xEB, 0xE6, 0x62, 0xC0, 0x0A, 0x07, 0x17, 0xA7, 0x19, 0xB7, 0x49, 0xB0, 0x55, 0x74, 0xAA, 0xA8,
    0x89, 0x58, 0x44, 0x47, 0x45, 0x6C, 0x84, 0xC4, 0x03, 0xA5, 0x33, 0x03, 0x8C, 0x58, 0x78, 0x2A,
    0x36, 0x82, 0x66, 0xDC, 0x88, 0x8D, 0x23, 0x86, 0x4E, 0x6C, 0x34, 0x76, 0xDA, 0x88, 0x0D, 0xB6,
    0xF5, 0x84, 0x91, 0x88, 0x73, 0x9F, 0xFD, 0x9E, 0x78, 0x7E, 0xCC, 0x81, 0xA3, 0x45, 0x36, 0x2A,
    0xB1, 0x58, 0x1F, 0x63, 0x3A, 0x58, 0xF7, 0x0D, 0xC4, 0xC6, 0xA4, 0x0E, 0x2E, 0x78, 0x69, 0xC4,
    0x70, 0xAF, 0x43, 0xAA, 0x30, 0xA3, 0x93, 0x67, 0x88, 0x83, 0x44, 0x6C, 0xDC, 0x9F, 0x98, 0xF4,
    0x13, 0x8B, 0x0D, 0x63, 0x7F, 0x8A, 0x13, 0xB8, 0x94, 0x22, 0xCB, 0xC6, 0x2E, 0x1C, 0x08, 0x03,
    0x0D, 0x7B, 0x3A, 0x09, 0x18, 0x53, 0x54, 0x73, 0x36, 0xA4, 0x93, 0x17, 0x1B, 0x64, 0xF6, 0x4D,
    0x1B, 0xB1, 0xD1, 0xEA, 0x09, 0xD5, 0x1C, 0x5A, 0xA3, 0x27, 0xE9, 0x2C, 0x34, 0x1D, 0x55, 0x6C,
    0x44, 0x4B, 0xFB, 0x29, 0xF4, 0x27, 0x0D, 0x54, 0x4E, 0x3D, 0x11, 0x0A, 0x4B, 0x05, 0x2A, 0x36,
    0xE4, 0x24, 0x16, 0xD4, 0xC8, 0x89, 0x8A, 0x0D, 0x39, 0x51, 0xB1, 0x01, 0xF3, 0x54, 0xCC, 0x7F,
    0xFF, 0x5A, 0x8A, 0x8D, 0xE5, 0x6C, 0x71, 0x30, 0x02, 0x2B, 0xE0, 0xAC, 0x72, 0xFB, 0xE0, 0x98,
    0x7A, 0xFF, 0xE6, 0x59, 0x0E, 0x0A, 0x27, 0x27, 0x46, 0x22, 0xEB, 0x0E, 0xB9, 0xE8, 0x3D, 0xA5,
    0xD8, 0xE7, 0x7E, 0xE2, 0xCC, 0xB9, 0x3F, 0x85, 0xD8, 0x9B, 0xA5, 0x32, 0x56, 0xC3, 0x64, 0xAF,
    0x3A, 0x91, 0xEE, 0x3A, 0x80, 0x8A, 0x51, 0xBD, 0x8E, 0xDF, 0x4C, 0xED, 0x07, 0x2F, 0x0F, 0xAC,
    0x41, 0x4D, 0x21, 0x9C, 0x98, 0x18, 0xEA, 0x39, 0xBC, 0x8B, 0xC0, 0x4D, 0xC5, 0xA8, 0x09, 0x76,
    0x7C, 0x4C, 0x7F, 0xE7, 0x59, 0xDE, 0x29, 0x34, 0x7E, 0xB0, 0x1A, 0xE5, 0x04, 0x29, 0x39, 0xBD,
    0x27, 0xF0, 0x56, 0x3F, 0x55, 0xE8, 0xBE, 0xDE, 0xF7, 0x25, 0xE1, 0xB1, 0x73, 0x66, 0xD7, 0x33,
    0xAF, 0x3F, 0x71, 0x05, 0x45, 0x3F, 0x58, 0xD8, 0x95, 0xAC, 0x2B, 0x85, 0xD6, 0x39, 0xDD, 0x22,
    0xAB, 0x8C, 0xCE, 0xDD, 0xE9, 0x9C, 0xEC, 0x73, 0x8D, 0xC9, 0xBC, 0xB7, 0x2F, 0xD7, 0xA1, 0x48,
    0xA8, 0xF9, 0xB5, 0x6B, 0x56, 0xF3, 0x2B, 0xEF, 0x06, 0x7E, 0x4F, 0xDD, 0x17, 0x34, 0x6C, 0xF4,
    0x21, 0x34, 0xF0, 0xC4, 0x11, 0xC4, 0xA3, 0xA7, 0x92, 0xC7, 0x25, 0xD6, 0xE9, 0xCE, 0xE9, 0x0C,
    0xAD, 0x5E, 0xDA, 0x99, 0xE9, 0xA4, 0x35, 0xC9, 0x74, 0x4A, 0x28, 0x60, 0x47, 0x06, 0x1E, 0x67,
    0x3F, 0x3E, 0xB9, 0x2B, 0x0F, 0xB1, 0xCE, 0x87, 0x0C, 0x0E, 0xB5, 0x42, 0x6D, 0xEB, 0xDD, 0xD9,
    0x1B, 0xE7, 0xE3, 0x1B, 0x87, 0x87, 0x76, 0x63, 0xA5, 0xC1, 0x38, 0x9B, 0x31, 0x59, 0x74, 0x3A,
    0x7B, 0x61, 0x9A, 0x66, 0x5B, 0x8D, 0x2E, 0xE1, 0xB9, 0x7D, 0x8D, 0xD2, 0x5A, 0x3A, 0xBB, 0xCF,
    0x36, 0x43, 0x63, 0xAD, 0x4C, 0xA0, 0x52, 0xCA, 0xB4, 0x34, 0x48, 0x69, 0x07, 0xE3, 0xB1, 0x97,
    0x77, 0xF9, 0xCA, 0x53, 0xDD, 0x5D, 0x94, 0xF8, 0x52, 0xE5, 0x4A, 0xA1, 0xC7, 0x6E, 0xE2, 0xA9,
    0x90, 0x3A, 0xE4, 0x9A, 0xE4, 0xF4, 0x62, 0x69, 0x79, 0x45, 0xE9, 0xCF, 0x95, 0xD2, 0xCD, 0x86,
    0xBC, 0x8B, 0x01, 0x6C, 0x3C, 0x26, 0x15, 0xBB, 0xC5, 0xC7, 0xEE, 0x46, 0xAA, 0xCA, 0x89, 0xDF,
    0xD6, 0x49, 0x43, 0xAB, 0xF3, 0x38, 0x0B, 0xC9, 0x50, 0xBE, 0x0D, 0x6E, 0x43, 0xF3, 0xBC, 0xA2,
    0xF4, 0x17, 0x85, 0xD2, 0xD5, 0x2A, 0xEC, 0x14, 0xA5, 0x53, 0x34, 0x3A, 0x44, 0xEA, 0x14, 0x96,
    0x68, 0x93, 0xC5, 0xBC, 0x96, 0x6F, 0x93, 0xA1, 0x70, 0x81, 0xAD, 0x3E, 0x71, 0x78, 0xFE, 0x7E,
    0xF0, 0x8E, 0xB9, 0xDC, 0xEB, 0x8A, 0xBE, 0x8F, 0x95, 0xBE, 0x34, 0x00, 0xB3, 0x51, 0x51, 0x55,
    0x57, 0x2E, 0x3E, 0xE5, 0x70, 0x50, 0xF8, 0xD2, 0xE6, 0x33, 0xBE, 0x4E, 0x48, 0x13, 0x9F, 0x9A,
    0xEC, 0xDE, 0x15, 0x55, 0xBF, 0x88, 0xA3, 0x36, 0xF0, 0x3E, 0xCE, 0xD4, 0x3A, 0x8C, 0x17, 0x5E,
    0xC1, 0xAA, 0x5A, 0x87, 0x5D, 0xEB, 0x52, 0x07, 0xCE, 0x2F, 0xD5, 0xAE, 0xD4, 0x7C, 0xE0, 0xEE,
    0x2D, 0x14, 0xA5, 0x5C, 0xF3, 0xE8, 0x9E, 0xD6, 0xD4, 0x57, 0x34, 0xFF, 0x9C, 0x68, 0x1E, 0x9E,
    0xC8, 0xEB, 0x78, 0xD3, 0x0A, 0xD0, 0x65, 0x59, 0x0E, 0x17, 0x65, 0xF6, 0x0D, 0xB8, 0xF6, 0xE3,
    0xA2, 0xF7, 0x5F, 0x6A, 0xD4, 0x5E, 0x61, 0xD4, 0x88, 0x67, 0x21, 0x9B, 0xD9, 0x2B, 0x26, 0x82,
    0xA1, 0x98, 0xB8, 0x9C, 0x02, 0x07, 0xD5, 0x80, 0xB2, 0x84, 0xCC, 0x7B, 0x2E, 0x07, 0x42, 0xC3,
    0xAE, 0xD8, 0x50, 0xB1, 0x2D, 0x36, 0x9A, 0x5C, 0xE9, 0xCB, 0x99, 0xF5, 0x2E, 0x65, 0xEE, 0x7B,
    0xE1, 0x82, 0x7C, 0xD5, 0xE8, 0x52, 0x40, 0x24, 0x51, 0x40, 0x3F, 0x0F, 0xE1, 0xDE, 0x96, 0x3C,
    0x8D, 0x48, 0xD3, 0x44, 0xC4, 0x66, 0xFC, 0xE8, 0xA4, 0xF1, 0x89, 0x10, 0x3E, 0x10, 0xBF, 0x0C,
    0xCA, 0x6B, 0x46, 0x44, 0x6D, 0x3C, 0xAD, 0xB8, 0x3C, 0xA2, 0x4A, 0xB4, 0x21, 0x9C, 0x5D, 0x8A,
    0x40, 0xCD, 0xF6, 0x11, 0xC2, 0x18, 0x5C, 0x8E, 0xAD, 0x50, 0x0A, 0x7D, 0xB4, 0xE2, 0x11, 0xA0,
    0x72, 0x70, 0x64, 0x4D, 0xB3, 0x46, 0x28, 0x9E, 0x1B, 0x97, 0x38, 0x3A, 0x88, 0xE7, 0x73, 0x0D,
    0xBB, 0x90, 0x60, 0xA1, 0x06, 0x11, 0x37, 0x74, 0x51, 0x66, 0x1C, 0xEE, 0x81, 0x3A, 0x20, 0xC3,
    0x3D, 0xB5, 0xD7, 0xE1, 0x37, 0x39, 0xC7, 0x31, 0x6E, 0x79, 0x90, 0xDC, 0xE3, 0x76, 0x04, 0x16,
    0x11, 0x40, 0xB1, 0x90, 0x12, 0x2B, 0x6C, 0x98, 0x58, 0x61, 0xCC, 0x58, 0x99, 0x36, 0x9A, 0x84,
    0x8D, 0x83, 0x9B, 0xDE, 0x11, 0xAF, 0x0C, 0x6E, 0x9A, 0x1D, 0xE8, 0x46, 0xFF, 0x06, 0xD6, 0x17,
    0x40, 0x67, 0xEC, 0xB7, 0xCB, 0xD4, 0x06, 0xAF, 0xB3, 0x17, 0x3A, 0xEC, 0x0B, 0x15, 0x2C, 0x99,
    0xDE, 0x98, 0xB2, 0x2B, 0xC7, 0x1C, 0xB4, 0x3A, 0x00, 0x5A, 0x65, 0xBA, 0x56, 0xF1, 0x50, 0x2B,
    0xCE, 0xCC, 0xC6, 0xAA, 0xCE, 0x11, 0x00, 0xE0, 0x64, 0x8B, 0x9D, 0xB4, 0x94, 0xFD, 0xE3, 0xED,
    0x98, 0x44, 0xE3, 0xBB, 0xE6, 0x54, 0x11, 0x15, 0x0F, 0x0A, 0x83, 0xA5, 0x23, 0xC7, 0x79, 0x33,
    0x36, 0x09, 0x39, 0xA6, 0xB9, 0x7D, 0xEE, 0xA4, 0xF4, 0x6D, 0x27, 0x95, 0x6A, 0xA7, 0xA2, 0x6A,
    0x6D, 0x4E, 0x80, 0x68, 0xB5, 0x4E, 0xDE, 0xE4, 0xDA, 0xE3, 0xD0, 0x09, 0xAF, 0xFD, 0xF9, 0x3C,
    0xD7, 0x8D, 0x39, 0x27, 0xFA, 0x76, 0x72, 0x52, 0x6B, 0x5E, 0x4E, 0xBB, 0x0B, 0x13, 0x87, 0xA7,
    0xDC, 0x7E, 0x70, 0xF8, 0x9A, 0x46, 0x78, 0x02, 0x85, 0x66, 0x17, 0x36, 0xA5, 0xC0, 0x1F, 0x18,
    0x27, 0xB5, 0x1E, 0x00, 0x25, 0x2F, 0x24, 0x57, 0x17, 0xE7, 0xD6, 0x79, 0xAB, 0xB0, 0xBE, 0x4C,
    0x3D, 0x04, 0xFF, 0x40, 0x9F, 0x5B, 0xB8, 0x76, 0x74, 0xDA, 0xAE, 0x4E, 0xDB, 0x2B, 0xF0, 0xB7,
    0x11, 0xE7, 0xDE, 0xEA, 0xD7, 0x4E, 0x7F, 0x1D, 0x1E, 0xB6, 0x1C, 0xFA, 0xAA, 0x62, 0x9A, 0xCC,
    0xA5, 0xD3, 0x8C, 0x5B, 0xCE, 0x81, 0x5C, 0xA1, 0x12, 0x22, 0xD2, 0xE9, 0x21, 0xB6, 0x62, 0x1F,
    0xAA, 0xD3, 0xD4, 0x04, 0xA5, 0xB9, 0xA2, 0xC3, 0x27, 0xA1, 0x83, 0xF3, 0xF7, 0x36, 0xF3, 0xD6,
    0xD4, 0x1C, 0xEB, 0x24, 0x9C, 0xCD, 0x32, 0xA0, 0xAA, 0x91, 0xC3, 0xB0, 0x9C, 0x58, 0x93, 0xC8,
    0x8C, 0x57, 0xC3, 0x27, 0xC8, 0xB6, 0x1C, 0x6E, 0xA4, 0xD1, 0xFB, 0xCD, 0x2B, 0x3A, 0xFC, 0xC6,
    0x74, 0x08, 0x2D, 0x27, 0xF5, 0xB0, 0xAC, 0xEF, 0x72, 0xC9, 0x1C, 0x5B, 0x15, 0xE2, 0x6B, 0xDF,
    0x86, 0x09, 0xA7, 0x33, 0x48, 0x26, 0x4D, 0x32, 0x3E, 0x5C, 0x05, 0xBF, 0xC2, 0xFB, 0x03, 0xF0,
    0x0E, 0x01, 0x14, 0x8F, 0xA2, 0xB3, 0x00, 0xC5, 0xAA, 0x39, 0xC3, 0x2D, 0x25, 0x5E, 0xAA, 0x0C,
    0xF3, 0xC3, 0xD1, 0x6A, 0x37, 0x80, 0xE3, 0xB1, 0xFB, 0x66, 0x21, 0x31, 0x76, 0x3D, 0x74, 0x09,
    0x66, 0xC4, 0x5C, 0xFA, 0xFA, 0xF9, 0x1C, 0x2A, 0x8E, 0xB9, 0x6D, 0xB5, 0x4A, 0x0E, 0xAE, 0xD9,
    0xDF, 0x70, 0xF1, 0xE6, 0xD8, 0xE5, 0x4C, 0x62, 0xD6, 0x4B, 0x18, 0x2F, 0x98, 0xE0, 0x0B, 0x9E,
    0xA1, 0x8B, 0x7B, 0xE7, 0xCF, 0x71, 0x5F, 0xCA, 0x4E, 0x87, 0x32, 0x76, 0x40, 0xD0, 0x49, 0xE3,
    0x66, 0xF6, 0x3E, 0x27, 0x80, 0xFC, 0xC4, 0xAE, 0xC8, 0x18, 0x68, 0x06, 0x52, 0x4F, 0xF3, 0xB1,
    0x58, 0x99, 0xA4, 0xDF, 0x2F, 0x4D, 0xF8, 0x24, 0x74, 0x3A, 0xE3, 0xC4, 0xB7, 0x6A, 0x0E, 0xED,
    0x60, 0x2D, 0x4D, 0xAA, 0xFE, 0x30, 0x56, 0x6B, 0xFA, 0x8C, 0x8C, 0xF8, 0xAA, 0xBE, 0x48, 0x64,
    0x7C, 0xB9, 0xBA, 0x2A, 0x89, 0x4C, 0x4F, 0xB3, 0xCA, 0x79, 0xEA, 0xAD, 0x82, 0xD1, 0x15, 0x10,
    0xE9, 0xC7, 0x6B, 0xE0, 0x0A, 0x3E, 0x12, 0xFB, 0x82, 0xEA, 0x64, 0xD5, 0x5E, 0x04, 0x4B, 0x62,
    0xBD, 0xE4, 0xD3, 0x04, 0x1F, 0x28, 0xBE, 0xFA, 0xF0, 0x51, 0x0A, 0x29, 0xA2, 0x1E, 0x9D, 0x41,
    0xE8, 0x0A, 0x85, 0xD8, 0xAE, 0x55, 0x21, 0xB7, 0xB3, 0x2F, 0x5C, 0x3F, 0xB2, 0xEF, 0x1F, 0x12,
    0xBF, 0xCD, 0xA2, 0xF8, 0x9E, 0x5B, 0x38, 0xAC, 0x48, 0xDA, 0x72, 0x41, 0xEE, 0x0A, 0x37, 0xF5,
    0x4C, 0x3B, 0x85, 0x78, 0xF3, 0x74, 0x6D, 0x4F, 0xE6, 0x0A, 0x85, 0x97, 0xCE, 0x6C, 0xC1, 0x51,
    0x81, 0x13, 0x69, 0xB5, 0x5F, 0x93, 0xB3, 0x87, 0x34, 0xF0, 0xBD, 0x41, 0xC2, 0xB8, 0xB0, 0x9A,
    0x0A, 0xEB, 0x74, 0xF1, 0x73, 0x5F, 0x5B, 0x4E, 0xC0, 0xE1, 0x91, 0x9C, 0x80, 0x71, 0x9F, 0x3A,
    0x6D, 0xFD, 0xCD, 0x4B, 0x3B, 0x01, 0x1D, 0xF7, 0x91, 0x60, 0x22, 0x16, 0x7C, 0xBB, 0xC2, 0x3C,
    0xC1, 0x8F, 0x69, 0x40, 0x66, 0x49, 0x69, 0xE2, 0x47, 0xF1, 0x03, 0x13, 0x3C, 0xFE, 0x40, 0xE3,
    0x5B, 0xAA, 0x3D, 0x22, 0xD3, 0xCB, 0x95, 0x3A, 0x5F, 0xEA, 0x7D, 0x69, 0xF4, 0xA5, 0xB5, 0x2F,
    0x59, 0x2D, 0x21, 0xAB, 0x19, 0xA5, 0x89, 0x6F, 0x96, 0x12, 0xB3, 0x81, 0x94, 0x58, 0x1D, 0x95,
    0x52, 0x4A, 0x74, 0x93, 0x12, 0x47, 0xAF, 0xA4, 0xC4, 0x02, 0x54, 0x4A, 0x86, 0x33, 0xDB, 0x47,
    0x35, 0x77, 0x07, 0x2D, 0x91, 0xD0, 0xD1, 0x52, 0x62, 0x67, 0x2D, 0x45, 0x4A, 0x0D, 0xA4, 0x34,
    0x6B, 0xC9, 0x34, 0xBE, 0x54, 0xF8, 0x52, 0xE6, 0x4B, 0x89, 0x2F, 0x45, 0x5C, 0x0A, 0x9A, 0x19,
    0x91, 0x41, 0x58, 0xA6, 0x93, 0xE4, 0x41, 0x36, 0xB0, 0xA4, 0x0B, 0x29, 0xAD, 0xC5, 0x5F, 0x23,
    0xA5, 0xD8, 0x7B, 0x6E, 0xC2, 0x0F, 0xCD, 0x79, 0x7A, 0xB8, 0x89, 0x27, 0xEF, 0xE4, 0x29, 0x5D,
    0x61, 0xB5, 0xE3, 0x50, 0xF2, 0x11, 0x9B, 0x60, 0xE1, 0xA4, 0x71, 0x33, 0xCB, 0x51, 0x7F, 0x5E,
    0xAE, 0xC3, 0xD6, 0x6B, 0xEF, 0xE4, 0x2F, 0xDC, 0xED, 0xDB, 0x89, 0xBF, 0x81, 0x2A, 0x22, 0xCA,
    0xB0, 0x83, 0xAA, 0x08, 0xD2, 0xAF, 0x7B, 0xDC, 0x07, 0x31, 0x8E, 0xB9, 0x01, 0x11, 0xB7, 0x26,
    0xC4, 0x34, 0x3F, 0xC0, 0x42, 0x58, 0x89, 0xE3, 0x86, 0xA8, 0x25, 0xBE, 0x9C, 0x82, 0x53, 0x0E,
    0x5B, 0xB4, 0x6D, 0x94, 0x42, 0xCA, 0x99, 0x8F, 0x52, 0x98, 0xC4, 0x38, 0xF6, 0x85, 0x84, 0xC5,
    0xE2, 0x65, 0x0A, 0x58, 0xA1, 0x60, 0x47, 0x57, 0x18, 0x1A, 0xAD, 0xB0, 0x17, 0x6B, 0x99, 0x0A,
    0x15, 0x9E, 0x9E, 0xB1, 0xAE, 0xD6, 0x8B, 0x27, 0x35, 0x77, 0x71, 0xEE, 0x14, 0xBD, 0xB4, 0x56,
    0x30, 0xC8, 0x12, 0x23, 0x12, 0x8F, 0x8E, 0xD0, 0xFF, 0x3E, 0xD8, 0xB4, 0x72, 0x48, 0xC8, 0xB6,
    0x7C, 0x4C, 0x83, 0x04, 0xE5, 0x35, 0xD7, 0x3C, 0xB8, 0x3B, 0x9F, 0x1D, 0xB4, 0xDF, 0xF0, 0x3E,
    0xB6, 0xD2, 0xB9, 0xD3, 0x5A, 0xE7, 0x39, 0x6B, 0xB7, 0x2D, 0x5B, 0x4F, 0x42, 0x67, 0xDA, 0x8A,
    0x6F, 0x0A, 0x85, 0x7B, 0x0F, 0xB7, 0x6D, 0xAF, 0x28, 0xF8, 0x59, 0x50, 0x30, 0x74, 0x6E, 0xB2,
    0x78, 0x33, 0xAC, 0x26, 0xEF, 0xC2, 0x55, 0xD2, 0xFE, 0x97, 0x50, 0x10, 0x4A, 0x8B, 0xC6, 0xD2,
    0x9A, 0x41, 0x7D, 0x6B, 0xF9, 0xA8, 0x49, 0x23, 0x09, 0x06, 0x21, 0x29, 0x31, 0x17, 0x5A, 0xC6,
    0x57, 0x14, 0xFC, 0x0C, 0x28, 0x18, 0xD8, 0x1A, 0xAB, 0xAA, 0x38, 0xE0, 0x9D, 0x76, 0x4A, 0x40,
    0x59, 0x89, 0xE1, 0x55, 0xB2, 0xC2, 0x67, 0xA7, 0x75, 0x3A, 0x18, 0xB3, 0x56, 0x53, 0x6F, 0xC3,
    0x7A, 0xFF, 0xE1, 0xE6, 0xDC, 0x15, 0xE1, 0x3E, 0x03, 0xC2, 0xB1, 0x9A, 0x2C, 0x59, 0x82, 0x73,
    0xA0, 0x4E, 0x7F, 0x1B, 0x39, 0x9F, 0xFF, 0x6E, 0xA1, 0x5A, 0xEB, 0x35, 0xAC, 0x3E, 0xDF, 0xBE,
    0xA2, 0xD7, 0xE3, 0xA5, 0x57, 0x44, 0x17, 0xF7, 0x1C, 0x89, 0x60, 0x0F, 0x38, 0x47, 0x6B, 0x38,
    0x55, 0x2A, 0xE7, 0x4C, 0xC4, 0xB6, 0xE1, 0x25, 0x1D, 0xFF, 0x61, 0x47, 0xB7, 0x7C, 0xA8, 0x51,
    0xEF, 0xC2, 0x2C, 0xDD, 0xF0, 0x47, 0xF9, 0xA4, 0x51, 0x03, 0x9F, 0xAE, 0x4C, 0xEC, 0xAF, 0xA0,
    0x40, 0xB5, 0xF4, 0x85, 0x2C, 0xD6, 0x41, 0xCD, 0xA5, 0x3C, 0x45, 0x9E, 0xB8, 0x79, 0xBD, 0x74,
    0x47, 0x8D, 0x43, 0xE4, 0x1F, 0x27, 0xAD, 0x3A, 0xB6, 0x57, 0x79, 0xAF, 0xDD, 0x98, 0x38, 0xC1,
    0xB7, 0x71, 0x5E, 0x06, 0x75, 0x87, 0xC3, 0xA5, 0x30, 0xF3, 0x82, 0xC5, 0x81, 0x2F, 0x1B, 0x74,
    0xC9, 0x4A, 0x21, 0xF6, 0xC5, 0x24, 0x0B, 0x18, 0x4D, 0xAA, 0xB9, 0xC9, 0x22, 0xF1, 0x03, 0x45,
    0xA1, 0xC6, 0x02, 0x90, 0xC0, 0x85, 0x52, 0x4A, 0x8A, 0x6A, 0x1D, 0xC3, 0x8A, 0x1D, 0xC0, 0x15,
    0xAC, 0x11, 0x77, 0x5A, 0x8A, 0x48, 0x21, 0xE5, 0x0C, 0xE6, 0x91, 0xF3, 0xF2, 0xB4, 0x54, 0x0C,
    0xAE, 0xC4, 0x6A, 0x2D, 0x4A, 0xEC, 0xBA, 0x43, 0x69, 0xE2, 0xF4, 0x3D, 0xAC, 0x0D, 0x98, 0x0A,
    0x34, 0xAB, 0x64, 0xE2, 0xC3, 0xA8, 0xE0, 0x65, 0x2E, 0x9A, 0x79, 0x86, 0x05, 0x2F, 0x68, 0x11,
    0xC8, 0x88, 0x16, 0x85, 0x56, 0xEC, 0x93, 0x09, 0x2C, 0x29, 0x06, 0x8A, 0x2C, 0xD0, 0x28, 0x24,
    0xE4, 0x62, 0xCB, 0xC0, 0x69, 0xF0, 0x33, 0x33, 0xB4, 0x0B, 0x4E, 0x69, 0x17, 0x84, 0x4C, 0x45,
    0x9F, 0xBB, 0xC0, 0x19, 0x62, 0x07, 0x4C, 0xFC, 0xD8, 0x98, 0x1B, 0xF6, 0xC3, 0x07, 0x0C, 0xAB,
    0x74, 0xE3, 0xBB, 0xF4, 0x69, 0x97, 0xD5, 0xB4, 0x09, 0x37, 0x96, 0xBB, 0x09, 0x47, 0x3E, 0x6C,
    0x61, 0xC4, 0xC9, 0x61, 0xB6, 0x62, 0x24, 0x1C, 0xE4, 0x29, 0x2F, 0x9B, 0x73, 0xE4, 0x0C, 0xE4,
    0x80, 0x4D, 0x14, 0x08, 0xF6, 0x50, 0xE3, 0x40, 0xBC, 0x98, 0x4B, 0xA2, 0x40, 0xC8, 0x93, 0xB5,
    0x83, 0x18, 0xCD, 0x58, 0x21, 0x08, 0x3B, 0x0D, 0x49, 0x33, 0x5F, 0x92, 0xD2, 0x68, 0x9C, 0x69,
    0x8A, 0xD2, 0x4A, 0x4B, 0x50, 0xF5, 0x23, 0xE1, 0xE2, 0xDE, 0xB8, 0x44, 0xF0, 0x51, 0xB3, 0xBC,
    0x60, 0x24, 0x40, 0x26, 0x11, 0xC3, 0xDC, 0x0E, 0x20, 0x31, 0x22, 0x1F, 0x8B, 0x33, 0x3E, 0x5A,
    0x2A, 0x23, 0x7F, 0xF2, 0xD1, 0xBC, 0x95, 0x93, 0x91, 0xB3, 0x5B, 0xF6, 0x37, 0x9F, 0x97, 0x0D,
    0xF4, 0xB7, 0x66, 0xD7, 0x4E, 0x91, 0xC8, 0xEA, 0x32, 0x7C, 0x83, 0x81, 0xE6, 0x89, 0x3E, 0xF9,
    0xB8, 0x73, 0xEF, 0x2F, 0x73, 0x94, 0xDE, 0x2C, 0x2E, 0xB8, 0x69, 0xAE, 0x68, 0xFE, 0xC5, 0xA4,
    0x79, 0xEA, 0x73, 0x08, 0x8A, 0xC5, 0xA8, 0xED, 0x7C, 0x0E, 0xC1, 0xE8, 0x54, 0x66, 0x97, 0xED,
    0x9D, 0xAD, 0x9D, 0xE9, 0x5A, 0x0D, 0xB2, 0xA4, 0x1B, 0x61, 0x43, 0x29, 0xF1, 0x02, 0x85, 0x42,
    0x86, 0xFC, 0xEF, 0x3D, 0x38, 0x7A, 0x77, 0x45, 0xF3, 0xCF, 0x8D, 0xE6, 0x4D, 0x17, 0xBA, 0xAC,
    0x8D, 0x3E, 0x75, 0xE6, 0xCE, 0x90, 0xB9, 0xD8, 0xDF, 0xA8, 0xA5, 0xCD, 0x67, 0x9B, 0xEB, 0x4C,
    0x53, 0x87, 0xF3, 0xA3, 0xB9, 0x9A, 0xAE, 0xE8, 0xFB, 0xD8, 0xC7, 0x74, 0x66, 0x76, 0x02, 0xF0,
    0x0B, 0x47, 0x85, 0x0B, 0xF0, 0x9F, 0x75, 0x54, 0xCC, 0x4E, 0x0C, 0xA8, 0x71, 0x9C, 0x5F, 0xC2,
    0x51, 0xB1, 0xA1, 0x72, 0x7D, 0xED, 0xE4, 0xE4, 0x4E, 0xA1, 0x4B, 0x81, 0xD7, 0x95, 0x06, 0x84,
    0x40, 0x62, 0x5E, 0x03, 0x3C, 0x26, 0xE2, 0x4D, 0xA3, 0xA7, 0x41, 0xBA, 0x54, 0x08, 0x81, 0xE8,
    0xEA, 0x05, 0x56, 0xD7, 0x90, 0xCD, 0x9C, 0x60, 0x03, 0x8B, 0x15, 0xA3, 0x62, 0x6D, 0x74, 0xE5,
    0xA9, 0x55, 0x57, 0x19, 0x36, 0xB5, 0x10, 0x8C, 0xB4, 0xB2, 0x3E, 0x28, 0xE7, 0xF5, 0xB3, 0x62,
    0xA3, 0xF7, 0x32, 0xFB, 0xC4, 0x76, 0x70, 0x1C, 0x3B, 0xFB, 0x1C, 0x03, 0x9F, 0xEB, 0x30, 0xEF,
    0xCC, 0x59, 0x99, 0xF5, 0xCB, 0x70, 0xFA, 0x4F, 0xB7, 0xE0, 0xB6, 0x2C, 0x88, 0x1D, 0xED, 0xF2,
    0x33, 0x05, 0xCD, 0xBB, 0xC1, 0x00, 0x59, 0xD8, 0xAF, 0xCE, 0x7C, 0x2D, 0x94, 0xC2, 0x81, 0x4B,
    0xD1, 0xC8, 0xCF, 0x40, 0x6B, 0x8F, 0xCD, 0x32, 0xC8, 0xB7, 0x30, 0x72, 0x66, 0x5C, 0x77, 0x20,
    0xBE, 0xF7, 0xD6, 0x88, 0xEB, 0xBD, 0x55, 0x77, 0x76, 0x0B, 0x26, 0x65, 0x98, 0xED, 0xC0, 0xF4,
    0xCC, 0xE7, 0xDD, 0xD6, 0x7D, 0xC8, 0x63, 0xE2, 0x25, 0x7B, 0x56, 0xEB, 0x5F, 0xEF, 0x3C, 0x57,
    0x83, 0x8F, 0x6B, 0x69, 0x17, 0x70, 0xB0, 0x09, 0x32, 0x6E, 0xB5, 0x3F, 0xF4, 0x5F, 0xFB, 0xFE,
    0x6E, 0xF5, 0x7F, 0xF1, 0x3A, 0x50, 0x4C, 0xE8, 0x37, 0xA9, 0x62, 0xD0, 0x25, 0x37, 0x79, 0x33,
    0x00, 0xCA, 0xB8, 0xD1, 0x05, 0x86, 0xBC, 0xE7, 0x0C, 0x36, 0x78, 0xC9, 0x50, 0x6E, 0xB1, 0xEF,
    0x47, 0x8A, 0xBE, 0x60, 0xF9, 0x3F, 0x60, 0x66, 0x65, 0x21, 0x48, 0x03, 0x5F, 0xBE, 0x70, 0x5E,
    0xA5, 0xFC, 0x56, 0x61, 0xC1, 0x32, 0x60, 0xA3, 0x0B, 0x46, 0xD4, 0x24, 0x0C, 0x3C, 0x9C, 0x14,
    0x5A, 0xFD, 0x5E, 0x82, 0x1A, 0x46, 0x57, 0x6C, 0x88, 0xD3, 0xBC, 0xC2, 0x3A, 0x4A, 0xC6, 0x1D,
    0x73, 0x43, 0x8F, 0xE7, 0xF1, 0x05, 0x95, 0x15, 0xBB, 0xA4, 0x42, 0xA2, 0xD2, 0x1A, 0x30, 0x14,
    0xFB, 0x88, 0x97, 0x49, 0x71, 0xBD, 0x3D, 0xE7, 0x0B, 0x54, 0x36, 0x1E, 0x78, 0xB4, 0x54, 0xBC,
    0x32, 0x87, 0x77, 0x7A, 0xB1, 0x29, 0xD9, 0xD0, 0x23, 0xD5, 0x95, 0x6A, 0x7C, 0x86, 0x21, 0xAF,
    0x9C, 0x8F, 0x65, 0x89, 0xF7, 0xEC, 0xD6, 0x33, 0x99, 0x1B, 0x77, 0xB0, 0x1E, 0x49, 0x58, 0xB3,
    0x5D, 0x2E, 0x1E, 0x90, 0x61, 0x83, 0xE4, 0xAB, 0x4D, 0x36, 0x50, 0xE6, 0xA6, 0x02, 0xB9, 0x46,
    0x2B, 0xD1, 0x24, 0xD6, 0xA8, 0x7F, 0x88, 0xD3, 0x99, 0xEC, 0xB6, 0x8F, 0x4A, 0x11, 0x28, 0x83,
    0x58, 0x7F, 0xCE, 0x1C, 0xA9, 0x65, 0x95, 0x20, 0x22, 0x29, 0x05, 0x16, 0x59, 0x83, 0xD1, 0x8A,
    0x19, 0x92, 0x30, 0x5B, 0x03, 0xEC, 0xFF, 0x83, 0x5B, 0xC5, 0xB0, 0x05, 0x5E, 0x93, 0x55, 0xAA,
    0x60, 0x8E, 0x50, 0x82, 0x2D, 0xA9, 0x80, 0xDC, 0x9E, 0xBE, 0x2C, 0x5B, 0x40, 0x24, 0x58, 0xA8,
    0x8D, 0x1B, 0xEC, 0xBC, 0x05, 0x2C, 0x44, 0x2F, 0xE2, 0x51, 0xA7, 0x37, 0xC5, 0x60, 0x64, 0x84,
    0x91, 0x65, 0xD4, 0x73, 0x22, 0xA0, 0xE5, 0x6D, 0x55, 0x38, 0x71, 0xB1, 0x34, 0xB7, 0x8E, 0xCD,
    0x35, 0xE4, 0x46, 0xFD, 0x8E, 0xCA, 0x88, 0x72, 0xB1, 0xCA, 0x2C, 0x10, 0x8C, 0x44, 0x6E, 0x82,
    0x6C, 0x17, 0xFE, 0x7B, 0xD5, 0x8E, 0x75, 0xB9, 0x97, 0x6E, 0x25, 0x25, 0x6B, 0xCC, 0x78, 0xC1,
    0xEA, 0x13, 0x8D, 0xAC, 0xE0, 0xFB, 0xCB, 0xBE, 0x6B, 0x6E, 0x8B, 0xCC, 0x27, 0x62, 0xB9, 0x9A,
    0x78, 0x96, 0xBD, 0x59, 0x26, 0x5C, 0x53, 0x0C, 0x50, 0x36, 0x9B, 0x15, 0xF2, 0x8A, 0x58, 0x8E,
    0x10, 0xF8, 0xF1, 0x62, 0x1D, 0xD3, 0x13, 0x89, 0x25, 0xE1, 0x85, 0x7C, 0x42, 0x37, 0xA9, 0xD2,
    0x19, 0xA2, 0xEC, 0x5F, 0xAC, 0xDF, 0x26, 0x2B, 0xB4, 0x47, 0x2C, 0xE1, 0xC2, 0x35, 0x0C, 0x7D,
    0x33, 0x89, 0xF7, 0xEB, 0xA9, 0xDD, 0x6D, 0x70, 0x9E, 0xD4, 0x11, 0xA7, 0x8A, 0x4A, 0x8C, 0x15,
    0xA1, 0x7D, 0x86, 0xB5, 0x8F, 0xBD, 0x64, 0x8D, 0x6E, 0x00, 0xEF, 0x3D, 0xD5, 0x61, 0xFA, 0x7F,
    0xD5, 0x84, 0xC7, 0xFF, 0x1F, 0xF0, 0x72, 0xE3, 0x4D, 0x9D, 0xF4, 0x54, 0x8F, 0x80, 0x67, 0xF0,
    0x14, 0xAB, 0x83, 0xF2, 0x0E, 0x3E, 0xEF, 0xA2, 0x4D, 0xCF, 0x01, 0x2B, 0x80, 0xEC, 0xB4, 0x12,
    0x0F, 0x22, 0x46, 0x63, 0xA4, 0xAA, 0xCF, 0xD1, 0xEA, 0x49, 0x45, 0xD6, 0x87, 0xF4, 0xCC, 0x63,
    0xE9, 0xC6, 0x2A, 0x91, 0xB8, 0xB4, 0x28, 0x9F, 0xA3, 0xCF, 0xD7, 0x9E, 0x75, 0xCB, 0x30, 0xD9,
    0x80, 0x85, 0xB7, 0xAE, 0x29, 0x59, 0x93, 0xB4, 0x48, 0x3A, 0xE0, 0x9D, 0x1F, 0xE4, 0xE9, 0xA4,
    0x37, 0xE4, 0x6B, 0xA4, 0xB1, 0xD0, 0x7F, 0xC2, 0xA5, 0x4E, 0x92, 0x5A, 0xB8, 0xB4, 0x77, 0xA4,
    0x25, 0x55, 0xC5, 0x5F, 0x93, 0xFA, 0x3A, 0x4D, 0xC1, 0xB5, 0xB6, 0x13, 0xAF, 0xF3, 0xFC, 0x56,
    0x29, 0x17, 0xA9, 0x47, 0xFA, 0x34, 0x71, 0x9B, 0xA0, 0xD5, 0x1A, 0x7B, 0x6A, 0xAC, 0x6C, 0xB7,
    0x82, 0xB9, 0x3E, 0xD2, 0xE5, 0xAF, 0xB3, 0xA3, 0x94, 0xF8, 0x03, 0x3B, 0x73, 0xD0, 0x12, 0x16,
    0x04, 0x03, 0x6D, 0xE3, 0x5A, 0x8F, 0x44, 0xAB, 0xFB, 0xD6, 0x6D, 0xAE, 0xF3, 0x3C, 0xFA, 0x06,
    0xA7, 0x61, 0x8E, 0x34, 0xE8, 0x5B, 0x34, 0xED, 0x07, 0x27, 0x6F, 0x89, 0x67, 0xF7, 0x78, 0xB3,
    0xA0, 0x58, 0xB6, 0x72, 0xB3, 0x40, 0x3B, 0x21, 0x26, 0xB0, 0xF3, 0xCB, 0x76, 0x8A, 0xB8, 0x30,
    0x01, 0xED, 0x13, 0xAB, 0x4C, 0xD5, 0xC0, 0x6A, 0x40, 0xC5, 0x7B, 0x5F, 0x98, 0x67, 0x34, 0xC9,
    0xFC, 0xBC, 0x63, 0xBB, 0x38, 0x76, 0x46, 0x75, 0x79, 0xAA, 0x7E, 0xD0, 0x44, 0x7B, 0xF0, 0x5E,
    0x17, 0xFC, 0x0D, 0x92, 0x96, 0xA7, 0x48, 0x8C, 0x18, 0x39, 0x4A, 0x1B, 0xF6, 0x45, 0x6D, 0x5D,
    0x6E, 0x9C, 0x87, 0xDD, 0x83, 0x54, 0x0D, 0x41, 0x02, 0xBF, 0x0B, 0x7B, 0x57, 0x8B, 0xDD, 0x77,
    0x64, 0x2D, 0x35, 0xAE, 0x91, 0x55, 0xC1, 0xF9, 0x7A, 0x6B, 0x55, 0xA4, 0xF1, 0x39, 0x92, 0xAA,
    0xB8, 0xAC, 0xD5, 0xCE, 0x91, 0x15, 0xC4, 0x32, 0x79, 0x2B, 0xEA, 0x43, 0xB7, 0x9D, 0xD8, 0x7A,
    0xB1, 0xAD, 0x83, 0x09, 0x9D, 0x7B, 0x43, 0xAA, 0xF9, 0xEA, 0xC5, 0x72, 0x66, 0xFF, 0x9D, 0xDB,
    0x1B, 0xCB, 0x22, 0xD9, 0xE8, 0xBF, 0x83, 0xD1, 0xAE, 0x92, 0x52, 0x1A, 0x82, 0x38, 0x2B, 0x61,
    0xF5, 0x56, 0x46, 0x11, 0xB4, 0xCF, 0x0C, 0x99, 0x60, 0x65, 0x2E, 0x40, 0x12, 0x46, 0xB6, 0x81,
    0xF1, 0xE0, 0x8D, 0x43, 0x6C, 0xD3, 0x57, 0x2E, 0xDC, 0x34, 0x9A, 0xF3, 0xAF, 0xEA, 0xB4, 0x22,
    0x2A, 0x65, 0xA5, 0xFA, 0x7B, 0x2E, 0xF1, 0x3D, 0x52, 0x23, 0x52, 0xDD, 0xE3, 0x85, 0xA4, 0x40,
    0x28, 0xE2, 0x09, 0xF3, 0x12, 0x38, 0x09, 0x4B, 0x4D, 0x27, 0x59, 0xAC, 0xAA, 0x56, 0xA4, 0xBA,
    0x7D, 0x18, 0x64, 0x1D, 0x83, 0xAE, 0x37, 0xF5, 0x6A, 0x90, 0x58, 0x38, 0xEB, 0xAD, 0xBD, 0x16,
    0xCA, 0x27, 0x1C, 0x59, 0xBF, 0xBB, 0x4C, 0x87, 0xD7, 0xFC, 0x1B, 0x35, 0x23, 0xD5, 0xAC, 0x6C,
    0xEE, 0xCB, 0x7E, 0x20, 0xEF, 0xF2, 0x93, 0x23, 0xD9, 0x69, 0x81, 0xD4, 0x1E, 0x16, 0xC7, 0xD9,
    0x08, 0x36, 0x4D, 0x56, 0xDB, 0x1B, 0x16, 0x3C, 0x79, 0x58, 0x72, 0x86, 0x03, 0xC7, 0x69, 0x38,
    0x39, 0x0E, 0x51, 0x8B, 0x48, 0x62, 0x32, 0x02, 0x66, 0xB8, 0x43, 0x8A, 0x09, 0x4B, 0x47, 0xAE,
    0xDD, 0x36, 0xB7, 0x1E, 0x36, 0xA5, 0x7F, 0xF9, 0xF1, 0x12, 0x50, 0x29, 0xEE, 0x24, 0x15, 0x5F,
    0x92, 0x8F, 0x64, 0x33, 0xCA, 0x04, 0x5B, 0x83, 0xF5, 0x12, 0x5E, 0xE1, 0xE1, 0x17, 0x8C, 0xE6,
    0x4C, 0x9E, 0x77, 0xF0, 0x12, 0xB6, 0x1E, 0x69, 0x64, 0xA3, 0x4E, 0xFC, 0x1F, 0xC8, 0x92, 0x96,
    0x4F, 0xFA, 0xCF, 0x11, 0xB3, 0x53, 0x76, 0xD7, 0xF0, 0xBF, 0x64, 0x36, 0x7D, 0x15, 0x7B, 0x5A,
    0x88, 0x35, 0x63, 0x65, 0x5F, 0x9A, 0x08, 0xF3, 0x61, 0x0B, 0x11, 0xC9, 0x2B, 0x99, 0x58, 0x01,
    0x61, 0x93, 0x72, 0x37, 0x89, 0xF3, 0xB1, 0xB6, 0xF3, 0x15, 0xB7, 0x04, 0xAE, 0xB0, 0xBA, 0x96,
    0x25, 0x90, 0x6D, 0x27, 0x79, 0x6D, 0xD9, 0x9C, 0xD1, 0xAC, 0x3E, 0xF1, 0x6A, 0xB4, 0x3E, 0xC4,
    0xE6, 0x27, 0x44, 0xFF, 0xD2, 0x3C, 0x7B, 0x86, 0xB1, 0xA8, 0xC5, 0xAE, 0x89, 0x56, 0xBD, 0x45,
    0x38, 0xC8, 0x4E, 0x2F, 0xCD, 0xA7, 0x7E, 0x80, 0x62, 0x70, 0x0A, 0xB7, 0x9E, 0x1C, 0x1A, 0xEF,
    0xCB, 0xCB, 0x06, 0x32, 0x38, 0x9B, 0x35, 0x0D, 0x0D, 0x3B, 0xC7, 0xEE, 0x40, 0x56, 0x41, 0x5F,
    0xD1, 0x04, 0xDA, 0xD1, 0x28, 0x79, 0xF5, 0x82, 0xC1, 0xF1, 0xC7, 0x35, 0xB3, 0x1A, 0x6B, 0x6A,
    0xB2, 0xA0, 0x4B, 0x0F, 0xFB, 0x9A, 0x05, 0xFE, 0x69, 0x1F, 0x3A, 0xF1, 0xDE, 0x64, 0x6E, 0xB3,
    0x3E, 0xDD, 0xFC, 0xCF, 0x0F, 0x55, 0x44, 0x74, 0x49, 0x4B, 0xCD, 0xB0, 0xE5, 0xC5, 0x08, 0x85,
    0x47, 0x13, 0xC2, 0x35, 0x9E, 0x90, 0xBB, 0x31, 0xB4, 0xD8, 0x6E, 0x27, 0xB2, 0x70, 0x75, 0x85,
    0x93, 0x24, 0xC4, 0xAD, 0xDC, 0x2E, 0xBE, 0xEA, 0xAD, 0xC3, 0x12, 0xDA, 0xBD, 0x57, 0x72, 0xD9,
    0x51, 0xF4, 0xBE, 0xE4, 0x52, 0xFB, 0x7D, 0x8E, 0x57, 0xE2, 0x06, 0x62, 0x07, 0xF3, 0xCF, 0x2C,
    0xEF, 0x04, 0xCD, 0x8E, 0x95, 0x11, 0x8A, 0xAA, 0x1D, 0x53, 0xEC, 0x40, 0x35, 0x65, 0xC8, 0xDF,
    0x9C, 0x72, 0x6C, 0xFC, 0x38, 0x15, 0x17, 0x81, 0x70, 0x0B, 0xE0, 0x43, 0xDE, 0x43, 0x6F, 0x64,
    0xBF, 0x68, 0xC4, 0x3B, 0xEC, 0xF1, 0xCE, 0x94, 0x3D, 0x0B, 0x7D, 0xEC, 0x31, 0xCD, 0x69, 0xA5,
    0xBC, 0x34, 0xEB, 0x97, 0xD4, 0x41, 0xB7, 0x9F, 0xAF, 0x26, 0x81, 0xEA, 0xCE, 0xB2, 0xA1, 0x12,
    0xF8, 0xC6, 0x49, 0xB9, 0x8C, 0x85, 0x25, 0xB3, 0xAC, 0x93, 0xA2, 0xA7, 0xF0, 0xAE, 0xCF, 0xD4,
    0xA9, 0xDE, 0xBB, 0x7E, 0x01, 0xFF, 0x55, 0x51, 0xA6, 0xAB, 0xA2, 0x9E, 0xD3, 0x69, 0x78, 0x8F,
    0xE5, 0xE5, 0xC3, 0x5F, 0xFB, 0x6F, 0x43, 0x2B, 0x4E, 0xEC, 0x14, 0x8B, 0xFB, 0x69, 0xC2, 0x46,
    0x7D, 0x24, 0x9E, 0xBC, 0x2A, 0xC6, 0xED, 0x3A, 0xB0, 0x7E, 0x71, 0xDC, 0x18, 0x0B, 0xAC, 0xB1,
    0x92, 0x4D, 0x47, 0x1D, 0x60, 0xF5, 0xD8, 0x60, 0xCD, 0x4B, 0x62, 0xA8, 0xC3, 0xA7, 0xEC, 0x3B,
    0x4E, 0x65, 0xFB, 0xB3, 0x71, 0x01, 0x67, 0xEF, 0xA1, 0xF9, 0xD1, 0x72, 0xE7, 0x93, 0xC8, 0xB9,
    0xAE, 0xB6, 0xD4, 0x3A, 0x75, 0x6F, 0xE5, 0x76, 0xCB, 0x07, 0xAE, 0x20, 0x13, 0x86, 0x0D, 0x2F,
    0xC6, 0xA0, 0x28, 0xCF, 0x3C, 0x3E, 0x3B, 0xEF, 0xC9, 0xD5, 0x48, 0x3A, 0x74, 0x71, 0xF6, 0x83,
    0xFE, 0x0C, 0xA1, 0x0C, 0x4E, 0x43, 0xED, 0xC5, 0x78, 0x00, 0xB3, 0x25, 0xE7, 0x33, 0xDB, 0x7A,
    0x01, 0xC2, 0x1D, 0xB0, 0xCD, 0x6C, 0x93, 0x30, 0xDB, 0x28, 0xCC, 0x36, 0x08, 0xB3, 0xF5, 0xC2,
    0x6C, 0x9C, 0x28, 0xFE, 0x4B, 0xE4, 0xAC, 0x6C, 0xA6, 0x9C, 0xD1, 0x3B, 0x4E, 0xE3, 0x1D, 0x66,
    0x33, 0xDA, 0xCD, 0x71, 0xB9, 0xA0, 0x2B, 0x75, 0x0E, 0x3F, 0x51, 0xF2, 0xE6, 0x85, 0x92, 0x67,
    0x1C, 0x0A, 0xD5, 0x4B, 0x2B, 0x95, 0x4C, 0x5B, 0x8A, 0xF5, 0x13, 0x8B, 0xAC, 0x7D, 0x49, 0x87,
    0xF1, 0x41, 0x2F, 0x31, 0x1C, 0x5C, 0xF0, 0x45, 0x17, 0x46, 0x33, 0x42, 0x9B, 0x7F, 0xC7, 0xDA,
    0x50, 0x32, 0xCA, 0x10, 0xD9, 0x91, 0x9D, 0x52, 0xD7, 0x58, 0xCB, 0x4B, 0x9A, 0x70, 0x74, 0xFB,
    0x49, 0xC6, 0x92, 0x46, 0x83, 0xEC, 0x2A, 0x42, 0xC8, 0x6A, 0x4C, 0x10, 0xCD, 0x9A, 0xB9, 0xEF,
    0xA9, 0x28, 0x64, 0xE9, 0xA9, 0xEC, 0x5A, 0xD6, 0x23, 0x94, 0x14, 0x77, 0xB2, 0xBF, 0x7A, 0x19,
    0xBC, 0xFD, 0x30, 0x99, 0xF5, 0x64, 0x8C, 0x38, 0x35, 0x8B, 0x72, 0x78, 0x40, 0x4A, 0x59, 0x0A,
    0xF3, 0x67, 0x5B, 0xE0, 0x0F, 0x25, 0xE8, 0x05, 0x17, 0x7B, 0x78, 0xFC, 0x70, 0x47, 0xDF, 0x93,
    0x83, 0x17, 0x49, 0xD6, 0x14, 0x51, 0x63, 0xCF, 0x1C, 0xC5, 0xCE, 0xBF, 0xB6, 0xB3, 0x64, 0xE6,
    0x32, 0xFB, 0xEB, 0x3E, 0x7A, 0xFD, 0x8C, 0xD3, 0xAF, 0x03, 0xA7, 0xAB, 0x3F, 0x05, 0x4E, 0xE7,
    0x59, 0x70, 0xAA, 0xEB, 0xCE, 0x87, 0xC0, 0xAE, 0x03, 0xE0, 0x94, 0xFD, 0x2A, 0xD8, 0x70, 0x05,
    0x38, 0x65, 0x1F, 0xCA, 0x94, 0x61, 0xF5, 0x35, 0xE3, 0x34, 0x44, 0x40, 0xBB, 0x4E, 0x04, 0xE4,
    0xFF, 0x0B, 0xD0, 0xBC, 0xC7, 0xE0, 0x27, 0x44, 0x67, 0x02, 0xFF, 0x4C, 0xD5, 0x10, 0xB8, 0xDF,
    0x03, 0xB5, 0x7C, 0x07, 0x03, 0xC1, 0xE9, 0x24, 0x41, 0xF6, 0x01, 0x09, 0xAD, 0xD8, 0x37, 0x5D,
    0x5D, 0x5B, 0x75, 0xB2, 0xF8, 0xAD, 0x81, 0x91, 0x8D, 0x4A, 0xC6, 0x69, 0x21, 0xAA, 0xC4, 0x6F,
    0x6D, 0xE3, 0xD4, 0xC9, 0x78, 0x1A, 0x8D, 0xCE, 0x09, 0x92, 0xBA, 0x8D, 0x9E, 0xF2, 0xC9, 0x6C,
    0xAF, 0xF8, 0xDE, 0x6C, 0x84, 0x9F, 0x6C, 0x92, 0x3C, 0x86, 0xDD, 0x04, 0x2F, 0xBF, 0x91, 0x5A,
    0x30, 0xEE, 0x38, 0x55, 0x2E, 0xA1, 0x78, 0x90, 0x06, 0x11, 0x36, 0x30, 0xB5, 0x60, 0x5D, 0xC9,
    0xE6, 0x68, 0x1A, 0x0B, 0xD3, 0xA0, 0xD8, 0xEF, 0x5B, 0xD9, 0x24, 0x75, 0xA3, 0xE0, 0x3F, 0xE6,
    0x42, 0xE9, 0x0A, 0xB5, 0x14, 0x2A, 0x8B, 0x3D, 0xF2, 0xDD, 0xC2, 0x9D, 0xD2, 0x25, 0x8B, 0xCE,
    0x25, 0x84, 0x1A, 0x7E, 0x9F, 0x80, 0x99, 0x44, 0xD6, 0xE4, 0xCB, 0x2F, 0x38, 0x70, 0x5F, 0x4F,
    0xCA, 0x6B, 0x6F, 0x08, 0x29, 0xBE, 0xE6, 0xED, 0x5E, 0x47, 0x0D, 0xBF, 0x5B, 0x74, 0xE3, 0x33,
    0xA3, 0x7A, 0xB7, 0x95, 0xC3, 0x6A, 0x27, 0x2E, 0x9F, 0x3A, 0xF2, 0xB8, 0x6D, 0x22, 0x95, 0x93,
    0x37, 0x91, 0xBB, 0x07, 0xAA, 0x2A, 0x57, 0x24, 0xE0, 0xD7, 0x2B, 0xBB, 0xDB, 0xA2, 0xF8, 0x8C,
    0xA6, 0xC6, 0x6F, 0xCB, 0xE2, 0x7F, 0x12, 0x44, 0x43, 0xA0, 0xF1, 0xEC, 0xF6, 0xCC, 0x9A, 0x62,
    0xB7, 0x1D, 0xA9, 0x3A, 0x00, 0x61, 0x33, 0x6A, 0x38, 0xEF, 0xD9, 0x2B, 0xCC, 0x3F, 0x08, 0xF3,
    0x9B, 0xD5, 0x6C, 0x56, 0x18, 0x7D, 0x10, 0x47, 0x6B, 0xC4, 0xC9, 0x44, 0x5B, 0x85, 0x90, 0x65,
    0x68, 0x2B, 0x83, 0x41, 0x7D, 0xB2, 0xCF, 0x5C, 0x42, 0x33, 0xB8, 0xC2, 0x33, 0xBA, 0xFD, 0x2D,
    0x9F, 0xAB, 0xE7, 0x97, 0x22, 0xB5, 0x4E, 0xB6, 0x74, 0x4E, 0xB6, 0x74, 0x4E, 0xBE, 0xB7, 0x3B,
    0x2B, 0xCD, 0xF2, 0xF5, 0xCE, 0x76, 0x04, 0x9B, 0xDC, 0xDE, 0xDC, 0xD1, 0x71, 0xEF, 0xD2, 0x24,
    0xE0, 0x4E, 0x94, 0x8D, 0xFB, 0x55, 0x03, 0xE7, 0x4A, 0x33, 0xF2, 0xCB, 0x38, 0x98, 0x34, 0x47,
    0xF9, 0x41, 0x89, 0x48, 0xC2, 0x31, 0xAD, 0xB4, 0xA8, 0x40, 0x5E, 0x46, 0x2D, 0x99, 0x52, 0x99,
    0xD5, 0xAC, 0x99, 0xDC, 0xFD, 0x8E, 0x0C, 0x3C, 0xCE, 0xBC, 0x8C, 0xAE, 0x9A, 0x74, 0x9F, 0x0A,
    0xCC, 0x4E, 0xF8, 0xFD, 0x06, 0xFD, 0x41, 0x19, 0xDD, 0xA4, 0xA4, 0xD1, 0x1F, 0x94, 0xA1, 0x1A,
    0x63, 0xE7, 0xA0, 0x7B, 0x51, 0xB7, 0x06, 0xB5, 0x3F, 0x75, 0x86, 0xCE, 0xBF, 0x4D, 0x6E, 0x51,
    0xA5, 0xDB, 0x24, 0x4F, 0x67, 0xBB, 0xC0, 0x27, 0xAC, 0xFA, 0x3D, 0x91, 0xBC, 0x94, 0x28, 0x36,
    0x3F, 0x16, 0xB3, 0x9B, 0x04, 0x5B, 0xF8, 0x7C, 0xD7, 0xD1, 0xCD, 0x9E, 0x3E, 0xF9, 0x47, 0xAA,
    0xD1, 0x5F, 0x89, 0x12, 0xE7, 0x8E, 0x16, 0x26, 0x87, 0x31, 0xB7, 0xD3, 0x8B, 0xDF, 0x68, 0x47,
    0x6B, 0xD9, 0xF7, 0x13, 0x7A, 0x70, 0xAB, 0xD4, 0x5A, 0x4A, 0xE3, 0x62, 0x37, 0xA2, 0xFB, 0x6D,
    0xC1, 0x03, 0xEB, 0x77, 0x8B, 0x7D, 0x64, 0xF8, 0x9A, 0x04, 0x85, 0xBE, 0x03, 0xF7, 0x50, 0xC5,
    0x0E, 0xB5, 0x61, 0x93, 0x67, 0x56, 0xA9, 0x32, 0x57, 0x29, 0x8F, 0x56, 0x96, 0xF7, 0x25, 0xAD,
    0xB1, 0xCB, 0x92, 0x38, 0x12, 0x4A, 0x94, 0x2B, 0x0C, 0xBE, 0x6E, 0x0B, 0xE6, 0x97, 0x86, 0xEE,
    0x7E, 0x07, 0x6B, 0xAD, 0x57, 0xFE, 0xE5, 0xF9, 0x65, 0x88, 0x1D, 0x54, 0xED, 0x07, 0x47, 0x92,
    0x4F, 0x63, 0x37, 0x2B, 0x1A, 0x5A, 0x81, 0xB3, 0xA2, 0x19, 0x7E, 0x26, 0x7B, 0x72, 0xE7, 0x37,
    0xC0, 0x47, 0x20, 0xEB, 0x99, 0x11, 0xC0, 0xAB, 0x35, 0x1F, 0xA9, 0x76, 0xDC, 0x4D, 0xF0, 0xFA,
    0xE6, 0xB7, 0x14, 0xB6, 0x63, 0xD5, 0x98, 0xC5, 0x73, 0x8D, 0xCE, 0xF6, 0x32, 0xD3, 0x24, 0x12,
    0xB1, 0x5E, 0x7C, 0xC2, 0x51, 0x6B, 0x61, 0x9D, 0xCB, 0xC4, 0xAD, 0xAF, 0x86, 0xD8, 0xE3, 0x18,
    0x62, 0xFF, 0x07, 0xED, 0x5D, 0x3D, 0xAC, 0xE5, 0x58, 0x7D, 0x3F, 0xF6, 0xDD, 0xB9, 0x86, 0xB1,
    0x82, 0xB7, 0xC8, 0x4E, 0xD8, 0x19, 0x09, 0x37, 0xA9, 0x00, 0xE1, 0x36, 0x91, 0x20, 0x36, 0xDA,
    0x92, 0x22, 0x53, 0xEC, 0x5B, 0x94, 0xA5, 0x20, 0x65, 0x34, 0x1B, 0x69, 0x9A, 0x14, 0x41, 0x0A,
    0xD8, 0x40, 0xB1, 0x25, 0xAF, 0x60, 0xD3, 0xB2, 0xC5, 0x20, 0x31, 0x8F, 0x28, 0x43, 0x41, 0x81,
    0x10, 0x8C, 0xBD, 0xA1, 0xA0, 0xA0, 0x88, 0x49, 0x44, 0x28, 0x52, 0xAC, 0x23, 0xCD, 0x42, 0x98,
    0x66, 0x1C, 0xB0, 0xC4, 0x7D, 0xBB, 0xBE, 0x3E, 0x39, 0xFF, 0x4F, 0xDB, 0xF7, 0xDD, 0xF7, 0x31,
    0x1F, 0x3B, 0xFB, 0xDE, 0xEC, 0x7D, 0x9A, 0xF1, 0xF9, 0xDF, 0x7B, 0xFD, 0x71, 0x7C, 0xCE, 0xEF,
    0xFC, 0xCF, 0xF9, 0x7F, 0x1E, 0x63, 0x16, 0xD6, 0xDA, 0x7B, 0x06, 0xFE, 0x02, 0x47, 0xF5, 0x48,
    0x85, 0x33, 0x6A, 0xA5, 0xBF, 0xB6, 0xE6, 0x21, 0xFF, 0xFE, 0x4E, 0x88, 0x78, 0x2D, 0x54, 0x69,
    0x85, 0xB2, 0x42, 0xF9, 0xD6, 0x16, 0x44, 0xB9, 0xCA, 0x54, 0x46, 0x1E, 0x57, 0x13, 0x15, 0x59,
    0xDB, 0xF0, 0x4D, 0xB4, 0x06, 0x89, 0xB5, 0x1D, 0x51, 0xE9, 0x1F, 0xB9, 0xA6, 0xA6, 0xFC, 0xBD,
    0x50, 0xF6, 0x97, 0x76, 0x40, 0xC2, 0xB3, 0x15, 0x3F, 0x64, 0x61, 0x8B, 0xD2, 0x66, 0x44, 0x65,
    0x39, 0x3D, 0x2E, 0xB4, 0x26, 0xA5, 0xC7, 0x45, 0x83, 0xBB, 0x63, 0xCD, 0xF5, 0x8C, 0xE9, 0x71,
    0x69, 0xEF, 0x9E, 0x8C, 0x8F, 0xCB, 0x57, 0xEE, 0x54, 0x7C, 0x9C, 0x7D, 0xF7, 0xE0, 0x0E, 0x3D,
    0xC4, 0x5A, 0x6E, 0x22, 0x1F, 0xA9, 0x81, 0xEA, 0x0E, 0x7F, 0xDC, 0x54, 0xEE, 0x2F, 0x83, 0xBA,
    0xBF, 0xB1, 0xB7, 0x87, 0x6F, 0x17, 0xC3, 0x0F, 0x39, 0x3C, 0x2E, 0x81, 0x93, 0x53, 0x78, 0x5C,
    0xDA, 0xE3, 0xAB, 0xB8, 0x87, 0x94, 0x3D, 0xBE, 0x5E, 0xEB, 0x6A, 0xBC, 0x46, 0x6A, 0x4D, 0x2F,
    0xBB, 0x84, 0x46, 0x2F, 0xA1, 0x0B, 0x22, 0xA5, 0x62, 0xA6, 0x3A, 0xA2, 0x0C, 0x3D, 0xDE, 0xA3,
    0x67, 0xFB, 0x54, 0x2C, 0xC6, 0x2F, 0xD7, 0xA7, 0xF5, 0xD1, 0xAB, 0xF7, 0x33, 0xEA, 0xE8, 0x0E,
    0x7B, 0x47, 0x2E, 0x77, 0x95, 0x86, 0x67, 0xBA, 0x1A, 0xBB, 0xA6, 0x81, 0xEA, 0xA6, 0xD6, 0x7D,
    0xD1, 0x98, 0x74, 0x70, 0xE7, 0xB6, 0xD0, 0x50, 0x50, 0x2C, 0x7F, 0x8A, 0x05, 0xDE, 0x60, 0x52,
    0xBC, 0x86, 0x3D, 0x95, 0x60, 0xFD, 0xB0, 0x4A, 0x2D, 0xDD, 0xAC, 0x75, 0xDF, 0x1D, 0x7E, 0xC9,
    0x15, 0xAE, 0x0B, 0xE0, 0x4C, 0x07, 0x06, 0x28, 0xEC, 0x30, 0x2B, 0x2C, 0x36, 0x85, 0xB5, 0xF7,
    0xAD, 0x3D, 0xBC, 0x5E, 0x62, 0x5B, 0xB6, 0xA9, 0x7B, 0x21, 0x57, 0x40, 0xAB, 0x38, 0x64, 0xB8,
    0x16, 0x76, 0xBD, 0x98, 0x99, 0x1B, 0xB7, 0xCC, 0xE5, 0x5B, 0xB3, 0xB7, 0xF1, 0xDD, 0x73, 0xFF,
    0x81, 0xA0, 0xEB, 0x70, 0xCB, 0x20, 0x1E, 0x4C, 0x20, 0x70, 0xBE, 0x5F, 0xAE, 0x04, 0x69, 0x0C,
    0x26, 0xA8, 0x5F, 0x2D, 0xD8, 0x24, 0x8C, 0xC0, 0x89, 0xF7, 0x76, 0x10, 0x3F, 0x37, 0x10, 0xFF,
    0xB8, 0x31, 0x1F, 0x71, 0xD7, 0xB8, 0xEB, 0x3E, 0x01, 0xD5, 0xC9, 0x4C, 0x0E, 0x45, 0xED, 0x0F,
    0x58, 0xB9, 0x72, 0x4D, 0xB5, 0x5D, 0xE1, 0x43, 0xF1, 0xD5, 0x42, 0x6E, 0x9D, 0x1B, 0xFB, 0xCF,
    0x3C, 0xEE, 0x77, 0xF8, 0x7B, 0xFF, 0xF1, 0xC7, 0x4D, 0x58, 0x4B, 0x4B, 0x0F, 0xD2, 0xBE, 0x69,
    0xA7, 0x2D, 0xDD, 0x1E, 0xA1, 0xBC, 0x09, 0x35, 0xBC, 0xAC, 0x3D, 0xB2, 0xD6, 0x5E, 0xE2, 0xB6,
    0x74, 0xF5, 0x5B, 0x69, 0x37, 0xED, 0x5F, 0x68, 0x64, 0x1A, 0x40, 0x66, 0x4C, 0x6F, 0x93, 0x12,
    0xA4, 0xA8, 0xFB, 0x3D, 0xC2, 0x83, 0x4F, 0xC5, 0x82, 0xBE, 0x5C, 0x50, 0x97, 0xFB, 0xDC, 0xC4,
    0x5C, 0xA4, 0x04, 0x8E, 0xE5, 0xED, 0xF9, 0x70, 0xFD, 0xAC, 0x34, 0xA5, 0x40, 0x96, 0x38, 0x75,
    0x2E, 0x37, 0xA6, 0xCF, 0x31, 0x83, 0x31, 0xE7, 0xC6, 0x2D, 0x19, 0xF6, 0x39, 0x33, 0x82, 0xE7,
    0x8F, 0x61, 0x06, 0x97, 0x0E, 0x6E, 0xC9, 0x5C, 0x70, 0x8F, 0xC0, 0x0F, 0x37, 0xF2, 0x18, 0x6E,
    0x21, 0x97, 0x29, 0x97, 0xA5, 0x3B, 0xC9, 0xA1, 0xCD, 0x83, 0x87, 0x46, 0xD6, 0xBD, 0x47, 0x8F,
    0x50, 0x47, 0x08, 0x87, 0x96, 0x40, 0x1D, 0x30, 0xE0, 0x17, 0x3D, 0x0D, 0x01, 0xEF, 0xBA, 0x0C,
    0x05, 0xA9, 0xB3, 0x56, 0x4E, 0x4A, 0x99, 0x7D, 0xC6, 0xB2, 0x38, 0xA6, 0xAC, 0xF8, 0x3A, 0x29,
    0x6B, 0xBE, 0x2F, 0x01, 0x2E, 0x65, 0x3C, 0xA5, 0x8C, 0xB5, 0x98, 0x2F, 0x74, 0x1D, 0x7E, 0x68,
    0xCC, 0xB5, 0x8A, 0x07, 0x4F, 0xE5, 0x73, 0x69, 0xA8, 0x47, 0x0B, 0x44, 0xBB, 0xAE, 0x22, 0x56,
    0xDC, 0x0E, 0xD8, 0x72, 0x37, 0x0E, 0xA8, 0x01, 0x7D, 0xAC, 0x59, 0x80, 0x3D, 0x14, 0x61, 0x13,
    0x27, 0x78, 0xCC, 0x69, 0xC8, 0xAE, 0x14, 0xF6, 0xD4, 0xC5, 0x01, 0xF6, 0x46, 0x88, 0x3F, 0x2E,
    0xA8, 0x72, 0xC5, 0xF6, 0x0E, 0xF0, 0xEE, 0xDC, 0xC2, 0x37, 0x70, 0xAF, 0x1E, 0xE0, 0x84, 0x4C,
    0x50, 0x85, 0x9A, 0xAD, 0xDC, 0xF0, 0xF9, 0x92, 0xED, 0x17, 0x40, 0xF4, 0x08, 0xC7, 0x3E, 0x72,
    0x27, 0xE4, 0x5D, 0xEC, 0x9E, 0x91, 0x37, 0x89, 0x3B, 0x7E, 0x32, 0x4B, 0xF1, 0x15, 0xB7, 0x1D,
    0xAB, 0xC9, 0xB1, 0xC6, 0x63, 0x8B, 0x6F, 0xD6, 0x31, 0x17, 0xC0, 0x76, 0xA9, 0xBD, 0x7F, 0xC1,
    0x56, 0xE9, 0x17, 0xC4, 0x75, 0xE8, 0x48, 0x75, 0x58, 0x62, 0xDB, 0x98, 0x2B, 0x07, 0xB3, 0xC9,
    0x24, 0x50, 0x20, 0xD6, 0xDC, 0xD8, 0x1D, 0x77, 0xC6, 0x9A, 0x90, 0xF4, 0xC0, 0xD2, 0x28, 0x0E,
    0xF0, 0xD9, 0xC9, 0x9A, 0x18, 0x43, 0xD9, 0x99, 0x14, 0xCB, 0xDA, 0x44, 0x70, 0xE1, 0x55, 0x87,
    0xBD, 0x1D, 0x22, 0x1F, 0x03, 0x91, 0x2F, 0x52, 0x67, 0x64, 0xDA, 0x15, 0xC8, 0xED, 0xDD, 0x93,
    0x00, 0x74, 0xF6, 0x6D, 0x5C, 0x05, 0xBF, 0xEE, 0x7E, 0x5E, 0x58, 0x37, 0x55, 0x01, 0x66, 0x5D,
    0xCB, 0x27, 0xAE, 0x13, 0x6A, 0x13, 0xD6, 0xE6, 0x63, 0xD9, 0xB3, 0x81, 0xC5, 0x41, 0x26, 0x92,
    0x82, 0x9B, 0x59, 0xBA, 0x75, 0x5E, 0xCA, 0xF7, 0x09, 0x77, 0xE7, 0xF2, 0x7F, 0x4F, 0x5E, 0xDB,
    0xEE, 0x30, 0x78, 0x36, 0x0C, 0x12, 0x6B, 0x1C, 0xE8, 0x6E, 0x47, 0xFB, 0x98, 0x50, 0x59, 0xE9,
    0xAC, 0xE5, 0xDD, 0x3A, 0xA9, 0xD1, 0x2F, 0x1A, 0xFA, 0xBE, 0xEA, 0x2E, 0x86, 0xBB, 0xB9, 0xFA,
    0x96, 0x70, 0x3F, 0xB7, 0x2E, 0xC7, 0xBB, 0x97, 0x1D, 0x8D, 0xCA, 0x74, 0xA0, 0x95, 0x69, 0xC4,
    0x0B, 0xCA, 0x40, 0x16, 0x9B, 0x56, 0xD1, 0xCA, 0x32, 0x57, 0xBF, 0x43, 0xE1, 0xE3, 0xA2, 0x30,
    0x2C, 0x4C, 0x92, 0x01, 0x73, 0x73, 0x5C, 0x2E, 0x6D, 0x61, 0xB9, 0x95, 0xF6, 0x30, 0x53, 0x45,
    0x03, 0xCC, 0xD6, 0x81, 0xBD, 0xD3, 0xE1, 0x1D, 0x1A, 0xAD, 0x69, 0x4A, 0x9C, 0x13, 0xB1, 0xEB,
    0xBD, 0xFC, 0x8C, 0xCC, 0xCD, 0x3F, 0x71, 0x77, 0x2A, 0x78, 0x48, 0xE2, 0xBB, 0xBA, 0x86, 0x58,
    0x50, 0x3B, 0xDB, 0x96, 0xDE, 0xD5, 0xC9, 0x03, 0xE9, 0x4A, 0x04, 0x9D, 0x56, 0x74, 0x5D, 0x95,
    0x08, 0x4B, 0xB2, 0x46, 0x97, 0xC5, 0x7A, 0xBC, 0x3A, 0x76, 0xBC, 0xEE, 0x5D, 0x87, 0xE3, 0x15,
    0x68, 0x8D, 0x43, 0x23, 0x38, 0x5C, 0x09, 0x01, 0x3D, 0x40, 0x44, 0x07, 0x0F, 0xB8, 0x4F, 0x1A,
    0x19, 0x87, 0x3E, 0x0F, 0x95, 0x0D, 0x00, 0xC3, 0x90, 0x97, 0xF4, 0x80, 0xD9, 0x86, 0x80, 0x99,
    0xE3, 0xBA, 0xBC, 0x26, 0xD1, 0x00, 0x89, 0x08, 0x5F, 0xB9, 0x86, 0x5A, 0x32, 0x11, 0xB8, 0x1B,
    0x11, 0x8A, 0xED, 0xB0, 0x41, 0xF8, 0x0F, 0x47, 0xE8, 0x7D, 0xFA, 0x0D, 0x22, 0x18, 0x9F, 0xCE,
    0xF5, 0x89, 0x85, 0x48, 0xB9, 0xCE, 0x08, 0x7C, 0x20, 0x02, 0x68, 0x34, 0x7A, 0xAF, 0x1E, 0xC1,
    0x82, 0xFD, 0x13, 0xCE, 0x1B, 0x41, 0x9B, 0xA5, 0x60, 0xE2, 0xA8, 0x7C, 0xFE, 0xEA, 0xFE, 0x65,
    0xE4, 0x91, 0xA5, 0x6D, 0xA2, 0x8E, 0x65, 0xD3, 0x98, 0xA4, 0xB8, 0x29, 0x01, 0xFD, 0xE1, 0x3A,
    0xBF, 0x49, 0x3A, 0x1A, 0x3D, 0x4D, 0xD2, 0x0A, 0xD1, 0x30, 0x91, 0x56, 0x42, 0x14, 0x42, 0x18,
    0x39, 0x07, 0xAE, 0xBE, 0xFB, 0x1D, 0x62, 0x44, 0xD0, 0x73, 0x0D, 0xEB, 0x3A, 0x91, 0x48, 0x85,
    0xB0, 0x4C, 0x38, 0x40, 0xBC, 0x51, 0x02, 0x01, 0x2D, 0x03, 0x22, 0x17, 0x4A, 0x45, 0x48, 0xC0,
    0x01, 0x89, 0xD8, 0xB5, 0x01, 0x12, 0x80, 0x79, 0x24, 0xD2, 0xC7, 0x25, 0x6A, 0x21, 0x1A, 0xB9,
    0x73, 0xE7, 0xFE, 0xE3, 0xB3, 0x06, 0xC4, 0x0A, 0x89, 0x70, 0x40, 0x30, 0xDB, 0x68, 0x50, 0x50,
    0xFC, 0x23, 0x72, 0x5A, 0x47, 0xFC, 0x27, 0x0B, 0x7D, 0x03, 0x0D, 0x79, 0xEF, 0x60, 0xDF, 0xFB,
    0xEE, 0xF5, 0xF3, 0x07, 0xDA, 0x17, 0x6E, 0xDA, 0x5F, 0xED, 0x01, 0x20, 0x89, 0xC5, 0x6D, 0x25,
    0xF6, 0x72, 0xFB, 0xCE, 0xDE, 0x39, 0x06, 0xAD, 0x61, 0xCC, 0x4E, 0xD5, 0x29, 0xC9, 0x46, 0x79,
    0x89, 0x7F, 0xA7, 0xDE, 0x44, 0x16, 0xD7, 0x88, 0x7E, 0xA3, 0x3D, 0x5A, 0x8E, 0xE7, 0x51, 0xE9,
    0xFD, 0xCD, 0x97, 0xB1, 0x64, 0xBC, 0x0A, 0x5C, 0x05, 0xAD, 0x23, 0x00, 0xEE, 0x43, 0x19, 0x30,
    0x54, 0x23, 0x46, 0xAA, 0xE0, 0x53, 0xE0, 0x99, 0x3E, 0x72, 0x59, 0x73, 0xD9, 0xF0, 0xFD, 0x08,
    0x94, 0x82, 0x49, 0x81, 0xA4, 0x20, 0x52, 0x01, 0x29, 0x78, 0x14, 0x38, 0x2A, 0x1A, 0x79, 0x3E,
    0xF3, 0x59, 0x59, 0xBD, 0x98, 0x94, 0xFD, 0xA4, 0x3C, 0xE3, 0xDF, 0x27, 0x0F, 0xF0, 0xAF, 0x60,
    0x00, 0x57, 0x9B, 0x65, 0x28, 0x13, 0x6B, 0xE2, 0x00, 0xF5, 0x9A, 0x82, 0x58, 0x80, 0xB1, 0x51,
    0x96, 0x84, 0x76, 0xF3, 0x15, 0x23, 0xEA, 0xAB, 0x13, 0x4A, 0x52, 0x24, 0x27, 0xDC, 0x1F, 0xB3,
    0xCF, 0x15, 0x97, 0xC5, 0x59, 0xEE, 0xE3, 0xCA, 0xCF, 0xF0, 0x73, 0x53, 0xA9, 0x47, 0xCD, 0xF5,
    0xAA, 0xB9, 0xBE, 0x54, 0xFE, 0x19, 0xCC, 0xB5, 0xF3, 0xF7, 0xDA, 0x78, 0x5F, 0x69, 0x87, 0x0C,
    0x17, 0x10, 0xB5, 0xA8, 0x80, 0x10, 0x35, 0x0C, 0x1E, 0xFE, 0xB2, 0x3A, 0xA5, 0x61, 0x97, 0x77,
    0xF7, 0x89, 0x5B, 0x0E, 0xCC, 0x2B, 0xF9, 0x3A, 0x62, 0x35, 0xAE, 0x8B, 0xDC, 0x98, 0x84, 0xF1,
    0xB9, 0x70, 0xF7, 0x45, 0x2D, 0x52, 0x45, 0x0A, 0x2A, 0x18, 0x46, 0x59, 0xEC, 0x2A, 0xE0, 0x8A,
    0x84, 0x0A, 0xAA, 0xD3, 0xBC, 0x30, 0x5A, 0xBC, 0xB1, 0xB7, 0xB7, 0xC7, 0xEB, 0x92, 0xB1, 0x28,
    0x8C, 0x2E, 0xA2, 0x71, 0x3C, 0xE3, 0xA8, 0x18, 0x32, 0xF3, 0x65, 0x59, 0x00, 0x2E, 0x78, 0x7D,
    0x64, 0x09, 0x3E, 0x29, 0xA1, 0x8A, 0xD7, 0x07, 0x6E, 0x81, 0xF0, 0xED, 0xE9, 0xBB, 0xFC, 0xC8,
    0x98, 0x4F, 0x03, 0xB4, 0xDC, 0x89, 0x77, 0x49, 0x61, 0xE9, 0x93, 0x7E, 0xF1, 0xF0, 0xCE, 0x9A,
    0xA1, 0x28, 0x3A, 0x48, 0xD6, 0x49, 0x51, 0x05, 0x96, 0x76, 0xB5, 0x83, 0xE0, 0xA3, 0x43, 0x10,
    0xB4, 0x47, 0xEE, 0xF1, 0x51, 0x65, 0x7C, 0xB8, 0xB1, 0xE3, 0xB4, 0x00, 0x41, 0xC7, 0xC9, 0x91,
    0x37, 0x3F, 0x80, 0x2A, 0xC6, 0xA4, 0xD5, 0x0D, 0x58, 0x4F, 0x5A, 0x6E, 0x57, 0x06, 0x3E, 0xAB,
    0xB8, 0x34, 0xB4, 0x78, 0x71, 0x8D, 0xDB, 0xB3, 0x4E, 0x7D, 0x7D, 0x4C, 0xD9, 0xF3, 0x79, 0x8C,
    0xC7, 0x64, 0x7F, 0x87, 0xCB, 0x47, 0xC7, 0xE5, 0x5C, 0x84, 0x67, 0x19, 0x5E, 0x9E, 0x4A, 0x92,
    0x89, 0x7C, 0xE2, 0xAE, 0x66, 0xF5, 0xF3, 0xC9, 0x92, 0xFC, 0x33, 0x02, 0xCF, 0x1D, 0x6C, 0x8E,
    0x87, 0x0D, 0xDB, 0x35, 0x4C, 0xC4, 0x82, 0x22, 0xCB, 0x94, 0xA4, 0x09, 0x99, 0x18, 0x83, 0xC4,
    0x96, 0xE6, 0x16, 0xB2, 0xAC, 0x26, 0x18, 0x58, 0x2D, 0x20, 0x6A, 0x00, 0x1A, 0xD0, 0x7E, 0xB9,
    0x7F, 0x91, 0x31, 0x03, 0xED, 0x7D, 0xE5, 0xFB, 0x24, 0x3D, 0xB3, 0xC9, 0x3D, 0x62, 0x29, 0xBB,
    0x9B, 0x1A, 0xCC, 0xB8, 0x99, 0xD2, 0x81, 0x75, 0x21, 0x96, 0x9E, 0x35, 0x90, 0x7E, 0xA8, 0x3F,
    0x62, 0xBB, 0xF5, 0x5D, 0xEF, 0x0F, 0x74, 0x33, 0x54, 0x2A, 0x39, 0x19, 0x1E, 0x8D, 0x70, 0x81,
    0xEB, 0x0D, 0x5A, 0x3B, 0xB6, 0x34, 0x51, 0x30, 0x6E, 0xE5, 0x96, 0x28, 0x81, 0x90, 0x48, 0xCF,
    0x1D, 0x91, 0xD7, 0x3B, 0x06, 0xF9, 0xC8, 0x0C, 0x32, 0x70, 0x52, 0x13, 0x08, 0x41, 0xA8, 0x5E,
    0x72, 0xF3, 0x37, 0xA2, 0x3F, 0xE9, 0x17, 0x16, 0x55, 0x48, 0x38, 0x06, 0x02, 0x7B, 0x67, 0x35,
    0xB1, 0xE9, 0x95, 0xC2, 0x4A, 0x33, 0x36, 0x07, 0x9F, 0xA4, 0x67, 0x7A, 0xE6, 0x66, 0x73, 0x6C,
    0x73, 0xC6, 0xDF, 0x4A, 0x1C, 0x4B, 0x06, 0x33, 0x53, 0xFC, 0x99, 0xFC, 0x3D, 0x82, 0xAE, 0x67,
    0x1B, 0x51, 0x90, 0x16, 0x64, 0x54, 0x73, 0x10, 0x27, 0xBE, 0x12, 0xAF, 0xCC, 0x02, 0xAF, 0xF7,
    0xF7, 0x8F, 0x35, 0xA0, 0x39, 0x79, 0xEA, 0x76, 0xC6, 0x52, 0x28, 0x75, 0x59, 0x4C, 0x02, 0x3C,
    0x4B, 0x86, 0x2B, 0x51, 0x12, 0xAC, 0xF8, 0x17, 0x20, 0x72, 0x90, 0xFE, 0x81, 0x40, 0x94, 0x95,
    0x2B, 0x14, 0xCB, 0xD1, 0x1C, 0x4F, 0xA3, 0xD0, 0x0D, 0x57, 0xB2, 0xD0, 0xBB, 0xB5, 0x1A, 0x09,
    0xAB, 0x49, 0xC3, 0x0A, 0xBB, 0x17, 0x46, 0x73, 0x82, 0x2A, 0x4D, 0x4D, 0x29, 0x58, 0x51, 0xC2,
    0x6E, 0x25, 0xA0, 0x19, 0x0B, 0xD1, 0x27, 0x56, 0xD0, 0x12, 0xE1, 0x94, 0x28, 0x00, 0x36, 0xF0,
    0x1E, 0x8C, 0x1F, 0x57, 0xA9, 0x9C, 0x14, 0x32, 0x03, 0xAB, 0x08, 0x91, 0xE8, 0x89, 0x20, 0x9B,
    0xAF, 0x23, 0x22, 0x44, 0x8B, 0x23, 0xDC, 0x5D, 0x87, 0x97, 0x5F, 0x71, 0x04, 0x29, 0x89, 0xE1,
    0x9D, 0x4A, 0x21, 0x62, 0x21, 0x7C, 0xD1, 0x9D, 0x20, 0xBE, 0x0E, 0x49, 0x8E, 0x3F, 0xE0, 0x09,
    0xFD, 0x45, 0x31, 0xF2, 0x65, 0x33, 0x23, 0x5F, 0xAC, 0x5A, 0x5C, 0x62, 0x2B, 0xF6, 0x01, 0x29,
    0x4E, 0xED, 0x37, 0xF1, 0x44, 0xB2, 0x31, 0xE1, 0x6C, 0x50, 0xD6, 0xC4, 0xF4, 0x52, 0x28, 0x8F,
    0xB5, 0x34, 0xC9, 0xDF, 0xD5, 0x1F, 0x67, 0x57, 0xEE, 0x8A, 0x4E, 0x9B, 0xCD, 0xFC, 0xAA, 0x7F,
    0x28, 0xB0, 0x03, 0xDF, 0x75, 0x32, 0x8A, 0xED, 0xDD, 0xC2, 0x30, 0x76, 0x8F, 0x69, 0x4D, 0xBE,
    0x36, 0x38, 0x06, 0x40, 0x79, 0x1E, 0xE0, 0x88, 0x9E, 0x97, 0xF4, 0x3D, 0xFD, 0x0E, 0xE7, 0x97,
    0xF8, 0xC6, 0x6B, 0xDF, 0xB2, 0xB3, 0x0C, 0xE2, 0x31, 0x67, 0xF9, 0x26, 0x61, 0xFC, 0xE6, 0xEC,
    0xEC, 0x07, 0xAA, 0x16, 0x04, 0x6D, 0x65, 0x26, 0xE6, 0x7A, 0x13, 0x70, 0x09, 0x5D, 0x34, 0xDC,
    0x12, 0x3C, 0x55, 0x3C, 0x28, 0x5A, 0xAE, 0xFE, 0x8A, 0x5B, 0xB6, 0xE7, 0x31, 0xD3, 0x63, 0x9D,
    0x96, 0xAE, 0xCC, 0xA1, 0xB1, 0x40, 0x81, 0xBB, 0xE6, 0x72, 0x80, 0x7B, 0xAF, 0x0C, 0xA9, 0xEA,
    0x41, 0xA1, 0xFC, 0xCE, 0xD2, 0x2A, 0x57, 0x2A, 0x88, 0xEB, 0xAD, 0x27, 0x8A, 0xB9, 0x92, 0xA7,
    0xCD, 0x4B, 0x0C, 0xF5, 0xF9, 0x04, 0xF1, 0x03, 0xEC, 0xA9, 0xCE, 0xF8, 0x2B, 0x9E, 0x91, 0x43,
    0x22, 0xEC, 0x6F, 0xCA, 0x4E, 0xAA, 0xDD, 0x8A, 0xEF, 0x57, 0x35, 0x9B, 0x86, 0xCD, 0x35, 0x71,
    0x80, 0x39, 0xC9, 0x30, 0xB3, 0x1B, 0x60, 0x4F, 0x6A, 0x80, 0xB1, 0x20, 0x68, 0x62, 0x92, 0x04,
    0x45, 0x14, 0x04, 0x59, 0x30, 0x27, 0x3B, 0x00, 0x0A, 0x83, 0x22, 0x0D, 0xAA, 0x38, 0x68, 0xC4,
    0x76, 0xB4, 0xFC, 0xEE, 0xC9, 0x7D, 0xB5, 0x1B, 0x50, 0x8F, 0x39, 0xA0, 0xDC, 0x6F, 0x85, 0xF0,
    0xC0, 0x56, 0x3C, 0x1D, 0xBA, 0xE3, 0x89, 0x56, 0x4E, 0x96, 0x71, 0x74, 0x37, 0xDB, 0x0D, 0xA8,
    0xA7, 0x39, 0x63, 0xCD, 0x45, 0x58, 0x91, 0x61, 0x65, 0x31, 0x23, 0x52, 0xAC, 0x96, 0xF2, 0xBD,
    0xF8, 0x51, 0x9D, 0x41, 0x92, 0xDD, 0x0D, 0xAC, 0xC7, 0x19, 0x58, 0x3B, 0xB0, 0x3F, 0x79, 0xB0,
    0xC3, 0x44, 0x20, 0x6C, 0xA6, 0xEC, 0x64, 0xA5, 0x2D, 0xC6, 0x02, 0xF5, 0xB4, 0x4C, 0x95, 0xE8,
    0x37, 0x09, 0xB9, 0xCA, 0x08, 0xDF, 0x5A, 0x48, 0x5B, 0xF9, 0x47, 0x1C, 0xE7, 0xAF, 0x4A, 0xE3,
    0x89, 0x95, 0xB8, 0x98, 0x3B, 0x82, 0xF1, 0x05, 0x11, 0xDF, 0x3B, 0xE9, 0xE7, 0xCF, 0x3A, 0x52,
    0x6E, 0x38, 0xED, 0x9C, 0x36, 0x12, 0x77, 0x23, 0xEF, 0xB1, 0xA7, 0x34, 0x0C, 0x05, 0x50, 0x7F,
    0x69, 0xAB, 0x92, 0x54, 0x3E, 0xF1, 0xDE, 0x55, 0xF8, 0x2C, 0xEC, 0x1D, 0x71, 0x03, 0x88, 0x86,
    0x50, 0x4E, 0x4E, 0x7B, 0xF5, 0x03, 0x86, 0xDA, 0x30, 0x6A, 0xA0, 0x22, 0x95, 0x4A, 0x0E, 0x97,
    0xCE, 0x6C, 0xA8, 0x7A, 0xD3, 0x03, 0x7D, 0x03, 0xF6, 0x61, 0xBB, 0x50, 0xF9, 0xB4, 0x19, 0xC9,
    0x9A, 0x22, 0x39, 0x42, 0x1C, 0x01, 0x37, 0x59, 0x1A, 0xAE, 0xD1, 0xA3, 0xD8, 0x3C, 0x25, 0x52,
    0xBD, 0xAF, 0x1F, 0x8E, 0x7C, 0x9A, 0x95, 0x44, 0x3E, 0x19, 0x80, 0x61, 0x36, 0x44, 0x14, 0x94,
    0xD2, 0x7C, 0xAD, 0xAF, 0x2D, 0x79, 0xB4, 0x7D, 0x1D, 0x3F, 0x51, 0x5F, 0xCE, 0x6A, 0x63, 0x1D,
    0x93, 0xAA, 0xCB, 0x3B, 0x2B, 0x92, 0x3C, 0xFB, 0xDF, 0xE2, 0xB4, 0xFC, 0x0D, 0xB6, 0xF2, 0x3A,
    0xAE, 0x87, 0x67, 0x27, 0x2B, 0x43, 0xCE, 0x07, 0x8E, 0xF9, 0x86, 0x24, 0xCA, 0x6F, 0x0B, 0x37,
    0x20, 0x75, 0x96, 0xD8, 0x88, 0x81, 0xD1, 0x35, 0x66, 0x6A, 0x1D, 0x1E, 0x89, 0xE5, 0xC4, 0x1D,
    0xFF, 0xA1, 0x88, 0x5A, 0x89, 0xE5, 0x8F, 0x69, 0x8A, 0xA9, 0x4B, 0x1C, 0xAD, 0xB1, 0xFD, 0x35,
    0xF5, 0x4B, 0x2C, 0x0A, 0x9D, 0x98, 0xC7, 0x25, 0x13, 0x68, 0x25, 0xB7, 0x59, 0x49, 0xDE, 0x05,
    0x2B, 0x71, 0x33, 0x20, 0xF3, 0xF1, 0x07, 0x4B, 0x78, 0xE0, 0x51, 0xEB, 0x86, 0x7B, 0x01, 0x7D,
    0x0B, 0xEC, 0xA3, 0x06, 0x02, 0xA3, 0x76, 0x22, 0x26, 0xAA, 0x33, 0x8D, 0xA5, 0x82, 0x2C, 0xCC,
    0x4B, 0x64, 0x60, 0x37, 0xD1, 0x8C, 0x7F, 0x1A, 0xB2, 0x68, 0x5A, 0xB2, 0x34, 0x1D, 0xCA, 0x5F,
    0x35, 0x21, 0xD1, 0x2D, 0x61, 0xEF, 0x15, 0x6B, 0xF7, 0xB2, 0xF7, 0x71, 0x2C, 0xE1, 0x23, 0xCE,
    0xF7, 0x58, 0xF2, 0x6E, 0x64, 0x82, 0x5D, 0x56, 0x6B, 0x59, 0xF5, 0xA0, 0xDB, 0x24, 0xAE, 0x88,
    0x53, 0xDD, 0xB8, 0x32, 0xC9, 0xC7, 0xAB, 0x68, 0xE4, 0x1D, 0x25, 0xA6, 0x27, 0x67, 0x4A, 0x5C,
    0xFA, 0x36, 0x11, 0x9F, 0x27, 0xE5, 0x73, 0x6E, 0xFF, 0x9A, 0x16, 0x55, 0xB9, 0x2D, 0x49, 0x66,
    0xCC, 0x25, 0x64, 0x64, 0x42, 0x0C, 0x5F, 0xC4, 0x31, 0x00, 0x8B, 0x16, 0xAC, 0x13, 0xDC, 0x39,
    0x17, 0x02, 0x97, 0x4D, 0x4F, 0x91, 0x70, 0x6D, 0xDD, 0x79, 0x16, 0x1D, 0x5B, 0x6C, 0x0F, 0xD3,
    0x65, 0x06, 0x44, 0xC8, 0x3A, 0x4B, 0x24, 0x24, 0xF4, 0xA1, 0xF8, 0x58, 0xE6, 0x46, 0x44, 0x54,
    0xC7, 0xB6, 0x4F, 0x9A, 0x94, 0x83, 0x30, 0x6C, 0x93, 0xD6, 0x0E, 0x89, 0x71, 0x95, 0xBA, 0xD9,
    0x3F, 0x5B, 0xAE, 0x8E, 0x9F, 0x6C, 0xF4, 0x0A, 0x3C, 0xD4, 0x34, 0xA9, 0x24, 0x3A, 0xA7, 0x7C,
    0x00, 0x07, 0x00, 0x5B, 0x38, 0xAB, 0x15, 0x1D, 0x30, 0x4E, 0xC3, 0x2D, 0xC5, 0x22, 0x74, 0xD6,
    0x72, 0x6F, 0xB6, 0x4A, 0x6B, 0xAC, 0x73, 0xFA, 0x5B, 0x50, 0x4F, 0xC3, 0x4A, 0x34, 0xCE, 0xDC,
    0x02, 0xCA, 0x33, 0xCB, 0x37, 0x8F, 0x99, 0x5E, 0x5F, 0x29, 0x00, 0x8B, 0xA0, 0x02, 0x47, 0x15,
    0xB1, 0x1C, 0x96, 0xAC, 0x4F, 0x7F, 0xD2, 0x87, 0x1A, 0x56, 0x34, 0x43, 0x06, 0xDC, 0xB4, 0xC2,
    0x03, 0xAE, 0x97, 0x80, 0x41, 0x15, 0xF0, 0xB1, 0x49, 0xB0, 0xA3, 0xE0, 0x15, 0x4E, 0xF6, 0xB5,
    0xB8, 0x60, 0x1D, 0x95, 0x60, 0xA7, 0xE8, 0xBB, 0xE5, 0xFA, 0xE6, 0xE7, 0xB8, 0x53, 0x68, 0x21,
    0xE8, 0x24, 0x98, 0xDA, 0x4D, 0xD8, 0x41, 0x9B, 0xC2, 0xF4, 0x9D, 0xD8, 0x03, 0xDB, 0xC4, 0x62,
    0x0B, 0x71, 0xAB, 0x68, 0xE0, 0x39, 0x89, 0xDD, 0x7F, 0x16, 0xFA, 0xC8, 0x77, 0x55, 0xCE, 0x62,
    0xB7, 0x04, 0xAF, 0x52, 0xB7, 0x40, 0xA9, 0x9D, 0xFC, 0x91, 0x57, 0xA8, 0x60, 0x83, 0xD6, 0x80,
    0x2B, 0x7A, 0x58, 0x95, 0xBB, 0x1B, 0x2C, 0x6F, 0x9D, 0xD7, 0x2E, 0xBB, 0x68, 0xEC, 0x2B, 0xC4,
    0x99, 0xA7, 0xC5, 0xF0, 0x48, 0x96, 0x29, 0x03, 0x38, 0x80, 0xB9, 0xCA, 0x1D, 0x0E, 0xAF, 0x03,
    0xD7, 0x6F, 0x41, 0x28, 0x6A, 0x41, 0xE4, 0x70, 0xB7, 0xBA, 0x06, 0x73, 0x2F, 0x76, 0x00, 0x49,
    0x40, 0x6E, 0x7E, 0xF2, 0x00, 0xAB, 0xE3, 0x81, 0x82, 0x39, 0x51, 0x7A, 0xF4, 0xB6, 0x48, 0x36,
    0xDE, 0xAB, 0xA0, 0xC5, 0xB6, 0xBC, 0x62, 0xB5, 0x7A, 0xC0, 0xEF, 0x28, 0x24, 0xF4, 0x89, 0x1E,
    0x32, 0x12, 0x4A, 0x60, 0xC4, 0xD3, 0x81, 0x05, 0x2F, 0xF4, 0xCC, 0x2D, 0x6B, 0x96, 0x8F, 0x51,
    0x38, 0x46, 0xB3, 0x5F, 0x44, 0x54, 0xC1, 0x7E, 0xD6, 0x14, 0x86, 0x8A, 0xD3, 0xF0, 0xD5, 0x5B,
    0x1A, 0xFD, 0x98, 0xB1, 0xE2, 0x2A, 0x11, 0xBF, 0x57, 0x3A, 0xB0, 0x3B, 0xA7, 0xBB, 0xD6, 0x3F,
    0x7C, 0x26, 0xD8, 0x26, 0xF4, 0xD6, 0x35, 0x6A, 0x33, 0xEC, 0x25, 0xF8, 0xCF, 0x9D, 0xF7, 0xB8,
    0xFF, 0x33, 0x78, 0x6D, 0xE8, 0x10, 0xF8, 0x0F, 0x7D, 0x82, 0x4D, 0x73, 0xD5, 0x1D, 0xBE, 0xA7,
    0xCF, 0xEF, 0x95, 0x5A, 0xA5, 0xC2, 0xC0, 0x3B, 0x6C, 0xAE, 0x25, 0x0C, 0xBE, 0xD1, 0x7D, 0xF6,
    0x43, 0x47, 0xE1, 0xEA, 0x37, 0x62, 0x1F, 0xE0, 0x16, 0xA9, 0x94, 0xA9, 0x86, 0xA9, 0x78, 0x42,
    0x89, 0x33, 0x81, 0xAA, 0xDA, 0x34, 0xD4, 0x6A, 0xA2, 0x51, 0x5B, 0x68, 0x38, 0x41, 0x3C, 0x09,
    0xFE, 0x55, 0x7B, 0xF0, 0xA8, 0x5E, 0x97, 0x4B, 0xD5, 0x46, 0xEC, 0x46, 0x84, 0x9A, 0xA5, 0xFE,
    0x94, 0x96, 0xD7, 0x6E, 0xAC, 0x78, 0xB7, 0x89, 0x49, 0x44, 0xA8, 0xF5, 0x01, 0x53, 0x77, 0x8D,
    0x0C, 0xC2, 0x2D, 0x67, 0xB9, 0x6C, 0xE5, 0xB3, 0xA1, 0xC8, 0x98, 0x0A, 0xD9, 0x06, 0x8C, 0x40,
    0xE4, 0x1C, 0xD7, 0x4F, 0x50, 0xC9, 0xBF, 0x8A, 0x2C, 0x1F, 0xB0, 0x08, 0x1C, 0xBE, 0xC4, 0xC8,
    0x5F, 0x94, 0x78, 0x90, 0xED, 0x43, 0x09, 0x13, 0x01, 0xFE, 0x5E, 0x62, 0x74, 0x0A, 0x71, 0xEE,
    0x0F, 0xAE, 0x04, 0xB4, 0x56, 0x88, 0x5D, 0x57, 0xE6, 0x54, 0x41, 0x2D, 0x4B, 0x5A, 0x57, 0xCF,
    0xA3, 0xDF, 0x52, 0x95, 0x35, 0xB2, 0x69, 0xB8, 0xBC, 0xC7, 0xAD, 0x2E, 0xFE, 0x27, 0x1C, 0x95,
    0xED, 0xAB, 0x2F, 0x36, 0x5D, 0x1E, 0x6A, 0xB8, 0x3B, 0xAB, 0x0E, 0x0F, 0x26, 0xCC, 0x78, 0x31,
    0x8B, 0x43, 0xEC, 0xC4, 0x91, 0xC1, 0xB3, 0x6F, 0xA3, 0x32, 0xF5, 0x25, 0xF7, 0x43, 0x8C, 0x81,
    0xA0, 0x14, 0x06, 0x9A, 0xD7, 0x26, 0x6A, 0xCC, 0xE5, 0xED, 0x0A, 0x03, 0x73, 0x03, 0x06, 0x2E,
    0xCA, 0x5F, 0x98, 0xE4, 0x83, 0x23, 0x6E, 0x6A, 0x60, 0x14, 0x87, 0x47, 0xA2, 0x67, 0xCE, 0xF3,
    0xB1, 0xD0, 0xC6, 0xA6, 0xA6, 0xC6, 0x16, 0x24, 0x55, 0x36, 0xF9, 0xE7, 0xE4, 0xB6, 0x93, 0x86,
    0x8E, 0xB1, 0x99, 0xC9, 0x7D, 0x27, 0xC6, 0x1E, 0x08, 0xA8, 0xBB, 0xAE, 0x4F, 0xF3, 0x6D, 0x50,
    0x0C, 0x4F, 0xC2, 0x77, 0xAE, 0x25, 0x78, 0xDC, 0xB7, 0x10, 0xE5, 0xBF, 0xB0, 0xF0, 0x73, 0x84,
    0x6E, 0x29, 0x49, 0x07, 0x3E, 0x2A, 0x79, 0x03, 0xD6, 0xAC, 0xA4, 0x30, 0x9F, 0xDB, 0x0E, 0xFA,
    0x57, 0xA8, 0x5F, 0x33, 0x0E, 0x72, 0xE2, 0x3C, 0x20, 0x44, 0x2F, 0x69, 0x1C, 0xE7, 0x1F, 0xD8,
    0x71, 0x84, 0x28, 0xB7, 0xDE, 0xA0, 0x0E, 0xA2, 0xE4, 0x06, 0x1A, 0xB1, 0xC0, 0xDB, 0xA2, 0xDC,
    0x4E, 0xAD, 0x97, 0x8D, 0xF1, 0x53, 0x18, 0x3A, 0x70, 0x5B, 0x26, 0xC9, 0xFD, 0xCB, 0xA2, 0x24,
    0x41, 0x41, 0x04, 0x29, 0xF0, 0xF7, 0x19, 0x90, 0x82, 0xC9, 0x03, 0x52, 0x31, 0x40, 0xA0, 0x1D,
    0xDE, 0x24, 0xC1, 0xA9, 0xBA, 0x37, 0x93, 0xB0, 0x16, 0xA4, 0xA8, 0x53, 0x81, 0xB2, 0xDC, 0x15,
    0xD5, 0x82, 0xC6, 0x8B, 0xA3, 0x22, 0x75, 0x95, 0x64, 0xC7, 0x1A, 0x47, 0x31, 0xE7, 0x4B, 0xEC,
    0xCF, 0x78, 0xDC, 0x24, 0xF6, 0xDF, 0xD5, 0x44, 0x25, 0x0C, 0x32, 0x51, 0x67, 0xA3, 0x51, 0x48,
    0x4A, 0x34, 0x03, 0x43, 0xE2, 0x46, 0x91, 0x0C, 0xCD, 0x9F, 0xF3, 0x60, 0x4D, 0xEC, 0xBF, 0x59,
    0xF5, 0xDA, 0xB1, 0x93, 0xE7, 0x76, 0x4C, 0x31, 0xCB, 0x25, 0x1E, 0x91, 0x49, 0x4D, 0x35, 0x24,
    0x93, 0x94, 0x05, 0xF4, 0x46, 0x6B, 0xA6, 0x62, 0xD6, 0x09, 0xBC, 0x43, 0x8B, 0x34, 0x74, 0x42,
    0xF2, 0x40, 0x99, 0x40, 0x3E, 0xF3, 0x39, 0x3B, 0x46, 0x35, 0x68, 0xD9, 0x20, 0x07, 0xFA, 0xC5,
    0x98, 0x66, 0xE7, 0x66, 0x73, 0x9C, 0x85, 0x62, 0x34, 0x36, 0x78, 0x63, 0x40, 0x43, 0x39, 0xE6,
    0x92, 0x18, 0x29, 0xBD, 0x99, 0xDA, 0x29, 0xC0, 0xE6, 0xB3, 0x99, 0x5F, 0x62, 0xA1, 0x53, 0xCD,
    0x51, 0x5B, 0x05, 0xAB, 0x63, 0x18, 0xBC, 0x0C, 0xE5, 0x31, 0xC1, 0x8D, 0x94, 0xD7, 0xAC, 0xA6,
    0x51, 0x78, 0xE4, 0xB2, 0x24, 0x75, 0x7C, 0xC6, 0x8D, 0xA3, 0x9F, 0xB1, 0xBD, 0x5D, 0x19, 0xD0,
    0xBC, 0x9A, 0xC5, 0xA4, 0xF4, 0xC8, 0x72, 0xD2, 0x32, 0x65, 0x6C, 0x5D, 0x78, 0x09, 0x31, 0x05,
    0x7A, 0x9B, 0x82, 0xD5, 0x36, 0xA2, 0xF5, 0xC9, 0xF8, 0x73, 0xC5, 0xBF, 0xB7, 0x58, 0x7E, 0x81,
    0xD1, 0xFE, 0x12, 0x73, 0x8E, 0xCF, 0xB3, 0x4E, 0x27, 0xB3, 0x7C, 0x7F, 0x5C, 0x31, 0xE6, 0xA0,
    0x45, 0xE9, 0xB0, 0x8C, 0xA0, 0x6F, 0x5C, 0xE9, 0x7A, 0x3D, 0x5B, 0x62, 0xC4, 0x22, 0x42, 0x7F,
    0x0D, 0x73, 0x30, 0x96, 0x09, 0xAE, 0x87, 0xFA, 0xD1, 0xD0, 0x7D, 0x63, 0xB6, 0xBC, 0x7E, 0x59,
    0x26, 0xE5, 0x4D, 0x73, 0xCD, 0xDC, 0xE0, 0xB1, 0xD0, 0x72, 0xC3, 0x2C, 0x34, 0xCC, 0x3D, 0x43,
    0x93, 0xE2, 0xC8, 0x7C, 0x4B, 0x8B, 0x74, 0xCB, 0xF3, 0x2D, 0x6B, 0x18, 0xB5, 0x04, 0xB7, 0x48,
    0xF8, 0x1D, 0x07, 0x5F, 0x69, 0xA9, 0x02, 0xAE, 0xC4, 0x76, 0x2C, 0x2D, 0xB9, 0x80, 0x97, 0x76,
    0xC1, 0xD6, 0x0F, 0x5C, 0x26, 0xBB, 0x92, 0xE0, 0x24, 0xD6, 0x10, 0x31, 0x3A, 0xBA, 0xEF, 0xB1,
    0x9E, 0x70, 0x1E, 0xA6, 0x21, 0xB0, 0xA1, 0x5E, 0xBF, 0xE6, 0xFB, 0xF1, 0x22, 0x9F, 0x6C, 0x8E,
    0x96, 0x2C, 0x7A, 0xF8, 0xDC, 0x1E, 0x4B, 0x37, 0x11, 0xC2, 0xC0, 0xB8, 0xB7, 0x20, 0xC6, 0x01,
    0xF1, 0x98, 0x2D, 0x96, 0x39, 0xB7, 0xA3, 0x44, 0x2D, 0x79, 0xD3, 0x99, 0xD1, 0x7C, 0x46, 0xE0,
    0x9B, 0x71, 0x73, 0xCE, 0x26, 0x65, 0xCF, 0x8A, 0x5F, 0xB5, 0xB8, 0xE2, 0xAD, 0xF9, 0x67, 0x12,
    0xC1, 0xD3, 0x7B, 0xD3, 0x55, 0xD0, 0xC9, 0xDA, 0x13, 0x8E, 0x67, 0x6B, 0x8D, 0x46, 0xB9, 0x48,
    0x98, 0x0B, 0xDB, 0x51, 0xCC, 0x19, 0x1D, 0x29, 0x9F, 0x76, 0xB9, 0xE9, 0xB8, 0x99, 0x8B, 0xE3,
    0x66, 0x33, 0x2B, 0x7D, 0x76, 0xE0, 0xFC, 0xE2, 0xC3, 0x3B, 0x70, 0xFE, 0xA3, 0xF8, 0xE5, 0x82,
    0x69, 0x10, 0xDC, 0x28, 0xDD, 0x8D, 0xD6, 0xD0, 0xF8, 0x3D, 0x85, 0x65, 0x07, 0xD0, 0x3C, 0x8B,
    0x7B, 0x5B, 0x17, 0x86, 0x19, 0xE9, 0x76, 0x31, 0x14, 0xA6, 0xD4, 0xC3, 0x35, 0x0E, 0x8B, 0x3B,
    0x3F, 0x07, 0xD0, 0xAB, 0x06, 0x3A, 0xA1, 0xE9, 0x61, 0x87, 0x8D, 0xD3, 0xA2, 0x1F, 0xC6, 0xBF,
    0x17, 0xE7, 0x19, 0x8F, 0x38, 0x91, 0xD0, 0xB8, 0xE4, 0xD5, 0x72, 0xEE, 0xE5, 0x2E, 0xE7, 0x0B,
    0x0B, 0x14, 0xD6, 0x17, 0x76, 0xCF, 0x18, 0x94, 0xA6, 0x2F, 0x03, 0xEB, 0x52, 0x4C, 0x70, 0x90,
    0x5A, 0x31, 0x2A, 0x87, 0xAA, 0xEF, 0x21, 0x67, 0x75, 0xFC, 0xA1, 0x67, 0x8D, 0x90, 0xC9, 0x67,
    0x13, 0xC0, 0x65, 0x6E, 0xFF, 0xB8, 0x9D, 0x07, 0x9A, 0xBB, 0x12, 0x01, 0x9B, 0xAC, 0x08, 0xB0,
    0x09, 0x09, 0xA2, 0x0D, 0x97, 0x75, 0x5A, 0x13, 0x60, 0x53, 0xD6, 0x9A, 0xA5, 0xEC, 0x1D, 0x9E,
    0x32, 0x60, 0xFE, 0x8A, 0xCB, 0xE7, 0x9E, 0x41, 0xC0, 0x3A, 0x00, 0xFD, 0x25, 0x22, 0x08, 0x8D,
    0x02, 0x45, 0x0A, 0xA9, 0xBA, 0x8A, 0x9C, 0x8E, 0x0D, 0xA0, 0x08, 0x92, 0x1F, 0xB8, 0x23, 0x2E,
    0x53, 0xCB, 0x02, 0x8F, 0xD8, 0xA3, 0x28, 0x0C, 0x17, 0xE8, 0xB7, 0x5D, 0xFC, 0x64, 0x7B, 0x46,
    0x82, 0xA7, 0x7D, 0xCC, 0x09, 0x26, 0xC0, 0x8A, 0x11, 0x5F, 0x93, 0xE3, 0xFB, 0x3C, 0x9D, 0x05,
    0x14, 0xD2, 0x8D, 0xBE, 0xF9, 0x88, 0x1C, 0x8E, 0x5B, 0xC8, 0x37, 0xCA, 0x54, 0x4B, 0x8E, 0xFC,
    0x5E, 0x9D, 0x0B, 0x04, 0x8C, 0xB6, 0x46, 0x0E, 0xCE, 0x2C, 0x67, 0xC5, 0x35, 0x0D, 0x04, 0x79,
    0x52, 0x05, 0x7A, 0x54, 0x15, 0x3E, 0x09, 0x3F, 0x21, 0x2A, 0x86, 0x8A, 0x68, 0x5B, 0x11, 0xA2,
    0x82, 0x08, 0x13, 0x4E, 0xC0, 0x75, 0xCF, 0x3F, 0xF6, 0xD3, 0xC9, 0xF0, 0x49, 0x20, 0x61, 0x7C,
    0x4C, 0x0B, 0xE0, 0xBC, 0x68, 0xFA, 0xE6, 0x34, 0x71, 0x46, 0xF3, 0x7F, 0x6A, 0x2C, 0x35, 0xB4,
    0xCA, 0x3E, 0xB1, 0xE8, 0xB5, 0x79, 0xD8, 0xF2, 0x47, 0x54, 0x86, 0x94, 0x8B, 0x6F, 0xC0, 0x1B,
    0xFB, 0xEC, 0xBB, 0xE6, 0xF3, 0x0C, 0xE2, 0x73, 0x12, 0xD9, 0x60, 0x1E, 0xD7, 0x14, 0xF2, 0xE3,
    0x53, 0x29, 0xDF, 0xA3, 0x32, 0xFE, 0x06, 0x95, 0xCF, 0xE1, 0x73, 0xFC, 0x7B, 0xF4, 0xBC, 0x45,
    0x4F, 0xA5, 0x43, 0x26, 0x96, 0x6E, 0xFE, 0x98, 0x95, 0x09, 0x7D, 0x7F, 0xC9, 0x2D, 0x5E, 0x02,
    0x76, 0x1B, 0x22, 0x03, 0x7D, 0xCF, 0x89, 0x01, 0xA5, 0x5C, 0x2D, 0x24, 0x7B, 0x81, 0x79, 0x65,
    0x9F, 0x5C, 0x2E, 0x22, 0x4A, 0x53, 0x20, 0x87, 0xA5, 0x95, 0xE4, 0x0D, 0xA7, 0x1F, 0x40, 0xEE,
    0xFD, 0x6D, 0x43, 0xF9, 0x6B, 0x22, 0x0E, 0x71, 0xCF, 0x48, 0x73, 0xC1, 0x69, 0x19, 0x1A, 0x72,
    0x4C, 0x0E, 0xE6, 0xCF, 0x88, 0xBE, 0x05, 0x51, 0xEE, 0xD1, 0x19, 0x1F, 0x04, 0x6A, 0x45, 0x4F,
    0x6C, 0x86, 0xB5, 0x1E, 0x36, 0x2D, 0x85, 0x81, 0xCE, 0x1E, 0x49, 0xAD, 0xD2, 0xA4, 0x48, 0x84,
    0xA1, 0x52, 0xF9, 0x98, 0xB5, 0x50, 0x54, 0x88, 0xA1, 0x5A, 0xE5, 0xD4, 0x6D, 0xD7, 0x84, 0xAA,
    0x4E, 0xF7, 0xCE, 0xE8, 0xB2, 0xE4, 0x3A, 0x1B, 0x54, 0xC9, 0x39, 0xAB, 0xEF, 0x6D, 0x5F, 0xB2,
    0x0D, 0xC3, 0xF6, 0xE4, 0x19, 0x06, 0xCD, 0x8F, 0x36, 0x25, 0x12, 0x2E, 0x73, 0x12, 0x27, 0x56,
    0x32, 0x4C, 0x99, 0xAA, 0x95, 0x6A, 0x95, 0x5A, 0x29, 0xB5, 0x56, 0xCA, 0x32, 0x35, 0x60, 0x2A,
    0x1C, 0xA0, 0x7A, 0xB8, 0x98, 0x28, 0x78, 0x49, 0xA2, 0x40, 0x36, 0x21, 0x2A, 0x72, 0x00, 0x24,
    0x0A, 0xE4, 0x3D, 0xA2, 0x40, 0xB8, 0x20, 0x0A, 0xBA, 0x89, 0xA9, 0xD4, 0x76, 0x4C, 0xC5, 0xEE,
    0x25, 0x88, 0x0A, 0xED, 0xC0, 0xD4, 0x82, 0xF3, 0x3E, 0xA0, 0x69, 0x8C, 0x29, 0x53, 0x2A, 0x95,
    0x2A, 0x15, 0x2B, 0x15, 0x2A, 0xB5, 0x00, 0xCA, 0x2B, 0x87, 0x0C, 0x5A, 0x03, 0xB3, 0x49, 0xF6,
    0xA4, 0xF1, 0x2D, 0x99, 0xCF, 0x23, 0x05, 0xC0, 0x56, 0x2A, 0x18, 0x53, 0x40, 0xFE, 0x8E, 0xCA,
    0x8F, 0x8A, 0xCE, 0x98, 0x11, 0x90, 0xB6, 0x73, 0x25, 0x82, 0xAE, 0xB9, 0xDA, 0x99, 0x18, 0x2A,
    0x5E, 0x84, 0x92, 0x0D, 0x34, 0xE6, 0xD3, 0xC3, 0xFA, 0x2C, 0xFD, 0xBC, 0xFC, 0x9E, 0xB9, 0xFA,
    0x3B, 0x4C, 0xD7, 0x81, 0x9A, 0x24, 0x92, 0xE8, 0x20, 0x75, 0xC3, 0x5A, 0x33, 0xEF, 0x58, 0x12,
    0x47, 0x25, 0xD9, 0xD2, 0x2A, 0xA0, 0x92, 0x54, 0xD1, 0x6C, 0x82, 0xC0, 0x32, 0x7F, 0x6A, 0x65,
    0x01, 0x03, 0xCF, 0x01, 0xFD, 0x10, 0xC4, 0x4F, 0x18, 0x34, 0xD0, 0x3D, 0x93, 0x72, 0xD8, 0xE1,
    0xF6, 0xE9, 0xE1, 0x76, 0x02, 0xA6, 0x62, 0x8B, 0xF2, 0x4A, 0x35, 0x55, 0xF9, 0xA8, 0xEE, 0xD2,
    0x05, 0x75, 0xA2, 0xDF, 0x25, 0x5B, 0x54, 0x60, 0xCA, 0xDC, 0x7C, 0xE5, 0x8A, 0xDE, 0xF0, 0x21,
    0x41, 0xF0, 0x36, 0x89, 0xFC, 0xFA, 0xDC, 0xCF, 0x38, 0x57, 0x05, 0x95, 0x99, 0x71, 0x82, 0x48,
    0x3F, 0x9B, 0xED, 0xA1, 0xCA, 0x3C, 0x3F, 0x94, 0xC7, 0x05, 0x6C, 0x84, 0x15, 0x87, 0x54, 0x81,
    0x9B, 0x23, 0xCB, 0x74, 0x4E, 0x9C, 0xE1, 0x8E, 0x71, 0xB7, 0x55, 0x16, 0xF4, 0xB3, 0x31, 0x81,
    0x96, 0x66, 0xD0, 0x9A, 0x64, 0xB9, 0xED, 0xD4, 0xDD, 0x52, 0x83, 0x70, 0x8F, 0x73, 0x14, 0xD9,
    0xCD, 0x3A, 0x1F, 0xE4, 0xE8, 0xFD, 0x04, 0xA5, 0x45, 0x31, 0xE0, 0x08, 0x03, 0xA8, 0xB0, 0x15,
    0x65, 0x98, 0x2C, 0x5B, 0x72, 0x6E, 0x4F, 0x57, 0x14, 0xC7, 0x1D, 0x0F, 0x04, 0x1E, 0xC9, 0x9C,
    0xA6, 0x89, 0xD3, 0x24, 0x6F, 0x9A, 0x60, 0xF3, 0xD2, 0xF5, 0x0F, 0xE1, 0xAC, 0xE3, 0xFD, 0x54,
    0xDF, 0x30, 0x1A, 0xD5, 0x2C, 0xA3, 0xA9, 0x58, 0xA3, 0x4A, 0xB1, 0x05, 0xEB, 0xD1, 0x86, 0xB8,
    0x9D, 0xAC, 0xB6, 0x92, 0x99, 0x59, 0xFE, 0xD0, 0xBC, 0x76, 0x0F, 0xF5, 0xCD, 0xD7, 0x70, 0x0C,
    0x14, 0x30, 0xC2, 0x5D, 0x15, 0x72, 0x34, 0x51, 0x43, 0xF3, 0x0D, 0x08, 0xA6, 0xB4, 0xE5, 0x96,
    0xEC, 0x41, 0x22, 0xBB, 0xC9, 0x8D, 0x7A, 0x09, 0x6D, 0x67, 0x9D, 0x58, 0x35, 0x5D, 0x73, 0x7A,
    0x4A, 0x6A, 0xFE, 0xF0, 0x0D, 0xB2, 0x3C, 0x37, 0x64, 0x48, 0x5D, 0xC0, 0x71, 0x0A, 0x1D, 0x73,
    0x4A, 0x20, 0x63, 0x22, 0x4B, 0xCA, 0x50, 0xBD, 0x3E, 0x95, 0x87, 0x74, 0x5B, 0x78, 0xC8, 0x30,
    0xF2, 0x90, 0x4C, 0xA9, 0x4A, 0xA9, 0x46, 0xA9, 0x4E, 0xA9, 0x5E, 0xA9, 0x61, 0xE4, 0x21, 0x99,
    0xF2, 0x90, 0x4A, 0x79, 0x48, 0xA3, 0x3C, 0xA4, 0x53, 0x1E, 0xD2, 0x2B, 0x0F, 0x11, 0x6E, 0xE2,
    0x29, 0x37, 0x31, 0x23, 0x37, 0x49, 0x95, 0x9B, 0xC4, 0xB6, 0x55, 0x1E, 0xD2, 0x2B, 0x0F, 0x11,
    0x6E, 0xE2, 0x2E, 0x2E, 0x4F, 0xE0, 0x21, 0x91, 0x52, 0xC1, 0xC9, 0x3C, 0x24, 0x57, 0x1E, 0x82,
    0x95, 0x65, 0x1E, 0xD2, 0x29, 0x0F, 0x19, 0xA7, 0x65, 0xA6, 0x9E, 0x17, 0xCA, 0x6F, 0x05, 0xC1,
    0x61, 0x2F, 0x0B, 0xD4, 0xD8, 0xDE, 0x61, 0xA6, 0x1F, 0xEB, 0x2C, 0x11, 0x6B, 0x56, 0xF4, 0x48,
    0xB3, 0xCE, 0x8F, 0x79, 0xEA, 0xCD, 0xCD, 0xC3, 0x8B, 0xCB, 0x25, 0xB2, 0x80, 0xCD, 0x62, 0x6C,
    0x22, 0xC9, 0xB0, 0x03, 0xC6, 0xD2, 0x4C, 0x5D, 0x10, 0x34, 0x5F, 0xBF, 0x26, 0xD7, 0xEF, 0x67,
    0xE9, 0x7E, 0x44, 0x70, 0x63, 0xE9, 0x2E, 0xE0, 0x26, 0x4A, 0x35, 0xF9, 0xB9, 0x9C, 0x46, 0x53,
    0xBA, 0x7F, 0x5B, 0xDA, 0x94, 0x84, 0xFF, 0xD8, 0x8E, 0x09, 0xE9, 0x38, 0x03, 0xBF, 0x55, 0x9B,
    0xE9, 0xE9, 0x09, 0xC0, 0xC6, 0xBF, 0x4B, 0x9C, 0xE7, 0xC0, 0x9B, 0x5E, 0x3E, 0x18, 0x09, 0x4E,
    0xAA, 0x24, 0x2B, 0x6B, 0x27, 0x7E, 0xEC, 0x3D, 0xE5, 0x65, 0x05, 0xF3, 0x16, 0x26, 0x66, 0x05,
    0x36, 0x85, 0x06, 0x27, 0x1F, 0xB5, 0x3D, 0x14, 0x05, 0xD7, 0x44, 0x6C, 0xE2, 0x6B, 0x63, 0xD6,
    0x72, 0x75, 0x29, 0x47, 0x01, 0xAF, 0x52, 0x4E, 0x9F, 0xBB, 0xCA, 0x99, 0xE8, 0xC9, 0x87, 0x5C,
    0x09, 0x07, 0x0B, 0x7B, 0x26, 0xA2, 0x42, 0x62, 0x25, 0x44, 0x57, 0xF2, 0x0D, 0x5B, 0xCA, 0xD4,
    0xEA, 0x08, 0x8A, 0x65, 0x8B, 0xC1, 0xA5, 0x95, 0x94, 0x6E, 0x55, 0xC2, 0xB6, 0xC6, 0x22, 0xB2,
    0xE4, 0x9C, 0x47, 0xC2, 0xF4, 0x02, 0xF3, 0x50, 0xE0, 0x2E, 0x01, 0x34, 0x63, 0x3F, 0xB0, 0x64,
    0xEB, 0x9C, 0x86, 0x56, 0xE8, 0xBE, 0x05, 0xD8, 0x75, 0x37, 0xD1, 0xBF, 0x0A, 0x5A, 0xEA, 0xCE,
    0xB0, 0x2F, 0x71, 0x52, 0x1D, 0xF5, 0xD1, 0x8A, 0x8A, 0xCE, 0xC8, 0xAE, 0x03, 0xA1, 0xB5, 0xA7,
    0x86, 0xA5, 0x53, 0x6E, 0x56, 0x83, 0x46, 0x57, 0xD9, 0xC1, 0x27, 0x21, 0x25, 0x19, 0xEA, 0x46,
    0x2A, 0x57, 0xAF, 0x7F, 0x46, 0x8F, 0x7D, 0x60, 0x1C, 0x2D, 0xE5, 0xAD, 0x5C, 0x01, 0x42, 0x5C,
    0x6B, 0xC4, 0x98, 0x02, 0xB1, 0x67, 0x23, 0x7F, 0x8A, 0xC5, 0x7A, 0x52, 0xF8, 0x1B, 0x05, 0x9F,
    0xD2, 0xA7, 0x68, 0xF2, 0xEE, 0x53, 0x4C, 0x37, 0xB8, 0x82, 0x84, 0xDB, 0x01, 0x70, 0x5C, 0x8C,
    0x46, 0x8C, 0x28, 0x33, 0xA3, 0xAB, 0xFB, 0x6F, 0xB0, 0x93, 0xC7, 0x7C, 0x19, 0x2B, 0x55, 0x60,
    0xB2, 0x2A, 0xCB, 0x5C, 0x3D, 0xC8, 0x36, 0x57, 0x9A, 0x5E, 0xCD, 0x91, 0x34, 0x41, 0xCB, 0x8B,
    0x54, 0xD2, 0x8C, 0xA3, 0x83, 0xAE, 0x80, 0x58, 0x1C, 0x71, 0x08, 0xF6, 0xBE, 0xC6, 0x6C, 0x1D,
    0xE7, 0xB0, 0xBB, 0xC3, 0xEE, 0xFB, 0x82, 0x5D, 0x08, 0xE1, 0x7F, 0xDE, 0x60, 0x4F, 0xB5, 0x98,
    0x9B, 0xC7, 0x47, 0x24, 0x63, 0x8F, 0x45, 0xF6, 0x3D, 0x81, 0x70, 0x35, 0x0A, 0x04, 0x39, 0xDD,
    0xC9, 0xBB, 0xFD, 0xAC, 0x03, 0xDA, 0x35, 0x0B, 0x51, 0xFF, 0x64, 0xBC, 0x96, 0xE0, 0x06, 0xEA,
    0x4D, 0x5A, 0xB2, 0x45, 0x9C, 0x29, 0xBC, 0x20, 0x1B, 0x7D, 0x6A, 0x33, 0x9A, 0xFE, 0x20, 0x31,
    0x26, 0x25, 0xCF, 0xE9, 0x42, 0xD6, 0xEF, 0x17, 0xB8, 0xA9, 0x09, 0xAC, 0xE8, 0x68, 0xC5, 0x1D,
    0x35, 0xEC, 0x40, 0xB0, 0xC8, 0xCC, 0x9F, 0xEC, 0x20, 0xFE, 0xFE, 0x43, 0xDC, 0x2B, 0x0C, 0x10,
    0x8B, 0xDE, 0xA3, 0xEC, 0x46, 0xE8, 0xE1, 0x17, 0x52, 0x01, 0x61, 0xA1, 0x28, 0xE4, 0x60, 0x87,
    0xA6, 0x2B, 0xB6, 0xF1, 0x61, 0x4F, 0x95, 0x15, 0xEE, 0x7F, 0x62, 0xB3, 0x1C, 0xEA, 0x7F, 0xD7,
    0xA4, 0x70, 0xDB, 0x4F, 0x83, 0x64, 0xF5, 0x2C, 0xE3, 0x7E, 0x59, 0x5A, 0xCA, 0xA0, 0x25, 0xF1,
    0xDB, 0x96, 0xBD, 0x72, 0x94, 0xF6, 0xC7, 0xD8, 0x39, 0x0E, 0x61, 0x26, 0x3A, 0x75, 0x0D, 0x1F,
    0xDA, 0xC3, 0xBD, 0xEF, 0xA3, 0x53, 0x56, 0x4D, 0xA2, 0x29, 0xBA, 0x6A, 0x19, 0xA1, 0xD1, 0x31,
    0x13, 0xE9, 0xB2, 0xC2, 0x95, 0x10, 0xD2, 0x79, 0x16, 0x53, 0x4D, 0x56, 0xE0, 0x1D, 0x82, 0x40,
    0x64, 0xB1, 0x76, 0x4A, 0xB3, 0x99, 0x6D, 0xA5, 0xC1, 0xEF, 0x4A, 0x1B, 0x8E, 0x51, 0x6E, 0x8D,
    0x7D, 0x28, 0xBA, 0x36, 0x76, 0x72, 0x1F, 0x3B, 0xBB, 0x67, 0x31, 0x79, 0xEE, 0xB4, 0x3E, 0x9C,
    0x9D, 0xD8, 0x84, 0xFB, 0x29, 0x79, 0xEB, 0xC1, 0x94, 0xDF, 0xC6, 0xFA, 0x2E, 0x49, 0x17, 0xA9,
    0x58, 0x9E, 0x76, 0x81, 0x45, 0xF3, 0x33, 0xBC, 0x63, 0x87, 0x42, 0x0E, 0xD0, 0x97, 0x68, 0xE1,
    0xFD, 0xEE, 0x1D, 0x2B, 0xBB, 0xF7, 0xC8, 0x5F, 0x2B, 0x29, 0x77, 0xA9, 0x6B, 0xB4, 0xCD, 0x6B,
    0xCA, 0x4F, 0x25, 0x7D, 0x61, 0x2E, 0xDD, 0xF8, 0xAE, 0x48, 0xE3, 0xDE, 0xBF, 0xBE, 0x69, 0x70,
    0x51, 0x4D, 0x1E, 0x61, 0x81, 0xA5, 0x9A, 0x50, 0x34, 0xCF, 0x40, 0xF8, 0x5B, 0x53, 0x9C, 0xB5,
    0x46, 0x42, 0xD6, 0x84, 0x43, 0xF0, 0xA1, 0x62, 0x2C, 0x82, 0x3B, 0x10, 0xE3, 0x71, 0x0D, 0x3E,
    0x02, 0x8C, 0x49, 0xC8, 0x79, 0x15, 0x73, 0x4F, 0xFA, 0x00, 0xAE, 0x0A, 0x03, 0xB9, 0x3D, 0xE2,
    0x16, 0x84, 0xA7, 0x4D, 0x92, 0xD0, 0xD1, 0x1D, 0x21, 0x0F, 0xF7, 0xF6, 0xF6, 0xAE, 0xA7, 0x7C,
    0x07, 0x6E, 0x4A, 0x25, 0x1B, 0x59, 0x1F, 0x13, 0x7E, 0x07, 0x5A, 0x25, 0x74, 0xE2, 0x4B, 0x44,
    0x38, 0x76, 0x9F, 0xBD, 0x1F, 0x10, 0x96, 0xAD, 0x46, 0x30, 0x5A, 0xAB, 0xCE, 0xB5, 0xBF, 0xA7,
    0x66, 0x4B, 0x29, 0xBD, 0x81, 0xA5, 0xB8, 0x3C, 0xDC, 0x13, 0x6A, 0x2D, 0xF8, 0xBE, 0xB1, 0xB1,
    0x5A, 0x31, 0x81, 0xAC, 0x98, 0x39, 0x6B, 0xE7, 0x68, 0x89, 0x09, 0x75, 0xEF, 0xAC, 0x71, 0x93,
    0xB9, 0x66, 0x6E, 0x85, 0x89, 0xD4, 0x03, 0xFC, 0xF0, 0x0C, 0x26, 0x98, 0x17, 0xB0, 0xCB, 0x96,
    0x77, 0x98, 0x51, 0xCD, 0xF3, 0x51, 0x4B, 0x3E, 0x5F, 0x4B, 0x7B, 0x1D, 0x48, 0x9C, 0x63, 0x02,
    0x43, 0x46, 0x9C, 0x38, 0x35, 0x5C, 0x27, 0x3D, 0x42, 0x70, 0xB8, 0xC2, 0x8C, 0xD8, 0x3C, 0x27,
    0xA7, 0xEC, 0x73, 0x95, 0x27, 0x77, 0x0E, 0xD9, 0x5D, 0xF2, 0xBF, 0xC4, 0x83, 0xD2, 0x8A, 0x53,
    0xA5, 0x15, 0x8F, 0x50, 0x2B, 0x4E, 0x98, 0xEC, 0xC0, 0x99, 0xD8, 0x5F, 0x4B, 0x3F, 0xBD, 0xA5,
    0x5E, 0xA3, 0xEA, 0x94, 0xA9, 0xDB, 0x64, 0xC4, 0x9C, 0x6E, 0xA0, 0x0A, 0xC5, 0xEF, 0x74, 0x21,
    0x0F, 0xF5, 0xAC, 0xD4, 0x30, 0x27, 0xE7, 0xBE, 0x7B, 0x90, 0x4D, 0x9A, 0x3C, 0x34, 0x43, 0x09,
    0x44, 0xF3, 0x39, 0xBE, 0xA1, 0x06, 0x09, 0x90, 0x08, 0x49, 0xDB, 0xE5, 0x44, 0xDB, 0xC2, 0xC8,
    0x26, 0x46, 0xB4, 0x1F, 0x11, 0x29, 0xB4, 0xC8, 0x5A, 0x42, 0x7E, 0x97, 0x65, 0xAF, 0x2E, 0x2E,
    0x24, 0xBD, 0x92, 0x53, 0x77, 0x40, 0xDB, 0xFA, 0x50, 0xBF, 0x6E, 0x57, 0x67, 0xB9, 0x65, 0xCD,
    0xB5, 0x7D, 0x1F, 0xF2, 0x60, 0x77, 0xAE, 0x5A, 0x01, 0x56, 0x23, 0xC6, 0xA3, 0x13, 0xA1, 0xAF,
    0xD0, 0x24, 0x93, 0xF0, 0xA8, 0x1D, 0x3E, 0xBF, 0xCF, 0x3B, 0xD5, 0x90, 0x7B, 0xFA, 0x93, 0x3B,
    0xDE, 0x93, 0x2D, 0x0D, 0x63, 0x65, 0x10, 0xED, 0x28, 0xF1, 0xED, 0x80, 0xF4, 0x04, 0x81, 0x74,
    0xC4, 0x63, 0x6A, 0xDC, 0x24, 0x2E, 0x18, 0x0D, 0xB0, 0x9A, 0x62, 0xE4, 0x28, 0x21, 0x77, 0x1B,
    0xB3, 0x8F, 0x54, 0x73, 0xAF, 0xD1, 0x4D, 0xDF, 0xA9, 0x0B, 0x81, 0xB1, 0x4D, 0xE7, 0x59, 0x72,
    0x9D, 0x4D, 0x78, 0x45, 0x58, 0xE9, 0x7B, 0x4E, 0x8F, 0xC1, 0x64, 0x1F, 0x12, 0xB2, 0x4C, 0x6C,
    0x4D, 0x69, 0xEC, 0x58, 0xAE, 0xDF, 0xB3, 0xBF, 0x14, 0x19, 0x34, 0xD4, 0x12, 0xE1, 0x3E, 0x96,
    0xAC, 0x16, 0xF9, 0x0F, 0x75, 0x2A, 0xB5, 0x66, 0xEA, 0x8E, 0x40, 0xF3, 0xC2, 0x46, 0xA2, 0xAA,
    0x13, 0xF4, 0x1E, 0xBB, 0xC1, 0xF2, 0x84, 0x07, 0x8B, 0xEB, 0xBE, 0xB8, 0x80, 0xE9, 0x32, 0x77,
    0x53, 0x6D, 0x87, 0x99, 0x53, 0x31, 0x4C, 0x23, 0xB2, 0x11, 0xAE, 0x7B, 0x1E, 0xAC, 0xB0, 0xD7,
    0xC8, 0x33, 0xB9, 0x56, 0xD0, 0x10, 0x80, 0x8E, 0x49, 0x1B, 0x7A, 0x91, 0x46, 0xC4, 0x67, 0x79,
    0xB8, 0xF3, 0x52, 0x20, 0x1B, 0xBD, 0x7B, 0x78, 0x83, 0xCE, 0x58, 0xE4, 0xE4, 0x9E, 0x16, 0x65,
    0x38, 0x06, 0x78, 0xF3, 0xC2, 0xAD, 0x7B, 0x17, 0x2E, 0x51, 0xD6, 0xF3, 0xAC, 0x6E, 0x07, 0x32,
    0xF0, 0xD2, 0x4F, 0x36, 0x48, 0x72, 0xDD, 0x78, 0x60, 0x69, 0xFF, 0xA3, 0xD8, 0xA2, 0xC9, 0x01,
    0x92, 0xE7, 0xBA, 0x5A, 0x87, 0x14, 0x19, 0xC5, 0x45, 0xD0, 0x53, 0xD1, 0x70, 0xFB, 0x60, 0x17,
    0x8F, 0x69, 0x4A, 0x58, 0xB3, 0x1E, 0xD0, 0x73, 0x3C, 0xAB, 0x8A, 0x76, 0x8A, 0x9C, 0x43, 0xD0,
    0xC9, 0x6E, 0xC3, 0xAC, 0xD7, 0xF5, 0x58, 0x3F, 0x03, 0x9E, 0x58, 0x4B, 0x8C, 0x61, 0x45, 0x91,
    0xC8, 0x81, 0x3B, 0x6F, 0xB5, 0x70, 0xFD, 0x9B, 0xA3, 0x38, 0x51, 0xE4, 0xA8, 0x9C, 0x46, 0x8D,
    0x28, 0x46, 0x94, 0x1E, 0x7E, 0x89, 0x16, 0x97, 0x70, 0xEB, 0x74, 0x5C, 0x9C, 0x91, 0x74, 0x8A,
    0x18, 0xBF, 0x52, 0xF2, 0xCA, 0xE9, 0x6F, 0xF1, 0xB8, 0xA6, 0xA6, 0xCD, 0x94, 0xA5, 0x84, 0xCC,
    0x70, 0x32, 0x0D, 0xAE, 0xE0, 0x5D, 0x0A, 0xDB, 0xD1, 0xF2, 0xF8, 0x35, 0xBC, 0xF4, 0x23, 0xC7,
    0x8C, 0xFF, 0xD7, 0x6E, 0xD3, 0xEB, 0x1C, 0xB2, 0x03, 0x3D, 0x2E, 0x1A, 0x9D, 0x98, 0xF2, 0xCE,
    0x4D, 0x90, 0x35, 0xDD, 0xC7, 0x22, 0x81, 0x76, 0xCE, 0xC0, 0x82, 0x6D, 0x71, 0x9B, 0xA3, 0x01,
    0xF7, 0x01, 0xBC, 0x0E, 0x3D, 0x5F, 0x88, 0x5E, 0x3B, 0xE4, 0x10, 0x11, 0xB2, 0x35, 0x6A, 0x96,
    0xAB, 0x0C, 0x53, 0x68, 0x91, 0x30, 0x5E, 0x25, 0x30, 0xB8, 0xEA, 0x1C, 0x64, 0xA2, 0x0A, 0xB6,
    0x06, 0x74, 0xC7, 0x16, 0x8F, 0xB0, 0x4B, 0x69, 0x96, 0xC3, 0x96, 0x1E, 0x9C, 0x09, 0x83, 0x7C,
    0x01, 0xAF, 0x51, 0xE3, 0x5E, 0x9D, 0xED, 0x7B, 0xB4, 0xB0, 0x53, 0xB3, 0x12, 0xC7, 0xC0, 0xD0,
    0x7E, 0x84, 0x3E, 0x46, 0xA0, 0x61, 0x08, 0x5A, 0x65, 0x38, 0x06, 0x4D, 0xF6, 0x22, 0x2C, 0x31,
    0x0A, 0xED, 0x98, 0x30, 0xB4, 0x1D, 0xBE, 0x40, 0x05, 0x60, 0x38, 0xA3, 0xB7, 0x84, 0x5D, 0x59,
    0x5D, 0xC9, 0x47, 0x03, 0xBA, 0x38, 0x76, 0xF0, 0x73, 0xD9, 0xA4, 0x20, 0xDF, 0x54, 0x11, 0x58,
    0x61, 0x40, 0xDD, 0xE3, 0xB9, 0x7F, 0xCD, 0x85, 0x46, 0xD6, 0xAE, 0xFB, 0x75, 0x20, 0xDC, 0x62,
    0x81, 0x2E, 0x53, 0x59, 0x5E, 0xF7, 0xAA, 0x95, 0xF5, 0x1B, 0xBB, 0x52, 0xD0, 0x6F, 0xBE, 0x44,
    0xB4, 0x98, 0x51, 0xAA, 0xD8, 0x48, 0x3F, 0x7E, 0xB1, 0xF8, 0xCB, 0x0D, 0x62, 0xAD, 0xAD, 0xC6,
    0xC8, 0x72, 0xD4, 0x1B, 0x6D, 0x87, 0x4C, 0x6E, 0x25, 0xEC, 0x1F, 0xD0, 0x69, 0x4A, 0x3D, 0x62,
    0xC2, 0xC1, 0xD1, 0x5D, 0xE8, 0x3F, 0x47, 0xDB, 0x06, 0xF2, 0xAE, 0x81, 0xA0, 0x56, 0xA8, 0x75,
    0xCF, 0x40, 0xDE, 0x32, 0x90, 0x8D, 0x81, 0x0B, 0x2B, 0xB9, 0xDD, 0x8B, 0x89, 0xBB, 0xD0, 0xD6,
    0xDD, 0x02, 0x77, 0x70, 0xA5, 0xBF, 0x1F, 0x42, 0x10, 0x8F, 0x7B, 0x09, 0xD7, 0x1D, 0xEE, 0x8D,
    0x5C, 0x77, 0x38, 0x19, 0xD6, 0x81, 0xD3, 0xB7, 0xBF, 0x44, 0xE3, 0xF7, 0x1F, 0xAD, 0x86, 0x58,
    0x91, 0x1A, 0x62, 0xC1, 0x73, 0x22, 0xA2, 0xF3, 0x85, 0xEC, 0x22, 0xCF, 0x86, 0x9C, 0xC3, 0xFF,
    0x60, 0x5F, 0x14, 0x60, 0xF5, 0x11, 0xA2, 0x1A, 0x89, 0xE1, 0x8D, 0xD2, 0xFE, 0xEA, 0x35, 0x47,
    0x74, 0xB0, 0x0E, 0x5B, 0x60, 0x37, 0xE4, 0xE8, 0xE5, 0x2D, 0x44, 0xA1, 0x44, 0xDA, 0x10, 0x01,
    0xBE, 0x94, 0x8E, 0x40, 0x85, 0xF0, 0xD1, 0x0C, 0x56, 0xE7, 0x8D, 0x70, 0x48, 0x7B, 0xC7, 0xB0,
    0x6E, 0x9B, 0xFA, 0x57, 0x32, 0x25, 0x7A, 0x33, 0xE2, 0xB8, 0x7D, 0x11, 0x34, 0x29, 0x4C, 0x3A,
    0x66, 0xDD, 0x12, 0x97, 0x54, 0xB9, 0xC8, 0x1B, 0x85, 0xA9, 0x7A, 0x43, 0xAA, 0xD2, 0x7C, 0x9A,
    0xB1, 0x7A, 0x84, 0x89, 0xCF, 0xD1, 0x91, 0xAD, 0x18, 0x6E, 0x14, 0x93, 0xB5, 0x5B, 0xA5, 0xC2,
    0x62, 0x3C, 0x39, 0xE2, 0x72, 0x1B, 0x53, 0xA8, 0x16, 0xC9, 0x18, 0x1A, 0x40, 0x81, 0x01, 0x18,
    0x9B, 0x33, 0xBC, 0x5F, 0x41, 0xEC, 0x1C, 0xD2, 0xFF, 0xC2, 0x3E, 0xAE, 0xEA, 0x6B, 0xDE, 0x4E,
    0x2B, 0x12, 0x55, 0x21, 0x65, 0x69, 0x59, 0x6F, 0x18, 0x35, 0xC9, 0xD0, 0x25, 0x55, 0x27, 0xBB,
    0x45, 0xAB, 0xAB, 0x09, 0xF6, 0xE9, 0xCD, 0x1B, 0x6D, 0x30, 0x92, 0x82, 0xC9, 0xF9, 0x31, 0xD9,
    0xB6, 0x72, 0xF8, 0xAA, 0xE1, 0x44, 0x93, 0x56, 0xEE, 0x01, 0x5B, 0x85, 0xD2, 0x37, 0x1D, 0x87,
    0xA8, 0xA6, 0xEB, 0xB8, 0x17, 0xB7, 0x8A, 0x8E, 0x85, 0x5D, 0xEE, 0x17, 0x4F, 0x7D, 0xC0, 0xD5,
    0xE9, 0x32, 0x3C, 0x6D, 0x6F, 0xB5, 0xDD, 0x80, 0x7A, 0xAC, 0x01, 0xF5, 0x15, 0x02, 0x7D, 0x35,
    0x8E, 0x0E, 0x3E, 0x56, 0x93, 0x23, 0x68, 0x97, 0xBF, 0x8E, 0x59, 0x58, 0xDF, 0x1A, 0x00, 0xFC,
    0x6F, 0xA1, 0x7F, 0x4E, 0x85, 0xB9, 0x80, 0xAB, 0xE7, 0x2F, 0x18, 0xF8, 0xCF, 0x1D, 0x60, 0x16,
    0xB2, 0xA1, 0xE2, 0x51, 0xC2, 0x3B, 0x28, 0xED, 0xFD, 0x37, 0xCF, 0x11, 0x60, 0x9E, 0x1E, 0x0F,
    0x44, 0xE3, 0xCE, 0xEC, 0x78, 0xD5, 0xB5, 0xC5, 0xF7, 0x9E, 0x38, 0x0F, 0x24, 0x2E, 0xB3, 0x36,
    0x7F, 0x21, 0x8C, 0xA7, 0xC8, 0xC5, 0xD9, 0xA9, 0xD1, 0xCD, 0x94, 0x75, 0x3B, 0x25, 0x55, 0xD9,
    0xD9, 0x40, 0xA8, 0xBB, 0x9A, 0x2E, 0xE1, 0xE3, 0x67, 0xDB, 0xE7, 0x6C, 0x16, 0x0D, 0xEE, 0x69,
    0xE6, 0x23, 0x4C, 0xFF, 0xA9, 0xE9, 0x2B, 0x49, 0x5B, 0xE5, 0x6B, 0xE6, 0x23, 0xD7, 0x3B, 0x83,
    0xE6, 0xF0, 0xEC, 0xCD, 0x45, 0xA1, 0x24, 0x18, 0xCF, 0x27, 0xAA, 0x61, 0x0A, 0xA7, 0x99, 0x05,
    0xF9, 0x12, 0xB5, 0xBC, 0xBE, 0xC3, 0xA5, 0x5E, 0x48, 0xD4, 0x9A, 0xF3, 0xC6, 0x42, 0xA2, 0x4F,
    0xAF, 0xA4, 0x24, 0x65, 0xA2, 0xDD, 0x34, 0xAA, 0xCB, 0xA4, 0xB5, 0x73, 0x2F, 0x6E, 0x37, 0x22,
    0xEC, 0xA8, 0x3F, 0xFA, 0xB2, 0x1C, 0xD8, 0x12, 0x22, 0xDD, 0xED, 0x56, 0xD3, 0x9F, 0x9B, 0x77,
    0x73, 0x69, 0x5B, 0xEA, 0x5B, 0xED, 0x64, 0xFB, 0x1D, 0xF1, 0x25, 0x5D, 0xF0, 0x8D, 0xBE, 0x26,
    0xE2, 0xD1, 0x73, 0xE6, 0xEA, 0xC3, 0x74, 0xB0, 0xD8, 0x9C, 0x0B, 0xBF, 0xA4, 0x98, 0xC9, 0x2C,
    0x65, 0xEF, 0xEF, 0x0C, 0x3D, 0xC0, 0x73, 0x5A, 0x27, 0x1A, 0xF3, 0x29, 0xCA, 0x67, 0x64, 0xC6,
    0x44, 0x59, 0x4F, 0x99, 0xC8, 0x84, 0x28, 0x88, 0xC8, 0x6D, 0x43, 0xF8, 0x4E, 0x25, 0x08, 0x9B,
    0x0C, 0xB9, 0x43, 0x86, 0xC3, 0xE9, 0x81, 0x8C, 0xA8, 0x98, 0x33, 0xBF, 0x81, 0x6B, 0x2B, 0xCA,
    0x37, 0xD9, 0xE5, 0x37, 0x24, 0xA3, 0xC7, 0x60, 0xE6, 0x83, 0x67, 0x83, 0xD2, 0x5F, 0x07, 0xF3,
    0x28, 0x7F, 0xBB, 0xC1, 0xF3, 0xB4, 0x06, 0x4F, 0xAE, 0x03, 0x43, 0xB2, 0x53, 0x0A, 0xE1, 0x69,
    0x8F, 0x96, 0x1B, 0x61, 0xE7, 0xBB, 0x81, 0x71, 0xDC, 0xC0, 0x78, 0x6E, 0xAA, 0x61, 0x08, 0x35,
    0xE7, 0x48, 0x92, 0x89, 0x7C, 0xC2, 0x71, 0x2E, 0x76, 0x78, 0x4D, 0x9D, 0x6F, 0xA5, 0x4B, 0x52,
    0xF5, 0x24, 0x8C, 0x54, 0x71, 0xEF, 0x3D, 0xDC, 0xF8, 0xD9, 0x0D, 0x9B, 0xA7, 0x35, 0x6C, 0x3E,
    0xEA, 0x1E, 0x4B, 0xE3, 0xC7, 0x3D, 0x21, 0xE3, 0xC5, 0x34, 0x75, 0x33, 0x24, 0x54, 0xE6, 0x11,
    0xC5, 0x9E, 0xD5, 0xB9, 0xD5, 0xD4, 0x51, 0x1A, 0xAD, 0x24, 0xEB, 0xB4, 0xAB, 0xDF, 0xDE, 0x8D,
    0xA8, 0x93, 0x46, 0xD4, 0xE4, 0x4F, 0x03, 0xF4, 0x3C, 0x75, 0x17, 0x0F, 0xC6, 0x04, 0x86, 0x1D,
    0x6F, 0xF2, 0x68, 0xE2, 0x26, 0x94, 0x34, 0x16, 0x4D, 0x70, 0x94, 0x6A, 0xC5, 0xA8, 0x1D, 0xAD,
    0x6F, 0xEA, 0xBE, 0x41, 0xA3, 0x2E, 0x41, 0x63, 0x65, 0x92, 0x7B, 0xBB, 0x51, 0xF6, 0x81, 0xAF,
    0xEC, 0x54, 0xFF, 0x23, 0x7B, 0xC6, 0xA8, 0x2B, 0x53, 0x30, 0xF0, 0x2E, 0xA7, 0x51, 0xCB, 0x9B,
    0x7C, 0x46, 0xD2, 0xC7, 0x71, 0xB3, 0xE8, 0x85, 0xE0, 0x9F, 0xA4, 0xD3, 0xB5, 0xCF, 0xA7, 0x4A,
    0x89, 0xEC, 0xB4, 0x0E, 0xFF, 0x90, 0x0F, 0xC0, 0x4C, 0x4C, 0x73, 0x7E, 0x63, 0xC2, 0x42, 0x1C,
    0x43, 0x58, 0x43, 0x94, 0xF4, 0xB2, 0xDD, 0x6C, 0xDE, 0x7B, 0xEC, 0x60, 0x0D, 0x41, 0x32, 0xEC,
    0x0C, 0xD1, 0xB2, 0x3D, 0x30, 0x02, 0x41, 0x91, 0x15, 0x44, 0x86, 0x9D, 0xCF, 0xF2, 0xD6, 0x93,
    0x3C, 0x5C, 0x99, 0x59, 0x8B, 0x90, 0xC5, 0x06, 0xD5, 0xDD, 0x34, 0x77, 0x2E, 0x06, 0xE0, 0x8B,
    0x92, 0x0A, 0x20, 0xA9, 0xA2, 0x86, 0x53, 0x01, 0x30, 0xA3, 0x2D, 0x5B, 0x0E, 0xE2, 0xB5, 0x6D,
    0xCE, 0xFD, 0x5E, 0xCB, 0x16, 0x87, 0x5F, 0xA7, 0x8E, 0x05, 0x8F, 0xE5, 0x82, 0x24, 0x70, 0x31,
    0x0F, 0xAF, 0x78, 0x67, 0xDE, 0xB0, 0x5D, 0xD0, 0x6D, 0xFC, 0xCA, 0x34, 0xBB, 0x19, 0xF0, 0xB8,
    0x01, 0xF8, 0xEC, 0x43, 0xDD, 0x27, 0xAA, 0x39, 0x01, 0xEA, 0xD1, 0x1C, 0xEA, 0x11, 0xC5, 0x76,
    0x0C, 0x7C, 0x72, 0x40, 0x6E, 0xC1, 0x23, 0xD4, 0x33, 0x81, 0xFA, 0x20, 0x51, 0x66, 0x76, 0x25,
    0xA1, 0x68, 0xC4, 0x8D, 0xBC, 0x71, 0xD5, 0xED, 0x1D, 0x68, 0x62, 0x4C, 0xD9, 0x5B, 0x4B, 0x9C,
    0x2E, 0x09, 0xC1, 0x63, 0xBC, 0xEC, 0xD1, 0x78, 0xDA, 0xC8, 0xBE, 0x73, 0x7D, 0x73, 0xC9, 0x3E,
    0x2E, 0x26, 0xFC, 0x31, 0xAA, 0xED, 0x53, 0x87, 0x1F, 0x3E, 0x1C, 0x93, 0xBB, 0x98, 0xC3, 0x31,
    0xDB, 0x18, 0xC4, 0x3F, 0x06, 0xDA, 0x77, 0x18, 0x35, 0x73, 0xF3, 0xBC, 0x00, 0xA3, 0xEF, 0x61,
    0x34, 0x26, 0x8C, 0xD1, 0x64, 0x97, 0xA3, 0x4E, 0x93, 0x4F, 0xBA, 0xBA, 0x7D, 0xBB, 0xB2, 0x99,
    0x3D, 0x49, 0x77, 0x3F, 0x66, 0xBF, 0xA7, 0xA9, 0x44, 0x15, 0xCF, 0x36, 0x8B, 0x90, 0xCD, 0x90,
    0xF9, 0x26, 0x8D, 0xED, 0x26, 0xDE, 0x2D, 0x45, 0x32, 0xDA, 0x2A, 0xE2, 0x61, 0xAC, 0xF9, 0x64,
    0x83, 0x64, 0x7A, 0xDC, 0x09, 0xBB, 0x24, 0x9F, 0x34, 0xA1, 0x15, 0x84, 0xC6, 0x83, 0x83, 0x7D,
    0xF2, 0x00, 0xB7, 0x2B, 0xC4, 0x73, 0x4D, 0x9E, 0xF3, 0x96, 0xE2, 0xF3, 0x6B, 0xB4, 0x7D, 0x7A,
    0x76, 0x8D, 0xFE, 0x5E, 0x45, 0x4C, 0x9B, 0x99, 0x0D, 0x30, 0xF2, 0xD7, 0x64, 0x5F, 0x41, 0xF7,
    0x90, 0x05, 0x25, 0x05, 0xAA, 0x0C, 0x47, 0x30, 0xD4, 0xF4, 0x29, 0x20, 0x93, 0x6D, 0x45, 0x69,
    0x8B, 0x29, 0x5A, 0x9B, 0x3C, 0x0A, 0x1B, 0x6A, 0xE5, 0x88, 0xB2, 0x3A, 0xB5, 0xB4, 0x5B, 0x5E,
    0x6C, 0xD9, 0x64, 0x14, 0x53, 0x56, 0x21, 0x8E, 0x01, 0x45, 0x21, 0x26, 0x15, 0xF3, 0x2D, 0xA6,
    0x33, 0x40, 0x1F, 0xC8, 0x80, 0x2C, 0xA2, 0x1D, 0x39, 0x3A, 0x81, 0x57, 0x7C, 0xFE, 0x07, 0x08,
    0xDE, 0xED, 0xD8, 0x58, 0x6F, 0xFF, 0x00, 0x81, 0xB2, 0x2D, 0x4B, 0xB5, 0xF6, 0x97, 0x76, 0x2D,
    0xCE, 0x50, 0xB0, 0x71, 0x31, 0xB8, 0xD0, 0xB1, 0xA1, 0xDD, 0x07, 0x17, 0x41, 0xB6, 0x2B, 0x41,
    0xAA, 0xD5, 0x22, 0xB7, 0x0B, 0x89, 0x35, 0xFD, 0x26, 0xA4, 0x04, 0x7D, 0x49, 0x6C, 0xF1, 0x3F,
    0x87, 0x4F, 0xAF, 0x5B, 0x96, 0xAD, 0x7E, 0x01, 0xC6, 0xF4, 0x5F, 0x88, 0x1B, 0xD2, 0xDB, 0x6B,
    0x38, 0x0C, 0xFC, 0xE9, 0x01, 0x44, 0x29, 0x3F, 0x58, 0x8B, 0x17, 0x3C, 0x84, 0x33, 0x68, 0x78,
    0xAB, 0xED, 0x28, 0xF4, 0x98, 0x3F, 0xB5, 0xD0, 0xB6, 0xDD, 0xB8, 0xDA, 0xF4, 0x54, 0xC6, 0xA0,
    0x2D, 0x04, 0x05, 0x23, 0x9C, 0xA2, 0xB4, 0x96, 0x05, 0x6A, 0x35, 0x33, 0x4E, 0x66, 0x63, 0xAA,
    0x6F, 0x32, 0x77, 0x25, 0xF6, 0x18, 0xCB, 0xF6, 0xD5, 0x29, 0xC8, 0xB6, 0x84, 0xE4, 0xC7, 0x23,
    0x0C, 0xD3, 0x49, 0xEA, 0xDE, 0x07, 0x56, 0xA5, 0xA1, 0x9F, 0xC9, 0x75, 0x6E, 0x92, 0xD5, 0x34,
    0xEE, 0x6B, 0x1D, 0x76, 0x0E, 0x9F, 0x62, 0xCE, 0x0B, 0x5D, 0x47, 0x67, 0x0F, 0x09, 0xCE, 0x12,
    0x5A, 0xE3, 0xC6, 0x3E, 0xC7, 0x3A, 0x77, 0x06, 0x63, 0x16, 0xD6, 0x18, 0xBF, 0x8E, 0x64, 0x0F,
    0x06, 0x76, 0x0F, 0x81, 0xD1, 0x06, 0x88, 0x53, 0x68, 0xDD, 0x6A, 0x81, 0x24, 0x34, 0x7B, 0x01,
    0x78, 0x0D, 0x30, 0x37, 0x2B, 0x06, 0x17, 0x03, 0x63, 0x88, 0x2C, 0xA7, 0x73, 0x1D, 0xD0, 0xFD,
    0x3D, 0xC7, 0x4C, 0xEF, 0x98, 0xB1, 0x01, 0xB7, 0x50, 0xB7, 0xE8, 0x86, 0x9B, 0xD8, 0x22, 0x7D,
    0xDB, 0x71, 0xC8, 0x8E, 0xD6, 0x8F, 0xBF, 0x40, 0x63, 0x0C, 0x9A, 0xE2, 0x7F, 0xEE, 0x20, 0x82,
    0xAC, 0xBF, 0x76, 0x88, 0xA8, 0x88, 0xF7, 0x37, 0x0E, 0x33, 0xFF, 0x43, 0xE4, 0xFF, 0x39, 0x44,
    0xFD, 0x1E, 0xDA, 0xDB, 0xB3, 0x7F, 0x18, 0x00, 0x78, 0xD8, 0x5F, 0xEF, 0x39, 0xC0, 0xBD, 0x37,
    0x48, 0x5E, 0x10, 0xF6, 0xCA, 0xCD, 0x11, 0xC3, 0xBD, 0xF8, 0xAC, 0xA5, 0x92, 0x47, 0xBA, 0x1D,
    0xB7, 0x60, 0x6F, 0x65, 0x67, 0x36, 0xF4, 0xD8, 0xA0, 0x8E, 0x81, 0x80, 0x72, 0xCE, 0x22, 0xEB,
    0xED, 0xD1, 0xFF, 0xB9, 0x5F, 0xE8, 0x28, 0xA1, 0x6A, 0x86, 0xFD, 0x5E, 0xF5, 0x3C, 0x0C, 0xA0,
    0xF7, 0x24, 0x71, 0xC5, 0x5B, 0x74, 0x52, 0x68, 0x39, 0x59, 0x0D, 0x44, 0xD7, 0xF7, 0x9C, 0xF3,
    0x24, 0xC0, 0xDE, 0x5F, 0x66, 0x5B, 0xF7, 0xDD, 0xD8, 0xE4, 0x21, 0x97, 0x0F, 0x0E, 0x6E, 0xA7,
    0xBC, 0x71, 0xC9, 0x3A, 0x67, 0xF3, 0x0C, 0x2E, 0x13, 0x90, 0x57, 0x84, 0x14, 0x61, 0x8F, 0x2C,
    0xBD, 0xA6, 0x3C, 0xAC, 0x18, 0x23, 0x62, 0x7B, 0x82, 0x99, 0x47, 0x33, 0x6B, 0x4F, 0x0C, 0x64,
    0x81, 0xDD, 0x46, 0x01, 0x94, 0x3C, 0xE9, 0x59, 0xC8, 0xA4, 0xCC, 0x66, 0xF8, 0x94, 0x1D, 0x7B,
    0xEB, 0x9C, 0x67, 0xD7, 0x56, 0x16, 0xFD, 0x1D, 0xB5, 0xD1, 0xC2, 0x0E, 0xBA, 0xD3, 0xB5, 0x6A,
    0xBB, 0x86, 0x0D, 0x24, 0xC7, 0x47, 0x76, 0xF1, 0x7D, 0x52, 0xC4, 0x4D, 0x8E, 0xA6, 0x0B, 0x64,
    0xA9, 0x9B, 0x1C, 0x21, 0x52, 0xDD, 0xDE, 0xCB, 0x13, 0xA9, 0x43, 0x12, 0xD3, 0x8C, 0xB9, 0xB1,
    0x45, 0x40, 0x5C, 0xC8, 0xC4, 0x1E, 0x0E, 0xFC, 0x88, 0xA8, 0xE7, 0xB3, 0x53, 0x4E, 0x4D, 0x62,
    0xCA, 0x3A, 0xE0, 0x3D, 0xD9, 0x0B, 0xDE, 0x0B, 0xF7, 0xAE, 0x31, 0xDD, 0x19, 0x07, 0x1A, 0x66,
    0xD5, 0x2B, 0x39, 0xAD, 0xB7, 0xD1, 0x7C, 0x9F, 0x16, 0x5B, 0x1F, 0xC7, 0xD7, 0x4A, 0x78, 0x7C,
    0x4D, 0x0C, 0x27, 0xA4, 0x84, 0xEB, 0x35, 0xB1, 0xF1, 0x04, 0xB3, 0x82, 0x73, 0x13, 0x24, 0x03,
    0x13, 0xCC, 0x9B, 0x57, 0x23, 0x5B, 0xC6, 0x16, 0xF7, 0x84, 0x19, 0x1B, 0xD8, 0x73, 0xB3, 0xA6,
    0xCE, 0x51, 0x36, 0x1B, 0x48, 0x5A, 0xF3, 0x2F, 0x08, 0x3B, 0xFD, 0x96, 0x70, 0xD2, 0xB7, 0x7B,
    0x99, 0x8C, 0x27, 0xFC, 0x93, 0x67, 0xE5, 0x29, 0x9F, 0x54, 0xA6, 0xC8, 0x06, 0x19, 0x09, 0x92,
    0xDE, 0x54, 0xE6, 0x68, 0x8A, 0x25, 0x99, 0xA6, 0xFD, 0xB1, 0x27, 0xE9, 0x36, 0xB2, 0xAB, 0x5B,
    0x2E, 0x30, 0x52, 0x7D, 0x5A, 0x2A, 0x8F, 0x4C, 0xAD, 0xA6, 0x75, 0x58, 0x89, 0x33, 0xD6, 0xD1,
    0xE1, 0xE2, 0x18, 0x61, 0xCE, 0x99, 0x07, 0x3C, 0x89, 0x96, 0xF3, 0xC5, 0xD9, 0x79, 0x21, 0x04,
    0x7F, 0x93, 0x0E, 0x7C, 0xCE, 0xB5, 0xCE, 0xDC, 0xAC, 0x1F, 0x62, 0x1E, 0xDF, 0x8D, 0xC1, 0x47,
    0x1C, 0x83, 0xE3, 0x1A, 0x4D, 0x7C, 0x7D, 0x2A, 0x06, 0x44, 0xC3, 0xD5, 0x64, 0x47, 0x47, 0x2A,
    0x17, 0x63, 0xD6, 0x6E, 0xFE, 0x99, 0x14, 0x38, 0x11, 0xEB, 0x71, 0x4E, 0xDE, 0x08, 0xF5, 0x32,
    0x79, 0x09, 0x70, 0x18, 0xE8, 0x8A, 0xCB, 0x9E, 0x77, 0xA4, 0x5C, 0x73, 0xD9, 0x3B, 0x9C, 0xBE,
    0xB1, 0x77, 0x13, 0xF6, 0xA4, 0xEC, 0xA9, 0x9F, 0x92, 0x15, 0xC1, 0x3A, 0xE9, 0x68, 0x2C, 0xC6,
    0x2D, 0x2D, 0xB2, 0x60, 0x66, 0x55, 0x2D, 0xAF, 0x24, 0xCA, 0x68, 0xC6, 0x85, 0x02, 0xF6, 0x20,
    0xB7, 0xC5, 0x30, 0x9B, 0x10, 0xD2, 0xED, 0xA7, 0xCB, 0xC6, 0x2D, 0x21, 0x47, 0x8F, 0xC4, 0x7A,
    0xBA, 0x6B, 0xDB, 0x5B, 0xB4, 0xF2, 0xF0, 0xAC, 0x30, 0x04, 0x59, 0xF7, 0x91, 0x0A, 0x20, 0xB4,
    0xB4, 0x81, 0x48, 0xC4, 0x09, 0xD4, 0x6F, 0x5A, 0xDD, 0xE3, 0x38, 0xE7, 0x32, 0xE5, 0xF7, 0x94,
    0x20, 0x12, 0x69, 0x07, 0x33, 0x86, 0x98, 0x7D, 0x5C, 0x74, 0x33, 0x86, 0xF6, 0x54, 0x62, 0xA7,
    0x4A, 0xCA, 0xF5, 0x1E, 0xB0, 0x7F, 0x40, 0xA1, 0x63, 0x99, 0x78, 0x61, 0x4A, 0x79, 0x12, 0x8A,
    0xD3, 0x62, 0x0A, 0xF1, 0x79, 0x2D, 0x1E, 0x57, 0xD8, 0xD6, 0x3D, 0x1D, 0x13, 0x7B, 0xFF, 0x8E,
    0xED, 0x12, 0x08, 0x5F, 0x80, 0x74, 0xC3, 0xAE, 0xA9, 0x13, 0x90, 0xEE, 0x4C, 0x5C, 0xC1, 0x50,
    0xB8, 0x94, 0x91, 0xCB, 0x60, 0xC2, 0xF9, 0xE6, 0x2B, 0x11, 0x06, 0x16, 0x13, 0x7F, 0xC2, 0x84,
    0x43, 0x38, 0x2A, 0x03, 0x29, 0x6C, 0x8C, 0xB7, 0x86, 0x1F, 0x17, 0x03, 0xFC, 0x18, 0xAC, 0xE1,
    0xC7, 0xC8, 0x0D, 0xCB, 0x77, 0x0F, 0x30, 0x07, 0x0F, 0xE5, 0xDF, 0xE1, 0xF1, 0xC9, 0x35, 0x69,
    0x8F, 0x04, 0x79, 0x68, 0x56, 0xFD, 0x76, 0x06, 0x6F, 0xC9, 0x88, 0x32, 0x96, 0xA2, 0x5C, 0x64,
    0xDD, 0xE2, 0xDD, 0xB3, 0x30, 0x8D, 0x1D, 0x12, 0x4F, 0x45, 0x22, 0xBD, 0x0C, 0x45, 0x14, 0xAC,
    0xD5, 0x2C, 0xE6, 0x89, 0x6F, 0x2B, 0x59, 0xD4, 0x46, 0xF7, 0xBE, 0xD3, 0xCD, 0xF8, 0x17, 0x08,
    0x7D, 0x61, 0x41, 0x4B, 0xC0, 0xB4, 0xA6, 0x35, 0xA1, 0x5B, 0x0D, 0xA3, 0xBA, 0x2D, 0x19, 0x3C,
    0x4E, 0x4A, 0xF0, 0x3A, 0x87, 0x9D, 0x70, 0xF7, 0x48, 0xDB, 0x49, 0xF4, 0x6F, 0xA8, 0x79, 0xF1,
    0x76, 0x28, 0x7C, 0x6C, 0x14, 0xFE, 0xBD, 0xF1, 0x60, 0x11, 0x06, 0x7A, 0x21, 0xDF, 0x16, 0x11,
    0xA4, 0x76, 0xA8, 0x41, 0x3E, 0x29, 0x5B, 0x70, 0xBF, 0x4F, 0xD7, 0x50, 0xD7, 0x88, 0xE3, 0xF4,
    0xC7, 0xAD, 0x72, 0x78, 0xAF, 0xE6, 0x17, 0xAE, 0x3F, 0x1B, 0xFC, 0x90, 0x22, 0xC3, 0xC2, 0x71,
    0x8B, 0xDB, 0x8C, 0x9C, 0x05, 0x38, 0x9A, 0x1E, 0xD6, 0xA5, 0xAB, 0x18, 0xD5, 0x09, 0xB5, 0x4F,
    0x5B, 0x64, 0xC1, 0x32, 0x18, 0xD6, 0x80, 0x7F, 0xAE, 0x9E, 0xBC, 0xF9, 0x05, 0x29, 0xC8, 0xF0,
    0x14, 0x8C, 0xA1, 0x97, 0x8D, 0x26, 0xAE, 0x4A, 0x29, 0xA7, 0xC1, 0xFF, 0x03, 0xED, 0x5D, 0xBD,
    0xAF, 0xE5, 0xC6, 0x75, 0x1F, 0x92, 0xDA, 0x77, 0x61, 0x31, 0x08, 0x55, 0x78, 0xD7, 0xF6, 0xAE,
    0x6D, 0xA6, 0x70, 0x91, 0xC4, 0x80, 0x98, 0x22, 0x85, 0x9B, 0x84, 0x74, 0xF2, 0x0F, 0x6C, 0xB1,
    0x4F, 0x42, 0xE4, 0xC2, 0x2E, 0x5C, 0x38, 0xBB, 0x41, 0xD4, 0xA4, 0x48, 0x80, 0x20, 0xA4, 0x92,
    0x7F, 0xE0, 0x15, 0x51, 0xDA, 0xA8, 0x58, 0x01, 0xD2, 0x33, 0x82, 0x4D, 0xE1, 0x22, 0x30, 0x6C,
    0x91, 0x89, 0x8B, 0x14, 0x29, 0x42, 0xDB, 0x70, 0x5C, 0xFA, 0x1A, 0x90, 0x02, 0x48, 0x2E, 0x44,
    0x04, 0x74, 0xCC, 0x55, 0x78, 0x39, 0x99, 0xF3, 0x39, 0xC3, 0xFB, 0x3E, 0x76, 0x65, 0x69, 0x3F,
    0xF5, 0x2E, 0x76, 0x2F, 0x67, 0x78, 0xF9, 0xF8, 0x31, 0x73, 0xCE, 0x99, 0xF3, 0xF1, 0x3B, 0x87,
    0xC6, 0xD0, 0xE7, 0x39, 0xDE, 0x9A, 0xD4, 0x56, 0xDC, 0xCA, 0x6C, 0xA7, 0xAD, 0xFE, 0x94, 0x16,
    0xFC, 0x7A, 0xE9, 0xF8, 0xEF, 0xA9, 0x15, 0x59, 0x6B, 0xFB, 0x02, 0xFE, 0xB6, 0x70, 0xAD, 0x5D,
    0x6D, 0x69, 0x97, 0xFB, 0xCC, 0x70, 0x4E, 0xFC, 0x8C, 0xF4, 0xA3, 0xFB, 0xB8, 0x3F, 0x68, 0xED,
    0xDB, 0xEE, 0x3F, 0x1D, 0x56, 0xC1, 0x11, 0x8D, 0x49, 0xEC, 0xCE, 0x98, 0x18, 0x7E, 0x4D, 0xE1,
    0x58, 0x63, 0xED, 0xD6, 0x9D, 0x7C, 0x70, 0xAD, 0xDA, 0x7D, 0xE7, 0xAE, 0x67, 0x4C, 0xE9, 0x7E,
    0x29, 0xF1, 0xD2, 0xB9, 0xB6, 0x32, 0x3B, 0xB9, 0x23, 0xA8, 0x35, 0xBB, 0x93, 0x36, 0xAB, 0x56,
    0xEA, 0x5A, 0xF6, 0xBE, 0x5B, 0x1D, 0xB6, 0x26, 0x6D, 0x8D, 0xEE, 0x2C, 0x74, 0xE6, 0xC1, 0xB5,
    0x7A, 0x6E, 0xD5, 0x78, 0x2F, 0x70, 0x47, 0x25, 0xDE, 0x1F, 0xDC, 0x47, 0x01, 0x4F, 0xEA, 0x7E,
    0x69, 0xDC, 0x11, 0x0B, 0xDE, 0xBD, 0x91, 0xC7, 0x72, 0xDD, 0x04, 0x1E, 0x3F, 0x87, 0x43, 0x60,
    0x58, 0xDE, 0xB7, 0xFC, 0x58, 0x3C, 0x18, 0xEE, 0x17, 0xF7, 0x81, 0xBF, 0x82, 0x03, 0x71, 0xA4,
    0xDC, 0xE7, 0x65, 0xB7, 0x8B, 0x26, 0x23, 0xBA, 0xB3, 0x1C, 0x99, 0xFD, 0x4F, 0x6A, 0xD7, 0xF3,
    0x94, 0xF2, 0x76, 0x13, 0x6E, 0xA3, 0x3B, 0xB7, 0x53, 0x78, 0xBC, 0x16, 0x2E, 0x0A, 0xFB, 0x60,
    0x76, 0x78, 0x1E, 0x46, 0xDC, 0xED, 0xE6, 0x0D, 0xEE, 0xE9, 0x1F, 0x60, 0xB4, 0x13, 0x77, 0x83,
    0xF0, 0x44, 0xA9, 0xFB, 0x0F, 0xA3, 0x9A, 0xB9, 0x7D, 0x30, 0x2E, 0xB9, 0x3B, 0x66, 0xE3, 0xB6,
    0x85, 0x3B, 0x25, 0x1D, 0xD3, 0xE1, 0x6C, 0x85, 0xDB, 0xF8, 0xC4, 0x56, 0x8E, 0x83, 0x6D, 0xCF,
    0x5B, 0xB8, 0xC6, 0xE4, 0xCE, 0x33, 0xB8, 0xF3, 0x8D, 0x38, 0x87, 0x19, 0x5E, 0x6B, 0xE7, 0xF6,
    0xF5, 0x30, 0x5E, 0xFF, 0x4D, 0x43, 0x06, 0x1F, 0x1C, 0x44, 0xEB, 0x0E, 0x87, 0x01, 0xB6, 0x38,
    0xE4, 0x1B, 0x1E, 0x25, 0x73, 0xF5, 0xB8, 0x0A, 0xC7, 0xE2, 0x39, 0x73, 0x92, 0x7E, 0x03, 0x02,
    0x5E, 0x37, 0xFB, 0x53, 0xF6, 0xE6, 0xB6, 0xFB, 0xDD, 0xE3, 0xE3, 0xE3, 0xD7, 0xA2, 0xE3, 0x63,
    0x47, 0x8F, 0x70, 0xB9, 0x21, 0xC6, 0x29, 0xC1, 0x66, 0x82, 0xB7, 0x01, 0xCD, 0x3E, 0xB6, 0x44,
    0xA0, 0xF6, 0x2E, 0x4C, 0x10, 0x4C, 0x39, 0xDC, 0xB8, 0x1B, 0xC1, 0x27, 0xB8, 0x39, 0x49, 0x33,
    0xE6, 0xE6, 0x56, 0x9A, 0x39, 0xD0, 0x69, 0x82, 0xF4, 0xC8, 0xCD, 0x81, 0x19, 0x0E, 0x69, 0xC4,
    0xE0, 0xCC, 0x31, 0x6B, 0xBA, 0xB9, 0x39, 0x8A, 0x88, 0x5B, 0x68, 0xFE, 0x90, 0xAD, 0x8C, 0x95,
    0xB9, 0x64, 0x7A, 0x9F, 0x79, 0xBC, 0x79, 0x46, 0x89, 0x21, 0x16, 0x9E, 0x86, 0x83, 0x76, 0xB9,
    0x6E, 0xCC, 0x99, 0xA4, 0xEE, 0x2E, 0xD7, 0x98, 0x15, 0xB1, 0x2B, 0xB5, 0xFB, 0xC6, 0xD7, 0x6D,
    0x73, 0xD0, 0xE2, 0x7F, 0x0B, 0x53, 0x06, 0x93, 0x39, 0xC3, 0xA5, 0xAB, 0x1A, 0xAE, 0xE8, 0xBE,
    0xF0, 0xBF, 0xF9, 0xB2, 0xFB, 0x3A, 0xC0, 0x1B, 0x6B, 0x2D, 0xFD, 0x7F, 0xC8, 0x8D, 0x4A, 0x1A,
    0x0D, 0x35, 0x9C, 0x50, 0xD9, 0xE0, 0xFD, 0x94, 0x38, 0x62, 0x95, 0x48, 0x4B, 0x27, 0x03, 0x32,
    0x92, 0x19, 0x1D, 0xF2, 0x6F, 0x8E, 0x03, 0xEB, 0xD8, 0x37, 0xC3, 0xA3, 0x0F, 0x8E, 0xAB, 0x67,
    0x5F, 0xAD, 0xCC, 0x39, 0x9F, 0xD8, 0x4D, 0xD4, 0x5B, 0xAB, 0xE1, 0x9C, 0xDD, 0x0C, 0x35, 0xC1,
    0x8E, 0x8D, 0x75, 0x97, 0x08, 0x8F, 0x48, 0x6C, 0x57, 0xCE, 0xE1, 0x8E, 0xC8, 0x0E, 0x38, 0xDF,
    0xFE, 0xD3, 0x5A, 0xCF, 0x3D, 0xF8, 0x29, 0xAC, 0xDD, 0x9F, 0xB5, 0xDD, 0x7A, 0x47, 0xC4, 0x82,
    0xCD, 0x7F, 0xCA, 0xAD, 0xB9, 0xCF, 0xCF, 0xE1, 0x8A, 0x2E, 0xAE, 0x80, 0xE0, 0xBA, 0x0B, 0xA7,
    0x3C, 0x86, 0xCF, 0x1B, 0x3C, 0x66, 0x13, 0xAE, 0x1F, 0x48, 0x6F, 0xA5, 0x90, 0xA0, 0xD0, 0x62,
    0x29, 0x8B, 0x90, 0xEC, 0x70, 0x3C, 0xFC, 0x1E, 0x4A, 0x43, 0xA5, 0x56, 0xC7, 0x03, 0x8E, 0x80,
    0x6D, 0x95, 0xD8, 0x77, 0x0E, 0x5F, 0x84, 0xA7, 0x61, 0x99, 0xD4, 0xC1, 0x68, 0xA5, 0x24, 0x37,
    0x51, 0x58, 0x6E, 0x13, 0x0B, 0x24, 0x3C, 0x31, 0xDB, 0xD4, 0x20, 0x21, 0x0C, 0xAD, 0x05, 0xB8,
    0xA3, 0xB0, 0x53, 0xB2, 0x33, 0xB4, 0x60, 0xE0, 0x0E, 0x58, 0x8E, 0xBE, 0x07, 0x7F, 0xD9, 0xF0,
    0x8E, 0x14, 0xF9, 0x20, 0xC1, 0x21, 0xC3, 0x1D, 0x1B, 0x1C, 0xAC, 0xCC, 0xB3, 0x25, 0x2E, 0x1B,
    0xAE, 0x39, 0xAE, 0x77, 0xD0, 0x82, 0xC3, 0xDC, 0x4A, 0xEB, 0x4C, 0xB7, 0xDA, 0x11, 0x23, 0xE9,
    0x04, 0x3B, 0x36, 0xC4, 0x5D, 0x7E, 0x07, 0x5D, 0x24, 0xD8, 0x41, 0x17, 0x91, 0x1D, 0x3B, 0xC3,
    0xEB, 0x9B, 0x5C, 0x76, 0x96, 0x8B, 0xF8, 0x1D, 0x09, 0xCF, 0x35, 0xDF, 0xFA, 0xE4, 0x9E, 0xC7,
    0x9D, 0xE7, 0x6A, 0x25, 0x4F, 0x3B, 0xD0, 0x5A, 0x57, 0xF6, 0xB4, 0x03, 0x64, 0x07, 0xDE, 0x78,
    0xBD, 0xA5, 0x1D, 0xB0, 0x30, 0xE0, 0xE8, 0xB4, 0xBC, 0xC3, 0x8D, 0x0C, 0x8D, 0x8E, 0xA5, 0x1D,
    0xC0, 0x09, 0x78, 0x91, 0x98, 0x76, 0xB8, 0x79, 0x99, 0x49, 0xD8, 0x7C, 0xC6, 0xFD, 0x4A, 0x0B,
    0xE7, 0x80, 0x7C, 0x01, 0xF2, 0x38, 0x95, 0x19, 0x94, 0x1D, 0x4A, 0x0E, 0xE9, 0x6A, 0xF6, 0x1B,
    0x5E, 0x01, 0x59, 0xC4, 0x5B, 0x58, 0x54, 0xE3, 0x40, 0x40, 0x05, 0x9F, 0x4B, 0xE7, 0xD0, 0x62,
    0xEA, 0x48, 0x25, 0xE4, 0x38, 0xF7, 0x98, 0x7E, 0x51, 0x81, 0xBE, 0x5B, 0x3B, 0x42, 0xF6, 0x2A,
    0xA7, 0xCD, 0xEA, 0xFC, 0xF9, 0x92, 0xCD, 0x21, 0x51, 0xA7, 0xB6, 0x1D, 0x03, 0x9A, 0x86, 0x5B,
    0xDA, 0x1A, 0x4F, 0xD2, 0x3C, 0xFC, 0xA5, 0x17, 0xAA, 0x25, 0x4C, 0xB1, 0x12, 0xB4, 0x1B, 0xF0,
    0x05, 0xCF, 0xC2, 0xF4, 0xEC, 0xB8, 0xE2, 0x06, 0x4F, 0x0E, 0x92, 0xB3, 0x67, 0x50, 0xA2, 0xE6,
    0xB0, 0x1F, 0x89, 0x14, 0x36, 0x9E, 0x96, 0x57, 0x7D, 0x47, 0xCA, 0x31, 0x2B, 0x27, 0x42, 0xC9,
    0xB2, 0x3A, 0x0B, 0x21, 0x27, 0x9E, 0x7D, 0x90, 0x8E, 0x57, 0x7D, 0x47, 0xB5, 0xEE, 0xDF, 0xB7,
    0xF5, 0x78, 0xE8, 0x2F, 0xA8, 0x4C, 0x28, 0x01, 0x3A, 0x56, 0xC9, 0x48, 0x39, 0xE4, 0x3E, 0x29,
    0x0A, 0xBE, 0x3F, 0x92, 0x2A, 0xA7, 0x04, 0x7B, 0x3D, 0xF6, 0x7C, 0xC3, 0x24, 0x3E, 0xAF, 0xE8,
    0x37, 0x0B, 0xB9, 0x06, 0xE8, 0x10, 0x1F, 0xD2, 0xF7, 0x5B, 0xCF, 0x33, 0x40, 0xBC, 0x11, 0x4D,
    0xBF, 0xD2, 0xEE, 0x26, 0x60, 0x90, 0x1C, 0xC9, 0x6C, 0x84, 0x09, 0x57, 0xCA, 0x85, 0xD3, 0x95,
    0x9D, 0x12, 0x2E, 0x9E, 0xAE, 0xEE, 0x94, 0x6E, 0xF1, 0x74, 0xA8, 0x11, 0x12, 0xD9, 0x02, 0x6B,
    0x47, 0x70, 0x88, 0x52, 0xED, 0x72, 0xDC, 0xA2, 0xFC, 0x09, 0x89, 0xB6, 0xD2, 0xF9, 0xCE, 0x42,
    0x09, 0xD6, 0x08, 0x0D, 0x1B, 0xA5, 0xD8, 0xC4, 0x06, 0x2B, 0xE6, 0x3D, 0x3F, 0xDF, 0x31, 0xC9,
    0xDB, 0x5E, 0xD0, 0x3B, 0x26, 0x62, 0xB9, 0xFE, 0xD2, 0x91, 0x49, 0x9D, 0x7A, 0x83, 0x9C, 0xEF,
    0x6E, 0x13, 0x14, 0xB3, 0xAA, 0xDD, 0xD2, 0x22, 0xEB, 0x7A, 0xB1, 0xFD, 0xA1, 0xF0, 0x3C, 0x0C,
    0x9E, 0xFD, 0x95, 0x30, 0x3C, 0x91, 0x26, 0x49, 0xF6, 0x03, 0xEC, 0x65, 0x44, 0xA4, 0x06, 0xD5,
    0x45, 0x56, 0x11, 0xA4, 0xA7, 0x8C, 0x41, 0xBD, 0xCB, 0x55, 0xD8, 0xF3, 0x7A, 0xD8, 0x59, 0xBD,
    0x83, 0xB7, 0xFE, 0x31, 0xE8, 0xB5, 0xA8, 0x33, 0x94, 0xA4, 0xB3, 0xA6, 0xD6, 0xF7, 0x06, 0xDA,
    0x70, 0x6F, 0x24, 0x9D, 0x63, 0x4B, 0x03, 0x3E, 0x3A, 0x62, 0x79, 0xB5, 0xC5, 0x9E, 0x1B, 0xF5,
    0x6D, 0x82, 0x72, 0xC4, 0xF5, 0x7A, 0x98, 0x36, 0x52, 0x74, 0x5D, 0xAF, 0x83, 0x49, 0xCB, 0xD0,
    0xE0, 0x70, 0xBD, 0x06, 0x94, 0x5A, 0x50, 0x7A, 0xA1, 0x57, 0xD2, 0xFC, 0xBB, 0xD1, 0x80, 0xDE,
    0x25, 0x9A, 0x7D, 0xEE, 0x11, 0x29, 0x69, 0x0F, 0x67, 0x5E, 0x7B, 0x68, 0xCF, 0x68, 0x0F, 0x47,
    0x49, 0x7B, 0x25, 0x7D, 0x71, 0xAF, 0x25, 0xFE, 0xA6, 0x1E, 0x9C, 0x24, 0x19, 0x4A, 0xBE, 0x3A,
    0x9C, 0x64, 0x33, 0x95, 0x7C, 0x67, 0x70, 0x92, 0x74, 0x2A, 0xF0, 0x7E, 0xB6, 0xA8, 0x46, 0x67,
    0x53, 0x6E, 0x17, 0xE4, 0x62, 0x38, 0x49, 0x31, 0x11, 0xF1, 0x6C, 0xDD, 0x9E, 0xF7, 0xBE, 0x6D,
    0x47, 0x96, 0x76, 0x3F, 0x27, 0xCA, 0x03, 0xC2, 0xF9, 0x95, 0x1B, 0x11, 0xA6, 0x43, 0xF7, 0xF5,
    0x63, 0xB7, 0xE5, 0xC1, 0x2A, 0xEC, 0x02, 0x72, 0xA7, 0x66, 0x8B, 0xE0, 0xF8, 0x28, 0x7A, 0x5D,
    0x96, 0x5C, 0xD4, 0x8C, 0x79, 0xAD, 0x45, 0x49, 0x3A, 0xB0, 0xD8, 0xEC, 0x58, 0x2F, 0x4F, 0xB4,
    0xD3, 0xF3, 0x2F, 0x55, 0xCA, 0xB2, 0xCC, 0x19, 0x31, 0x6F, 0x33, 0x2B, 0xB1, 0x51, 0xF4, 0x09,
    0xE8, 0x3C, 0x5F, 0x05, 0x1D, 0x27, 0x29, 0x7C, 0xC7, 0x91, 0x9D, 0xEF, 0xB8, 0xA1, 0x3B, 0xBD,
    0x13, 0xDB, 0xE0, 0xB0, 0x17, 0xA5, 0x23, 0xE6, 0x22, 0x5B, 0x96, 0xBE, 0x53, 0x9E, 0xD2, 0x69,
    0x0C, 0x88, 0x08, 0xEE, 0x54, 0x51, 0x28, 0x2F, 0x62, 0x3B, 0x87, 0x9A, 0xDE, 0x1C, 0xB2, 0xDE,
    0x14, 0xEA, 0x73, 0x81, 0xC2, 0x17, 0x2C, 0x13, 0xAB, 0x35, 0x84, 0x74, 0x69, 0x7F, 0x54, 0x70,
    0xB2, 0x3A, 0xE4, 0xEA, 0x3C, 0x94, 0x57, 0xD1, 0x5A, 0x5D, 0xBD, 0x59, 0xF9, 0x9B, 0x19, 0xFC,
    0x45, 0x66, 0x7F, 0x57, 0x33, 0x53, 0x20, 0x34, 0x99, 0xFE, 0xA4, 0xB9, 0x25, 0x33, 0x9D, 0x69,
    0x0F, 0x46, 0x4E, 0x28, 0xCF, 0x3C, 0xE3, 0xA7, 0xC6, 0xDC, 0xAB, 0x79, 0xF9, 0x9B, 0xD2, 0x6C,
    0xD1, 0x3E, 0xED, 0x49, 0xCE, 0x4A, 0x33, 0xF5, 0xCD, 0x8D, 0x6F, 0x3A, 0xE2, 0xD6, 0xE6, 0xE6,
    0x41, 0x37, 0x9F, 0xAF, 0xB4, 0x59, 0x76, 0xDA, 0xAC, 0x7B, 0x6D, 0x82, 0xF9, 0x70, 0xA2, 0xE9,
    0xC6, 0x43, 0x9A, 0x2F, 0x52, 0x93, 0xA9, 0xC8, 0x99, 0xDF, 0x42, 0x43, 0x1B, 0x1A, 0xBE, 0x75,
    0xB3, 0xF1, 0x4D, 0x77, 0xE1, 0xC1, 0x5B, 0x0A, 0xC1, 0x0C, 0x0D, 0xA7, 0x88, 0xEC, 0xDC, 0x8F,
    0x6D, 0xE9, 0xC9, 0xC4, 0x6B, 0x21, 0x1B, 0x4F, 0x2F, 0xB5, 0x4E, 0x71, 0x62, 0xD5, 0x32, 0x88,
    0xAC, 0x3F, 0x41, 0xEB, 0x89, 0xE6, 0x2A, 0x2C, 0x7C, 0xD1, 0x4B, 0xEE, 0x2C, 0x37, 0x61, 0xD5,
    0x69, 0xDC, 0x79, 0xFA, 0x92, 0x16, 0xCF, 0xA1, 0x25, 0x65, 0x63, 0x94, 0xED, 0x35, 0xDE, 0xBA,
    0x1B, 0xC0, 0xDF, 0x71, 0xBB, 0x71, 0xFF, 0x61, 0x6B, 0x3E, 0x6D, 0x68, 0x6B, 0xCE, 0xD8, 0x1E,
    0x1E, 0xC1, 0xD6, 0xAD, 0x88, 0xF8, 0x77, 0x99, 0x3D, 0x7D, 0x2B, 0xBF, 0xEB, 0xF9, 0x1F, 0xC5,
    0x96, 0x9C, 0x4D, 0x03, 0x3A, 0x45, 0xDC, 0x16, 0xA6, 0xAB, 0xDA, 0xDB, 0xEA, 0xD4, 0x88, 0xDB,
    0x43, 0xE6, 0xA7, 0xE0, 0xC9, 0x91, 0x67, 0x6F, 0x69, 0x86, 0x62, 0x9E, 0x9E, 0x8C, 0x57, 0xF8,
    0x96, 0x24, 0xC2, 0x86, 0xF9, 0x3F, 0x61, 0xA3, 0x3E, 0x12, 0xD3, 0xEE, 0xE6, 0x11, 0x2E, 0x0F,
    0xEE, 0x6F, 0xC1, 0x0C, 0xBB, 0x09, 0x6C, 0x5A, 0xA3, 0x78, 0x00, 0x4B, 0x1F, 0xD6, 0x6B, 0x98,
    0x9D, 0x21, 0xE8, 0xD6, 0xA8, 0xE2, 0x80, 0xA2, 0x83, 0xAB, 0x79, 0x8A, 0x22, 0xC3, 0xCD, 0x58,
    0x75, 0x0D, 0xD9, 0x96, 0xC4, 0x49, 0x8B, 0x4B, 0x25, 0x6A, 0x5B, 0xE8, 0xBC, 0x0A, 0xBA, 0xFD,
    0xBA, 0x3B, 0xAC, 0xBB, 0xD3, 0xBA, 0xBB, 0x5B, 0x77, 0x6D, 0xD8, 0x5D, 0xE0, 0x36, 0x7D, 0x77,
    0x86, 0x53, 0x07, 0x5D, 0xD0, 0x83, 0x83, 0x2E, 0x78, 0xF7, 0x82, 0x2E, 0xB8, 0xF8, 0x82, 0xAE,
    0x1B, 0x96, 0x2A, 0xE8, 0x3A, 0x1A, 0xEE, 0x82, 0x2E, 0x08, 0xCF, 0xB0, 0x5B, 0x3A, 0x52, 0x0D,
    0xBA, 0xCE, 0x52, 0x0A, 0xBB, 0xCE, 0x92, 0x0A, 0xBB, 0xE4, 0x7A, 0xD2, 0x6E, 0xB4, 0xEE, 0x82,
    0x4A, 0x14, 0x76, 0xCB, 0x75, 0x37, 0xB7, 0xA2, 0x74, 0x60, 0x37, 0x5D, 0x77, 0x13, 0xED, 0x46,
    0x2D, 0x38, 0x1A, 0xB5, 0x9B, 0x5B, 0x52, 0x92, 0x27, 0x31, 0xD4, 0x68, 0x29, 0xF1, 0xDD, 0x5D,
    0xA0, 0xCE, 0x50, 0x77, 0x43, 0x5D, 0xB1, 0x7A, 0xE2, 0x77, 0x3D, 0x49, 0x79, 0x19, 0xB0, 0x72,
    0x4A, 0xAC, 0x35, 0xD8, 0xD4, 0xAE, 0xDC, 0x0D, 0x65, 0xB8, 0x10, 0x01, 0x51, 0x86, 0xBE, 0x87,
    0x7C, 0xED, 0x79, 0x28, 0xD7, 0x27, 0xCE, 0x57, 0x7F, 0xEA, 0x6E, 0x6C, 0xED, 0x39, 0x7D, 0x6E,
    0x4F, 0x3D, 0xBE, 0xBA, 0xFA, 0xB9, 0x9D, 0xD7, 0x97, 0x5D, 0xB9, 0x44, 0x6C, 0x40, 0xE9, 0x09,
    0xB9, 0x91, 0x98, 0xD0, 0xA1, 0xE7, 0xE9, 0x1C, 0x1E, 0xCD, 0x93, 0x39, 0xD0, 0x89, 0xA7, 0x72,
    0x5C, 0xFB, 0x3C, 0x91, 0xF3, 0xFD, 0x37, 0xAB, 0x5E, 0xBF, 0xEA, 0x31, 0x85, 0x5F, 0xFA, 0x93,
    0x80, 0xC0, 0x73, 0x5E, 0xDB, 0x89, 0xBE, 0xAD, 0xAC, 0xF4, 0xD0, 0x8B, 0xA8, 0xC7, 0xD4, 0xCD,
    0x3D, 0x21, 0xEE, 0x6B, 0xD4, 0x13, 0xDA, 0xA6, 0x9E, 0x90, 0x36, 0xF5, 0x84, 0xB2, 0xA9, 0x27,
    0x84, 0x4D, 0x3D, 0xA1, 0x6B, 0xEA, 0x09, 0x59, 0x73, 0x8F, 0xA9, 0x9A, 0x7B, 0x4C, 0xD4, 0xDC,
    0x63, 0x9A, 0xE6, 0x1E, 0x93, 0x34, 0xF7, 0xA2, 0x55, 0x8F, 0x09, 0x5A, 0x7A, 0xE5, 0xAA, 0x97,
    0xAF, 0x7A, 0xE9, 0xAA, 0x97, 0x48, 0x2F, 0xA0, 0x65, 0xD7, 0x0B, 0x48, 0x19, 0x1E, 0xCC, 0x53,
    0x32, 0xF5, 0x84, 0x90, 0x5D, 0xC3, 0xD3, 0xB1, 0x0A, 0x37, 0x24, 0xE3, 0xC8, 0xAE, 0x69, 0x62,
    0x5E, 0xD1, 0xC4, 0xB4, 0x22, 0xB5, 0x71, 0x65, 0xC6, 0x0C, 0x2B, 0x22, 0xDD, 0x86, 0x7E, 0xB0,
    0x90, 0x80, 0x73, 0x1B, 0xF2, 0x49, 0xBB, 0x72, 0x9A, 0x95, 0xAB, 0x53, 0x16, 0x2B, 0xAF, 0xC2,
    0xC1, 0xED, 0x95, 0x6F, 0xED, 0xCD, 0xF0, 0xD2, 0x4D, 0x70, 0x86, 0xFE, 0x54, 0x8D, 0x2C, 0xB0,
    0xF3, 0x57, 0xFB, 0x83, 0x45, 0x7B, 0xED, 0x13, 0xBC, 0x7E, 0x7F, 0xE6, 0xE6, 0xC1, 0x1B, 0xE6,
    0x2A, 0x30, 0xBF, 0x79, 0xC1, 0x19, 0xB8, 0xF3, 0x06, 0x9E, 0xD4, 0xAD, 0xD7, 0x5D, 0x8D, 0xDA,
    0xDA, 0x88, 0xBC, 0xEB, 0x06, 0x1A, 0xFD, 0xC0, 0x25, 0xB6, 0xC9, 0x98, 0x75, 0x76, 0x65, 0x77,
    0x8D, 0x3D, 0x31, 0x07, 0x2D, 0x8A, 0x95, 0x69, 0x43, 0x4E, 0x83, 0x0E, 0xAD, 0x7F, 0x18, 0x24,
    0x6A, 0x93, 0x60, 0x91, 0x76, 0xFD, 0x58, 0xB7, 0x41, 0x0F, 0xE9, 0x60, 0xF1, 0x8C, 0x61, 0x75,
    0x2B, 0xD0, 0x46, 0x9A, 0xC1, 0x44, 0xE3, 0xF6, 0xB4, 0xD7, 0x5E, 0x74, 0x5D, 0xDE, 0x9F, 0x8B,
    0x32, 0x98, 0xD3, 0x3A, 0x20, 0x98, 0xD6, 0x06, 0x64, 0xB5, 0x04, 0xB4, 0x38, 0x07, 0x64, 0x33,
    0x9D, 0x26, 0x49, 0xB3, 0x80, 0x0A, 0xD3, 0x40, 0xD4, 0x25, 0x21, 0xCD, 0x1D, 0xEF, 0x79, 0x96,
    0x37, 0x9D, 0x89, 0xD9, 0x83, 0x3F, 0x90, 0xDB, 0xC9, 0xB5, 0x66, 0xC3, 0xCE, 0x62, 0x47, 0x30,
    0x7C, 0xFE, 0x8D, 0xFD, 0x11, 0x9F, 0x3D, 0xF6, 0xCE, 0xB5, 0x56, 0x6F, 0xAA, 0xD0, 0x6B, 0x6C,
    0x3C, 0xED, 0xAD, 0xA8, 0xFB, 0xE4, 0xE7, 0x5B, 0xCA, 0x30, 0xBB, 0x93, 0x0F, 0xAF, 0xD7, 0x88,
    0xAD, 0x9C, 0x26, 0xB1, 0x3E, 0x34, 0xE0, 0xBD, 0x10, 0x72, 0xB9, 0x5C, 0x47, 0xA2, 0x50, 0xE5,
    0xB3, 0xFC, 0x95, 0xDC, 0x60, 0xFB, 0x3F, 0xD2, 0xB2, 0x3F, 0xE4, 0x51, 0x8D, 0x80, 0x58, 0xF9,
    0xC4, 0x0D, 0x2F, 0x6D, 0x09, 0x04, 0x15, 0x1A, 0x8E, 0x50, 0xF0, 0x6C, 0x65, 0x8B, 0xA8, 0xEE,
    0xF9, 0x8E, 0x23, 0x23, 0x30, 0x3C, 0x2C, 0x0E, 0xEA, 0x89, 0x83, 0x9B, 0xC6, 0x7E, 0x70, 0x7C,
    0x87, 0x2E, 0x22, 0x61, 0x52, 0x76, 0x45, 0x2E, 0x3E, 0x80, 0x62, 0xBC, 0xBF, 0x12, 0xEE, 0xFD,
    0xD5, 0xC3, 0x43, 0x7C, 0xBA, 0x9C, 0xAC, 0x41, 0x77, 0xB9, 0x62, 0x31, 0xC1, 0x72, 0x4F, 0x26,
    0x1B, 0xAE, 0x61, 0xE0, 0xB6, 0x22, 0x39, 0x96, 0xA3, 0x2B, 0xC3, 0x75, 0x0F, 0x58, 0x1B, 0x9B,
    0xD0, 0xC1, 0x44, 0xAD, 0x9C, 0x5B, 0x23, 0xB5, 0x64, 0x34, 0xFF, 0xCC, 0x44, 0xE0, 0x4A, 0x5F,
    0xCC, 0x06, 0x43, 0x97, 0x55, 0x86, 0x71, 0xCB, 0x0E, 0x9D, 0x45, 0xEE, 0x78, 0x0C, 0xC4, 0xEE,
    0x24, 0x70, 0x49, 0x23, 0xBC, 0xA3, 0x31, 0x22, 0x4A, 0xAB, 0xE9, 0x4C, 0x97, 0xCF, 0x91, 0x19,
    0x2F, 0xBD, 0x57, 0x11, 0xDD, 0x8D, 0xEC, 0xD8, 0xE1, 0x87, 0x66, 0x77, 0x18, 0x7A, 0xCF, 0xE0,
    0xC1, 0x4A, 0x52, 0x61, 0xCB, 0x05, 0xED, 0x0D, 0x37, 0xA4, 0xB0, 0x39, 0xF8, 0xBE, 0x58, 0x1F,
    0xAB, 0xCD, 0x2D, 0x4B, 0x1E, 0x78, 0xD8, 0xC4, 0x81, 0x87, 0x78, 0x70, 0xFB, 0xEE, 0x7E, 0x8D,
    0x14, 0xE6, 0x14, 0x03, 0xB9, 0xF8, 0x07, 0x76, 0x59, 0x6D, 0x2C, 0x0E, 0x1A, 0x3A, 0x51, 0xEF,
    0x5E, 0x6F, 0xC9, 0x47, 0xE2, 0xD8, 0xD2, 0xAD, 0xA4, 0x43, 0x8E, 0x6E, 0x12, 0x67, 0x3E, 0xC1,
    0x7C, 0x57, 0xE6, 0xE6, 0x6D, 0xF3, 0x2C, 0x0B, 0xDF, 0xC2, 0xCD, 0xCB, 0xB6, 0xED, 0x4C, 0x39,
    0xB9, 0x51, 0xB1, 0x5B, 0x58, 0x31, 0x9B, 0xDC, 0x66, 0x0B, 0x2D, 0xF9, 0xC4, 0x6E, 0xE8, 0xDD,
    0xC9, 0x61, 0x0A, 0x37, 0x27, 0xBD, 0x76, 0x68, 0xD9, 0x96, 0x7C, 0x2D, 0xFA, 0x62, 0x0B, 0xB6,
    0xD0, 0xE8, 0xC1, 0x23, 0xF8, 0xAA, 0xDD, 0x1D, 0xA4, 0xAB, 0xBB, 0x1A, 0x4A, 0xA5, 0x10, 0xF4,
    0x7F, 0x83, 0x5B, 0xA3, 0xAB, 0xC1, 0xD3, 0x8D, 0xEE, 0x6D, 0xF4, 0x69, 0xA3, 0x23, 0x3B, 0x21,
    0x87, 0x21, 0xB9, 0xB4, 0xC4, 0x39, 0x4D, 0x1E, 0xE9, 0xBD, 0xCF, 0x0B, 0x0D, 0xAE, 0x0D, 0x28,
    0xFC, 0x71, 0x35, 0xA0, 0x2F, 0xDC, 0x47, 0x82, 0xF0, 0x63, 0xFD, 0x02, 0x6B, 0xD8, 0x2E, 0x15,
    0x50, 0x7A, 0x87, 0x5F, 0x85, 0xB5, 0x2B, 0x99, 0x83, 0x93, 0x89, 0xEC, 0x0F, 0x13, 0x8A, 0x8D,
    0xC1, 0x08, 0x07, 0x73, 0xC4, 0xCC, 0x4D, 0xAE, 0x15, 0x91, 0x39, 0xEF, 0xC9, 0xD4, 0x56, 0xC4,
    0x4C, 0x2E, 0x02, 0x3A, 0x39, 0xDB, 0x4D, 0x0B, 0xD0, 0x09, 0x09, 0x7F, 0xF6, 0x2C, 0x87, 0x90,
    0xF7, 0x23, 0x41, 0x05, 0xA4, 0x6B, 0xD4, 0xC4, 0xEC, 0x41, 0x13, 0x8A, 0x99, 0x50, 0xC8, 0x84,
    0x22, 0x26, 0x14, 0x30, 0xA1, 0x78, 0x09, 0x81, 0x4B, 0x4C, 0x8A, 0x96, 0x50, 0xB0, 0x84, 0x62,
    0x25, 0x14, 0x2A, 0x61, 0xEF, 0xAB, 0xC1, 0x28, 0x09, 0x05, 0x49, 0x28, 0x46, 0x42, 0x21, 0x12,
    0x8A, 0x90, 0x50, 0x80, 0x84, 0xE2, 0x23, 0x14, 0x1E, 0xA1, 0xE8, 0x08, 0x05, 0x47, 0x78, 0x6C,
    0x84, 0x42, 0x23, 0xF2, 0x95, 0x48, 0x1C, 0x57, 0xB8, 0x88, 0x3D, 0x58, 0x44, 0xBC, 0x35, 0x29,
    0x78, 0xF0, 0x9D, 0x81, 0x3C, 0xE0, 0xAA, 0x04, 0x82, 0x2A, 0x5B, 0xC0, 0xF5, 0xEE, 0x04, 0xD4,
    0xDF, 0x59, 0x9C, 0xAB, 0xF7, 0x77, 0x24, 0x72, 0x27, 0xA3, 0xC1, 0x34, 0xC1, 0x01, 0x48, 0x4C,
    0xF4, 0xF0, 0x6C, 0xA9, 0x15, 0xDD, 0xB9, 0xCD, 0x8E, 0xE8, 0x9E, 0x44, 0xF3, 0xCC, 0xB3, 0x53,
    0x11, 0x94, 0xA2, 0x23, 0x24, 0xC5, 0xC0, 0x40, 0x0A, 0xC6, 0x51, 0x30, 0x8C, 0x82, 0x51, 0x14,
    0x0C, 0xA2, 0x60, 0xEC, 0x44, 0xB0, 0x89, 0xF7, 0x36, 0x7C, 0xC8, 0xCC, 0xE8, 0x09, 0x06, 0x4F,
    0x30, 0x76, 0x82, 0xA1, 0x13, 0x8C, 0x9C, 0x60, 0xE0, 0x84, 0x44, 0x66, 0xAC, 0x58, 0x89, 0xC8,
    0x8A, 0x02, 0x9A, 0xB8, 0xBA, 0xBF, 0x98, 0x9B, 0x7F, 0x71, 0x03, 0x4D, 0x0B, 0x19, 0x45, 0x28,
    0x68, 0x49, 0xDB, 0x88, 0x2B, 0x60, 0x2B, 0x2B, 0xAD, 0x23, 0x99, 0x31, 0x34, 0x4F, 0x78, 0x29,
    0xF5, 0x0B, 0xED, 0x49, 0xFB, 0xA9, 0x18, 0xEE, 0xAD, 0x2B, 0x0A, 0xE2, 0xE2, 0xF8, 0x0D, 0x05,
    0x5C, 0xEC, 0x14, 0x6F, 0x31, 0x2B, 0xDC, 0x62, 0x14, 0xB4, 0xC5, 0x52, 0x05, 0xE0, 0x85, 0x27,
    0xA4, 0x35, 0x85, 0xD0, 0x0A, 0x8F, 0xAC, 0xF0, 0xC0, 0x0A, 0x8F, 0xAB, 0xF0, 0xB0, 0x0A, 0x8F,
    0xAA, 0xF0, 0xA0, 0x8A, 0x00, 0x53, 0xE1, 0x23, 0x96, 0x1E, 0x51, 0xE1, 0x01, 0x15, 0x01, 0x9E,
    0xE2, 0x24, 0x9C, 0xE2, 0x79, 0x63, 0xBE, 0x4F, 0x53, 0x5A, 0xC5, 0x34, 0xCD, 0x4E, 0x76, 0xD0,
    0xD1, 0x4E, 0x64, 0xCC, 0x1C, 0xAE, 0x2C, 0x07, 0x76, 0xDA, 0xB6, 0xBD, 0xC8, 0xBA, 0x66, 0x6F,
    0xAA, 0xD5, 0x4C, 0x29, 0x45, 0xB9, 0xBC, 0x74, 0x9F, 0x16, 0x02, 0xDC, 0x96, 0x6D, 0x62, 0x50,
    0xA1, 0x18, 0x9E, 0x51, 0x09, 0x3C, 0xC3, 0x3C, 0xCD, 0xF0, 0x0C, 0x45, 0xC4, 0x44, 0x82, 0xFA,
    0xE2, 0x20, 0x8A, 0xB6, 0x68, 0x8C, 0x5F, 0x72, 0x0C, 0x71, 0xF6, 0xD8, 0xB5, 0x7D, 0x2C, 0xEC,
    0x39, 0xAA, 0xDC, 0x9A, 0xD8, 0xAB, 0x17, 0xB6, 0x06, 0x41, 0x37, 0x39, 0x03, 0xE4, 0xBE, 0x83,
    0x85, 0x17, 0x4C, 0xF9, 0x10, 0x99, 0x12, 0xBC, 0xA5, 0x4A, 0x19, 0x5D, 0x48, 0x18, 0x9E, 0x2E,
    0x5A, 0x6B, 0x6D, 0x75, 0x8F, 0x19, 0x6B, 0xB7, 0x09, 0x1E, 0x13, 0x09, 0x45, 0x20, 0x19, 0xAC,
    0x1A, 0x9E, 0x58, 0xC0, 0xE5, 0x8A, 0x27, 0xBC, 0x6C, 0xCC, 0x8D, 0x0B, 0x7E, 0x3D, 0x1F, 0x4E,
    0xF5, 0x29, 0x3F, 0xC6, 0x27, 0xF1, 0x85, 0x6A, 0x85, 0xFB, 0x90, 0x86, 0x8F, 0x9F, 0x65, 0x1E,
    0x46, 0x2B, 0x2A, 0xCA, 0x9F, 0x57, 0xE6, 0x2D, 0xB6, 0x1A, 0xDD, 0x9D, 0x71, 0x70, 0x67, 0x60,
    0xFF, 0x7C, 0x0A, 0xAD, 0x81, 0xF7, 0xA5, 0xE2, 0x6C, 0xEF, 0x02, 0x95, 0xE4, 0xC6, 0x05, 0xBF,
    0x3E, 0x2E, 0x8B, 0xA8, 0xFB, 0x88, 0x76, 0x13, 0xCF, 0x1E, 0x42, 0xB7, 0xE7, 0x34, 0x2B, 0x45,
    0xEA, 0x8A, 0x2B, 0x21, 0x16, 0xDF, 0x43, 0xA2, 0x94, 0xA3, 0x01, 0x30, 0x75, 0x82, 0x54, 0x17,
    0x3C, 0xFD, 0x00, 0x79, 0xFA, 0x9A, 0x22, 0x21, 0xEB, 0x2E, 0xE1, 0x89, 0x2A, 0x47, 0x81, 0xC4,
    0x14, 0x3B, 0x56, 0x7C, 0xCC, 0x46, 0x7D, 0x47, 0x91, 0x57, 0x6E, 0x3D, 0x22, 0x32, 0x1D, 0x2F,
    0x78, 0xFA, 0xA9, 0xE1, 0xE9, 0x67, 0xF0, 0xDB, 0x69, 0xC5, 0x75, 0x83, 0x07, 0x55, 0x31, 0x4E,
    0x64, 0x04, 0x56, 0x15, 0x2D, 0xCF, 0x53, 0xB1, 0x63, 0x8E, 0x6E, 0x47, 0xB1, 0x7D, 0x7A, 0x13,
    0xC6, 0x43, 0x29, 0x0E, 0xB1, 0xA6, 0x92, 0x13, 0xFA, 0xF0, 0x05, 0x4F, 0x3F, 0x10, 0x9E, 0x7E,
    0x4D, 0x9F, 0x7F, 0xF1, 0x6E, 0xEE, 0xAD, 0x3A, 0xB3, 0x77, 0x27, 0x81, 0x05, 0xB5, 0x7A, 0x9F,
    0x63, 0xEF, 0xEB, 0x3E, 0x18, 0x2E, 0x78, 0xFA, 0x29, 0x5B, 0xA7, 0x53, 0xD1, 0xC1, 0x0A, 0x09,
    0x74, 0xD4, 0x32, 0xC9, 0xB5, 0x28, 0x6A, 0xE5, 0x4E, 0xC3, 0x70, 0x66, 0x2F, 0x91, 0x20, 0x52,
    0x2A, 0x2A, 0xA4, 0xB1, 0xE9, 0xF7, 0xD6, 0xE9, 0x7A, 0x1B, 0xDF, 0x9B, 0xA7, 0xA7, 0x7D, 0x9E,
    0xFE, 0x9C, 0x31, 0xDF, 0xBC, 0xE0, 0xE9, 0xB3, 0x79, 0xFA, 0xD6, 0xBB, 0x3C, 0xCB, 0x23, 0x1B,
    0x45, 0xEC, 0x0C, 0xED, 0x69, 0xE6, 0xC1, 0x9F, 0xFF, 0x3A, 0x04, 0x93, 0xDC, 0xBC, 0x40, 0xE4,
    0x21, 0xF3, 0xB1, 0x2F, 0xCD, 0x34, 0x61, 0x6F, 0x55, 0xC5, 0x9B, 0xAB, 0x8E, 0xF1, 0x5A, 0xC1,
    0xD8, 0x9E, 0xBA, 0x41, 0x67, 0x75, 0xC9, 0x9B, 0x05, 0x37, 0xF5, 0x0E, 0xC3, 0x6E, 0x94, 0xF8,
    0x14, 0xA3, 0xC3, 0x6D, 0xBC, 0x86, 0xBE, 0x3C, 0x34, 0xCF, 0x12, 0x9F, 0xA4, 0x44, 0x69, 0x33,
    0x64, 0xC4, 0x1D, 0xDF, 0x16, 0x9F, 0x09, 0xCB, 0x9E, 0x4C, 0x69, 0x34, 0x5B, 0xED, 0x9B, 0xD9,
    0x0F, 0x7C, 0x7C, 0x7C, 0xFB, 0xCC, 0xE9, 0x07, 0xCF, 0xFA, 0x24, 0xC9, 0x4A, 0xED, 0x4E, 0xA0,
    0x3B, 0x0A, 0xBF, 0x97, 0x56, 0x6E, 0x1B, 0xFE, 0xD5, 0x19, 0xFB, 0xC5, 0x78, 0x7F, 0xB4, 0x75,
    0x11, 0x51, 0x7B, 0xE0, 0x11, 0x35, 0x10, 0xF8, 0x6F, 0x0A, 0x26, 0x96, 0x6E, 0xA2, 0x12, 0xC2,
    0x89, 0x4F, 0xCB, 0x3B, 0xD0, 0xD5, 0x0A, 0xDD, 0x72, 0x4E, 0x54, 0x42, 0x52, 0xE5, 0x06, 0xA2,
    0x2F, 0x4D, 0xB0, 0x81, 0x9D, 0xB1, 0xED, 0x30, 0xB4, 0x72, 0x68, 0xA2, 0xEB, 0x4F, 0x75, 0x98,
    0x2D, 0xD6, 0xC0, 0x53, 0xA2, 0xB9, 0x91, 0xC9, 0x6A, 0x1F, 0xD3, 0xDD, 0xE5, 0xC3, 0xC3, 0x93,
    0xBE, 0x92, 0xAB, 0x95, 0xD2, 0xF1, 0x70, 0x02, 0xA8, 0x91, 0xAA, 0xC1, 0xBE, 0x09, 0x5A, 0xE3,
    0x09, 0x35, 0xC2, 0xFC, 0xE9, 0x05, 0x27, 0x3D, 0xEA, 0xD8, 0x34, 0xC9, 0xCE, 0xC8, 0xF3, 0x0E,
    0x25, 0x3B, 0xE1, 0x89, 0x30, 0x07, 0xEC, 0x64, 0x88, 0xAD, 0x0A, 0xD7, 0x7A, 0x09, 0x51, 0x2F,
    0x01, 0xFC, 0x4C, 0x97, 0x0D, 0x1A, 0xD1, 0xFA, 0xDE, 0x82, 0xF3, 0x29, 0x89, 0x5B, 0xE3, 0x05,
    0x1A, 0x8F, 0x40, 0xF2, 0xAA, 0x4E, 0xD0, 0x16, 0x50, 0xB5, 0xEC, 0xEF, 0xCC, 0x47, 0xFC, 0xC4,
    0xC7, 0xF4, 0xB9, 0xED, 0xC9, 0x08, 0xD9, 0x2E, 0x6C, 0xC7, 0x41, 0xDB, 0x5C, 0xD3, 0x1C, 0x72,
    0x3A, 0xE8, 0x27, 0x2F, 0x51, 0x84, 0x29, 0xB3, 0x88, 0xAD, 0x21, 0x65, 0x70, 0x01, 0xA1, 0x48,
    0xAB, 0x64, 0x39, 0x23, 0x36, 0x76, 0xA4, 0xC9, 0xC4, 0xF6, 0x40, 0xB1, 0x0D, 0x68, 0x47, 0x34,
    0xF3, 0x7D, 0xE9, 0xD9, 0xB0, 0xD3, 0x76, 0x06, 0x8A, 0x40, 0xA3, 0xBA, 0xA0, 0xB6, 0x11, 0xDA,
    0xC6, 0x0B, 0x78, 0x4D, 0x49, 0xC0, 0x96, 0x4E, 0xA9, 0xFB, 0x63, 0xCE, 0x3C, 0xD9, 0xD1, 0x29,
    0xB1, 0x3D, 0xE3, 0xEC, 0xBE, 0x77, 0xDC, 0xF2, 0x79, 0x72, 0x9F, 0x11, 0xEB, 0x33, 0x7B, 0x14,
    0xD4, 0xDF, 0x18, 0x9F, 0x2A, 0xEB, 0xDA, 0x13, 0x89, 0x1E, 0xB8, 0x87, 0x78, 0xC1, 0x53, 0x62,
    0x3B, 0x81, 0xF9, 0x6F, 0x0C, 0xE3, 0x99, 0x89, 0xD5, 0x08, 0x0B, 0x4C, 0xCE, 0x26, 0xC0, 0x25,
    0xBF, 0x6C, 0x0D, 0x28, 0x02, 0x11, 0x12, 0xC2, 0x92, 0x0A, 0x23, 0xB9, 0x36, 0xE2, 0x05, 0x89,
    0x3E, 0x76, 0x98, 0x13, 0x4B, 0xED, 0x39, 0x68, 0x4F, 0x74, 0x13, 0x8B, 0x06, 0xA6, 0xAD, 0x42,
    0x78, 0xAC, 0x0A, 0x5B, 0xFF, 0xEB, 0xEE, 0x43, 0x4D, 0x3E, 0xC0, 0xC2, 0x6E, 0xDD, 0x26, 0xE6,
    0x01, 0xDC, 0x6F, 0x8F, 0xFC, 0x33, 0x23, 0xC4, 0x4F, 0x08, 0x60, 0x91, 0x0C, 0x3E, 0x47, 0xB1,
    0x8E, 0x91, 0x48, 0xD5, 0xED, 0x90, 0x97, 0x00, 0x53, 0xD8, 0x31, 0x3B, 0x65, 0xB6, 0x2F, 0x80,
    0xA3, 0x40, 0x15, 0xDB, 0xA6, 0xD0, 0xEA, 0x4D, 0xCA, 0xA9, 0x00, 0xFD, 0xA5, 0x97, 0xB9, 0xC5,
    0x46, 0xC2, 0x2D, 0x3A, 0x1F, 0xEB, 0x8E, 0xD0, 0xA2, 0x08, 0xFB, 0xF2, 0x7A, 0x25, 0x5A, 0x25,
    0xD2, 0xF7, 0xDD, 0x94, 0x5A, 0x35, 0x60, 0xDF, 0xB7, 0x2C, 0xC2, 0x19, 0xEF, 0x8E, 0x41, 0xEA,
    0x49, 0x5B, 0x0B, 0x8B, 0x75, 0x14, 0xDE, 0xD7, 0x9C, 0xEC, 0x7D, 0x8F, 0xC6, 0xAF, 0x6B, 0xE5,
    0xEE, 0x31, 0x19, 0xE6, 0x7D, 0x9C, 0x4E, 0xB8, 0xEC, 0x1F, 0xE1, 0xB3, 0x61, 0x9C, 0xBB, 0xC0,
    0x84, 0x98, 0x9B, 0x6F, 0x82, 0xA6, 0xF8, 0x3A, 0x0D, 0xE5, 0xF1, 0x9B, 0x15, 0x67, 0x61, 0x91,
    0xB3, 0x3F, 0x97, 0x50, 0xB7, 0x4C, 0xCA, 0x46, 0x1A, 0xB9, 0x34, 0x00, 0x9F, 0x61, 0x08, 0x62,
    0xDA, 0x21, 0x08, 0x94, 0x6E, 0xCA, 0x11, 0x28, 0x21, 0xBF, 0xCA, 0x91, 0xA5, 0x7A, 0x29, 0x95,
    0x13, 0x8A, 0x2D, 0xAF, 0x02, 0x97, 0x03, 0x60, 0x59, 0x2D, 0x54, 0xAE, 0x58, 0x5D, 0x6D, 0xD8,
    0xB0, 0x11, 0x1D, 0xBA, 0xA5, 0xD5, 0xA2, 0x26, 0x82, 0xA0, 0x3D, 0x1A, 0xB9, 0xCE, 0x62, 0x5E,
    0xAC, 0xFB, 0x86, 0x06, 0x80, 0x2B, 0x08, 0xEB, 0x12, 0xB5, 0x3B, 0x4E, 0xB1, 0x73, 0x1A, 0x34,
    0x20, 0x01, 0xA2, 0x63, 0x6B, 0xDF, 0x2C, 0x59, 0xBA, 0x39, 0x42, 0x9C, 0xA9, 0x01, 0xE0, 0xA1,
    0xE8, 0xB0, 0x5D, 0x6E, 0x90, 0x3F, 0xC5, 0x1D, 0x0C, 0xA1, 0xEA, 0x1B, 0x57, 0x30, 0x5F, 0xCE,
    0x72, 0xA9, 0x82, 0x56, 0x1A, 0xB9, 0x88, 0x82, 0x58, 0x66, 0x16, 0x85, 0xD2, 0x5D, 0x0E, 0x9A,
    0xB1, 0x60, 0xBB, 0xF9, 0xAE, 0x79, 0x69, 0x92, 0xB5, 0x69, 0x11, 0x66, 0x5B, 0x64, 0x30, 0x17,
    0x16, 0x36, 0xBF, 0xD8, 0xA1, 0xF0, 0x75, 0xD3, 0xFB, 0xD7, 0xA8, 0x5A, 0x53, 0x6A, 0x72, 0x46,
    0xDA, 0x3E, 0x01, 0x38, 0xDA, 0x13, 0x0D, 0xFE, 0x89, 0x8F, 0xC9, 0xC0, 0x26, 0x98, 0x08, 0x00,
    0x41, 0xEB, 0x66, 0x22, 0xF7, 0x15, 0x85, 0xF1, 0x9B, 0x45, 0xD8, 0x85, 0x9D, 0x05, 0xAF, 0xDE,
    0xD8, 0xCF, 0x69, 0xDF, 0xB7, 0x40, 0xE1, 0xB1, 0x3E, 0x38, 0x52, 0xA1, 0x61, 0x24, 0x25, 0x50,
    0x0D, 0xE3, 0xAD, 0x90, 0xF7, 0x00, 0xF1, 0xD7, 0xCB, 0x87, 0x2F, 0xE2, 0xDA, 0x3A, 0x90, 0x54,
    0xAA, 0x85, 0x04, 0xDB, 0x13, 0x8D, 0xCF, 0xD8, 0x5F, 0x1E, 0x1E, 0x7E, 0xDD, 0xFE, 0xA4, 0x42,
    0x18, 0x2B, 0x2C, 0x09, 0x90, 0x27, 0x76, 0x07, 0x6F, 0xB1, 0x15, 0xA2, 0x2B, 0x44, 0x20, 0xC5,
    0x22, 0x85, 0xCD, 0x15, 0xA6, 0xD4, 0x55, 0x0A, 0x6C, 0x32, 0x71, 0x06, 0x37, 0xE9, 0x3C, 0xE5,
    0xC4, 0x0B, 0x6D, 0xBE, 0x18, 0xF1, 0x95, 0xFC, 0x80, 0xC8, 0x2B, 0x51, 0x1B, 0x5D, 0x13, 0x84,
    0x4A, 0xD1, 0x70, 0x52, 0x6F, 0x6D, 0x9F, 0x19, 0xE7, 0x7A, 0x02, 0x18, 0x44, 0x1B, 0x09, 0xB1,
    0x83, 0x72, 0x4A, 0xB3, 0xC7, 0x29, 0x2D, 0xC2, 0xED, 0x11, 0x2F, 0xDE, 0x91, 0x38, 0x21, 0xA8,
    0x0C, 0x96, 0x9A, 0x18, 0xA4, 0x31, 0x1B, 0x41, 0x2F, 0x53, 0x83, 0x18, 0xC4, 0x2E, 0xC4, 0x20,
    0x2F, 0x00, 0xCC, 0x59, 0x04, 0x26, 0x33, 0xC8, 0x22, 0xCF, 0xBE, 0xDC, 0x83, 0x41, 0x58, 0xED,
    0xE4, 0x14, 0xE6, 0xB2, 0x37, 0x18, 0xE3, 0x97, 0x94, 0xE5, 0x72, 0xA6, 0x40, 0x46, 0xC6, 0x29,
    0xCA, 0x1B, 0x7B, 0x67, 0xF4, 0x29, 0xC9, 0x46, 0x52, 0x67, 0xD5, 0xB4, 0x16, 0x0C, 0xE8, 0xE9,
    0x00, 0xAF, 0x50, 0xFA, 0x7F, 0xB7, 0xBA, 0xF2, 0x96, 0x80, 0x9B, 0x24, 0xE7, 0xB5, 0xD1, 0xA5,
    0x10, 0xBE, 0x3F, 0x00, 0xD7, 0xEB, 0x1C, 0xD9, 0x39, 0x47, 0x17, 0x91, 0x13, 0x07, 0xE0, 0x82,
    0x43, 0x4B, 0x1C, 0xFC, 0x70, 0xC5, 0xDE, 0x96, 0xF6, 0xD3, 0xEF, 0x70, 0x7C, 0x8B, 0x4F, 0xBE,
    0xC3, 0x04, 0x60, 0x2D, 0x1C, 0x52, 0xB3, 0x75, 0x20, 0x50, 0xAF, 0x5A, 0x32, 0xAA, 0xDF, 0x39,
    0xA4, 0xC7, 0xEA, 0x44, 0x11, 0x58, 0xF9, 0x7E, 0x60, 0xAA, 0x96, 0xDB, 0x42, 0x57, 0x6C, 0xEA,
    0xA3, 0xDA, 0x4A, 0x27, 0x8E, 0x59, 0x16, 0xA5, 0xBC, 0x85, 0x7B, 0x3A, 0x80, 0x32, 0x13, 0x0B,
    0x29, 0x93, 0x74, 0x0F, 0xB3, 0x21, 0x79, 0x33, 0x21, 0x65, 0x50, 0x09, 0x99, 0x77, 0x0E, 0xAC,
    0x26, 0xB0, 0x37, 0xC4, 0x6B, 0x3B, 0x23, 0xC9, 0xAC, 0x5E, 0x5E, 0x5C, 0x62, 0x92, 0x0F, 0xA7,
    0xAC, 0x37, 0x11, 0x3B, 0x0F, 0x46, 0x91, 0x1E, 0xD9, 0xCE, 0xB0, 0x6F, 0x3A, 0xB5, 0x55, 0x2B,
    0x06, 0xD1, 0xCF, 0x59, 0x6B, 0x8B, 0x7C, 0xF0, 0xB8, 0xB6, 0xBB, 0x13, 0xF9, 0x11, 0x41, 0xB6,
    0x5D, 0x7B, 0x1F, 0xAA, 0x1D, 0x38, 0x30, 0x8F, 0x9E, 0x05, 0x70, 0x42, 0x49, 0xC5, 0x7E, 0x38,
    0x27, 0x19, 0x96, 0x3A, 0xAA, 0x93, 0x52, 0xA1, 0xBA, 0x91, 0xE2, 0x02, 0xC7, 0x5E, 0x9F, 0x8E,
    0x13, 0x0C, 0x0B, 0x4D, 0x98, 0x2D, 0x50, 0x41, 0x6A, 0xB8, 0x25, 0xB5, 0x09, 0x3A, 0x5E, 0x5E,
    0x5D, 0x2B, 0x93, 0x05, 0xB9, 0x63, 0x1A, 0x03, 0x2F, 0x87, 0x78, 0x3E, 0x7E, 0xC0, 0xF6, 0x50,
    0x61, 0xFF, 0x93, 0xA7, 0xAA, 0x50, 0x23, 0xBA, 0xD0, 0xC7, 0xF5, 0xCA, 0x6A, 0xA1, 0xD6, 0x61,
    0x61, 0x7F, 0xC6, 0xC2, 0xA7, 0xB0, 0xFF, 0xCE, 0xF2, 0xA8, 0xB0, 0xFF, 0xC6, 0xBA, 0x17, 0x7A,
    0x52, 0xFC, 0x75, 0xB9, 0x1E, 0x42, 0x97, 0xD3, 0x85, 0x0B, 0x2C, 0x31, 0x50, 0xC9, 0x9D, 0xE2,
    0x81, 0x78, 0xF7, 0x2C, 0x30, 0x3B, 0xCE, 0x88, 0x2E, 0x28, 0x79, 0xA6, 0x81, 0xF1, 0x7E, 0x07,
    0x88, 0x67, 0xC0, 0x99, 0x05, 0x85, 0x63, 0xC7, 0x68, 0xAC, 0x9A, 0x8B, 0x11, 0x6C, 0x91, 0xB9,
    0x49, 0xC3, 0xF6, 0x4E, 0x6A, 0xF3, 0xF2, 0xD6, 0x1C, 0x18, 0xF3, 0x6C, 0x45, 0x21, 0x2A, 0x4E,
    0xCF, 0x06, 0x14, 0x22, 0x5B, 0x68, 0x4C, 0xA8, 0xA5, 0x15, 0x02, 0x60, 0x40, 0x1B, 0x5C, 0x6C,
    0xDC, 0x4B, 0xD5, 0x0C, 0x54, 0x5B, 0x11, 0xA4, 0x6F, 0x9C, 0x63, 0xD8, 0x50, 0x9C, 0x3A, 0x6A,
    0x35, 0x51, 0x4C, 0x33, 0xC5, 0xF6, 0x1B, 0x07, 0xD6, 0x03, 0x1D, 0x3F, 0x6A, 0x83, 0x2C, 0xDC,
    0x1C, 0xB3, 0xF9, 0xA6, 0xF5, 0x9E, 0xD8, 0x52, 0x02, 0x7E, 0x1F, 0xF1, 0xC2, 0xDB, 0x93, 0x36,
    0xE6, 0x1A, 0x39, 0x3E, 0x1A, 0xFC, 0xD5, 0xC2, 0xE7, 0x21, 0xF2, 0xC9, 0xED, 0x8F, 0xE9, 0xE9,
    0x73, 0xA7, 0x7C, 0x75, 0xA2, 0x77, 0xF7, 0xB2, 0x67, 0x90, 0x63, 0xD8, 0x8B, 0xFC, 0x23, 0x1A,
    0x78, 0xF8, 0x73, 0xCB, 0x8D, 0x9A, 0xD1, 0x92, 0x7D, 0x29, 0xD7, 0xCA, 0xB8, 0x12, 0x4E, 0x9F,
    0xB2, 0xCD, 0xDA, 0x27, 0x48, 0x0B, 0x39, 0xE6, 0xE5, 0xF6, 0x30, 0x62, 0x0B, 0x86, 0x14, 0x52,
    0xD2, 0x5A, 0x17, 0x6A, 0xA4, 0x98, 0x7C, 0x87, 0x60, 0xCD, 0x79, 0x95, 0x6B, 0xF4, 0x34, 0x02,
    0x3F, 0xC7, 0x73, 0x81, 0x9F, 0x24, 0x88, 0xBB, 0x8C, 0x25, 0xB3, 0x49, 0x69, 0xA1, 0xDC, 0x03,
    0x7E, 0xFE, 0xE2, 0x0C, 0xE0, 0x67, 0xAC, 0xC0, 0x4F, 0xC5, 0xEB, 0x46, 0x77, 0x74, 0x4C, 0x25,
    0x62, 0x6B, 0x64, 0xC5, 0x16, 0x91, 0xAE, 0x32, 0x3D, 0x6C, 0xDC, 0xBD, 0xBE, 0xCE, 0x37, 0x8D,
    0x95, 0x6B, 0x5A, 0xE1, 0x9A, 0x54, 0xB0, 0xA5, 0x8F, 0x27, 0xD2, 0x73, 0x73, 0x2A, 0xD2, 0xB3,
    0xB0, 0x72, 0x9F, 0x84, 0xF4, 0x24, 0x4A, 0xE7, 0x2A, 0x24, 0xA9, 0xA6, 0x69, 0xE0, 0x20, 0xCE,
    0x61, 0x98, 0xB2, 0x10, 0x41, 0x68, 0xD9, 0x29, 0x10, 0x06, 0xCD, 0x6E, 0x1E, 0x89, 0xA7, 0xE0,
    0x68, 0xE5, 0x26, 0x50, 0x1F, 0x41, 0x19, 0x92, 0xF0, 0xFD, 0x7B, 0x07, 0x2E, 0x38, 0xE0, 0x09,
    0xE0, 0x80, 0x94, 0xAE, 0x99, 0xF9, 0x9A, 0x24, 0xA3, 0x91, 0x2C, 0x91, 0xD4, 0xDA, 0x55, 0xC9,
    0x8E, 0x27, 0x09, 0x2A, 0xFD, 0xF0, 0x19, 0x48, 0x93, 0x0B, 0xD2, 0xAD, 0xA6, 0x16, 0xD4, 0xB4,
    0xA4, 0x43, 0x5A, 0x41, 0xA7, 0x49, 0x05, 0xA9, 0xBA, 0x5A, 0x87, 0x20, 0x9D, 0x80, 0x93, 0x09,
    0xCE, 0x4E, 0x25, 0x78, 0x16, 0x7D, 0x6A, 0xAC, 0x52, 0xF7, 0x5C, 0x00, 0x84, 0x8C, 0x81, 0x41,
    0x36, 0x0B, 0xD8, 0x7D, 0x5D, 0x81, 0x29, 0x95, 0xF8, 0x04, 0xE0, 0x4F, 0x99, 0x30, 0xFE, 0x8D,
    0xDA, 0xA4, 0x1B, 0xEE, 0x41, 0xAE, 0x54, 0xEF, 0x18, 0xF4, 0xCD, 0x41, 0xF0, 0x20, 0x7D, 0xBC,
    0x24, 0xE4, 0x3D, 0xA5, 0xA5, 0x72, 0x06, 0x2A, 0xA9, 0x7E, 0x8E, 0xAB, 0x5F, 0x56, 0x9B, 0x97,
    0x99, 0x7A, 0x08, 0xF2, 0x20, 0x33, 0x75, 0x78, 0x46, 0xB4, 0x49, 0xD1, 0x6D, 0x3C, 0x14, 0x58,
    0x73, 0x67, 0x5B, 0x52, 0xFD, 0x9F, 0x16, 0xED, 0x19, 0x67, 0xB0, 0x7E, 0x70, 0x8B, 0xA2, 0x9C,
    0x9C, 0x1B, 0xC8, 0x7A, 0xA5, 0x38, 0x8D, 0xE0, 0xAA, 0x97, 0xDA, 0x25, 0xD0, 0x90, 0x0F, 0x9C,
    0xE2, 0xD5, 0xA0, 0x0D, 0x57, 0x6F, 0xD1, 0xB8, 0xC3, 0x61, 0x9D, 0x13, 0x72, 0x4E, 0xA7, 0xE4,
    0xB7, 0xFE, 0xD9, 0x4C, 0x32, 0x86, 0x74, 0x29, 0x19, 0xDD, 0x26, 0x80, 0x6F, 0x45, 0x87, 0xF7,
    0xA0, 0x6A, 0x32, 0x08, 0xAA, 0x34, 0xAC, 0x3B, 0xD5, 0x65, 0xE1, 0x06, 0x74, 0x72, 0x18, 0xDD,
    0x6C, 0xC2, 0x90, 0x77, 0x36, 0x90, 0x77, 0x0A, 0x7C, 0xB9, 0x95, 0x89, 0x7B, 0x32, 0x11, 0x24,
    0x53, 0x4A, 0x47, 0x97, 0xB5, 0x3A, 0x62, 0x44, 0x1E, 0x7F, 0x3C, 0x24, 0xF2, 0x61, 0xF0, 0x81,
    0x36, 0xF0, 0x10, 0x97, 0x5B, 0xC9, 0xBB, 0x62, 0x88, 0x0A, 0x3D, 0x45, 0x29, 0x25, 0x7B, 0x58,
    0xF5, 0xD9, 0xDF, 0x34, 0xF8, 0xDB, 0x06, 0xB3, 0xE1, 0x9B, 0x7C, 0x40, 0x2B, 0x8E, 0x92, 0x6E,
    0xA1, 0x45, 0x95, 0x1B, 0x3F, 0xB8, 0x23, 0x2E, 0xC3, 0x2D, 0x3D, 0x6D, 0x83, 0xF7, 0x30, 0x93,
    0x37, 0xF6, 0x68, 0x3F, 0xAF, 0x2B, 0x37, 0xE6, 0x6F, 0xDC, 0x09, 0x9A, 0x08, 0x8C, 0xB8, 0x1E,
    0x86, 0xB1, 0x1D, 0xC0, 0x74, 0x2C, 0xE7, 0x12, 0xE5, 0x45, 0xBB, 0x15, 0x34, 0x15, 0x17, 0x26,
    0xA3, 0xA2, 0x0E, 0xC4, 0x44, 0x67, 0x41, 0xC6, 0xA3, 0x17, 0x88, 0x1B, 0x28, 0x57, 0xBA, 0xC2,
    0x39, 0xD7, 0xF6, 0x01, 0x9D, 0xA7, 0x7E, 0x64, 0xDF, 0x3E, 0xBA, 0x43, 0xDF, 0xBC, 0x74, 0x51,
    0x41, 0x37, 0xF2, 0x0C, 0x8D, 0x92, 0x61, 0xBB, 0x91, 0xD2, 0x5D, 0x15, 0x45, 0x3B, 0xA4, 0x56,
    0x86, 0xA6, 0xEB, 0x9E, 0x51, 0xD7, 0x0E, 0xAD, 0xAD, 0xE3, 0x63, 0x5F, 0x14, 0x8A, 0x97, 0x85,
    0xDE, 0x57, 0x01, 0xAB, 0xD5, 0xD5, 0x1F, 0x16, 0xF3, 0x04, 0x49, 0x2A, 0x75, 0xC0, 0x78, 0x87,
    0x2F, 0x04, 0xD6, 0xDE, 0x85, 0x28, 0x4D, 0xEF, 0x2B, 0x81, 0x51, 0xCA, 0x7A, 0xE3, 0x4B, 0x81,
    0xA1, 0xFC, 0xB4, 0x41, 0x2D, 0xB0, 0xB6, 0xF3, 0x95, 0xEF, 0x30, 0x93, 0xB4, 0x6D, 0x82, 0xCA,
    0x77, 0xE0, 0x96, 0x2D, 0xAA, 0xA0, 0xF2, 0x1D, 0xE7, 0xF1, 0xB7, 0x92, 0x71, 0xC5, 0x99, 0x81,
    0x41, 0xE5, 0xBB, 0x44, 0x82, 0x48, 0x66, 0xB5, 0x23, 0x0B, 0x4B, 0x78, 0xED, 0x55, 0xBE, 0xA3,
    0x1D, 0xB5, 0x2F, 0xE2, 0xF5, 0x6B, 0x55, 0xBE, 0xDB, 0xAD, 0x2B, 0xDF, 0x71, 0x61, 0xB0, 0x71,
    0xBD, 0xA3, 0x0D, 0x2A, 0xDF, 0x6D, 0xC4, 0x7D, 0x14, 0x1F, 0xF9, 0xDA, 0x60, 0x78, 0xE3, 0xE9,
    0xE4, 0x8B, 0x83, 0xE1, 0xE8, 0x64, 0xB3, 0xAF, 0x0E, 0x86, 0x95, 0xEF, 0xF2, 0xD9, 0x97, 0x07,
    0x2B, 0x49, 0xD2, 0x6B, 0x7D, 0x30, 0x12, 0x90, 0xB4, 0x03, 0x0B, 0x84, 0xE1, 0xE8, 0x5C, 0x6A,
    0x27, 0xAD, 0x10, 0xC6, 0xEE, 0xF0, 0x49, 0x4B, 0x84, 0x71, 0x50, 0x64, 0x54, 0x72, 0x60, 0xF7,
    0xCF, 0x50, 0xEE, 0xE1, 0x64, 0x06, 0xAD, 0x12, 0x26, 0x04, 0xB3, 0xCF, 0x5A, 0xD5, 0x3E, 0xD1,
    0x79, 0x9A, 0x33, 0x41, 0x74, 0x62, 0xDA, 0xEB, 0xFB, 0x44, 0xB9, 0xA0, 0xEE, 0x9C, 0xF8, 0x4A,
    0xDE, 0x5B, 0x05, 0x03, 0x3E, 0xAE, 0xBA, 0x73, 0xF4, 0x04, 0x9D, 0xA7, 0xB4, 0x5A, 0x2A, 0x55,
    0x31, 0xA1, 0xB5, 0x4A, 0xDE, 0x44, 0x67, 0x61, 0x3F, 0x41, 0x67, 0xF4, 0xB1, 0x50, 0x3B, 0xF6,
    0xD1, 0x62, 0xAF, 0x3C, 0x81, 0xD8, 0x26, 0xD6, 0xBA, 0x76, 0xD8, 0x27, 0xF2, 0xD5, 0x7E, 0x4B,
    0x78, 0x25, 0xED, 0x7F, 0x9A, 0xC2, 0x99, 0x2B, 0x12, 0x6C, 0x42, 0xFA, 0x12, 0xCA, 0x15, 0x6A,
    0x4A, 0xC3, 0x72, 0x8E, 0x33, 0xC3, 0x9F, 0x02, 0xE2, 0x2A, 0xD9, 0x93, 0xC0, 0xB4, 0xC5, 0x62,
    0x5C, 0x49, 0x0B, 0x0A, 0x50, 0x24, 0x41, 0xC5, 0x44, 0x38, 0x5D, 0x3A, 0x78, 0xC2, 0xC2, 0xDA,
    0x74, 0xA3, 0xA7, 0x2B, 0x38, 0x5D, 0x31, 0x2A, 0x59, 0x11, 0xF1, 0x0D, 0x4A, 0x55, 0xEE, 0x74,
    0xC7, 0x77, 0x50, 0x3E, 0x84, 0x95, 0x31, 0x87, 0xBD, 0xD2, 0x99, 0x5B, 0x25, 0xA9, 0x28, 0x90,
    0x38, 0x47, 0x92, 0x8C, 0x70, 0x86, 0x9A, 0xFF, 0x52, 0xA0, 0xE9, 0x44, 0x6D, 0xA8, 0x1C, 0x66,
    0x2B, 0x55, 0xB1, 0x38, 0xA7, 0x77, 0x60, 0xEF, 0xB3, 0x2A, 0xDC, 0xAF, 0xDB, 0x3B, 0xAD, 0x9A,
    0x5C, 0x71, 0xAF, 0x6A, 0x72, 0x93, 0x54, 0x93, 0xA3, 0x9E, 0x54, 0x93, 0x2B, 0xA1, 0x9A, 0xDC,
    0x20, 0xD5, 0xE4, 0x4A, 0x70, 0xEC, 0x68, 0x35, 0x39, 0xAC, 0xF8, 0x55, 0x49, 0x35, 0xB9, 0xB2,
    0x4B, 0xD0, 0x95, 0xCB, 0xD5, 0xE4, 0xAA, 0x14, 0xEB, 0x31, 0x49, 0x35, 0xB9, 0x02, 0x2F, 0x27,
    0xCE, 0xB1, 0x3A, 0xAC, 0x26, 0x87, 0xC4, 0x1A, 0x54, 0x93, 0x5B, 0x82, 0x8A, 0x71, 0xE9, 0xAA,
    0x9A, 0x1C, 0xAA, 0x5A, 0xDA, 0xAB, 0xC3, 0x6A, 0x72, 0x70, 0x92, 0x78, 0xF4, 0xD5, 0xE4, 0x9C,
    0xC9, 0x31, 0x4B, 0x35, 0x39, 0xA0, 0xA7, 0xCD, 0xBC, 0xAA, 0x26, 0x37, 0x4B, 0x35, 0x39, 0x50,
    0x8F, 0xF2, 0x99, 0x95, 0x49, 0x83, 0xD5, 0xE4, 0x26, 0x8E, 0xF7, 0x6F, 0x89, 0xFF, 0x4F, 0xAF,
    0x26, 0xA7, 0x3C, 0x88, 0xD5, 0xE4, 0x78, 0x20, 0x57, 0xD5, 0xE4, 0xCE, 0xC0, 0xE8, 0xD5, 0xDD,
    0x1E, 0xE8, 0x22, 0xF3, 0x69, 0xB5, 0x8A, 0xF4, 0xE8, 0x85, 0xA4, 0x2A, 0xF6, 0x1F, 0x71, 0x69,
    0xC3, 0x4C, 0x93, 0xD0, 0xCE, 0x31, 0x48, 0x2E, 0xA2, 0x08, 0x1F, 0x5F, 0x14, 0x21, 0x96, 0x0C,
    0x06, 0x99, 0x2C, 0x81, 0xD0, 0xCF, 0x6B, 0x14, 0x34, 0xAF, 0x23, 0x91, 0x4E, 0x61, 0xCF, 0x6A,
    0x74, 0xB5, 0x4A, 0x80, 0x48, 0x44, 0xF8, 0x37, 0x17, 0x51, 0x84, 0x07, 0x1B, 0x45, 0x30, 0xDF,
    0xF1, 0x10, 0x33, 0xA3, 0x81, 0x80, 0x5E, 0x5B, 0x41, 0x49, 0xB6, 0x4A, 0x81, 0xD3, 0x5B, 0x05,
    0x4E, 0xCF, 0x2A, 0xAB, 0x35, 0x19, 0xE2, 0x9A, 0xAF, 0x34, 0xF2, 0xDC, 0x7D, 0x45, 0x11, 0x2A,
    0xC2, 0xEB, 0xAC, 0xEA, 0x84, 0x71, 0xE9, 0x24, 0x5F, 0x36, 0x29, 0x28, 0x99, 0x14, 0xD6, 0x04,
    0xF3, 0xE5, 0xC0, 0x7C, 0x25, 0x30, 0x5F, 0x04, 0xCC, 0xD7, 0xFF, 0xF2, 0xA5, 0xBF, 0xB4, 0xEA,
    0x97, 0x2F, 0xF8, 0xE5, 0x6B, 0x7D, 0xF9, 0x32, 0x5F, 0xBE, 0xC2, 0x97, 0x2F, 0xEE, 0xE5, 0xEB,
    0x7A, 0xF9, 0x92, 0x5E, 0xBE, 0x9A, 0x97, 0x2F, 0xE4, 0xE5, 0x6B, 0x78, 0xF9, 0xF2, 0x5D, 0xBE,
    0x72, 0x97, 0x2F, 0xDA, 0xE5, 0xEB, 0x75, 0xF9, 0x52, 0x5D, 0xBE, 0x4A, 0x97, 0x2F, 0xD0, 0x25,
    0xE5, 0x8C, 0x7C, 0x29, 0x23, 0x5F, 0xC6, 0xC8, 0x97, 0x30, 0xF2, 0xE5, 0x8B, 0x82, 0x12, 0x5C,
    0xC4, 0x9C, 0xEF, 0x86, 0xBC, 0x24, 0xB9, 0x45, 0xD9, 0x28, 0x59, 0x2E, 0xA2, 0xC7, 0x89, 0x13,
    0x5E, 0xA8, 0x75, 0xCB, 0xF3, 0x3D, 0xAE, 0x79, 0x38, 0xE5, 0x3F, 0x88, 0x64, 0xA2, 0x7F, 0xEB,
    0x5C, 0xC0, 0x32, 0x15, 0x00, 0x92, 0xE2, 0x3F, 0x52, 0xF8, 0x47, 0x8A, 0xFE, 0x88, 0xC0, 0x91,
    0x62, 0x3F, 0x5A, 0xE8, 0x47, 0x8A, 0xFC, 0x48, 0x81, 0x1F, 0x29, 0xA6, 0xF3, 0x70, 0xB6, 0x8D,
    0x14, 0xE9, 0x91, 0x02, 0x3D, 0x52, 0x9C, 0x47, 0x0B, 0xF3, 0xC0, 0xE7, 0xF3, 0xE7, 0xE5, 0x03,
    0xB6, 0xBE, 0x36, 0xBD, 0xA6, 0x80, 0xF9, 0x2C, 0x69, 0x65, 0xB1, 0x52, 0x15, 0xE7, 0xDF, 0x39,
    0x6D, 0xF8, 0xBE, 0xFC, 0x9A, 0x82, 0x05, 0x17, 0xB3, 0x9F, 0x69, 0x5F, 0xFC, 0x52, 0x4E, 0x53,
    0x76, 0x52, 0x3A, 0xBD, 0xEC, 0xF2, 0x41, 0x56, 0xD0, 0x6C, 0xD0, 0x7D, 0xF2, 0xEB, 0xB6, 0xEC,
    0x55, 0xD7, 0xF2, 0xF7, 0x57, 0x9D, 0x02, 0x43, 0xEC, 0xF6, 0xF5, 0xB5, 0xEC, 0x74, 0x18, 0x22,
    0x53, 0x59, 0x1D, 0xC2, 0x10, 0x77, 0xA7, 0xC1, 0x10, 0xCD, 0x47, 0x85, 0x21, 0xB6, 0x8F, 0x71,
    0x89, 0x1C, 0xF4, 0x7C, 0xA0, 0x20, 0x6C, 0x7C, 0x58, 0x7C, 0x63, 0xD9, 0xAB, 0xBC, 0xD0, 0x63,
    0x5E, 0x3F, 0x45, 0x25, 0xB9, 0xFA, 0x5A, 0x90, 0x56, 0xC6, 0xC3, 0x9E, 0xDD, 0xC5, 0x9A, 0x3A,
    0x45, 0x8F, 0x55, 0x13, 0x4A, 0x9A, 0xC7, 0xBD, 0xCD, 0x16, 0x37, 0xF9, 0xDD, 0xBA, 0xF7, 0x24,
    0xC1, 0x48, 0x24, 0x88, 0x1A, 0x3E, 0xBD, 0x48, 0xC5, 0xBD, 0xCF, 0x17, 0x83, 0x76, 0x00, 0x19,
    0xD9, 0x9C, 0x5E, 0x37, 0x2B, 0x5A, 0x17, 0xB9, 0xAA, 0xCC, 0x09, 0xCE, 0x84, 0xB6, 0x37, 0x5E,
    0x4A, 0x5F, 0x2B, 0x9B, 0x13, 0xC3, 0x2E, 0x90, 0x8D, 0x4F, 0x0B, 0xB2, 0xD1, 0x98, 0xCF, 0xFA,
    0x79, 0xAE, 0x4E, 0x40, 0x1F, 0xA2, 0x20, 0x69, 0xAC, 0x3F, 0x41, 0x55, 0x3E, 0xA1, 0xBB, 0x50,
    0x47, 0xBC, 0x96, 0xBE, 0x08, 0xDE, 0x63, 0xE1, 0x5F, 0x0C, 0x70, 0xE9, 0x02, 0x15, 0xF9, 0x51,
    0x50, 0x91, 0x2B, 0xD3, 0x4D, 0x87, 0x37, 0xD3, 0xD5, 0xB3, 0x9E, 0x75, 0xA1, 0x9C, 0x15, 0xDA,
    0x32, 0xEB, 0x5A, 0x3C, 0x29, 0xE4, 0xBE, 0xDF, 0xCF, 0x04, 0x4C, 0x7C, 0xE0, 0xA0, 0x3A, 0x1F,
    0xEB, 0xED, 0xB4, 0xE7, 0x98, 0x49, 0xDC, 0x0D, 0x67, 0xC7, 0x2C, 0xBC, 0x05, 0x29, 0x8D, 0xC3,
    0x36, 0xB7, 0xBD, 0x58, 0x4E, 0x98, 0x90, 0x61, 0x55, 0x11, 0x5F, 0xAA, 0x94, 0x03, 0x66, 0xA3,
    0x56, 0x52, 0x45, 0xD7, 0xD1, 0xCC, 0xB6, 0x1F, 0xAE, 0x11, 0x92, 0x23, 0xC5, 0x38, 0x74, 0x8B,
    0x2F, 0xBD, 0x20, 0xED, 0x0F, 0xDE, 0x42, 0x32, 0xC3, 0x1A, 0x82, 0xA5, 0x98, 0x41, 0x5F, 0x1C,
    0x31, 0xE0, 0x00, 0xEA, 0x71, 0xCF, 0x2D, 0xA8, 0xD8, 0x0F, 0x61, 0x87, 0x09, 0x62, 0x0E, 0xDC,
    0x2A, 0x47, 0x69, 0xD9, 0x9E, 0x5B, 0x09, 0x6A, 0x39, 0xAE, 0x35, 0x67, 0xE8, 0x14, 0x6E, 0xA0,
    0x74, 0x36, 0xDE, 0x56, 0x05, 0x21, 0x4D, 0x74, 0x26, 0x55, 0x1B, 0x5A, 0x41, 0x69, 0xFA, 0x76,
    0x84, 0x8C, 0xA7, 0x20, 0x61, 0x42, 0x70, 0xCD, 0x9E, 0x8B, 0x0A, 0x72, 0xC9, 0x7F, 0xAC, 0x6B,
    0x36, 0x6A, 0x21, 0x7B, 0x28, 0x31, 0xCE, 0xEA, 0xFC, 0xD2, 0xEA, 0x52, 0x63, 0xE5, 0x11, 0x88,
    0xE6, 0xCA, 0xA1, 0x90, 0x85, 0xBA, 0x8B, 0xD9, 0xF6, 0xDE, 0x40, 0xB0, 0xED, 0xDD, 0x93, 0x63,
    0x4F, 0x72, 0x23, 0x9E, 0x4C, 0x10, 0xFB, 0xCA, 0x6C, 0x88, 0x93, 0xE4, 0xFC, 0x7A, 0x2E, 0x39,
    0x24, 0x01, 0xBB, 0x8E, 0x36, 0x74, 0x92, 0xF9, 0x9E, 0xFA, 0x2A, 0x44, 0x29, 0x9F, 0xC3, 0x39,
    0xDC, 0xFE, 0x25, 0x2A, 0x12, 0xCB, 0x22, 0xE6, 0x14, 0x01, 0x22, 0x9D, 0x86, 0x10, 0x61, 0x94,
    0x12, 0x68, 0x14, 0x33, 0x3E, 0x31, 0x4A, 0x09, 0x06, 0xE4, 0x9C, 0x63, 0x9D, 0xC7, 0x19, 0x93,
    0xC3, 0x40, 0xF2, 0xC0, 0x2B, 0x1D, 0x60, 0x53, 0xFC, 0x2F, 0x6E, 0xDA, 0x1F, 0xC2, 0xE6, 0x6F,
    0xED, 0x57, 0x61, 0xF3, 0x1F, 0xEE, 0x34, 0x6E, 0xF3, 0xFE, 0x80, 0xC1, 0x4A, 0xF8, 0x0B, 0xD8,
    0x50, 0x94, 0x12, 0x6C, 0x05, 0x8C, 0x52, 0x62, 0x76, 0x29, 0x28, 0x42, 0xBC, 0x10, 0xF2, 0x3B,
    0x22, 0x24, 0x02, 0xD6, 0xBE, 0x4F, 0x8E, 0x28, 0x44, 0xDA, 0x9A, 0xDF, 0x58, 0x17, 0x74, 0x8A,
    0x74, 0xC1, 0x82, 0xF2, 0x6C, 0xCC, 0x10, 0x5B, 0x4A, 0x6A, 0x46, 0x51, 0xC5, 0xE2, 0xCD, 0x19,
    0xC4, 0xAC, 0xCC, 0x95, 0xB6, 0x62, 0x9E, 0x40, 0xB8, 0x0B, 0x67, 0x8D, 0x68, 0xDD, 0x98, 0x7A,
    0x16, 0xAB, 0x1D, 0x50, 0x66, 0xA3, 0x98, 0x00, 0x1B, 0x56, 0x81, 0xBE, 0x14, 0x66, 0xDE, 0x5E,
    0xA4, 0xC4, 0x3C, 0x12, 0x5D, 0xF4, 0x35, 0xF3, 0x0D, 0x78, 0x98, 0x61, 0x83, 0xF9, 0x87, 0x54,
    0xC7, 0xA0, 0x40, 0x2E, 0x77, 0x4F, 0x93, 0x51, 0xF1, 0xBD, 0x0D, 0xDD, 0x16, 0x66, 0x28, 0xC7,
    0xB6, 0x21, 0x7F, 0x51, 0x87, 0xA0, 0xCF, 0x9A, 0x8C, 0x88, 0xA2, 0xCB, 0xA0, 0xF7, 0x9B, 0x66,
    0x53, 0x3D, 0xF5, 0x69, 0x2F, 0xBA, 0xD6, 0x4F, 0x66, 0xDF, 0x2C, 0x52, 0x4C, 0x83, 0xCF, 0x32,
    0xDB, 0xD8, 0x5F, 0x30, 0x61, 0xA5, 0x93, 0x98, 0xC3, 0xE9, 0x16, 0xDE, 0x9F, 0xC5, 0x18, 0x5A,
    0xF6, 0x5B, 0x45, 0xF7, 0x5A, 0x4A, 0x2E, 0x98, 0xE1, 0x21, 0x18, 0x66, 0x94, 0x06, 0x19, 0xD1,
    0xF3, 0x65, 0x0A, 0x51, 0x98, 0x35, 0xA9, 0x25, 0xB2, 0xD5, 0xCB, 0x16, 0x17, 0x15, 0x60, 0x8A,
    0x78, 0x4B, 0x78, 0x5A, 0x77, 0x2B, 0xFF, 0xFC, 0x09, 0xC8, 0xFA, 0xAA, 0xC8, 0x48, 0x48, 0x7A,
    0x93, 0x55, 0xA4, 0x48, 0x01, 0xF4, 0x02, 0x02, 0x95, 0x35, 0x05, 0x5A, 0x65, 0xF0, 0xBB, 0x9A,
    0xB0, 0x28, 0x43, 0x4E, 0x2F, 0xF6, 0x9C, 0x48, 0xDB, 0x2B, 0xC8, 0x29, 0x86, 0xEA, 0x39, 0xC5,
    0x78, 0xB9, 0xF8, 0xCD, 0xE7, 0x8D, 0xF9, 0xBD, 0xF3, 0x51, 0xC3, 0xF2, 0xDA, 0x18, 0xFF, 0x66,
    0x2E, 0xBF, 0xD5, 0x17, 0x99, 0x14, 0xF6, 0x9D, 0xC3, 0x5B, 0x1C, 0xED, 0x8B, 0x24, 0xEA, 0xB7,
    0xBF, 0x6D, 0x39, 0x7A, 0xF7, 0x57, 0xFE, 0xCD, 0x1D, 0x67, 0x6F, 0x49, 0x89, 0x2D, 0x58, 0xF9,
    0x58, 0xF5, 0x3B, 0x9F, 0xE6, 0x70, 0xEF, 0xF3, 0xD0, 0x0B, 0x5D, 0xE4, 0x5D, 0x2E, 0x74, 0x1F,
    0x1C, 0x55, 0xE4, 0xE8, 0x62, 0xC4, 0x5B, 0xFF, 0x6E, 0x32, 0x7D, 0xAE, 0xBD, 0xE7, 0x95, 0x71,
    0xA8, 0xCC, 0xE7, 0x00, 0xE8, 0xEB, 0xCE, 0x80, 0x15, 0x18, 0x13, 0x0B, 0xF8, 0x09, 0xB7, 0x79,
    0x85, 0x90, 0x12, 0x1D, 0xBF, 0x3B, 0x09, 0x21, 0xDD, 0xED, 0x80, 0x3E, 0xA3, 0x72, 0xC4, 0x71,
    0xCF, 0x27, 0x14, 0xF3, 0xE9, 0x9C, 0xA0, 0x51, 0x36, 0x91, 0x57, 0x6E, 0x7B, 0x0E, 0x0D, 0x1F,
    0xBC, 0xC5, 0xD1, 0x3B, 0x7E, 0x4B, 0x98, 0x8C, 0xC2, 0x48, 0xEC, 0x3B, 0x93, 0xBF, 0x7B, 0x41,
    0x37, 0x39, 0x12, 0x5B, 0x47, 0x74, 0x0C, 0x7E, 0xF5, 0x2A, 0xC7, 0x18, 0x54, 0x55, 0xD0, 0xE6,
    0x8C, 0xC4, 0x79, 0xDE, 0x38, 0x1E, 0x3F, 0x0C, 0x72, 0xEE, 0x03, 0x0C, 0xB2, 0x22, 0x52, 0x18,
    0x0B, 0xE4, 0x34, 0xF0, 0xAF, 0xCB, 0x7B, 0xAD, 0x42, 0x24, 0xD6, 0x8E, 0x4C, 0xC8, 0x09, 0x83,
    0x81, 0xF8, 0xA7, 0x57, 0x18, 0x2B, 0xA8, 0xB1, 0xC5, 0xBB, 0x22, 0x0C, 0xD9, 0x2C, 0x61, 0x89,
    0x24, 0x52, 0xE8, 0xFF, 0xC8, 0x56, 0x5D, 0xE8, 0x8D, 0x33, 0xC9, 0x68, 0x70, 0x98, 0xE2, 0x1E,
    0x4C, 0x4F, 0x92, 0xD2, 0xD5, 0x05, 0xB1, 0x7E, 0x68, 0x62, 0xC5, 0xD7, 0xA6, 0x68, 0xC0, 0x8D,
    0xDE, 0x2A, 0x80, 0xE2, 0xBD, 0x21, 0x68, 0x20, 0xDC, 0xEA, 0x88, 0xF6, 0x61, 0xD9, 0x60, 0xD9,
    0xD5, 0x3F, 0xA4, 0xA2, 0x1B, 0x9F, 0x05, 0xB5, 0xE2, 0x1E, 0x9F, 0x27, 0x9F, 0x3C, 0x49, 0xF5,
    0x76, 0x6A, 0xF7, 0xF3, 0x18, 0xFF, 0x6B, 0x1B, 0x04, 0xA0, 0xB9, 0xD1, 0xDD, 0x45, 0xF8, 0x16,
    0x1A, 0x83, 0xCB, 0x18, 0xC8, 0x55, 0x56, 0xAF, 0xDB, 0x29, 0xC6, 0x60, 0x2B, 0x84, 0x0D, 0x59,
    0xA5, 0xFE, 0x7D, 0x63, 0x8E, 0xCE, 0xC0, 0xF6, 0xBD, 0xC1, 0xD5, 0x22, 0xFC, 0xF7, 0x48, 0x95,
    0x8C, 0x0D, 0xAF, 0xC7, 0x8F, 0xDB, 0x77, 0x0E, 0xF7, 0x16, 0xEF, 0xDD, 0x33, 0x7F, 0x47, 0x8D,
    0xD3, 0x5A, 0xF3, 0x6D, 0x0A, 0x45, 0x7A, 0x9D, 0x51, 0x51, 0x8E, 0x05, 0x54, 0x8F, 0x07, 0x75,
    0x63, 0x76, 0xDA, 0x07, 0xAA, 0xAB, 0x89, 0x8D, 0x01, 0x99, 0x51, 0x01, 0x5C, 0xA3, 0x81, 0x24,
    0x88, 0xCA, 0x91, 0xD2, 0x17, 0x4E, 0x23, 0xA4, 0x4B, 0xDF, 0xA2, 0x97, 0xF0, 0xC6, 0x96, 0xDE,
    0x49, 0xC9, 0x5F, 0xF4, 0x62, 0xDE, 0xF8, 0x63, 0xFF, 0xA2, 0x17, 0x27, 0xBF, 0x8D, 0x70, 0xB8,
    0x88, 0xDE, 0xF4, 0xA1, 0x40, 0x99, 0x94, 0xDE, 0xE3, 0x46, 0x6F, 0x13, 0x6D, 0x90, 0x27, 0x72,
    0x7B, 0xC7, 0x6E, 0xCB, 0xAD, 0xB3, 0xA2, 0x4A, 0x47, 0x9D, 0xDB, 0x2F, 0x80, 0xD9, 0xFB, 0xCC,
    0x29, 0x7E, 0xA1, 0x27, 0xAE, 0x04, 0xF8, 0x0D, 0x43, 0xD5, 0x7D, 0x50, 0x0E, 0xA4, 0xE2, 0xCD,
    0xE9, 0xCA, 0xB7, 0xE1, 0xA5, 0x4C, 0x95, 0xA3, 0xFC, 0x3F, 0x00, 0xE1, 0xF3, 0xA5, 0xB3, 0x79,
    0xFF, 0xF1, 0x28, 0xFC, 0xFD, 0x8C, 0x04, 0x2C, 0x9F, 0xC7, 0x4A, 0xC8, 0x20, 0x83, 0x9A, 0x98,
    0xEB, 0x01, 0xF4, 0x54, 0xD1, 0x29, 0x82, 0x57, 0xE8, 0xF5, 0x54, 0x3D, 0x80, 0xDF, 0x8B, 0x50,
    0x5B, 0x4E, 0xE8, 0xC8, 0xD0, 0x05, 0x47, 0x85, 0x25, 0x38, 0x8B, 0xD1, 0xB1, 0x33, 0x17, 0x8C,
    0x72, 0xCA, 0x1F, 0x29, 0xF0, 0x47, 0x1A, 0x2A, 0xFF, 0x44, 0xC0, 0xE0, 0x1F, 0x51, 0x05, 0xF0,
    0x03, 0x13, 0x63, 0x5C, 0xBE, 0x29, 0x02, 0xF3, 0x96, 0xD5, 0x27, 0x77, 0x2B, 0x08, 0xC7, 0x1C,
    0xD0, 0x5D, 0x5B, 0x4E, 0xA8, 0x45, 0x65, 0x33, 0x62, 0x82, 0xD3, 0x1D, 0x56, 0x01, 0x4C, 0x16,
    0x0A, 0x86, 0xEF, 0x28, 0xAE, 0xF7, 0x17, 0xE6, 0x2B, 0x4F, 0x1C, 0xAC, 0xFD, 0xD7, 0xAB, 0x00,
    0xAE, 0x6F, 0xDF, 0x68, 0xD9, 0x52, 0x4C, 0xC4, 0x65, 0x9F, 0xF9, 0xBC, 0xA9, 0x3B, 0x8C, 0x89,
    0xDC, 0xB2, 0x3F, 0xC8, 0xB1, 0x38, 0x15, 0xC4, 0xFA, 0x22, 0x48, 0x34, 0x8E, 0x94, 0x44, 0xE6,
    0x82, 0xCA, 0x1F, 0x7C, 0x9D, 0xFB, 0xCB, 0xBC, 0xD6, 0x4C, 0xAC, 0xFB, 0x36, 0x64, 0x78, 0xD3,
    0x14, 0x63, 0x31, 0xB5, 0xBB, 0x18, 0xBE, 0xCF, 0x7A, 0x8C, 0x33, 0x3B, 0x4B, 0x0F, 0xA2, 0x44,
    0x9F, 0x72, 0x67, 0x6D, 0x9E, 0xD0, 0x74, 0x8D, 0xFB, 0xA7, 0x6B, 0x75, 0x80, 0x6E, 0x3A, 0x8E,
    0xCD, 0x82, 0xFB, 0xB3, 0x5B, 0x79, 0x3F, 0x9D, 0x61, 0x2E, 0x95, 0xFF, 0xD9, 0xF7, 0x99, 0x89,
    0xEB, 0x33, 0x81, 0x87, 0xEA, 0x57, 0x8E, 0xCF, 0x54, 0xFC, 0x9E, 0xD1, 0xCE, 0x6C, 0xC8, 0xCF,
    0xF2, 0xDB, 0xE7, 0x78, 0x3D, 0x09, 0x16, 0x7F, 0x70, 0x87, 0xE7, 0x4F, 0x63, 0x61, 0xA5, 0xA6,
    0xEA, 0x0B, 0x7D, 0xA7, 0xEA, 0x22, 0xA1, 0xD7, 0x03, 0x55, 0x92, 0x4E, 0xDA, 0x49, 0x36, 0xE9,
    0x7E, 0x83, 0x97, 0xE5, 0x55, 0x63, 0xFF, 0x98, 0x9A, 0x2C, 0x84, 0x2E, 0x92, 0x33, 0xA7, 0x9C,
    0x94, 0xFA, 0x5F, 0x41, 0x62, 0x7F, 0x1F, 0x70, 0xA0, 0xA8, 0xD9, 0x41, 0x9A, 0x6C, 0x61, 0x7F,
    0x2A, 0x18, 0xE9, 0x7F, 0xD5, 0xDC, 0x5C, 0x4D, 0x7D, 0x15, 0xBC, 0x6A, 0x27, 0x40, 0xD6, 0x4E,
    0x10, 0xAE, 0x9D, 0x00, 0xBA, 0xBB, 0xC8, 0xCA, 0x1D, 0x62, 0x99, 0xC5, 0xDA, 0xB1, 0xB2, 0xE4,
    0x44, 0xC2, 0x64, 0x22, 0x9C, 0x14, 0x90, 0x16, 0x54, 0xF2, 0x10, 0x62, 0x23, 0x25, 0xC7, 0xA1,
    0x06, 0x31, 0xF1, 0x1A, 0x47, 0xB1, 0x07, 0xE8, 0x61, 0xA8, 0x41, 0x8F, 0xAC, 0x90, 0x58, 0x5E,
    0x41, 0xCA, 0x41, 0xC3, 0xD8, 0x6E, 0xDB, 0x41, 0xCC, 0x62, 0xB2, 0x8A, 0x9D, 0x38, 0x07, 0x04,
    0x0C, 0xDA, 0xC4, 0xF1, 0x84, 0x7E, 0xFF, 0xAD, 0x13, 0xE3, 0xA7, 0xD1, 0xF9, 0x9B, 0xE6, 0xDA,
    0x51, 0x0C, 0x20, 0xC7, 0xD1, 0xDD, 0xD6, 0x06, 0x6F, 0x23, 0xC7, 0xEF, 0xDA, 0x4E, 0x57, 0x88,
    0xF7, 0x0A, 0x81, 0x30, 0x7E, 0xF5, 0x88, 0xB3, 0x58, 0x0A, 0x86, 0x9A, 0x7F, 0x5C, 0xDF, 0x6F,
    0x13, 0xDF, 0xF6, 0xEC, 0xBA, 0x2A, 0xF4, 0x7B, 0xBB, 0x36, 0x76, 0xA7, 0x3D, 0x27, 0xA5, 0x4C,
    0x93, 0x2A, 0x9E, 0x89, 0x78, 0x28, 0x81, 0x56, 0xE7, 0x95, 0x7F, 0xD2, 0xB1, 0x7C, 0x3C, 0xDE,
    0xD3, 0x3B, 0x79, 0x41, 0xB4, 0x1F, 0x1B, 0xD1, 0xB2, 0x91, 0x9C, 0x0B, 0xA6, 0x94, 0xE4, 0x68,
    0xC7, 0x4B, 0x29, 0xD9, 0xC7, 0x64, 0x1E, 0x93, 0x75, 0xFC, 0xF9, 0x73, 0x8D, 0xE3, 0x27, 0x80,
    0x50, 0x9F, 0x53, 0xBA, 0x1A, 0xC1, 0xAF, 0x88, 0x44, 0x37, 0x33, 0x2E, 0x01, 0xBC, 0xCA, 0x85,
    0xBC, 0x15, 0xAC, 0x2B, 0x2C, 0xAB, 0x1B, 0x43, 0x2E, 0x11, 0xBA, 0x49, 0xF0, 0x66, 0xF5, 0x22,
    0xDE, 0x78, 0x00, 0x2A, 0x28, 0x92, 0x48, 0x0A, 0x6A, 0x17, 0x8D, 0x94, 0x6C, 0xDE, 0x84, 0x00,
    0xAC, 0xF3, 0x5C, 0x38, 0x17, 0x65, 0x56, 0x1F, 0x46, 0x99, 0xD5, 0x6F, 0x30, 0x9C, 0x22, 0x99,
    0xB8, 0x08, 0x7A, 0x36, 0xF3, 0x8B, 0x26, 0xB2, 0x9D, 0x56, 0x27, 0x60, 0xA0, 0xEF, 0xC6, 0xFE,
    0xB1, 0xBC, 0xAB, 0xE2, 0x15, 0x7D, 0x2D, 0x45, 0xCB, 0xF3, 0xBF, 0xE5, 0x0C, 0xD6, 0x62, 0xCB,
    0xA4, 0x93, 0xF5, 0x1C, 0x64, 0x4C, 0xAA, 0xF8, 0x7E, 0xB3, 0x8A, 0x3F, 0xB1, 0xEF, 0x28, 0xD0,
    0xCA, 0x11, 0x82, 0x6A, 0xF0, 0x95, 0x20, 0x72, 0xCD, 0xCA, 0xA9, 0xB5, 0x48, 0x06, 0x44, 0x08,
    0x2A, 0x06, 0x4F, 0x09, 0x0A, 0x7B, 0x56, 0x24, 0xD5, 0x80, 0xD9, 0x7C, 0x0C, 0xE5, 0x7D, 0xEE,
    0x82, 0xD9, 0x1E, 0xA3, 0x9A, 0xC6, 0xD7, 0x15, 0x83, 0x7D, 0x24, 0xD3, 0x3C, 0x89, 0x72, 0xB0,
    0xAC, 0x27, 0x19, 0x5C, 0x4F, 0x15, 0xD9, 0xB3, 0xFC, 0xB2, 0x18, 0xF0, 0xA5, 0xE2, 0x4F, 0x4E,
    0x79, 0xFD, 0x8A, 0xF9, 0x90, 0x9F, 0x4F, 0x24, 0x6B, 0x1D, 0xA0, 0xD9, 0xCA, 0x65, 0xBB, 0xB8,
    0x82, 0x2F, 0x4E, 0x16, 0xDB, 0xAD, 0x30, 0x9D, 0xC7, 0x68, 0xDC, 0x81, 0x49, 0x87, 0xF9, 0xD1,
    0xD9, 0x82, 0x58, 0xEA, 0x94, 0x5E, 0xE2, 0xC9, 0x9B, 0xCD, 0x4C, 0x9B, 0xAD, 0xE4, 0x43, 0x17,
    0x96, 0x4B, 0x96, 0xE0, 0x64, 0x67, 0xDE, 0x95, 0xBE, 0xF5, 0x33, 0x5F, 0x93, 0xCE, 0xC3, 0x49,
    0xF7, 0x52, 0x6A, 0x2F, 0xA7, 0xF9, 0x95, 0xAA, 0x3E, 0xF0, 0x9A, 0xF3, 0x03, 0x4C, 0xCE, 0xC5,
    0x30, 0x7E, 0x09, 0x6F, 0xE3, 0xD3, 0x4D, 0x61, 0x9B, 0x9A, 0xDE, 0xC8, 0x5C, 0x53, 0xCE, 0x77,
    0x8D, 0xC6, 0x13, 0x38, 0xF5, 0xBE, 0x46, 0xAF, 0x5E, 0xB5, 0xE8, 0x9A, 0xF6, 0x99, 0x4D, 0x95,
    0x64, 0xFC, 0x9B, 0x2B, 0xED, 0xDD, 0x95, 0x22, 0x72, 0x3B, 0x04, 0xDF, 0x94, 0xE2, 0x1E, 0xE8,
    0x02, 0x7C, 0x9C, 0x6E, 0x9A, 0x10, 0xA6, 0x43, 0xB2, 0x87, 0x6B, 0x6A, 0x96, 0x2B, 0x03, 0xF4,
    0xD6, 0x9B, 0xF4, 0x3C, 0x77, 0xF9, 0x0D, 0x37, 0x09, 0x67, 0x55, 0xBF, 0xF3, 0x32, 0xD8, 0xCD,
    0xAE, 0xDB, 0x14, 0x30, 0xD0, 0x15, 0x38, 0xD8, 0x08, 0xBD, 0xB8, 0x60, 0xAE, 0xE6, 0x75, 0x56,
    0x85, 0x73, 0xCD, 0x77, 0xE8, 0x05, 0x67, 0xDF, 0x6A, 0xF6, 0x4A, 0x85, 0x18, 0x41, 0x72, 0x2C,
    0x74, 0x05, 0xA8, 0x74, 0x7D, 0xDD, 0x61, 0xFD, 0xE4, 0x1E, 0xBF, 0x07, 0xAE, 0xA5, 0x9C, 0x03,
    0x11, 0xBF, 0x47, 0x14, 0xCC, 0x63, 0x32, 0x20, 0x2E, 0xB3, 0x02, 0x8B, 0x32, 0xF0, 0xC6, 0x93,
    0xD5, 0x8D, 0xF3, 0xC5, 0x4E, 0x40, 0x62, 0x3D, 0x82, 0x1E, 0x51, 0xD5, 0xB3, 0x5A, 0x2A, 0xF5,
    0xE0, 0x9B, 0x03, 0x34, 0xC5, 0x65, 0x33, 0xED, 0x07, 0x97, 0x8E, 0x8F, 0xA4, 0x40, 0x5B, 0x7F,
    0xA2, 0xD1, 0xF9, 0xC6, 0xF2, 0x6A, 0x6B, 0x7F, 0x72, 0xCB, 0x35, 0x46, 0x50, 0x91, 0x13, 0x9C,
    0xD5, 0x1A, 0xDC, 0xE2, 0xDA, 0x68, 0xB4, 0x81, 0xD9, 0x67, 0xAE, 0x01, 0xAF, 0xBF, 0x73, 0x0D,
    0xAA, 0x12, 0xA5, 0x39, 0x47, 0x8F, 0x6B, 0xC3, 0x11, 0xEE, 0x3B, 0x86, 0xFD, 0x1C, 0xEC, 0x63,
    0x0D, 0xCB, 0xE7, 0x69, 0xA3, 0x3F, 0x4B, 0x41, 0xBE, 0xAD, 0xB0, 0x3F, 0x05, 0xF2, 0x2A, 0xE2,
    0xB5, 0x13, 0xAF, 0x7C, 0xB7, 0x07, 0xE4, 0x4C, 0x4F, 0x14, 0x45, 0x92, 0x7C, 0x08, 0xD3, 0x0A,
    0xB6, 0xB0, 0xDE, 0x77, 0x96, 0xDC, 0x6C, 0x34, 0xBB, 0x27, 0x65, 0x17, 0x50, 0xA7, 0x99, 0x13,
    0xB9, 0x57, 0x98, 0x11, 0x9B, 0xDA, 0x14, 0x3E, 0x86, 0x46, 0x11, 0xB4, 0x8A, 0xE1, 0xB4, 0xE4,
    0x98, 0xFA, 0xB8, 0xBF, 0xC9, 0xBA, 0x19, 0x2F, 0x1F, 0x71, 0x11, 0x0B, 0xAA, 0x78, 0x94, 0x59,
    0x91, 0x70, 0x28, 0x22, 0x76, 0xFB, 0xDE, 0xBF, 0x1B, 0x3E, 0x0D, 0x2B, 0x63, 0xEC, 0x7A, 0xAF,
    0x05, 0x09, 0xE8, 0x0D, 0x18, 0x31, 0xD7, 0xB1, 0x27, 0x77, 0x98, 0xCF, 0xEE, 0xCA, 0x83, 0x19,
    0xA1, 0x73, 0xE6, 0x3E, 0x7F, 0xB4, 0x91, 0x18, 0xA6, 0x8A, 0x98, 0x05, 0x98, 0xAB, 0xDE, 0x61,
    0xA2, 0x74, 0x3D, 0x62, 0x5E, 0x03, 0x48, 0xA8, 0x60, 0x43, 0x49, 0x69, 0x65, 0x87, 0x1B, 0x14,
    0x69, 0xBB, 0x20, 0x19, 0x89, 0xF3, 0x5A, 0x18, 0x84, 0x52, 0xF2, 0xAD, 0x71, 0x01, 0x28, 0xF1,
    0x80, 0x71, 0xFA, 0xBB, 0x14, 0x8E, 0x04, 0x5A, 0xFA, 0x25, 0x66, 0x84, 0x2D, 0x00, 0x91, 0x84,
    0xCA, 0x4B, 0xA5, 0xD4, 0x58, 0xE8, 0x4F, 0xDB, 0x74, 0x46, 0x60, 0x29, 0x92, 0xC8, 0x11, 0x59,
    0x76, 0x0B, 0x71, 0x65, 0x28, 0x4E, 0x63, 0x9F, 0x88, 0x60, 0xB7, 0xE6, 0x26, 0x3D, 0x2D, 0x5D,
    0x55, 0x32, 0xC4, 0x4A, 0x72, 0xD9, 0x49, 0xED, 0xAC, 0x9B, 0xD7, 0x35, 0x6D, 0x8D, 0x84, 0xFC,
    0xCC, 0xC2, 0xBD, 0x92, 0x57, 0x7C, 0xA5, 0x02, 0xFC, 0x18, 0x41, 0x8D, 0xC8, 0xC1, 0x24, 0xC5,
    0xF5, 0x24, 0x46, 0xA8, 0x0B, 0xAA, 0x1F, 0x4E, 0xA9, 0x46, 0x8D, 0xE3, 0x9F, 0xE4, 0x6D, 0x15,
    0x89, 0xBC, 0x80, 0x62, 0x5D, 0x3B, 0xA2, 0x32, 0x5A, 0xCF, 0x38, 0xD5, 0xFC, 0x5D, 0x76, 0x31,
    0xCE, 0x1A, 0xBF, 0xC4, 0x2C, 0x4D, 0x42, 0x01, 0x5A, 0x2C, 0x8E, 0xCD, 0x70, 0xA0, 0x7A, 0x6F,
    0x13, 0x62, 0x94, 0xE8, 0xA4, 0x3C, 0x1D, 0xA9, 0x14, 0x6A, 0x1B, 0x3C, 0xBC, 0x9E, 0x5E, 0x61,
    0x7E, 0x4D, 0x03, 0xA4, 0xEC, 0x36, 0x68, 0x24, 0xCB, 0x89, 0x27, 0xCA, 0xC4, 0xC7, 0xA7, 0xC4,
    0x38, 0xBF, 0xA7, 0x8B, 0x03, 0xC0, 0x36, 0xD9, 0x28, 0x8C, 0xFD, 0x3B, 0x35, 0x8C, 0x1D, 0xA4,
    0xC8, 0xA0, 0xA9, 0xE7, 0xD2, 0xBF, 0x42, 0x5A, 0x93, 0x31, 0x82, 0xE4, 0xF2, 0x38, 0xC0, 0xF8,
    0xD7, 0x1E, 0xE2, 0x9F, 0x4D, 0xF7, 0xA7, 0xEA, 0xA8, 0x42, 0x4B, 0x45, 0xEE, 0x86, 0x44, 0x23,
    0xC8, 0x5B, 0xDF, 0xEC, 0xA9, 0x0A, 0xAE, 0x28, 0xB5, 0x1A, 0x30, 0x8B, 0x7C, 0xF6, 0xF7, 0x83,
    0x6E, 0x2A, 0xD8, 0xEA, 0xC3, 0x35, 0x1F, 0xE6, 0x4D, 0x62, 0xEA, 0x2C, 0x68, 0xBF, 0x5C, 0x2D,
    0xA8, 0x95, 0xE1, 0x1B, 0x62, 0x1D, 0xC9, 0x93, 0xE3, 0xFB, 0xC8, 0x8B, 0xDF, 0x6D, 0x4D, 0xA0,
    0x9D, 0x05, 0x19, 0xEA, 0xDA, 0x38, 0x08, 0x60, 0x78, 0x1F, 0xAA, 0xE1, 0x6B, 0xDE, 0x1D, 0x7C,
    0x97, 0x84, 0x66, 0xDF, 0x32, 0x73, 0xFC, 0x94, 0x26, 0x28, 0x17, 0x55, 0x35, 0x5F, 0x45, 0x05,
    0xA8, 0x1C, 0x00, 0x60, 0xBD, 0xB7, 0x54, 0xBE, 0xB1, 0xA0, 0xC6, 0x96, 0x64, 0xE2, 0x23, 0x6D,
    0x44, 0x10, 0xF2, 0x86, 0x40, 0x04, 0x4C, 0x72, 0xC4, 0xEE, 0x32, 0x1B, 0x4B, 0x21, 0x22, 0x68,
    0x74, 0xFF, 0x0F, 0x9D, 0x54, 0xBB, 0x8E, 0xD4, 0x30, 0x14, 0x3D, 0x49, 0xD8, 0xCD, 0x4A, 0x91,
    0x08, 0x2D, 0x2B, 0x2D, 0xA1, 0xA0, 0x26, 0x2D, 0x05, 0x92, 0x4D, 0x45, 0x4B, 0x01, 0x48, 0x74,
    0xD4, 0x34, 0xFC, 0x00, 0xC2, 0x86, 0x1F, 0x60, 0x3F, 0x61, 0x0B, 0x1A, 0xB6, 0xE1, 0x0F, 0xB0,
    0xE1, 0x0B, 0xD2, 0x53, 0xE0, 0x02, 0x89, 0x92, 0x14, 0x03, 0x8A, 0x50, 0x92, 0xCB, 0xB9, 0x9E,
    0x19, 0x5E, 0x82, 0x86, 0x8C, 0x6D, 0xCD, 0x8C, 0xE3, 0x7B, 0xCF, 0x3D, 0xE7, 0x5C, 0x17, 0x1E,
    0xF5, 0x80, 0x6E, 0x84, 0x99, 0x61, 0x56, 0xF4, 0x62, 0x5B, 0x19, 0x4A, 0x19, 0xE1, 0x26, 0xB4,
    0x33, 0xCA, 0x0D, 0x70, 0x09, 0x57, 0x81, 0x37, 0x28, 0xC4, 0x57, 0x12, 0x6B, 0x89, 0xAD, 0xD8,
    0x5E, 0xF4, 0xFD, 0x30, 0x22, 0x44, 0x18, 0xE0, 0x08, 0x7C, 0x2E, 0x73, 0x36, 0xC2, 0xA5, 0x95,
    0x08, 0x06, 0x1A, 0x01, 0x27, 0x13, 0x20, 0x1F, 0x16, 0x94, 0x72, 0x5B, 0x50, 0xAF, 0xA5, 0x78,
    0xC6, 0x94, 0x68, 0x98, 0x2E, 0x36, 0x03, 0xAE, 0x58, 0xE4, 0xE7, 0x12, 0x67, 0x2D, 0xF6, 0x0A,
    0x3A, 0x49, 0x7D, 0x34, 0x32, 0x39, 0x2E, 0x22, 0xD1, 0x7D, 0xE2, 0x62, 0xBC, 0x88, 0xEF, 0x2C,
    0xC1, 0x15, 0x38, 0x3C, 0x63, 0x60, 0xFE, 0xD4, 0xDD, 0xE4, 0xB8, 0x0C, 0xBA, 0xC4, 0xFC, 0x5F,
    0xC9, 0x20, 0xB6, 0xF7, 0xA8, 0xA2, 0x49, 0x68, 0x07, 0x37, 0x43, 0xA3, 0x7C, 0x16, 0xAF, 0xBB,
    0x44, 0x26, 0x33, 0x4B, 0x90, 0x01, 0x38, 0x7C, 0x99, 0x93, 0xD6, 0x2B, 0xD3, 0x31, 0x52, 0xFC,
    0x31, 0x3A, 0x41, 0xB9, 0xDD, 0x43, 0xBD, 0xA0, 0x4F, 0xAC, 0x52, 0x26, 0x23, 0xB7, 0x64, 0x36,
    0xF2, 0x5C, 0x17, 0x7E, 0xEB, 0x56, 0xC8, 0x86, 0x11, 0x8E, 0x2D, 0x5E, 0x7F, 0xD4, 0xA8, 0x20,
    0x96, 0x18, 0xBE, 0x49, 0x0A, 0xD1, 0x8D, 0xC1, 0x9B, 0xD1, 0x58, 0x93, 0x0A, 0x84, 0x81, 0x45,
    0x7B, 0xB8, 0x95, 0x04, 0x24, 0x4E, 0xC6, 0x74, 0x9C, 0xD7, 0x39, 0x8F, 0x4F, 0xB9, 0xB5, 0x90,
    0x26, 0xF2, 0xF8, 0x95, 0x89, 0xA3, 0x19, 0x9C, 0xED, 0x53, 0xB0, 0x5D, 0x0A, 0xBE, 0x1B, 0x5C,
    0x24, 0x05, 0x5F, 0x02, 0xD1, 0x28, 0xEA, 0x19, 0x08, 0xA7, 0xC0, 0x43, 0x5C, 0x03, 0x56, 0x38,
    0x4B, 0x15, 0x24, 0x56, 0xF2, 0x56, 0x86, 0x8A, 0x98, 0x62, 0x23, 0x15, 0x39, 0x5D, 0xC8, 0x7B,
    0x37, 0xB7, 0x0B, 0xCC, 0xD8, 0x4D, 0x30, 0x83, 0xCA, 0xE9, 0xBB, 0x88, 0x06, 0xF5, 0x8E, 0xE1,
    0xFC, 0x34, 0x16, 0x04, 0x17, 0x29, 0x80, 0x1B, 0x4B, 0xB1, 0x66, 0x6A, 0x48, 0xC1, 0x42, 0x45,
    0x1A, 0x71, 0x23, 0xAA, 0x4C, 0x8E, 0xA8, 0x78, 0x26, 0xCB, 0xB8, 0x70, 0x29, 0xEE, 0x72, 0x7A,
    0x9C, 0xA2, 0x1B, 0x1A, 0x06, 0x1D, 0xFB, 0x0D, 0xDC, 0x46, 0xAD, 0x32, 0xF5, 0x33, 0xFA, 0xB9,
    0x5D, 0xD1, 0xAE, 0x35, 0xA5, 0x25, 0x0C, 0xCB, 0x90, 0x3C, 0x2C, 0xD6, 0xD1, 0x13, 0xB6, 0x8F,
    0x38, 0xC1, 0xC5, 0x7D, 0x66, 0x46, 0xA1, 0x70, 0x89, 0x75, 0xB3, 0x70, 0x92, 0xA6, 0x0E, 0x52,
    0x69, 0x3F, 0x36, 0xC4, 0x62, 0x09, 0xE8, 0x09, 0x93, 0x46, 0x96, 0x78, 0xB2, 0x3B, 0x70, 0x4C,
    0x24, 0x2C, 0xD3, 0x12, 0x21, 0xF1, 0x75, 0x9A, 0x70, 0x37, 0xA8, 0xAB, 0x61, 0xA1, 0xEA, 0x53,
    0x55, 0xAB, 0x54, 0xCF, 0xFA, 0x4E, 0x86, 0x5A, 0x52, 0x25, 0xA9, 0xD4, 0x41, 0xFF, 0xEA, 0x59,
    0xE2, 0xE2, 0x59, 0xB3, 0x21, 0x21, 0x38, 0x60, 0xF5, 0x93, 0xBE, 0xE9, 0xC4, 0x86, 0x05, 0x81,
    0xE6, 0x9D, 0xD4, 0xE2, 0x0C, 0xC8, 0xE0, 0x2C, 0x95, 0x2F, 0x17, 0x44, 0x4F, 0xEC, 0x07, 0x8A,
    0x55, 0x75, 0xDC, 0x7E, 0x92, 0xA3, 0x22, 0xCE, 0x3A, 0x3C, 0xC5, 0x4D, 0xEE, 0x1C, 0xB2, 0x2D,
    0x54, 0x17, 0x5B, 0x69, 0x3B, 0x58, 0x12, 0xAF, 0xB4, 0x33, 0x50, 0x62, 0xD1, 0xB8, 0xB1, 0x2F,
    0xF8, 0x9F, 0xE6, 0xBA, 0x83, 0x03, 0x4B, 0xD6, 0x48, 0x22, 0xD9, 0xDA, 0xFB, 0x2A, 0x2F, 0x85,
    0x4C, 0x0C, 0x15, 0x52, 0x61, 0x15, 0xC2, 0x03, 0x22, 0xA2, 0x01, 0x67, 0xF3, 0x7E, 0x09, 0xC5,
    0x1A, 0x90, 0xC7, 0xB3, 0xC5, 0xC8, 0xCC, 0xCE, 0xAA, 0xE9, 0xAC, 0xCC, 0x6A, 0x9B, 0xAB, 0x6F,
    0x73, 0x5B, 0x56, 0x3A, 0x7C, 0xBD, 0x05, 0xC4, 0xA2, 0xF3, 0x2B, 0x74, 0x2A, 0x13, 0x65, 0x04,
    0xA9, 0xA0, 0x00, 0x21, 0x91, 0x57, 0x6D, 0x43, 0xC9, 0xD5, 0x0F, 0xFB, 0xFE, 0x0B, 0x51, 0x11,
    0x67, 0xB6, 0x68, 0x05, 0xC7, 0x55, 0x39, 0x5E, 0x7A, 0xA1, 0xB5, 0x26, 0x3C, 0x62, 0x2C, 0x19,
    0xFF, 0xF6, 0xB9, 0x77, 0x07, 0xC5, 0xAB, 0xDC, 0xF3, 0x7E, 0xAB, 0xF0, 0xAE, 0xE7, 0x65, 0xA5,
    0x9F, 0x5E, 0x28, 0x3F, 0x84, 0xC5, 0xB8, 0xEC, 0x56, 0xDA, 0x87, 0xCD, 0x8D, 0xD6, 0xFF, 0x66,
    0xC8, 0x92, 0xFE, 0x47, 0x1D, 0x99, 0x91, 0xAE, 0x5F, 0xEF, 0x4B, 0x6E, 0x7C, 0x6A, 0x4B, 0x9F,
    0xD0, 0x90, 0xBC, 0x7D, 0x1E, 0xAF, 0x3B, 0x0B, 0x33, 0xCF, 0x11, 0x89, 0x8F, 0x1D, 0x1B, 0x7A,
    0x64, 0xD3, 0xC8, 0x12, 0xB6, 0xB7, 0x84, 0x79, 0x97, 0x6F, 0x89, 0x40, 0x59, 0x2C, 0x53, 0x6D,
    0xFD, 0x73, 0x7E, 0x7E, 0xFE, 0xE7, 0x2D, 0x91, 0x97, 0xFF, 0xF0, 0xA2, 0x76, 0x1F, 0x1F, 0x6D,
    0x07, 0x5A, 0x1C, 0xC4, 0xE5, 0x77, 0x05, 0x77, 0xDA, 0x27, 0xBC, 0x98, 0xA0, 0x6E, 0xDA, 0x36,
    0x3A, 0xB2, 0x34, 0x4F, 0xF5, 0xC0, 0x05, 0x62, 0xFE, 0x45, 0xEE, 0xDF, 0xAE, 0x91, 0x9F, 0x72,
    0x43, 0xCB, 0x3B, 0xE6, 0xBD, 0xA6, 0xED, 0xB5, 0x1F, 0xEB, 0x19, 0x6B, 0x6C, 0x25, 0x6D, 0x85,
    0xFE, 0x0E, 0xED, 0x5C, 0xBD, 0xAF, 0xE5, 0xC6, 0x75, 0x1F, 0x5E, 0xFA, 0xBD, 0x9B, 0xE8, 0x16,
    0x74, 0x91, 0xB5, 0x8D, 0x5D, 0xC0, 0x4C, 0x99, 0xB8, 0x30, 0xFF, 0x82, 0x80, 0x94, 0x5D, 0xA4,
    0x8C, 0x0A, 0xAD, 0x1D, 0x5B, 0x85, 0x5C, 0xA4, 0x48, 0x56, 0xC5, 0xD6, 0x01, 0x02, 0x93, 0x36,
    0x10, 0xA4, 0x70, 0x91, 0x57, 0xD8, 0x29, 0x52, 0x09, 0xC8, 0x16, 0xDA, 0x27, 0xC0, 0x5B, 0x27,
    0x80, 0x43, 0xC6, 0x41, 0x90, 0xD2, 0x34, 0x12, 0x27, 0xA5, 0x99, 0x64, 0x25, 0xD8, 0x56, 0x21,
    0xDA, 0xA6, 0x61, 0xAE, 0x4C, 0x72, 0x72, 0xCE, 0xEF, 0x9C, 0x33, 0xE4, 0xBD, 0xEF, 0xAD, 0x76,
    0x25, 0xCB, 0x8A, 0x1D, 0xE9, 0x62, 0xF7, 0xCE, 0xE1, 0x7D, 0xFC, 0x18, 0xCE, 0x9C, 0x8F, 0xDF,
    0xF9, 0x98, 0x71, 0xBF, 0xE3, 0x5C, 0x5E, 0xB9, 0x72, 0x70, 0xF5, 0xE4, 0xFC, 0xB4, 0xF3, 0x63,
    0xEC, 0xFB, 0x83, 0xEF, 0x12, 0xDF, 0xA4, 0xBE, 0xC8, 0xBD, 0x2B, 0xE9, 0xE7, 0xC1, 0xF9, 0xCE,
    0xD5, 0x8D, 0xCB, 0x1C, 0x3E, 0x0F, 0x5D, 0xE4, 0x5D, 0xEC, 0xAB, 0xBD, 0x6F, 0x12, 0x5F, 0xD1,
    0x69, 0xD9, 0xE2, 0xF2, 0xC9, 0xD5, 0xBD, 0xF3, 0xAD, 0xAB, 0x0B, 0xF7, 0x49, 0x39, 0xAD, 0x6E,
    0x63, 0x3F, 0x1E, 0xFC, 0x14, 0xFE, 0xC5, 0x74, 0xA3, 0xFA, 0xC2, 0x3D, 0xF1, 0x53, 0xD2, 0x85,
    0x43, 0xEC, 0xA7, 0xC8, 0x73, 0x97, 0x9C, 0x1F, 0xA9, 0x07, 0x91, 0xEF, 0x77, 0xBE, 0x8B, 0x7D,
    0xB3, 0xF7, 0x45, 0xE2, 0x5D, 0x36, 0xB9, 0x7C, 0xE0, 0xC7, 0x95, 0x72, 0xC9, 0xEF, 0x3A, 0xF7,
    0x65, 0xE7, 0x7C, 0x13, 0x79, 0xBA, 0xB6, 0x3D, 0xF8, 0x96, 0xFA, 0x9F, 0x51, 0xFF, 0x67, 0x57,
    0x8F, 0xE8, 0x7C, 0xE5, 0x3E, 0xED, 0xDC, 0x47, 0x70, 0x2E, 0x7A, 0x30, 0xD3, 0xFF, 0x9D, 0xA7,
    0x2F, 0xBA, 0x9F, 0x73, 0x09, 0x7F, 0x65, 0x7C, 0x98, 0xF3, 0x1F, 0xE8, 0x1A, 0xC7, 0x57, 0xD1,
    0x17, 0xFD, 0xEE, 0xBE, 0xC5, 0x17, 0xD0, 0x38, 0x45, 0xCF, 0xB9, 0xB3, 0x22, 0x5D, 0xE8, 0x45,
    0x73, 0x1F, 0xF9, 0x31, 0xF7, 0x9F, 0xF1, 0x93, 0x7E, 0xD1, 0x61, 0x4A, 0x23, 0xD0, 0xB9, 0xC2,
    0x5E, 0xE2, 0x26, 0xA8, 0x4F, 0xF0, 0x53, 0x1A, 0xA6, 0x68, 0x90, 0x53, 0xA1, 0xCA, 0xCE, 0xE5,
    0xB8, 0xB9, 0xF3, 0xBD, 0x2B, 0xE9, 0x3F, 0xDD, 0x99, 0x47, 0x06, 0x14, 0x8D, 0xBE, 0xF3, 0x9E,
    0x9F, 0x4F, 0x93, 0xB0, 0xF3, 0xF4, 0xFA, 0xDC, 0xBB, 0x26, 0xF6, 0x9E, 0x3B, 0x46, 0x5D, 0xDC,
    0x7B, 0xBF, 0x48, 0x3F, 0x93, 0xC5, 0xA3, 0xC7, 0x83, 0x4B, 0xA6, 0x92, 0x3B, 0x9A, 0xB7, 0x34,
    0x2E, 0x39, 0x3F, 0x24, 0x29, 0xE8, 0xE7, 0x5C, 0x1E, 0x47, 0xDD, 0x4D, 0xE5, 0x71, 0x8E, 0xA7,
    0x95, 0x1F, 0x42, 0xCF, 0xA3, 0x01, 0x1A, 0x1C, 0x9E, 0x47, 0x23, 0x3A, 0x0A, 0x55, 0xC5, 0x78,
    0x1C, 0x3D, 0x99, 0x0E, 0xF8, 0x71, 0xF4, 0x64, 0x3A, 0x95, 0x1F, 0x42, 0x7D, 0xBF, 0xBC, 0x14,
    0x2A, 0xF7, 0xFC, 0xA9, 0xF8, 0x45, 0x40, 0xF1, 0x43, 0x6A, 0x50, 0x2D, 0x3F, 0x02, 0x9F, 0x8E,
    0x5F, 0xFB, 0xB5, 0xDB, 0xB7, 0xEF, 0xF2, 0xE3, 0x62, 0xFE, 0x03, 0x1E, 0xB7, 0xE7, 0x93, 0x0F,
    0xFC, 0xB8, 0x84, 0x6F, 0xB0, 0xE7, 0xC7, 0xA5, 0x1E, 0xCF, 0x9E, 0xF9, 0xC6, 0x05, 0xFF, 0xE6,
    0x2F, 0xF6, 0x78, 0x59, 0xBA, 0xE7, 0x9C, 0xD0, 0xBD, 0xE8, 0x8F, 0xF4, 0xCA, 0xA9, 0x51, 0x73,
    0xA0, 0xA6, 0xF3, 0x85, 0x87, 0x94, 0xC6, 0xD2, 0xFE, 0xB5, 0x19, 0xBD, 0xCD, 0x72, 0xC4, 0x4B,
    0x9F, 0x70, 0xCF, 0x5C, 0xE2, 0xF3, 0x32, 0xCD, 0x40, 0x22, 0xBD, 0xA3, 0x51, 0xEF, 0x02, 0xE9,
    0x7B, 0x23, 0x69, 0x12, 0x76, 0x4A, 0xF2, 0x2C, 0x1C, 0xFC, 0xA3, 0xDB, 0x5F, 0x84, 0x2C, 0x10,
    0x49, 0x9D, 0x2F, 0xE9, 0xC4, 0x46, 0xC8, 0xBC, 0x67, 0x5E, 0x51, 0x92, 0x39, 0x06, 0x64, 0xD6,
    0xD2, 0x54, 0x08, 0xF9, 0xC9, 0x82, 0xE6, 0x42, 0x48, 0x4C, 0x86, 0x91, 0x32, 0xBA, 0xD7, 0x93,
    0xF4, 0x19, 0x56, 0x72, 0xBC, 0xF6, 0xD7, 0x7E, 0x25, 0xBB, 0xB7, 0xBD, 0xD9, 0x63, 0xC9, 0xC3,
    0x45, 0x20, 0x93, 0x3E, 0x90, 0xE9, 0x10, 0xC8, 0x7C, 0x25, 0xCB, 0x40, 0x9E, 0xC9, 0x5D, 0x52,
    0x6F, 0x9D, 0xB0, 0x81, 0x02, 0x8F, 0x9C, 0x92, 0xDD, 0x4A, 0xB6, 0x27, 0xA2, 0x2D, 0xD3, 0xF1,
    0x8A, 0xBB, 0x43, 0xDF, 0x95, 0xCE, 0xC8, 0x04, 0xF6, 0x69, 0x74, 0x52, 0x46, 0x27, 0x4C, 0x25,
    0xF3, 0x32, 0xE0, 0xA8, 0x92, 0xA9, 0x59, 0x0A, 0x77, 0x8B, 0x7F, 0x92, 0xD9, 0x19, 0xC0, 0x81,
    0x95, 0x0B, 0x13, 0x84, 0xA3, 0x30, 0x47, 0x38, 0x0A, 0xD3, 0x84, 0xA3, 0x30, 0x53, 0x72, 0x34,
    0x1C, 0x1D, 0xB5, 0xDB, 0xA3, 0x75, 0xCA, 0x4A, 0x70, 0xFA, 0x93, 0x8E, 0x7C, 0x90, 0x89, 0x5F,
    0xE6, 0xE8, 0xE9, 0x9F, 0xF7, 0xAB, 0x3E, 0x4A, 0x79, 0xAC, 0xA3, 0xDA, 0x3F, 0x74, 0x3A, 0xD7,
    0x23, 0x0D, 0xA5, 0x88, 0xFA, 0x3A, 0x63, 0xED, 0xD1, 0x91, 0xFD, 0xCD, 0xE6, 0xEF, 0x74, 0xC6,
    0x6D, 0xAE, 0xCB, 0x2E, 0x45, 0xAB, 0xF3, 0x4B, 0x33, 0x7B, 0xCE, 0x33, 0x6B, 0x73, 0x6A, 0xB3,
    0x69, 0xF3, 0x68, 0x33, 0x68, 0x73, 0x67, 0xB3, 0x66, 0xF3, 0xB5, 0x15, 0xAE, 0x5F, 0x97, 0x16,
    0xA3, 0x27, 0xE3, 0x36, 0x85, 0x31, 0xBA, 0xDA, 0xD2, 0xE7, 0xFC, 0xF2, 0xEB, 0x6A, 0x25, 0x70,
    0xF6, 0x85, 0xD8, 0x09, 0x28, 0xD6, 0x59, 0x2C, 0xC5, 0xCE, 0x38, 0x84, 0xC6, 0x27, 0x51, 0x41,
    0x63, 0x6B, 0x21, 0x5A, 0x78, 0x52, 0x7B, 0xD1, 0xD1, 0x5C, 0x2D, 0x6A, 0x31, 0xF0, 0x00, 0x1E,
    0x3F, 0xA8, 0x57, 0x52, 0x94, 0x55, 0xC6, 0x87, 0x3D, 0x94, 0x73, 0x43, 0xE3, 0x28, 0xD6, 0xA0,
    0x26, 0x85, 0xC9, 0xB7, 0x69, 0xA0, 0xD2, 0x7B, 0x1A, 0xCF, 0x40, 0xD3, 0x98, 0x0A, 0x23, 0xA4,
    0x78, 0xA1, 0x1A, 0x46, 0x50, 0x68, 0x0F, 0x3A, 0x81, 0x7A, 0x3A, 0xA6, 0xDD, 0x75, 0x74, 0xB4,
    0x39, 0x27, 0xD0, 0xDB, 0xFB, 0x08, 0x5D, 0x81, 0xD6, 0x1E, 0x9E, 0xD0, 0xD6, 0xDB, 0x16, 0x7D,
    0x6B, 0xC1, 0xA4, 0x3D, 0x68, 0xE9, 0xED, 0xB6, 0x87, 0x93, 0x33, 0x73, 0x95, 0xF0, 0x03, 0xF6,
    0x32, 0xCC, 0x7B, 0xD6, 0x48, 0x99, 0xCC, 0x0D, 0x0F, 0xE7, 0x9B, 0xA6, 0x3C, 0xB7, 0xD2, 0xC7,
    0xEC, 0x2D, 0x36, 0x0F, 0x17, 0xD8, 0x29, 0x98, 0x8B, 0x60, 0x51, 0xA2, 0x07, 0x4B, 0xB0, 0xEF,
    0x77, 0x30, 0x7F, 0x17, 0x98, 0xBC, 0x83, 0xF4, 0x6B, 0xC4, 0xEC, 0xC1, 0x8E, 0xA3, 0x1B, 0x25,
    0xE1, 0x15, 0x7E, 0xF3, 0x98, 0x3B, 0xC3, 0x96, 0x84, 0xFB, 0x93, 0xD0, 0x17, 0x4D, 0xE0, 0x01,
    0xB7, 0x4D, 0xE9, 0x5C, 0x9A, 0xC1, 0xE8, 0x73, 0x7C, 0x7A, 0x0E, 0x96, 0xEF, 0x64, 0x70, 0x6A,
    0xCC, 0x63, 0xC3, 0xCF, 0x27, 0x5D, 0x38, 0x1B, 0x3A, 0x61, 0x84, 0x33, 0x2A, 0x4A, 0x49, 0x19,
    0xEB, 0xF4, 0xAA, 0xB1, 0x13, 0xDF, 0xED, 0xB9, 0x17, 0x2C, 0x17, 0xF4, 0x02, 0x3D, 0x0C, 0x2C,
    0x0B, 0x07, 0xDD, 0x7F, 0x48, 0x7C, 0x78, 0x03, 0x3F, 0x66, 0xAB, 0x81, 0x24, 0xE4, 0x32, 0x85,
    0x83, 0x7A, 0x2A, 0x83, 0xA9, 0x70, 0xF9, 0x52, 0xF7, 0xE1, 0x20, 0xDB, 0xEA, 0xF1, 0x74, 0x2B,
    0xDC, 0x89, 0xCC, 0x63, 0x30, 0x61, 0xAB, 0xA2, 0x8F, 0x6D, 0x30, 0xAF, 0x1C, 0xEC, 0x7E, 0x75,
    0x07, 0x07, 0x11, 0x21, 0x7D, 0x53, 0xBF, 0xF6, 0x07, 0x9A, 0xB6, 0xD8, 0x1E, 0x6C, 0xDE, 0x60,
    0xD3, 0xED, 0x8F, 0x5D, 0x5E, 0x38, 0x13, 0xC8, 0x73, 0xE3, 0x0D, 0x93, 0xC8, 0x51, 0xC1, 0x5B,
    0xEC, 0xED, 0x1A, 0x1A, 0xFD, 0xD4, 0xCC, 0x9C, 0x0A, 0xE5, 0x03, 0x2F, 0x90, 0x07, 0x52, 0x49,
    0x97, 0x4D, 0x00, 0x72, 0xB1, 0x88, 0xE5, 0xE2, 0x44, 0x2E, 0x67, 0xF0, 0x04, 0xE6, 0xD4, 0x44,
    0x03, 0xD6, 0x29, 0x0D, 0x7C, 0x9F, 0xB3, 0xE6, 0xEB, 0x9C, 0x4C, 0x3F, 0x64, 0xD3, 0xF8, 0x9F,
    0xA1, 0x9D, 0xB2, 0x7E, 0xEB, 0x36, 0x72, 0xD0, 0x3A, 0x3D, 0xFB, 0xFA, 0x83, 0x6B, 0xAF, 0x69,
    0xAE, 0x1C, 0x64, 0xFA, 0x9C, 0x42, 0xC6, 0x46, 0x7A, 0xA0, 0xA3, 0xC6, 0x7D, 0xAB, 0x17, 0x9D,
    0x50, 0x08, 0xEE, 0xA4, 0x23, 0x3D, 0xF1, 0x3C, 0x88, 0x7C, 0x55, 0x35, 0x5E, 0xAE, 0xFB, 0x7D,
    0xBE, 0x9E, 0x20, 0x19, 0xDE, 0xB8, 0x64, 0x74, 0x0D, 0xF8, 0x44, 0x6F, 0x4C, 0x50, 0x9C, 0x0E,
    0x76, 0x74, 0x3B, 0xF6, 0x38, 0x1A, 0x3E, 0x20, 0xC0, 0x4D, 0xE0, 0x5E, 0x0E, 0x1E, 0xB9, 0x94,
    0x1C, 0x85, 0xEA, 0x0C, 0x07, 0xAC, 0xE2, 0x76, 0x6A, 0x4F, 0x32, 0x31, 0x17, 0xEB, 0x41, 0xEF,
    0x8E, 0x0E, 0xD4, 0x08, 0xA5, 0x5E, 0x06, 0x5E, 0x26, 0x8F, 0xFF, 0xEF, 0x78, 0xE2, 0x00, 0x0B,
    0x21, 0x07, 0x00, 0x9C, 0xF9, 0x02, 0x8E, 0x97, 0x39, 0x14, 0x88, 0x0E, 0x6F, 0xC0, 0x4D, 0xEA,
    0x4D, 0x10, 0xD6, 0xBF, 0xC1, 0x5E, 0x86, 0xEF, 0xCA, 0x85, 0x66, 0xB3, 0xF6, 0xF4, 0xCA, 0xF8,
    0xC2, 0x61, 0x36, 0x12, 0x82, 0x8E, 0xCC, 0xA1, 0xB8, 0xFA, 0xF9, 0xD8, 0xCB, 0x10, 0x42, 0xD5,
    0x5E, 0xF8, 0xC2, 0xC8, 0xBE, 0xA7, 0x5F, 0x9D, 0xE8, 0x0F, 0x36, 0x37, 0xB7, 0xF9, 0xB5, 0x17,
    0x66, 0xE6, 0x99, 0xB5, 0xD7, 0xC8, 0x7A, 0x8E, 0xCE, 0xB9, 0x79, 0x4F, 0xBA, 0xF3, 0xA7, 0x41,
    0x78, 0x83, 0xB0, 0xD4, 0x81, 0xE9, 0x03, 0xFB, 0xEF, 0x4C, 0x17, 0x32, 0x73, 0x36, 0x41, 0x15,
    0xB6, 0x41, 0x50, 0xBA, 0xA0, 0x01, 0xFA, 0xA0, 0x18, 0x54, 0x65, 0xE4, 0x3F, 0x37, 0x93, 0x56,
    0xFF, 0xC4, 0x28, 0xFF, 0x5D, 0xD5, 0x9C, 0x91, 0x6F, 0xF4, 0x21, 0x34, 0xB1, 0xA2, 0xAB, 0x89,
    0x2A, 0x14, 0x6C, 0x90, 0xB7, 0xA1, 0xCC, 0x97, 0x2C, 0xCA, 0x7F, 0xDC, 0x4F, 0xF5, 0x59, 0x48,
    0x41, 0xA9, 0xCF, 0x42, 0xEA, 0x55, 0x0D, 0xAC, 0x7F, 0xEB, 0xF2, 0x81, 0x3C, 0x44, 0x8D, 0xA0,
    0xE1, 0xD1, 0x45, 0xFA, 0xAE, 0xE2, 0xB9, 0x17, 0x0A, 0xEE, 0xDD, 0x37, 0x6E, 0xDF, 0xC6, 0xDB,
    0x61, 0xF2, 0x21, 0x18, 0x50, 0x83, 0x90, 0x07, 0xE8, 0xC0, 0x8C, 0x1F, 0x02, 0x86, 0x48, 0x61,
    0x61, 0x45, 0xC1, 0xCE, 0xF2, 0xB2, 0xAC, 0x0A, 0x88, 0x05, 0x68, 0x5C, 0x93, 0x40, 0xA5, 0x4A,
    0x0D, 0x42, 0xD1, 0xE9, 0xB7, 0xF9, 0xC5, 0xCE, 0x1F, 0x88, 0x1D, 0xCF, 0xD5, 0x9E, 0xE4, 0xEA,
    0x23, 0xE5, 0x6A, 0xBB, 0x49, 0xF9, 0xFC, 0x08, 0xAA, 0x84, 0x5C, 0x95, 0x03, 0x77, 0x3D, 0x63,
    0x95, 0x0E, 0xFD, 0x6E, 0x7A, 0xBE, 0x81, 0x94, 0x71, 0x5B, 0xCE, 0xC7, 0x6D, 0x3D, 0xE9, 0x79,
    0x72, 0x3D, 0xCB, 0x10, 0xB5, 0xAF, 0xBD, 0x20, 0xFC, 0x20, 0x2C, 0x9F, 0xA9, 0x3E, 0xCA, 0xD4,
    0x8B, 0xC8, 0x74, 0x38, 0x32, 0xFF, 0xBD, 0xBB, 0x1E, 0x90, 0xB8, 0x81, 0x86, 0xC9, 0xD0, 0xA9,
    0x16, 0x6D, 0x0A, 0x03, 0xD9, 0x40, 0xE0, 0xAF, 0x6B, 0x53, 0x3D, 0xCF, 0xFE, 0x97, 0xD2, 0x9E,
    0xF3, 0xE0, 0x96, 0x32, 0xF0, 0x82, 0x65, 0x47, 0x7D, 0xCF, 0x4E, 0xDA, 0x45, 0xDF, 0x7F, 0xE3,
    0xF3, 0x7F, 0x4A, 0xBC, 0xB1, 0x22, 0xD7, 0xC9, 0x39, 0x69, 0x0D, 0x13, 0x73, 0x7F, 0x7F, 0x74,
    0x29, 0x6D, 0x0B, 0xB9, 0xBD, 0xAE, 0x3D, 0x2C, 0xD2, 0xEE, 0x67, 0x6D, 0x27, 0x69, 0x77, 0x2F,
    0x9B, 0x26, 0xFB, 0xBF, 0x6F, 0x4B, 0xFF, 0xC8, 0x8C, 0x4E, 0xAF, 0xDE, 0xF3, 0x70, 0xD2, 0x9A,
    0xA5, 0xBD, 0x69, 0xF6, 0x49, 0x2C, 0x55, 0xF0, 0xDF, 0xB5, 0x55, 0x51, 0x8C, 0xF4, 0x82, 0x58,
    0xDB, 0xBD, 0x5A, 0xA6, 0x44, 0x51, 0x65, 0xB2, 0x88, 0x49, 0xCC, 0x46, 0x11, 0xBF, 0xBC, 0x17,
    0xE1, 0x2B, 0x7B, 0x04, 0x09, 0x1C, 0x3B, 0xCA, 0x0D, 0x84, 0x32, 0x17, 0xB5, 0xD7, 0x40, 0xD4,
    0x62, 0x8E, 0xAB, 0xF4, 0x10, 0x47, 0xC0, 0x32, 0x12, 0x46, 0x04, 0x06, 0x48, 0x14, 0x11, 0x16,
    0xC8, 0x27, 0xF5, 0xD2, 0x47, 0x01, 0x37, 0x8C, 0x0F, 0xB8, 0xF5, 0x68, 0x8B, 0x1D, 0x77, 0xAE,
    0xE4, 0x40, 0x45, 0x83, 0x9E, 0xEF, 0x99, 0x17, 0x73, 0x0E, 0x38, 0x14, 0x10, 0x29, 0xA8, 0x5E,
    0xBA, 0x71, 0x26, 0x7A, 0x78, 0x04, 0x82, 0x21, 0x80, 0x56, 0x2E, 0x24, 0x9A, 0x2F, 0xF9, 0xD9,
    0x3F, 0xE1, 0xA3, 0x7C, 0x53, 0x29, 0x9F, 0x34, 0xA7, 0xAD, 0xF2, 0x0D, 0xF3, 0xE5, 0x6B, 0x74,
    0xBF, 0x06, 0xE3, 0x1F, 0x69, 0xEB, 0x4E, 0xDB, 0xBA, 0x90, 0xF6, 0xCF, 0x9F, 0x66, 0x1E, 0x37,
    0xF2, 0xD4, 0x9D, 0x1C, 0x37, 0x5B, 0xB9, 0x7B, 0x0A, 0x7E, 0xF8, 0xB4, 0x3E, 0x37, 0xB7, 0x7E,
    0xB4, 0xDA, 0xAF, 0x56, 0xFB, 0x2B, 0xED, 0xC7, 0x39, 0xB0, 0x75, 0xFC, 0x5E, 0x27, 0xEF, 0x6B,
    0xE3, 0x50, 0x48, 0x74, 0xE3, 0x42, 0x7D, 0x83, 0x51, 0xDB, 0x49, 0x71, 0xC9, 0xAC, 0xED, 0x44,
    0xEA, 0xEE, 0x1B, 0xB7, 0xEF, 0xB2, 0x1B, 0x37, 0x01, 0xE2, 0x13, 0x77, 0x08, 0x63, 0x65, 0x83,
    0xA0, 0x8F, 0xB4, 0x17, 0x48, 0x72, 0xE8, 0x80, 0x50, 0xA5, 0xC7, 0x83, 0x72, 0xB0, 0xC1, 0xE5,
    0x46, 0xCD, 0x44, 0x21, 0x7C, 0xB7, 0xA8, 0x61, 0x98, 0x94, 0x5D, 0xAF, 0x3D, 0x3D, 0xF6, 0x86,
    0x1F, 0x66, 0xB5, 0x1E, 0x76, 0x3A, 0x31, 0xCE, 0x3D, 0x41, 0xF6, 0x91, 0x97, 0x4E, 0xC4, 0x5E,
    0x4E, 0x8F, 0x99, 0x07, 0xE1, 0xF0, 0x51, 0x27, 0x10, 0x2D, 0x92, 0xD3, 0xEF, 0x7A, 0x8D, 0x34,
    0x2D, 0x3A, 0x3C, 0x8B, 0xEA, 0x9B, 0x39, 0xF8, 0x43, 0x36, 0x0E, 0xF2, 0x79, 0x0E, 0xFA, 0xE6,
    0xE5, 0x88, 0xC7, 0x48, 0x44, 0x0D, 0xE6, 0x01, 0x64, 0xB7, 0x92, 0x6D, 0x6C, 0x3A, 0xEC, 0x11,
    0x3F, 0x24, 0xD8, 0xD8, 0x08, 0xAF, 0xF8, 0xBE, 0x90, 0xC1, 0x7E, 0xBD, 0x33, 0xF2, 0xFD, 0xEC,
    0x24, 0x34, 0x19, 0xC7, 0xE7, 0xA0, 0xCC, 0x3A, 0x4C, 0x85, 0x0C, 0xEA, 0x2E, 0x8C, 0xE4, 0xD5,
    0xF1, 0xA5, 0xCF, 0x99, 0x78, 0xB9, 0x80, 0xE4, 0xAD, 0xC9, 0xD4, 0x62, 0x18, 0x5D, 0x62, 0x82,
    0x1A, 0xE8, 0xCA, 0xCC, 0xA2, 0x73, 0xEC, 0x81, 0x1E, 0x20, 0x5E, 0x23, 0xFD, 0x59, 0x62, 0x93,
    0x3B, 0x48, 0x84, 0xB8, 0x7C, 0x9D, 0xC0, 0x53, 0x62, 0x8C, 0x14, 0x77, 0x25, 0x76, 0xCD, 0xD5,
    0x63, 0x1C, 0x73, 0x75, 0x23, 0x47, 0xC1, 0x18, 0x64, 0x68, 0x05, 0x76, 0x08, 0x51, 0xFB, 0x89,
    0x34, 0x0F, 0xDD, 0x98, 0x18, 0xC7, 0x88, 0xE9, 0x0A, 0x31, 0x82, 0xA8, 0xC0, 0xE9, 0xA3, 0x11,
    0x83, 0x28, 0xE3, 0x03, 0x9B, 0x7E, 0xF5, 0x54, 0x4B, 0x8D, 0x77, 0x75, 0x60, 0x51, 0xB6, 0x8B,
    0xE0, 0x59, 0xEA, 0x58, 0x05, 0x26, 0x76, 0x62, 0xD5, 0x0A, 0xE2, 0xEA, 0x85, 0xD9, 0x7B, 0x80,
    0x08, 0x44, 0xE2, 0x88, 0xF6, 0x9B, 0x28, 0x6A, 0x7A, 0x04, 0x61, 0x20, 0x4C, 0x77, 0xBD, 0x84,
    0x12, 0xD8, 0xF3, 0xBC, 0x50, 0xEB, 0xF9, 0x32, 0xC6, 0x39, 0x7C, 0xB5, 0xC2, 0xB5, 0xEF, 0x3D,
    0xBC, 0x7C, 0x07, 0x5F, 0xCC, 0x19, 0x87, 0xA3, 0x5E, 0xC9, 0x17, 0x77, 0xF7, 0xE2, 0x19, 0x93,
    0xBD, 0x36, 0x33, 0xD6, 0x60, 0x2D, 0x26, 0xA2, 0x5B, 0x1C, 0x58, 0x58, 0xE9, 0xEB, 0xA1, 0xC6,
    0x04, 0x18, 0x5E, 0x48, 0x18, 0xDA, 0x00, 0x88, 0x53, 0xA8, 0x52, 0x29, 0x25, 0x6A, 0x27, 0x63,
    0x53, 0x33, 0x2A, 0x95, 0x18, 0x5B, 0x35, 0xEA, 0xB9, 0x10, 0xA5, 0xEA, 0x26, 0xF3, 0xFF, 0xAC,
    0x7A, 0x29, 0xF3, 0xDF, 0x51, 0x43, 0x9A, 0x05, 0x97, 0x2F, 0x0B, 0x6E, 0x61, 0x16, 0x82, 0x56,
    0x59, 0xB0, 0xC8, 0x99, 0xFF, 0x7E, 0x50, 0x85, 0xFF, 0xAA, 0xDA, 0x2E, 0xF3, 0xDF, 0x56, 0x98,
    0xCC, 0xCF, 0xD8, 0x3C, 0x77, 0x50, 0x2A, 0x55, 0xEB, 0x0B, 0xD5, 0x5D, 0x58, 0x4F, 0x95, 0x43,
    0x19, 0x7A, 0x0D, 0xE1, 0x8D, 0x66, 0xA5, 0x52, 0xDC, 0xB1, 0xF4, 0xAF, 0xB1, 0x74, 0x01, 0x22,
    0x92, 0x73, 0x61, 0x4A, 0x0D, 0xBE, 0x4C, 0x25, 0x54, 0x6A, 0xFA, 0x6A, 0xEB, 0x51, 0xDF, 0x15,
    0x75, 0x1B, 0xDD, 0x0B, 0xEE, 0x7A, 0xF0, 0xE9, 0xC3, 0x49, 0xBB, 0x10, 0xC3, 0x88, 0x03, 0xDC,
    0xDF, 0x07, 0x8F, 0x38, 0x09, 0xC0, 0x7F, 0x75, 0xEE, 0x57, 0x9F, 0x3F, 0x0F, 0x00, 0xA5, 0x7C,
    0xC3, 0x28, 0xFF, 0x9F, 0x3A, 0xA8, 0x11, 0x0D, 0xEF, 0xA4, 0x8F, 0xF8, 0xAA, 0x52, 0xB1, 0x7F,
    0x56, 0x1F, 0x47, 0xFA, 0x5B, 0x1F, 0x47, 0x68, 0x42, 0x81, 0x3F, 0xE1, 0x09, 0x05, 0xFE, 0x9C,
    0xC3, 0x51, 0x17, 0x74, 0x34, 0xCF, 0xB4, 0x1E, 0x0C, 0xF8, 0x23, 0xDE, 0x25, 0xB9, 0x91, 0x4E,
    0x03, 0x45, 0x8C, 0x31, 0x90, 0x3D, 0xE0, 0xAC, 0x85, 0x72, 0xC9, 0x01, 0x66, 0x63, 0x56, 0xE7,
    0x0E, 0xE1, 0x2F, 0x80, 0x7C, 0x89, 0x03, 0xC1, 0xCD, 0xC3, 0x7B, 0x02, 0xE4, 0x43, 0x66, 0x01,
    0xF2, 0x19, 0xC1, 0x0A, 0xC8, 0x2F, 0x05, 0xC1, 0xF7, 0x1C, 0x5A, 0xF6, 0x4D, 0x6D, 0x18, 0x56,
    0xA8, 0x52, 0xA9, 0x41, 0x28, 0x0E, 0x5B, 0x13, 0xB4, 0x24, 0x8E, 0xBE, 0x8F, 0xFC, 0xC4, 0x20,
    0xF1, 0x03, 0xF8, 0x21, 0xA3, 0x08, 0x30, 0xE4, 0x19, 0x30, 0x94, 0xEF, 0xBE, 0x07, 0x9D, 0x8B,
    0xEB, 0x84, 0x5F, 0x4A, 0x19, 0x75, 0x08, 0x7A, 0x0D, 0x3A, 0xB2, 0x3B, 0xAC, 0xF4, 0x9B, 0x3C,
    0x40, 0x3B, 0xE2, 0xBE, 0x22, 0xF2, 0x0F, 0x84, 0xFE, 0x0E, 0x73, 0xD1, 0x8B, 0x4C, 0xC7, 0xFE,
    0xAF, 0x99, 0x46, 0x32, 0x29, 0xF6, 0x5F, 0xF3, 0xED, 0x7E, 0x51, 0xFA, 0xAF, 0x7C, 0x77, 0x98,
    0x95, 0xFE, 0x2C, 0x41, 0xAE, 0x29, 0x11, 0xFA, 0x33, 0xA4, 0x22, 0x85, 0xDE, 0xD3, 0xD4, 0x8C,
    0xD9, 0xA0, 0x74, 0xE1, 0xA7, 0xBC, 0x87, 0xEC, 0xF0, 0x44, 0x6D, 0xE8, 0x72, 0x2E, 0x5B, 0xA3,
    0xF3, 0xA5, 0x6E, 0x10, 0x95, 0x82, 0x11, 0xF6, 0x81, 0x66, 0xA6, 0x45, 0x4C, 0x20, 0xF1, 0x08,
    0x38, 0x1A, 0xCD, 0x51, 0x20, 0x71, 0x7D, 0x17, 0x40, 0x04, 0xA3, 0x79, 0xBA, 0x8C, 0xDE, 0x69,
    0xE0, 0xD2, 0x65, 0x33, 0x47, 0xA4, 0x24, 0x9C, 0x40, 0xB4, 0x43, 0x38, 0x6C, 0x90, 0xF8, 0x56,
    0xD9, 0xF3, 0xF5, 0x05, 0x92, 0x41, 0x79, 0xCB, 0x83, 0xD5, 0xAB, 0xE0, 0xB2, 0xB9, 0x19, 0xF2,
    0x55, 0x57, 0x32, 0x3D, 0x2B, 0xCD, 0x3A, 0x87, 0x06, 0x92, 0x43, 0xCE, 0x25, 0x98, 0x99, 0xCD,
    0x49, 0xED, 0x05, 0xA5, 0x12, 0xDC, 0xC4, 0x44, 0xF1, 0x74, 0x49, 0x34, 0xEE, 0x96, 0xBA, 0x30,
    0x9A, 0xF4, 0xCB, 0x21, 0x09, 0x4A, 0xB5, 0x81, 0xEA, 0x03, 0x35, 0x06, 0x6A, 0x0E, 0x94, 0x57,
    0x6A, 0xE1, 0xE7, 0x81, 0x9A, 0xF8, 0x62, 0xA1, 0x38, 0x58, 0x29, 0x54, 0xC6, 0x81, 0x72, 0x50,
    0x1C, 0x08, 0x12, 0x8A, 0x23, 0x83, 0x42, 0x45, 0xCC, 0x68, 0xA0, 0x38, 0x70, 0xA4, 0x14, 0x69,
    0x15, 0xA5, 0xC8, 0x64, 0x28, 0x75, 0xF0, 0x8B, 0x52, 0xB1, 0x70, 0x5D, 0x2E, 0xC6, 0x44, 0x28,
    0x57, 0x07, 0x2A, 0x0F, 0x54, 0x1A, 0xA8, 0x43, 0xA0, 0x10, 0x99, 0x8C, 0x6A, 0xB6, 0x2E, 0xEA,
    0xCD, 0xE2, 0xE2, 0x91, 0x6F, 0x00, 0xB7, 0x0D, 0xD4, 0x2C, 0xB1, 0xDB, 0x5A, 0x99, 0xD9, 0x60,
    0xD5, 0xEE, 0x87, 0xCE, 0xD2, 0x6A, 0x85, 0x26, 0x7A, 0x2C, 0xB7, 0xD6, 0x5C, 0x6D, 0xE9, 0xAC,
    0x57, 0xA9, 0x95, 0x19, 0x92, 0x96, 0x9C, 0x8E, 0x44, 0xDC, 0xF6, 0x0A, 0x6D, 0x44, 0x86, 0x40,
    0x5A, 0x89, 0xD6, 0xB8, 0xF1, 0x9A, 0xA0, 0xCA, 0x8D, 0xDB, 0xB7, 0x2D, 0x22, 0x3B, 0x88, 0x5F,
    0x24, 0x1D, 0xF2, 0x6B, 0x6B, 0xBF, 0x0F, 0x8F, 0x4F, 0x2E, 0x47, 0xCF, 0xE1, 0x5E, 0x0C, 0x78,
    0x59, 0x41, 0x34, 0xB9, 0x04, 0x17, 0x5A, 0x6D, 0x3B, 0xC9, 0x7F, 0xD5, 0x7D, 0x68, 0x1F, 0xD1,
    0x10, 0x9D, 0x89, 0x41, 0x33, 0xC3, 0xF6, 0x76, 0xED, 0x7B, 0x87, 0x77, 0xE6, 0x2D, 0xDE, 0xF1,
    0x96, 0xBB, 0x2D, 0xBD, 0xA6, 0x73, 0xF3, 0xEB, 0xF1, 0x8E, 0x10, 0xC4, 0xF2, 0xD5, 0x96, 0x38,
    0x18, 0x96, 0x79, 0x12, 0x21, 0xE8, 0x66, 0x34, 0x62, 0x08, 0x30, 0xA7, 0xD6, 0x7C, 0x8F, 0xE2,
    0x9D, 0xD4, 0xF0, 0x4E, 0xCE, 0x78, 0x47, 0x54, 0x6A, 0x85, 0x08, 0xA7, 0xE2, 0x9D, 0xEA, 0xBD,
    0xC2, 0x3B, 0xF8, 0xBC, 0x92, 0x9B, 0x23, 0x38, 0x5D, 0x43, 0x0D, 0x96, 0x49, 0x5B, 0xD8, 0xBF,
    0x7A, 0xCD, 0xB9, 0x17, 0x24, 0xF2, 0xD1, 0x6A, 0xB6, 0xF9, 0x83, 0x41, 0x01, 0x9F, 0x73, 0xEE,
    0x09, 0xF0, 0x7C, 0x67, 0x23, 0x84, 0x3C, 0xDB, 0x09, 0xD5, 0x59, 0x0E, 0xEA, 0xF6, 0x73, 0x16,
    0xB3, 0x1A, 0xD6, 0xCC, 0xBE, 0xC5, 0xAA, 0xCC, 0xA7, 0xDA, 0xC4, 0x64, 0x1A, 0x28, 0x4C, 0xC4,
    0xAC, 0x34, 0x96, 0x54, 0x87, 0x58, 0xD2, 0xD3, 0xB6, 0x76, 0x5D, 0x21, 0x31, 0x2C, 0xAF, 0xB0,
    0x09, 0x46, 0xF3, 0x47, 0xAB, 0x54, 0x98, 0x8F, 0x5D, 0x68, 0xE8, 0x57, 0xE4, 0x68, 0x11, 0x48,
    0xF5, 0xEF, 0x0A, 0x52, 0x9A, 0x77, 0xD5, 0x32, 0xD4, 0x3A, 0x89, 0xC9, 0x5C, 0xD7, 0x46, 0xC2,
    0x7B, 0xF6, 0xFE, 0xA7, 0xAA, 0x2E, 0xB4, 0x07, 0xE6, 0xE2, 0xD8, 0x57, 0x08, 0xA0, 0xEE, 0x00,
    0xF2, 0x24, 0xF6, 0x00, 0x09, 0x61, 0xE7, 0x1A, 0x12, 0x5E, 0x89, 0xCB, 0xFC, 0xE5, 0xD5, 0x85,
    0xB6, 0x90, 0x8E, 0x9C, 0xB8, 0xF1, 0xA5, 0xF7, 0x8A, 0xDC, 0x76, 0x86, 0xD6, 0x42, 0x24, 0x75,
    0xDA, 0xC4, 0xDF, 0xF9, 0x7C, 0xBB, 0xBE, 0x08, 0x80, 0xEF, 0x8C, 0xFF, 0x3C, 0x22, 0xC6, 0x00,
    0xF8, 0x5C, 0xB6, 0x02, 0x9E, 0xEB, 0x4E, 0xEE, 0xC2, 0xDE, 0x2E, 0x72, 0x0E, 0xED, 0x41, 0xE2,
    0x3E, 0x24, 0xBF, 0xDF, 0xBB, 0x7D, 0xE7, 0xC1, 0xE3, 0x63, 0x0C, 0xD9, 0x51, 0x6C, 0xCE, 0x90,
    0xE4, 0xEF, 0x04, 0xE9, 0xBC, 0x28, 0x55, 0xFC, 0xDA, 0x2B, 0x44, 0xB3, 0x12, 0xCB, 0x37, 0x6A,
    0xFF, 0xBD, 0x97, 0x88, 0x60, 0x30, 0x45, 0xEA, 0xAD, 0x29, 0xB9, 0xFA, 0x85, 0x06, 0x2D, 0x10,
    0x55, 0x20, 0xF2, 0x4E, 0x08, 0x77, 0xE0, 0x40, 0x48, 0x15, 0xCD, 0x6E, 0x93, 0x9C, 0xFE, 0xB5,
    0x25, 0x48, 0x26, 0x5E, 0x73, 0xAA, 0xC6, 0x64, 0x62, 0x2C, 0x91, 0x18, 0x1D, 0x11, 0xFC, 0xA7,
    0x73, 0xC0, 0xF5, 0x3F, 0xD3, 0x8C, 0x4A, 0x6C, 0xDE, 0x42, 0x02, 0x43, 0x82, 0x10, 0xDA, 0x50,
    0x0A, 0x04, 0xC1, 0x60, 0xF6, 0x00, 0xB4, 0x37, 0xEE, 0x02, 0x20, 0x4D, 0x62, 0x95, 0xF7, 0x52,
    0x52, 0x33, 0xC9, 0x34, 0xC7, 0x08, 0xFA, 0x34, 0xC2, 0x2B, 0xB9, 0xD7, 0x18, 0x3F, 0xC2, 0x6C,
    0x7C, 0x08, 0xD4, 0x4B, 0x02, 0x50, 0x58, 0x25, 0xC7, 0x3F, 0x09, 0xCC, 0x4E, 0x08, 0xC0, 0x37,
    0xC2, 0x72, 0xFF, 0x26, 0xAF, 0x11, 0xFB, 0x37, 0xBC, 0x31, 0xDF, 0x62, 0x29, 0x02, 0x0B, 0xE9,
    0x1B, 0x04, 0x28, 0xCD, 0x13, 0xC8, 0x2D, 0x2B, 0x60, 0x71, 0xAE, 0x5F, 0x96, 0xA8, 0xFD, 0xA3,
    0xC2, 0x6A, 0x4D, 0x7A, 0x35, 0xF7, 0xD2, 0xE7, 0x72, 0x63, 0xE0, 0x43, 0x08, 0x54, 0x05, 0xE5,
    0x71, 0xD4, 0x43, 0xB9, 0xE9, 0xC7, 0x83, 0x27, 0x64, 0x12, 0xC4, 0xF9, 0xBD, 0x59, 0x84, 0xE6,
    0x96, 0x85, 0xA8, 0xD7, 0x24, 0x42, 0x1A, 0xAA, 0x57, 0x24, 0xDE, 0x24, 0x19, 0x95, 0x67, 0xFD,
    0x94, 0x02, 0xD1, 0x72, 0x65, 0xDA, 0x0E, 0x49, 0xF6, 0x3E, 0x42, 0xF9, 0x43, 0x95, 0xB1, 0xC7,
    0x06, 0x7F, 0x06, 0x29, 0xDA, 0x89, 0xDF, 0x27, 0xE7, 0xBA, 0x95, 0x49, 0x22, 0x03, 0xC5, 0x35,
    0xD4, 0xFA, 0x57, 0x5C, 0x91, 0xF2, 0x15, 0x7A, 0x2D, 0x87, 0x64, 0xE5, 0x7E, 0xA4, 0x64, 0x06,
    0xD4, 0xC1, 0x31, 0xAA, 0x5E, 0x22, 0x0E, 0x4F, 0xCC, 0xDC, 0x97, 0xD7, 0xFD, 0x5C, 0x03, 0x8D,
    0x86, 0x9E, 0x26, 0xA1, 0xF7, 0x51, 0x1D, 0x12, 0xD8, 0xD1, 0xAB, 0x7E, 0xF9, 0xFA, 0xE9, 0x9B,
    0xAF, 0xD4, 0xCE, 0xC6, 0x40, 0xBD, 0x16, 0x1D, 0xB5, 0xE5, 0x9A, 0x91, 0x9C, 0x50, 0xAE, 0x40,
    0x96, 0x78, 0x67, 0xA8, 0x6F, 0xDA, 0x9B, 0x12, 0x64, 0x30, 0x2D, 0xD4, 0xC0, 0xBF, 0xD1, 0x2B,
    0xB2, 0x9E, 0xBE, 0x2B, 0xFE, 0x91, 0x55, 0x76, 0xC1, 0xF3, 0xAC, 0x15, 0x06, 0x55, 0x91, 0x70,
    0x52, 0xAD, 0x39, 0x6C, 0xA9, 0x3B, 0xD0, 0x34, 0x90, 0x1F, 0x53, 0x0B, 0x31, 0xCE, 0x79, 0x50,
    0x84, 0xC6, 0x7A, 0x6B, 0xC0, 0x3C, 0x0F, 0xDE, 0x6A, 0x1A, 0xBC, 0xDA, 0xC3, 0x35, 0x9E, 0x6E,
    0xB2, 0xF5, 0x6A, 0x3B, 0x77, 0x04, 0x22, 0xA9, 0x33, 0xBF, 0x08, 0x6F, 0xFE, 0x3F, 0xE6, 0xAD,
    0xB2, 0x6B, 0xAF, 0x4E, 0x7E, 0x51, 0x6A, 0x36, 0x75, 0x31, 0x2D, 0x8D, 0x59, 0x9B, 0x54, 0x0B,
    0xCB, 0xF3, 0x58, 0x02, 0xE3, 0x10, 0xBF, 0x40, 0xE8, 0x33, 0x02, 0xF0, 0xE2, 0xD8, 0x0C, 0x52,
    0x73, 0xCC, 0x51, 0x6D, 0x6E, 0x99, 0x8E, 0x8E, 0x79, 0xB9, 0x28, 0x8D, 0x02, 0x6B, 0xB7, 0xA1,
    0x76, 0xF0, 0x06, 0xFB, 0xAD, 0x37, 0x39, 0xD4, 0xB3, 0x63, 0x9F, 0xA7, 0x62, 0xFD, 0xDB, 0x91,
    0xB2, 0x4E, 0x45, 0x35, 0x73, 0x4B, 0x0F, 0xE4, 0x5F, 0x2B, 0x84, 0x19, 0xFA, 0x33, 0x46, 0x8F,
    0xB9, 0xF8, 0x63, 0x09, 0xEC, 0x4E, 0xB1, 0x57, 0xB2, 0xF4, 0xE8, 0x66, 0x20, 0x47, 0x90, 0xF5,
    0x86, 0x64, 0x77, 0x6C, 0x43, 0x4E, 0x20, 0xFD, 0xEC, 0x22, 0x23, 0x27, 0x7D, 0x65, 0x25, 0x67,
    0x26, 0xC1, 0x42, 0xC8, 0x38, 0x36, 0x3B, 0x61, 0x43, 0xA9, 0x52, 0xEC, 0x31, 0xD9, 0x48, 0x72,
    0x23, 0x37, 0xC5, 0x75, 0x98, 0x89, 0x70, 0xE7, 0xC8, 0x89, 0x60, 0x71, 0x3C, 0xC9, 0xA9, 0x7D,
    0x23, 0x78, 0x72, 0x56, 0x0D, 0x53, 0x86, 0xDA, 0x31, 0xC9, 0xDC, 0xE9, 0x3C, 0xDE, 0x24, 0xEA,
    0x22, 0x4C, 0x64, 0xE3, 0xDE, 0x05, 0x99, 0x9A, 0x1A, 0x40, 0x22, 0xAF, 0x75, 0x27, 0x61, 0x9E,
    0x2D, 0x99, 0x6F, 0x2A, 0x3F, 0x6E, 0x5E, 0x6E, 0x2A, 0x06, 0x96, 0x90, 0x37, 0x5D, 0x4B, 0xEF,
    0x82, 0x7C, 0x64, 0x6B, 0x21, 0x09, 0x9D, 0xF9, 0x40, 0xCE, 0x60, 0xEC, 0x1E, 0x09, 0x97, 0xC1,
    0xEE, 0x67, 0x5A, 0xFC, 0x33, 0x5A, 0x2C, 0x3C, 0x93, 0x4A, 0x01, 0x6F, 0x79, 0x48, 0x31, 0xF6,
    0x82, 0xE0, 0xC1, 0x4B, 0x02, 0xDD, 0xC5, 0x25, 0x05, 0xA9, 0x2C, 0x55, 0x58, 0x28, 0x43, 0xC8,
    0xF2, 0x31, 0x64, 0x65, 0x85, 0x31, 0xF5, 0x7A, 0xB3, 0x5A, 0x9E, 0x56, 0x59, 0xDE, 0x57, 0x1C,
    0x07, 0xCD, 0x76, 0xB6, 0xA6, 0x1A, 0x12, 0x29, 0xE0, 0x1C, 0xB4, 0x1E, 0x95, 0xF3, 0xF9, 0x34,
    0x76, 0xCF, 0x4A, 0x28, 0xBE, 0xF9, 0x13, 0x82, 0x16, 0x9C, 0x91, 0x4C, 0xBD, 0x23, 0x99, 0xE0,
    0x32, 0x5B, 0x4E, 0x50, 0x12, 0x13, 0xB7, 0x7B, 0x7E, 0x63, 0x52, 0x57, 0xE4, 0x46, 0x45, 0x1C,
    0x0A, 0x26, 0xDE, 0x28, 0xCA, 0x9F, 0xB9, 0x9C, 0xB4, 0x02, 0xA9, 0x60, 0xF0, 0xBB, 0x04, 0x88,
    0x37, 0x24, 0xE6, 0xBD, 0x5B, 0x23, 0xC8, 0x4D, 0xB4, 0x92, 0x6E, 0x2D, 0xCE, 0x48, 0x47, 0xBA,
    0x7F, 0xB9, 0x50, 0xA7, 0xBC, 0x8F, 0xD9, 0x51, 0xD1, 0xAF, 0xB1, 0x9C, 0xE9, 0xB7, 0xF4, 0xA1,
    0x2B, 0xAB, 0xEB, 0xBC, 0xBD, 0xDF, 0xB0, 0x80, 0xE9, 0xA6, 0xE7, 0xBB, 0x85, 0xDF, 0x59, 0x18,
    0x39, 0xB7, 0x90, 0xA7, 0x64, 0xED, 0xAF, 0x12, 0x09, 0x61, 0x27, 0x9C, 0xB3, 0x9B, 0xDD, 0xAD,
    0xE1, 0xED, 0xAB, 0xAB, 0x3F, 0x44, 0x1E, 0xEF, 0x01, 0xF2, 0x40, 0x8D, 0x88, 0x7C, 0x56, 0x64,
    0x11, 0xAA, 0x27, 0x42, 0xF1, 0x44, 0x73, 0xA2, 0x8B, 0x52, 0x3B, 0x27, 0xF7, 0xA1, 0xEA, 0xCA,
    0x62, 0xB5, 0x36, 0xF9, 0x41, 0x6F, 0x85, 0x82, 0xA5, 0x3F, 0x70, 0x4F, 0xFF, 0xB9, 0xF5, 0x03,
    0x72, 0x5B, 0x0A, 0x29, 0xE6, 0xC8, 0x24, 0xF7, 0xCA, 0x13, 0xAB, 0x16, 0x1E, 0xB5, 0x3C, 0xAC,
    0xB6, 0x4A, 0x78, 0x2C, 0xCB, 0x0B, 0xBE, 0x46, 0x60, 0x67, 0x70, 0x5A, 0x9B, 0xC6, 0x4E, 0xDF,
    0x24, 0x7E, 0x45, 0x26, 0xD5, 0xD9, 0x8D, 0xA8, 0xAC, 0x0C, 0xC5, 0x69, 0xA3, 0x68, 0x0C, 0x89,
    0xD1, 0xC1, 0xC5, 0x3F, 0x25, 0xF6, 0x46, 0x48, 0x31, 0x31, 0x2E, 0x57, 0x22, 0x35, 0x22, 0x17,
    0x1F, 0xAF, 0x45, 0xEC, 0x15, 0x6A, 0xD0, 0x8B, 0x6A, 0x19, 0xF7, 0xDA, 0x0D, 0xEA, 0x96, 0xF7,
    0x9F, 0x83, 0x1D, 0x18, 0x3D, 0xB2, 0xCB, 0x52, 0x6C, 0x81, 0x19, 0x20, 0x2B, 0x32, 0x4B, 0x71,
    0x86, 0x94, 0x48, 0xDD, 0xB9, 0x70, 0xE7, 0xF7, 0x85, 0x6F, 0x44, 0x31, 0x0B, 0x7B, 0x49, 0x72,
    0x40, 0xB8, 0x70, 0x5E, 0x87, 0x5A, 0xCB, 0x45, 0x7A, 0xCC, 0x4F, 0x1B, 0xD2, 0xED, 0x08, 0x4B,
    0xB9, 0x83, 0x14, 0x31, 0x09, 0x43, 0x14, 0xD7, 0x8F, 0xF0, 0xCD, 0x7F, 0xBC, 0x67, 0xC5, 0x61,
    0xB0, 0x16, 0x91, 0x0F, 0xBA, 0xAC, 0xE7, 0x11, 0xE2, 0x32, 0xE6, 0xD6, 0xED, 0x9B, 0x44, 0x83,
    0x33, 0x4D, 0x60, 0x00, 0xF1, 0xD6, 0x62, 0x02, 0x1C, 0x50, 0xE3, 0xDC, 0x79, 0x84, 0x86, 0x25,
    0x4E, 0x44, 0x2F, 0xFB, 0xC6, 0x36, 0xE3, 0x61, 0x5E, 0x9D, 0x7D, 0xD3, 0x2F, 0xBF, 0xC7, 0x3C,
    0xBF, 0x1F, 0xE9, 0xA2, 0x57, 0x19, 0x23, 0x85, 0xC8, 0x87, 0x24, 0xE0, 0x2A, 0xF6, 0x3B, 0x48,
    0xB3, 0x45, 0x77, 0xEE, 0x4B, 0xD7, 0x23, 0x63, 0x48, 0xD5, 0x08, 0xFB, 0xD9, 0xD8, 0xD1, 0xB8,
    0xF1, 0x98, 0x19, 0xEB, 0xD9, 0xCA, 0x02, 0x55, 0x0A, 0xFB, 0x23, 0x7E, 0xDE, 0xEB, 0x69, 0xB1,
    0xB1, 0x6C, 0xFF, 0x34, 0x0C, 0x79, 0xF3, 0xA1, 0xBB, 0xF9, 0x43, 0x98, 0xBC, 0x48, 0xEB, 0x42,
    0x10, 0x79, 0xA5, 0x36, 0xD3, 0x24, 0x10, 0x10, 0xD0, 0x8D, 0x7A, 0x0D, 0x3E, 0x00, 0x3F, 0xA5,
    0x02, 0xA7, 0xC1, 0x35, 0xC2, 0x46, 0xBD, 0xA6, 0x84, 0x7A, 0x98, 0xAA, 0xB5, 0xED, 0xDE, 0xA7,
    0xB6, 0xD5, 0xB6, 0x12, 0x53, 0x69, 0x26, 0xF3, 0x5D, 0xB4, 0x6B, 0x4D, 0xC0, 0x71, 0x5C, 0x22,
    0x5F, 0x0C, 0x00, 0x0A, 0x2F, 0x1F, 0x5A, 0xE1, 0x63, 0xCE, 0xE8, 0x94, 0x02, 0xC3, 0x24, 0x5C,
    0xDE, 0x43, 0xB7, 0x70, 0x6D, 0x05, 0xF3, 0x6D, 0x42, 0xF3, 0x1B, 0xB7, 0xD7, 0x70, 0xEC, 0x17,
    0x65, 0xCD, 0x09, 0x43, 0x01, 0xFE, 0x5F, 0xA3, 0xAE, 0xF4, 0x97, 0xF9, 0x5F, 0x01, 0x61, 0x90,
    0xF5, 0x7A, 0x9E, 0x03, 0xE9, 0x34, 0x55, 0x43, 0x0A, 0x68, 0x4A, 0x7F, 0xBC, 0x23, 0x20, 0xED,
    0xB7, 0x0D, 0x73, 0xA9, 0x16, 0xCB, 0x95, 0x49, 0xAC, 0x9C, 0x34, 0xF0, 0x54, 0x7F, 0xA4, 0x22,
    0x13, 0x55, 0x76, 0x56, 0xA0, 0x96, 0x2A, 0xCB, 0x26, 0x7A, 0x9B, 0x28, 0x0C, 0xCC, 0xF3, 0xB6,
    0x7C, 0x45, 0xEE, 0x92, 0xC9, 0xA2, 0x91, 0x3E, 0x97, 0x05, 0x25, 0xD2, 0xDA, 0xEF, 0x1C, 0x5E,
    0xC6, 0x0D, 0x3F, 0xFA, 0x58, 0x69, 0x3E, 0xFA, 0x9C, 0xD1, 0x80, 0x7D, 0x93, 0x55, 0x17, 0x70,
    0x8C, 0xF8, 0x17, 0xC2, 0xAB, 0x8D, 0xD8, 0x36, 0x81, 0xCE, 0x37, 0x6A, 0x1D, 0xCC, 0x5C, 0x07,
    0x36, 0xC7, 0xFF, 0x26, 0xB4, 0xE5, 0x13, 0xDA, 0xFA, 0xA4, 0xBD, 0x7A, 0xDE, 0xF6, 0x5E, 0x05,
    0xE0, 0x61, 0xED, 0xA5, 0xE6, 0x4F, 0x8A, 0x48, 0xFB, 0x58, 0x62, 0xF3, 0xCB, 0x5D, 0x2D, 0x30,
    0xF6, 0x5A, 0x75, 0x2C, 0xAE, 0x8E, 0x15, 0x2D, 0x1F, 0xCC, 0x5C, 0xDD, 0xB9, 0xFF, 0xA1, 0x75,
    0x50, 0x03, 0x09, 0x20, 0xB1, 0xF3, 0x5A, 0x0E, 0x18, 0x42, 0xD2, 0x93, 0x56, 0x13, 0x72, 0x36,
    0x91, 0x83, 0xF0, 0x31, 0xDE, 0xB6, 0x3A, 0x48, 0xE9, 0x5B, 0x82, 0x1E, 0x5A, 0x93, 0x42, 0x07,
    0x68, 0x53, 0xA5, 0x88, 0x68, 0x16, 0x99, 0xAC, 0x37, 0xE1, 0x26, 0x5F, 0xD0, 0x94, 0xEC, 0xCA,
    0x57, 0x37, 0xB0, 0x8A, 0xE1, 0x2B, 0x1E, 0x37, 0xFA, 0x6A, 0x68, 0x26, 0xF9, 0x11, 0x17, 0xBC,
    0xEA, 0x39, 0x08, 0xC7, 0xBC, 0xD4, 0x65, 0x58, 0xC3, 0xC2, 0x5E, 0x1F, 0x0F, 0x56, 0x86, 0xC1,
    0x1B, 0xA5, 0x99, 0x32, 0x84, 0x17, 0xB7, 0x4D, 0x6C, 0x0D, 0x4E, 0x39, 0xC8, 0x75, 0xA9, 0x34,
    0x25, 0x27, 0xDC, 0x5F, 0x7B, 0xC1, 0x8B, 0xFF, 0x88, 0x07, 0x85, 0x85, 0x1C, 0xE8, 0x84, 0x97,
    0x72, 0xC3, 0xBF, 0x64, 0x6B, 0x91, 0x6B, 0xA9, 0xF3, 0xB6, 0x24, 0xF8, 0x4A, 0xD3, 0x5E, 0xD7,
    0x34, 0x1B, 0xC5, 0x75, 0xC3, 0xE4, 0xE8, 0x8F, 0xA1, 0xF7, 0xE1, 0xE6, 0xE4, 0x8B, 0xE4, 0xD7,
    0x72, 0xD4, 0xEE, 0xC0, 0x9C, 0xD5, 0xA2, 0xE7, 0x8B, 0x8F, 0x49, 0x61, 0x64, 0x81, 0x1A, 0xA0,
    0x1C, 0x7C, 0xDE, 0xA3, 0xDC, 0x38, 0xD1, 0x96, 0xB9, 0xA4, 0x5E, 0x24, 0x9E, 0x29, 0x75, 0xC5,
    0x58, 0x10, 0x88, 0xCC, 0xAD, 0x2C, 0x35, 0x58, 0x22, 0x4D, 0x8A, 0xEC, 0x34, 0x72, 0x1B, 0x6B,
    0xA6, 0xFD, 0x0F, 0xD5, 0xFA, 0x7E, 0x4D, 0x17, 0x1A, 0x7C, 0x47, 0xE5, 0xE1, 0xCD, 0x69, 0x5B,
    0x33, 0x67, 0x35, 0x74, 0xBB, 0xB5, 0xB6, 0xAE, 0x3A, 0x2A, 0x8A, 0x35, 0x93, 0x58, 0x2A, 0xFA,
    0xCC, 0xAD, 0x9D, 0x8E, 0x5B, 0x83, 0x71, 0x16, 0x67, 0x0A, 0xAD, 0xC5, 0x6D, 0x97, 0xA3, 0x3C,
    0xFC, 0x2E, 0x04, 0x56, 0x34, 0x08, 0xF1, 0xFC, 0x31, 0x44, 0xF7, 0xBA, 0xE8, 0x41, 0x8A, 0xA1,
    0x20, 0xD4, 0xC9, 0xA6, 0xAE, 0x92, 0xA3, 0xA3, 0xC5, 0x8B, 0x5C, 0x82, 0xC3, 0x86, 0x41, 0xEA,
    0x42, 0x0F, 0x95, 0x75, 0x56, 0x13, 0xED, 0xA5, 0xDC, 0x3B, 0xB7, 0xF5, 0x7B, 0xB8, 0xE5, 0x41,
    0x5C, 0xD6, 0x68, 0x5D, 0xB7, 0x37, 0x88, 0x27, 0x6B, 0xA5, 0xAA, 0xDC, 0x65, 0xD6, 0x7F, 0x3B,
    0x44, 0xB8, 0xBA, 0x3D, 0x52, 0xDF, 0xBD, 0x18, 0xDF, 0x41, 0xEC, 0xDF, 0x28, 0xD2, 0x8E, 0x95,
    0x86, 0x7B, 0x69, 0xE2, 0xB7, 0x6D, 0xC6, 0x1C, 0xF0, 0x66, 0xC8, 0x50, 0xDC, 0xD0, 0xA7, 0x88,
    0x47, 0x74, 0x09, 0x0A, 0x1C, 0x1A, 0x9A, 0x8A, 0xFF, 0x50, 0x19, 0xD6, 0x9C, 0xB8, 0x55, 0xAD,
    0x8A, 0x4B, 0x3C, 0x6F, 0x5C, 0xF1, 0xDF, 0x0C, 0xE8, 0xC5, 0xD5, 0xA7, 0x34, 0xA8, 0x63, 0x40,
    0xA1, 0x5F, 0xE2, 0x1C, 0xE7, 0x2D, 0x7A, 0xEF, 0xBF, 0x7D, 0x00, 0x83, 0xE9, 0xF5, 0xBB, 0xC7,
    0x37, 0xD6, 0x43, 0xB1, 0x17, 0xF6, 0x96, 0x54, 0xDA, 0xD7, 0x2B, 0x40, 0x3D, 0x28, 0x33, 0xC3,
    0x9F, 0xC7, 0x40, 0x68, 0xF5, 0x83, 0xFC, 0x51, 0x5E, 0xB2, 0x08, 0xF2, 0xA7, 0x00, 0x77, 0x08,
    0xD7, 0xC7, 0x3A, 0xE7, 0xEB, 0x38, 0xA4, 0x5A, 0x46, 0x53, 0x5D, 0x79, 0xC7, 0xEA, 0x64, 0x29,
    0x40, 0xAE, 0xA3, 0x31, 0x0A, 0xF3, 0x5C, 0x48, 0x80, 0xF1, 0x9E, 0x84, 0x3D, 0xAA, 0x9D, 0xAE,
    0xA3, 0xB4, 0x9A, 0x66, 0x7E, 0xDC, 0x4D, 0xAF, 0xA8, 0xBA, 0x0F, 0x7D, 0x94, 0x0E, 0xEC, 0xB5,
    0x03, 0x55, 0xC0, 0x9C, 0x22, 0x36, 0x19, 0x18, 0x34, 0x2A, 0x3E, 0x04, 0x89, 0xEF, 0x16, 0x24,
    0x1E, 0x1B, 0xB5, 0x48, 0x8C, 0x9A, 0x4E, 0x47, 0x26, 0x46, 0xAD, 0x34, 0xA9, 0x8E, 0x30, 0x6D,
    0x5C, 0xDD, 0x82, 0x38, 0x5D, 0xCA, 0xB8, 0x0D, 0x23, 0x94, 0x40, 0x8E, 0x87, 0x54, 0x64, 0x35,
    0x98, 0x95, 0x82, 0x8D, 0x0C, 0x73, 0x47, 0xC4, 0x0D, 0x74, 0x9A, 0x36, 0xA5, 0x35, 0x90, 0xD9,
    0xC7, 0x34, 0x97, 0x97, 0x97, 0xDC, 0x6C, 0x2F, 0x00, 0xAB, 0x59, 0x33, 0x81, 0xE5, 0x44, 0x45,
    0x44, 0xFC, 0xBC, 0x86, 0xE3, 0x90, 0xFC, 0xF2, 0x3B, 0x5E, 0xB0, 0x84, 0x75, 0x51, 0xAC, 0xFF,
    0xF7, 0xAC, 0x84, 0x26, 0x5D, 0x03, 0x0D, 0x3E, 0xE5, 0xE0, 0xB7, 0xD8, 0x7A, 0x31, 0x60, 0x5E,
    0xA2, 0x11, 0xA2, 0xC2, 0x6B, 0xD1, 0xB0, 0xE7, 0x58, 0xC8, 0xF3, 0x7E, 0xE3, 0x5F, 0x7A, 0x5E,
    0xF4, 0xF7, 0x78, 0x24, 0xC9, 0x99, 0x3C, 0xB1, 0x41, 0xAE, 0x8B, 0xE3, 0x34, 0x9C, 0x96, 0xE5,
    0x26, 0x93, 0xA6, 0x44, 0xC2, 0xFF, 0x59, 0xD1, 0x79, 0x9F, 0x65, 0x39, 0xA9, 0xFD, 0x1F, 0x49,
    0xA0, 0xEE, 0x45, 0x94, 0xA3, 0xF8, 0x52, 0x8E, 0x34, 0xFE, 0x07, 0x85, 0x5D, 0x93, 0x02, 0x43,
    0xF3, 0x13, 0x09, 0xD0, 0x7C, 0x1B, 0xA5, 0x29, 0x74, 0x17, 0x34, 0x85, 0x44, 0x62, 0x0B, 0x59,
    0x3D, 0x5D, 0x94, 0x18, 0xA4, 0x42, 0xC0, 0x23, 0x3F, 0x96, 0x6B, 0x1F, 0xB9, 0x16, 0xA4, 0x46,
    0x2A, 0x6F, 0x44, 0x10, 0x98, 0x80, 0xD3, 0x6C, 0x4B, 0xF0, 0xDC, 0x33, 0xF7, 0xDC, 0x66, 0x9D,
    0xD7, 0x85, 0x5A, 0xC4, 0x51, 0x2D, 0xA6, 0x21, 0x4A, 0xAD, 0xA4, 0xD4, 0x12, 0x81, 0x4B, 0x1F,
    0xF8, 0xB6, 0xDB, 0x2C, 0x14, 0x5A, 0x6D, 0xDB, 0x4E, 0x23, 0x37, 0x21, 0xEB, 0x70, 0x62, 0x1B,
    0xC3, 0x52, 0x14, 0xB5, 0xB9, 0xBA, 0x4E, 0x30, 0x2C, 0x42, 0xB1, 0xF6, 0xA0, 0x0F, 0xB2, 0x85,
    0x28, 0xB6, 0x0C, 0xC5, 0xEA, 0xD3, 0xCA, 0x9F, 0x6B, 0x19, 0x88, 0x2C, 0x40, 0x89, 0xFC, 0x8F,
    0xD5, 0xD5, 0xEF, 0xB4, 0x38, 0xA8, 0xC5, 0x03, 0x0F, 0x1A, 0x33, 0x43, 0x34, 0x1A, 0x01, 0xFB,
    0x2A, 0x97, 0x5A, 0x75, 0x91, 0xB0, 0xDA, 0x8B, 0xE1, 0x40, 0x70, 0xBB, 0x83, 0xA5, 0x4E, 0x34,
    0xF6, 0x45, 0xEA, 0xE9, 0xF9, 0x03, 0xCA, 0x98, 0x78, 0x65, 0x3A, 0xAF, 0x43, 0xF6, 0x73, 0x26,
    0x01, 0xB2, 0x49, 0xAF, 0x6D, 0xA3, 0x4B, 0x27, 0xEB, 0x6E, 0x78, 0x09, 0x10, 0xFD, 0xDF, 0x43,
    0x3F, 0x76, 0x18, 0x1D, 0xFB, 0x9F, 0x69, 0x99, 0xF7, 0xFA, 0xBF, 0x79, 0x5F, 0x5A, 0x59, 0xEE,
    0xD1, 0x69, 0xCB, 0x2B, 0xA6, 0xB8, 0x2F, 0x13, 0x16, 0x14, 0x64, 0x5C, 0x9E, 0x51, 0x2F, 0xB7,
    0x01, 0x0B, 0x49, 0x88, 0x32, 0xA9, 0x96, 0x9A, 0x33, 0x89, 0x4D, 0x4E, 0xD9, 0x52, 0x73, 0x86,
    0x87, 0xF0, 0x29, 0x31, 0x49, 0x74, 0x3F, 0xC4, 0x0C, 0xD6, 0xD6, 0x16, 0x2D, 0x54, 0x47, 0x8B,
    0x17, 0x9E, 0xD8, 0x9E, 0x6A, 0xB3, 0xB3, 0xE7, 0xDF, 0x39, 0x76, 0x2C, 0x1F, 0x87, 0x1D, 0xFD,
    0x8A, 0x1D, 0x77, 0xD7, 0x61, 0xC7, 0xE1, 0xE9, 0xB0, 0xA3, 0x7F, 0x4A, 0xEC, 0xD8, 0x1C, 0x61,
    0xC7, 0xC0, 0xDF, 0xCA, 0xF7, 0x37, 0x9E, 0xD3, 0x15, 0xA3, 0xB6, 0xF4, 0x3E, 0xEB, 0xCD, 0x0A,
    0xA6, 0x45, 0x3E, 0x9F, 0xDD, 0xD5, 0x8C, 0xBB, 0x7C, 0x23, 0x4F, 0xB4, 0xE8, 0x72, 0xB6, 0x10,
    0xAC, 0xED, 0x83, 0x0D, 0x97, 0x81, 0x53, 0x16, 0x1F, 0x83, 0xBC, 0xD9, 0xF7, 0xB4, 0xA2, 0x4C,
    0x5D, 0x57, 0x6C, 0x6A, 0x72, 0x34, 0xA1, 0x4E, 0xF1, 0x0B, 0x6A, 0xE3, 0xE4, 0x0E, 0x7B, 0x2D,
    0xF1, 0xA9, 0x02, 0xE8, 0xC8, 0xBD, 0xBB, 0xF2, 0xBD, 0x05, 0x0A, 0x52, 0xF0, 0xBC, 0x20, 0x7C,
    0xEC, 0x97, 0xE7, 0xA0, 0x85, 0x97, 0x42, 0x93, 0xDC, 0x12, 0xD1, 0xDE, 0x89, 0x35, 0x3A, 0x3F,
    0x06, 0x07, 0x9D, 0xD3, 0x7D, 0x21, 0x02, 0x3A, 0x29, 0x4E, 0xC1, 0x41, 0x6F, 0xE0, 0xC0, 0x45,
    0x0F, 0xEE, 0x69, 0xF0, 0xB5, 0x15, 0x45, 0x3F, 0x85, 0xD2, 0x10, 0x00, 0x02, 0x4E, 0x19, 0xFC,
    0x0D, 0x80, 0x20, 0xA3, 0x81, 0x5E, 0xB2, 0x60, 0x63, 0x82, 0x95, 0xE4, 0x53, 0x0A, 0x7C, 0x37,
    0x65, 0x5B, 0x40, 0x3A, 0x6F, 0x9A, 0xDD, 0x49, 0xB3, 0x42, 0xD7, 0x56, 0x9A, 0x4E, 0xAC, 0x62,
    0x2F, 0x36, 0x72, 0x10, 0x8B, 0xC9, 0xDE, 0x25, 0x27, 0x12, 0x5E, 0x47, 0xA5, 0x96, 0xB7, 0x12,
    0x4E, 0x3F, 0x86, 0x14, 0x92, 0x29, 0xCC, 0x35, 0x8B, 0x44, 0xF6, 0xE1, 0x62, 0x6F, 0x05, 0x12,
    0x89, 0x3F, 0xAE, 0x93, 0x63, 0x07, 0xF0, 0xB8, 0xFC, 0x82, 0x38, 0x60, 0x79, 0xE0, 0x2F, 0xEB,
    0x85, 0x84, 0xAD, 0x4F, 0x67, 0xB8, 0x1E, 0x79, 0xCB, 0xE5, 0xB3, 0xEC, 0x28, 0x37, 0xD9, 0x04,
    0xE2, 0x50, 0x65, 0x93, 0x06, 0x57, 0xF2, 0x0D, 0xE1, 0x8F, 0x89, 0xD2, 0x88, 0xDA, 0x08, 0x7F,
    0x95, 0x18, 0x05, 0x3A, 0x72, 0x84, 0x49, 0x7D, 0xE4, 0xC1, 0x85, 0x3C, 0x27, 0x5E, 0x46, 0x42,
    0x01, 0x40, 0xFF, 0x58, 0x6F, 0xD9, 0xA8, 0xB4, 0xC1, 0x67, 0x65, 0x5D, 0xE2, 0x05, 0x5B, 0xAE,
    0x9B, 0x4E, 0xA0, 0x62, 0xEF, 0xFC, 0x9B, 0xF7, 0x56, 0x74, 0x22, 0x7B, 0x04, 0x00, 0x96, 0x2C,
    0xEA, 0x72, 0x93, 0xAF, 0xCD, 0xF3, 0x87, 0x05, 0xEB, 0xB9, 0xEC, 0x4C, 0x92, 0x89, 0xCF, 0x91,
    0x48, 0xB1, 0x5B, 0x22, 0x35, 0xFE, 0x89, 0x79, 0x20, 0x83, 0x04, 0x1E, 0x86, 0xEC, 0x9A, 0xA6,
    0xBF, 0xDA, 0xA4, 0xAC, 0xB6, 0x1A, 0xA9, 0xCC, 0x47, 0x60, 0x45, 0x0A, 0xB1, 0xE9, 0x87, 0xB7,
    0x5E, 0xC0, 0x4C, 0xAE, 0x7E, 0x71, 0x67, 0x8C, 0x95, 0x99, 0x1F, 0xF2, 0x2F, 0xF7, 0x9F, 0xE8,
    0x17, 0xBF, 0x53, 0xF7, 0x58, 0x19, 0xBA, 0x94, 0x35, 0xEA, 0x1E, 0x98, 0xD1, 0x56, 0xB0, 0x8E,
    0x11, 0xC7, 0x5D, 0xA6, 0x98, 0x89, 0x89, 0xA5, 0xC5, 0x4F, 0x0C, 0x2A, 0x4B, 0xBC, 0x72, 0x89,
    0xF7, 0xF8, 0x54, 0x61, 0x42, 0x78, 0xF5, 0xBB, 0xB9, 0x16, 0xC5, 0xE7, 0x5A, 0x3D, 0x25, 0x65,
    0xD2, 0x52, 0x30, 0xC6, 0xB5, 0x2A, 0xB1, 0x08, 0xAA, 0x94, 0xDF, 0x09, 0x5E, 0xD4, 0x4D, 0x0B,
    0xCE, 0x6D, 0x59, 0xE5, 0x14, 0xBC, 0x8E, 0x48, 0x37, 0xFE, 0xE8, 0x37, 0xA2, 0x5B, 0x85, 0x68,
    0xF2, 0x61, 0xD2, 0x05, 0x37, 0xEB, 0x02, 0xD8, 0x9B, 0xB6, 0x5B, 0x81, 0xB4, 0x89, 0xF7, 0x61,
    0x69, 0xAE, 0x3D, 0xD5, 0x03, 0xD5, 0x15, 0xE5, 0x72, 0x89, 0xEA, 0xD2, 0x4C, 0xF5, 0x77, 0xA2,
    0x6B, 0x12, 0x13, 0x35, 0x5E, 0x07, 0xC4, 0x62, 0x1A, 0x68, 0x0F, 0x69, 0x07, 0x8D, 0x34, 0x8D,
    0x6F, 0xDB, 0xCA, 0x79, 0x2D, 0xAE, 0xCF, 0xB4, 0xA0, 0x3C, 0xC5, 0xAB, 0xB6, 0x48, 0xE1, 0x97,
    0x38, 0x87, 0x79, 0xAF, 0x70, 0xE6, 0x80, 0x9A, 0x18, 0x9B, 0x0B, 0x1A, 0x7C, 0xD0, 0xAD, 0x24,
    0xDF, 0x78, 0x45, 0x04, 0x79, 0xD2, 0xE5, 0x46, 0xD2, 0x0C, 0x22, 0xC2, 0x83, 0xD6, 0xCF, 0xE5,
    0xCB, 0xAB, 0xFE, 0xAD, 0xCB, 0x22, 0xEF, 0x75, 0x61, 0x3E, 0xDC, 0xA0, 0xBC, 0x81, 0xC2, 0x3B,
    0x54, 0xA1, 0xD8, 0xE1, 0x9A, 0x26, 0x3D, 0x6A, 0xB2, 0xB7, 0x6D, 0xB4, 0xC0, 0xB4, 0xD7, 0x8D,
    0x27, 0x5E, 0x6D, 0x44, 0xC4, 0x9A, 0x00, 0xD1, 0x62, 0x6F, 0x25, 0xE7, 0xA3, 0x20, 0xE3, 0xE2,
    0x03, 0x10, 0xE8, 0x74, 0x9B, 0xB5, 0xD9, 0x9B, 0xF5, 0x10, 0xD7, 0x55, 0xC0, 0x8C, 0xEF, 0x90,
    0x7A, 0x81, 0x0D, 0x5D, 0xC8, 0xFA, 0xAF, 0x75, 0x43, 0xF3, 0x5A, 0x37, 0xD4, 0x84, 0xBA, 0x1C,
    0xB0, 0xFF, 0xEB, 0xFE, 0x91, 0x6C, 0xD5, 0xB1, 0xC0, 0xC3, 0xE1, 0x85, 0x66, 0xE3, 0x8E, 0xFF,
    0x71, 0xD1, 0x44, 0xB7, 0xC3, 0x96, 0x29, 0x04, 0xCC, 0x51, 0x49, 0x51, 0x42, 0x3B, 0xA9, 0x9F,
    0x96, 0x8B, 0xC7, 0x26, 0xEB, 0x5A, 0x76, 0x28, 0xD3, 0x7E, 0x0C, 0xB5, 0x9E, 0xB7, 0x52, 0x7A,
    0x17, 0xAE, 0x4D, 0x92, 0x3B, 0xD3, 0x33, 0x7A, 0x79, 0x1A, 0x73, 0x3F, 0xB6, 0xFA, 0xE2, 0x6A,
    0x26, 0xFF, 0x55, 0xEE, 0xD5, 0xA4, 0x12, 0x20, 0xD5, 0xEE, 0xA1, 0xAA, 0x28, 0x0D, 0xCB, 0xA9,
    0x77, 0x3E, 0x94, 0xE9, 0xDE, 0x5A, 0xCB, 0x33, 0xCE, 0x65, 0x79, 0xEB, 0xBB, 0x1A, 0xC9, 0xEB,
    0xA8, 0x38, 0x98, 0x8E, 0x2D, 0x75, 0x71, 0x54, 0xBC, 0x4D, 0xED, 0x17, 0xA8, 0x13, 0x17, 0xAC,
    0xA5, 0x80, 0x8C, 0x32, 0x6C, 0xB0, 0x01, 0xC8, 0xD4, 0x70, 0x88, 0x2D, 0x83, 0x5E, 0x99, 0x98,
    0x7F, 0x11, 0xC1, 0x12, 0x9B, 0xDD, 0x01, 0x14, 0xEA, 0xFA, 0x88, 0x31, 0x93, 0x77, 0x9A, 0x14,
    0x47, 0xCD, 0x82, 0xD2, 0xEA, 0xD5, 0xA9, 0xE8, 0x74, 0x8E, 0x55, 0x14, 0x6D, 0x4B, 0x84, 0x45,
    0xF3, 0x16, 0x56, 0x33, 0x34, 0x1D, 0x31, 0x54, 0xB4, 0xD6, 0x4E, 0x59, 0x91, 0x48, 0xB5, 0x2D,
    0x41, 0xB2, 0xFB, 0x96, 0xBF, 0x50, 0xA3, 0xFB, 0x53, 0x35, 0xB5, 0xFF, 0x85, 0x1B, 0x90, 0x8A,
    0xD0, 0x7A, 0x22, 0x71, 0x52, 0x78, 0x0B, 0x33, 0xAC, 0x5E, 0xD1, 0x35, 0xF2, 0x00, 0x84, 0xED,
    0x89, 0x53, 0xB2, 0xBC, 0x9C, 0x20, 0x29, 0xC4, 0xC6, 0x0E, 0x78, 0x0B, 0x25, 0xDA, 0x11, 0xE2,
    0x4B, 0xB8, 0xA6, 0xE0, 0x6C, 0xBF, 0x98, 0x62, 0x4D, 0x86, 0x48, 0x5F, 0xC3, 0x16, 0x1F, 0xFB,
    0x50, 0xF3, 0x72, 0x08, 0x54, 0x12, 0xF6, 0xFC, 0x78, 0x2A, 0xEA, 0xEC, 0x8B, 0x05, 0x51, 0xE7,
    0x3F, 0xC0, 0x1B, 0x27, 0x6C, 0xC4, 0x79, 0x36, 0x84, 0x6A, 0x94, 0x3A, 0x70, 0xAD, 0x1B, 0x57,
    0x07, 0x91, 0x2A, 0xEC, 0x69, 0x6E, 0x98, 0x8A, 0xA1, 0x7E, 0x84, 0x1A, 0x03, 0x35, 0x29, 0xB5,
    0x83, 0x92, 0x76, 0x4F, 0xA4, 0xA4, 0x0A, 0x6F, 0xA5, 0xD6, 0x6B, 0x57, 0xAA, 0x0A, 0xCF, 0x68,
    0xD0, 0x83, 0x41, 0x29, 0x35, 0x0E, 0x44, 0x89, 0xC9, 0x21, 0x65, 0xDE, 0x96, 0x30, 0x3A, 0x4B,
    0xE2, 0xBF, 0x2B, 0x0B, 0xF7, 0xC8, 0x37, 0x7A, 0x33, 0x18, 0x87, 0x75, 0xE1, 0xB6, 0x18, 0x88,
    0x4D, 0xB5, 0xD2, 0xDD, 0x75, 0xB1, 0x7B, 0xFA, 0x6E, 0x47, 0xF2, 0xB1, 0x54, 0x73, 0x85, 0x4A,
    0xC3, 0x56, 0x2E, 0x67, 0xDA, 0xFE, 0x83, 0x83, 0x60, 0x28, 0xAC, 0xD6, 0x75, 0x74, 0x95, 0x6E,
    0xE2, 0x51, 0x87, 0x8A, 0x1F, 0x45, 0x02, 0x9D, 0x54, 0x0A, 0xC3, 0x3E, 0x1A, 0x32, 0x1F, 0xC1,
    0x03, 0x77, 0x8A, 0x18, 0x41, 0x17, 0x1A, 0xBB, 0x21, 0xC2, 0x32, 0x62, 0x04, 0x8D, 0x80, 0x96,
    0x84, 0x62, 0x2B, 0x51, 0xC5, 0x40, 0x2D, 0x3C, 0x59, 0x31, 0x2C, 0xFB, 0x31, 0xB5, 0x83, 0xAF,
    0xF9, 0x18, 0xAA, 0xDA, 0x89, 0xA3, 0x66, 0xD4, 0x62, 0x77, 0xAE, 0x67, 0xD9, 0xD9, 0x66, 0x90,
    0xAA, 0xB3, 0x5E, 0x54, 0x15, 0xEB, 0xCC, 0x8C, 0xC3, 0x82, 0x58, 0xA7, 0xEC, 0x7F, 0xEE, 0xA5,
    0xC6, 0xDA, 0xFB, 0xFF, 0xF6, 0xBA, 0x7A, 0xCE, 0x57, 0x5E, 0x65, 0x67, 0xB6, 0xA5, 0xCB, 0x97,
    0x17, 0x6E, 0x77, 0x19, 0x02, 0x1A, 0xE4, 0x07, 0xA2, 0x82, 0x68, 0xB3, 0x99, 0x47, 0xCD, 0x9B,
    0x79, 0xE4, 0x74, 0xFF, 0xEE, 0x99, 0x0B, 0xD9, 0xD1, 0xE7, 0xD7, 0x7F, 0x33, 0x0F, 0xB7, 0x59,
    0x2F, 0x73, 0xE0, 0x9A, 0x42, 0x99, 0xCA, 0xF2, 0xB8, 0x6D, 0x4B, 0xD9, 0x02, 0xA3, 0x91, 0xDA,
    0x87, 0xFB, 0xEA, 0x78, 0x7E, 0xD0, 0x13, 0xA0, 0xCE, 0x7D, 0x69, 0x5B, 0xB5, 0x13, 0x59, 0xA8,
    0x49, 0x23, 0x4C, 0x5B, 0x10, 0x26, 0x1E, 0xB0, 0x61, 0x77, 0x75, 0xE2, 0x6D, 0xFB, 0x44, 0xF5,
    0xF4, 0xE5, 0x5E, 0x7F, 0xF1, 0xC4, 0x71, 0xFD, 0xFF, 0xE1, 0xC1, 0xFE, 0x96, 0x49, 0x52, 0x75,
    0x9C, 0xDB, 0xB7, 0x7D, 0xA3, 0x42, 0xC0, 0x6F, 0x38, 0xCA, 0xF1, 0x1F, 0x54, 0x87, 0x59, 0x8E,
    0xDF, 0x36, 0xA0, 0xB2, 0x5C, 0x5A, 0xA6, 0x8A, 0xF2, 0x50, 0x1D, 0xE5, 0xFA, 0x3F, 0xB8, 0x2C,
    0xBA, 0xD6, 0x96, 0xC9, 0xD6, 0xA3, 0x32, 0xB8, 0x95, 0x3B, 0x29, 0x2F, 0x5B, 0xEB, 0xCB, 0xB6,
    0x26, 0x21, 0x9C, 0x17, 0x4A, 0xCC, 0x50, 0x3A, 0x72, 0x34, 0x43, 0x58, 0x05, 0xE2, 0x4E, 0xCB,
    0xCC, 0xDE, 0x51, 0x9D, 0xD9, 0x87, 0xC6, 0xE6, 0x6D, 0x8D, 0xCD, 0x26, 0xD9, 0x2B, 0x35, 0xE7,
    0x91, 0x08, 0xFD, 0x5E, 0x04, 0x2D, 0x15, 0xD9, 0xCF, 0x79, 0x3B, 0xA4, 0x46, 0x5F, 0x34, 0x92,
    0x2A, 0xEC, 0x18, 0xB2, 0xDF, 0xEE, 0xC5, 0xFD, 0x95, 0x14, 0x0D, 0x12, 0x9A, 0x49, 0x28, 0x38,
    0xD0, 0x4A, 0x83, 0x5C, 0x0A, 0x6F, 0x79, 0x9E, 0x01, 0x6B, 0xDC, 0xE7, 0x31, 0x18, 0x58, 0x85,
    0x54, 0x92, 0x75, 0xB3, 0x23, 0x06, 0x44, 0x58, 0x58, 0x4C, 0x83, 0xF7, 0x39, 0xCF, 0x8F, 0x44,
    0x7C, 0x42, 0x76, 0x98, 0xEB, 0x6A, 0xAF, 0xDB, 0x19, 0x00, 0x71, 0x97, 0x47, 0x4D, 0x0E, 0xF0,
    0x33, 0x68, 0x09, 0x87, 0xA8, 0x95, 0x3E, 0x13, 0x87, 0x5A, 0xFC, 0xF4, 0xEE, 0x20, 0x19, 0x38,
    0x89, 0xE0, 0x48, 0xE4, 0x4F, 0xB3, 0xB8, 0x93, 0xED, 0xC5, 0x15, 0xCA, 0x39, 0xCF, 0x2F, 0x4F,
    0x6C, 0xD0, 0xDD, 0xF9, 0x64, 0xBF, 0xA9, 0xB0, 0xB5, 0x54, 0x58, 0x8E, 0x60, 0xD0, 0x6A, 0xC7,
    0x96, 0x4D, 0xB6, 0xB3, 0x6B, 0xC4, 0xF7, 0xDD, 0x7B, 0xCD, 0xF3, 0x1E, 0xB8, 0x4A, 0x43, 0x12,
    0x9D, 0x55, 0x48, 0x8D, 0x06, 0x62, 0xA7, 0x15, 0xD8, 0x1D, 0x8F, 0x6F, 0xE1, 0x24, 0xA4, 0x12,
    0x37, 0x5A, 0x4B, 0x90, 0x35, 0xC8, 0x37, 0x90, 0xDB, 0x83, 0x7C, 0xCA, 0x23, 0x81, 0x74, 0xB6,
    0x69, 0x93, 0xC6, 0x2C, 0x74, 0x61, 0xB6, 0xF8, 0x28, 0x29, 0x58, 0xE0, 0x9C, 0xEE, 0xFA, 0x92,
    0xAC, 0xE7, 0x9E, 0xA4, 0x4A, 0xA0, 0x46, 0xD6, 0x25, 0x10, 0x13, 0x83, 0xC1, 0x59, 0xA5, 0x42,
    0x4B, 0xE8, 0x95, 0x18, 0x9D, 0x56, 0x72, 0xE9, 0x1E, 0x6A, 0x12, 0x52, 0xB1, 0x25, 0xD1, 0x0E,
    0x56, 0xBF, 0x95, 0xDA, 0x83, 0x44, 0x35, 0x45, 0x88, 0xEF, 0xBC, 0xEE, 0xBD, 0xB9, 0x9E, 0x93,
    0x6D, 0x5F, 0x37, 0xD8, 0x12, 0x0D, 0xDB, 0x2E, 0xC8, 0x5C, 0x33, 0x1D, 0xEE, 0xB3, 0x57, 0xA0,
    0x55, 0xEF, 0x5B, 0x65, 0x80, 0x6C, 0x4D, 0xD0, 0xC8, 0x4E, 0x42, 0x92, 0x3D, 0x39, 0xD8, 0x5E,
    0x56, 0x98, 0x81, 0xDA, 0x56, 0xAD, 0xF7, 0x37, 0x5E, 0xC4, 0x3B, 0x2C, 0x75, 0x8B, 0x85, 0x0E,
    0xD4, 0xE5, 0xA4, 0x82, 0x6F, 0x13, 0x93, 0xB0, 0x4A, 0x99, 0xBA, 0xEE, 0x56, 0x44, 0x7C, 0x9C,
    0x2C, 0x16, 0xD9, 0x4F, 0x27, 0xCB, 0x64, 0xAA, 0x8E, 0xE7, 0x55, 0x2E, 0x56, 0xF0, 0xD5, 0xD7,
    0x9D, 0x95, 0x17, 0x6A, 0x8F, 0xE9, 0xB6, 0xA6, 0xB5, 0x68, 0x06, 0x4C, 0x69, 0x2D, 0x3E, 0x28,
    0xB2, 0x25, 0x6C, 0x44, 0x38, 0x07, 0x35, 0x37, 0x05, 0xD5, 0xB7, 0x52, 0x63, 0xF0, 0x62, 0xDE,
    0x0B, 0x2A, 0x33, 0x47, 0x7F, 0x1F, 0x0A, 0xFD, 0xD3, 0x80, 0xF4, 0xD3, 0xA3, 0xE2, 0xFF, 0xB0,
    0x19, 0xC3, 0x1D, 0xBC, 0xC7, 0x4D, 0xD9, 0x16, 0xF2, 0x96, 0x86, 0xBC, 0x27, 0xDD, 0x17, 0x52,
    0x14, 0xE4, 0xC2, 0xAB, 0x8C, 0xD5, 0xB6, 0xD6, 0xB2, 0x83, 0x92, 0x6C, 0x22, 0xC0, 0x0E, 0xB6,
    0x6E, 0x0D, 0x89, 0xEA, 0x1F, 0x0C, 0x33, 0xF6, 0x86, 0x64, 0xE1, 0x7F, 0x63, 0x16, 0xE7, 0x4C,
    0x92, 0x36, 0x4E, 0x56, 0x6C, 0x20, 0x04, 0x9F, 0x4F, 0x04, 0x6A, 0x32, 0xAF, 0x7B, 0x74, 0xD6,
    0x83, 0x15, 0xBC, 0xF2, 0x9B, 0x48, 0xF8, 0x4F, 0x53, 0x02, 0xB2, 0x13, 0x35, 0x76, 0x88, 0x8C,
    0x38, 0xC4, 0x88, 0xEC, 0x46, 0x21, 0xEE, 0xEF, 0x7E, 0xB3, 0x77, 0x63, 0xB9, 0x1C, 0x36, 0x9B,
    0x2A, 0xE6, 0x3E, 0x99, 0xB6, 0x69, 0xC1, 0x74, 0x53, 0x5F, 0x9E, 0xF8, 0xBB, 0xFD, 0x76, 0xFB,
    0xC5, 0xBA, 0xDB, 0x6E, 0xFA, 0xB8, 0xDD, 0xFD, 0x37, 0xDE, 0x6E, 0x1B, 0xB9, 0xE6, 0x4A, 0x2C,
    0xF3, 0x57, 0x3D, 0xF6, 0xA8, 0xF6, 0xC5, 0xAF, 0xF6, 0x68, 0x17, 0x56, 0x89, 0x59, 0xA9, 0x77,
    0x73, 0xB4, 0x87, 0x64, 0xBB, 0x39, 0xF1, 0xF4, 0xA8, 0x39, 0x35, 0x89, 0x75, 0xB5, 0xB3, 0x00,
    0x80, 0x2D, 0x67, 0x3A, 0x48, 0x10, 0x5A, 0x96, 0x53, 0x67, 0x56, 0xF2, 0x6E, 0xBF, 0xC5, 0x5C,
    0x08, 0x23, 0xEF, 0x5B, 0x17, 0xBB, 0xF9, 0x29, 0x20, 0xFA, 0x87, 0xD2, 0xFC, 0xFE, 0x48, 0xF3,
    0x17, 0x9C, 0x43, 0xDE, 0x62, 0x0F, 0x98, 0x5C, 0x69, 0xA6, 0x18, 0x29, 0xF6, 0x59, 0x76, 0x49,
    0x88, 0x38, 0x48, 0xEF, 0x81, 0x9F, 0x7B, 0xAC, 0xD4, 0x62, 0x73, 0x8D, 0xB2, 0x85, 0x1E, 0x86,
    0xBC, 0x8B, 0x19, 0x6F, 0x57, 0x7B, 0x8E, 0xF1, 0x71, 0x41, 0x05, 0x8C, 0xD0, 0x84, 0xC5, 0x59,
    0x1D, 0x2A, 0x1F, 0x10, 0x78, 0x41, 0x59, 0xC5, 0x63, 0x88, 0xED, 0xC9, 0xE1, 0x72, 0xBE, 0x21,
    0x00, 0x7D, 0x83, 0xDA, 0x08, 0x7A, 0x44, 0xBF, 0xC7, 0xEE, 0x00, 0x28, 0x91, 0xEC, 0x32, 0x06,
    0x0F, 0x9E, 0x08, 0x29, 0xD3, 0xF9, 0x85, 0x2C, 0xB5, 0xAA, 0x6D, 0xA1, 0x55, 0x66, 0xCB, 0xAC,
    0xF6, 0x66, 0xDB, 0x10, 0xB5, 0x78, 0xA8, 0xF1, 0x8B, 0x9F, 0x9D, 0x44, 0x84, 0xDE, 0x11, 0x61,
    0x48, 0x7F, 0x4B, 0xD8, 0x12, 0x08, 0xDB, 0x39, 0xF7, 0xEC, 0xCA, 0x8A, 0x05, 0x7D, 0xF8, 0xFE,
    0x68, 0x5B, 0xF9, 0x31, 0x2C, 0x0E, 0x2B, 0x6C, 0x23, 0x47, 0x70, 0xED, 0xE5, 0x03, 0x66, 0xEC,
    0x03, 0xDF, 0x8D, 0x4D, 0x6F, 0x2C, 0x1B, 0x17, 0x78, 0x77, 0x54, 0x3A, 0x20, 0xCB, 0xA3, 0xA2,
    0x0B, 0x0D, 0x90, 0xA7, 0xB6, 0x44, 0xAF, 0x14, 0x9F, 0xB9, 0x8F, 0x54, 0x31, 0x0F, 0x96, 0x88,
    0x1C, 0xA9, 0x9F, 0x24, 0x52, 0x3B, 0xF6, 0xB9, 0xB8, 0xE4, 0x13, 0xF3, 0xA5, 0xEB, 0xDC, 0x72,
    0xAF, 0x6B, 0xDF, 0xF2, 0x45, 0x89, 0x72, 0x46, 0x92, 0xD4, 0x4F, 0xB5, 0x11, 0x7E, 0x46, 0x32,
    0xE4, 0x5A, 0x82, 0xC3, 0xBD, 0x0C, 0xEE, 0x8C, 0x18, 0x64, 0x77, 0x66, 0xC4, 0x21, 0x24, 0xDA,
    0xD5, 0x23, 0xD4, 0xCB, 0x69, 0x82, 0x9C, 0xF1, 0xD8, 0x84, 0xD2, 0x52, 0xEF, 0xBF, 0xAF, 0xFB,
    0x23, 0xF9, 0xAF, 0x79, 0x2C, 0xC7, 0xF3, 0x4B, 0xAC, 0xEE, 0xD9, 0x20, 0xCB, 0xBF, 0xB8, 0x94,
    0xF7, 0x19, 0x56, 0x07, 0x2F, 0xDD, 0x03, 0x12, 0xDF, 0xCB, 0x3E, 0x26, 0x03, 0x76, 0xF1, 0x81,
    0xE7, 0x07, 0x8C, 0x26, 0x6D, 0x86, 0x96, 0xF7, 0xF2, 0x78, 0x98, 0x7D, 0x1E, 0x69, 0x26, 0xF7,
    0x11, 0xC7, 0x21, 0x60, 0x40, 0x8D, 0x51, 0xB2, 0x38, 0xA5, 0x84, 0x45, 0xC9, 0x62, 0xC8, 0x46,
    0xAF, 0xF9, 0x8F, 0x45, 0x18, 0xF2, 0x9F, 0x86, 0x35, 0x7A, 0x47, 0x6D, 0xED, 0xBF, 0xAF, 0xED,
    0x8B, 0x92, 0x28, 0x5A, 0x32, 0x5D, 0x64, 0x91, 0x49, 0x0D, 0x46, 0x9F, 0x4B, 0x02, 0x51, 0x96,
    0x30, 0xA1, 0x1A, 0xE5, 0x2B, 0x7D, 0x2A, 0x5B, 0x1B, 0x8D, 0xB5, 0x64, 0xDD, 0xA6, 0x12, 0x58,
    0x97, 0xB9, 0x1E, 0x7E, 0xDD, 0x92, 0xCA, 0xCE, 0x17, 0xCB, 0x39, 0x17, 0xD2, 0x7D, 0xEA, 0xEF,
    0x0C, 0x24, 0xDA, 0xEE, 0xCC, 0xA2, 0x21, 0x3E, 0x2A, 0x0B, 0x3C, 0xDC, 0xB7, 0xD4, 0xFB, 0x34,
    0xE4, 0xB8, 0x66, 0xE1, 0x8B, 0x23, 0xE7, 0xE7, 0xAC, 0x70, 0xFF, 0x0B, 0xED, 0x7D, 0xBD, 0x93,
    0xDD, 0xD8, 0x95, 0x1F, 0x80, 0xA7, 0x69, 0x48, 0x44, 0x80, 0x0D, 0x3C, 0x23, 0x9B, 0x1D, 0x60,
    0x03, 0x27, 0x56, 0xB0, 0xF8, 0x0B, 0x5C, 0x80, 0xA4, 0x60, 0x03, 0x05, 0xCB, 0x40, 0x3D, 0xAE,
    0xD2, 0x04, 0xB3, 0xC1, 0x06, 0x2B, 0xD2, 0xDE, 0x76, 0xBA, 0x55, 0xAE, 0x02, 0xD6, 0x89, 0x82,
    0x0D, 0xC4, 0x60, 0x46, 0x5B, 0x65, 0x07, 0x9E, 0x80, 0x53, 0x2B, 0xB6, 0xB6, 0x4C, 0x87, 0xB6,
    0xAB, 0x56, 0x80, 0xB4, 0x55, 0x4E, 0x05, 0xD9, 0xD6, 0xA6, 0xF3, 0xCA, 0x4B, 0xCA, 0x1E, 0x2A,
    0x18, 0x94, 0x04, 0x49, 0x68, 0x2E, 0x80, 0xEB, 0x7B, 0x3E, 0xEF, 0xC5, 0x7B, 0xAF, 0x9B, 0x4D,
    0x0E, 0x87, 0x33, 0x1C, 0x75, 0xD7, 0x4C, 0x9F, 0x1F, 0x9A, 0xEF, 0xE1, 0xE3, 0xE2, 0xDE, 0x73,
    0xCF, 0xF7, 0x09, 0x02, 0xF9, 0xF9, 0x97, 0x4C, 0x9B, 0x9A, 0xA8, 0xE9, 0x91, 0x84, 0x66, 0x61,
    0x6A, 0x5A, 0xFA, 0xBB, 0x19, 0x90, 0xE6, 0x66, 0x46, 0x1A, 0x19, 0x43, 0x5F, 0x38, 0x5A, 0xF8,
    0x0C, 0x5F, 0x08, 0x2E, 0xFE, 0xF9, 0xCA, 0x19, 0xFE, 0xD4, 0x85, 0xC1, 0x9F, 0x76, 0x97, 0x26,
    0x4C, 0xED, 0xE9, 0x1F, 0x9D, 0xDC, 0x41, 0xDA, 0xD9, 0x6B, 0x13, 0x0D, 0x76, 0x69, 0x53, 0x12,
    0xFD, 0xF3, 0x80, 0x68, 0x70, 0x19, 0xB5, 0x3F, 0x1D, 0xD3, 0xED, 0xCE, 0x71, 0xCB, 0xB4, 0xBE,
    0xCA, 0x79, 0x2C, 0xFD, 0x03, 0xBE, 0x6E, 0x21, 0xF7, 0xD1, 0xF1, 0x7D, 0x75, 0x7C, 0xBF, 0x44,
    0xBF, 0x6C, 0xFF, 0xAF, 0xD6, 0xCF, 0xB5, 0xF3, 0xBC, 0x32, 0x0E, 0xA5, 0x0E, 0x50, 0x64, 0xCA,
    0x04, 0x06, 0x36, 0x31, 0x5D, 0x0E, 0x03, 0x9B, 0x9A, 0x6D, 0x01, 0xF7, 0xB5, 0x4B, 0x13, 0xD3,
    0xE2, 0xBF, 0x47, 0x4B, 0x90, 0x8C, 0xC1, 0x53, 0x7F, 0xAE, 0xC7, 0xFD, 0xF0, 0xB8, 0xF3, 0xB8,
    0x9C, 0xD5, 0xFC, 0x05, 0xB8, 0x27, 0x41, 0xF5, 0x61, 0xB4, 0xBC, 0x6B, 0x8C, 0x1D, 0x22, 0x8B,
    0x06, 0xBB, 0x18, 0x82, 0xD8, 0xBE, 0xBC, 0xAA, 0x07, 0xB4, 0xF1, 0x90, 0xBD, 0x47, 0x45, 0xF9,
    0x16, 0x91, 0x7D, 0xAB, 0x61, 0x09, 0x28, 0xBC, 0xC5, 0x0B, 0x49, 0x5E, 0xCE, 0x0A, 0xBD, 0x2E,
    0xA8, 0x31, 0x4B, 0x49, 0xC8, 0xF0, 0x9A, 0x43, 0xB4, 0x28, 0x82, 0x61, 0x63, 0xD4, 0x21, 0x2A,
    0x8F, 0x0C, 0xAE, 0x5A, 0x38, 0x5F, 0x61, 0x46, 0x46, 0xA9, 0x99, 0x18, 0xC5, 0x8A, 0x36, 0xB8,
    0x78, 0x01, 0x45, 0x78, 0x42, 0x40, 0xE1, 0xA5, 0x28, 0x00, 0x64, 0xCF, 0x7F, 0x97, 0xFE, 0x06,
    0xE3, 0x61, 0xD1, 0x0C, 0xCB, 0x9F, 0xD1, 0x06, 0x51, 0x64, 0xAF, 0x41, 0x68, 0x63, 0x64, 0x5E,
    0xC6, 0xCC, 0x32, 0xE0, 0x5E, 0x7A, 0x46, 0xF2, 0x5E, 0xE1, 0x54, 0x6D, 0xB0, 0xE6, 0x24, 0xC1,
    0x29, 0xF3, 0x96, 0x50, 0x9E, 0x1C, 0x2F, 0xD3, 0xCA, 0xDF, 0x66, 0xFD, 0xD8, 0xDD, 0x8B, 0xE6,
    0x7B, 0xCC, 0xE7, 0xB4, 0x63, 0xEF, 0x73, 0xB3, 0x84, 0x4F, 0x57, 0x10, 0x0D, 0x69, 0xBC, 0xEC,
    0x0D, 0xE2, 0x58, 0xDA, 0xDB, 0xA3, 0x5B, 0x4E, 0xCE, 0xE9, 0x5B, 0xE1, 0x55, 0xD6, 0x54, 0x29,
    0x73, 0x69, 0x87, 0x06, 0x3C, 0xF7, 0xE0, 0x59, 0x1F, 0x9F, 0x11, 0xED, 0xEC, 0x25, 0x0E, 0xD3,
    0x64, 0x21, 0x1A, 0xCF, 0x4C, 0x27, 0xA2, 0xD1, 0x7B, 0x57, 0x5C, 0x1B, 0x2F, 0x81, 0x56, 0xE6,
    0x9C, 0x06, 0x91, 0x86, 0xAD, 0xE0, 0xB7, 0xE3, 0x53, 0x7E, 0xBD, 0x47, 0x67, 0x77, 0xE5, 0xAD,
    0x75, 0xCC, 0x04, 0x16, 0x7A, 0x9D, 0xF0, 0x1A, 0x13, 0xE5, 0x35, 0xB2, 0xE0, 0x1E, 0x06, 0x99,
    0xA5, 0x34, 0x33, 0xDB, 0x0D, 0x4C, 0x53, 0x4B, 0x71, 0xDA, 0x44, 0xA6, 0xC5, 0x49, 0x63, 0x79,
    0x51, 0x46, 0xD3, 0xBC, 0xCE, 0x71, 0x26, 0x98, 0xA0, 0xA0, 0x97, 0x66, 0xBF, 0x4E, 0xB4, 0x61,
    0x36, 0xDA, 0x98, 0xFF, 0x70, 0x06, 0xBB, 0x18, 0x9F, 0x7D, 0x4D, 0xE5, 0xEF, 0x25, 0x2E, 0x18,
    0x5E, 0x6A, 0xF5, 0x8A, 0x36, 0x3C, 0xD3, 0x2A, 0xBC, 0xDE, 0x97, 0xEC, 0x75, 0xE0, 0xA9, 0xF2,
    0x96, 0x26, 0x4D, 0xD1, 0xE7, 0xB8, 0x8C, 0x9A, 0x3E, 0xA5, 0x15, 0x32, 0x24, 0xC0, 0xD8, 0x12,
    0xD3, 0xDB, 0x69, 0xBF, 0x7C, 0xAF, 0x31, 0xBD, 0xAE, 0xC9, 0x82, 0xAF, 0x84, 0xCF, 0x8B, 0xDF,
    0x31, 0x06, 0xA7, 0x6C, 0xF8, 0xC0, 0xDC, 0xA3, 0x61, 0x7A, 0x87, 0x67, 0xF9, 0x16, 0x26, 0x9F,
    0x91, 0x95, 0x65, 0x78, 0xA8, 0x60, 0x25, 0x9D, 0xE1, 0x4C, 0x1A, 0xEC, 0x00, 0xD9, 0x4F, 0xD8,
    0xF9, 0xB2, 0xE0, 0x50, 0xD9, 0xE9, 0x92, 0x3B, 0x62, 0x27, 0x0B, 0x92, 0xAD, 0x25, 0x3D, 0xBD,
    0x31, 0x64, 0x13, 0x19, 0x9E, 0x18, 0xCE, 0xBC, 0xD0, 0x2C, 0x87, 0xC3, 0x90, 0x99, 0x48, 0x45,
    0x2F, 0x27, 0xA5, 0xB7, 0x07, 0x7F, 0x9D, 0xE9, 0x2B, 0x86, 0xEF, 0x09, 0x46, 0xE7, 0xD8, 0x0E,
    0xCA, 0x51, 0x8D, 0xBB, 0x7F, 0xB1, 0x85, 0x57, 0xDC, 0x5A, 0x0E, 0x27, 0x24, 0x37, 0x75, 0x35,
    0xC2, 0x51, 0x5D, 0x4D, 0x40, 0xEC, 0x29, 0x91, 0x59, 0xD8, 0x79, 0xF2, 0x96, 0x7D, 0xDE, 0x82,
    0x18, 0x57, 0x41, 0x9C, 0xBF, 0x70, 0x63, 0x01, 0xC3, 0xF8, 0x46, 0x73, 0xCE, 0x4B, 0xE8, 0x3D,
    0x9C, 0x37, 0xFA, 0xAB, 0xB3, 0x9F, 0x38, 0xE7, 0x39, 0xF7, 0x69, 0xFD, 0x82, 0x89, 0x9E, 0xAC,
    0xEE, 0xAA, 0x77, 0x93, 0x3B, 0x1B, 0x83, 0xAA, 0xAB, 0x96, 0xC8, 0x0C, 0xC6, 0xD8, 0xA9, 0xAA,
    0xBF, 0xC6, 0x6A, 0xB6, 0x7F, 0xCB, 0x1E, 0x06, 0x55, 0x7D, 0x11, 0xB7, 0x78, 0x95, 0x1E, 0xF5,
    0x36, 0xDC, 0x2F, 0xCE, 0x58, 0x9A, 0xD0, 0x3D, 0xE2, 0x0E, 0x66, 0xC4, 0x39, 0x2E, 0xF6, 0xF6,
    0x15, 0xF9, 0x5D, 0xE3, 0x5C, 0x2F, 0x71, 0xF9, 0xE9, 0x6E, 0xBB, 0xC1, 0x25, 0x40, 0x5B, 0x63,
    0x45, 0x7C, 0x06, 0x5E, 0x6F, 0x86, 0x8C, 0xA2, 0xC0, 0x8F, 0x64, 0xB8, 0x19, 0xC4, 0xC4, 0x14,
    0x68, 0xCB, 0x0E, 0x59, 0x5A, 0x28, 0xF1, 0x0C, 0x4E, 0x74, 0x3B, 0x80, 0x49, 0x18, 0x7E, 0x60,
    0x58, 0xEC, 0xC1, 0x0B, 0xFF, 0xFA, 0x44, 0x77, 0x38, 0xB3, 0x0D, 0x9E, 0x1F, 0x77, 0x07, 0x71,
    0xC8, 0x1C, 0xD4, 0xE1, 0xC7, 0xEF, 0x10, 0x13, 0x6E, 0x03, 0xB9, 0x0B, 0xC1, 0x0B, 0xDE, 0x68,
    0xAB, 0xAC, 0x71, 0x63, 0x9F, 0xD2, 0xD0, 0x5B, 0x46, 0x31, 0xC6, 0x98, 0xB0, 0x82, 0xB1, 0x89,
    0x69, 0x41, 0xC7, 0xC0, 0x1A, 0x12, 0xC2, 0x28, 0x30, 0xA4, 0x84, 0xF1, 0xFF, 0x6C, 0x71, 0x38,
    0x9F, 0x89, 0xC2, 0x48, 0x17, 0x93, 0xFB, 0x3B, 0xB0, 0x09, 0xC2, 0x5F, 0x0C, 0x60, 0xB4, 0x49,
    0x64, 0xC8, 0xBE, 0x06, 0xD7, 0xC3, 0xF3, 0x4F, 0x05, 0x32, 0x23, 0x8B, 0x73, 0x33, 0x16, 0x70,
    0x4F, 0x47, 0x74, 0x3F, 0x05, 0x9D, 0x8E, 0x85, 0x37, 0x96, 0x32, 0xEC, 0x2D, 0x00, 0x33, 0x26,
    0x4C, 0x7B, 0x07, 0x62, 0x3B, 0x31, 0x8F, 0xCE, 0x77, 0x96, 0xDC, 0x0D, 0xFB, 0xEB, 0xFB, 0xB2,
    0x3B, 0xA5, 0xCC, 0x88, 0xE1, 0x60, 0xEB, 0x1F, 0x74, 0xCC, 0x06, 0x03, 0x5C, 0x92, 0x91, 0xC8,
    0x5E, 0xB8, 0x44, 0x12, 0xD5, 0x78, 0x5E, 0xD6, 0xC1, 0xA3, 0x93, 0x93, 0xB7, 0xCD, 0xF9, 0x37,
    0x55, 0x7E, 0xE6, 0x67, 0x73, 0x07, 0x2A, 0x49, 0xE3, 0xCF, 0xEC, 0x1F, 0x98, 0xD2, 0x3F, 0x68,
    0xF5, 0xD4, 0x47, 0xF0, 0x25, 0xBD, 0x0E, 0xEC, 0x13, 0x7A, 0x90, 0xFA, 0x07, 0xF4, 0xAF, 0x7C,
    0x10, 0x5F, 0x72, 0x70, 0xD1, 0x09, 0x72, 0xEF, 0x3A, 0x61, 0x83, 0xDB, 0xFB, 0x39, 0xED, 0x2B,
    0x76, 0x2F, 0x01, 0x56, 0xB3, 0x8D, 0xF4, 0x1D, 0xF2, 0x2B, 0x31, 0x76, 0xA9, 0x79, 0x07, 0xB5,
    0x7B, 0x3F, 0xF6, 0xED, 0x1E, 0x14, 0xBA, 0xAC, 0xC0, 0xEE, 0x49, 0xEC, 0x9E, 0x78, 0x7E, 0x11,
    0x54, 0xA9, 0xDD, 0x13, 0xDB, 0x3D, 0xB9, 0xDD, 0x13, 0xDC, 0x3D, 0xC9, 0xDD, 0x13, 0xDD, 0xD7,
    0xB2, 0xBB, 0x27, 0xB2, 0xEF, 0xC0, 0xD7, 0xF4, 0x03, 0xC7, 0x86, 0xC5, 0x26, 0x79, 0x47, 0x2B,
    0xB9, 0xDD, 0x13, 0xDC, 0x19, 0xF6, 0x04, 0x1F, 0xDA, 0x31, 0x1B, 0xE4, 0xBC, 0xC4, 0x83, 0x10,
    0x26, 0x38, 0x57, 0x59, 0x46, 0x7A, 0x2A, 0x9C, 0xAF, 0x02, 0x51, 0x9C, 0x8F, 0x51, 0x24, 0x41,
    0x79, 0xBE, 0x81, 0x97, 0x82, 0x2F, 0x27, 0x12, 0xE9, 0x83, 0xE0, 0x42, 0x70, 0xA3, 0x7C, 0xCD,
    0xFD, 0x84, 0x22, 0xD0, 0x7B, 0x6A, 0x68, 0x35, 0xA9, 0x32, 0x2B, 0x28, 0x53, 0xD4, 0x88, 0x5A,
    0x10, 0x29, 0x63, 0xDC, 0xA8, 0x44, 0x1F, 0x2D, 0xAA, 0x09, 0x97, 0x4F, 0x53, 0x69, 0xBF, 0x49,
    0x93, 0xE1, 0x2E, 0x32, 0xA6, 0x82, 0x65, 0x8C, 0x96, 0x56, 0x73, 0x20, 0xE2, 0x57, 0x1D, 0x01,
    0x4A, 0x0C, 0x71, 0x0B, 0xDC, 0xF4, 0x5A, 0x10, 0x79, 0x5A, 0x42, 0x99, 0xA2, 0x62, 0x81, 0x2B,
    0x02, 0xA2, 0xBB, 0x07, 0x24, 0xB2, 0x54, 0x1B, 0xD2, 0x7B, 0xCA, 0x41, 0x36, 0x6D, 0x19, 0x25,
    0x86, 0x17, 0x6B, 0x9B, 0x2E, 0x82, 0xF2, 0x49, 0x75, 0xDE, 0x41, 0xD1, 0xA8, 0x68, 0x76, 0x1A,
    0x31, 0xA3, 0x9F, 0xB2, 0xEC, 0x0A, 0xDF, 0xD5, 0x6B, 0xA4, 0x7A, 0xDD, 0x84, 0xBE, 0x8C, 0xD7,
    0x9D, 0x19, 0xB1, 0x96, 0x84, 0xF7, 0x87, 0x5F, 0x06, 0xD4, 0xB0, 0x98, 0xDD, 0x8A, 0xB0, 0x8A,
    0x0B, 0x7F, 0x0A, 0xF4, 0x79, 0x71, 0x9B, 0xFB, 0x90, 0x14, 0x1D, 0x58, 0x83, 0x5D, 0x24, 0x32,
    0x19, 0x8C, 0xD5, 0xC4, 0xA8, 0x60, 0xED, 0x45, 0xBE, 0x82, 0x2F, 0xB8, 0x79, 0x6F, 0x3D, 0xEE,
    0xA9, 0xBE, 0x19, 0x51, 0xAE, 0x88, 0xD7, 0x07, 0x2B, 0x61, 0x1C, 0x90, 0x4C, 0x8D, 0x42, 0xDF,
    0x6F, 0xE2, 0x4C, 0x1D, 0x22, 0x65, 0xC3, 0x15, 0x54, 0x60, 0x0A, 0xAF, 0x66, 0xC9, 0xB8, 0x1B,
    0xD9, 0x5F, 0xF7, 0xF1, 0x9D, 0xE3, 0x9C, 0x5C, 0xA3, 0x1A, 0xD0, 0x94, 0xE0, 0xC8, 0x9F, 0xC2,
    0xEC, 0x46, 0x85, 0x01, 0xE7, 0xE2, 0x0E, 0xDA, 0x28, 0x4A, 0x14, 0xE5, 0x8A, 0x8C, 0xA0, 0x8D,
    0xA2, 0x54, 0x51, 0xA1, 0xC8, 0x2C, 0x8C, 0x36, 0xE6, 0x97, 0x8C, 0x52, 0xF3, 0x63, 0x46, 0x85,
    0x91, 0xAB, 0x99, 0x89, 0xD1, 0xDF, 0x99, 0x9E, 0xD1, 0x07, 0xF0, 0x36, 0x11, 0xE1, 0xBA, 0x23,
    0x34, 0x2A, 0xDA, 0x2A, 0xAA, 0x05, 0x2D, 0x7A, 0xF7, 0xA3, 0xA2, 0xED, 0xE1, 0x67, 0x43, 0x04,
    0x9A, 0x15, 0xAE, 0x70, 0x7C, 0xE7, 0xB0, 0xC0, 0x67, 0x1D, 0x2B, 0xB3, 0x1E, 0xB5, 0x8E, 0x57,
    0x77, 0x64, 0x35, 0x7C, 0x54, 0xDE, 0xD2, 0x11, 0xFE, 0x83, 0xD7, 0x6C, 0x01, 0xAD, 0x89, 0x29,
    0xA0, 0x19, 0x9E, 0x2F, 0xFC, 0xC6, 0x53, 0xF3, 0x98, 0xA6, 0xA8, 0xE8, 0x84, 0xA8, 0x38, 0xD0,
    0xEB, 0x3C, 0x36, 0xFF, 0x2F, 0xB8, 0xDA, 0x0F, 0xBC, 0xD2, 0x1A, 0xF6, 0x69, 0xE0, 0x42, 0x2D,
    0xB0, 0x7D, 0xD8, 0xF0, 0x6B, 0xBB, 0x38, 0x17, 0xF8, 0x4B, 0x99, 0xD2, 0xEB, 0x1C, 0xEC, 0x4C,
    0xC1, 0xE9, 0x8A, 0x22, 0x1A, 0xEB, 0x67, 0xA4, 0x79, 0xD8, 0x31, 0x80, 0xFB, 0xC8, 0x50, 0x9E,
    0xE8, 0xE1, 0x76, 0x60, 0x18, 0xB7, 0xF4, 0x86, 0x37, 0x34, 0x1C, 0xB3, 0xFD, 0x6B, 0x4D, 0x86,
    0x8C, 0xD4, 0xD0, 0x0C, 0x0C, 0xB2, 0x99, 0xE6, 0x67, 0x5D, 0xC8, 0xA2, 0xAF, 0x06, 0x7A, 0xAE,
    0x8E, 0x1E, 0x27, 0x31, 0x5B, 0x5A, 0x97, 0xF0, 0x72, 0x6B, 0x7A, 0xC0, 0x7F, 0x34, 0xC2, 0xE2,
    0x17, 0x99, 0xE9, 0x93, 0x4C, 0xF4, 0x51, 0xD8, 0x5D, 0x2F, 0x06, 0x8F, 0x4E, 0x6C, 0x20, 0xAD,
    0x00, 0x5C, 0x01, 0x47, 0x7C, 0x13, 0x41, 0x5A, 0x33, 0xD7, 0x28, 0x1E, 0x36, 0x23, 0x9F, 0x8E,
    0xBF, 0x5D, 0x19, 0xD5, 0x44, 0x79, 0xD9, 0xE8, 0x4A, 0xD2, 0x0B, 0x08, 0xC7, 0x44, 0x59, 0xE7,
    0xA6, 0xEA, 0x18, 0xC8, 0x82, 0xF0, 0x05, 0xE7, 0xAA, 0x6D, 0x00, 0xDA, 0xA2, 0x7C, 0x73, 0xC4,
    0x32, 0x43, 0xC7, 0x27, 0xCA, 0x49, 0x11, 0xFC, 0x5D, 0x40, 0xF8, 0xBC, 0x95, 0x88, 0x54, 0x89,
    0xC8, 0x49, 0x7D, 0x21, 0x68, 0x38, 0x80, 0x7A, 0x7C, 0xEF, 0xCA, 0xE3, 0x0E, 0xA1, 0x46, 0x77,
    0xBF, 0x66, 0x50, 0x5E, 0xA8, 0xA8, 0xE8, 0x0F, 0x20, 0xE5, 0x9E, 0x99, 0xA2, 0xB8, 0xD3, 0x45,
    0xF1, 0xA7, 0xFA, 0xAF, 0xB3, 0x9E, 0x79, 0xDF, 0x62, 0x18, 0xC9, 0x6A, 0x03, 0x26, 0xA5, 0x33,
    0x4C, 0x26, 0x5D, 0xAA, 0x5B, 0x6C, 0xA6, 0xA6, 0x99, 0x5C, 0xF6, 0xA6, 0xA0, 0xF8, 0xAD, 0xDC,
    0x7E, 0xF3, 0x4B, 0x41, 0xE6, 0xA7, 0x6A, 0xEF, 0x6F, 0xF9, 0x22, 0x56, 0x37, 0x60, 0xCB, 0x8A,
    0x15, 0x94, 0x98, 0xBD, 0x27, 0x86, 0xD5, 0x2B, 0xB0, 0x47, 0xF0, 0xCE, 0x65, 0xEF, 0x33, 0xA3,
    0xCB, 0xD9, 0xC5, 0xC4, 0x7B, 0x98, 0x95, 0xFB, 0x59, 0xAA, 0x35, 0x4F, 0xCE, 0x1E, 0x88, 0x80,
    0xC2, 0x72, 0x77, 0x64, 0x9C, 0x2A, 0xC2, 0x96, 0x32, 0xB4, 0x51, 0x90, 0x22, 0x95, 0x9A, 0x77,
    0x4F, 0x4E, 0xF0, 0xE9, 0x32, 0x23, 0x56, 0xC2, 0x7C, 0xC1, 0x35, 0xD0, 0xF1, 0x86, 0x83, 0xC6,
    0x8E, 0x66, 0xE2, 0xE5, 0x10, 0xB2, 0xFD, 0x62, 0xA6, 0x87, 0x05, 0xFD, 0xA1, 0x6F, 0x80, 0x9F,
    0xA6, 0x8A, 0x32, 0x46, 0x03, 0xA1, 0x67, 0x32, 0xE0, 0x35, 0xBB, 0x06, 0x3B, 0xA6, 0x31, 0x1B,
    0xEE, 0x36, 0x42, 0x2F, 0x35, 0xDC, 0x3D, 0x7E, 0x57, 0x44, 0x80, 0xF3, 0x5D, 0xE3, 0xF8, 0x28,
    0x52, 0x3C, 0x7E, 0xFE, 0x2D, 0x78, 0xF4, 0x1C, 0x79, 0x36, 0xC9, 0xF0, 0x22, 0x56, 0x8B, 0xAC,
    0x7D, 0x31, 0xA5, 0xCF, 0x65, 0x6C, 0x0C, 0xAF, 0xE8, 0xFB, 0x47, 0xCE, 0x8A, 0xCD, 0xCF, 0xC5,
    0x06, 0x1A, 0x31, 0xCD, 0x2C, 0x24, 0x44, 0xED, 0x98, 0x54, 0x4F, 0xE0, 0xC5, 0x1F, 0x3D, 0xA0,
    0xBF, 0x17, 0x2C, 0xC8, 0x16, 0x2C, 0x76, 0x17, 0xBC, 0x38, 0xEC, 0xF9, 0x1E, 0xF3, 0xFD, 0xB7,
    0xB2, 0x91, 0x86, 0xC4, 0x61, 0xEC, 0xF6, 0xC8, 0xB4, 0x59, 0x58, 0xBC, 0x9A, 0xD7, 0xB4, 0x91,
    0x6D, 0x74, 0x64, 0xF1, 0x06, 0x57, 0xEA, 0xA3, 0xB7, 0x74, 0x5C, 0xEA, 0xCB, 0xC6, 0xE9, 0x67,
    0xA7, 0x34, 0x4E, 0x6D, 0x40, 0xBA, 0x4E, 0x8B, 0xD3, 0x83, 0x44, 0xBB, 0x2D, 0x6F, 0xD9, 0x87,
    0x69, 0xC6, 0x9F, 0x93, 0xFF, 0x69, 0x9C, 0xDA, 0x23, 0x98, 0x7C, 0x15, 0x0D, 0x48, 0xE2, 0xA9,
    0x26, 0x97, 0x8D, 0xD3, 0xB5, 0x21, 0xF8, 0x22, 0x43, 0xB0, 0x2A, 0x6B, 0xA1, 0xEA, 0x6A, 0x91,
    0xA2, 0xD0, 0xA9, 0x67, 0xA7, 0xCE, 0xC9, 0x61, 0xD9, 0x27, 0x7B, 0x04, 0x9A, 0xFE, 0x32, 0x64,
    0x0E, 0xA1, 0xED, 0x01, 0xD4, 0x31, 0x0A, 0x15, 0x45, 0xFC, 0xBA, 0x7D, 0xB4, 0xF1, 0x50, 0xCD,
    0x08, 0x5D, 0x3B, 0x88, 0x12, 0x23, 0x7E, 0x8A, 0xD4, 0xA1, 0x45, 0x10, 0x70, 0x68, 0x42, 0xC5,
    0xB4, 0x8F, 0x60, 0x3F, 0x20, 0x44, 0x5B, 0x0F, 0x0A, 0x23, 0x5B, 0x46, 0x09, 0x69, 0xAF, 0x2D,
    0x88, 0x36, 0xC6, 0x72, 0x48, 0xF3, 0x61, 0x59, 0xEC, 0xEF, 0x49, 0xE3, 0x01, 0x64, 0x77, 0x27,
    0x66, 0xCA, 0x43, 0x21, 0x8C, 0xBA, 0xCF, 0x0D, 0xEF, 0x0A, 0x7D, 0x66, 0x98, 0x8D, 0xF7, 0xAC,
    0x9E, 0xD8, 0x21, 0x49, 0x67, 0x31, 0x1A, 0xA5, 0xC2, 0xEE, 0xBB, 0x44, 0xB6, 0x80, 0x36, 0xE6,
    0x1D, 0xAC, 0x6A, 0x63, 0xD9, 0x2A, 0xEA, 0x6B, 0x07, 0xE2, 0x53, 0x1D, 0xB7, 0xAF, 0xA9, 0x3A,
    0x04, 0x08, 0x5E, 0x3B, 0x8C, 0x13, 0xBD, 0xF6, 0xC6, 0xD0, 0x76, 0x47, 0xC2, 0xB8, 0x01, 0xAE,
    0x48, 0xFC, 0x60, 0x81, 0xC9, 0x0F, 0xB6, 0x05, 0xDC, 0x94, 0x16, 0xF2, 0xAA, 0xDF, 0x21, 0xCB,
    0xC7, 0xC2, 0x9A, 0x87, 0xC1, 0x59, 0x85, 0x47, 0x33, 0x1D, 0xE1, 0x9F, 0x6F, 0xC1, 0x3B, 0x46,
    0xC7, 0x5B, 0xFF, 0x45, 0x9C, 0x99, 0x75, 0x80, 0x66, 0xB1, 0x36, 0x10, 0x9B, 0x1E, 0x08, 0xBA,
    0x25, 0xBD, 0xFC, 0x2D, 0x1C, 0xB1, 0xA0, 0x09, 0x6B, 0xC7, 0x1E, 0xE5, 0x22, 0xAB, 0x8E, 0x70,
    0x54, 0xF1, 0x4B, 0xCF, 0x67, 0x38, 0x72, 0x52, 0xAB, 0x3D, 0x0A, 0x9D, 0xE8, 0xEA, 0xAC, 0x16,
    0x41, 0xA0, 0x2F, 0x5A, 0xE4, 0x0A, 0xCF, 0xC2, 0xC9, 0x83, 0x32, 0x88, 0xB8, 0x72, 0xCB, 0x2C,
    0xB1, 0x4A, 0x16, 0x74, 0xCE, 0x45, 0x35, 0x7E, 0xF8, 0x8F, 0xEE, 0x13, 0xF6, 0x0C, 0xB8, 0x17,
    0x96, 0x28, 0xEC, 0xF7, 0xED, 0x51, 0xC1, 0xB2, 0x84, 0xC1, 0xBB, 0xCE, 0x98, 0x39, 0x80, 0xFC,
    0x3F, 0xB3, 0xDD, 0x16, 0x43, 0x12, 0xEC, 0x51, 0x2C, 0x32, 0x44, 0x49, 0x23, 0x41, 0x6E, 0xF2,
    0x05, 0x47, 0x29, 0xE4, 0xB9, 0xC2, 0xE3, 0xD9, 0xA0, 0xC4, 0x60, 0x07, 0x3D, 0x04, 0x06, 0x5E,
    0xD8, 0x3F, 0xA3, 0xDD, 0xF7, 0x14, 0xD8, 0x7A, 0x46, 0x9C, 0x5A, 0xDF, 0x11, 0xBE, 0xEB, 0x80,
    0xCC, 0x1F, 0xF6, 0xF7, 0x90, 0xD3, 0xA7, 0xE1, 0xC4, 0x8D, 0x19, 0xA2, 0x46, 0x37, 0x80, 0x04,
    0x44, 0xF0, 0xF0, 0xEC, 0x1E, 0xE9, 0xB2, 0x34, 0x18, 0x19, 0xED, 0x94, 0x21, 0x8F, 0xDC, 0x86,
    0x8D, 0x3D, 0xE4, 0xCF, 0xE9, 0x2D, 0xDD, 0xE2, 0x23, 0x6D, 0x50, 0x1D, 0x1F, 0xD1, 0x04, 0x45,
    0xAA, 0x0A, 0xAB, 0x2C, 0x0B, 0xD1, 0x68, 0x0E, 0xC8, 0x8F, 0xFA, 0xA7, 0x01, 0x5A, 0xDC, 0x7C,
    0x1F, 0x6A, 0xC6, 0xEF, 0x80, 0xF8, 0x40, 0xC5, 0xE6, 0x85, 0x8A, 0x64, 0x2B, 0x32, 0x7E, 0x88,
    0xA5, 0x93, 0x44, 0x41, 0x56, 0x4E, 0xC4, 0xB9, 0x1A, 0x1B, 0x61, 0x11, 0xAA, 0xCF, 0x94, 0xC1,
    0x3F, 0x25, 0x1A, 0x91, 0xA3, 0xB8, 0x4C, 0xD9, 0xFD, 0x9B, 0x1B, 0xFA, 0x5C, 0x81, 0xDA, 0xF0,
    0x82, 0x6F, 0x25, 0x41, 0x09, 0x62, 0x41, 0xF3, 0x79, 0xC6, 0xB3, 0x20, 0xE1, 0xE7, 0x8D, 0x44,
    0xC6, 0xCB, 0xD7, 0x1E, 0xAF, 0x6B, 0xE5, 0xFD, 0x93, 0x55, 0xDE, 0x83, 0x7F, 0x11, 0x04, 0xFF,
    0x8C, 0xDF, 0x66, 0x1D, 0xD0, 0x92, 0x8D, 0x00, 0xB5, 0xEC, 0x09, 0x88, 0x04, 0x6D, 0x37, 0x12,
    0xCF, 0xB3, 0x3C, 0x50, 0xBF, 0xA7, 0xCC, 0x84, 0x4C, 0xE6, 0x8A, 0x9D, 0xCF, 0x4B, 0x1D, 0x5C,
    0xFD, 0xE7, 0xFA, 0xFD, 0x7E, 0xC2, 0xEF, 0xF7, 0xDA, 0xF0, 0xF9, 0x72, 0x0D, 0x9F, 0xA1, 0x4A,
    0xB0, 0x1B, 0x95, 0x5B, 0xF7, 0x51, 0x29, 0x9E, 0xBE, 0x87, 0xEA, 0xE7, 0x2B, 0x59, 0x0A, 0x6D,
    0x9E, 0x11, 0x75, 0x7B, 0x28, 0xC4, 0xC7, 0x5C, 0xA3, 0xE8, 0x00, 0xDA, 0x78, 0xA8, 0x56, 0x54,
    0x32, 0x8A, 0x8D, 0x04, 0x48, 0x24, 0x8A, 0x52, 0x45, 0xD9, 0x22, 0x28, 0x9F, 0x05, 0x81, 0x28,
    0x43, 0x08, 0x84, 0x04, 0x40, 0xE4, 0xBB, 0x03, 0x44, 0x9E, 0x3B, 0x40, 0xE4, 0xB7, 0x63, 0x84,
    0x32, 0xFD, 0x43, 0xF2, 0x9F, 0x56, 0x24, 0x25, 0x71, 0x84, 0x10, 0x06, 0x4F, 0x10, 0x52, 0x6F,
    0x5D, 0xED, 0xF9, 0xEA, 0x6E, 0x83, 0xB3, 0x39, 0xB8, 0x61, 0x19, 0x07, 0xF2, 0xA1, 0x81, 0x36,
    0xAC, 0x80, 0x24, 0x24, 0x0E, 0x4A, 0xA8, 0x78, 0x55, 0xC3, 0x8C, 0x88, 0x11, 0x17, 0xB4, 0xB7,
    0x19, 0x12, 0x95, 0xF0, 0x5E, 0x79, 0x7F, 0x06, 0x1C, 0xCA, 0x19, 0x1C, 0xFE, 0x08, 0x26, 0x4E,
    0x64, 0xD7, 0x76, 0x19, 0x9A, 0x07, 0x84, 0x7F, 0x02, 0x73, 0xEC, 0x6D, 0xC0, 0x1B, 0xF3, 0x5D,
    0xC0, 0x19, 0x31, 0x9F, 0xBF, 0x34, 0x5D, 0xBC, 0x30, 0xFE, 0x8E, 0xD9, 0x26, 0x33, 0xE3, 0xAF,
    0x5B, 0x89, 0x7A, 0x4A, 0x09, 0xDB, 0x51, 0xC8, 0x08, 0xC7, 0xE6, 0xAB, 0x66, 0xCC, 0x07, 0xC6,
    0xA5, 0x99, 0x8A, 0x3E, 0x25, 0x1F, 0x58, 0xE0, 0xE3, 0x6A, 0xAE, 0x3A, 0xC1, 0xC5, 0xD2, 0xD8,
    0x79, 0x8E, 0x81, 0x1F, 0x38, 0x76, 0x82, 0x33, 0x74, 0x93, 0xF5, 0x88, 0x53, 0x94, 0x44, 0x08,
    0x27, 0xE8, 0xB5, 0xEA, 0xF1, 0x65, 0x81, 0xC8, 0x23, 0x18, 0xF8, 0xA4, 0x60, 0x8A, 0xBE, 0xEA,
    0xF1, 0x35, 0x86, 0x28, 0x57, 0x0C, 0xEC, 0x94, 0xED, 0x09, 0x17, 0x33, 0xBA, 0xBA, 0xEC, 0xF7,
    0xCB, 0x18, 0x86, 0xAD, 0x40, 0xBE, 0x83, 0xE6, 0x42, 0xB6, 0xC8, 0x80, 0xD5, 0x4B, 0x6C, 0x32,
    0x80, 0x67, 0xC6, 0x68, 0x2D, 0x79, 0x0F, 0xD7, 0x03, 0x29, 0x78, 0x14, 0xE5, 0xE5, 0x38, 0x56,
    0xE0, 0x31, 0x2A, 0x0A, 0x6C, 0x38, 0x35, 0x1A, 0x66, 0x40, 0x82, 0xDF, 0x4B, 0x81, 0x6A, 0x55,
    0x7A, 0x36, 0xF8, 0x32, 0x6F, 0x12, 0xF5, 0x67, 0x74, 0xBC, 0xA1, 0x3F, 0x94, 0x76, 0x5E, 0x1C,
    0xD4, 0x48, 0x47, 0x72, 0x7F, 0x7C, 0x41, 0xC5, 0xC0, 0x80, 0x21, 0x9A, 0xCE, 0x5D, 0xE0, 0x22,
    0xAB, 0x34, 0xB4, 0x8A, 0x25, 0xB0, 0x41, 0x1E, 0x0E, 0xD7, 0xF0, 0x43, 0xB8, 0x00, 0x7C, 0x04,
    0xC3, 0x6F, 0x6A, 0x64, 0xA9, 0x11, 0xCE, 0xB8, 0x01, 0x57, 0xCC, 0x96, 0x18, 0x6F, 0x05, 0x5A,
    0xE3, 0x96, 0xA2, 0xE3, 0xC8, 0xBA, 0x97, 0x81, 0xBE, 0x49, 0x5A, 0xEF, 0x28, 0xEA, 0xEF, 0xD4,
    0x20, 0xF3, 0x55, 0x90, 0x40, 0xF4, 0xCB, 0x55, 0x00, 0xE9, 0xD1, 0xA3, 0x80, 0xA1, 0xE1, 0x13,
    0xF6, 0xC4, 0xC3, 0x2D, 0xA8, 0x58, 0x74, 0xDE, 0x16, 0x6C, 0x56, 0x68, 0x73, 0x0E, 0xD0, 0xA8,
    0x53, 0x09, 0x44, 0x4C, 0x48, 0x9C, 0x46, 0x8F, 0xE4, 0x80, 0x6E, 0x45, 0x78, 0xF4, 0x8F, 0x8C,
    0x33, 0xEB, 0xB6, 0xAC, 0x95, 0xA8, 0x61, 0x71, 0x20, 0xA9, 0x97, 0x5D, 0xFA, 0xE1, 0x83, 0xE5,
    0xAE, 0xE7, 0x47, 0x3E, 0xFB, 0xBE, 0x6A, 0xD4, 0xD3, 0x01, 0x34, 0x88, 0x85, 0x78, 0x01, 0xCD,
    0xF1, 0x51, 0x10, 0xBC, 0x45, 0xF6, 0xA7, 0x8E, 0x7C, 0x0C, 0xBF, 0x23, 0x88, 0x3D, 0xF8, 0x4B,
    0xA9, 0xEE, 0xFB, 0xC9, 0x85, 0x53, 0xAC, 0x91, 0x46, 0x55, 0x9C, 0xDC, 0x12, 0xCB, 0xE1, 0x20,
    0x8A, 0x61, 0xAD, 0x16, 0xC3, 0x82, 0x27, 0xA7, 0x67, 0x19, 0x6B, 0x8F, 0x29, 0x74, 0x01, 0xF4,
    0xAF, 0x9A, 0xF7, 0x76, 0xB1, 0xE8, 0x5D, 0x95, 0xCA, 0xF7, 0x4A, 0x95, 0x17, 0x72, 0xD8, 0x6F,
    0x70, 0xD7, 0x78, 0xEC, 0x56, 0x85, 0x58, 0x0F, 0x4A, 0x27, 0xB1, 0xE4, 0x3C, 0x3D, 0x72, 0xF3,
    0xBF, 0x45, 0xA6, 0x79, 0x2E, 0x5A, 0xC1, 0x1C, 0x59, 0x5B, 0xC6, 0x0E, 0x51, 0x5C, 0xCA, 0xF7,
    0x24, 0x44, 0xF2, 0xA1, 0x13, 0x8E, 0x38, 0xEE, 0x8F, 0x07, 0x46, 0x06, 0x8E, 0x16, 0x71, 0xC6,
    0x6B, 0x38, 0x35, 0x24, 0x1B, 0x27, 0x14, 0x18, 0x08, 0x14, 0x17, 0x70, 0xCC, 0xA6, 0xF8, 0xCD,
    0x44, 0xC6, 0xF9, 0xF0, 0x96, 0x18, 0xE9, 0xBD, 0x10, 0xC9, 0x35, 0x75, 0x21, 0x90, 0x87, 0x43,
    0x21, 0x1D, 0x6D, 0x57, 0x4E, 0xDB, 0x46, 0x0D, 0x81, 0xFD, 0xCA, 0xF1, 0x25, 0xFE, 0xA9, 0x4C,
    0x03, 0x6A, 0x61, 0xE6, 0x1C, 0xB7, 0x6C, 0x42, 0x68, 0x23, 0x91, 0x9C, 0x1A, 0x9E, 0x10, 0x19,
    0x3F, 0x5F, 0xC4, 0x96, 0x5D, 0x55, 0x18, 0xAD, 0x44, 0x70, 0xD7, 0xAD, 0xD2, 0xBB, 0x12, 0xCA,
    0xD1, 0xED, 0x81, 0xD6, 0x81, 0xE5, 0xDD, 0xC6, 0xFC, 0xEC, 0x0E, 0xFA, 0xF0, 0x2A, 0x60, 0x73,
    0x10, 0xA4, 0x58, 0x81, 0x24, 0xAC, 0xA0, 0x56, 0x50, 0x6C, 0x09, 0x04, 0x09, 0x98, 0x7A, 0xEA,
    0x70, 0x5E, 0x39, 0xAF, 0x3F, 0xAB, 0xC0, 0xBE, 0xFF, 0x47, 0xAC, 0xC4, 0x7B, 0xB1, 0x23, 0x5B,
    0xD9, 0x00, 0x14, 0x74, 0xD7, 0x4E, 0xD5, 0x17, 0xE1, 0x54, 0xA5, 0x0D, 0x64, 0xBE, 0x14, 0x71,
    0x80, 0xD2, 0x97, 0x35, 0xC6, 0xC1, 0x39, 0x0A, 0x8F, 0xCC, 0x5C, 0xB2, 0x2B, 0x9C, 0x67, 0xB5,
    0x73, 0x79, 0x65, 0x1A, 0xFF, 0xD3, 0xB0, 0x65, 0x17, 0xFE, 0xF1, 0xAB, 0x66, 0xCA, 0x50, 0xB4,
    0x9B, 0x42, 0x50, 0x49, 0x71, 0x61, 0xC3, 0xF9, 0x1A, 0x88, 0x7A, 0xEE, 0x42, 0xD4, 0x57, 0xAC,
    0x28, 0xDD, 0x02, 0xB2, 0x7F, 0xB0, 0x63, 0x0C, 0x08, 0x73, 0x42, 0xCA, 0x03, 0xC8, 0xFD, 0x2B,
    0x7E, 0x23, 0x83, 0x6F, 0xF0, 0x77, 0x2D, 0x5B, 0xDC, 0xD2, 0xF9, 0xEC, 0xDE, 0x3A, 0x00, 0x42,
    0xF1, 0x72, 0xB1, 0x28, 0x26, 0xA1, 0xFD, 0xE7, 0x66, 0xC6, 0x58, 0x9D, 0x46, 0xEF, 0x34, 0xD5,
    0xBB, 0x0F, 0x1B, 0xB5, 0xFA, 0x85, 0x3F, 0x30, 0xCB, 0x3B, 0xBB, 0x4F, 0xEE, 0x50, 0x24, 0x63,
    0xA0, 0x96, 0xA9, 0xC0, 0xE9, 0xB2, 0xEB, 0x91, 0x9C, 0x30, 0x22, 0xDA, 0xEE, 0xC8, 0x60, 0x40,
    0x28, 0x71, 0x1F, 0x01, 0xBE, 0x51, 0xA3, 0xE9, 0x2A, 0x11, 0x34, 0xC0, 0xDF, 0xEC, 0x23, 0x02,
    0xBF, 0x3E, 0x25, 0x45, 0x61, 0x66, 0x23, 0xD8, 0x06, 0x39, 0x25, 0x8B, 0x43, 0x75, 0x48, 0xF3,
    0xA6, 0x01, 0x99, 0xB4, 0x67, 0x53, 0x62, 0x2A, 0x26, 0xC6, 0x31, 0xA3, 0x97, 0x6F, 0x9F, 0xB5,
    0xD0, 0x3C, 0x26, 0x99, 0x68, 0x8E, 0x49, 0x17, 0xBE, 0xA1, 0x53, 0x63, 0x58, 0x16, 0x37, 0x39,
    0x34, 0xAF, 0x41, 0x3E, 0x97, 0xAB, 0x31, 0xB4, 0x12, 0x5D, 0x18, 0x26, 0xB7, 0x3C, 0xF9, 0x3F,
    0xF0, 0x57, 0x52, 0x70, 0xAF, 0xB2, 0x06, 0x5C, 0x52, 0xA0, 0x79, 0x50, 0x2D, 0xAC, 0xC4, 0x06,
    0xF8, 0xD6, 0x26, 0x32, 0xEE, 0xF3, 0xF5, 0xC0, 0x6D, 0xB5, 0xE1, 0x2D, 0xAB, 0x25, 0x86, 0x1C,
    0x36, 0x14, 0xCD, 0x7E, 0x0E, 0x37, 0x87, 0xF6, 0x4B, 0x78, 0xBF, 0xAC, 0xC9, 0x6E, 0x71, 0x91,
    0x57, 0x82, 0x28, 0xDA, 0xFB, 0x3A, 0x48, 0xE0, 0xD9, 0x83, 0x04, 0x9E, 0xDC, 0xD2, 0x20, 0x81,
    0x59, 0xC5, 0xC2, 0xE5, 0x10, 0x52, 0xE7, 0xBC, 0x73, 0xD8, 0x4F, 0xFB, 0x48, 0x83, 0xE3, 0xC0,
    0x02, 0x2F, 0x68, 0xD8, 0x47, 0xB9, 0x06, 0x0A, 0x64, 0x2E, 0xC4, 0x6E, 0xBB, 0x63, 0x6A, 0xFB,
    0x8A, 0xB8, 0x64, 0x70, 0x3B, 0x44, 0xE7, 0x44, 0xD7, 0x08, 0x6A, 0x01, 0x95, 0x37, 0xE0, 0x5D,
    0x1E, 0x23, 0x9F, 0xCA, 0x45, 0x55, 0xFF, 0x98, 0x68, 0xCB, 0x28, 0x13, 0x23, 0x80, 0x87, 0x52,
    0x33, 0x29, 0xB2, 0x1A, 0x3E, 0xCE, 0x58, 0xE7, 0xD4, 0xDF, 0xB8, 0x38, 0x69, 0x87, 0x0A, 0x45,
    0xF6, 0xE3, 0xE7, 0x6C, 0xFE, 0x78, 0xED, 0x44, 0xF3, 0x39, 0x82, 0x17, 0x83, 0x42, 0xE5, 0xD5,
    0xB9, 0x71, 0x72, 0x8D, 0x4B, 0x6B, 0xF4, 0x51, 0x0D, 0x03, 0xFB, 0x17, 0xF6, 0xFF, 0x7B, 0x3A,
    0xC2, 0x7F, 0x27, 0xDE, 0xB7, 0x56, 0x8F, 0x2A, 0x71, 0x04, 0x7D, 0x5D, 0x96, 0x4F, 0x89, 0x3B,
    0x6A, 0x45, 0xE0, 0xA1, 0x18, 0x28, 0x47, 0x0E, 0x40, 0xBF, 0x3E, 0x7A, 0xB1, 0x47, 0x76, 0x9C,
    0x9F, 0xD8, 0xDD, 0xE7, 0x07, 0xB8, 0x0B, 0x27, 0xC6, 0xFB, 0xA9, 0x0B, 0xFF, 0xA8, 0xBD, 0xE4,
    0xE8, 0xFA, 0x4D, 0xBF, 0x62, 0x6F, 0xFA, 0xD1, 0xFA, 0x4D, 0x6F, 0x57, 0x6F, 0xB3, 0xBF, 0xEC,
    0xC8, 0x4F, 0x0F, 0x5C, 0x1D, 0x6D, 0xCC, 0xF6, 0x92, 0xA3, 0xCE, 0x3B, 0x8A, 0x34, 0x68, 0x55,
    0xB2, 0x2C, 0x2E, 0x3A, 0x0A, 0xCC, 0xCA, 0x6F, 0x62, 0x56, 0xE1, 0xCC, 0xC5, 0xC1, 0xA0, 0xF6,
    0x3A, 0xF0, 0x4C, 0x18, 0x7B, 0x48, 0xFF, 0x75, 0x24, 0x59, 0xE1, 0x5D, 0xD6, 0xC5, 0x48, 0xD9,
    0x41, 0xD4, 0x5F, 0x86, 0x48, 0xE1, 0xC1, 0x5D, 0xA4, 0x5B, 0x45, 0xE9, 0x1E, 0x42, 0x4F, 0xDE,
    0x57, 0x19, 0x86, 0x85, 0x98, 0x4A, 0xD3, 0x94, 0x2B, 0x15, 0xFD, 0x2A, 0xF1, 0xF2, 0xC1, 0x77,
    0x4F, 0xC5, 0xFF, 0x58, 0xB3, 0xA1, 0xBE, 0xC2, 0x9C, 0x92, 0x92, 0x51, 0xA5, 0x48, 0x32, 0x72,
    0x0E, 0x23, 0xF7, 0x39, 0x3D, 0x8B, 0x3B, 0x5F, 0x86, 0xD7, 0x08, 0x8D, 0xAF, 0x2C, 0xD2, 0xBD,
    0x34, 0xEB, 0x84, 0xD8, 0x51, 0x18, 0xF9, 0x52, 0xEE, 0xE5, 0x60, 0xD9, 0xB7, 0xE8, 0x8C, 0x98,
    0xBC, 0x25, 0x89, 0x9B, 0xD4, 0x33, 0x64, 0x8A, 0x9C, 0x4A, 0xA6, 0x4C, 0x34, 0xF0, 0xDF, 0xD5,
    0x68, 0x82, 0xC8, 0x59, 0xF4, 0x56, 0xE6, 0xBD, 0x4F, 0xEA, 0x60, 0xB9, 0x1F, 0xF8, 0x06, 0xCE,
    0xF3, 0x95, 0xB5, 0xB3, 0xF3, 0x0F, 0x06, 0xFF, 0x60, 0x76, 0x67, 0x3B, 0x46, 0x0B, 0xA0, 0x9C,
    0x1A, 0xC5, 0x63, 0x39, 0x40, 0x9D, 0x40, 0x0E, 0x72, 0xFF, 0x20, 0x03, 0x9D, 0xE3, 0x82, 0x83,
    0x8B, 0xBE, 0xB3, 0x3A, 0x1B, 0x4A, 0xEA, 0x7C, 0x10, 0xEB, 0x1D, 0x54, 0x74, 0x6F, 0x6A, 0x00,
    0x85, 0xBB, 0x56, 0x13, 0x28, 0xDB, 0x90, 0x8D, 0x44, 0x9B, 0xB9, 0x83, 0x85, 0x9D, 0x30, 0x07,
    0xF2, 0xEA, 0x76, 0x4C, 0x2C, 0x5B, 0xC9, 0xEA, 0x91, 0x84, 0x9E, 0x17, 0x1B, 0x04, 0xB5, 0xDC,
    0x2F, 0x3D, 0xD3, 0xEB, 0x2A, 0x30, 0x65, 0x5A, 0x05, 0xF1, 0x1D, 0x4B, 0x02, 0xCE, 0xA7, 0x1A,
    0xC4, 0x47, 0x59, 0xA6, 0x18, 0x10, 0xD9, 0xF1, 0x52, 0x59, 0xC4, 0xC2, 0xD4, 0xB1, 0x52, 0x37,
    0x30, 0x9D, 0x31, 0xFC, 0x22, 0x47, 0xCD, 0x13, 0x87, 0xBB, 0x45, 0x8D, 0x1A, 0x13, 0xA4, 0x48,
    0x85, 0x42, 0xF7, 0x5F, 0x6E, 0xFA, 0x98, 0xB4, 0x92, 0x21, 0xA2, 0x6A, 0x05, 0x23, 0xF3, 0x55,
    0x51, 0x74, 0x3C, 0x2A, 0xE9, 0xAF, 0x09, 0x87, 0x0F, 0xC6, 0x4C, 0x37, 0xFC, 0x77, 0x0D, 0x16,
    0xD8, 0xF9, 0x1E, 0x9E, 0x6F, 0xD4, 0xBC, 0xED, 0x3F, 0x26, 0x23, 0x71, 0x34, 0x92, 0xA6, 0x9E,
    0x52, 0xEA, 0x56, 0x87, 0x31, 0xA1, 0x0D, 0xEC, 0xD5, 0x25, 0x9C, 0xA9, 0x04, 0xBB, 0x45, 0x8A,
    0x21, 0x0A, 0xCB, 0x9B, 0x12, 0xF3, 0xE9, 0x87, 0x26, 0x84, 0xBB, 0xA1, 0x09, 0x56, 0x8B, 0x7C,
    0xC7, 0x1B, 0xAD, 0x9B, 0x98, 0xDD, 0x47, 0x0E, 0x56, 0xF8, 0xD2, 0xEC, 0xE6, 0x14, 0x25, 0x40,
    0xF2, 0x91, 0x3C, 0x55, 0xE1, 0xA5, 0x32, 0xE3, 0x17, 0x46, 0x8F, 0x1B, 0xE5, 0x14, 0xF0, 0x06,
    0x69, 0x4F, 0xEC, 0x82, 0x8D, 0x29, 0x12, 0xA8, 0x17, 0x07, 0x65, 0xCF, 0x06, 0x0E, 0x09, 0x49,
    0x24, 0x01, 0x5A, 0xCC, 0x9A, 0xF6, 0x7C, 0x12, 0x2E, 0x09, 0xA7, 0xC3, 0x48, 0x17, 0x31, 0x71,
    0x92, 0xFA, 0x99, 0x4B, 0xD6, 0x5F, 0x74, 0xF0, 0x28, 0x94, 0x6C, 0x5E, 0x37, 0x2F, 0xC9, 0x88,
    0x78, 0xC1, 0x51, 0xB0, 0x7B, 0xB4, 0xFE, 0x9E, 0xE7, 0x88, 0x3D, 0x7C, 0x84, 0x67, 0x23, 0xF6,
    0x28, 0xA6, 0x5C, 0xB4, 0x12, 0x69, 0x88, 0xA6, 0x73, 0xEB, 0x1B, 0xF2, 0x95, 0x8D, 0xF2, 0x44,
    0xDB, 0x80, 0x5C, 0x5D, 0xF4, 0xEC, 0x43, 0x40, 0xD1, 0xC4, 0xE4, 0xD0, 0x9D, 0x39, 0x9D, 0x93,
    0x9D, 0xBA, 0xB0, 0x25, 0x94, 0x64, 0x96, 0x8E, 0xD1, 0xB0, 0xC5, 0xF3, 0xB9, 0x8B, 0x84, 0xFB,
    0x17, 0xEA, 0x57, 0x71, 0x6F, 0x2C, 0xE3, 0xE7, 0x28, 0x98, 0x67, 0xAE, 0x92, 0xCB, 0x8E, 0xCC,
    0x87, 0x12, 0xC6, 0x75, 0x46, 0x1C, 0x25, 0x14, 0xA9, 0x21, 0x13, 0xD0, 0xF0, 0x92, 0x89, 0x24,
    0x21, 0x0F, 0xDC, 0x68, 0x19, 0xB9, 0xED, 0x06, 0xBA, 0xDD, 0x0C, 0x17, 0x2D, 0x65, 0x4A, 0x0B,
    0xA8, 0xAF, 0x00, 0x5A, 0x79, 0xDA, 0x6D, 0xC0, 0x27, 0x1C, 0x09, 0xD8, 0xE7, 0x7B, 0x27, 0x93,
    0xB4, 0x6D, 0xE2, 0x6C, 0xBA, 0x01, 0x27, 0x2E, 0xAD, 0x93, 0xC1, 0xC6, 0xFC, 0xFA, 0x94, 0xC3,
    0x7D, 0xBA, 0x8C, 0xBD, 0x29, 0xAD, 0x38, 0x75, 0xEA, 0x8C, 0xB7, 0x4A, 0x3A, 0x73, 0x84, 0x36,
    0x83, 0x2D, 0x2D, 0xDA, 0xF5, 0x45, 0xC1, 0x0C, 0x81, 0x00, 0x9E, 0xF6, 0xD4, 0x3E, 0x29, 0x04,
    0x55, 0xC5, 0x64, 0xE7, 0x5F, 0x70, 0x42, 0xF4, 0x95, 0xFD, 0x2C, 0x5B, 0x0D, 0x28, 0xE0, 0xA0,
    0xF7, 0xBC, 0xB9, 0xDF, 0x7A, 0x4C, 0x8E, 0x66, 0x94, 0x1D, 0x28, 0xAC, 0x84, 0x3C, 0xBE, 0xC4,
    0x65, 0x5A, 0xB2, 0x5D, 0xC1, 0xF7, 0x90, 0xD3, 0x15, 0x0B, 0xBE, 0xF9, 0x6C, 0x46, 0x72, 0xF4,
    0xB7, 0x34, 0x0F, 0x82, 0x35, 0xB9, 0xC3, 0x8B, 0x06, 0x48, 0x44, 0x2F, 0x24, 0x25, 0x92, 0x43,
    0xBA, 0x39, 0xCA, 0x39, 0x09, 0x66, 0x29, 0xE3, 0x17, 0xCC, 0xB2, 0x22, 0x06, 0x55, 0x54, 0x8C,
    0x53, 0x3E, 0xBF, 0xD5, 0xA8, 0x74, 0xB8, 0x18, 0xF0, 0x79, 0x99, 0xDE, 0xE0, 0xF6, 0x54, 0x82,
    0xF0, 0x71, 0xFB, 0x5E, 0x70, 0xE3, 0xDE, 0x7A, 0x8B, 0xF9, 0x2F, 0xC4, 0x83, 0xE0, 0x2E, 0xDE,
    0xF8, 0x01, 0x59, 0xDC, 0xF1, 0xD1, 0x48, 0x3A, 0x8A, 0x34, 0x08, 0x9A, 0x32, 0x2C, 0xD9, 0xD1,
    0x11, 0xDC, 0x3C, 0x97, 0xFC, 0x00, 0xB6, 0x44, 0x6D, 0xA4, 0xD8, 0x04, 0x3F, 0x55, 0xC7, 0x86,
    0xA0, 0xD3, 0x0F, 0x81, 0x7C, 0x60, 0x70, 0xEA, 0x20, 0x53, 0xE1, 0x25, 0x57, 0x88, 0xBE, 0xB2,
    0x7C, 0x15, 0x4D, 0x3B, 0xC0, 0xE4, 0xFB, 0x02, 0x47, 0x71, 0x28, 0x28, 0x72, 0x0C, 0x48, 0x4C,
    0x5E, 0xBA, 0x0D, 0x38, 0x60, 0x0E, 0x10, 0x0C, 0x4A, 0x17, 0x32, 0xC2, 0x30, 0xC4, 0x66, 0x48,
    0xF1, 0x8E, 0xFB, 0x04, 0xC3, 0xE3, 0xB7, 0x1B, 0x8C, 0xB7, 0x83, 0xA5, 0xFC, 0xF7, 0x46, 0x32,
    0x81, 0x69, 0x9D, 0x8C, 0x64, 0xF5, 0x43, 0xCF, 0x25, 0x59, 0x38, 0xDE, 0x40, 0xFE, 0xF8, 0xFA,
    0x6D, 0xD8, 0x54, 0x78, 0xAF, 0x29, 0xFC, 0x30, 0x69, 0x78, 0x86, 0x33, 0x58, 0x9E, 0xCD, 0x4C,
    0x0B, 0x1B, 0xB6, 0x14, 0x24, 0xC9, 0x8A, 0xA4, 0x42, 0xEC, 0x27, 0x97, 0xB3, 0x07, 0xE4, 0xB5,
    0xA7, 0xF8, 0x02, 0x43, 0xA1, 0x7A, 0x28, 0x70, 0x36, 0xC0, 0xC5, 0x3B, 0xFA, 0x64, 0x0F, 0x64,
    0x73, 0x09, 0x49, 0x88, 0x9C, 0xE2, 0xDB, 0x74, 0xAA, 0xDE, 0xEA, 0x06, 0x55, 0x20, 0xF4, 0xFF,
    0xCD, 0x78, 0x37, 0xCF, 0xFE, 0x96, 0x93, 0x53, 0xCA, 0x63, 0xA6, 0x20, 0x09, 0x0C, 0xCB, 0x76,
    0x24, 0xC6, 0x1B, 0xC4, 0x58, 0x7F, 0x20, 0x83, 0xE6, 0x66, 0xBC, 0x10, 0x12, 0xD3, 0x6D, 0xD2,
    0xCE, 0xB2, 0x43, 0xF8, 0x46, 0x07, 0x16, 0x03, 0x7A, 0xA5, 0xB9, 0xA6, 0xBA, 0x0E, 0x94, 0x76,
    0x59, 0xF4, 0x6B, 0x5A, 0x6D, 0x0F, 0xD3, 0xA6, 0x23, 0xCA, 0xF1, 0x4E, 0xBB, 0x34, 0x04, 0x6E,
    0x8B, 0xBB, 0x74, 0x19, 0x51, 0x61, 0x0E, 0x8A, 0x5E, 0x8A, 0x99, 0xA6, 0x1C, 0x1D, 0x95, 0x4D,
    0x44, 0x0B, 0xA2, 0xA1, 0xE5, 0x1A, 0x6F, 0x60, 0x50, 0x27, 0xC9, 0x15, 0xE6, 0x82, 0x1F, 0x32,
    0x8C, 0x15, 0x0B, 0xD3, 0x99, 0x02, 0x52, 0x8B, 0x99, 0x8C, 0x63, 0xF9, 0x44, 0x06, 0xB1, 0x6C,
    0xA2, 0xBC, 0x99, 0x74, 0xCC, 0x99, 0x52, 0xCE, 0x4C, 0x32, 0xA4, 0x14, 0xF7, 0xEA, 0xA9, 0x73,
    0x47, 0x3F, 0xBC, 0x4B, 0x43, 0xB9, 0x30, 0x8B, 0xEC, 0xD4, 0xCD, 0x47, 0xAB, 0xCB, 0xEE, 0x47,
    0x11, 0x3A, 0x90, 0xB7, 0xC4, 0x2C, 0x5A, 0xE2, 0x43, 0xB0, 0x68, 0xCB, 0x0C, 0x03, 0x59, 0xCA,
    0x9C, 0x48, 0xE1, 0xC7, 0xF1, 0x97, 0xBB, 0x13, 0xE6, 0xDD, 0x93, 0x93, 0x13, 0x8E, 0xBE, 0x74,
    0xA4, 0xF6, 0xBC, 0x81, 0xEC, 0x4F, 0x48, 0x41, 0x0B, 0x79, 0x5B, 0x5C, 0x7A, 0x1B, 0x9E, 0x61,
    0x5E, 0x2E, 0xC5, 0x48, 0xC2, 0x59, 0x8D, 0xAB, 0x0B, 0x64, 0x91, 0x3F, 0xE3, 0x49, 0xFA, 0x67,
    0x25, 0x3A, 0x5C, 0x2A, 0xDC, 0xF1, 0xB6, 0xB8, 0x59, 0x36, 0x1C, 0x1D, 0x02, 0x46, 0x7A, 0x08,
    0x73, 0xC9, 0x31, 0x17, 0x1B, 0xD3, 0xE6, 0x71, 0xD7, 0x8C, 0xD1, 0xC1, 0xDF, 0xA3, 0x88, 0xB1,
    0x79, 0x0B, 0x6D, 0xDF, 0xF6, 0x55, 0xFC, 0x5B, 0x8C, 0x3E, 0xDF, 0xC0, 0x7F, 0x2D, 0x99, 0x19,
    0x2D, 0x8E, 0x69, 0xCE, 0x65, 0x93, 0xC5, 0x1C, 0x1A, 0x9E, 0xCE, 0x1B, 0x08, 0x69, 0x61, 0xD9,
    0xCB, 0x62, 0x4E, 0x57, 0xDA, 0x78, 0x1A, 0x74, 0xE2, 0x34, 0x2C, 0x5E, 0x2E, 0x33, 0xAF, 0xA7,
    0xBF, 0x36, 0xBF, 0x91, 0x79, 0xBC, 0x6C, 0x88, 0x53, 0xA1, 0x39, 0x14, 0xCE, 0xC9, 0xA1, 0xF5,
    0x78, 0x2D, 0x3C, 0x91, 0x15, 0xE9, 0xF0, 0x1E, 0x06, 0x12, 0xEB, 0xF0, 0xDE, 0x58, 0xA4, 0xC3,
    0x7B, 0x36, 0x24, 0xD6, 0xD1, 0xB3, 0x60, 0x44, 0x69, 0x70, 0x8C, 0xD1, 0xA6, 0x1D, 0x5A, 0xC4,
    0x61, 0x4C, 0x72, 0x14, 0x55, 0x69, 0x4C, 0x52, 0xDE, 0xCD, 0x60, 0x4C, 0x40, 0xE0, 0x08, 0xCF,
    0x24, 0xB2, 0x08, 0x66, 0xC3, 0xED, 0x27, 0x25, 0x47, 0x0E, 0x85, 0x9A, 0x86, 0x0E, 0x3B, 0x24,
    0x5A, 0xC1, 0x17, 0x3B, 0x88, 0x7D, 0x4E, 0xFC, 0x10, 0x64, 0xDE, 0x3E, 0x14, 0x5E, 0x1D, 0xF3,
    0x5E, 0x4A, 0x01, 0x4B, 0x10, 0xA2, 0xCB, 0x72, 0xEB, 0xA2, 0xB5, 0x6D, 0x1E, 0x48, 0xD9, 0x80,
    0x91, 0x9E, 0x2F, 0x84, 0x18, 0xA8, 0x29, 0x03, 0xF9, 0x02, 0xE6, 0xAC, 0x5D, 0x0A, 0x0D, 0x84,
    0xE7, 0x8C, 0xE8, 0xC1, 0xE9, 0x71, 0x35, 0x74, 0xC4, 0x87, 0x12, 0x52, 0xD0, 0x1A, 0x3C, 0x0D,
    0x7A, 0x83, 0x0B, 0x8E, 0xFA, 0x00, 0x1A, 0x3B, 0xBA, 0x80, 0x37, 0x15, 0xB3, 0xC2, 0x9B, 0x85,
    0x66, 0x9A, 0x4F, 0x1B, 0xA2, 0x11, 0x31, 0x4B, 0xCA, 0xB0, 0x6D, 0x70, 0x93, 0x46, 0xDA, 0x10,
    0xDD, 0x18, 0xFA, 0x5C, 0xBA, 0xD0, 0xF7, 0x8A, 0x91, 0x28, 0xFA, 0x8B, 0x70, 0x00, 0x89, 0xCE,
    0x74, 0x5E, 0x2C, 0xDB, 0x52, 0xA2, 0x9B, 0xB7, 0xE0, 0x10, 0xB2, 0xDD, 0xEB, 0x16, 0x28, 0x11,
    0xDC, 0xB5, 0xFF, 0x76, 0x7E, 0xD1, 0x7D, 0x63, 0x2C, 0x2A, 0x86, 0xA3, 0x82, 0xB8, 0x87, 0x46,
    0xDF, 0x16, 0xAD, 0x24, 0x21, 0x48, 0x6A, 0x98, 0x11, 0xC1, 0x61, 0xA8, 0x66, 0x4C, 0xD5, 0xC0,
    0xC1, 0xF3, 0x6A, 0x5A, 0xE5, 0x88, 0xBF, 0xF6, 0xCD, 0x4B, 0xA2, 0x4E, 0x3F, 0x7F, 0xE3, 0x06,
    0x6C, 0x0C, 0xE3, 0xE8, 0x7A, 0xCC, 0xB5, 0xA5, 0xEA, 0x2B, 0xC0, 0x80, 0x20, 0x40, 0xA8, 0xCC,
    0x28, 0x8C, 0x16, 0xCF, 0x97, 0x32, 0xCD, 0xCC, 0x5F, 0xA1, 0xEF, 0x0B, 0x7D, 0xAE, 0x96, 0x42,
    0x7D, 0x1E, 0xA0, 0xA4, 0xF2, 0x2D, 0x34, 0xDC, 0xF0, 0x3C, 0x7E, 0xA4, 0x6F, 0xC3, 0x5C, 0xA7,
    0x11, 0xD5, 0x70, 0xB9, 0x63, 0x7A, 0xFE, 0xDC, 0x88, 0x94, 0x1C, 0x79, 0x70, 0x1E, 0xC3, 0xE7,
    0x85, 0x2F, 0xC0, 0x75, 0xE0, 0x84, 0x78, 0xDD, 0x3E, 0xA0, 0xFB, 0x18, 0x81, 0xF7, 0x6C, 0x63,
    0xAA, 0xEB, 0x30, 0x44, 0x64, 0x30, 0x85, 0xC5, 0xBB, 0xA5, 0xE7, 0x60, 0xF5, 0xF9, 0xE8, 0xBE,
    0xA8, 0x14, 0x83, 0xEE, 0x65, 0x12, 0x16, 0x92, 0xE9, 0x1E, 0x76, 0x7E, 0x44, 0x3A, 0x1A, 0xEF,
    0x65, 0x79, 0x7F, 0x78, 0x4F, 0xDB, 0xA3, 0x57, 0xDB, 0xDB, 0x42, 0xA6, 0x11, 0xED, 0x6D, 0x5F,
    0xE0, 0x3D, 0x2D, 0x4D, 0x89, 0x16, 0x1C, 0xF1, 0x4B, 0xF9, 0x01, 0x53, 0x00, 0xB2, 0xEE, 0x29,
    0x3A, 0xD2, 0xF0, 0x75, 0x0D, 0x15, 0xB0, 0x25, 0x74, 0x9D, 0x51, 0x64, 0xDC, 0xD1, 0x3D, 0xDF,
    0x5B, 0x58, 0xD0, 0x1E, 0x41, 0x9E, 0x5D, 0x0E, 0x51, 0x64, 0x85, 0x1D, 0x25, 0xD7, 0x91, 0x32,
    0x10, 0x28, 0x5F, 0xB3, 0xA1, 0x20, 0x18, 0x44, 0x33, 0xBB, 0x11, 0x1B, 0x72, 0xE6, 0xB5, 0x7C,
    0x82, 0x8F, 0x10, 0xFD, 0xD6, 0xD4, 0xD5, 0x4F, 0x10, 0xFD, 0xCA, 0xB4, 0x10, 0xA8, 0x88, 0x59,
    0x9B, 0x3F, 0x35, 0x7F, 0x84, 0xA8, 0x37, 0xBF, 0x32, 0x29, 0xA1, 0xE6, 0xB7, 0x33, 0x23, 0x7B,
    0xFB, 0x8A, 0x06, 0x46, 0x19, 0xFB, 0x40, 0xA1, 0x7A, 0xD5, 0x96, 0x51, 0x02, 0x4A, 0x3E, 0xA2,
    0x0D, 0xF0, 0x51, 0x44, 0x91, 0x09, 0x18, 0x05, 0xE7, 0x88, 0xC8, 0xE2, 0x05, 0xBA, 0x40, 0x6E,
    0x50, 0x8D, 0xA5, 0x0D, 0x91, 0x8A, 0x79, 0x01, 0xA2, 0xF0, 0x5A, 0x7C, 0xF7, 0x1B, 0x01, 0x31,
    0x03, 0x9C, 0xDD, 0x18, 0x14, 0x22, 0xCF, 0xCF, 0x7B, 0x24, 0x81, 0xFA, 0xAA, 0xE0, 0xE4, 0x84,
    0xA6, 0x9F, 0x4C, 0x93, 0x4B, 0xC1, 0x33, 0x9D, 0x79, 0x05, 0xF0, 0xF1, 0xB6, 0xBC, 0xAA, 0x2F,
    0x7C, 0x1C, 0x08, 0x25, 0xBB, 0xC7, 0xAB, 0xA8, 0x23, 0xA1, 0x6D, 0xD2, 0xC0, 0x22, 0xBC, 0x0F,
    0xD0, 0x7F, 0xBF, 0x67, 0x68, 0x63, 0x43, 0xCB, 0x09, 0xA8, 0x2C, 0x63, 0x8A, 0xC6, 0x83, 0x09,
    0x34, 0xC5, 0x18, 0xC4, 0x72, 0x4F, 0x56, 0x9F, 0x3D, 0x12, 0xED, 0x10, 0x27, 0xD5, 0x77, 0x44,
    0xC0, 0x1F, 0x3C, 0xE6, 0x24, 0xCE, 0x67, 0x54, 0x84, 0x05, 0x5C, 0xE1, 0x39, 0x96, 0x95, 0xFA,
    0x39, 0x47, 0xDA, 0x8B, 0xA4, 0xA1, 0x2A, 0x71, 0x20, 0x0C, 0x06, 0xED, 0x1C, 0x62, 0x20, 0xDF,
    0xA1, 0x4B, 0x66, 0xD4, 0x2C, 0xF7, 0xEE, 0x09, 0x72, 0x40, 0xC3, 0x1C, 0xEC, 0x53, 0xA5, 0xC0,
    0x39, 0xB7, 0x76, 0x50, 0x81, 0x73, 0x62, 0x44, 0x00, 0xD0, 0x94, 0xE8, 0x80, 0x55, 0xCE, 0x5E,
    0xFB, 0x9B, 0xE0, 0xCE, 0x3D, 0x8C, 0xBC, 0x88, 0x29, 0x43, 0x15, 0x7C, 0xB6, 0xF0, 0x18, 0x0B,
    0xBE, 0x1E, 0x96, 0x46, 0x29, 0x20, 0x83, 0x32, 0x3D, 0x87, 0xD8, 0x70, 0xC2, 0x1F, 0x95, 0xA2,
    0xA3, 0x94, 0xBF, 0x0A, 0x39, 0x77, 0xB7, 0xA2, 0xF9, 0x95, 0xA9, 0x7C, 0x5F, 0x68, 0xCD, 0xE7,
    0xA5, 0xFF, 0x29, 0x96, 0x19, 0xA5, 0x14, 0x88, 0x17, 0x3B, 0x25, 0x2F, 0x87, 0x71, 0x21, 0x8C,
    0x5C, 0xD0, 0x46, 0x4C, 0xA5, 0xA4, 0xF3, 0x43, 0x64, 0xB4, 0x14, 0xB2, 0xBA, 0x32, 0x0D, 0xD9,
    0xF8, 0x99, 0x19, 0x09, 0x99, 0x77, 0x59, 0x41, 0xA8, 0xC6, 0x81, 0x08, 0x4B, 0xDE, 0x0B, 0x9C,
    0xCB, 0x18, 0x13, 0x13, 0xE3, 0x6E, 0x90, 0x6B, 0xCD, 0xAF, 0x31, 0x34, 0xCB, 0x5B, 0x20, 0xB9,
    0x59, 0x30, 0xA1, 0x36, 0x3D, 0x41, 0x04, 0x4E, 0x35, 0x80, 0x50, 0x57, 0x6D, 0xE1, 0x71, 0xBF,
    0x52, 0x16, 0x7C, 0xDE, 0xFD, 0xDF, 0x7E, 0x2D, 0xAE, 0x8E, 0x33, 0xBA, 0xE0, 0x4E, 0x06, 0xCE,
    0xD6, 0x46, 0x0D, 0xB3, 0x0B, 0xFF, 0x06, 0x55, 0xB6, 0x89, 0x8D, 0x82, 0x4E, 0x0F, 0xEE, 0x45,
    0x36, 0x7E, 0xE3, 0xEC, 0xAE, 0xBE, 0xBF, 0x0B, 0xE9, 0x93, 0xB7, 0xCC, 0xB9, 0x55, 0xDC, 0x2A,
    0xBB, 0x44, 0x41, 0xBE, 0xDD, 0xA3, 0x76, 0x7F, 0xEA, 0x37, 0x76, 0x87, 0x42, 0x3A, 0x07, 0x37,
    0xEC, 0x8C, 0xEA, 0xA3, 0x7B, 0x9E, 0x47, 0xE8, 0xC5, 0xD1, 0x41, 0x92, 0x6A, 0xB6, 0xAC, 0xD2,
    0x71, 0x79, 0x29, 0xA5, 0x3D, 0xBF, 0x07, 0xDE, 0x26, 0x4C, 0x20, 0x4A, 0x06, 0x6E, 0x17, 0xA9,
    0x61, 0xE9, 0x36, 0xA4, 0x88, 0xD7, 0x8E, 0xA2, 0xEF, 0x12, 0xDA, 0x62, 0x3A, 0x54, 0x58, 0xD8,
    0x5E, 0xC4, 0x49, 0x61, 0xF9, 0xC2, 0x00, 0x65, 0x00, 0x50, 0x16, 0xAA, 0x89, 0x6D, 0xA9, 0x78,
    0x4D, 0x0C, 0xF2, 0xA1, 0xF8, 0x12, 0xAB, 0x00, 0x75, 0x74, 0x77, 0xA2, 0x10, 0x98, 0x58, 0x54,
    0x97, 0x6F, 0x48, 0x84, 0xCA, 0x77, 0x17, 0x06, 0x1F, 0x88, 0x42, 0xE0, 0x02, 0x78, 0x24, 0xB2,
    0x45, 0xFC, 0x68, 0x5A, 0x72, 0x40, 0xCB, 0xBA, 0x48, 0x75, 0xC6, 0x20, 0x17, 0x83, 0x7D, 0xBE,
    0xEC, 0x56, 0x8B, 0xA1, 0xD3, 0x7C, 0x49, 0x2C, 0x23, 0x79, 0xCD, 0xF1, 0x39, 0xC5, 0xAF, 0x1B,
    0xF5, 0x35, 0xCD, 0x32, 0x8C, 0x3A, 0x9E, 0x12, 0x7A, 0x68, 0xE4, 0xFC, 0x1C, 0x33, 0x71, 0x74,
    0xDF, 0x93, 0x09, 0xBF, 0xF5, 0x9E, 0x16, 0x09, 0xED, 0x35, 0x8D, 0xB1, 0xD7, 0x14, 0xC6, 0x3D,
    0x14, 0xDE, 0x51, 0x97, 0xE0, 0xE6, 0x63, 0x21, 0xB9, 0x19, 0x23, 0x7E, 0x87, 0x66, 0x65, 0xAE,
    0x53, 0x7B, 0xB2, 0xD4, 0xA2, 0xFC, 0x5F, 0xE6, 0x37, 0x06, 0x79, 0xF9, 0x8C, 0xF9, 0xBB, 0x58,
    0x66, 0x0B, 0x15, 0xA3, 0x89, 0x2C, 0x33, 0x7D, 0x84, 0xE9, 0x8F, 0xA4, 0x08, 0x81, 0x7C, 0x8A,
    0xEA, 0x5D, 0x03, 0x53, 0xA6, 0xDC, 0xA0, 0xFE, 0xBF, 0x8F, 0x50, 0x75, 0x65, 0xB4, 0xFA, 0xD7,
    0x5A, 0x11, 0x9E, 0x0F, 0xE5, 0x5D, 0x3A, 0x33, 0x16, 0x6F, 0xD8, 0x50, 0xF6, 0x93, 0xDD, 0xA4,
    0xF0, 0x0E, 0x40, 0xA2, 0x5B, 0xF0, 0xAE, 0x50, 0x70, 0xF9, 0xBF, 0x70, 0xA7, 0xAD, 0x06, 0x84,
    0xA9, 0xFA, 0x37, 0x6A, 0x60, 0x5B, 0x2D, 0xC1, 0x6E, 0x0F, 0x5F, 0xC4, 0x48, 0xBA, 0x52, 0xB1,
    0xEC, 0xCF, 0xD8, 0xA8, 0xDE, 0x19, 0x2B, 0x4A, 0xD4, 0x43, 0x19, 0x5A, 0x5E, 0x76, 0x8B, 0xB8,
    0x09, 0xC4, 0x8D, 0x81, 0x5D, 0x0F, 0x02, 0x1C, 0x81, 0x8E, 0x1B, 0x32, 0xF0, 0x51, 0x15, 0x82,
    0x0A, 0x36, 0x66, 0xB4, 0xEB, 0xF6, 0x1B, 0xDA, 0xB9, 0xC7, 0x84, 0xAC, 0xD6, 0x73, 0xB6, 0xD0,
    0x1B, 0x63, 0x2B, 0x84, 0x11, 0x05, 0x5E, 0xB2, 0x6B, 0x25, 0x63, 0x72, 0x5E, 0x65, 0x4E, 0x4A,
    0xE9, 0x8D, 0xD4, 0x48, 0xA0, 0x19, 0x3B, 0x20, 0x07, 0x0E, 0x42, 0xDF, 0x22, 0x3B, 0x4E, 0x38,
    0xD7, 0x29, 0xE7, 0x78, 0xDD, 0x66, 0x46, 0xD3, 0x6B, 0x4C, 0xAE, 0x30, 0x88, 0xC1, 0x02, 0xCD,
    0x10, 0x02, 0xB2, 0x20, 0x9A, 0x67, 0xA8, 0x28, 0x82, 0xA7, 0xE7, 0x3D, 0x0E, 0xC5, 0x6A, 0x05,
    0xB0, 0xDB, 0x61, 0xA1, 0x8B, 0x2E, 0x66, 0xD7, 0x04, 0x1B, 0x8F, 0x3E, 0x7B, 0xE0, 0x04, 0x05,
    0x88, 0xD8, 0xAC, 0x8B, 0x22, 0xB8, 0x30, 0x0C, 0x07, 0x24, 0x96, 0xAE, 0x95, 0xC5, 0x59, 0xEF,
    0x80, 0x58, 0xAC, 0x77, 0x1B, 0x13, 0xEC, 0x80, 0x48, 0xD3, 0xB6, 0x34, 0x0E, 0xEB, 0x6F, 0x1D,
    0x37, 0xA8, 0x68, 0x1C, 0xA1, 0xF6, 0x07, 0xE8, 0xE0, 0x4A, 0x73, 0xB4, 0x22, 0x90, 0x33, 0x14,
    0xCD, 0x0F, 0x48, 0xC7, 0x2B, 0x50, 0xAE, 0x6F, 0xDC, 0xC0, 0x92, 0x42, 0xE1, 0xEA, 0xC9, 0x03,
    0xAD, 0x4C, 0xC1, 0x46, 0x53, 0x4A, 0x03, 0xE4, 0x99, 0x7A, 0x6C, 0xFE, 0x9A, 0x67, 0xEC, 0xE6,
    0xA9, 0x74, 0x92, 0x10, 0xDF, 0xCE, 0x0B, 0x25, 0x4F, 0x7D, 0x5A, 0xA0, 0xCD, 0xDA, 0xA4, 0x14,
    0x74, 0xEF, 0xC1, 0xAD, 0x9D, 0x1F, 0x00, 0x41, 0xD6, 0xB6, 0x6A, 0x4B, 0xCC, 0xB6, 0x53, 0x30,
    0x36, 0xA3, 0xD2, 0xFB, 0xAA, 0xC1, 0xE5, 0xE4, 0x6D, 0xF3, 0xE8, 0xA4, 0x59, 0x74, 0xFE, 0xF8,
    0x65, 0x79, 0xBC, 0x3C, 0x8D, 0x5D, 0x28, 0x43, 0x12, 0xEC, 0x60, 0x19, 0x9F, 0xC0, 0x1F, 0x20,
    0xFF, 0x8A, 0xAF, 0x3E, 0x96, 0x21, 0x2B, 0xBD, 0x31, 0x5B, 0x82, 0xE2, 0x70, 0x70, 0x94, 0x8F,
    0x5D, 0xA8, 0x44, 0xEE, 0xE1, 0xCC, 0xF3, 0xB7, 0xA7, 0x17, 0xE0, 0xC4, 0xAB, 0x0A, 0x98, 0xCC,
    0x5E, 0x98, 0xCD, 0xE4, 0x05, 0xD2, 0x78, 0x38, 0x9C, 0x56, 0xF6, 0x1B, 0x71, 0x68, 0xAD, 0x68,
    0xE7, 0x09, 0xC1, 0xE7, 0x6F, 0x93, 0x10, 0xDC, 0x27, 0x44, 0xB7, 0x4C, 0xBB, 0x35, 0x2D, 0xDA,
    0xC4, 0xFC, 0xC6, 0xAA, 0x35, 0x47, 0x75, 0xC2, 0x1B, 0x6D, 0xC2, 0xBB, 0x92, 0x78, 0xCA, 0x12,
    0x58, 0xA6, 0x18, 0xCA, 0xBE, 0xC5, 0xE5, 0x96, 0x18, 0x32, 0x14, 0xC0, 0xF7, 0x2F, 0xA4, 0xF2,
    0x39, 0x74, 0xFC, 0x6C, 0x8F, 0xA1, 0xD4, 0x10, 0x3B, 0x16, 0xC5, 0xA7, 0x9C, 0xF2, 0xC6, 0x9E,
    0xAE, 0x7D, 0xEF, 0x85, 0x3A, 0xDA, 0xDB, 0x35, 0xE4, 0x8F, 0xB6, 0x54, 0x9F, 0x39, 0x22, 0x7F,
    0x07, 0x57, 0x6C, 0xDE, 0x3E, 0x2B, 0xBC, 0x7D, 0x4F, 0xA0, 0x31, 0xE2, 0x7D, 0x6C, 0xB8, 0xB2,
    0xC4, 0x56, 0xDC, 0xFD, 0x0C, 0xCF, 0x8C, 0xD1, 0x33, 0xA0, 0xB5, 0x9B, 0x60, 0xCE, 0xBE, 0x41,
    0xB4, 0xE3, 0xB4, 0x97, 0xC3, 0xCC, 0x7D, 0x36, 0xD7, 0x33, 0x84, 0x7C, 0x5E, 0x72, 0xED, 0xC3,
    0xF0, 0x10, 0x9F, 0x1F, 0x13, 0x65, 0xF0, 0x9D, 0x42, 0xAA, 0xC8, 0xD4, 0xAE, 0x0D, 0x78, 0xCB,
    0x8A, 0xCC, 0xAE, 0x78, 0x35, 0x3F, 0xEC, 0x53, 0xC8, 0xD9, 0xFB, 0x2C, 0x69, 0xF1, 0x13, 0x4F,
    0x2C, 0xA6, 0xF0, 0x43, 0x97, 0xF4, 0xC0, 0x35, 0x3D, 0x40, 0xCB, 0x8F, 0x74, 0x21, 0xC9, 0xF1,
    0x93, 0x21, 0x38, 0x7A, 0xBC, 0xD5, 0xC3, 0x0E, 0x24, 0x72, 0x77, 0x7A, 0x65, 0x66, 0xC3, 0x3B,
    0x8F, 0x39, 0x1E, 0x44, 0x18, 0x7E, 0x49, 0x33, 0x81, 0x94, 0x28, 0x92, 0xC7, 0x4E, 0x41, 0x9D,
    0xE9, 0xB1, 0xF0, 0x45, 0x5A, 0x63, 0x1C, 0x4C, 0xE8, 0xEA, 0x78, 0xB1, 0xD5, 0xBC, 0x22, 0x13,
    0xB3, 0xD9, 0x23, 0x7C, 0xD2, 0xE0, 0xEC, 0x4C, 0xE5, 0x62, 0xFE, 0x42, 0x10, 0xB2, 0x19, 0xAE,
    0xC3, 0xB8, 0xE3, 0xA2, 0x47, 0x29, 0xBF, 0x99, 0x70, 0x37, 0x21, 0x9B, 0x33, 0xDB, 0x22, 0xC4,
    0xFB, 0xC5, 0xF9, 0x59, 0x92, 0x41, 0x78, 0x74, 0x76, 0x6F, 0xED, 0x39, 0x29, 0x28, 0x86, 0x88,
    0x43, 0x49, 0x06, 0x76, 0xFF, 0x15, 0xE2, 0x6A, 0x1A, 0x29, 0xB7, 0x87, 0x27, 0x7C, 0x03, 0xDB,
    0xE1, 0xF2, 0x36, 0xC7, 0xDD, 0x27, 0x64, 0x9E, 0xA4, 0x81, 0xEC, 0x30, 0xC9, 0x88, 0xC7, 0xBB,
    0xA0, 0x71, 0x2D, 0xD0, 0xC9, 0xC2, 0xB0, 0xE4, 0xC8, 0x18, 0x7C, 0xA6, 0x8C, 0x12, 0xE0, 0x0D,
    0xC2, 0xED, 0x01, 0x98, 0xBA, 0x0F, 0xA4, 0xC4, 0xEA, 0x2A, 0xFC, 0x40, 0x2B, 0x46, 0xC9, 0x4C,
    0xCE, 0xDB, 0x4A, 0xB9, 0xA9, 0x42, 0xAC, 0xB0, 0x0B, 0x56, 0x0A, 0xAB, 0x0C, 0xCF, 0xDF, 0x11,
    0x7B, 0x19, 0x90, 0xED, 0xF4, 0x3F, 0xA2, 0x00, 0x06, 0x66, 0x4B, 0xC9, 0x4B, 0x1B, 0x42, 0x1D,
    0x2E, 0x74, 0xB2, 0x2D, 0x2C, 0x07, 0x26, 0x5A, 0xD7, 0x24, 0x08, 0x6E, 0xDF, 0x57, 0x19, 0x5F,
    0x8D, 0x4E, 0x35, 0x73, 0x03, 0x0E, 0x9F, 0x38, 0xC7, 0x54, 0x9A, 0x94, 0x8D, 0x5C, 0x48, 0xCD,
    0xCC, 0x74, 0xDA, 0x39, 0x5E, 0xD8, 0xD6, 0xC6, 0xD6, 0x37, 0xB1, 0xD6, 0x65, 0x2C, 0x14, 0xC5,
    0x22, 0x1C, 0x35, 0x5E, 0x40, 0xA0, 0x58, 0xCD, 0x31, 0x0B, 0xA7, 0xE7, 0x7C, 0x64, 0xA2, 0x29,
    0x5F, 0x37, 0x17, 0xBB, 0x1E, 0x24, 0xFB, 0x60, 0xD4, 0x02, 0xD6, 0x93, 0x49, 0x20, 0xB9, 0x04,
    0x39, 0x3F, 0x18, 0x69, 0x31, 0xB1, 0x04, 0x68, 0x19, 0xA9, 0xFA, 0xF4, 0xFB, 0x44, 0x58, 0x1C,
    0x99, 0x59, 0x06, 0x2B, 0x3D, 0xE1, 0x8C, 0xB5, 0xDC, 0x88, 0x45, 0x96, 0x6A, 0xF6, 0xB7, 0x84,
    0x48, 0x6C, 0x10, 0x74, 0x9A, 0x2F, 0x5E, 0x6C, 0xB8, 0xFF, 0x1C, 0xB8, 0xEA, 0x64, 0x97, 0x1C,
    0xA1, 0x96, 0x50, 0x00, 0x65, 0xE1, 0x7B, 0x52, 0xAB, 0x07, 0x47, 0x16, 0xD4, 0x65, 0x8A, 0x09,
    0x93, 0xA7, 0x6E, 0xDC, 0x0D, 0x6E, 0x3F, 0xAD, 0x8C, 0xC6, 0xE7, 0x60, 0x5C, 0xC2, 0xDB, 0x25,
    0x2F, 0x91, 0x9A, 0xB7, 0xF8, 0x9A, 0x95, 0xE1, 0x15, 0x7D, 0xC3, 0xEC, 0x34, 0x71, 0xA8, 0xF4,
    0xF3, 0x1C, 0xE2, 0xB3, 0xA6, 0xBB, 0x9F, 0x3B, 0x64, 0xF8, 0x6A, 0xE8, 0x0B, 0xDF, 0x60, 0x59,
    0x82, 0xF2, 0x8E, 0x38, 0xE6, 0x50, 0xA2, 0xE7, 0x80, 0x7E, 0xC4, 0x06, 0xC0, 0x50, 0x0C, 0x80,
    0x0D, 0xC7, 0x59, 0x55, 0x4C, 0x8B, 0x3D, 0xDA, 0xAD, 0x68, 0xFE, 0x54, 0xBA, 0x77, 0x9E, 0x98,
    0xDC, 0x1D, 0x56, 0x11, 0xA4, 0x5C, 0x2E, 0xA6, 0x75, 0x41, 0xD6, 0x49, 0x79, 0x86, 0x75, 0xBD,
    0x47, 0x55, 0x37, 0xA7, 0x95, 0xA2, 0xC0, 0xE5, 0x32, 0x42, 0x4A, 0xC6, 0x8C, 0x78, 0xF8, 0x23,
    0xB6, 0xEF, 0x46, 0xA2, 0x21, 0x8B, 0xC1, 0xE4, 0x26, 0x33, 0xFA, 0x23, 0x96, 0xDF, 0x3A, 0x3F,
    0xCD, 0x84, 0xEB, 0x40, 0x49, 0x5B, 0x94, 0xDE, 0x0B, 0x7D, 0x66, 0xED, 0x8B, 0x8B, 0x7D, 0xA4,
    0xAC, 0x76, 0xD3, 0xB7, 0xC3, 0xA7, 0x55, 0x69, 0x7E, 0x45, 0x83, 0x2C, 0x82, 0x23, 0x35, 0xED,
    0x6F, 0x69, 0x05, 0x72, 0xA4, 0x1F, 0xCE, 0xFA, 0x5F, 0x18, 0x8A, 0x85, 0xC8, 0xC9, 0xB2, 0x92,
    0x82, 0x2F, 0x17, 0x0B, 0x40, 0xA2, 0xA7, 0x18, 0x22, 0xC1, 0x6A, 0x4F, 0x8A, 0xB6, 0xAB, 0xEC,
    0xCD, 0xBB, 0x1A, 0x9F, 0xBA, 0x4F, 0xB6, 0xBA, 0xE6, 0x94, 0x70, 0xA9, 0x95, 0x2D, 0xAD, 0xC0,
    0x41, 0x57, 0xE0, 0xF1, 0xCE, 0x0A, 0x0C, 0xD7, 0x91, 0x3A, 0x31, 0x4B, 0x9F, 0x37, 0x89, 0x33,
    0xDD, 0xB9, 0x4F, 0x52, 0xD4, 0x39, 0xED, 0x1C, 0xE5, 0x86, 0xDD, 0xCE, 0x8F, 0x4E, 0x61, 0xA3,
    0xB1, 0x87, 0x96, 0xF5, 0xDB, 0x53, 0x94, 0x90, 0xF6, 0x69, 0xD0, 0x80, 0x4B, 0x65, 0xF5, 0x6F,
    0x51, 0x55, 0x1B, 0xF8, 0xEA, 0x2C, 0xEC, 0x87, 0x4D, 0x2F, 0x58, 0x21, 0x1C, 0xDF, 0x5F, 0x89,
    0x42, 0x30, 0x15, 0x1C, 0x68, 0x73, 0x98, 0xDF, 0x5D, 0x05, 0xB1, 0x79, 0x6D, 0xD3, 0xE1, 0xEF,
    0x1E, 0x7F, 0x83, 0x89, 0xA2, 0xAC, 0x20, 0xEA, 0x0A, 0x17, 0xDE, 0xC4, 0xCF, 0x7D, 0x4C, 0x63,
    0x7F, 0x13, 0xBB, 0xC4, 0x80, 0xF7, 0xAC, 0xC2, 0x32, 0x67, 0x25, 0xA5, 0xED, 0xD1, 0xFF, 0xD4,
    0xC5, 0x68, 0xDA, 0x9F, 0x63, 0xE1, 0xB7, 0xE0, 0xFB, 0xE8, 0x1B, 0x13, 0x5B, 0xE9, 0xB1, 0xF4,
    0x1C, 0xF8, 0x78, 0xFF, 0x83, 0x4B, 0xFE, 0x1C, 0xEE, 0xB3, 0xA2, 0x6C, 0x59, 0x9A, 0xF1, 0xD9,
    0x10, 0x34, 0xF6, 0x49, 0xEC, 0x9B, 0x86, 0x6A, 0x66, 0xFC, 0x6B, 0xB6, 0xBF, 0xAA, 0xC9, 0xAE,
    0x10, 0xCB, 0xCE, 0xBF, 0x7D, 0xC1, 0xDC, 0x7F, 0xB3, 0x06, 0xF6, 0xD7, 0x92, 0xC3, 0xAC, 0xD0,
    0x5F, 0x47, 0x5A, 0x7A, 0xE7, 0xC5, 0xFE, 0xC2, 0x1D, 0x1E, 0xE2, 0x11, 0x49, 0xB1, 0x40, 0xDE,
    0x02, 0xAF, 0x11, 0xBD, 0x93, 0x85, 0x91, 0xAC, 0x6F, 0x23, 0xE9, 0x83, 0x01, 0x1B, 0xF3, 0x4A,
    0xAA, 0x10, 0x72, 0xB0, 0xE2, 0x7A, 0xF8, 0x26, 0xD7, 0xEC, 0xAE, 0xD8, 0xA9, 0xC5, 0xE8, 0x88,
    0x99, 0xF2, 0xCB, 0xF8, 0x15, 0x78, 0x26, 0xA5, 0x80, 0xDA, 0x08, 0x4D, 0x6C, 0x25, 0x49, 0x29,
    0x0A, 0x0F, 0x5C, 0x60, 0x34, 0xBA, 0x25, 0x79, 0x14, 0x52, 0x0C, 0x98, 0xBC, 0xEF, 0xFA, 0x27,
    0x74, 0xCA, 0x8A, 0x1C, 0x6A, 0x03, 0xAF, 0x50, 0x04, 0x70, 0xC0, 0x2F, 0xB3, 0xC5, 0x31, 0x1F,
    0xC4, 0x88, 0x5F, 0xF4, 0x4F, 0x43, 0xBF, 0x39, 0xBB, 0xC5, 0x88, 0x94, 0x96, 0x8A, 0x24, 0xC9,
    0x5A, 0x11, 0xE8, 0x23, 0x5D, 0x6C, 0xAC, 0x06, 0x0B, 0x59, 0xD4, 0x2D, 0xB8, 0x1D, 0x70, 0x1B,
    0x07, 0x14, 0xA1, 0x75, 0x1F, 0x50, 0x80, 0x7B, 0x7A, 0x4D, 0x08, 0xDC, 0xD1, 0x84, 0xC0, 0x21,
    0x1D, 0x43, 0x30, 0xCC, 0x58, 0x50, 0xC1, 0x97, 0x08, 0xAC, 0x1F, 0x58, 0xEE, 0x25, 0x71, 0x21,
    0x98, 0x60, 0x2E, 0xE4, 0xA6, 0x43, 0x75, 0xC5, 0xF5, 0xEB, 0xC0, 0x73, 0x49, 0xEC, 0xE1, 0x6E,
    0x70, 0x74, 0xCF, 0xE3, 0xC6, 0x58, 0xD0, 0x82, 0x61, 0xAA, 0xFA, 0x56, 0x9F, 0x6A, 0x56, 0x32,
    0x54, 0x40, 0x7D, 0x28, 0x6C, 0x92, 0x65, 0x82, 0x67, 0x87, 0xE8, 0xAD, 0xB2, 0xB2, 0xFD, 0x99,
    0xA7, 0x93, 0x19, 0x4F, 0x2F, 0x93, 0x0D, 0x00, 0x7E, 0xDE, 0x45, 0x45, 0x81, 0x04, 0x14, 0x0A,
    0x05, 0xC6, 0x93, 0xA5, 0x07, 0x61, 0x72, 0x10, 0x7A, 0x1F, 0xC8, 0x1C, 0xB4, 0x13, 0x88, 0x1D,
    0x86, 0xBC, 0xF9, 0xA0, 0xAF, 0x90, 0xB8, 0xD0, 0x90, 0x6A, 0xD8, 0x3C, 0xC2, 0x79, 0x67, 0xE2,
    0x93, 0xF8, 0xA2, 0xF2, 0x8B, 0x0A, 0x30, 0x2A, 0xB9, 0x38, 0xA0, 0x32, 0xCC, 0x7E, 0xBE, 0xBE,
    0x27, 0xB6, 0xEC, 0x82, 0x83, 0x59, 0xFE, 0xE5, 0x3E, 0xA8, 0x38, 0x30, 0xE6, 0x1B, 0x86, 0x8B,
    0xB4, 0x70, 0x1E, 0x75, 0x65, 0x3C, 0x17, 0x21, 0xD7, 0xB9, 0x32, 0x0F, 0x78, 0x5D, 0x92, 0x4C,
    0xA3, 0x82, 0x8C, 0x4A, 0x21, 0x2F, 0x01, 0x1C, 0x91, 0x0A, 0x85, 0x91, 0x34, 0x98, 0xBF, 0x5D,
    0xE6, 0x64, 0x88, 0x47, 0xE9, 0x73, 0x4A, 0x24, 0x81, 0x43, 0xD4, 0x02, 0x29, 0x32, 0x5A, 0x71,
    0xD6, 0x95, 0xF6, 0x9D, 0xEC, 0x57, 0xF9, 0x57, 0x09, 0x1B, 0x0C, 0xC4, 0xEC, 0x24, 0x65, 0x2C,
    0x25, 0x4D, 0x36, 0x65, 0x7B, 0x42, 0xF4, 0xD4, 0x1A, 0x75, 0x9F, 0xE7, 0xC0, 0x9A, 0x20, 0x90,
    0x6A, 0xE0, 0x3C, 0x9A, 0xE9, 0xA0, 0xF5, 0x3D, 0x99, 0x03, 0x04, 0xAB, 0xE2, 0x91, 0x09, 0xC7,
    0x57, 0x85, 0x5A, 0x14, 0x7C, 0x5A, 0x9B, 0xF1, 0xD4, 0x54, 0xF7, 0xFB, 0x57, 0x28, 0xFF, 0xF7,
    0xF9, 0x0B, 0xC4, 0xFA, 0x13, 0xFC, 0x0F, 0xDD, 0x0B, 0x9B, 0x85, 0x1D, 0x0E, 0xF4, 0xAA, 0x37,
    0xC0, 0x5C, 0xB8, 0xE6, 0x6A, 0xCA, 0x60, 0x4B, 0xBE, 0xCE, 0x50, 0xF3, 0x59, 0xB4, 0x06, 0x40,
    0xA2, 0x3C, 0xE2, 0xF5, 0x5B, 0x57, 0x10, 0x99, 0xAF, 0x7D, 0xC2, 0x2F, 0xDA, 0x27, 0x2C, 0xCE,
    0x33, 0x8F, 0xA2, 0x0F, 0x4D, 0x5D, 0x68, 0xCD, 0x0B, 0x11, 0x21, 0x5F, 0xC4, 0xFF, 0xE8, 0x30,
    0x8B, 0xD7, 0xF5, 0x9E, 0x97, 0x1D, 0x3A, 0x53, 0xBD, 0x08, 0x7A, 0xB4, 0x79, 0x4D, 0x95, 0x35,
    0x4E, 0x6A, 0x9B, 0xF0, 0x55, 0x37, 0xE5, 0x09, 0x89, 0x54, 0x3B, 0x79, 0x6F, 0xBD, 0xF5, 0x49,
    0xF2, 0x4F, 0xE4, 0x83, 0xC5, 0x8F, 0x66, 0xF0, 0x8B, 0x1C, 0xEC, 0x00, 0xF1, 0x27, 0x5C, 0x0A,
    0x96, 0xF7, 0xCD, 0x72, 0xF2, 0xC0, 0x60, 0xA7, 0x25, 0x70, 0x7E, 0x7A, 0x00, 0x2B, 0x16, 0xC7,
    0x0B, 0x14, 0xA6, 0x03, 0x30, 0x07, 0x39, 0x81, 0x09, 0x1B, 0x30, 0xCD, 0xDC, 0x80, 0xC9, 0x5D,
    0x94, 0x9B, 0x9C, 0x05, 0x6A, 0x79, 0xD7, 0x80, 0xE4, 0x75, 0x46, 0x28, 0xD6, 0x09, 0x04, 0xCB,
    0x74, 0x1F, 0xB0, 0xE5, 0x6D, 0x24, 0x40, 0xEE, 0x36, 0x2C, 0x79, 0xC2, 0x20, 0xDC, 0x03, 0xFA,
    0x4F, 0xFA, 0x61, 0x2E, 0x9D, 0x36, 0x53, 0x05, 0xA4, 0xC8, 0x78, 0x1E, 0x0B, 0xEE, 0x2D, 0xE9,
    0x17, 0x00, 0x96, 0xF4, 0x9D, 0x0F, 0xD7, 0x2B, 0xFD, 0xF5, 0x92, 0x1D, 0x7D, 0xAD, 0xEF, 0x65,
    0x2E, 0x76, 0xE8, 0x91, 0xD1, 0xAD, 0xEF, 0x32, 0x5A, 0xB1, 0x7C, 0x75, 0x21, 0xDD, 0x42, 0x2A,
    0x90, 0xA5, 0x60, 0x14, 0x4C, 0x99, 0x26, 0x63, 0x50, 0x20, 0xB5, 0x4A, 0x2B, 0x2C, 0xB4, 0xB0,
    0x3C, 0x78, 0x7E, 0xB3, 0xD4, 0xEC, 0x79, 0xE4, 0x70, 0x1D, 0xEE, 0xD0, 0x40, 0x52, 0xB4, 0x38,
    0x07, 0x52, 0x12, 0x65, 0x81, 0x6E, 0x2E, 0xA0, 0x09, 0xE5, 0x48, 0xB5, 0x54, 0x6C, 0x1B, 0x14,
    0x69, 0x76, 0x9E, 0xB0, 0x56, 0x49, 0x69, 0x5F, 0xBB, 0x69, 0xBB, 0xCF, 0x5B, 0xF5, 0xAE, 0x22,
    0x15, 0x39, 0xE0, 0xAA, 0x77, 0x93, 0x5F, 0xF5, 0xAE, 0x91, 0xAA, 0x77, 0x05, 0x44, 0x08, 0x50,
    0x11, 0x51, 0xBF, 0xEA, 0x5D, 0x2D, 0x55, 0xEF, 0xB8, 0x7E, 0x9D, 0xD4, 0xCE, 0x9C, 0x54, 0x92,
    0x35, 0x97, 0x81, 0xC7, 0x67, 0x67, 0xD0, 0xEF, 0x82, 0x26, 0x60, 0x0C, 0x55, 0xEF, 0x6A, 0xBF,
    0xEA, 0x9D, 0x5F, 0xFE, 0xAE, 0xE2, 0x20, 0xF3, 0xAD, 0x56, 0x30, 0xC5, 0x02, 0xB2, 0x20, 0x08,
    0xA4, 0xD2, 0xA6, 0x37, 0x21, 0x67, 0x00, 0x56, 0xBD, 0x7B, 0xA8, 0x55, 0xEF, 0x7E, 0x71, 0x41,
    0xD5, 0xBB, 0x48, 0xAB, 0xDE, 0xE5, 0x22, 0x6C, 0x72, 0xD5, 0xBB, 0xA7, 0xC4, 0x2C, 0x7E, 0x64,
    0xA8, 0x3C, 0x10, 0x06, 0xBA, 0x82, 0x06, 0x0F, 0xB1, 0xA1, 0x70, 0xFB, 0x94, 0x0C, 0x3A, 0x81,
    0x69, 0x31, 0x84, 0x98, 0x45, 0xAC, 0x51, 0x83, 0xB2, 0x84, 0x14, 0x45, 0xD9, 0x23, 0x76, 0x00,
    0xE4, 0x23, 0x13, 0xAA, 0x06, 0x40, 0xC0, 0xF3, 0x31, 0x52, 0x52, 0xE4, 0x90, 0xA1, 0x59, 0xA1,
    0x4F, 0xB1, 0xC4, 0x4D, 0x97, 0xA0, 0x78, 0x73, 0x95, 0x98, 0x45, 0x35, 0xC2, 0x97, 0x9C, 0xFA,
    0x9B, 0x50, 0x11, 0x80, 0x9E, 0x0B, 0x17, 0x1A, 0x6A, 0x2A, 0x38, 0x16, 0x92, 0xAB, 0x37, 0x25,
    0x12, 0xB6, 0x3F, 0x06, 0x62, 0xCF, 0x19, 0x68, 0xE1, 0xA6, 0xE6, 0x1F, 0x7B, 0x0A, 0x48, 0xCB,
    0x4D, 0x7D, 0x8B, 0xB6, 0x8D, 0x82, 0xF6, 0x4E, 0x30, 0xF8, 0x68, 0x8F, 0x48, 0x34, 0x70, 0x63,
    0x17, 0xC4, 0x86, 0xB6, 0xCF, 0x85, 0x6A, 0x63, 0xA1, 0x51, 0x3D, 0x94, 0x7E, 0x6D, 0x65, 0x24,
    0x4D, 0xDC, 0xEA, 0x8D, 0x64, 0xC8, 0xB7, 0xBA, 0x99, 0x76, 0xB1, 0xDA, 0x75, 0xC4, 0xA4, 0x06,
    0x4F, 0xCF, 0x4B, 0x6C, 0x60, 0x64, 0x07, 0x3B, 0x97, 0x92, 0x48, 0x13, 0x6F, 0x8A, 0x10, 0x03,
    0x2A, 0x55, 0xD4, 0x17, 0x69, 0x2A, 0x63, 0x4C, 0xD3, 0xAB, 0xFB, 0xD4, 0xD5, 0x5F, 0xEF, 0x34,
    0x66, 0x46, 0xC3, 0x29, 0x64, 0xD3, 0x4D, 0xD5, 0xC5, 0x1B, 0x1B, 0x17, 0x3F, 0xB1, 0xB8, 0x42,
    0x4D, 0x5A, 0xAC, 0x60, 0x3A, 0x24, 0x97, 0x1C, 0xBF, 0x17, 0xB0, 0xD3, 0x07, 0xC3, 0xF3, 0xB0,
    0xCD, 0x33, 0x01, 0xCA, 0x3F, 0xA1, 0x5C, 0xE2, 0x32, 0xA6, 0xBE, 0x75, 0x86, 0x52, 0x50, 0xB9,
    0x9C, 0x7D, 0x69, 0x47, 0xF0, 0xDF, 0x91, 0x01, 0xA2, 0xE1, 0xB9, 0x1D, 0xF0, 0xEA, 0xEB, 0x42,
    0xA9, 0xFA, 0x18, 0x49, 0x1D, 0xC8, 0x0D, 0x77, 0x5F, 0xE8, 0x63, 0x2E, 0x62, 0x3B, 0x26, 0xBC,
    0x0F, 0x4D, 0x6C, 0x85, 0xB4, 0x53, 0x71, 0xE2, 0x4D, 0x87, 0x77, 0xB9, 0x6A, 0x29, 0xA4, 0xB5,
    0x73, 0x25, 0xF5, 0xD1, 0x79, 0x30, 0xB4, 0x38, 0x93, 0x0A, 0x61, 0x1B, 0x19, 0x89, 0xC8, 0x35,
    0xCC, 0x9C, 0x77, 0x1F, 0x5E, 0x05, 0xB5, 0x3F, 0xD1, 0x66, 0x3C, 0x91, 0xD1, 0x38, 0x13, 0x0C,
    0x19, 0x97, 0xB3, 0xD5, 0x1B, 0x85, 0xAD, 0x04, 0xAB, 0x44, 0xE6, 0x89, 0xF6, 0xEB, 0xF1, 0xAA,
    0x03, 0xB9, 0xF6, 0x3B, 0x41, 0xD4, 0x2C, 0x65, 0xF0, 0x8C, 0x3F, 0xAE, 0xC0, 0xB6, 0xAB, 0x0C,
    0xBA, 0xEC, 0x42, 0xAA, 0xB1, 0x1D, 0x78, 0x45, 0xB6, 0xBD, 0xAA, 0xD3, 0x7B, 0x70, 0xE3, 0x60,
    0xE2, 0xA0, 0x2B, 0xA2, 0x1C, 0x18, 0x85, 0x1B, 0xE3, 0x97, 0x56, 0x9E, 0x02, 0xBF, 0xDA, 0xB6,
    0x57, 0x6E, 0xDB, 0xAB, 0xB7, 0xED, 0x15, 0xDC, 0xF6, 0x2A, 0x6E, 0x7B, 0x25, 0xB7, 0xBD, 0x9A,
    0xDB, 0x5E, 0xD1, 0x6D, 0xAF, 0xEA, 0xB6, 0x57, 0x76, 0xDB, 0xAB, 0xBB, 0xED, 0x15, 0xDE, 0xF6,
    0x2A, 0x6F, 0x7B, 0xA5, 0xB7, 0xBD, 0xDA, 0xDB, 0x17, 0x3C, 0xBC, 0x96, 0xDF, 0x0E, 0xB4, 0xFE,
    0xB6, 0x5F, 0x6E, 0xB5, 0xDC, 0x81, 0xDD, 0xBA, 0xF6, 0x80, 0xD7, 0x08, 0xD1, 0x2D, 0x97, 0xD0,
    0xB9, 0x08, 0x23, 0x57, 0x61, 0xC4, 0x2B, 0x21, 0xB2, 0x71, 0x55, 0x41, 0x62, 0x73, 0x28, 0x64,
    0x22, 0x1D, 0xDD, 0x5F, 0xFB, 0x9D, 0x77, 0xFF, 0x7A, 0x10, 0xFC, 0x13, 0x2E, 0x2D, 0x12, 0x4A,
    0x3D, 0xE8, 0x88, 0x6D, 0xFE, 0xCC, 0x66, 0x42, 0xE0, 0x32, 0x94, 0x75, 0x35, 0x64, 0x62, 0x8F,
    0xD1, 0xA2, 0xDB, 0x9A, 0x54, 0x2F, 0x37, 0x74, 0x69, 0x56, 0x8D, 0x28, 0x74, 0xC8, 0x7C, 0x21,
    0x58, 0x2A, 0xF1, 0xC0, 0x8C, 0x2F, 0x20, 0x42, 0x53, 0x91, 0xD6, 0x5F, 0x23, 0x10, 0x48, 0xAB,
    0x05, 0x11, 0x99, 0x8C, 0x48, 0x5C, 0x0C, 0x0A, 0x01, 0x86, 0x01, 0xE8, 0x76, 0x08, 0xD2, 0x59,
    0xF6, 0x14, 0xEA, 0x69, 0x62, 0xA7, 0x53, 0x47, 0xC0, 0x90, 0x99, 0x3A, 0x60, 0xCB, 0x16, 0x35,
    0xCC, 0x60, 0xD0, 0x0A, 0xF0, 0xAE, 0xEE, 0x01, 0x2A, 0x7A, 0x1B, 0xF2, 0x7B, 0x44, 0xFD, 0xAE,
    0xE6, 0xA7, 0x40, 0xB0, 0x4D, 0xDC, 0x7B, 0x2D, 0x14, 0xCC, 0xBB, 0xE5, 0xBA, 0xB4, 0x99, 0x97,
    0xB0, 0xDD, 0x40, 0x5F, 0xAB, 0xBE, 0x54, 0x7D, 0xA5, 0x3F, 0x7C, 0x01, 0x05, 0x2A, 0x5E, 0xAF,
    0xCC, 0xA3, 0x6F, 0xB2, 0x60, 0x37, 0x1F, 0xA0, 0x9F, 0x9F, 0x02, 0x15, 0x27, 0xEC, 0xC6, 0xE2,
    0x59, 0xCA, 0xB3, 0xD6, 0x23, 0x37, 0xF9, 0x05, 0x15, 0x17, 0x93, 0xC2, 0x09, 0x0C, 0x8E, 0x5C,
    0xF6, 0x85, 0x3D, 0xF2, 0xE0, 0xC3, 0x40, 0x5B, 0x18, 0x15, 0xDE, 0xAD, 0x82, 0xE5, 0xE0, 0x5D,
    0x9E, 0x65, 0x99, 0x97, 0xB4, 0x6E, 0xD0, 0x78, 0x52, 0x90, 0xAD, 0xD6, 0x1D, 0x31, 0x49, 0xE9,
    0x93, 0x95, 0xE1, 0xDA, 0xA7, 0x65, 0x21, 0x66, 0x59, 0x1C, 0x8C, 0x6A, 0xD7, 0xE4, 0xF8, 0xD2,
    0xCA, 0xE5, 0xFE, 0x3E, 0xD1, 0x1F, 0x0D, 0x54, 0x2E, 0xF7, 0xEF, 0x26, 0x2E, 0x97, 0x2B, 0xE7,
    0xAD, 0x68, 0x8A, 0xFC, 0xFC, 0xC2, 0x72, 0xB9, 0x33, 0xB3, 0x67, 0xC3, 0xE5, 0x72, 0x0B, 0x69,
    0x29, 0xC0, 0xF5, 0x2E, 0xBE, 0xF4, 0x09, 0x94, 0xCB, 0x3D, 0xFA, 0xCC, 0xA4, 0x75, 0x7C, 0xB5,
    0x27, 0x6F, 0xEE, 0xD7, 0x07, 0x4A, 0xEB, 0xF8, 0xDA, 0xC4, 0x69, 0x1D, 0xEC, 0x55, 0x2E, 0x2B,
    0x4E, 0xEB, 0xA8, 0xD4, 0xEB, 0x7C, 0x41, 0x5A, 0x07, 0xD1, 0xB3, 0xF7, 0x2B, 0x76, 0x75, 0xE4,
    0x2D, 0xD1, 0xB4, 0x23, 0x1A, 0xBF, 0x88, 0xB4, 0x0E, 0xFB, 0xF3, 0x05, 0xB6, 0x02, 0xAC, 0xFC,
    0xBD, 0x9C, 0xD7, 0xCB, 0x32, 0x53, 0x25, 0xE4, 0x2B, 0xA8, 0xB6, 0x70, 0x84, 0x65, 0xBF, 0x26,
    0x89, 0x91, 0x0A, 0x07, 0x8F, 0xCF, 0x7E, 0xD0, 0x05, 0xDA, 0xB6, 0xE1, 0x33, 0x4E, 0xA8, 0x57,
    0x99, 0x97, 0x6F, 0x31, 0xAC, 0x88, 0x84, 0xFF, 0x53, 0x35, 0x50, 0x1C, 0x07, 0x6A, 0x64, 0x4C,
    0x2D, 0xB2, 0xE8, 0x77, 0xC6, 0xED, 0x4F, 0x0B, 0x17, 0x69, 0x4A, 0xBF, 0xC7, 0x8C, 0x14, 0x95,
    0xC6, 0x9C, 0x7C, 0xEB, 0x1E, 0x3B, 0x96, 0x3F, 0xE1, 0xDF, 0x31, 0xB3, 0x24, 0x09, 0xE9, 0x92,
    0xDF, 0x9F, 0x76, 0x13, 0xBA, 0xCA, 0x79, 0x21, 0x56, 0xB4, 0x10, 0xE1, 0xF7, 0x53, 0x6A, 0x42,
    0x77, 0x30, 0xF2, 0xC5, 0x8B, 0x40, 0x78, 0x9B, 0x43, 0x0F, 0x88, 0x50, 0x9B, 0x0C, 0x34, 0xF1,
    0x36, 0x64, 0xF2, 0x75, 0x11, 0x08, 0xE1, 0x7B, 0xF2, 0x22, 0x78, 0x35, 0xAF, 0xC9, 0x73, 0x45,
    0x20, 0xD4, 0x2A, 0x07, 0xAC, 0x23, 0x10, 0xE8, 0x6D, 0xDE, 0x97, 0xDB, 0x9F, 0x0F, 0x81, 0xC4,
    0xB8, 0x52, 0x46, 0x8F, 0xBE, 0xD5, 0x4C, 0x52, 0x9A, 0x4B, 0x40, 0xBA, 0x0F, 0x06, 0x01, 0x3D,
    0x83, 0xD0, 0x1F, 0xD1, 0x15, 0xA0, 0xBE, 0x66, 0x39, 0xD8, 0x04, 0xEE, 0xBA, 0x7A, 0x62, 0x81,
    0xAB, 0x33, 0x91, 0x4B, 0x4D, 0x80, 0xDC, 0x68, 0x5B, 0xC6, 0x6D, 0xD8, 0x48, 0xD1, 0xD8, 0x54,
    0xE6, 0xD8, 0x46, 0x00, 0xD7, 0x16, 0xEA, 0xA8, 0xAC, 0x78, 0x4E, 0xF6, 0xB2, 0x76, 0x07, 0x14,
    0x07, 0x41, 0x45, 0xCB, 0x15, 0xBB, 0xB1, 0xB5, 0x1C, 0x2F, 0x43, 0xA6, 0x7D, 0x02, 0x95, 0xE1,
    0x81, 0x73, 0x2A, 0xD7, 0x22, 0x72, 0xF8, 0x14, 0xAC, 0x4A, 0x49, 0xB9, 0x2A, 0xCF, 0x62, 0x96,
    0x3E, 0x36, 0x3B, 0x86, 0x65, 0xAD, 0x15, 0x5D, 0x88, 0x9E, 0x98, 0xAC, 0xFB, 0xD0, 0x17, 0x3B,
    0xD5, 0xD9, 0x85, 0xCA, 0xB4, 0x0A, 0x30, 0x60, 0x9D, 0x02, 0xB3, 0x37, 0x1C, 0xA0, 0x8D, 0x75,
    0xB2, 0x2C, 0x45, 0x87, 0x8A, 0xA5, 0xE8, 0x6E, 0x6F, 0x58, 0x06, 0x50, 0xBA, 0x3C, 0x40, 0x9D,
    0xB0, 0x61, 0xF9, 0xA5, 0xF1, 0x23, 0x0C, 0xD1, 0x8D, 0xFA, 0x3D, 0xAA, 0x91, 0xC2, 0x3D, 0xD0,
    0xB0, 0xF4, 0xC9, 0x4C, 0xE7, 0x35, 0x14, 0x3A, 0x8F, 0x72, 0x70, 0xC3, 0x02, 0x78, 0x83, 0x7B,
    0x11, 0x49, 0xFC, 0x34, 0x46, 0xFD, 0x21, 0xEA, 0xC7, 0xD2, 0xEA, 0xBD, 0xF0, 0xC0, 0xB9, 0xA8,
    0xA3, 0x61, 0x95, 0xE0, 0xC6, 0x1E, 0x24, 0x2A, 0xF8, 0x04, 0x64, 0xE6, 0xC3, 0x81, 0x55, 0xDE,
    0xDA, 0x8B, 0x3A, 0xBA, 0x6E, 0x92, 0xF7, 0xBB, 0xD8, 0x24, 0x6F, 0xF2, 0x9B, 0xE4, 0xAD, 0x8D,
    0x4A, 0x66, 0xBC, 0xF8, 0xC8, 0x35, 0x50, 0xE6, 0x0A, 0x96, 0x17, 0x1E, 0x15, 0xEB, 0x23, 0xBF,
    0x6E, 0x27, 0xF8, 0x0D, 0xBC, 0x9F, 0xB4, 0xDD, 0xD1, 0x6C, 0xAF, 0x4B, 0xAC, 0x7C, 0xCC, 0x12,
    0x2B, 0xC6, 0x95, 0x58, 0xC9, 0xBD, 0x54, 0x90, 0x0B, 0xD3, 0x45, 0xAE, 0x90, 0x22, 0x72, 0x61,
    0xBA, 0xC8, 0xB8, 0x1B, 0x96, 0x74, 0xDD, 0x6C, 0x71, 0xB7, 0xD9, 0xE2, 0xEC, 0x55, 0x34, 0x0C,
    0x4F, 0x65, 0x41, 0x49, 0x9F, 0xD7, 0x1D, 0x5A, 0x32, 0x9D, 0x4F, 0xB9, 0x3E, 0x99, 0x56, 0x5B,
    0xE1, 0xF8, 0x4F, 0xE6, 0x55, 0xB2, 0xFD, 0x49, 0xE8, 0xE8, 0x67, 0xBE, 0x8C, 0xCE, 0xD1, 0x83,
    0xD1, 0x59, 0xD1, 0x12, 0x87, 0xDF, 0x43, 0x1F, 0x28, 0x5E, 0x83, 0xFC, 0xD3, 0x21, 0x47, 0xD0,
    0xE3, 0x03, 0x1E, 0x7B, 0x9B, 0xFB, 0x75, 0x73, 0xBD, 0x4F, 0xB6, 0xB9, 0x1E, 0x6F, 0x90, 0x61,
    0xA3, 0x46, 0xB3, 0x4C, 0x93, 0xCD, 0x52, 0x0F, 0xB9, 0x7D, 0x63, 0x3F, 0xC9, 0x2C, 0x56, 0xB4,
    0x99, 0x0F, 0xF0, 0x8B, 0xE9, 0xF3, 0x1F, 0xF1, 0x33, 0xAC, 0x6C, 0xCC, 0xA1, 0x46, 0x5C, 0x08,
    0xE5, 0x9D, 0xB0, 0xE1, 0x3D, 0xB0, 0x6A, 0xD7, 0xB4, 0x10, 0xC1, 0xA4, 0xDE, 0x19, 0x29, 0x2B,
    0x9D, 0x71, 0xE5, 0xD3, 0xA6, 0xE7, 0xD9, 0xBF, 0xD1, 0xF7, 0x98, 0xB2, 0xF9, 0xAA, 0xC6, 0x82,
    0x9C, 0x09, 0xAB, 0xD0, 0xB3, 0x96, 0x72, 0x99, 0x77, 0x5B, 0x73, 0x5A, 0xD1, 0xEA, 0x0B, 0xE2,
    0x38, 0x68, 0x71, 0xD6, 0xFC, 0x68, 0x24, 0x97, 0x4E, 0x6E, 0x7E, 0xCC, 0x3E, 0x1D, 0x40, 0xE9,
    0x2C, 0x28, 0x9F, 0x04, 0x71, 0xFD, 0x37, 0xF3, 0xE3, 0xA9, 0xEA, 0x03, 0xCF, 0x88, 0x19, 0x48,
    0x4E, 0x55, 0xE0, 0x92, 0x6D, 0x9D, 0x69, 0x13, 0xD0, 0xFF, 0x9C, 0x45, 0xDF, 0xFC, 0xF1, 0x58,
    0xE9, 0xD5, 0x0A, 0xBE, 0x03, 0x7B, 0x0D, 0x3C, 0x0D, 0x5E, 0x97, 0x67, 0x35, 0xDC, 0x0B, 0xCD,
    0xEA, 0x1F, 0xDD, 0xDB, 0x30, 0x27, 0x6D, 0xD9, 0x37, 0x44, 0xCF, 0xA1, 0x61, 0xB6, 0x8D, 0xD4,
    0x24, 0xA5, 0x12, 0xA5, 0x30, 0xFB, 0x71, 0x49, 0x24, 0x52, 0x4B, 0x97, 0xC7, 0x2A, 0x66, 0xFE,
    0x84, 0x6E, 0xEE, 0xA1, 0x10, 0xEB, 0x8F, 0x48, 0x28, 0x1A, 0x96, 0xF2, 0xDF, 0xA8, 0x40, 0x50,
    0x8C, 0x6F, 0x18, 0x0A, 0xD7, 0xB6, 0x05, 0x2D, 0x19, 0xE0, 0xAA, 0x25, 0x6E, 0xC5, 0xCD, 0x44,
    0xA1, 0x34, 0x48, 0x1F, 0xB5, 0x40, 0x31, 0xC3, 0xA6, 0x99, 0x0A, 0xD2, 0x2D, 0xA6, 0x02, 0x9B,
    0x78, 0x5B, 0x8A, 0xBC, 0xCE, 0x52, 0x34, 0xF2, 0x34, 0x5E, 0x69, 0x6C, 0xA9, 0xC3, 0x49, 0x9F,
    0xAB, 0x4E, 0x67, 0xFE, 0xBC, 0x11, 0x5A, 0x23, 0x8D, 0x31, 0xA2, 0xC8, 0x9E, 0x17, 0x67, 0xE2,
    0x44, 0xF9, 0x3D, 0x78, 0xDD, 0x89, 0x28, 0x65, 0xC4, 0xD5, 0xD4, 0x85, 0x86, 0x6A, 0x95, 0xF2,
    0x7D, 0x4F, 0x05, 0x6D, 0xB9, 0xA3, 0x38, 0x67, 0x77, 0xF9, 0x69, 0xFA, 0xAC, 0xFC, 0x34, 0x31,
    0x5E, 0xC5, 0xD7, 0x16, 0xCC, 0xE1, 0x3F, 0x2B, 0x73, 0xE0, 0xA7, 0xD8, 0xCA, 0xA4, 0x90, 0x18,
    0xC8, 0xAE, 0xE9, 0x05, 0x29, 0xAF, 0x8B, 0x94, 0x9F, 0xC6, 0x07, 0xF8, 0x69, 0xF6, 0x79, 0x6D,
    0x56, 0x4A, 0x86, 0x74, 0xB1, 0xA4, 0x8B, 0x29, 0x5D, 0x8C, 0xE8, 0x4A, 0xC5, 0x9A, 0xAE, 0xDE,
    0x8E, 0x43, 0x34, 0xFA, 0x3E, 0xC5, 0x9F, 0x65, 0x1C, 0x87, 0x46, 0x6F, 0xDC, 0x88, 0xBB, 0x25,
    0x62, 0xBA, 0x31, 0x92, 0x7B, 0xF4, 0xF7, 0x58, 0xF4, 0x34, 0xA3, 0x80, 0x62, 0xE2, 0x9D, 0x60,
    0xFF, 0x26, 0x13, 0x4C, 0xC0, 0x1E, 0x8F, 0x48, 0x4B, 0x58, 0x8A, 0xB8, 0xD4, 0xAE, 0x4C, 0x35,
    0x6F, 0xB1, 0xD5, 0x3E, 0x64, 0x39, 0x35, 0x60, 0x13, 0x12, 0x19, 0x3E, 0x0B, 0x92, 0x89, 0xC8,
    0x10, 0x8F, 0xD6, 0x3C, 0x0A, 0xE3, 0x41, 0x1B, 0x3C, 0x15, 0x51, 0xA0, 0x0A, 0xD0, 0xE8, 0xE8,
    0xEF, 0x0A, 0x4A, 0xD9, 0x1C, 0x2B, 0x4A, 0x63, 0xE4, 0xF0, 0x34, 0x17, 0x42, 0xF0, 0x3A, 0x9B,
    0x59, 0xEE, 0xA3, 0x0E, 0xC8, 0xF1, 0xB4, 0x89, 0x94, 0xD6, 0x5C, 0x30, 0xCC, 0xA2, 0x92, 0xC4,
    0xCF, 0x49, 0x22, 0x77, 0xA1, 0x62, 0x57, 0xB5, 0xFC, 0x15, 0xE9, 0xAA, 0x13, 0x57, 0xDB, 0xC4,
    0xE8, 0xB7, 0x0A, 0xDD, 0x98, 0x76, 0x0D, 0xFD, 0x1E, 0x43, 0xDC, 0xCF, 0x08, 0xD2, 0xB8, 0x60,
    0xB2, 0x31, 0x0E, 0x4D, 0x82, 0x85, 0xC9, 0xAA, 0x41, 0x6D, 0x14, 0xCC, 0xBA, 0x23, 0x70, 0x8B,
    0xB6, 0xE2, 0x90, 0x8F, 0xD5, 0x97, 0xAC, 0x2E, 0xAA, 0xC8, 0x65, 0x6A, 0x47, 0x4E, 0xC5, 0x8C,
    0x9C, 0x7E, 0x69, 0xBF, 0x96, 0xB8, 0x93, 0x49, 0x31, 0x01, 0x3C, 0xEF, 0xE2, 0xAE, 0x66, 0x14,
    0x36, 0xD2, 0x11, 0x7A, 0x12, 0x6D, 0x92, 0x52, 0x5B, 0x06, 0x81, 0xA9, 0x08, 0x87, 0xC8, 0xE5,
    0x04, 0x6E, 0x24, 0xDB, 0x68, 0x62, 0xF5, 0x91, 0x5C, 0xA9, 0xCA, 0x6A, 0x66, 0xDA, 0x1A, 0x36,
    0x3C, 0x92, 0x2C, 0x96, 0xCF, 0x54, 0x85, 0x65, 0xC3, 0xB5, 0xE9, 0x9D, 0x63, 0xF4, 0xE6, 0x7D,
    0x4F, 0x31, 0xA3, 0x91, 0x8E, 0xE4, 0xA5, 0xB8, 0x77, 0x82, 0xAA, 0x48, 0xC5, 0x6F, 0x64, 0xE0,
    0xBC, 0x70, 0x1A, 0xFA, 0x04, 0xE2, 0xBC, 0xAD, 0x12, 0x86, 0xB9, 0xE1, 0xB8, 0xDD, 0x60, 0x56,
    0x38, 0xAE, 0x7F, 0x44, 0xB8, 0xFE, 0x21, 0x43, 0x7C, 0x8B, 0xEB, 0x1F, 0x72, 0xC4, 0xB7, 0x85,
    0x06, 0x67, 0x7A, 0x8A, 0x97, 0xAB, 0x2B, 0x22, 0x99, 0x8F, 0xA2, 0x72, 0x61, 0xA0, 0x49, 0xCD,
    0x28, 0x93, 0xEC, 0x28, 0x8E, 0x23, 0x0A, 0xF0, 0x6A, 0x23, 0x23, 0x1E, 0x77, 0xBC, 0x2B, 0x23,
    0x81, 0xB6, 0x38, 0x64, 0x61, 0x83, 0x62, 0x3C, 0xA7, 0x15, 0x95, 0xB9, 0x54, 0x8B, 0xA0, 0x3E,
    0x4F, 0x29, 0x19, 0x42, 0x54, 0xAC, 0xF9, 0xCA, 0xDD, 0xE0, 0xBA, 0xEF, 0xEA, 0x0B, 0xEF, 0xBB,
    0x7A, 0xCF, 0xEB, 0xBB, 0xDA, 0xBA, 0xBE, 0xAB, 0x9D, 0x1B, 0xDF, 0xAD, 0x1B, 0xDF, 0xCE, 0xA9,
    0xB3, 0xED, 0x01, 0x98, 0x38, 0x18, 0xFB, 0xDE, 0xFD, 0xDA, 0xF9, 0xFC, 0xCB, 0x60, 0xB7, 0x5A,
    0x89, 0x57, 0xAF, 0x04, 0xEE, 0xCD, 0x09, 0x60, 0x3F, 0xDC, 0x31, 0x33, 0xBE, 0xF2, 0xB5, 0xF4,
    0x3A, 0xA9, 0xA5, 0x87, 0x03, 0x8D, 0x8F, 0xB3, 0x95, 0xC7, 0xE9, 0xE5, 0x71, 0xB6, 0x32, 0x68,
    0xDD, 0x4E, 0xC4, 0x84, 0x34, 0xA9, 0x77, 0x8D, 0x57, 0x14, 0x84, 0xCE, 0xEB, 0x5E, 0xEE, 0xBA,
    0xDF, 0xAB, 0x1D, 0xEF, 0x7B, 0xE8, 0x3A, 0xBD, 0xD2, 0xEB, 0xE5, 0x5E, 0xA5, 0x1E, 0xEE, 0x18,
    0xEB, 0x0A, 0xA2, 0xFA, 0x63, 0x54, 0xF8, 0xFA, 0xCD, 0x66, 0x74, 0xD3, 0xA8, 0xB8, 0x08, 0x0F,
    0x1E, 0xEE, 0x0F, 0xE3, 0xBC, 0xF6, 0xA7, 0xE3, 0x25, 0xD8, 0x75, 0x14, 0x7B, 0x76, 0x7C, 0x95,
    0xF3, 0xBF, 0x78, 0xEC, 0x7A, 0x1A, 0xFB, 0x4D, 0x8D, 0xFD, 0xAE, 0xC6, 0x3E, 0xFB, 0x5A, 0xF5,
    0x35, 0x96, 0x89, 0x81, 0x82, 0x32, 0xCE, 0x0C, 0x44, 0x3D, 0x21, 0x9E, 0xEA, 0xE4, 0xEF, 0x85,
    0x6B, 0xFE, 0xAC, 0x11, 0x54, 0x17, 0x0E, 0xF5, 0x97, 0xA1, 0x7C, 0x2B, 0x33, 0xFE, 0x66, 0xE9,
    0xF5, 0x8A, 0x79, 0x1A, 0xE2, 0x99, 0xFC, 0xDC, 0x88, 0x92, 0xF7, 0xA9, 0x92, 0xA4, 0x5B, 0xCD,
    0x6E, 0x39, 0x7B, 0xC5, 0x24, 0xB5, 0x1F, 0xF1, 0x5D, 0x3F, 0x8A, 0x5A, 0xCC, 0xBB, 0x07, 0x8F,
    0x5A, 0xCF, 0xD2, 0x2C, 0x72, 0x37, 0xF4, 0x28, 0x7E, 0xAD, 0x72, 0xCD, 0x08, 0x3B, 0x4D, 0x27,
    0x7D, 0x89, 0x47, 0x3F, 0xFA, 0xCF, 0xF7, 0xBC, 0x23, 0xBE, 0x6F, 0x77, 0xB4, 0xAC, 0x8E, 0xC8,
    0x95, 0xA4, 0x47, 0x5B, 0x3D, 0x7A, 0xF2, 0x80, 0x43, 0x10, 0xD4, 0x07, 0x34, 0x79, 0x47, 0xA9,
    0x59, 0xBC, 0x23, 0xE7, 0x63, 0x2A, 0x48, 0x5F, 0xF3, 0xEF, 0x4C, 0xDD, 0x4E, 0x07, 0x8E, 0x9A,
    0x9D, 0xA3, 0xDA, 0x3B, 0xAA, 0x76, 0x8E, 0x4A, 0x72, 0x43, 0x61, 0xDC, 0x58, 0x45, 0x86, 0x27,
    0x76, 0x48, 0x35, 0xBC, 0x09, 0xE7, 0xAB, 0x23, 0x12, 0x6F, 0x39, 0x26, 0xAF, 0xE5, 0x23, 0x3F,
    0xE8, 0x23, 0x5A, 0xD9, 0xC4, 0x37, 0x2B, 0x2B, 0x78, 0xB2, 0xEA, 0x50, 0x95, 0xAF, 0xBA, 0x50,
    0x19, 0xBF, 0xB7, 0x54, 0xE6, 0x37, 0xC4, 0x69, 0x8C, 0x7F, 0x4A, 0xC7, 0x59, 0x57, 0xC9, 0x11,
    0x81, 0x16, 0x8F, 0x39, 0x98, 0xAC, 0xED, 0x4C, 0x9A, 0x3B, 0x78, 0xF4, 0x7C, 0x19, 0x1D, 0x5F,
    0xEE, 0xE4, 0x4D, 0x33, 0x3B, 0xF7, 0xD1, 0xC7, 0xC3, 0xC7, 0x68, 0xBC, 0x44, 0xCC, 0xC2, 0x97,
    0x60, 0x36, 0x94, 0x68, 0x24, 0x3F, 0xE1, 0x27, 0x0D, 0x55, 0x57, 0x08, 0xA8, 0xCB, 0xC3, 0xA4,
    0xE7, 0x8C, 0xA4, 0x9E, 0x0E, 0xFA, 0x83, 0x16, 0x0F, 0x1B, 0x87, 0x1B, 0x0F, 0x57, 0x6B, 0x1C,
    0x93, 0xE6, 0xA5, 0x2E, 0xB3, 0xD4, 0x73, 0x97, 0x65, 0x07, 0xB0, 0x37, 0xC4, 0xDE, 0xAB, 0xF0,
    0x0C, 0xDE, 0xFE, 0x5B, 0xF7, 0x5E, 0x50, 0xE4, 0xC2, 0x05, 0x57, 0x1D, 0xC9, 0x32, 0xF7, 0xB6,
    0x3D, 0x3B, 0x59, 0xE0, 0xB5, 0x98, 0x0C, 0xBD, 0x62, 0x24, 0xAB, 0xE9, 0x20, 0x96, 0xDA, 0xF0,
    0x76, 0xAD, 0xF7, 0xE4, 0x6A, 0x1D, 0x8E, 0x3A, 0x13, 0xDE, 0x11, 0xB5, 0x41, 0xF2, 0xC4, 0x50,
    0x34, 0x7F, 0xC8, 0xBE, 0xA4, 0x8A, 0x73, 0x18, 0x30, 0x90, 0x94, 0x2A, 0x87, 0x60, 0xEB, 0x55,
    0x34, 0x06, 0xE5, 0xE6, 0x3B, 0xA8, 0x0A, 0x0C, 0x90, 0x80, 0x82, 0xB5, 0x4B, 0xD0, 0xF9, 0xD4,
    0x80, 0x74, 0xCE, 0x2D, 0x6A, 0x4B, 0x6C, 0x26, 0x01, 0x42, 0x7A, 0x8D, 0x11, 0xD0, 0x80, 0x5A,
    0x2C, 0x95, 0x06, 0x7B, 0x24, 0xA0, 0x98, 0x90, 0xA1, 0x9C, 0x57, 0x44, 0x65, 0x22, 0xA8, 0xF6,
    0x11, 0x96, 0x4B, 0x30, 0xF4, 0x0D, 0x7B, 0x3E, 0x03, 0x3A, 0x3D, 0x26, 0x77, 0x35, 0x74, 0xE6,
    0x0A, 0x94, 0xC3, 0x6E, 0x83, 0x0A, 0x1A, 0x68, 0x30, 0x21, 0xF9, 0xC9, 0x72, 0x2A, 0x97, 0x88,
    0x95, 0xBE, 0xC0, 0x7D, 0x11, 0x61, 0x98, 0x39, 0x68, 0x25, 0xDF, 0xA1, 0x4E, 0xAA, 0xF6, 0xEF,
    0x1F, 0x10, 0xAF, 0xE8, 0x12, 0x89, 0x58, 0x98, 0x21, 0x5A, 0x3C, 0x78, 0x0D, 0x26, 0xF9, 0x13,
    0x2B, 0x07, 0x9C, 0xFC, 0x50, 0x1A, 0x56, 0x9A, 0x45, 0xFB, 0x81, 0x4E, 0x54, 0xE9, 0xE2, 0x3F,
    0x91, 0xCA, 0xF0, 0xDA, 0xD9, 0xAD, 0xE0, 0xE6, 0xFB, 0x18, 0x57, 0x7F, 0x77, 0x9D, 0x7A, 0xA4,
    0x63, 0x2B, 0x9A, 0x27, 0x35, 0x28, 0xE1, 0xB4, 0x91, 0x86, 0x7A, 0xA2, 0x60, 0x05, 0x16, 0x88,
    0xB0, 0xB7, 0x5A, 0xCB, 0x07, 0x64, 0xFF, 0xC9, 0xC0, 0x27, 0x04, 0x25, 0x04, 0x8A, 0x25, 0xC4,
    0x04, 0xDF, 0xB2, 0x98, 0x03, 0x1C, 0x55, 0xB0, 0x21, 0x13, 0x68, 0xF6, 0x80, 0xD9, 0x03, 0xF0,
    0x4F, 0x23, 0x66, 0xC1, 0xCE, 0x01, 0x0E, 0x36, 0x9E, 0x10, 0xCE, 0x6C, 0x59, 0xD1, 0x86, 0x42,
    0xF8, 0x52, 0xF3, 0x87, 0x68, 0x68, 0x19, 0xE0, 0xEA, 0x18, 0x0C, 0xCE, 0x11, 0xBE, 0xC6, 0x3C,
    0xB4, 0xCF, 0x17, 0x4A, 0x04, 0x1A, 0x97, 0x79, 0xF6, 0xC4, 0xC2, 0x85, 0xBC, 0x30, 0x21, 0x6D,
    0x57, 0xBF, 0x53, 0xBD, 0xCC, 0x79, 0x4A, 0x90, 0x0B, 0xF4, 0x6A, 0xBD, 0xCC, 0xDF, 0xD2, 0x02,
    0x96, 0x6B, 0xE1, 0x9F, 0x2B, 0xE5, 0xFC, 0x13, 0xA6, 0xC5, 0x5B, 0x52, 0x31, 0x42, 0xCA, 0x3B,
    0x71, 0x6A, 0xBA, 0x5A, 0xA7, 0x58, 0xC5, 0x67, 0x65, 0xF9, 0xB3, 0x52, 0xB3, 0x37, 0xDA, 0xAF,
    0xD9, 0xCB, 0xD5, 0x48, 0xDE, 0xE0, 0x9C, 0x2C, 0xAA, 0xF9, 0x52, 0x0B, 0xBE, 0x11, 0x92, 0xFB,
    0x99, 0x5A, 0xC7, 0x52, 0x25, 0xD1, 0x49, 0x97, 0x4A, 0xF8, 0xC3, 0xF2, 0xBA, 0xF3, 0xFB, 0x81,
    0xCE, 0xEF, 0x1F, 0xB2, 0x47, 0xD1, 0x48, 0x96, 0x89, 0xE1, 0x14, 0x4E, 0x9E, 0x6E, 0xA1, 0x17,
    0x56, 0xA0, 0xD5, 0x53, 0x15, 0x68, 0x40, 0x7A, 0x28, 0x3C, 0x5F, 0x81, 0x17, 0xC9, 0x2C, 0xBA,
    0x6C, 0x23, 0x40, 0x5C, 0x06, 0x9A, 0xA7, 0xED, 0xF2, 0xDA, 0x5F, 0xB5, 0x3A, 0xCC, 0x43, 0xA0,
    0x19, 0x4F, 0x52, 0xD2, 0x45, 0xA9, 0x17, 0x84, 0x20, 0x54, 0xC2, 0x10, 0x34, 0xCD, 0xA6, 0x5F,
    0x07, 0x1D, 0x48, 0xB8, 0x81, 0x04, 0x1A, 0xF8, 0x21, 0x06, 0xD8, 0x4B, 0xF6, 0xC6, 0xD9, 0xD9,
    0xFD, 0x82, 0x0B, 0x71, 0xCC, 0xD2, 0x9F, 0x19, 0x95, 0xCD, 0x3A, 0xA3, 0xD2, 0x78, 0x23, 0xED,
    0xEF, 0xC8, 0x81, 0xAA, 0x99, 0x97, 0x19, 0x36, 0xD3, 0xC1, 0x1A, 0x6C, 0x3D, 0x85, 0x4D, 0x6C,
    0xA8, 0x33, 0xE5, 0x4C, 0xED, 0xEE, 0x69, 0x33, 0x2E, 0x89, 0xD1, 0x65, 0xDC, 0x19, 0xB3, 0x2D,
    0xD8, 0xF9, 0xD1, 0x51, 0xAC, 0x8A, 0xE5, 0xA1, 0xD2, 0x6C, 0x6A, 0xA0, 0x97, 0x6B, 0x79, 0xBB,
    0xEB, 0x6F, 0x2C, 0xC2, 0xA2, 0x24, 0x90, 0xCA, 0x10, 0x64, 0x32, 0x7D, 0x52, 0x17, 0xE4, 0xF2,
    0x62, 0xC0, 0x29, 0xA7, 0xF4, 0xC5, 0xCE, 0x4F, 0xB3, 0x0B, 0x0A, 0x02, 0x20, 0xFA, 0x45, 0x94,
    0x4C, 0x07, 0xC5, 0xC0, 0x67, 0xA6, 0x53, 0x4E, 0x39, 0x1A, 0x5B, 0xF4, 0xA4, 0xA7, 0xDC, 0x15,
    0x34, 0x33, 0xC4, 0xEF, 0x8B, 0x85, 0xF6, 0x81, 0x62, 0x22, 0xBE, 0xD5, 0x8C, 0xC4, 0xB9, 0xB8,
    0x8D, 0x5C, 0x48, 0xB9, 0x5E, 0x3D, 0x66, 0x18, 0x25, 0x1C, 0xA2, 0xB1, 0x01, 0x25, 0xAC, 0xA6,
    0xAC, 0x22, 0x8A, 0xEA, 0xE3, 0xEC, 0x22, 0xC9, 0x29, 0xAA, 0x96, 0x82, 0xCB, 0x00, 0x57, 0x92,
    0x4C, 0x27, 0xE5, 0x80, 0xD9, 0xF4, 0xA7, 0x65, 0x81, 0x6B, 0xA6, 0xBC, 0xAE, 0x96, 0xB5, 0xA8,
    0xF7, 0x9C, 0xF4, 0x88, 0x77, 0x8F, 0x82, 0x57, 0x75, 0x65, 0xA4, 0xA3, 0x3D, 0x1D, 0xBF, 0x8E,
    0xF5, 0x8E, 0x3F, 0x89, 0xA9, 0x36, 0x91, 0xE1, 0x25, 0x42, 0xB9, 0x9A, 0xA6, 0x1A, 0xBB, 0x64,
    0x2D, 0x3B, 0x12, 0x1F, 0x5D, 0x5B, 0xF0, 0x54, 0xDB, 0x36, 0xD2, 0xD7, 0x4C, 0xA6, 0xDA, 0x93,
    0x0B, 0xA7, 0x5A, 0x45, 0x9B, 0xAA, 0x26, 0xCC, 0xEE, 0x83, 0xF0, 0xE4, 0x6D, 0x2B, 0x79, 0x95,
    0xAF, 0xD4, 0x54, 0x13, 0xB7, 0x3E, 0x08, 0xEE, 0xFE, 0x54, 0x8B, 0xFD, 0xA9, 0x56, 0x62, 0xBD,
    0xBC, 0x44, 0xA6, 0x1A, 0x8E, 0x43, 0xC3, 0x79, 0x6C, 0xC5, 0x22, 0xFE, 0x4E, 0xE2, 0x2E, 0x99,
    0x69, 0xB6, 0x7E, 0xEA, 0x5A, 0xBC, 0x9E, 0x62, 0xB1, 0x5F, 0xD6, 0xB4, 0x75, 0x34, 0x3C, 0x31,
    0xF3, 0xC9, 0x27, 0x37, 0xD5, 0x8E, 0xC0, 0x88, 0x06, 0xC9, 0x67, 0x25, 0x16, 0x91, 0xC4, 0xF8,
    0xD5, 0x54, 0xAA, 0x7C, 0x22, 0x42, 0xB3, 0x06, 0x94, 0x71, 0xB2, 0xAF, 0xE0, 0x14, 0xBE, 0x9A,
    0x6A, 0x72, 0xD0, 0x46, 0x94, 0xAF, 0x80, 0x2A, 0x3C, 0xF1, 0xF9, 0xBB, 0x8D, 0xD4, 0xCC, 0xEE,
    0x53, 0x09, 0x6D, 0x1B, 0x39, 0x24, 0x20, 0x36, 0x33, 0xE7, 0xE1, 0x44, 0xCE, 0xC2, 0xE1, 0x62,
    0xB6, 0x0B, 0x3F, 0xC0, 0x4E, 0xD5, 0xE6, 0x45, 0xD5, 0x69, 0xA3, 0xC6, 0x5A, 0x67, 0x9F, 0x90,
    0x2D, 0xAF, 0x72, 0xE5, 0x0A, 0xFE, 0x51, 0x03, 0x1C, 0xFF, 0xC1, 0x48, 0x36, 0x66, 0x6B, 0xB4,
    0x84, 0x57, 0xC5, 0xE1, 0xCD, 0x0B, 0x0B, 0x41, 0x81, 0xBA, 0x44, 0x36, 0xA8, 0x52, 0x50, 0x8E,
    0xE8, 0x96, 0x73, 0x0A, 0x73, 0x29, 0xAC, 0x14, 0x72, 0xB1, 0xA5, 0x73, 0xB8, 0x39, 0xF4, 0x80,
    0x70, 0xDF, 0xF0, 0x82, 0x3A, 0xC8, 0x60, 0xB7, 0x41, 0x46, 0xB8, 0x6D, 0x5E, 0x5E, 0x0B, 0x7D,
    0xAB, 0x2A, 0xE3, 0x56, 0x55, 0xC0, 0x4E, 0x91, 0xEE, 0x3C, 0x87, 0x50, 0xA3, 0x1B, 0x77, 0x51,
    0xFA, 0xB1, 0x59, 0xAF, 0x64, 0x95, 0xF4, 0x81, 0xAB, 0xA4, 0x4F, 0x5C, 0x25, 0x7D, 0xE2, 0x2A,
    0xE9, 0xBB, 0x7B, 0xF8, 0xB0, 0xA6, 0x7B, 0x7B, 0xF8, 0xF6, 0x69, 0x7B, 0x38, 0xC9, 0x9F, 0x77,
    0xA1, 0x31, 0x3C, 0x4B, 0x35, 0x9D, 0xD7, 0x76, 0xCF, 0xC7, 0x2D, 0x25, 0xF4, 0x2C, 0x8D, 0xF9,
    0x05, 0xDC, 0x3A, 0x0C, 0x5D, 0x07, 0x2A, 0x2B, 0x25, 0x9A, 0x23, 0x6E, 0x18, 0xB7, 0xBB, 0x98,
    0x14, 0xC2, 0xA2, 0x06, 0x5C, 0x22, 0xBE, 0x09, 0xBA, 0xF3, 0xB7, 0xB9, 0xBE, 0x80, 0xF4, 0x80,
    0xFD, 0x3C, 0xE3, 0x90, 0x13, 0xEA, 0x97, 0x5B, 0x6A, 0xC7, 0xD6, 0x0C, 0xF0, 0xA7, 0xE1, 0x43,
    0x76, 0x97, 0xC2, 0xC7, 0x9E, 0x0D, 0xA6, 0xF0, 0x6C, 0x30, 0xB9, 0x67, 0x24, 0xCB, 0x3C, 0x9C,
    0xFA, 0xD8, 0xB3, 0xC6, 0x25, 0x5E, 0x44, 0xEA, 0x66, 0xD8, 0xB7, 0x99, 0x41, 0x3D, 0x79, 0xD2,
    0x46, 0x7A, 0x4E, 0x2A, 0xC4, 0x4A, 0xE3, 0x16, 0x3D, 0x31, 0x96, 0x93, 0xC3, 0xA6, 0x57, 0x75,
    0x76, 0xDD, 0x6C, 0x51, 0x07, 0x6B, 0x57, 0xA8, 0x13, 0x94, 0xB6, 0x98, 0x33, 0x56, 0x0B, 0x7A,
    0xCD, 0x0A, 0x22, 0xAF, 0x61, 0x1E, 0x19, 0x19, 0x90, 0x5E, 0x22, 0x5A, 0x4E, 0xEC, 0x26, 0xFC,
    0xD0, 0x19, 0x97, 0xB7, 0x6A, 0x74, 0x1E, 0x3C, 0x54, 0x99, 0x55, 0x24, 0xB3, 0x97, 0xF2, 0xEA,
    0x50, 0xE8, 0xCC, 0x5A, 0xCE, 0xE0, 0xE8, 0xCC, 0x5B, 0x4D, 0xBB, 0x8F, 0x0A, 0x45, 0xBE, 0xCA,
    0x81, 0x41, 0x24, 0x28, 0xEB, 0x14, 0xA2, 0x03, 0xA2, 0x49, 0xB5, 0x53, 0x1F, 0x5E, 0x8B, 0x45,
    0x0E, 0x6F, 0x00, 0xCB, 0x3D, 0x46, 0x3B, 0x44, 0x4E, 0xF5, 0x71, 0xCA, 0x8F, 0x8B, 0xB6, 0x8C,
    0x28, 0x3E, 0x6B, 0x8D, 0x28, 0x0A, 0x9F, 0xAB, 0x61, 0xD4, 0x54, 0x16, 0x2F, 0xD6, 0x72, 0xEA,
    0x1B, 0x57, 0x58, 0xDD, 0xA1, 0x42, 0x91, 0xFD, 0xF8, 0x39, 0x17, 0xB5, 0x79, 0xED, 0x24, 0x68,
    0xD4, 0x8F, 0xF5, 0x42, 0x90, 0x65, 0xBB, 0x8F, 0x74, 0xD7, 0xE3, 0xB7, 0x60, 0x56, 0x68, 0xD8,
    0xF9, 0x9B, 0x6F, 0x84, 0x3C, 0xBC, 0xF7, 0x74, 0x7B, 0xE8, 0xF0, 0xDE, 0x53, 0x5F, 0xBE, 0xF7,
    0xBC, 0x5A, 0xDD, 0x18, 0x66, 0x51, 0xBB, 0x45, 0x5F, 0x5C, 0xA4, 0x06, 0x0A, 0x53, 0x11, 0x6D,
    0x77, 0xCA, 0xF0, 0x14, 0xD3, 0x53, 0xCA, 0xF1, 0x88, 0xAE, 0x25, 0xFD, 0x69, 0xFA, 0xCF, 0xC2,
    0x5C, 0xCF, 0x5A, 0x99, 0xE1, 0x7B, 0xC8, 0xCE, 0x75, 0x45, 0xE6, 0xC1, 0xFF, 0x78, 0xFE, 0xB9,
    0x7E, 0xDA, 0xCA, 0x2C, 0xCD, 0x2E, 0x45, 0x37, 0xEB, 0xAB, 0xCF, 0xF5, 0x87, 0x6E, 0xAE, 0xD7,
    0x81, 0x97, 0xA3, 0xB5, 0x87, 0x6A, 0x9E, 0x69, 0x50, 0xC8, 0x05, 0xE8, 0x28, 0x3D, 0x56, 0x72,
    0xEE, 0xD3, 0x1E, 0x1A, 0xCF, 0x73, 0x70, 0x39, 0x8D, 0x3B, 0xF2, 0x2A, 0x10, 0x6D, 0xCC, 0x1F,
    0x76, 0x24, 0xEE, 0xFE, 0xE2, 0x31, 0x05, 0x43, 0x7A, 0x5D, 0x01, 0xE6, 0xC0, 0xC5, 0x69, 0x1F,
    0x9B, 0x47, 0x34, 0xAB, 0xE8, 0x7B, 0xFB, 0xD4, 0x79, 0x0C, 0x98, 0x1E, 0xBB, 0x3E, 0xDF, 0x13,
    0xE7, 0x0A, 0x08, 0x1D, 0x25, 0xBF, 0xDC, 0xCF, 0x67, 0x2C, 0xD4, 0xF5, 0x53, 0xA8, 0xB3, 0x26,
    0x71, 0x45, 0xEB, 0x9D, 0x3B, 0xE9, 0x45, 0xA1, 0x9F, 0x36, 0xAE, 0xE0, 0x8C, 0x31, 0xA5, 0xA2,
    0x6D, 0xE0, 0xE5, 0x87, 0xB9, 0xEA, 0x3C, 0x90, 0xA3, 0x5E, 0x9E, 0xAA, 0x27, 0x30, 0xE6, 0x50,
    0xCB, 0x8E, 0x85, 0x45, 0xCD, 0x16, 0x7B, 0x61, 0xF3, 0x5A, 0x50, 0x45, 0xC5, 0xED, 0x1F, 0x52,
    0x2B, 0x86, 0x4C, 0x57, 0x56, 0xB5, 0x8F, 0x5A, 0x2A, 0xB7, 0xFE, 0x2C, 0x95, 0x20, 0x8F, 0xCD,
    0x73, 0xDA, 0xF8, 0x4A, 0x05, 0x37, 0x3F, 0x24, 0xF0, 0x35, 0xE9, 0xFB, 0xF6, 0x36, 0x0D, 0x5D,
    0x65, 0xBC, 0xF4, 0x7F, 0x97, 0x60, 0x49, 0xCF, 0x04, 0x5A, 0x6C, 0x4D, 0xF1, 0xA5, 0xCD, 0x4B,
    0x2E, 0xF7, 0xF8, 0x02, 0x2A, 0x41, 0x4A, 0x3A, 0x87, 0xAB, 0x4B, 0x14, 0xAC, 0x2D, 0x73, 0xAE,
    0x66, 0x66, 0xE4, 0x9C, 0x8F, 0x09, 0x67, 0x77, 0xB0, 0xD9, 0x2A, 0x33, 0xA3, 0x08, 0x96, 0xB8,
    0x75, 0x7C, 0x3B, 0x20, 0x17, 0x84, 0xDD, 0x21, 0xA6, 0x50, 0xCA, 0x28, 0xA5, 0x1C, 0x0F, 0x67,
    0xE5, 0xC5, 0x6C, 0x8C, 0x79, 0x5C, 0x83, 0x62, 0x4C, 0x38, 0xFC, 0xB0, 0x2C, 0xA6, 0x54, 0xE1,
    0xEC, 0xA0, 0xBD, 0xE6, 0x13, 0xA8, 0x67, 0xE4, 0xBA, 0x17, 0x69, 0x0E, 0xA9, 0x9F, 0x5B, 0x8B,
    0x25, 0x99, 0x1B, 0xE3, 0x47, 0x37, 0xF5, 0xCE, 0xA7, 0x77, 0x18, 0x0E, 0x4E, 0x21, 0x1B, 0x1D,
    0x9C, 0x82, 0x3D, 0x7D, 0x56, 0x6D, 0x00, 0xB4, 0xEE, 0x9D, 0x1A, 0x88, 0x0F, 0xF7, 0x6F, 0x98,
    0xBD, 0x7D, 0xF8, 0x66, 0xE3, 0x95, 0x61, 0x9B, 0x9D, 0xC7, 0x76, 0x72, 0x39, 0x46, 0xA3, 0x8C,
    0xB4, 0xC7, 0x19, 0x94, 0x35, 0xDC, 0xC4, 0x4E, 0x1A, 0x88, 0xFE, 0xBB, 0x0C, 0xB9, 0x3A, 0x7E,
    0x4B, 0x17, 0xE0, 0x4E, 0x5D, 0xEF, 0xC3, 0xF7, 0x62, 0x70, 0x1E, 0x8D, 0x09, 0x28, 0xEF, 0x91,
    0xDD, 0x1F, 0x7A, 0x4A, 0xBC, 0x2B, 0xB6, 0x05, 0xD1, 0xBE, 0x42, 0xF7, 0x6B, 0x31, 0x60, 0x46,
    0xA2, 0x56, 0xB1, 0x63, 0x41, 0x7F, 0x4E, 0x99, 0x6E, 0xC4, 0xB7, 0xF6, 0x3A, 0xC8, 0x9E, 0x27,
    0xDF, 0xF4, 0x18, 0xE0, 0xA2, 0x99, 0x71, 0x2B, 0x9E, 0xCF, 0x6A, 0xB9, 0x7D, 0x50, 0x7B, 0xE7,
    0xFF, 0x9A, 0x9F, 0x72, 0x62, 0x66, 0x3B, 0xF1, 0xA3, 0x8E, 0x5E, 0x18, 0x74, 0x22, 0x55, 0xC5,
    0x6E, 0x9E, 0xDD, 0xBA, 0x9E, 0x76, 0x9F, 0xFC, 0xB4, 0x4B, 0x9F, 0x69, 0xDA, 0x1D, 0x9B, 0x5F,
    0xBB, 0x0B, 0x6E, 0x0F, 0x56, 0xCE, 0xE9, 0x9C, 0xDB, 0xBC, 0x3D, 0x00, 0x43, 0xCF, 0x0B, 0xEE,
    0x43, 0x27, 0x77, 0x16, 0x07, 0x0A, 0xDC, 0xBC, 0x5A, 0x93, 0x3C, 0x7F, 0xDA, 0x24, 0x3F, 0x96,
    0x19, 0x7B, 0xCA, 0x1E, 0x47, 0x49, 0xC7, 0x4B, 0x77, 0xE9, 0xB2, 0x4E, 0xC5, 0x8B, 0xE7, 0x75,
    0x1A, 0x8D, 0xA6, 0xD3, 0x7C, 0x9F, 0x43, 0xE8, 0x0A, 0x31, 0x60, 0xE1, 0xAF, 0x8E, 0x84, 0x89,
    0x5C, 0xE3, 0x4C, 0x3F, 0x85, 0x5F, 0x10, 0x70, 0x96, 0xAC, 0xEE, 0xAA, 0x77, 0x02, 0x90, 0xAB,
    0xD9, 0x15, 0x70, 0xAD, 0xAE, 0xF5, 0x91, 0x17, 0xA8, 0x59, 0x6E, 0xFC, 0x58, 0x4D, 0xAD, 0xDF,
    0x45, 0x86, 0xEC, 0xC6, 0xAC, 0xC2, 0x69, 0x7C, 0x1B, 0x82, 0x1F, 0x82, 0xF1, 0x5C, 0xB5, 0xBC,
    0xAE, 0x93, 0xA2, 0x7F, 0x17, 0x93, 0xA2, 0x07, 0x3F, 0x29, 0x1A, 0x27, 0x4D, 0x78, 0x17, 0xFE,
    0xE3, 0xBF, 0x4C, 0xCE, 0xF0, 0x94, 0x4E, 0xCE, 0x20, 0x95, 0xCE, 0xCE, 0x50, 0x95, 0x1A, 0x57,
    0x2D, 0x37, 0x35, 0x75, 0x33, 0x3A, 0x4E, 0xED, 0xD9, 0x5D, 0xBC, 0xC0, 0xE5, 0xDC, 0x2B, 0x56,
    0x16, 0x9C, 0x3C, 0x65, 0x9E, 0x5E, 0x27, 0x46, 0x7F, 0xCC, 0xC4, 0xE8, 0xD9, 0x25, 0x46, 0xDF,
    0xBE, 0xEB, 0xD2, 0x4A, 0x29, 0x0B, 0x2A, 0x26, 0xDD, 0x02, 0x0C, 0x6A, 0x5B, 0xC9, 0xEB, 0xE9,
    0x25, 0x05, 0xAA, 0xC7, 0x0C, 0xA8, 0x98, 0x52, 0xFC, 0x5A, 0x32, 0x94, 0x73, 0x81, 0xBD, 0x2D,
    0x25, 0x91, 0x2E, 0x01, 0xD5, 0x7A, 0x32, 0x83, 0xA4, 0x19, 0x75, 0x92, 0x79, 0x54, 0xFB, 0x09,
    0xA4, 0x90, 0xE5, 0x34, 0xAF, 0xDC, 0x74, 0xB9, 0xF9, 0x7B, 0x92, 0x7F, 0xF2, 0xB5, 0x32, 0x56,
    0x7A, 0x2D, 0x12, 0x72, 0x57, 0x45, 0xF5, 0xC3, 0x37, 0x35, 0x8B, 0x2F, 0xA3, 0x48, 0x4B, 0x0D,
    0xB2, 0x6C, 0x03, 0x2D, 0x39, 0xA5, 0x35, 0xA7, 0xB8, 0x7E, 0x47, 0x1B, 0x68, 0xB5, 0x29, 0x74,
    0xBF, 0x6A, 0x67, 0x8A, 0x7D, 0xC0, 0x99, 0x73, 0x6D, 0xC2, 0x81, 0x2B, 0xAD, 0xE4, 0x36, 0x29,
    0xA8, 0x29, 0x62, 0x52, 0x95, 0xA3, 0xBD, 0x52, 0x8D, 0x92, 0xDB, 0xE2, 0x47, 0x58, 0x6D, 0x65,
    0x9A, 0xD4, 0xCC, 0x55, 0x96, 0xC0, 0xF7, 0x6B, 0x71, 0x67, 0x93, 0xFD, 0x8A, 0x1E, 0x07, 0xF3,
    0x44, 0xCD, 0x3A, 0x4F, 0x34, 0x7E, 0xBE, 0x3C, 0xD1, 0xB7, 0x54, 0xA2, 0x90, 0x2C, 0x3C, 0xE3,
    0xC9, 0x41, 0x0D, 0x57, 0x71, 0xC5, 0x8A, 0xE7, 0x23, 0x57, 0x0E, 0xA1, 0xF0, 0xC5, 0x50, 0x43,
    0x17, 0xD9, 0x73, 0x26, 0x21, 0x8B, 0x95, 0xAB, 0x64, 0x1E, 0xD3, 0x5C, 0x2A, 0x0B, 0x32, 0xCD,
    0xE2, 0xFD, 0x52, 0x9E, 0x14, 0xD1, 0x95, 0x79, 0xBC, 0x3A, 0x5C, 0xE1, 0x23, 0xD2, 0xA6, 0xBA,
    0xBD, 0x1F, 0x7E, 0x28, 0xA1, 0x87, 0x32, 0x86, 0xAE, 0x9F, 0x50, 0xEB, 0x85, 0x1A, 0x86, 0x1C,
    0xA7, 0x53, 0x6B, 0xA8, 0x5C, 0x7B, 0x00, 0x95, 0x98, 0xE1, 0x2D, 0x8D, 0x81, 0xCD, 0xAF, 0x4F,
    0x98, 0x7F, 0xE3, 0xA2, 0x79, 0x36, 0xD4, 0xED, 0xA1, 0x10, 0x63, 0xB0, 0xD6, 0x28, 0x3A, 0x80,
    0x36, 0x1E, 0xAA, 0x15, 0x95, 0x8C, 0xA8, 0xF2, 0x4F, 0xC9, 0x29, 0xC7, 0x84, 0x52, 0x45, 0xD9,
    0x22, 0x28, 0x9F, 0x05, 0x15, 0x62, 0xFA, 0xC5, 0xBD, 0x10, 0xD0, 0x17, 0x03, 0x6A, 0xFB, 0x55,
    0x06, 0xD9, 0xD7, 0xC4, 0x44, 0x5C, 0x18, 0x31, 0x3E, 0xA0, 0xBF, 0x12, 0xCD, 0xB2, 0x05, 0x77,
    0xA0, 0x02, 0x57, 0xD6, 0xCC, 0xC9, 0x5B, 0xC0, 0x40, 0x09, 0x65, 0x32, 0x70, 0xED, 0x91, 0x14,
    0x06, 0x6C, 0xD5, 0xDB, 0x50, 0xEE, 0xB9, 0x36, 0xB4, 0x42, 0xA1, 0x57, 0x38, 0xC3, 0xDB, 0x07,
    0xDA, 0x3D, 0xF9, 0xD8, 0xC9, 0x42, 0x3B, 0x7D, 0x38, 0xF3, 0x95, 0x89, 0x7F, 0xD0, 0xF2, 0x73,
    0x99, 0xEC, 0xE2, 0xD5, 0xF9, 0x11, 0x59, 0x6F, 0x06, 0xAE, 0xA6, 0xC9, 0x85, 0x3B, 0x8B, 0xA7,
    0xD1, 0x2D, 0x97, 0xDC, 0x64, 0xDA, 0x74, 0x5C, 0x51, 0xBB, 0x5D, 0xD1, 0x90, 0x69, 0x04, 0xDC,
    0x70, 0x0A, 0xBE, 0xB0, 0x21, 0xF1, 0x07, 0xBA, 0xA0, 0x44, 0x5C, 0xFF, 0x80, 0x28, 0x36, 0x40,
    0xC3, 0xB0, 0x38, 0xBB, 0xFF, 0x8E, 0x15, 0x25, 0x15, 0xCC, 0x18, 0x6A, 0x8A, 0xB5, 0x87, 0xC9,
    0x40, 0x86, 0x7D, 0x4F, 0xD8, 0xD1, 0xAC, 0x8E, 0x08, 0x71, 0xA0, 0x4A, 0x66, 0x89, 0xAB, 0xDC,
    0xBA, 0xCE, 0x28, 0x97, 0x5A, 0x14, 0x9E, 0xBB, 0xE7, 0x3A, 0x11, 0xEB, 0xC5, 0x26, 0x62, 0x85,
    0xD2, 0x12, 0x75, 0x4B, 0x90, 0xA4, 0xF7, 0x50, 0x6A, 0x5C, 0x79, 0x70, 0xEB, 0x87, 0xCA, 0x6F,
    0x7C, 0x38, 0x1E, 0x88, 0x9F, 0x4E, 0x1D, 0xAC, 0x54, 0x08, 0x72, 0x6A, 0x6C, 0xEE, 0xE2, 0xA8,
    0x0B, 0x8D, 0x2A, 0xA0, 0xFA, 0xC5, 0xF2, 0xD1, 0xF3, 0xFD, 0xC0, 0x78, 0x32, 0x57, 0x15, 0x1C,
    0xEC, 0xA0, 0xCD, 0x64, 0xB0, 0xCA, 0xB0, 0x4B, 0xC4, 0x2A, 0x24, 0x11, 0xAB, 0x90, 0x0C, 0xA8,
    0xA7, 0x03, 0xE8, 0x91, 0xF3, 0x0C, 0x89, 0x58, 0xC5, 0x73, 0x03, 0xDE, 0x2B, 0x6A, 0x2A, 0xD8,
    0xCB, 0x60, 0x5C, 0x83, 0x35, 0x97, 0x29, 0x9C, 0x61, 0x52, 0x0D, 0x25, 0x3B, 0x21, 0xED, 0xFA,
    0x62, 0x12, 0x17, 0x5D, 0xDE, 0x8B, 0xA6, 0xDF, 0xAE, 0xF2, 0x8E, 0x29, 0x7D, 0x02, 0x37, 0x5A,
    0x4C, 0xC2, 0xBD, 0x5E, 0x4F, 0x2F, 0x3C, 0xB1, 0xF1, 0x1D, 0x2F, 0xF7, 0xAA, 0x74, 0xA9, 0x57,
    0xAD, 0x1B, 0xDF, 0xD6, 0x2B, 0x6B, 0x7C, 0xC0, 0x7D, 0xDE, 0x1C, 0x2A, 0x6B, 0x1C, 0x38, 0x4D,
    0x37, 0xF4, 0x8D, 0x33, 0xED, 0xA1, 0x14, 0xC7, 0xE5, 0x50, 0x39, 0x9F, 0x7D, 0xA7, 0xF9, 0xE7,
    0x28, 0xB1, 0xB1, 0x96, 0xC7, 0x69, 0xE5, 0x71, 0x5A, 0x79, 0x9C, 0x76, 0xA7, 0xC4, 0x49, 0xBE,
    0x57, 0x5F, 0x58, 0x35, 0xB9, 0x42, 0x86, 0x48, 0x4B, 0x5C, 0x69, 0xE8, 0x6D, 0x55, 0x1F, 0xB0,
    0x60, 0x5D, 0x3B, 0xC4, 0x9F, 0xDD, 0x21, 0xFE, 0x30, 0xD0, 0x10, 0xEA, 0x5A, 0x55, 0xCB, 0x56,
    0x2D, 0x15, 0xAD, 0x1F, 0x5B, 0xF7, 0x34, 0x6F, 0xF8, 0x21, 0xBF, 0xF8, 0x73, 0x45, 0x62, 0xBD,
    0x72, 0x0E, 0x71, 0x6D, 0x6D, 0xD4, 0xB1, 0x99, 0xB7, 0x3F, 0x48, 0x5B, 0xDE, 0x16, 0x6A, 0xB1,
    0xB3, 0xAD, 0xE8, 0xC6, 0xAC, 0x53, 0xA2, 0x85, 0x6F, 0x44, 0xC2, 0x3F, 0x56, 0xD5, 0x91, 0x6F,
    0xA3, 0x8B, 0xF3, 0x06, 0x56, 0xC4, 0xA4, 0x98, 0xC4, 0x54, 0x82, 0x81, 0x46, 0xB2, 0x04, 0x48,
    0x31, 0x2E, 0xAC, 0x4E, 0xC5, 0x6D, 0x89, 0x0A, 0x6E, 0xFB, 0xC2, 0x7D, 0x5F, 0x4B, 0x51, 0x66,
    0xB0, 0xA5, 0x14, 0x9A, 0x48, 0xA8, 0xB2, 0xB8, 0xE2, 0x8F, 0x28, 0x1E, 0xF8, 0x03, 0x08, 0x61,
    0x7C, 0x40, 0xF8, 0x27, 0x20, 0x54, 0xBE, 0x0D, 0x78, 0x63, 0xBE, 0x0B, 0x38, 0xA3, 0x80, 0xCE,
    0xBF, 0x34, 0x5D, 0xBC, 0x30, 0xFE, 0x8E, 0xD9, 0x26, 0x33, 0xE3, 0xAF, 0x9B, 0x3E, 0x9D, 0xB8,
    0x1D, 0xF3, 0xD7, 0xC0, 0x9E, 0x91, 0x52, 0x16, 0xE8, 0x57, 0xCD, 0x98, 0x0F, 0x8C, 0x4B, 0xA8,
    0x69, 0x95, 0x52, 0x2C, 0x72, 0xE0, 0xE3, 0x6A, 0xAE, 0x3A, 0xC1, 0xC5, 0xD2, 0x50, 0xBB, 0x94,
    0x14, 0xB9, 0xA3, 0xE2, 0x0C, 0x8D, 0x30, 0x84, 0x53, 0x34, 0x37, 0x61, 0xC0, 0x29, 0xD6, 0x66,
    0xC0, 0x19, 0x9B, 0x2D, 0x68, 0xD7, 0x12, 0xBC, 0xA1, 0x7E, 0x81, 0x88, 0xA9, 0x70, 0x43, 0x8F,
    0x4A, 0x4C, 0x88, 0x95, 0xD0, 0x08, 0x07, 0x58, 0x93, 0x61, 0x20, 0xB6, 0x54, 0x81, 0x81, 0x67,
    0x01, 0xCD, 0x72, 0x86, 0x2E, 0x3C, 0x0D, 0x05, 0xC4, 0x1A, 0x71, 0x3F, 0xB3, 0x4E, 0xBD, 0x61,
    0x3C, 0x7B, 0xEE, 0x68, 0x79, 0xA3, 0x87, 0xB3, 0xDA, 0xBC, 0x44, 0x79, 0x6A, 0x54, 0x15, 0xAC,
    0x4D, 0xD2, 0xC8, 0x28, 0x7D, 0x03, 0xAB, 0x17, 0x80, 0xE5, 0x17, 0xFA, 0x2B, 0xBC, 0x54, 0xC8,
    0xA2, 0xDE, 0xDD, 0x57, 0x5A, 0x4A, 0x9F, 0x11, 0xAD, 0xCB, 0xF0, 0x24, 0x60, 0xC3, 0x5C, 0x1F,
    0xC8, 0xDE, 0x32, 0x72, 0x3C, 0x62, 0x43, 0x65, 0x2D, 0x5A, 0x2A, 0x60, 0x94, 0x32, 0x5A, 0xB8,
    0x86, 0x17, 0x9E, 0xE0, 0x23, 0x44, 0xBF, 0x35, 0x75, 0xF5, 0x13, 0x44, 0xBF, 0x32, 0x2D, 0x4C,
    0x05, 0x8B, 0x7E, 0x69, 0x7E, 0x6A, 0xFE, 0x08, 0x51, 0x6F, 0x7E, 0x65, 0xA8, 0xD9, 0x76, 0xDF,
    0xFC, 0x76, 0x66, 0x54, 0x98, 0x49, 0xD1, 0xC0, 0x28, 0xE3, 0x38, 0xD7, 0xA6, 0xC7, 0xFC, 0x2B,
    0x44, 0x89, 0x34, 0xEA, 0xB6, 0x5B, 0x74, 0xCD, 0x28, 0xE2, 0xA6, 0xE1, 0x4D, 0x1F, 0x9C, 0x23,
    0xA2, 0xF2, 0x1D, 0xA7, 0xE4, 0x45, 0x6D, 0x29, 0xE1, 0xA7, 0x90, 0xCC, 0x2C, 0x40, 0x54, 0x32,
    0xA6, 0x55, 0x17, 0x4F, 0xAD, 0x48, 0x47, 0x54, 0xF7, 0x66, 0xDD, 0x75, 0x82, 0x62, 0xDC, 0x1F,
    0x63, 0x37, 0xC2, 0x55, 0x7B, 0x01, 0xC7, 0x62, 0xB6, 0x8D, 0x32, 0x06, 0x06, 0xB2, 0xB2, 0x3D,
    0xBC, 0x79, 0x79, 0x7D, 0x41, 0xAF, 0xFE, 0x2B, 0x91, 0xC6, 0x18, 0x81, 0x46, 0xDB, 0xB2, 0xD9,
    0xF5, 0x3D, 0x31, 0xB4, 0x26, 0x93, 0x04, 0x03, 0xB2, 0x35, 0xD2, 0xCE, 0x44, 0xE9, 0x78, 0x6C,
    0x64, 0xB7, 0x4E, 0xCD, 0x63, 0xD7, 0xED, 0x4C, 0x43, 0x4C, 0x55, 0x71, 0xB8, 0xB1, 0xA7, 0x37,
    0x5C, 0xF4, 0xF3, 0xA7, 0xFB, 0xF3, 0xDD, 0x39, 0x1A, 0x34, 0xB0, 0x31, 0x52, 0x95, 0x65, 0xA3,
    0xEF, 0xD5, 0xF5, 0x6E, 0x48, 0xD5, 0x76, 0x9E, 0xA9, 0xD9, 0xD7, 0xF9, 0x24, 0x8A, 0xDF, 0xCA,
    0x8A, 0x6C, 0x7E, 0xA9, 0x76, 0xF4, 0x9F, 0xB2, 0xE2, 0x13, 0x42, 0xCC, 0xAA, 0x68, 0xBF, 0xBC,
    0x3F, 0x6E, 0xA4, 0xD3, 0x24, 0xF2, 0x1E, 0xB6, 0xA7, 0x2F, 0x12, 0xE3, 0x91, 0xCD, 0x92, 0x30,
    0x5C, 0x4C, 0xA2, 0x5F, 0x55, 0xA3, 0x44, 0x73, 0x9A, 0x27, 0xD0, 0xEB, 0x48, 0x02, 0x6C, 0x10,
    0x45, 0x2A, 0x08, 0x6F, 0x34, 0x58, 0xD3, 0x89, 0x01, 0x29, 0x34, 0x1E, 0xE7, 0x1E, 0xC3, 0x94,
    0xBF, 0xC2, 0x93, 0x13, 0xB3, 0xCD, 0x8A, 0x49, 0x7C, 0x98, 0x58, 0xD3, 0x38, 0x13, 0x4D, 0x10,
    0x33, 0xCF, 0xF0, 0x61, 0x8F, 0x38, 0xE6, 0x72, 0xA4, 0xED, 0xA6, 0x21, 0x67, 0x08, 0x21, 0xAA,
    0x8F, 0xD8, 0x73, 0xE7, 0x3E, 0xEE, 0xDB, 0xB7, 0x01, 0x2F, 0x0F, 0x3E, 0x6E, 0x8C, 0xF5, 0x07,
    0xB1, 0x63, 0x5F, 0x64, 0xFA, 0xDC, 0x38, 0xBF, 0x4E, 0x25, 0x25, 0x08, 0x69, 0x18, 0x0E, 0xF6,
    0xE9, 0xFB, 0xD6, 0x63, 0x32, 0x10, 0xA9, 0x29, 0x8F, 0x9F, 0xAF, 0x96, 0x66, 0x58, 0x39, 0x2C,
    0x45, 0xD7, 0x23, 0x60, 0x41, 0xF6, 0x9C, 0xCD, 0x48, 0x8E, 0xFE, 0x56, 0xB2, 0xBA, 0x57, 0xE4,
    0x8E, 0x16, 0x51, 0xEE, 0xD9, 0xE1, 0x48, 0x27, 0x03, 0xDB, 0xEF, 0xF9, 0x5B, 0x98, 0x8D, 0x8B,
    0x56, 0xF7, 0x86, 0x78, 0xBD, 0x59, 0x56, 0x84, 0x4A, 0x21, 0x19, 0x68, 0xB1, 0x7C, 0x7E, 0xAB,
    0xD1, 0x82, 0xED, 0x0B, 0xA7, 0x27, 0x53, 0x44, 0x37, 0x74, 0x42, 0x0D, 0x6E, 0xDF, 0x0B, 0x6E,
    0xDC, 0x5B, 0x3D, 0x4D, 0xBC, 0x48, 0x30, 0x9A, 0xE5, 0x16, 0x95, 0xD6, 0xC7, 0xD2, 0x66, 0x0B,
    0xAD, 0x56, 0xC0, 0x12, 0x04, 0x9F, 0xE3, 0x82, 0x96, 0xE7, 0x41, 0xF6, 0xF0, 0x7A, 0xB6, 0x7F,
    0x56, 0x66, 0xBB, 0x4A, 0x98, 0x31, 0x16, 0x5D, 0xEA, 0x33, 0xCC, 0x09, 0xED, 0x49, 0xED, 0x77,
    0x04, 0xE6, 0x7E, 0x87, 0x77, 0xF1, 0xED, 0x20, 0xBA, 0xF7, 0xB4, 0x17, 0xF7, 0xB9, 0x98, 0xED,
    0x11, 0x1B, 0xA8, 0xEF, 0xB9, 0xB7, 0xC3, 0x45, 0x46, 0x1D, 0x8E, 0xFC, 0x22, 0x1A, 0xC7, 0x66,
    0x1D, 0xB9, 0xF0, 0x33, 0x2A, 0xAD, 0x6E, 0x6F, 0x13, 0x0B, 0x42, 0x50, 0x43, 0x80, 0x05, 0x86,
    0x94, 0x16, 0x4F, 0x81, 0x7D, 0xCD, 0x28, 0x9A, 0xB3, 0xC2, 0xAE, 0x10, 0x14, 0xD1, 0x49, 0xC3,
    0x1E, 0xB2, 0x86, 0x50, 0xB8, 0xD9, 0xDD, 0x16, 0xAE, 0x23, 0x57, 0xA9, 0x18, 0x0B, 0xAD, 0xD5,
    0xBA, 0x3D, 0x6B, 0xD9, 0xFC, 0x6A, 0x94, 0xC6, 0xF3, 0x28, 0xA6, 0x15, 0xDA, 0xE3, 0x8D, 0x82,
    0xB2, 0x67, 0xD6, 0xC4, 0x0B, 0x4D, 0x68, 0x7C, 0x7C, 0x26, 0x19, 0xD1, 0x99, 0xE7, 0x7D, 0x2D,
    0x3C, 0x5C, 0x79, 0x58, 0x3D, 0xB4, 0x23, 0x99, 0x46, 0xE1, 0x1E, 0xA2, 0x85, 0x94, 0xFB, 0x02,
    0xAB, 0x76, 0x91, 0x08, 0x4F, 0x53, 0x88, 0x66, 0x30, 0x3E, 0xA3, 0x21, 0x13, 0xB4, 0xC5, 0xE1,
    0xA9, 0x41, 0x97, 0x02, 0xC5, 0xA0, 0x2C, 0x89, 0xCC, 0x4F, 0xEA, 0x56, 0x39, 0xB3, 0xBA, 0x3D,
    0xA3, 0xD5, 0xA9, 0xD1, 0x8A, 0x3B, 0x82, 0xED, 0x18, 0x42, 0xCC, 0x1B, 0xB4, 0xF7, 0x80, 0xA9,
    0x06, 0xDD, 0x78, 0x48, 0x72, 0x9B, 0xD0, 0x28, 0xE5, 0x12, 0xF0, 0x53, 0x09, 0x76, 0x29, 0x73,
    0x54, 0x77, 0x4B, 0x48, 0x7B, 0x34, 0xA8, 0x70, 0x42, 0x4E, 0x3B, 0xCD, 0x10, 0x2B, 0x3D, 0xE7,
    0x33, 0x16, 0xDB, 0x4A, 0x40, 0x28, 0x87, 0xCE, 0x72, 0xDC, 0xE3, 0xD6, 0xA2, 0xD7, 0x4E, 0x25,
    0x12, 0x88, 0x1C, 0xCF, 0x77, 0xA4, 0x96, 0x85, 0xC4, 0xD4, 0x74, 0x94, 0xD3, 0xBD, 0xBC, 0x5F,
    0xD2, 0x87, 0xB8, 0xD6, 0xDF, 0x79, 0x22, 0x2D, 0x0E, 0x6A, 0x0E, 0x4E, 0x69, 0x8C, 0x88, 0xB6,
    0xA2, 0x71, 0x31, 0x5A, 0x98, 0xA7, 0x21, 0xE7, 0x3A, 0xB6, 0x8C, 0xE7, 0x31, 0x3D, 0x65, 0xAB,
    0x5D, 0xAF, 0x51, 0x35, 0xFF, 0xC8, 0x70, 0x6A, 0x1E, 0xC4, 0xF9, 0x51, 0x5B, 0x3F, 0x70, 0x27,
    0x82, 0x82, 0x7A, 0xFB, 0x3E, 0x38, 0x55, 0x30, 0x08, 0xEB, 0x1E, 0x35, 0x9F, 0xB5, 0x1B, 0x18,
    0x6A, 0x47, 0xC9, 0x42, 0xDA, 0x52, 0x42, 0xDD, 0x0A, 0xE0, 0xBD, 0xA0, 0xEC, 0x0C, 0x61, 0x0A,
    0x8B, 0x17, 0x1D, 0xAA, 0x0D, 0xE1, 0x8E, 0xCC, 0x93, 0x2B, 0xB0, 0x67, 0xCE, 0xB4, 0xAE, 0x0B,
    0xEF, 0xFE, 0x7C, 0xAA, 0x6E, 0xFB, 0xDC, 0x3C, 0x3A, 0xB9, 0xC3, 0x55, 0xF9, 0x43, 0xA9, 0xCE,
    0xBF, 0x4B, 0x1B, 0xAE, 0xA7, 0xF2, 0xE7, 0x57, 0x69, 0xE4, 0xE0, 0xB9, 0x1D, 0xB7, 0x3B, 0xC7,
    0x2D, 0xD3, 0xFA, 0x8A, 0x0D, 0x21, 0xFE, 0x40, 0xEA, 0xB8, 0xC8, 0x7D, 0x70, 0x87, 0x12, 0xEE,
    0x4F, 0x14, 0x32, 0xFD, 0x32, 0xBA, 0x1E, 0x57, 0xCF, 0xB5, 0xF3, 0xBC, 0x32, 0x0E, 0x65, 0x70,
    0x84, 0xFF, 0x81, 0x5C, 0x0C, 0x02, 0xB1, 0x25, 0x60, 0x99, 0xA9, 0x06, 0x4C, 0x26, 0x82, 0x18,
    0x08, 0x20, 0xCB, 0x86, 0x3A, 0x5A, 0x1A, 0xAE, 0xF5, 0xC3, 0xB5, 0x60, 0x71, 0x42, 0x84, 0x27,
    0x07, 0x46, 0xFB, 0xE8, 0x87, 0x77, 0x5D, 0x42, 0x64, 0xE2, 0x1E, 0x78, 0x08, 0x38, 0x7F, 0x3E,
    0x82, 0x68, 0xCE, 0x05, 0xCD, 0x0B, 0xC8, 0x03, 0xB9, 0xBC, 0x62, 0x4D, 0xBD, 0xCD, 0xB1, 0x8D,
    0x71, 0x4E, 0x64, 0xD5, 0xD9, 0x62, 0xA7, 0xC1, 0x45, 0x01, 0x7B, 0xCE, 0x89, 0x18, 0x70, 0x95,
    0xD4, 0x9E, 0x3B, 0x29, 0x93, 0xB4, 0xAD, 0xA5, 0x0C, 0xDE, 0x96, 0x22, 0x0D, 0x7E, 0xFF, 0xC5,
    0x59, 0xFB, 0x28, 0x1D, 0x31, 0xBB, 0x78, 0x83, 0x1A, 0x71, 0x1E, 0x31, 0xE1, 0xF2, 0x06, 0x95,
    0x17, 0xDE, 0x2C, 0x7B, 0x03, 0xF2, 0x73, 0xE9, 0xFF, 0xD4, 0x51, 0xCD, 0x3B, 0x0A, 0x85, 0x2E,
    0x21, 0xE7, 0x0A, 0xCA, 0x47, 0x66, 0xA4, 0x8F, 0x77, 0x21, 0xDD, 0x9A, 0x84, 0x2B, 0xF7, 0xAB,
    0x08, 0xB5, 0x54, 0xA9, 0x94, 0xE5, 0x9B, 0x84, 0x4A, 0x85, 0x1A, 0xA9, 0xCB, 0xD1, 0xAC, 0xBB,
    0x70, 0x0A, 0x1D, 0x31, 0xD8, 0xEA, 0x6D, 0xA0, 0x74, 0x3E, 0xA6, 0x3D, 0x37, 0xBC, 0xDF, 0x36,
    0xC4, 0xD2, 0xBA, 0x86, 0x37, 0xE7, 0x8A, 0x12, 0xF7, 0xCA, 0x02, 0xEB, 0x99, 0x2E, 0x18, 0xE2,
    0x97, 0x61, 0xD2, 0x1F, 0x3D, 0x97, 0x94, 0x17, 0x97, 0xF2, 0x16, 0xDA, 0x6C, 0x2A, 0x16, 0xA6,
    0x7A, 0xCC, 0xC1, 0x57, 0x77, 0x3E, 0x64, 0x2E, 0x3C, 0x68, 0x57, 0xDD, 0xC4, 0x63, 0x38, 0x30,
    0x44, 0xEF, 0x83, 0xFE, 0x99, 0x6F, 0xD1, 0xE7, 0x9B, 0xBA, 0xD4, 0x61, 0x2D, 0x00, 0x11, 0xAC,
    0x5E, 0x5F, 0x79, 0xF3, 0x0C, 0xBC, 0x05, 0x07, 0xDF, 0xBC, 0x9B, 0x00, 0x5C, 0x28, 0x13, 0x7D,
    0x84, 0x40, 0xAA, 0x19, 0xDF, 0x3C, 0xD6, 0x66, 0x68, 0x23, 0xAA, 0x85, 0x79, 0x2C, 0xF5, 0xC3,
    0xD9, 0xD5, 0x18, 0x88, 0x2D, 0x45, 0x3A, 0x47, 0x7A, 0xC1, 0x91, 0xBE, 0xA8, 0x28, 0x82, 0x22,
    0x56, 0x71, 0xF1, 0x44, 0x43, 0x39, 0x16, 0x01, 0xF1, 0x68, 0x5E, 0x55, 0xD5, 0x3E, 0xB0, 0x0E,
    0xAE, 0xE7, 0xD0, 0x95, 0xE6, 0x90, 0x64, 0x47, 0xC5, 0x8B, 0xCA, 0x75, 0x1B, 0xD0, 0x5B, 0x60,
    0x37, 0x1E, 0x28, 0xEC, 0x14, 0x8F, 0xAC, 0x88, 0x91, 0x92, 0x5C, 0x17, 0x3E, 0x55, 0xAE, 0xFB,
    0x1C, 0xCD, 0xCB, 0xC0, 0x0B, 0xFF, 0x74, 0x65, 0xC1, 0x69, 0xA4, 0x6A, 0x67, 0x79, 0xEA, 0x73,
    0xBF, 0x60, 0x63, 0x5F, 0xAC, 0x8E, 0x72, 0xDF, 0x91, 0xB1, 0xF5, 0xBE, 0x17, 0x36, 0xE5, 0xD1,
    0x7C, 0x1D, 0xD5, 0x77, 0x1D, 0xD5, 0xF7, 0x3C, 0x51, 0x7D, 0xFE, 0x8F, 0x15, 0xDF, 0xB2, 0xC1,
    0x8B, 0xD8, 0x9B, 0xD4, 0xE9, 0xDC, 0x6A, 0x48, 0xA9, 0x8F, 0x33, 0x0F, 0xDB, 0xB1, 0x97, 0x97,
    0x02, 0x4B, 0xFB, 0xC6, 0xDD, 0xE0, 0x79, 0x7E, 0xAE, 0xA3, 0xFA, 0x3E, 0x89, 0xA8, 0x3E, 0x4C,
    0xE6, 0xAB, 0x30, 0x4F, 0x67, 0xA1, 0x40, 0x13, 0x63, 0xB8, 0x45, 0x3C, 0xD3, 0x86, 0x69, 0x35,
    0x53, 0x6F, 0xD8, 0xEC, 0x61, 0x50, 0x5D, 0xFA, 0x06, 0xAF, 0x5B, 0x9B, 0xEC, 0xB5, 0x36, 0xE1,
    0x76, 0xBF, 0xD4, 0xDA, 0xE4, 0x81, 0xB9, 0xB7, 0xB3, 0x2D, 0xD2, 0xAE, 0x48, 0xDB, 0x20, 0xED,
    0x89, 0x84, 0x79, 0x47, 0x7C, 0xCA, 0x86, 0xF8, 0x99, 0x6F, 0x69, 0x82, 0xB5, 0xD5, 0x6E, 0xA0,
    0x8A, 0xC6, 0xE2, 0x43, 0x47, 0x64, 0x4B, 0x83, 0xD5, 0x0B, 0xC1, 0xA4, 0x6D, 0x6C, 0x16, 0x62,
    0x37, 0xD7, 0x9C, 0x8A, 0xF6, 0x67, 0x23, 0x16, 0x19, 0x4C, 0xB1, 0xC5, 0x3A, 0x64, 0x98, 0xB2,
    0x27, 0x9A, 0x8D, 0x78, 0xF4, 0x26, 0xD9, 0x93, 0x49, 0xB9, 0xDF, 0xF0, 0x2A, 0x4A, 0x57, 0xD5,
    0x81, 0x3D, 0x3C, 0xDC, 0x58, 0xD2, 0x2A, 0xD0, 0x34, 0x59, 0x1A, 0x51, 0x8D, 0x7B, 0x6F, 0x26,
    0x69, 0x1D, 0x6C, 0x18, 0x26, 0x1C, 0x33, 0x34, 0x7E, 0xF5, 0x50, 0x5C, 0x21, 0xA5, 0x62, 0xDB,
    0x56, 0x05, 0xA3, 0x40, 0x46, 0x2B, 0x2D, 0x3E, 0xB9, 0xC3, 0xAE, 0x03, 0xCA, 0x10, 0x83, 0x69,
    0x95, 0x68, 0x50, 0x24, 0x5E, 0xF5, 0x35, 0x0C, 0xAA, 0xE7, 0xFE, 0xA9, 0x89, 0xAF, 0xB5, 0xB5,
    0xA9, 0x4F, 0xD0, 0x66, 0x6F, 0x30, 0x72, 0x1A, 0x9C, 0x4F, 0x69, 0x4F, 0x6A, 0x3F, 0xC8, 0x31,
    0x96, 0xDD, 0x75, 0x1C, 0xF7, 0x18, 0xEE, 0x3C, 0x6D, 0xEB, 0x55, 0x0B, 0xE0, 0x88, 0x48, 0x57,
    0x47, 0xAB, 0x76, 0x95, 0x46, 0x78, 0x06, 0xBE, 0xDE, 0x68, 0xED, 0x15, 0x0A, 0x3F, 0x94, 0x10,
    0xD3, 0x76, 0xA5, 0x53, 0xED, 0x92, 0x9A, 0xDA, 0x10, 0x60, 0x15, 0xD1, 0x3A, 0xEB, 0x39, 0xDD,
    0x27, 0xA0, 0x22, 0xA1, 0xC8, 0x57, 0xD8, 0x37, 0x9B, 0xD1, 0xCC, 0x67, 0xF7, 0x73, 0xC8, 0x57,
    0x3D, 0xE6, 0xC2, 0x2C, 0x62, 0x8D, 0xD6, 0x88, 0x56, 0x0A, 0xF1, 0x50, 0x13, 0x8E, 0x43, 0xC1,
    0x0E, 0x7A, 0xC6, 0x1F, 0xD7, 0x60, 0xDC, 0x35, 0x15, 0x5F, 0x23, 0xEA, 0x2E, 0xEE, 0x35, 0x17,
    0x77, 0x3D, 0xB5, 0x77, 0xD0, 0x46, 0x51, 0xA2, 0x28, 0x57, 0xA4, 0x01, 0xC6, 0x1B, 0x45, 0xA9,
    0xA2, 0x42, 0x11, 0xB5, 0x14, 0x77, 0x1D, 0xC5, 0x5D, 0x43, 0x71, 0xD7, 0x4F, 0xDC, 0xB5, 0x13,
    0x77, 0xDD, 0xC4, 0x5D, 0x33, 0x71, 0xD7, 0x4B, 0xDC, 0xB5, 0x12, 0x77, 0x9D, 0xC4, 0x5D, 0x23,
    0x71, 0xD7, 0x47, 0xDC, 0xB5, 0x11, 0x77, 0x5D, 0xC4, 0x0F, 0x3D, 0xA5, 0xB6, 0x10, 0xD7, 0x0E,
    0xE2, 0xB3, 0x0B, 0xAF, 0x59, 0x8F, 0x1A, 0xC7, 0x31, 0xA1, 0xA2, 0x23, 0xF1, 0xC0, 0xAD, 0xA4,
    0x24, 0x7B, 0x2F, 0xB1, 0x79, 0xA6, 0x17, 0x57, 0x70, 0x58, 0x8F, 0xC4, 0x9B, 0x48, 0xBF, 0x6E,
    0x70, 0x12, 0x87, 0x90, 0x92, 0xCB, 0x61, 0xC2, 0x2B, 0xDA, 0x10, 0x8D, 0x38, 0x8C, 0x39, 0x61,
    0x9A, 0x33, 0x6D, 0x88, 0x42, 0x53, 0x6E, 0xA0, 0xE9, 0x42, 0xDF, 0x2B, 0x46, 0xA2, 0x10, 0xA9,
    0x5A, 0x72, 0xD8, 0x4B, 0x89, 0x4E, 0x53, 0xA2, 0x03, 0xD3, 0x8E, 0x69, 0xB9, 0x77, 0xDD, 0x02,
    0x43, 0xA8, 0xEF, 0xDA, 0x7F, 0x3B, 0xBF, 0xE8, 0xBE, 0x57, 0x0F, 0x07, 0x51, 0xA2, 0x9C, 0x9D,
    0x35, 0x24, 0x22, 0xCF, 0x8E, 0x29, 0xAD, 0xDF, 0x43, 0x28, 0x82, 0x08, 0x7A, 0x8E, 0x39, 0xAB,
    0xA3, 0xE5, 0x7A, 0xD6, 0x7F, 0x66, 0x66, 0xBD, 0xFA, 0x93, 0xB7, 0x11, 0x85, 0x5B, 0x8C, 0x09,
    0x9F, 0x2E, 0xA5, 0x3C, 0x3B, 0xA1, 0x23, 0xF1, 0x65, 0x78, 0x91, 0xB0, 0x2A, 0xBE, 0x52, 0x86,
    0xDF, 0xBF, 0x5E, 0x0D, 0x9E, 0x9C, 0x89, 0x82, 0x26, 0xB9, 0xA1, 0x58, 0xB2, 0x3C, 0x00, 0x44,
    0xD8, 0x7C, 0xBA, 0xB4, 0x89, 0x6A, 0x2A, 0x59, 0x62, 0x5C, 0xCA, 0x90, 0xF4, 0x8D, 0x0F, 0x8D,
    0x5F, 0x5E, 0x4C, 0xDB, 0x81, 0x53, 0x80, 0xD7, 0x43, 0x8C, 0x8D, 0xC0, 0x1A, 0xAE, 0x09, 0xAE,
    0x0E, 0xB2, 0xDE, 0xB4, 0x5C, 0xE1, 0x56, 0xBA, 0x62, 0x54, 0x20, 0x9F, 0x6C, 0xF1, 0xDD, 0x0C,
    0xB4, 0x55, 0x66, 0x86, 0x7B, 0x31, 0xA5, 0x10, 0xB9, 0x4D, 0x60, 0x22, 0x8F, 0x85, 0x82, 0x04,
    0x2C, 0x2F, 0x57, 0x01, 0x2D, 0x09, 0x58, 0x02, 0x86, 0x86, 0x4F, 0xD8, 0x37, 0x1C, 0x9C, 0xD4,
    0x57, 0x2C, 0x46, 0x6F, 0x0B, 0x96, 0x67, 0xDA, 0x9C, 0x73, 0x71, 0x51, 0xC0, 0x47, 0xA9, 0x34,
    0x21, 0xD1, 0x9A, 0xCD, 0xF0, 0x19, 0xB5, 0x34, 0x01, 0x1B, 0xBD, 0x74, 0xEE, 0x86, 0xB3, 0x66,
    0x2B, 0x17, 0xDF, 0xC0, 0x71, 0x64, 0xA4, 0xEA, 0x85, 0x0F, 0x16, 0x7F, 0x98, 0xE3, 0x19, 0xDB,
    0x6C, 0xE7, 0x10, 0xE8, 0x03, 0x97, 0xFC, 0x8B, 0x15, 0xF9, 0x2A, 0x55, 0xDD, 0xC3, 0xA0, 0xCA,
    0xE8, 0x5E, 0x70, 0xF3, 0x69, 0x79, 0x83, 0x54, 0xE5, 0x95, 0x53, 0x94, 0xB9, 0xA8, 0x5D, 0x2E,
    0xBD, 0x68, 0xB8, 0x10, 0xED, 0xF7, 0x0C, 0x29, 0x3B, 0x05, 0x2C, 0x1C, 0xF0, 0x82, 0x20, 0x4B,
    0xB4, 0x43, 0x94, 0x61, 0x9C, 0xE2, 0x44, 0x0C, 0x67, 0x22, 0xB1, 0x7B, 0xF6, 0x48, 0xB4, 0x43,
    0xF8, 0x23, 0x13, 0x19, 0xAE, 0xA6, 0x02, 0x0B, 0x9B, 0x8D, 0x39, 0xAA, 0x87, 0x43, 0x86, 0x36,
    0x9A, 0x3E, 0xC5, 0xF2, 0xCA, 0x90, 0x02, 0xFA, 0x73, 0xE6, 0x8B, 0x62, 0x31, 0x1E, 0x55, 0x4F,
    0x90, 0xE9, 0x7B, 0x93, 0xDB, 0xED, 0x3C, 0xEF, 0x24, 0xAB, 0x68, 0x92, 0x05, 0x3C, 0xC9, 0x26,
    0x7F, 0x92, 0x35, 0x32, 0xC9, 0x0A, 0x98, 0x64, 0x94, 0x08, 0xE5, 0x4F, 0xB2, 0x5A, 0x26, 0x19,
    0x4F, 0x17, 0xC9, 0xEE, 0x10, 0x2B, 0x9F, 0x9A, 0xF7, 0x0E, 0x83, 0xC7, 0xD8, 0x0B, 0x9D, 0x67,
    0x5B, 0x0C, 0x93, 0xAC, 0xF6, 0x27, 0x99, 0x3F, 0xDB, 0x2A, 0xD6, 0x06, 0xB6, 0xDA, 0xD7, 0x29,
    0xE7, 0x46, 0x46, 0x6D, 0x2A, 0x49, 0xE0, 0x09, 0xA9, 0x09, 0x38, 0xC9, 0x1E, 0xEA, 0x24, 0xFB,
    0xC5, 0x05, 0x93, 0x2C, 0xD2, 0x49, 0x96, 0x8B, 0x74, 0xA7, 0x93, 0xEC, 0xD2, 0x09, 0xF1, 0x11,
    0x4E, 0x08, 0x28, 0x86, 0x0D, 0x0A, 0x30, 0xDC, 0x5C, 0x82, 0xD1, 0x42, 0x63, 0x8A, 0x73, 0x7C,
    0x02, 0x05, 0x20, 0x84, 0x09, 0x81, 0x11, 0xBE, 0x28, 0xFE, 0x12, 0xFB, 0x36, 0xFB, 0x04, 0x72,
    0xCF, 0xF9, 0x23, 0x13, 0x6A, 0x87, 0x06, 0x5D, 0x9D, 0x21, 0x4C, 0x08, 0x98, 0x2C, 0x43, 0x86,
    0xB3, 0xA4, 0x4F, 0xB1, 0x10, 0x5E, 0x97, 0xA0, 0x42, 0x77, 0xC5, 0x09, 0xF1, 0x19, 0x66, 0x6C,
    0xD7, 0x73, 0x6E, 0x7F, 0xCE, 0xBD, 0x74, 0xC6, 0xF6, 0x6A, 0xCD, 0xE3, 0x17, 0x6E, 0x06, 0xF2,
    0xDC, 0x23, 0x1D, 0x6B, 0x05, 0x8B, 0xCC, 0xD7, 0x8E, 0xED, 0x00, 0x03, 0xD3, 0x19, 0x4D, 0xA4,
    0xB9, 0x21, 0x37, 0xE1, 0xC6, 0x50, 0x74, 0x53, 0x60, 0xD8, 0x23, 0x80, 0x7B, 0x02, 0x29, 0xEB,
    0x31, 0xBB, 0x2F, 0xB0, 0x17, 0x79, 0xA2, 0x69, 0x7F, 0xD3, 0x2A, 0xB0, 0x97, 0xEB, 0xB1, 0xD3,
    0xFB, 0x48, 0xD8, 0x1A, 0x17, 0x33, 0xDD, 0xF0, 0xDF, 0xD5, 0x30, 0xB3, 0xF3, 0xBD, 0xC0, 0x35,
    0x5A, 0x87, 0x05, 0xF3, 0xC7, 0x34, 0x57, 0x23, 0x72, 0x1D, 0xF5, 0x29, 0x9B, 0xE3, 0x30, 0xFA,
    0xA5, 0x01, 0x41, 0xB6, 0x0C, 0xA8, 0x63, 0xDB, 0x16, 0x2D, 0xB4, 0x85, 0x59, 0xDE, 0x74, 0xD1,
    0x03, 0xCE, 0x0C, 0x14, 0xEE, 0x9A, 0x81, 0xEC, 0xD6, 0xFB, 0xCE, 0xCA, 0xF6, 0x9F, 0xE0, 0x3D,
    0x76, 0x85, 0x61, 0xFB, 0x7E, 0xE9, 0x08, 0x56, 0x69, 0xD8, 0xD8, 0xE5, 0x01, 0x17, 0xBD, 0x1F,
    0x1C, 0xBD, 0xF7, 0xB4, 0x69, 0x79, 0xE7, 0x31, 0xE7, 0xC9, 0x8E, 0xDA, 0x6E, 0x2D, 0x35, 0x5A,
    0x5F, 0x1D, 0x63, 0x30, 0xCA, 0x53, 0xF0, 0x5A, 0xF4, 0x68, 0xB7, 0x4E, 0x6B, 0x74, 0x8F, 0x84,
    0xCE, 0x3D, 0xD2, 0x18, 0x2D, 0xEB, 0xC3, 0x89, 0x16, 0x6B, 0x22, 0x3D, 0xDC, 0xD0, 0x67, 0xE2,
    0xF9, 0x53, 0x2C, 0x09, 0x5B, 0x6A, 0x05, 0xDA, 0xA1, 0x7D, 0xBA, 0xE8, 0xB1, 0xFD, 0x7A, 0x33,
    0xA1, 0xF1, 0x8E, 0x0C, 0x45, 0xBC, 0xE9, 0x93, 0x6D, 0x9D, 0xEE, 0x6C, 0x72, 0x3C, 0xEE, 0x88,
    0xDD, 0x23, 0x1B, 0x31, 0xC2, 0x27, 0xB2, 0xA6, 0x53, 0x1F, 0xF4, 0x2B, 0xF0, 0x8C, 0x8A, 0x12,
    0x54, 0x1B, 0x3E, 0xAB, 0xC4, 0xFC, 0xD2, 0x70, 0x24, 0xC3, 0x82, 0x9A, 0x6D, 0x4A, 0x4A, 0xD2,
    0x00, 0xD6, 0xAB, 0x2E, 0xE0, 0x70, 0x5C, 0xCE, 0xC3, 0xAA, 0x26, 0xF6, 0xD1, 0x51, 0xCC, 0x76,
    0x4F, 0x69, 0x8A, 0x89, 0xE1, 0xC8, 0x13, 0xAF, 0xEC, 0xF0, 0xCC, 0x61, 0xE3, 0x18, 0xF5, 0xC1,
    0x23, 0x9A, 0x71, 0x81, 0x91, 0x5A, 0x4A, 0x5D, 0xB7, 0x15, 0x3F, 0x4E, 0xA7, 0xFD, 0xD7, 0xA4,
    0xFE, 0xF0, 0x2F, 0xC9, 0x36, 0x03, 0xB5, 0x5D, 0xC5, 0x1C, 0xA2, 0xF5, 0x87, 0xC5, 0xDD, 0x21,
    0xE9, 0x4A, 0x99, 0x73, 0x72, 0xA8, 0x7F, 0x43, 0xC3, 0xCF, 0xF0, 0xED, 0x1C, 0x89, 0xC7, 0x24,
    0xE5, 0xDA, 0xC7, 0x41, 0xF1, 0x90, 0x93, 0xEE, 0x2B, 0x19, 0xC1, 0xCA, 0x68, 0x77, 0x02, 0xB6,
    0xC5, 0x48, 0xFB, 0x00, 0x77, 0x81, 0x48, 0xFD, 0x02, 0xA2, 0x14, 0x69, 0x5F, 0xBF, 0x8D, 0x0F,
    0x16, 0xD9, 0xB4, 0x9E, 0xD9, 0xF7, 0x84, 0x66, 0x3A, 0x0E, 0x7A, 0x36, 0x81, 0x38, 0xDF, 0x30,
    0xF8, 0x39, 0x35, 0x6C, 0xDA, 0x0E, 0x49, 0xD8, 0xED, 0x28, 0x79, 0x3B, 0x91, 0x54, 0xED, 0x94,
    0x22, 0x2D, 0xB6, 0x14, 0xE1, 0x93, 0x52, 0x16, 0x34, 0x01, 0x1C, 0x70, 0x58, 0xD5, 0xD5, 0xC4,
    0xCB, 0x9C, 0xEB, 0xCE, 0x4B, 0xD7, 0x42, 0x88, 0x58, 0xE8, 0x02, 0x66, 0x73, 0x6C, 0x56, 0x8B,
    0x25, 0xD6, 0xE0, 0x1B, 0x52, 0x53, 0xF7, 0xBB, 0x12, 0x4E, 0xFB, 0x81, 0xF0, 0x09, 0x17, 0x4C,
    0x2B, 0xB5, 0x78, 0xB5, 0x81, 0xAD, 0xBC, 0x0B, 0x69, 0xD2, 0xE0, 0x62, 0xA3, 0x34, 0x85, 0x46,
    0xA3, 0x99, 0x35, 0x98, 0x99, 0x4E, 0xF3, 0x25, 0x49, 0xD7, 0xC8, 0x6B, 0x31, 0xF2, 0xFD, 0x5A,
    0xD7, 0x19, 0x8F, 0xA9, 0xD4, 0x35, 0x76, 0x85, 0x7F, 0xB4, 0x3B, 0x4E, 0xAE, 0x49, 0x6A, 0xF7,
    0xF7, 0x07, 0xD8, 0xB2, 0x99, 0x9C, 0x77, 0xC8, 0xB2, 0x61, 0xFB, 0x78, 0x4D, 0x2F, 0x6C, 0x1F,
    0xE4, 0x86, 0x42, 0xFA, 0xA0, 0x11, 0x75, 0xBE, 0xBD, 0x5E, 0x5F, 0x2F, 0x6F, 0x7D, 0x05, 0xEB,
    0x78, 0x48, 0x34, 0xFA, 0xE6, 0x6C, 0xBD, 0xED, 0x0B, 0x16, 0xC9, 0xD8, 0x9B, 0xA4, 0x7F, 0x81,
    0xC8, 0x48, 0x7A, 0x8A, 0xAB, 0xC4, 0x46, 0x5E, 0x2F, 0xBD, 0x97, 0xB5, 0xF4, 0xBE, 0x10, 0x04,
    0xBF, 0x87, 0xE0, 0x0F, 0x82, 0xE0, 0xBF, 0xF2, 0x5B, 0x0D, 0x99, 0x47, 0xB6, 0x31, 0xE7, 0xEE,
    0x77, 0x19, 0x27, 0xEC, 0xB7, 0x64, 0xD1, 0xB7, 0xAF, 0x94, 0xAE, 0x07, 0xBE, 0xC2, 0x81, 0x66,
    0x00, 0xCD, 0xF9, 0x8D, 0xE1, 0x10, 0xFF, 0xCD, 0x18, 0xA4, 0xB8, 0x2A, 0xED, 0x9E, 0x1B, 0x5F,
    0xAF, 0xCA, 0x97, 0xB0, 0x2A, 0xFF, 0x39, 0xBA, 0x05, 0xE1, 0xE3, 0x25, 0x27, 0xEE, 0xD8, 0xC7,
    0xA1, 0x57, 0x20, 0x8F, 0x13, 0x99, 0x56, 0xAC, 0xBA, 0xFF, 0x5E, 0x1A, 0xDC, 0x71, 0x76, 0x69,
    0x3A, 0x8B, 0x7B, 0x79, 0xE4, 0xB2, 0x38, 0x59, 0xCF, 0x35, 0x54, 0xB3, 0x96, 0xDE, 0x64, 0x10,
    0x97, 0x51, 0x7B, 0xBD, 0x60, 0x3F, 0x1B, 0x7B, 0x25, 0x84, 0x11, 0x27, 0x23, 0x3F, 0x07, 0x2F,
    0x4B, 0xA8, 0x2D, 0x52, 0x29, 0xE2, 0x2B, 0xB9, 0xBF, 0xA5, 0x18, 0xC7, 0x8B, 0xDF, 0x9D, 0x57,
    0x45, 0xB7, 0xAF, 0x66, 0xC0, 0xBF, 0xCE, 0x86, 0x7D, 0x9E, 0x6C, 0xD8, 0x2B, 0x94, 0xCC, 0xDD,
    0xD5, 0xB4, 0x44, 0xD5, 0x12, 0x25, 0xCB, 0xA3, 0xA8, 0x6D, 0xA9, 0xBA, 0x75, 0x15, 0x7D, 0xEB,
    0x15, 0xCF, 0x83, 0xA5, 0x9A, 0x04, 0xDA, 0x43, 0x7A, 0x95, 0x07, 0xCB, 0xA1, 0xD5, 0x52, 0xBE,
    0x71, 0x97, 0x4A, 0xEC, 0x14, 0xDC, 0xCF, 0xE3, 0x33, 0x69, 0x5A, 0x99, 0x5E, 0x40, 0x13, 0x6E,
    0x78, 0x19, 0xCF, 0x4C, 0xB9, 0x1D, 0x66, 0xF4, 0xDE, 0x15, 0x43, 0xA4, 0x5F, 0x02, 0xAD, 0xCC,
    0x39, 0xA7, 0x8C, 0x70, 0xE4, 0xCD, 0x61, 0x4A, 0x0C, 0x71, 0x55, 0x65, 0x60, 0xB7, 0x73, 0xC3,
    0x95, 0xBB, 0x2E, 0x75, 0x3B, 0x3C, 0xDD, 0x8F, 0x81, 0xF6, 0x0A, 0x66, 0x62, 0x65, 0x80, 0x53,
    0x24, 0x5C, 0xD6, 0x07, 0x07, 0xD4, 0x91, 0x98, 0x7A, 0x42, 0x6E, 0xC8, 0x37, 0xBF, 0x19, 0x54,
    0x8D, 0xFF, 0xD8, 0xA4, 0xE4, 0x98, 0xB9, 0x52, 0x3B, 0xDE, 0xAF, 0x89, 0x06, 0x23, 0xA4, 0x92,
    0x92, 0x54, 0x7B, 0xFB, 0xF0, 0xC6, 0x04, 0xFB, 0x24, 0x5C, 0x0E, 0x24, 0x49, 0xEF, 0x2E, 0xA6,
    0x6D, 0xA8, 0xCB, 0x1E, 0x1D, 0x6E, 0x9D, 0x06, 0x39, 0x4E, 0xA9, 0x97, 0xD0, 0xBE, 0x7B, 0xB0,
    0xD5, 0xEF, 0x0C, 0xEE, 0x3B, 0x41, 0x75, 0x37, 0x5C, 0x82, 0xE7, 0xFD, 0xE1, 0x12, 0xD5, 0x91,
    0xAB, 0xF5, 0x21, 0x2A, 0x2F, 0x5B, 0xD5, 0xBC, 0x7A, 0x1F, 0xA2, 0x03, 0x4B, 0xB9, 0xEA, 0x07,
    0x68, 0xF1, 0xE1, 0x09, 0x16, 0xB9, 0xC2, 0x17, 0xAB, 0x2A, 0x18, 0x9F, 0xD4, 0xC1, 0x72, 0x3F,
    0xF0, 0xEB, 0x80, 0x9C, 0xAF, 0x8A, 0x82, 0x74, 0xFE, 0xC1, 0xE0, 0x1F, 0xCC, 0xEE, 0x6C, 0xC7,
    0x68, 0x4C, 0x96, 0x53, 0x33, 0x0F, 0xA3, 0x83, 0x02, 0x2C, 0x9C, 0x72, 0x90, 0xFB, 0x07, 0x19,
    0x57, 0x21, 0x3F, 0x74, 0x70, 0xD1, 0x77, 0x56, 0x67, 0xC3, 0x26, 0x3C, 0x7C, 0x10, 0xEB, 0x1D,
    0x70, 0x0D, 0x69, 0x74, 0x3B, 0x8A, 0xE9, 0xBB, 0x71, 0x2B, 0xA5, 0x73, 0x6F, 0x81, 0xE2, 0x26,
    0xF9, 0x60, 0xA9, 0x9D, 0x7D, 0xE2, 0xA2, 0x1F, 0xAB, 0x15, 0x4B, 0x75, 0x83, 0x66, 0xD2, 0xD2,
    0x08, 0x66, 0xD6, 0x36, 0xB6, 0x3E, 0x9C, 0x34, 0x2D, 0xBC, 0x19, 0xB5, 0x8A, 0xC8, 0xCD, 0xDA,
    0xEA, 0x5D, 0xCF, 0xFF, 0x53, 0xA8, 0x81, 0xB4, 0x5D, 0x43, 0x2E, 0xC0, 0x0E, 0xB5, 0xBE, 0x29,
    0x68, 0x7C, 0x96, 0x2A, 0x27, 0x99, 0xB4, 0x92, 0xBD, 0x3A, 0xBC, 0x7D, 0x4F, 0x20, 0x87, 0x4B,
    0x33, 0x1C, 0x1D, 0x5C, 0x04, 0x9E, 0x21, 0xEF, 0xA1, 0x33, 0x60, 0xEE, 0xC6, 0x96, 0xAB, 0xBC,
    0xD5, 0x02, 0xB1, 0xDB, 0xE7, 0x65, 0x30, 0x73, 0x9F, 0xCD, 0xF5, 0x0C, 0x21, 0x9F, 0x97, 0x4C,
    0xB2, 0x10, 0x25, 0x46, 0xFB, 0xC9, 0x98, 0x68, 0x16, 0x4B, 0xA7, 0x90, 0x72, 0x06, 0xDB, 0xFD,
    0x74, 0x9F, 0x4F, 0x6D, 0x4F, 0xAA, 0xFC, 0xF2, 0xE5, 0x1E, 0x2D, 0x56, 0x0D, 0xCC, 0x5F, 0xEC,
    0x9E, 0x24, 0x86, 0x50, 0x09, 0x65, 0x33, 0xBB, 0x94, 0xF9, 0xA4, 0x48, 0x3A, 0x87, 0xE9, 0x17,
    0xB9, 0x6C, 0x6C, 0xFE, 0xD1, 0xBA, 0x4D, 0xA7, 0xE8, 0x3C, 0x22, 0x0D, 0x27, 0x7E, 0x7B, 0xE6,
    0xE0, 0x60, 0x7A, 0x8E, 0xB7, 0x27, 0xBD, 0xCD, 0x9B, 0x91, 0xE1, 0xAC, 0x32, 0xDA, 0x7E, 0x98,
    0x2C, 0xFE, 0x9E, 0x04, 0xD9, 0xEA, 0xB4, 0xA9, 0xB0, 0x78, 0xB6, 0x26, 0xCF, 0xBC, 0x35, 0xC5,
    0x64, 0x4C, 0x67, 0x16, 0xCC, 0x6C, 0xD9, 0x95, 0xD0, 0x65, 0xDD, 0x6A, 0x45, 0x4A, 0x0A, 0x63,
    0xFE, 0x35, 0xEE, 0xCA, 0x21, 0x99, 0x98, 0x43, 0x9E, 0x5F, 0x3C, 0x8A, 0x1C, 0xAC, 0xFC, 0x1A,
    0x79, 0x31, 0x7E, 0xA7, 0x1B, 0x86, 0xE5, 0x07, 0x1A, 0x86, 0xC5, 0xDA, 0x30, 0x2C, 0x3A, 0xD4,
    0x30, 0xAC, 0x42, 0xAD, 0x92, 0x2A, 0x6E, 0xF6, 0x1C, 0x76, 0x99, 0x62, 0x97, 0x63, 0xEA, 0xF2,
    0x3A, 0x71, 0xF5, 0x02, 0x57, 0x04, 0xCD, 0xA1, 0xE8, 0x00, 0x72, 0x15, 0xD2, 0x12, 0x2D, 0xCB,
    0x21, 0x05, 0xBA, 0x42, 0xE5, 0x0C, 0xA1, 0xE3, 0xEE, 0x7E, 0x45, 0x34, 0x7F, 0x1A, 0x7F, 0xBA,
    0x0D, 0xC3, 0x38, 0xF4, 0x9F, 0x1D, 0xC4, 0x03, 0x67, 0xBD, 0x6E, 0x2B, 0xD2, 0x41, 0x5A, 0x8E,
    0xB1, 0xC2, 0x61, 0x85, 0x58, 0x4E, 0x1A, 0xE8, 0x19, 0xA5, 0x4C, 0x6E, 0xE6, 0x47, 0x15, 0x41,
    0x0A, 0x8C, 0x38, 0x6D, 0x35, 0xE6, 0xD9, 0x55, 0xA9, 0xE9, 0x58, 0xCF, 0xDE, 0x06, 0x5E, 0x90,
    0xA8, 0x56, 0x1D, 0x8F, 0x99, 0xA6, 0xEB, 0x1E, 0xC4, 0x32, 0x6C, 0x22, 0xD5, 0x8A, 0x82, 0x0C,
    0xA5, 0x31, 0x3F, 0xE1, 0xB9, 0x9F, 0x5C, 0x3C, 0xF7, 0x43, 0x37, 0xF7, 0x1B, 0x3F, 0x15, 0xA3,
    0xA5, 0x74, 0x68, 0xFB, 0xB7, 0xC7, 0xF7, 0x35, 0x02, 0x7F, 0xBE, 0x00, 0xF9, 0x15, 0xF1, 0x2A,
    0x67, 0x6B, 0x70, 0x73, 0xFF, 0xFF, 0x98, 0xE5, 0xB2, 0xB9, 0x5F, 0x5C, 0x3A, 0xF7, 0x9F, 0xDE,
    0x2C, 0xAF, 0xD3, 0xF2, 0x22, 0x5B, 0x6D, 0x96, 0xB7, 0xD5, 0xF2, 0x1D, 0xDD, 0x55, 0x66, 0x63,
    0xA0, 0xB3, 0xB1, 0x75, 0xB3, 0xD1, 0x4E, 0xB2, 0x8C, 0x03, 0xDC, 0xA9, 0xE2, 0x56, 0xE6, 0x0A,
    0xFB, 0xD7, 0x22, 0xBF, 0x31, 0x1F, 0xC4, 0x8A, 0x38, 0x4C, 0x5F, 0xFF, 0x57, 0xC6, 0xFC, 0xEC,
    0x56, 0xE0, 0xBA, 0x7F, 0xE6, 0x0B, 0xA7, 0xA0, 0xD0, 0x6C, 0x8C, 0xFC, 0xF6, 0x75, 0xED, 0x45,
    0xED, 0xEB, 0xB6, 0xDC, 0xBE, 0x6E, 0xE0, 0xF6, 0x75, 0x03, 0xB7, 0xAF, 0xEB, 0xFF, 0x3F, 0xED,
    0x9D, 0xBD, 0x93, 0xE4, 0xC6, 0x75, 0xC0, 0x1B, 0x98, 0xBB, 0x19, 0x15, 0x51, 0x45, 0x6C, 0x70,
    0x96, 0x28, 0x5E, 0x15, 0xC1, 0xC0, 0x81, 0x8B, 0x76, 0x09, 0x0A, 0x1D, 0xB8, 0x0A, 0x60, 0xA4,
    0x80, 0xC9, 0x05, 0xBA, 0x84, 0x0A, 0xA4, 0x40, 0xAE, 0xB2, 0x4E, 0xC1, 0x26, 0x0A, 0xAC, 0xC0,
    0x04, 0xAC, 0x7F, 0xC0, 0x1B, 0x88, 0x8A, 0x15, 0x5C, 0x20, 0x9D, 0x02, 0x3A, 0x70, 0x40, 0x55,
    0x89, 0x04, 0x44, 0x06, 0x4E, 0xE1, 0xD2, 0x1F, 0x20, 0xD8, 0x75, 0xB2, 0x5D, 0x64, 0x40, 0x94,
    0x0B, 0xB6, 0xB0, 0x24, 0x06, 0xED, 0x7E, 0x9F, 0xE8, 0x99, 0x9D, 0xDD, 0x5B, 0x15, 0x8F, 0xDC,
    0xDB, 0x3D, 0x4C, 0xD5, 0x6E, 0xF7, 0xCE, 0x62, 0x80, 0xFE, 0x78, 0xBF, 0xEE, 0xD7, 0xEF, 0xBD,
    0xEE, 0x31, 0xC6, 0xBD, 0xFE, 0xCE, 0xF0, 0x2B, 0xD9, 0x4A, 0xAE, 0xB2, 0x92, 0xB3, 0x92, 0x0B,
    0xAD, 0x2D, 0x29, 0xB7, 0xB2, 0xB6, 0xA6, 0xDC, 0xC6, 0xDA, 0x86, 0x72, 0xB1, 0xB5, 0x2D, 0xDF,
    0xC4, 0xDA, 0x8E, 0x72, 0xA9, 0xB5, 0x3D, 0xE5, 0xB2, 0x3F, 0xDA, 0x91, 0x6F, 0xFC, 0x3F, 0x92,
    0xB3, 0xFF, 0x66, 0x27, 0xCC, 0x04, 0xB6, 0xE6, 0x87, 0xAC, 0x6C, 0x59, 0xD9, 0x9C, 0x72, 0x79,
    0x41, 0x8F, 0x8B, 0xAC, 0xC9, 0xE8, 0x71, 0xF1, 0xE4, 0xEE, 0xD8, 0x70, 0x39, 0x13, 0x7A, 0x5C,
    0x36, 0xBA, 0x27, 0xE3, 0xE3, 0x8A, 0xC1, 0x5D, 0x8A, 0x8F, 0xB3, 0x9F, 0x3E, 0x7A, 0x87, 0x1E,
    0x62, 0xE1, 0x35, 0x52, 0xD9, 0xDD, 0x6B, 0xA2, 0xB2, 0xC3, 0x8B, 0xCA, 0x0E, 0xAF, 0x1C, 0xCA,
    0xFE, 0xF6, 0xFD, 0xFB, 0x58, 0xBB, 0x04, 0xFE, 0x51, 0xC0, 0xE3, 0x52, 0xB8, 0x38, 0x83, 0xC7,
    0x65, 0x23, 0x56, 0xC5, 0x3D, 0xA4, 0x1A, 0xB1, 0x7A, 0x9D, 0x2B, 0xF1, 0x16, 0x73, 0x5B, 0xAA,
    0xEC, 0xDA, 0xDD, 0xA6, 0xAB, 0xAC, 0x1D, 0xA0, 0x15, 0x38, 0x97, 0x70, 0xAE, 0xA7, 0x9C, 0x79,
    0xE2, 0xEB, 0x96, 0xE6, 0xA4, 0x21, 0x5D, 0x59, 0xB9, 0xF9, 0x5C, 0xCD, 0x06, 0xCD, 0x8D, 0x67,
    0x72, 0x1B, 0xBD, 0x6E, 0xA5, 0x9F, 0x35, 0x0F, 0x38, 0x7D, 0xF3, 0xA3, 0x1C, 0x2F, 0xC6, 0x6B,
    0x2A, 0xAC, 0x3A, 0xB6, 0x41, 0x89, 0x85, 0x75, 0x55, 0x75, 0x6D, 0x0A, 0xF5, 0xCC, 0xAC, 0x7B,
    0xA3, 0x35, 0xD9, 0xE4, 0xAE, 0xED, 0xA0, 0x85, 0x21, 0x59, 0xBF, 0x87, 0x09, 0xDE, 0xC0, 0x4B,
    0x7E, 0x88, 0x35, 0x4A, 0xB1, 0x62, 0xD8, 0xB4, 0x1D, 0xDD, 0xAC, 0x73, 0xEF, 0x9D, 0x7E, 0xC7,
    0x25, 0xAE, 0xEF, 0xE0, 0x4A, 0x27, 0x45, 0x90, 0xD8, 0x69, 0x27, 0xB1, 0xD8, 0x86, 0xD6, 0x7E,
    0x64, 0xED, 0xE9, 0xBD, 0x0A, 0x3B, 0xA1, 0xCB, 0x5C, 0xEF, 0xB8, 0x04, 0x9A, 0xD3, 0x89, 0x94,
    0xEB, 0x1A, 0xD7, 0xFD, 0xB9, 0x79, 0xF0, 0xD0, 0xBC, 0xF0, 0xF0, 0xBC, 0x06, 0x8B, 0xA8, 0x49,
    0x32, 0xCB, 0x02, 0x9B, 0x53, 0x8F, 0xE7, 0xDE, 0x5F, 0x2C, 0xC5, 0x19, 0x89, 0xF5, 0xFA, 0x44,
    0x9A, 0x24, 0xD7, 0x26, 0x14, 0x81, 0xCF, 0xF8, 0x83, 0x28, 0x33, 0x2C, 0xDC, 0x4E, 0x2C, 0x59,
    0xB8, 0xAD, 0xA9, 0xB8, 0x5D, 0x2B, 0x53, 0xF1, 0x7B, 0x7F, 0x66, 0xE4, 0x3A, 0xD7, 0xFE, 0xFC,
    0xD9, 0xA0, 0xDA, 0x2A, 0x2C, 0xD2, 0x11, 0xC1, 0xA4, 0x25, 0x9E, 0x73, 0x3F, 0x3E, 0x54, 0xA1,
    0x05, 0xC3, 0x2F, 0x01, 0xC3, 0xE3, 0xFF, 0xE6, 0x06, 0x2B, 0xA9, 0x8D, 0xA0, 0xF8, 0xD9, 0x84,
    0x65, 0xCF, 0xDA, 0x14, 0x0A, 0x9E, 0xD5, 0x09, 0x24, 0x49, 0x8D, 0x7F, 0x05, 0x79, 0xD6, 0x71,
    0xEB, 0x50, 0x5B, 0x52, 0xF3, 0x51, 0x83, 0x66, 0xD4, 0x13, 0x29, 0x25, 0x2F, 0xE6, 0xE7, 0xD3,
    0x7D, 0x63, 0x28, 0x5C, 0x6B, 0x95, 0x62, 0x11, 0x7F, 0xD7, 0x70, 0x2A, 0xAF, 0xDD, 0x81, 0x41,
    0xAC, 0x14, 0x4C, 0x58, 0xFE, 0x1F, 0x34, 0xF1, 0xC0, 0x12, 0xD7, 0xC7, 0x0D, 0x5F, 0x34, 0x45,
    0xB9, 0x08, 0x30, 0x5F, 0x9F, 0x7D, 0x26, 0x42, 0x5D, 0xB5, 0x7C, 0xDF, 0xD0, 0x96, 0x29, 0xB5,
    0xFC, 0x6A, 0x32, 0x1B, 0x7E, 0xC2, 0xF7, 0x4D, 0xB0, 0x20, 0x74, 0x35, 0x33, 0xD9, 0x5F, 0x53,
    0x52, 0xE4, 0x3C, 0x5E, 0x7A, 0xA0, 0xAC, 0x28, 0xE1, 0xA1, 0x31, 0xA6, 0xF6, 0x49, 0xA8, 0xC1,
    0x52, 0xBA, 0x49, 0x0A, 0x57, 0x1C, 0xF7, 0x31, 0x7E, 0x76, 0xCB, 0xDD, 0x51, 0x52, 0x7D, 0x5A,
    0xFC, 0x10, 0xB6, 0x42, 0x36, 0x60, 0xB9, 0x6D, 0x07, 0x37, 0x09, 0x6D, 0xED, 0xBA, 0xDE, 0x3D,
    0xC4, 0x04, 0xFD, 0x8D, 0x87, 0x4D, 0xE6, 0x2B, 0xB3, 0xD2, 0x56, 0x8F, 0x46, 0xC5, 0x4F, 0x25,
    0x3C, 0x52, 0x09, 0x0F, 0x75, 0x4A, 0xD2, 0x69, 0xEA, 0x41, 0xC3, 0xAD, 0xED, 0x60, 0xDB, 0x74,
    0x02, 0x5B, 0xD0, 0x2E, 0xB0, 0x5D, 0x33, 0xD8, 0x7E, 0x44, 0x55, 0xA5, 0x56, 0x88, 0xB6, 0xDC,
    0x7A, 0x2C, 0x00, 0xB9, 0x87, 0x1C, 0x03, 0x68, 0x0A, 0x6A, 0xD8, 0x84, 0x6E, 0x12, 0x75, 0x08,
    0x5B, 0xD8, 0x2C, 0xB0, 0x1D, 0x86, 0xED, 0xB8, 0x9F, 0x05, 0x56, 0xC1, 0x12, 0xD1, 0x8D, 0xBB,
    0x8A, 0x45, 0x37, 0x6A, 0x0A, 0x7E, 0x2F, 0xC8, 0x2B, 0x99, 0xF0, 0x37, 0x5B, 0x85, 0xAD, 0x17,
    0xD8, 0x92, 0x5A, 0x60, 0xE3, 0x89, 0x72, 0x81, 0xED, 0x1A, 0xC0, 0xB6, 0x7E, 0xC8, 0x4D, 0x5B,
    0x52, 0x39, 0x5A, 0xD4, 0x5B, 0xB0, 0x93, 0x36, 0x7D, 0xDC, 0xE3, 0x58, 0x1C, 0xE3, 0x95, 0xF7,
    0x18, 0x2C, 0x1A, 0x68, 0x19, 0xC1, 0x64, 0xA0, 0x29, 0xAD, 0x45, 0xCA, 0xA0, 0x1F, 0xDD, 0x3D,
    0xFE, 0x71, 0xA1, 0x8C, 0x28, 0x4B, 0x9B, 0xB0, 0x65, 0x31, 0x1D, 0x79, 0x20, 0x73, 0xD7, 0xBC,
    0xC1, 0x43, 0xDA, 0x64, 0x59, 0xEA, 0xA2, 0x21, 0x61, 0x99, 0x5C, 0x75, 0x2B, 0x91, 0xDD, 0x23,
    0xB7, 0xE0, 0xDA, 0x7F, 0x05, 0xDE, 0xBA, 0x57, 0xA8, 0xF0, 0x28, 0x13, 0x69, 0x0F, 0x5C, 0x69,
    0x7A, 0x7E, 0x5A, 0x9D, 0xCA, 0xD3, 0x5C, 0x7F, 0xD2, 0x75, 0xF7, 0x1C, 0xC9, 0x0B, 0x65, 0x5F,
    0x1E, 0x65, 0x51, 0x8B, 0x8A, 0x4D, 0xB1, 0x35, 0xC8, 0x80, 0x7D, 0x7D, 0x0B, 0x15, 0xB7, 0xFF,
    0xB5, 0x85, 0xC2, 0x55, 0x70, 0xBF, 0x70, 0x8C, 0xB1, 0xAC, 0x63, 0x88, 0xD5, 0xF8, 0x0B, 0x23,
    0x43, 0xAE, 0xFF, 0x3A, 0xDE, 0x52, 0x8B, 0xF9, 0xA4, 0xC6, 0x54, 0xC7, 0x6C, 0x9B, 0x4D, 0xB8,
    0x48, 0x8B, 0x5D, 0x9D, 0x42, 0xDB, 0x84, 0x2E, 0x71, 0x78, 0x99, 0xF7, 0x6E, 0xFE, 0xF2, 0x4C,
    0x84, 0x56, 0xAD, 0x0F, 0x6A, 0x24, 0x5A, 0xA9, 0xF8, 0xC6, 0x2A, 0xB4, 0xD9, 0xA7, 0x22, 0xA0,
    0xAE, 0x87, 0x46, 0xBE, 0xAC, 0x4E, 0x54, 0xB9, 0xE0, 0x15, 0x5B, 0x3C, 0xBA, 0x2E, 0xA1, 0xDB,
    0x9D, 0x00, 0x2F, 0x17, 0xBC, 0x16, 0x80, 0x6E, 0xB0, 0x29, 0x31, 0xF8, 0x1E, 0xF5, 0x00, 0xDD,
    0xA0, 0x9A, 0xB8, 0x53, 0x4B, 0x6A, 0x95, 0x66, 0x9E, 0x2A, 0xE3, 0x11, 0xAF, 0xC9, 0x7A, 0x5C,
    0xA4, 0x54, 0x2D, 0xCC, 0x6F, 0x6E, 0x79, 0x08, 0x0C, 0x9A, 0xB7, 0x8C, 0x79, 0xF7, 0xB9, 0xE1,
    0xF0, 0x29, 0x18, 0x2B, 0xCD, 0xCF, 0xF5, 0x26, 0xBA, 0xF6, 0x5B, 0xA9, 0x25, 0x71, 0x33, 0x9D,
    0x5D, 0x0F, 0xB2, 0x22, 0x69, 0x82, 0x3A, 0x6B, 0x5E, 0xA5, 0xAB, 0xDA, 0x2C, 0xFF, 0x7B, 0x2A,
    0x47, 0xFF, 0x52, 0x30, 0xE8, 0x0C, 0x38, 0x70, 0x9F, 0xFF, 0xA1, 0x92, 0x95, 0xA1, 0xA2, 0x67,
    0x15, 0xD1, 0x44, 0x05, 0xC6, 0xDC, 0xCF, 0x17, 0xE4, 0xAF, 0x16, 0xF9, 0xD8, 0xCC, 0xA6, 0x13,
    0x35, 0xBC, 0x59, 0xB6, 0x50, 0xB6, 0x9E, 0xBD, 0x2D, 0xE2, 0xA1, 0x9B, 0xFA, 0x8E, 0xCC, 0x6C,
    0x47, 0x2B, 0x1C, 0x1A, 0x5C, 0x39, 0x5E, 0x71, 0x95, 0x72, 0x17, 0x64, 0xB8, 0xF0, 0x08, 0x50,
    0x09, 0x3D, 0xC5, 0x09, 0xD5, 0x5A, 0xEC, 0x6D, 0xD6, 0x9D, 0x22, 0x96, 0xD0, 0x07, 0x27, 0x37,
    0xDD, 0xB2, 0xF9, 0x3D, 0x45, 0xAB, 0x3F, 0x6B, 0x6A, 0x89, 0x14, 0xB2, 0x95, 0x9D, 0x75, 0x4F,
    0x59, 0x06, 0xD6, 0x45, 0x2D, 0x94, 0xC5, 0x8D, 0x50, 0x16, 0xBE, 0xBE, 0x50, 0x76, 0x6D, 0x29,
    0xFB, 0x67, 0xAA, 0xE8, 0xE0, 0x9B, 0x5A, 0xD8, 0xC8, 0xB6, 0xA1, 0x0A, 0x87, 0xDC, 0xA4, 0xDC,
    0xA3, 0xBC, 0x14, 0x24, 0x33, 0xDD, 0x91, 0x39, 0x59, 0x28, 0x3B, 0x4C, 0xD9, 0xF1, 0x63, 0xE5,
    0x68, 0x9A, 0x95, 0x51, 0x16, 0xF7, 0xB8, 0x15, 0x7B, 0x4A, 0x5C, 0x17, 0x8A, 0x80, 0xCA, 0xF8,
    0x5D, 0xC5, 0x91, 0x0D, 0x5B, 0x26, 0x70, 0xB3, 0x1A, 0x5B, 0xC5, 0xBA, 0x57, 0xCC, 0x20, 0xF6,
    0x31, 0xE6, 0x6D, 0x65, 0xDF, 0x3E, 0x16, 0xCB, 0xA7, 0x12, 0x50, 0x78, 0xB6, 0x9D, 0xC7, 0x0B,
    0x65, 0x57, 0x4A, 0xD9, 0xF1, 0xC4, 0x6D, 0x59, 0x93, 0x64, 0xA3, 0xE2, 0x38, 0xA0, 0xB7, 0x2D,
    0xEE, 0x90, 0xA8, 0xB0, 0x65, 0xDB, 0x75, 0x81, 0x75, 0x5D, 0x53, 0x33, 0xA4, 0xD4, 0x35, 0x49,
    0xEB, 0xCD, 0x6C, 0xEF, 0xAE, 0xF3, 0x17, 0x0D, 0x2E, 0x52, 0x10, 0x36, 0x74, 0xB5, 0x3A, 0x46,
    0xEF, 0x7A, 0xB0, 0x15, 0xBA, 0x44, 0x7C, 0x3E, 0x60, 0xAB, 0xCA, 0xB0, 0x64, 0x51, 0x1A, 0xD8,
    0x7F, 0xE0, 0x6A, 0xF4, 0x46, 0x2F, 0x32, 0x6A, 0xC5, 0x2E, 0x9C, 0x71, 0x6E, 0xD3, 0x44, 0x22,
    0xCC, 0xB9, 0xF9, 0xC1, 0xDC, 0x1A, 0xDF, 0xA4, 0xBB, 0xB8, 0x7F, 0xB1, 0x2E, 0xD1, 0x0B, 0x62,
    0x4E, 0x5A, 0x0A, 0x31, 0xAC, 0x88, 0xD0, 0x87, 0xF3, 0x94, 0x56, 0xE8, 0x94, 0x16, 0xDC, 0x5F,
    0xD6, 0x8A, 0x57, 0x0A, 0x5B, 0x3A, 0x98, 0x7F, 0xA1, 0xE6, 0x45, 0x4B, 0xA3, 0xFD, 0xAD, 0xE5,
    0xC2, 0x41, 0x92, 0x40, 0x09, 0xC3, 0xED, 0x0A, 0x8B, 0xFC, 0x1B, 0x83, 0xB5, 0xB9, 0x65, 0x5E,
    0xCE, 0x71, 0x2E, 0xC3, 0x57, 0x8F, 0x8A, 0x27, 0x98, 0xEC, 0x52, 0x6C, 0x23, 0x53, 0x41, 0xF2,
    0xBF, 0xDF, 0xE1, 0xBB, 0x8C, 0x84, 0x49, 0x4F, 0xBD, 0x50, 0x62, 0x20, 0xC4, 0xE3, 0xE7, 0xC0,
    0x17, 0x4E, 0xF2, 0xD9, 0x89, 0x6F, 0x06, 0xD6, 0x78, 0xB3, 0x75, 0x91, 0x73, 0xF6, 0xA3, 0x6A,
    0x50, 0xAD, 0xAF, 0x53, 0x44, 0xC4, 0xFE, 0xAF, 0xB3, 0xDF, 0xE1, 0xF9, 0x68, 0xC1, 0xE6, 0xF9,
    0x32, 0xB1, 0xBC, 0x64, 0xCC, 0x57, 0x5C, 0xB2, 0x25, 0xDD, 0xD1, 0xD5, 0xB6, 0xC0, 0x79, 0x2C,
    0xC4, 0xE9, 0xCC, 0x56, 0x87, 0x74, 0x47, 0xEA, 0x95, 0x9B, 0xAF, 0x3B, 0x3E, 0x35, 0xA3, 0xCA,
    0x6B, 0x8F, 0xF0, 0x55, 0x66, 0x24, 0x51, 0xF5, 0x7E, 0x1A, 0x71, 0xEA, 0x6A, 0xF2, 0x87, 0xFB,
    0x3F, 0xA4, 0xE6, 0x41, 0xA7, 0x2A, 0x8A, 0xF3, 0x7E, 0xEA, 0x74, 0x56, 0x4C, 0x7F, 0x6C, 0x44,
    0xDC, 0x2F, 0x48, 0x09, 0x7C, 0x4C, 0xDB, 0xBD, 0xBF, 0x6B, 0x4E, 0xCB, 0xCB, 0xDC, 0xC7, 0xA5,
    0xDF, 0xE0, 0xE7, 0x66, 0x52, 0x8E, 0x86, 0xCB, 0xD5, 0x70, 0x79, 0x29, 0xFD, 0x9A, 0xFB, 0x29,
    0x76, 0xEB, 0xB5, 0x57, 0x5F, 0x69, 0x87, 0x0B, 0x82, 0x97, 0xD4, 0x0D, 0xC9, 0xB3, 0x3D, 0x3B,
    0x90, 0x5D, 0xC7, 0x4F, 0x3B, 0xDA, 0x7C, 0xA8, 0x29, 0x8F, 0x4C, 0xC2, 0xC1, 0xCB, 0x74, 0xF3,
    0xF5, 0xFB, 0x27, 0xD4, 0x27, 0x13, 0xC9, 0xA3, 0x54, 0xBE, 0x27, 0xF6, 0x47, 0xF8, 0x20, 0xDC,
    0x03, 0xB8, 0x40, 0xC1, 0xA9, 0x49, 0x26, 0x4B, 0x97, 0xE4, 0x89, 0x2B, 0xA1, 0x4B, 0x52, 0x4A,
    0xA8, 0xD0, 0xBB, 0x89, 0xD1, 0xC4, 0x0D, 0x10, 0xF7, 0xE1, 0x2A, 0x92, 0x0E, 0x4E, 0x48, 0x79,
    0xA4, 0xC1, 0x29, 0x21, 0x59, 0x8E, 0xED, 0x94, 0x9B, 0xEF, 0x1A, 0x6A, 0x19, 0x1E, 0x6C, 0xA8,
    0x2C, 0x5B, 0x24, 0x0C, 0xCA, 0xBF, 0x66, 0x85, 0xE6, 0xAB, 0x8F, 0x7E, 0x7A, 0x6E, 0xFB, 0x84,
    0x6C, 0x6C, 0x91, 0x18, 0xB1, 0xC6, 0xC8, 0x70, 0xA4, 0x7F, 0xF1, 0x83, 0x63, 0x2A, 0x4D, 0xC0,
    0x32, 0xFD, 0xD5, 0x7B, 0x3C, 0x24, 0x4C, 0x22, 0x21, 0x35, 0xBB, 0xAE, 0x3A, 0x32, 0xE3, 0x17,
    0x94, 0xD6, 0x14, 0x84, 0x96, 0x95, 0x94, 0xDE, 0x96, 0x35, 0x90, 0x04, 0x7C, 0x1C, 0xF3, 0xB0,
    0x2F, 0x43, 0x8B, 0xAC, 0xA4, 0x64, 0x1D, 0xF5, 0x8D, 0x43, 0xA5, 0x5E, 0x40, 0x38, 0x0F, 0x84,
    0xF5, 0x94, 0x93, 0x02, 0xDB, 0xD3, 0x6C, 0xB4, 0x45, 0x21, 0x7F, 0x07, 0xE7, 0xA1, 0x2D, 0xDA,
    0x80, 0x36, 0x23, 0xAC, 0x32, 0x4C, 0x38, 0x90, 0x45, 0xE8, 0x88, 0xED, 0xB0, 0xE4, 0x5D, 0x5C,
    0x8B, 0x74, 0xE1, 0x5D, 0xD8, 0xCF, 0xC8, 0x86, 0xA5, 0xA0, 0x3D, 0x1F, 0xB3, 0x9B, 0xC4, 0x87,
    0xD3, 0x38, 0x5B, 0x1A, 0x8E, 0x03, 0x9E, 0xD2, 0x3F, 0x94, 0x09, 0x5D, 0x52, 0x6C, 0x55, 0x76,
    0xF5, 0x41, 0x43, 0x76, 0x14, 0xF3, 0xF0, 0x7E, 0xFE, 0xE4, 0xE9, 0x77, 0x11, 0xDD, 0xF3, 0x44,
    0xF7, 0x8E, 0x84, 0x93, 0xC4, 0xA8, 0x2A, 0x75, 0x09, 0x16, 0x6E, 0x04, 0x4B, 0x71, 0x46, 0x45,
    0xCE, 0xFE, 0xCF, 0xD2, 0x43, 0x2B, 0x28, 0x70, 0x5C, 0x62, 0x48, 0x6B, 0x90, 0x87, 0x0F, 0x9F,
    0xD4, 0xE8, 0x37, 0x45, 0x3C, 0x43, 0x51, 0xB9, 0x19, 0xC5, 0x58, 0xD4, 0xDE, 0x7E, 0x37, 0x88,
    0xD5, 0x4A, 0x6C, 0x2A, 0x5C, 0xFF, 0x5A, 0x4B, 0x1A, 0x7D, 0x35, 0x62, 0x14, 0x9D, 0x5B, 0x43,
    0xC1, 0x8A, 0x18, 0xD4, 0x52, 0x1A, 0xD7, 0xB7, 0x54, 0xA4, 0xAC, 0xCF, 0x48, 0x97, 0x6D, 0xE2,
    0x11, 0x2F, 0xCB, 0x89, 0xFB, 0x3B, 0xB0, 0xA8, 0x5E, 0xC4, 0xF7, 0x4F, 0x50, 0x41, 0x56, 0xF9,
    0x1C, 0xB7, 0x86, 0x2E, 0xE8, 0x79, 0x7C, 0x55, 0x0F, 0x64, 0xE7, 0xF5, 0x53, 0x48, 0x12, 0xC2,
    0xAE, 0x31, 0x34, 0xDE, 0xBA, 0xC5, 0x48, 0x8B, 0xD2, 0xC2, 0xF3, 0x71, 0x4F, 0xE2, 0xBB, 0xC5,
    0x8E, 0xF9, 0x84, 0x56, 0x15, 0xDF, 0x42, 0x08, 0xA6, 0x00, 0x2B, 0x32, 0xA0, 0xA5, 0x29, 0x6D,
    0x41, 0xFB, 0xBE, 0xD9, 0x10, 0x7C, 0x93, 0x15, 0x3B, 0x5E, 0x94, 0xAC, 0xB6, 0xBB, 0xFE, 0x8D,
    0x95, 0xEE, 0x81, 0xE0, 0x05, 0x23, 0xE9, 0x1D, 0xAF, 0xB5, 0xE4, 0x4F, 0xAA, 0xC6, 0x90, 0xA4,
    0xDB, 0xA2, 0x59, 0x61, 0x81, 0xE0, 0x0B, 0x82, 0x20, 0x32, 0xFE, 0x36, 0x03, 0xEE, 0x13, 0xEB,
    0x3B, 0xFD, 0x60, 0x21, 0xED, 0x81, 0x11, 0x89, 0x62, 0x2E, 0xBB, 0x55, 0x10, 0x82, 0xBF, 0x59,
    0x20, 0x38, 0x08, 0x41, 0x72, 0x6A, 0xBC, 0x10, 0x06, 0x35, 0x94, 0xAC, 0x86, 0xAC, 0x21, 0xAF,
    0x42, 0x4A, 0x1D, 0x7D, 0x2F, 0xAB, 0xBD, 0x66, 0x9D, 0x21, 0xC0, 0x09, 0x04, 0x66, 0x82, 0x76,
    0x81, 0xE0, 0x8B, 0x80, 0xE0, 0x81, 0x6C, 0x09, 0xE1, 0xDD, 0x36, 0xBC, 0xAC, 0xAC, 0x3E, 0xE6,
    0x05, 0x7F, 0x40, 0x69, 0xC1, 0xE9, 0x6D, 0x5E, 0x86, 0x89, 0xE7, 0x36, 0x50, 0x7B, 0x1B, 0xD9,
    0x3F, 0xCC, 0x96, 0x24, 0xA6, 0x79, 0x8F, 0x49, 0x38, 0x9A, 0x51, 0x10, 0x16, 0x04, 0x06, 0xA1,
    0x41, 0x70, 0xB8, 0x98, 0x07, 0x8F, 0x09, 0x86, 0x42, 0xA8, 0x10, 0x2C, 0x98, 0x0B, 0x01, 0x43,
    0xC8, 0x10, 0x34, 0x84, 0x0D, 0xC3, 0x70, 0x18, 0xA6, 0x83, 0x49, 0xD8, 0x4F, 0x8D, 0x97, 0x22,
    0x22, 0x02, 0x87, 0x97, 0xF2, 0xD6, 0x24, 0x1E, 0x34, 0x98, 0x13, 0x01, 0x45, 0x48, 0x51, 0x54,
    0x84, 0x15, 0x81, 0x45, 0x69, 0x51, 0x5C, 0x92, 0xDE, 0xA0, 0x85, 0xD2, 0x95, 0x7E, 0x4B, 0x0A,
    0xFD, 0xEF, 0x48, 0x91, 0xA7, 0x0A, 0xAF, 0xC6, 0x88, 0x15, 0x79, 0x8E, 0x43, 0xB8, 0xB3, 0x1F,
    0xB0, 0x59, 0xC9, 0xA6, 0x1F, 0xBB, 0x63, 0x8C, 0x4C, 0xD8, 0xEC, 0x58, 0x0D, 0x05, 0x2D, 0x14,
    0xDA, 0x98, 0xEE, 0x9B, 0x53, 0xCC, 0xD9, 0xF7, 0x17, 0x5E, 0x2E, 0xC3, 0x4B, 0xF0, 0x6B, 0xB4,
    0x1C, 0x3A, 0x79, 0x4A, 0xD0, 0x32, 0xDA, 0xA7, 0x58, 0xA8, 0x09, 0xE2, 0xD6, 0xB3, 0xCF, 0xB0,
    0x88, 0x59, 0x4D, 0x56, 0xD3, 0x12, 0x0D, 0x66, 0xEB, 0x7C, 0x33, 0x1C, 0x30, 0xA9, 0x89, 0x09,
    0xA3, 0xA7, 0x05, 0xF0, 0x34, 0x47, 0x29, 0xAC, 0xEC, 0xBF, 0x42, 0x19, 0x63, 0x8B, 0x53, 0x8F,
    0x1B, 0xDC, 0x40, 0x27, 0x70, 0x58, 0xF0, 0x16, 0xAE, 0x1B, 0xBE, 0x9E, 0x9D, 0x57, 0x07, 0xD3,
    0x8E, 0x7D, 0x9D, 0x03, 0xBB, 0x4D, 0x32, 0x91, 0xB1, 0xAB, 0x18, 0x32, 0x9A, 0x5A, 0xDB, 0x88,
    0xE6, 0xD6, 0x12, 0xD7, 0x0F, 0x60, 0x1F, 0xC0, 0x0F, 0xBA, 0x55, 0xD6, 0xAB, 0xCB, 0xBA, 0xF6,
    0xD9, 0xB3, 0x4D, 0x9A, 0xAF, 0xFB, 0xBB, 0x15, 0x63, 0x19, 0x9B, 0x7A, 0x92, 0x25, 0x5A, 0xFA,
    0xE1, 0x0C, 0x11, 0xD8, 0x0F, 0xA1, 0x3C, 0x2B, 0x8B, 0xFB, 0x6C, 0xE2, 0x2D, 0x4E, 0x0F, 0xC9,
    0x00, 0x24, 0xC0, 0x8A, 0x32, 0xCE, 0x9F, 0x0B, 0x1A, 0x9E, 0x82, 0xF5, 0x33, 0xF8, 0x5B, 0x1E,
    0x68, 0x02, 0x78, 0x20, 0x3C, 0xDE, 0x51, 0xE2, 0x60, 0x01, 0xD3, 0x5A, 0xBE, 0x82, 0x5F, 0xE6,
    0xDB, 0xB8, 0x1E, 0x01, 0x3F, 0xD7, 0x1A, 0x9A, 0x09, 0x3F, 0x8E, 0xA3, 0x16, 0x2E, 0xEF, 0xC2,
    0xC7, 0xFB, 0xE8, 0xFC, 0x3C, 0x63, 0x4F, 0x02, 0xFD, 0x6A, 0x5C, 0xD5, 0x4E, 0xB9, 0x0C, 0x57,
    0xF5, 0xAB, 0x70, 0x25, 0x88, 0x76, 0x4A, 0x45, 0xBF, 0xCC, 0xDD, 0x53, 0x8C, 0x7D, 0x88, 0xC1,
    0xE7, 0x31, 0x55, 0x43, 0xDA, 0xC5, 0x63, 0xDA, 0xC6, 0x63, 0x0C, 0xEA, 0x62, 0x0E, 0x21, 0x9C,
    0x55, 0x6B, 0xEE, 0x42, 0xE7, 0x0F, 0x14, 0xEE, 0x07, 0xBB, 0x88, 0xA2, 0xBD, 0x38, 0xF8, 0xE0,
    0x4D, 0x77, 0x89, 0x05, 0x9F, 0x0E, 0x74, 0x1B, 0xFE, 0xC0, 0xDF, 0xA8, 0x59, 0x7C, 0xBE, 0x9F,
    0x1C, 0x9A, 0x0E, 0xE0, 0x84, 0x1F, 0x77, 0xFF, 0xE9, 0xBA, 0x35, 0xEF, 0xFE, 0xEB, 0x48, 0x36,
    0xA3, 0xC6, 0xF4, 0x59, 0xB4, 0x87, 0xB5, 0x9C, 0x4B, 0x69, 0x62, 0x2B, 0x59, 0x34, 0x61, 0x13,
    0x50, 0x31, 0xA1, 0x2B, 0x09, 0xF6, 0x17, 0xC8, 0x0F, 0x3A, 0x57, 0x41, 0xA9, 0x0F, 0xF2, 0x2B,
    0xEB, 0x86, 0x83, 0x3E, 0xB0, 0xCC, 0x92, 0xE3, 0x17, 0x06, 0x4A, 0xF8, 0x81, 0xCF, 0xC2, 0x2C,
    0x44, 0x31, 0xC4, 0xB7, 0x19, 0x5D, 0x0D, 0x83, 0x4A, 0xD9, 0x06, 0x1B, 0xF0, 0x5C, 0xC2, 0x23,
    0x40, 0xCF, 0xA3, 0x3C, 0x0C, 0x76, 0x95, 0x7D, 0x8C, 0xD5, 0x09, 0xE0, 0x76, 0xB0, 0x0D, 0x0E,
    0x37, 0xD8, 0x84, 0x38, 0x52, 0x93, 0x36, 0xDB, 0x92, 0x23, 0xB7, 0x00, 0x8F, 0x5D, 0x4B, 0xEA,
    0x34, 0x39, 0x7E, 0x13, 0x3B, 0x50, 0x26, 0xB6, 0x43, 0xC1, 0x99, 0x91, 0xF6, 0x53, 0x69, 0xC6,
    0xA9, 0x8A, 0xF6, 0x52, 0x19, 0x0A, 0x0D, 0x1A, 0x24, 0xD3, 0x57, 0x7C, 0xC3, 0xAE, 0xC2, 0xAA,
    0xB8, 0x4C, 0x61, 0xC9, 0xC4, 0xD3, 0x52, 0x18, 0x8B, 0x7B, 0x74, 0x8A, 0xA3, 0x75, 0x61, 0xCB,
    0x18, 0x6B, 0x69, 0x2D, 0xED, 0xE3, 0x5B, 0xE1, 0xD0, 0x8A, 0x1E, 0xDE, 0x11, 0xAB, 0xFE, 0x09,
    0x8A, 0x49, 0x21, 0x8D, 0x90, 0xEC, 0xF8, 0x9C, 0x7B, 0xF2, 0xAA, 0x58, 0x72, 0x04, 0x04, 0xEF,
    0x4C, 0xE7, 0xFB, 0x57, 0x8F, 0xD4, 0xAF, 0x2B, 0xE1, 0x6B, 0x62, 0x34, 0x49, 0xC5, 0xBF, 0x7B,
    0x36, 0x93, 0xCC, 0x9E, 0x78, 0x89, 0x23, 0x65, 0xFB, 0x6B, 0xF0, 0xCE, 0x43, 0x8E, 0x0C, 0x68,
    0xC8, 0xEB, 0x3D, 0x72, 0xBF, 0xE4, 0xE8, 0xBB, 0x85, 0x28, 0x7A, 0xFB, 0x33, 0x57, 0x74, 0x08,
    0xD7, 0x70, 0x75, 0x8E, 0xD0, 0xF3, 0x3A, 0x80, 0xE3, 0xD6, 0xB5, 0x18, 0xDC, 0x76, 0x63, 0x47,
    0x18, 0x6E, 0xDD, 0xFF, 0x33, 0x4C, 0xB6, 0x5E, 0x12, 0xEE, 0x25, 0x7C, 0xC9, 0x08, 0xA3, 0x35,
    0x26, 0x2D, 0x84, 0x0B, 0x81, 0xFB, 0x7C, 0x63, 0x7B, 0x98, 0xFD, 0x5C, 0x0B, 0xC7, 0xAE, 0xEB,
    0x53, 0x84, 0xFD, 0x3F, 0x51, 0x10, 0xE6, 0x69, 0x62, 0x50, 0x9B, 0xF2, 0x86, 0x45, 0xF3, 0xE5,
    0x47, 0xE7, 0x4F, 0xD5, 0x81, 0x28, 0x4C, 0x2D, 0xD5, 0xBB, 0x3B, 0x37, 0x11, 0xEB, 0x13, 0x07,
    0x21, 0x05, 0x12, 0x8C, 0xC4, 0x5A, 0x29, 0x4D, 0x18, 0x12, 0x53, 0xC1, 0x61, 0xF0, 0x2B, 0x76,
    0xB6, 0x8C, 0x21, 0x87, 0x24, 0x48, 0x86, 0x27, 0x11, 0x3F, 0x60, 0x62, 0x2D, 0x6E, 0xB2, 0x48,
    0xBA, 0x4C, 0x55, 0xE1, 0x95, 0x86, 0x2C, 0x9D, 0x09, 0xC7, 0x58, 0x38, 0x7A, 0x7A, 0x1C, 0x05,
    0xD5, 0x09, 0xB5, 0xA0, 0x04, 0x7E, 0x60, 0x33, 0x7E, 0x0C, 0x05, 0x0E, 0x2D, 0x1A, 0xBA, 0x9C,
    0x52, 0x81, 0x65, 0xDC, 0x52, 0x72, 0x8B, 0x7B, 0x93, 0x42, 0xB1, 0x03, 0x5A, 0x4B, 0xB2, 0xB2,
    0xC6, 0x7B, 0x93, 0x64, 0x7B, 0xC4, 0xBB, 0x17, 0xE8, 0x8A, 0x37, 0x85, 0xAD, 0x3F, 0x97, 0xCC,
    0x5B, 0x1A, 0x86, 0x52, 0x4A, 0xDC, 0x4F, 0xB9, 0x3F, 0x1C, 0x4D, 0xB3, 0x4B, 0x0E, 0xDA, 0xE0,
    0x57, 0x86, 0xCC, 0x5B, 0x1B, 0xDB, 0x64, 0x39, 0xDB, 0x57, 0xFE, 0x6A, 0xC7, 0xC0, 0x62, 0x5C,
    0x9F, 0x72, 0x5C, 0xCF, 0x4F, 0x34, 0x98, 0x87, 0xF6, 0xB9, 0x82, 0xA2, 0x5B, 0xD2, 0xEE, 0x67,
    0x89, 0x81, 0x59, 0xB8, 0xF8, 0x22, 0xE6, 0x97, 0xA0, 0xF1, 0xC7, 0x23, 0xD9, 0x88, 0x37, 0xF9,
    0xE3, 0x18, 0xD9, 0x17, 0x4D, 0xE1, 0x7B, 0x41, 0x0C, 0x76, 0x5C, 0xC0, 0x26, 0x9A, 0xFA, 0x47,
    0x73, 0xDC, 0x4E, 0x42, 0xAC, 0x65, 0x34, 0x62, 0x56, 0x9F, 0x41, 0x99, 0x02, 0xFB, 0x01, 0x49,
    0x58, 0x0E, 0xAE, 0x14, 0x88, 0xD8, 0xEA, 0x60, 0xF3, 0x02, 0xE9, 0x99, 0xF9, 0x0D, 0x26, 0x48,
    0x5C, 0x80, 0xF3, 0x21, 0x36, 0x69, 0xBB, 0xB7, 0xCE, 0x17, 0x93, 0xBA, 0x07, 0x10, 0x8F, 0x41,
    0x8E, 0x20, 0x3A, 0x0D, 0xC0, 0x11, 0x94, 0xF0, 0xBA, 0xA6, 0xDF, 0xE4, 0x0B, 0x41, 0xCF, 0x14,
    0x41, 0x21, 0x1B, 0x3E, 0x1B, 0xCF, 0x7F, 0x25, 0x46, 0x02, 0x26, 0x87, 0x23, 0xC9, 0xE3, 0x69,
    0xC7, 0xF7, 0x45, 0x01, 0xAC, 0xE8, 0x74, 0x71, 0x04, 0xBD, 0xB8, 0x10, 0x74, 0x90, 0xA0, 0xA0,
    0x52, 0x05, 0x76, 0x14, 0xED, 0x8C, 0x65, 0x3F, 0xFB, 0x80, 0x81, 0x49, 0x5F, 0xE7, 0xCC, 0xED,
    0x95, 0xB0, 0x84, 0x47, 0x6B, 0x21, 0x41, 0x32, 0x07, 0x15, 0x62, 0xE3, 0xCF, 0x96, 0x39, 0xE8,
    0x59, 0x21, 0xE8, 0x4D, 0x09, 0x4B, 0x1B, 0x25, 0x46, 0x58, 0xB6, 0x8B, 0x63, 0xBB, 0x67, 0x35,
    0x8D, 0x7F, 0x69, 0x59, 0x95, 0x14, 0x8E, 0xC6, 0xBA, 0xC6, 0xC6, 0xFA, 0xA6, 0xFE, 0x80, 0xE6,
    0x24, 0x07, 0x51, 0xC1, 0x81, 0xA3, 0x19, 0x63, 0x74, 0xCB, 0xE3, 0x88, 0x41, 0x12, 0x92, 0x04,
    0x25, 0x61, 0x49, 0x61, 0x32, 0xF9, 0xC5, 0x4A, 0x1D, 0x13, 0x25, 0x48, 0x09, 0x53, 0x0C, 0x95,
    0x61, 0xAA, 0x0C, 0x63, 0x65, 0x98, 0x2B, 0xC3, 0x60, 0x19, 0x26, 0xCB, 0x30, 0x5A, 0x86, 0xA1,
    0xDA, 0x49, 0xC3, 0x33, 0xA9, 0x5C, 0x37, 0x1A, 0x26, 0xCC, 0x30, 0x62, 0x86, 0x19, 0x33, 0x0C,
    0x99, 0x61, 0xCA, 0x0C, 0x63, 0xB6, 0xEB, 0x78, 0xE1, 0x80, 0x5E, 0xAE, 0x3F, 0xAF, 0xF2, 0x85,
    0xB5, 0xA0, 0xCA, 0x23, 0x8E, 0xAD, 0xEE, 0x62, 0xB2, 0x35, 0xDB, 0x2D, 0x6D, 0x8C, 0x01, 0xC3,
    0x3E, 0x65, 0x9A, 0x8A, 0x2D, 0x96, 0xB5, 0xD8, 0xD8, 0xF2, 0xE0, 0xDB, 0x7B, 0x0D, 0xB5, 0x11,
    0xA7, 0x7E, 0xA2, 0x81, 0xDE, 0x1A, 0xD3, 0xAD, 0xD6, 0xEC, 0x0F, 0xC5, 0xF2, 0xC9, 0xD1, 0x15,
    0xD9, 0xC0, 0x43, 0xE8, 0xED, 0xDC, 0xF5, 0xF3, 0x02, 0xDB, 0x53, 0x86, 0xED, 0xAD, 0x7C, 0x4D,
    0x81, 0xE0, 0x51, 0x83, 0x25, 0x84, 0xB3, 0x65, 0x62, 0x6B, 0x61, 0xE7, 0x5A, 0xFC, 0x29, 0xDE,
    0x2F, 0x6E, 0x0B, 0x28, 0x5A, 0xD4, 0x90, 0x7D, 0xAA, 0x0E, 0xB7, 0x07, 0x2C, 0xB0, 0xB2, 0xA6,
    0x1E, 0xB9, 0x3B, 0x72, 0xDA, 0xF0, 0xD4, 0x40, 0x9F, 0xFC, 0x07, 0xDC, 0xC5, 0xF5, 0x3D, 0xB8,
    0xD7, 0x92, 0x09, 0xCF, 0x60, 0x8B, 0x06, 0xB3, 0x69, 0x6F, 0xF8, 0x04, 0x65, 0xCE, 0xAC, 0x87,
    0xD4, 0xF4, 0x32, 0x8A, 0xF4, 0xCB, 0x8C, 0xFF, 0xB1, 0x9C, 0x59, 0xF7, 0x13, 0x69, 0x48, 0x3E,
    0xE1, 0xD1, 0x29, 0x0A, 0xB4, 0x6A, 0xCA, 0x5A, 0x8E, 0x44, 0x5A, 0xE7, 0x67, 0xCC, 0x7F, 0x8B,
    0x85, 0xE0, 0x7A, 0x5A, 0xDA, 0xA0, 0x2F, 0xB1, 0x73, 0x28, 0xDA, 0x43, 0xB6, 0x37, 0x8C, 0xDE,
    0x94, 0x97, 0xFD, 0x11, 0x3F, 0x54, 0xFD, 0x3B, 0xE9, 0x7A, 0x35, 0x8C, 0x89, 0x4E, 0x4F, 0x44,
    0x25, 0x6F, 0x8B, 0x81, 0x83, 0x61, 0x6F, 0x56, 0x27, 0x37, 0xDE, 0xDE, 0xF0, 0xD4, 0x6C, 0x79,
    0xFE, 0x6B, 0x8E, 0xA7, 0x50, 0x07, 0x9F, 0x4E, 0x51, 0x1A, 0xB8, 0x00, 0x02, 0x54, 0x8B, 0xB5,
    0x4E, 0x7A, 0x10, 0x55, 0xCD, 0x23, 0x71, 0x33, 0x91, 0x15, 0x2F, 0x7B, 0x2C, 0x2E, 0xA8, 0x5B,
    0xBE, 0x64, 0xEC, 0xE4, 0x6A, 0x86, 0x34, 0xA6, 0xEE, 0x74, 0xDD, 0x02, 0x0E, 0x35, 0xEC, 0x92,
    0x6D, 0x61, 0x85, 0x53, 0xE8, 0x25, 0x76, 0x48, 0x2A, 0xA9, 0xF0, 0x01, 0x41, 0x75, 0x66, 0xD5,
    0x28, 0xAC, 0x46, 0x69, 0x35, 0x8A, 0xAB, 0x51, 0x5E, 0x8D, 0x00, 0x2B, 0x39, 0xD0, 0x3C, 0x14,
    0x59, 0xA3, 0xCC, 0x1A, 0x85, 0xD6, 0xD8, 0x4B, 0xE7, 0x98, 0x5C, 0xCD, 0xF5, 0x46, 0xD9, 0x35,
    0x0A, 0xAF, 0x51, 0x7A, 0x8D, 0xE2, 0x6B, 0x94, 0x5F, 0xA3, 0x00, 0xCF, 0x04, 0xCF, 0x08, 0x7B,
    0x0C, 0xCF, 0x10, 0xCF, 0x14, 0x7B, 0x18, 0xCF, 0x1C, 0xEF, 0x80, 0x2C, 0xA6, 0x29, 0xB6, 0xAD,
    0xCA, 0xE9, 0x25, 0x7C, 0x7A, 0x21, 0x6D, 0xE3, 0x82, 0x22, 0xF1, 0xFB, 0x95, 0x6C, 0x39, 0xEB,
    0x76, 0xF6, 0x38, 0x48, 0x50, 0x9B, 0x19, 0x79, 0x33, 0xFE, 0xAB, 0xE2, 0x72, 0x94, 0xA8, 0x05,
    0x15, 0x1F, 0x4C, 0x1D, 0x7C, 0x11, 0x34, 0x53, 0x65, 0x31, 0xB4, 0x67, 0xC3, 0x8E, 0xCD, 0x94,
    0x4B, 0x5B, 0x91, 0x87, 0x9B, 0x08, 0x6C, 0xAF, 0xA1, 0x5E, 0xE8, 0xCD, 0x71, 0x1A, 0x81, 0xB1,
    0x99, 0x8F, 0x07, 0x55, 0xA6, 0x62, 0xDD, 0x65, 0x16, 0xEB, 0x29, 0x69, 0x33, 0x4A, 0x01, 0xDE,
    0xFD, 0x48, 0xDC, 0xC2, 0x6C, 0x11, 0x3F, 0xEE, 0xB4, 0x6D, 0xF3, 0x85, 0xA5, 0x67, 0x87, 0xA5,
    0x97, 0xB8, 0xF9, 0xFF, 0x41, 0x3A, 0x6F, 0x37, 0x5C, 0x77, 0xA5, 0xC8, 0x30, 0x6A, 0x72, 0x1E,
    0x39, 0x1F, 0x5B, 0x3D, 0x8F, 0xAF, 0xBA, 0x14, 0x28, 0x89, 0xA5, 0xF0, 0x39, 0x67, 0x49, 0x7D,
    0x4C, 0xEA, 0x64, 0x9A, 0xBD, 0x4C, 0xB3, 0x9B, 0x69, 0xF6, 0x33, 0xCD, 0x8E, 0x26, 0xCF, 0xD3,
    0xE4, 0xB9, 0x9A, 0xE6, 0xCD, 0xB9, 0xE8, 0x6C, 0x3A, 0x12, 0x6F, 0x13, 0xF1, 0x05, 0xEE, 0x26,
    0x6A, 0xEF, 0xD5, 0x20, 0x54, 0x05, 0x8F, 0x17, 0xBE, 0xAE, 0x9C, 0x2F, 0xF6, 0x4B, 0x89, 0x63,
    0x8A, 0x3D, 0x53, 0xE2, 0x9A, 0x12, 0xDF, 0x94, 0x3A, 0xA7, 0xC4, 0x3B, 0xA5, 0xEE, 0x29, 0x39,
    0x2A, 0x28, 0xD0, 0x4D, 0xDF, 0x34, 0xCC, 0x8A, 0x8B, 0x4A, 0xE7, 0xAE, 0x77, 0x97, 0xB9, 0x4B,
    0x35, 0x49, 0x3E, 0xF9, 0x1D, 0xCC, 0x1B, 0x8D, 0xAC, 0xD0, 0xF8, 0xE0, 0x8F, 0x39, 0x96, 0x23,
    0xD3, 0x13, 0x26, 0xB2, 0x06, 0x3A, 0xF5, 0x08, 0x8D, 0x1D, 0x19, 0x44, 0x48, 0xB8, 0x8F, 0x87,
    0xE5, 0x7A, 0xD0, 0x16, 0x5D, 0xB4, 0xBF, 0x67, 0x88, 0xA8, 0x5B, 0xBA, 0x4D, 0x1E, 0xF7, 0x4B,
    0x39, 0x31, 0xC2, 0x75, 0xB4, 0x7B, 0x24, 0x6E, 0xBB, 0x8A, 0xF9, 0xC3, 0xF1, 0x29, 0x1F, 0x00,
    0xD3, 0x65, 0x24, 0x31, 0x0D, 0x2F, 0xD7, 0xF2, 0xE0, 0x17, 0x72, 0xBE, 0xF9, 0x42, 0x8C, 0xAE,
    0x80, 0xE7, 0xC8, 0x85, 0x45, 0xEA, 0x9F, 0xCD, 0x35, 0xCF, 0x45, 0xF6, 0x8B, 0xD9, 0x80, 0xE1,
    0xF5, 0x94, 0x1A, 0x2C, 0x0E, 0xE6, 0x12, 0xAF, 0x47, 0x25, 0x08, 0x30, 0x78, 0x78, 0x28, 0x7E,
    0x7B, 0x61, 0xE5, 0x49, 0x56, 0x0B, 0x35, 0x05, 0xC6, 0xBA, 0x29, 0xE2, 0x70, 0xAA, 0xBB, 0xE0,
    0x7E, 0xA0, 0x01, 0xA6, 0x81, 0xFB, 0xF5, 0x0B, 0x9C, 0x95, 0xE0, 0xD4, 0x8B, 0x2D, 0xE6, 0xA0,
    0x60, 0x23, 0x06, 0x44, 0xC2, 0x7B, 0x3D, 0x45, 0x45, 0x1E, 0x83, 0x50, 0xA4, 0x64, 0x81, 0x1D,
    0xCD, 0x75, 0xC9, 0x0D, 0x9C, 0x0B, 0x29, 0xD7, 0x72, 0x0E, 0x03, 0x86, 0xF1, 0x7C, 0x13, 0xCE,
    0x75, 0x84, 0x33, 0x79, 0x46, 0x71, 0x59, 0x99, 0xB0, 0xE9, 0xE8, 0x24, 0x40, 0x12, 0xF9, 0xE0,
    0x96, 0x52, 0x8E, 0x75, 0xB1, 0x46, 0x40, 0x12, 0xF3, 0x1A, 0x4F, 0xE7, 0x81, 0xD5, 0xA8, 0xC6,
    0x75, 0x35, 0x5D, 0x78, 0xB6, 0xB0, 0x76, 0xAE, 0x7A, 0xE6, 0x0F, 0x1D, 0x7C, 0x63, 0xE6, 0x70,
    0x71, 0x3F, 0x27, 0xFF, 0x2D, 0xD4, 0x7C, 0xFE, 0xC2, 0x2E, 0xAB, 0x6B, 0x37, 0x0E, 0x85, 0x15,
    0x6D, 0xB1, 0xC9, 0xF1, 0xEB, 0xA0, 0x0A, 0x3C, 0x83, 0xC4, 0xD2, 0xA9, 0x71, 0x98, 0xF9, 0x4B,
    0xF7, 0x6B, 0x8D, 0xF7, 0x92, 0x10, 0xCD, 0x2F, 0x39, 0x93, 0x4B, 0xA6, 0xA4, 0x8C, 0x1B, 0xE1,
    0x36, 0x58, 0x1E, 0xD9, 0x1F, 0xC4, 0x43, 0xF7, 0x94, 0xE3, 0xCC, 0xFA, 0x09, 0x0C, 0x5B, 0x80,
    0x37, 0x1D, 0xCB, 0xE4, 0x84, 0x33, 0xC6, 0xAB, 0xD7, 0x8F, 0xF2, 0x17, 0xDE, 0x7E, 0xD2, 0x36,
    0xFB, 0x48, 0x42, 0xE1, 0x8A, 0x69, 0xBF, 0x15, 0xBD, 0x2F, 0xCB, 0xCA, 0xF7, 0x3A, 0x22, 0xD3,
    0x75, 0x8F, 0x36, 0xEF, 0xFA, 0xA7, 0xCA, 0x9F, 0x8C, 0x5D, 0x91, 0x86, 0xE8, 0x26, 0x56, 0xD6,
    0xAA, 0x69, 0x2F, 0xFD, 0x0A, 0x71, 0xD0, 0xFC, 0xDF, 0x46, 0x72, 0x41, 0x9E, 0xEA, 0x76, 0x15,
    0xFD, 0x96, 0xA1, 0x44, 0xC7, 0xC2, 0xEC, 0x54, 0xF7, 0x69, 0xD4, 0xBA, 0x04, 0xD3, 0x5C, 0x5C,
    0x5E, 0xB4, 0xE1, 0x62, 0x81, 0xFA, 0x4B, 0x81, 0xFA, 0xEE, 0xA9, 0x78, 0x64, 0x78, 0x2E, 0x8B,
    0x64, 0x06, 0x4D, 0x26, 0x36, 0xF9, 0xA5, 0x3D, 0x77, 0x77, 0xD2, 0x71, 0x26, 0x56, 0x51, 0xC8,
    0x13, 0x09, 0xCC, 0x91, 0xC3, 0xCD, 0xEF, 0xEA, 0x49, 0xFF, 0x22, 0x73, 0x69, 0xB3, 0x1F, 0xD6,
    0x13, 0x95, 0xE6, 0x92, 0xAF, 0x85, 0x7F, 0x83, 0x9B, 0xB9, 0xF7, 0x0D, 0x89, 0x74, 0xB6, 0x16,
    0xF3, 0x3B, 0xCD, 0x7A, 0x86, 0x66, 0x33, 0x3D, 0xD9, 0xCA, 0x20, 0xD5, 0x47, 0x7C, 0xA9, 0x18,
    0x3B, 0xCC, 0x94, 0xAB, 0x3E, 0x72, 0x6F, 0x47, 0x61, 0xF5, 0xB4, 0x1F, 0xFF, 0xDD, 0xC4, 0xD6,
    0x82, 0x25, 0xEF, 0x6E, 0x41, 0x2E, 0x27, 0xA3, 0x60, 0x0E, 0x46, 0xC9, 0x04, 0x2D, 0x94, 0xD0,
    0x1C, 0x8D, 0x2F, 0xFB, 0xD7, 0x35, 0x3B, 0x18, 0x9F, 0x56, 0x0F, 0x57, 0x8F, 0x57, 0x0F, 0x58,
    0x8F, 0x58, 0x0F, 0x59, 0x8F, 0x59, 0x1F, 0x5A, 0x8F, 0x5A, 0x0F, 0x5B, 0x8F, 0x5B, 0x1F, 0xDC,
    0x9D, 0xE9, 0x58, 0xE3, 0x4D, 0x0B, 0xED, 0x6A, 0x75, 0xCF, 0x34, 0x62, 0x24, 0x6B, 0x76, 0xB6,
    0x10, 0x7A, 0x26, 0x68, 0xE5, 0x53, 0x63, 0xEB, 0x0A, 0xD5, 0x7A, 0x73, 0x56, 0x59, 0x6F, 0x7B,
    0x9A, 0x6D, 0x34, 0x1F, 0x58, 0xB7, 0x9F, 0xF9, 0xAE, 0x2D, 0x01, 0xD4, 0x75, 0x45, 0x1B, 0x9E,
    0x40, 0x3A, 0x46, 0x01, 0xB5, 0x7D, 0x4E, 0x40, 0x8D, 0xBD, 0x4D, 0x89, 0xF3, 0xDE, 0xCB, 0x62,
    0x26, 0xB6, 0x9A, 0x37, 0xCC, 0x15, 0xF3, 0x56, 0x18, 0x8D, 0xAC, 0x92, 0x13, 0x87, 0x8F, 0xF8,
    0xE2, 0x52, 0x40, 0x0D, 0xAA, 0x5C, 0x39, 0x0C, 0x16, 0x50, 0xAF, 0x1F, 0xA8, 0xE1, 0x19, 0x85,
    0x47, 0xBF, 0x9A, 0xB1, 0xD2, 0xD9, 0x73, 0x54, 0xD1, 0xD8, 0xD7, 0xA2, 0x36, 0xDA, 0xCB, 0x2A,
    0x35, 0xF2, 0x5D, 0x02, 0x66, 0xD3, 0xC9, 0xDA, 0xB2, 0x5C, 0x40, 0xBD, 0x10, 0x54, 0x55, 0x77,
    0x3D, 0x7D, 0xD7, 0x53, 0x78, 0x3D, 0x8D, 0xD7, 0x53, 0x79, 0x3D, 0x9D, 0xD7, 0x53, 0x7A, 0x77,
    0xB4, 0x5E, 0xEF, 0xCB, 0x35, 0xB1, 0xC7, 0x8E, 0x54, 0xF1, 0x65, 0x7C, 0x41, 0xF3, 0x65, 0x3A,
    0x93, 0x39, 0x0B, 0xA2, 0xB0, 0xE0, 0x7B, 0x3D, 0xE6, 0x59, 0x39, 0x1F, 0x7D, 0x23, 0xEB, 0xAA,
    0x54, 0x74, 0x65, 0xFD, 0xA6, 0x9E, 0xA2, 0xE1, 0x49, 0x34, 0xAB, 0x99, 0xCD, 0x94, 0x0F, 0x07,
    0x74, 0x43, 0xB6, 0x9E, 0x8C, 0x2E, 0x9D, 0x2C, 0xE7, 0x02, 0xCE, 0xF8, 0xEB, 0xC9, 0xEA, 0x99,
    0xCC, 0xBC, 0xAF, 0xE4, 0x0B, 0xD0, 0x97, 0x9C, 0x79, 0xA3, 0xAD, 0x7C, 0xE5, 0x29, 0xEC, 0xA8,
    0x2E, 0x54, 0xEB, 0x6D, 0xBD, 0x2F, 0x8F, 0xE6, 0x6C, 0xA0, 0x12, 0xE0, 0xDE, 0xC5, 0x02, 0x20,
    0xAF, 0xEF, 0x83, 0x10, 0x12, 0xAF, 0x2F, 0x99, 0xF4, 0x64, 0x77, 0x8E, 0x5D, 0xA6, 0xDB, 0x6B,
    0xC6, 0x6B, 0x3E, 0xEF, 0xAC, 0xEA, 0xC5, 0x42, 0x22, 0x5F, 0x4B, 0xF6, 0xA1, 0xDA, 0x89, 0x39,
    0x73, 0x4C, 0xFA, 0x57, 0x38, 0xCA, 0x51, 0xC0, 0x63, 0xC8, 0x4C, 0xDF, 0x31, 0xAF, 0xE5, 0x91,
    0xDD, 0xB7, 0xEF, 0x2E, 0x2C, 0x9E, 0xC7, 0xE2, 0x91, 0x39, 0xEB, 0x06, 0x59, 0x48, 0xBA, 0xDE,
    0x2B, 0xCC, 0x27, 0xD9, 0x7C, 0x3D, 0xA3, 0xAF, 0x67, 0xF5, 0xF5, 0x0C, 0xBB, 0x9E, 0xB5, 0x77,
    0x37, 0x6B, 0xCE, 0x9A, 0x7E, 0xF7, 0x6D, 0xBF, 0x7B, 0xCE, 0x93, 0x85, 0xC1, 0xAB, 0x36, 0x19,
    0x8B, 0xFA, 0x2B, 0xAB, 0x97, 0xD5, 0x7C, 0x8C, 0x7A, 0x69, 0x76, 0x7C, 0x34, 0xEC, 0xC6, 0x33,
    0xF3, 0x01, 0x6C, 0x20, 0x62, 0x9D, 0x58, 0x08, 0x45, 0x65, 0x3E, 0x56, 0xDD, 0xF9, 0x09, 0x12,
    0x07, 0xE3, 0x42, 0xF9, 0xC2, 0xA3, 0x47, 0xBF, 0x84, 0xE6, 0xA9, 0x53, 0x74, 0x92, 0xD2, 0x81,
    0x34, 0x68, 0x0D, 0x2E, 0x41, 0x7B, 0x8F, 0x60, 0x7C, 0x08, 0xA8, 0x45, 0x1B, 0x92, 0x2B, 0x74,
    0x30, 0x82, 0xB4, 0x27, 0x78, 0xA0, 0x49, 0x47, 0x8E, 0x4A, 0x3C, 0xE0, 0x1D, 0x7C, 0x61, 0x28,
    0x35, 0xF0, 0xC5, 0xC2, 0x64, 0x13, 0xB1, 0x70, 0xA0, 0x0B, 0x31, 0x52, 0x67, 0x1C, 0xB3, 0xDF,
    0xD0, 0x49, 0x7E, 0xAE, 0x5E, 0x54, 0xE8, 0x8D, 0xED, 0x25, 0x30, 0x79, 0x92, 0x93, 0xFF, 0xA4,
    0x35, 0x2B, 0xA9, 0xB3, 0xDA, 0xDE, 0x74, 0x4B, 0x87, 0xD7, 0x2E, 0x4F, 0x27, 0x73, 0xCC, 0xDE,
    0x4D, 0xD9, 0x57, 0x83, 0xE2, 0xB2, 0x9B, 0xC9, 0x24, 0x33, 0xAF, 0x3F, 0xEB, 0xFD, 0xF5, 0x67,
    0x71, 0x66, 0xFD, 0x99, 0xCD, 0xEB, 0xCF, 0x7A, 0x2F, 0x44, 0xFF, 0xC0, 0xFA, 0x73, 0xFE, 0x0A,
    0xF4, 0x4B, 0x5B, 0x74, 0xA1, 0x58, 0x39, 0xE3, 0x89, 0xA7, 0x72, 0xE4, 0x92, 0x01, 0x49, 0xEF,
    0x5D, 0xF9, 0x07, 0x5A, 0xA2, 0xA1, 0xE9, 0xAA, 0xC2, 0x81, 0xBE, 0xA6, 0x90, 0xE2, 0x98, 0xCE,
    0x3A, 0x6A, 0x29, 0x36, 0x15, 0xDA, 0x02, 0xAD, 0xA0, 0x90, 0xC1, 0xFE, 0xDA, 0x80, 0x2F, 0x7B,
    0xC4, 0xCE, 0x19, 0xE9, 0xD0, 0x6D, 0x18, 0x62, 0xA9, 0xD4, 0x70, 0x8A, 0x4F, 0x43, 0xBD, 0xB4,
    0x92, 0xE3, 0xBC, 0x37, 0x72, 0xFE, 0xCE, 0x1B, 0x96, 0x5B, 0xF7, 0x9F, 0xE4, 0xD0, 0x9C, 0xDF,
    0xEB, 0x17, 0xE1, 0xCA, 0x17, 0x70, 0xCE, 0xA7, 0x1C, 0xC8, 0x41, 0xB4, 0xF3, 0xD7, 0x45, 0xD4,
    0xAA, 0x7D, 0xEE, 0x06, 0xF6, 0xCD, 0x56, 0xDA, 0x4C, 0xDA, 0x57, 0x56, 0x99, 0xE1, 0xDC, 0xA5,
    0x0D, 0x47, 0xA4, 0xD1, 0xA7, 0x0B, 0x6F, 0xA4, 0x1E, 0xA5, 0xC5, 0x34, 0xDA, 0xA6, 0xE4, 0xBE,
    0xE1, 0xBB, 0xAC, 0xC5, 0xB7, 0xBA, 0x00, 0xF2, 0x39, 0x00, 0xB9, 0xF0, 0x75, 0x6B, 0x7F, 0xCB,
    0x4A, 0x3C, 0xEF, 0x61, 0xD0, 0xEF, 0xE8, 0xE8, 0xF6, 0xDE, 0x49, 0xE4, 0x1A, 0x9D, 0xAA, 0x82,
    0x5F, 0x2E, 0xC2, 0xEF, 0x84, 0x9F, 0xA2, 0x23, 0x42, 0xD8, 0xF3, 0xC0, 0xC2, 0x8F, 0x9F, 0x03,
    0xE1, 0x87, 0x28, 0x14, 0x14, 0x7E, 0xCE, 0x50, 0x4C, 0x02, 0x0A, 0x3F, 0x9F, 0xB9, 0x58, 0xE2,
    0xD7, 0x69, 0x9E, 0x15, 0x7E, 0x73, 0xE0, 0x34, 0x12, 0x63, 0xF5, 0xA8, 0x31, 0x2B, 0x5B, 0x56,
    0x39, 0xEE, 0x6F, 0xB5, 0x0D, 0xE4, 0x88, 0x0A, 0x89, 0x3D, 0xB8, 0x33, 0x9F, 0x46, 0x32, 0x49,
    0x77, 0xF7, 0x7B, 0x73, 0x9B, 0xCE, 0x76, 0x9A, 0x09, 0x1E, 0x2F, 0xB3, 0xD5, 0xD3, 0x87, 0xD1,
    0x33, 0xB7, 0xC8, 0x68, 0x27, 0x31, 0x86, 0x93, 0x0C, 0x84, 0xED, 0x59, 0x73, 0x4B, 0x2A, 0xE6,
    0x16, 0xB6, 0xBB, 0xCC, 0xE6, 0x96, 0xF4, 0xAC, 0xB9, 0xA5, 0x9C, 0xCD, 0x2D, 0xBC, 0xEB, 0x25,
    0x5F, 0xE6, 0xAF, 0xAB, 0x9C, 0xBF, 0x0E, 0xC5, 0x9E, 0x46, 0x4E, 0xCB, 0xE5, 0x9D, 0x4C, 0x5B,
    0xFA, 0x2E, 0xC7, 0x54, 0x02, 0x4F, 0xE7, 0x4C, 0xCB, 0x5B, 0x6C, 0x63, 0xC7, 0x19, 0x6D, 0x3F,
    0x2F, 0xD7, 0xA7, 0x97, 0xEC, 0xCA, 0x85, 0xD3, 0xCF, 0xC3, 0xE9, 0x45, 0x66, 0x96, 0x0F, 0xE4,
    0x5B, 0x04, 0xCF, 0x98, 0x59, 0x64, 0xF7, 0xFA, 0x18, 0xA8, 0x99, 0xE5, 0xE5, 0x4B, 0xB3, 0xB7,
    0x30, 0xF8, 0x45, 0x32, 0xF8, 0xFF, 0xE5, 0x58, 0xBD, 0x8E, 0xE5, 0x48, 0x15, 0x3E, 0xB6, 0x67,
    0xDA, 0x80, 0x25, 0x4C, 0xB0, 0x83, 0xD0, 0x6C, 0xE0, 0x64, 0x23, 0x24, 0x64, 0x9E, 0xA0, 0x6D,
    0xB1, 0x2F, 0xD0, 0x01, 0x57, 0x04, 0x04, 0x43, 0x40, 0x02, 0x49, 0x27, 0x1B, 0x90, 0x34, 0x36,
    0xE2, 0x01, 0xE8, 0x60, 0x1F, 0x60, 0x82, 0x5D, 0x69, 0xF7, 0xF2, 0x06, 0xA8, 0x77, 0xED, 0xE5,
    0x09, 0x9C, 0x90, 0x1B, 0x31, 0x01, 0x22, 0xD9, 0x02, 0x79, 0x24, 0x0F, 0x6B, 0xDF, 0xE2, 0xFB,
    0x4E, 0x95, 0x7D, 0x7D, 0xBB, 0x7B, 0x66, 0x07, 0x09, 0x34, 0x8C, 0xB0, 0xDA, 0xE5, 0xD3, 0x75,
    0xCB, 0xE7, 0xBF, 0xCE, 0xF9, 0xCA, 0xC6, 0xBC, 0xDE, 0x25, 0x22, 0x1F, 0x04, 0xDD, 0x67, 0x71,
    0x9F, 0x3F, 0xA9, 0x93, 0x83, 0x84, 0xA3, 0xC4, 0xB3, 0x64, 0xB6, 0xBC, 0xFA, 0xAA, 0xFB, 0xE0,
    0x1F, 0x9D, 0x98, 0x52, 0xB0, 0xE4, 0xBF, 0xFD, 0x17, 0x5E, 0x8B, 0x04, 0x03, 0x54, 0xB9, 0xC2,
    0x9D, 0x95, 0x22, 0x51, 0x0F, 0x62, 0xDC, 0xEF, 0xF7, 0x07, 0x8B, 0xEB, 0xF9, 0x6E, 0xF7, 0x99,
    0x91, 0x00, 0xCA, 0xC6, 0xAD, 0x91, 0x1C, 0x6F, 0xDC, 0x88, 0x09, 0x8D, 0x98, 0x40, 0xB5, 0x7B,
    0x63, 0xB7, 0x9C, 0xD5, 0x4E, 0xDD, 0x2B, 0xA7, 0x7E, 0xDC, 0x09, 0xB4, 0x13, 0x69, 0xA0, 0x38,
    0xF5, 0x3E, 0xDF, 0xED, 0x9E, 0xA4, 0xA5, 0xA4, 0xB0, 0x26, 0x95, 0x11, 0xF7, 0x39, 0xEE, 0xB4,
    0x4E, 0x25, 0x28, 0x53, 0x2C, 0x7B, 0x63, 0xF7, 0xE3, 0xFD, 0xFE, 0x63, 0x29, 0xA0, 0xE0, 0xED,
    0x21, 0xB7, 0xF6, 0x20, 0xAF, 0xFE, 0xB5, 0xA2, 0x61, 0xB6, 0x74, 0x8F, 0xFA, 0xDE, 0xC7, 0x4E,
    0xAF, 0x52, 0xFF, 0xB1, 0xED, 0xBD, 0x8F, 0xBD, 0x5E, 0x7E, 0xA5, 0xBB, 0x2E, 0xEC, 0xE6, 0x32,
    0xAF, 0xF9, 0xCF, 0x7E, 0x73, 0x3D, 0xFD, 0xCF, 0x72, 0xFB, 0xE5, 0x47, 0xE1, 0xBE, 0x6E, 0x86,
    0xC8, 0xB6, 0xFF, 0x6F, 0xC3, 0xA3, 0x8B, 0x60, 0x57, 0xFA, 0x08, 0xBD, 0x2A, 0x88, 0x72, 0xDF,
    0xF5, 0x6F, 0xBC, 0x97, 0xD5, 0x52, 0xF5, 0x62, 0xDB, 0xC8, 0x96, 0xB1, 0x95, 0xF4, 0x20, 0xD9,
    0x2C, 0xF9, 0x24, 0x85, 0xFB, 0x3B, 0x20, 0xE9, 0xF0, 0x57, 0x67, 0xB6, 0x45, 0x5D, 0x0A, 0x2E,
    0x24, 0x98, 0x25, 0xB5, 0x65, 0x6E, 0xDB, 0xD4, 0x76, 0x89, 0xED, 0x22, 0xFF, 0xD7, 0x46, 0x2B,
    0x07, 0x14, 0x2E, 0xBC, 0x68, 0xA4, 0x68, 0xE5, 0x21, 0xF8, 0xFF, 0x5C, 0x62, 0x26, 0x6D, 0x4B,
    0x0E, 0xB6, 0x8B, 0x4F, 0xD6, 0xD7, 0xF8, 0x09, 0x6C, 0x53, 0xAC, 0x1F, 0xA8, 0x05, 0x76, 0x71,
    0x3C, 0x7A, 0xFE, 0x85, 0x2D, 0x29, 0x7A, 0xF6, 0x9A, 0x80, 0x27, 0x38, 0x27, 0x56, 0x22, 0x2B,
    0x81, 0xAD, 0xC5, 0x76, 0x52, 0x74, 0x14, 0x90, 0xD5, 0xC1, 0x88, 0x77, 0xE3, 0x03, 0x6C, 0x48,
    0x27, 0xE8, 0x50, 0x0C, 0xE0, 0x5A, 0x19, 0x58, 0x62, 0xFB, 0x6C, 0x0E, 0x6C, 0x97, 0x4F, 0x21,
    0xD8, 0xE1, 0x27, 0x3F, 0x1C, 0x22, 0xDB, 0x17, 0x36, 0xB2, 0xA6, 0xB0, 0xBF, 0xB5, 0x63, 0x66,
    0xBF, 0xB0, 0x13, 0x94, 0x68, 0x7A, 0x58, 0xF7, 0x88, 0xF6, 0x65, 0x1D, 0x34, 0xB0, 0x43, 0x6E,
    0xFF, 0x68, 0x27, 0x58, 0x69, 0x67, 0xE8, 0xDD, 0xCC, 0x50, 0xBB, 0x58, 0x86, 0x23, 0xB7, 0x55,
    0xDA, 0x0C, 0x8D, 0xB2, 0x29, 0xC0, 0xAC, 0x81, 0x86, 0x45, 0x1B, 0x4D, 0x54, 0xEE, 0x82, 0xF6,
    0x9F, 0x95, 0xBA, 0x44, 0xF9, 0x39, 0x69, 0xE4, 0x07, 0x4F, 0x54, 0x77, 0xF9, 0xD5, 0xC5, 0xA8,
    0x8B, 0x55, 0x21, 0xF8, 0x05, 0xB3, 0x48, 0x86, 0x52, 0xED, 0xCB, 0x4A, 0x94, 0x37, 0xF8, 0xA7,
    0xAA, 0x8F, 0xFA, 0x15, 0xF6, 0x7D, 0x3B, 0x38, 0x63, 0x94, 0xD9, 0x6A, 0xA5, 0xEA, 0xA2, 0x5A,
    0xC1, 0x67, 0x8D, 0xEA, 0x64, 0xE0, 0xB7, 0x6C, 0xC4, 0x0C, 0xA6, 0x8B, 0x2E, 0x9A, 0xBD, 0x82,
    0x01, 0xB3, 0x20, 0xB0, 0x13, 0x1F, 0x27, 0xE3, 0x78, 0x1C, 0x1B, 0xB6, 0x05, 0xA8, 0xB5, 0x8C,
    0xC5, 0x75, 0x61, 0x2E, 0x4D, 0x65, 0x1B, 0xEC, 0x57, 0xAD, 0x37, 0x27, 0x63, 0xF1, 0xA2, 0xF8,
    0x73, 0x63, 0xDE, 0x93, 0x82, 0x2E, 0xC5, 0xC8, 0xB7, 0x0A, 0xF3, 0xAA, 0xB1, 0x7A, 0xC9, 0xE8,
    0xE4, 0x6E, 0xC7, 0xAD, 0x56, 0x4E, 0xCF, 0x47, 0xA5, 0x1A, 0x20, 0x77, 0xF4, 0xD7, 0xB1, 0xD9,
    0xEA, 0xBF, 0xB1, 0xA2, 0xF0, 0x56, 0xFC, 0x94, 0x56, 0x7C, 0xE5, 0x35, 0x1F, 0x36, 0xA3, 0x29,
    0x9E, 0xE5, 0xFD, 0xA5, 0x79, 0x87, 0x2B, 0x2F, 0x4E, 0xF5, 0xF4, 0xFA, 0xDC, 0xE1, 0x5C, 0x6C,
    0x39, 0xF7, 0xEF, 0xBE, 0x9C, 0xF3, 0x8B, 0xE2, 0xEF, 0xEA, 0x9F, 0x2D, 0xE7, 0xE1, 0x36, 0xE7,
    0xBB, 0xB6, 0x3C, 0x46, 0x83, 0x96, 0x1D, 0xF6, 0x47, 0x57, 0x58, 0xD3, 0xD8, 0xD1, 0xDA, 0x69,
    0xFD, 0x6B, 0x98, 0x06, 0x7D, 0x62, 0xE9, 0x8C, 0xEF, 0x29, 0x93, 0x7A, 0xF1, 0x93, 0xE5, 0x24,
    0x84, 0x73, 0x00, 0x49, 0x3D, 0x44, 0xDB, 0xC7, 0x5A, 0x0E, 0x58, 0x28, 0x66, 0xCE, 0x75, 0x42,
    0x42, 0x48, 0x08, 0x09, 0x69, 0x40, 0xC8, 0x0F, 0xB6, 0xA5, 0x25, 0xE6, 0xEE, 0x84, 0x02, 0xD8,
    0x42, 0x46, 0xC7, 0x0E, 0x3B, 0xFB, 0xEC, 0xC5, 0xF1, 0xD7, 0x50, 0xAB, 0x45, 0xCA, 0x9F, 0xFA,
    0x9C, 0x6B, 0x8C, 0x8E, 0x8E, 0xEE, 0x30, 0xEA, 0xAF, 0x1D, 0x5E, 0x09, 0x0F, 0xB7, 0x18, 0x0B,
    0xDE, 0x85, 0xCC, 0x3E, 0x83, 0xFC, 0xD4, 0x1A, 0xEC, 0xF5, 0x11, 0x2F, 0x02, 0x08, 0x0D, 0xD8,
    0xF9, 0xC8, 0x75, 0xA3, 0x64, 0x7A, 0x8B, 0xE4, 0x02, 0xC3, 0x05, 0x60, 0x8C, 0x99, 0x1E, 0xAF,
    0x0D, 0x54, 0x28, 0xF8, 0xBC, 0xA4, 0x1B, 0xC2, 0x3F, 0xE0, 0xF7, 0x56, 0x55, 0xF5, 0x3A, 0xE7,
    0x5A, 0xCC, 0x78, 0xBD, 0x04, 0xF2, 0x7C, 0x12, 0xEC, 0x0F, 0x28, 0x1A, 0x10, 0xF0, 0xB6, 0x41,
    0x9E, 0xF2, 0x31, 0xA2, 0x59, 0x9C, 0xEF, 0x24, 0xFB, 0x5F, 0x84, 0x3C, 0xEA, 0x73, 0x8E, 0xE8,
    0x0D, 0xC2, 0xF8, 0x7E, 0x79, 0x23, 0xE9, 0xEF, 0x72, 0x39, 0x4F, 0x93, 0xF6, 0x26, 0x0D, 0x7B,
    0x93, 0x8A, 0x69, 0x53, 0xF9, 0xA1, 0xBC, 0x69, 0x2D, 0x6F, 0xDF, 0x8F, 0x99, 0x28, 0x92, 0x7E,
    0xC1, 0x54, 0x89, 0x0C, 0x93, 0x45, 0x6E, 0x52, 0x6E, 0xB0, 0x5C, 0x13, 0x26, 0x69, 0x47, 0xB4,
    0xDC, 0xDF, 0x9B, 0x73, 0xDD, 0x5C, 0x99, 0x3C, 0xDF, 0xFD, 0xA4, 0xBF, 0x42, 0xA4, 0xD2, 0xDF,
    0x0C, 0x18, 0xCF, 0xE3, 0x16, 0xE3, 0x98, 0x21, 0x76, 0x51, 0x7F, 0x83, 0x31, 0xFD, 0x11, 0x01,
    0xF7, 0x23, 0x24, 0x91, 0x8B, 0xE6, 0x5B, 0x39, 0x22, 0x07, 0x3F, 0xE1, 0xA6, 0xA1, 0x2D, 0x72,
    0x95, 0xB6, 0xCC, 0xC4, 0xC2, 0xFB, 0x62, 0xF1, 0xCB, 0x4D, 0xFA, 0xB7, 0xFD, 0x5E, 0x86, 0x8C,
    0xB8, 0xF5, 0x2A, 0xF9, 0xD3, 0xEE, 0x89, 0xD0, 0xF4, 0x54, 0xA2, 0xEE, 0x86, 0x6E, 0x1D, 0x73,
    0x8E, 0x70, 0x0F, 0x46, 0xB8, 0x0A, 0x63, 0x50, 0xFE, 0xF8, 0x98, 0x24, 0x6F, 0xE7, 0x88, 0xEB,
    0x1B, 0xB7, 0xE1, 0x58, 0x56, 0xAE, 0xE4, 0xBB, 0x2C, 0xAD, 0xBE, 0xE6, 0xBB, 0x96, 0xA5, 0xB5,
    0xBD, 0x5A, 0x27, 0x22, 0x3A, 0x0B, 0xD3, 0xFD, 0x32, 0x91, 0xDA, 0x2F, 0x51, 0xD7, 0xC2, 0x0D,
    0x62, 0x63, 0xA7, 0xC7, 0xBA, 0x95, 0x69, 0x31, 0x72, 0x79, 0x62, 0x57, 0x9E, 0x68, 0x26, 0xD8,
    0x5D, 0xE9, 0xBC, 0x4E, 0x34, 0x86, 0x7F, 0xF9, 0xB8, 0x9D, 0xA8, 0xCC, 0x46, 0x2A, 0xD7, 0xF3,
    0xAD, 0xFE, 0x74, 0x22, 0xD8, 0xE0, 0x4B, 0x4E, 0x98, 0x8D, 0x54, 0x4E, 0x34, 0x26, 0x3E, 0x4A,
    0x75, 0x52, 0xD2, 0xE9, 0x64, 0x02, 0x18, 0x6C, 0x94, 0xEF, 0xA2, 0xCD, 0xC9, 0xC3, 0x0F, 0xA1,
    0xD8, 0xA8, 0x08, 0x29, 0xD4, 0x96, 0xD4, 0x10, 0xC3, 0x11, 0xFD, 0x34, 0x68, 0x21, 0xA0, 0x63,
    0x16, 0x5C, 0xCD, 0x15, 0xDB, 0x56, 0x9E, 0x26, 0xE4, 0xB3, 0x73, 0x88, 0x5E, 0xF5, 0xBC, 0x01,
    0x0E, 0x9C, 0x2F, 0xAD, 0xB0, 0x2E, 0xC7, 0x07, 0xF8, 0x03, 0x40, 0x95, 0xF2, 0x4B, 0xC9, 0x0F,
    0xA5, 0x22, 0xBF, 0x14, 0x6F, 0x12, 0x5B, 0xAA, 0x93, 0x88, 0xA3, 0x12, 0x0B, 0x71, 0xDE, 0x73,
    0x85, 0x49, 0x38, 0x11, 0xAE, 0x13, 0xC0, 0x57, 0x16, 0x32, 0xB1, 0xDE, 0x5B, 0xC9, 0xB6, 0x84,
    0x89, 0xF7, 0x39, 0xD1, 0x69, 0x24, 0xCA, 0xD3, 0x15, 0x44, 0xB7, 0x27, 0x13, 0x29, 0xC1, 0x30,
    0x98, 0x46, 0x0B, 0x53, 0x00, 0xE7, 0x84, 0x8B, 0x42, 0x05, 0xB8, 0x94, 0x3A, 0xB0, 0xAF, 0xA5,
    0x87, 0x80, 0x8A, 0xD5, 0xCE, 0x69, 0x20, 0xB0, 0x8E, 0xCD, 0x5A, 0x81, 0x17, 0x63, 0xDB, 0xA3,
    0xE5, 0x37, 0x63, 0x7E, 0x50, 0xA9, 0xB5, 0x36, 0x6A, 0xC3, 0xE3, 0x1E, 0x7D, 0xA9, 0xCB, 0x2A,
    0x22, 0xF6, 0x8C, 0xB3, 0x42, 0x8C, 0xCE, 0xAC, 0x38, 0x68, 0xAE, 0x90, 0x67, 0xA4, 0x2E, 0xDF,
    0xB3, 0x44, 0x7D, 0xFF, 0x23, 0x75, 0xFC, 0xAF, 0xE4, 0xD5, 0xD7, 0x37, 0xE1, 0xA0, 0x5E, 0x91,
    0x35, 0x7C, 0x88, 0xCE, 0x8F, 0x66, 0x37, 0x02, 0x43, 0x26, 0x16, 0x3E, 0x01, 0x52, 0x2F, 0x81,
    0xFB, 0xAB, 0x89, 0xE9, 0x01, 0x8C, 0x8D, 0xE4, 0x0D, 0xDC, 0x2B, 0xEF, 0xE9, 0x5B, 0x55, 0xC9,
    0x17, 0x91, 0x29, 0x05, 0xC0, 0x35, 0x22, 0x8E, 0x08, 0x22, 0xCC, 0xF0, 0x3F, 0xC2, 0x3A, 0x82,
    0x03, 0x88, 0x94, 0x58, 0x1F, 0x6D, 0x16, 0xFE, 0x43, 0xE3, 0xE5, 0x87, 0x8C, 0x46, 0xCF, 0x12,
    0x80, 0x23, 0xD5, 0x14, 0x68, 0x22, 0xD1, 0x5F, 0x45, 0x17, 0x58, 0xDD, 0x1C, 0x57, 0x8A, 0xDF,
    0x1E, 0xAC, 0x52, 0xAE, 0xBD, 0xA0, 0x10, 0x19, 0xAC, 0xB2, 0xE8, 0x14, 0x15, 0x17, 0xE3, 0x35,
    0x95, 0x08, 0xCE, 0x4E, 0x68, 0x46, 0xDF, 0x53, 0x2E, 0x0E, 0x0C, 0x6E, 0xBE, 0x62, 0x48, 0x28,
    0xBD, 0x61, 0x78, 0xA8, 0x00, 0xFC, 0xA8, 0x3A, 0x84, 0xF4, 0x2A, 0xD5, 0xE0, 0x06, 0x52, 0x4D,
    0x62, 0x30, 0x56, 0x65, 0xE8, 0x65, 0xD5, 0x27, 0x9E, 0xBC, 0x4A, 0x6C, 0xAC, 0x4E, 0xAB, 0xEF,
    0x08, 0x81, 0x72, 0x62, 0x18, 0x4D, 0x18, 0x02, 0xB6, 0x15, 0x0F, 0x45, 0x38, 0xD5, 0x00, 0x89,
    0xB7, 0xB1, 0xED, 0xC9, 0x57, 0x6D, 0xE3, 0x31, 0x25, 0x99, 0x1C, 0x8A, 0x90, 0x9F, 0x49, 0x50,
    0x4B, 0x8C, 0x34, 0xEE, 0x98, 0x17, 0xD8, 0x0B, 0xB4, 0x60, 0xC0, 0x8B, 0x01, 0xD6, 0x42, 0x5B,
    0xD5, 0xAA, 0x6E, 0x0E, 0x5E, 0xC9, 0x98, 0x3A, 0xD7, 0x8B, 0x69, 0x48, 0x5F, 0xAA, 0x48, 0xCE,
    0x39, 0x02, 0x34, 0x30, 0xEA, 0xD8, 0xE7, 0x40, 0xED, 0xD9, 0x40, 0xD5, 0xD8, 0xF2, 0x35, 0x30,
    0x2A, 0xE5, 0x4C, 0xBC, 0xA0, 0xA6, 0x74, 0xB2, 0x16, 0x87, 0x0D, 0x74, 0x98, 0x4A, 0x8C, 0x19,
    0x31, 0x0A, 0x8D, 0x14, 0x3B, 0x41, 0x2E, 0xDC, 0x76, 0xF4, 0x8F, 0x93, 0x0E, 0xD3, 0x9C, 0x02,
    0x98, 0x74, 0x3A, 0xC0, 0x6F, 0x4E, 0x8D, 0x04, 0x8C, 0x54, 0x13, 0x26, 0xB6, 0x53, 0x86, 0x55,
    0x48, 0xF5, 0xA9, 0x5A, 0xAF, 0x52, 0x5E, 0x7A, 0xAD, 0x1E, 0xAC, 0x65, 0xB0, 0x70, 0xB5, 0xA2,
    0xD5, 0xD4, 0xD6, 0xF4, 0xD5, 0xAC, 0x2E, 0x5C, 0x95, 0xFB, 0x0B, 0x7E, 0x80, 0xAE, 0xAC, 0x56,
    0x07, 0xCD, 0x47, 0xAA, 0x24, 0x8F, 0x70, 0xCE, 0xDC, 0xF9, 0x54, 0x05, 0xCB, 0x40, 0x8B, 0x43,
    0x0D, 0x7F, 0x2B, 0x12, 0x8E, 0xB4, 0x34, 0xC0, 0x3B, 0x8C, 0x1D, 0xA6, 0xAA, 0x03, 0xF7, 0x47,
    0xC9, 0x43, 0x26, 0x02, 0x6F, 0xDC, 0x59, 0x86, 0x93, 0x29, 0x16, 0x30, 0xD2, 0xD2, 0xB4, 0x9A,
    0x59, 0xE4, 0x56, 0x6B, 0x55, 0x62, 0xDE, 0xD3, 0x09, 0x34, 0x1B, 0xDB, 0x6F, 0xE2, 0x8E, 0xA3,
    0x4E, 0xC4, 0x8F, 0xEE, 0x26, 0x33, 0x30, 0x0D, 0xAC, 0x7A, 0x44, 0xA7, 0x90, 0x39, 0x0A, 0xD0,
    0x61, 0xAD, 0x9E, 0x6C, 0xD7, 0x02, 0xED, 0xA0, 0x64, 0x5B, 0xD4, 0xF2, 0xB0, 0x94, 0x64, 0xC0,
    0x41, 0x36, 0xC7, 0xDF, 0x80, 0xC2, 0x57, 0xF1, 0x58, 0x1B, 0xCF, 0x5A, 0xF7, 0x6A, 0x54, 0xB1,
    0x0A, 0x95, 0x8B, 0xA0, 0xBA, 0x30, 0xF8, 0x11, 0x4B, 0xCE, 0x6A, 0x76, 0x02, 0x96, 0x4C, 0x3A,
    0x28, 0xD2, 0xD3, 0xAD, 0xAB, 0x44, 0x93, 0xAB, 0x59, 0xAE, 0x51, 0xA4, 0x13, 0x2D, 0x88, 0x90,
    0xB6, 0xC8, 0x62, 0x61, 0x35, 0x99, 0x03, 0xAD, 0x56, 0x15, 0xA2, 0xD1, 0xF1, 0x39, 0x86, 0x3C,
    0xED, 0xB9, 0xF9, 0x10, 0x71, 0xB3, 0xE5, 0xAF, 0xB5, 0x08, 0x2A, 0x7E, 0x07, 0x9F, 0xDC, 0x38,
    0xBE, 0xC9, 0x24, 0x47, 0x39, 0x8B, 0x5C, 0x94, 0x46, 0xD5, 0xA3, 0x41, 0x69, 0xC6, 0x1C, 0xF5,
    0x84, 0x28, 0x49, 0xBC, 0xDE, 0xF9, 0xE0, 0x8E, 0xE7, 0x55, 0x47, 0xBB, 0xB2, 0x11, 0x76, 0x22,
    0xC2, 0xB1, 0xF9, 0xB6, 0xB7, 0x7B, 0x75, 0x04, 0x42, 0xF6, 0xF0, 0x42, 0x5D, 0x55, 0xCD, 0xDC,
    0x1C, 0x0C, 0x56, 0xC1, 0x03, 0xC1, 0x44, 0x57, 0x46, 0xFA, 0x20, 0xA6, 0x5F, 0x1E, 0x8D, 0xD5,
    0x58, 0x2E, 0x8F, 0x83, 0x7A, 0xDA, 0x3F, 0x2A, 0xFF, 0x98, 0xEF, 0x79, 0x20, 0x78, 0xE1, 0xE6,
    0x41, 0x8D, 0xFB, 0xCD, 0x23, 0x38, 0x3E, 0xF2, 0x49, 0x3B, 0xA9, 0x7F, 0x64, 0x27, 0x0F, 0xB6,
    0xC7, 0xC6, 0xAC, 0x8F, 0xBF, 0x22, 0xB0, 0xD7, 0xF7, 0x57, 0xCB, 0xE0, 0x53, 0x91, 0x6F, 0x3D,
    0x55, 0xC3, 0xB0, 0x41, 0x70, 0x88, 0x09, 0xF4, 0x63, 0x1C, 0xB6, 0xFD, 0xE6, 0xA1, 0x93, 0xDE,
    0x68, 0x9E, 0x3E, 0xF2, 0xA7, 0xF2, 0xAA, 0xCF, 0x2F, 0xA7, 0x5F, 0x61, 0x1E, 0xBB, 0x8F, 0x7D,
    0x27, 0x77, 0x6E, 0xFD, 0xF1, 0xE8, 0x1D, 0xF7, 0x38, 0xF7, 0xBD, 0xBD, 0x5F, 0x9A, 0x2F, 0x9D,
    0xEF, 0x38, 0xB8, 0xD6, 0xB2, 0x20, 0x00, 0xDF, 0xF7, 0x73, 0xD7, 0x88, 0x8B, 0x61, 0x69, 0xC5,
    0xEB, 0x3E, 0x74, 0xC7, 0x2C, 0xF1, 0xC9, 0xC6, 0x38, 0x8B, 0xCF, 0x06, 0xBE, 0xE6, 0xD6, 0x57,
    0xDB, 0xF5, 0xC1, 0xC9, 0xFA, 0xF8, 0x70, 0xCF, 0x7A, 0x8F, 0x68, 0xB4, 0x71, 0x4A, 0xB0, 0xA8,
    0x55, 0xDE, 0xA3, 0xD6, 0x78, 0xC2, 0xBF, 0x3F, 0x59, 0x7F, 0x62, 0x86, 0x13, 0x53, 0x38, 0x31,
    0xA9, 0x13, 0x13, 0x98, 0x93, 0xC8, 0xFC, 0xA2, 0xF4, 0xC0, 0x02, 0x9B, 0x59, 0x8F, 0xAB, 0x94,
    0x5F, 0x58, 0x2D, 0x2A, 0x9C, 0x68, 0x08, 0x23, 0x62, 0x9E, 0x70, 0x49, 0xCE, 0x4A, 0xF6, 0x24,
    0xAD, 0xE2, 0xAC, 0x51, 0x3F, 0xA9, 0xB6, 0x91, 0x1E, 0x7F, 0xF3, 0xEB, 0xCC, 0xF6, 0xC1, 0x8B,
    0x00, 0xE9, 0xF8, 0x40, 0xD8, 0xA4, 0x4A, 0x7E, 0x89, 0x5A, 0x3C, 0xE8, 0x74, 0xCB, 0xC6, 0xD5,
    0x29, 0xCE, 0xFC, 0x0D, 0xA9, 0x5B, 0xCD, 0xCF, 0x76, 0x8B, 0xFF, 0x15, 0x49, 0x9C, 0x69, 0xC5,
    0xBB, 0xC4, 0xDA, 0x80, 0x32, 0x81, 0x01, 0x99, 0x49, 0x6C, 0xE6, 0xD4, 0x07, 0xFB, 0x83, 0xE8,
    0x27, 0xE3, 0x77, 0xDD, 0x48, 0x4F, 0xE8, 0x39, 0x57, 0x45, 0xBA, 0x34, 0xB7, 0x5A, 0xC3, 0xA8,
    0x47, 0xC6, 0xFF, 0x43, 0xFB, 0x4C, 0x8D, 0x2D, 0x97, 0xA0, 0x78, 0x81, 0xE5, 0x91, 0xE4, 0xAC,
    0x6E, 0x73, 0xE1, 0xF9, 0x57, 0xE2, 0x67, 0xF2, 0x3A, 0x97, 0x7E, 0x5B, 0x90, 0xFD, 0xFA, 0xB1,
    0x21, 0xA1, 0xE2, 0xA1, 0xA6, 0x20, 0x4F, 0xD7, 0xD0, 0x81, 0x64, 0x7E, 0x87, 0x9C, 0x97, 0x05,
    0xEE, 0x0B, 0x52, 0xAA, 0x0E, 0xB9, 0x24, 0xB3, 0xF0, 0x9F, 0xB2, 0xAD, 0x0C, 0x1A, 0xAA, 0x84,
    0xE8, 0x62, 0xD6, 0xB7, 0x6B, 0x0D, 0x13, 0xEB, 0x83, 0x06, 0xC9, 0x13, 0x33, 0x4B, 0xB9, 0x0B,
    0x90, 0x6B, 0xB2, 0x56, 0xEB, 0xB0, 0x0B, 0x0E, 0x09, 0x17, 0x9A, 0xEA, 0xE0, 0x53, 0xDB, 0x11,
    0xAC, 0xB4, 0x07, 0x9F, 0x93, 0x47, 0x62, 0x3E, 0x21, 0x72, 0x05, 0x3B, 0x2E, 0x18, 0x24, 0x34,
    0x14, 0x85, 0xCB, 0x11, 0x5F, 0x4B, 0xAC, 0x02, 0x52, 0x1F, 0x04, 0x47, 0x30, 0x04, 0xB3, 0x0F,
    0x40, 0x3E, 0x2F, 0xEE, 0x9F, 0xBD, 0xF3, 0xB3, 0x79, 0x71, 0xFD, 0xEC, 0x1D, 0x4F, 0x42, 0xDD,
    0xCE, 0x7A, 0xF2, 0x75, 0xEE, 0x66, 0x5D, 0x59, 0xBC, 0xE6, 0x5C, 0x5D, 0x10, 0x26, 0x3A, 0xA2,
    0xDF, 0x10, 0xB3, 0xFB, 0xC9, 0xB9, 0x98, 0x6D, 0x4B, 0x1D, 0xCC, 0x2A, 0xB3, 0x5B, 0x0F, 0x09,
    0xAD, 0x9C, 0x7D, 0xE8, 0x1C, 0x1B, 0x58, 0xB7, 0x0B, 0x50, 0x71, 0xB5, 0x13, 0xDA, 0x32, 0x51,
    0x8B, 0x14, 0x17, 0x59, 0x6D, 0x9C, 0x4A, 0x18, 0x57, 0x79, 0xB9, 0x08, 0x44, 0xF8, 0x22, 0x80,
    0x40, 0x54, 0x5F, 0xE4, 0x7D, 0x66, 0x95, 0xD0, 0x1D, 0xEC, 0xFC, 0x09, 0x7B, 0x9D, 0x1B, 0x89,
    0xCD, 0xEF, 0x10, 0xEA, 0x58, 0x16, 0x23, 0x47, 0x5C, 0xF2, 0x1B, 0xA4, 0x6A, 0x8A, 0x28, 0x4F,
    0xA2, 0xC2, 0x74, 0x1F, 0xE7, 0x0C, 0x30, 0x89, 0x82, 0x21, 0xCF, 0x1D, 0x51, 0x7B, 0x02, 0x39,
    0xC0, 0xCA, 0x0C, 0x30, 0xEF, 0x08, 0xDD, 0x6B, 0xF4, 0xA7, 0x6E, 0x7D, 0x25, 0x46, 0xEF, 0xD8,
    0xE4, 0x6B, 0x72, 0x9A, 0x8E, 0xE5, 0xBD, 0x76, 0x73, 0x7A, 0x0F, 0xD2, 0x7B, 0xF5, 0xA7, 0xDE,
    0x5B, 0xA2, 0xD3, 0x5B, 0x8B, 0x37, 0x3F, 0x21, 0xA9, 0x63, 0xD7, 0x2F, 0x5A, 0x8E, 0xE1, 0xC7,
    0xEE, 0xB3, 0x5A, 0xC5, 0xF8, 0x17, 0x3E, 0x43, 0x1A, 0x74, 0x60, 0x4B, 0x90, 0xD4, 0xE6, 0xAE,
    0x9A, 0xD7, 0xC5, 0x7C, 0x66, 0xD5, 0xD6, 0x9E, 0xA6, 0x4E, 0x92, 0xEA, 0x8E, 0x07, 0x4A, 0x62,
    0xB4, 0x3E, 0x3D, 0xC5, 0xDF, 0x0A, 0x73, 0x09, 0xAC, 0x17, 0xA4, 0x9B, 0x0C, 0x47, 0xB0, 0x4B,
    0x6B, 0x17, 0xBC, 0x4B, 0xD4, 0xB3, 0x40, 0x5E, 0x85, 0x65, 0x1E, 0xF5, 0x56, 0x3C, 0x0A, 0x79,
    0xE0, 0x6B, 0x17, 0xDC, 0x56, 0x59, 0x26, 0xC9, 0x02, 0x7F, 0x23, 0xFD, 0x44, 0xE6, 0x10, 0x5E,
    0xAC, 0xDF, 0xC9, 0x1C, 0x08, 0x4E, 0x1C, 0x9A, 0x51, 0x1C, 0x9C, 0x2A, 0xC0, 0x73, 0x50, 0x98,
    0x07, 0x90, 0x05, 0x0D, 0x6B, 0x98, 0x3C, 0x20, 0x26, 0x7A, 0x58, 0x30, 0x71, 0xD2, 0x6E, 0x61,
    0xB1, 0xC8, 0xBF, 0x00, 0xA5, 0x55, 0x3D, 0x6F, 0xD3, 0x50, 0x14, 0x7D, 0x76, 0xD4, 0x58, 0xC2,
    0x83, 0x17, 0x60, 0x68, 0x87, 0xEC, 0x5D, 0xFC, 0x13, 0x9E, 0xC5, 0x00, 0x6B, 0x97, 0xA8, 0x43,
    0x07, 0x7E, 0x42, 0x57, 0x36, 0x67, 0x63, 0xCD, 0x82, 0x18, 0x58, 0xBA, 0x20, 0x81, 0x3B, 0xF0,
    0x0F, 0x78, 0x4F, 0xFC, 0x02, 0x2F, 0xEC, 0x11, 0x2A, 0x0C, 0x4C, 0x16, 0xF2, 0x60, 0x4A, 0xEC,
    0xCB, 0x39, 0xD7, 0x4E, 0x52, 0x47, 0xA5, 0x14, 0x61, 0x29, 0x47, 0xCE, 0xFB, 0xB8, 0x1F, 0xE7,
    0xDE, 0x7B, 0x6C, 0x8C, 0x3E, 0x53, 0x69, 0x80, 0xB9, 0xC8, 0xC2, 0x04, 0x22, 0xB2, 0x32, 0x11,
    0xB0, 0x36, 0x89, 0x7C, 0x96, 0xB5, 0x49, 0xC5, 0xD8, 0xD6, 0xD8, 0xB5, 0x99, 0x75, 0x26, 0x5F,
    0x63, 0xD1, 0xB8, 0x46, 0x91, 0x07, 0x8C, 0xF4, 0x58, 0xDD, 0xC0, 0x1B, 0xEB, 0x38, 0xD9, 0xDF,
    0xA2, 0x85, 0xD6, 0x38, 0x5A, 0x7B, 0xAD, 0x5B, 0x1B, 0x2F, 0x0B, 0x63, 0x44, 0x5A, 0x78, 0x3F,
    0x92, 0xA5, 0xD9, 0x7B, 0x82, 0xF3, 0x0C, 0x18, 0x0B, 0x71, 0xA6, 0x68, 0x15, 0x85, 0x18, 0x2A,
    0x46, 0x8A, 0xC9, 0x35, 0xD1, 0x7E, 0x21, 0xBA, 0x4F, 0xC0, 0x50, 0x42, 0x60, 0xD4, 0x12, 0x93,
    0x86, 0x68, 0x2B, 0xA2, 0xBB, 0xBE, 0x94, 0xC2, 0x38, 0xF8, 0x15, 0xA6, 0x0B, 0x4C, 0x15, 0x69,
    0x2E, 0xBB, 0x03, 0xF9, 0x84, 0x45, 0xF1, 0xDE, 0x4C, 0x44, 0x3A, 0x3A, 0x1D, 0x20, 0x66, 0xEC,
    0x31, 0xC3, 0x8F, 0xD7, 0x80, 0x84, 0x6F, 0x89, 0xFC, 0x24, 0x48, 0x49, 0xA8, 0xCD, 0x03, 0x27,
    0xDC, 0x72, 0x9D, 0x26, 0xA1, 0xFB, 0x23, 0xB0, 0xD8, 0x38, 0xC3, 0x11, 0x65, 0xDC, 0xF1, 0x9A,
    0x83, 0x61, 0xC4, 0xB5, 0x47, 0x87, 0xD2, 0xE0, 0xB0, 0x0D, 0xC7, 0x15, 0xB6, 0xBB, 0x13, 0x43,
    0xF6, 0x42, 0x96, 0x2E, 0xC2, 0x32, 0xAC, 0x65, 0xF4, 0x00, 0x5E, 0x2D, 0x43, 0xB3, 0x24, 0x37,
    0xEF, 0x3E, 0x48, 0x99, 0xD7, 0xA1, 0x54, 0x79, 0x85, 0xF2, 0xE4, 0xB5, 0xC9, 0x6B, 0x05, 0xDB,
    0x98, 0xBC, 0x42, 0x4D, 0xA5, 0x4A, 0xE5, 0x89, 0xAC, 0x58, 0x0F, 0xCF, 0x72, 0x64, 0x30, 0xBA,
    0xBE, 0x51, 0x8C, 0x63, 0x26, 0x4D, 0xA6, 0xBC, 0xDB, 0x40, 0x49, 0xC6, 0xBC, 0xF8, 0x09, 0x8A,
    0x9C, 0x21, 0x63, 0x67, 0xD2, 0xC6, 0x1C, 0x82, 0x60, 0x56, 0xA6, 0x24, 0x63, 0xDE, 0x80, 0xA7,
    0x8C, 0x21, 0x6F, 0x38, 0xB1, 0xA4, 0x20, 0x67, 0x93, 0x39, 0x3D, 0x06, 0x08, 0x10, 0x28, 0xA0,
    0x24, 0x78, 0xAE, 0x11, 0xF2, 0xC5, 0x28, 0xE7, 0x23, 0x9E, 0x21, 0xC5, 0x13, 0x86, 0x96, 0xC8,
    0xA9, 0xF8, 0x19, 0x62, 0x2E, 0xE1, 0x10, 0x80, 0x37, 0x3F, 0x6B, 0x71, 0x3B, 0x91, 0x97, 0x92,
    0x4D, 0xB4, 0x8D, 0x1C, 0x4D, 0x3B, 0x70, 0xA2, 0xC9, 0xCC, 0xBA, 0x54, 0xBC, 0x6D, 0x26, 0xB2,
    0xD2, 0xF4, 0xE1, 0xDB, 0x0D, 0x50, 0xC3, 0xB3, 0x95, 0x4B, 0xF1, 0xAC, 0x3F, 0x0F, 0x37, 0xEC,
    0xFF, 0x91, 0xF7, 0x54, 0xD9, 0xC5, 0x46, 0x4C, 0x3A, 0x67, 0xA4, 0xD3, 0xB6, 0x11, 0xED, 0x85,
    0xE4, 0xD4, 0x0C, 0x46, 0xF1, 0xE6, 0x2A, 0xA4, 0xE6, 0x2A, 0x36, 0x78, 0x35, 0x93, 0x5F, 0x52,
    0xC5, 0x6C, 0xEF, 0x90, 0x5C, 0x21, 0x05, 0x26, 0x16, 0xD3, 0x74, 0x4A, 0x3A, 0x18, 0xE4, 0x11,
    0x8C, 0x1E, 0x0E, 0x85, 0xCA, 0xB0, 0xDC, 0x0C, 0x07, 0xFA, 0xA6, 0x2F, 0xA6, 0x1F, 0x79, 0x36,
    0xC5, 0x65, 0x12, 0x5F, 0x69, 0x25, 0x1B, 0xF2, 0x85, 0x8C, 0x03, 0x59, 0x24, 0xFF, 0x82, 0x21,
    0xB0, 0x85, 0xB5, 0x3A, 0x97, 0x95, 0x95, 0xDA, 0xC9, 0xEA, 0xB8, 0xB8, 0x28, 0x0A, 0x66, 0x76,
    0xA5, 0x39, 0x22, 0x80, 0xF1, 0xC8, 0x7F, 0xDB, 0x8D, 0x3C, 0x2E, 0xFE, 0xF7, 0xC8, 0xE7, 0xB4,
    0xF6, 0x74, 0x34, 0xF2, 0x9E, 0x1E, 0xFB, 0x71, 0x58, 0x8D, 0x7B, 0xFC, 0x85, 0xF6, 0xCC, 0xB4,
    0x1F, 0x4E, 0xFD, 0x21, 0x77, 0x73, 0xF0, 0x5C, 0xFA, 0x59, 0xB9, 0xEF, 0xEF, 0x5C, 0x4E, 0x40,
    0x7B, 0x47, 0xDE, 0x38, 0x0A, 0x87, 0x45, 0xF1, 0x4E, 0x3B, 0x3A, 0x60, 0x6F, 0xB3, 0x36, 0x5A,
    0x4D, 0x6F, 0xBB, 0x33, 0xF1, 0x39, 0xBA, 0xA3, 0xCC, 0x21, 0x0E, 0x25, 0x15, 0xA2, 0x9C, 0x5E,
    0x4C, 0x58, 0xAF, 0x88, 0xE5, 0xE8, 0xC7, 0x93, 0xED, 0x8B, 0xF0, 0xFB, 0x19, 0x53, 0x15, 0x82,
    0x8A, 0x81, 0xBE, 0x15, 0x0F, 0x2C, 0x8C, 0x56, 0xA7, 0x66, 0xA1, 0x6A, 0xBB, 0x81, 0xEA, 0xA0,
    0x28, 0xDE, 0x66, 0xEA, 0x32, 0xA4, 0x4B, 0xA6, 0xDE, 0xCF, 0xA3, 0xAD, 0x63, 0xF8, 0xC5, 0xE8,
    0xF8, 0x04, 0x0D, 0xBB, 0x08, 0xFA, 0x11, 0x49, 0x5B, 0x4A, 0x70, 0xCD, 0xC6, 0x5D, 0x99, 0x7E,
    0xFC, 0x55, 0x8B, 0x1F, 0xC6, 0x8C, 0x25, 0xEC, 0x87, 0xAA, 0xE4, 0x50, 0x79, 0x3A, 0xF5, 0xE6,
    0x00, 0x65, 0xDB, 0x0C, 0x79, 0x43, 0x28, 0x11, 0x59, 0xB3, 0xE3, 0xF1, 0x8C, 0x9A, 0x15, 0xDD,
    0x5B, 0x37, 0x7F, 0x6C, 0x75, 0x33, 0x80, 0x18, 0x64, 0x66, 0xD2, 0xA9, 0x6E, 0xAE, 0x89, 0xA9,
    0xEA, 0x66, 0xFE, 0xF5, 0x54, 0x5E, 0x8D, 0x74, 0xD3, 0x2A, 0x1E, 0xCC, 0xB9, 0x7E, 0x87, 0x6E,
    0xCE, 0xD1, 0xD0, 0xF3, 0xF9, 0x7C, 0x5F, 0x37, 0x7B, 0xF1, 0xDC, 0xD7, 0xCD, 0x46, 0x75, 0xD3,
    0x0F, 0xBA, 0xA9, 0x42, 0x14, 0x68, 0xA3, 0xA4, 0x5B, 0xB5, 0x8C, 0x47, 0xBA, 0x39, 0xDD, 0xD3,
    0x4D, 0xE1, 0xD1, 0xAB, 0x2D, 0x0D, 0x53, 0xDE, 0x75, 0x30, 0x18, 0xB1, 0xF5, 0x20, 0x99, 0x4B,
    0xFC, 0x63, 0x4D, 0xD6, 0x24, 0x60, 0x53, 0xC0, 0x99, 0xB8, 0x25, 0xD3, 0x69, 0x07, 0xC9, 0x94,
    0xB1, 0x64, 0x56, 0xFB, 0x92, 0xE9, 0x20, 0x99, 0xC1, 0x4D, 0xC9, 0x0C, 0x54, 0x79, 0x38, 0xAF,
    0xFA, 0x3C, 0x62, 0xBE, 0x7F, 0x92, 0xCC, 0x4C, 0x16, 0x71, 0x07, 0xC9, 0x84, 0x8C, 0x1D, 0xEF,
    0x24, 0x33, 0xB8, 0x45, 0x32, 0x53, 0x12, 0x63, 0xEF, 0x92, 0xCC, 0x5E, 0x37, 0x1D, 0x85, 0x23,
    0xE8, 0xBF, 0x10, 0x4B, 0xA6, 0xBB, 0x55, 0xCB, 0x37, 0xFB, 0x6A, 0x59, 0x0E, 0x6A, 0xF9, 0x4C,
    0xB2, 0x48, 0x63, 0x96, 0xBE, 0xE9, 0x1A, 0xBD, 0x01, 0x22, 0xCE, 0xA9, 0x6E, 0xD1, 0x2D, 0x6A,
    0x09, 0xB1, 0xD3, 0x69, 0xA1, 0x5A, 0x66, 0xB1, 0x56, 0xC6, 0x6D, 0x3F, 0x50, 0x47, 0x9D, 0x6A,
    0x48, 0xBD, 0x13, 0xCA, 0xCC, 0x76, 0xF1, 0xDF, 0x84, 0x32, 0x95, 0xEF, 0x52, 0x25, 0x3B, 0xA1,
    0x4C, 0xF7, 0x84, 0x92, 0x1F, 0xCC, 0x18, 0xA1, 0x3D, 0x1E, 0x84, 0x72, 0x01, 0x68, 0x87, 0x24,
    0xF5, 0xF9, 0x0D, 0x6D, 0x54, 0xBD, 0x8E, 0xD3, 0x40, 0x10, 0x1E, 0x3B, 0xCA, 0x45, 0xBA, 0x14,
    0xA6, 0xE0, 0xAE, 0xB9, 0xC2, 0x2D, 0xA2, 0xC0, 0x8F, 0x60, 0x3F, 0x02, 0x05, 0x34, 0xF7, 0x04,
    0x88, 0x97, 0xF0, 0x3E, 0x42, 0x0A, 0x2A, 0x2A, 0x0A, 0x4E, 0x3A, 0x92, 0x82, 0x9E, 0x82, 0xF5,
    0x23, 0xB8, 0xB9, 0xDE, 0x05, 0x14, 0x84, 0x82, 0x2D, 0x82, 0x14, 0x1D, 0xB6, 0x87, 0xF9, 0xB3,
    0x63, 0x47, 0xB7, 0x45, 0x3E, 0xE5, 0xF3, 0xCE, 0xEC, 0x37, 0xB3, 0xDF, 0xEC, 0xD5, 0x5B, 0x5E,
    0xAF, 0x4B, 0xE4, 0x15, 0xFC, 0x14, 0x0E, 0x99, 0x02, 0x94, 0xB8, 0xDF, 0x11, 0xE4, 0xE8, 0x20,
    0x57, 0xC8, 0x14, 0xD2, 0x20, 0x90, 0x34, 0x02, 0x4B, 0x10, 0x80, 0x19, 0xBC, 0x61, 0x40, 0xEC,
    0x9F, 0x82, 0x96, 0x61, 0xBF, 0xFD, 0xFC, 0x54, 0x1C, 0x40, 0x29, 0x67, 0x9F, 0xC1, 0x4B, 0x8F,
    0xFB, 0x4F, 0xE7, 0x3B, 0xE9, 0xE3, 0x03, 0xFD, 0xDE, 0xB0, 0x74, 0xDD, 0x79, 0x02, 0xAF, 0x40,
    0x2B, 0xF2, 0x8F, 0x82, 0x54, 0x55, 0xC3, 0xA8, 0x02, 0x60, 0xC1, 0x35, 0x12, 0xAE, 0xF1, 0xAF,
    0xC7, 0x02, 0x20, 0xC1, 0x2A, 0xE1, 0xAC, 0x19, 0x12, 0x45, 0xFF, 0xF3, 0x1E, 0x56, 0xFC, 0xBD,
    0xEC, 0x60, 0xD5, 0x11, 0xFA, 0x16, 0xE2, 0x0D, 0x87, 0xB7, 0x92, 0xED, 0x84, 0x47, 0x6E, 0x40,
    0x84, 0x9A, 0x2E, 0x46, 0x2D, 0x53, 0xB2, 0x53, 0x58, 0xBC, 0xC3, 0xC7, 0xED, 0xBD, 0x1C, 0xA7,
    0x6A, 0x0C, 0x57, 0x3B, 0xFC, 0xC7, 0x19, 0x12, 0xDE, 0x77, 0x34, 0x0C, 0x86, 0x8D, 0xC8, 0xAA,
    0x64, 0x7F, 0x32, 0x62, 0x21, 0x98, 0xA2, 0x1E, 0x4B, 0xF2, 0x60, 0xF9, 0x15, 0xF4, 0xFE, 0x50,
    0xDA, 0x3A, 0x45, 0xBD, 0xC2, 0x9E, 0xC2, 0x3E, 0x7A, 0xAE, 0x97, 0x4B, 0xB8, 0xDE, 0x6E, 0x60,
    0xB2, 0x9E, 0x4F, 0xFF, 0xC0, 0x72, 0x47, 0xFB, 0xDD, 0x84, 0xC8, 0xAD, 0x82, 0x71, 0xE9, 0x51,
    0xEE, 0x9C, 0x08, 0x27, 0x82, 0x2E, 0x62, 0xEF, 0xB9, 0x9A, 0x49, 0x12, 0xB7, 0x1E, 0x1A, 0x35,
    0x10, 0x31, 0x65, 0x8D, 0xBE, 0x4F, 0x08, 0x40, 0x6B, 0xF5, 0x94, 0x48, 0x66, 0x84, 0xC7, 0xB1,
    0x70, 0x23, 0x7A, 0xBE, 0xA8, 0x79, 0x48, 0xCE, 0xC4, 0xC5, 0xB7, 0x8D, 0x11, 0xDD, 0xA5, 0xB4,
    0xD6, 0xAB, 0xEB, 0xE8, 0xD8, 0x96, 0x05, 0xB7, 0x7C, 0x33, 0x15, 0x13, 0x2B, 0x3C, 0x8A, 0xB9,
    0x92, 0x81, 0xC8, 0x30, 0x70, 0xD1, 0x21, 0xED, 0x80, 0x1D, 0x8F, 0xBF, 0x11, 0x6B, 0x49, 0x9A,
    0xB7, 0xE0, 0x9D, 0x36, 0xA4, 0x18, 0x88, 0x52, 0x3B, 0xD4, 0x81, 0x12, 0x08, 0x2F, 0x94, 0xA8,
    0x95, 0xC8, 0xD8, 0xB4, 0x4C, 0xFC, 0x04, 0x25, 0x52, 0x69, 0xDD, 0x68, 0x5F, 0xB9, 0xE9, 0xC3,
    0x8C, 0x88, 0x6D, 0x3E, 0x46, 0x82, 0x1B, 0xEC, 0x66, 0x44, 0x6C, 0x4A, 0x07, 0x22, 0x2A, 0x52,
    0x91, 0x38, 0x12, 0x69, 0xBD, 0x98, 0x13, 0x79, 0x1D, 0x53, 0x88, 0xC7, 0x5F, 0x4A, 0x3C, 0xBC,
    0xCB, 0x9B, 0x05, 0x56, 0x6B, 0x33, 0x19, 0xE9, 0x6B, 0xF3, 0x70, 0x83, 0xCE, 0x86, 0x86, 0x55,
    0xB6, 0x5C, 0xC5, 0x30, 0x45, 0xAC, 0x92, 0xBB, 0xD4, 0xCA, 0x3C, 0x35, 0x2A, 0xA1, 0x4E, 0x6D,
    0x92, 0x74, 0x5D, 0x7F, 0x00, 0xB8, 0xBD, 0x1B, 0x1C, 0xF0, 0x43, 0xDC, 0xAD, 0x8D, 0x90, 0x86,
    0x1C, 0x6C, 0x28, 0x0E, 0xEC, 0x69, 0xCD, 0x9A, 0xF1, 0xB5, 0xC8, 0x8C, 0x3A, 0x28, 0x03, 0xCD,
    0x0E, 0x75, 0xB1, 0x6C, 0x68, 0x34, 0x78, 0xDE, 0x6B, 0x8A, 0xA6, 0xEC, 0x79, 0xA5, 0xD6, 0x7F,
    0xC5, 0x1A, 0xA4, 0x9C, 0x4B, 0x8F, 0x7F, 0x78, 0x47, 0x3A, 0x66, 0x99, 0x20, 0xEB, 0x29, 0x7B,
    0xF3, 0xA5, 0xE2, 0x95, 0xC7, 0xDB, 0xAD, 0x33, 0x9B, 0x3A, 0x7D, 0x11, 0x78, 0x88, 0xBC, 0x0D,
    0x3E, 0x7D, 0x70, 0x66, 0x9F, 0xCA, 0x1E, 0x88, 0xDA, 0x46, 0x2C, 0xD8, 0xC8, 0xB1, 0xFD, 0x9F,
    0x71, 0x35, 0x35, 0x5C, 0x04, 0x2D, 0x63, 0x78, 0x5B, 0xC6, 0x93, 0x6B, 0x2D, 0x77, 0x78, 0xBA,
    0xC4, 0xFD, 0xD1, 0xFB, 0x2F, 0x05, 0xFC, 0x07, 0xAD, 0x56, 0x3B, 0x8E, 0xDC, 0x46, 0x10, 0x6D,
    0x4E, 0x4B, 0x18, 0xC0, 0x84, 0xD1, 0x4A, 0x1C, 0x33, 0x71, 0x24, 0xC0, 0xE8, 0x0B, 0x2C, 0xD4,
    0x9C, 0xC0, 0xB9, 0x0D, 0x78, 0x14, 0xE8, 0x06, 0x56, 0xE4, 0xC0, 0xA1, 0x0D, 0x0E, 0x7C, 0x07,
    0x1F, 0xC1, 0x80, 0x34, 0xC9, 0x5E, 0xC0, 0x70, 0x37, 0xE0, 0x0B, 0xF0, 0x08, 0x84, 0x15, 0x28,
    0x50, 0xA0, 0x0E, 0x18, 0x10, 0x2B, 0x92, 0xE5, 0xFA, 0x71, 0x3E, 0x9A, 0xDD, 0x95, 0xB0, 0x10,
    0x83, 0x7A, 0x00, 0x8B, 0xEC, 0xEE, 0x7A, 0xAF, 0x3E, 0x6D, 0xCC, 0xF2, 0x7C, 0xA7, 0xD8, 0xD4,
    0x0C, 0x05, 0xB4, 0x8C, 0x6B, 0xE8, 0x18, 0x2B, 0x90, 0xF7, 0xCD, 0xA8, 0xEE, 0x4E, 0xDD, 0xF2,
    0xDA, 0x01, 0x3F, 0x63, 0xB8, 0x03, 0xBD, 0x62, 0x09, 0xDF, 0x6F, 0xB7, 0xDB, 0x97, 0xAF, 0x56,
    0xBA, 0xBC, 0x89, 0x83, 0xA0, 0x07, 0xC1, 0x52, 0x1D, 0x2B, 0xDD, 0xC0, 0xC0, 0x4E, 0xF0, 0x99,
    0x9E, 0xEF, 0x91, 0x62, 0xC9, 0x7E, 0xCF, 0xBF, 0xC7, 0x19, 0x8D, 0x05, 0xFA, 0x14, 0x0F, 0x82,
    0x0E, 0xDC, 0x16, 0xCF, 0x49, 0x3B, 0xE2, 0xEB, 0xF7, 0x1F, 0x20, 0x39, 0xF0, 0x03, 0xE4, 0x30,
    0xF9, 0xA1, 0x19, 0xDD, 0xE0, 0x07, 0x9F, 0x6D, 0xF6, 0x83, 0x4B, 0x26, 0xF9, 0xC1, 0x1E, 0xD6,
    0xB9, 0xDF, 0x86, 0x4B, 0x3B, 0x3E, 0xC4, 0x7E, 0xF3, 0x93, 0x39, 0x7F, 0x7E, 0x15, 0x28, 0x26,
    0x73, 0xC6, 0xE9, 0x42, 0x45, 0x01, 0xBD, 0x4A, 0x33, 0x2D, 0x1C, 0x2D, 0x1A, 0x25, 0xE5, 0x37,
    0x87, 0xFB, 0xF9, 0xEF, 0x9F, 0xBE, 0x46, 0xDA, 0x7F, 0x3C, 0x88, 0x26, 0x9C, 0xFA, 0x59, 0x29,
    0x1E, 0xCE, 0xA4, 0x2E, 0xD5, 0xBD, 0x52, 0xB7, 0xF9, 0x5B, 0xF1, 0xC9, 0xC3, 0x63, 0x0E, 0x77,
    0x30, 0x78, 0x2F, 0xE3, 0x3B, 0x3F, 0xAC, 0xCC, 0xAA, 0xF3, 0x43, 0xB9, 0x2B, 0x7B, 0x3F, 0x54,
    0x9D, 0x1F, 0xFD, 0x10, 0x86, 0x8A, 0xB4, 0xEC, 0xD7, 0x70, 0x7D, 0x03, 0x6D, 0x41, 0xD1, 0xD5,
    0xA6, 0x01, 0x98, 0x28, 0x47, 0x21, 0x53, 0x18, 0x90, 0x28, 0x28, 0x38, 0xEE, 0xEE, 0x32, 0xD3,
    0x55, 0x6B, 0x10, 0x9C, 0x42, 0xB8, 0x81, 0xA7, 0xAC, 0xC1, 0x20, 0xE3, 0x8E, 0x83, 0xE6, 0x94,
    0xA3, 0x3C, 0x24, 0x3E, 0x28, 0x2F, 0x91, 0x1F, 0xCE, 0x53, 0xE4, 0xAB, 0xE4, 0xD5, 0xA0, 0xD3,
    0x3C, 0x1E, 0x1A, 0xC1, 0x29, 0x0A, 0xCE, 0x0B, 0x2E, 0xBC, 0xBB, 0x19, 0xF9, 0xDE, 0xC6, 0x6C,
    0x89, 0x4B, 0x8B, 0x07, 0x22, 0x0D, 0x2B, 0x5C, 0x24, 0xD0, 0x7E, 0x23, 0xE5, 0x29, 0xEE, 0x97,
    0xC9, 0x87, 0xCB, 0xE2, 0x79, 0x0B, 0x7C, 0x17, 0x68, 0x8F, 0x5F, 0x8C, 0xF9, 0xFA, 0x34, 0x39,
    0xBE, 0x62, 0x1B, 0x12, 0xEB, 0x9D, 0x59, 0xA6, 0x89, 0xEB, 0x91, 0x92, 0x00, 0x8F, 0xD1, 0x1A,
    0xE2, 0xA0, 0xA7, 0xB0, 0xD1, 0x51, 0x4D, 0xF1, 0x1D, 0xD4, 0x61, 0x8C, 0x6F, 0x20, 0x55, 0x39,
    0x76, 0x50, 0xAF, 0xDB, 0xD8, 0xFD, 0x6E, 0x8A, 0x5D, 0xEC, 0xBE, 0xA5, 0x4A, 0x61, 0x89, 0x3F,
    0xCF, 0x3E, 0x31, 0x36, 0xC5, 0xEE, 0xCA, 0xB8, 0x0E, 0xD7, 0x31, 0xA1, 0x8F, 0xFF, 0x61, 0xBE,
    0x8D, 0xF1, 0x2D, 0x55, 0x53, 0x7C, 0x3F, 0x53, 0xC1, 0x31, 0x53, 0x20, 0xBC, 0x01, 0xB3, 0x38,
    0x73, 0xED, 0x0E, 0xC7, 0x75, 0xFC, 0xEE, 0xC8, 0xBD, 0xE8, 0x20, 0x9A, 0xB0, 0x3E, 0x6B, 0x3A,
    0x3F, 0xC5, 0xD2, 0x1B, 0xD1, 0x70, 0x45, 0xEC, 0x21, 0xDB, 0xA8, 0x6D, 0x27, 0x35, 0x6B, 0x49,
    0xF3, 0x64, 0xB0, 0x5A, 0x2B, 0x14, 0xCF, 0x0F, 0x8F, 0xEE, 0xCE, 0x17, 0xF1, 0xF2, 0x97, 0xF2,
    0x97, 0xAC, 0x20, 0xAB, 0xC9, 0xCA, 0xC7, 0x4C, 0xE9, 0x97, 0xDD, 0x2F, 0x32, 0x85, 0x35, 0x1C,
    0x59, 0xE1, 0xE9, 0xD2, 0x3E, 0xDD, 0xE3, 0xF3, 0xEA, 0xA8, 0x8F, 0x14, 0xCD, 0x27, 0x6C, 0xFB,
    0x29, 0x7B, 0xC5, 0x16, 0xC8, 0x62, 0xB6, 0xA0, 0x75, 0x6C, 0x31, 0x5B, 0xD0, 0xE2, 0x59, 0xA1,
    0xE5, 0x24, 0x6A, 0xDD, 0x4C, 0xDF, 0xF3, 0x09, 0xDB, 0x78, 0xB4, 0x49, 0x2C, 0xBF, 0x4F, 0x8E,
    0xEB, 0xD6, 0x72, 0x15, 0x18, 0xE9, 0x1D, 0x61, 0x96, 0x26, 0x9D, 0x4E, 0x1C, 0x7C, 0xFA, 0xAB,
    0x8F, 0x5A, 0x51, 0xCC, 0x0F, 0xB7, 0xCD, 0x99, 0xB5, 0x89, 0x2C, 0xF1, 0xD9, 0x64, 0xE2, 0x16,
    0x2D, 0x90, 0x2D, 0x71, 0xFB, 0x26, 0x53, 0x2A, 0xE3, 0x97, 0xE8, 0x40, 0x8B, 0xC5, 0xC5, 0xDC,
    0xEE, 0xD8, 0x76, 0x17, 0x96, 0x32, 0xA8, 0x9C, 0x0F, 0x22, 0x49, 0x19, 0x94, 0x1C, 0x46, 0xB8,
    0xA8, 0x72, 0x9B, 0xCC, 0x2D, 0x8F, 0x70, 0x72, 0x0B, 0x5C, 0x09, 0x00, 0x03, 0x51, 0x83, 0xE0,
    0x04, 0x88, 0x34, 0x37, 0x31, 0x83, 0x6E, 0x62, 0xD6, 0xDC, 0xC4, 0x7F, 0xBA, 0x29, 0x9C, 0x56,
    0xFF, 0x74, 0xD6, 0x0B, 0x16, 0x9F, 0xEE, 0xA1, 0x6C, 0xAB, 0x0E, 0x2A, 0x84, 0x2A, 0xB1, 0x38,
    0x0B, 0x9D, 0x7D, 0xBF, 0x9D, 0xB4, 0x59, 0x6A, 0x7F, 0x02, 0x56, 0x07, 0x61, 0xB9, 0x4C, 0x4A,
    0x9D, 0x02, 0xB1, 0xD7, 0x41, 0xD9, 0x9E, 0x0D, 0x05, 0x8F, 0x5C, 0x6C, 0x5F, 0xBC, 0x36, 0x7A,
    0x9A, 0x42, 0x0F, 0xB7, 0x56, 0xAC, 0x14, 0x45, 0x26, 0x14, 0x44, 0xE9, 0x6A, 0x74, 0x17, 0x3F,
    0xEF, 0x39, 0xC1, 0x75, 0xA0, 0x4F, 0x56, 0xD1, 0x2C, 0x18, 0xA6, 0xE7, 0xFB, 0x6B, 0x44, 0x8D,
    0xEF, 0x10, 0xA0, 0x01, 0x5D, 0x51, 0xC4, 0xC0, 0x18, 0x15, 0xAD, 0xBE, 0x2F, 0x3E, 0x16, 0xE6,
    0x67, 0x1D, 0x62, 0xB5, 0x0C, 0x9F, 0x56, 0xAE, 0x19, 0x1C, 0x55, 0xD4, 0x3E, 0xF2, 0xAF, 0x34,
    0x95, 0x8D, 0x74, 0x98, 0x8D, 0xB4, 0x9B, 0x0D, 0x50, 0x5F, 0x46, 0xA0, 0x46, 0x41, 0xD0, 0x61,
    0x57, 0xDA, 0xCC, 0xCD, 0x18, 0x32, 0x42, 0x35, 0xBA, 0x16, 0x36, 0xF3, 0x3A, 0xDB, 0x1A, 0x7D,
    0xB4, 0x29, 0x02, 0x9F, 0xEF, 0x0B, 0x42, 0x81, 0x50, 0xDF, 0x01, 0xC7, 0x67, 0xB5, 0x5C, 0x55,
    0x34, 0x72, 0xAF, 0x1C, 0x37, 0xAA, 0x64, 0x35, 0x9B, 0xB3, 0x79, 0x4C, 0x97, 0xAA, 0x97, 0x7F,
    0x6D, 0x79, 0x36, 0xCA, 0x80, 0x99, 0x15, 0xA1, 0x56, 0x6C, 0x15, 0xF5, 0x46, 0xE0, 0x34, 0x17,
    0xEC, 0x72, 0x33, 0x90, 0xF6, 0xB4, 0x8F, 0xCB, 0x80, 0xCA, 0x8A, 0x49, 0x11, 0xD7, 0xBB, 0xD9,
    0xFF, 0xA9, 0x97, 0x38, 0xAD, 0xDB, 0x83, 0x84, 0x0E, 0xCE, 0x15, 0x0C, 0xAA, 0x9C, 0xD3, 0xF3,
    0xDB, 0xD3, 0xE8, 0x8A, 0xBD, 0xD9, 0xD7, 0xF7, 0x30, 0xF1, 0x85, 0x29, 0x5F, 0x31, 0xEC, 0xCA,
    0x84, 0xDA, 0xDA, 0xCE, 0x67, 0x04, 0x37, 0xB0, 0xEE, 0x01, 0x87, 0x2D, 0x02, 0x4E, 0x0A, 0x4E,
    0x06, 0xEC, 0x92, 0x04, 0xD4, 0x1A, 0x36, 0xC0, 0x83, 0x76, 0x23, 0x73, 0xF6, 0x0F, 0xB9, 0x16,
    0xBC, 0x93, 0x8E, 0x01, 0xD2, 0x32, 0x24, 0x69, 0x17, 0x02, 0xFE, 0xB9, 0xB5, 0x75, 0xE0, 0x48,
    0x91, 0x11, 0x6C, 0x65, 0x70, 0x75, 0xCC, 0x13, 0xFE, 0x23, 0x3D, 0x01, 0xA4, 0xCB, 0x53, 0xDD,
    0x05, 0x19, 0x87, 0x20, 0x09, 0xAA, 0xA3, 0x8C, 0x9F, 0xE3, 0xC5, 0x21, 0x8B, 0x6E, 0x51, 0x1A,
    0xC0, 0x1C, 0x39, 0xED, 0xCB, 0x39, 0xDC, 0x90, 0x6E, 0xD7, 0xA3, 0xD6, 0x5D, 0xD6, 0xBA, 0x4B,
    0x5A, 0x77, 0xB2, 0x36, 0x09, 0x43, 0x75, 0x17, 0x39, 0x20, 0xBC, 0x40, 0x24, 0x4E, 0x1A, 0xB9,
    0x9C, 0x34, 0xED, 0x9A, 0xB3, 0xA0, 0xAA, 0x0B, 0xCE, 0x8E, 0xC7, 0xC6, 0xFC, 0x60, 0xCC, 0xFF,
    0xED, 0x5B, 0x4F, 0x8F, 0xE5, 0x46, 0x11, 0x6F, 0xFB, 0x65, 0xC7, 0x52, 0x8C, 0xE4, 0x0B, 0x8B,
    0xD0, 0x6E, 0x24, 0xDF, 0x57, 0x20, 0x5F, 0x38, 0xE4, 0x02, 0xED, 0x7C, 0x82, 0xCC, 0x61, 0x27,
    0x07, 0x72, 0xE0, 0x3E, 0x39, 0xCC, 0x27, 0x40, 0xF6, 0x9D, 0x43, 0xE6, 0x40, 0xEE, 0x39, 0x0C,
    0xD2, 0xEE, 0xCB, 0x21, 0x67, 0x90, 0x88, 0x1D, 0xE5, 0x0B, 0x58, 0xE2, 0x03, 0x60, 0x41, 0xA2,
    0x10, 0x2E, 0xB1, 0x84, 0x21, 0x9E, 0xC5, 0xCF, 0x4D, 0xFD, 0x6D, 0x3F, 0xBF, 0x3F, 0x33, 0x3B,
    0x8B, 0x36, 0x09, 0x09, 0x4E, 0xD6, 0x5D, 0x63, 0xBB, 0xBB, 0xAB, 0x7F, 0x5D, 0x5D, 0x5D, 0x5D,
    0x55, 0xEF, 0xD1, 0xFA, 0x7D, 0x03, 0xD7, 0xFA, 0x49, 0xE6, 0x3A, 0x24, 0xDC, 0x90, 0xBA, 0x1E,
    0xCA, 0xD0, 0x75, 0x89, 0x1B, 0x81, 0x58, 0xB9, 0x36, 0x26, 0x22, 0x72, 0xF5, 0xCA, 0x6D, 0x80,
    0x88, 0x91, 0x70, 0x40, 0x24, 0x2E, 0x0F, 0x88, 0x48, 0xE1, 0xE6, 0x5C, 0x6E, 0x4C, 0x36, 0x19,
    0x53, 0xB9, 0xD2, 0x18, 0x0B, 0x35, 0x0A, 0x87, 0xD7, 0x00, 0x7F, 0x10, 0x01, 0xAD, 0x66, 0x44,
    0x74, 0x58, 0x13, 0xAF, 0x46, 0x89, 0x1A, 0x5B, 0x1F, 0xE0, 0x5F, 0x89, 0xFD, 0x8D, 0xD0, 0x03,
    0x71, 0xB0, 0x81, 0xD7, 0x40, 0x04, 0x6E, 0x32, 0xE9, 0x86, 0x98, 0x73, 0x26, 0x43, 0x56, 0xA0,
    0x8F, 0xDC, 0x0E, 0x48, 0x58, 0x57, 0x16, 0x1D, 0x13, 0xB5, 0x6B, 0x0D, 0xF1, 0xD2, 0x60, 0x7B,
    0xD8, 0xF4, 0x5F, 0x94, 0xF8, 0x07, 0xF2, 0x86, 0x7D, 0xFC, 0x1B, 0xDB, 0xC3, 0x3E, 0xA0, 0x49,
    0x43, 0x7D, 0xD0, 0xD0, 0xB0, 0x0F, 0x47, 0xED, 0x61, 0x1F, 0x3D, 0x13, 0x15, 0x03, 0x82, 0x4D,
    0x37, 0x4A, 0xD4, 0x4C, 0xA4, 0xDC, 0x0C, 0x34, 0x7D, 0x69, 0xB6, 0xAF, 0x87, 0xC4, 0x42, 0xC0,
    0xAD, 0x27, 0x3C, 0x30, 0xCB, 0x23, 0x2E, 0x9E, 0x7D, 0x88, 0x3D, 0x14, 0x39, 0x8E, 0xCF, 0xBC,
    0x0E, 0xFD, 0x30, 0x07, 0x85, 0x93, 0xA6, 0xA9, 0xC8, 0x98, 0xD1, 0x14, 0x81, 0xF0, 0x45, 0x82,
    0xC5, 0x89, 0x7B, 0x17, 0x5B, 0xAB, 0xA8, 0xD1, 0x88, 0x41, 0x4B, 0xB9, 0x28, 0x60, 0x58, 0xF0,
    0x09, 0xC0, 0x55, 0xB8, 0x72, 0x05, 0x9D, 0x41, 0xBD, 0x98, 0x5E, 0xE7, 0x58, 0x15, 0x0A, 0xE4,
    0x37, 0x73, 0xD4, 0x09, 0xFC, 0xB3, 0x80, 0xA5, 0x9D, 0x4C, 0x81, 0xC5, 0xC6, 0x54, 0xC0, 0x0E,
    0xFC, 0x43, 0xAE, 0x80, 0x41, 0x2A, 0x7A, 0x2C, 0x40, 0x00, 0xB0, 0x58, 0xC1, 0xE0, 0x69, 0x46,
    0x6A, 0xEC, 0x00, 0xDA, 0x02, 0x16, 0x4C, 0x31, 0x61, 0x43, 0x9F, 0xE3, 0xC7, 0xD9, 0x3C, 0xA1,
    0x34, 0x79, 0x24, 0x21, 0xF0, 0x0D, 0xCD, 0xC5, 0xBD, 0xC7, 0x78, 0x3F, 0x5F, 0xC3, 0x75, 0x85,
    0x9C, 0xBB, 0x89, 0xEE, 0x6E, 0x79, 0x7F, 0xB6, 0x26, 0x21, 0x32, 0x77, 0xB9, 0xFF, 0x90, 0xEE,
    0x2C, 0x58, 0xC7, 0xEE, 0x77, 0x6D, 0x93, 0xEF, 0xEB, 0xA7, 0x67, 0x8F, 0xDD, 0xB1, 0x6B, 0x52,
    0x91, 0xE6, 0xEB, 0x15, 0xBA, 0x9F, 0x3F, 0x85, 0xA9, 0x42, 0xE2, 0x02, 0x5F, 0x15, 0x8D, 0xE1,
    0xF9, 0x29, 0x75, 0xF6, 0xDD, 0x57, 0x8E, 0x5A, 0xC6, 0x6B, 0x94, 0x97, 0x02, 0xDA, 0x84, 0x0B,
    0xA8, 0xC1, 0xCF, 0x5A, 0x84, 0xB2, 0x93, 0xD5, 0x93, 0xA0, 0x0C, 0x92, 0x80, 0x58, 0x9A, 0x89,
    0x91, 0xEA, 0x6F, 0x0C, 0x4E, 0x2E, 0xCA, 0xEC, 0x04, 0x8D, 0x00, 0x15, 0x4F, 0x30, 0x9B, 0x31,
    0xD6, 0xCF, 0x06, 0xA0, 0x12, 0x12, 0x90, 0x36, 0xC3, 0x69, 0xAF, 0xE1, 0xB3, 0x32, 0x63, 0x01,
    0x88, 0x27, 0x96, 0x01, 0x10, 0x85, 0x51, 0xA9, 0xA2, 0x63, 0x0A, 0xFA, 0xAF, 0x51, 0xEA, 0x80,
    0x8A, 0x48, 0x48, 0xF0, 0x2D, 0x7C, 0x86, 0x72, 0x02, 0x94, 0xED, 0x88, 0x82, 0xF6, 0xB0, 0xED,
    0x02, 0xA9, 0x4F, 0x70, 0x30, 0xD5, 0x06, 0xFA, 0xFD, 0x92, 0xD8, 0x1A, 0x71, 0x40, 0x3D, 0xB2,
    0x35, 0xE0, 0xF4, 0xD3, 0xE8, 0x7B, 0x64, 0x32, 0x47, 0x01, 0x6E, 0x45, 0x31, 0x14, 0x5C, 0xBF,
    0xC5, 0x8F, 0x73, 0x12, 0xE3, 0x35, 0xAD, 0x92, 0xD0, 0x29, 0xA2, 0xB1, 0x53, 0x9D, 0x80, 0x83,
    0xE1, 0x25, 0x54, 0xB4, 0x08, 0x16, 0x8A, 0x52, 0x56, 0xC2, 0xE2, 0xFA, 0x0C, 0x41, 0x8E, 0xCD,
    0xE1, 0xEB, 0x01, 0x17, 0x31, 0xAF, 0x20, 0xBF, 0x56, 0x2B, 0x29, 0x1D, 0x2F, 0xE2, 0xC0, 0xF1,
    0xAA, 0x5E, 0x49, 0x19, 0xC9, 0x6C, 0x26, 0xA2, 0x08, 0x92, 0x89, 0x05, 0x38, 0x1B, 0x78, 0x7D,
    0xDA, 0x8E, 0xE5, 0xA2, 0xE8, 0x0A, 0x6A, 0xD8, 0xB5, 0xD4, 0x30, 0xA0, 0x46, 0x65, 0xE8, 0x6A,
    0x1A, 0xE3, 0x0A, 0x91, 0xC6, 0x19, 0x71, 0x3C, 0x77, 0xC9, 0x44, 0x0A, 0x0D, 0xD5, 0x16, 0xAD,
    0x77, 0x8B, 0x0B, 0x09, 0xD7, 0xDB, 0x60, 0x48, 0x63, 0x56, 0x1D, 0x0B, 0x9C, 0xA3, 0x32, 0x0F,
    0x91, 0xB9, 0x02, 0xD5, 0x2A, 0x89, 0x4C, 0x4D, 0x8A, 0x10, 0x64, 0x22, 0x61, 0x10, 0xBB, 0x84,
    0xB5, 0x6D, 0x9F, 0xB1, 0x5E, 0x19, 0x70, 0x05, 0x43, 0x07, 0x63, 0x31, 0xBD, 0x77, 0x76, 0xF6,
    0x8E, 0xDB, 0xB8, 0x5B, 0xAE, 0x07, 0x6B, 0xBA, 0xAE, 0x58, 0x23, 0xBB, 0x4D, 0x25, 0xCF, 0xA5,
    0x9C, 0xF4, 0xB9, 0x45, 0x88, 0xEF, 0xB9, 0x91, 0xF7, 0x02, 0xD7, 0xA7, 0x58, 0x06, 0xD8, 0x3F,
    0x4D, 0x30, 0x6F, 0x04, 0x2B, 0xE4, 0x6F, 0x9C, 0xF7, 0x83, 0x04, 0xF9, 0x77, 0x86, 0x74, 0x35,
    0x96, 0xC8, 0x24, 0x4E, 0x32, 0x6F, 0x01, 0xA0, 0x9E, 0x06, 0x9E, 0x0D, 0x1C, 0x73, 0x86, 0xDA,
    0xA4, 0xA3, 0x31, 0x05, 0xAC, 0xFE, 0xBB, 0x10, 0xC7, 0x1C, 0xBB, 0x7E, 0x25, 0xCA, 0x1F, 0xC5,
    0x10, 0xCB, 0x64, 0xA2, 0xE9, 0xDA, 0x24, 0xA2, 0xF9, 0x55, 0xF1, 0xDB, 0x9E, 0xD5, 0x66, 0x25,
    0x6A, 0x9F, 0x35, 0x4D, 0xE6, 0x54, 0xD7, 0xFB, 0x52, 0x54, 0xBE, 0x6A, 0x7C, 0x55, 0xF8, 0xAA,
    0xEF, 0x45, 0xB9, 0x5F, 0x8B, 0xF8, 0xDC, 0x43, 0x80, 0x2E, 0x51, 0xCF, 0x3A, 0x16, 0xB9, 0x42,
    0x08, 0x91, 0xD0, 0x56, 0xB6, 0x2A, 0x20, 0xAC, 0x12, 0xCE, 0x5D, 0xEB, 0x76, 0xC2, 0x42, 0x17,
    0xA9, 0x6A, 0x48, 0xB4, 0xF9, 0x54, 0xB7, 0x8C, 0x8C, 0x75, 0xB9, 0xD7, 0xF4, 0x5B, 0x44, 0x31,
    0x29, 0x21, 0xD3, 0xD2, 0x54, 0xCF, 0x41, 0x14, 0xEE, 0x8C, 0xAE, 0xBC, 0xD8, 0x6B, 0xD0, 0x0A,
    0x3B, 0x73, 0xEF, 0x09, 0xA3, 0x44, 0x40, 0x9B, 0x05, 0x20, 0x26, 0x70, 0xBA, 0xBD, 0x55, 0xBA,
    0x02, 0x33, 0x1D, 0x60, 0xA4, 0x84, 0xBC, 0x6B, 0x75, 0x99, 0x62, 0x6B, 0xEF, 0x28, 0x81, 0x2A,
    0xF0, 0x4A, 0xBA, 0xD6, 0xE6, 0x8D, 0x02, 0x10, 0xC8, 0x4E, 0xB0, 0xFE, 0xC0, 0x3D, 0x7B, 0x01,
    0x78, 0xED, 0x28, 0xF0, 0xA2, 0x14, 0x11, 0xBC, 0xB4, 0xBC, 0x68, 0xDD, 0x74, 0x3C, 0xC0, 0x90,
    0x75, 0x67, 0x69, 0x64, 0xF5, 0x98, 0x99, 0x88, 0x11, 0x74, 0x84, 0x37, 0x61, 0x1D, 0xF4, 0x3C,
    0xA8, 0xCE, 0xF0, 0xBE, 0xE5, 0xFE, 0x09, 0xF0, 0x42, 0x3B, 0x3C, 0x06, 0x20, 0xA8, 0x61, 0x84,
    0x97, 0x09, 0xE8, 0x9D, 0x7A, 0x40, 0x78, 0x69, 0x89, 0x22, 0xBC, 0x6C, 0x1B, 0x00, 0xBC, 0xD9,
    0x46, 0xE0, 0x15, 0x91, 0xBB, 0x1B, 0xBC, 0xAB, 0xF9, 0x49, 0xA9, 0x73, 0x68, 0x76, 0xAC, 0x0F,
    0xEE, 0x61, 0x71, 0xFD, 0x48, 0xC4, 0x38, 0xDD, 0x85, 0x37, 0x55, 0x42, 0x46, 0xD8, 0x06, 0x32,
    0xD2, 0x16, 0x7A, 0xBA, 0x94, 0x0E, 0x06, 0xED, 0xA0, 0x3D, 0x26, 0xB4, 0x85, 0xBB, 0x83, 0xAC,
    0x16, 0x7B, 0xB2, 0xBA, 0x25, 0xA2, 0xA5, 0xF6, 0xD5, 0xE8, 0xF0, 0x44, 0x74, 0x22, 0xD8, 0x15,
    0xD5, 0x38, 0x13, 0xC4, 0x2A, 0x65, 0xFE, 0x00, 0x74, 0x2A, 0x48, 0x26, 0xA0, 0xAF, 0x5A, 0xB4,
    0x36, 0x7E, 0xE7, 0xF1, 0xBE, 0xF6, 0xC0, 0x37, 0x4A, 0x0C, 0x7E, 0x2A, 0x3C, 0xC1, 0xAB, 0xE4,
    0xC4, 0xCD, 0xAB, 0x96, 0xA7, 0x8C, 0x6C, 0x50, 0x35, 0x0B, 0x77, 0x17, 0x57, 0x36, 0x4F, 0x4C,
    0xBD, 0x43, 0xC4, 0x8B, 0xB1, 0x0B, 0xAB, 0x37, 0x10, 0xF7, 0x09, 0x9D, 0x5F, 0xCD, 0x50, 0x34,
    0x3B, 0x0D, 0xFA, 0x85, 0xEC, 0x7B, 0xAF, 0x9C, 0xAE, 0xAF, 0x49, 0xFB, 0x1C, 0x75, 0x66, 0x7A,
    0x3F, 0xC9, 0x3A, 0xC0, 0x52, 0x88, 0xCD, 0x96, 0xA8, 0xB1, 0x41, 0x26, 0xF8, 0x4C, 0x28, 0x02,
    0xC1, 0xFA, 0xD2, 0x2C, 0xB5, 0xA3, 0x5F, 0xC6, 0xA6, 0x92, 0xD9, 0x39, 0x77, 0xD3, 0x8B, 0xC0,
    0x0B, 0x0B, 0x86, 0xE1, 0xC5, 0xAD, 0x8E, 0xE0, 0xC5, 0x3E, 0x18, 0x5E, 0x27, 0x9B, 0xA1, 0xA9,
    0x06, 0x19, 0xA0, 0x1D, 0x05, 0x5E, 0x24, 0x08, 0x84, 0x6C, 0x12, 0x22, 0x75, 0x77, 0x86, 0xB7,
    0x01, 0x78, 0xDD, 0xB5, 0xC0, 0x0B, 0xE3, 0x60, 0x54, 0xA1, 0x69, 0x4F, 0x30, 0xBC, 0xD0, 0x07,
    0xC3, 0x0B, 0x2B, 0x8D, 0xE1, 0x4D, 0xDC, 0x1B, 0x0C, 0x6F, 0xE4, 0x7E, 0xC3, 0xF0, 0xAE, 0xE8,
    0x20, 0x73, 0x67, 0x78, 0x75, 0x6E, 0x68, 0x1C, 0xCB, 0xD5, 0x9C, 0xE8, 0x8C, 0x46, 0x2A, 0x4F,
    0x46, 0x8D, 0xE6, 0xA7, 0xB9, 0x87, 0x37, 0xDF, 0x87, 0x37, 0x9F, 0x35, 0x8A, 0x10, 0x32, 0x45,
    0x17, 0xB3, 0xF4, 0x6A, 0x27, 0x95, 0x76, 0x62, 0x0F, 0x08, 0xED, 0x9D, 0xC1, 0x5C, 0xCA, 0xAA,
    0xDF, 0xE0, 0x6A, 0x95, 0xBF, 0x5C, 0x37, 0x16, 0x3D, 0x15, 0x6D, 0x14, 0xB1, 0x61, 0x5E, 0xCA,
    0xC7, 0xA0, 0x53, 0x41, 0xFA, 0x14, 0x6A, 0x3E, 0x5A, 0xCB, 0xF5, 0xC4, 0xAA, 0x29, 0x33, 0x1E,
    0xA0, 0xFA, 0x58, 0xCD, 0xF3, 0x1C, 0xD8, 0x00, 0x13, 0xE6, 0x6D, 0x84, 0x09, 0x6D, 0x0D, 0x10,
    0x95, 0xFF, 0x53, 0x2F, 0x46, 0x81, 0x3A, 0x05, 0x38, 0xE1, 0x48, 0x73, 0x89, 0x5B, 0x47, 0x17,
    0x29, 0xE2, 0x5D, 0xB2, 0x4F, 0x35, 0x48, 0x0D, 0x01, 0xCF, 0x55, 0x29, 0xB3, 0x51, 0xCB, 0x8E,
    0xDE, 0xA4, 0x3B, 0x25, 0xF9, 0x15, 0xDE, 0x72, 0x60, 0xDB, 0xD3, 0xEA, 0x6F, 0x59, 0x4C, 0x2B,
    0xDC, 0xF0, 0x71, 0xDF, 0xC6, 0x2D, 0x0A, 0x8F, 0x44, 0x0D, 0x1F, 0x88, 0xD2, 0xD2, 0x6F, 0x4C,
    0x91, 0x68, 0x63, 0x2F, 0xD7, 0x4E, 0xA4, 0x59, 0x4F, 0xE8, 0xE2, 0xC3, 0xF0, 0x15, 0x56, 0xB2,
    0x12, 0xB6, 0x2A, 0x2C, 0xF7, 0xB3, 0x6A, 0x12, 0x51, 0x1D, 0xE5, 0xFB, 0x6E, 0xA1, 0x80, 0x55,
    0xC5, 0xEB, 0xAE, 0xE7, 0x3F, 0xEB, 0x45, 0xE5, 0xC2, 0x3A, 0x3F, 0xB9, 0xE4, 0x73, 0x7A, 0xD2,
    0x73, 0xAB, 0x09, 0x9F, 0xA5, 0x4D, 0x36, 0x86, 0xF4, 0x99, 0x05, 0x8B, 0xB6, 0x25, 0xE5, 0x46,
    0x4B, 0xE5, 0xCC, 0xF5, 0x22, 0xB7, 0x5A, 0x76, 0x3B, 0x65, 0xAB, 0x38, 0x9D, 0x54, 0x5B, 0x9B,
    0x13, 0x5C, 0xB4, 0xF2, 0x4E, 0x69, 0x25, 0x0D, 0xFB, 0x77, 0x7A, 0x4B, 0xE7, 0x6D, 0x4B, 0x83,
    0x2A, 0x46, 0x76, 0xE7, 0x78, 0x75, 0xBE, 0x92, 0x7B, 0xC3, 0x2E, 0x1C, 0xAF, 0x7A, 0xD8, 0x9C,
    0x58, 0x54, 0x1A, 0xBD, 0x29, 0x17, 0x1E, 0xA8, 0x54, 0xEE, 0x56, 0xE2, 0x23, 0xFF, 0x7E, 0xA5,
    0x96, 0xBD, 0x46, 0xBB, 0x95, 0xF8, 0xBE, 0x5D, 0x69, 0x9B, 0xC9, 0xED, 0x4A, 0x33, 0x93, 0xD9,
    0x56, 0x25, 0x99, 0xC2, 0xCD, 0xDC, 0x58, 0xEA, 0xBC, 0x9F, 0x44, 0xEA, 0x72, 0x3B, 0xA1, 0xF8,
    0xB4, 0xFA, 0xB9, 0x2F, 0x66, 0x96, 0x19, 0xDF, 0xAE, 0x16, 0x4B, 0xB5, 0x66, 0xB7, 0x1A, 0x83,
    0xC1, 0xC0, 0x2C, 0xAB, 0xE5, 0x3B, 0xD5, 0x18, 0xE0, 0x40, 0xFD, 0x68, 0xBB, 0xD5, 0xB2, 0xBD,
    0x6A, 0x91, 0x54, 0x6B, 0x77, 0xAB, 0x31, 0xAB, 0xF3, 0x68, 0x1F, 0xBD, 0xCF, 0x67, 0xD1, 0xE5,
    0xFD, 0x04, 0xEE, 0x41, 0x9E, 0xD4, 0x59, 0x07, 0xFF, 0x86, 0xAC, 0x2B, 0xE0, 0x6C, 0x9A, 0xFD,
    0xD5, 0xF5, 0x2C, 0x0F, 0xB1, 0xD7, 0xAE, 0x7C, 0xB8, 0x2E, 0xF5, 0x4E, 0x4F, 0xF8, 0x6D, 0x21,
    0x72, 0x78, 0xF1, 0x39, 0x9C, 0x2D, 0xA1, 0x85, 0xAA, 0x4D, 0x1A, 0x6C, 0x0D, 0x5B, 0x0E, 0xCB,
    0xFD, 0x1E, 0x95, 0x93, 0x33, 0x42, 0x01, 0x7D, 0x14, 0xB0, 0xC3, 0xE1, 0x96, 0x58, 0x26, 0xB4,
    0xC0, 0xA7, 0xB7, 0x40, 0x8A, 0x41, 0xC7, 0x77, 0xF0, 0xB1, 0xED, 0x8B, 0x0E, 0x8E, 0xD1, 0x45,
    0x8B, 0x37, 0xA0, 0x7A, 0x7C, 0xD6, 0xC1, 0x66, 0x5B, 0x75, 0x99, 0xFB, 0x80, 0x55, 0x46, 0x8D,
    0x5A, 0x45, 0x7C, 0x6F, 0x0F, 0x75, 0x67, 0x3A, 0xF9, 0x1B, 0x6E, 0xC3, 0x70, 0x6E, 0x77, 0xFA,
    0x3F, 0xEC, 0x28, 0xE9, 0xBE, 0xA9, 0x6B, 0x12, 0xD9, 0x4B, 0x13, 0x79, 0x97, 0xCA, 0xB6, 0x67,
    0xB5, 0x94, 0xFD, 0xB0, 0x10, 0x1B, 0xA6, 0x92, 0x52, 0xAC, 0xDB, 0x40, 0x56, 0x56, 0x28, 0xE5,
    0x4A, 0x18, 0x58, 0xF9, 0xC3, 0x9C, 0x18, 0x56, 0x47, 0xBA, 0xC9, 0x06, 0xDF, 0x0D, 0x2C, 0x4B,
    0x02, 0xA8, 0x22, 0x17, 0x1F, 0x96, 0xE8, 0x46, 0x6B, 0xA4, 0x84, 0xA3, 0x2F, 0x28, 0xAE, 0x80,
    0xCA, 0x09, 0xFD, 0x32, 0x72, 0x96, 0x60, 0x99, 0x58, 0x89, 0x27, 0x35, 0xE6, 0xB3, 0x7D, 0x99,
    0x88, 0x8B, 0x35, 0x11, 0x9F, 0x6B, 0x3A, 0xB0, 0x80, 0x65, 0xBC, 0xB2, 0x5A, 0x2B, 0x42, 0x56,
    0xB4, 0x6C, 0x9F, 0x55, 0x0D, 0x9B, 0x67, 0x3C, 0x8A, 0x62, 0xE0, 0xD2, 0x6E, 0x78, 0x14, 0x56,
    0x34, 0x5E, 0x2A, 0x65, 0x22, 0xE6, 0x62, 0x22, 0xAA, 0x2C, 0xF6, 0x2A, 0x6D, 0x58, 0xA8, 0xB6,
    0x50, 0x0D, 0xBF, 0xF5, 0xB6, 0x87, 0xF3, 0xE4, 0x09, 0xB0, 0x54, 0xA2, 0x9B, 0xD1, 0x14, 0x25,
    0x28, 0x55, 0x38, 0xBC, 0x97, 0x30, 0x85, 0x63, 0x4C, 0x02, 0x30, 0x65, 0x2E, 0xCF, 0xA6, 0xB7,
    0x1D, 0x98, 0x58, 0xB6, 0x0F, 0x50, 0x71, 0x11, 0x24, 0xE8, 0xC6, 0x61, 0x67, 0x40, 0x4B, 0x27,
    0x16, 0xC0, 0x07, 0xF5, 0x29, 0xBC, 0xA3, 0x4F, 0x40, 0x3D, 0x42, 0x5F, 0x60, 0xD8, 0x8F, 0xC5,
    0x94, 0x03, 0x9B, 0x3D, 0x79, 0x2F, 0x5D, 0x03, 0x6D, 0xA2, 0x13, 0x29, 0x80, 0xBE, 0x70, 0xE8,
    0x19, 0x4F, 0x4E, 0x60, 0xCC, 0xAB, 0x57, 0xFC, 0x0F, 0x5B, 0xAE, 0x48, 0xFC, 0x9A, 0x88, 0x77,
    0x9B, 0x2E, 0x65, 0xED, 0x89, 0x7B, 0x52, 0x67, 0x37, 0xE9, 0xE4, 0x3E, 0x43, 0x51, 0x44, 0x67,
    0x35, 0x48, 0x63, 0x8B, 0x4B, 0x39, 0x45, 0x81, 0x04, 0x06, 0xA9, 0x04, 0x51, 0xA5, 0x12, 0x1D,
    0x9B, 0x20, 0xAD, 0xD8, 0x9D, 0xED, 0xED, 0x90, 0xA2, 0x25, 0x84, 0xDA, 0x78, 0x10, 0x6D, 0x8C,
    0x34, 0xB6, 0x5F, 0x03, 0x5D, 0xAE, 0x48, 0xE4, 0x01, 0xC5, 0x0B, 0xB0, 0x50, 0x2E, 0x5A, 0xF3,
    0xE8, 0xC9, 0x8E, 0xD4, 0x7D, 0x57, 0xCB, 0xA5, 0xD5, 0x75, 0x6B, 0x29, 0x22, 0x93, 0xAB, 0xEC,
    0x84, 0x7A, 0x92, 0x30, 0x91, 0x5F, 0xCB, 0xDE, 0xF6, 0x9D, 0x5D, 0xEB, 0xF3, 0x41, 0x2B, 0xF4,
    0x6D, 0x44, 0xDE, 0xAB, 0xE0, 0xFD, 0x18, 0x2F, 0x52, 0xA1, 0x7C, 0xBE, 0x0A, 0xCD, 0x4B, 0xAA,
    0xD0, 0x1D, 0xA8, 0xA0, 0x06, 0xBC, 0x5A, 0xB2, 0x4D, 0xE8, 0xA9, 0xC8, 0x53, 0x89, 0xA7, 0xBC,
    0xC5, 0xDB, 0x9C, 0x5F, 0x55, 0xC3, 0xCB, 0xFE, 0xEF, 0xFE, 0xE9, 0xF9, 0x55, 0xB8, 0x2E, 0xAB,
    0x1E, 0xB4, 0xD0, 0xF7, 0xED, 0x76, 0xFF, 0x34, 0x38, 0x23, 0x8D, 0xB7, 0xDE, 0x15, 0xD5, 0xAD,
    0xA3, 0xB8, 0x27, 0xDA, 0x9D, 0x88, 0x91, 0x1E, 0xC5, 0x02, 0xE7, 0xD5, 0xAB, 0x98, 0xAE, 0x3E,
    0xF2, 0x14, 0xBB, 0x3F, 0xAB, 0x46, 0x7E, 0x53, 0xA3, 0x3D, 0xB1, 0xE8, 0xEE, 0x89, 0xED, 0x09,
    0xB0, 0x1E, 0xD8, 0x36, 0x00, 0x7B, 0x20, 0xF0, 0x26, 0x09, 0x29, 0x6A, 0x54, 0xCF, 0x95, 0x44,
    0xE7, 0x8C, 0x78, 0x83, 0x1B, 0x36, 0x86, 0x38, 0xF2, 0x23, 0x76, 0x0D, 0xD9, 0x36, 0x99, 0x13,
    0x83, 0x03, 0xED, 0x10, 0xB2, 0x39, 0xD0, 0x08, 0x22, 0x6B, 0x45, 0x0F, 0xE2, 0xDC, 0x2A, 0xDC,
    0x58, 0xEF, 0x57, 0xA3, 0x18, 0x33, 0xF0, 0x21, 0x1B, 0x29, 0x1A, 0x5E, 0x30, 0x12, 0x53, 0xA0,
    0xE6, 0xD5, 0xA2, 0xA9, 0xD9, 0x0A, 0x83, 0x2F, 0xD9, 0xBA, 0x82, 0xBA, 0xE7, 0xA4, 0x15, 0xC3,
    0xF5, 0xFB, 0x6C, 0xFB, 0xAC, 0xD0, 0x6F, 0xCE, 0xC3, 0xAE, 0x53, 0x39, 0x63, 0xD7, 0x89, 0x38,
    0xD1, 0xF2, 0x58, 0xBB, 0xE0, 0xE1, 0xDA, 0x69, 0x66, 0x23, 0x20, 0x24, 0x69, 0x1B, 0x25, 0x56,
    0x7B, 0x36, 0x8E, 0xE8, 0x3D, 0x36, 0xBD, 0x62, 0xE7, 0x9F, 0x0C, 0x10, 0x9B, 0x4E, 0x38, 0x80,
    0x42, 0xE1, 0x2F, 0xB6, 0x06, 0x33, 0xA7, 0x40, 0x4D, 0x02, 0x5D, 0x31, 0x6E, 0x83, 0x49, 0x71,
    0x2F, 0xF6, 0x2A, 0x8F, 0xB2, 0xEF, 0xD9, 0x8D, 0x4C, 0x41, 0xE6, 0x22, 0x75, 0x28, 0xBF, 0xA9,
    0xD1, 0xB8, 0x77, 0x9D, 0xAC, 0xE8, 0x2F, 0xDD, 0x72, 0x72, 0x7D, 0x34, 0xD1, 0xF8, 0x18, 0x91,
    0x17, 0x89, 0x62, 0x2F, 0x9A, 0x98, 0xCD, 0x27, 0xF0, 0x52, 0x5D, 0x38, 0xB2, 0xCD, 0xD2, 0xA6,
    0x1B, 0x72, 0x48, 0x2D, 0xE3, 0x43, 0x3F, 0x7B, 0x54, 0xD8, 0x2B, 0x58, 0x8B, 0x97, 0x30, 0x71,
    0xD7, 0x70, 0x40, 0xEB, 0xB0, 0x21, 0xD8, 0xBF, 0x09, 0x60, 0xD8, 0x45, 0x47, 0xE2, 0x9F, 0xA4,
    0xC3, 0x4E, 0xE8, 0x52, 0x31, 0xD9, 0x44, 0xDE, 0x1B, 0xD8, 0x0F, 0x7B, 0x36, 0x05, 0xBE, 0xB5,
    0x05, 0x05, 0xA3, 0x5F, 0x5D, 0x7F, 0xEB, 0xF9, 0x54, 0x58, 0xB9, 0x10, 0xC8, 0x49, 0xBC, 0xAA,
    0x11, 0xB7, 0x01, 0xD0, 0xFB, 0x68, 0x1F, 0xA7, 0xEA, 0x9A, 0x68, 0x65, 0xE2, 0x64, 0x1A, 0x75,
    0x52, 0xD1, 0x1B, 0x8E, 0x53, 0xFD, 0xE0, 0xA3, 0xAB, 0xA5, 0x69, 0x9B, 0xB2, 0x4B, 0x36, 0x14,
    0x39, 0x8A, 0x45, 0x6B, 0x64, 0x12, 0xD5, 0x2C, 0x34, 0xBA, 0xB9, 0x91, 0x28, 0xC9, 0xB8, 0x1A,
    0xE9, 0xF3, 0x21, 0x68, 0x0E, 0x18, 0x73, 0x5A, 0x46, 0xDF, 0xBB, 0x92, 0xD6, 0x5C, 0xCE, 0xE5,
    0xAA, 0xA5, 0xF3, 0xBA, 0x49, 0x06, 0xDE, 0x81, 0xED, 0x74, 0x21, 0xEE, 0x7C, 0x0E, 0xDF, 0x58,
    0x01, 0x59, 0x26, 0x19, 0x5D, 0xCC, 0xBC, 0x2E, 0x1F, 0xF9, 0xC9, 0x39, 0xB9, 0x5C, 0x46, 0x6C,
    0x64, 0x9F, 0x0F, 0x24, 0xFE, 0x13, 0x48, 0x0D, 0xFD, 0xDB, 0xDB, 0x01, 0x85, 0xA8, 0x85, 0x20,
    0x37, 0x2F, 0xFF, 0x4A, 0xF9, 0x50, 0xDE, 0xA3, 0x95, 0x8E, 0x01, 0x34, 0xF1, 0xBF, 0xBA, 0xDD,
    0xB2, 0xE2, 0x80, 0xDB, 0x64, 0x39, 0xC7, 0x62, 0x8C, 0x3F, 0x25, 0x11, 0xBB, 0x0C, 0xAE, 0x78,
    0xA8, 0xAC, 0xDD, 0xAB, 0x91, 0xBE, 0x0B, 0x31, 0xF4, 0x7D, 0xAC, 0x9D, 0x9C, 0x1C, 0xE5, 0xEC,
    0xDA, 0xAC, 0xFA, 0xE0, 0x94, 0x02, 0x3E, 0x5F, 0xC7, 0x50, 0xB3, 0xF1, 0x6E, 0xF3, 0x20, 0xEE,
    0x1E, 0xF3, 0x90, 0x86, 0x7A, 0x8A, 0xFB, 0x24, 0xEC, 0xE2, 0x15, 0xFE, 0xDF, 0x54, 0x78, 0xCE,
    0xAC, 0x61, 0xD0, 0xC1, 0x6F, 0x6F, 0xE9, 0x35, 0x78, 0x8C, 0x7B, 0xCB, 0x81, 0x8A, 0xA7, 0xE6,
    0x7F, 0x05, 0xBB, 0xFF, 0x56, 0x46, 0x66, 0x2C, 0x30, 0x16, 0xF0, 0x63, 0xD4, 0x48, 0xF0, 0xC6,
    0x52, 0xD5, 0xDC, 0x54, 0xE4, 0xFA, 0x1B, 0x22, 0x44, 0x85, 0x9D, 0xBC, 0x76, 0x43, 0x81, 0x3F,
    0x74, 0xEE, 0xE1, 0x49, 0xCF, 0x24, 0x35, 0xC7, 0x1D, 0x57, 0x88, 0xD6, 0xD3, 0x03, 0x0C, 0xD2,
    0xC3, 0xD7, 0x70, 0xFF, 0xEC, 0xB5, 0xDD, 0xD2, 0xB0, 0x4B, 0xF1, 0x3A, 0xF6, 0xED, 0xE6, 0x76,
    0x08, 0xC8, 0xCB, 0x6E, 0x29, 0xC0, 0x35, 0x98, 0xA4, 0x44, 0xBF, 0x25, 0xB7, 0xCB, 0xC9, 0x27,
    0x87, 0xAF, 0x7B, 0x1C, 0x8F, 0x52, 0x0B, 0xBC, 0x3C, 0x56, 0x4A, 0xE0, 0xFC, 0xD6, 0xF9, 0xB8,
    0xAD, 0x9D, 0x47, 0xDA, 0xCE, 0x83, 0x4B, 0x94, 0x3B, 0x0A, 0xDA, 0x4C, 0xA8, 0xD6, 0x9B, 0x00,
    0x33, 0x2E, 0x40, 0x7F, 0xA3, 0x40, 0x39, 0xB0, 0x28, 0x72, 0x4B, 0xD1, 0x79, 0x38, 0x25, 0x47,
    0x68, 0x56, 0xD8, 0x86, 0x8C, 0xC9, 0xB4, 0x66, 0xBB, 0x13, 0x18, 0x79, 0x3C, 0x0B, 0x48, 0x05,
    0x66, 0xC7, 0x1F, 0x11, 0x1B, 0x80, 0x06, 0xAC, 0x32, 0xD7, 0x87, 0x70, 0x00, 0x87, 0xCA, 0x6F,
    0x73, 0x63, 0xD8, 0x4A, 0x8F, 0xE7, 0x72, 0x53, 0x34, 0xE4, 0x63, 0xC9, 0xD0, 0x16, 0x6A, 0x4D,
    0x08, 0xFB, 0xD3, 0xEF, 0x8D, 0xF9, 0x19, 0xB5, 0xF1, 0x9A, 0xFD, 0x02, 0x63, 0xB9, 0x72, 0x6C,
    0xDB, 0x29, 0x38, 0x5A, 0x7B, 0x69, 0xEE, 0xAD, 0xDD, 0xFA, 0xF4, 0x96, 0x45, 0x71, 0x8E, 0xE1,
    0x0A, 0xA9, 0x70, 0xB0, 0x31, 0x7B, 0x9D, 0x9B, 0xE0, 0x62, 0x7C, 0x9D, 0x3E, 0xFF, 0xC9, 0x56,
    0x55, 0x5E, 0xB3, 0x64, 0xE8, 0xAE, 0xC8, 0x90, 0x8A, 0xE9, 0x9E, 0x0C, 0x1C, 0x35, 0xE8, 0x8F,
    0x79, 0x3C, 0xC9, 0xD7, 0x8A, 0xC2, 0xDC, 0xCF, 0xFE, 0x29, 0xF4, 0x86, 0x9C, 0xAF, 0xDD, 0xDF,
    0x25, 0xD7, 0xE1, 0x50, 0x2D, 0x71, 0x9C, 0xD4, 0x24, 0xD1, 0xD4, 0x77, 0x41, 0x6C, 0xFC, 0x60,
    0xE6, 0x88, 0xA5, 0xE3, 0x6C, 0x3B, 0xE7, 0x67, 0xB7, 0xE0, 0x2F, 0x0E, 0x8B, 0x18, 0x87, 0x48,
    0x1E, 0xDF, 0x54, 0x9D, 0x72, 0xA2, 0xD6, 0x4F, 0x6F, 0x42, 0xF4, 0xA6, 0xEA, 0xEB, 0xB9, 0x7A,
    0x48, 0xAA, 0x2E, 0xAB, 0xD9, 0x3B, 0xA4, 0x4E, 0xF0, 0xD0, 0xB1, 0x61, 0xBC, 0x21, 0xB2, 0x99,
    0x49, 0x72, 0x3E, 0x0D, 0x64, 0x43, 0x94, 0x3E, 0x58, 0x53, 0xD0, 0x8E, 0x17, 0xB3, 0xBA, 0x24,
    0x27, 0x96, 0xF8, 0x0A, 0xE5, 0x8F, 0xC4, 0xB1, 0x9E, 0x10, 0xEB, 0x87, 0x3D, 0x50, 0x64, 0xC6,
    0xA6, 0xF5, 0xFE, 0xBE, 0x76, 0x0C, 0x79, 0xBE, 0x07, 0x6C, 0xEA, 0x96, 0x32, 0xC5, 0xDE, 0xCB,
    0xCE, 0x5C, 0xA5, 0xDA, 0x93, 0xFC, 0xC1, 0x0C, 0x2D, 0xB8, 0xE3, 0x3F, 0xF8, 0x14, 0x44, 0xF6,
    0x17, 0x3E, 0xE1, 0xCD, 0xBA, 0x70, 0x83, 0x92, 0xD5, 0xEC, 0xF6, 0xB4, 0x54, 0x85, 0x53, 0xEB,
    0x12, 0x92, 0x95, 0xF8, 0xC8, 0x82, 0xBE, 0x99, 0xF3, 0x9D, 0x8F, 0x23, 0x1C, 0xFA, 0x4F, 0xB9,
    0x5E, 0x83, 0xCC, 0x78, 0x93, 0x23, 0x73, 0x1A, 0x87, 0x65, 0xC0, 0x89, 0x23, 0x9A, 0x00, 0xE2,
    0xF0, 0x44, 0xB2, 0xA4, 0xD0, 0x8B, 0x26, 0x11, 0xD4, 0x5E, 0xB8, 0xA6, 0x41, 0xD2, 0x28, 0x88,
    0xEB, 0x95, 0xF3, 0x93, 0x24, 0x36, 0x1D, 0x86, 0x46, 0x56, 0x6A, 0x0C, 0xA2, 0x53, 0x51, 0xFC,
    0xDC, 0x94, 0x56, 0xC0, 0x19, 0x4B, 0xF0, 0x98, 0x67, 0x1F, 0xDB, 0xF4, 0x8F, 0x8B, 0xC5, 0xE3,
    0x76, 0x7E, 0x4C, 0x4C, 0xD6, 0xCA, 0xBA, 0xC4, 0x97, 0x39, 0x89, 0x8D, 0x67, 0x0A, 0xDF, 0xFD,
    0x7A, 0x1E, 0xF6, 0x2B, 0x0B, 0x0C, 0x90, 0xBD, 0x9F, 0x1B, 0x3F, 0x97, 0x45, 0xE3, 0xF3, 0x16,
    0x25, 0x8F, 0xCA, 0x0D, 0x9A, 0x61, 0x42, 0x23, 0xBC, 0xE0, 0xC7, 0x05, 0x1D, 0x35, 0xF5, 0xF1,
    0xA5, 0x80, 0x43, 0x85, 0x3C, 0xA6, 0x22, 0xD5, 0x91, 0x52, 0x23, 0xB5, 0x3A, 0x54, 0x52, 0x09,
    0x47, 0x8C, 0x8C, 0xC7, 0x11, 0x00, 0x2B, 0xCA, 0x28, 0xF5, 0x7E, 0xEF, 0x82, 0xCE, 0x66, 0x15,
    0xFB, 0xBE, 0x1B, 0x79, 0x58, 0x51, 0xBF, 0x76, 0x66, 0x72, 0x8B, 0x75, 0x72, 0xC4, 0xF2, 0x80,
    0x22, 0xBC, 0xFF, 0x42, 0x1D, 0x90, 0xDF, 0x44, 0x88, 0xD6, 0xE7, 0x15, 0xA8, 0x37, 0xA9, 0x3D,
    0x46, 0xC4, 0xC7, 0xB3, 0x08, 0x5E, 0x46, 0x88, 0xD6, 0x2C, 0x4D, 0xE4, 0xEA, 0x48, 0xFE, 0x8F,
    0xC6, 0x48, 0x8C, 0x64, 0xE7, 0x30, 0xA7, 0x34, 0xD0, 0xFB, 0xEB, 0x0F, 0x1D, 0x1E, 0x78, 0x1F,
    0x4A, 0xAF, 0xC1, 0x5E, 0x46, 0xD0, 0xA1, 0x94, 0x95, 0x4F, 0x03, 0xCE, 0xB7, 0x1B, 0xB9, 0x07,
    0x4C, 0x59, 0x59, 0xB1, 0x9E, 0xAB, 0x35, 0xFF, 0x27, 0x97, 0xFC, 0x1F, 0xC9, 0x4D, 0x23, 0xAB,
    0x3D, 0x95, 0xEC, 0x45, 0xCE, 0x9D, 0x41, 0x82, 0xFC, 0x9B, 0x48, 0x14, 0x83, 0x7C, 0x43, 0x93,
    0x44, 0x44, 0xC7, 0x6E, 0x89, 0x50, 0xF2, 0x7F, 0x24, 0xED, 0x27, 0x93, 0x44, 0x3D, 0x4C, 0x43,
    0x8A, 0x25, 0x78, 0x34, 0x25, 0x4E, 0xD3, 0x03, 0x1C, 0x65, 0xE0, 0xB8, 0xBD, 0x74, 0xA6, 0x03,
    0xD9, 0x3E, 0xA1, 0xCF, 0x5D, 0x99, 0x51, 0xAA, 0x0F, 0xA3, 0x74, 0x63, 0xFE, 0xCF, 0xFD, 0x79,
    0x1F, 0x5A, 0xCD, 0xCE, 0x84, 0xFC, 0xD6, 0x7A, 0xEA, 0xDB, 0xE5, 0xB1, 0xA3, 0x3C, 0xD3, 0xD8,
    0x2B, 0x89, 0xA5, 0x3F, 0xAF, 0x3C, 0x27, 0xAE, 0x62, 0x79, 0x4E, 0x1D, 0x27, 0x86, 0x63, 0x0F,
    0x2C, 0xCF, 0xD0, 0x03, 0xCB, 0x33, 0xF4, 0xC0, 0x9E, 0x33, 0xA7, 0x09, 0x18, 0x80, 0x2E, 0xC9,
    0x6A, 0x48, 0xD8, 0xB4, 0x3C, 0xE4, 0x25, 0x81, 0x63, 0x8F, 0x39, 0x4F, 0x50, 0x04, 0x3B, 0x75,
    0x9A, 0x10, 0xB2, 0x11, 0x57, 0x9C, 0x1D, 0x65, 0xC9, 0x14, 0x92, 0x5B, 0x89, 0x3D, 0xC4, 0x20,
    0xAC, 0x60, 0x06, 0x3C, 0xFB, 0x60, 0x4B, 0x9E, 0xBB, 0xE7, 0x93, 0xE7, 0xDB, 0x50, 0x3A, 0x98,
    0xE5, 0x16, 0x7A, 0x37, 0xF3, 0xD6, 0xF5, 0x4B, 0xDC, 0xA3, 0x29, 0x2B, 0x18, 0x4D, 0x31, 0x89,
    0x8A, 0xAB, 0x3C, 0xA8, 0x2C, 0xAB, 0x9B, 0x37, 0x91, 0xAC, 0x27, 0x0D, 0x61, 0xDB, 0x9D, 0xD0,
    0xB3, 0x1E, 0x5D, 0xAA, 0xCD, 0x22, 0x14, 0x3D, 0x97, 0x9B, 0xE5, 0xFB, 0xC2, 0x2D, 0x13, 0x86,
    0x32, 0x59, 0x7E, 0x89, 0x7C, 0x28, 0xEC, 0x4C, 0xEA, 0x70, 0xF6, 0x49, 0x3B, 0x12, 0x7D, 0x96,
    0x74, 0x2A, 0x68, 0x85, 0xC3, 0xD0, 0x47, 0x4F, 0x12, 0xD2, 0x8E, 0x94, 0xEE, 0xB6, 0x72, 0x2D,
    0xE9, 0x59, 0x4E, 0xD2, 0x87, 0xE6, 0x64, 0x3F, 0x8E, 0x1A, 0xC8, 0x67, 0xB9, 0x77, 0x8D, 0x1B,
    0xCA, 0xEC, 0x5A, 0xC6, 0xF5, 0xC3, 0xBD, 0x51, 0x4F, 0xCB, 0x83, 0xB9, 0xDD, 0x89, 0xF3, 0x2B,
    0x1A, 0xFE, 0xE0, 0xBE, 0x59, 0xC4, 0xFD, 0x35, 0x6F, 0xB3, 0x70, 0x9D, 0x2A, 0x3F, 0xE9, 0xBF,
    0x94, 0xE1, 0x19, 0x15, 0x77, 0xCD, 0x33, 0x71, 0x9A, 0x34, 0x75, 0xE4, 0xD2, 0xF5, 0xE1, 0x9E,
    0xB3, 0xDC, 0xF9, 0x1D, 0xC1, 0xA4, 0x31, 0x48, 0xF5, 0x2D, 0x5A, 0x4D, 0x05, 0x00, 0xC1, 0xA9,
    0xBE, 0x14, 0x23, 0xA8, 0xB1, 0x35, 0x8D, 0x08, 0x44, 0xD5, 0x72, 0xD2, 0x70, 0xD1, 0x01, 0x85,
    0xA1, 0x47, 0x34, 0x70, 0x2D, 0x45, 0xE0, 0xD0, 0x30, 0x01, 0x0A, 0xF6, 0x67, 0xB4, 0xAE, 0x81,
    0x8A, 0x46, 0x13, 0x0F, 0x44, 0xAD, 0x26, 0x32, 0x88, 0x2C, 0x9E, 0xC6, 0x4C, 0xDA, 0x11, 0x05,
    0x47, 0x89, 0xAC, 0x65, 0xAA, 0x2A, 0x6D, 0xC3, 0x54, 0x51, 0x6F, 0x51, 0x1A, 0x84, 0xB8, 0x8D,
    0xF2, 0x35, 0x32, 0xA5, 0xCA, 0x54, 0x5B, 0xCE, 0x13, 0xED, 0x6D, 0x8B, 0x83, 0x68, 0x64, 0xAE,
    0x36, 0xC8, 0x18, 0x52, 0xF1, 0x48, 0x26, 0x3A, 0x50, 0x68, 0xE3, 0xA3, 0x87, 0xBB, 0xA6, 0x68,
    0xAE, 0xED, 0x81, 0xA2, 0xF8, 0x2D, 0x28, 0x06, 0x5B, 0x27, 0xEC, 0xE0, 0xED, 0xED, 0xC7, 0x6E,
    0xF4, 0xD8, 0xB7, 0x5E, 0x3A, 0xD5, 0x27, 0xA0, 0x20, 0x9F, 0x54, 0x5F, 0xEC, 0x4D, 0xD7, 0x2D,
    0x88, 0xBF, 0x77, 0xA1, 0x88, 0x8B, 0x0C, 0x65, 0x1B, 0xCD, 0xD8, 0xE2, 0xE8, 0xB2, 0x20, 0xCE,
    0xE7, 0x90, 0xD0, 0xA9, 0x45, 0xC4, 0xE7, 0x19, 0x42, 0x5C, 0x02, 0x01, 0x93, 0x98, 0xA0, 0x8A,
    0x38, 0x55, 0x26, 0xC4, 0x89, 0x73, 0x42, 0x9C, 0x44, 0xB1, 0xDE, 0xA2, 0xEE, 0x80, 0x38, 0xD7,
    0xC8, 0x94, 0x22, 0xC4, 0xA9, 0x65, 0x42, 0x9C, 0x7A, 0xDB, 0xE2, 0x20, 0x12, 0xAE, 0x18, 0x71,
    0x1C, 0xE1, 0xA8, 0x87, 0x22, 0x41, 0x5C, 0xE2, 0xE7, 0x14, 0x4B, 0x57, 0xC4, 0xE5, 0x86, 0x6E,
    0xC5, 0xE0, 0x9B, 0x40, 0x9C, 0x23, 0xE1, 0x8D, 0x2C, 0xE3, 0x98, 0x12, 0x09, 0xE9, 0xD7, 0x47,
    0xF8, 0x13, 0x84, 0x89, 0xD4, 0xF9, 0x57, 0x88, 0x78, 0x81, 0xB6, 0xED, 0x27, 0x88, 0x78, 0x8A,
    0xBF, 0x57, 0x20, 0xC4, 0x23, 0x00, 0x7B, 0x24, 0xC4, 0xE1, 0x04, 0x53, 0x75, 0x8C, 0x78, 0xF1,
    0x2F, 0xCC, 0x53, 0xAF, 0x6D, 0xCD, 0x71, 0x72, 0x8B, 0x14, 0xE5, 0xB8, 0x13, 0x45, 0x96, 0x06,
    0x51, 0x94, 0xD1, 0x43, 0x54, 0x4C, 0xD9, 0xFC, 0x35, 0x25, 0x29, 0xA1, 0xC5, 0x89, 0x88, 0x57,
    0x1D, 0x74, 0x8D, 0x88, 0x87, 0x30, 0x15, 0x3D, 0x21, 0x1E, 0x3B, 0xFC, 0x09, 0x00, 0x22, 0x9E,
    0xE1, 0xEF, 0x24, 0xDE, 0x40, 0xC4, 0xA1, 0xD3, 0xC0, 0xFD, 0x09, 0x7F, 0x18, 0xC0, 0xBF, 0x89,
    0x18, 0x8D, 0xFE, 0x88, 0xAA, 0x17, 0x75, 0xCE, 0x96, 0xF8, 0xA0, 0xB9, 0x09, 0x5F, 0x0F, 0xE2,
    0xD3, 0x6D, 0x32, 0x1E, 0x7A, 0x19, 0x67, 0xC4, 0xD5, 0x32, 0x67, 0x19, 0x67, 0xC4, 0xE9, 0xB3,
    0x4F, 0x44, 0xC6, 0x05, 0x71, 0xF6, 0xD3, 0x89, 0x8C, 0x2B, 0xE2, 0x34, 0x32, 0x42, 0x9C, 0xA2,
    0x1E, 0x84, 0x29, 0xB9, 0xF3, 0x98, 0xAA, 0x66, 0xC4, 0x6B, 0x8F, 0xB8, 0x51, 0xC4, 0x47, 0x95,
    0x71, 0xCA, 0xE8, 0x10, 0xC4, 0x45, 0xC6, 0x39, 0x86, 0x22, 0x88, 0xD3, 0xA9, 0x8C, 0x10, 0x67,
    0x19, 0xE7, 0xB1, 0xC6, 0x8A, 0x38, 0xCB, 0xF8, 0xE8, 0x65, 0x7C, 0x58, 0xC8, 0x78, 0xFA, 0xA2,
    0x88, 0xF3, 0x2F, 0xEA, 0x66, 0xE3, 0xE0, 0x3B, 0x59, 0xDA, 0xA5, 0xF6, 0xB9, 0xB5, 0xBC, 0x21,
    0xAB, 0x27, 0xF8, 0x03, 0xDC, 0x3E, 0x02, 0x3C, 0x2F, 0x4A, 0x34, 0xED, 0x62, 0x32, 0xE5, 0x7B,
    0x4B, 0x27, 0x00, 0xB4, 0x11, 0x47, 0x4B, 0xBF, 0x69, 0x43, 0xBB, 0x71, 0x49, 0xB6, 0x44, 0xC6,
    0xF8, 0x7B, 0x95, 0x9A, 0xBE, 0x8D, 0x30, 0xDE, 0xC2, 0x36, 0x70, 0xE0, 0xA3, 0xEC, 0x78, 0xFD,
    0x07, 0xED, 0x96, 0x3D, 0x72, 0x9B, 0x50, 0x10, 0xC7, 0x17, 0x34, 0xB6, 0x0A, 0x15, 0x54, 0x6E,
    0xEC, 0x82, 0x23, 0x70, 0x04, 0xF0, 0x0D, 0x52, 0xA4, 0xC9, 0x0D, 0x32, 0x49, 0xA1, 0x23, 0xA0,
    0xDC, 0xC0, 0x55, 0x6A, 0x17, 0x2E, 0x3C, 0x6E, 0x7C, 0x04, 0x38, 0x02, 0x47, 0xA0, 0x70, 0x8A,
    0xA4, 0xA2, 0x78, 0x05, 0x99, 0x00, 0x9B, 0xFD, 0x04, 0x6C, 0x39, 0x93, 0x49, 0xA7, 0x64, 0xA2,
    0x19, 0x49, 0xBF, 0xE5, 0xE3, 0xF1, 0xDE, 0x7F, 0x77, 0xFF, 0x3C, 0x80, 0x67, 0x9F, 0x8B, 0x37,
    0x70, 0x8E, 0xDF, 0x99, 0xAE, 0x10, 0x0F, 0x15, 0x62, 0x03, 0x10, 0x21, 0xE2, 0x0F, 0xFA, 0x06,
    0x80, 0x1D, 0xEA, 0x67, 0x00, 0xC8, 0x16, 0xAC, 0xF0, 0x0B, 0x5D, 0xF9, 0x89, 0x11, 0x47, 0xBA,
    0x66, 0x84, 0x2C, 0xC0, 0x06, 0x7B, 0xBA, 0x73, 0x80, 0x5D, 0x0B, 0x5B, 0xEC, 0x20, 0xA6, 0x30,
    0x2E, 0xE8, 0x64, 0x4B, 0x67, 0x02, 0x3F, 0x20, 0xA1, 0xB1, 0x57, 0xB8, 0x55, 0x4C, 0x67, 0x8C,
    0x2A, 0x7B, 0x42, 0x07, 0x39, 0xBE, 0x86, 0xA5, 0x63, 0xBB, 0x60, 0xCD, 0x13, 0x9B, 0x07, 0xFB,
    0xCB, 0x90, 0x84, 0x1E, 0x59, 0xD7, 0x9E, 0x15, 0x41, 0x04, 0xFA, 0x4E, 0x8A, 0x9C, 0x82, 0x91,
    0xC5, 0x51, 0x1C, 0x9E, 0x27, 0x8D, 0x94, 0x7A, 0x02, 0x1D, 0x0A, 0xB1, 0xA0, 0xFF, 0x58, 0x55,
    0xD1, 0x7B, 0x65, 0x68, 0x91, 0x8D, 0xC6, 0xA5, 0x5C, 0xDD, 0xEC, 0xF9, 0xFE, 0x88, 0xC6, 0xE3,
    0x14, 0xE9, 0x0F, 0xA9, 0x29, 0x59, 0x82, 0xB2, 0x06, 0xC9, 0x11, 0x5C, 0x58, 0x5A, 0x00, 0xD6,
    0xC0, 0xD9, 0xD1, 0x1A, 0x41, 0x1D, 0x39, 0x3F, 0x82, 0xF2, 0x08, 0x96, 0x15, 0x9E, 0x18, 0xC4,
    0xA6, 0x77, 0xE3, 0x6A, 0x77, 0xAE, 0x75, 0xE7, 0x4A, 0x77, 0x6B, 0x9D, 0xE3, 0x0A, 0x3F, 0xDF,
    0x82, 0xA9, 0x19, 0x5C, 0xE7, 0xB0, 0xD6, 0x39, 0x73, 0x28, 0xB1, 0xD9, 0x0B, 0x50, 0x0A, 0xE5,
    0xA1, 0x31, 0xA9, 0x2E, 0xC0, 0x35, 0x2F, 0xC0, 0x82, 0x0B, 0x24, 0xD8, 0x3A, 0xD8, 0x0C, 0xD3,
    0x65, 0x86, 0x18, 0xB6, 0x26, 0x6F, 0xEF, 0x20, 0x47, 0x58, 0xDE, 0xCE, 0xA1, 0xD9, 0x9E, 0xB2,
    0xCE, 0xD1, 0x1F, 0xEA, 0xEC, 0x4E, 0x04, 0x7B, 0xB5, 0x22, 0xF1, 0x22, 0xB6, 0x9E, 0x46, 0x9B,
    0x04, 0xFB, 0xD2, 0xAA, 0xD9, 0xFD, 0x88, 0x9B, 0x63, 0x76, 0x24, 0x6E, 0x1A, 0xF3, 0xA4, 0x27,
    0xBA, 0x13, 0xCC, 0x95, 0xA8, 0x33, 0xAA, 0xC9, 0xEB, 0x9D, 0x20, 0x1F, 0x34, 0x05, 0x6C, 0x52,
    0x90, 0x74, 0x5A, 0xF7, 0x6C, 0x53, 0x70, 0x56, 0x3C, 0x73, 0xA7, 0x17, 0xC1, 0xEC, 0x50, 0x67,
    0x6F, 0x17, 0x8F, 0xE2, 0x19, 0xCC, 0xD6, 0x74, 0x14, 0x94, 0xBF, 0x0C, 0x56, 0x1A, 0xFD, 0x3B,
    0xC1, 0xCE, 0x82, 0xC8, 0x96, 0xCB, 0xB9, 0x0B, 0x9C, 0xF2, 0x0D, 0xE7, 0x90, 0x94, 0x19, 0x3C,
    0xA8, 0x39, 0x48, 0x3D, 0x28, 0x8F, 0x9C, 0xCD, 0xEA, 0xE0, 0x11, 0xBF, 0xDE, 0x7B, 0x1D, 0x24,
    0x96, 0x6D, 0xA9, 0x83, 0xCA, 0x82, 0xD7, 0xEB, 0x60, 0x9C, 0xEB, 0x20, 0x5C, 0x49, 0xA0, 0x75,
    0x70, 0x90, 0x89, 0x6A, 0x1D, 0xA0, 0xCE, 0x5A, 0xBC, 0x4F, 0x66, 0x3C, 0x6A, 0x1D, 0x70, 0x51,
    0x48, 0xA0, 0xA9, 0xEF, 0xD7, 0x81, 0xAD, 0x34, 0x5D, 0x05, 0x5E, 0x07, 0x63, 0xB4, 0x4A, 0xFD,
    0xB4, 0x0E, 0xE4, 0x8C, 0xA7, 0x7E, 0x58, 0x07, 0x7D, 0xF4, 0xBF, 0x0E, 0x7E, 0x53, 0x07, 0x19,
    0xDE, 0x98, 0x03, 0xCF, 0x67, 0x12, 0x6D, 0x73, 0x33, 0x63, 0x25, 0x74, 0x8A, 0xB0, 0xDF, 0x8D,
    0x42, 0x1B, 0xEC, 0x36, 0xE1, 0xF2, 0x56, 0xA8, 0x85, 0x43, 0x15, 0xA4, 0x58, 0x1A, 0xBA, 0x22,
    0x58, 0x5F, 0xC7, 0x33, 0x69, 0x87, 0xA7, 0xC7, 0x14, 0xCF, 0x7B, 0x8E, 0xB9, 0xAB, 0xC3, 0xB2,
    0x0F, 0x59, 0xB6, 0x21, 0x33, 0x35, 0xAB, 0x97, 0xFA, 0xA9, 0x50, 0x3F, 0xD3, 0x74, 0xFD, 0x5E,
    0x88, 0xB5, 0x1E, 0x78, 0x6D, 0xAD, 0x10, 0xE7, 0x22, 0x70, 0xD8, 0x0B, 0x81, 0xDB, 0x73, 0xC7,
    0x0D, 0x75, 0xB0, 0x9D, 0xC6, 0xC3, 0xDD, 0xCB, 0xFE, 0x3C, 0xC7, 0xA9, 0x30, 0x2C, 0xD5, 0x94,
    0xFD, 0xC5, 0xA8, 0xB8, 0xB3, 0x6D, 0x99, 0xBF, 0x25, 0x5B, 0xCD, 0x28, 0x77, 0x86, 0x9A, 0x7E,
    0x1E, 0xE8, 0x84, 0x7A, 0x6B, 0xDE, 0x6A, 0x5B, 0x32, 0xF2, 0xFC, 0x34, 0xD7, 0x79, 0x2D, 0x2F,
    0x4F, 0x3B, 0xEA, 0x98, 0xB5, 0x8E, 0x1F, 0x1F, 0x83, 0x61, 0xCA, 0x45, 0xB1, 0x93, 0x77, 0x03,
    0x3F, 0xAA, 0x90, 0x5E, 0xDB, 0x2C, 0x48, 0x99, 0x4F, 0x69, 0x9F, 0xCA, 0xCB, 0x4B, 0xB1, 0xD8,
    0x28, 0xB6, 0x19, 0xCD, 0x94, 0xA3, 0x81, 0x6B, 0x89, 0x10, 0x0C, 0x0F, 0x30, 0x39, 0xF6, 0x52,
    0x40, 0xBA, 0xEB, 0xBD, 0x31, 0x4C, 0x50, 0x6D, 0x64, 0xD0, 0x35, 0xDA, 0x7C, 0x45, 0x40, 0x9B,
    0x7A, 0xC5, 0xD3, 0x51, 0xE4, 0x2B, 0x0A, 0x5B, 0x10, 0x1D, 0xAE, 0x0D, 0xB7, 0x8E, 0x59, 0xCD,
    0x3B, 0x06, 0x41, 0xDA, 0x82, 0x25, 0x58, 0xCB, 0x82, 0xAA, 0x46, 0x91, 0x9E, 0x53, 0x75, 0x8A,
    0x78, 0xFD, 0xAE, 0x1A, 0x69, 0xA1, 0x05, 0xFB, 0xDF, 0x54, 0xE2, 0x37, 0xD6, 0x59, 0x51, 0x7A,
    0x83, 0xAD, 0x26, 0xD7, 0x17, 0x2A, 0xFD, 0xF5, 0x57, 0xBA, 0x23, 0x4C, 0x78, 0x7E, 0x97, 0x0F,
    0xDC, 0x45, 0xD1, 0x87, 0x3B, 0xF8, 0x09, 0x4D, 0x52, 0xB1, 0x11, 0x83, 0x30, 0x0C, 0x14, 0x4E,
    0xE1, 0xC2, 0x85, 0xFB, 0x34, 0x8C, 0xE0, 0x11, 0xC8, 0x0A, 0x99, 0x84, 0x11, 0xCC, 0x08, 0x6C,
    0x64, 0xAA, 0xD4, 0x8C, 0xC0, 0x08, 0x14, 0xE4, 0x8E, 0xE4, 0x2E, 0x56, 0x24, 0x5B, 0x08, 0x54,
    0x98, 0x47, 0xFC, 0xBF, 0x84, 0x64, 0x00, 0x8A, 0x66, 0x00, 0x0D, 0xBB, 0x9C, 0xB8, 0xDD, 0x4F,
    0x1C, 0xB3, 0xC2, 0x06, 0x51, 0x05, 0x16, 0x51, 0x05, 0x2D, 0xA2, 0x0A, 0xE2, 0xB3, 0x3F, 0x04,
    0xCD, 0x46, 0x8A, 0xE1, 0x74, 0x0F, 0x22, 0x68, 0x67, 0x7A, 0x17, 0x41, 0xA4, 0x5C, 0x93, 0xC5,
    0x7D, 0xBD, 0x8F, 0x90, 0x86, 0xEA, 0xFE, 0xC5, 0x1F, 0x74, 0x8B, 0xB8, 0x53, 0xDD, 0x50, 0x04,
    0x91, 0xF1, 0xD2, 0xE6, 0xDA, 0x0C, 0xC5, 0xEA, 0xB9, 0x82, 0x2D, 0x78, 0xF3, 0xDC, 0x52, 0xA1,
    0xE3, 0xEE, 0xB8, 0xA5, 0x58, 0xF3, 0x0E, 0xB3, 0xD0, 0x71, 0xF1, 0xE4, 0x55, 0xE9, 0xF9, 0xE1,
    0xD9, 0xAB, 0xE0, 0xB1, 0xFC, 0x43, 0xA8, 0x10, 0xBA, 0xA2, 0x27, 0x06, 0x95, 0x49, 0xC4, 0x31,
    0x84, 0x7F, 0x00, 0x37, 0xEE, 0x83, 0x13, 0xB9, 0x38, 0xD3, 0x19, 0xF8, 0x64, 0x26, 0xD5, 0xE2,
    0x07, 0x7F, 0xE4, 0x1E, 0x58, 0x00, 0xA5, 0xED, 0xEA, 0x00, 0x62, 0xC6, 0x82, 0x01, 0x65, 0x5A,
    0x24, 0x78, 0xA1, 0x4C, 0xD1, 0xD4, 0xEE, 0xEA, 0xB0, 0x12, 0x1E, 0x74, 0x16, 0x7C, 0xFA, 0x63,
    0xB8, 0x0E, 0x67, 0x77, 0x0C, 0xDD, 0xE0, 0x64, 0x75, 0x19, 0x69, 0xB2, 0xBA, 0xA4, 0x30, 0x79,
    0xDD, 0x85, 0x7B, 0x47, 0xDD, 0x91, 0xB9, 0xEC, 0x0E, 0xD2, 0xB9, 0x53, 0x08, 0x97, 0x5D, 0xBB,
    0xCB, 0x1D, 0x30, 0x97, 0xBB, 0x21, 0xF1, 0x07,
};

static const EpdGlyph bookerly_24_boldGlyphs[] = {
    { 0, 0, 0, 0, 0, 0, 0 }, // U+0000
    { 0, 0, 0, 0, 0, 0, 0 }, // U+0008
    { 0, 0, 172, 0, 0, 0, 0 }, // U+0009
    { 0, 0, 172, 0, 0, 0, 0 }, // U+000D
    { 0, 0, 0, 0, 0, 0, 0 }, // U+001D
    { 0, 0, 172, 0, 0, 0, 0 }, // U+0020
    { 10, 39, 232, 3, 38, 98, 0 }, // !
    { 17, 17, 336, 2, 36, 73, 98 }, // "
    { 31, 32, 498, 0, 29, 248, 171 }, // #
    { 25, 50, 443, 1, 40, 313, 419 }, // $
    { 45, 40, 774, 2, 37, 450, 732 }, // %
    { 39, 38, 638, 1, 37, 371, 1182 }, // &
    { 8, 17, 184, 2, 36, 34, 1553 }, // '
    { 16, 49, 303, 2, 40, 196, 1587 }, // (
    { 16, 49, 303, 1, 40, 196, 1783 }, // )
    { 18, 18, 312, 1, 37, 81, 1979 }, // *
    { 23, 23, 498, 4, 28, 133, 2060 }, // +
    { 12, 18, 232, 1, 8, 54, 2193 }, // ,
    { 17, 6, 304, 1, 16, 26, 2247 }, // -
    { 10, 9, 232, 2, 8, 23, 2273 }, // .
    { 24, 39, 422, 1, 36, 234, 2296 }, // /
    { 29, 36, 527, 2, 35, 261, 2530 }, // 0
    { 23, 35, 396, 1, 35, 202, 2791 }, // 1
    { 27, 35, 470, 1, 35, 237, 2993 }, // 2
    { 25, 36, 439, 1, 35, 225, 3230 }, // 3
    { 30, 36, 511, 1, 35, 270, 3455 }, // 4
    { 24, 36, 446, 1, 35, 216, 3725 }, // 5
    { 27, 36, 488, 2, 35, 243, 3941 }, // 6
    { 26, 36, 446, 2, 35, 234, 4184 }, // 7
    { 27, 36, 494, 2, 35, 243, 4418 }, // 8
    { 26, 36, 489, 2, 35, 234, 4661 }, // 9
    { 10, 27, 232, 2, 26, 68, 4895 }, // :
    { 12, 36, 232, 1, 26, 108, 4963 }, // ;
    { 23, 24, 498, 4, 29, 138, 5071 }, // <
    { 23, 15, 498, 4, 24, 87, 5209 }, // =
    { 23, 24, 498, 4, 29, 138, 5296 }, // >
    { 20, 38, 393, 3, 37, 190, 5434 }, // ?
    { 46, 45, 793, 2, 35, 518, 5624 }, // @
    { 39, 36, 618, 0, 36, 351, 6142 }, // A
    { 30, 37, 519, 1, 36, 278, 6493 }, // B
    { 29, 37, 525, 2, 36, 269, 6771 }, // C
    { 36, 37, 621, 1, 36, 333, 7040 }, // D
    { 30, 35, 520, 1, 35, 263, 7373 }, // E
    { 27, 35, 474, 1, 35, 237, 7636 }, // F
    { 33, 37, 593, 2, 36, 306, 7873 }, // G
    { 41, 35, 688, 1, 35, 359, 8179 }, // H
    { 19, 35, 334, 1, 35, 167, 8538 }, // I
    { 23, 46, 314, -3, 35, 265, 8705 }, // J
    { 37, 36, 607, 1, 35, 333, 8970 }, // K
    { 30, 35, 497, 1, 35, 263, 9303 }, // L
    { 47, 35, 760, 0, 35, 412, 9566 }, // M
    { 40, 36, 642, 1, 35, 360, 9978 }, // N
    { 35, 37, 625, 2, 36, 324, 10338 }, // O
    { 30, 36, 501, 1, 36, 270, 10662 }, // P
    { 38, 47, 625, 2, 36, 447, 10932 }, // Q
    { 36, 37, 569, 1, 36, 333, 11379 }, // R
    { 25, 37, 469, 2, 36, 232, 11712 }, // S
    { 34, 35, 574, 1, 35, 298, 11944 }, // T
    { 40, 36, 643, 0, 35, 360, 12242 }, // U
    { 39, 36, 623, 0, 35, 351, 12602 }, // V
    { 54, 36, 891, 1, 35, 486, 12953 }, // W
    { 38, 35, 615, 0, 35, 333, 13439 }, // X
    { 36, 35, 578, 0, 35, 315, 13772 }, // Y
    { 29, 36, 487, 1, 35, 261, 14087 }, // Z
    { 12, 48, 270, 3, 40, 144, 14348 }, // [
    { 24, 39, 422, 1, 36, 234, 14492 }, // <backslash>
    { 12, 48, 270, 2, 40, 144, 14726 }, // ]
    { 25, 23, 498, 3, 32, 144, 14870 }, // ^
    { 25, 6, 400, 0, -2, 38, 15014 }, // _
    { 11, 12, 540, 11, 42, 33, 15052 }, // `
    { 27, 28, 454, 2, 27, 189, 15085 }, // a
    { 31, 40, 494, -1, 39, 310, 15274 }, // b
    { 24, 28, 416, 1, 27, 168, 15584 }, // c
    { 31, 40, 502, 1, 39, 310, 15752 }, // d
    { 25, 28, 436, 1, 27, 175, 16062 }, // e
    { 26, 40, 346, 0, 40, 260, 16237 }, // f
    { 29, 39, 483, 1, 27, 283, 16497 }, // g
    { 33, 39, 530, 0, 39, 322, 16780 }, // h
    { 16, 39, 284, 1, 39, 156, 17102 }, // i
    { 18, 51, 254, -4, 39, 230, 17258 }, // j
    { 32, 40, 507, 0, 39, 320, 17488 }, // k
    { 17, 39, 279, 0, 39, 166, 17808 }, // l
    { 48, 27, 793, 1, 27, 324, 17974 }, // m
    { 32, 27, 540, 1, 27, 216, 18298 }, // n
    { 28, 28, 483, 1, 27, 196, 18514 }, // o
    { 30, 39, 500, 0, 27, 293, 18710 }, // p
    { 29, 39, 479, 1, 27, 283, 19003 }, // q
    { 23, 27, 382, 0, 27, 156, 19286 }, // r
    { 22, 28, 402, 2, 27, 154, 19442 }, // s
    { 22, 34, 340, -1, 33, 187, 19596 }, // t
    { 33, 28, 522, 0, 27, 231, 19783 }, // u
    { 32, 27, 522, 1, 26, 216, 20014 }, // v
    { 44, 27, 725, 1, 26, 297, 20230 }, // w
    { 31, 26, 497, 0, 26, 202, 20527 }, // x
    { 33, 38, 521, 0, 26, 314, 20729 }, // y
    { 24, 27, 413, 1, 26, 162, 21043 }, // z
    { 16, 49, 321, 3, 40, 196, 21205 }, // {
    { 7, 45, 253, 4, 39, 79, 21401 }, // |
    { 16, 49, 321, 1, 40, 196, 21480 }, // }
    { 25, 10, 498, 3, 22, 63, 21676 }, // ~
    { 0, 0, 172, 0, 0, 0, 0 }, // U+00A0
    { 11, 39, 232, 1, 27, 108, 0 }, // U+00A1
    { 26, 49, 454, 1, 39, 319, 108 }, // U+00A2
    { 30, 35, 465, 0, 33, 263, 427 }, // U+00A3
    { 27, 24, 498, 2, 25, 162, 690 }, // U+00A4
    { 33, 33, 535, 0, 33, 273, 852 }, // U+00A5
    { 7, 45, 253, 4, 39, 79, 1125 }, // U+00A6
    { 23, 40, 414, 1, 35, 230, 1204 }, // U+00A7
    { 19, 8, 540, 7, 39, 38, 1434 }, // U+00A8
    { 37, 37, 626, 1, 36, 343, 1472 }, // U+00A9
    { 18, 25, 352, 2, 36, 113, 1815 }, // U+00AA
    { 27, 20, 469, 1, 23, 135, 1928 }, // U+00AB
    { 23, 12, 498, 4, 23, 69, 2063 }, // U+00AC
    { 17, 6, 304, 1, 16, 26, 2132 }, // U+00AD
    { 27, 27, 466, 1, 39, 183, 2158 }, // U+00AE
    { 18, 5, 540, 8, 36, 23, 2341 }, // U+00AF
    { 19, 18, 423, 4, 35, 86, 2364 }, // U+00B0
    { 23, 31, 498, 4, 30, 179, 2450 }, // U+00B1
    { 19, 24, 358, 2, 42, 114, 2629 }, // U+00B2
    { 18, 25, 358, 2, 42, 113, 2743 }, // U+00B3
    { 10, 12, 540, 12, 42, 30, 2856 }, // U+00B4
    { 32, 39, 525, 2, 27, 312, 2886 }, // U+00B5
    { 29, 43, 474, 0, 35, 312, 3198 }, // U+00B6
    { 10, 9, 232, 2, 18, 23, 3510 }, // U+00B7
    { 10, 12, 540, 12, -2, 30, 3533 }, // U+00B8
    { 16, 24, 358, 3, 42, 96, 3563 }, // U+00B9
    { 18, 25, 352, 2, 36, 113, 3659 }, // U+00BA
    { 26, 20, 469, 2, 23, 130, 3772 }, // U+00BB
    { 50, 41, 861, 3, 37, 513, 3902 }, // U+00BC
    { 49, 41, 861, 3, 37, 503, 4415 }, // U+00BD
    { 51, 41, 861, 2, 37, 523, 4918 }, // U+00BE
    { 20, 38, 393, 2, 27, 190, 5441 }, // U+00BF
    { 39, 49, 618, 0, 49, 478, 5631 }, // U+00C0
    { 39, 49, 618, 0, 49, 478, 6109 }, // U+00C1
    { 39, 49, 618, 0, 49, 478, 6587 }, // U+00C2
    { 39, 48, 618, 0, 48, 468, 7065 }, // U+00C3
    { 39, 47, 618, 0, 47, 459, 7533 }, // U+00C4
    { 39, 50, 618, 0, 50, 488, 7992 }, // U+00C5
    { 48, 35, 786, -1, 35, 420, 8480 }, // U+00C6
    { 29, 50, 525, 2, 36, 363, 8900 }, // U+00C7
    { 30, 49, 520, 1, 49, 368, 9263 }, // U+00C8
    { 30, 49, 520, 1, 49, 368, 9631 }, // U+00C9
    { 30, 49, 520, 1, 49, 368, 9999 }, // U+00CA
    { 30, 47, 520, 1, 47, 353, 10367 }, // U+00CB
    { 19, 49, 334, 1, 49, 233, 10720 }, // U+00CC
    { 19, 49, 334, 1, 49, 233, 10953 }, // U+00CD
    { 19, 49, 334, 1, 49, 233, 11186 }, // U+00CE
    { 19, 47, 334, 1, 47, 224, 11419 }, // U+00CF
    { 36, 37, 621, 1, 36, 333, 11643 }, // U+00D0
    { 40, 49, 642, 1, 48, 490, 11976 }, // U+00D1
    { 35, 50, 625, 2, 49, 438, 12466 }, // U+00D2
    { 35, 50, 625, 2, 49, 438, 12904 }, // U+00D3
    { 35, 50, 625, 2, 49, 438, 13342 }, // U+00D4
    { 35, 49, 625, 2, 48, 429, 13780 }, // U+00D5
    { 35, 48, 625, 2, 47, 420, 14209 }, // U+00D6
    { 21, 22, 498, 5, 28, 116, 14629 }, // U+00D7
    { 39, 38, 625, 0, 36, 371, 14745 }, // U+00D8
    { 40, 50, 643, 0, 49, 500, 15116 }, // U+00D9
    { 40, 50, 643, 0, 49, 500, 15616 }, // U+00DA
    { 40, 50, 643, 0, 49, 500, 16116 }, // U+00DB
    { 40, 48, 643, 0, 47, 480, 16616 }, // U+00DC
    { 36, 49, 578, 0, 49, 441, 17096 }, // U+00DD
    { 30, 35, 518, 1, 35, 263, 17537 }, // U+00DE
    { 32, 41, 534, 0, 40, 328, 17800 }, // U+00DF
    { 27, 43, 454, 2, 42, 291, 18128 }, // U+00E0
    { 27, 43, 454, 2, 42, 291, 18419 }, // U+00E1
    { 27, 42, 454, 2, 41, 284, 18710 }, // U+00E2
    { 27, 41, 454, 2, 40, 277, 18994 }, // U+00E3
    { 27, 40, 454, 2, 39, 270, 19271 }, // U+00E4
    { 27, 43, 454, 2, 42, 291, 19541 }, // U+00E5
    { 38, 28, 663, 2, 27, 266, 19832 }, // U+00E6
    { 24, 41, 416, 1, 27, 246, 20098 }, // U+00E7
    { 25, 43, 436, 1, 42, 269, 20344 }, // U+00E8
    { 25, 43, 436, 1, 42, 269, 20613 }, // U+00E9
    { 25, 42, 436, 1, 41, 263, 20882 }, // U+00EA
    { 25, 40, 436, 1, 39, 250, 21145 }, // U+00EB
    { 16, 42, 284, 1, 42, 168, 21395 }, // U+00EC
    { 16, 42, 284, 1, 42, 168, 21563 }, // U+00ED
    { 17, 41, 284, 1, 41, 175, 21731 }, // U+00EE
    { 19, 39, 284, 0, 39, 186, 21906 }, // U+00EF
    { 28, 42, 483, 1, 41, 294, 22092 }, // U+00F0
    { 32, 40, 540, 1, 40, 320, 22386 }, // U+00F1
    { 28, 43, 483, 1, 42, 301, 22706 }, // U+00F2
    { 28, 43, 483, 1, 42, 301, 23007 }, // U+00F3
    { 28, 42, 483, 1, 41, 294, 23308 }, // U+00F4
    { 28, 41, 483, 1, 40, 287, 23602 }, // U+00F5
    { 28, 40, 483, 1, 39, 280, 23889 }, // U+00F6
    { 23, 24, 498, 4, 29, 138, 24169 }, // U+00F7
    { 28, 29, 484, 1, 27, 203, 24307 }, // U+00F8
    { 33, 43, 522, 0, 42, 355, 24510 }, // U+00F9
    { 33, 43, 522, 0, 42, 355, 24865 }, // U+00FA
    { 33, 42, 522, 0, 41, 347, 25220 }, // U+00FB
    { 33, 40, 522, 0, 39, 330, 25567 }, // U+00FC
    { 33, 54, 521, 0, 42, 446, 25897 }, // U+00FD
    { 30, 51, 500, 0, 39, 383, 26343 }, // U+00FE
    { 33, 51, 521, 0, 39, 421, 26726 }, // U+00FF
    { 39, 45, 618, 0, 45, 439, 0 }, // U+0100
    { 27, 37, 454, 2, 36, 250, 439 }, // U+0101
    { 39, 48, 618, 0, 48, 468, 689 }, // U+0102
    { 27, 40, 454, 2, 39, 270, 1157 }, // U+0103
    { 39, 47, 618, 0, 36, 459, 1427 }, // U+0104
    { 27, 38, 454, 2, 27, 257, 1886 }, // U+0105
    { 29, 50, 525, 2, 49, 363, 2143 }, // U+0106
    { 24, 43, 416, 1, 42, 258, 2506 }, // U+0107
    { 29, 50, 525, 2, 49, 363, 2764 }, // U+0108
    { 24, 42, 416, 1, 41, 252, 3127 }, // U+0109
    { 29, 49, 525, 2, 48, 356, 3379 }, // U+010A
    { 24, 41, 416, 1, 40, 246, 3735 }, // U+010B
    { 29, 50, 525, 2, 49, 363, 3981 }, // U+010C
    { 24, 43, 416, 1, 42, 258, 4344 }, // U+010D
    { 36, 50, 621, 1, 49, 450, 4602 }, // U+010E
    { 35, 40, 518, 1, 39, 350, 5052 }, // U+010F
    { 36, 37, 621, 1, 36, 333, 5402 }, // U+0110
    { 31, 40, 502, 1, 39, 310, 5735 }, // U+0111
    { 30, 45, 520, 1, 45, 338, 6045 }, // U+0112
    { 25, 37, 436, 1, 36, 232, 6383 }, // U+0113
    { 30, 48, 520, 1, 48, 360, 6615 }, // U+0114
    { 25, 40, 436, 1, 39, 250, 6975 }, // U+0115
    { 30, 48, 520, 1, 48, 360, 7225 }, // U+0116
    { 25, 41, 436, 1, 40, 257, 7585 }, // U+0117
    { 30, 46, 520, 1, 35, 345, 7842 }, // U+0118
    { 25, 38, 436, 1, 27, 238, 8187 }, // U+0119
    { 30, 49, 520, 1, 49, 368, 8425 }, // U+011A
    { 25, 43, 436, 1, 42, 269, 8793 }, // U+011B
    { 33, 50, 593, 2, 49, 413, 9062 }, // U+011C
    { 29, 53, 483, 1, 41, 385, 9475 }, // U+011D
    { 33, 49, 593, 2, 48, 405, 9860 }, // U+011E
    { 29, 51, 483, 1, 39, 370, 10265 }, // U+011F
    { 33, 49, 593, 2, 48, 405, 10635 }, // U+0120
    { 29, 52, 483, 1, 40, 377, 11040 }, // U+0121
    { 33, 50, 593, 2, 36, 413, 11417 }, // U+0122
    { 29, 55, 483, 1, 43, 399, 11830 }, // U+0123
    { 41, 49, 688, 1, 49, 503, 12229 }, // U+0124
    { 34, 51, 530, -1, 51, 434, 12732 }, // U+0125
    { 41, 35, 688, 1, 35, 359, 13166 }, // U+0126
    { 33, 39, 530, 0, 39, 322, 13525 }, // U+0127
    { 19, 48, 334, 1, 48, 228, 13847 }, // U+0128
    { 18, 40, 284, 0, 40, 180, 14075 }, // U+0129
    { 19, 45, 334, 1, 45, 214, 14255 }, // U+012A
    { 18, 36, 284, 0, 36, 162, 14469 }, // U+012B
    { 19, 48, 334, 1, 48, 228, 14631 }, // U+012C
    { 18, 39, 284, 0, 39, 176, 14859 }, // U+012D
    { 19, 46, 334, 1, 35, 219, 15035 }, // U+012E
    { 18, 50, 284, 1, 39, 225, 15254 }, // U+012F
    { 19, 48, 334, 1, 48, 228, 15479 }, // U+0130
    { 16, 27, 284, 1, 27, 108, 15707 }, // U+0131
    { 39, 46, 649, 1, 35, 449, 15815 }, // U+0132
    { 30, 51, 538, 1, 39, 383, 16264 }, // U+0133
    { 23, 60, 314, -3, 49, 345, 16647 }, // U+0134
    { 21, 53, 254, -4, 41, 279, 16992 }, // U+0135
    { 37, 49, 607, 1, 35, 454, 17271 }, // U+0136
    { 32, 53, 507, 0, 39, 424, 17725 }, // U+0137
    { 32, 28, 518, 1, 27, 224, 18149 }, // U+0138
    { 30, 49, 497, 1, 49, 368, 18373 }, // U+0139
    { 17, 52, 279, 0, 52, 221, 18741 }, // U+013A
    { 30, 49, 497, 1, 35, 368, 18962 }, // U+013B
    { 17, 53, 279, 0, 39, 226, 19330 }, // U+013C
    { 30, 39, 497, 1, 39, 293, 19556 }, // U+013D
    { 22, 39, 295, 0, 39, 215, 19849 }, // U+013E
    { 30, 35, 497, 1, 35, 263, 20064 }, // U+013F
    { 27, 39, 428, 0, 39, 264, 20327 }, // U+0140
    { 32, 35, 497, -1, 35, 280, 20591 }, // U+0141
    { 19, 39, 279, -1, 39, 186, 20871 }, // U+0142
    { 40, 50, 642, 1, 49, 500, 21057 }, // U+0143
    { 32, 42, 540, 1, 42, 336, 21557 }, // U+0144
    { 40, 49, 642, 1, 35, 490, 21893 }, // U+0145
    { 32, 41, 540, 1, 27, 328, 22383 }, // U+0146
    { 40, 50, 642, 1, 49, 500, 22711 }, // U+0147
    { 32, 42, 540, 1, 42, 336, 23211 }, // U+0148
    { 44, 36, 726, 1, 36, 396, 23547 }, // U+0149
    { 40, 45, 642, 1, 35, 450, 23943 }, // U+014A
    { 29, 39, 523, 1, 27, 283, 24393 }, // U+014B
    { 35, 46, 625, 2, 45, 403, 24676 }, // U+014C
    { 28, 37, 483, 1, 36, 259, 25079 }, // U+014D
    { 35, 49, 625, 2, 48, 429, 25338 }, // U+014E
    { 28, 40, 483, 1, 39, 280, 25767 }, // U+014F
    { 35, 51, 625, 2, 50, 447, 26047 }, // U+0150
    { 28, 43, 483, 1, 42, 301, 26494 }, // U+0151
    { 47, 36, 809, 2, 35, 423, 26795 }, // U+0152
    { 43, 28, 729, 1, 27, 301, 27218 }, // U+0153
    { 36, 50, 569, 1, 49, 450, 27519 }, // U+0154
    { 23, 42, 382, 0, 42, 242, 27969 }, // U+0155
    { 36, 50, 569, 1, 36, 450, 28211 }, // U+0156
    { 23, 41, 382, 0, 27, 236, 28661 }, // U+0157
    { 36, 50, 569, 1, 49, 450, 28897 }, // U+0158
    { 23, 42, 382, 0, 42, 242, 29347 }, // U+0159
    { 25, 50, 469, 2, 49, 313, 29589 }, // U+015A
    { 22, 43, 402, 2, 42, 237, 29902 }, // U+015B
    { 25, 50, 469, 2, 49, 313, 30139 }, // U+015C
    { 22, 42, 402, 2, 41, 231, 30452 }, // U+015D
    { 25, 50, 469, 2, 36, 313, 30683 }, // U+015E
    { 22, 41, 402, 2, 27, 226, 30996 }, // U+015F
    { 25, 50, 469, 2, 49, 313, 31222 }, // U+0160
    { 22, 43, 402, 2, 42, 237, 31535 }, // U+0161
    { 34, 49, 574, 1, 35, 417, 31772 }, // U+0162
    { 22, 47, 340, -1, 33, 259, 32189 }, // U+0163
    { 34, 49, 574, 1, 49, 417, 32448 }, // U+0164
    { 22, 41, 340, -1, 40, 226, 32865 }, // U+0165
    { 34, 35, 574, 1, 35, 298, 33091 }, // U+0166
    { 22, 34, 340, -1, 33, 187, 33389 }, // U+0167
    { 40, 49, 643, 0, 48, 490, 33576 }, // U+0168
    { 33, 41, 522, 0, 40, 339, 34066 }, // U+0169
    { 40, 46, 643, 0, 45, 460, 34405 }, // U+016A
    { 33, 37, 522, 0, 36, 306, 34865 }, // U+016B
    { 40, 49, 643, 0, 48, 490, 35171 }, // U+016C
    { 33, 40, 522, 0, 39, 330, 35661 }, // U+016D
    { 40, 51, 643, 0, 50, 510, 35991 }, // U+016E
    { 33, 43, 522, 0, 42, 355, 36501 }, // U+016F
    { 40, 51, 643, 0, 50, 510, 36856 }, // U+0170
    { 33, 43, 522, 0, 42, 355, 37366 }, // U+0171
    { 40, 46, 643, 0, 35, 460, 37721 }, // U+0172
    { 33, 38, 522, 0, 27, 314, 38181 }, // U+0173
    { 54, 50, 891, 1, 49, 675, 38495 }, // U+0174
    { 44, 42, 725, 1, 41, 462, 39170 }, // U+0175
    { 36, 49, 578, 0, 49, 441, 39632 }, // U+0176
    { 33, 53, 521, 0, 41, 438, 40073 }, // U+0177
    { 36, 47, 578, 0, 47, 423, 40511 }, // U+0178
    { 29, 50, 487, 1, 49, 363, 40934 }, // U+0179
    { 24, 43, 413, 1, 42, 258, 41297 }, // U+017A
    { 29, 49, 487, 1, 48, 356, 41555 }, // U+017B
    { 24, 41, 413, 1, 40, 246, 41911 }, // U+017C
    { 29, 50, 487, 1, 49, 363, 42157 }, // U+017D
    { 24, 43, 413, 1, 42, 258, 42520 }, // U+017E
    { 25, 40, 331, 0, 40, 250, 42778 }, // U+017F
    { 38, 43, 625, 2, 42, 409, 0 }, // U+01A0
    { 30, 34, 483, 1, 33, 255, 409 }, // U+01A1
    { 42, 43, 643, 0, 42, 452, 664 }, // U+01AF
    { 34, 34, 522, 0, 33, 289, 1116 }, // U+01B0
    { 66, 50, 1086, 1, 49, 825, 1405 }, // U+01C4
    { 61, 43, 1012, 1, 42, 656, 2230 }, // U+01C5
    { 55, 43, 911, 1, 42, 592, 2886 }, // U+01C6
    { 50, 46, 811, 1, 35, 575, 3478 }, // U+01C7
    { 44, 51, 750, 1, 39, 561, 4053 }, // U+01C8
    { 31, 51, 533, 0, 39, 396, 4614 }, // U+01C9
    { 59, 46, 957, 1, 35, 679, 5010 }, // U+01CA
    { 53, 51, 896, 1, 39, 676, 5689 }, // U+01CB
    { 46, 51, 794, 1, 39, 587, 6365 }, // U+01CC
    { 39, 49, 618, 0, 49, 478, 6952 }, // U+01CD
    { 27, 43, 454, 2, 42, 291, 7430 }, // U+01CE
    { 19, 49, 334, 1, 49, 233, 7721 }, // U+01CF
    { 18, 42, 284, 0, 42, 189, 7954 }, // U+01D0
    { 35, 50, 625, 2, 49, 438, 8143 }, // U+01D1
    { 28, 43, 483, 1, 42, 301, 8581 }, // U+01D2
    { 40, 50, 643, 0, 49, 500, 8882 }, // U+01D3
    { 33, 43, 522, 0, 42, 355, 9382 }, // U+01D4
    { 40, 53, 643, 0, 52, 530, 9737 }, // U+01D5
    { 33, 46, 522, 0, 45, 380, 10267 }, // U+01D6
    { 40, 53, 643, 0, 52, 530, 10647 }, // U+01D7
    { 33, 50, 522, 0, 49, 413, 11177 }, // U+01D8
    { 40, 53, 643, 0, 52, 530, 11590 }, // U+01D9
    { 33, 50, 522, 0, 49, 413, 12120 }, // U+01DA
    { 40, 53, 643, 0, 52, 530, 12533 }, // U+01DB
    { 33, 50, 522, 0, 49, 413, 13063 }, // U+01DC
    { 25, 28, 436, 1, 27, 175, 13476 }, // U+01DD
    { 39, 52, 618, 0, 52, 507, 13651 }, // U+01DE
    { 27, 46, 454, 2, 45, 311, 14158 }, // U+01DF
    { 39, 52, 618, 0, 52, 507, 14469 }, // U+01E0
    { 27, 47, 454, 2, 46, 318, 14976 }, // U+01E1
    { 48, 45, 786, -1, 45, 540, 15294 }, // U+01E2
    { 38, 37, 663, 2, 36, 352, 15834 }, // U+01E3
    { 36, 37, 593, 2, 36, 333, 16186 }, // U+01E4
    { 34, 39, 483, -2, 27, 332, 16519 }, // U+01E5
    { 33, 50, 593, 2, 49, 413, 16851 }, // U+01E6
    { 29, 54, 483, 1, 42, 392, 17264 }, // U+01E7
    { 37, 50, 607, 1, 49, 463, 17656 }, // U+01E8
    { 33, 53, 507, -1, 52, 438, 18119 }, // U+01E9
    { 35, 47, 625, 2, 36, 412, 18557 }, // U+01EA
    { 28, 38, 483, 1, 27, 266, 18969 }, // U+01EB
    { 35, 56, 625, 2, 45, 490, 19235 }, // U+01EC
    { 28, 47, 483, 1, 36, 329, 19725 }, // U+01ED
    { 27, 50, 466, 1, 49, 338, 20054 }, // U+01EE
    { 26, 54, 432, 0, 42, 351, 20392 }, // U+01EF
    { 21, 54, 254, -4, 42, 284, 20743 }, // U+01F0
    { 68, 37, 1108, 1, 36, 629, 21027 }, // U+01F1
    { 63, 37, 1034, 1, 36, 583, 21656 }, // U+01F2
    { 55, 40, 915, 1, 39, 550, 22239 }, // U+01F3
    { 33, 50, 593, 2, 49, 413, 22789 }, // U+01F4
    { 29, 54, 483, 1, 42, 392, 23202 }, // U+01F5
    { 40, 50, 642, 1, 49, 500, 23594 }, // U+01F8
    { 32, 42, 540, 1, 42, 336, 24094 }, // U+01F9
    { 39, 52, 618, 0, 52, 507, 24430 }, // U+01FA
    { 27, 52, 454, 2, 51, 351, 24937 }, // U+01FB
    { 48, 49, 786, -1, 49, 588, 25288 }, // U+01FC
    { 38, 43, 663, 2, 42, 409, 25876 }, // U+01FD
    { 39, 51, 625, 0, 49, 498, 26285 }, // U+01FE
    { 28, 44, 484, 1, 42, 308, 26783 }, // U+01FF
    { 39, 50, 618, 0, 50, 488, 27091 }, // U+0200
    { 27, 43, 454, 2, 42, 291, 27579 }, // U+0201
    { 39, 48, 618, 0, 48, 468, 27870 }, // U+0202
    { 27, 41, 454, 2, 40, 277, 28338 }, // U+0203
    { 30, 50, 520, 1, 50, 375, 28615 }, // U+0204
    { 25, 43, 436, 1, 42, 269, 28990 }, // U+0205
    { 30, 48, 520, 1, 48, 360, 29259 }, // U+0206
    { 25, 41, 436, 1, 40, 257, 29619 }, // U+0207
    { 24, 50, 334, -4, 50, 300, 29876 }, // U+0208
    { 19, 42, 284, -2, 42, 200, 30176 }, // U+0209
    { 19, 48, 334, 1, 48, 228, 30376 }, // U+020A
    { 18, 40, 284, 0, 40, 180, 30604 }, // U+020B
    { 35, 51, 625, 2, 50, 447, 30784 }, // U+020C
    { 28, 43, 483, 1, 42, 301, 31231 }, // U+020D
    { 35, 49, 625, 2, 48, 429, 31532 }, // U+020E
    { 28, 41, 483, 1, 40, 287, 31961 }, // U+020F
    { 36, 51, 569, 1, 50, 459, 32248 }, // U+0210
    { 23, 42, 382, 0, 42, 242, 32707 }, // U+0211
    { 36, 49, 569, 1, 48, 441, 32949 }, // U+0212
    { 23, 40, 382, 0, 40, 230, 33390 }, // U+0213
    { 40, 51, 643, 0, 50, 510, 33620 }, // U+0214
    { 33, 43, 522, 0, 42, 355, 34130 }, // U+0215
    { 40, 49, 643, 0, 48, 490, 34485 }, // U+0216
    { 33, 41, 522, 0, 40, 339, 34975 }, // U+0217
    { 25, 50, 469, 2, 36, 313, 35314 }, // U+0218
    { 22, 41, 402, 2, 27, 226, 35627 }, // U+0219
    { 34, 49, 574, 1, 35, 417, 35853 }, // U+021A
    { 22, 47, 340, -1, 33, 259, 36270 }, // U+021B
    { 26, 42, 478, 2, 36, 273, 36529 }, // U+021C
    { 25, 39, 414, 0, 27, 244, 36802 }, // U+021D
    { 41, 49, 688, 1, 49, 503, 37046 }, // U+021E
    { 34, 52, 530, -1, 52, 442, 37549 }, // U+021F
    { 11, 12, 0, -8, 42, 33, 0 }, // U+0300
    { 9, 12, 0, -3, 42, 27, 33 }, // U+0301
    { 18, 12, 0, -9, 41, 54, 60 }, // U+0302
    { 18, 9, 0, -9, 40, 41, 114 }, // U+0303
    { 18, 5, 0, -9, 36, 23, 155 }, // U+0304
    { 18, 9, 0, -9, 39, 41, 178 }, // U+0306
    { 10, 9, 0, -5, 40, 23, 219 }, // U+0307
    { 20, 8, 0, -10, 39, 40, 242 }, // U+0308
    { 14, 14, 0, -7, 44, 49, 282 }, // U+0309
    { 14, 13, 0, -7, 42, 46, 331 }, // U+030A
    { 18, 13, 0, -7, 42, 59, 377 }, // U+030B
    { 18, 12, 0, -9, 42, 54, 436 }, // U+030C
    { 18, 13, 0, -11, 42, 59, 490 }, // U+030F
    { 18, 10, 0, -9, 40, 45, 549 }, // U+0311
    { 9, 14, 0, -5, 43, 32, 594 }, // U+0312
    { 10, 14, 0, -4, 44, 35, 626 }, // U+0313
    { 10, 14, 0, -6, 44, 35, 661 }, // U+0314
    { 7, 14, 0, -3, 44, 25, 696 }, // U+0315
    { 9, 12, 0, -5, 32, 27, 721 }, // U+031B
    { 10, 9, 0, -5, -3, 23, 748 }, // U+0323
    { 20, 8, 0, -10, -4, 40, 771 }, // U+0324
    { 12, 12, 0, -6, -2, 36, 811 }, // U+0325
    { 9, 12, 0, -5, -2, 27, 847 }, // U+0326
    { 10, 12, 0, -5, -2, 30, 874 }, // U+0327
    { 12, 12, 0, -6, 1, 36, 904 }, // U+0328
    { 6, 13, 224, 4, -2, 20, 940 }, // U+0329
    { 18, 11, 0, -9, -3, 50, 960 }, // U+032D
    { 18, 10, 0, -9, -3, 45, 1010 }, // U+032E
    { 18, 9, 0, -9, -4, 41, 1055 }, // U+0330
    { 18, 5, 0, -9, -5, 23, 1096 }, // U+0331
    { 18, 10, 0, -9, 40, 45, 1119 }, // U+0342
    { 20, 20, 0, -10, 51, 100, 1164 }, // U+0344
    { 10, 10, 0, -4, -3, 25, 1264 }, // U+0345
    { 11, 17, 234, 2, 35, 47, 0 }, // U+0374
    { 9, 13, 234, 2, 0, 30, 47 }, // U+0375
    { 12, 36, 232, 1, 26, 108, 77 }, // U+037E
    { 10, 14, 540, 12, 44, 35, 185 }, // U+0384
    { 19, 20, 540, 7, 51, 95, 220 }, // U+0385
    { 40, 36, 628, 0, 36, 360, 315 }, // U+0386
    { 10, 8, 232, 2, 26, 20, 675 }, // U+0387
    { 43, 36, 713, 0, 36, 387, 695 }, // U+0388
    { 54, 36, 881, 0, 36, 486, 1082 }, // U+0389
    { 32, 36, 526, 0, 36, 288, 1568 }, // U+038A
    { 47, 37, 779, 0, 36, 435, 1856 }, // U+038C
    { 49, 36, 782, 0, 36, 441, 2291 }, // U+038E
    { 49, 36, 809, 0, 36, 441, 2732 }, // U+038F
    { 20, 52, 272, -2, 51, 260, 3173 }, // U+0390
    { 39, 36, 618, 0, 36, 351, 3433 }, // U+0391
    { 30, 37, 519, 1, 36, 278, 3784 }, // U+0392
    { 29, 35, 499, 1, 35, 254, 4062 }, // U+0393
    { 32, 36, 546, 1, 36, 288, 4316 }, // U+0394
    { 30, 35, 520, 1, 35, 263, 4604 }, // U+0395
    { 29, 36, 487, 1, 35, 261, 4867 }, // U+0396
    { 41, 35, 688, 1, 35, 359, 5128 }, // U+0397
    { 35, 37, 625, 2, 36, 324, 5487 }, // U+0398
    { 19, 35, 334, 1, 35, 167, 5811 }, // U+0399
    { 37, 36, 607, 1, 35, 333, 5978 }, // U+039A
    { 38, 36, 602, 0, 36, 342, 6311 }, // U+039B
    { 47, 35, 760, 0, 35, 412, 6653 }, // U+039C
    { 40, 36, 642, 1, 35, 360, 7065 }, // U+039D
    { 30, 35, 526, 1, 35, 263, 7425 }, // U+039E
    { 35, 37, 625, 2, 36, 324, 7688 }, // U+039F
    { 40, 35, 670, 1, 35, 350, 8012 }, // U+03A0
    { 30, 36, 501, 1, 36, 270, 8362 }, // U+03A1
    { 30, 36, 502, 0, 35, 270, 8632 }, // U+03A3
    { 34, 35, 574, 1, 35, 298, 8902 }, // U+03A4
    { 35, 36, 561, 0, 36, 315, 9200 }, // U+03A5
    { 38, 37, 646, 1, 36, 352, 9515 }, // U+03A6
    { 38, 35, 615, 0, 35, 333, 9867 }, // U+03A7
    { 43, 36, 686, 0, 36, 387, 10200 }, // U+03A8
    { 41, 36, 686, 1, 36, 369, 10587 }, // U+03A9
    { 19, 47, 334, 1, 47, 224, 10956 }, // U+03AA
    { 35, 47, 561, 0, 47, 412, 11180 }, // U+03AB
    { 33, 45, 522, 1, 44, 372, 11592 }, // U+03AC
    { 23, 45, 398, 1, 44, 259, 11964 }, // U+03AD
    { 30, 56, 505, -1, 44, 420, 12223 }, // U+03AE
    { 15, 45, 272, 3, 44, 169, 12643 }, // U+03AF
    { 30, 52, 481, -1, 51, 390, 12812 }, // U+03B0
    { 33, 28, 522, 1, 27, 231, 13202 }, // U+03B1
    { 27, 52, 482, 2, 40, 351, 13433 }, // U+03B2
    { 29, 39, 462, -1, 27, 283, 13784 }, // U+03B3
    { 28, 41, 478, 1, 40, 287, 14067 }, // U+03B4
    { 23, 28, 398, 1, 27, 161, 14354 }, // U+03B5
    { 23, 51, 370, 1, 41, 294, 14515 }, // U+03B6
    { 30, 39, 505, -1, 27, 293, 14809 }, // U+03B7
    { 28, 41, 483, 1, 40, 287, 15102 }, // U+03B8
    { 15, 28, 272, 3, 27, 105, 15389 }, // U+03B9
    { 27, 28, 470, 3, 27, 189, 15494 }, // U+03BA
    { 32, 41, 468, -1, 40, 328, 15683 }, // U+03BB
    { 32, 39, 525, 2, 27, 312, 16011 }, // U+03BC
    { 29, 28, 462, -1, 27, 203, 16323 }, // U+03BD
    { 23, 51, 368, 1, 41, 294, 16526 }, // U+03BE
    { 28, 28, 483, 1, 27, 196, 16820 }, // U+03BF
    { 34, 28, 546, 0, 27, 238, 17016 }, // U+03C0
    { 27, 39, 483, 2, 27, 264, 17254 }, // U+03C1
    { 23, 37, 412, 1, 27, 213, 17518 }, // U+03C2
    { 31, 28, 498, 1, 27, 217, 17731 }, // U+03C3
    { 27, 28, 434, 0, 27, 189, 17948 }, // U+03C4
    { 30, 28, 481, -1, 27, 210, 18137 }, // U+03C5
    { 38, 48, 640, 1, 36, 456, 18347 }, // U+03C6
    { 31, 39, 442, -1, 27, 303, 18803 }, // U+03C7
    { 40, 48, 639, -1, 36, 480, 19106 }, // U+03C8
    { 37, 28, 623, 1, 27, 259, 19586 }, // U+03C9
    { 20, 40, 272, -2, 39, 200, 19845 }, // U+03CA
    { 30, 40, 481, -1, 39, 300, 20045 }, // U+03CB
    { 28, 45, 483, 1, 44, 315, 20345 }, // U+03CC
    { 30, 45, 481, -1, 44, 338, 20660 }, // U+03CD
    { 37, 45, 623, 1, 44, 417, 20998 }, // U+03CE
    { 27, 41, 466, 1, 40, 277, 21415 }, // U+03D0
    { 34, 41, 538, 0, 40, 349, 21692 }, // U+03D1
    { 39, 36, 618, 0, 36, 351, 22041 }, // U+03D2
    { 53, 36, 839, 0, 36, 477, 22392 }, // U+03D3
    { 39, 47, 618, 0, 47, 459, 22869 }, // U+03D4
    { 36, 39, 611, 1, 27, 351, 23328 }, // U+03D5
    { 36, 37, 625, 2, 36, 333, 23679 }, // U+03D6
    { 32, 37, 534, 1, 27, 296, 24012 }, // U+03D7
    { 30, 49, 520, 1, 49, 368, 0 }, // U+0400
    { 30, 47, 520, 1, 47, 353, 368 }, // U+0401
    { 40, 46, 688, 1, 35, 460, 721 }, // U+0402
    { 29, 49, 499, 1, 49, 356, 1181 }, // U+0403
    { 31, 37, 548, 2, 36, 287, 1537 }, // U+0404
    { 25, 37, 469, 2, 36, 232, 1824 }, // U+0405
    { 19, 35, 334, 1, 35, 167, 2056 }, // U+0406
    { 19, 47, 334, 1, 47, 224, 2223 }, // U+0407
    { 23, 46, 314, -3, 35, 265, 2447 }, // U+0408
    { 48, 36, 794, 0, 35, 432, 2712 }, // U+0409
    { 51, 36, 849, 1, 35, 459, 3144 }, // U+040A
    { 44, 35, 731, 1, 35, 385, 3603 }, // U+040B
    { 37, 50, 610, 1, 49, 463, 3988 }, // U+040C
    { 40, 49, 681, 1, 49, 490, 4451 }, // U+040D
    { 36, 49, 578, 0, 48, 441, 4941 }, // U+040E
    { 39, 46, 658, 1, 35, 449, 5382 }, // U+040F
    { 39, 36, 618, 0, 36, 351, 5831 }, // U+0410
    { 30, 36, 522, 1, 35, 270, 6182 }, // U+0411
    { 30, 37, 519, 1, 36, 278, 6452 }, // U+0412
    { 29, 35, 499, 1, 35, 254, 6730 }, // U+0413
    { 39, 46, 634, 0, 35, 449, 6984 }, // U+0414
    { 30, 35, 520, 1, 35, 263, 7433 }, // U+0415
    { 56, 37, 887, 0, 36, 518, 7696 }, // U+0416
    { 29, 37, 498, 1, 36, 269, 8214 }, // U+0417
    { 40, 35, 681, 1, 35, 350, 8483 }, // U+0418
    { 40, 48, 681, 1, 48, 480, 8833 }, // U+0419
    { 37, 37, 610, 1, 36, 343, 9313 }, // U+041A
    { 37, 36, 620, 0, 35, 333, 9656 }, // U+041B
    { 47, 35, 760, 0, 35, 412, 9989 }, // U+041C
    { 41, 35, 688, 1, 35, 359, 10401 }, // U+041D
    { 35, 37, 625, 2, 36, 324, 10760 }, // U+041E
    { 40, 35, 670, 1, 35, 350, 11084 }, // U+041F
    { 30, 36, 501, 1, 36, 270, 11434 }, // U+0420
    { 29, 37, 525, 2, 36, 269, 11704 }, // U+0421
    { 34, 35, 574, 1, 35, 298, 11973 }, // U+0422
    { 36, 36, 578, 0, 35, 324, 12271 }, // U+0423
    { 38, 37, 646, 1, 36, 352, 12595 }, // U+0424
    { 38, 35, 615, 0, 35, 333, 12947 }, // U+0425
    { 40, 46, 667, 1, 35, 460, 13280 }, // U+0426
    { 37, 35, 620, 0, 35, 324, 13740 }, // U+0427
    { 53, 35, 890, 1, 35, 464, 14064 }, // U+0428
    { 55, 46, 899, 1, 35, 633, 14528 }, // U+0429
    { 37, 36, 629, 1, 35, 333, 15161 }, // U+042A
    { 49, 36, 816, 1, 35, 441, 15494 }, // U+042B
    { 30, 36, 522, 1, 35, 270, 15935 }, // U+042C
    { 32, 37, 550, 1, 36, 296, 16205 }, // U+042D
    { 53, 37, 886, 1, 36, 491, 16501 }, // U+042E
    { 35, 36, 574, 0, 35, 315, 16992 }, // U+042F
    { 27, 28, 454, 2, 27, 189, 17307 }, // U+0430
    { 27, 41, 477, 1, 40, 277, 17496 }, // U+0431
    { 27, 28, 464, 1, 27, 189, 17773 }, // U+0432
    { 25, 26, 426, 1, 26, 163, 17962 }, // U+0433
    { 32, 36, 541, 1, 26, 288, 18125 }, // U+0434
    { 25, 28, 436, 1, 27, 175, 18413 }, // U+0435
    { 45, 28, 719, 0, 27, 315, 18588 }, // U+0436
    { 24, 28, 413, 1, 27, 168, 18903 }, // U+0437
    { 32, 26, 556, 1, 26, 208, 19071 }, // U+0438
    { 32, 39, 556, 1, 39, 312, 19279 }, // U+0439
    { 31, 28, 512, 1, 27, 217, 19591 }, // U+043A
    { 31, 27, 516, 0, 26, 210, 19808 }, // U+043B
    { 37, 26, 628, 1, 26, 241, 20018 }, // U+043C
    { 33, 26, 561, 1, 26, 215, 20259 }, // U+043D
    { 28, 28, 483, 1, 27, 196, 20474 }, // U+043E
    { 32, 26, 556, 1, 26, 208, 20670 }, // U+043F
    { 30, 39, 500, 0, 27, 293, 20878 }, // U+0440
    { 24, 28, 416, 1, 27, 168, 21171 }, // U+0441
    { 29, 26, 492, 1, 26, 189, 21339 }, // U+0442
    { 33, 38, 521, 0, 26, 314, 21528 }, // U+0443
    { 37, 51, 626, 1, 39, 472, 21842 }, // U+0444
    { 31, 26, 497, 0, 26, 202, 22314 }, // U+0445
    { 34, 36, 562, 1, 26, 306, 22516 }, // U+0446
    { 31, 26, 513, 0, 26, 202, 22822 }, // U+0447
    { 44, 26, 734, 1, 26, 286, 23024 }, // U+0448
    { 45, 36, 744, 1, 26, 405, 23310 }, // U+0449
    { 31, 27, 534, 1, 26, 210, 23715 }, // U+044A
    { 42, 27, 702, 1, 26, 284, 23925 }, // U+044B
    { 26, 27, 439, 1, 26, 176, 24209 }, // U+044C
    { 25, 28, 436, 1, 27, 175, 24385 }, // U+044D
    { 42, 28, 710, 1, 27, 294, 24560 }, // U+044E
    { 29, 27, 488, 0, 26, 196, 24854 }, // U+044F
    { 25, 43, 436, 1, 42, 269, 25050 }, // U+0450
    { 25, 40, 436, 1, 39, 250, 25319 }, // U+0451
    { 30, 51, 514, 0, 39, 383, 25569 }, // U+0452
    { 25, 42, 426, 1, 42, 263, 25952 }, // U+0453
    { 25, 28, 428, 1, 27, 175, 26215 }, // U+0454
    { 22, 28, 402, 2, 27, 154, 26390 }, // U+0455
    { 16, 39, 284, 1, 39, 156, 26544 }, // U+0456
    { 19, 39, 284, 0, 39, 186, 26700 }, // U+0457
    { 18, 51, 254, -4, 39, 230, 26886 }, // U+0458
    { 39, 27, 644, 0, 26, 264, 27116 }, // U+0459
    { 42, 27, 698, 1, 26, 284, 27380 }, // U+045A
    { 33, 39, 530, 0, 39, 322, 27664 }, // U+045B
    { 31, 43, 512, 1, 42, 334, 27986 }, // U+045C
    { 32, 42, 556, 1, 42, 336, 28320 }, // U+045D
    { 33, 51, 521, 0, 39, 421, 28656 }, // U+045E
    { 32, 36, 551, 1, 26, 288, 29077 }, // U+045F
    { 36, 41, 606, 1, 40, 369, 29365 }, // U+0462
    { 31, 37, 519, 1, 36, 287, 29734 }, // U+0463
    { 35, 37, 625, 2, 36, 324, 30021 }, // U+0472
    { 28, 28, 483, 1, 27, 196, 30345 }, // U+0473
    { 39, 37, 629, 0, 36, 361, 30541 }, // U+0474
    { 33, 28, 533, 1, 27, 231, 30902 }, // U+0475
    { 41, 59, 680, 1, 48, 605, 31133 }, // U+048A
    { 33, 49, 548, 1, 39, 405, 31738 }, // U+048B
    { 30, 36, 522, 1, 35, 270, 32143 }, // U+048C
    { 26, 37, 435, 0, 36, 241, 32413 }, // U+048D
    { 30, 36, 501, 1, 36, 270, 32654 }, // U+048E
    { 30, 39, 500, 0, 27, 293, 32924 }, // U+048F
    { 27, 42, 462, 1, 42, 284, 33217 }, // U+0490
    { 23, 33, 408, 1, 33, 190, 33501 }, // U+0491
    { 29, 35, 495, 1, 35, 254, 33691 }, // U+0492
    { 25, 26, 430, 1, 26, 163, 33945 }, // U+0493
    { 33, 46, 579, 1, 35, 380, 34108 }, // U+0494
    { 29, 38, 495, 1, 26, 276, 34488 }, // U+0495
    { 56, 47, 887, 0, 36, 658, 34764 }, // U+0496
    { 45, 37, 719, 0, 27, 417, 35422 }, // U+0497
    { 29, 47, 498, 1, 36, 341, 35839 }, // U+0498
    { 24, 37, 413, 1, 27, 222, 36180 }, // U+0499
    { 37, 47, 611, 1, 36, 435, 36402 }, // U+049A
    { 31, 37, 512, 1, 27, 287, 36837 }, // U+049B
    { 39, 37, 643, 1, 36, 361, 37124 }, // U+049C
    { 32, 28, 530, 1, 27, 224, 37485 }, // U+049D
    { 37, 37, 610, 1, 36, 343, 37709 }, // U+049E
    { 32, 37, 510, 0, 36, 296, 38052 }, // U+049F
    { 43, 37, 699, 1, 36, 398, 38348 }, // U+04A0
    { 37, 28, 609, 1, 27, 259, 38746 }, // U+04A1
    { 42, 46, 697, 1, 35, 483, 39005 }, // U+04A2
    { 34, 36, 571, 1, 26, 306, 39488 }, // U+04A3
    { 48, 35, 793, 1, 35, 420, 39794 }, // U+04A4
    { 39, 26, 656, 1, 26, 254, 40214 }, // U+04A5
    { 53, 46, 893, 1, 35, 610, 40468 }, // U+04A6
    { 45, 38, 753, 1, 26, 428, 41078 }, // U+04A7
    { 40, 37, 682, 2, 36, 370, 41506 }, // U+04A8
    { 33, 28, 558, 1, 27, 231, 41876 }, // U+04A9
    { 29, 47, 525, 2, 36, 341, 42107 }, // U+04AA
    { 24, 37, 416, 1, 27, 222, 42448 }, // U+04AB
    { 34, 46, 574, 1, 35, 391, 42670 }, // U+04AC
    { 29, 36, 492, 1, 26, 261, 43061 }, // U+04AD
    { 36, 35, 578, 0, 35, 315, 43322 }, // U+04AE
    { 32, 38, 522, 1, 26, 304, 43637 }, // U+04AF
    { 36, 35, 578, 0, 35, 315, 43941 }, // U+04B0
    { 32, 38, 522, 1, 26, 304, 44256 }, // U+04B1
    { 39, 46, 626, 0, 35, 449, 44560 }, // U+04B2
    { 31, 36, 505, 0, 26, 279, 45009 }, // U+04B3
    { 45, 46, 740, 1, 35, 518, 45288 }, // U+04B4
    { 39, 36, 645, 1, 26, 351, 45806 }, // U+04B5
    { 39, 46, 629, 0, 35, 449, 46157 }, // U+04B6
    { 32, 36, 523, 0, 26, 288, 46606 }, // U+04B7
    { 37, 35, 620, 0, 35, 324, 46894 }, // U+04B8
    { 31, 26, 522, 0, 26, 202, 47218 }, // U+04B9
    { 38, 35, 622, 1, 35, 333, 47420 }, // U+04BA
    { 33, 39, 530, 0, 39, 322, 47753 }, // U+04BB
    { 41, 37, 678, 0, 36, 380, 48075 }, // U+04BC
    { 32, 28, 534, 0, 27, 224, 48455 }, // U+04BD
    { 41, 47, 678, 0, 36, 482, 48679 }, // U+04BE
    { 32, 37, 534, 0, 27, 296, 49161 }, // U+04BF
    { 19, 35, 334, 1, 35, 167, 49457 }, // U+04C0
    { 56, 49, 887, 0, 48, 686, 49624 }, // U+04C1
    { 45, 40, 719, 0, 39, 450, 50310 }, // U+04C2
    { 34, 47, 593, 1, 36, 400, 50760 }, // U+04C3
    { 29, 39, 501, 1, 27, 283, 51160 }, // U+04C4
    { 38, 46, 619, 0, 35, 437, 51443 }, // U+04C5
    { 32, 36, 518, 0, 26, 288, 51880 }, // U+04C6
    { 41, 46, 675, 1, 35, 472, 52168 }, // U+04C7
    { 33, 38, 557, 1, 26, 314, 52640 }, // U+04C8
    { 41, 46, 687, 1, 35, 472, 52954 }, // U+04C9
    { 34, 36, 562, 1, 26, 306, 53426 }, // U+04CA
    { 37, 46, 620, 0, 35, 426, 53732 }, // U+04CB
    { 31, 36, 513, 0, 26, 279, 54158 }, // U+04CC
    { 48, 46, 772, 0, 35, 552, 54437 }, // U+04CD
    { 38, 36, 630, 1, 26, 342, 54989 }, // U+04CE
    { 17, 39, 334, 2, 39, 166, 55331 }, // U+04CF
    { 39, 48, 618, 0, 48, 468, 55497 }, // U+04D0
    { 27, 40, 454, 2, 39, 270, 55965 }, // U+04D1
    { 39, 47, 618, 0, 47, 459, 56235 }, // U+04D2
    { 27, 40, 454, 2, 39, 270, 56694 }, // U+04D3
    { 48, 35, 786, -1, 35, 420, 56964 }, // U+04D4
    { 38, 28, 663, 2, 27, 266, 57384 }, // U+04D5
    { 30, 48, 520, 1, 48, 360, 57650 }, // U+04D6
    { 25, 40, 436, 1, 39, 250, 58010 }, // U+04D7
    { 31, 37, 559, 2, 36, 287, 58260 }, // U+04D8
    { 25, 28, 436, 1, 27, 175, 58547 }, // U+04D9
    { 31, 48, 559, 2, 47, 372, 58722 }, // U+04DA
    { 25, 40, 436, 1, 39, 250, 59094 }, // U+04DB
    { 56, 48, 887, 0, 47, 672, 59344 }, // U+04DC
    { 45, 40, 719, 0, 39, 450, 60016 }, // U+04DD
    { 29, 48, 498, 1, 47, 348, 60466 }, // U+04DE
    { 24, 40, 413, 1, 39, 240, 60814 }, // U+04DF
    { 27, 36, 466, 1, 35, 243, 61054 }, // U+04E0
    { 26, 38, 432, 0, 26, 247, 61297 }, // U+04E1
    { 40, 45, 681, 1, 45, 450, 61544 }, // U+04E2
    { 32, 36, 556, 1, 36, 288, 61994 }, // U+04E3
    { 40, 47, 681, 1, 47, 470, 62282 }, // U+04E4
    { 32, 39, 556, 1, 39, 312, 62752 }, // U+04E5
    { 35, 48, 625, 2, 47, 420, 63064 }, // U+04E6
    { 28, 40, 483, 1, 39, 280, 63484 }, // U+04E7
    { 35, 37, 625, 2, 36, 324, 63764 }, // U+04E8
    { 28, 28, 483, 1, 27, 196, 64088 }, // U+04E9
    { 35, 48, 625, 2, 47, 420, 64284 }, // U+04EA
    { 28, 40, 483, 1, 39, 280, 64704 }, // U+04EB
    { 32, 48, 550, 1, 47, 384, 64984 }, // U+04EC
    { 25, 40, 436, 1, 39, 250, 65368 }, // U+04ED
    { 36, 46, 578, 0, 45, 414, 65618 }, // U+04EE
    { 33, 48, 521, 0, 36, 396, 66032 }, // U+04EF
    { 36, 48, 578, 0, 47, 432, 66428 }, // U+04F0
    { 33, 51, 521, 0, 39, 421, 66860 }, // U+04F1
    { 36, 51, 578, 0, 50, 459, 67281 }, // U+04F2
    { 33, 54, 521, 0, 42, 446, 67740 }, // U+04F3
    { 37, 47, 620, 0, 47, 435, 68186 }, // U+04F4
    { 31, 39, 513, 0, 39, 303, 68621 }, // U+04F5
    { 29, 46, 499, 1, 35, 334, 68924 }, // U+04F6
    { 25, 36, 426, 1, 26, 225, 69258 }, // U+04F7
    { 49, 48, 816, 1, 47, 588, 69483 }, // U+04F8
    { 42, 40, 702, 1, 39, 420, 70071 }, // U+04F9
    { 29, 46, 495, 1, 35, 334, 70491 }, // U+04FA
    { 25, 36, 426, 1, 26, 225, 70825 }, // U+04FB
    { 37, 46, 600, 0, 35, 426, 71050 }, // U+04FC
    { 30, 38, 490, 0, 26, 285, 71476 }, // U+04FD
    { 38, 35, 615, 0, 35, 333, 71761 }, // U+04FE
    { 31, 26, 497, 0, 26, 202, 72094 }, // U+04FF
    { 39, 48, 618, 0, 36, 468, 0 }, // U+1EA0
    { 27, 39, 454, 2, 27, 264, 468 }, // U+1EA1
    { 39, 51, 618, 0, 51, 498, 732 }, // U+1EA2
    { 27, 45, 454, 2, 44, 304, 1230 }, // U+1EA3
    { 39, 52, 618, 0, 52, 507, 1534 }, // U+1EA4
    { 27, 51, 454, 2, 50, 345, 2041 }, // U+1EA5
    { 39, 52, 618, 0, 52, 507, 2386 }, // U+1EA6
    { 27, 51, 454, 2, 50, 345, 2893 }, // U+1EA7
    { 39, 52, 618, 0, 52, 507, 3238 }, // U+1EA8
    { 27, 50, 454, 2, 49, 338, 3745 }, // U+1EA9
    { 39, 52, 618, 0, 52, 507, 4083 }, // U+1EAA
    { 27, 49, 454, 2, 48, 331, 4590 }, // U+1EAB
    { 39, 61, 618, 0, 49, 595, 4921 }, // U+1EAC
    { 27, 53, 454, 2, 41, 358, 5516 }, // U+1EAD
    { 39, 52, 618, 0, 52, 507, 5874 }, // U+1EAE
    { 27, 50, 454, 2, 49, 338, 6381 }, // U+1EAF
    { 39, 52, 618, 0, 52, 507, 6719 }, // U+1EB0
    { 27, 50, 454, 2, 49, 338, 7226 }, // U+1EB1
    { 39, 52, 618, 0, 52, 507, 7564 }, // U+1EB2
    { 27, 51, 454, 2, 50, 345, 8071 }, // U+1EB3
    { 39, 52, 618, 0, 52, 507, 8416 }, // U+1EB4
    { 27, 49, 454, 2, 48, 331, 8923 }, // U+1EB5
    { 39, 60, 618, 0, 48, 585, 9254 }, // U+1EB6
    { 27, 51, 454, 2, 39, 345, 9839 }, // U+1EB7
    { 30, 47, 520, 1, 35, 353, 10184 }, // U+1EB8
    { 25, 39, 436, 1, 27, 244, 10537 }, // U+1EB9
    { 30, 51, 520, 1, 51, 383, 10781 }, // U+1EBA
    { 25, 45, 436, 1, 44, 282, 11164 }, // U+1EBB
    { 30, 48, 520, 1, 48, 360, 11446 }, // U+1EBC
    { 25, 41, 436, 1, 40, 257, 11806 }, // U+1EBD
    { 31, 52, 520, 1, 52, 403, 12063 }, // U+1EBE
    { 27, 51, 436, 1, 50, 345, 12466 }, // U+1EBF
    { 30, 52, 520, 1, 52, 390, 12811 }, // U+1EC0
    { 25, 51, 436, 1, 50, 319, 13201 }, // U+1EC1
    { 30, 52, 520, 1, 52, 390, 13520 }, // U+1EC2
    { 29, 50, 436, 1, 49, 363, 13910 }, // U+1EC3
    { 30, 52, 520, 1, 52, 390, 14273 }, // U+1EC4
    { 25, 49, 436, 1, 48, 307, 14663 }, // U+1EC5
    { 30, 61, 520, 1, 49, 458, 14970 }, // U+1EC6
    { 25, 53, 436, 1, 41, 332, 15428 }, // U+1EC7
    { 19, 51, 334, 1, 51, 243, 15760 }, // U+1EC8
    { 16, 44, 284, 1, 44, 176, 16003 }, // U+1EC9
    { 19, 47, 334, 1, 35, 224, 16179 }, // U+1ECA
    { 16, 51, 284, 1, 39, 204, 16403 }, // U+1ECB
    { 35, 48, 625, 2, 36, 420, 16607 }, // U+1ECC
    { 28, 39, 483, 1, 27, 273, 17027 }, // U+1ECD
    { 35, 52, 625, 2, 51, 455, 17300 }, // U+1ECE
    { 28, 45, 483, 1, 44, 315, 17755 }, // U+1ECF
    { 35, 53, 625, 2, 52, 464, 18070 }, // U+1ED0
    { 28, 51, 483, 1, 50, 357, 18534 }, // U+1ED1
    { 35, 53, 625, 2, 52, 464, 18891 }, // U+1ED2
    { 28, 51, 483, 1, 50, 357, 19355 }, // U+1ED3
    { 35, 53, 625, 2, 52, 464, 19712 }, // U+1ED4
    { 29, 50, 483, 1, 49, 363, 20176 }, // U+1ED5
    { 35, 53, 625, 2, 52, 464, 20539 }, // U+1ED6
    { 28, 49, 483, 1, 48, 343, 21003 }, // U+1ED7
    { 35, 61, 625, 2, 49, 534, 21346 }, // U+1ED8
    { 28, 53, 483, 1, 41, 371, 21880 }, // U+1ED9
    { 38, 50, 625, 2, 49, 475, 22251 }, // U+1EDA
    { 30, 43, 483, 1, 42, 323, 22726 }, // U+1EDB
    { 38, 50, 625, 2, 49, 475, 23049 }, // U+1EDC
    { 30, 43, 483, 1, 42, 323, 23524 }, // U+1EDD
    { 38, 52, 625, 2, 51, 494, 23847 }, // U+1EDE
    { 30, 45, 483, 1, 44, 338, 24341 }, // U+1EDF
    { 38, 49, 625, 2, 48, 466, 24679 }, // U+1EE0
    { 30, 41, 483, 1, 40, 308, 25145 }, // U+1EE1
    { 38, 54, 625, 2, 42, 513, 25453 }, // U+1EE2
    { 30, 45, 483, 1, 33, 338, 25966 }, // U+1EE3
    { 40, 47, 643, 0, 35, 470, 26304 }, // U+1EE4
    { 33, 39, 522, 0, 27, 322, 26774 }, // U+1EE5
    { 40, 52, 643, 0, 51, 520, 27096 }, // U+1EE6
    { 33, 45, 522, 0, 44, 372, 27616 }, // U+1EE7
    { 42, 50, 643, 0, 49, 525, 27988 }, // U+1EE8
    { 34, 43, 522, 0, 42, 366, 28513 }, // U+1EE9
    { 42, 50, 643, 0, 49, 525, 28879 }, // U+1EEA
    { 34, 43, 522, 0, 42, 366, 29404 }, // U+1EEB
    { 42, 52, 643, 0, 51, 546, 29770 }, // U+1EEC
    { 34, 45, 522, 0, 44, 383, 30316 }, // U+1EED
    { 42, 49, 643, 0, 48, 515, 30699 }, // U+1EEE
    { 34, 41, 522, 0, 40, 349, 31214 }, // U+1EEF
    { 42, 54, 643, 0, 42, 567, 31563 }, // U+1EF0
    { 34, 45, 522, 0, 33, 383, 32130 }, // U+1EF1
    { 36, 49, 578, 0, 49, 441, 32513 }, // U+1EF2
    { 33, 54, 521, 0, 42, 446, 32954 }, // U+1EF3
    { 36, 47, 578, 0, 35, 423, 33400 }, // U+1EF4
    { 33, 38, 521, 0, 26, 314, 33823 }, // U+1EF5
    { 36, 51, 578, 0, 51, 459, 34137 }, // U+1EF6
    { 33, 56, 521, 0, 44, 462, 34596 }, // U+1EF7
    { 36, 48, 578, 0, 48, 432, 35058 }, // U+1EF8
    { 33, 52, 521, 0, 40, 429, 35490 }, // U+1EF9
    { 0, 0, 400, 0, 0, 0, 0 }, // U+2000
    { 0, 0, 800, 0, 0, 0, 0 }, // U+2001
    { 0, 0, 400, 0, 0, 0, 0 }, // U+2002
    { 0, 0, 800, 0, 0, 0, 0 }, // U+2003
    { 0, 0, 266, 0, 0, 0, 0 }, // U+2004
    { 0, 0, 200, 0, 0, 0, 0 }, // U+2005
    { 0, 0, 133, 0, 0, 0, 0 }, // U+2006
    { 0, 0, 498, 0, 0, 0, 0 }, // U+2007
    { 0, 0, 232, 0, 0, 0, 0 }, // U+2008
    { 0, 0, 160, 0, 0, 0, 0 }, // U+2009
    { 0, 0, 40, 0, 0, 0, 0 }, // U+200A
    { 0, 0, 0, 0, 0, 0, 0 }, // U+200B
    { 2, 40, 0, -1, 29, 20, 0 }, // U+200C
    { 10, 44, 0, -5, 33, 110, 20 }, // U+200D
    { 16, 46, 0, -8, 35, 184, 130 }, // U+200E
    { 16, 46, 0, -8, 35, 184, 314 }, // U+200F
    { 17, 6, 304, 1, 16, 26, 498 }, // U+2010
    { 17, 6, 304, 1, 16, 26, 524 }, // U+2011
    { 25, 5, 498, 3, 19, 32, 550 }, // U+2012
    { 25, 6, 400, 0, 16, 38, 582 }, // U+2013
    { 50, 6, 800, 0, 16, 75, 620 }, // U+2014
    { 50, 6, 800, 0, 16, 75, 695 }, // U+2015
    { 18, 51, 400, 4, 39, 230, 770 }, // U+2016
    { 25, 14, 400, 0, -2, 88, 1000 }, // U+2017
    { 10, 16, 197, 1, 37, 40, 1088 }, // U+2018
    { 10, 16, 197, 1, 37, 40, 1128 }, // U+2019
    { 10, 16, 197, 1, 7, 40, 1168 }, // U+201A
    { 10, 16, 197, 1, 37, 40, 1208 }, // U+201B
    { 20, 16, 357, 1, 37, 80, 1248 }, // U+201C
    { 20, 16, 357, 1, 37, 80, 1328 }, // U+201D
    { 20, 16, 357, 1, 7, 80, 1408 }, // U+201E
    { 20, 16, 357, 1, 37, 80, 1488 }, // U+201F
    { 23, 33, 397, 1, 36, 190, 1568 }, // U+2020
    { 23, 39, 398, 1, 36, 225, 1758 }, // U+2021
    { 12, 12, 240, 2, 19, 36, 1983 }, // U+2022
    { 17, 18, 498, 7, 26, 77, 2019 }, // U+2023
    { 10, 9, 232, 2, 8, 23, 2096 }, // U+2024
    { 23, 9, 400, 1, 8, 52, 2119 }, // U+2025
    { 44, 9, 800, 3, 8, 99, 2171 }, // U+2026
    { 10, 9, 232, 2, 18, 23, 2270 }, // U+2027
    { 0, 0, 0, 0, 0, 0, 2293 }, // U+2028
    { 0, 0, 0, 0, 0, 0, 2293 }, // U+2029
    { 16, 46, 0, -8, 35, 184, 2293 }, // U+202A
    { 16, 46, 0, -8, 35, 184, 2477 }, // U+202B
    { 15, 46, 0, -7, 35, 173, 2661 }, // U+202C
    { 21, 46, 0, -10, 35, 242, 2834 }, // U+202D
    { 21, 46, 0, -10, 35, 242, 3076 }, // U+202E
    { 0, 0, 86, 0, 0, 0, 3318 }, // U+202F
    { 66, 40, 1110, 2, 37, 660, 3318 }, // U+2030
    { 12, 17, 218, 1, 35, 51, 3978 }, // U+2032
    { 23, 17, 393, 1, 35, 98, 4029 }, // U+2033
    { 34, 17, 567, 1, 35, 145, 4127 }, // U+2034
    { 12, 17, 218, 1, 35, 51, 4272 }, // U+2035
    { 23, 17, 409, 1, 35, 98, 4323 }, // U+2036
    { 34, 17, 583, 1, 35, 145, 4421 }, // U+2037
    { 21, 11, 399, 2, 0, 58, 4566 }, // U+2038
    { 14, 20, 267, 1, 23, 70, 4624 }, // U+2039
    { 14, 20, 267, 2, 23, 70, 4694 }, // U+203A
    { 31, 34, 498, 0, 33, 264, 4764 }, // U+203B
    { 25, 39, 464, 3, 38, 244, 5028 }, // U+203C
    { 25, 6, 400, 0, 42, 38, 5272 }, // U+203E
    { 13, 6, 240, 1, 16, 20, 5310 }, // U+2043
    { 27, 41, 146, -9, 37, 277, 5330 }, // U+2044
    { 42, 38, 750, 3, 37, 399, 5607 }, // U+2047
    { 34, 39, 617, 3, 38, 332, 6006 }, // U+2048
    { 34, 39, 617, 3, 38, 332, 6338 }, // U+2049
    { 30, 11, 800, 10, 20, 83, 6670 }, // U+2053
    { 45, 17, 742, 1, 35, 192, 6753 }, // U+2057
    { 0, 0, 178, 0, 0, 0, 6945 }, // U+205F
    { 0, 0, 0, 0, 0, 0, 6945 }, // U+2060
    { 0, 0, 0, 0, 0, 0, 6945 }, // U+2061
    { 0, 0, 0, 0, 0, 0, 6945 }, // U+2062
    { 0, 0, 0, 0, 0, 0, 6945 }, // U+2063
    { 0, 0, 0, 0, 0, 0, 6945 }, // U+2064
    { 21, 25, 358, 1, 42, 132, 0 }, // U+2070
    { 21, 25, 358, 1, 42, 132, 132 }, // U+2074
    { 17, 24, 358, 3, 41, 102, 264 }, // U+2075
    { 19, 25, 358, 2, 42, 119, 366 }, // U+2076
    { 18, 24, 358, 3, 41, 108, 485 }, // U+2077
    { 18, 25, 358, 2, 42, 113, 593 }, // U+2078
    { 19, 25, 358, 2, 42, 119, 706 }, // U+2079
    { 22, 17, 452, 3, 35, 94, 825 }, // U+207F
    { 21, 24, 358, 1, 16, 126, 919 }, // U+2080
    { 16, 24, 358, 3, 17, 96, 1045 }, // U+2081
    { 19, 23, 358, 2, 16, 110, 1141 }, // U+2082
    { 18, 24, 358, 2, 16, 108, 1251 }, // U+2083
    { 21, 24, 358, 1, 16, 126, 1359 }, // U+2084
    { 17, 24, 358, 3, 16, 102, 1485 }, // U+2085
    { 19, 24, 358, 2, 16, 114, 1587 }, // U+2086
    { 18, 24, 358, 3, 16, 108, 1701 }, // U+2087
    { 18, 24, 358, 2, 16, 108, 1809 }, // U+2088
    { 19, 24, 358, 2, 16, 114, 1917 }, // U+2089
    { 27, 33, 459, 1, 33, 223, 0 }, // U+20A3
    { 29, 35, 457, 0, 33, 254, 223 }, // U+20A4
    { 66, 35, 1087, 1, 34, 578, 477 }, // U+20A7
    { 31, 34, 494, 0, 33, 264, 1055 }, // U+20AC
    { 32, 23, 800, 9, 29, 184, 0 }, // U+2190
    { 24, 32, 800, 13, 33, 192, 184 }, // U+2191
    { 32, 23, 800, 9, 29, 184, 376 }, // U+2192
    { 24, 32, 800, 13, 33, 192, 560 }, // U+2193
    { 32, 22, 800, 9, 28, 176, 752 }, // U+2194
    { 22, 33, 800, 14, 34, 182, 928 }, // U+2195
    { 24, 35, 800, 13, 35, 210, 1110 }, // U+21A8
    { 22, 35, 800, 14, 35, 193, 1320 }, // U+21B2
    { 22, 35, 800, 14, 35, 193, 1513 }, // U+21B3
    { 28, 27, 800, 11, 31, 189, 1706 }, // U+21B5
    { 32, 28, 800, 9, 31, 224, 1895 }, // U+21D0
    { 28, 32, 800, 11, 33, 224, 2119 }, // U+21D1
    { 32, 28, 800, 9, 31, 224, 2343 }, // U+21D2
    { 28, 32, 800, 11, 33, 224, 2567 }, // U+21D3
    { 32, 25, 800, 9, 30, 200, 2791 }, // U+21D4
    { 35, 36, 800, 7, 35, 315, 0 }, // U+2200
    { 25, 41, 498, 3, 40, 257, 315 }, // U+2202
    { 24, 35, 800, 13, 35, 210, 572 }, // U+2203
    { 38, 40, 800, 6, 37, 380, 782 }, // U+2205
    { 32, 36, 546, 1, 36, 288, 1162 }, // U+2206
    { 32, 36, 800, 9, 35, 288, 1450 }, // U+2207
    { 34, 35, 800, 8, 35, 298, 1738 }, // U+2208
    { 34, 44, 800, 8, 39, 374, 2036 }, // U+2209
    { 34, 29, 800, 8, 32, 247, 2410 }, // U+220A
    { 34, 35, 800, 8, 35, 298, 2657 }, // U+220B
    { 34, 44, 800, 8, 39, 374, 2955 }, // U+220C
    { 34, 29, 800, 8, 32, 247, 3329 }, // U+220D
    { 40, 43, 670, 1, 35, 430, 3576 }, // U+220F
    { 31, 44, 532, 1, 35, 341, 4006 }, // U+2211
    { 23, 6, 498, 4, 20, 35, 4347 }, // U+2212
    { 24, 39, 422, 1, 36, 234, 4382 }, // U+2215
    { 24, 39, 422, 1, 36, 234, 4616 }, // U+2216
    { 23, 24, 498, 4, 29, 138, 4850 }, // U+2217
    { 19, 19, 498, 6, 26, 91, 4988 }, // U+2218
    { 10, 9, 498, 11, 18, 23, 5079 }, // U+2219
    { 32, 47, 498, -1, 41, 376, 5102 }, // U+221A
    { 25, 20, 498, 3, 26, 125, 5478 }, // U+221D
    { 31, 18, 498, 0, 25, 140, 5603 }, // U+221E
    { 32, 35, 800, 9, 35, 280, 5743 }, // U+221F
    { 38, 35, 800, 6, 35, 333, 6023 }, // U+2220
    { 7, 51, 400, 9, 39, 90, 6356 }, // U+2223
    { 17, 51, 400, 4, 39, 217, 6446 }, // U+2225
    { 35, 35, 800, 8, 35, 307, 6663 }, // U+2227
    { 35, 35, 800, 8, 35, 307, 6970 }, // U+2228
    { 28, 36, 800, 11, 36, 252, 7277 }, // U+2229
    { 28, 36, 800, 11, 35, 252, 7529 }, // U+222A
    { 29, 52, 498, 1, 40, 377, 7781 }, // U+222B
    { 32, 29, 800, 9, 28, 232, 8158 }, // U+2234
    { 32, 29, 800, 9, 28, 232, 8390 }, // U+2235
    { 10, 28, 250, 3, 31, 70, 8622 }, // U+2236
    { 32, 29, 800, 9, 28, 232, 8692 }, // U+2237
    { 30, 11, 800, 10, 20, 83, 8924 }, // U+223C
    { 30, 28, 800, 10, 31, 210, 9007 }, // U+2245
    { 25, 20, 498, 3, 27, 125, 9217 }, // U+2248
    { 28, 19, 800, 11, 23, 133, 9342 }, // U+224D
    { 23, 25, 498, 4, 29, 144, 9475 }, // U+2260
    { 28, 24, 800, 11, 27, 168, 9619 }, // U+2261
    { 23, 30, 498, 4, 30, 173, 9787 }, // U+2264
    { 23, 31, 498, 4, 31, 179, 9960 }, // U+2265
    { 42, 24, 800, 4, 29, 252, 10139 }, // U+226A
    { 42, 24, 800, 4, 29, 252, 10391 }, // U+226B
    { 34, 29, 800, 8, 32, 247, 10643 }, // U+2283
    { 34, 44, 800, 8, 39, 374, 10890 }, // U+2284
    { 34, 44, 800, 8, 39, 374, 11264 }, // U+2285
    { 32, 35, 800, 9, 35, 280, 11638 }, // U+2286
    { 32, 35, 800, 9, 35, 280, 11918 }, // U+2287
    { 38, 37, 800, 6, 36, 352, 12198 }, // U+2295
    { 38, 37, 800, 6, 36, 352, 12550 }, // U+2296
    { 38, 37, 800, 6, 36, 352, 12902 }, // U+2297
    { 38, 37, 800, 6, 36, 352, 13254 }, // U+2298
    { 30, 35, 800, 10, 35, 263, 13606 }, // U+22A5
    { 10, 9, 498, 11, 18, 23, 13869 }, // U+22C5
    { 44, 9, 800, 3, 18, 99, 13892 }, // U+22EF
    { 43, 40, 619, 0, 40, 430, 0 }, // U+FB00
    { 35, 40, 559, 0, 40, 350, 430 }, // U+FB01
    { 35, 40, 562, 0, 40, 350, 780 }, // U+FB02
    { 52, 40, 832, 0, 40, 520, 1130 }, // U+FB03
    { 52, 40, 835, 0, 40, 520, 1650 }, // U+FB04
    { 39, 41, 634, 0, 40, 400, 2170 }, // U+FB05
    { 44, 41, 742, 2, 40, 451, 2570 }, // U+FB06
    { 48, 47, 800, 1, 41, 564, 0 }, // U+FFFD
};

static const EpdUnicodeInterval bookerly_24_boldIntervals[] = {
    { 0x0, 0x0, 0x0 },
    { 0x8, 0x9, 0x1 },
    { 0xD, 0xD, 0x3 },
    { 0x1D, 0x1D, 0x4 },
    { 0x20, 0x7E, 0x5 },
    { 0xA0, 0xFF, 0x64 },
    { 0x100, 0x17F, 0xC4 },
    { 0x1A0, 0x1A1, 0x144 },
    { 0x1AF, 0x1B0, 0x146 },
    { 0x1C4, 0x1F5, 0x148 },
    { 0x1F8, 0x21F, 0x17A },
    { 0x300, 0x304, 0x1A2 },
    { 0x306, 0x30C, 0x1A7 },
    { 0x30F, 0x30F, 0x1AE },
    { 0x311, 0x315, 0x1AF },
    { 0x31B, 0x31B, 0x1B4 },
    { 0x323, 0x329, 0x1B5 },
    { 0x32D, 0x32E, 0x1BC },
    { 0x330, 0x331, 0x1BE },
    { 0x342, 0x342, 0x1C0 },
    { 0x344, 0x345, 0x1C1 },
    { 0x374, 0x375, 0x1C3 },
    { 0x37E, 0x37E, 0x1C5 },
    { 0x384, 0x38A, 0x1C6 },
    { 0x38C, 0x38C, 0x1CD },
    { 0x38E, 0x3A1, 0x1CE },
    { 0x3A3, 0x3CE, 0x1E2 },
    { 0x3D0, 0x3D7, 0x20E },
    { 0x400, 0x45F, 0x216 },
    { 0x462, 0x463, 0x276 },
    { 0x472, 0x475, 0x278 },
    { 0x48A, 0x4FF, 0x27C },
    { 0x1EA0, 0x1EF9, 0x2F2 },
    { 0x2000, 0x2030, 0x34C },
    { 0x2032, 0x203C, 0x37D },
    { 0x203E, 0x203E, 0x388 },
    { 0x2043, 0x2044, 0x389 },
    { 0x2047, 0x2049, 0x38B },
    { 0x2053, 0x2053, 0x38E },
    { 0x2057, 0x2057, 0x38F },
    { 0x205F, 0x2064, 0x390 },
    { 0x2070, 0x2070, 0x396 },
    { 0x2074, 0x2079, 0x397 },
    { 0x207F, 0x2089, 0x39D },
    { 0x20A3, 0x20A4, 0x3A8 },
    { 0x20A7, 0x20A7, 0x3AA },
    { 0x20AC, 0x20AC, 0x3AB },
    { 0x2190, 0x2195, 0x3AC },
    { 0x21A8, 0x21A8, 0x3B2 },
    { 0x21B2, 0x21B3, 0x3B3 },
    { 0x21B5, 0x21B5, 0x3B5 },
    { 0x21D0, 0x21D4, 0x3B6 },
    { 0x2200, 0x2200, 0x3BB },
    { 0x2202, 0x2203, 0x3BC },
    { 0x2205, 0x220D, 0x3BE },
    { 0x220F, 0x220F, 0x3C7 },
    { 0x2211, 0x2212, 0x3C8 },
    { 0x2215, 0x221A, 0x3CA },
    { 0x221D, 0x2220, 0x3D0 },
    { 0x2223, 0x2223, 0x3D4 },
    { 0x2225, 0x2225, 0x3D5 },
    { 0x2227, 0x222B, 0x3D6 },
    { 0x2234, 0x2237, 0x3DB },
    { 0x223C, 0x223C, 0x3DF },
    { 0x2245, 0x2245, 0x3E0 },
    { 0x2248, 0x2248, 0x3E1 },
    { 0x224D, 0x224D, 0x3E2 },
    { 0x2260, 0x2261, 0x3E3 },
    { 0x2264, 0x2265, 0x3E5 },
    { 0x226A, 0x226B, 0x3E7 },
    { 0x2283, 0x2287, 0x3E9 },
    { 0x2295, 0x2298, 0x3EE },
    { 0x22A5, 0x22A5, 0x3F2 },
    { 0x22C5, 0x22C5, 0x3F3 },
    { 0x22EF, 0x22EF, 0x3F4 },
    { 0xFB00, 0xFB06, 0x3F5 },
    { 0xFFFD, 0xFFFD, 0x3FC },
};

static const EpdFontGroup bookerly_24_boldGroups[] = {
    { 0, 7483, 22798, 100, 0 },
    { 7483, 6696, 28292, 96, 100 },
    { 14179, 8266, 45254, 128, 196 },
    { 22445, 8550, 39524, 94, 324 },
    { 30995, 783, 1444, 33, 418 },
    { 31778, 7418, 25324, 83, 451 },
    { 39196, 16787, 75656, 220, 534 },
    { 55983, 5047, 37494, 90, 754 },
    { 61030, 2478, 7395, 74, 844 },
    { 63508, 911, 2236, 18, 918 },
    { 64419, 565, 1378, 4, 936 },
    { 64984, 1032, 3041, 15, 940 },
    { 66016, 4049, 14566, 58, 955 },
    { 70065, 742, 3061, 7, 1013 },
    { 70807, 241, 564, 1, 1020 },
};

static const EpdKernClassEntry bookerly_24_boldKernLeftClasses[] = {
    { 0x0022, 1 }, // "
    { 0x0027, 1 }, // '
    { 0x0028, 2 }, // (
    { 0x002A, 3 }, // *
    { 0x002B, 4 }, // +
    { 0x002C, 5 }, // ,
    { 0x002D, 6 }, // -
    { 0x002E, 5 }, // .
    { 0x002F, 7 }, // /
    { 0x0030, 8 }, // 0
    { 0x0031, 9 }, // 1
    { 0x0032, 10 }, // 2
    { 0x0033, 8 }, // 3
    { 0x0034, 11 }, // 4
    { 0x0035, 12 }, // 5
    { 0x0036, 13 }, // 6
    { 0x0037, 14 }, // 7
    { 0x0038, 15 }, // 8
    { 0x0039, 16 }, // 9
    { 0x003A, 17 }, // :
    { 0x003B, 17 }, // ;
    { 0x003C, 4 }, // <
    { 0x003D, 4 }, // =
    { 0x003E, 4 }, // >
    { 0x0040, 18 }, // @
    { 0x0041, 19 }, // A
    { 0x0042, 20 }, // B
    { 0x0043, 21 }, // C
    { 0x0044, 22 }, // D
    { 0x0045, 23 }, // E
    { 0x0046, 24 }, // F
    { 0x0047, 25 }, // G
    { 0x0048, 26 }, // H
    { 0x0049, 26 }, // I
    { 0x004A, 27 }, // J
    { 0x004B, 28 }, // K
    { 0x004C, 29 }, // L
    { 0x004D, 30 }, // M
    { 0x004E, 31 }, // N
    { 0x004F, 22 }, // O
    { 0x0050, 32 }, // P
    { 0x0051, 33 }, // Q
    { 0x0052, 34 }, // R
    { 0x0053, 35 }, // S
    { 0x0054, 36 }, // T
    { 0x0055, 37 }, // U
    { 0x0056, 38 }, // V
    { 0x0057, 38 }, // W
    { 0x0058, 39 }, // X
    { 0x0059, 40 }, // Y
    { 0x005A, 41 }, // Z
    { 0x005B, 42 }, // [
    { 0x005C, 43 }, // <backslash>
    { 0x0061, 44 }, // a
    { 0x0062, 45 }, // b
    { 0x0063, 46 }, // c
    { 0x0064, 47 }, // d
    { 0x0065, 48 }, // e
    { 0x0066, 49 }, // f
    { 0x0067, 50 }, // g
    { 0x0068, 51 }, // h
    { 0x0069, 52 }, // i
    { 0x006A, 53 }, // j
    { 0x006B, 54 }, // k
    { 0x006C, 55 }, // l
    { 0x006D, 51 }, // m
    { 0x006E, 51 }, // n
    { 0x006F, 45 }, // o
    { 0x0070, 45 }, // p
    { 0x0071, 56 }, // q
    { 0x0072, 57 }, // r
    { 0x0073, 58 }, // s
    { 0x0074, 59 }, // t
    { 0x0075, 60 }, // u
    { 0x0076, 61 }, // v
    { 0x0077, 61 }, // w
    { 0x0078, 62 }, // x
    { 0x0079, 61 }, // y
    { 0x007A, 63 }, // z
    { 0x007B, 64 }, // {
    { 0x007E, 4 }, // ~
    { 0x00A1, 65 }, // U+00A1
    { 0x00AB, 66 }, // U+00AB
    { 0x00AD, 6 }, // U+00AD
    { 0x00BB, 67 }, // U+00BB
    { 0x00BF, 68 }, // U+00BF
    { 0x00C0, 19 }, // U+00C0
    { 0x00C1, 19 }, // U+00C1
    { 0x00C2, 19 }, // U+00C2
    { 0x00C3, 19 }, // U+00C3
    { 0x00C4, 19 }, // U+00C4
    { 0x00C5, 19 }, // U+00C5
    { 0x00C6, 23 }, // U+00C6
    { 0x00C7, 21 }, // U+00C7
    { 0x00C8, 23 }, // U+00C8
    { 0x00C9, 23 }, // U+00C9
    { 0x00CA, 23 }, // U+00CA
    { 0x00CB, 23 }, // U+00CB
    { 0x00CC, 26 }, // U+00CC
    { 0x00CD, 26 }, // U+00CD
    { 0x00CE, 26 }, // U+00CE
    { 0x00CF, 26 }, // U+00CF
    { 0x00D0, 22 }, // U+00D0
    { 0x00D1, 31 }, // U+00D1
    { 0x00D2, 22 }, // U+00D2
    { 0x00D3, 22 }, // U+00D3
    { 0x00D4, 22 }, // U+00D4
    { 0x00D5, 22 }, // U+00D5
    { 0x00D6, 22 }, // U+00D6
    { 0x00D7, 4 }, // U+00D7
    { 0x00D8, 69 }, // U+00D8
    { 0x00D9, 37 }, // U+00D9
    { 0x00DA, 37 }, // U+00DA
    { 0x00DB, 37 }, // U+00DB
    { 0x00DC, 37 }, // U+00DC
    { 0x00DD, 40 }, // U+00DD
    { 0x00DE, 70 }, // U+00DE
    { 0x00DF, 71 }, // U+00DF
    { 0x00E0, 44 }, // U+00E0
    { 0x00E1, 44 }, // U+00E1
    { 0x00E2, 44 }, // U+00E2
    { 0x00E3, 44 }, // U+00E3
    { 0x00E4, 44 }, // U+00E4
    { 0x00E5, 44 }, // U+00E5
    { 0x00E6, 48 }, // U+00E6
    { 0x00E7, 46 }, // U+00E7
    { 0x00E8, 48 }, // U+00E8
    { 0x00E9, 48 }, // U+00E9
    { 0x00EA, 48 }, // U+00EA
    { 0x00EB, 48 }, // U+00EB
    { 0x00EC, 52 }, // U+00EC
    { 0x00ED, 52 }, // U+00ED
    { 0x00EE, 72 }, // U+00EE
    { 0x00EF, 72 }, // U+00EF
    { 0x00F0, 45 }, // U+00F0
    { 0x00F1, 51 }, // U+00F1
    { 0x00F2, 45 }, // U+00F2
    { 0x00F3, 45 }, // U+00F3
    { 0x00F4, 45 }, // U+00F4
    { 0x00F5, 45 }, // U+00F5
    { 0x00F6, 45 }, // U+00F6
    { 0x00F7, 4 }, // U+00F7
    { 0x00F8, 45 }, // U+00F8
    { 0x00F9, 60 }, // U+00F9
    { 0x00FA, 60 }, // U+00FA
    { 0x00FB, 60 }, // U+00FB
    { 0x00FC, 60 }, // U+00FC
    { 0x00FD, 61 }, // U+00FD
    { 0x00FE, 45 }, // U+00FE
    { 0x00FF, 61 }, // U+00FF
    { 0x0100, 19 }, // U+0100
    { 0x0101, 44 }, // U+0101
    { 0x0102, 19 }, // U+0102
    { 0x0103, 44 }, // U+0103
    { 0x0104, 73 }, // U+0104
    { 0x0105, 74 }, // U+0105
    { 0x0106, 21 }, // U+0106
    { 0x0107, 46 }, // U+0107
    { 0x0108, 21 }, // U+0108
    { 0x0109, 46 }, // U+0109
    { 0x010A, 21 }, // U+010A
    { 0x010B, 46 }, // U+010B
    { 0x010C, 21 }, // U+010C
    { 0x010D, 46 }, // U+010D
    { 0x010E, 22 }, // U+010E
    { 0x010F, 75 }, // U+010F
    { 0x0110, 22 }, // U+0110
    { 0x0111, 76 }, // U+0111
    { 0x0112, 23 }, // U+0112
    { 0x0113, 48 }, // U+0113
    { 0x0114, 23 }, // U+0114
    { 0x0115, 48 }, // U+0115
    { 0x0116, 23 }, // U+0116
    { 0x0117, 48 }, // U+0117
    { 0x0118, 77 }, // U+0118
    { 0x0119, 78 }, // U+0119
    { 0x011A, 23 }, // U+011A
    { 0x011B, 48 }, // U+011B
    { 0x011C, 25 }, // U+011C
    { 0x011D, 50 }, // U+011D
    { 0x011E, 25 }, // U+011E
    { 0x011F, 50 }, // U+011F
    { 0x0120, 25 }, // U+0120
    { 0x0121, 50 }, // U+0121
    { 0x0122, 25 }, // U+0122
    { 0x0123, 50 }, // U+0123
    { 0x0124, 26 }, // U+0124
    { 0x0125, 51 }, // U+0125
    { 0x0126, 26 }, // U+0126
    { 0x0127, 51 }, // U+0127
    { 0x0128, 26 }, // U+0128
    { 0x0129, 72 }, // U+0129
    { 0x012A, 26 }, // U+012A
    { 0x012B, 72 }, // U+012B
    { 0x012C, 26 }, // U+012C
    { 0x012D, 72 }, // U+012D
    { 0x012E, 26 }, // U+012E
    { 0x012F, 79 }, // U+012F
    { 0x0130, 26 }, // U+0130
    { 0x0131, 52 }, // U+0131
    { 0x0132, 27 }, // U+0132
    { 0x0133, 53 }, // U+0133
    { 0x0134, 27 }, // U+0134
    { 0x0135, 80 }, // U+0135
    { 0x0136, 28 }, // U+0136
    { 0x0137, 54 }, // U+0137
    { 0x0138, 54 }, // U+0138
    { 0x0139, 29 }, // U+0139
    { 0x013A, 55 }, // U+013A
    { 0x013B, 29 }, // U+013B
    { 0x013C, 55 }, // U+013C
    { 0x013E, 75 }, // U+013E
    { 0x0141, 29 }, // U+0141
    { 0x0142, 81 }, // U+0142
    { 0x0143, 31 }, // U+0143
    { 0x0144, 51 }, // U+0144
    { 0x0145, 31 }, // U+0145
    { 0x0146, 51 }, // U+0146
    { 0x0147, 31 }, // U+0147
    { 0x0148, 51 }, // U+0148
    { 0x0149, 51 }, // U+0149
    { 0x014A, 31 }, // U+014A
    { 0x014B, 51 }, // U+014B
    { 0x014C, 22 }, // U+014C
    { 0x014D, 45 }, // U+014D
    { 0x014E, 22 }, // U+014E
    { 0x014F, 45 }, // U+014F
    { 0x0150, 22 }, // U+0150
    { 0x0151, 45 }, // U+0151
    { 0x0152, 23 }, // U+0152
    { 0x0153, 48 }, // U+0153
    { 0x0154, 34 }, // U+0154
    { 0x0155, 57 }, // U+0155
    { 0x0156, 34 }, // U+0156
    { 0x0157, 57 }, // U+0157
    { 0x0158, 34 }, // U+0158
    { 0x0159, 57 }, // U+0159
    { 0x015A, 35 }, // U+015A
    { 0x015B, 58 }, // U+015B
    { 0x015C, 35 }, // U+015C
    { 0x015D, 58 }, // U+015D
    { 0x015E, 35 }, // U+015E
    { 0x015F, 58 }, // U+015F
    { 0x0160, 35 }, // U+0160
    { 0x0161, 58 }, // U+0161
    { 0x0162, 36 }, // U+0162
    { 0x0163, 82 }, // U+0163
    { 0x0164, 36 }, // U+0164
    { 0x0165, 83 }, // U+0165
    { 0x0166, 36 }, // U+0166
    { 0x0167, 59 }, // U+0167
    { 0x0168, 37 }, // U+0168
    { 0x0169, 60 }, // U+0169
    { 0x016A, 37 }, // U+016A
    { 0x016B, 60 }, // U+016B
    { 0x016C, 37 }, // U+016C
    { 0x016D, 60 }, // U+016D
    { 0x016E, 37 }, // U+016E
    { 0x016F, 60 }, // U+016F
    { 0x0170, 37 }, // U+0170
    { 0x0171, 60 }, // U+0171
    { 0x0172, 37 }, // U+0172
    { 0x0173, 84 }, // U+0173
    { 0x0174, 38 }, // U+0174
    { 0x0175, 61 }, // U+0175
    { 0x0176, 40 }, // U+0176
    { 0x0177, 61 }, // U+0177
    { 0x0178, 40 }, // U+0178
    { 0x0179, 41 }, // U+0179
    { 0x017A, 63 }, // U+017A
    { 0x017B, 41 }, // U+017B
    { 0x017C, 63 }, // U+017C
    { 0x017D, 41 }, // U+017D
    { 0x017E, 63 }, // U+017E
    { 0x01A0, 85 }, // U+01A0
    { 0x01A1, 86 }, // U+01A1
    { 0x01AF, 87 }, // U+01AF
    { 0x01B0, 88 }, // U+01B0
    { 0x01C4, 41 }, // U+01C4
    { 0x01C5, 63 }, // U+01C5
    { 0x01C6, 63 }, // U+01C6
    { 0x01C7, 27 }, // U+01C7
    { 0x01C8, 53 }, // U+01C8
    { 0x01C9, 53 }, // U+01C9
    { 0x01CA, 27 }, // U+01CA
    { 0x01CB, 53 }, // U+01CB
    { 0x01CC, 53 }, // U+01CC
    { 0x01CD, 19 }, // U+01CD
    { 0x01CE, 44 }, // U+01CE
    { 0x01CF, 26 }, // U+01CF
    { 0x01D0, 72 }, // U+01D0
    { 0x01D1, 22 }, // U+01D1
    { 0x01D2, 45 }, // U+01D2
    { 0x01D3, 37 }, // U+01D3
    { 0x01D4, 60 }, // U+01D4
    { 0x01D5, 37 }, // U+01D5
    { 0x01D6, 60 }, // U+01D6
    { 0x01D7, 37 }, // U+01D7
    { 0x01D8, 60 }, // U+01D8
    { 0x01D9, 37 }, // U+01D9
    { 0x01DA, 60 }, // U+01DA
    { 0x01DB, 37 }, // U+01DB
    { 0x01DC, 60 }, // U+01DC
    { 0x01DD, 45 }, // U+01DD
    { 0x01DE, 19 }, // U+01DE
    { 0x01DF, 44 }, // U+01DF
    { 0x01E0, 19 }, // U+01E0
    { 0x01E1, 44 }, // U+01E1
    { 0x01E2, 23 }, // U+01E2
    { 0x01E3, 48 }, // U+01E3
    { 0x01E4, 25 }, // U+01E4
    { 0x01E5, 89 }, // U+01E5
    { 0x01E6, 25 }, // U+01E6
    { 0x01E7, 50 }, // U+01E7
    { 0x01E8, 28 }, // U+01E8
    { 0x01E9, 54 }, // U+01E9
    { 0x01EA, 22 }, // U+01EA
    { 0x01EB, 45 }, // U+01EB
    { 0x01EC, 22 }, // U+01EC
    { 0x01ED, 45 }, // U+01ED
    { 0x01EF, 90 }, // U+01EF
    { 0x01F0, 80 }, // U+01F0
    { 0x01F1, 41 }, // U+01F1
    { 0x01F2, 63 }, // U+01F2
    { 0x01F3, 63 }, // U+01F3
    { 0x01F4, 25 }, // U+01F4
    { 0x01F5, 50 }, // U+01F5
    { 0x01F8, 31 }, // U+01F8
    { 0x01F9, 51 }, // U+01F9
    { 0x01FA, 19 }, // U+01FA
    { 0x01FB, 44 }, // U+01FB
    { 0x01FC, 23 }, // U+01FC
    { 0x01FD, 48 }, // U+01FD
    { 0x01FE, 69 }, // U+01FE
    { 0x01FF, 45 }, // U+01FF
    { 0x0200, 19 }, // U+0200
    { 0x0201, 44 }, // U+0201
    { 0x0202, 19 }, // U+0202
    { 0x0203, 44 }, // U+0203
    { 0x0204, 23 }, // U+0204
    { 0x0205, 48 }, // U+0205
    { 0x0206, 23 }, // U+0206
    { 0x0207, 48 }, // U+0207
    { 0x0208, 26 }, // U+0208
    { 0x0209, 72 }, // U+0209
    { 0x020A, 26 }, // U+020A
    { 0x020B, 72 }, // U+020B
    { 0x020C, 22 }, // U+020C
    { 0x020D, 45 }, // U+020D
    { 0x020E, 22 }, // U+020E
    { 0x020F, 45 }, // U+020F
    { 0x0210, 34 }, // U+0210
    { 0x0211, 57 }, // U+0211
    { 0x0212, 34 }, // U+0212
    { 0x0213, 57 }, // U+0213
    { 0x0214, 37 }, // U+0214
    { 0x0215, 60 }, // U+0215
    { 0x0216, 37 }, // U+0216
    { 0x0217, 60 }, // U+0217
    { 0x0218, 35 }, // U+0218
    { 0x0219, 58 }, // U+0219
    { 0x021A, 36 }, // U+021A
    { 0x021B, 59 }, // U+021B
    { 0x021C, 20 }, // U+021C
    { 0x021D, 91 }, // U+021D
    { 0x021E, 26 }, // U+021E
    { 0x021F, 51 }, // U+021F
    { 0x037E, 17 }, // U+037E
    { 0x0386, 92 }, // U+0386
    { 0x0387, 17 }, // U+0387
    { 0x0388, 93 }, // U+0388
    { 0x0389, 94 }, // U+0389
    { 0x038A, 94 }, // U+038A
    { 0x038C, 95 }, // U+038C
    { 0x038E, 96 }, // U+038E
    { 0x038F, 97 }, // U+038F
    { 0x0390, 98 }, // U+0390
    { 0x0391, 92 }, // U+0391
    { 0x0392, 99 }, // U+0392
    { 0x0393, 100 }, // U+0393
    { 0x0394, 101 }, // U+0394
    { 0x0395, 93 }, // U+0395
    { 0x0396, 102 }, // U+0396
    { 0x0397, 94 }, // U+0397
    { 0x0398, 95 }, // U+0398
    { 0x0399, 94 }, // U+0399
    { 0x039A, 103 }, // U+039A
    { 0x039B, 92 }, // U+039B
    { 0x039C, 104 }, // U+039C
    { 0x039D, 105 }, // U+039D
    { 0x039E, 93 }, // U+039E
    { 0x039F, 95 }, // U+039F
    { 0x03A0, 94 }, // U+03A0
    { 0x03A1, 106 }, // U+03A1
    { 0x03A3, 93 }, // U+03A3
    { 0x03A4, 100 }, // U+03A4
    { 0x03A5, 96 }, // U+03A5
    { 0x03A6, 107 }, // U+03A6
    { 0x03A7, 108 }, // U+03A7
    { 0x03A8, 109 }, // U+03A8
    { 0x03A9, 97 }, // U+03A9
    { 0x03AA, 94 }, // U+03AA
    { 0x03AB, 96 }, // U+03AB
    { 0x03AC, 110 }, // U+03AC
    { 0x03AD, 111 }, // U+03AD
    { 0x03AE, 112 }, // U+03AE
    { 0x03AF, 113 }, // U+03AF
    { 0x03B0, 114 }, // U+03B0
    { 0x03B1, 110 }, // U+03B1
    { 0x03B2, 115 }, // U+03B2
    { 0x03B3, 116 }, // U+03B3
    { 0x03B4, 117 }, // U+03B4
    { 0x03B5, 111 }, // U+03B5
    { 0x03B6, 118 }, // U+03B6
    { 0x03B7, 112 }, // U+03B7
    { 0x03B8, 119 }, // U+03B8
    { 0x03B9, 113 }, // U+03B9
    { 0x03BA, 120 }, // U+03BA
    { 0x03BB, 121 }, // U+03BB
    { 0x03BC, 113 }, // U+03BC
    { 0x03BD, 116 }, // U+03BD
    { 0x03BE, 122 }, // U+03BE
    { 0x03BF, 115 }, // U+03BF
    { 0x03C0, 123 }, // U+03C0
    { 0x03C1, 115 }, // U+03C1
    { 0x03C2, 124 }, // U+03C2
    { 0x03C3, 125 }, // U+03C3
    { 0x03C4, 126 }, // U+03C4
    { 0x03C5, 114 }, // U+03C5
    { 0x03C6, 115 }, // U+03C6
    { 0x03C7, 127 }, // U+03C7
    { 0x03C8, 114 }, // U+03C8
    { 0x03C9, 128 }, // U+03C9
    { 0x03CA, 98 }, // U+03CA
    { 0x03CB, 114 }, // U+03CB
    { 0x03CC, 115 }, // U+03CC
    { 0x03CD, 114 }, // U+03CD
    { 0x03CE, 128 }, // U+03CE
    { 0x03D0, 115 }, // U+03D0
    { 0x03D1, 129 }, // U+03D1
    { 0x03D2, 130 }, // U+03D2
    { 0x03D3, 130 }, // U+03D3
    { 0x03D4, 130 }, // U+03D4
    { 0x03D5, 115 }, // U+03D5
    { 0x03D6, 128 }, // U+03D6
    { 0x0400, 131 }, // U+0400
    { 0x0401, 131 }, // U+0401
    { 0x0402, 132 }, // U+0402
    { 0x0404, 133 }, // U+0404
    { 0x0405, 134 }, // U+0405
    { 0x0406, 135 }, // U+0406
    { 0x0407, 135 }, // U+0407
    { 0x0408, 136 }, // U+0408
    { 0x0409, 137 }, // U+0409
    { 0x040A, 137 }, // U+040A
    { 0x040B, 138 }, // U+040B
    { 0x040C, 139 }, // U+040C
    { 0x040D, 135 }, // U+040D
    { 0x040E, 140 }, // U+040E
    { 0x040F, 135 }, // U+040F
    { 0x0410, 141 }, // U+0410
    { 0x0411, 142 }, // U+0411
    { 0x0412, 143 }, // U+0412
    { 0x0413, 144 }, // U+0413
    { 0x0414, 145 }, // U+0414
    { 0x0415, 131 }, // U+0415
    { 0x0416, 139 }, // U+0416
    { 0x0417, 143 }, // U+0417
    { 0x0418, 135 }, // U+0418
    { 0x0419, 135 }, // U+0419
    { 0x041A, 139 }, // U+041A
    { 0x041B, 135 }, // U+041B
    { 0x041C, 146 }, // U+041C
    { 0x041D, 135 }, // U+041D
    { 0x041E, 147 }, // U+041E
    { 0x041F, 135 }, // U+041F
    { 0x0420, 148 }, // U+0420
    { 0x0421, 149 }, // U+0421
    { 0x0422, 144 }, // U+0422
    { 0x0423, 140 }, // U+0423
    { 0x0424, 150 }, // U+0424
    { 0x0425, 151 }, // U+0425
    { 0x0426, 145 }, // U+0426
    { 0x0427, 135 }, // U+0427
    { 0x0428, 135 }, // U+0428
    { 0x0429, 145 }, // U+0429
    { 0x042A, 137 }, // U+042A
    { 0x042B, 135 }, // U+042B
    { 0x042C, 137 }, // U+042C
    { 0x042D, 147 }, // U+042D
    { 0x042E, 147 }, // U+042E
    { 0x042F, 135 }, // U+042F
    { 0x0430, 152 }, // U+0430
    { 0x0431, 153 }, // U+0431
    { 0x0432, 154 }, // U+0432
    { 0x0433, 155 }, // U+0433
    { 0x0434, 156 }, // U+0434
    { 0x0435, 157 }, // U+0435
    { 0x0436, 158 }, // U+0436
    { 0x0437, 159 }, // U+0437
    { 0x0438, 160 }, // U+0438
    { 0x0439, 160 }, // U+0439
    { 0x043A, 158 }, // U+043A
    { 0x043B, 160 }, // U+043B
    { 0x043C, 160 }, // U+043C
    { 0x043D, 160 }, // U+043D
    { 0x043E, 153 }, // U+043E
    { 0x043F, 160 }, // U+043F
    { 0x0440, 153 }, // U+0440
    { 0x0441, 161 }, // U+0441
    { 0x0442, 155 }, // U+0442
    { 0x0443, 162 }, // U+0443
    { 0x0444, 153 }, // U+0444
    { 0x0445, 163 }, // U+0445
    { 0x0446, 156 }, // U+0446
    { 0x0447, 160 }, // U+0447
    { 0x0448, 160 }, // U+0448
    { 0x0449, 156 }, // U+0449
    { 0x044A, 164 }, // U+044A
    { 0x044B, 160 }, // U+044B
    { 0x044C, 164 }, // U+044C
    { 0x044D, 153 }, // U+044D
    { 0x044E, 153 }, // U+044E
    { 0x044F, 160 }, // U+044F
    { 0x0450, 157 }, // U+0450
    { 0x0451, 157 }, // U+0451
    { 0x0452, 165 }, // U+0452
    { 0x0453, 155 }, // U+0453
    { 0x0454, 23 }, // U+0454
    { 0x0455, 166 }, // U+0455
    { 0x0456, 167 }, // U+0456
    { 0x0457, 168 }, // U+0457
    { 0x0459, 164 }, // U+0459
    { 0x045A, 164 }, // U+045A
    { 0x045B, 169 }, // U+045B
    { 0x045C, 158 }, // U+045C
    { 0x045D, 160 }, // U+045D
    { 0x045E, 162 }, // U+045E
    { 0x045F, 160 }, // U+045F
    { 0x0462, 170 }, // U+0462
    { 0x0463, 171 }, // U+0463
    { 0x0472, 147 }, // U+0472
    { 0x0473, 153 }, // U+0473
    { 0x0474, 172 }, // U+0474
    { 0x0475, 173 }, // U+0475
    { 0x048A, 145 }, // U+048A
    { 0x048B, 156 }, // U+048B
    { 0x048C, 137 }, // U+048C
    { 0x048D, 164 }, // U+048D
    { 0x048E, 148 }, // U+048E
    { 0x048F, 153 }, // U+048F
    { 0x0490, 174 }, // U+0490
    { 0x0491, 175 }, // U+0491
    { 0x0492, 176 }, // U+0492
    { 0x0493, 155 }, // U+0493
    { 0x0496, 177 }, // U+0496
    { 0x0497, 178 }, // U+0497
    { 0x0498, 143 }, // U+0498
    { 0x0499, 159 }, // U+0499
    { 0x049A, 177 }, // U+049A
    { 0x049B, 178 }, // U+049B
    { 0x049C, 139 }, // U+049C
    { 0x049D, 158 }, // U+049D
    { 0x049E, 139 }, // U+049E
    { 0x049F, 158 }, // U+049F
    { 0x04A0, 139 }, // U+04A0
    { 0x04A1, 158 }, // U+04A1
    { 0x04A2, 145 }, // U+04A2
    { 0x04A3, 156 }, // U+04A3
    { 0x04A8, 179 }, // U+04A8
    { 0x04A9, 180 }, // U+04A9
    { 0x04AA, 149 }, // U+04AA
    { 0x04AB, 161 }, // U+04AB
    { 0x04AC, 144 }, // U+04AC
    { 0x04AD, 155 }, // U+04AD
    { 0x04AE, 181 }, // U+04AE
    { 0x04AF, 162 }, // U+04AF
    { 0x04B0, 181 }, // U+04B0
    { 0x04B1, 162 }, // U+04B1
    { 0x04B2, 182 }, // U+04B2
    { 0x04B3, 183 }, // U+04B3
    { 0x04B4, 145 }, // U+04B4
    { 0x04B5, 156 }, // U+04B5
    { 0x04B6, 145 }, // U+04B6
    { 0x04B7, 156 }, // U+04B7
    { 0x04B8, 135 }, // U+04B8
    { 0x04B9, 160 }, // U+04B9
    { 0x04BA, 184 }, // U+04BA
    { 0x04BB, 169 }, // U+04BB
    { 0x04BC, 185 }, // U+04BC
    { 0x04BD, 157 }, // U+04BD
    { 0x04BE, 185 }, // U+04BE
    { 0x04BF, 157 }, // U+04BF
    { 0x04C0, 135 }, // U+04C0
    { 0x04C1, 139 }, // U+04C1
    { 0x04C2, 158 }, // U+04C2
    { 0x04C3, 186 }, // U+04C3
    { 0x04C4, 187 }, // U+04C4
    { 0x04C5, 145 }, // U+04C5
    { 0x04C6, 156 }, // U+04C6
    { 0x04C7, 136 }, // U+04C7
    { 0x04C8, 188 }, // U+04C8
    { 0x04C9, 145 }, // U+04C9
    { 0x04CA, 156 }, // U+04CA
    { 0x04CB, 135 }, // U+04CB
    { 0x04CC, 160 }, // U+04CC
    { 0x04CD, 145 }, // U+04CD
    { 0x04CE, 156 }, // U+04CE
    { 0x04CF, 189 }, // U+04CF
    { 0x04D0, 141 }, // U+04D0
    { 0x04D1, 152 }, // U+04D1
    { 0x04D2, 141 }, // U+04D2
    { 0x04D3, 152 }, // U+04D3
    { 0x04D4, 131 }, // U+04D4
    { 0x04D5, 157 }, // U+04D5
    { 0x04D6, 131 }, // U+04D6
    { 0x04D7, 157 }, // U+04D7
    { 0x04D8, 147 }, // U+04D8
    { 0x04D9, 153 }, // U+04D9
    { 0x04DA, 147 }, // U+04DA
    { 0x04DB, 153 }, // U+04DB
    { 0x04DC, 139 }, // U+04DC
    { 0x04DD, 158 }, // U+04DD
    { 0x04DE, 143 }, // U+04DE
    { 0x04DF, 159 }, // U+04DF
    { 0x04E0, 190 }, // U+04E0
    { 0x04E1, 191 }, // U+04E1
    { 0x04E2, 135 }, // U+04E2
    { 0x04E3, 160 }, // U+04E3
    { 0x04E4, 135 }, // U+04E4
    { 0x04E5, 160 }, // U+04E5
    { 0x04E6, 147 }, // U+04E6
    { 0x04E7, 153 }, // U+04E7
    { 0x04E8, 147 }, // U+04E8
    { 0x04E9, 153 }, // U+04E9
    { 0x04EA, 147 }, // U+04EA
    { 0x04EB, 153 }, // U+04EB
    { 0x04EC, 147 }, // U+04EC
    { 0x04ED, 153 }, // U+04ED
    { 0x04EE, 140 }, // U+04EE
    { 0x04EF, 162 }, // U+04EF
    { 0x04F0, 140 }, // U+04F0
    { 0x04F1, 162 }, // U+04F1
    { 0x04F2, 140 }, // U+04F2
    { 0x04F3, 162 }, // U+04F3
    { 0x04F4, 135 }, // U+04F4
    { 0x04F5, 160 }, // U+04F5
    { 0x04F6, 144 }, // U+04F6
    { 0x04F7, 155 }, // U+04F7
    { 0x04F8, 135 }, // U+04F8
    { 0x04F9, 160 }, // U+04F9
    { 0x04FA, 176 }, // U+04FA
    { 0x04FB, 155 }, // U+04FB
    { 0x04FC, 192 }, // U+04FC
    { 0x04FD, 193 }, // U+04FD
    { 0x04FE, 151 }, // U+04FE
    { 0x04FF, 163 }, // U+04FF
    { 0x1EA0, 19 }, // U+1EA0
    { 0x1EA1, 44 }, // U+1EA1
    { 0x1EA2, 19 }, // U+1EA2
    { 0x1EA3, 44 }, // U+1EA3
    { 0x1EA4, 19 }, // U+1EA4
    { 0x1EA5, 44 }, // U+1EA5
    { 0x1EA6, 19 }, // U+1EA6
    { 0x1EA7, 44 }, // U+1EA7
    { 0x1EA8, 19 }, // U+1EA8
    { 0x1EA9, 44 }, // U+1EA9
    { 0x1EAA, 19 }, // U+1EAA
    { 0x1EAB, 44 }, // U+1EAB
    { 0x1EAC, 19 }, // U+1EAC
    { 0x1EAD, 44 }, // U+1EAD
    { 0x1EAE, 19 }, // U+1EAE
    { 0x1EAF, 44 }, // U+1EAF
    { 0x1EB0, 19 }, // U+1EB0
    { 0x1EB1, 44 }, // U+1EB1
    { 0x1EB2, 19 }, // U+1EB2
    { 0x1EB3, 44 }, // U+1EB3
    { 0x1EB4, 19 }, // U+1EB4
    { 0x1EB5, 44 }, // U+1EB5
    { 0x1EB6, 19 }, // U+1EB6
    { 0x1EB7, 44 }, // U+1EB7
    { 0x1EB8, 23 }, // U+1EB8
    { 0x1EB9, 48 }, // U+1EB9
    { 0x1EBA, 23 }, // U+1EBA
    { 0x1EBB, 48 }, // U+1EBB
    { 0x1EBC, 23 }, // U+1EBC
    { 0x1EBD, 48 }, // U+1EBD
    { 0x1EBE, 23 }, // U+1EBE
    { 0x1EBF, 48 }, // U+1EBF
    { 0x1EC0, 23 }, // U+1EC0
    { 0x1EC1, 48 }, // U+1EC1
    { 0x1EC2, 23 }, // U+1EC2
    { 0x1EC3, 48 }, // U+1EC3
    { 0x1EC4, 23 }, // U+1EC4
    { 0x1EC5, 48 }, // U+1EC5
    { 0x1EC6, 23 }, // U+1EC6
    { 0x1EC7, 48 }, // U+1EC7
    { 0x1EC8, 26 }, // U+1EC8
    { 0x1EC9, 72 }, // U+1EC9
    { 0x1ECA, 26 }, // U+1ECA
    { 0x1ECB, 52 }, // U+1ECB
    { 0x1ECC, 22 }, // U+1ECC
    { 0x1ECD, 45 }, // U+1ECD
    { 0x1ECE, 22 }, // U+1ECE
    { 0x1ECF, 45 }, // U+1ECF
    { 0x1ED0, 22 }, // U+1ED0
    { 0x1ED1, 45 }, // U+1ED1
    { 0x1ED2, 22 }, // U+1ED2
    { 0x1ED3, 45 }, // U+1ED3
    { 0x1ED4, 22 }, // U+1ED4
    { 0x1ED5, 45 }, // U+1ED5
    { 0x1ED6, 22 }, // U+1ED6
    { 0x1ED7, 45 }, // U+1ED7
    { 0x1ED8, 22 }, // U+1ED8
    { 0x1ED9, 45 }, // U+1ED9
    { 0x1EDA, 85 }, // U+1EDA
    { 0x1EDB, 86 }, // U+1EDB
    { 0x1EDC, 85 }, // U+1EDC
    { 0x1EDD, 86 }, // U+1EDD
    { 0x1EDE, 85 }, // U+1EDE
    { 0x1EDF, 86 }, // U+1EDF
    { 0x1EE0, 85 }, // U+1EE0
    { 0x1EE1, 86 }, // U+1EE1
    { 0x1EE2, 85 }, // U+1EE2
    { 0x1EE3, 86 }, // U+1EE3
    { 0x1EE4, 37 }, // U+1EE4
    { 0x1EE5, 60 }, // U+1EE5
    { 0x1EE6, 37 }, // U+1EE6
    { 0x1EE7, 60 }, // U+1EE7
    { 0x1EE8, 87 }, // U+1EE8
    { 0x1EE9, 88 }, // U+1EE9
    { 0x1EEA, 87 }, // U+1EEA
    { 0x1EEB, 88 }, // U+1EEB
    { 0x1EEC, 87 }, // U+1EEC
    { 0x1EED, 88 }, // U+1EED
    { 0x1EEE, 87 }, // U+1EEE
    { 0x1EEF, 88 }, // U+1EEF
    { 0x1EF0, 87 }, // U+1EF0
    { 0x1EF1, 88 }, // U+1EF1
    { 0x1EF2, 40 }, // U+1EF2
    { 0x1EF3, 61 }, // U+1EF3
    { 0x1EF4, 40 }, // U+1EF4
    { 0x1EF5, 61 }, // U+1EF5
    { 0x1EF6, 40 }, // U+1EF6
    { 0x1EF7, 61 }, // U+1EF7
    { 0x1EF8, 40 }, // U+1EF8
    { 0x1EF9, 61 }, // U+1EF9
    { 0x2010, 6 }, // U+2010
    { 0x2011, 6 }, // U+2011
    { 0x2013, 6 }, // U+2013
    { 0x2014, 6 }, // U+2014
    { 0x2015, 6 }, // U+2015
    { 0x2018, 194 }, // U+2018
    { 0x2019, 195 }, // U+2019
    { 0x201A, 196 }, // U+201A
    { 0x201B, 194 }, // U+201B
    { 0x201C, 194 }, // U+201C
    { 0x201D, 195 }, // U+201D
    { 0x201E, 5 }, // U+201E
    { 0x201F, 194 }, // U+201F
    { 0x2025, 5 }, // U+2025
    { 0x2026, 5 }, // U+2026
    { 0x2039, 66 }, // U+2039
    { 0x203A, 67 }, // U+203A
    { 0x2212, 4 }, // U+2212
    { 0x2217, 4 }, // U+2217
    { 0x2248, 4 }, // U+2248
    { 0x2260, 4 }, // U+2260
    { 0xFB00, 49 }, // U+FB00
    { 0xFB01, 52 }, // U+FB01
    { 0xFB02, 55 }, // U+FB02
    { 0xFB03, 52 }, // U+FB03
    { 0xFB04, 55 }, // U+FB04
    { 0xFB05, 59 }, // U+FB05
    { 0xFB06, 59 }, // U+FB06
};

static const EpdKernClassEntry bookerly_24_boldKernRightClasses[] = {
    { 0x0022, 1 }, // "
    { 0x0027, 1 }, // '
    { 0x0029, 2 }, // )
    { 0x002A, 3 }, // *
    { 0x002B, 4 }, // +
    { 0x002C, 5 }, // ,
    { 0x002D, 6 }, // -
    { 0x002E, 7 }, // .
    { 0x002F, 8 }, // /
    { 0x0030, 9 }, // 0
    { 0x0031, 10 }, // 1
    { 0x0032, 11 }, // 2
    { 0x0033, 10 }, // 3
    { 0x0034, 12 }, // 4
    { 0x0035, 13 }, // 5
    { 0x0036, 14 }, // 6
    { 0x0037, 15 }, // 7
    { 0x0038, 16 }, // 8
    { 0x003A, 17 }, // :
    { 0x003B, 18 }, // ;
    { 0x003C, 4 }, // <
    { 0x003D, 4 }, // =
    { 0x003E, 4 }, // >
    { 0x003F, 19 }, // ?
    { 0x0041, 20 }, // A
    { 0x0042, 21 }, // B
    { 0x0043, 22 }, // C
    { 0x0044, 21 }, // D
    { 0x0045, 21 }, // E
    { 0x0046, 21 }, // F
    { 0x0047, 22 }, // G
    { 0x0048, 21 }, // H
    { 0x0049, 21 }, // I
    { 0x004A, 23 }, // J
    { 0x004B, 21 }, // K
    { 0x004C, 21 }, // L
    { 0x004D, 24 }, // M
    { 0x004E, 21 }, // N
    { 0x004F, 22 }, // O
    { 0x0050, 21 }, // P
    { 0x0051, 22 }, // Q
    { 0x0052, 21 }, // R
    { 0x0053, 25 }, // S
    { 0x0054, 26 }, // T
    { 0x0055, 27 }, // U
    { 0x0056, 28 }, // V
    { 0x0057, 28 }, // W
    { 0x0058, 29 }, // X
    { 0x0059, 30 }, // Y
    { 0x005A, 31 }, // Z
    { 0x005C, 32 }, // <backslash>
    { 0x005D, 33 }, // ]
    { 0x0061, 34 }, // a
    { 0x0062, 35 }, // b
    { 0x0063, 36 }, // c
    { 0x0064, 36 }, // d
    { 0x0065, 36 }, // e
    { 0x0066, 37 }, // f
    { 0x0067, 38 }, // g
    { 0x0068, 39 }, // h
    { 0x0069, 40 }, // i
    { 0x006A, 41 }, // j
    { 0x006B, 39 }, // k
    { 0x006C, 39 }, // l
    { 0x006D, 42 }, // m
    { 0x006E, 42 }, // n
    { 0x006F, 36 }, // o
    { 0x0070, 43 }, // p
    { 0x0071, 36 }, // q
    { 0x0072, 42 }, // r
    { 0x0073, 44 }, // s
    { 0x0074, 45 }, // t
    { 0x0075, 46 }, // u
    { 0x0076, 47 }, // v
    { 0x0077, 47 }, // w
    { 0x0078, 48 }, // x
    { 0x0079, 49 }, // y
    { 0x007A, 50 }, // z
    { 0x007D, 51 }, // }
    { 0x007E, 4 }, // ~
    { 0x00AB, 52 }, // U+00AB
    { 0x00AD, 6 }, // U+00AD
    { 0x00B0, 53 }, // U+00B0
    { 0x00BB, 54 }, // U+00BB
    { 0x00BF, 55 }, // U+00BF
    { 0x00C0, 20 }, // U+00C0
    { 0x00C1, 20 }, // U+00C1
    { 0x00C2, 20 }, // U+00C2
    { 0x00C3, 20 }, // U+00C3
    { 0x00C4, 20 }, // U+00C4
    { 0x00C5, 20 }, // U+00C5
    { 0x00C6, 56 }, // U+00C6
    { 0x00C7, 22 }, // U+00C7
    { 0x00C8, 21 }, // U+00C8
    { 0x00C9, 21 }, // U+00C9
    { 0x00CA, 21 }, // U+00CA
    { 0x00CB, 21 }, // U+00CB
    { 0x00CC, 21 }, // U+00CC
    { 0x00CD, 21 }, // U+00CD
    { 0x00CE, 21 }, // U+00CE
    { 0x00CF, 21 }, // U+00CF
    { 0x00D0, 21 }, // U+00D0
    { 0x00D1, 21 }, // U+00D1
    { 0x00D2, 22 }, // U+00D2
    { 0x00D3, 22 }, // U+00D3
    { 0x00D4, 22 }, // U+00D4
    { 0x00D5, 22 }, // U+00D5
    { 0x00D6, 22 }, // U+00D6
    { 0x00D7, 4 }, // U+00D7
    { 0x00D8, 57 }, // U+00D8
    { 0x00D9, 27 }, // U+00D9
    { 0x00DA, 27 }, // U+00DA
    { 0x00DB, 27 }, // U+00DB
    { 0x00DC, 27 }, // U+00DC
    { 0x00DD, 30 }, // U+00DD
    { 0x00DE, 21 }, // U+00DE
    { 0x00DF, 58 }, // U+00DF
    { 0x00E0, 34 }, // U+00E0
    { 0x00E1, 34 }, // U+00E1
    { 0x00E2, 34 }, // U+00E2
    { 0x00E3, 59 }, // U+00E3
    { 0x00E4, 60 }, // U+00E4
    { 0x00E5, 34 }, // U+00E5
    { 0x00E6, 34 }, // U+00E6
    { 0x00E7, 36 }, // U+00E7
    { 0x00E8, 36 }, // U+00E8
    { 0x00E9, 36 }, // U+00E9
    { 0x00EA, 36 }, // U+00EA
    { 0x00EB, 61 }, // U+00EB
    { 0x00EC, 62 }, // U+00EC
    { 0x00ED, 40 }, // U+00ED
    { 0x00EE, 63 }, // U+00EE
    { 0x00EF, 64 }, // U+00EF
    { 0x00F0, 36 }, // U+00F0
    { 0x00F1, 42 }, // U+00F1
    { 0x00F2, 36 }, // U+00F2
    { 0x00F3, 36 }, // U+00F3
    { 0x00F4, 36 }, // U+00F4
    { 0x00F5, 36 }, // U+00F5
    { 0x00F6, 65 }, // U+00F6
    { 0x00F7, 4 }, // U+00F7
    { 0x00F8, 66 }, // U+00F8
    { 0x00F9, 46 }, // U+00F9
    { 0x00FA, 46 }, // U+00FA
    { 0x00FB, 46 }, // U+00FB
    { 0x00FC, 46 }, // U+00FC
    { 0x00FD, 49 }, // U+00FD
    { 0x00FE, 67 }, // U+00FE
    { 0x00FF, 49 }, // U+00FF
    { 0x0100, 20 }, // U+0100
    { 0x0101, 68 }, // U+0101
    { 0x0102, 20 }, // U+0102
    { 0x0103, 69 }, // U+0103
    { 0x0104, 20 }, // U+0104
    { 0x0105, 34 }, // U+0105
    { 0x0106, 22 }, // U+0106
    { 0x0107, 36 }, // U+0107
    { 0x0108, 22 }, // U+0108
    { 0x0109, 70 }, // U+0109
    { 0x010A, 22 }, // U+010A
    { 0x010B, 36 }, // U+010B
    { 0x010C, 22 }, // U+010C
    { 0x010D, 71 }, // U+010D
    { 0x010E, 21 }, // U+010E
    { 0x010F, 36 }, // U+010F
    { 0x0110, 21 }, // U+0110
    { 0x0111, 36 }, // U+0111
    { 0x0112, 21 }, // U+0112
    { 0x0113, 72 }, // U+0113
    { 0x0114, 21 }, // U+0114
    { 0x0115, 70 }, // U+0115
    { 0x0116, 21 }, // U+0116
    { 0x0117, 36 }, // U+0117
    { 0x0118, 21 }, // U+0118
    { 0x0119, 36 }, // U+0119
    { 0x011A, 21 }, // U+011A
    { 0x011B, 70 }, // U+011B
    { 0x011C, 22 }, // U+011C
    { 0x011D, 38 }, // U+011D
    { 0x011E, 22 }, // U+011E
    { 0x011F, 73 }, // U+011F
    { 0x0120, 22 }, // U+0120
    { 0x0121, 38 }, // U+0121
    { 0x0122, 22 }, // U+0122
    { 0x0123, 38 }, // U+0123
    { 0x0124, 21 }, // U+0124
    { 0x0125, 39 }, // U+0125
    { 0x0126, 21 }, // U+0126
    { 0x0127, 74 }, // U+0127
    { 0x0128, 21 }, // U+0128
    { 0x0129, 64 }, // U+0129
    { 0x012A, 21 }, // U+012A
    { 0x012B, 64 }, // U+012B
    { 0x012C, 21 }, // U+012C
    { 0x012D, 64 }, // U+012D
    { 0x012E, 21 }, // U+012E
    { 0x012F, 40 }, // U+012F
    { 0x0130, 21 }, // U+0130
    { 0x0131, 40 }, // U+0131
    { 0x0132, 21 }, // U+0132
    { 0x0133, 40 }, // U+0133
    { 0x0134, 23 }, // U+0134
    { 0x0135, 75 }, // U+0135
    { 0x0136, 21 }, // U+0136
    { 0x0137, 39 }, // U+0137
    { 0x0138, 42 }, // U+0138
    { 0x0139, 21 }, // U+0139
    { 0x013A, 39 }, // U+013A
    { 0x013B, 21 }, // U+013B
    { 0x013C, 39 }, // U+013C
    { 0x013D, 21 }, // U+013D
    { 0x013E, 39 }, // U+013E
    { 0x013F, 21 }, // U+013F
    { 0x0140, 39 }, // U+0140
    { 0x0141, 21 }, // U+0141
    { 0x0142, 76 }, // U+0142
    { 0x0143, 21 }, // U+0143
    { 0x0144, 42 }, // U+0144
    { 0x0145, 21 }, // U+0145
    { 0x0146, 42 }, // U+0146
    { 0x0147, 21 }, // U+0147
    { 0x0148, 42 }, // U+0148
    { 0x0149, 42 }, // U+0149
    { 0x014A, 21 }, // U+014A
    { 0x014B, 42 }, // U+014B
    { 0x014C, 22 }, // U+014C
    { 0x014D, 36 }, // U+014D
    { 0x014E, 22 }, // U+014E
    { 0x014F, 71 }, // U+014F
    { 0x0150, 22 }, // U+0150
    { 0x0151, 36 }, // U+0151
    { 0x0152, 22 }, // U+0152
    { 0x0153, 36 }, // U+0153
    { 0x0154, 21 }, // U+0154
    { 0x0155, 42 }, // U+0155
    { 0x0156, 21 }, // U+0156
    { 0x0157, 42 }, // U+0157
    { 0x0158, 21 }, // U+0158
    { 0x0159, 77 }, // U+0159
    { 0x015A, 25 }, // U+015A
    { 0x015B, 44 }, // U+015B
    { 0x015C, 25 }, // U+015C
    { 0x015D, 78 }, // U+015D
    { 0x015E, 25 }, // U+015E
    { 0x015F, 44 }, // U+015F
    { 0x0160, 25 }, // U+0160
    { 0x0161, 79 }, // U+0161
    { 0x0162, 26 }, // U+0162
    { 0x0163, 45 }, // U+0163
    { 0x0164, 26 }, // U+0164
    { 0x0165, 45 }, // U+0165
    { 0x0166, 26 }, // U+0166
    { 0x0167, 45 }, // U+0167
    { 0x0168, 27 }, // U+0168
    { 0x0169, 46 }, // U+0169
    { 0x016A, 27 }, // U+016A
    { 0x016B, 46 }, // U+016B
    { 0x016C, 27 }, // U+016C
    { 0x016D, 46 }, // U+016D
    { 0x016E, 27 }, // U+016E
    { 0x016F, 46 }, // U+016F
    { 0x0170, 27 }, // U+0170
    { 0x0171, 46 }, // U+0171
    { 0x0172, 27 }, // U+0172
    { 0x0173, 46 }, // U+0173
    { 0x0174, 28 }, // U+0174
    { 0x0175, 47 }, // U+0175
    { 0x0176, 30 }, // U+0176
    { 0x0177, 49 }, // U+0177
    { 0x0178, 30 }, // U+0178
    { 0x0179, 31 }, // U+0179
    { 0x017A, 50 }, // U+017A
    { 0x017B, 31 }, // U+017B
    { 0x017C, 50 }, // U+017C
    { 0x017D, 31 }, // U+017D
    { 0x017E, 80 }, // U+017E
    { 0x017F, 58 }, // U+017F
    { 0x01A0, 22 }, // U+01A0
    { 0x01A1, 36 }, // U+01A1
    { 0x01AF, 27 }, // U+01AF
    { 0x01B0, 46 }, // U+01B0
    { 0x01C4, 21 }, // U+01C4
    { 0x01C5, 21 }, // U+01C5
    { 0x01C6, 36 }, // U+01C6
    { 0x01C7, 21 }, // U+01C7
    { 0x01C8, 21 }, // U+01C8
    { 0x01C9, 39 }, // U+01C9
    { 0x01CA, 21 }, // U+01CA
    { 0x01CB, 21 }, // U+01CB
    { 0x01CC, 42 }, // U+01CC
    { 0x01CD, 20 }, // U+01CD
    { 0x01CE, 34 }, // U+01CE
    { 0x01CF, 21 }, // U+01CF
    { 0x01D0, 64 }, // U+01D0
    { 0x01D1, 22 }, // U+01D1
    { 0x01D2, 36 }, // U+01D2
    { 0x01D3, 27 }, // U+01D3
    { 0x01D4, 46 }, // U+01D4
    { 0x01D5, 27 }, // U+01D5
    { 0x01D6, 46 }, // U+01D6
    { 0x01D7, 27 }, // U+01D7
    { 0x01D8, 46 }, // U+01D8
    { 0x01D9, 27 }, // U+01D9
    { 0x01DA, 46 }, // U+01DA
    { 0x01DB, 27 }, // U+01DB
    { 0x01DC, 46 }, // U+01DC
    { 0x01DD, 81 }, // U+01DD
    { 0x01DE, 20 }, // U+01DE
    { 0x01DF, 34 }, // U+01DF
    { 0x01E0, 20 }, // U+01E0
    { 0x01E1, 34 }, // U+01E1
    { 0x01E2, 56 }, // U+01E2
    { 0x01E3, 34 }, // U+01E3
    { 0x01E4, 22 }, // U+01E4
    { 0x01E5, 82 }, // U+01E5
    { 0x01E6, 22 }, // U+01E6
    { 0x01E7, 38 }, // U+01E7
    { 0x01E8, 21 }, // U+01E8
    { 0x01E9, 39 }, // U+01E9
    { 0x01EA, 22 }, // U+01EA
    { 0x01EB, 36 }, // U+01EB
    { 0x01EC, 22 }, // U+01EC
    { 0x01ED, 36 }, // U+01ED
    { 0x01EE, 83 }, // U+01EE
    { 0x01EF, 84 }, // U+01EF
    { 0x01F0, 75 }, // U+01F0
    { 0x01F1, 21 }, // U+01F1
    { 0x01F2, 21 }, // U+01F2
    { 0x01F3, 36 }, // U+01F3
    { 0x01F4, 22 }, // U+01F4
    { 0x01F5, 38 }, // U+01F5
    { 0x01F8, 21 }, // U+01F8
    { 0x01F9, 42 }, // U+01F9
    { 0x01FA, 20 }, // U+01FA
    { 0x01FB, 34 }, // U+01FB
    { 0x01FC, 56 }, // U+01FC
    { 0x01FD, 34 }, // U+01FD
    { 0x01FE, 57 }, // U+01FE
    { 0x01FF, 36 }, // U+01FF
    { 0x0200, 20 }, // U+0200
    { 0x0201, 34 }, // U+0201
    { 0x0202, 20 }, // U+0202
    { 0x0203, 34 }, // U+0203
    { 0x0204, 21 }, // U+0204
    { 0x0205, 36 }, // U+0205
    { 0x0206, 21 }, // U+0206
    { 0x0207, 36 }, // U+0207
    { 0x0208, 21 }, // U+0208
    { 0x0209, 64 }, // U+0209
    { 0x020A, 21 }, // U+020A
    { 0x020B, 64 }, // U+020B
    { 0x020C, 22 }, // U+020C
    { 0x020D, 36 }, // U+020D
    { 0x020E, 22 }, // U+020E
    { 0x020F, 36 }, // U+020F
    { 0x0210, 21 }, // U+0210
    { 0x0211, 42 }, // U+0211
    { 0x0212, 21 }, // U+0212
    { 0x0213, 42 }, // U+0213
    { 0x0214, 27 }, // U+0214
    { 0x0215, 46 }, // U+0215
    { 0x0216, 27 }, // U+0216
    { 0x0217, 46 }, // U+0217
    { 0x0218, 25 }, // U+0218
    { 0x0219, 44 }, // U+0219
    { 0x021A, 26 }, // U+021A
    { 0x021B, 45 }, // U+021B
    { 0x021C, 85 }, // U+021C
    { 0x021D, 86 }, // U+021D
    { 0x021E, 21 }, // U+021E
    { 0x021F, 39 }, // U+021F
    { 0x037E, 87 }, // U+037E
    { 0x0387, 17 }, // U+0387
    { 0x0390, 88 }, // U+0390
    { 0x0391, 89 }, // U+0391
    { 0x0392, 90 }, // U+0392
    { 0x0393, 90 }, // U+0393
    { 0x0394, 91 }, // U+0394
    { 0x0395, 90 }, // U+0395
    { 0x0396, 92 }, // U+0396
    { 0x0397, 90 }, // U+0397
    { 0x0398, 93 }, // U+0398
    { 0x0399, 90 }, // U+0399
    { 0x039A, 90 }, // U+039A
    { 0x039B, 89 }, // U+039B
    { 0x039C, 94 }, // U+039C
    { 0x039D, 90 }, // U+039D
    { 0x039F, 93 }, // U+039F
    { 0x03A0, 90 }, // U+03A0
    { 0x03A1, 90 }, // U+03A1
    { 0x03A3, 95 }, // U+03A3
    { 0x03A4, 96 }, // U+03A4
    { 0x03A5, 97 }, // U+03A5
    { 0x03A6, 98 }, // U+03A6
    { 0x03A7, 99 }, // U+03A7
    { 0x03A8, 100 }, // U+03A8
    { 0x03A9, 101 }, // U+03A9
    { 0x03AA, 90 }, // U+03AA
    { 0x03AB, 97 }, // U+03AB
    { 0x03AC, 102 }, // U+03AC
    { 0x03AD, 103 }, // U+03AD
    { 0x03AE, 104 }, // U+03AE
    { 0x03AF, 105 }, // U+03AF
    { 0x03B0, 106 }, // U+03B0
    { 0x03B1, 102 }, // U+03B1
    { 0x03B2, 107 }, // U+03B2
    { 0x03B3, 108 }, // U+03B3
    { 0x03B4, 109 }, // U+03B4
    { 0x03B5, 103 }, // U+03B5
    { 0x03B6, 110 }, // U+03B6
    { 0x03B7, 104 }, // U+03B7
    { 0x03B8, 111 }, // U+03B8
    { 0x03B9, 105 }, // U+03B9
    { 0x03BA, 105 }, // U+03BA
    { 0x03BB, 112 }, // U+03BB
    { 0x03BC, 105 }, // U+03BC
    { 0x03BD, 108 }, // U+03BD
    { 0x03BE, 113 }, // U+03BE
    { 0x03BF, 102 }, // U+03BF
    { 0x03C0, 114 }, // U+03C0
    { 0x03C1, 115 }, // U+03C1
    { 0x03C2, 102 }, // U+03C2
    { 0x03C3, 102 }, // U+03C3
    { 0x03C4, 116 }, // U+03C4
    { 0x03C5, 106 }, // U+03C5
    { 0x03C6, 102 }, // U+03C6
    { 0x03C7, 117 }, // U+03C7
    { 0x03C8, 106 }, // U+03C8
    { 0x03C9, 118 }, // U+03C9
    { 0x03CA, 88 }, // U+03CA
    { 0x03CB, 106 }, // U+03CB
    { 0x03CC, 102 }, // U+03CC
    { 0x03CD, 106 }, // U+03CD
    { 0x03CE, 118 }, // U+03CE
    { 0x03D0, 111 }, // U+03D0
    { 0x03D1, 119 }, // U+03D1
    { 0x03D2, 97 }, // U+03D2
    { 0x03D4, 97 }, // U+03D4
    { 0x03D5, 102 }, // U+03D5
    { 0x03D6, 118 }, // U+03D6
    { 0x0400, 120 }, // U+0400
    { 0x0401, 120 }, // U+0401
    { 0x0402, 121 }, // U+0402
    { 0x0403, 120 }, // U+0403
    { 0x0404, 122 }, // U+0404
    { 0x0405, 123 }, // U+0405
    { 0x0406, 120 }, // U+0406
    { 0x0407, 120 }, // U+0407
    { 0x0408, 124 }, // U+0408
    { 0x0409, 125 }, // U+0409
    { 0x040A, 120 }, // U+040A
    { 0x040B, 121 }, // U+040B
    { 0x040C, 120 }, // U+040C
    { 0x040D, 120 }, // U+040D
    { 0x040E, 126 }, // U+040E
    { 0x040F, 120 }, // U+040F
    { 0x0410, 127 }, // U+0410
    { 0x0411, 120 }, // U+0411
    { 0x0412, 120 }, // U+0412
    { 0x0413, 120 }, // U+0413
    { 0x0414, 128 }, // U+0414
    { 0x0415, 120 }, // U+0415
    { 0x0416, 129 }, // U+0416
    { 0x0417, 130 }, // U+0417
    { 0x0418, 120 }, // U+0418
    { 0x0419, 120 }, // U+0419
    { 0x041A, 120 }, // U+041A
    { 0x041B, 125 }, // U+041B
    { 0x041C, 131 }, // U+041C
    { 0x041D, 120 }, // U+041D
    { 0x041E, 122 }, // U+041E
    { 0x041F, 120 }, // U+041F
    { 0x0420, 120 }, // U+0420
    { 0x0421, 122 }, // U+0421
    { 0x0422, 121 }, // U+0422
    { 0x0423, 126 }, // U+0423
    { 0x0424, 132 }, // U+0424
    { 0x0425, 133 }, // U+0425
    { 0x0426, 120 }, // U+0426
    { 0x0427, 134 }, // U+0427
    { 0x0428, 120 }, // U+0428
    { 0x0429, 120 }, // U+0429
    { 0x042A, 121 }, // U+042A
    { 0x042B, 120 }, // U+042B
    { 0x042C, 120 }, // U+042C
    { 0x042D, 135 }, // U+042D
    { 0x042E, 120 }, // U+042E
    { 0x042F, 136 }, // U+042F
    { 0x0430, 137 }, // U+0430
    { 0x0431, 138 }, // U+0431
    { 0x0432, 139 }, // U+0432
    { 0x0433, 139 }, // U+0433
    { 0x0434, 140 }, // U+0434
    { 0x0435, 141 }, // U+0435
    { 0x0436, 142 }, // U+0436
    { 0x0437, 143 }, // U+0437
    { 0x0438, 139 }, // U+0438
    { 0x0439, 139 }, // U+0439
    { 0x043A, 139 }, // U+043A
    { 0x043B, 144 }, // U+043B
    { 0x043C, 139 }, // U+043C
    { 0x043D, 139 }, // U+043D
    { 0x043E, 141 }, // U+043E
    { 0x043F, 139 }, // U+043F
    { 0x0440, 145 }, // U+0440
    { 0x0441, 141 }, // U+0441
    { 0x0442, 146 }, // U+0442
    { 0x0443, 147 }, // U+0443
    { 0x0444, 141 }, // U+0444
    { 0x0445, 148 }, // U+0445
    { 0x0446, 139 }, // U+0446
    { 0x0447, 149 }, // U+0447
    { 0x0448, 139 }, // U+0448
    { 0x0449, 139 }, // U+0449
    { 0x044A, 146 }, // U+044A
    { 0x044B, 139 }, // U+044B
    { 0x044C, 139 }, // U+044C
    { 0x044D, 150 }, // U+044D
    { 0x044E, 139 }, // U+044E
    { 0x044F, 151 }, // U+044F
    { 0x0450, 141 }, // U+0450
    { 0x0451, 141 }, // U+0451
    { 0x0452, 152 }, // U+0452
    { 0x0453, 139 }, // U+0453
    { 0x0454, 141 }, // U+0454
    { 0x0455, 153 }, // U+0455
    { 0x0456, 154 }, // U+0456
    { 0x0457, 155 }, // U+0457
    { 0x0458, 156 }, // U+0458
    { 0x0459, 144 }, // U+0459
    { 0x045A, 139 }, // U+045A
    { 0x045B, 152 }, // U+045B
    { 0x045C, 139 }, // U+045C
    { 0x045D, 139 }, // U+045D
    { 0x045E, 157 }, // U+045E
    { 0x045F, 139 }, // U+045F
    { 0x0462, 121 }, // U+0462
    { 0x0463, 146 }, // U+0463
    { 0x0472, 122 }, // U+0472
    { 0x0473, 141 }, // U+0473
    { 0x0474, 158 }, // U+0474
    { 0x0475, 147 }, // U+0475
    { 0x048A, 120 }, // U+048A
    { 0x048B, 139 }, // U+048B
    { 0x048C, 159 }, // U+048C
    { 0x048D, 160 }, // U+048D
    { 0x048E, 120 }, // U+048E
    { 0x048F, 145 }, // U+048F
    { 0x0490, 120 }, // U+0490
    { 0x0491, 139 }, // U+0491
    { 0x0492, 120 }, // U+0492
    { 0x0493, 139 }, // U+0493
    { 0x0494, 120 }, // U+0494
    { 0x0495, 139 }, // U+0495
    { 0x0496, 129 }, // U+0496
    { 0x0497, 142 }, // U+0497
    { 0x0498, 130 }, // U+0498
    { 0x0499, 143 }, // U+0499
    { 0x049A, 120 }, // U+049A
    { 0x049B, 139 }, // U+049B
    { 0x049C, 120 }, // U+049C
    { 0x049D, 139 }, // U+049D
    { 0x04A0, 121 }, // U+04A0
    { 0x04A1, 146 }, // U+04A1
    { 0x04A2, 120 }, // U+04A2
    { 0x04A3, 139 }, // U+04A3
    { 0x04A4, 120 }, // U+04A4
    { 0x04A5, 139 }, // U+04A5
    { 0x04A6, 120 }, // U+04A6
    { 0x04A7, 139 }, // U+04A7
    { 0x04A8, 122 }, // U+04A8
    { 0x04A9, 141 }, // U+04A9
    { 0x04AA, 122 }, // U+04AA
    { 0x04AB, 141 }, // U+04AB
    { 0x04AC, 121 }, // U+04AC
    { 0x04AD, 146 }, // U+04AD
    { 0x04AE, 161 }, // U+04AE
    { 0x04AF, 147 }, // U+04AF
    { 0x04B0, 161 }, // U+04B0
    { 0x04B1, 147 }, // U+04B1
    { 0x04B2, 133 }, // U+04B2
    { 0x04B3, 148 }, // U+04B3
    { 0x04B5, 146 }, // U+04B5
    { 0x04B6, 134 }, // U+04B6
    { 0x04B7, 149 }, // U+04B7
    { 0x04B8, 134 }, // U+04B8
    { 0x04B9, 149 }, // U+04B9
    { 0x04BA, 120 }, // U+04BA
    { 0x04BB, 152 }, // U+04BB
    { 0x04BC, 162 }, // U+04BC
    { 0x04BD, 163 }, // U+04BD
    { 0x04BE, 162 }, // U+04BE
    { 0x04BF, 163 }, // U+04BF
    { 0x04C0, 120 }, // U+04C0
    { 0x04C1, 129 }, // U+04C1
    { 0x04C2, 142 }, // U+04C2
    { 0x04C3, 120 }, // U+04C3
    { 0x04C4, 139 }, // U+04C4
    { 0x04C5, 125 }, // U+04C5
    { 0x04C6, 144 }, // U+04C6
    { 0x04C7, 120 }, // U+04C7
    { 0x04C8, 139 }, // U+04C8
    { 0x04C9, 120 }, // U+04C9
    { 0x04CA, 139 }, // U+04CA
    { 0x04CB, 134 }, // U+04CB
    { 0x04CC, 149 }, // U+04CC
    { 0x04CE, 139 }, // U+04CE
    { 0x04CF, 152 }, // U+04CF
    { 0x04D0, 127 }, // U+04D0
    { 0x04D1, 137 }, // U+04D1
    { 0x04D2, 127 }, // U+04D2
    { 0x04D3, 137 }, // U+04D3
    { 0x04D4, 164 }, // U+04D4
    { 0x04D5, 137 }, // U+04D5
    { 0x04D6, 120 }, // U+04D6
    { 0x04D7, 141 }, // U+04D7
    { 0x04D8, 165 }, // U+04D8
    { 0x04D9, 166 }, // U+04D9
    { 0x04DB, 166 }, // U+04DB
    { 0x04DC, 129 }, // U+04DC
    { 0x04DD, 142 }, // U+04DD
    { 0x04DE, 130 }, // U+04DE
    { 0x04DF, 143 }, // U+04DF
    { 0x04E1, 167 }, // U+04E1
    { 0x04E2, 120 }, // U+04E2
    { 0x04E3, 139 }, // U+04E3
    { 0x04E4, 120 }, // U+04E4
    { 0x04E5, 139 }, // U+04E5
    { 0x04E6, 122 }, // U+04E6
    { 0x04E7, 141 }, // U+04E7
    { 0x04E8, 122 }, // U+04E8
    { 0x04E9, 141 }, // U+04E9
    { 0x04EA, 122 }, // U+04EA
    { 0x04EB, 141 }, // U+04EB
    { 0x04ED, 143 }, // U+04ED
    { 0x04EE, 126 }, // U+04EE
    { 0x04EF, 157 }, // U+04EF
    { 0x04F0, 126 }, // U+04F0
    { 0x04F1, 168 }, // U+04F1
    { 0x04F2, 126 }, // U+04F2
    { 0x04F3, 157 }, // U+04F3
    { 0x04F5, 149 }, // U+04F5
    { 0x04F6, 120 }, // U+04F6
    { 0x04F7, 139 }, // U+04F7
    { 0x04F8, 120 }, // U+04F8
    { 0x04F9, 139 }, // U+04F9
    { 0x04FA, 120 }, // U+04FA
    { 0x04FB, 139 }, // U+04FB
    { 0x04FC, 133 }, // U+04FC
    { 0x04FD, 148 }, // U+04FD
    { 0x04FE, 133 }, // U+04FE
    { 0x04FF, 148 }, // U+04FF
    { 0x1EA0, 20 }, // U+1EA0
    { 0x1EA1, 34 }, // U+1EA1
    { 0x1EA2, 20 }, // U+1EA2
    { 0x1EA3, 34 }, // U+1EA3
    { 0x1EA4, 20 }, // U+1EA4
    { 0x1EA5, 34 }, // U+1EA5
    { 0x1EA6, 20 }, // U+1EA6
    { 0x1EA7, 34 }, // U+1EA7
    { 0x1EA8, 20 }, // U+1EA8
    { 0x1EA9, 34 }, // U+1EA9
    { 0x1EAA, 20 }, // U+1EAA
    { 0x1EAB, 34 }, // U+1EAB
    { 0x1EAC, 20 }, // U+1EAC
    { 0x1EAD, 34 }, // U+1EAD
    { 0x1EAE, 20 }, // U+1EAE
    { 0x1EAF, 34 }, // U+1EAF
    { 0x1EB0, 20 }, // U+1EB0
    { 0x1EB1, 34 }, // U+1EB1
    { 0x1EB2, 20 }, // U+1EB2
    { 0x1EB3, 34 }, // U+1EB3
    { 0x1EB4, 20 }, // U+1EB4
    { 0x1EB5, 34 }, // U+1EB5
    { 0x1EB6, 20 }, // U+1EB6
    { 0x1EB7, 34 }, // U+1EB7
    { 0x1EB8, 21 }, // U+1EB8
    { 0x1EB9, 36 }, // U+1EB9
    { 0x1EBA, 21 }, // U+1EBA
    { 0x1EBB, 36 }, // U+1EBB
    { 0x1EBC, 21 }, // U+1EBC
    { 0x1EBD, 36 }, // U+1EBD
    { 0x1EBE, 21 }, // U+1EBE
    { 0x1EBF, 36 }, // U+1EBF
    { 0x1EC0, 21 }, // U+1EC0
    { 0x1EC1, 36 }, // U+1EC1
    { 0x1EC2, 21 }, // U+1EC2
    { 0x1EC3, 36 }, // U+1EC3
    { 0x1EC4, 21 }, // U+1EC4
    { 0x1EC5, 36 }, // U+1EC5
    { 0x1EC6, 21 }, // U+1EC6
    { 0x1EC7, 36 }, // U+1EC7
    { 0x1EC8, 21 }, // U+1EC8
    { 0x1EC9, 64 }, // U+1EC9
    { 0x1ECA, 21 }, // U+1ECA
    { 0x1ECB, 40 }, // U+1ECB
    { 0x1ECC, 22 }, // U+1ECC
    { 0x1ECD, 36 }, // U+1ECD
    { 0x1ECE, 22 }, // U+1ECE
    { 0x1ECF, 36 }, // U+1ECF
    { 0x1ED0, 22 }, // U+1ED0
    { 0x1ED1, 36 }, // U+1ED1
    { 0x1ED2, 22 }, // U+1ED2
    { 0x1ED3, 36 }, // U+1ED3
    { 0x1ED4, 22 }, // U+1ED4
    { 0x1ED5, 36 }, // U+1ED5
    { 0x1ED6, 22 }, // U+1ED6
    { 0x1ED7, 36 }, // U+1ED7
    { 0x1ED8, 22 }, // U+1ED8
    { 0x1ED9, 36 }, // U+1ED9
    { 0x1EDA, 22 }, // U+1EDA
    { 0x1EDB, 36 }, // U+1EDB
    { 0x1EDC, 22 }, // U+1EDC
    { 0x1EDD, 36 }, // U+1EDD
    { 0x1EDE, 22 }, // U+1EDE
    { 0x1EDF, 36 }, // U+1EDF
    { 0x1EE0, 22 }, // U+1EE0
    { 0x1EE1, 36 }, // U+1EE1
    { 0x1EE2, 22 }, // U+1EE2
    { 0x1EE3, 36 }, // U+1EE3
    { 0x1EE4, 27 }, // U+1EE4
    { 0x1EE5, 46 }, // U+1EE5
    { 0x1EE6, 27 }, // U+1EE6
    { 0x1EE7, 46 }, // U+1EE7
    { 0x1EE8, 27 }, // U+1EE8
    { 0x1EE9, 46 }, // U+1EE9
    { 0x1EEA, 27 }, // U+1EEA
    { 0x1EEB, 46 }, // U+1EEB
    { 0x1EEC, 27 }, // U+1EEC
    { 0x1EED, 46 }, // U+1EED
    { 0x1EEE, 27 }, // U+1EEE
    { 0x1EEF, 46 }, // U+1EEF
    { 0x1EF0, 27 }, // U+1EF0
    { 0x1EF1, 46 }, // U+1EF1
    { 0x1EF2, 30 }, // U+1EF2
    { 0x1EF3, 49 }, // U+1EF3
    { 0x1EF4, 30 }, // U+1EF4
    { 0x1EF5, 47 }, // U+1EF5
    { 0x1EF6, 30 }, // U+1EF6
    { 0x1EF7, 49 }, // U+1EF7
    { 0x1EF8, 30 }, // U+1EF8
    { 0x1EF9, 49 }, // U+1EF9
    { 0x2010, 6 }, // U+2010
    { 0x2011, 6 }, // U+2011
    { 0x2013, 6 }, // U+2013
    { 0x2014, 6 }, // U+2014
    { 0x2015, 6 }, // U+2015
    { 0x2018, 169 }, // U+2018
    { 0x2019, 170 }, // U+2019
    { 0x201A, 7 }, // U+201A
    { 0x201B, 169 }, // U+201B
    { 0x201C, 169 }, // U+201C
    { 0x201D, 170 }, // U+201D
    { 0x201E, 7 }, // U+201E
    { 0x201F, 169 }, // U+201F
    { 0x2025, 7 }, // U+2025
    { 0x2026, 7 }, // U+2026
    { 0x2039, 52 }, // U+2039
    { 0x203A, 54 }, // U+203A
    { 0x2047, 19 }, // U+2047
    { 0x2048, 19 }, // U+2048
    { 0x2212, 4 }, // U+2212
    { 0x2217, 4 }, // U+2217
    { 0x2248, 4 }, // U+2248
    { 0x2260, 4 }, // U+2260
    { 0xFB00, 37 }, // U+FB00
    { 0xFB01, 37 }, // U+FB01
    { 0xFB02, 37 }, // U+FB02
    { 0xFB03, 37 }, // U+FB03
    { 0xFB04, 37 }, // U+FB04
    { 0xFB05, 37 }, // U+FB05
    { 0xFB06, 44 }, // U+FB06
};

static const int8_t bookerly_24_boldKernMatrix[] = {
       0,    0,    0,    0,    0,    0,    0,    0,    0,    0,    0,  -48,    0,  -24,    0,    0,    0,    0,    0,  -40,    0,    0,    0,    0,    0,    0,    0,    0,    0,    0,    0,    0,    0,    0,    0,    0,    0,  -32,    0,    0,    0,    0,    0,    0,   32,    0,    0,    0,    0,    0,    0,    0,    0,    0,    0,    0,    0,    0,    0,    0,    0,    0,    0,    0,    0,    0,    0,    0,    0,    0,    0,    0,  -32,    0,    0,    0,    0,    0,    0,    0,    0,  -32,    0,    0,    0,    0,    0,    0,  -40,    0,    0,    0,    0,    0,    0,    0,    0,    0,    0,    0,    0,    0,    0,    0,    0,    0,    0,    0,    0,    0,    0,    0,    0,    0,    0,    0,    0,    0,    0,    0,    0,    0,    0,    0,    0,    0,  -40,    0,    0,    0,    0,    0,    0,    0,    0,    0,    0,    0,    0,    0,    0,    0,    0,    0,    0,    0,    0,    0,    0,    0,    0,    0,    0,    0,    0,    0,    0,    0,    0,    0,    0,    0,    0,    0,    0,    0,    0,    0,    0,    0,
       0,    0,    0,    0,    0,    0,    0,    0,    0,    0,    0,    0,    0,    0,    0,    0,    0,    0,    0,    0,    0,  -24,   48,    0,    0,    0,    0,    0,    0,    0,    0,    0,    0,  -16,    0,  -16,    0,    0,    0,    0,   41,    0,    0,    0,    0,    0,   24,    0,   24,    0,    0,    0,    0,    0,    0,    0,  -24,    0,  -16,  -16,  -16,    0,   24,   24,  -16,  -16,    0,  -16,  -16,  -16,  -16,  -16,    0,    0,   41,    0,    0,    0,    0,    0,    0,    0,    0,    0,    0,    0,    0,    0,    0,    0,    0,    0,  -24,    0,    0,    0,    0,    0,    0,    0,    0,  -16,    0,    0,    0,    0,    0,   24,  -16,    0,    0,    0,    0,    0,    0,    0,    0,    0,    0,    0,    0,  -24,    0,   48,    0,    0,    0,    0,    0,    0,    0,    0,    0,    0,    0,    0,  -16,    0,    0,    0,  -16,    0,    0,    0,    0,    0,   24,    0,    0,    0,    0,    0,    0,    0,   24,   41,   24,    0,    0,    0,    0,    0,    0,    0,    0,    0,    0,   24,    0,    0,
       0,    0,    0,    0,    0,    0,    0,    0,    0,    0,    0,    0,    0,    0,    0,    0,    0,    0,    0,  -64,    0,    0,    0,    0,    0,    0,    0,   16,   24,   16,    0,    0,    0,    0,    0,  -16,    0,  -24,    0,    0,    0,    0,    0,    0,    0,    0,    0,    0,    0,    0,    0,    0,    0,    0,    0, -108,    0,    0,    0,    0,  -16,    0,    0,    0,  -16,  -16,    0,    0,    0,  -16,  -16,  -16,  -24,    0,    0,    0,    0,    0,    0,    0,    0,  -24,    0,    0,    0,    0,    0,    0,  -64,    0,  -32,    0,    0,    0,    0,    0,    0,    0,   24,    0,    0,  -16,    0,    0,    0,    0,    0,    0,  -16,    0,    0,    0,    0,    0,    0,    0,    0,    0,    0,    0,    0,    0,    0,    0,  -56,    0,  -64,    0,    0,    0,    0,    0,   24,    0,    0,    0,    0,    0,    0,    0,  -16,    0,    0,    0,    0,    0,    0,    0,    0,    0,    0,    0,    0,    0,    0,    0,    0,   16,    0,    0,   16,    0,    0, -108,    0,    0,    0,    0,    0,    0,
       0,    0,    0,    0,    0,    0,    0,    0,    0,  -24,  -16,  -24,    0,    0,  -16,    0,    0,    0,    0,    0,    0,    0,    0,    0,    0,    0,    0,    0,    0,    0,    0,    0,    0,    0,    0,    0,    0,    0,    0,    0,    0,    0,    0,    0,    0,    0,    0,    0,    0,    0,    0,    0,    0,    0,    0,    0,    0,    0,    0,    0,    0,    0,    0,    0,    0,    0,    0,    0,    0,    0,    0,    0,    0,    0,    0,    0,    0,    0,    0,    0,    0,    0,    0,    0,    0,    0,    0,    0,    0,    0,    0,    0,    0,    0,    0,    0,    0,    0,    0,    0,    0,    0,    0,    0,    0,    0,    0,    0,    0,    0,    0,    0,    0,    0,    0,    0,    0,    0,    0,    0,    0,    0,    0,    0,    0,    0,    0,    0,    0,    0,    0,    0,    0,    0,    0,    0,    0,    0,    0,    0,    0,    0,    0,    0,    0,    0,    0,    0,    0,    0,    0,    0,    0,    0,    0,    0,    0,    0,    0,    0,    0,    0,    0,    0,    0,    0,    0,    0,    0,    0,
       0,    0,    0,    0,    0,    0,    0,    0,  -16,    0,    0,  -16,    0,  -16,  -40,    0,    0,    0,    0,   24,    0,  -32,   24,    0,    0,  -64,  -32, -104,    0,  -72,    0,    0,    0,    0,    0,  -12,    0,    0,    0,    0,    0,   -8,  -12,    0,  -23,  -31,  -72,    0,  -72,    0,    0,    0,    0,    0,    0,    0,  -32,    0,    0,    0,  -12,    0,    0,    0,  -12,  -12,    0,    0,    0,  -12,  -12,  -12,    0,    0,  -16,    0,   -8,    0,    0,    0,    0,    0,    0,    0,    0,    0,    0,    0,   24,    0,    0,    0,  -32,    0,    0,  -64,  -72,  -16,    0,  -40,    0,  -12,    0,   -8,   -8,  -24,    0,  -56,  -12,    0,  -24,   16,    0,  -24,    0,  -24,   -8,   -8,  -24,    0,  -64,  -32,    0,   24,    0,  -32,   24,    0,    0,    0,    0,  -16,    0,  -80,    0,    0,    0,    0,    0,    0,  -12,    0,    0,    0,  -12,  -40,  -56,   16,  -56,    0,    0,    0,    0,    0,    0,    0,  -56, -104,    0,    0,  -72,  -56,  -32,    0,    0,    0,    0,  -56,  -64,  -32,
       0,    0,    0,    0,    0,    0,    0,    0,    0,    0,    0,    0,    0,    0,    0,    0,    0,    0,    0,  -24,    0,    0,  -16,    0,    0,  -16,    0,  -40,  -16,  -40,    0,    0,    0,    0,    0,    0,    0,    0,    0,    0,    0,    0,    0,    0,    0,    0,  -12,    0,  -12,    0,    0,    0,    0,    0,    0,  -24,    0,    0,    0,    0,    0,    0,    0,    0,    0,    0,    0,    0,    0,    0,    0,    0,    0,    0,    0,    0,    0,    0,    0,    0,    0,    0,    0,    0,  -24,    0,    0,    0,  -24,    0,   -8,    0,    0,    0,    0,  -16,  -48,   16,  -16,    0,    0,    0,    0,    0,    0,    0,    0,  -12,    0,    0,    0,    0,    0,    0,    0,    0,    0,    0,    0,    0,  -16,    0,    0,  -16,    0,    0,  -24,  -16,  -16,    0,    0,   16,  -16,  -16,    0,    0,    0,    0,    0,    0,    0,    0,    0,    0,    0,    0,  -12,    0,    0,    0,    0,    0,    0,    0,    0,    0,  -12,  -40,    0,    0,  -40,    0,    0,  -24,    0,    0,    0,  -12,    0,    0,
       0,    0,    0,    0,    0,    0,    0,    0,  -32,    0,    0,  -72,  -20,  -48,    0,  -24,    0,    0,    0,  -80,    0,  -32,    0,    0,  -24,    0,    0,    0,    0,    0,  -16,    0,    0,  -80,    0,  -72,  -32,  -72,    0,    0,    0,  -40,  -40,  -72,    0,  -24,  -16,  -32,  -16,  -32,    0,    0,    0,    0,    0, -112,  -32,    0,  -80,  -80,  -72,    0,   16,   16,  -72,  -72,    0,  -80,  -80,  -72,  -72,  -72,  -72,    0,    0,    0,  -40,  -72,  -72,  -32,    0,  -72,    0,  -24,    0,  -56,    0,    0,  -80,    0,  -64,  -16,  -32,    0,    0,    0,    0,  -32,    0,    0,  -36,  -72,  -32,  -40,  -48,    0,  -16,  -16,  -96,    0,    0,    0,    0,  -24,  -56,  -24,    0,  -52,    0,    0,    0,  -32,  -24,    0,  -32,    0,  -80,  -32,    0,    0,    0,  -32,    0,    0,    0,    0,  -80,    0,  -16,  -84,  -72,  -40,  -24,  -52,  -40,  -24,  -16,  -32,    0,  -24,  -72,    0,  -72,    0,   16,    0,  -16,    0,    0,    0,    0,    0,  -16, -112,    0,    0,  -24,  -16,    0,    0,
       0,    0,    0,    0,  -16,    0,  -16,    0,    0,    0,    0,    0,    0,    0,    0,    0,    0,    0,    0,    0,    0,    0,    0,    0,    0,    0,    0,    0,    0,    0,    0,    0,    0,    0,    0,    0,    0,    0,    0,    0,    0,    0,    0,    0,    0,    0,    0,    0,    0,    0,    0,    0,  -24,    0,    0,    0,    0,    0,    0,    0,    0,    0,    0,    0,    0,    0,    0,    0,    0,    0,    0,    0,    0,    0,    0,    0,    0,    0,    0,    0,    0,    0,    0,    0,    0,    0,    0,    0,    0,    0,    0,    0,    0,    0,    0,    0,    0,    0,    0,    0,    0,    0,    0,    0,    0,    0,    0,    0,    0,    0,    0,    0,    0,    0,    0,    0,    0,    0,    0,    0,    0,    0,    0,    0,    0,    0,    0,    0,    0,    0,    0,    0,    0,    0,    0,    0,    0,    0,    0,    0,    0,    0,    0,    0,    0,    0,    0,    0,    0,    0,    0,    0,    0,    0,    0,    0,    0,    0,    0,    0,    0,    0,    0,    0,    0,    0,    0,    0,    0,    0,
       0,    0,    0,  -24,    0,    0,    0,    0,    0,    0,    0,  -24,    0,    0,  -24,    0,    0,    0,    0,    0,    0,    0,    0,    0,    0,    0,    0,    0,    0,    0,    0,    0,    0,    0,    0,    0,    0,    0,    0,    0,    0,    0,    0,    0,    0,    0,    0,    0,    0,    0,    0,    0,  -64,    0,    0,    0,    0,    0,    0,    0,    0,    0,    0,    0,    0,    0,    0,    0,    0,    0,    0,    0,    0,    0,    0,    0,    0,    0,    0,    0,    0,    0,    0,    0,    0,    0,    0,    0,    0,    0,    0,    0,    0,    0,    0,    0,    0,    0,    0,    0,    0,    0,    0,    0,    0,    0,    0,    0,    0,    0,    0,    0,    0,    0,    0,    0,    0,    0,    0,    0,    0,    0,    0,    0,    0,    0,    0,    0,    0,    0,    0,    0,    0,    0,    0,    0,    0,    0,    0,    0,    0,    0,    0,    0,    0,    0,    0,    0,    0,    0,    0,    0,    0,    0,    0,    0,    0,    0,    0,    0,    0,    0,    0,    0,    0,    0,    0,    0,  -24,    0,
       0,    0,    0,    0,    0,    0,    0,    0,    0,    0,    0,    0,    0,    0,    0,    0,    0,    0,    0,    0,    0,    0,    0,    0,    0,    0,    0,    0,    0,    0,    0,    0,    0,    0,    0,    0,    0,    0,    0,    0,    0,    0,    0,    0,    0,    0,    0,    0,    0,    0,    0,    0,  -24,    0,    0,    0,    0,    0,    0,    0,    0,    0,    0,    0,    0,    0,    0,    0,    0,    0,    0,    0,    0,    0,    0,    0,    0,    0,    0,    0,    0,    0,    0,    0,    0,    0,    0,    0,    0,    0,    0,    0,    0,    0,    0,    0,    0,    0,    0,    0,    0,    0,    0,    0,    0,    0,    0,    0,    0,    0,    0,    0,    0,    0,    0,    0,    0,    0,    0,    0,    0,    0,    0,    0,    0,    0,    0,    0,    0,    0,    0,    0,    0,    0,    0,    0,    0,    0,    0,    0,    0,    0,    0,    0,    0,    0,    0,    0,    0,    0,    0,    0,    0,    0,    0,    0,    0,    0,    0,    0,    0,    0,    0,    0,    0,    0,    0,    0,    0,    0,
       0,    0,    0,    0,    0,    0,    0,    0,    0,    0,    0,    0,    0,    0,  -16,    0,    0,    0,    0,    0,    0,    0,    0,    0,    0,    0,    0,    0,    0,    0,    0,  -24,    0,    0,    0,    0,    0,    0,    0,    0,    0,    0,    0,    0,    0,    0,    0,    0,    0,    0,    0,    0,  -64,    0,    0,    0,    0,    0,    0,    0,    0,    0,    0,    0,    0,    0,    0,    0,    0,    0,    0,    0,    0,    0,    0,    0,    0,    0,    0,    0,    0,    0,    0,    0,    0,    0,    0,    0,    0,    0,    0,    0,    0,    0,    0,    0,    0,    0,    0,    0,    0,    0,    0,    0,    0,    0,    0,    0,    0,    0,    0,    0,    0,    0,    0,    0,    0,    0,    0,    0,    0,    0,    0,    0,    0,    0,    0,    0,    0,    0,    0,    0,    0,    0,    0,    0,    0,    0,    0,    0,    0,    0,    0,    0,    0,    0,    0,    0,    0,    0,    0,    0,    0,    0,    0,    0,    0,    0,    0,    0,    0,    0,    0,    0,    0,    0,    0,    0,  -16,    0,
       0,    0,    0,    0,  -24,    0,  -24,    0,    0,    0,    0,    0,    0,    0,    0,    0,    0,    0,    0,    0,    0,    0,    0,    0,    0,    0,    0,    0,    0,    0,    0,    0,    0,    0,    0,    0,    0,    0,    0,    0,    0,    0,    0,    0,    0,    0,    0,    0,    0,    0,    0,    0,  -16,    0,    0,    0,    0,    0,    0,    0,    0,    0,    0,    0,    0,    0,    0,    0,    0,    0,    0,    0,    0,    0,    0,    0,    0,    0,    0,    0,    0,    0,    0,    0,    0,    0,    0,    0,    0,    0,    0,    0,    0,    0,    0,    0,    0,    0,    0,    0,    0,    0,    0,    0,    0,    0,    0,    0,    0,    0,    0,    0,    0,    0,    0,    0,    0,    0,    0,    0,    0,    0,    0,    0,    0,    0,    0,    0,    0,    0,    0,    0,    0,    0,    0,    0,    0,    0,    0,    0,    0,    0,    0,    0,    0,    0,    0,    0,    0,    0,    0,    0,    0,    0,    0,    0,    0,    0,    0,    0,    0,    0,    0,    0,    0,    0,    0,    0,    0,    0,
       0,    0,    0,    0,    0,    0,    0,    0,    0,    0,    0,    0,    0,    0,    0,    0,    0,    0,    0,    0,    0,    0,    0,    0,    0,    0,    0,    0,    0,    0,    0,    0,    0,    0,    0,    0,    0,    0,    0,    0,    0,    0,    0,    0,    0,    0,    0,    0,    0,    0,    0,    0,  -32,    0,    0,    0,    0,    0,    0,    0,    0,    0,    0,    0,    0,    0,    0,    0,    0,    0,    0,    0,    0,    0,    0,    0,    0,    0,    0,    0,    0,    0,    0,    0,    0,    0,    0,    0,    0,    0,    0,    0,    0,    0,    0,    0,    0,    0,    0,    0,    0,    0,    0,    0,    0,    0,    0,    0,    0,    0,    0,    0,    0,    0,    0,    0,    0,    0,    0,    0,    0,    0,    0,    0,    0,    0,    0,    0,    0,    0,    0,    0,    0,    0,    0,    0,    0,    0,    0,    0,    0,    0,    0,    0,    0,    0,    0,    0,    0,    0,    0,    0,    0,    0,    0,    0,    0,    0,    0,    0,    0,    0,    0,    0,    0,    0,    0,    0,    0,    0,
       0,    0,    0,  -24,  -80,    0,  -80,  -72,   -8,    0,    0,  -56,    0,  -16,    0,    0,  -16,  -16,    0,    0,    0,    0,    0,    0,    0,    0,    0,    0,    0,    0,    0,    0,    0,    0,    0,    0,    0,    0,    0,    0,    0,    0,    0,    0,    0,    0,    0,    0,    0,    0,    0,    0,    0,    0,    0,    0,    0,    0,    0,    0,    0,    0,    0,    0,    0,    0,    0,    0,    0,    0,    0,    0,    0,    0,    0,    0,    0,    0,    0,    0,    0,    0,    0,    0,    0,    0,  -16,    0,    0,    0,    0,    0,    0,    0,    0,    0,    0,    0,    0,    0,    0,    0,    0,    0,    0,    0,    0,    0,    0,    0,    0,    0,    0,    0,    0,    0,    0,    0,    0,    0,    0,    0,    0,    0,    0,    0,    0,    0,    0,    0,    0,    0,    0,    0,    0,    0,    0,    0,    0,    0,    0,    0,    0,    0,    0,    0,    0,    0,    0,    0,    0,    0,    0,    0,    0,    0,    0,    0,    0,    0,    0,    0,    0,    0,    0,    0,    0,    0,    0,    0,
       0,    0,    0,    0,    0,    0,    0,    0,    0,    0,    0,  -16,    0,    0,   -8,    0,    0,    0,    0,    0,    0,    0,    0,    0,    0,    0,    0,    0,    0,    0,    0,    0,    0,    0,    0,    0,    0,    0,    0,    0,    0,    0,    0,    0,    0,    0,    0,    0,    0,    0,    0,    0,  -24,    0,    0,    0,    0,    0,    0,    0,    0,    0,    0,    0,    0,    0,    0,    0,    0,    0,    0,    0,    0,    0,    0,    0,    0,    0,    0,    0,    0,    0,    0,    0,    0,    0,    0,    0,    0,    0,    0,    0,    0,    0,    0,    0,    0,    0,    0,    0,    0,    0,    0,    0,    0,    0,    0,    0,    0,    0,    0,    0,    0,    0,    0,    0,    0,    0,    0,    0,    0,    0,    0,    0,    0,    0,    0,    0,    0,    0,    0,    0,    0,    0,    0,    0,    0,    0,    0,    0,    0,    0,    0,    0,    0,    0,    0,    0,    0,    0,    0,    0,    0,    0,    0,    0,    0,    0,    0,    0,    0,    0,    0,    0,    0,    0,    0,    0,    0,    0,
       0,    0,    0,    0,  -40,    0,  -40,  -40,    0,    0,   -8,  -16,  -24,    0,  -16,    0,    0,    0,    0,    0,    0,    0,    0,    0,    0,    0,    0,    0,    0,    0,    0,    0,    0,    0,    0,    0,    0,    0,    0,    0,    0,    0,    0,    0,    0,    0,    0,    0,    0,    0,    0,    0,  -16,    0,    0,    0,    0,    0,    0,    0,    0,    0,    0,    0,    0,    0,    0,    0,    0,    0,    0,    0,    0,    0,    0,    0,    0,    0,    0,    0,    0,    0,    0,    0,    0,    0,    0,    0,    0,    0,    0,    0,    0,    0,    0,    0,    0,    0,    0,    0,    0,    0,    0,    0,    0,    0,    0,    0,    0,    0,    0,    0,    0,    0,    0,    0,    0,    0,    0,    0,    0,    0,    0,    0,    0,    0,    0,    0,    0,    0,    0,    0,    0,    0,    0,    0,    0,    0,    0,    0,    0,    0,    0,    0,    0,    0,    0,    0,    0,    0,    0,    0,    0,    0,    0,    0,    0,    0,    0,    0,    0,    0,    0,    0,    0,    0,    0,    0,    0,    0,
       0,    0,    0,    0,    0,    0,    0,    0,    0,    0,    0,    0,    0,    0,    0,    0,    0,    0,    0,    0,    0,    0,    0,    0,    0,    0,    0,  -12,    0,  -12,    0,    0,    0,    0,    0,    0,    0,    0,    0,    0,    0,    0,    0,    0,    0,    0,    0,    0,    0,    0,    0,    0,    0,    0,    0,    0,    0,    0,    0,    0,    0,    0,    0,    0,    0,    0,    0,    0,    0,    0,    0,    0,    0,    0,    0,    0,    0,    0,    0,    0,    0,    0,    0,    0,    0,    0,    0,    0,    0,    0,    0,    0,    0,    0,    0,    0,    0,    0,    0,    0,    0,    0,    0,    0,    0,    0,    0,    0,    0,    0,    0,    0,    0,    0,    0,    0,    0,    0,    0,    0,    0,    0,    0,    0,    0,    0,    0,    0,    0,    0,    0,    0,    0,    0,    0,    0,    0,    0,    0,    0,    0,    0,    0,    0,    0,    0,    0,    0,    0,    0,    0,    0,    0,    0,    0,    0,    0,  -12,    0,    0,  -12,    0,    0,    0,    0,    0,    0,    0,    0,    0,
       0,    0,    0,    0,    0,    0,    0,    0,    0,    0,    0,    0,    0,    0,    0,    0,    0,    0,    0,    0,    0,    0,    0,    0,    0,    0,    0,    0,    0,  -16,    0,    0,    0,    0,    0,    0,    0,    0,    0,    0,    0,    0,    0,    0,    0,    0,    0,    0,    0,    0,    0,    0,    0,    0,    0,    0,    0,    0,    0,    0,    0,    0,    0,    0,    0,    0,    0,    0,    0,    0,    0,    0,    0,    0,    0,    0,    0,    0,    0,    0,    0,    0,    0,    0,    0,    0,    0,    0,    0,    0,    0,    0,    0,    0,    0,    0,    0,    0,    0,    0,    0,    0,    0,    0,    0,    0,    0,    0,    0,    0,    0,    0,    0,    0,    0,    0,    0,    0,    0,    0,    0,    0,    0,    0,    0,    0,    0,    0,    0,    0,    0,    0,    0,    0,    0,    0,    0,    0,    0,    0,    0,    0,    0,    0,    0,    0,    0,    0,    0,    0,    0,    0,    0,    0,    0,    0,    0,    0,    0,    0,  -16,    0,    0,    0,    0,    0,    0,    0,    0,    0,
     -40,    0,  -72,    0,    0,  -24,    0,   16,    0,    0,    0,    0,    0,    0,    0,    0,    0,    0,  -44,   20,    0,  -12,    0,    0,    0,  -84,  -48,  -92,    8,  -82,    8,  -80,    0,    0,  -12,    0,    0,    0,    0,    0,    0,    0,    0,    0,  -12,  -16,  -68,   16,  -68,    0,    0,  -24,    0,    0,    0,   24,    0,    0,    0,    0,    0,    0,    0,    0,    0,    0,    0,    0,    0,    0,    0,    0,    0,    0,    0,    0,    0,    0,    0,    0,    0,    0,    0,    0,    0,    0,    0,    0,    0,    0,    0,    0,    0,    0,    0,    0,    0,    0,    0,    0,    0,    0,    0,    0,    0,    0,    0,    0,    0,    0,    0,    0,    0,    0,    0,    0,    0,    0,    0,    0,    0,    0,    0,    0,    0,    0,    0,    0,    0,    0,    0,    0,    0,    0,    0,    0,    0,    0,    0,    0,    0,    0,    0,    0,    0,    0,    0,    0,    0,    0,    0,    0,    0,    0,    0,    0,    0,    0,    0,    0,    0,    0,    0,    0,    0,    0,    0,    0,  -88,  -64,
       0,    0,    0,    0,  -16,    0,  -16,    0,    0,    0,    0,    0,    0,    0,    0,    0,    0,    0,    0,  -24,    0,    0,    0,    0,    0,  -12,    0,  -20,  -12,  -24,    0,  -32,    0,    0,    0,   12,    0,    0,    0,    0,    8,    0,    0,    0,    0,    0,    0,    0,    0,    0,    0,    0,    0,    0,    0,  -20,    0,    0,    0,    0,   12,    0,    0,    0,   12,   12,    0,    0,    0,   12,   12,   12,    0,    0,    0,    0,    0,    0,    0,    0,    0,    0,    0,    0,  -16,    0,    0,    0,    0,    0,    0,    0,    0,    0,    0,    0,    0,    0,    0,    0,    0,    0,    0,    0,    0,    0,    0,    0,    0,    0,    0,    0,    0,    0,    0,    0,    0,    0,    0,    0,    0,    0,    0,    0,    0,    0,    0,    0,    0,    0,    0,    0,    0,    0,    0,    0,    0,    0,    0,    0,    0,    0,    0,    0,    0,    0,    0,    0,    0,    0,    0,    0,    0,    0,    0,    0,    0,    0,    0,    0,    0,    0,    0,    0,    0,    0,    0,    0,    0,    0,
       0,    0,    0,    0,    0,  -16,    0,    0,    0,    0,    0,    0,    0,    0,    0,    0,    0,    0,    0,    0,    0,  -19,    0,    0,    0,    0,    0,    0,    0,    0,    0,    0,    0,  -12,    0,  -12,    0,  -12,    0,    0,    0,    0,    0,  -12,    0,  -10,  -10,    0,  -10,    0,    0,    0,    0,    0,    0,    0,  -19,    0,  -12,  -12,  -12,    0,    0,    0,  -12,  -12,    0,  -12,  -12,  -12,  -12,  -12,  -12,    0,    0,    0,    0,  -12,  -12,    0,    0,  -12,    0,    0,    0,    0,    0,    0,    0,    0,    0,    0,    0,    0,    0,    0,    0,    0,    0,    0,    0,    0,    0,    0,    0,    0,    0,    0,    0,    0,    0,    0,    0,    0,    0,    0,    0,    0,    0,    0,    0,    0,    0,    0,    0,    0,    0,    0,    0,    0,    0,    0,    0,    0,    0,    0,    0,    0,    0,    0,    0,    0,    0,    0,    0,    0,    0,    0,    0,    0,    0,    0,    0,    0,    0,    0,    0,    0,    0,    0,    0,    0,    0,    0,    0,    0,    0,    0,    0,    0,
       0,  -24,    0,    0,  -40,    0,  -40,  -32,    0,    0,    0,    0,    0,    0,    0,    0,    0,    0,    0,  -22,  -12,    0,  -16,   -8,    0,    0,  -12,  -16,  -28,  -20,  -10,  -24,    0,    0,    0,    0,    0,   -8,    0,    0,    0,    0,    0,    0,   24,    0,    0,    0,    0,    0,    0,    0,    0,    0,    0,  -56,    0,  -16,    0,    0,    0,    0,    0,    0,    0,    0,    0,    0,    0,    0,    0,    0,   -8,    0,    0,    0,    0,    0,    0,    0,    0,   -8,    0,    0,    0,    0,    0,    0,    0,    0,    0,    0,    0,    0,    0,    0,    0,    0,    0,    0,    0,    0,    0,    0,    0,    0,    0,    0,    0,    0,    0,    0,    0,    0,    0,    0,    0,    0,    0,    0,    0,    0,    0,    0,    0,    0,    0,    0,    0,    0,    0,    0,    0,    0,    0,    0,    0,    0,    0,    0,    0,    0,    0,    0,    0,    0,    0,    0,    0,    0,    0,    0,    0,    0,    0,    0,    0,    0,    0,    0,    0,    0,    0,    0,    0,    0,    0,    0,    0,    0,
       0,    0,    0,    0,    0,    0,    0,    0,    0,    0,    0,    0,    0,    0,    0,    0,    0,    0,    0,    0,    0,    0,    0,    0,    0,    0,    0,    0,    0,    0,    0,    0,    0,    0,    0,    0,    0,    0,    0,    0,    0,    0,    0,    0,    0,    0,    0,    0,    0,    0,    0,    0,    0,    0,    0,    0,    0,    0,    0,    0,    0,    0,    0,    0,    0,    0,    0,    0,    0,    0,    0,    0,    0,    0,    0,    0,    0,    0,    0,    0,    0,    0,    0,    0,    0,    0,    0,    0,    0,    0,    0,    0,    0,    0,    0,    0,    0,    0,    0,    0,    0,    0,    0,    0,    0,    0,    0,    0,    0,    0,    0,    0,    0,    0,    0,    0,    0,    0,    0,    0,    0,    0,    0,    0,    0,    0,    0,    0,    0,    0,    0,    0,    0,    0,    0,    0,    0,    0,    0,    0,    0,    0,    0,    0,    0,    0,    0,    0,    0,    0,    0,    0,    0,    0,    0,    0,    0,    0,    0,    0,    0,    0,    0,    0,    0,    0,    0,    0,    0,   16,
       0,    0,   32,    0,  -56,    0,  -56,  -68,    0,    0,    0,    0,    0,    0,    0,    0,    0,    0,    0,  -70,    0,    0,    0,  -16,    0,    0,    0,    0,    0,    0,    0,    0,    0,  -24,    8,  -16,    0,  -32,    8,    0,    0,    0,    0,  -24,    0,    0,    0,    0,    0,  -16,    0,    0,    0,    0,    0,  -92,    0,    0,  -24,  -24,  -16,    0,   32,   32,  -16,  -16,    8,  -24,  -24,  -16,  -16,  -16,  -32,    8,   32,    8,    0,  -24,  -24,  -16,    0,  -32,    0,    0,    0,    0,    0,    0,    0,    0,    0,    0,    0,    0,    0,    0,    0,    0,    0,    0,    0,    0,    0,    0,    0,    0,    0,    0,    0,    0,    0,    0,    0,    0,    0,    0,    0,    0,    0,    0,    0,    0,    0,    0,    0,    0,    0,    0,    0,    0,    0,    0,    0,    0,    0,    0,    0,    0,    0,    0,    0,    0,    0,    0,    0,    0,    0,    0,    0,    0,    0,    0,    0,    0,    0,    0,    0,    0,    0,    0,    0,    0,    0,    0,    0,    0,    0,    0,   16,   16,
       0,    0,    0,    0,    0,    0,    0,    0,    0,    0,    0,    0,    0,    0,    0,    0,    0,    0,    0,    0,    0,    0,    0,    0,    0,  -16,    0,  -16,    0,  -16,    0,    0,    0,    0,    0,    0,    0,  -10,    0,    0,    0,    0,    0,    0,    0,    0,   -8,    0,   -8,    0,    0,    0,    0,    0,    0,  -16,    0,    0,    0,    0,    0,    0,    0,    0,    0,    0,    0,    0,    0,    0,    0,    0,  -10,    0,    0,    0,    0,    0,    0,    0,    0,  -10,    0,    0,    0,    0,    0,    0,    0,    0,    0,    0,    0,    0,    0,    0,    0,    0,    0,    0,    0,    0,    0,    0,    0,    0,    0,    0,    0,    0,    0,    0,    0,    0,    0,    0,    0,    0,    0,    0,    0,    0,    0,    0,    0,    0,    0,    0,    0,    0,    0,    0,    0,    0,    0,    0,    0,    0,    0,    0,    0,    0,    0,    0,    0,    0,    0,    0,    0,    0,    0,    0,    0,    0,    0,    0,    0,    0,    0,    0,    0,    0,    0,    0,    0,    0,    0,    0,    0,    0,
       0,    0,    0,    0,    0,    0,    0,    0,    0,    0,    0,    0,    0,    0,    0,    0,    0,    0,    0,    0,    0,  -12,    0,    0,    0,    0,    0,    0,    0,    0,    0,    0,    0,    0,    0,  -12,    0,    0,    0,    0,    0,    0,    0,    0,    0,  -10,   -8,    0,   -8,    0,    0,  -16,    0,    0,    0,    0,  -12,    0,    0,    0,  -12,    0,   16,   16,  -12,  -12,    0,    0,    0,  -12,  -12,  -12,    0,    0,    0,    0,    0,    0,    0,    0,    0,    0,    0,    0,    0,    0,    0,    0,    0,    0,    0,    0,    0,    0,    0,    0,    0,    0,    0,    0,    0,    0,    0,    0,    0,    0,    0,    0,    0,    0,    0,    0,    0,    0,    0,    0,    0,    0,    0,    0,    0,    0,    0,    0,    0,    0,    0,    0,    0,    0,    0,    0,    0,    0,    0,    0,    0,    0,    0,    0,    0,    0,    0,    0,    0,    0,    0,    0,    0,    0,    0,    0,    0,    0,    0,    0,    0,    0,    0,    0,    0,    0,    0,    0,    0,    0,    0,    0,    0,    0,
       0,    0,    0,    0,  -32,  -16,  -32,  -31,    0,    0,    0,    0,    0,    0,    0,    0,  -23,  -23,    0,  -32,    0,  -12,    0,    0,    0,    0,    0,    0,    0,    0,    0,    0,    0,  -24,    8,  -16,    0,  -16,    8,    0,   12,    0,    0,  -14,    0,   -8,  -12,  -16,  -12,  -12,    0,    0,    0,    0,    0,  -40,  -12,    0,  -24,  -24,  -16,    0,   24,   24,  -16,  -16,    8,  -24,  -24,  -16,  -16,  -16,  -16,    8,    0,    8,    0,  -14,  -14,  -12,    0,  -16,    0,    0,    0,    0,  -23,    0,    0,    0,    0,    0,    0,    0,    0,    0,    0,    0,    0,    0,    0,    0,    0,    0,    0,    0,    0,    0,    0,    0,    0,    0,    0,    0,    0,    0,    0,    0,    0,    0,    0,    0,    0,    0,    0,    0,    0,    0,    0,    0,    0,    0,    0,    0,    0,    0,    0,    0,    0,    0,    0,    0,    0,    0,    0,    0,    0,    0,    0,    0,    0,    0,    0,    0,    0,    0,    0,    0,    0,    0,    0,    0,    0,    0,    0,    0,    0,    0,    0,    0,
       0,    0,    0,    0,    0,  -24,    0,    0,    0,    0,    0,    0,    0,    0,    0,    0,    0,    0,    0,   14,    0,  -32,    0,   16,    0,    0,    0,    0,    8,    0,    0,    0,    0,  -11,    8,  -18,    0,    0,    8,    0,    0,    0,   -8,  -10,  -24,  -28,  -48,    8,  -48,    0,    0,    0,    0,    0,    0,    8,  -32,    0,  -11,  -11,  -18,    0,   24,   24,  -18,  -18,    8,  -11,  -11,  -18,  -18,  -18,    0,    8,   24,    8,    0,  -10,  -10,    0,    0,    0,    0,    0,    0,  -16,    0,    0,    0,    0,    0,    0,    0,    0,    0,    0,    0,    0,    0,    0,    0,    0,    0,    0,    0,    0,    0,    0,    0,    0,    0,    0,    0,    0,    0,    0,    0,    0,    0,    0,    0,    0,    0,    0,    0,    0,    0,    0,    0,    0,    0,    0,    0,    0,    0,    0,    0,    0,    0,    0,    0,    0,    0,    0,    0,    0,    0,    0,    0,    0,    0,    0,    0,    0,    0,    0,    0,    0,    0,    0,    0,    0,    0,    0,    0,    0,    0,    0,    0,    0,
       0,    0,  -32,    0,    0,    0,    0,    0,    0,    0,    0,    0,    0,    0,    0,    0,    0,    0,    0,   24,    0,    0,    0,    0,    0,  -44,  -20,  -64,   16,  -64,    0,  -88,    0,    0,    0,    0,    0,    0,    0,    0,    0,    0,    0,    0,    0,    0,  -40,    0,  -40,    0,    0,    0,    0,    0,    0,    0,    0,    0,    0,    0,    0,    0,    0,    0,    0,    0,    0,    0,    0,    0,    0,    0,    0,    0,    0,    0,    0,    0,    0,    0,    0,    0,    0,    0,    0,    0,    0,    0,    0,    0,    0,    0,    0,    0,    0,    0,    0,    0,    0,    0,    0,    0,    0,    0,    0,    0,    0,    0,    0,    0,    0,    0,    0,    0,    0,    0,    0,    0,    0,    0,    0,    0,    0,    0,    0,    0,    0,    0,    0,    0,    0,    0,    0,    0,    0,    0,    0,    0,    0,    0,    0,    0,    0,    0,    0,    0,    0,    0,    0,    0,    0,    0,    0,    0,    0,    0,    0,    0,    0,    0,    0,    0,    0,    0,    0,    0,    0,    0,  -40,  -24,
       0,    0,    0,    0,    0,    0,    0,    0,    0,    0,    0,    0,    0,    0,    0,    0,    0,    0,    0,    0,    0,   -8,    0,    0,    0,  -20,  -12,  -24,   24,  -16,    0,    0,    0,    0,    0,    0,    0,    0,    0,    0,    0,    0,    0,    0,    0,   -8,  -12,    0,  -12,    0,    0,    0,    0,    0,    0,    0,   -8,    0,    0,    0,    0,    0,   16,   16,    0,    0,    0,    0,    0,    0,    0,    0,    0,    0,   16,    0,    0,    0,    0,    0,    0,    0,    0,    0,    0,    0,    0,    0,    0,    0,    0,    0,    0,    0,    0,    0,    0,    0,    0,    0,    0,    0,    0,    0,    0,    0,    0,    0,    0,    0,    0,    0,    0,    0,    0,    0,    0,    0,    0,    0,    0,    0,    0,    0,    0,    0,    0,    0,    0,    0,    0,    0,    0,    0,    0,    0,    0,    0,    0,    0,    0,    0,    0,    0,    0,    0,    0,    0,    0,    0,    0,    0,    0,    0,    0,    0,    0,    0,    0,    0,    0,    0,    0,    0,    0,    0,    0,    0,  -16,    0,
       0,    0,   32,    0,  -28,  -16,  -28,    0,    0,    0,    0,    0,    0,    0,    0,    0,    0,    0,    0,  -24,    0,  -12,    0,    0,    0,    0,    0,   16,    0,   12,    0,    0,    0,  -18,   16,  -12,    0,  -24,   16,    0,    0,    0,    0,  -20,    0,    0,  -12,   -8,  -12,   -8,    0,    0,    0,    0,    0,  -32,  -12,    0,  -18,  -18,  -12,    0,   48,   48,  -12,  -12,   16,  -18,  -18,  -12,  -12,  -12,  -24,   16,   48,   16,    0,  -20,  -20,   -8,    0,  -24,    0,    0,    0,  -24,    0,    0,    0,    0,    0,    0,    0,    0,    0,    0,    0,    0,    0,    0,    0,    0,    0,    0,    0,    0,    0,    0,    0,    0,    0,    0,    0,    0,    0,    0,    0,    0,    0,    0,    0,    0,    0,    0,    0,    0,    0,    0,    0,    0,    0,    0,    0,    0,    0,    0,    0,    0,    0,    0,    0,    0,    0,    0,    0,    0,    0,    0,    0,    0,    0,    0,    0,    0,    0,    0,    0,    0,    0,    0,    0,    0,    0,    0,    0,    0,    0,    0,    0,    0,
      16,    0,   46,    0,  -80,    0,  -80,  -78,    0,    0,    0,    0,    0,    0,    0,    0,    0,    0,    0,  -88,   -8,    0,    0,  -12,    0,    8,    0,    0,   -8,    0,    0,    0,    0,  -12,    0,  -12,    0,  -22,    0,    0,   24,    0,    0,  -14,   16,   16,   18,    0,   18,    0,    0,    0,    0,    0,    0, -108,    0,    0,  -12,  -12,  -12,    0,   16,   16,  -12,  -12,    0,  -12,  -12,  -12,  -12,  -12,  -22,    0,   16,    0,    0,  -14,  -14,    0,    0,  -22,    0,    0,    0,    0,    0,    0,    0,    0,    0,    0,    0,    0,    0,    0,    0,    0,    0,    0,    0,    0,    0,    0,    0,    0,    0,    0,    0,    0,    0,    0,    0,    0,    0,    0,    0,    0,    0,    0,    0,    0,    0,    0,    0,    0,    0,    0,    0,    0,    0,    0,    0,    0,    0,    0,    0,    0,    0,    0,    0,    0,    0,    0,    0,    0,    0,    0,    0,    0,    0,    0,    0,    0,    0,    0,    0,    0,    0,    0,    0,    0,    0,    0,    0,    0,    0,    0,   16,   24,
       0,    8,    0,    0,  -16,    0,  -40,  -32,    0,    0,    0,    0,    0,    0,    0,    0,    0,   24,    0,  -22,  -12,    0,   56,   -8,    0,    0,  -12,  -16,  -28,  -20,  -10,  -24,   40,    0,    0,    0,    0,    4,    0,    0,   72,    0,    0,    0,   24,    0,    0,    0,   24,    0,   48,    0,    0,    0,    0,  -56,    0,  -16,    0,    0,    0,    0,    0,    0,    0,    0,    0,    0,    0,    0,    0,    0,    4,    0,   72,    0,    0,    0,    0,    0,    0,   32,    0,   16,    0,    0,    0,    0,    0,    0,    0,    0,    0,    0,    0,    0,    0,    0,    0,    0,    0,    0,    0,    0,    0,    0,    0,    0,    0,    0,    0,    0,    0,    0,    0,    0,    0,    0,    0,    0,    0,    0,    0,    0,    0,    0,    0,    0,    0,    0,    0,    0,    0,    0,    0,    0,    0,    0,    0,    0,    0,    0,    0,    0,    0,    0,    0,    0,    0,    0,    0,    0,    0,    0,    0,    0,    0,    0,    0,    0,    0,    0,    0,    0,    0,    0,    0,    0,    0,    0,
       0,    0,  -24,    0,    0,  -24,    0,    0,    0,    0,    0,    0,    0,    0,    0,    0,    0,    0,  -24,   24,    0,  -24,    0,   16,    0,  -48,  -32,  -52,   24,  -60,    0,    0,    0,    0,  -12,    0,    0,    0,    0,    0,    0,    0,    0,    0,  -16,  -16,  -24,   16,  -24,    0,    0,    0,    0,    0,    0,   24,  -24,    0,    0,    0,    0,    0,    0,    0,    0,    0,    0,    0,    0,    0,    0,    0,    0,    0,    0,    0,    0,    0,    0,    0,    0,    0,    0,    0,  -16,    0,    0,    0,    0,    0,    0,    0,    0,    0,    0,    0,    0,    0,    0,    0,    0,    0,    0,    0,    0,    0,    0,    0,    0,    0,    0,    0,    0,    0,    0,    0,    0,    0,    0,    0,    0,    0,    0,    0,    0,    0,    0,    0,    0,    0,    0,    0,    0,    0,    0,    0,    0,    0,    0,    0,    0,    0,    0,    0,    0,    0,    0,    0,    0,    0,    0,    0,    0,    0,    0,    0,    0,    0,    0,    0,    0,    0,    0,    0,    0,    0,    0,    0,  -48,  -32,
       0,    0,    0,    0,  -16,    0,  -16,  -16,    0,    0,    0,    0,    0,    0,    0,    0,    0,    0,    0,  -20,    0,    0,    0,    0,    0,    0,    0,  -12,  -10,  -12,    0,    0,    0,    0,    0,    0,    0,  -32,    0,    0,    0,    0,    0,    0,    0,    0,  -16,   -8,  -16,    0,    0,    0,    0,    0,    0,  -24,    0,    0,    0,    0,    0,    0,    0,    0,    0,    0,    0,    0,    0,    0,    0,    0,  -32,    0,    0,    0,    0,    0,    0,    0,    0,  -32,    0,    0,    0,  -16,    0,    0,    0,    0,    0,    0,    0,    0,    0,    0,    0,    0,    0,    0,    0,    0,    0,    0,    0,    0,    0,    0,    0,    0,    0,    0,    0,    0,    0,    0,    0,    0,    0,    0,    0,    0,    0,    0,    0,    0,    0,    0,    0,    0,    0,    0,    0,    0,    0,    0,    0,    0,    0,    0,    0,    0,    0,    0,    0,    0,    0,    0,    0,    0,    0,    0,    0,    0,    0,    0,    0,    0,    0,    0,    0,    0,    0,    0,    0,    0,    0,    0,    0,    0,
       0,    0,    0,    0,  -80,  -16,  -80, -100,    0,    0,    0,    0,    0,    0,    0,    0,  -16,  -16,    0,  -96,    0,  -24,    0,  -20,  -12,    0,    0,    0,    0,    0,   -8,    0,    0,  -44,    0,  -48,    0,  -50,    0,    0,    0,    0,    0,  -56,    0,    0,    0,    0,    0,  -16,    0,  -24,    0,  -16,    0,  -80,  -24,    0,  -44,  -44,  -48,    0,   24,   24,  -48,  -48,    0,  -44,  -44,  -48,  -48,  -48,  -50,    0,    0,    0,    0,  -56,  -56,  -16,  -16,  -50,    0,    0,    0,  -16,  -16,    0,    0,    0,    0,    0,    0,    0,    0,    0,    0,    0,    0,    0,    0,    0,    0,    0,    0,    0,    0,    0,    0,    0,    0,    0,    0,    0,    0,    0,    0,    0,    0,    0,    0,    0,    0,    0,    0,    0,    0,    0,    0,    0,    0,    0,    0,    0,    0,    0,    0,    0,    0,    0,    0,    0,    0,    0,    0,    0,    0,    0,    0,    0,    0,    0,    0,    0,    0,    0,    0,    0,    0,    0,    0,    0,    0,    0,    0,    0,    0,    0,   16,   16,
       0,    0,    0,    0,  -32,    0,  -32,  -46,    0,    0,    0,    0,    0,    0,    0,    0,    0,    0,    0,  -52,    0,  -12,    0,  -12,  -12,    0,    0,    0,    0,    0,  -12,    0,    0,  -16,    8,  -12,    0,  -32,    8,    0,    0,    0,    0,  -20,    0,    0,  -16,  -18,  -16,  -16,    0,    0,    0,  -16,    0,  -56,  -12,  -24,  -16,  -16,  -12,    0,   28,   28,  -12,  -12,    8,  -16,  -16,  -12,  -12,  -12,  -32,    8,   16,    8,    0,  -20,  -20,  -16,    0,  -32,    0,    0,    0,    0,    0,    0,    0,    0,    0,    0,    0,    0,    0,    0,    0,    0,    0,    0,    0,    0,    0,    0,    0,    0,    0,    0,    0,    0,    0,    0,    0,    0,    0,    0,    0,    0,    0,    0,    0,    0,    0,    0,    0,    0,    0,    0,    0,    0,    0,    0,    0,    0,    0,    0,    0,    0,    0,    0,    0,    0,    0,    0,    0,    0,    0,    0,    0,    0,    0,    0,    0,    0,    0,    0,    0,    0,    0,    0,    0,    0,    0,    0,    0,    0,    0,    0,    0,    0,
       0,    0,   24,    0, -104,  -40, -104, -108,    0,    0,    0,    0,    0,    0,    0,    0,  -16,  -16,    0, -112,    0,  -40,    0,  -28,  -28,    0,    0,    8,    0,   16,    0,    0,    0,  -60,   24,  -60,  -16,  -68,   24,    0,    0,  -24,  -16,  -56,    0,  -21,  -24,  -18,  -24,  -24,   24,  -32,    0,  -24,    0, -112,  -40,    0, -103,  -92,  -60,    0,   48,   48,  -60,  -60,   24,  -92, -103,  -60,  -60,  -60, -111,   24,   48,   24,  -24,  -56,  -56,  -24,    0,  -68,    0,    0,    0,  -48,  -16,    0,    0,    0,    0,    0,    0,    0,    0,    0,    0,    0,    0,    0,    0,    0,    0,    0,    0,    0,    0,    0,    0,    0,    0,    0,    0,    0,    0,    0,    0,    0,    0,    0,    0,    0,    0,    0,    0,    0,    0,    0,    0,    0,    0,    0,    0,    0,    0,    0,    0,    0,    0,    0,    0,    0,    0,    0,    0,    0,    0,    0,    0,    0,    0,    0,    0,    0,    0,    0,    0,    0,    0,    0,    0,    0,    0,    0,    0,    0,    0,    0,    0,   16,
       0,    0,   24,    0,    0,  -16,    0,    0,    0,    0,    0,    0,    0,    0,    0,    0,    0,    0,    0,    8,    0,  -28,    0,   12,    0,    0,    0,    0,    8,    0,    0,    0,    0,    0,   16,   -8,    0,    0,   16,    0,    0,    0,    0,    0,    0,  -16,  -28,   16,  -28,    0,    0,    0,    0,    0,    0,   24,  -12,    0,    0,    0,   -8,    0,   32,   32,   -8,   -8,   16,    0,    0,   -8,   -8,   -8,    0,   16,   40,   16,    0,    0,    0,    0,    0,    0,    0,    0,    0,    0,    0,    0,    0,    0,    0,    0,    0,    0,    0,    0,    0,    0,    0,    0,    0,    0,    0,    0,    0,    0,    0,    0,    0,    0,    0,    0,    0,    0,    0,    0,    0,    0,    0,    0,    0,    0,    0,    0,    0,    0,    0,    0,    0,    0,    0,    0,    0,    0,    0,    0,    0,    0,    0,    0,    0,    0,    0,    0,    0,    0,    0,    0,    0,    0,    0,    0,    0,    0,    0,    0,    0,    0,    0,    0,    0,    0,    0,    0,    0,    0,    0,    0,    0,    0,
       0,    0,   16,    0,  -72,  -40,  -72,  -84,    0,    0,    0,    0,    0,    0,    0,    0,  -24,  -24,    0,  -88,    0,  -48,    0,  -12,  -36,    0,    0,    8,    0,   16,    0,    0,    0,  -64,   16,  -64,  -11,  -76,   16,    0,    0,  -40,  -32,  -61,   -8,  -26,  -24,  -40,  -24,  -40,   16,  -40,    0,  -32,    0,  -80,  -48,    0,  -64,  -96,  -64,    0,   48,   48,  -64,  -64,   16,  -88,  -88,  -64,  -64,  -64,  -76,   16,   32,   16,  -40,  -61,  -61,  -40,  -32,  -76,    0,  -16,    0,  -32,  -24,    0,    0,    0,    0,    0,    0,    0,    0,    0,    0,    0,    0,    0,    0,    0,    0,    0,    0,    0,    0,    0,    0,    0,    0,    0,    0,    0,    0,    0,    0,    0,    0,    0,    0,    0,    0,    0,    0,    0,    0,    0,    0,    0,    0,    0,    0,    0,    0,    0,    0,    0,    0,    0,    0,    0,    0,    0,    0,    0,    0,    0,    0,    0,    0,    0,    0,    0,    0,    0,    0,    0,    0,    0,    0,    0,    0,    0,    0,    0,    0,    0,    0,   16,
       0,    0,    0,    0,    0,    0,    0,    0,    0,    0,    0,    0,    0,    0,    0,    0,    0,    0,    0,    0,    0,    0,    0,    0,    0,    0,    0,    0,    0,    0,    0,    0,    0,    0,    0,    0,    0,    0,    0,    0,    0,    0,    0,    0,    0,    0,   -8,    0,   -8,    0,    0,    0,    0,    0,    0,    0,    0,    0,    0,    0,    0,    0,   16,   16,    0,    0,    0,    0,    0,    0,    0,    0,    0,    0,   24,    0,    0,    0,    0,    0,    0,    0,    0,    0,    0,    0,    0,    0,    0,    0,    0,    0,    0,    0,    0,    0,    0,    0,    0,    0,    0,    0,    0,    0,    0,    0,    0,    0,    0,    0,    0,    0,    0,    0,    0,    0,    0,    0,    0,    0,    0,    0,    0,    0,    0,    0,    0,    0,    0,    0,    0,    0,    0,    0,    0,    0,    0,    0,    0,    0,    0,    0,    0,    0,    0,    0,    0,    0,    0,    0,    0,    0,    0,    0,    0,    0,    0,    0,    0,    0,    0,    0,    0,    0,    0,    0,    0,    0,    0,    0,
       0,    0,    0,    0,    0,    0,    0,    0,    0,    0,    0,    0,    0,    0,    0,    0,    0,    0,    0,    0,    0,    0,   32,    0,    0,    0,    0,    0,    0,    0,    0,    0,    0,    0,    0,    0,    0,    0,    0,    0,   36,    0,    0,    0,    0,    0,    0,    0,   40,    0,    0,    0,    0,    0,    0,    0,    0,    0,    0,    0,    0,    0,   24,   24,    0,    0,    0,    0,    0,    0,    0,    0,    0,    0,   36,    0,    0,    0,    0,    0,    0,    0,    0,    0,    0,    0,    0,    0,    0,    0,    0,    0,    0,    0,    0,    0,    0,    0,    0,    0,    0,    0,    0,    0,    0,    0,    0,    0,    0,    0,    0,    0,    0,    0,    0,    0,    0,    0,    0,    0,    0,    0,    0,   32,    0,    0,    0,    0,    0,    0,    0,    0,    0,    0,    0,    0,    0,    0,    0,    0,    0,    0,    0,    0,    0,    0,   40,    0,    0,    0,    0,    0,    0,    0,   24,   36,   40,    0,    0,    0,    0,    0,    0,    0,    0,    0,    0,   40,    0,    0,
       0,    0,    0,    0,    0,    0,    0,    0,    0,    0,    0,  -24,    0,    0,  -48,    0,    0,    0,    0,    0,    0,  -24,    0,    0,    0,  -64,  -40,  -80,    0,  -64,    0,    0,    0,    0,    0,  -16,    0,   16,    0,    0,    0,    0,    0,    0,  -16,  -24,  -24,    0,  -24,    0,    0,    0,    0,    0,    0,    0,  -24,    0,    0,    0,  -16,    0,    0,    0,  -16,  -16,    0,    0,    0,  -16,  -16,  -16,   16,    0,    0,    0,    0,    0,    0,    0,    0,   16,    0,    0,    0,    0,    0,    0,    0,    0,    0,    0,  -24,    0,    0,  -64,  -60,    0,    0,  -60,    0,  -16,    0,    0,    0,  -24,    0,  -24,  -16,    0,    0,    0,    0,  -16,    0,  -16,    0,    0,    0,    0,  -64,  -24,    0,    0,    0,  -32,    0,    0,    0,    0,    0,    0,    0,  -80,    0,    0,    0,    0,    0,    0,  -16,    0,    0,    0,    0,  -24,  -24,    0,  -24,    0,    0,    0,    0,    0,    0,    0,  -24,  -80,    0,    0,  -64,  -52,    0,    0,    0,    0,    0,  -24,    0,    0,
       0,    0,  -32,    0,    0,    0,    0,    0,    0,    0,    0,    0,    0,    0,    0,    0,    0,    0,  -20,    0,    0,    0,    0,    0,    0,    0,    0,    0,    0,    0,    0,  -80,    0,    0,   -8,    0,    0,    0,    0,    0,    0,    0,    0,    0,    0,  -12,  -32,    0,  -32,    0,    0,    0,    0,    0,    0,    0,    0,    0,    0,    0,    0,    0,    0,    0,    0,    0,  -10,    0,    0,    0,    0,    0,    0,    0,    0,    0,    0,    0,    0,    0,    0,    0,    0,    0,    0,    0,    0,    0,    0,    0,    0,    0,    0,    0,    0,    0,    0,    0,    0,    0,    0,    0,    0,    0,    0,    0,    0,    0,    0,    0,    0,    0,    0,    0,    0,    0,    0,    0,    0,    0,    0,    0,    0,    0,    0,    0,    0,    0,    0,    0,    0,    0,    0,    0,    0,    0,    0,    0,    0,    0,    0,    0,    0,    0,    0,    0,    0,    0,    0,    0,    0,    0,    0,    0,    0,    0,    0,    0,    0,    0,    0,    0,    0,    0,    0,    0,    0,    0,  -32,  -24,
       0,  -24,  -16,    0,  -24,    0,  -24,  -32,    0,    0,    0,    0,    0,    0,    0,    0,    0,    0,  -12,    0,    0,    0,    0,    0,    0,    0,    0,    0,    0,    0,    0,  -48,    0,    0,   -8,    0,    0,    0,   -8,    0,    0,    0,    0,    0,    8,    0,  -16,  -20,  -16,    0,    0,    0,    0,    0,    0,    0,    0,    0,    0,    0,    0,    0,    0,    0,    0,    0,   -8,    0,    0,    0,    0,    0,    0,   -8,    0,   20,    0,    0,    0,    0,    0,    0,    0,    0,    0,    0,    0,    0,    0,    0,    0,    0,    0,    0,    0,    0,    0,    0,    0,    0,    0,    0,    0,    0,    0,    0,    0,    0,    0,    0,    0,    0,    0,    0,    0,    0,    0,    0,    0,    0,    0,    0,    0,    0,    0,    0,    0,    0,    0,    0,    0,    0,    0,    0,    0,    0,    0,    0,    0,    0,    0,    0,    0,    0,    0,    0,    0,    0,    0,    0,    0,    0,    0,    0,    0,    0,    0,    0,    0,    0,    0,    0,    0,    0,    0,    0,    0,    0,  -32,  -16,
       0,    0,    0,    0,    0,    0,    0,    0,    0,    0,    0,    0,    0,    0,    0,    0,    0,    0,    0,    0,    0,    0,    0,    0,    0,    0,    0,    0,    0,    0,    0,  -48,    0,   -8,    0,    0,    0,  -12,    0,    0,    0,    0,    0,    0,    0,    0,   -8,   -8,   -8,    0,    0,    0,    0,    0,    0,    0,    0,    0,   -8,   -8,    0,    0,    0,    0,    0,    0,    0,   -8,   -8,    0,    0,    0,  -12,    0,    0,    0,    0,    0,    0,    0,    0,  -12,    0,    0,    0,    0,    0,    0,    0,    0,    0,    0,    0,    0,    0,    0,    0,    0,    0,    0,    0,    0,    0,    0,    0,    0,    0,    0,    0,    0,    0,    0,    0,    0,    0,    0,    0,    0,    0,    0,    0,    0,    0,    0,    0,    0,    0,    0,    0,    0,    0,    0,    0,    0,    0,    0,    0,    0,    0,    0,    0,    0,    0,    0,    0,    0,    0,    0,    0,    0,    0,    0,    0,    0,    0,    0,    0,    0,    0,    0,    0,    0,    0,    0,    0,    0,    0,    0,    0,   16,
       0,    0,    0,    0,    0,    0,    0,    0,    0,    0,    0,    0,    0,    0,    0,    0,    0,    0,    0,    0,    0,    0,    0,    0,    0,    0,    0,    0,    0,    0,    0,    0,    0,    0,    0,    0,    0,    0,    0,    0,    0,    0,    0,    0,    0,    0,  -16,    8,  -16,    0,    0,    0,    0,    0,    0,    0,    0,    0,    0,    0,    0,    0,    0,    0,    0,    0,    0,    0,    0,    0,    0,    0,    0,    0,    0,    0,    0,    0,    0,    0,    0,    0,    0,    0,    0,    0,    0,    0,    0,    0,    0,    0,    0,    0,    0,    0,    0,    0,    0,    0,    0,    0,    0,    0,    0,    0,    0,    0,    0,    0,    0,    0,    0,    0,    0,    0,    0,    0,    0,    0,    0,    0,    0,    0,    0,    0,    0,    0,    0,    0,    0,    0,    0,    0,    0,    0,    0,    0,    0,    0,    0,    0,    0,    0,    0,    0,    0,    0,    0,    0,    0,    0,    0,    0,    0,    0,    0,    0,    0,    0,    0,    0,    0,    0,    0,    0,    0,    0,  -16,    0,
       0,    0,    0,    0,    0,    0,    0,    0,    0,    0,    0,    0,    0,    0,    0,    0,    0,    0,  -16,    0,    0,    0,    0,    0,    0,    0,    0,    0,    0,    0,    0,  -32,    0,   -8,    0,    0,    0,    0,    0,    0,    0,    0,    0,    0,    0,    0,  -16,    0,  -16,    0,    0,    0,    0,    0,    0,    0,    0,    0,   -8,   -8,    0,    0,    0,    0,    0,    0,    0,   -8,   -8,    0,    0,    0,    0,    0,    0,   24,    0,    0,    0,    0,    0,    0,    0,    0,    0,    0,    0,    0,    0,    0,    0,    0,    0,    0,    0,    0,    0,    0,    0,    0,    0,    0,    0,    0,    0,    0,    0,    0,    0,    0,    0,    0,    0,    0,    0,    0,    0,    0,    0,    0,    0,    0,    0,    0,    0,    0,    0,    0,    0,    0,    0,    0,    0,    0,    0,    0,    0,    0,    0,    0,    0,    0,    0,    0,    0,    0,    0,    0,    0,    0,    0,    0,    0,    0,    0,    0,    0,    0,    0,    0,    0,    0,    0,    0,    0,    0,    0,    0,  -16,    0,
      82,   80,   80,    0,  -24,    0,  -24,  -24,    0,    0,    0,    0,    0,    0,    0,    0,    0,    0,   48,    0,    0,    0,    0,    0,    0,    0,    0,    0,    0,    0,    0,   80,   68,  -10,    0,  -12,    0,  -15,    0,   16,   40,    0,    0,  -14,    0,    0,    8,    0,    8,    0,   80,    0,    0,    0,    0,    0,    0,    0,   18,   30,   20,   88,  127,  100,   -8,  -12,    0,   14,    6,   -4,  -16,    0,   -3,   84,   80,    0,   24,    2,    6,   36,    0,  -15,    0,    0,    0,    0,    0,    0,    0,    0,    0,    0,    0,    0,    0,    0,    0,    0,    0,    0,    0,    0,    0,    0,    0,    0,    0,    0,    0,    0,    0,    0,    0,    0,    0,    0,    0,    0,    0,    0,    0,    0,    0,    0,    0,    0,    0,    0,    0,    0,    0,    0,    0,    0,    0,    0,    0,    0,    0,    0,    0,    0,    0,    0,    0,    0,    0,    0,    0,    0,    0,    0,    0,    0,    0,    0,    0,    0,    0,    0,    0,    0,    0,    0,    0,    0,    0,    0,   64,   73,
      23,    0,   16,    0,    0,    0,    0,    0,    0,    0,    0,    0,    0,    0,    0,    0,    0,    0,    0,    0,    0,    0,    0,    0,    0,    0,    0,    0,    0,    0,    0,  -24,    0,  -16,    0,  -20,    0,   -8,    0,    0,   15,    0,   11,    0,   20,    0,    8,    0,    8,    0,    0,    0,    0,    0,    0,    0,    0,    0,  -16,  -16,  -20,    0,    0,    0,  -20,  -20,    0,  -16,  -16,  -20,  -20,  -20,   -8,    0,   15,    0,    0,    0,    0,    0,    0,   32,    0,    0,    0,    0,    0,    0,    0,    0,    0,    0,    0,    0,    0,    0,    0,    0,    0,    0,    0,    0,    0,    0,    0,    0,    0,    0,    0,    0,    0,    0,    0,    0,    0,    0,    0,    0,    0,    0,    0,    0,    0,    0,    0,    0,    0,    0,    0,    0,    0,    0,    0,    0,    0,    0,    0,    0,    0,    0,    0,    0,    0,    0,    0,    0,    0,    0,    0,    0,    0,    0,    0,    0,    0,    0,    0,    0,    0,    0,    0,    0,    0,    0,    0,    0,    0,    0,   31,   32,
       0,    0,  -32,    0,    0,    0,    0,    0,    0,    0,    0,    0,    0,    0,    0,    0,    0,    0,  -13,    0,    0,    0,    0,    0,    0,    0,    0,    0,    0,    0,    0,  -72,    0,    0,    0,    0,    0,    0,    0,    0,    0,    0,    0,    0,   -8,   -8,  -46,    0,  -46,    0,    0,    0,    0,    0,    0,    0,    0,    0,    0,    0,    0,    0,    0,    0,    0,    0,    0,    0,    0,    0,    0,    0,    0,    0,    0,    0,    0,    0,    0,    0,    0,    0,    0,  -16,    0,    0,    0,    0,    0,    0,    0,    0,    0,    0,    0,    0,    0,    0,    0,    0,    0,    0,    0,    0,    0,    0,    0,    0,    0,    0,    0,    0,    0,    0,    0,    0,    0,    0,    0,    0,    0,    0,    0,    0,    0,    0,    0,    0,    0,    0,    0,    0,    0,    0,    0,    0,    0,    0,    0,    0,    0,    0,    0,    0,    0,    0,    0,    0,    0,    0,    0,    0,    0,    0,    0,    0,    0,    0,    0,    0,    0,    0,    0,    0,    0,    0,    0,    0,  -40,  -24,
       0,    0,    0,    0,    0,    0,    0,    0,    0,    0,    0,    0,    0,    0,    0,    0,    0,    0,    0,    0,    0,    0,    0,    0,    0,    0,    0,    0,    0,    0,    0,    0,    0,    0,    0,    0,    0,   12,    0,    0,    0,    0,    0,    0,    0,    0,  -16,    0,  -16,    0,    0,    0,    0,    0,    0,    0,    0,    0,    0,    0,    0,    0,    0,    0,    0,    0,    0,    0,    0,    0,    0,    0,   12,    0,    0,    0,    0,    0,    0,    0,    0,   12,    0,    0,    0,    0,    0,    0,    0,    0,    0,    0,    0,    0,    0,    0,    0,    0,    0,    0,    0,    0,    0,    0,    0,    0,    0,    0,    0,    0,    0,    0,    0,    0,    0,    0,    0,    0,    0,    0,    0,    0,    0,    0,    0,    0,    0,    0,    0,    0,    0,    0,    0,    0,    0,    0,    0,    0,    0,    0,    0,    0,    0,    0,    0,    0,    0,    0,    0,    0,    0,    0,    0,    0,    0,    0,    0,    0,    0,    0,    0,    0,    0,    0,    0,    0,    0,    0,  -16,    0,
       0,    0,    0,    0,    0,    0,    0,    0,    0,    0,    0,    0,    0,    0,    0,    0,    0,    0,    0,    0,    0,    0,    0,    0,    0,    0,    0,    0,    0,    0,    0,    0,    0,    0,    0,    0,    0,  -16,    0,    0,    0,    0,    0,    0,    0,    0,  -16,   -8,  -16,    0,    0,    0,    0,    0,    0,    0,    0,    0,    0,    0,    0,    0,    0,    0,    0,    0,    0,    0,    0,    0,    0,    0,  -16,    0,    0,    0,    0,    0,    0,    0,    0,  -16,    0,    0,    0,    0,    0,    0,    0,    0,    0,    0,    0,    0,    0,    0,    0,    0,    0,    0,    0,    0,    0,    0,    0,    0,    0,    0,    0,    0,    0,    0,    0,    0,    0,    0,    0,    0,    0,    0,    0,    0,    0,    0,    0,    0,    0,    0,    0,    0,    0,    0,    0,    0,    0,    0,    0,    0,    0,    0,    0,    0,    0,    0,    0,    0,    0,    0,    0,    0,    0,    0,    0,    0,    0,    0,    0,    0,    0,    0,    0,    0,    0,    0,    0,    0,    0,    0,    0,    0,
       0,    0,    0,    0,    0,    0,    0,    0,    0,    0,    0,    0,    0,    0,    0,    0,    0,    0,  -12,    0,    0,    0,    0,    0,    0,    0,    0,    0,    0,    0,    0,  -16,    0,  -16,  -16,  -20,    0,  -16,    0,    0,    0,    0,    0,  -12,    0,    0,  -24,    8,  -24,    0,    0,    0,    0,    0,    0,    0,    0,    0,  -16,  -16,  -20,    0,    0,    0,  -20,  -12,    0,  -16,  -16,  -20,  -20,  -20,  -16,    0,    0,    0,    0,  -12,  -12,    0,    0,  -16,    0,    0,    0,    0,    0,    0,    0,    0,    0,    0,    0,    0,    0,    0,    0,    0,    0,    0,    0,    0,    0,    0,    0,    0,    0,    0,    0,    0,    0,    0,    0,    0,    0,    0,    0,    0,    0,    0,    0,    0,    0,    0,    0,    0,    0,    0,    0,    0,    0,    0,    0,    0,    0,    0,    0,    0,    0,    0,    0,    0,    0,    0,    0,    0,    0,    0,    0,    0,    0,    0,    0,    0,    0,    0,    0,    0,    0,    0,    0,    0,    0,    0,    0,    0,    0,    0,    0,    0,
       0,    0,    0,    0,    0,    0,    0,    0,    0,    0,    0,    0,    0,    0,    0,    0,    0,    0,  -24,    0,    0,    0,    0,    0,    0,    0,    0,    0,    0,    0,    0,    0,    0,    0,    0,    0,    0,    0,    0,    0,    0,    0,    0,    0,    0,    0,  -14,    0,  -14,    0,    0,    0,    0,    0,    0,    0,    0,    0,    0,    0,    0,    0,    0,    0,    0,    0,    0,    0,    0,    0,    0,    0,    0,    0,    0,    0,    0,    0,    0,    0,    0,    0,    0,    0,    0,    0,    0,    0,    0,    0,    0,    0,    0,    0,    0,    0,    0,    0,    0,    0,    0,    0,    0,    0,    0,    0,    0,    0,    0,    0,    0,    0,    0,    0,    0,    0,    0,    0,    0,    0,    0,    0,    0,    0,    0,    0,    0,    0,    0,    0,    0,    0,    0,    0,    0,    0,    0,    0,    0,    0,    0,    0,    0,    0,    0,    0,    0,    0,    0,    0,    0,    0,    0,    0,    0,    0,    0,    0,    0,    0,    0,    0,    0,    0,    0,    0,    0,    0,  -24,  -16,
       0,    0,    0,    0,    0,    0,    0,    0,    0,    0,    0,    0,    0,    0,    0,    0,    0,    0,  -12,    0,    0,    0,    0,    0,    0,    0,    0,    0,    0,    0,    0,  -40,    0,    0,    0,    0,    0,    0,    0,    0,   56,    0,   10,    0,    0,    0,  -12,    0,   24,    0,    0,    0,    0,    0,    0,    0,    0,    0,    0,    0,    0,    0,    0,    0,    0,    0,    0,    0,    0,    0,    0,    0,    0,    0,   56,    0,    0,    0,    0,    0,    0,    0,    0,    0,    0,    0,    0,    0,    0,    0,    0,    0,    0,    0,    0,    0,    0,    0,    0,    0,    0,    0,    0,    0,    0,    0,    0,    0,    0,    0,    0,    0,    0,    0,    0,    0,    0,    0,    0,    0,    0,    0,    0,    0,    0,    0,    0,    0,    0,    0,    0,    0,    0,    0,    0,    0,    0,    0,    0,    0,    0,    0,    0,    0,    0,    0,    0,    0,    0,    0,    0,    0,    0,    0,    0,    0,    0,    0,    0,    0,    0,    0,    0,    0,    0,    0,    0,    0,  -24,    0,
       0,    0,   16,    0,  -56,  -16,  -56,  -48,    0,    0,    0,    0,    0,    0,    0,    0,    0,    0,  -16,    0,    0,    0,    0,    0,    0,    0,    0,    0,    0,    0,    0,    0,    0,  -28,  -16,  -16,    0,  -24,  -16,    0,    0,    0,    0,  -20,   12,    0,    0,    0,    0,    0,    0,    0,    0,    0,    0,    0,    0,    0,  -28,  -28,  -16,    0,    0,    0,  -16,  -16,  -16,  -28,  -28,  -16,  -16,  -16,  -24,  -16,    0,  -16,    0,  -20,  -20,    0,    0,  -24,    0,    0,    0,    0,    0,    0,    0,    0,    0,    0,    0,    0,    0,    0,    0,    0,    0,    0,    0,    0,    0,    0,    0,    0,    0,    0,    0,    0,    0,    0,    0,    0,    0,    0,    0,    0,    0,    0,    0,    0,    0,    0,    0,    0,    0,    0,    0,    0,    0,    0,    0,    0,    0,    0,    0,    0,    0,    0,    0,    0,    0,    0,    0,    0,    0,    0,    0,    0,    0,    0,    0,    0,    0,    0,    0,    0,    0,    0,    0,    0,    0,    0,    0,    0,    0,    0,   24,   24,
       0,    0,    0,    0,  -12,    0,  -12,  -16,    0,    0,    0,    0,    0,    0,    0,    0,    0,    0,  -12,    0,    0,    0,    0,    0,    0,    0,    0,    0,    0,    0,    0,  -24,    0,  -11,    0,    0,    0,  -12,    0,    0,    0,    0,    0,    0,    0,    0,  -11,  -13,  -11,    0,    0,    0,    0,    0,    0,    0,    0,    0,  -11,  -11,    0,    0,    0,    0,    0,    0,    0,  -11,  -11,    0,    0,    0,  -12,    0,    0,    0,    0,    0,    0,    0,    0,  -12,    0,    0,    0,    0,    0,    0,    0,    0,    0,    0,    0,    0,    0,    0,    0,    0,    0,    0,    0,    0,    0,    0,    0,    0,    0,    0,    0,    0,    0,    0,    0,    0,    0,    0,    0,    0,    0,    0,    0,    0,    0,    0,    0,    0,    0,    0,    0,    0,    0,    0,    0,    0,    0,    0,    0,    0,    0,    0,    0,    0,    0,    0,    0,    0,    0,    0,    0,    0,    0,    0,    0,    0,    0,    0,    0,    0,    0,    0,    0,    0,    0,    0,    0,    0,    0,    0,  -16,    0,
       0,    0,    0,    0,    0,    0,    0,    0,    0,    0,    0,    0,    0,    0,    0,    0,    0,    0,    0,    0,    0,    0,    0,    0,    0,    0,    0,    0,    0,    0,    0,  -24,    0,    0,    0,    0,    0,    0,    0,    0,   16,    0,    0,    0,    0,    0,   -8,    0,   -8,    0,    0,    0,    0,    0,    0,    0,    0,    0,    0,    0,    0,    0,    0,    0,    0,    0,    0,    0,    0,    0,    0,    0,    0,    0,    0,    0,    0,    0,    0,    0,    0,    0,    0,    0,    0,    0,    0,    0,    0,    0,    0,    0,    0,    0,    0,    0,    0,    0,    0,    0,    0,    0,    0,    0,    0,    0,    0,    0,    0,    0,    0,    0,    0,    0,    0,    0,    0,    0,    0,    0,    0,    0,    0,    0,    0,    0,    0,    0,    0,    0,    0,    0,    0,    0,    0,    0,    0,    0,    0,    0,    0,    0,    0,    0,    0,    0,    0,    0,    0,    0,    0,    0,    0,    0,    0,    0,    0,    0,    0,    0,    0,    0,    0,    0,    0,    0,    0,    0,   12,   16,
       0,    0,    0,    0,    0,    0,    0,    0,    0,    0,    0,    0,    0,    0,    0,    0,    0,    0,  -12,    0,    0,    0,    0,    0,    0,    0,    0,    0,    0,    0,    0,  -32,    0,    0,    0,    0,    0,    8,    0,    0,    0,    0,    0,    0,    0,    0,  -28,   16,  -28,    0,    0,    0,    0,    0,    0,    0,    0,    0,    0,    0,    0,    0,    0,    0,    0,    0,    0,    0,    0,    0,    0,    0,    8,    0,    0,    0,    0,    0,    0,    0,    0,    8,    0,    0,    0,    0,    0,    0,    0,    0,    0,    0,    0,    0,    0,    0,    0,    0,    0,    0,    0,    0,    0,    0,    0,    0,    0,    0,    0,    0,    0,    0,    0,    0,    0,    0,    0,    0,    0,    0,    0,    0,    0,    0,    0,    0,    0,    0,    0,    0,    0,    0,    0,    0,    0,    0,    0,    0,    0,    0,    0,    0,    0,    0,    0,    0,    0,    0,    0,    0,    0,    0,    0,    0,    0,    0,    0,    0,    0,    0,    0,    0,    0,    0,    0,    0,    0,    0,  -16,  -12,
       0,    0,   24,    0,  -72,  -12,  -72,  -44,    0,    0,    0,    0,    0,    0,    0,    0,    0,    0,    0,    0,    0,    0,    0,    0,    0,    0,    0,    0,    0,    0,    0,    0,    0,  -24,  -20,  -24,   12,  -35,  -20,    8,   16,    8,   16,  -27,   16,   10,    0,    0,    0,    0,    0,    0,    0,    0,    0,    0,    0,    0,  -24,  -24,  -24,    8,    0,    0,  -24,  -24,  -20,  -24,  -24,  -24,  -24,  -24,  -35,  -20,   32,  -20,    8,  -27,  -27,    0,    0,  -35,    0,    0,    0,    0,    0,    0,    0,    0,    0,    0,    0,    0,    0,    0,    0,    0,    0,    0,    0,    0,    0,    0,    0,    0,    0,    0,    0,    0,    0,    0,    0,    0,    0,    0,    0,    0,    0,    0,    0,    0,    0,    0,    0,    0,    0,    0,    0,    0,    0,    0,    0,    0,    0,    0,    0,    0,    0,    0,    0,    0,    0,    0,    0,    0,    0,    0,    0,    0,    0,    0,    0,    0,    0,    0,    0,    0,    0,    0,    0,    0,    0,    0,    0,    0,    0,    0,   32,   32,
       0,    0,   16,    0,    0,    0,    0,    0,    0,    0,    0,    0,    0,    0,    0,    0,    0,    0,    0,    0,    0,    0,    0,    0,    0,    0,    0,    0,    0,    0,    0,    0,    0,    0,    0,  -20,    0,   -8,    0,    0,    0,    0,   12,   -8,   16,    0,    0,    8,    0,    0,    0,    0,    0,    0,    0,    0,    0,    0,    0,    0,  -20,    0,    0,    0,  -20,  -20,    0,    0,    0,  -20,  -20,  -20,   -8,    0,    0,    0,    0,   -8,   -8,    0,    0,   -8,    0,    0,    0,    0,    0,    0,    0,    0,    0,    0,    0,    0,    0,    0,    0,    0,    0,    0,    0,    0,    0,    0,    0,    0,    0,    0,    0,    0,    0,    0,    0,    0,    0,    0,    0,    0,    0,    0,    0,    0,    0,    0,    0,    0,    0,    0,    0,    0,    0,    0,    0,    0,    0,    0,    0,    0,    0,    0,    0,    0,    0,    0,    0,    0,    0,    0,    0,    0,    0,    0,    0,    0,    0,    0,    0,    0,    0,    0,    0,    0,    0,    0,    0,    0,    0,    0,   24,   32,
       0,    0,    0,    0,    0,    0,    0,    0,    0,    0,    0,    0,    0,    0,    0,    0,    0,    0,    0,    0,    0,    0,    0,    0,    0,    0,    0,    0,    0,    0,    0,  -24,    0,    0,    0,    0,    0,   -8,    0,    0,    0,    0,    0,    0,    0,    0,    0,    0,    0,    0,    0,    0,    0,    0,    0,    0,    0,    0,    0,    0,    0,    0,    0,    0,    0,    0,    0,    0,    0,    0,    0,    0,   -8,    0,    0,    0,    0,    0,    0,    0,    0,   -8,    0,    0,    0,    0,    0,    0,    0,    0,    0,    0,    0,    0,    0,    0,    0,    0,    0,    0,    0,    0,    0,    0,    0,    0,    0,    0,    0,    0,    0,    0,    0,    0,    0,    0,    0,    0,    0,    0,    0,    0,    0,    0,    0,    0,    0,    0,    0,    0,    0,    0,    0,    0,    0,    0,    0,    0,    0,    0,    0,    0,    0,    0,    0,    0,    0,    0,    0,    0,    0,    0,    0,    0,    0,    0,    0,    0,    0,    0,    0,    0,    0,    0,    0,    0,    0,    0,    0,    0,
       0,    0,    0,    0,    0,    0,    0,    0,    0,    0,    0,    0,    0,    0,    0,    0,    0,    0,    0,    0,    0,    0,   56,    0,    0,    0,    0,   24,    0,   16,    0,    0,    0,    0,    0,    0,    0,    0,    0,    0,   44,    0,    0,    0,    0,    0,   16,    0,   16,    0,    0,    0,    0,    0,    0,    0,    0,    0,    0,    0,    0,    0,   24,   24,    0,    0,    0,    0,    0,    0,    0,    0,    0,    0,   44,    0,    0,    0,    0,    0,    0,   16,    0,    0,    0,    0,    0,    0,    0,    0,    0,    0,    0,    0,    0,    0,    0,    0,    0,    0,    0,    0,    0,    0,    0,    0,    0,   16,    0,    0,    0,    0,    0,    0,    0,    0,    0,    0,    0,    0,    0,    0,    0,   56,    0,    0,    0,    0,    0,    0,    0,    0,    0,    0,    0,    0,    0,    0,    0,    0,    0,    0,    0,    0,    0,    0,   16,    0,    0,    0,    0,    0,    0,    0,   24,   44,   16,   24,    0,    0,   16,    0,    0,    0,    0,    0,    0,   16,    0,    0,
       0,    0,    0,    0,    0,    0,    0,    0,    0,    0,    0,    0,    0,    0,    0,    0,    0,    0,    0,    0,    0,    0,   32,    0,    0,    0,    0,  -24,    0,  -16,    0,    0,    0,    0,    0,    0,    0,    0,    0,    0,   32,    0,    0,    0,    0,    0,    0,    0,    0,    0,    0,    0,    0,    0,    0,    0,    0,    0,    0,    0,    0,    0,    0,    0,    0,    0,    0,    0,    0,    0,    0,    0,    0,    0,    0,    0,    0,    0,    0,    0,    0,    0,    0,    0,    0,    0,    0,    0,    0,    0,    0,    0,    0,    0,    0,    0,    0,    0,    0,    0,    0,    0,    0,    0,    0,    0,    0,    0,    0,    0,    0,    0,    0,    0,    0,    0,    0,    0,    0,    0,    0,    0,    0,   32,    0,    0,    0,    0,    0,    0,    0,    0,    0,    0,    0,    0,    0,    0,    0,    0,    0,    0,    0,    0,    0,    0,    0,    0,    0,    0,    0,    0,    0,    0,    0,   32,    0,  -24,    0,    0,  -16,    0,    0,    0,    0,    0,    0,    0,    0,    0,
       0,    0,    0,    0,    0,    0,    0,    0,    0,    0,    0,    0,    0,    0,    0,    0,    0,    0,    0,    0,    0,    0,    0,    0,    0,  -16,  -16,  -24,    0,  -32,    0,    0,    0,    0,    0,    0,    0,    0,    0,    0,    0,    0,    0,    0,    0,    0,    0,    0,    0,    0,    0,    0,    0,    0,    0,    0,    0,    0,    0,    0,    0,    0,    0,    0,    0,    0,  -24,    0,    0,    0,    0,    0,    0,    0,    0,    0,    0,    0,    0,    0,    0,    0,    0,    0,    0,    0,    0,    0,    0,    0,    0,    0,    0,    0,    0,  -16,  -16,    0,    0,    0,    0,    0,    0,    0,    0,    0,    0,    0,    0,    0,    0,    0,    0,    0,    0,    0,    0,    0,    0,    0,  -16,    0,    0,    0,    0,   -8,    0,    0,    0,    0,    0,    0,    0,  -16,    0,    0,    0,    0,    0,    0,    0,    0,    0,    0,    0,    0,    0,    0,    0,    0,    0,    0,    0,    0,    0,    0,    0,  -24,    0,    0,  -32,    0,    0,    0,    0,    0,    0,    0,    0,    0,
       0,    0,    0,    0,  -16,    0,  -16,    0,    0,    0,    0,    0,    0,    0,    0,    0,    0,    0,    0,  -24,  -16,    0,    0,    0,    0,  -24,    0,  -32,    0,  -40,    0,    0,    0,    0,    0,    0,    0,    0,    0,    0,    0,    0,    0,    0,    0,    0,    0,    0,    0,    0,    0,    0,    0,    0,    0,  -40,    0,    0,    0,    0,    0,    0,    0,    0,    0,    0,    0,    0,    0,    0,    0,    0,    0,    0,    0,    0,    0,    0,    0,    0,    0,    0,    0,    0,    0,    0,    0,    0,  -24,  -16,    0,    0,    0,    0,    0,  -24,  -32,    0,    0,    0,    0,    0,    0,    0,    0,    0,    0,    0,    0,    0,    0,    0,    0,    0,    0,    0,    0,    0,    0,  -16,  -24,    0,    0,    0,    0,  -16,  -24,    0,  -24,    0,    0,    0,    0,  -24,    0,    0,    0,    0,    0,    0,    0,  -24,    0,    0,    0,    0,    0,    0,    0,    0,    0,    0,    0,    0,    0,    0,    0,  -32,    0,    0,  -40,    0,    0,  -40,    0,    0,    0,    0,    0,    0,
       0,    0,    0,    0,    0,    0,    0,    0,    0,    0,    0,    0,    0,    0,    0,    0,    0,    0,    0,    0,  -16,  -20,   24,    0,    0,  -32,  -24,  -56,    0,  -48,    0,    0,    0,  -24,  -24,  -24,  -16,    0,  -24,    0,   24,  -16,    0,  -32,  -16,  -16,  -24,  -24,  -32,  -24,    0,    0,    0,    0,    0,    0,  -20,  -24,  -24,  -24,  -24,    0,    0,    0,  -24,  -24,  -24,  -24,  -24,  -24,  -24,  -24,    0,  -24,    0,  -24,  -16,  -32,  -32,  -24,    0,    0,    0,    0,    0,    0,    0,    0,    0,  -16,    0,    0,  -20,    0,    0,  -32,    0,    0,    0,    0,    0,  -24,    0,  -16,    0,    0,    0,  -24,  -24,    0,    0,    0,    0,    0,    0,    0,    0,    0,    0,  -16,  -32,  -20,    0,   24,    0,    0,    0,    0,    0,    0,    0,    0,    0,    0,    0,    0,  -24,    0,    0,    0,  -24,    0,    0,    0,    0,    0,  -24,  -24,    0,    0,    0,  -24,  -32,    0,    0,   24,  -32,  -48,    0,    0,  -32,    0,    0,    0,    0,    0,    0,  -24,    0,    0,
       0,  -24,    0,    0,  -40,    0,  -40,  -32,    0,    0,    0,    0,    0,    0,    0,    0,    0,    0,    0,  -22,  -12,    0,  -16,   -8,    0,    0,  -12,  -16,  -20,  -20,  -10,  -24,    0,    0,    0,    0,    0,   -8,    0,    0,    0,    0,    0,    0,   24,    0,    0,    0,    0,    0,    0,    0,    0,    0,    0,  -56,    0,  -16,    0,    0,    0,    0,    0,    0,    0,    0,    0,    0,    0,    0,    0,    0,   -8,    0,    0,    0,    0,    0,    0,    0,    0,   -8,    0,    0,    0,    0,    0,    0,    0,    0,    0,    0,    0,    0,    0,    0,    0,    0,    0,    0,    0,    0,    0,    0,    0,    0,    0,    0,    0,    0,    0,    0,    0,    0,    0,    0,    0,    0,    0,    0,    0,    0,    0,    0,    0,    0,    0,    0,    0,    0,    0,    0,    0,    0,    0,    0,    0,    0,    0,    0,    0,    0,    0,    0,    0,    0,    0,    0,    0,    0,    0,    0,    0,    0,    0,    0,    0,    0,    0,    0,    0,    0,    0,    0,    0,    0,    0,    0,    0,    0,
       0,  -24,    0,    0,  -64,    0,  -64,  -88,    0,    0,    0,    0,    0,    0,    0,    0,    0,    0,  -16,  -64,  -36,    0,  -32,  -40,  -20,  -24,  -28,  -56,  -56,  -60,    0,  -48,  -24,  -11,  -14,    0,    0,  -24,  -14,    0,    0,    0,    0,  -11,    0,    0,    0,  -10,    0,    0,    0,    0,    0,    0,    0,  -88,    0,    0,  -11,  -11,    0,    0,    0,    0,    0,    0,  -14,  -11,  -11,    0,    0,    0,  -24,  -14,    0,  -14,    0,  -11,  -11,    0,    0,  -24,  -32,    0,    0,    0,    0,    0,    0,    0,    0,    0,    0,    0,    0,    0,    0,    0,    0,    0,    0,    0,    0,    0,    0,    0,    0,    0,    0,    0,    0,    0,    0,    0,    0,    0,    0,    0,    0,    0,    0,    0,    0,    0,    0,    0,    0,    0,    0,    0,    0,    0,    0,    0,    0,    0,    0,    0,    0,    0,    0,    0,    0,    0,    0,    0,    0,    0,    0,    0,    0,    0,    0,    0,    0,    0,    0,    0,    0,    0,    0,    0,    0,    0,    0,    0,    0,    0,    0,    0,
       0,    0,  -16,    0,    0,    0,    0,  -16,    0,    0,    0,    0,    0,    0,    0,    0,    0,    0,  -16,    0,    0,    0,    0,    0,    0,    0,    0,    0,    0,    0,    0,  -24,    0,    0,    0,    0,    0,    0,    0,    0,    0,  -16,  -16,    0,    0,  -16,  -32,    0,  -32,    0,    0,    0,    0,    0,    0,    0,    0,    0,    0,    0,    0,    0,    0,    0,    0,    0,    0,    0,    0,    0,    0,    0,    0,    0,    0,    0,  -16,    0,    0,    0,    0,    0,    0,    0,    0,    0,    0,    0,    0,    0,    0,    0,    0,    0,    0,    0,    0,    0,    0,    0,    0,    0,    0,    0,    0,    0,    0,    0,    0,    0,    0,    0,    0,    0,    0,    0,    0,    0,    0,    0,    0,    0,    0,    0,    0,    0,    0,    0,    0,    0,    0,    0,    0,    0,    0,    0,    0,    0,    0,    0,    0,    0,    0,    0,    0,    0,    0,    0,    0,    0,    0,    0,    0,    0,    0,    0,    0,    0,    0,    0,    0,    0,    0,    0,    0,    0,    0,    0,  -32,  -24,
       0,   24,   24,    0,    0,    0,    0,    0,    0,    0,    0,    0,    0,    0,    0,    0,    0,    0,    0,    0,    0,    0,    0,    0,    0,    0,    0,    0,    0,    0,    0,   16,   24,    0,   44,    0,    0,    0,   44,    0,    0,    0,    0,    0,    0,    0,    0,    0,    0,    0,   24,    0,    0,    0,    0,    0,    0,    0,    0,    0,    0,    0,   40,   40,    0,    0,   44,    0,    0,    0,    0,    0,    0,   44,    0,   44,    0,    0,    0,    0,    0,    0,    0,    0,    0,    0,    0,    0,    0,    0,    0,    0,    0,    0,    0,    0,    0,    0,    0,    0,    0,    0,    0,    0,    0,    0,    0,    0,    0,    0,    0,    0,    0,    0,    0,    0,    0,    0,    0,    0,    0,    0,    0,    0,    0,    0,    0,    0,    0,    0,    0,    0,    0,    0,    0,    0,    0,    0,    0,    0,    0,    0,    0,    0,    0,    0,    0,    0,    0,    0,    0,    0,    0,    0,    0,    0,    0,    0,    0,    0,    0,    0,    0,    0,    0,    0,    0,    0,   16,   24,
     -40,    0,  -72,    0,    0,  -24,    0,   16,    0,    0,    0,    0,    0,    0,    0,    0,    0,    0,  -44,   20,    0,  -12,   16,    0,    0,  -84,  -48,  -92,    8,  -82,    8,  -80,    0,    0,  -12,    0,    0,    0,    0,    0,   32,    0,    0,    0,  -12,  -16,  -68,   16,  -68,    0,    0,  -24,    0,    0,    0,   24,    0,    0,    0,    0,    0,    0,    0,    0,    0,    0,    0,    0,    0,    0,    0,    0,    0,    0,   32,    0,    0,    0,    0,    0,    0,    0,    0,    0,    0,    0,    0,    0,    0,    0,    0,    0,    0,    0,    0,    0,    0,    0,    0,    0,    0,    0,    0,    0,    0,    0,    0,    0,    0,    0,    0,    0,    0,    0,    0,    0,    0,    0,    0,    0,    0,    0,    0,    0,    0,    0,    0,    0,    0,    0,    0,    0,    0,    0,    0,    0,    0,    0,    0,    0,    0,    0,    0,    0,    0,    0,    0,    0,    0,    0,    0,    0,    0,    0,    0,    0,    0,    0,    0,    0,    0,    0,    0,    0,    0,    0,    0,    0,  -88,  -64,
       0,    0,  -32,    0,    0,    0,    0,    0,    0,    0,    0,    0,    0,    0,    0,    0,    0,    0,  -20,    0,    0,    0,    0,    0,    0,    0,    0,    0,    0,    0,    0,  -80,    0,    0,   -8,    0,    0,    0,    0,    0,   72,    0,    0,    0,    0,  -12,  -32,    0,  -32,    0,    0,    0,    0,    0,    0,    0,    0,    0,    0,    0,    0,    0,    0,    0,    0,    0,  -10,    0,    0,    0,    0,    0,    0,    0,   72,    0,    0,    0,    0,    0,    0,    0,    0,    0,    0,    0,    0,    0,    0,    0,    0,    0,    0,    0,    0,    0,    0,    0,    0,    0,    0,    0,    0,    0,    0,    0,    0,    0,    0,    0,    0,    0,    0,    0,    0,    0,    0,    0,    0,    0,    0,    0,    0,    0,    0,    0,    0,    0,    0,    0,    0,    0,    0,    0,    0,    0,    0,    0,    0,    0,    0,    0,    0,    0,    0,    0,    0,    0,    0,    0,    0,    0,    0,    0,    0,    0,    0,    0,    0,    0,    0,    0,    0,    0,    0,    0,    0,    0,  -32,  -24,
       0,   72,   56,    0,    0,    0,    0,    0,    0,    0,    0,    0,    0,    0,    0,    0,    0,    0,   40,    0,    0,    0,    0,    0,    0,    0,    0,    0,    0,    0,    0,   48,   48,    0,   88,    0,   32,    0,   88,   40,   40,    8,    0,    0,   16,    8,   24,   16,   24,    0,   64,    0,    0,    0,    0,    0,    0,    0,    0,   32,    0,   40,    0,    0,    0,    0,   88,    0,    0,    0,    0,    0,    0,   88,   72,   88,   32,    0,   24,   28,    0,    0,    0,    0,    0,    0,    0,    0,    0,    0,    0,    0,    0,    0,    0,    0,    0,    0,    0,    0,    0,    0,    0,    0,    0,    0,    0,    0,    0,    0,    0,    0,    0,    0,    0,    0,    0,    0,    0,    0,    0,    0,    0,    0,    0,    0,    0,    0,    0,    0,    0,    0,    0,    0,    0,    0,    0,    0,    0,    0,    0,    0,    0,    0,    0,    0,    0,    0,    0,    0,    0,    0,    0,    0,    0,    0,    0,    0,    0,    0,    0,    0,    0,    0,    0,    0,    0,    0,   48,   64,
       0,    0,    0,    0,    0,    0,    0,    0,    0,    0,    0,    0,    0,    0,    0,    0,    0,    0,    0,    0,    0,    0,    0,    0,    0,    0,    0,    0,    0,    0,    0,    0,    0,    0,    0,    0,    0,    0,    0,    0,    0,    0,    0,    0,    0,    0,  -16,    8,  -16,    0,    0,    0,    0,    0,    0,    0,    0,    0,    0,    0,    0,    0,    0,    0,    0,    0,    0,    0,    0,    0,    0,    0,    0,    0,    0,    0,    0,    0,    0,    0,    0,    0,    0,    0,    0,    0,    0,    0,    0,    0,    0,    0,    0,    0,    0,    0,    0,    0,    0,    0,    0,    0,    0,    0,    0,    0,    0,    0,    0,    0,    0,    0,    0,    0,    0,    0,    0,    0,    0,    0,    0,    0,    0,    0,    0,    0,    0,    0,    0,    0,    0,    0,    0,    0,    0,    0,    0,    0,    0,    0,    0,    0,    0,    0,    0,    0,    0,    0,    0,    0,    0,    0,    0,    0,    0,    0,    0,    0,    0,    0,    0,    0,    0,    0,    0,    0,    0,    0,   -8,    0,
       0,    0,    0,    0,    0,    0,    0,    0,    0,    0,    0,    0,    0,    0,    0,    0,    0,    0,    0,    0,    0,    0,    0,    0,    0,    0,    0,    0,    0,    0,    0,    0,    0,    0,    0,    0,    0,    0,    0,    0,   16,    0,    0,    0,    0,    0,    0,    0,    0,    0,    0,    0,    0,    0,    0,    0,    0,    0,    0,    0,    0,    0,    0,    0,    0,    0,    0,    0,    0,    0,    0,    0,    0,    0,    0,    0,    0,    0,    0,    0,    0,    0,    0,    0,    0,    0,    0,    0,    0,    0,    0,    0,    0,    0,    0,    0,    0,    0,    0,    0,    0,    0,    0,    0,    0,    0,    0,    0,    0,    0,    0,    0,    0,    0,    0,    0,    0,    0,    0,    0,    0,    0,    0,    0,    0,    0,    0,    0,    0,    0,    0,    0,    0,    0,    0,    0,    0,    0,    0,    0,    0,    0,    0,    0,    0,    0,    0,    0,    0,    0,    0,    0,    0,    0,    0,    0,    0,    0,    0,    0,    0,    0,    0,    0,    0,    0,    0,    0,    0,   16,
       0,    0,    0,    0,    0,    0,    0,    0,    0,    0,    0,    0,    0,    0,    0,    0,    0,    0,  -16,    0,    0,    0,    0,    0,    0,    0,    0,    0,    0,    0,    0,  -32,    0,   -8,    0,    0,    0,    0,    0,    0,   32,    0,    0,    0,    0,    0,  -16,    0,  -16,    0,    0,    0,    0,    0,    0,    0,    0,    0,   -8,   -8,    0,    0,    0,    0,    0,    0,    0,   -8,   -8,    0,    0,    0,    0,    0,   32,   24,    0,    0,    0,    0,    0,    0,    0,    0,    0,    0,    0,    0,    0,    0,    0,    0,    0,    0,    0,    0,    0,    0,    0,    0,    0,    0,    0,    0,    0,    0,    0,    0,    0,    0,    0,    0,    0,    0,    0,    0,    0,    0,    0,    0,    0,    0,    0,    0,    0,    0,    0,    0,    0,    0,    0,    0,    0,    0,    0,    0,    0,    0,    0,    0,    0,    0,    0,    0,    0,    0,    0,    0,    0,    0,    0,    0,    0,    0,    0,    0,    0,    0,    0,    0,    0,    0,    0,    0,    0,    0,    0,    0,  -16,    0,
       0,    0,    0,    0,    0,    0,    0,    0,    0,    0,    0,    0,    0,    0,    0,    0,    0,    0,    0,    0,    0,    0,    0,    0,    0,    0,    0,    0,    0,    0,    0,    0,    0,    0,    0,    0,    0,   12,    0,    0,   76,    0,    0,    0,    0,    0,  -16,    0,  -16,    0,    0,    0,    0,    0,    0,    0,    0,    0,    0,    0,    0,    0,    0,    0,    0,    0,    0,    0,    0,    0,    0,    0,   12,    0,   76,    0,    0,    0,    0,    0,    0,   12,    0,    0,    0,    0,    0,    0,    0,    0,    0,    0,    0,    0,    0,    0,    0,    0,    0,    0,    0,    0,    0,    0,    0,    0,    0,    0,    0,    0,    0,    0,    0,    0,    0,    0,    0,    0,    0,    0,    0,    0,    0,    0,    0,    0,    0,    0,    0,    0,    0,    0,    0,    0,    0,    0,    0,    0,    0,    0,    0,    0,    0,    0,    0,    0,    0,    0,    0,    0,    0,    0,    0,    0,    0,    0,    0,    0,    0,    0,    0,    0,    0,    0,    0,    0,    0,    0,  -16,    0,
       0,    0,    0,    0,    0,    0,    0,    0,    0,    0,    0,    0,    0,    0,    0,    0,    0,    0,    0,    0,    0,    0,    0,    0,    0,    0,    0,    0,    0,    0,    0,    0,    0,    0,   40,    0,    0,  -16,   40,    0,    0,    0,    0,    0,    0,    0,    0,    0,    0,    0,    0,    0,    0,    0,    0,    0,    0,    0,    0,    0,    0,    0,    0,    0,    0,    0,   40,    0,    0,    0,    0,    0,  -16,   40,    0,   40,    0,    0,    0,    0,    0,  -16,    0,    0,    0,    0,    0,    0,    0,    0,    0,    0,    0,    0,    0,    0,    0,    0,    0,    0,    0,    0,    0,    0,    0,    0,    0,    0,    0,    0,    0,    0,    0,    0,    0,    0,    0,    0,    0,    0,    0,    0,    0,    0,    0,    0,    0,    0,    0,    0,    0,    0,    0,    0,    0,    0,    0,    0,    0,    0,    0,    0,    0,    0,    0,    0,    0,    0,    0,    0,    0,    0,    0,    0,    0,    0,    0,    0,    0,    0,    0,    0,    0,    0,    0,    0,    0,    0,    0,    0,
       0,    0,    0,    0,    0,    0,    0,    0,    0,    0,    0,    0,    0,    0,    0,    0,    0,    0,  -24,    0,    0,    0,    0,    0,    0,    0,    0,    0,    0,    0,    0,    0,    0,    0,    0,    0,   16,    0,    0,   24,   24,   24,   32,    0,   32,   16,   18,   16,   18,    0,    0,    0,    0,    0,    0,    0,    0,    0,    0,    0,    0,   24,    0,    0,    0,    0,    0,    0,    0,    0,    0,    0,    0,    0,    0,    0,   24,    0,    0,    0,    0,    0,    0,    0,    0,    0,    0,    0,    0,    0,    0,    0,    0,    0,    0,    0,    0,    0,    0,    0,    0,    0,    0,    0,    0,    0,    0,    0,    0,    0,    0,    0,    0,    0,    0,    0,    0,    0,    0,    0,    0,    0,    0,    0,    0,    0,    0,    0,    0,    0,    0,    0,    0,    0,    0,    0,    0,    0,    0,    0,    0,    0,    0,    0,    0,    0,    0,    0,    0,    0,    0,    0,    0,    0,    0,    0,    0,    0,    0,    0,    0,    0,    0,    0,    0,    0,    0,    0,  -24,  -16,
       0,    0,    0,    0,    0,    0,    0,    0,    0,    0,    0,    0,    0,    0,    0,    0,    0,    0,    0,    0,    0,    0,    0,    0,    0,    0,    0,    0,    0,    0,    0,  -24,    0,    0,    0,    0,    0,    0,    0,    0,   48,    0,    0,    0,    0,    0,   -8,    0,   -8,    0,    0,    0,    0,    0,    0,    0,    0,    0,    0,    0,    0,    0,    0,    0,    0,    0,    0,    0,    0,    0,    0,    0,    0,    0,    0,    0,    0,    0,    0,    0,    0,    0,    0,    0,    0,    0,    0,    0,    0,    0,    0,    0,    0,    0,    0,    0,    0,    0,    0,    0,    0,    0,    0,    0,    0,    0,    0,    0,    0,    0,    0,    0,    0,    0,    0,    0,    0,    0,    0,    0,    0,    0,    0,    0,    0,    0,    0,    0,    0,    0,    0,    0,    0,    0,    0,    0,    0,    0,    0,    0,    0,    0,    0,    0,    0,    0,    0,    0,    0,    0,    0,    0,    0,    0,    0,    0,    0,    0,    0,    0,    0,    0,    0,    0,    0,    0,    0,    0,   12,   16,
       0,    0,    0,    0,    0,    0,    0,    0,    0,    0,    0,    0,    0,    0,    0,    0,    0,    0,    0,    0,    0,    0,    0,    0,    0,    0,    0,    0,    0,    0,    0,    0,    0,    0,    0,    0,    0,    0,    0,    0,    0,    0,    0,    0,    0,    0,    0,    0,    0,    0,    0,    0,    0,    0,    0,    0,    0,    0,    0,    0,    0,    0,    0,    0,    0,    0,    0,    0,    0,    0,    0,    0,    0,    0,    0,    0,    0,    0,    0,    0,    0,    0,    0,    0,    0,    0,    0,    0,    0,    0,    0,    0,    0,    0,    0,    0,    0,    0,    0,    0,    0,    0,    0,    0,    0,    0,    0,    0,    0,    0,    0,    0,    0,    0,    0,    0,    0,    0,    0,    0,    0,    0,    0,    0,    0,    0,    0,    0,    0,    0,    0,    0,    0,    0,    0,    0,    0,    0,    0,    0,    0,    0,    0,    0,    0,    0,    0,    0,    0,    0,    0,    0,    0,    0,    0,    0,    0,    0,    0,    0,    0,    0,    0,    0,    0,    0,    0,    0,   16,    0,
       0,    0,    0,    0,    0,    0,    0,    0,    0,    0,    0,    0,    0,    0,    0,    0,    0,    0,  -12,    0,    0,    0,    0,    0,    0,    0,    0,    0,    0,    0,    0,  -32,    0,    0,    0,    0,    0,    8,    0,    0,   64,    0,    0,    0,    0,    0,  -28,   16,  -28,    0,    0,    0,    0,    0,    0,    0,    0,    0,    0,    0,    0,    0,    0,    0,    0,    0,    0,    0,    0,    0,    0,    0,    8,    0,   64,    0,    0,    0,    0,    0,    0,    8,    0,    0,    0,    0,    0,    0,    0,    0,    0,    0,    0,    0,    0,    0,    0,    0,    0,    0,    0,    0,    0,    0,    0,    0,    0,    0,    0,    0,    0,    0,    0,    0,    0,    0,    0,    0,    0,    0,    0,    0,    0,    0,    0,    0,    0,    0,    0,    0,    0,    0,    0,    0,    0,    0,    0,    0,    0,    0,    0,    0,    0,    0,    0,    0,    0,    0,    0,    0,    0,    0,    0,    0,    0,    0,    0,    0,    0,    0,    0,    0,    0,    0,    0,    0,    0,    0,  -16,  -12,
       0,   32,    0,    0,    0,    0,    0,  -32,    0,    0,    0,    0,    0,    0,    0,    0,    0,    0,    0,  -22,    8,    0,    0,    0,    0,   24,   24,   32,    8,   24,    8,   24,   16,    0,   40,    0,    0,   -8,   40,    0,    0,    0,    0,    0,   24,    0,    0,    0,    0,    0,   24,    0,    0,    0,    0,  -56,    0,    0,    0,    0,    0,    0,    0,    0,    0,    0,   40,    0,    0,    0,    0,    0,   -8,   40,    0,   40,    0,    0,    0,    0,    0,   -8,    0,    0,    0,    0,    0,    0,    0,    0,    0,    0,    0,    0,    0,    0,    0,    0,    0,    0,    0,    0,    0,    0,    0,    0,    0,    0,    0,    0,    0,    0,    0,    0,    0,    0,    0,    0,    0,    0,    0,    0,    0,    0,    0,    0,    0,    0,    0,    0,    0,    0,    0,    0,    0,    0,    0,    0,    0,    0,    0,    0,    0,    0,    0,    0,    0,    0,    0,    0,    0,    0,    0,    0,    0,    0,    0,    0,    0,    0,    0,    0,    0,    0,    0,    0,    0,    0,    0,   24,
      24,    0,   32,    0,  -24,    0,  -24,  -32,    0,    0,    0,    0,    0,    0,    0,    0,    0,    0,    0,    0,    0,    0,    0,    0,    0,    0,    0,    0,    0,    0,    0,    0,    0,    0,   24,    0,   16,    0,   24,    0,    0,   16,   24,    0,   24,   16,   32,   16,   32,    0,    0,    0,    0,    0,    0,    0,    0,    0,    0,    0,    0,    0,    0,    0,    0,    0,   24,    0,    0,    0,    0,    0,    0,   24,    0,   24,   16,    0,    0,    0,    0,    0,    0,    0,    0,    0,    0,    0,    0,    0,    0,    0,    0,    0,    0,    0,    0,    0,    0,    0,    0,    0,    0,    0,    0,    0,    0,    0,    0,    0,    0,    0,    0,    0,    0,    0,    0,    0,    0,    0,    0,    0,    0,    0,    0,    0,    0,    0,    0,    0,    0,    0,    0,    0,    0,    0,    0,    0,    0,    0,    0,    0,    0,    0,    0,    0,    0,    0,    0,    0,    0,    0,    0,    0,    0,    0,    0,    0,    0,    0,    0,    0,    0,    0,    0,    0,    0,    0,   48,   32,
       0,   40,   24,    0,  -32,    0,  -32,  -46,    0,    0,    0,    0,    0,    0,    0,    0,    0,    0,    0,  -52,    8,  -12,    0,    0,  -12,    8,   24,   24,    0,   32,    0,   32,   24,  -16,   40,  -12,    0,  -32,   40,    0,    0,    0,    0,  -20,    0,    0,    0,    0,    0,  -16,   32,    0,    0,  -16,    0,  -56,  -12,    0,  -16,  -16,  -12,    0,   52,   52,  -12,  -12,   40,  -16,  -16,  -12,  -12,  -12,  -32,   40,    0,   40,    0,  -20,  -20,  -16,    0,  -32,    0,    0,    0,    0,    0,    0,    0,    0,    0,    0,    0,    0,    0,    0,    0,    0,    0,    0,    0,    0,    0,    0,    0,    0,    0,    0,    0,    0,    0,    0,    0,    0,    0,    0,    0,    0,    0,    0,    0,    0,    0,    0,    0,    0,    0,    0,    0,    0,    0,    0,    0,    0,    0,    0,    0,    0,    0,    0,    0,    0,    0,    0,    0,    0,    0,    0,    0,    0,    0,    0,    0,    0,    0,    0,    0,    0,    0,    0,    0,    0,    0,    0,    0,    0,    0,    0,    0,   24,
       0,    0,   32,    0,    0,    0,    0,    0,    0,    0,    0,    0,    0,    0,    0,    0,    0,    0,    0,    0,    0,    0,    0,    0,    0,    0,    0,    0,    0,    0,    0,    0,    0,    0,    0,    0,    0,    0,    0,    0,    0,    0,    0,    0,   16,    0,   16,   16,   16,    0,    0,    0,    0,    0,    0,    0,    0,    0,    0,    0,    0,    0,    0,    0,    0,    0,    0,    0,    0,    0,    0,    0,    0,    0,    0,    0,    0,    0,    0,    0,    0,    0,    0,    0,    0,    0,    0,    0,    0,    0,    0,    0,    0,    0,    0,    0,    0,    0,    0,    0,    0,    0,    0,    0,    0,    0,    0,    0,    0,    0,    0,    0,    0,    0,    0,    0,    0,    0,    0,    0,    0,    0,    0,    0,    0,    0,    0,    0,    0,    0,    0,    0,    0,    0,    0,    0,    0,    0,    0,    0,    0,    0,    0,    0,    0,    0,    0,    0,    0,    0,    0,    0,    0,    0,    0,    0,    0,    0,    0,    0,    0,    0,    0,    0,    0,    0,    0,    0,   16,   24,
      23,    0,   16,    0,    0,    0,    0,    0,    0,    0,    0,    0,    0,    0,    0,    0,    0,    0,    0,    0,    0,    0,    0,    0,    0,    0,    0,    0,    0,    0,    0,  -24,    0,  -16,    0,  -20,    0,   40,    0,    0,   15,    0,   11,    0,   20,    0,    8,    0,    8,    0,    0,    0,    0,    0,    0,    0,    0,    0,  -16,  -16,  -20,    0,    0,    0,  -20,  -20,    0,  -16,  -16,  -20,  -20,  -20,   40,    0,   15,    0,    0,    0,    0,    0,    0,   32,    0,    0,    0,    0,    0,    0,    0,    0,    0,    0,    0,    0,    0,    0,    0,    0,    0,    0,    0,    0,    0,    0,    0,    0,    0,    0,    0,    0,    0,    0,    0,    0,    0,    0,    0,    0,    0,    0,    0,    0,    0,    0,    0,    0,    0,    0,    0,    0,    0,    0,    0,    0,    0,    0,    0,    0,    0,    0,    0,    0,    0,    0,    0,    0,    0,    0,    0,    0,    0,    0,    0,    0,    0,    0,    0,    0,    0,    0,    0,    0,    0,    0,    0,    0,    0,    0,   31,   32,
       0,    0,    0,    0,    0,    0,    0,    0,    0,    0,    0,    0,    0,    0,    0,    0,    0,    0,    0,    0,    0,    0,    0,    0,    0,    0,    0,    0,    0,    0,    0,    0,    0,    0,    0,  -11,    0,    0,    0,    0,    0,    0,    0,    0,    0,    0,    0,    0,    0,    0,    0,    0,    0,    0,    0,    0,    0,    0,    0,    0,  -11,    0,    0,    0,  -11,  -11,    0,    0,    0,  -11,  -11,  -11,    0,    0,    0,    0,    0,    0,    0,    0,    0,    0,    0,    0,    0,    0,    0,    0,    0,    0,    0,    0,    0,    0,    0,    0,    0,    0,    0,    0,    0,    0,    0,    0,    0,    0,    0,    0,    0,    0,    0,    0,    0,    0,    0,    0,    0,    0,    0,    0,    0,    0,    0,    0,    0,    0,    0,    0,    0,    0,    0,    0,    0,    0,    0,    0,    0,    0,    0,    0,    0,    0,    0,    0,    0,    0,    0,    0,    0,    0,    0,    0,    0,    0,    0,    0,    0,    0,    0,    0,    0,    0,    0,    0,    0,    0,    0,    0,    0,    0,
       0,    0,    0,    0,    0,    0,    0,    0,    0,    0,    0,    0,    0,    0,    0,    0,    0,    0,    0,    0,    0,    0,    0,    0,    0,    0,    0,    0,    0,    0,    0,  -40,    0,    0,    0,   16,    0,    0,    0,    0,    0,    0,    0,    0,    0,    0,    0,    0,    0,    0,    0,    0,    0,    0,    0,    0,    0,    0,    0,    0,   16,    0,    0,    0,   16,   16,    0,    0,    0,   16,   16,   16,    0,    0,    0,    0,    0,    0,    0,    0,    0,    0,    0,    0,    0,    0,    0,    0,    0,    0,    0,    0,    0,    0,    0,    0,    0,    0,    0,    0,    0,    0,    0,    0,    0,    0,    0,    0,    0,    0,    0,    0,    0,    0,    0,    0,    0,    0,    0,    0,    0,    0,    0,    0,    0,    0,    0,    0,    0,    0,    0,    0,    0,    0,    0,    0,    0,    0,    0,    0,    0,    0,    0,    0,    0,    0,    0,    0,    0,    0,    0,    0,    0,    0,    0,    0,    0,    0,    0,    0,    0,    0,    0,    0,    0,    0,    0,    0,    0,    0,
     -40,    0,  -72,    0,    0,  -24,    0,   16,    0,    0,    0,    0,    0,    0,    0,    0,    0,    0,  -44,    0,    0,    0,    0,    0,    0,    0,    0,    0,    0,    0,    0,  -80,    0,    0,    0,    0,    0,    0,    0,    0,    0,    0,    0,    0,    0,    0,    0,    0,    0,    0,    0,  -24,    0,    0,    0,    0,    0,    0,    0,    0,    0,    0,    0,    0,    0,    0,    0,    0,    0,    0,    0,    0,    0,    0,    0,    0,    0,    0,    0,    0,    0,    0,    0,    0,    0,    0,    0,    0,   20,    0,    0,    8,  -12,    0,    0,  -84,  -68,  -40,    8,  -84,    0,    0,    0,  -16,    0,  -16,    0,  -44,    0,    0,   -8,   24,    0,  -32,    0,  -96,  -24,    0,  -24,    0,    0,    0,    0,    0,    0,    0,    0,    0,    0,    0,    0,    0,    0,    0,    0,    0,    0,    0,    0,    0,    0,    0,    0,    0,    0,    0,    0,    0,    0,    0,    0,    0,    0,    0,    0,    0,    0,    0,    0,    0,    0,    0,    0,    0,    0,    0,    0,    0,  -88,  -64,
       0,    0,    0,    0,    0,    0,    0,    0,    0,    0,    0,    0,    0,    0,    0,    0,    0,    0,    0,    0,    0,    0,    0,    0,    0,    0,    0,    0,    0,    0,    0,    0,    0,    0,    0,    0,    0,    0,    0,    0,    0,    0,    0,    0,    0,    0,    0,    0,    0,    0,    0,    0,    0,    0,    0,    0,    0,    0,    0,    0,    0,    0,    0,    0,    0,    0,    0,    0,    0,    0,    0,    0,    0,    0,    0,    0,    0,    0,    0,    0,    0,    0,    0,    0,    0,    0,    0,   24,    0,    0,    0,    0,    0,    0,    0,    0,    0,   -8,    0,    0,    0,    0,    0,    0,    0,    0,    0,    0,    0,    0,    0,    0,    0,    0,    0,    0,    0,    0,    0,    0,    0,    0,    0,    0,    0,    0,    0,    0,    0,    0,    0,    0,    0,    0,    0,    0,    0,    0,    0,    0,    0,    0,    0,    0,    0,    0,    0,    0,    0,    0,    0,    0,    0,    0,    0,    0,    0,    0,    0,    0,    0,    0,    0,    0,    0,    0,    0,    0,    0,   16,
       0,    0,    0,    0,    0,    0,    0,    0,    0,    0,    0,    0,    0,    0,    0,    0,    0,    0,    0,    0,    0,    0,    0,    0,    0,    0,    0,    0,    0,    0,    0,    0,    0,    0,    0,    0,    0,    0,    0,    0,    0,    0,    0,    0,    0,    0,    0,    0,    0,    0,    0,  -16,    0,    0,    0,    0,    0,    0,    0,    0,    0,    0,    0,    0,    0,    0,    0,    0,    0,    0,    0,    0,    0,    0,    0,    0,    0,    0,    0,    0,    0,    0,    0,    0,    0,    0,    0,   48,    0,    0,    0,    0,  -12,    0,    0,    0,    0,  -32,    0,    0,    0,  -12,    0,    0,    0,  -16,    0,    0,  -12,    0,    0,    0,    0,  -16,    0,  -16,    0,    0,    0,    0,    0,    0,    0,    0,    0,    0,    0,    0,    0,    0,    0,    0,    0,    0,    0,    0,    0,    0,    0,    0,    0,    0,    0,    0,    0,    0,    0,    0,    0,    0,    0,    0,    0,    0,    0,    0,    0,    0,    0,    0,    0,    0,    0,    0,    0,    0,    0,    0,    0,    0,
       0,  -24,    0,    0,  -40,    0,  -40,  -32,    0,    0,    0,    0,    0,    0,    0,    0,    0,    0,    0,    0,    0,    0,    0,    0,    0,    0,    0,    0,    0,    0,    0,  -24,    0,    0,    0,    0,    0,    0,    0,    0,    0,    0,    0,    0,    0,    0,    0,    0,    0,    0,    0,    0,    0,    0,    0,    0,    0,    0,    0,    0,    0,    0,    0,    0,    0,    0,    0,    0,    0,    0,    0,    0,    0,    0,    0,    0,    0,    0,    0,    0,    0,    0,    0,    0,    0,    0,    0,    0,  -22,  -12,  -16,  -10,    0,   -8,    0,    0,  -16,    0,  -28,   -8,    0,    0,    0,    0,    0,    0,    0,    0,    0,    0,    0,  -16,    0,    0,    0,    0,    0,    0,    0,    0,    0,    0,    0,    0,    0,    0,    0,    0,    0,    0,    0,    0,    0,    0,    0,    0,    0,    0,    0,    0,    0,    0,    0,    0,    0,    0,    0,    0,    0,    0,    0,    0,    0,    0,    0,    0,    0,    0,    0,    0,    0,    0,    0,    0,    0,    0,    0,    0,    0,    0,
       0,    0,    0,    0,  -72,  -52,  -72,  -52,    0,    0,    0,    0,    0,    0,    0,    0,   -8,   -8,    0,    0,    0,    0,    0,    0,    0,    0,    0,    0,    0,    0,    0,    0,    0,    0,    0,    0,    0,    0,    0,    0,    0,    0,    0,    0,    0,    0,    0,    0,    0,    0,    0,  -42,    0,  -24,    0,    0,    0,    0,    0,    0,    0,    0,    0,    0,    0,    0,    0,    0,    0,    0,    0,    0,    0,    0,    0,    0,    0,    0,    0,    0,    0,    0,    0,    0,    0,    0,   -8,   48,  -72,    0,  -64,    0,  -40,  -24,    0,    0,    0,  -32,    0,    0,  -60,  -48,  -48,    0,  -56,    0,    0,    0,  -48,    0,    0,    0,    0,  -36,  -40,  -36,  -16,  -48,    0,    0,    0,    0,    0,    0,    0,    0,    0,    0,    0,    0,    0,    0,    0,    0,    0,    0,    0,    0,    0,    0,    0,    0,    0,    0,    0,    0,    0,    0,    0,    0,    0,    0,    0,    0,    0,    0,    0,    0,    0,    0,    0,    0,    0,    0,    0,    0,    0,    0,    0,    8,
       0,    0,    0,    0,    0,    0,    0,    0,    0,    0,    0,    0,    0,    0,    0,    0,    0,    0,    0,    0,    0,    0,    0,    0,    0,    0,    0,    0,    0,    0,    0,  -44,    0,    0,    0,    0,    0,    0,    0,    0,    0,    0,    0,    0,    0,    0,    0,    0,    0,    0,    0,    0,    0,    0,    0,    0,    0,    0,    0,    0,    0,    0,    0,    0,    0,    0,    0,    0,    0,    0,    0,    0,    0,    0,    0,    0,    0,    0,    0,    0,    0,    0,    0,    0,    0,    0,    0,    0,    0,    0,    0,    0,    0,    0,    0,  -28,  -56,    0,    0,  -32,    0,    0,    0,    0,    0,    0,    0,    0,    0,    0,   16,    0,    0,    0,    0,    0,    0,    0,    0,    0,    0,    0,    0,    0,    0,    0,    0,    0,    0,    0,    0,    0,    0,    0,    0,    0,    0,    0,    0,    0,    0,    0,    0,    0,    0,    0,    0,    0,    0,    0,    0,    0,    0,    0,    0,    0,    0,    0,    0,    0,    0,    0,    0,    0,    0,    0,    0,    0,  -16,    0,
       0,    0,    0,    0,    0,    0,    0,    0,    0,    0,    0,    0,    0,    0,    0,    0,    0,    0,    0,    0,    0,    0,    0,    0,    0,    0,    0,    0,    0,    0,    0,    0,    0,    0,    0,    0,    0,    0,    0,    0,    0,    0,    0,    0,    0,    0,    0,    0,    0,    0,    0,    0,    0,    0,    0,    0,    0,    0,    0,    0,    0,    0,    0,    0,    0,    0,    0,    0,    0,    0,    0,    0,    0,    0,    0,    0,    0,    0,    0,    0,    0,    0,    0,    0,    0,    0,    0,    0,    0,    0,    0,    0,    0,    0,    0,    0,    0,    0,    0,    0,    0,    0,    0,    0,    0,    0,    0,    0,    0,    0,    0,   16,    8,    0,    0,    0,    0,    0,    0,    0,    0,    0,    0,    0,    0,    0,    0,    0,    0,    0,    0,    0,    0,    0,    0,    0,    0,    0,    0,    0,    0,    0,    0,    0,    0,    0,    0,    0,    0,    0,    0,    0,    0,    0,    0,    0,    0,    0,    0,    0,    0,    0,    0,    0,    0,    0,    0,    0,    0,    0,
       0,    0,    0,    0,  -16,    0,  -16,    0,    0,    0,    0,    0,    0,    0,    0,    0,    0,    0,    0,    0,    0,    0,    0,    0,    0,    0,    0,    0,    0,    0,    0,  -32,    0,    0,    0,    0,    0,    0,    0,    0,    0,    0,    0,    0,    0,    0,    0,    0,    0,    0,    0,    0,    0,    0,    0,    0,    0,    0,    0,    0,    0,    0,    0,    0,    0,    0,    0,    0,    0,    0,    0,    0,    0,    0,    0,    0,    0,    0,    0,    0,    0,    0,    0,    0,    0,    0,    0,    0,  -24,    0,    0,    0,    0,    0,   -8,  -12,  -16,    0,  -12,   -8,    0,   12,    0,    0,    0,    0,    0,    0,   12,    0,    0,    0,    0,    0,    0,    0,  -24,    0,    0,    0,    0,    0,    0,    0,    0,    0,    0,    0,    0,    0,    0,    0,    0,    0,    0,    0,    0,    0,    0,    0,    0,    0,    0,    0,    0,    0,    0,    0,    0,    0,    0,    0,    0,    0,    0,    0,    0,    0,    0,    0,    0,    0,    0,    0,    0,    0,    0,    0,    0,    0,
       0,    0,    0,    0,  -80,  -16,  -80, -100,    0,    0,    0,    0,    0,    0,    0,    0,  -16,  -16,    0,    0,    0,    0,    0,    0,    0,    0,    0,    0,    0,    0,    0,    0,    0,    0,    0,    0,    0,    0,    0,    0,    0,    0,    0,    0,    0,    0,    0,    0,    0,    0,    0,  -24,    0,  -16,    0,    0,    0,    0,    0,    0,    0,    0,    0,    0,    0,    0,    0,    0,    0,    0,    0,    0,    0,    0,    0,    0,    0,    0,    0,    0,    0,    0,    0,    0,    0,    0,  -16,   40,  -96,    0,  -72,   -8,  -24,  -20,    0,    0,    0,  -24,    0,    0,  -48,  -48,  -32,    0,  -16,    0,    0,    0,  -48,    0,    0,    0,    0,  -32,  -48,  -32,    0,  -48,  -16,    0,    0,    0,    0,    0,    0,    0,    0,    0,    0,    0,    0,    0,    0,    0,    0,    0,    0,    0,    0,    0,    0,    0,    0,    0,    0,    0,    0,    0,    0,    0,    0,    0,    0,    0,    0,    0,    0,    0,    0,    0,    0,    0,    0,    0,    0,    0,    0,    0,   16,   16,
       0,    0,  -24,    0,    0,   -8,    0,    0,    0,    0,    0,    0,    0,    0,    0,    0,    0,    0,  -32,    0,    0,    0,    0,    0,    0,    0,    0,    0,    0,    0,    0,  -44,    0,    0,    0,    0,    0,    0,    0,    0,    0,    0,    0,    0,    0,    0,    0,    0,    0,    0,    0,    0,    0,    0,    0,    0,    0,    0,    0,    0,    0,    0,    0,    0,    0,    0,    0,    0,    0,    0,    0,    0,    0,    0,    0,    0,    0,    0,    0,    0,    0,    0,    0,    0,    0,    0,    0,    0,    0,    0,    0,    0,   -8,    0,    0,  -56,  -56,  -24,    0,  -56,    0,    0,    0,    0,    0,   -8,    0,  -24,    0,    0,    0,   16,    0,  -16,    0,  -16,    0,    0,    0,    0,    0,    0,    0,    0,    0,    0,    0,    0,    0,    0,    0,    0,    0,    0,    0,    0,    0,    0,    0,    0,    0,    0,    0,    0,    0,    0,    0,    0,    0,    0,    0,    0,    0,    0,    0,    0,    0,    0,    0,    0,    0,    0,    0,    0,    0,    0,    0,    0,  -48,  -40,
       0,    0,    0,    0,    0,    0,    0,    0,    0,    0,    0,    0,    0,    0,    0,    0,    0,    0,    0,    0,    0,    0,    0,    0,    0,    0,    0,    0,    0,    0,    0,    0,    0,    0,    0,    0,    0,    0,    0,    0,    0,    0,    0,    0,    0,    0,    0,    0,    0,    0,    0,    0,    0,    0,    0,    0,    0,    0,    0,    0,    0,    0,    0,    0,    0,    0,    0,    0,    0,    0,    0,    0,    0,    0,    0,    0,    0,    0,    0,    0,    0,    0,    0,    0,    0,    0,    0,   32,    0,    0,    0,    0,    0,    0,    0,    0,    0,   -8,    0,    0,    0,    0,    0,    0,    0,    0,    0,    0,    0,    0,    0,    0,    0,    0,    0,    0,    0,    0,    0,    0,    0,    0,    0,    0,    0,    0,    0,    0,    0,    0,    0,    0,    0,    0,    0,    0,    0,    0,    0,    0,    0,    0,    0,    0,    0,    0,    0,    0,    0,    0,    0,    0,    0,    0,    0,    0,    0,    0,    0,    0,    0,    0,    0,    0,    0,    0,    0,    0,    0,    0,
       0,    0,    0,    0,    0,  -24,    0,    0,    0,    0,    0,    0,    0,    0,    0,    0,    0,    0,    0,    0,    0,    0,    0,    0,    0,    0,    0,    0,    0,    0,    0,    0,    0,    0,    0,    0,    0,    0,    0,    0,    0,    0,    0,    0,    0,    0,    0,    0,    0,    0,    0,    0,    0,    0,    0,    0,    0,    0,    0,    0,    0,    0,    0,    0,    0,    0,    0,    0,    0,    0,    0,    0,    0,    0,    0,    0,    0,    0,    0,    0,    0,    0,    0,    0,    0,    0,    0,   48,   16,    0,    0,    0,  -32,   16,    0,    0,    0,  -56,    8,    0,    0,  -18,    0,    0,    0,  -16,    0,  -48,  -18,    0,    0,   16,    0,  -40,    0, -104,    0,    0,  -16,    0,    0,    0,    0,    0,    0,    0,    0,    0,    0,    0,    0,    0,    0,    0,    0,    0,    0,    0,    0,    0,    0,    0,    0,    0,    0,    0,    0,    0,    0,    0,    0,    0,    0,    0,    0,    0,    0,    0,    0,    0,    0,    0,    0,    0,    0,    0,    0,    0,    0,    0,
       0,    0,    0,    0,    0,    0,    0,    0,    0,    0,    0,    0,    0,    0,    0,    0,    0,    0,    0,    0,    0,    0,    0,    0,    0,    0,    0,    0,    0,    0,    0,    0,    0,    0,    0,    0,    0,    0,    0,    0,    0,    0,    0,    0,    0,    0,    0,    0,    0,    0,    0,    0,    0,    0,    0,    0,    0,    0,    0,    0,    0,    0,    0,    0,    0,    0,    0,    0,    0,    0,    0,    0,    0,    0,    0,    0,    0,    0,    0,    0,    0,    0,    0,    0,    0,    0,    0,   24,    0,    0,    0,    0,   -8,    0,    0,  -20,  -16,  -24,   24,   -8,    0,    0,    0,  -16,    0,   -8,    0,  -12,    0,    0,    0,    0,    0,  -16,    0,  -16,    0,    0,    0,    0,    0,    0,    0,    0,    0,    0,    0,    0,    0,    0,    0,    0,    0,    0,    0,    0,    0,    0,    0,    0,    0,    0,    0,    0,    0,    0,    0,    0,    0,    0,    0,    0,    0,    0,    0,    0,    0,    0,    0,    0,    0,    0,    0,    0,    0,    0,    0,    0,  -16,    0,
       0,    0,   32,    0,  -28,  -16,  -28,    0,    0,    0,    0,    0,    0,    0,    0,    0,    0,    0,    0,    0,    0,    0,    0,    0,    0,    0,    0,    0,    0,    0,    0,    0,    0,    0,    0,    0,    0,    0,    0,    0,    0,    0,    0,    0,    0,    0,    0,    0,    0,    0,    0,    0,    0,    0,    0,    0,    0,    0,    0,    0,    0,    0,    0,    0,    0,    0,    0,    0,    0,    0,    0,    0,    0,    0,    0,    0,    0,    0,    0,    0,    0,    0,    0,    0,    0,    0,    0,   64,  -24,    0,    0,    0,  -12,    0,    0,    0,   16,    0,    0,    0,  -24,  -12,    0,    0,    0,    0,    0,  -12,  -12,    0,    0,    0,    0,    0,  -24,    0,    0,    0,    0,    0,    0,    0,    0,    0,    0,    0,    0,    0,    0,    0,    0,    0,    0,    0,    0,    0,    0,    0,    0,    0,    0,    0,    0,    0,    0,    0,    0,    0,    0,    0,    0,    0,    0,    0,    0,    0,    0,    0,    0,    0,    0,    0,    0,    0,    0,    0,    0,    0,    0,    0,
      16,    0,   46,    0,  -80,    0,  -80,  -78,    0,    0,    0,    0,    0,    0,    0,    0,    0,    0,    0,    0,    0,    0,    0,    0,    0,    0,    0,    0,    0,    0,    0,    0,    0,    0,    0,    0,    0,    0,    0,    0,    0,    0,    0,    0,    0,    0,    0,    0,    0,    0,    0,    0,    0,    0,    0,    0,    0,    0,    0,    0,    0,    0,    0,    0,    0,    0,    0,    0,    0,    0,    0,    0,    0,    0,    0,    0,    0,    0,    0,    0,    0,    0,    0,    0,    0,    0,    0,   32,  -88,  -12,  -72,    0,    0,  -12,    0,    8,    0,    0,   -8,    8,  -32,  -12,    0,    0,    0,    0,    0,   25,  -12,    0,    0,    0,    0,    0,  -12,    0,    0,   -8,    0,    0,    0,    0,    0,    0,    0,    0,    0,    0,    0,    0,    0,    0,    0,    0,    0,    0,    0,    0,    0,    0,    0,    0,    0,    0,    0,    0,    0,    0,    0,    0,    0,    0,    0,    0,    0,    0,    0,    0,    0,    0,    0,    0,    0,    0,    0,    0,    0,    0,   16,   24,
       0,    0,    0,    0,  -40,   16,  -40,  -48,    0,    0,    0,    0,    0,    0,    0,    0,    0,    0,    0,    0,    0,    0,    0,    0,    0,    0,    0,    0,    0,    0,    0,    0,    0,    0,    0,    0,    0,    0,    0,    0,    0,    0,    0,    0,    0,    0,    0,    0,    0,    0,    0,    0,    0,    0,    0,    0,    0,    0,    0,    0,    0,    0,    0,    0,    0,    0,    0,    0,    0,    0,    0,    0,    0,    0,    0,    0,    0,    0,    0,    0,    0,    0,    0,    0,    0,    0,    0,    0,  -61,  -24,  -32,  -24,    0,  -24,  -40,   -8,  -32,    0,  -48,   -8,  -12,    0,    0,    0,    0,    0,    0,    0,    0,    0,    0,    0,    0,    0,    0,    0,    0,    0,    0,    0,    0,    0,    0,    0,    0,    0,    0,    0,    0,    0,    0,    0,    0,    0,    0,    0,    0,    0,    0,    0,    0,    0,    0,    0,    0,    0,    0,    0,    0,    0,    0,    0,    0,    0,    0,    0,    0,    0,    0,    0,    0,    0,    0,    0,    0,    0,    0,    0,    0,    0,
       0,    0,   24,    0,    0,  -16,    0,    0,    0,    0,    0,    0,    0,    0,    0,    0,    0,    0,    0,    0,    0,    0,    0,    0,    0,    0,    0,    0,    0,    0,    0,    0,    0,    0,    0,    0,    0,    0,    0,    0,    0,    0,    0,    0,    0,    0,    0,    0,    0,    0,    0,    0,    0,    0,    0,    0,    0,    0,    0,    0,    0,    0,    0,    0,    0,    0,    0,    0,    0,    0,    0,    0,    0,    0,    0,    0,    0,    0,    0,    0,    0,    0,    0,    0,    0,    0,    0,   50,    8,    0,    0,    0,  -28,   12,    0,    0,    0,  -48,   24,    0,    0,   -8,    0,    0,    0,   -8,    0,  -12,   -8,    0,    0,   24,    0,  -32,    0,  -32,    0,    0,    0,    0,    0,    0,    0,    0,    0,    0,    0,    0,    0,    0,    0,    0,    0,    0,    0,    0,    0,    0,    0,    0,    0,    0,    0,    0,    0,    0,    0,    0,    0,    0,    0,    0,    0,    0,    0,    0,    0,    0,    0,    0,    0,    0,    0,    0,    0,    0,    0,    0,    0,    0,
       0,    0,    0,    0,  -48,    0,  -48,  -64,    0,    0,    0,    0,    0,    0,    0,    0,   -8,   -8,    0,    0,    0,    0,    0,    0,    0,    0,    0,    0,    0,    0,    0,    0,    0,    0,    0,    0,    0,    0,    0,    0,    0,    0,    0,    0,    0,    0,    0,    0,    0,    0,    0,    0,    0,    0,    0,    0,    0,    0,    0,    0,    0,    0,    0,    0,    0,    0,    0,    0,    0,    0,    0,    0,    0,    0,    0,    0,    0,    0,    0,    0,    0,    0,    0,    0,    0,    0,   -8,   40,  -96,    0,  -76,    0,  -16,   -8,    0,    0,    0,   -8,    0,    0,  -48,  -24,  -16,    0,  -16,    0,    0,    0,  -24,    0,    8,    0,    0,    0,  -32,    0,    0,  -16,    0,    0,    0,    0,    0,    0,    0,    0,    0,    0,    0,    0,    0,    0,    0,    0,    0,    0,    0,    0,    0,    0,    0,    0,    0,    0,    0,    0,    0,    0,    0,    0,    0,    0,    0,    0,    0,    0,    0,    0,    0,    0,    0,    0,    0,    0,    0,    0,    0,    0,    0,    8,
       0,    0,    0,    0,    0,    0,    0,    0,    0,    0,    0,    0,    0,    0,    0,    0,    0,    0,    0,    0,    0,    0,    0,    0,    0,    0,    0,    0,    0,    0,    0,    0,    0,    0,    0,    0,    0,    0,    0,    0,    0,    0,    0,    0,    0,    0,    0,    0,    0,    0,    0,    0,    0,    0,    0,    0,    0,    0,    0,    0,    0,    0,    0,    0,    0,    0,    0,    0,    0,    0,    0,    0,    0,    0,    0,    0,    0,    0,    0,    0,    0,    0,    0,    0,    0,    0,    0,    0,    0,    0,    0,    0,    0,    0,    0,    0,    0,    0,    0,    0,    0,    0,    0,    0,    0,    0,    0,    0,    0,    0,    0,   24,    0,   -8,    0,   -8,  -12,    0,    0,    0,    0,    0,    0,    0,    0,    0,    0,    0,    0,    0,    0,    0,    0,    0,    0,    0,    0,    0,    0,    0,    0,    0,    0,    0,    0,    0,    0,    0,    0,    0,    0,    0,    0,    0,    0,    0,    0,    0,    0,    0,    0,    0,    0,    0,    0,    0,    0,    0,    0,    0,
       0,    0,    0,    0,    0,    0,    0,    0,    0,    0,    0,    0,    0,    0,    0,    0,    0,    0,    0,    0,    0,    0,    0,    0,    0,    0,    0,    0,    0,    0,    0,    0,    0,    0,    0,    0,    0,    0,    0,    0,    0,    0,    0,    0,    0,    0,    0,    0,    0,    0,    0,    0,    0,    0,    0,    0,    0,    0,    0,    0,    0,    0,    0,    0,    0,    0,    0,    0,    0,    0,    0,    0,    0,    0,    0,    0,    0,    0,    0,    0,    0,    0,    0,    0,    0,    0,    0,    0,    0,    0,    0,    0,    0,    0,    0,    0,    0,    0,    0,    0,    0,   -8,    0,    0,    0,    0,    0,    0,   -8,    0,    0,    0,    0,    0,    0,    0,    0,    0,    0,    0,    0,    0,    0,    0,    0,    0,    0,    0,    0,    0,    0,    0,    0,    0,    0,    0,    0,    0,    0,    0,    0,    0,    0,    0,    0,    0,    0,    0,    0,    0,    0,    0,    0,    0,    0,    0,    0,    0,    0,    0,    0,    0,    0,    0,    0,    0,    0,    0,    0,    0,
       0,    0,    0,    0,    0,    0,    0,    0,    0,    0,    0,    0,    0,    0,    0,    0,    0,    0,    0,    0,    0,    0,    0,    0,    0,    0,    0,    0,    0,    0,    0,  -24,    0,    0,    0,    0,    0,    0,    0,    0,    0,    0,    0,    0,    0,    0,    0,    0,    0,    0,    0,    0,    0,    0,    0,    0,    0,    0,    0,    0,    0,    0,    0,    0,    0,    0,    0,    0,    0,    0,    0,    0,    0,    0,    0,    0,    0,    0,    0,    0,    0,    0,    0,    0,    0,    0,    0,    0,    0,    0,    0,    0,    0,    0,    0,    0,    0,    0,    0,    0,    0,    0,    0,    0,    0,    0,    0,    0,    0,    0,    0,    0,    0,   -8,    0,   -8,    0,    0,    0,    0,    0,    0,    0,    0,    0,    0,    0,    0,    0,    0,    0,    0,    0,    0,    0,    0,    0,    0,    0,    0,    0,    0,    0,    0,    0,    0,    0,    0,    0,    0,    0,    0,    0,    0,    0,    0,    0,    0,    0,    0,    0,    0,    0,    0,    0,    0,    0,    0,    0,    0,
       0,    0,  -24,    0,    0,    0,    0,   24,    0,    0,    0,    0,    0,    0,    0,    0,    0,    0,    0,    0,    0,    0,    0,    0,    0,    0,    0,    0,    0,    0,    0,  -24,    0,    0,    0,    0,    0,    0,    0,    0,    0,    0,    0,    0,    0,    0,    0,    0,    0,    0,    0,    0,    0,    0,    0,    0,    0,    0,    0,    0,    0,    0,    0,    0,    0,    0,    0,    0,    0,    0,    0,    0,    0,    0,    0,    0,    0,    0,    0,    0,    0,    0,    0,    0,    0,    0,    0,    0,    0,    0,    0,    0,    0,    0,    0,    0,    0,    0,    0,    0,    0,    0,    0,    0,    0,   -8,    0,  -24,    0,    0,    0,   24,    0,  -24,    0,  -24,   -8,    0,   -8,    0,    0,    0,    0,    0,    0,    0,    0,    0,    0,    0,    0,    0,    0,    0,    0,    0,    0,    0,    0,    0,    0,    0,    0,    0,    0,    0,    0,    0,    0,    0,    0,    0,    0,    0,    0,    0,    0,    0,    0,    0,    0,    0,    0,    0,    0,    0,    0,    0,  -24,  -16,
       0,    0,    0,    0,  -24,    0,  -24,    0,    0,    0,    0,    0,    0,    0,    0,    0,    0,    0,    0,    0,    0,    0,    0,    0,    0,    0,    0,    0,    0,    0,    0,  -40,    0,    0,    0,    0,    0,    0,    0,    0,    0,    0,    0,    0,    0,    0,    0,    0,    0,    0,    0,    0,    0,    0,    0,    0,    0,    0,    0,    0,    0,    0,    0,    0,    0,    0,    0,    0,    0,    0,    0,    0,    0,    0,    0,    0,    0,    0,    0,    0,    0,    0,    0,    0,    0,    0,    0,    0,    0,    0,    0,    0,    0,    0,    0,    0,    0,    0,    0,    0,    0,    0,    0,    0,    0,    0,    0,    0,    0,    0,    0,    0,    0,    0,    0,    0,   -8,    0,    0,    0,    0,    0,    0,    0,    0,    0,    0,    0,    0,    0,    0,    0,    0,    0,    0,    0,    0,    0,    0,    0,    0,    0,    0,    0,    0,    0,    0,    0,    0,    0,    0,    0,    0,    0,    0,    0,    0,    0,    0,    0,    0,    0,    0,    0,    0,    0,    0,    0,    0,    0,
       0,  -24,  -16,    0,  -24,    0,  -24,  -32,    0,    0,    0,    0,    0,    0,    0,    0,    0,    0,  -12,    0,    0,    0,    0,    0,    0,    0,    0,    0,    0,    0,    0,  -48,    0,    0,    0,    0,    0,    0,    0,    0,    0,    0,    0,    0,    0,    0,    0,    0,    0,    0,    0,    0,    0,    0,    0,    0,    0,    0,    0,    0,    0,    0,    0,    0,    0,    0,    0,    0,    0,    0,    0,    0,    0,    0,    0,    0,    0,    0,    0,    0,    0,    0,    0,    0,    0,    0,    0,    0,    0,    0,    0,    0,    0,    0,    0,    0,    0,    0,    0,    0,    0,    0,    0,    0,    0,    0,    0,    0,    0,    0,    0,  -16,    0,    0,    0,    0,   -8,    0,    0,    0,    0,    0,    0,    0,    0,    0,    0,    0,    0,    0,    0,    0,    0,    0,    0,    0,    0,    0,    0,    0,    0,    0,    0,    0,    0,    0,    0,    0,    0,    0,    0,    0,    0,    0,    0,    0,    0,    0,    0,    0,    0,    0,    0,    0,    0,    0,    0,    0,  -32,  -16,
       0,    0,   24,    0,  -72,  -12,  -72,  -44,    0,    0,    0,    0,    0,    0,    0,    0,    0,    0,    0,    0,    0,    0,    0,    0,    0,    0,    0,    0,    0,    0,    0,    0,    0,    0,    0,    0,    0,    0,    0,    0,    0,    0,    0,    0,    0,    0,    0,    0,    0,    0,    0,    0,    0,    0,    0,    0,    0,    0,    0,    0,    0,    0,    0,    0,    0,    0,    0,    0,    0,    0,    0,    0,    0,    0,    0,    0,    0,    0,    0,    0,    0,    0,    0,    0,    0,    0,    0,    0,    0,    0,    0,    0,    0,    0,    0,    0,    0,    0,    0,    0,    0,    0,    0,   12,    0,    0,    0,   16,    0,    0,    0,  -32,    0,    0,  -12,    0,    0,    0,    0,    0,    0,    0,    0,    0,    0,    0,    0,    0,    0,    0,    0,    0,    0,    0,    0,    0,    0,    0,    0,    0,    0,    0,    0,    0,    0,    0,    0,    0,    0,    0,    0,    0,    0,    0,    0,    0,    0,    0,    0,    0,    0,    0,    0,    0,    0,    0,    0,    0,   32,   32,
       0,  -24,  -16,    0,  -24,    0,  -24,  -32,    0,    0,    0,    0,    0,    0,    0,    0,    0,    0,  -12,    0,    0,    0,    0,    0,    0,    0,    0,    0,    0,    0,    0,  -48,    0,    0,    0,    0,    0,    0,    0,    0,    0,    0,    0,    0,    0,    0,    0,    0,    0,    0,    0,    0,    0,    0,    0,    0,    0,    0,    0,    0,    0,    0,    0,    0,    0,    0,    0,    0,    0,    0,    0,    0,    0,    0,    0,    0,    0,    0,    0,    0,    0,    0,    0,    0,    0,    0,    0,   24,    0,    0,    0,    0,    0,    0,    0,    0,    0,    0,    0,    0,    0,    0,    0,    0,    0,    0,    0,    0,    0,    0,    0,  -16,    0,    0,    0,    0,   -8,    0,    0,    0,    0,    0,    0,    0,    0,    0,    0,    0,    0,    0,    0,    0,    0,    0,    0,    0,    0,    0,    0,    0,    0,    0,    0,    0,    0,    0,    0,    0,    0,    0,    0,    0,    0,    0,    0,    0,    0,    0,    0,    0,    0,    0,    0,    0,    0,    0,    0,    0,  -32,  -16,
       0,   44,   32,    0,   16,    0,   16,   24,    0,    0,    0,    0,    0,    0,    0,    0,   24,   24,    0,    0,    0,    0,    0,    0,    0,    0,    0,    0,    0,    0,    0,    0,   28,    0,    0,    0,    0,    0,    0,    0,    0,    0,    0,    0,    0,    0,    0,    0,    0,    0,   40,    0,    0,    0,    0,    0,    0,    0,    0,    0,    0,    0,    0,    0,    0,    0,    0,    0,    0,    0,    0,    0,    0,    0,    0,    0,    0,    0,    0,    0,    0,    0,    0,    0,    0,    0,   24,   64,    0,    0,    0,    0,    0,    0,    0,    0,    0,    0,    0,    0,    0,   -8,    0,    0,    0,   -8,    0,  -16,   -8,    0,    0,   40,    0,   -8,    0,  -56,    0,    0,    0,    0,    0,    0,    0,    0,    0,    0,    0,    0,    0,    0,    0,    0,    0,    0,    0,    0,    0,    0,    0,    0,    0,    0,    0,    0,    0,    0,    0,    0,    0,    0,    0,    0,    0,    0,    0,    0,    0,    0,    0,    0,    0,    0,    0,    0,    0,    0,    0,    0,    0,   16,
       0,    0,    0,    0,  -24,    0,  -24,  -16,    0,    0,    0,    0,    0,    0,    0,    0,    0,    0,    0,    0,    0,    0,    0,    0,    0,    0,    0,    0,    0,    0,    0,    0,    0,    0,    0,    0,    0,    0,    0,    0,    0,    0,    0,    0,    0,    0,    0,    0,    0,    0,    0,    0,    0,    0,    0,    0,    0,    0,    0,    0,    0,    0,    0,    0,    0,    0,    0,    0,    0,    0,    0,    0,    0,    0,    0,    0,    0,    0,    0,    0,    0,    0,    0,    0,    0,    0,    0,    0,    0,    0,    0,    0,    0,    0,    0,    0,    0,    0,    0,    0,    0,    0,    0,    0,    0,    0,    0,   24,    0,    0,    0,    0,    0,    0,    0,    0,    0,    0,    0,    0,    0,    0,    0,    0,    0,    0,    0,    0,    0,    0,    0,    0,    0,    0,    0,    0,    0,    0,    0,    0,    0,    0,    0,    0,    0,    0,    0,    0,    0,    0,    0,    0,    0,    0,    0,    0,    0,    0,    0,    0,    0,    0,    0,    0,    0,    0,    0,    0,    0,   16,
       0,    0,    0,    0,    0,    0,    0,    0,    0,    0,    0,    0,    0,    0,    0,    0,    0,    0,    0,    0,    0,    0,    0,    0,    0,    0,    0,    0,    0,    0,    0,  -40,    0,    0,    0,    0,    0,    0,    0,    0,    0,    0,    0,    0,    0,    0,    0,    0,    0,    0,    0,    0,    0,    0,    0,    0,    0,    0,    0,    0,    0,    0,    0,    0,    0,    0,    0,    0,    0,    0,    0,    0,    0,    0,    0,    0,    0,    0,    0,    0,    0,    0,    0,    0,    0,    0,    0,    0,    0,    0,    0,    0,    0,    0,    0,    0,    0,    0,    0,    0,    0,    0,    0,   16,    0,   16,    0,   24,    0,    0,    0,   24,    0,    0,    0,    0,   12,    0,    0,    0,    0,    0,    0,    0,    0,    0,    0,    0,    0,    0,    0,    0,    0,    0,    0,    0,    0,    0,    0,    0,    0,    0,    0,    0,    0,    0,    0,    0,    0,    0,    0,    0,    0,    0,    0,    0,    0,    0,    0,    0,    0,    0,    0,    0,    0,    0,    0,    0,    0,    0,
       0,    0,  -72,    0,   24,  -16,   24,    0,    0,    0,    0,    0,    0,    0,    0,    0,    0,    0,  -16,    0,    0,    0,    0,    0,    0,    0,    0,    0,    0,    0,    0,  -76,    0,    0,    0,    0,    0,    0,    0,    0,    0,    0,    0,    0,    0,    0,    0,    0,    0,    0,    0,    0,    0,    0,    0,    0,    0,    0,    0,    0,    0,    0,    0,    0,    0,    0,    0,    0,    0,    0,    0,    0,    0,    0,    0,    0,    0,    0,    0,    0,    0,    0,    0,    0,    0,    0,    0,    0,    0,    0,    0,    0,    0,    0,    0,    0,    0,    0,    0,    0,    0,    0,    0,    0,    0,  -24,    0,  -40,    0,    0,  -12,   16,    0,  -32,    0,  -32,  -24,    0,  -20,    0,    0,    0,    0,    0,    0,    0,    0,    0,    0,    0,    0,    0,    0,    0,    0,    0,    0,    0,    0,    0,    0,    0,    0,    0,    0,    0,    0,    0,    0,    0,    0,    0,    0,    0,    0,    0,    0,    0,    0,    0,    0,    0,    0,    0,    0,    0,    0,    0,  -36,  -44,
       0,   16,    0,    0,    0,    0,    0,   24,    0,    0,    0,    0,    0,    0,    0,    0,   24,   24,    0,    0,    0,    0,    0,    0,    0,    0,    0,    0,    0,    0,    0,    0,   28,    0,    0,    0,    0,    0,    0,    0,    0,    0,    0,    0,    0,    0,    0,    0,    0,    0,   32,    0,    0,    0,    0,    0,    0,    0,    0,    0,    0,    0,    0,    0,    0,    0,    0,    0,    0,    0,    0,    0,    0,    0,    0,    0,    0,    0,    0,    0,    0,    0,    0,    0,    0,    0,   24,   48,    0,    0,    0,    0,    0,    0,    0,    0,    0,    0,    0,    0,    0,   -8,    0,    0,    0,    0,    0,  -16,   -8,    0,    0,   24,    0,    0,    0,    0,    0,    0,    0,    0,    0,    0,    0,    0,    0,    0,    0,    0,    0,    0,    0,    0,    0,    0,    0,    0,    0,    0,    0,    0,    0,    0,    0,    0,    0,    0,    0,    0,    0,    0,    0,    0,    0,    0,    0,    0,    0,    0,    0,    0,    0,    0,    0,    0,    0,    0,    0,    0,    0,   16,
       0,    0,   16,    0,    0,    0,    0,    0,    0,    0,    0,    0,    0,    0,    0,    0,    0,    0,    0,    0,    0,    0,    0,    0,    0,    0,    0,    0,    0,    0,    0,    0,    0,    0,    0,    0,    0,    0,    0,    0,    0,    0,    0,    0,    0,    0,    0,    0,    0,    0,    0,    0,    0,    0,    0,    0,    0,    0,    0,    0,    0,    0,    0,    0,    0,    0,    0,    0,    0,    0,    0,    0,    0,    0,    0,    0,    0,    0,    0,    0,    0,    0,    0,    0,    0,    0,    0,    0,    0,    0,    0,    0,    0,    0,    0,    0,    0,    0,    0,    0,    0,    0,    0,   16,    0,   24,    0,   16,    0,    0,    0,    0,    0,    0,    0,    0,   16,    0,    0,    0,    0,    0,    0,    0,    0,    0,    0,    0,    0,    0,    0,    0,    0,    0,    0,    0,    0,    0,    0,    0,    0,    0,    0,    0,    0,    0,    0,    0,    0,    0,    0,    0,    0,    0,    0,    0,    0,    0,    0,    0,    0,    0,    0,    0,    0,    0,    0,    0,   16,   16,
       0,    0,   16,    0,    0,    0,    0,    0,    0,    0,    0,    0,    0,    0,    0,    0,    0,    0,    0,    0,    0,    0,    0,    0,    0,    0,    0,    0,    0,    0,    0,    0,   24,    0,    0,    0,    0,    0,    0,    0,    0,    0,    0,    0,    0,    0,    0,    0,    0,    0,    0,    0,    0,    0,    0,    0,    0,    0,    0,    0,    0,    0,    0,    0,    0,    0,    0,    0,    0,    0,    0,    0,    0,    0,    0,    0,    0,    0,    0,    0,    0,    0,    0,    0,    0,    0,    0,    0,    0,    0,    0,    0,    0,    0,    0,    0,    0,    0,    0,    0,    0,    0,    0,    0,    0,    0,    0,    0,    0,    0,    0,    0,    0,    0,    0,    0,    0,    0,    0,    0,    0,    0,    0,    0,    0,    0,    0,    0,    0,    0,    0,    0,    0,    0,    0,    0,    0,    0,    0,    0,    0,    0,    0,    0,    0,    0,    0,    0,    0,    0,    0,    0,    0,    0,    0,    0,    0,    0,    0,    0,    0,    0,    0,    0,    0,    0,    0,    0,   16,   16,
       0,    0,   16,    0,  -32,    0,  -32,    0,    0,    0,    0,    0,    0,    0,    0,    0,    0,    0,    0,    0,    0,    0,    0,    0,    0,    0,    0,    0,    0,    0,    0,    0,    0,    0,    0,    0,    0,    0,    0,    0,    0,    0,    0,    0,    0,    0,    0,    0,    0,    0,    0,    0,    0,    0,    0,    0,    0,    0,    0,    0,    0,    0,    0,    0,    0,    0,    0,    0,    0,    0,    0,    0,    0,    0,    0,    0,    0,    0,    0,    0,    0,    0,    0,    0,    0,    0,    0,    0,    0,    0,    0,    0,    0,    0,    0,    0,    0,    0,    0,    0,    0,    0,    0,   16,    0,   16,    0,   24,    0,    0,    0,  -24,    0,    0,   -8,    0,   16,    0,    0,    0,    0,    0,    0,    0,    0,    0,    0,    0,    0,    0,    0,    0,    0,    0,    0,    0,    0,    0,    0,    0,    0,    0,    0,    0,    0,    0,    0,    0,    0,    0,    0,    0,    0,    0,    0,    0,    0,    0,    0,    0,    0,    0,    0,    0,    0,    0,    0,    0,   16,   24,
       0,    0,   16,    0,    0,    0,    0,    0,    0,    0,    0,    0,    0,    0,    0,    0,    0,    0,    0,    0,    0,    0,    0,    0,    0,    0,    0,    0,    0,    0,    0,    0,    0,    0,    0,    0,    0,    0,    0,    0,    0,    0,    0,    0,    0,    0,    0,    0,    0,    0,    0,    0,    0,    0,    0,    0,    0,    0,    0,    0,    0,    0,    0,    0,    0,    0,    0,    0,    0,    0,    0,    0,    0,    0,    0,    0,    0,    0,    0,    0,    0,    0,    0,    0,    0,    0,    0,    0,    0,    0,    0,    0,    0,    0,    0,    0,    0,    0,    0,    0,    0,  -12,    0,   16,    0,   16,    0,   24,  -12,    0,    8,   -8,    0,    0,   -8,    0,   16,  -10,    0,    0,    0,    0,    0,    0,    0,    0,    0,    0,    0,    0,    0,    0,    0,    0,    0,    0,    0,    0,    0,    0,    0,    0,    0,    0,    0,    0,    0,    0,    0,    0,    0,    0,    0,    0,    0,    0,    0,    0,    0,    0,    0,    0,    0,    0,    0,    0,    0,    0,   16,   24,
       0,   16,    0,    0,   40,  -16,   24,    0,    0,    0,    0,    0,    0,    0,    0,    0,   32,   40,    0,    0,    0,    0,    0,    0,    0,    0,    0,    0,    0,    0,    0,  -24,   16,    0,    0,    0,    0,    0,    0,    0,    0,    0,    0,    0,    0,    0,    0,    0,    0,    0,   16,  -16,    0,  -16,    0,    0,    0,    0,    0,    0,    0,    0,    0,    0,    0,    0,    0,    0,    0,    0,    0,    0,    0,    0,    0,    0,    0,    0,    0,    0,    0,    0,    0,    0,    0,    0,   40,    0,    0,    0,    0,    0,    0,    0,    0,    0,    0,    0,    0,    0,    0,  -16,  -12,   16,    0,   32,    0,   20,  -16,  -16,    0,  -24,  -16,    0,    0,    0,   48,  -12,    0,    0,    0,    0,    0,    0,    0,    0,    0,    0,    0,    0,    0,    0,    0,    0,    0,    0,    0,    0,    0,    0,    0,    0,    0,    0,    0,    0,    0,    0,    0,    0,    0,    0,    0,    0,    0,    0,    0,    0,    0,    0,    0,    0,    0,    0,    0,    0,    0,    0,    0,    0,
       0,    0,    0,    0,   -8,    0,   -8,    0,    0,    0,    0,    0,    0,    0,    0,    0,    0,    0,    0,    0,    0,    0,    0,    0,    0,    0,    0,    0,    0,    0,    0,  -32,    0,    0,    0,    0,    0,    0,    0,    0,    0,    0,    0,    0,    0,    0,    0,    0,    0,    0,    0,    0,    0,    0,    0,    0,    0,    0,    0,    0,    0,    0,    0,    0,    0,    0,    0,    0,    0,    0,    0,    0,    0,    0,    0,    0,    0,    0,    0,    0,    0,    0,    0,    0,    0,    0,    0,    0,    0,    0,    0,    0,    0,    0,    0,    0,    0,    0,    0,    0,    0,    0,    0,    0,    0,    0,    0,    0,    0,    0,    0,    0,    0,    0,    0,    0,    0,    0,    0,    0,    0,    0,    0,    0,    0,    0,    0,    0,    0,    0,    0,    0,    0,    0,    0,    0,    0,    0,    0,    0,    0,    0,    0,    0,    0,    0,    0,    0,    0,    0,    0,    0,    0,    0,    0,    0,    0,    0,    0,    0,    0,    0,    0,    0,    0,    0,    0,    0,  -16,    0,
       0,    0,   16,    0,  -64,    0,  -64,    0,    0,    0,    0,    0,    0,    0,    0,    0,    0,    0,    0,    0,    0,    0,    0,    0,    0,    0,    0,    0,    0,    0,    0,    0,    0,    0,    0,    0,    0,    0,    0,    0,    0,    0,    0,    0,    0,    0,    0,    0,    0,    0,    0,    0,    0,    0,    0,    0,    0,    0,    0,    0,    0,    0,    0,    0,    0,    0,    0,    0,    0,    0,    0,    0,    0,    0,    0,    0,    0,    0,    0,    0,    0,    0,    0,    0,    0,    0,    0,    0,    0,    0,    0,    0,    0,    0,    0,    0,    0,    0,    0,    0,    0,  -16,    0,   16,    0,   16,    0,   24,  -16,    0,    0,  -40,    0,    0,  -17,    0,    0,   -8,    0,    0,    0,    0,    0,    0,    0,    0,    0,    0,    0,    0,    0,    0,    0,    0,    0,    0,    0,    0,    0,    0,    0,    0,    0,    0,    0,    0,    0,    0,    0,    0,    0,    0,    0,    0,    0,    0,    0,    0,    0,    0,    0,    0,    0,    0,    0,    0,    0,    0,    0,    0,
       0,    0,    0,    0,  -64,  -52,  -64,  -76,    0,    0,    0,    0,    0,    0,    0,    0,  -24,  -24,    0,    0,    0,    0,    0,    0,    0,    0,    0,    0,    0,    0,    0,    0,    0,    0,    0,    0,    0,    0,    0,    0,    0,    0,    0,    0,    0,    0,    0,    0,    0,    0,    0,  -72,    0,    0,    0,    0,    0,    0,    0,    0,    0,    0,    0,    0,    0,    0,    0,    0,    0,    0,    0,    0,    0,    0,    0,    0,    0,    0,    0,    0,    0,    0,    0,    0,    0,    0,  -24,    0, -100,    0,  -92,    0,  -32,  -24,    0,    0,   16,  -40,    0,    0,  -32,  -80,  -32,    0,  -16,    0,    0,    0,  -80,    0,    0,    0,    0,  -24,  -80,  -24,    0,  -56,  -16,    0,    0,    0,    0,    0,    0,    0,    0,    0,    0,    0,    0,    0,    0,    0,    0,    0,    0,    0,    0,    0,    0,    0,    0,    0,    0,    0,    0,    0,    0,    0,    0,    0,    0,    0,    0,    0,    0,    0,    0,    0,    0,    0,    0,    0,    0,    0,    0,    0,    0,    8,
       0,    0,    0,    0,    0,    0,    0,    0,    0,    0,    0,    0,    0,    0,    0,    0,    0,    0,    0,    0,    0,    0,    0,    0,    0,    0,    0,    0,    0,    0,    0,    0,    0,    0,    0,    0,    0,    0,    0,    0,    0,    0,    0,    0,    0,    0,    0,    0,    0,    0,    0,    0,    0,    0,    0,    0,    0,    0,    0,    0,    0,    0,    0,    0,    0,    0,    0,    0,    0,    0,    0,    0,    0,    0,    0,    0,    0,    0,    0,    0,    0,    0,    0,    0,    0,    0,    0,    0,    0,    0,    0,    0,    0,    0,    0,    0,    0,    0,    0,    0,    0,    0,    0,    0,    0,    0,    0,    0,    0,    0,    0,    0,    0,    0,    0,    0,    0,    0,    0,    0,    0,    0,    0,    0,    0,    0,    0,    0,    0,    0,    0,   -8,    0,    0,    0,    0,    0,    0,    0,    0,    0,    0,    0,    0,    0,    0,    0,    0,    0,    0,    0,    0,    0,    0,    0,    0,    0,    0,    0,    0,    0,  -24,    0,    0,    0,    0,    0,    0,    0,   16,
       0,    0,  -32,    0,    0,    0,    0,    0,    0,    0,    0,    0,    0,    0,    0,    0,    0,    0,    0,    0,    0,    0,    0,    0,    0,    0,    0,    0,    0,    0,    0,  -80,    0,    0,    0,    0,    0,    0,    0,    0,    0,    0,    0,    0,    0,    0,    0,    0,    0,    0,    0,    0,    0,    0,    0,    0,    0,    0,    0,    0,    0,    0,    0,    0,    0,    0,    0,    0,    0,    0,    0,    0,    0,    0,    0,    0,    0,    0,    0,    0,    0,    0,    0,    0,    0,    0,    0,    0,    0,    0,    0,    0,    0,    0,    0,    0,    0,    0,    0,    0,    0,    0,    0,    0,    0,    0,    0,    0,    0,    0,    0,    0,    0,    0,    0,    0,    0,    0,    0,    0,  -40,    0,    0,    0,    0,  -40,    0,    0,    0,    0,    0,  -16,    0,  -48,    0,    0,    0,    0,    0,    0,    0,    0,    0,    0,    0,    0,  -24,    0,  -24,    0,    0,    0,    0,    0,    0,    0,  -24,  -56,    0,    0,  -48,  -24,    0,    0,    0,    0,    0,  -24,  -24,  -16,
       0,    0,    0,    0,    0,    0,    0,    0,    0,    0,    0,    0,    0,    0,    0,    0,    0,    0,    0,    0,    0,    0,    0,    0,    0,    0,    0,    0,    0,    0,    0,    0,    0,    0,    0,    0,    0,    0,    0,    0,    0,    0,    0,    0,    0,    0,    0,    0,    0,    0,    0,    0,    0,    0,    0,    0,    0,    0,    0,    0,    0,    0,    0,    0,    0,    0,    0,    0,    0,    0,    0,    0,    0,    0,    0,    0,    0,    0,    0,    0,    0,    0,    0,    0,    0,    0,    0,    0,    0,    0,    0,    0,    0,    0,    0,    0,    0,    0,    0,    0,    0,    0,    0,    0,    0,    0,    0,    0,    0,    0,    0,    0,    0,    0,    0,    0,    0,    0,    0,    0,    0,    0,    0,    0,    0,    0,    0,    0,    0,    0,    0,  -19,    0,   -8,    0,    0,    0,    0,    0,    0,    0,    0,    0,    0,    0,    0,    0,    0,    0,    0,    0,    0,    0,    0,    0,    0,    0,    0,    0,    0,    0,  -24,    0,    0,    0,    0,    0,    0,    0,    0,
       0,    0,    0,    0,  -16,    0,  -16,  -16,    0,    0,    0,    0,    0,    0,    0,    0,    0,    0,    0,    0,    0,    0,    0,    0,    0,    0,    0,    0,    0,    0,    0,    0,    0,    0,    0,    0,    0,    0,    0,    0,    0,    0,    0,    0,    0,    0,    0,    0,    0,    0,    0,    0,    0,    0,    0,    0,    0,    0,    0,    0,    0,    0,    0,    0,    0,    0,    0,    0,    0,    0,    0,    0,    0,    0,    0,    0,    0,    0,    0,    0,    0,    0,    0,    0,    0,    0,    0,    0,    0,    0,    0,    0,    0,    0,    0,    0,    0,    0,    0,    0,    0,    0,    0,    0,    0,    0,    0,    0,    0,    0,    0,    0,    0,    0,    0,    0,    0,    0,    0,    0,    0,    0,    0,    0,    0,    0,  -20,    0,  -16,    0,    0,    0,  -10,    0,    0,  -16,    0,    0,    0,  -32,    0,  -24,    0,    0,    0,    0,  -16,   -8,    0,    0,  -16,    0,    0,    0,    0,    0,  -16,  -12,    0,    0,    0,    0,    0,  -24,    0,    0,    0,  -16,    0,    0,
       0,    0,    0,    0,    0,    0,    0,    0,    0,    0,    0,    0,    0,    0,    0,    0,    0,    0,    0,    0,    0,    0,    0,    0,    0,    0,    0,    0,    0,    0,    0,    0,    0,    0,    0,    0,    0,    0,    0,    0,    0,    0,    0,    0,    0,    0,    0,    0,    0,    0,    0,  -16,    0,    0,    0,    0,    0,    0,    0,    0,    0,    0,    0,    0,    0,    0,    0,    0,    0,    0,    0,    0,    0,    0,    0,    0,    0,    0,    0,    0,    0,    0,    0,    0,    0,    0,    0,    0,    0,    0,    0,    0,    0,    0,    0,    0,    0,    0,    0,    0,    0,    0,    0,    0,    0,    0,    0,    0,    0,    0,    0,    0,    0,    0,    0,    0,    0,    0,    0,    0,    0,  -12,    0,    0,    0,    0,    0,    0,    0,    0,    0,  -32,    0,    0,    0,    0,    0,    0,    0,    0,  -12,    0,    0,    0,    0,  -24,   -8,    0,  -24,    0,    0,    0,    0,    0,   16,    0,   -8,    0,    0,    0,    0,  -40,  -48,    0,    0,    0,    0,   -8,    0,    0,
       0,    0,    0,    0,  -32,  -16,  -32,  -31,    0,    0,    0,    0,    0,    0,    0,    0,  -23,  -23,    0,    0,    0,    0,    0,    0,    0,    0,    0,    0,    0,    0,    0,    0,    0,    0,    0,    0,    0,    0,    0,    0,    0,    0,    0,    0,    0,    0,    0,    0,    0,    0,    0,    0,    0,    0,    0,    0,    0,    0,    0,    0,    0,    0,    0,    0,    0,    0,    0,    0,    0,    0,    0,    0,    0,    0,    0,    0,    0,    0,    0,    0,    0,    0,    0,    0,    0,    0,  -23,    0,    0,    0,    0,    0,    0,    0,    0,    0,    0,    0,    0,    0,    0,    0,    0,    0,    0,    0,    0,    0,    0,    0,    0,    0,    0,    0,    0,    0,    0,    0,    0,    0,    0,  -12,    0,    0,  -32,    0,  -32,  -24,   -8,    0,    0,  -24,    0,    0,    0,  -16,  -16,    0,  -16,  -16,  -16,   -8,  -16,  -16,    0,    0,  -12,  -16,    0,  -16,  -24,    8,  -14,    0,   24,   12,  -12,    0,    0,    0,    0,  -32,  -32,  -40,    0,    0,    0,  -12,    0,    0,
       0,    0,  -40,    0,    0,   16,    0,    0,    0,    0,    0,    0,    0,    0,    0,    0,    0,    0,    0,    0,    0,    0,    0,    0,    0,    0,    0,    0,    0,    0,    0,  -52,    0,    0,    0,    0,    0,    0,    0,    0,    0,    0,    0,    0,    0,    0,    0,    0,    0,    0,    0,    0,    0,    0,    0,    0,    0,    0,    0,    0,    0,    0,    0,    0,    0,    0,    0,    0,    0,    0,    0,    0,    0,    0,    0,    0,    0,    0,    0,    0,    0,    0,    0,    0,    0,    0,    0,    0,    0,    0,    0,    0,    0,    0,    0,    0,    0,    0,    0,    0,    0,    0,    0,    0,    0,    0,    0,    0,    0,    0,    0,    0,    0,    0,    0,    0,    0,    0,    0,   -8,  -56,    0,    0,  -24,    0,  -56,    0,  -24,  -24,    0,    0,    0,   -8,  -80,    0,  -24,   16,   16,   -8,  -16,   16,  -20,    0,    0,    0,  -16,  -32,  -20,  -16,    0,  -16,    0,    0,    0,    0,    0,  -32,  -56,    0,    0,  -72,  -16,    0,    0,    0,    0,    0,  -32,  -32,  -16,
       0,    0,  -72,    0,    0,    0,    0,    0,    0,    0,    0,    0,    0,    0,    0,    0,    0,    0,    0,    0,    0,    0,    0,    0,    0,    0,    0,    0,    0,    0,    0, -112,    0,    0,    0,    0,    0,    0,    0,    0,    0,    0,    0,    0,    0,    0,    0,    0,    0,    0,    0,    0,    0,    0,    0,    0,    0,    0,    0,    0,    0,    0,    0,    0,    0,    0,    0,    0,    0,    0,    0,    0,    0,    0,    0,    0,    0,    0,    0,    0,    0,    0,    0,    0,    0,    0,    0,    0,    0,    0,    0,    0,    0,    0,    0,    0,    0,    0,    0,    0,    0,    0,    0,    0,    0,    0,    0,    0,    0,    0,    0,    0,    0,    0,    0,    0,    0,    0,    0,    0,  -60,  -16,    0,    0,    0,  -48,    0,    0,    0,    0,    0,  -32,    0,  -96,    0,    0,    0,  -16,    0,    0,   -8,    0,    0,    0,    0,  -32,  -68,    0,  -56,    0,    0,    0,    0,    0,    0,    0,  -68,  -72,    0,    0,  -76,  -56,  -36,    0,    0,    0,    0,  -68,  -40,  -40,
       0,    0,    0,    0,    0,  -16,    0,    0,    0,    0,    0,    0,    0,    0,    0,    0,    0,    0,    0,    0,    0,    0,    0,    0,    0,    0,    0,    0,    0,    0,    0,    0,    0,    0,    0,    0,    0,    0,    0,    0,    0,    0,    0,    0,    0,    0,    0,    0,    0,    0,    0,  -24,    0,    0,    0,    0,    0,    0,    0,    0,    0,    0,    0,    0,    0,    0,    0,    0,    0,    0,    0,    0,    0,    0,    0,    0,    0,    0,    0,    0,    0,    0,    0,    0,    0,    0,    0,    0,    0,    0,    0,    0,    0,    0,    0,    0,    0,    0,    0,    0,    0,    0,    0,    0,    0,    0,    0,    0,    0,    0,    0,    0,    0,    0,    0,    0,    0,    0,    0,    0,  -32,  -40,    0,    0,    0,  -24,   12,    0,    0,  -24,    0,  -60,   10,  -32,    0,    0,    0,  -24,    0,    0,  -24,    0,    0,    0,    0,  -48,  -40,    8,  -48,    0,    0,    0,  -10,    0,    0,    0,  -40,  -24,    0,    0,  -23,  -60,  -72,    0,  -24,  -16,    0,  -40,  -16,    0,
       0,    0,    0,    0, -100,  -40, -100,  -76,    0,    0,    0,    0,    0,    0,    0,    0,    0,    0,    0,    0,    0,    0,    0,    0,    0,    0,    0,    0,    0,    0,    0,    0,    0,    0,    0,    0,    0,    0,    0,    0,    0,    0,    0,    0,    0,    0,    0,    0,    0,    0,    0,  -64,    0,  -40,    0,    0,    0,    0,    0,    0,    0,    0,    0,    0,    0,    0,    0,    0,    0,    0,    0,    0,    0,    0,    0,    0,    0,    0,    0,    0,    0,    0,    0,    0,    0,    0,    0,    0,    0,    0,    0,    0,    0,    0,    0,    0,    0,    0,    0,    0,    0,    0,    0,    0,    0,    0,    0,    0,    0,    0,    0,    0,    0,    0,    0,    0,    0,    0,    0,    0,    0,  -60,  -36,    0,  -72,   16, -128,  -80,  -16,  -36,  -40,  -56,    0,    0,  -16,  -64,  -80,   -8,  -64,  -96,  -88,  -64,  -72,  -80,  -24,  -40,  -32,  -48,  -40,  -72, -120,   16,  -64,    0,   48,    0,  -32,   12,    0,   16,   32,  -24,  -88, -128,  -16,  -64,    0,  -32,    0,   16,
     -40,    0,  -72,    0,    0,  -24,    0,   16,    0,    0,    0,    0,    0,    0,    0,    0,    0,    0,  -44,    0,    0,    0,    0,    0,    0,    0,    0,    0,    0,    0,    0,  -80,    0,    0,    0,    0,    0,    0,    0,    0,    0,    0,    0,    0,    0,    0,    0,    0,    0,    0,    0,  -24,    0,    0,    0,    0,    0,    0,    0,    0,    0,    0,    0,    0,    0,    0,    0,    0,    0,    0,    0,    0,    0,    0,    0,    0,    0,    0,    0,    0,    0,    0,    0,    0,    0,    0,    0,    0,    0,    0,    0,    0,    0,    0,    0,    0,    0,    0,    0,    0,    0,    0,    0,    0,    0,    0,    0,    0,    0,    0,    0,    0,    0,    0,    0,    0,    0,    0,    0,    0,  -84,  -12,    0,    0,    8,  -40,   20,   16,   12,    0,    0,  -40,    8, -100,    0,    0,    0,  -16,    0,   12,    0,    0,    0,   24,    0,  -40,  -32,   16,  -56,    0,    0,    0,    0,    0,    0,    0,  -32,  -92,    0,    0,  -72,  -72,  -40,   24,    0,    0,    0,  -32,  -88,  -64,
       0,    0,    0,    0,    0,    0,    0,    0,    0,    0,    0,    0,    0,    0,    0,    0,    0,    0,    0,    0,    0,    0,    0,    0,    0,    0,    0,    0,    0,    0,    0,    0,    0,    0,    0,    0,    0,    0,    0,    0,    0,    0,    0,    0,    0,    0,    0,    0,    0,    0,    0,    0,    0,    0,    0,    0,    0,    0,    0,    0,    0,    0,    0,    0,    0,    0,    0,    0,    0,    0,    0,    0,    0,    0,    0,    0,    0,    0,    0,    0,    0,    0,    0,    0,    0,    0,    0,    0,    0,    0,    0,    0,    0,    0,    0,    0,    0,    0,    0,    0,    0,    0,    0,    0,    0,    0,    0,    0,    0,    0,    0,    0,    0,    0,    0,    0,    0,    0,    0,    0,  -24,    0,    0,    0,    0,    0,  -16,    0,  -24,    0,    0,    0,    0,  -16,    0,  -16,    0,    0,    0,  -16,    0,  -16,    0,    0,    0,    0,    0,    0,    0,    0,  -16,    0,    0,    0,    0,    0,    0,    0,    0,    0,    0,  -28,    0,    0,    0,    0,    0,    0,    0,    0,
       0,    0,    0,    0,  -16,    0,  -16,    0,    0,    0,    0,    0,    0,    0,    0,    0,    0,    0,    0,    0,    0,    0,    0,    0,    0,    0,    0,    0,    0,    0,    0,  -32,    0,    0,    0,    0,    0,    0,    0,    0,    0,    0,    0,    0,    0,    0,    0,    0,    0,    0,    0,    0,    0,    0,    0,    0,    0,    0,    0,    0,    0,    0,    0,    0,    0,    0,    0,    0,    0,    0,    0,    0,    0,    0,    0,    0,    0,    0,    0,    0,    0,    0,    0,    0,    0,    0,    0,    0,    0,    0,    0,    0,    0,    0,    0,    0,    0,    0,    0,    0,    0,    0,    0,    0,    0,    0,    0,    0,    0,    0,    0,    0,    0,    0,    0,    0,    0,    0,    0,    0,  -12,    0,    0,    0,    0,   -8,  -24,  -16,  -16,    0,  -24,    0,  -12,  -20,    0,    0,    0,   16,    0,  -16,   12,    0,    0,    0,    0,    0,    0,    0,    0,    0,   -8,    0,    0,    0,    0,    8,    0,  -20,    0,    0,  -16,    0,    0,  -20,    0,    0,    0,    0,    0,    0,
       0,    0,    0,    0,  -80,  -16,  -80, -100,    0,    0,    0,    0,    0,    0,    0,    0,  -16,  -16,    0,    0,    0,    0,    0,    0,    0,    0,    0,    0,    0,    0,    0,    0,    0,    0,    0,    0,    0,    0,    0,    0,    0,    0,    0,    0,    0,    0,    0,    0,    0,    0,    0,  -24,    0,  -16,    0,    0,    0,    0,    0,    0,    0,    0,    0,    0,    0,    0,    0,    0,    0,    0,    0,    0,    0,    0,    0,    0,    0,    0,    0,    0,    0,    0,    0,    0,    0,    0,  -16,    0,    0,    0,    0,    0,    0,    0,    0,    0,    0,    0,    0,    0,    0,    0,    0,    0,    0,    0,    0,    0,    0,    0,    0,    0,    0,    0,    0,    0,    0,    0,    0,    0,    0,  -24,  -12,    0,  -64,    0,  -96,  -64,  -16,    0,  -20,  -24,    0,    0,    0,  -40,  -44,    0,    0,  -72,  -48,    0,  -16,  -64,    0,    0,    0,    0,    0,  -16,  -64,    0,  -56,    0,   24,    0,    0,    0,    0,    0,    0,  -16,  -72,  -80,    0,  -16,    0,    0,   16,   16,
       0,    0,    0,    0,    0,    0,    0,    0,    0,    0,    0,    0,    0,    0,    0,    0,    0,    0,    0,    0,    0,    0,    0,    0,    0,    0,    0,    0,    0,    0,    0,    0,    0,    0,    0,    0,    0,    0,    0,    0,    0,    0,    0,    0,    0,    0,    0,    0,    0,    0,    0,  -16,    0,    0,    0,    0,    0,    0,    0,    0,    0,    0,    0,    0,    0,    0,    0,    0,    0,    0,    0,    0,    0,    0,    0,    0,    0,    0,    0,    0,    0,    0,    0,    0,    0,    0,    0,    0,    0,    0,    0,    0,    0,    0,    0,    0,    0,    0,    0,    0,    0,    0,    0,    0,    0,    0,    0,    0,    0,    0,    0,    0,    0,    0,    0,    0,    0,    0,    0,    0,    0,  -12,    0,   32,    0,    0,   12,    0,    0,    0,    0,  -32,   12,    0,    0,    0,    0,    0,    0,    0,  -12,    0,    0,    0,    0,  -24,    0,    0,  -24,    0,    0,    0,    0,    0,    0,   32,    0,    0,    0,    0,    0,  -40,  -48,    0,    0,    0,    0,    0,    0,    0,
       0,    0,    0,    0,    0,    0,    0,    0,    0,    0,    0,    0,    0,    0,    0,    0,    0,    0,    0,    0,    0,    0,    0,    0,    0,    0,    0,    0,    0,    0,    0,    0,    0,    0,    0,    0,    0,    0,    0,    0,    0,    0,    0,    0,    0,    0,    0,    0,    0,    0,    0,    0,    0,    0,    0,    0,    0,    0,    0,    0,    0,    0,    0,    0,    0,    0,    0,    0,    0,    0,    0,    0,    0,    0,    0,    0,    0,    0,    0,    0,    0,    0,    0,    0,    0,    0,    0,    0,    0,    0,    0,    0,    0,    0,    0,    0,    0,    0,    0,    0,    0,    0,    0,    0,    0,    0,    0,    0,    0,    0,    0,    0,    0,    0,    0,    0,    0,    0,    0,    0,  -20,   -8,    0,    0,   16,  -16,    0,    0,    0,    0,    0,  -26,   24,  -16,    0,    0,    0,    0,    0,    0,    0,    0,    0,    0,    0,    0,  -12,    0,    0,    0,    0,    0,    0,    0,   16,    0,  -12,  -16,    0,    0,  -16,  -24,  -24,    0,    0,    0,    0,  -12,  -16,    0,
       0,  -24,    0,    0,  -40,    0,  -40,  -32,    0,    0,    0,    0,    0,    0,    0,    0,    0,    0,    0,    0,    0,    0,    0,    0,    0,    0,    0,    0,    0,    0,    0,  -24,    0,    0,    0,    0,    0,    0,    0,    0,    0,    0,    0,    0,    0,    0,    0,    0,    0,    0,    0,    0,    0,    0,    0,    0,    0,    0,    0,    0,    0,    0,    0,    0,    0,    0,    0,    0,    0,    0,    0,    0,    0,    0,    0,    0,    0,    0,    0,    0,    0,    0,    0,    0,    0,    0,    0,    0,    0,    0,    0,    0,    0,    0,    0,    0,    0,    0,    0,    0,    0,    0,    0,    0,    0,    0,    0,    0,    0,    0,    0,    0,    0,    0,    0,    0,    0,    0,    0,  -12,    0,    0,    0,  -16,  -24,  -16,  -22,  -40,  -40,  -16,   -8,    0,  -28,  -24,    0,  -24,    0,    0,    0,  -32,    0,    0,    0,  -32,    0,    0,    0,    0,    0,    0,  -32,    0,    0,    0,    0,    0,    0,  -16,    0,    0,  -20,    0,    0,  -56,    0,    0,    0,    0,    0,    0,
      16,    0,   46,    0,  -80,    0,  -80,  -78,    0,    0,    0,    0,    0,    0,    0,    0,    0,    0,    0,    0,    0,    0,    0,    0,    0,    0,    0,    0,    0,    0,    0,    0,    0,    0,    0,    0,    0,    0,    0,    0,    0,    0,    0,    0,    0,    0,    0,    0,    0,    0,    0,    0,    0,    0,    0,    0,    0,    0,    0,    0,    0,    0,    0,    0,    0,    0,    0,    0,    0,    0,    0,    0,    0,    0,    0,    0,    0,    0,    0,    0,    0,    0,    0,    0,    0,    0,    0,    0,    0,    0,    0,    0,    0,    0,    0,    0,    0,    0,    0,    0,    0,    0,    0,    0,    0,    0,    0,    0,    0,    0,    0,    0,    0,    0,    0,    0,    0,    0,    0,  -12,    8,    0,    0,    0,  -44,    0,  -88,  -64,  -24,    0,  -12,    0,   -8,    0,    0,  -20,  -12,    0,    0,  -48,  -12,    0,    0,  -16,    0,    0,   25,    0,    0,    0,  -40,    0,  -14,    0,   16,   24,   25,    0,    0,    0,    0,    0,    0, -108,    0,    0,    0,   25,   16,   24,
       0,    0,    0,    0,    0,  -16,    0,    0,    0,    0,    0,    0,    0,    0,    0,    0,    0,    0,    0,    0,    0,    0,    0,    0,    0,    0,    0,    0,    0,    0,    0,    0,    0,    0,    0,    0,    0,    0,    0,    0,    0,    0,    0,    0,    0,    0,    0,    0,    0,    0,    0,    0,    0,    0,    0,    0,    0,    0,    0,    0,    0,    0,    0,    0,    0,    0,    0,    0,    0,    0,    0,    0,    0,    0,    0,    0,    0,    0,    0,    0,    0,    0,    0,    0,    0,    0,    0,    0,    0,    0,    0,    0,    0,    0,    0,    0,    0,    0,    0,    0,    0,    0,    0,    0,    0,    0,    0,    0,    0,    0,    0,    0,    0,    0,    0,    0,    0,    0,    0,    0,    0,  -19,    0,    0,    0,    0,    0,    0,    0,    0,    0,  -24,    0,    0,    0,  -16,  -12,    0,    0,    0,  -12,    0,    0,    0,    0,    0,  -10,    0,    0,    0,    0,    0,  -12,    0,    0,    0,  -10,    0,    0,    0,    0,    0,    0,    0,    0,    0,    0,  -10,    0,    0,
       0,    0,    0,    0,  -40,   16,  -40,  -48,    0,    0,    0,    0,    0,    0,    0,    0,    0,    0,    0,    0,    0,    0,    0,    0,    0,    0,    0,    0,    0,    0,    0,    0,    0,    0,    0,    0,    0,    0,    0,    0,    0,    0,    0,    0,    0,    0,    0,    0,    0,    0,    0,    0,    0,    0,    0,    0,    0,    0,    0,    0,    0,    0,    0,    0,    0,    0,    0,    0,    0,    0,    0,    0,    0,    0,    0,    0,    0,    0,    0,    0,    0,    0,    0,    0,    0,    0,    0,    0,    0,    0,    0,    0,    0,    0,    0,    0,    0,    0,    0,    0,    0,    0,    0,    0,    0,    0,    0,    0,    0,    0,    0,    0,    0,    0,    0,    0,    0,    0,    0,  -24,   -8,    0,    0,    0,  -40,  -32,  -61,  -72,  -60,  -24,  -24,    0,  -48,  -24,  -16,  -48,    0,    0,    0,  -32,    0,    0,    0,  -24,    0,    0,    0,    0,    0,    0,  -16,    0,    0,    0,    0,    0,    0,  -28,    0,    0,  -24,    0,    0,  -56,    0,    0,    0,    0,    0,    0,
       0,    0,   24,    0,    0,  -16,    0,    0,    0,    0,    0,    0,    0,    0,    0,    0,    0,    0,    0,    0,    0,    0,    0,    0,    0,    0,    0,    0,    0,    0,    0,    0,    0,    0,    0,    0,    0,    0,    0,    0,    0,    0,    0,    0,    0,    0,    0,    0,    0,    0,    0,    0,    0,    0,    0,    0,    0,    0,    0,    0,    0,    0,    0,    0,    0,    0,    0,    0,    0,    0,    0,    0,    0,    0,    0,    0,    0,    0,    0,    0,    0,    0,    0,    0,    0,    0,    0,    0,    0,    0,    0,    0,    0,    0,    0,    0,    0,    0,    0,    0,    0,    0,    0,    0,    0,    0,    0,    0,    0,    0,    0,    0,    0,    0,    0,    0,    0,    0,    0,    0,    0,  -28,    0,    0,    8,    0,    8,   16,    0,    0,   12,  -48,   24,    0,    0,    0,    0,    0,    0,   24,   -8,    0,    0,   24,    0,  -48,  -28,   16,  -48,    0,    0,   16,    0,    0,   32,    0,  -28,    0,    0,    0,    0,  -56,  -48,   24,   -8,    0,    0,  -28,    0,    0,
       0,    0,  -32,    0,    0,    0,    0,    0,    0,    0,    0,    0,    0,    0,    0,    0,    0,    0,  -20,    0,    0,    0,    0,    0,    0,    0,    0,    0,    0,    0,    0,  -80,    0,    0,    0,    0,    0,    0,    0,    0,    0,    0,    0,    0,    0,    0,    0,    0,    0,    0,    0,    0,    0,    0,    0,    0,    0,    0,    0,    0,    0,    0,    0,    0,    0,    0,    0,    0,    0,    0,    0,    0,    0,    0,    0,    0,    0,    0,    0,    0,    0,    0,    0,    0,    0,    0,    0,    0,    0,    0,    0,    0,    0,    0,    0,    0,    0,    0,    0,    0,    0,    0,    0,    0,    0,    0,    0,    0,    0,    0,    0,    0,    0,    0,    0,    0,    0,    0,    0,    0,    0,    0,    0,    0,    0,    0,    0,    0,    0,    0,    0,    0,    0,    0,    0,    0,    0,    0,    0,    0,    0,    0,    0,   16,    0,  -16,  -32,    0,  -32,    0,    0,    0,    0,    0,    0,    0,  -32,    0,    0,    0,    0,    0,  -24,    0,    0,    0,    0,  -32,  -32,  -24,
       0,  -24,  -16,    0,  -24,    0,  -24,  -32,    0,    0,    0,    0,    0,    0,    0,    0,    0,    0,  -12,    0,    0,    0,    0,    0,    0,    0,    0,    0,    0,    0,    0,  -48,    0,    0,    0,    0,    0,    0,    0,    0,    0,    0,    0,    0,    0,    0,    0,    0,    0,    0,    0,    0,    0,    0,    0,    0,    0,    0,    0,    0,    0,    0,    0,    0,    0,    0,    0,    0,    0,    0,    0,    0,    0,    0,    0,    0,    0,    0,    0,    0,    0,    0,    0,    0,    0,    0,    0,    0,    0,    0,    0,    0,    0,    0,    0,    0,    0,    0,    0,    0,    0,    0,    0,    0,    0,    0,    0,    0,    0,    0,    0,    0,    0,    0,    0,    0,    0,    0,    0,    0,    0,    0,    0,    0,    0,    0,    0,    0,    0,    0,    0,    0,    0,    0,    0,    0,    0,    0,   -8,  -16,    0,  -24,  -10,  -16,    0,    0,  -16,  -20,    0,  -10,  -19,    0,    0,    0,    0,    0,  -16,    0,    0,    0,    0,    0,    0,    0,    0,    0,    0,  -16,  -32,  -16,
       0,    0,    0,    0,    0,    0,    0,    0,    0,    0,    0,    0,    0,    0,    0,    0,    0,    0,    0,    0,    0,    0,    0,    0,    0,    0,    0,    0,    0,    0,    0,    0,    0,    0,    0,    0,    0,    0,    0,    0,    0,    0,    0,    0,    0,    0,    0,    0,    0,    0,    0,    0,    0,    0,    0,    0,    0,    0,    0,    0,    0,    0,    0,    0,    0,    0,    0,    0,    0,    0,    0,    0,    0,    0,    0,    0,    0,    0,    0,    0,    0,    0,    0,    0,    0,    0,    0,    0,    0,    0,    0,    0,    0,    0,    0,    0,    0,    0,    0,    0,    0,    0,    0,    0,    0,    0,    0,    0,    0,    0,    0,    0,    0,    0,    0,    0,    0,    0,    0,    0,    0,    0,    0,    0,    0,    0,    0,    0,    0,    0,    0,    0,    0,    0,    0,    0,    0,    0,   -8,   -8,    0,  -16,    0,    0,    0,    0,  -21,  -12,    0,    0,  -16,    0,    0,    0,    0,    0,  -21,    0,    0,    0,    0,    0,   -8,    0,    0,    0,    0,  -21,    0,    0,
       0,    0,    0,    0,  -40,    0,  -40,  -32,    0,    0,    0,    0,    0,    0,    0,    0,    0,    0,    0,    0,    0,    0,    0,    0,    0,    0,    0,    0,    0,    0,    0,    0,    0,    0,    0,    0,    0,    0,    0,    0,    0,    0,    0,    0,    0,    0,    0,    0,    0,    0,    0,    0,    0,    0,    0,    0,    0,    0,    0,    0,    0,    0,    0,    0,    0,    0,    0,    0,    0,    0,    0,    0,    0,    0,    0,    0,    0,    0,    0,    0,    0,    0,    0,    0,    0,    0,    0,    0,    0,    0,    0,    0,    0,    0,    0,    0,    0,    0,    0,    0,    0,    0,    0,    0,    0,    0,    0,    0,    0,    0,    0,    0,    0,    0,    0,    0,    0,    0,    0,    0,    0,    0,    0,    0,    0,    0,    0,    0,    0,    0,    0,    0,    0,    0,    0,    0,  -11,    8,    0,  -40,   -8,    0,    0,  -40,   16,    0,    0,    0,    0,    0,  -32,   -8,   -8,    0,    0,    0,    0,    0,    0,    0,    0,    0,    0,    0,    0,    0,    0,    0,    0,   16,
       0,    0,    0,    0,    8,    0,    8,    0,    0,    0,    0,    0,    0,    0,    0,    0,    0,    0,    0,    0,    0,    0,    0,    0,    0,    0,    0,    0,    0,    0,    0,  -16,    0,    0,    0,    0,    0,    0,    0,    0,    0,    0,    0,    0,    0,    0,    0,    0,    0,    0,    0,    0,    0,    0,    0,    0,    0,    0,    0,    0,    0,    0,    0,    0,    0,    0,    0,    0,    0,    0,    0,    0,    0,    0,    0,    0,    0,    0,    0,    0,    0,    0,    0,    0,    0,    0,    0,    0,    0,    0,    0,    0,    0,    0,    0,    0,    0,    0,    0,    0,    0,    0,    0,    0,    0,    0,    0,    0,    0,    0,    0,    0,    0,    0,    0,    0,    0,    0,    0,    0,    0,    0,    0,    0,    0,    0,    0,    0,    0,    0,    0,    0,    0,    0,    0,    0,    0,    0,    0,    0,   -8,    0,    0,    0,    0,    0,    0,    0,    0,    0,    0,    0,    0,    0,    0,   32,   24,    0,    0,    0,    0,    0,  -24,    0,    0,    0,    0,   24,    0,    0,
       0,    0,    0,    0,    0,    0,    0,    0,    0,    0,    0,    0,    0,    0,    0,    0,    0,    0,  -16,    0,    0,    0,    0,    0,    0,    0,    0,    0,    0,    0,    0,  -32,    0,    0,    0,    0,    0,    0,    0,    0,    0,    0,    0,    0,    0,    0,    0,    0,    0,    0,    0,    0,    0,    0,    0,    0,    0,    0,    0,    0,    0,    0,    0,    0,    0,    0,    0,    0,    0,    0,    0,    0,    0,    0,    0,    0,    0,    0,    0,    0,    0,    0,    0,    0,    0,    0,    0,    0,    0,    0,    0,    0,    0,    0,    0,    0,    0,    0,    0,    0,    0,    0,    0,    0,    0,    0,    0,    0,    0,    0,    0,    0,    0,    0,    0,    0,    0,    0,    0,    0,    0,    0,    0,    0,    0,    0,    0,    0,    0,    0,    0,    0,    0,    0,    0,    0,   -8,    0,    0,   -8,    0,  -16,    0,    0,    0,    0,    0,    0,    0,    0,  -16,    0,    0,    0,    0,    0,    0,    0,    0,    0,    0,    0,    0,    0,    0,    0,    0,    0,  -16,    0,
       0,    0,    0,    0,    0,    0,    0,    0,    0,    0,    0,    0,    0,    0,    0,    0,    0,    0,    0,    0,    0,    0,    0,    0,    0,    0,    0,    0,    0,    0,    0,  -16,    0,    0,    0,    0,    0,    0,    0,    0,    0,    0,    0,    0,    0,    0,    0,    0,    0,    0,    0,  -24,    0,    0,    0,    0,    0,    0,    0,    0,    0,    0,    0,    0,    0,    0,    0,    0,    0,    0,    0,    0,    0,    0,    0,    0,    0,    0,    0,    0,    0,    0,    0,    0,    0,    0,    0,    0,    0,    0,    0,    0,    0,    0,    0,    0,    0,    0,    0,    0,    0,    0,    0,    0,    0,    0,    0,    0,    0,    0,    0,    0,    0,    0,    0,    0,    0,    0,    0,    0,    0,    0,    0,    0,    0,    0,    0,    0,    0,    0,    0,    0,    0,    0,    0,    0,  -22,  -12,    0,    0,  -29,    0,   -8,    0,    0,   -8,  -16,    0,    0,   -8,    0,    0,    0,    0,    0,    0,  -16,    0,    0,    0,    0,    0,  -48,    0,    0,    0,    0,  -16,    0,    0,
       0,    0,    0,    0,  -16,    0,  -16,    0,    0,    0,    0,    0,    0,    0,    0,    0,    0,    0,    0,    0,    0,    0,    0,    0,    0,    0,    0,    0,    0,    0,    0,  -40,    0,    0,    0,    0,    0,    0,    0,    0,    0,    0,    0,    0,    0,    0,    0,    0,    0,    0,    0,    0,    0,    0,    0,    0,    0,    0,    0,    0,    0,    0,    0,    0,    0,    0,    0,    0,    0,    0,    0,    0,    0,    0,    0,    0,    0,    0,    0,    0,    0,    0,    0,    0,    0,    0,    0,    0,    0,    0,    0,    0,    0,    0,    0,    0,    0,    0,    0,    0,    0,    0,    0,    0,    0,    0,    0,    0,    0,    0,    0,    0,    0,    0,    0,    0,    0,    0,    0,    0,    0,    0,    0,    0,    0,    0,    0,    0,    0,    0,    0,    0,    0,    0,    0,    0,    0,    0,    0,  -16,    0,  -11,    0,    0,    0,    0,  -12,    0,    0,    0,  -12,    0,    0,    0,    0,    0,  -12,    0,    0,    0,    0,    0,    0,    0,    0,    0,    0,  -12,  -16,    0,
       0,    0,    0,    0,    0,    0,    0,    0,    0,    0,    0,    0,    0,    0,    0,    0,    0,    0,    0,    0,    0,    0,    0,    0,    0,    0,    0,    0,    0,    0,    0,    0,    0,    0,    0,    0,    0,    0,    0,    0,    0,    0,    0,    0,    0,    0,    0,    0,    0,    0,    0,    0,    0,    0,    0,    0,    0,    0,    0,    0,    0,    0,    0,    0,    0,    0,    0,    0,    0,    0,    0,    0,    0,    0,    0,    0,    0,    0,    0,    0,    0,    0,    0,    0,    0,    0,    0,    0,    0,    0,    0,    0,    0,    0,    0,    0,    0,    0,    0,    0,    0,    0,    0,    0,    0,    0,    0,    0,    0,    0,    0,    0,    0,    0,    0,    0,    0,    0,    0,    0,    0,    0,    0,    0,    0,    0,    0,    0,    0,    0,    0,    0,    0,    0,    0,    0,   -8,    0,    0,    0,   -8,    0,    0,    0,    0,    0,   -8,    0,    0,    0,  -10,    0,    0,    0,    0,    0,   -8,    0,    0,    0,    0,    0,  -24,    0,    0,    0,    0,   -8,    0,    0,
       0,    0,    0,    0,    0,    0,    0,    0,    0,    0,    0,    0,    0,    0,    0,    0,    0,    0,    0,    0,    0,    0,    0,    0,    0,    0,    0,    0,    0,    0,    0,  -48,    0,    0,    0,    0,    0,    0,    0,    0,    0,    0,    0,    0,    0,    0,    0,    0,    0,    0,    0,    0,    0,    0,    0,    0,    0,    0,    0,    0,    0,    0,    0,    0,    0,    0,    0,    0,    0,    0,    0,    0,    0,    0,    0,    0,    0,    0,    0,    0,    0,    0,    0,    0,    0,    0,    0,    0,    0,    0,    0,    0,    0,    0,    0,    0,    0,    0,    0,    0,    0,    0,    0,    0,    0,    0,    0,    0,    0,    0,    0,    0,    0,    0,    0,    0,    0,    0,    0,    0,    0,    0,    0,    0,    0,    0,    0,    0,    0,    0,    0,    0,    0,    0,    0,    0,   -8,    0,    0,    0,    0,    0,    0,    0,    0,    0,   -8,    0,    0,    0,  -16,    0,    0,    0,    0,    0,   -8,    0,    0,    0,    0,    0,    0,    0,    0,    0,    0,   -8,    0,   16,
       0,    0,   24,    0,  -72,  -12,  -72,  -44,    0,    0,    0,    0,    0,    0,    0,    0,    0,    0,    0,    0,    0,    0,    0,    0,    0,    0,    0,    0,    0,    0,    0,    0,    0,    0,    0,    0,    0,    0,    0,    0,    0,    0,    0,    0,    0,    0,    0,    0,    0,    0,    0,    0,    0,    0,    0,    0,    0,    0,    0,    0,    0,    0,    0,    0,    0,    0,    0,    0,    0,    0,    0,    0,    0,    0,    0,    0,    0,    0,    0,    0,    0,    0,    0,    0,    0,    0,    0,    0,    0,    0,    0,    0,    0,    0,    0,    0,    0,    0,    0,    0,    0,    0,    0,    0,    0,    0,    0,    0,    0,    0,    0,    0,    0,    0,    0,    0,    0,    0,    0,    0,    0,    0,    0,    0,    0,    0,    0,    0,    0,    0,    0,    0,    0,    0,    0,    0,  -24,    0,    0,  -48,  -24,   -8,   -8,  -48,    8,   16,    8,    8,   16,   -8,  -44,  -12,  -24,   16,    0,   32,    8,    0,    0,    0,    0,    0,    0,    0,    0,    0,    0,    8,   32,   32,
       0,    0,   16,    0,    8,    0,    8,    0,    0,    0,    0,    0,    0,    0,    0,    0,    0,    0,    0,    0,    0,    0,    0,    0,    0,    0,    0,    0,    0,    0,    0,    0,    0,    0,    0,    0,    0,    0,    0,    0,    0,    0,    0,    0,    0,    0,    0,    0,    0,    0,    0,    0,    0,    0,    0,    0,    0,    0,    0,    0,    0,    0,    0,    0,    0,    0,    0,    0,    0,    0,    0,    0,    0,    0,    0,    0,    0,    0,    0,    0,    0,    0,    0,    0,    0,    0,    0,    0,    0,    0,    0,    0,    0,    0,    0,    0,    0,    0,    0,    0,    0,    0,    0,    0,    0,    0,    0,    0,    0,    0,    0,    0,    0,    0,    0,    0,    0,    0,    0,    0,    0,    0,    0,    0,    0,    0,    0,    0,    0,    0,    0,    0,    0,    0,    0,    0,   -8,    0,    0,    0,  -20,    0,    0,    0,   16,    0,   12,    8,    0,    0,    0,    0,   -8,    0,    0,    0,   12,    0,    0,    0,    0,    0,  -16,    0,    0,    0,    0,   12,   24,   32,
       0,    0,  -24,    0,    0,    0,    0,    0,    0,    0,    0,    0,    0,    0,    0,    0,    0,    0,    0,    0,    0,    0,    0,    0,    0,    0,    0,    0,    0,    0,    0,  -96,    0,    0,    0,    0,    0,    0,    0,    0,    0,    0,    0,    0,    0,    0,    0,    0,    0,    0,    0,    0,    0,    0,    0,    0,    0,    0,    0,    0,    0,    0,    0,    0,    0,    0,    0,    0,    0,    0,    0,    0,    0,    0,    0,    0,    0,    0,    0,    0,    0,    0,    0,    0,    0,    0,    0,    0,    0,    0,    0,    0,    0,    0,    0,    0,    0,    0,    0,    0,    0,    0,    0,    0,    0,    0,    0,    0,    0,    0,    0,    0,    0,    0,    0,    0,    0,    0,    0,    0,    0,    0,    0,    0,    0,    0,    0,    0,    0,    0,    0,    0,    0,    0,    0,    0,    0,    0,   -8,   -8,    0,   -8,    0,    0,  -16,  -40,  -56,  -16,  -56,    0,  -16,    0,    0,    0,    0,    0,  -56,    0,    0,    0,    0,    0,  -16,    0,    0,    0,   -8,  -56,  -24,  -32,
       0,    0,  -32,    0,    0,    0,    0,    0,    0,    0,    0,    0,    0,    0,    0,    0,    0,    0,  -13,    0,    0,    0,    0,    0,    0,    0,    0,    0,    0,    0,    0,  -72,    0,    0,    0,    0,    0,    0,    0,    0,    0,    0,    0,    0,    0,    0,    0,    0,    0,    0,    0,    0,    0,    0,    0,    0,    0,    0,    0,    0,    0,    0,    0,    0,    0,    0,    0,    0,    0,    0,    0,    0,    0,    0,    0,    0,    0,    0,    0,    0,    0,    0,    0,    0,    0,    0,    0,    0,    0,    0,    0,    0,    0,    0,    0,    0,    0,    0,    0,    0,    0,    0,    0,    0,    0,    0,    0,    0,    0,    0,    0,    0,    0,    0,    0,    0,    0,    0,    0,    0,    0,    0,    0,    0,    0,    0,    0,    0,    0,    0,    0,    0,    0,    0,    0,    0,    0,    0,    0,    0,    0,    0,    0,    0,    0,    0,  -34,    0,  -40,    0,  -24,    0,    0,    0,    0,    0,  -34,    0,    0,    0,    0,    0,  -24,    0,    0,    0,  -16,  -34,  -40,  -24,
       0,    0,    0,    0,  -12,    0,  -12,  -16,    0,    0,    0,    0,    0,    0,    0,    0,    0,    0,  -12,    0,    0,    0,    0,    0,    0,    0,    0,    0,    0,    0,    0,  -24,    0,    0,    0,    0,    0,    0,    0,    0,    0,    0,    0,    0,    0,    0,    0,    0,    0,    0,    0,    0,    0,    0,    0,    0,    0,    0,    0,    0,    0,    0,    0,    0,    0,    0,    0,    0,    0,    0,    0,    0,    0,    0,    0,    0,    0,    0,    0,    0,    0,    0,    0,    0,    0,    0,    0,    0,    0,    0,    0,    0,    0,    0,    0,    0,    0,    0,    0,    0,    0,    0,    0,    0,    0,    0,    0,    0,    0,    0,    0,    0,    0,    0,    0,    0,    0,    0,    0,    0,    0,    0,    0,    0,    0,    0,    0,    0,    0,    0,    0,    0,    0,    0,    0,    0,  -11,    0,    0,  -10,    0,   -8,    0,    0,    0,    0,   -8,  -13,    0,    0,  -16,    0,    0,    0,    0,    0,   -8,    0,    0,    0,    0,    0,    0,    0,    0,    0,    0,   -8,  -16,    0,
       0,    0,    0,    0,    0,    0,    0,    0,    0,    0,    0,    0,    0,    0,    0,    0,    0,    0,    0,    0,    0,    0,    0,    0,    0,    0,    0,    0,    0,    0,    0,    0,    0,    0,    0,    0,    0,    0,    0,    0,    0,    0,    0,    0,    0,    0,    0,    0,    0,    0,    0,    0,    0,    0,    0,    0,    0,    0,    0,    0,    0,    0,    0,    0,    0,    0,    0,    0,    0,    0,    0,    0,    0,    0,    0,    0,    0,    0,    0,    0,    0,    0,    0,    0,    0,    0,    0,    0,    0,    0,    0,    0,    0,    0,    0,    0,    0,    0,    0,    0,    0,    0,    0,    0,    0,    0,    0,    0,    0,    0,    0,    0,    0,    0,    0,    0,    0,    0,    0,    0,    0,    0,    0,    0,    0,    0,    0,    0,    0,    0,    0,    0,    0,    0,    0,    0,    0,    0,    0,    0,    0,    0,    0,    0,    0,  -24,  -16,    0,  -24,    0,    0,    0,    0,    0,    0,    0,  -16,    0,    0,    0,    0,    0,  -24,    0,    0,    0,    0,  -16,  -16,    0,
       0,   24,   24,    0,    0,    0,    0,    0,    0,    0,    0,    0,    0,    0,    0,    0,    0,    0,    0,    0,    0,    0,    0,    0,    0,    0,    0,    0,    0,    0,    0,   16,   24,    0,    0,    0,    0,    0,    0,    0,    0,    0,    0,    0,    0,    0,    0,    0,    0,    0,   24,    0,    0,    0,    0,    0,    0,    0,    0,    0,    0,    0,    0,    0,    0,    0,    0,    0,    0,    0,    0,    0,    0,    0,    0,    0,    0,    0,    0,    0,    0,    0,    0,    0,    0,    0,    0,    0,    0,    0,    0,    0,    0,    0,    0,    0,    0,    0,    0,    0,    0,    0,    0,    0,    0,    0,    0,    0,    0,    0,    0,    0,    0,    0,    0,    0,    0,    0,    0,    0,    0,    0,    0,    0,    0,    0,    0,    0,    0,    0,    0,    0,    0,    0,    0,    0,    0,    0,    0,    0,    0,    0,    0,    0,    0,    0,    0,    0,    0,    0,    0,   44,    0,    0,   40,    0,    0,    0,    0,    0,    0,    0,    0,    0,    0,    0,    0,    0,   16,   24,
       0,    0,  -32,    0,    0,    0,    0,    0,    0,    0,    0,    0,    0,    0,    0,    0,    0,    0,  -13,    0,    0,    0,    0,    0,    0,    0,    0,    0,    0,    0,    0,  -72,    0,    0,    0,    0,    0,    0,    0,    0,    0,    0,    0,    0,    0,    0,    0,    0,    0,    0,    0,    0,    0,    0,    0,    0,    0,    0,    0,    0,    0,    0,    0,    0,    0,    0,    0,    0,    0,    0,    0,    0,    0,    0,    0,    0,    0,    0,    0,    0,    0,    0,    0,    0,    0,    0,    0,    0,    0,    0,    0,    0,    0,    0,    0,    0,    0,    0,    0,    0,    0,    0,    0,    0,    0,    0,    0,    0,    0,    0,    0,    0,    0,    0,    0,    0,    0,    0,    0,    0,    0,    0,    0,    0,    0,    0,    0,    0,    0,    0,    0,    0,    0,    0,    0,    0,    0,    0,    0,    0,    0,    0,    0,    0,    0,    0,  -34,    0,  -40,    0,    0,    0,    0,    0,    0,    0,  -34,    0,    0,    0,    0,    0,  -24,    0,    0,    0,  -16,  -34,  -40,  -24,
       0,    0,    0,    0,    0,   16,    0,    0,    0,    0,    0,    0,    0,    0,    0,    0,    0,    0,    0,    0,    0,    0,    0,    0,    0,    0,    0,    0,    0,    0,    0,  -32,    0,    0,    0,    0,    0,    0,    0,    0,    0,    0,    0,    0,    0,    0,    0,    0,    0,    0,    0,    0,    0,    0,    0,    0,    0,    0,    0,    0,    0,    0,    0,    0,    0,    0,    0,    0,    0,    0,    0,    0,    0,    0,    0,    0,    0,    0,    0,    0,    0,    0,    0,    0,    0,    0,    0,    0,    0,    0,    0,    0,    0,    0,    0,    0,    0,    0,    0,    0,    0,    0,    0,    0,    0,    0,    0,    0,    0,    0,    0,    0,    0,    0,    0,    0,    0,    0,    0,    0,  -24,    0,    0,    0,    0,  -40,    0,    0,  -16,    0,    0,    0,    0,  -32,    0,    0,    0,    0,    0,    0,    0,    0,    0,    0,    0,    0,    0,    0,    0,    0,    0,    0,    0,    0,    0,    0,    0,  -32,    0,    0,  -48,  -24,    0,    0,    0,    0,    0,    0,    0,    0,
       0,    0,    0,    0,  -16,    0,  -16,    0,    0,    0,    0,    0,    0,    0,    0,    0,    0,    0,    0,    0,    0,    0,    0,    0,    0,    0,    0,    0,    0,    0,    0,    0,    0,    0,    0,    0,    0,    0,    0,    0,    0,    0,    0,    0,    0,    0,    0,    0,    0,    0,    0,    0,    0,    0,    0,    0,    0,    0,    0,    0,    0,    0,    0,    0,    0,    0,    0,    0,    0,    0,    0,    0,    0,    0,    0,    0,    0,    0,    0,    0,    0,    0,    0,    0,    0,    0,    0,    0,    0,    0,    0,    0,    0,    0,    0,    0,    0,    0,    0,    0,    0,    0,    0,    0,    0,    0,    0,    0,    0,    0,    0,    0,    0,    0,    0,    0,    0,    0,    0,    0,    0,    0,    0,    0,    0,    0,    0,    0,    0,    0,    0,    0,    0,    0,    0,    0,    0,    0,    0,    0,    0,    0,    0,    0,    0,  -24,  -24,    0,  -32,    0,  -16,    0,    0,    0,    0,    0,  -24,    0,    0,    0,    0,    0,    0,    0,    0,    0,    0,  -24,  -16,    0,
       0,    0,    0,    0,  -80,  -40,  -80,    0,    0,    0,    0,    0,    0,    0,    0,    0,    0,    0,    0,    0,    0,    0,    0,    0,    0,    0,    0,    0,    0,    0,    0,    0,    0,    0,    0,    0,    0,    0,    0,    0,    0,    0,    0,    0,    0,    0,    0,    0,    0,    0,    0,  -24,    0,  -24,    0,    0,    0,    0,    0,    0,    0,    0,    0,    0,    0,    0,    0,    0,    0,    0,    0,    0,    0,    0,    0,    0,    0,    0,    0,    0,    0,    0,    0,    0,    0,    0,    0,    0,    0,    0,    0,    0,    0,    0,    0,    0,    0,    0,    0,    0,    0,    0,    0,    0,    0,    0,    0,    0,    0,    0,    0,    0,    0,    0,    0,    0,    0,    0,    0,    0,    0,  -16,    0,    0,  -64,   16, -104,  -84,  -32,  -24,    0,  -40,    0,    0,    0,  -40,  -44,    0,  -32,  -64,  -64,  -40,  -56,  -56,    0,  -24,   -8,  -16,  -16,  -56,  -72,    0,  -56,    0,    0,    0,   -8,    0,    0,    0,   16,  -40,  -72, -128,    0,  -40,    0,   -8,   16,   16,
       0,    0,    0,    0,  -32,    0,  -32,  -24,    0,    0,    0,    0,    0,    0,    0,    0,    0,    0,    0,    0,    0,    0,    0,    0,    0,    0,    0,    0,    0,    0,    0,    0,    0,    0,    0,    0,    0,    0,    0,    0,    0,    0,    0,    0,    0,    0,    0,    0,    0,    0,    0,    0,    0,    0,    0,    0,    0,    0,    0,    0,    0,    0,    0,    0,    0,    0,    0,    0,    0,    0,    0,    0,    0,    0,    0,    0,    0,    0,    0,    0,    0,    0,    0,    0,    0,    0,    0,    0,    0,    0,    0,    0,    0,    0,    0,    0,    0,    0,    0,    0,    0,    0,    0,    0,    0,    0,    0,    0,    0,    0,    0,    0,    0,    0,    0,    0,    0,    0,    0,    0,    0,    0,    0,    0,    0,    0,    0,    0,    0,    0,    0,    0,    0,    0,    0,    0,    0,    0,    0,  -32,    0,    0,    0,  -24,   24,    0,   32,    0,   24,    0,  -16,    0,    0,    0,    0,   28,   32,    0,    0,    0,    0,    0,    0,    0,    0,    0,    0,   32,   24,   28,
       0,    0,   16,    0,  -32,    0,  -32,  -68,    0,    0,    0,    0,    0,    0,    0,    0,    0,    0,    0,    0,    0,    0,    0,    0,    0,    0,    0,    0,    0,    0,    0,    8,    0,    0,    0,    0,    0,    0,    0,    0,    0,    0,    0,    0,    0,    0,    0,    0,    0,    0,    0,    0,    0,    0,    0,    0,    0,    0,    0,    0,    0,    0,    0,    0,    0,    0,    0,    0,    0,    0,    0,    0,    0,    0,    0,    0,    0,    0,    0,    0,    0,    0,    0,    0,    0,    0,    0,    0,    0,    0,    0,    0,    0,    0,    0,    0,    0,    0,    0,    0,    0,    0,    0,    0,    0,    0,    0,    0,    0,    0,    0,    0,    0,    0,    0,    0,    0,    0,    0,    0,    0,  -24,  -32,    0,  -56,    0,  -88,  -72,  -16,    0,    0,  -40,    0,    0,    0,  -48,  -64,    0,  -48,  -72,  -56,  -40,  -48,  -60,  -40,  -40,  -24,  -32,  -48,  -48,  -72,    0,  -64,    0,    0,    0,  -24,    0,    0,    0,    0,  -72,  -88,  -88,    0,  -40,  -32,  -24,   16,    0,
       0,    0,   24,    0,  -48,    0,  -48,    0,    0,    0,    0,    0,    0,    0,    0,    0,    0,    0,    0,    0,    0,    0,    0,    0,    0,    0,    0,    0,    0,    0,    0,    0,    0,    0,    0,    0,    0,    0,    0,    0,    0,    0,    0,    0,    0,    0,    0,    0,    0,    0,    0,    0,    0,    0,    0,    0,    0,    0,    0,    0,    0,    0,    0,    0,    0,    0,    0,    0,    0,    0,    0,    0,    0,    0,    0,    0,    0,    0,    0,    0,    0,    0,    0,    0,    0,    0,    0,    0,    0,    0,    0,    0,    0,    0,    0,    0,    0,    0,    0,    0,    0,    0,    0,    0,    0,    0,    0,    0,    0,    0,    0,    0,    0,    0,    0,    0,    0,    0,    0,    0,    0,    0,    0,    0,    0,    0,    0,    0,    0,    0,    0,    0,    0,    0,    0,    0,    0,    0,    0,  -40,  -16,    0,    0,  -40,    0,    0,    0,    0,    0,    0,  -32,    0,  -16,    0,    0,    0,    0,    0,    0,    0,    0,    0,    0,    0,    0,    0,    0,    0,    0,   24,
       0,    0,   32,    0,  -56,    0,  -56,  -68,    0,    0,    0,    0,    0,    0,    0,    0,    0,    0,    0,    0,    0,    0,    0,    0,    0,    0,    0,    0,    0,    0,    0,    0,    0,    0,    0,    0,    0,    0,    0,    0,    0,    0,    0,    0,    0,    0,    0,    0,    0,    0,    0,    0,    0,    0,    0,    0,    0,    0,    0,    0,    0,    0,    0,    0,    0,    0,    0,    0,    0,    0,    0,    0,    0,    0,    0,    0,    0,    0,    0,    0,    0,    0,    0,    0,    0,    0,    0,    0,    0,    0,    0,    0,    0,    0,    0,    0,    0,    0,    0,    0,    0,    0,    0,    0,    0,    0,    0,    0,    0,    0,    0,    0,    0,    0,    0,    0,    0,    0,    0,    0,    0,    0,    0,    0,  -48,    0,  -70,  -72,    0,    0,  -16,    0,    0,    0,    0,  -32,  -24,    0,    0,  -56,  -16,    0,    0,  -40,    0,    0,    0,    0,    0,    0,  -56,    8,  -24,    0,   32,    0,    0,    0,    0,    0,    0,  -16,  -24,  -92,    0,    0,    0,    0,   16,   16,
       0,    0,    0,    0,    0,    0,    0,    0,    0,    0,    0,    0,    0,    0,    0,    0,    0,    0,    0,    0,    0,    0,    0,    0,    0,    0,    0,    0,    0,    0,    0,    0,    0,    0,    0,    0,    0,    0,    0,    0,    0,    0,    0,    0,    0,    0,    0,    0,    0,    0,    0,  -24,    0,    0,    0,    0,    0,    0,    0,    0,    0,    0,    0,    0,    0,    0,    0,    0,    0,    0,    0,    0,    0,    0,    0,    0,    0,    0,    0,    0,    0,    0,    0,    0,    0,    0,    0,    0,    0,    0,    0,    0,    0,    0,    0,    0,    0,    0,    0,    0,    0,    0,    0,    0,    0,    0,    0,    0,    0,    0,    0,    0,    0,    0,    0,    0,    0,    0,    0,    0,  -32,  -24,    0,   32,    0,  -24,    0,    0,    0,  -24,    0,  -60,   24,  -32,    0,    0,    0,  -16,    0,    0,  -24,    0,    0,    0,    0,  -48,   24,    0,  -48,    0,    0,    0,    0,    0,    0,   32,   24,    0,    0,    0,  -24,  -60,  -72,   24,  -24,  -16,    0,   24,  -16,    0,
       0,    0,    0,    0,    0,    0,    0,    0,    0,    0,    0,    0,    0,    0,    0,    0,    0,    0,    0,    0,    0,    0,    0,    0,    0,    0,    0,    0,    0,    0,    0,    0,    0,    0,    0,    0,    0,    0,    0,    0,    0,    0,    0,    0,    0,    0,    0,    0,    0,    0,    0,  -24,    0,    0,    0,    0,    0,    0,    0,    0,    0,    0,    0,    0,    0,    0,    0,    0,    0,    0,    0,    0,    0,    0,    0,    0,    0,    0,    0,    0,    0,    0,    0,    0,    0,    0,    0,    0,    0,    0,    0,    0,    0,    0,    0,    0,    0,    0,    0,    0,    0,    0,    0,    0,    0,    0,    0,    0,    0,    0,    0,    0,    0,    0,    0,    0,    0,    0,    0,    0,    0,    0,    0,    0,    0,    0,    0,    0,    0,    0,    0,    0,    0,    0,    0,    0,    0,   -8,    0,    0,  -16,    0,    0,    0,    0,    0,   16,    0,    0,    0,    0,    0,    0,    0,    0,   32,   16,    0,    0,    0,    0,    0,  -48,    0,    0,    0,    0,   16,    0,    0,
       0,    0,    0,    0,    0,    0,    0,    0,    0,    0,    0,    0,    0,    0,    0,    0,    0,    0,    0,    0,    0,    0,    0,    0,    0,    0,    0,    0,    0,    0,    0,    0,    0,    0,    0,    0,    0,    0,    0,    0,    0,    0,    0,    0,    0,    0,    0,    0,    0,    0,    0,    0,    0,    0,    0,    0,    0,    0,    0,    0,    0,    0,    0,    0,    0,    0,    0,    0,    0,    0,    0,    0,    0,    0,    0,    0,    0,    0,    0,    0,    0,    0,    0,    0,    0,    0,    0,    0,    0,    0,    0,    0,    0,    0,    0,    0,    0,    0,    0,    0,    0,    0,    0,    0,    0,    0,    0,    0,    0,    0,    0,    0,    0,    0,    0,    0,    0,    0,    0,    0,  -32,    0,    0,    0,    0,  -16,    0,    0,    0,    0,    0,    0,    0,  -40,    0,    0,    0,    0,    0,    0,    0,    0,    0,    0,    0,    0,    0,    0,    0,    0,    0,    0,    0,    0,    0,    0,    0,  -32,    0,    0,  -32,  -32,    0,    0,    0,    0,    0,    0,  -16,    0,
       0,    0,    0,    0,    0,    0,    0,    0,    0,    0,    0,    0,    0,    0,    0,    0,    0,    0,    0,    0,    0,    0,    0,    0,    0,    0,    0,    0,    0,    0,    0,  -32,    0,    0,    0,    0,    0,    0,    0,    0,    0,    0,    0,    0,    0,    0,    0,    0,    0,    0,    0,    0,    0,    0,    0,    0,    0,    0,    0,    0,    0,    0,    0,    0,    0,    0,    0,    0,    0,    0,    0,    0,    0,    0,    0,    0,    0,    0,    0,    0,    0,    0,    0,    0,    0,    0,    0,    0,    0,    0,    0,    0,    0,    0,    0,    0,    0,    0,    0,    0,    0,    0,    0,    0,    0,    0,    0,    0,    0,    0,    0,    0,    0,    0,    0,    0,    0,    0,    0,    0,    0,    0,    0,    0,    0,    0,    0,    0,    0,    0,    0,    0,    0,    0,    0,    0,    0,    0,    0,    0,    0,    0,    0,    0,    0,  -16,  -24,    0,  -24,    0,    0,    0,    0,    0,    0,    0,  -24,    0,    0,    0,    0,    0,    0,    0,    0,    0,    0,  -24,  -32,    0,
       0,    0,   16,    0,  -72,  -40,  -72,  -84,    0,    0,    0,    0,    0,    0,    0,    0,  -24,  -24,    0,    0,    0,    0,    0,    0,    0,    0,    0,    0,    0,    0,    0,    0,    0,    0,    0,    0,    0,    0,    0,    0,    0,    0,    0,    0,    0,    0,    0,    0,    0,    0,   16,  -40,    0,  -32,    0,    0,    0,    0,    0,    0,    0,    0,    0,    0,    0,    0,    0,    0,    0,    0,    0,    0,    0,    0,    0,    0,    0,    0,    0,    0,    0,    0,    0,    0,    0,    0,  -24,    0,    0,    0,    0,    0,    0,    0,    0,    0,    0,    0,    0,    0,    0,    0,    0,    0,    0,    0,    0,    0,    0,    0,    0,    0,    0,    0,    0,    0,    0,    0,    0,    0,    0,  -40,  -21,    0,  -56,   24,  -68,  -56,  -23,    0,  -12,  -24,    0,    0,    0,  -48,  -48,    0,  -24,  -56,  -48,  -48,  -40,  -56,  -16,  -40,  -24,  -40,  -24,  -40,  -80,   16,  -37,    0,   48,    0,  -24,   24,    0,    0,   16,  -40,  -56,  -80,    0,  -32,  -16,  -24,    0,   16,
       0,    0,   24,    0,    8,  -16,    0,    0,    0,    0,    0,    0,    0,    0,    0,    0,    0,    8,    0,    0,    0,    0,    0,    0,    0,    0,    0,    0,    0,    0,    0,    0,    0,    0,    0,    0,    0,    0,    0,    0,    0,    0,    0,    0,    0,    0,    0,    0,    0,    0,    0,    0,    0,    0,    0,    0,    0,    0,    0,    0,    0,    0,    0,    0,    0,    0,    0,    0,    0,    0,    0,    0,    0,    0,    0,    0,    0,    0,    0,    0,    0,    0,    0,    0,    0,    0,    0,    0,    0,    0,    0,    0,    0,    0,    0,    0,    0,    0,    0,    0,    0,    0,    0,    0,    0,    0,    0,    0,    0,    0,    0,    0,    0,    0,    0,    0,    0,    0,    0,    0,    0,  -28,    0,   48,    8,    0,    8,   16,   16,    0,   12,  -48,   24,    0,    0,   16,    0,    0,    0,   25,   -8,   32,    0,   24,    0,  -48,    8,   16,  -48,    0,   16,   16,    0,   16,   32,   48,    8,    0,    0,   32,    0,  -56,  -48,   24,   -8,    0,    0,    8,    0,    0,
       0,    0,   16,    0,    8,    0,    8,    0,    0,    0,    0,    0,    0,    0,    0,    0,    0,    0,    0,    0,    0,    0,    0,    0,    0,    0,    0,    0,    0,    0,    0,    0,    0,    0,    0,    0,    0,    0,    0,    0,    0,    0,    0,    0,    0,    0,    0,    0,    0,    0,    0,    0,    0,    0,    0,    0,    0,    0,    0,    0,    0,    0,    0,    0,    0,    0,    0,    0,    0,    0,    0,    0,    0,    0,    0,    0,    0,    0,    0,    0,    0,    0,    0,    0,    0,    0,    0,    0,    0,    0,    0,    0,    0,    0,    0,    0,    0,    0,    0,    0,    0,    0,    0,    0,    0,    0,    0,    0,    0,    0,    0,    0,    0,    0,    0,    0,    0,    0,    0,    0,    0,    0,    0,    0,    0,    0,    0,    0,    0,    0,    0,    0,    0,    0,    0,    0,   -8,    0,    0,    0,  -20,    0,    0,    0,   16,    0,   12,    8,    0,    0,    0,    0,   -8,    0,    0,   24,   12,    0,    0,    0,    0,    0,  -16,    0,    0,    0,    0,   12,   24,   32,
       0,    0,    0,    0,    0,    0,    0,    0,    0,    0,    0,    0,    0,    0,    0,    0,    0,    0,    0,    0,    0,    0,    0,    0,    0,    0,    0,    0,    0,    0,    0, -116,    0,    0,    0,    0,    0,    0,    0,    0,    0,    0,    0,    0,    0,    0,    0,    0,    0,    0,    0,    0,    0,    0,    0,    0,    0,    0,    0,    0,    0,    0,    0,    0,    0,    0,    0,    0,    0,    0,    0,    0,    0,    0,    0,    0,    0,    0,    0,    0,    0,    0,    0,    0,    0,    0,    0,    0,    0,    0,    0,    0,    0,    0,    0,    0,    0,    0,    0,    0,    0,    0,    0,    0,    0,    0,    0,    0,    0,    0,    0,    0,    0,    0,    0,    0,    0,    0,    0,    0,  -72,  -16,    0,    0,    0,  -48,    0,    0,    0,    0,    0,  -32,    0,  -96,    0,    0,    0,   -8,    0,    0,   -8,    0,    0,    0,    0,  -40,  -48,    0,  -56,    0,    0,    0,    0,    0,    0,    0,  -48,  -80,    0,    0,  -80,  -40,  -32,    0,    0,    0,    0,  -48,    0,    0,
       0,    0,    0,    0,    0,    0,    0,    0,    0,    0,    0,    0,    0,    0,    0,    0,    0,    0,    0,    0,    0,    0,    0,    0,    0,    0,    0,    0,    0,    0,    0,    0,    0,    0,    0,    0,    0,    0,    0,    0,    0,    0,    0,    0,    0,    0,    0,    0,    0,    0,    0,    0,    0,    0,    0,    0,    0,    0,    0,    0,    0,    0,    0,    0,    0,    0,    0,    0,    0,    0,    0,    0,    0,    0,    0,    0,    0,    0,    0,    0,    0,    0,    0,    0,    0,    0,    0,    0,    0,    0,    0,    0,    0,    0,    0,    0,    0,    0,    0,    0,    0,    0,    0,    0,    0,    0,    0,    0,    0,    0,    0,    0,    0,    0,    0,    0,    0,    0,    0,    0,    0,    0,    0,    0,    0,    0,    0,  -16,  -24,    0,    0,    0,    0,    0,    0,  -24,    0,    0,    0,    0,    0,    0,    0,    0,    0,    0,    0,    0,    0,    0,    0,    0,    0,    0,    0,    0,    0,    0,    0,    0,    0,    0,    0,    0,    0,    0,    0,    0,    0,    0,
       0,    0,    0,    0,    0,    0,    0,    0,    0,    0,    0,    0,    0,    0,    0,    0,    0,    0,    0,    0,    0,    0,    0,    0,    0,    0,    0,    0,    0,    0,    0,    0,    0,    0,    0,    0,    0,    0,    0,    0,    0,    0,    0,    0,    0,    0,    0,    0,    0,    0,    0,    0,    0,    0,    0,    0,    0,    0,    0,    0,    0,    0,    0,    0,    0,    0,    0,    0,    0,    0,    0,    0,    0,    0,    0,    0,    0,    0,    0,    0,    0,    0,    0,    0,    0,    0,    0,    0,    0,    0,    0,    0,    0,    0,    0,    0,    0,    0,    0,    0,    0,    0,    0,    0,    0,    0,    0,    0,    0,    0,    0,    0,    0,    0,    0,    0,    0,    0,    0,    0,    0,    0,    0,    0,    0,    0,    0,    0,  -16,    0,    0,    0,    0,    0,    0,    0,    0,    0,    0,    0,    0,    0,    0,    0,    0,    0,    0,    0,    0,    0,    0,    0,    0,    0,    0,    0,    0,    0,    0,    0,    0,  -24,    0,    0,    0,    0,    0,    0,    0,    0,
       0,    0,    0,    0,    0,    0,    0,    0,    0,    0,    0,    0,    0,    0,    0,    0,    0,    0,    0,    0,    0,    0,    0,    0,    0,    0,    0,    0,    0,    0,    0,    0,    0,    0,    0,    0,    0,    0,    0,    0,    0,    0,    0,    0,    0,    0,    0,    0,    0,    0,    0,    0,    0,    0,    0,    0,    0,    0,    0,    0,    0,    0,    0,    0,    0,    0,    0,    0,    0,    0,    0,    0,    0,    0,    0,    0,    0,    0,    0,    0,    0,    0,    0,    0,    0,    0,    0,    0,    0,    0,    0,    0,    0,    0,    0,    0,    0,    0,    0,    0,    0,    0,    0,    0,    0,    0,    0,    0,    0,    0,    0,    0,    0,    0,    0,    0,    0,    0,    0,    0,    0,    0,    0,    0,    0,    0,    0,    0,    0,    0,    0,    0,    0,    0,    0,    0,    0,    0,    0,    0,    0,    0,    0,    0,    0,  -16,    0,    0,    0,    0,    0,    0,    0,    0,    0,    0,    0,    0,    0,    0,    0,    0,  -24,    0,    0,    0,    0,    0,    0,    0,
       0,    0,    0,    0,  -32,    0,  -32,    0,    0,    0,    0,    0,    0,    0,    0,    0,    0,    0,    0,    0,    0,    0,    0,    0,    0,    0,    0,    0,    0,    0,    0,    0,    0,    0,    0,    0,    0,    0,    0,    0,    0,    0,    0,    0,    0,    0,    0,    0,    0,    0,    0,    0,    0,    0,    0,    0,    0,    0,    0,    0,    0,    0,    0,    0,    0,    0,    0,    0,    0,    0,    0,    0,    0,    0,    0,    0,    0,    0,    0,    0,    0,    0,    0,    0,    0,    0,    0,    0,    0,    0,    0,    0,    0,    0,    0,    0,    0,    0,    0,    0,    0,    0,    0,    0,    0,    0,    0,    0,    0,    0,    0,    0,    0,    0,    0,    0,    0,    0,    0,    0,    0,    0,    0,    0,    0,    0,    0,    0,    0,    0,    0,    0,    0,    0,    0,    0,  -24,    0,    0,  -40,  -16,   -8,   -8,  -32,    0,    0,    0,    0,    0,   -8,  -32,  -24,  -16,    0,    0,    0,    0,    0,    0,    0,    0,    0,  -24,    0,    0,    0,    0,    0,    0,    0,
       0,    0,    0,    0,    0,    0,    0,    0,    0,    0,    0,    0,    0,    0,    0,    0,    0,    0,  -24,    0,    0,    0,    0,    0,    0,    0,    0,    0,    0,    0,    0,    0,    0,    0,    0,    0,    0,    0,    0,    0,    0,    0,    0,    0,    0,    0,    0,    0,    0,    0,    0,    0,    0,    0,    0,    0,    0,    0,    0,    0,    0,    0,    0,    0,    0,    0,    0,    0,    0,    0,    0,    0,    0,    0,    0,    0,    0,    0,    0,    0,    0,    0,    0,    0,    0,    0,    0,    0,    0,    0,    0,    0,    0,    0,    0,    0,    0,    0,    0,    0,    0,    0,    0,    0,    0,    0,    0,    0,    0,    0,    0,    0,    0,    0,    0,    0,    0,    0,    0,    0,    0,    0,    0,    0,    0,    0,    0,    0,    0,    0,    0,    0,    0,    0,    0,    0,    0,    0,    0,    0,    0,    0,    0,    0,    0,    0,  -12,    0,    0,    0,    0,    0,    0,    0,    0,    0,  -12,    0,    0,    0,    0,    0,    0,    0,    0,    0,    0,  -12,  -24,  -16,
       0,    0,    0,    0,    0,    0,    0,    0,    0,    0,    0,    0,    0,    0,    0,    0,    0,    0,    0,    0,    0,    0,    0,    0,    0,    0,    0,    0,    0,    0,    0,    0,    0,    0,    0,    0,    0,    0,    0,    0,    0,    0,    0,    0,    0,    0,    0,    0,    0,    0,    0,    0,    0,    0,    0,    0,    0,    0,    0,    0,    0,    0,    0,    0,    0,    0,    0,    0,    0,    0,    0,    0,    0,    0,    0,    0,    0,    0,    0,    0,    0,    0,    0,    0,    0,    0,    0,    0,    0,    0,    0,    0,    0,    0,    0,    0,    0,    0,    0,    0,    0,    0,    0,    0,    0,    0,    0,    0,    0,    0,    0,    0,    0,    0,    0,    0,    0,    0,    0,    0,    0,    0,    0,    0,    0,    0,    0,    0,  -16,    0,    0,    0,    0,    0,    0,   -8,    0,    0,    0,    0,    0,    0,    0,    0,    0,    0,    0,    0,    0,    0,  -16,    0,    0,    0,    0,    0,    0,    0,    0,    0,    0,    0,    0,    0,    0,    0,    0,    0,    0,    0,
       0,    0,    0,    0,    0,    0,    0,    0,    0,    0,    0,    0,    0,    0,    0,    0,    0,    0,    0,    0,    0,    0,    0,    0,    0,    0,    0,    0,    0,    0,    0,    0,    0,    0,    0,    0,    0,    0,    0,    0,    0,    0,    0,    0,    0,    0,    0,    0,    0,    0,    0,    0,    0,    0,    0,    0,    0,    0,    0,    0,    0,    0,    0,    0,    0,    0,    0,    0,    0,    0,    0,    0,    0,    0,    0,    0,    0,    0,    0,    0,    0,    0,    0,    0,    0,    0,    0,    0,    0,    0,    0,    0,    0,    0,    0,    0,    0,    0,    0,    0,    0,    0,    0,    0,    0,    0,    0,    0,    0,    0,    0,    0,    0,    0,    0,    0,    0,    0,    0,    0,    0,    0,    0,    0,    0,    0,    0,    0,    0,    0,    0,    0,    0,    0,    0,    0,    0,    0,    0,    0,  -11,    0,    0,    0,    0,    0,    0,    0,    0,    0,    0,    0,    0,    0,    0,    0,    0,    0,    0,    0,    0,    0,  -16,    0,    0,    0,    0,    0,    0,    0,
       0,    0,   24,    0,    0,  -16,    0,    0,    0,    0,    0,    0,    0,    0,    0,    0,    0,    0,    0,    0,    0,    0,    0,    0,    0,    0,    0,    0,    0,    0,    0,    0,    0,    0,    0,    0,    0,    0,    0,    0,    0,    0,    0,    0,    0,    0,    0,    0,    0,    0,    0,    0,    0,    0,    0,    0,    0,    0,    0,    0,    0,    0,    0,    0,    0,    0,    0,    0,    0,    0,    0,    0,    0,    0,    0,    0,    0,    0,    0,    0,    0,    0,    0,    0,    0,    0,    0,    0,    0,    0,    0,    0,    0,    0,    0,    0,    0,    0,    0,    0,    0,    0,    0,    0,    0,    0,    0,    0,    0,    0,    0,    0,    0,    0,    0,    0,    0,    0,    0,    0,    0,  -60,    0,    0,    0,    0,    8,   16,    0,    0,   12,  -48,   24,    0,    0,    0,  -32,  -24,    0,   24,  -24,    0,    0,   24,    0,  -48,  -28,   16,  -48,  -16,    0,   16,  -24,    0,   32,    0,  -28,    0,    0,    0,    0,  -56, -128,   16,   -8,  -16,    0,  -28,    0,    0,
       0,    0,   16,    0,    8,    0,    8,    0,    0,    0,    0,    0,    0,    0,    0,    0,    0,    0,    0,    0,    0,    0,    0,    0,    0,    0,    0,    0,    0,    0,    0,    0,    0,    0,    0,    0,    0,    0,    0,    0,    0,    0,    0,    0,    0,    0,    0,    0,    0,    0,    0,    0,    0,    0,    0,    0,    0,    0,    0,    0,    0,    0,    0,    0,    0,    0,    0,    0,    0,    0,    0,    0,    0,    0,    0,    0,    0,    0,    0,    0,    0,    0,    0,    0,    0,    0,    0,    0,    0,    0,    0,    0,    0,    0,    0,    0,    0,    0,    0,    0,    0,    0,    0,    0,    0,    0,    0,    0,    0,    0,    0,    0,    0,    0,    0,    0,    0,    0,    0,    0,    0,    0,    0,    0,    0,    0,    0,    0,    0,    0,    0,    0,    0,    0,    0,    0,   -8,    0,    0,    0,  -20,    0,    0,    0,   16,    0,   12,    8,    0,    0,    0,    0,   -8,    0,    0,   32,   12,    0,    0,    0,    0,    0,  -16,    0,    0,    0,    0,   12,   24,   32,
       0,    0,    0,    0,  -64,    0,  -64,    0,    0,    0,    0,  -40,    0,    0,    0,    0,    0,    0,    0,  -64,    0,    0,    0,    0,    0,   32,    0,   16,    0,   16,    0,    0,    0,    0,   16,  -24,    0,  -40,   16,    0,    8,    0,    0,  -24,    0,    0,   32,   32,   32,    0,    0,    0,    0,    0,  -88,  -96,    0,    0,    0,    0,  -24,    0,   24,   24,  -24,  -24,   16,    0,    0,  -24,  -24,  -24,  -40,   16,   24,   16,    0,  -24,  -24,    0,    0,  -40,    0,    0,    0,    0,    0,    0,  -64,    0,  -40,    0,    0,    0,    0,   32,    8,    0,    0,   16,    0,  -24,   -8,    0,    0,    0,    0,   32,  -24,    0,    0,   16,    0,    0,  -24,    0,    0,  -16,    0,    0,   32,    0,    0,    0,  -44,   16,  -64,  -52,    0,    0,    0,    0,    0,    0,    0,  -24,    0,    0,    0,  -24,  -24,    0,    0,  -32,    0,    0,   32,   32,    0,    0,  -40,   16,  -24,    0,   24,    8,   32,   16,   16,    0,   16,    0,    0,  -96,    0,    0,    0,   32,    0,    0,
       0,    0,    0,    0,  -64,    0,  -64,    0,    0,    0,    0,  -64,  -24,  -40,    0,    0,    0,    0,    0,  -96,    0,  -32,    0,    0,  -16,    0,    0,   16,    0,   16,    0,    0,    0,  -32,   16,  -56,    0,  -68,   16,    0,    0,    0,    0,  -56,    8,    0,    0,    0,    0,  -16,    0,    0,    0,    0,    0, -128,  -32,    0,  -32,  -32,  -56,    0,   24,   24,  -56,  -56,   16,  -32,  -32,  -56,  -56,  -56,  -68,   40,   24,   16,    0,  -56,  -56,  -16,    0,  -68,    0,    0,    0,    0,    0,    0,  -96,    0, -100,    0,  -32,    0,    0,    0,    0,    0,    0,    0,  -16,  -56,  -24,    0,    0,    0,    0,    0,  -56,    0,    0,    0,    0,    0,  -48,    0,    0,  -36,    0,    0,    0,  -32,  -16,    0,  -60,    0,  -96,  -68,  -16,    0,    0,    0,    0,    0,    0,  -32,  -32,    0,    0,  -56,  -56,    0,    0,  -56,    0,    0,    0,    0,    0,    0,  -56,   16,  -56,    0,   24,    0,    0,   16,    0,    0,   16,    0,  -24, -128,    0,    0,    0,    0,    0,    0,
       0,    0,    0,    0,    0,    0,    0,    0,  -16,    0,    0,  -16,    0,  -16,  -40,    0,    0,    0,    0,   24,    0,  -32,   24,    0,    0,  -64,  -32, -104,    0,  -72,    0,    0,    0,    0,    0,  -12,    0,    0,    0,    0,    0,   -8,  -12,    0,  -23,  -31,  -72,    0,  -96,    0,    0,    0,    0,    0,    0,    0,  -32,    0,    0,    0,  -12,    0,    0,    0,  -12,  -12,    0,    0,    0,  -12,  -12,  -12,    0,    0,  -16,    0,   -8,    0,    0,    0,    0,    0,    0,    0,    0,    0,    0,    0,   24,    0,    0,    0,  -32,    0,    0,  -64,  -72,  -16,    0,  -40,    0,  -12,    0,   -8,   -8,  -24,    0,  -56,  -12,    0,  -24,   16,    0,  -24,    0,  -24,   -8,   -8,  -24,    0,  -64,  -32,    0,   24,    0,  -32,   24,    0,    0,    0,    0,  -16,    0,  -80,    0,    0,    0,    0,    0,    0,  -12,    0,    0,    0,  -12,  -40,  -80,   16,  -56,    0,    0,    0,    0,    0,    0,    0,  -80, -104,    0,    0,  -72,  -56,  -32,    0,    0,    0,    0,  -80,  -64,  -32,
};

static const EpdLigaturePair bookerly_24_boldLigaturePairs[] = {
    { 0x00660066, 0xFB00 }, // f f -> U+FB00
    { 0x00660069, 0xFB01 }, // f i -> U+FB01
    { 0x0066006C, 0xFB02 }, // f l -> U+FB02
    { 0xFB000069, 0xFB03 }, // U+FB00 i -> U+FB03
    { 0xFB00006C, 0xFB04 }, // U+FB00 l -> U+FB04
};

static const EpdFontData bookerly_24_bold = {
    bookerly_24_boldBitmaps,
    bookerly_24_boldGlyphs,
    bookerly_24_boldIntervals,
    77,
    66,
    53,
    -14,
    true,
    bookerly_24_boldGroups,
    15,
    nullptr,
    bookerly_24_boldKernLeftClasses,
    bookerly_24_boldKernRightClasses,
    bookerly_24_boldKernMatrix,
    775,
    772,
    196,
    170,
    bookerly_24_boldLigaturePairs,
    5,
};
