/**
 * generated by fontconvert.py
 * name: bookerly_20_bolditalic
 * size: 20
 * mode: 2-bit  compressed: true
 * Command used: fontconvert.py bookerly_20_bolditalic 20 ../builtinFonts/source/Bookerly/Bookerly-BoldItalic.ttf --2bit --compress --pnum
 */
#pragma once
#include "EpdFontData.h"

static const uint8_t bookerly_20_bolditalicBitmaps[64498] = {
    0xA5, 0x5B, 0x3F, 0xAC, 0xE5, 0xD8, 0x59, 0x3F, 0xBE, 0x77, 0xDE, 0xBB, 0xC9, 0x5A, 0xC2, 0x5B,
    0x64, 0x0A, 0x76, 0x04, 0xEE, 0x57, 0x11, 0x6E, 0x69, 0xC0, 0x96, 0x52, 0x50, 0x32, 0x42, 0xF3,
    0x22, 0xA1, 0x14, 0xDB, 0x84, 0x06, 0x8A, 0xA9, 0x91, 0x50, 0xEC, 0x08, 0x09, 0x4A, 0xA6, 0x08,
    0x15, 0x0D, 0x45, 0x0A, 0xF2, 0xB6, 0x18, 0x8A, 0x14, 0x50, 0x64, 0xED, 0xB0, 0x45, 0x0A, 0x8A,
    0x18, 0x45, 0x51, 0xCA, 0x71, 0xB2, 0xBB, 0x84, 0xEC, 0x16, 0xE3, 0x64, 0x9C, 0xE0, 0x37, 0x63,
    0xFB, 0xF0, 0xFD, 0x7E, 0xDF, 0x77, 0x6C, 0xBF, 0x37, 0xEF, 0xED, 0x2E, 0xF0, 0x34, 0xD7, 0xC7,
    0x73, 0xAF, 0x7D, 0xCE, 0x77, 0xBE, 0xFF, 0xFF, 0x8E, 0x73, 0x17, 0xCE, 0x9D, 0xBC, 0x73, 0xE9,
    0xE2, 0x5C, 0x3E, 0x39, 0x57, 0xCA, 0xA7, 0x1E, 0x9C, 0xF3, 0x3D, 0x3F, 0x91, 0xEF, 0xE4, 0xD3,
    0xB8, 0x83, 0x7C, 0x8E, 0xBE, 0x92, 0x4F, 0x21, 0x1F, 0xC7, 0xCF, 0x69, 0x96, 0xCF, 0xA4, 0x9F,
    0x78, 0x94, 0x8F, 0xBC, 0x16, 0xCB, 0x6B, 0x89, 0x7D, 0x7E, 0xAB, 0x70, 0xEB, 0xDF, 0x1B, 0x4F,
    0x64, 0xFA, 0xDE, 0xA6, 0xB6, 0xE9, 0xEB, 0xD6, 0xB9, 0xB7, 0xEC, 0xF7, 0xC3, 0x72, 0x3E, 0xC5,
    0x73, 0x3A, 0x26, 0x53, 0x36, 0x64, 0x63, 0xDE, 0x67, 0x43, 0xDE, 0xE7, 0x7D, 0xD9, 0xE5, 0x7D,
    0xDD, 0xE6, 0x5D, 0xDD, 0xE4, 0xAD, 0x6F, 0xCA, 0xC6, 0x57, 0xF2, 0x29, 0xEA, 0xCA, 0xBB, 0xF7,
    0xDC, 0xEC, 0x0A, 0x87, 0x05, 0xB2, 0x0E, 0xEB, 0xBB, 0xBC, 0x4B, 0x38, 0xB4, 0x89, 0x40, 0xE2,
    0xCA, 0x26, 0x95, 0x45, 0x5C, 0xDD, 0x64, 0xB2, 0x8E, 0xF3, 0x95, 0x2C, 0x1D, 0x7D, 0xD5, 0xFF,
    0x7D, 0xF9, 0xEB, 0x87, 0x47, 0x8F, 0xBF, 0xFE, 0xC4, 0xA1, 0x8B, 0x39, 0xC8, 0xD6, 0x66, 0x79,
    0x88, 0x3B, 0x91, 0xFD, 0xB9, 0x78, 0x8A, 0x64, 0x7B, 0x2E, 0x19, 0x0F, 0x1C, 0x86, 0xA3, 0xE0,
    0xC6, 0xA5, 0x03, 0xF6, 0x9B, 0xF3, 0x05, 0x57, 0xE2, 0xBA, 0xB8, 0x1A, 0xC3, 0xE4, 0x2E, 0xEA,
    0x1F, 0x3F, 0xBE, 0x7A, 0x84, 0xE5, 0x52, 0x5D, 0x4E, 0x57, 0x2D, 0xF2, 0xCE, 0x09, 0xF2, 0x04,
    0x26, 0xD9, 0x9F, 0xBC, 0xD3, 0xC8, 0x70, 0xE9, 0xFE, 0xBC, 0xDA, 0xB0, 0xE2, 0x0E, 0x80, 0xD2,
    0x1D, 0xF1, 0xB8, 0x3B, 0x75, 0xB8, 0xC6, 0x2D, 0xAE, 0x49, 0x83, 0xEB, 0x3B, 0xB8, 0x66, 0x7E,
    0xC4, 0xEB, 0x5E, 0xE0, 0x03, 0xB4, 0xAD, 0x4B, 0xC7, 0x5C, 0xB0, 0x97, 0xB7, 0xDF, 0x90, 0x55,
    0xCA, 0xE6, 0x7B, 0x82, 0xE9, 0xBA, 0x99, 0x70, 0x6D, 0x27, 0x79, 0xAD, 0xFE, 0x35, 0xF7, 0x0F,
    0x1C, 0x3B, 0x3C, 0x27, 0x80, 0x63, 0x02, 0xA1, 0x31, 0xF6, 0x12, 0x61, 0x02, 0xFC, 0x30, 0xF0,
    0x87, 0x89, 0xF3, 0x2F, 0xEE, 0x41, 0x95, 0xA7, 0x02, 0x60, 0x95, 0xC7, 0x5E, 0x26, 0xFB, 0x86,
    0x10, 0xD7, 0x37, 0xDF, 0x3B, 0x2D, 0xCE, 0x77, 0x42, 0x14, 0xA1, 0xD9, 0x98, 0x4D, 0xF2, 0xCE,
    0x4B, 0x99, 0x2E, 0x25, 0xBA, 0x4E, 0xD8, 0xBC, 0xEC, 0xD7, 0x03, 0xE4, 0xB8, 0xDB, 0x20, 0x4E,
    0x79, 0xCD, 0xB8, 0xC5, 0x9C, 0xE4, 0xCF, 0xB9, 0xCF, 0x92, 0xD7, 0x7F, 0xDD, 0xED, 0x7C, 0xE5,
    0x0D, 0x6E, 0xFE, 0x1C, 0xD8, 0x97, 0xA5, 0x0C, 0x34, 0x92, 0x12, 0x98, 0x25, 0xCF, 0x1C, 0xFD,
    0xD7, 0x16, 0xE5, 0x96, 0x64, 0x12, 0xD0, 0x22, 0x3C, 0x9B, 0x0E, 0x72, 0x07, 0x26, 0x94, 0x27,
    0x64, 0x88, 0x95, 0x05, 0xE4, 0x8E, 0x74, 0x2F, 0x5B, 0xB9, 0x03, 0xF6, 0x65, 0x37, 0x42, 0xBC,
    0xBA, 0xE1, 0x5D, 0x3C, 0x93, 0xAC, 0xB2, 0x37, 0x99, 0x07, 0x6B, 0x81, 0x60, 0x83, 0x70, 0x6E,
    0xDD, 0xC9, 0xEC, 0x79, 0x9F, 0xF6, 0xB1, 0x9F, 0x5D, 0xF9, 0xD2, 0x37, 0x79, 0x23, 0x74, 0x16,
    0xCC, 0x08, 0x1E, 0x0A, 0xFF, 0x73, 0x5F, 0xC5, 0x7E, 0x3C, 0x2C, 0x07, 0xB9, 0x6F, 0xDC, 0x65,
    0x71, 0x9A, 0x80, 0x19, 0x4C, 0x99, 0xF4, 0xB2, 0x2E, 0xEF, 0x84, 0xED, 0xEC, 0x0E, 0x53, 0xF2,
    0x4E, 0xD6, 0x12, 0x02, 0x01, 0x56, 0x59, 0x2B, 0xEB, 0x23, 0x30, 0x96, 0x3C, 0x44, 0x70, 0x1D,
    0x7E, 0xCA, 0x7A, 0xF2, 0x95, 0xEC, 0x2B, 0x1B, 0xB0, 0x61, 0xEC, 0x2B, 0x5D, 0x20, 0x20, 0x78,
    0x22, 0x21, 0xA5, 0x92, 0x19, 0xFF, 0xC3, 0x0B, 0x10, 0x30, 0xF7, 0xF8, 0x43, 0xD0, 0xB0, 0x5F,
    0x91, 0xF8, 0xE6, 0x86, 0xCF, 0xE8, 0x3B, 0x76, 0x93, 0x93, 0x28, 0x64, 0x99, 0x91, 0x37, 0x31,
    0x11, 0x09, 0xE2, 0x4C, 0xC4, 0x30, 0x50, 0x76, 0xD2, 0x1B, 0xC1, 0x8E, 0xFE, 0xE4, 0x1B, 0x62,
    0x50, 0x60, 0x28, 0x92, 0xC1, 0x6E, 0x4A, 0x91, 0xFC, 0x42, 0xA6, 0x91, 0x7D, 0xBB, 0x13, 0x34,
    0xC0, 0x3B, 0x33, 0x30, 0x8B, 0x89, 0x3B, 0xF7, 0x98, 0x3A, 0x61, 0x01, 0x3F, 0x80, 0x2F, 0x5B,
    0xF9, 0x12, 0xBF, 0xFA, 0x56, 0x58, 0xE3, 0x09, 0x1E, 0xE9, 0x13, 0xAC, 0x1A, 0x2F, 0x79, 0x1F,
    0xFF, 0x64, 0xC2, 0xDA, 0xC2, 0x42, 0xA7, 0x11, 0x6B, 0xCB, 0x9E, 0xB0, 0x46, 0x29, 0xD8, 0x76,
    0x90, 0x97, 0x5A, 0xC8, 0x56, 0x81, 0x58, 0xBE, 0x3B, 0xF8, 0x0E, 0xB4, 0x92, 0xF9, 0xFD, 0x15,
    0x30, 0x27, 0x0C, 0x57, 0x72, 0xF7, 0x82, 0x15, 0xE5, 0xD6, 0x72, 0x96, 0xD5, 0x94, 0xB7, 0x3F,
    0x16, 0xE9, 0x2B, 0x88, 0x28, 0xF9, 0xBB, 0x22, 0x9E, 0xFC, 0x73, 0xDE, 0x95, 0x7E, 0x86, 0xC0,
    0xC8, 0x2E, 0x2E, 0xC0, 0xDF, 0xB3, 0x61, 0xA8, 0x1E, 0xDC, 0x5E, 0xF4, 0x96, 0x78, 0x16, 0x6D,
    0x33, 0xAA, 0xA6, 0xC9, 0xBB, 0xBC, 0x2D, 0x45, 0xC3, 0xD4, 0xD5, 0x7B, 0xC6, 0x9A, 0x45, 0x10,
    0x49, 0xB0, 0x20, 0xD4, 0xA0, 0x2C, 0x2C, 0xDF, 0x65, 0x80, 0xA2, 0xEE, 0x1D, 0x35, 0x22, 0x35,
    0xA7, 0x72, 0x6B, 0x3E, 0xD8, 0xF7, 0x24, 0xFE, 0x81, 0x74, 0x27, 0xDD, 0x40, 0x63, 0x90, 0x51,
    0x50, 0x00, 0xBA, 0x8F, 0xE1, 0x59, 0x4C, 0xAB, 0x97, 0xF2, 0x53, 0x2F, 0xFA, 0xDC, 0x10, 0xDE,
    0xE5, 0x2C, 0x9C, 0x2F, 0x59, 0x9C, 0x01, 0x00, 0xC5, 0x2C, 0x20, 0xB6, 0x01, 0x82, 0x7C, 0x0A,
    0x3F, 0x2B, 0x9B, 0x7F, 0xD7, 0x5D, 0xFB, 0xC3, 0x34, 0x64, 0x3D, 0xBE, 0xE7, 0xC8, 0x2F, 0x25,
    0x17, 0x98, 0x6E, 0x4C, 0x5B, 0xD8, 0x36, 0x23, 0xB2, 0xB6, 0x2E, 0xD0, 0x85, 0xCB, 0x0E, 0xBA,
    0xDB, 0xB6, 0xB2, 0x3E, 0xC7, 0xD7, 0xD6, 0x59, 0x38, 0xE9, 0x0E, 0x33, 0x2B, 0x52, 0xF8, 0x96,
    0x6F, 0x0D, 0x77, 0xB1, 0x0F, 0x7B, 0x2D, 0x03, 0xAE, 0xF9, 0x55, 0xC9, 0x47, 0x31, 0xE3, 0x1F,
    0xEE, 0x78, 0xFF, 0x43, 0x17, 0x1D, 0x16, 0x97, 0x7C, 0x45, 0x84, 0xFE, 0x7D, 0x11, 0xB1, 0x17,
    0x83, 0x50, 0xFD, 0xA7, 0xDF, 0x3E, 0x80, 0xF1, 0x73, 0x3F, 0x9D, 0xFC, 0xF3, 0xB1, 0x7C, 0xD5,
    0x7D, 0x3D, 0xFF, 0x40, 0xB8, 0x48, 0x7E, 0x8F, 0x81, 0x15, 0x30, 0x7E, 0x04, 0x1A, 0x5F, 0x90,
    0xFF, 0x8B, 0x4F, 0xB9, 0x40, 0x30, 0xA1, 0xF7, 0xE7, 0xED, 0xF2, 0xF6, 0xBB, 0xFE, 0xE3, 0xEF,
    0x7C, 0xC6, 0x6B, 0x7A, 0x71, 0xAA, 0x21, 0x05, 0x6E, 0x00, 0xA3, 0xFF, 0x06, 0x20, 0x0B, 0x32,
    0xD3, 0xC8, 0x9E, 0xA0, 0x5A, 0x3B, 0xF7, 0x56, 0x61, 0xC2, 0xEB, 0x5B, 0xF9, 0x74, 0xA5, 0x7E,
    0xDA, 0xB7, 0x2E, 0x2F, 0xAB, 0xB8, 0xCB, 0xA7, 0x72, 0xAA, 0xA7, 0x7A, 0x2C, 0xBB, 0xB7, 0x8A,
    0x3D, 0x07, 0x93, 0x7C, 0x8A, 0x4C, 0xE3, 0x09, 0xC1, 0xD9, 0x68, 0x22, 0xAE, 0x02, 0xDE, 0x99,
    0x78, 0xBB, 0x40, 0x4F, 0xA3, 0xAD, 0x61, 0xDE, 0x70, 0xBF, 0x3E, 0x4F, 0x5A, 0x19, 0xB9, 0xC3,
    0xC4, 0xA4, 0xD3, 0xF6, 0xBC, 0x0A, 0x51, 0xD9, 0xEF, 0x26, 0xBE, 0x0E, 0x88, 0x29, 0x99, 0x74,
    0xBA, 0x13, 0x90, 0xC3, 0x6D, 0x80, 0x5C, 0x07, 0x7C, 0xFB, 0x7B, 0xCC, 0x87, 0x45, 0xAD, 0xA8,
    0xD4, 0x43, 0x9A, 0x23, 0xDA, 0x60, 0xF9, 0xEE, 0x65, 0x0D, 0x9D, 0xE9, 0xAB, 0x44, 0xE6, 0xCD,
    0x67, 0xF9, 0x42, 0xEC, 0xDF, 0x28, 0x70, 0xB4, 0x91, 0x68, 0x0E, 0x19, 0xE4, 0x9F, 0x2C, 0xD6,
    0x9D, 0xE8, 0xBC, 0x74, 0x31, 0x7D, 0x97, 0x36, 0xA1, 0xFB, 0xD2, 0xA6, 0x1C, 0x9A, 0x6C, 0xE1,
    0x90, 0xC3, 0x97, 0x91, 0x61, 0xA2, 0x98, 0x63, 0x90, 0xC7, 0x30, 0x88, 0x5F, 0x84, 0x41, 0x7E,
    0x37, 0xEF, 0x08, 0x03, 0xEC, 0xEF, 0x82, 0x49, 0x04, 0x20, 0x87, 0xC5, 0x53, 0xFF, 0xE3, 0x5A,
    0x95, 0x36, 0xB4, 0x14, 0x9C, 0x8B, 0x4E, 0xC1, 0xA4, 0x87, 0xE2, 0x15, 0x67, 0x17, 0x81, 0x5D,
    0x83, 0xA5, 0x3C, 0x97, 0x79, 0xA0, 0x2A, 0xB1, 0x2D, 0x5E, 0x3A, 0xE8, 0xD3, 0x16, 0x20, 0x34,
    0x8E, 0xF3, 0xCA, 0xA5, 0xC2, 0xA5, 0x80, 0xB5, 0x86, 0xF6, 0xA1, 0xC5, 0xE3, 0x65, 0x51, 0x6D,
    0x28, 0xA8, 0x9D, 0xC2, 0x85, 0x1A, 0x12, 0x5A, 0x3F, 0xC2, 0x8A, 0x07, 0x4F, 0xDB, 0x19, 0x2E,
    0x27, 0x80, 0x74, 0xC2, 0xEC, 0x8F, 0x45, 0x47, 0x02, 0xD2, 0x36, 0x83, 0x31, 0xCF, 0x69, 0xD1,
    0x57, 0x51, 0xAA, 0x97, 0x82, 0xAE, 0x01, 0x5D, 0x07, 0xDD, 0xCE, 0x51, 0xD1, 0x9D, 0xF8, 0x0F,
    0x4B, 0x81, 0x41, 0x10, 0x06, 0xA0, 0xF2, 0x91, 0x50, 0x0A, 0xB9, 0x62, 0xD0, 0xA0, 0xE1, 0x97,
    0x87, 0x42, 0x61, 0x35, 0x18, 0x05, 0xAC, 0x59, 0xF9, 0x69, 0x54, 0x7A, 0x93, 0xB6, 0xA9, 0x2E,
    0x57, 0x7A, 0x65, 0x85, 0x49, 0x6D, 0x54, 0xA7, 0x6F, 0x91, 0x91, 0x54, 0x63, 0xAF, 0x8F, 0x57,
    0xDB, 0x4C, 0x07, 0x7D, 0x8E, 0x3A, 0x7F, 0x50, 0x67, 0x6C, 0x50, 0x67, 0xAC, 0xD7, 0xFF, 0x11,
    0x83, 0xDE, 0x17, 0x3B, 0x21, 0xB9, 0xE2, 0x62, 0x80, 0x8E, 0x8F, 0xE1, 0xDD, 0x51, 0x10, 0xF9,
    0xF7, 0x26, 0x8F, 0x33, 0xC4, 0x2F, 0x93, 0x6B, 0x03, 0x51, 0x8C, 0x4D, 0x7B, 0xD2, 0x49, 0x05,
    0xD3, 0x04, 0x08, 0x0E, 0x64, 0xBC, 0xDA, 0xD3, 0x3C, 0xFB, 0x45, 0xB1, 0x22, 0xE6, 0x71, 0xA9,
    0xB9, 0x1D, 0x22, 0xD6, 0xC0, 0xA3, 0xB1, 0x20, 0x77, 0x90, 0xA7, 0xC8, 0x01, 0x54, 0xD0, 0x9E,
    0xEC, 0x3C, 0xD1, 0x6D, 0xEC, 0x79, 0xAD, 0x00, 0xD9, 0x48, 0x27, 0x0C, 0x20, 0x3F, 0xBA, 0xC1,
    0xFB, 0x27, 0x95, 0x89, 0x4C, 0x25, 0x84, 0x34, 0x96, 0x35, 0x46, 0xC5, 0x18, 0x99, 0x2A, 0x53,
    0x24, 0xD5, 0x1C, 0x68, 0x99, 0x21, 0xB0, 0xF0, 0x95, 0x44, 0xB2, 0xD5, 0x21, 0xE9, 0xD4, 0x20,
    0x7D, 0x93, 0x3A, 0x74, 0xA1, 0xAC, 0x66, 0x23, 0x75, 0x01, 0x2C, 0x2F, 0xA5, 0x17, 0x92, 0x28,
    0xAA, 0x08, 0x92, 0x9E, 0xCD, 0x17, 0xEF, 0x2C, 0x17, 0x8A, 0x53, 0xEF, 0xFC, 0x6E, 0x58, 0xF4,
    0xCB, 0xD9, 0x9D, 0x5D, 0x5C, 0x94, 0x57, 0x8F, 0x76, 0xC2, 0x6A, 0xCA, 0xA0, 0x36, 0x9D, 0xD0,
    0xBD, 0xAE, 0x4A, 0x2E, 0x2F, 0x2F, 0xBF, 0x43, 0x79, 0x58, 0x48, 0x85, 0x89, 0xD8, 0x9B, 0x28,
    0x28, 0xA3, 0x2A, 0x76, 0xD3, 0x5F, 0xAA, 0x0C, 0x74, 0xC3, 0x39, 0x71, 0x92, 0x93, 0x1B, 0x4A,
    0x32, 0x69, 0x4D, 0xB6, 0xFC, 0xAA, 0x3A, 0x34, 0x27, 0x65, 0x93, 0x72, 0x51, 0x3C, 0x28, 0xAF,
    0xDC, 0xBC, 0x52, 0x4C, 0x14, 0x73, 0x47, 0x22, 0x8E, 0x08, 0x7B, 0x80, 0xD9, 0x94, 0xAB, 0xC9,
    0x41, 0x98, 0xB8, 0xC2, 0x52, 0xF0, 0xAF, 0xCE, 0x1E, 0xDE, 0xD4, 0x40, 0x8B, 0xB9, 0x51, 0x15,
    0x31, 0xAD, 0xB6, 0x88, 0x8F, 0xE6, 0x64, 0x2E, 0xA7, 0xBF, 0xE8, 0xFC, 0xC2, 0x5F, 0xED, 0x5E,
    0x00, 0xCC, 0xAD, 0x22, 0xBE, 0x8E, 0xDE, 0xA4, 0x9B, 0x34, 0x4F, 0x88, 0x0E, 0x81, 0xF3, 0x63,
    0x30, 0x92, 0xF0, 0x21, 0x04, 0x23, 0x9F, 0xC8, 0x32, 0x25, 0xB4, 0xD8, 0xDD, 0xC3, 0x09, 0x02,
    0x38, 0xD1, 0x21, 0xE1, 0x7B, 0xD8, 0x56, 0x01, 0x09, 0x51, 0xE6, 0x7E, 0x5D, 0x01, 0x8D, 0x9B,
    0x02, 0x3A, 0x08, 0x2D, 0x2E, 0x9F, 0x30, 0xF0, 0x19, 0x29, 0x47, 0x23, 0x25, 0x66, 0xC8, 0x28,
    0x45, 0x62, 0x9B, 0x84, 0x95, 0x73, 0x88, 0x49, 0x21, 0x71, 0x4B, 0x4E, 0xB9, 0x10, 0x9D, 0x9A,
    0x15, 0xCA, 0xDB, 0xCA, 0xCF, 0x89, 0xE2, 0x96, 0xF8, 0xE7, 0xDC, 0xD4, 0x35, 0xEB, 0x8F, 0xC5,
    0x75, 0xC4, 0x47, 0x26, 0x4B, 0xFD, 0x2A, 0x27, 0xD4, 0x6A, 0xD7, 0x28, 0xA4, 0x42, 0x47, 0xEB,
    0xAE, 0xBE, 0x88, 0xF1, 0xD6, 0xF9, 0x93, 0x6B, 0xA4, 0x10, 0xF5, 0xA4, 0xB4, 0x25, 0x30, 0xF5,
    0xAA, 0x9E, 0x66, 0x60, 0xB5, 0x4A, 0x35, 0x8E, 0x05, 0x3F, 0xC1, 0xDB, 0x94, 0x21, 0x57, 0xEE,
    0x92, 0x01, 0xEC, 0xA5, 0xE6, 0x17, 0xB8, 0x02, 0x2C, 0x89, 0xFF, 0x04, 0xC0, 0x1C, 0xC9, 0x06,
    0x20, 0xE2, 0xA0, 0x22, 0xA4, 0x31, 0x13, 0x99, 0xAB, 0x9E, 0x6B, 0xDA, 0x8C, 0x0E, 0xA4, 0x11,
    0x6C, 0x43, 0xA6, 0xD3, 0x99, 0x02, 0x9E, 0x99, 0x19, 0x18, 0xC9, 0xF0, 0x32, 0xE0, 0xCB, 0x7C,
    0x22, 0x85, 0x72, 0x5F, 0xA4, 0x34, 0x4C, 0x9C, 0xDA, 0xC8, 0x7D, 0x50, 0xE2, 0x53, 0xFB, 0xEE,
    0xAD, 0x41, 0xD8, 0xD8, 0xAC, 0x6C, 0xAC, 0xDE, 0x12, 0xDF, 0x58, 0x37, 0xF6, 0x51, 0x49, 0xF5,
    0x4B, 0xCC, 0x66, 0x33, 0x15, 0x6E, 0x58, 0xE9, 0x56, 0x06, 0x99, 0xC2, 0x40, 0x3E, 0x59, 0xC8,
    0x27, 0x99, 0xFF, 0xE8, 0xA9, 0x5F, 0x99, 0xEE, 0xA4, 0x53, 0xDB, 0x42, 0xEE, 0xFC, 0x5D, 0x55,
    0x23, 0x4A, 0x9D, 0xA0, 0x72, 0xAF, 0x69, 0xE8, 0x2C, 0x68, 0x18, 0x15, 0x02, 0x93, 0x49, 0xFA,
    0x81, 0xAA, 0xBB, 0x32, 0x13, 0x78, 0x93, 0x1E, 0x89, 0x63, 0x85, 0x97, 0x64, 0x76, 0xFC, 0xEB,
    0x81, 0xA3, 0xDF, 0x2B, 0xDC, 0xDD, 0x7F, 0x31, 0x91, 0x27, 0x20, 0x0B, 0xC7, 0x08, 0xBB, 0x95,
    0xE6, 0x11, 0x21, 0x1A, 0x86, 0xEF, 0x5B, 0x8F, 0xCA, 0x68, 0x4C, 0x1D, 0xC8, 0xA2, 0x9F, 0x3A,
    0xD7, 0xB5, 0x59, 0xC9, 0x53, 0x8C, 0x24, 0xC3, 0x67, 0x50, 0xDE, 0xA2, 0x6B, 0xD0, 0x04, 0x66,
    0x61, 0xB4, 0x18, 0xBC, 0x2B, 0x6C, 0xE1, 0xD4, 0x1B, 0x3F, 0x9E, 0xF0, 0xB2, 0x04, 0x36, 0xAA,
    0x6F, 0xF4, 0x66, 0x34, 0x53, 0x45, 0xAE, 0xCD, 0xD5, 0x5F, 0x1D, 0x89, 0x97, 0xEB, 0xB7, 0xA9,
    0x1A, 0xE3, 0x89, 0xE9, 0x83, 0x2D, 0x74, 0xBB, 0xE1, 0x4C, 0xE6, 0x46, 0x8C, 0xFD, 0xDF, 0xFD,
    0x8B, 0x8B, 0x8B, 0x47, 0x37, 0x9D, 0x4E, 0x68, 0xD1, 0x33, 0xEA, 0x18, 0xA0, 0x3A, 0xD5, 0x70,
    0xB9, 0x0D, 0xCB, 0xD4, 0xB7, 0xC3, 0x31, 0x9B, 0x9F, 0x40, 0xA8, 0x6B, 0x46, 0x6B, 0x76, 0xF3,
    0x40, 0x2D, 0x0F, 0x1C, 0x0C, 0x3C, 0x19, 0x6F, 0x38, 0xFD, 0xED, 0x82, 0xDA, 0x2C, 0xD1, 0x20,
    0xB8, 0xCA, 0xD5, 0x4D, 0x68, 0xD3, 0xA2, 0xEE, 0xEE, 0x11, 0x53, 0xF8, 0x20, 0x9F, 0xC1, 0x8C,
    0x90, 0x6A, 0x6D, 0xE2, 0xB4, 0xD1, 0xFF, 0x62, 0x5E, 0x3C, 0xD5, 0x2A, 0xC2, 0x72, 0xF9, 0x3E,
    0x43, 0x14, 0x39, 0x6E, 0x1B, 0x84, 0x60, 0xC3, 0x97, 0x04, 0x8A, 0x41, 0x5D, 0x04, 0x67, 0xE5,
    0x8E, 0x06, 0xDB, 0xDF, 0x5B, 0x88, 0x28, 0xF9, 0x8A, 0xF2, 0xAE, 0x72, 0x9E, 0x37, 0x75, 0xA4,
    0x19, 0x18, 0xEC, 0xE3, 0xCA, 0x9D, 0xF1, 0x67, 0x5E, 0x12, 0x95, 0x5B, 0xA7, 0xB1, 0x83, 0x39,
    0x25, 0x02, 0x8A, 0x99, 0x52, 0x59, 0x49, 0x8C, 0x56, 0x3A, 0x66, 0xC8, 0x0C, 0xD1, 0x16, 0xD4,
    0x45, 0xD6, 0x1F, 0x20, 0xE1, 0xD8, 0x33, 0x62, 0xF4, 0x64, 0x11, 0xBD, 0x9F, 0x22, 0xC2, 0xCF,
    0x07, 0x46, 0xF0, 0xB2, 0xC9, 0xB2, 0x93, 0xB0, 0x21, 0xEB, 0x19, 0xE1, 0x9F, 0x10, 0xCB, 0x33,
    0xC2, 0x8F, 0xC5, 0x13, 0xE9, 0x72, 0x79, 0x1B, 0x59, 0xAF, 0xB2, 0xD5, 0x34, 0x04, 0xB2, 0x32,
    0x72, 0xB7, 0x00, 0x55, 0xBE, 0x2A, 0x5B, 0xB9, 0x2B, 0x3B, 0x64, 0x81, 0x70, 0x27, 0x61, 0xF2,
    0xC2, 0x24, 0x85, 0x68, 0x4C, 0x81, 0x08, 0x77, 0xFE, 0xD9, 0x47, 0x88, 0x76, 0xE5, 0x5D, 0xFF,
    0xC7, 0x30, 0x31, 0x78, 0x78, 0x49, 0xB0, 0x17, 0x40, 0x38, 0x9C, 0x60, 0x6F, 0x84, 0x75, 0xEF,
    0x17, 0xEE, 0xCF, 0x36, 0x8F, 0xC0, 0x69, 0xDE, 0x4E, 0xFF, 0x74, 0x93, 0x67, 0xAB, 0xDB, 0xF2,
    0x98, 0xAA, 0x57, 0x64, 0xF3, 0x81, 0x57, 0x17, 0x21, 0xB0, 0x99, 0xEA, 0x7B, 0xB5, 0x4B, 0xAB,
    0xAF, 0xB4, 0x62, 0xF9, 0x86, 0xED, 0x5B, 0xDD, 0x28, 0xA3, 0x4B, 0xEC, 0x2D, 0x7F, 0x95, 0x06,
    0xAF, 0x31, 0x0F, 0x37, 0xB5, 0x6A, 0x00, 0x68, 0x95, 0x36, 0xA4, 0x20, 0xD4, 0x17, 0x38, 0xCD,
    0xE6, 0x1B, 0x24, 0x93, 0xF9, 0x0A, 0xE9, 0x60, 0x37, 0x82, 0xB9, 0xC1, 0x72, 0x11, 0xF9, 0xA8,
    0x30, 0x55, 0x6A, 0x0C, 0x8E, 0xDE, 0xAC, 0x82, 0xE0, 0x4A, 0xF7, 0x2B, 0x14, 0x48, 0x67, 0x0B,
    0x42, 0x74, 0xDF, 0xB9, 0x5F, 0xB5, 0xB7, 0x0F, 0x09, 0x2E, 0xBD, 0x39, 0xFA, 0x8F, 0x2F, 0x9F,
    0x32, 0x99, 0xE7, 0x0D, 0xE8, 0x64, 0x32, 0x0B, 0x95, 0x8D, 0x76, 0x53, 0xD2, 0x37, 0x6E, 0x5C,
    0xA4, 0x3E, 0xC1, 0x15, 0x98, 0xBD, 0xA0, 0xD1, 0x94, 0x79, 0xC9, 0x0A, 0x05, 0xD2, 0x0F, 0x27,
    0x9D, 0xF1, 0xFC, 0xE9, 0xCB, 0x42, 0xD5, 0x38, 0xC5, 0x86, 0x98, 0xE3, 0xFA, 0xC2, 0xE0, 0xF5,
    0x1C, 0xCB, 0x1C, 0x6F, 0x8A, 0x72, 0xC6, 0x54, 0x02, 0x36, 0xD8, 0x19, 0x0A, 0x4D, 0x39, 0x1C,
    0x83, 0x7C, 0x53, 0x6B, 0x4E, 0x55, 0x53, 0xAB, 0xF4, 0x8C, 0x7C, 0x0F, 0x47, 0x2C, 0x52, 0xCA,
    0x1C, 0x36, 0xB5, 0xCF, 0xD8, 0xE4, 0x13, 0x4D, 0xB5, 0x35, 0xA9, 0x60, 0x51, 0x34, 0x39, 0x0C,
    0x68, 0x0C, 0xF8, 0x7A, 0xDA, 0xDF, 0x6D, 0x10, 0x54, 0xE0, 0xCB, 0x6C, 0xA1, 0xFF, 0x69, 0x71,
    0x90, 0x2C, 0x2E, 0x11, 0x83, 0x28, 0x85, 0x77, 0x35, 0x4B, 0xB3, 0xFA, 0xCB, 0x74, 0x39, 0xE9,
    0xBD, 0xEC, 0x24, 0xEC, 0x89, 0x0B, 0x39, 0x46, 0xEE, 0xAC, 0x57, 0x3C, 0xF6, 0x2A, 0x5F, 0xC8,
    0xFA, 0x7D, 0x08, 0x3E, 0x86, 0xFB, 0x0F, 0x76, 0x86, 0xB4, 0xB7, 0x34, 0xF9, 0x79, 0x43, 0x93,
    0x91, 0xAB, 0x45, 0x7F, 0x33, 0x08, 0x9A, 0x7A, 0x63, 0x66, 0xDA, 0xC3, 0x50, 0xCE, 0xFB, 0xA1,
    0xBE, 0x75, 0x08, 0xE2, 0x2D, 0x97, 0x2F, 0xA8, 0x62, 0xFD, 0x03, 0xAA, 0xB8, 0x68, 0xA1, 0x80,
    0x0B, 0xF5, 0x13, 0x15, 0xF8, 0x58, 0x77, 0x74, 0x50, 0xFC, 0x63, 0x4B, 0x9A, 0xB6, 0x50, 0x86,
    0x3B, 0x53, 0x47, 0xFA, 0xEC, 0xE9, 0x12, 0x36, 0xA6, 0xC1, 0x93, 0xF2, 0x7D, 0xAE, 0xDE, 0x2C,
    0xC6, 0xC7, 0xD8, 0x32, 0xC8, 0x56, 0xE2, 0xC5, 0x1C, 0xB6, 0x55, 0xE9, 0x47, 0x67, 0x0E, 0xB9,
    0x70, 0x6C, 0x96, 0xFA, 0x69, 0x52, 0xEB, 0x03, 0xF0, 0xF1, 0x4C, 0x18, 0xF3, 0x59, 0xD9, 0x47,
    0x46, 0x7A, 0x48, 0xF2, 0x3D, 0x3D, 0x7F, 0x8E, 0x8D, 0x0B, 0xC6, 0x18, 0xEF, 0x93, 0xE7, 0xE8,
    0xEF, 0x56, 0xF4, 0x89, 0x54, 0x47, 0x29, 0x19, 0x81, 0xC6, 0xD4, 0x6B, 0xD0, 0x07, 0xEC, 0x01,
    0x05, 0x24, 0x28, 0xDC, 0x96, 0x39, 0x7A, 0x2C, 0x8F, 0x47, 0xB5, 0xE6, 0xAA, 0xD3, 0x0D, 0x7C,
    0x6E, 0x17, 0xE4, 0xFC, 0xAF, 0xDB, 0xAC, 0xDF, 0xD1, 0x6F, 0x0E, 0xC8, 0x7E, 0xE4, 0x1B, 0x40,
    0x97, 0xEC, 0x9B, 0x79, 0x20, 0x81, 0x9D, 0x89, 0x22, 0xEC, 0x9B, 0x29, 0x17, 0x19, 0x69, 0x3B,
    0x46, 0x77, 0x78, 0x12, 0x62, 0x21, 0xA7, 0xFB, 0xDD, 0x8D, 0x91, 0x7F, 0x79, 0xF9, 0x2F, 0x86,
    0xDF, 0xC9, 0xD6, 0x1B, 0x6D, 0x54, 0x5F, 0xEF, 0xC7, 0x17, 0x1A, 0xBB, 0x57, 0xD7, 0x54, 0x87,
    0x31, 0x09, 0xF7, 0x9D, 0x16, 0xEA, 0x07, 0xE6, 0x15, 0xF7, 0xEB, 0xEA, 0x4A, 0xFD, 0x4A, 0x3C,
    0x22, 0xE0, 0x20, 0x01, 0xAF, 0xFB, 0x76, 0xD7, 0xF7, 0x3D, 0x99, 0x11, 0x98, 0x6E, 0x6C, 0xD7,
    0x38, 0x63, 0x1D, 0xF8, 0xD4, 0xC4, 0xB9, 0x91, 0x41, 0x05, 0x85, 0x55, 0x32, 0x51, 0xA8, 0x90,
    0x7D, 0xC2, 0x43, 0x10, 0xD2, 0xBC, 0x51, 0x99, 0x23, 0xBB, 0x6E, 0x56, 0xF7, 0x18, 0xE9, 0xB0,
    0x93, 0xCC, 0x71, 0xDD, 0xDF, 0x49, 0x59, 0x4F, 0x9D, 0xDE, 0xB0, 0x39, 0xDB, 0x9B, 0x3A, 0xC8,
    0xE6, 0xE1, 0xDE, 0x14, 0x07, 0x8D, 0x89, 0x6B, 0xFF, 0x2D, 0xD5, 0xC5, 0xEA, 0x43, 0x68, 0x76,
    0x33, 0xE4, 0x6C, 0xC5, 0xD6, 0xFD, 0xC2, 0xD6, 0xFD, 0x50, 0x19, 0x77, 0x56, 0x1D, 0x07, 0xE1,
    0x16, 0xC5, 0x30, 0x51, 0x24, 0xC5, 0x36, 0x81, 0x4F, 0x62, 0xE6, 0x96, 0x5C, 0x32, 0x50, 0x24,
    0x93, 0x9E, 0x22, 0x99, 0xB4, 0xCC, 0x1F, 0xDC, 0xFB, 0x9C, 0x22, 0x09, 0x79, 0xAF, 0xC1, 0xC2,
    0x7E, 0xD1, 0x61, 0x86, 0x48, 0xFE, 0x85, 0x1F, 0x10, 0x5E, 0x45, 0xBE, 0x2D, 0x19, 0x28, 0xB6,
    0x39, 0x59, 0xB6, 0xC9, 0x69, 0xE8, 0x45, 0x31, 0x0D, 0xC8, 0x21, 0x8A, 0x48, 0x3E, 0xFC, 0x9A,
    0xEA, 0x4B, 0xC8, 0x99, 0x71, 0x59, 0xB6, 0xBA, 0xBD, 0x74, 0x0F, 0xA3, 0x8B, 0xD7, 0x99, 0xD3,
    0x91, 0x9F, 0x85, 0x52, 0x73, 0x14, 0xEA, 0x1B, 0x63, 0x14, 0x58, 0x14, 0x76, 0x0B, 0xC2, 0x0C,
    0xAE, 0x88, 0x35, 0xC9, 0x3E, 0x07, 0x34, 0x6B, 0x7E, 0xA6, 0x50, 0x56, 0x35, 0x64, 0x43, 0x40,
    0x15, 0xDF, 0xD4, 0xCF, 0x4B, 0xA0, 0xA5, 0xDD, 0xF5, 0x86, 0x78, 0x30, 0xED, 0x25, 0xC3, 0x92,
    0xC3, 0xEA, 0x3B, 0x28, 0xE4, 0xE3, 0x7A, 0x37, 0x18, 0xF3, 0x5E, 0xD8, 0x9D, 0x59, 0x08, 0x13,
    0xDC, 0xDE, 0xC8, 0xAC, 0x01, 0x91, 0x65, 0x93, 0x8C, 0xD8, 0x47, 0x0B, 0xF7, 0x03, 0x5B, 0xE4,
    0xD7, 0x80, 0xA7, 0x92, 0x8C, 0x10, 0x52, 0x3C, 0x06, 0x59, 0x85, 0xF6, 0xC3, 0x29, 0xB0, 0xF4,
    0x90, 0x58, 0x06, 0x1D, 0x99, 0xF3, 0x1D, 0x5B, 0x1F, 0x83, 0xE8, 0x2E, 0x6B, 0x26, 0xBF, 0x24,
    0x0E, 0x74, 0x5F, 0x16, 0x3D, 0xCD, 0xBB, 0x18, 0x8A, 0xD7, 0x7A, 0xDC, 0x78, 0x99, 0x57, 0x85,
    0x3B, 0x32, 0x2F, 0x7E, 0x4B, 0x50, 0x1C, 0x2D, 0x7D, 0xD1, 0xB8, 0x00, 0xA9, 0x06, 0x67, 0x8A,
    0xDE, 0x64, 0x17, 0x4A, 0xEF, 0x16, 0x94, 0x3D, 0x3C, 0x21, 0xFC, 0x74, 0x84, 0xA9, 0x2A, 0xBD,
    0xBF, 0x96, 0xB8, 0xCB, 0xF5, 0xFF, 0xF5, 0x3A, 0xB4, 0x64, 0xEA, 0xAB, 0x6B, 0x42, 0xD5, 0xEF,
    0x52, 0x3A, 0x0A, 0x8D, 0x81, 0x73, 0x97, 0x50, 0xDD, 0x26, 0x5B, 0x7B, 0xA1, 0x32, 0x14, 0x18,
    0x0E, 0x2C, 0xF8, 0x36, 0x5C, 0xDC, 0x21, 0xD8, 0x9F, 0x63, 0x71, 0x7A, 0x55, 0x5C, 0x27, 0x2D,
    0x38, 0x73, 0xFE, 0x8A, 0x73, 0xAD, 0xF1, 0x8F, 0xF2, 0x64, 0x70, 0xAE, 0xBA, 0x35, 0x86, 0xB8,
    0xC1, 0xEF, 0x4B, 0x0C, 0x34, 0x80, 0xDD, 0x13, 0xE3, 0xFB, 0x31, 0xA6, 0x61, 0x2A, 0x61, 0xD5,
    0x07, 0x55, 0xC8, 0xC6, 0x37, 0x53, 0x88, 0x8E, 0xA7, 0x10, 0x14, 0x4F, 0x9A, 0x56, 0x92, 0xDD,
    0x18, 0x60, 0x12, 0xB2, 0xCF, 0xB6, 0x23, 0xAB, 0x6C, 0xF8, 0x17, 0x0A, 0xB9, 0xC9, 0x10, 0x59,
    0x7C, 0x0A, 0xAB, 0x8F, 0xE1, 0x46, 0x5F, 0x3A, 0xF9, 0xE7, 0xDE, 0x6E, 0xFE, 0x4E, 0xE7, 0x8B,
    0xFD, 0x1F, 0x29, 0x1A, 0x12, 0xFF, 0x15, 0xC5, 0x8E, 0x6C, 0x5D, 0xDF, 0x17, 0x58, 0xD4, 0x34,
    0x0B, 0x16, 0x34, 0x47, 0xC7, 0xB4, 0x43, 0xA7, 0x00, 0xC6, 0x1A, 0x7E, 0x2C, 0xA2, 0x01, 0x16,
    0x4B, 0x1D, 0x02, 0x33, 0x96, 0xD4, 0xEC, 0x14, 0x4F, 0xAB, 0xDF, 0xB8, 0x4F, 0x72, 0x59, 0xEC,
    0x1D, 0x2B, 0x50, 0xB1, 0x01, 0x59, 0x9A, 0xC6, 0xFA, 0x6C, 0xCA, 0xFA, 0xCF, 0x4F, 0xD9, 0x76,
    0x47, 0xD9, 0xD7, 0xB9, 0xEB, 0x0D, 0xA5, 0x73, 0x56, 0xA9, 0x31, 0x52, 0x1B, 0x5C, 0x33, 0x78,
    0x8E, 0x34, 0xC9, 0x82, 0xC2, 0x63, 0x4D, 0x03, 0x94, 0xAA, 0x1E, 0x36, 0x33, 0x54, 0xAE, 0xCE,
    0xF4, 0x9E, 0xF9, 0x17, 0x46, 0xDA, 0xE4, 0xFC, 0x85, 0xAA, 0x30, 0x7C, 0x9B, 0x5B, 0xEA, 0xCA,
    0x07, 0x77, 0xF9, 0xA8, 0x49, 0xA8, 0xCA, 0xBE, 0x3D, 0xA8, 0x3F, 0x2E, 0xA8, 0xC0, 0x2F, 0x14,
    0xC1, 0x57, 0xBE, 0xC0, 0x07, 0x64, 0x78, 0xE1, 0x0B, 0x7C, 0x80, 0x9C, 0x17, 0xE2, 0x26, 0xFF,
    0x48, 0x33, 0x2D, 0x1F, 0x48, 0x7C, 0xF1, 0x03, 0xE5, 0x96, 0x7F, 0xF3, 0x8D, 0x50, 0x91, 0x18,
    0xFA, 0xBE, 0xFF, 0xBE, 0xD7, 0x0C, 0xBB, 0xFF, 0xA6, 0x7F, 0x7F, 0xD6, 0x24, 0x9B, 0x2F, 0xFC,
    0xBF, 0x8F, 0xB1, 0x3A, 0xCA, 0xCE, 0x3F, 0xEB, 0x63, 0x75, 0x95, 0x41, 0x2F, 0xF2, 0xB9, 0xB8,
    0x01, 0xB5, 0x6F, 0x78, 0x7B, 0x42, 0x9E, 0xB2, 0x62, 0x35, 0x48, 0xED, 0x0C, 0x6F, 0x25, 0xB4,
    0x13, 0x64, 0x24, 0x5A, 0x10, 0x27, 0x9B, 0x2E, 0x5A, 0xCD, 0xCC, 0xCD, 0x25, 0x47, 0x32, 0xB5,
    0x57, 0x37, 0xBD, 0x14, 0x97, 0xA6, 0x05, 0x4F, 0x33, 0x37, 0x72, 0x86, 0x1D, 0x3F, 0x01, 0xF6,
    0x34, 0x81, 0x4B, 0x77, 0x54, 0x53, 0x1E, 0xA1, 0xCA, 0x97, 0xDF, 0x50, 0x22, 0xC4, 0x0D, 0x5C,
    0x71, 0x47, 0x39, 0x29, 0x35, 0xE9, 0x8F, 0xE0, 0x48, 0xB3, 0x33, 0x82, 0xC0, 0x73, 0x22, 0x31,
    0x63, 0x22, 0xBD, 0xB0, 0x92, 0xF7, 0x41, 0x71, 0xE1, 0x47, 0xAB, 0x48, 0x94, 0xC8, 0x37, 0x2E,
    0x7A, 0xB7, 0x20, 0x9A, 0x50, 0x8D, 0x64, 0x85, 0x0A, 0xFF, 0x4C, 0xF0, 0xAB, 0x29, 0xDF, 0x1F,
    0xA2, 0x32, 0x4C, 0xDC, 0xFC, 0xAD, 0xD7, 0x3E, 0x82, 0x83, 0x88, 0x42, 0x97, 0x6A, 0xFA, 0x4A,
    0x18, 0x8B, 0x75, 0x7D, 0xA0, 0x6B, 0x64, 0x76, 0x0A, 0xA5, 0xE5, 0x89, 0x77, 0x27, 0xE1, 0x87,
    0x99, 0x05, 0x67, 0x99, 0x34, 0xF3, 0x2C, 0x50, 0xC9, 0x54, 0x89, 0xA6, 0xD6, 0xB7, 0xBB, 0x74,
    0xD4, 0x0D, 0x30, 0x84, 0x39, 0x2A, 0xD9, 0x33, 0x7A, 0xDB, 0x85, 0xA5, 0xBC, 0x54, 0x72, 0xEB,
    0x2B, 0x80, 0xA8, 0x88, 0x6A, 0x54, 0xE7, 0x66, 0xB8, 0xCB, 0x34, 0xE6, 0x97, 0xF7, 0x92, 0xD5,
    0x44, 0x7C, 0xD1, 0x22, 0xB3, 0x07, 0x8B, 0x55, 0x55, 0x2C, 0x2F, 0xAA, 0xEE, 0xFC, 0x41, 0x3D,
    0x78, 0xF5, 0x9B, 0xA9, 0xAE, 0x5B, 0x26, 0x32, 0x6A, 0xB2, 0x9D, 0x66, 0x77, 0x4A, 0xAF, 0xD9,
    0x39, 0xB1, 0xEE, 0x31, 0xF0, 0x99, 0x69, 0x45, 0x05, 0x79, 0xA0, 0x4C, 0x4B, 0x0F, 0x15, 0xD3,
    0x99, 0x29, 0x2C, 0xBF, 0xE6, 0x87, 0x98, 0x75, 0x95, 0xB1, 0x56, 0xD0, 0x2A, 0x3A, 0xF0, 0x96,
    0x84, 0x44, 0xEE, 0x53, 0xD3, 0x0E, 0x36, 0xCA, 0x85, 0xCF, 0x41, 0x5C, 0x16, 0x80, 0x34, 0x30,
    0x3D, 0x7A, 0xA2, 0x7E, 0xA8, 0xCC, 0xE7, 0x6D, 0x29, 0xF7, 0x89, 0x9F, 0xBF, 0x16, 0x12, 0x54,
    0x9A, 0x3C, 0xB1, 0xB4, 0x99, 0x79, 0xF8, 0xF8, 0x41, 0x83, 0xCB, 0x90, 0xA6, 0x55, 0x27, 0xFF,
    0xA0, 0xBE, 0x61, 0xA6, 0x2E, 0x72, 0x1E, 0x2A, 0x02, 0xCB, 0x63, 0x99, 0x44, 0xFC, 0xFB, 0xC8,
    0x32, 0x40, 0xB5, 0x65, 0x01, 0x67, 0x2D, 0xE5, 0x2C, 0x34, 0x0E, 0xF4, 0x37, 0x07, 0x1D, 0x7A,
    0x75, 0xF4, 0x7B, 0xA8, 0x16, 0x21, 0xF8, 0x81, 0xEC, 0xD4, 0x21, 0xA7, 0x7B, 0xF4, 0xFF, 0xE9,
    0xE9, 0xFD, 0x10, 0xBF, 0x96, 0x61, 0x3D, 0xB1, 0xDE, 0x2C, 0xEC, 0xF9, 0xAD, 0xCF, 0x34, 0x50,
    0x37, 0x9C, 0xBF, 0x27, 0x9F, 0xE2, 0xFC, 0x19, 0x25, 0x57, 0x52, 0x06, 0x5A, 0xAE, 0xC4, 0x5C,
    0xA9, 0xB9, 0x92, 0x53, 0xE9, 0xB9, 0x58, 0xB6, 0xA9, 0xF4, 0x6E, 0xA5, 0xA8, 0x0B, 0x24, 0x75,
    0x81, 0xA6, 0x9A, 0xF3, 0x49, 0x59, 0xD5, 0xB4, 0x40, 0x3E, 0x90, 0xD5, 0x05, 0xBA, 0xBA, 0x40,
    0x58, 0x17, 0x28, 0xEB, 0x02, 0x69, 0x6F, 0xDC, 0xE0, 0x12, 0xA8, 0xBB, 0x92, 0x97, 0x3F, 0xAF,
    0x10, 0xD8, 0xC2, 0x4C, 0x8C, 0x02, 0xF6, 0xF1, 0x9C, 0x20, 0x1F, 0x83, 0xEA, 0x8C, 0xBC, 0xED,
    0x6F, 0xC3, 0x41, 0xEA, 0x0D, 0x07, 0xC7, 0x55, 0xB9, 0xD6, 0x5B, 0xE6, 0xC1, 0x7E, 0x83, 0x6F,
    0xF9, 0xD0, 0x3C, 0x6C, 0x43, 0xCC, 0x31, 0xDC, 0xF0, 0xAB, 0x2E, 0x58, 0xC3, 0xC6, 0x9C, 0xEA,
    0xE5, 0x5A, 0xCE, 0xF5, 0x29, 0xDF, 0xB6, 0xE8, 0x5B, 0xF5, 0x7A, 0xE3, 0x02, 0xF3, 0x48, 0x50,
    0xBF, 0x30, 0x67, 0xC6, 0xA8, 0x7E, 0x32, 0x5B, 0x6C, 0x23, 0xC9, 0x58, 0xDA, 0x08, 0x16, 0x9A,
    0xD4, 0x0C, 0xE9, 0xD8, 0xAB, 0xCB, 0x81, 0x18, 0x5F, 0x7B, 0x07, 0x62, 0xAD, 0x6B, 0xFF, 0xB4,
    0xD6, 0xE2, 0xF7, 0xE6, 0x75, 0x6A, 0x89, 0x28, 0x70, 0xF6, 0x33, 0x1F, 0xEC, 0xB0, 0x7A, 0x60,
    0x47, 0xF3, 0xC7, 0x22, 0xCB, 0x49, 0xAB, 0xBD, 0x13, 0x86, 0xA2, 0xDF, 0x8E, 0xDC, 0xBC, 0x85,
    0x49, 0x30, 0xC5, 0x30, 0xC0, 0xB0, 0xC4, 0xB0, 0xBF, 0x07, 0x4D, 0x61, 0xA0, 0xC6, 0xD4, 0x94,
    0x5A, 0x14, 0x73, 0x5B, 0x6A, 0x33, 0x7A, 0xFA, 0x0B, 0xC5, 0xCF, 0xC0, 0x98, 0x62, 0x36, 0x9E,
    0x4E, 0xFC, 0x47, 0x4F, 0x27, 0xCC, 0x7E, 0x62, 0x9A, 0xDC, 0xAE, 0xA3, 0x05, 0x4B, 0xB2, 0xE4,
    0x79, 0xA5, 0x0B, 0x6A, 0xD2, 0x51, 0x26, 0x98, 0x94, 0x13, 0xD9, 0xEA, 0x60, 0xF5, 0x42, 0x4D,
    0xC5, 0x79, 0xDD, 0x96, 0xA6, 0x8A, 0x9B, 0xE8, 0xA1, 0xAC, 0xDF, 0xC6, 0xC8, 0x26, 0x74, 0x09,
    0xEB, 0xB2, 0x29, 0xAF, 0x59, 0xCF, 0x02, 0x2C, 0x0B, 0x89, 0x39, 0x02, 0x7C, 0xC0, 0xEC, 0x17,
    0x12, 0x60, 0xB4, 0x66, 0x27, 0xF1, 0x94, 0xE7, 0x1B, 0xD9, 0x72, 0x6D, 0xF8, 0x98, 0x75, 0x98,
    0x52, 0x1D, 0x32, 0x1D, 0x72, 0x09, 0x7E, 0x9A, 0x64, 0xCC, 0x5B, 0x1D, 0x1A, 0x31, 0xF1, 0xC9,
    0x90, 0x8B, 0x41, 0x2B, 0x92, 0x3E, 0x17, 0xA5, 0x26, 0x06, 0xE9, 0x1C, 0xC8, 0xF8, 0xE2, 0x1D,
    0x51, 0xD9, 0x4D, 0x37, 0xE3, 0xBA, 0x7F, 0x31, 0xEC, 0xFC, 0x8B, 0xCF, 0xE5, 0x40, 0x6A, 0x37,
    0x14, 0x93, 0x2D, 0xA7, 0xD5, 0xD5, 0x31, 0xB5, 0xBE, 0xCF, 0xF8, 0x82, 0x16, 0x70, 0x10, 0x73,
    0xED, 0x4C, 0x9B, 0x50, 0x0A, 0x46, 0xC5, 0x9B, 0x72, 0x82, 0xF2, 0x13, 0x16, 0x4B, 0x27, 0x5D,
    0x34, 0x9B, 0xD4, 0x75, 0x66, 0x78, 0xDC, 0x39, 0xAD, 0x01, 0xB4, 0x2C, 0x9B, 0x1C, 0x2D, 0xAB,
    0x45, 0x00, 0xEA, 0x5E, 0x21, 0x90, 0x67, 0xE8, 0xD2, 0xCB, 0x33, 0x09, 0x93, 0x4D, 0x2D, 0x35,
    0x54, 0xC4, 0x54, 0x82, 0xE6, 0x47, 0xB5, 0x08, 0x4E, 0x77, 0x87, 0x5D, 0x02, 0x5A, 0x0D, 0x57,
    0x6C, 0xC0, 0x45, 0x60, 0x94, 0xB5, 0x68, 0xBC, 0x98, 0x9A, 0x98, 0xE3, 0xBB, 0xDC, 0x1C, 0xD7,
    0x1C, 0x95, 0xF8, 0x6E, 0x13, 0x21, 0xAB, 0x32, 0x50, 0x5F, 0x0D, 0x5A, 0xC4, 0xB7, 0x98, 0xFF,
    0xE2, 0x5A, 0x7A, 0x17, 0xFB, 0x8E, 0x74, 0xBF, 0xFD, 0x51, 0xC7, 0x36, 0xE2, 0xBE, 0x47, 0xD5,
    0x42, 0xDC, 0xB7, 0xAA, 0x67, 0x2D, 0xBC, 0x0F, 0x5A, 0x1E, 0xAA, 0xB5, 0xEC, 0x82, 0x31, 0x5A,
    0xB3, 0x2C, 0x9A, 0x90, 0xA7, 0xCF, 0x23, 0x63, 0x62, 0x19, 0x0D, 0xA6, 0x0E, 0xD1, 0x64, 0xD1,
    0x6B, 0xCE, 0x9C, 0x9D, 0x08, 0xF2, 0xA3, 0xCA, 0xD6, 0xA2, 0x6E, 0x43, 0xB2, 0x1C, 0x4D, 0xF6,
    0xD4, 0x29, 0x88, 0x7D, 0x62, 0x25, 0x6B, 0x9A, 0x7C, 0x99, 0xBC, 0x34, 0x3A, 0x87, 0xD6, 0x08,
    0xDD, 0xCF, 0xC1, 0x34, 0x4A, 0x64, 0x7E, 0x76, 0x14, 0x54, 0xF8, 0x9A, 0x2A, 0x69, 0xEF, 0x28,
    0x4D, 0xA0, 0xBB, 0x23, 0xFA, 0x27, 0xDA, 0x77, 0xE0, 0xEC, 0x08, 0x7F, 0x9A, 0xB7, 0xC5, 0x89,
    0x49, 0x2E, 0x91, 0xE5, 0x0F, 0xB9, 0x07, 0xAF, 0xE4, 0x85, 0x73, 0x25, 0x3B, 0x66, 0xCF, 0xC1,
    0xC2, 0x4D, 0xE3, 0xB6, 0x5C, 0xAC, 0x23, 0xB3, 0x85, 0xF2, 0x3F, 0x69, 0x2C, 0x1A, 0xC9, 0x6D,
    0xC2, 0x7C, 0x22, 0xDA, 0xB2, 0x48, 0x30, 0x61, 0x14, 0x38, 0x53, 0x48, 0xB5, 0x52, 0x1D, 0x79,
    0xE6, 0x3E, 0xE5, 0x36, 0xF9, 0x6F, 0x4F, 0x18, 0xE5, 0x36, 0xFB, 0xC0, 0x2B, 0x52, 0x7C, 0x97,
    0xBF, 0xEF, 0x15, 0x2F, 0xBE, 0xAB, 0xFF, 0xDA, 0x2B, 0x6A, 0x7C, 0x27, 0xBE, 0x90, 0xB9, 0x4C,
    0x3F, 0x93, 0x9F, 0xD5, 0x01, 0xA9, 0x5F, 0xCC, 0x07, 0xAF, 0x3D, 0x21, 0xF5, 0xAB, 0xE9, 0x60,
    0x68, 0xAA, 0x49, 0x56, 0x2B, 0xF3, 0x8B, 0x16, 0x0C, 0xCA, 0xBD, 0x8D, 0x2C, 0x30, 0x41, 0x02,
    0xC1, 0x50, 0x07, 0x95, 0x62, 0xD8, 0x83, 0xD1, 0x30, 0x04, 0x9A, 0x31, 0x0E, 0x22, 0x69, 0x41,
    0x15, 0x16, 0xDA, 0x35, 0x2B, 0xDC, 0x92, 0xF0, 0x9A, 0x8E, 0x96, 0xB6, 0x9C, 0x4E, 0x76, 0x03,
    0xC1, 0x6A, 0x35, 0xA8, 0x60, 0x24, 0x05, 0x19, 0xD0, 0x32, 0xB9, 0x60, 0xDD, 0x0A, 0xB7, 0xAD,
    0xF6, 0xB8, 0x88, 0x58, 0x59, 0x62, 0xDD, 0xF7, 0xA1, 0xA6, 0x7D, 0x65, 0xEB, 0xE5, 0x06, 0xF9,
    0xD6, 0x4F, 0x96, 0x04, 0xCB, 0x14, 0x07, 0x22, 0xC7, 0x01, 0xB6, 0x10, 0x04, 0x62, 0xF7, 0xC6,
    0x17, 0x6B, 0xFC, 0x65, 0xAA, 0x25, 0x99, 0x82, 0xE2, 0x19, 0x4C, 0x39, 0xA3, 0x33, 0x45, 0xC1,
    0xA9, 0x2C, 0x1C, 0x5F, 0x2C, 0x93, 0x1F, 0x24, 0x3E, 0x22, 0xBB, 0xCF, 0x05, 0x59, 0x85, 0xA5,
    0x42, 0x54, 0x66, 0xCA, 0x70, 0x53, 0xEF, 0x1B, 0x39, 0xAC, 0x66, 0x83, 0x04, 0x36, 0x9E, 0x00,
    0xBF, 0x15, 0x08, 0x51, 0x63, 0x63, 0xA2, 0x23, 0x0B, 0x59, 0xAA, 0xC0, 0x12, 0xB3, 0x5A, 0xCC,
    0xC4, 0xCB, 0xAE, 0xB4, 0xBD, 0x6B, 0xB4, 0xD6, 0xC6, 0x49, 0xFB, 0x86, 0xB2, 0x59, 0x91, 0x94,
    0x2E, 0x4A, 0xF9, 0xC4, 0x6B, 0x85, 0x36, 0xF6, 0x21, 0xB6, 0x0A, 0x5D, 0x40, 0x21, 0xF6, 0x34,
    0x0F, 0xD5, 0xD0, 0x14, 0xAD, 0xA8, 0xE8, 0xDD, 0x4E, 0x73, 0x06, 0xD5, 0x19, 0x74, 0x67, 0x50,
    0x9E, 0x2B, 0x32, 0x55, 0x7D, 0x06, 0xFD, 0x19, 0x14, 0xE8, 0x4D, 0x0D, 0xAA, 0xAA, 0xA7, 0x0B,
    0x8E, 0x40, 0xBE, 0x4B, 0x78, 0xA3, 0x26, 0xC3, 0xAA, 0x7C, 0xDD, 0xD0, 0xDD, 0x94, 0xB0, 0x0E,
    0xCE, 0x52, 0xA9, 0x10, 0xBE, 0xBD, 0xF5, 0x99, 0xB4, 0x81, 0x1D, 0x43, 0x11, 0x69, 0xEB, 0xB5,
    0xD8, 0x37, 0xAE, 0x84, 0x27, 0x66, 0xB7, 0x15, 0xFD, 0xAD, 0x7F, 0x25, 0x93, 0x27, 0xFE, 0x52,
    0xDD, 0xAF, 0x5A, 0x9F, 0xF0, 0x74, 0x60, 0x50, 0x1A, 0x22, 0xDE, 0xE9, 0x51, 0xC5, 0x6B, 0x27,
    0x85, 0xA5, 0x30, 0x73, 0x6F, 0x3D, 0x29, 0x7E, 0x0D, 0x80, 0x1E, 0x72, 0x8B, 0x93, 0x5D, 0x52,
    0x4D, 0x61, 0x7E, 0xFB, 0xB5, 0x56, 0xBB, 0x5B, 0x1A, 0xEC, 0x0E, 0xEA, 0xF5, 0x87, 0x2E, 0x3B,
    0x5E, 0x18, 0xF3, 0x50, 0x76, 0x49, 0x3B, 0x5E, 0x6E, 0x6B, 0x47, 0xBC, 0x65, 0x4E, 0x9B, 0xF8,
    0xAE, 0x39, 0xD7, 0xEE, 0x46, 0x9D, 0x93, 0x70, 0xD2, 0xD7, 0x06, 0x5E, 0xDE, 0xBE, 0xFC, 0xC7,
    0xA0, 0xED, 0x42, 0x23, 0xA5, 0xF6, 0x8F, 0x51, 0xB9, 0xF2, 0x8D, 0xD3, 0x1C, 0xE6, 0x3B, 0x68,
    0x54, 0x5A, 0x85, 0x75, 0xD9, 0xC3, 0x92, 0xDF, 0x78, 0x6F, 0x85, 0xFE, 0xB4, 0x6C, 0xEF, 0x15,
    0xB7, 0xBC, 0xB7, 0xA2, 0x29, 0x5D, 0x97, 0xE2, 0xFE, 0x6F, 0xBC, 0x17, 0x7A, 0x76, 0xAD, 0x57,
    0xBA, 0xD6, 0x8B, 0x2C, 0x7A, 0xF9, 0x7F, 0x44, 0xC0, 0x9D, 0x3D, 0x9E, 0x5D, 0x00, 0xED, 0xE6,
    0x9C, 0xD5, 0xBE, 0x27, 0xF2, 0xE4, 0x5F, 0x9F, 0x53, 0x27, 0x1E, 0x03, 0x0E, 0x56, 0x42, 0xB1,
    0x64, 0xC1, 0x24, 0x02, 0x25, 0xF0, 0xF2, 0x52, 0x95, 0x6C, 0xBB, 0x99, 0x1F, 0xEB, 0x68, 0xD0,
    0xC4, 0xA6, 0xE6, 0x1D, 0x38, 0xF5, 0x4B, 0xBA, 0x20, 0x3D, 0x6B, 0x22, 0x3D, 0x5D, 0xDE, 0x16,
    0x28, 0x28, 0x1B, 0x76, 0xE1, 0x36, 0x68, 0x96, 0xF7, 0x45, 0xAA, 0x6C, 0x0B, 0xC3, 0x0A, 0x60,
    0x04, 0x7B, 0xB2, 0x61, 0xFD, 0xAF, 0x00, 0x23, 0x70, 0xCB, 0x0E, 0x85, 0xE1, 0xEE, 0x3F, 0xDC,
    0x8C, 0xBA, 0x36, 0xD3, 0xBF, 0x7E, 0xC5, 0xCA, 0xEC, 0x78, 0x93, 0xF9, 0x73, 0x3A, 0xC9, 0x89,
    0xE7, 0xA6, 0x65, 0x55, 0xF9, 0xF6, 0xA8, 0xAF, 0x9F, 0x15, 0xEA, 0x72, 0x65, 0x54, 0xDB, 0xB5,
    0xF6, 0x9A, 0xB7, 0x94, 0x11, 0x31, 0x16, 0x03, 0xD5, 0xB5, 0xFC, 0x2B, 0x4E, 0xF8, 0x87, 0x19,
    0xD0, 0x3F, 0xCC, 0x5C, 0x44, 0x46, 0x6B, 0x2F, 0x7E, 0x50, 0xC6, 0x8A, 0x9B, 0x96, 0xDF, 0xD0,
    0x48, 0xC0, 0x30, 0xAE, 0xEE, 0x21, 0x82, 0xBE, 0x8F, 0xFD, 0x70, 0xAF, 0x1E, 0xD2, 0x67, 0xC3,
    0x5F, 0xD5, 0x73, 0xFD, 0x8E, 0x9F, 0x4A, 0xBF, 0xA4, 0x70, 0x39, 0xC6, 0x44, 0xD4, 0x3E, 0x62,
    0x3C, 0xF1, 0x16, 0x61, 0x7C, 0x21, 0x7B, 0x0F, 0x83, 0xCB, 0xF9, 0xD8, 0xBC, 0xDB, 0x26, 0x5C,
    0xCF, 0x9F, 0x9A, 0x92, 0x2E, 0xD6, 0x0E, 0x46, 0xEB, 0x5F, 0x5A, 0xB6, 0x2E, 0x26, 0x61, 0x83,
    0x47, 0xE0, 0x03, 0x36, 0x5E, 0x0C, 0x30, 0x76, 0xF9, 0x2F, 0x99, 0x12, 0xFB, 0x80, 0xEA, 0xE8,
    0xD9, 0x6F, 0xE8, 0x9A, 0x57, 0x4C, 0x94, 0x11, 0x4A, 0x85, 0x75, 0xB0, 0x90, 0x01, 0x0E, 0xBC,
    0x18, 0x74, 0x31, 0xD9, 0x4D, 0x84, 0x26, 0xC6, 0x4A, 0x7C, 0xB4, 0x13, 0x30, 0x56, 0xC5, 0xA8,
    0x46, 0x16, 0xC9, 0xC2, 0x6E, 0x10, 0x6E, 0x3C, 0x95, 0x98, 0x7B, 0xA4, 0x06, 0x61, 0xC6, 0x8D,
    0xC9, 0x11, 0x50, 0xB9, 0xFC, 0x01, 0xA8, 0x7F, 0xE6, 0xEE, 0xBB, 0xB5, 0x2B, 0xA3, 0xD4, 0xF0,
    0xB5, 0xD5, 0xF6, 0x19, 0xC6, 0x05, 0x7E, 0x28, 0x81, 0xD5, 0x53, 0xC1, 0x3D, 0x68, 0x5A, 0x67,
    0x0A, 0x6E, 0x30, 0xEB, 0xB1, 0xE5, 0xDA, 0xD7, 0xAC, 0xCD, 0xCD, 0x83, 0x76, 0x63, 0x27, 0xC4,
    0xAF, 0x4C, 0xF2, 0xD4, 0x63, 0x59, 0x78, 0xEF, 0xDA, 0x30, 0xD0, 0x6A, 0xCD, 0x0A, 0x85, 0xEA,
    0x6D, 0x65, 0xB5, 0x05, 0xA9, 0x9F, 0xD7, 0xB0, 0xE1, 0xED, 0x7A, 0xDF, 0xE8, 0x35, 0xBA, 0x20,
    0x31, 0xD6, 0x4B, 0x86, 0xEB, 0x59, 0x51, 0xD3, 0xC3, 0xA3, 0xA1, 0x0A, 0x85, 0xAF, 0xC6, 0x62,
    0x61, 0xF0, 0x43, 0xF1, 0xBF, 0xE3, 0x87, 0xF1, 0xFF, 0xC9, 0x0F, 0xD1, 0xA3, 0x1B, 0x38, 0x14,
    0x4A, 0xFE, 0x1A, 0x04, 0xAB, 0x4A, 0x74, 0xF2, 0xE7, 0x68, 0x15, 0x28, 0x91, 0x36, 0x12, 0xDB,
    0x2C, 0x4E, 0x47, 0x91, 0xF7, 0x02, 0x8D, 0xD0, 0x7D, 0xD0, 0x0C, 0x71, 0xAD, 0x59, 0x97, 0x8A,
    0x38, 0x3C, 0x40, 0xCB, 0x26, 0x85, 0x00, 0x54, 0x56, 0xE5, 0xFC, 0x80, 0x91, 0xCF, 0xDD, 0x38,
    0x74, 0xE7, 0x2F, 0x43, 0x08, 0x1C, 0xBC, 0xD0, 0xC1, 0x6C, 0xE0, 0xA8, 0x58, 0xCC, 0xAC, 0x65,
    0x4A, 0xCF, 0x90, 0x08, 0x50, 0xC5, 0xAE, 0x13, 0xEF, 0x60, 0x96, 0xF4, 0xB8, 0x8E, 0x1A, 0x48,
    0x3F, 0x08, 0x65, 0x3A, 0x6F, 0xC7, 0x41, 0xF4, 0xFF, 0x99, 0xC5, 0xA5, 0xC6, 0xD1, 0xD6, 0x68,
    0xA2, 0xD9, 0xE9, 0x7D, 0x3B, 0x62, 0x88, 0x95, 0x8C, 0x7C, 0xA1, 0x6F, 0x6B, 0xED, 0x03, 0xBC,
    0x59, 0x2E, 0x0C, 0xE0, 0x44, 0x6B, 0x77, 0xC0, 0x4D, 0xB0, 0xAE, 0x83, 0x77, 0xB2, 0x90, 0x21,
    0xF6, 0xCE, 0xED, 0xD2, 0x2A, 0x37, 0xC0, 0xFA, 0x82, 0x81, 0x93, 0x16, 0xCA, 0x3F, 0xF9, 0x47,
    0xA1, 0x23, 0x52, 0xA7, 0xAB, 0x7D, 0x68, 0x48, 0x1D, 0x6D, 0xD6, 0xF5, 0xFC, 0x8D, 0x56, 0x89,
    0xC5, 0x35, 0x7B, 0x79, 0xA9, 0xBB, 0x5F, 0x34, 0xD3, 0xC2, 0x06, 0xAF, 0xEC, 0xEA, 0xBB, 0x80,
    0x48, 0x9B, 0x06, 0xA8, 0x83, 0x63, 0xEA, 0x41, 0x68, 0x67, 0xFE, 0x4F, 0x9B, 0x12, 0x64, 0xC0,
    0xBA, 0x27, 0x8D, 0xD1, 0x8F, 0xFE, 0xB9, 0xAA, 0x77, 0xBF, 0xEC, 0xDC, 0xC0, 0xEC, 0xEA, 0xF5,
    0x26, 0xEC, 0x63, 0xA0, 0xE4, 0x62, 0x9D, 0x2D, 0xD6, 0xCF, 0xC6, 0x2A, 0xCF, 0xCF, 0x41, 0x80,
    0x6C, 0x66, 0x5A, 0xB3, 0xEC, 0xA9, 0xC1, 0x55, 0x14, 0x88, 0x42, 0xB4, 0x55, 0xF5, 0xC4, 0x72,
    0xB9, 0xB0, 0x6E, 0x6C, 0x65, 0xFD, 0x64, 0xEB, 0x22, 0xE8, 0x48, 0xDD, 0x5F, 0x6C, 0x7D, 0x66,
    0xAF, 0xA9, 0xB1, 0xC3, 0xBB, 0x04, 0xE7, 0x68, 0x89, 0xE7, 0x62, 0x53, 0x63, 0x3B, 0x65, 0x26,
    0xAA, 0xE0, 0x3E, 0xC8, 0x0D, 0x97, 0x2C, 0x1B, 0x33, 0x68, 0x98, 0x81, 0xDE, 0xD5, 0x0B, 0x32,
    0xFF, 0x27, 0x57, 0x9A, 0x61, 0xA8, 0xA9, 0xC6, 0xA0, 0x4D, 0x24, 0xAA, 0xEA, 0x24, 0x14, 0x8A,
    0x10, 0x78, 0x88, 0x0E, 0x13, 0xE9, 0xC4, 0xD9, 0x0E, 0x15, 0xD3, 0x23, 0x75, 0xD8, 0x09, 0x81,
    0x0D, 0x51, 0xA9, 0x3A, 0x8C, 0xF2, 0x9A, 0x4E, 0xBF, 0x2B, 0xC4, 0xCC, 0x96, 0x9A, 0x7B, 0x5E,
    0x10, 0xB4, 0x89, 0x20, 0xE2, 0xDA, 0x97, 0x83, 0x65, 0xD5, 0x42, 0x5F, 0x99, 0x5B, 0x94, 0x86,
    0xC9, 0xFA, 0x29, 0x08, 0xED, 0x61, 0x97, 0x83, 0x17, 0xEE, 0x3F, 0xA7, 0x13, 0xD8, 0xD3, 0x01,
    0xA7, 0x13, 0x0E, 0x8D, 0x02, 0xBC, 0xA0, 0x99, 0x60, 0x77, 0x9E, 0xED, 0xC4, 0x04, 0x99, 0x6E,
    0x38, 0xB1, 0xE8, 0x96, 0xED, 0x60, 0xE3, 0x97, 0x25, 0xCE, 0x9A, 0x99, 0xAF, 0x07, 0xEB, 0xA0,
    0x8E, 0x81, 0x10, 0x2C, 0xBA, 0x56, 0xD7, 0x39, 0x0D, 0x3B, 0x25, 0x36, 0x6F, 0x15, 0x55, 0x55,
    0x6E, 0x2A, 0x0F, 0x69, 0x75, 0x33, 0x4C, 0xB9, 0xA7, 0xC2, 0x47, 0x8F, 0x45, 0x3D, 0xB6, 0xED,
    0xEA, 0x8E, 0xD7, 0xCC, 0xCB, 0x46, 0x97, 0x6B, 0x46, 0x66, 0xD9, 0xF8, 0xDF, 0x16, 0xDF, 0xE9,
    0x51, 0x5D, 0x56, 0x85, 0xD0, 0xFC, 0x80, 0x6E, 0x0D, 0x45, 0x23, 0x5B, 0x64, 0x4F, 0xFC, 0x40,
    0xF6, 0x73, 0x4E, 0x99, 0x36, 0xE5, 0x18, 0x52, 0xF1, 0x0C, 0x2D, 0x34, 0x03, 0x6F, 0xC7, 0xC8,
    0x0E, 0xEF, 0x55, 0x9F, 0x9F, 0xAB, 0xEE, 0x34, 0x8E, 0x6F, 0xC2, 0xA1, 0x61, 0xE7, 0xDD, 0x50,
    0xC2, 0x38, 0xFE, 0x8A, 0x21, 0xCC, 0x27, 0x0B, 0xCC, 0xFD, 0xB3, 0x46, 0xDC, 0xA4, 0x7A, 0x41,
    0x7B, 0x19, 0xF8, 0xBE, 0x61, 0x32, 0xB6, 0xA0, 0x1D, 0x04, 0xD5, 0x52, 0x78, 0x20, 0x7F, 0x43,
    0x67, 0xDA, 0xBA, 0xB0, 0x99, 0x86, 0xAD, 0xD9, 0x57, 0x0B, 0xDF, 0x28, 0x59, 0x80, 0x92, 0x64,
    0xC6, 0x92, 0xE9, 0x74, 0x62, 0xCF, 0x17, 0x32, 0xED, 0x82, 0x22, 0x84, 0x44, 0x20, 0x65, 0x53,
    0xF6, 0x41, 0xAB, 0x3C, 0x04, 0x49, 0xA3, 0x1A, 0xD9, 0x24, 0xF9, 0xF7, 0x46, 0xCD, 0xC8, 0x39,
    0x65, 0xD6, 0x00, 0x8F, 0xB2, 0x75, 0xA7, 0xEE, 0xB5, 0x83, 0x31, 0x42, 0xFC, 0xDA, 0x90, 0xAD,
    0x2B, 0xDA, 0x1D, 0xF2, 0x31, 0x59, 0x19, 0xEC, 0xAB, 0xED, 0xE4, 0xF2, 0xD2, 0xF0, 0xFB, 0xE5,
    0x32, 0xD5, 0x5E, 0xFE, 0xC9, 0xEE, 0x5A, 0xE1, 0x69, 0x68, 0xE3, 0x33, 0xE7, 0xBE, 0x84, 0xE5,
    0xCE, 0x91, 0xD9, 0xE1, 0xA9, 0x02, 0xDF, 0x4B, 0x34, 0x52, 0x23, 0x42, 0xEB, 0xBD, 0x7F, 0x5F,
    0x20, 0x2C, 0xBD, 0xB8, 0x07, 0x3F, 0xA4, 0x8D, 0x7B, 0xFE, 0x1B, 0xFF, 0xFC, 0x27, 0x38, 0xCD,
    0x00, 0x17, 0x0A, 0xE8, 0xF4, 0xA2, 0x60, 0x18, 0x88, 0x79, 0x09, 0xB2, 0x87, 0x13, 0x4E, 0xC1,
    0x8D, 0x47, 0xD8, 0x30, 0x44, 0x86, 0xD0, 0x53, 0x3C, 0x8E, 0x20, 0x82, 0x91, 0xB0, 0xEF, 0x24,
    0x66, 0xD8, 0xCF, 0xDA, 0xBC, 0xB5, 0xC2, 0xAA, 0x41, 0xD4, 0xEF, 0x45, 0x83, 0xA8, 0x95, 0x14,
    0x3C, 0xE8, 0xF7, 0x75, 0xFF, 0xCF, 0x29, 0x6F, 0xFC, 0xAB, 0x51, 0x8D, 0xA6, 0xD8, 0x84, 0x9C,
    0x0F, 0xA0, 0x29, 0x58, 0x4D, 0x27, 0x0C, 0x1D, 0xB4, 0x58, 0x79, 0x15, 0x14, 0x68, 0x41, 0x59,
    0xBB, 0xAF, 0x9B, 0x92, 0x70, 0x13, 0x76, 0x93, 0xDB, 0xE9, 0x4B, 0xFF, 0x29, 0x3A, 0x42, 0xD0,
    0x38, 0x12, 0x93, 0xAF, 0xEB, 0x88, 0xEA, 0x6E, 0x1D, 0xF1, 0x3B, 0xD4, 0x11, 0x3E, 0x9B, 0x4C,
    0x47, 0xE4, 0xAB, 0x8E, 0xE8, 0xF7, 0x3A, 0x82, 0x66, 0x5A, 0x6B, 0xE4, 0x7A, 0x68, 0x24, 0x63,
    0x56, 0x12, 0xB5, 0x3B, 0xC4, 0x9C, 0xA9, 0x57, 0xB4, 0x14, 0x09, 0x16, 0xAA, 0x52, 0x54, 0x5C,
    0x2B, 0xA2, 0xA8, 0xCA, 0x51, 0x9C, 0x29, 0x4A, 0x74, 0x40, 0x17, 0xE2, 0x30, 0xC4, 0x74, 0xCD,
    0x12, 0xBD, 0x2E, 0x60, 0x81, 0x8C, 0x8E, 0x04, 0xB0, 0xC1, 0x9E, 0xD6, 0x72, 0x3A, 0x9A, 0xF6,
    0xAD, 0xAC, 0x61, 0x38, 0xE6, 0x82, 0x56, 0xCD, 0xB1, 0x02, 0x85, 0x20, 0xE8, 0x4B, 0x4C, 0x8A,
    0x53, 0x8B, 0xFA, 0x31, 0xA3, 0x66, 0x1A, 0x6B, 0x86, 0xA7, 0xBF, 0xD1, 0x9A, 0xCC, 0xAB, 0x2B,
    0x2B, 0xCD, 0xB0, 0x41, 0x55, 0x1B, 0xE0, 0x44, 0xB9, 0xE7, 0xDA, 0x83, 0x94, 0x6B, 0x8B, 0x24,
    0x5B, 0x8D, 0x7B, 0x8A, 0xB7, 0xE0, 0xB1, 0xEE, 0x29, 0xCB, 0xAC, 0x4F, 0xC0, 0x4B, 0x74, 0x8A,
    0x44, 0xA7, 0x0E, 0x91, 0x53, 0x8F, 0x08, 0x25, 0xCE, 0x72, 0xD2, 0xA0, 0x79, 0xD0, 0xB4, 0x5C,
    0xAB, 0x03, 0x04, 0x7A, 0xD6, 0x74, 0xF2, 0x44, 0xC7, 0xDB, 0x8C, 0xB8, 0x0D, 0x66, 0xCA, 0x43,
    0x47, 0xBF, 0x35, 0x07, 0xDB, 0x69, 0x08, 0xFE, 0xD7, 0x6A, 0x75, 0xF7, 0x2F, 0x2E, 0x1E, 0x7E,
    0xA6, 0xF7, 0x1E, 0xC1, 0x5B, 0xAB, 0xEE, 0xF2, 0xD6, 0xF2, 0xCF, 0xE9, 0xAD, 0xC1, 0x41, 0xCE,
    0x9E, 0xF7, 0x68, 0xCA, 0x7E, 0x0C, 0x9E, 0x5A, 0x10, 0x4D, 0xF8, 0x51, 0x02, 0x1E, 0xE1, 0xBA,
    0x1A, 0x85, 0x75, 0x9C, 0xCF, 0x14, 0x11, 0xA3, 0x0E, 0x52, 0x45, 0x77, 0x08, 0x19, 0x95, 0x55,
    0xA7, 0xF2, 0x1A, 0xD5, 0xD6, 0x25, 0x3F, 0x85, 0xA6, 0x8A, 0x33, 0xEE, 0x43, 0x68, 0xF5, 0x50,
    0x78, 0x39, 0x9E, 0x20, 0x9C, 0x33, 0x38, 0x59, 0x2E, 0xBF, 0x82, 0x09, 0xF8, 0x00, 0xB5, 0xAB,
    0x67, 0x2F, 0xBF, 0xEB, 0xEA, 0xE7, 0x8D, 0x15, 0xE9, 0xB4, 0x81, 0x7A, 0xBA, 0x7E, 0xDA, 0xA6,
    0x35, 0xE5, 0x7A, 0x5A, 0x0F, 0xB1, 0x25, 0x9B, 0x67, 0x3D, 0x07, 0x27, 0x2A, 0x5F, 0x4F, 0x0C,
    0x5A, 0x3D, 0x3C, 0xA3, 0xCF, 0xA7, 0xA7, 0x53, 0x84, 0xD2, 0x38, 0x05, 0x5A, 0xF6, 0xA7, 0x1E,
    0x66, 0xFF, 0x89, 0xA2, 0xDF, 0x3A, 0xAE, 0xD9, 0xA0, 0xC7, 0xB3, 0x88, 0xCC, 0xEA, 0xF9, 0xF0,
    0xA5, 0x78, 0xAB, 0x47, 0x60, 0x38, 0xC1, 0xA9, 0xB2, 0x1C, 0xCD, 0x85, 0xF9, 0x8C, 0x63, 0x95,
    0xA8, 0xF2, 0x67, 0xD6, 0x0F, 0x15, 0xEA, 0x8C, 0xCA, 0x98, 0xF7, 0x43, 0xCC, 0xBD, 0x3B, 0xA1,
    0x38, 0x07, 0x83, 0x02, 0x8F, 0x15, 0x7E, 0x60, 0x05, 0xFA, 0x15, 0xEA, 0x97, 0x28, 0x18, 0xBD,
    0xD9, 0x93, 0x48, 0x4B, 0x1A, 0x8D, 0xED, 0x77, 0xDB, 0xF4, 0x29, 0x34, 0x5D, 0xDA, 0xCE, 0xBD,
    0xFB, 0xB2, 0x6C, 0x3F, 0x42, 0x7E, 0xF3, 0xE9, 0xAC, 0x25, 0xAF, 0xC4, 0x76, 0x5A, 0x59, 0xFA,
    0x84, 0x31, 0xCA, 0xD9, 0x9A, 0xF5, 0x91, 0xF8, 0x19, 0x26, 0xBB, 0xEE, 0x19, 0x8F, 0x7B, 0x1B,
    0xE0, 0x00, 0x75, 0x5C, 0x95, 0x27, 0xE7, 0xE0, 0x4F, 0x1D, 0xD8, 0x99, 0xC3, 0x2C, 0xDE, 0x81,
    0x2A, 0x19, 0xD4, 0x8D, 0xBD, 0xDB, 0xB8, 0x9F, 0x36, 0x1B, 0x3C, 0xA6, 0xE6, 0xBD, 0x56, 0x0B,
    0xCF, 0x2C, 0x85, 0x08, 0xEF, 0x74, 0x4F, 0xD8, 0x2E, 0xF9, 0x64, 0xCA, 0xC4, 0x78, 0xD7, 0x3F,
    0xF4, 0x8C, 0x64, 0x12, 0x16, 0x20, 0x26, 0xE0, 0x37, 0x43, 0x32, 0x1E, 0xC9, 0xF3, 0x82, 0x4C,
    0x63, 0x61, 0xC0, 0x3D, 0x28, 0xF2, 0x73, 0x28, 0xAA, 0x22, 0x43, 0xCA, 0xAE, 0x29, 0xA1, 0x80,
    0xDB, 0x52, 0x83, 0xB6, 0x7A, 0x00, 0x88, 0x39, 0xD4, 0x5B, 0xB8, 0x4E, 0x60, 0xC2, 0x6C, 0x42,
    0xF6, 0x20, 0x9D, 0xB4, 0x5B, 0x1A, 0x51, 0x45, 0x32, 0xC1, 0x8D, 0x4C, 0x26, 0x54, 0x97, 0x13,
    0xD6, 0x8E, 0xE3, 0xB9, 0xE6, 0x11, 0x1D, 0xAD, 0x13, 0x30, 0x5B, 0x61, 0x47, 0xB7, 0xBB, 0x5D,
    0x8B, 0x0E, 0xFD, 0xC5, 0x71, 0x3B, 0xFE, 0x7B, 0x0F, 0x60, 0x45, 0xC5, 0xB9, 0xEC, 0x1C, 0xFA,
    0x3A, 0xA7, 0x2D, 0xA8, 0x25, 0x9A, 0x81, 0x9D, 0xC9, 0x27, 0x42, 0x57, 0x40, 0x73, 0x09, 0x7C,
    0x55, 0x0A, 0x11, 0x3B, 0xD0, 0xAD, 0xCD, 0x47, 0x8C, 0x23, 0xCF, 0x02, 0xE1, 0xCC, 0x32, 0x60,
    0x43, 0x49, 0x26, 0x99, 0xEC, 0x00, 0x88, 0xE0, 0xA0, 0xCB, 0x5B, 0xC0, 0xC9, 0x53, 0xB9, 0xF1,
    0x24, 0xF8, 0x80, 0xB7, 0x34, 0xE5, 0xF5, 0x2F, 0x79, 0xFA, 0xBF, 0xCE, 0x5E, 0xA0, 0x4E, 0xB0,
    0x2C, 0xD9, 0x2B, 0xED, 0x93, 0xCF, 0xB4, 0x2D, 0xAE, 0xCF, 0x94, 0x19, 0xDA, 0x4C, 0xF3, 0x1A,
    0x15, 0x4B, 0xA0, 0xE8, 0xE2, 0xA5, 0x07, 0x31, 0xA2, 0x2B, 0x60, 0x77, 0x78, 0xF9, 0x21, 0x2D,
    0xE3, 0x83, 0x99, 0xC2, 0xEA, 0x79, 0x9E, 0x8E, 0xF6, 0x9A, 0x43, 0x83, 0xFA, 0xD1, 0x9F, 0xF8,
    0xEF, 0xFB, 0x7F, 0x00, 0xDF, 0x7D, 0xA0, 0x39, 0xE7, 0x57, 0xBD, 0x5B, 0xAB, 0x50, 0xE1, 0xCC,
    0x98, 0x25, 0x51, 0x93, 0x6B, 0x43, 0x16, 0x12, 0xCF, 0xCD, 0xD6, 0x96, 0x7C, 0x9C, 0x01, 0xE5,
    0x97, 0xE2, 0x09, 0x3A, 0x2E, 0xAF, 0xFB, 0x7C, 0xFA, 0x53, 0x64, 0xA6, 0x73, 0x9E, 0x6F, 0xAA,
    0x52, 0x0E, 0xCC, 0xBA, 0xD1, 0x1C, 0xB4, 0x54, 0x6C, 0x8F, 0xEC, 0x44, 0x30, 0x0C, 0xF9, 0x63,
    0xFA, 0x04, 0x08, 0xD0, 0xF4, 0x00, 0x93, 0x36, 0xDC, 0x7A, 0x0A, 0xB6, 0xA8, 0xA0, 0x94, 0x27,
    0xB6, 0x81, 0xE8, 0x30, 0x1C, 0x58, 0xE3, 0x02, 0xA3, 0x66, 0x34, 0x0E, 0x4D, 0xAE, 0xA7, 0x84,
    0x99, 0x12, 0x92, 0x0D, 0xEA, 0xD1, 0x5A, 0x2D, 0x96, 0xFD, 0x87, 0x36, 0x2C, 0xFC, 0x48, 0x7D,
    0xC9, 0x9F, 0xA8, 0x1B, 0xF9, 0x6C, 0xD8, 0x9D, 0xEB, 0xCE, 0x43, 0x12, 0xF2, 0x5A, 0x03, 0xDF,
    0x78, 0x4D, 0x5D, 0x6F, 0xA7, 0x37, 0xBF, 0x60, 0x65, 0x90, 0x42, 0xC3, 0x78, 0x6F, 0xD1, 0x89,
    0x35, 0x84, 0x8F, 0xBB, 0x09, 0xE3, 0x71, 0x3D, 0x98, 0x7F, 0x9F, 0x35, 0xC6, 0x1A, 0xDE, 0x47,
    0x0F, 0xE5, 0x0D, 0x45, 0xCE, 0xCA, 0xB3, 0x88, 0xD8, 0x53, 0xC1, 0xCF, 0x71, 0xE6, 0x49, 0x13,
    0xB4, 0xC3, 0xBB, 0x68, 0x60, 0x1A, 0xEB, 0x4D, 0x75, 0xF6, 0xF4, 0xCC, 0xA7, 0x86, 0xF0, 0xE6,
    0x09, 0x6E, 0x87, 0xBA, 0x64, 0xDB, 0x4F, 0xF8, 0x35, 0x1D, 0x93, 0x88, 0x55, 0x8E, 0x77, 0xB5,
    0xDA, 0xB7, 0x58, 0xDC, 0x55, 0xFE, 0x8C, 0x79, 0xD0, 0xD6, 0x02, 0x27, 0xCD, 0x5D, 0xDC, 0x0F,
    0xC9, 0xE0, 0x92, 0xE2, 0x4E, 0x1B, 0xF7, 0x71, 0xA1, 0xE9, 0x37, 0x4D, 0x90, 0x8D, 0xE1, 0x7C,
    0x05, 0x2F, 0xAC, 0xD8, 0xDC, 0xB8, 0x5C, 0x4F, 0xC4, 0x45, 0x5A, 0x8F, 0x2E, 0xCC, 0x69, 0xA7,
    0xCD, 0xCB, 0xE6, 0xED, 0xD8, 0xF3, 0x7A, 0x59, 0x42, 0x86, 0x32, 0xDE, 0xD6, 0xD9, 0xE6, 0x64,
    0x5B, 0x42, 0xC8, 0x1F, 0x6E, 0x79, 0x3D, 0x3B, 0x27, 0xED, 0x43, 0x8A, 0x8E, 0x07, 0x63, 0xCE,
    0xFD, 0xF5, 0x73, 0x0D, 0x78, 0x85, 0x47, 0xDD, 0xF5, 0x10, 0x45, 0xC4, 0x7E, 0x42, 0x5D, 0x16,
    0xAB, 0xE2, 0x83, 0x85, 0xE3, 0x49, 0xF7, 0x88, 0xA5, 0x71, 0x68, 0x1E, 0x1B, 0xC4, 0xE2, 0xD8,
    0x0A, 0xCF, 0x60, 0xB4, 0x0A, 0xC2, 0x2D, 0x53, 0xED, 0xA7, 0x7B, 0x6D, 0xAA, 0xF1, 0xF5, 0xA9,
    0x36, 0x97, 0x4E, 0xEB, 0xFA, 0x34, 0x15, 0x64, 0x18, 0xCD, 0x85, 0x96, 0xDB, 0xA5, 0x09, 0x17,
    0x8D, 0x61, 0x0A, 0x33, 0x24, 0xB7, 0xA1, 0x2B, 0x19, 0xAE, 0xD1, 0x46, 0xE9, 0xB5, 0xE6, 0x3C,
    0x29, 0xB4, 0xF9, 0xD5, 0x9A, 0x6F, 0xE6, 0x29, 0xC9, 0xC2, 0x32, 0xAD, 0x87, 0x35, 0x2B, 0x7C,
    0xB8, 0x8B, 0x2C, 0xEB, 0xE9, 0xF1, 0x5C, 0xB1, 0xDD, 0x02, 0xEF, 0x68, 0xA8, 0x5B, 0xDB, 0xDB,
    0xA3, 0xF7, 0x0A, 0xF7, 0x75, 0x59, 0x51, 0x8C, 0x08, 0xDA, 0x41, 0x22, 0x16, 0x42, 0x3E, 0x11,
    0x4F, 0xF4, 0xE7, 0xE0, 0x3A, 0x38, 0xDF, 0x48, 0x63, 0xC1, 0xB9, 0xF8, 0xA2, 0x73, 0xF2, 0xEC,
    0xFF, 0x00, 0xED, 0x5C, 0xBF, 0xB3, 0xE5, 0x44, 0x76, 0x6E, 0x49, 0xF3, 0x9E, 0xD8, 0xBD, 0xF6,
    0x6A, 0x02, 0xC6, 0xE5, 0x62, 0x6C, 0x8B, 0xC0, 0x01, 0x60, 0x6A, 0x95, 0x6C, 0x60, 0x07, 0x20,
    0x51, 0x5B, 0x36, 0x81, 0x93, 0x09, 0xE6, 0xD9, 0x65, 0x08, 0x20, 0xD8, 0xC0, 0x6C, 0xB0, 0xCF,
    0x7F, 0x00, 0x20, 0xED, 0x52, 0x65, 0x02, 0x07, 0x9E, 0xC0, 0x1B, 0x2F, 0x01, 0xAE, 0xDA, 0x1A,
    0x07, 0x93, 0x10, 0x6C, 0x00, 0x48, 0x0B, 0x81, 0x03, 0x07, 0x88, 0xA5, 0x6C, 0x07, 0x0E, 0x46,
    0x94, 0x87, 0xB2, 0xBD, 0x04, 0x08, 0x23, 0xB6, 0xF4, 0x06, 0x49, 0xED, 0xF3, 0x7D, 0xA7, 0x5B,
    0xF7, 0xDE, 0x37, 0x6F, 0x06, 0x32, 0x66, 0xCC, 0xDC, 0x99, 0xAB, 0xD6, 0xBB, 0x57, 0x6A, 0x9D,
    0x3E, 0x7D, 0xFA, 0x9C, 0xEF, 0xFC, 0xE8, 0x6B, 0xCC, 0x39, 0x63, 0x8C, 0x2D, 0x4C, 0x68, 0x1B,
    0x13, 0xC9, 0x3B, 0x66, 0x2B, 0x7F, 0xCF, 0x66, 0xFB, 0xFA, 0x5D, 0x63, 0xC2, 0xC9, 0x98, 0xC8,
    0xBD, 0x63, 0x79, 0x6F, 0x46, 0x63, 0x12, 0xBC, 0x07, 0x63, 0x52, 0x79, 0x67, 0xBD, 0x31, 0xB9,
    0x7B, 0x97, 0xF2, 0xAE, 0x3B, 0xE9, 0xB6, 0x33, 0x81, 0x6D, 0x77, 0xBA, 0xAE, 0xCC, 0x46, 0xBA,
    0x4E, 0xAC, 0xDC, 0xB2, 0xC8, 0xA5, 0xD2, 0xCD, 0x1F, 0x5D, 0xD1, 0x27, 0x80, 0x0A, 0x13, 0x8D,
    0x38, 0xC6, 0x03, 0x8E, 0x9B, 0x1E, 0xC7, 0x44, 0x8F, 0x1D, 0x8E, 0x69, 0xCB, 0x63, 0x83, 0x63,
    0xC6, 0x63, 0x5E, 0xC9, 0xE1, 0xB0, 0xC6, 0x5D, 0xA5, 0x95, 0xCE, 0x63, 0x6B, 0xE5, 0x91, 0x19,
    0x8F, 0xF5, 0xB2, 0xD4, 0x6D, 0x60, 0xFB, 0x29, 0x6E, 0x22, 0xFB, 0x63, 0x10, 0x6C, 0x43, 0x90,
    0x3B, 0x47, 0x20, 0x78, 0x8A, 0xA4, 0xE3, 0x6C, 0xC4, 0x31, 0x1F, 0xE2, 0x0E, 0xC7, 0x4D, 0x8B,
    0x63, 0xD2, 0xAC, 0xC7, 0x31, 0x6D, 0x1E, 0x10, 0x1A, 0xB3, 0x2A, 0x93, 0x2E, 0xF3, 0xA7, 0xAC,
    0xD0, 0x6D, 0x8F, 0x17, 0xE9, 0xC7, 0xDA, 0x51, 0xC6, 0x64, 0x65, 0x64, 0xA6, 0xB6, 0x0B, 0x28,
    0xB6, 0x18, 0x45, 0x30, 0x81, 0xA6, 0x70, 0xDA, 0x8E, 0x24, 0xE2, 0x48, 0xE2, 0xFE, 0xEC, 0xF1,
    0x7C, 0xAB, 0x70, 0xDC, 0x3D, 0xF8, 0x07, 0xDE, 0x68, 0x2D, 0x3E, 0x48, 0xD8, 0x2F, 0xC6, 0x83,
    0x4B, 0xED, 0x47, 0xB5, 0x34, 0x32, 0x1F, 0x60, 0x6F, 0xBC, 0x98, 0x54, 0x9A, 0x64, 0x32, 0x59,
    0x8B, 0x31, 0x98, 0x87, 0x0A, 0x0C, 0x82, 0x7D, 0xE4, 0x7C, 0x14, 0x39, 0x2F, 0xAF, 0x9A, 0xCD,
    0x0F, 0xED, 0xCD, 0x6B, 0x32, 0x10, 0xA1, 0x54, 0x78, 0xC3, 0x46, 0x88, 0xFC, 0x27, 0xFB, 0xEB,
    0xAB, 0x86, 0x5D, 0x92, 0x42, 0xCB, 0xEB, 0x63, 0x6D, 0x36, 0x3A, 0xE7, 0xC9, 0xA4, 0x0D, 0xBB,
    0xFC, 0xEE, 0xF1, 0xE7, 0x47, 0xCF, 0x2C, 0x26, 0xC7, 0xED, 0xB3, 0x36, 0x93, 0x50, 0x57, 0x83,
    0x09, 0xF9, 0x18, 0xD4, 0xC2, 0xEA, 0x54, 0x46, 0x7F, 0xE4, 0x45, 0xA5, 0x30, 0x2F, 0xA2, 0xC3,
    0x26, 0xB0, 0x41, 0x7D, 0x43, 0xA8, 0xB6, 0xD7, 0x2D, 0x86, 0xC2, 0x1B, 0x31, 0xF5, 0x5F, 0xD8,
    0x89, 0x8F, 0x85, 0x9C, 0x6C, 0x26, 0x1D, 0x50, 0x4F, 0xBE, 0xA4, 0xDA, 0x64, 0x1D, 0x3F, 0x94,
    0x21, 0xE6, 0x98, 0x97, 0xCE, 0x94, 0x2D, 0xA4, 0x2B, 0xB0, 0x98, 0x93, 0xF9, 0x59, 0x8A, 0x2A,
    0x99, 0x9F, 0x58, 0xCE, 0x44, 0x3E, 0xD4, 0xF6, 0xEF, 0x66, 0x93, 0x34, 0x07, 0x97, 0x82, 0xD1,
    0x1C, 0x82, 0x86, 0xE7, 0xCD, 0xFE, 0x4B, 0x1E, 0xDE, 0x0A, 0xD9, 0x42, 0xF3, 0x3B, 0xDA, 0x3C,
    0x65, 0xED, 0x10, 0x83, 0x72, 0x5B, 0x84, 0xD2, 0x93, 0xF0, 0x50, 0x24, 0xC5, 0x94, 0x10, 0x59,
    0xA1, 0x58, 0x1E, 0x54, 0x8E, 0xE4, 0x4C, 0x3E, 0x91, 0x25, 0xD9, 0x04, 0x09, 0x4F, 0xEC, 0x92,
    0xCB, 0xD7, 0x7C, 0x6C, 0xA7, 0x4D, 0x8B, 0xA1, 0x90, 0x69, 0x81, 0x05, 0xB7, 0x92, 0x9B, 0x6E,
    0x94, 0xE4, 0x35, 0x9A, 0x85, 0x33, 0xDB, 0xE8, 0x04, 0x57, 0xE6, 0x76, 0x9C, 0x3F, 0xB6, 0xAF,
    0xF3, 0x0F, 0x5E, 0x9F, 0x68, 0x93, 0x82, 0xD3, 0xFE, 0x55, 0x37, 0xFA, 0x46, 0x57, 0xD2, 0x4F,
    0x40, 0x36, 0x68, 0x2F, 0xD1, 0xA2, 0xEF, 0x78, 0x26, 0x47, 0x39, 0x7D, 0x7E, 0x65, 0x3E, 0xF4,
    0x9A, 0xB9, 0xE3, 0xEB, 0x6A, 0xB1, 0x76, 0xB5, 0xDB, 0xDD, 0x2D, 0x5D, 0x8D, 0xA7, 0x16, 0x79,
    0xB7, 0xF6, 0x70, 0xED, 0x0A, 0x49, 0x05, 0xA5, 0x1C, 0x74, 0x2C, 0xA2, 0x81, 0x8B, 0xD1, 0x95,
    0x48, 0xA3, 0x25, 0x4B, 0x67, 0xF2, 0xF7, 0x79, 0x13, 0x7D, 0x01, 0x69, 0x8D, 0xFE, 0x93, 0x8B,
    0xE6, 0x43, 0xF0, 0x63, 0xD3, 0x42, 0x56, 0x37, 0x5D, 0x86, 0x27, 0xF6, 0xB1, 0xD0, 0x12, 0x8F,
    0x46, 0xF8, 0x2A, 0x54, 0x88, 0x48, 0x07, 0xB6, 0x02, 0x09, 0xB6, 0x8F, 0x66, 0x4C, 0x7E, 0xB0,
    0x80, 0x39, 0xC5, 0x02, 0x62, 0xDB, 0xB7, 0x29, 0xEE, 0x2F, 0x51, 0x5E, 0xDF, 0x42, 0xAF, 0xF3,
    0x64, 0x82, 0x22, 0x10, 0x4A, 0x64, 0xF5, 0xCA, 0x6C, 0x88, 0x00, 0x41, 0xEE, 0x7A, 0xF4, 0x96,
    0x8F, 0x60, 0x7E, 0x4E, 0xBE, 0x0A, 0x5B, 0x07, 0xB2, 0x1A, 0xB3, 0xF1, 0xC3, 0xD7, 0xA9, 0x58,
    0xD2, 0xB6, 0xEC, 0xCB, 0xDE, 0xE2, 0x5F, 0x27, 0xFF, 0x9A, 0xBA, 0x79, 0xD4, 0x3C, 0x8A, 0xD1,
    0x3D, 0xC3, 0xA5, 0x09, 0x95, 0xD2, 0x72, 0x06, 0x17, 0xCE, 0x76, 0x72, 0x62, 0x02, 0x4C, 0x46,
    0x59, 0xE9, 0xBA, 0x9E, 0x75, 0xF5, 0xEB, 0x72, 0x2F, 0x65, 0x4C, 0xA6, 0x5C, 0x4C, 0x56, 0x24,
    0x15, 0x9E, 0x92, 0x34, 0x19, 0x9E, 0x59, 0xC5, 0x6D, 0x6E, 0xF2, 0x36, 0xAD, 0xA2, 0xFE, 0x09,
    0x53, 0x17, 0x49, 0x11, 0xF6, 0x2F, 0x0A, 0x77, 0xBE, 0x63, 0x82, 0xE1, 0x4D, 0x43, 0x21, 0x18,
    0xDE, 0xC4, 0xF8, 0x8C, 0x19, 0xDF, 0x0C, 0x4F, 0xB5, 0x81, 0x7E, 0xFF, 0x22, 0xA6, 0x4A, 0xAE,
    0x7F, 0x89, 0x52, 0x10, 0xF6, 0x4F, 0x9A, 0xFA, 0xE4, 0x99, 0x26, 0xEA, 0x33, 0x8C, 0xAC, 0x89,
    0xDB, 0xA4, 0x4A, 0xF8, 0xBC, 0x4D, 0x1B, 0x88, 0x4E, 0x4C, 0x8B, 0xA8, 0x57, 0x7A, 0x3C, 0x7D,
    0x2B, 0xBD, 0x90, 0x0C, 0xD0, 0x1F, 0xDA, 0x9B, 0xF5, 0xE2, 0xC6, 0xC7, 0x19, 0x0D, 0xC8, 0x0F,
    0x73, 0x78, 0xE3, 0x05, 0x61, 0xF7, 0x32, 0x63, 0x4A, 0x65, 0x58, 0xF6, 0xB9, 0x51, 0xD4, 0xBD,
    0xA8, 0xE5, 0xA4, 0x97, 0xBB, 0xD3, 0x56, 0xD4, 0x57, 0xD6, 0x88, 0x36, 0xCE, 0x9B, 0xBC, 0x11,
    0x1D, 0x2C, 0x3D, 0xE5, 0xEF, 0xD8, 0x57, 0x41, 0xC4, 0x35, 0x39, 0x7C, 0x22, 0x5A, 0x6A, 0x49,
    0x65, 0x25, 0xDE, 0x88, 0xAF, 0xAC, 0x52, 0xF2, 0x03, 0xB0, 0x60, 0x84, 0x56, 0x1B, 0x8C, 0xAE,
    0x1B, 0x7D, 0x3D, 0x62, 0x82, 0x2B, 0x32, 0xCB, 0xB0, 0x26, 0x62, 0x19, 0x72, 0x59, 0xCD, 0x53,
    0x20, 0xA4, 0xD8, 0x7E, 0x23, 0x0C, 0xB3, 0x4D, 0x26, 0x7D, 0x59, 0x63, 0xFD, 0xC7, 0xE5, 0x88,
    0xA5, 0x54, 0x4E, 0x91, 0x9C, 0xE7, 0x8B, 0xE1, 0x62, 0x94, 0x0F, 0x85, 0xC2, 0x2A, 0x05, 0xB1,
    0x2D, 0x56, 0x53, 0x2E, 0xAA, 0xA2, 0xC2, 0x1C, 0xBC, 0xEC, 0x9E, 0x71, 0xE1, 0xE8, 0xE8, 0xE8,
    0x32, 0xF4, 0xCF, 0x7C, 0xEA, 0x40, 0xA1, 0xB9, 0xCD, 0x21, 0xFC, 0xB9, 0x57, 0x1C, 0xF2, 0xEE,
    0x4A, 0x7D, 0xB7, 0x0F, 0x5D, 0xBD, 0x2A, 0x2C, 0xBC, 0x50, 0x70, 0xAD, 0x82, 0x73, 0xE5, 0x47,
    0xD7, 0xC4, 0xC6, 0x8D, 0xD0, 0xFA, 0x31, 0xEC, 0x87, 0x49, 0xFE, 0xF4, 0x6A, 0x95, 0x54, 0x59,
    0x62, 0xC7, 0xB8, 0x79, 0x22, 0xEC, 0xE7, 0xA8, 0x7D, 0x31, 0xEC, 0x5F, 0x0A, 0xFA, 0x5F, 0xC8,
    0xD1, 0xC8, 0xF1, 0xD3, 0xC9, 0xF4, 0x6F, 0x84, 0x42, 0xBF, 0x9C, 0x7F, 0xC1, 0xE3, 0xFF, 0x0E,
    0xA6, 0x97, 0x6B, 0xE6, 0xA0, 0x7F, 0x22, 0x3E, 0x29, 0x5F, 0x69, 0xB3, 0x64, 0x49, 0xFF, 0xB9,
    0x49, 0xE4, 0x19, 0x49, 0x81, 0x3E, 0x9F, 0x74, 0xFD, 0x9B, 0xF2, 0x7F, 0xE4, 0x59, 0xEE, 0xB9,
    0x4A, 0x83, 0xA3, 0x50, 0x14, 0x5A, 0x27, 0xE3, 0x69, 0x4A, 0x95, 0x69, 0x99, 0xCE, 0x05, 0x3A,
    0xB2, 0x15, 0x4B, 0x35, 0x40, 0x89, 0xE4, 0x7D, 0x32, 0xE7, 0x4D, 0xB4, 0x94, 0x7C, 0x87, 0x68,
    0xE7, 0xBC, 0x8B, 0xE7, 0xFC, 0xE4, 0x78, 0xC2, 0x6A, 0x90, 0xEB, 0xC4, 0x52, 0x8A, 0x6C, 0xFD,
    0x0E, 0x26, 0x0C, 0xD6, 0xC1, 0x50, 0x47, 0xDD, 0xE6, 0x70, 0xE1, 0x2F, 0xEC, 0x4F, 0x4F, 0xF3,
    0x93, 0x9F, 0xDD, 0xF9, 0x36, 0x77, 0xD8, 0xD1, 0xC9, 0x67, 0x4D, 0x08, 0x5E, 0x7F, 0x45, 0x8D,
    0x02, 0x0C, 0x21, 0xD2, 0x17, 0x62, 0xD1, 0x46, 0x8B, 0xA8, 0x93, 0x78, 0x10, 0x15, 0x15, 0x76,
    0xD0, 0x53, 0x54, 0x50, 0xD4, 0x4A, 0x54, 0x47, 0xB4, 0x0D, 0x31, 0xF8, 0x92, 0x61, 0x09, 0xAE,
    0x7F, 0x41, 0x65, 0x41, 0xE6, 0x26, 0x53, 0x3B, 0xE9, 0xEB, 0xCD, 0xC1, 0x11, 0x4D, 0xD5, 0x0B,
    0x00, 0x04, 0xA2, 0xF2, 0xE5, 0x3B, 0x79, 0x70, 0x30, 0xCB, 0xA4, 0x0F, 0x02, 0x79, 0xCE, 0x03,
    0xDE, 0xC8, 0x6D, 0x41, 0x2D, 0xE2, 0x4D, 0x95, 0xD1, 0x99, 0x3F, 0x29, 0xDD, 0x92, 0x21, 0xD4,
    0x21, 0xB4, 0x09, 0x9E, 0x25, 0xB7, 0xE5, 0xEB, 0xC1, 0xA4, 0x37, 0xA5, 0xBB, 0x07, 0x30, 0xF7,
    0xA6, 0xAE, 0xE4, 0xD9, 0x11, 0x24, 0x97, 0x46, 0x5A, 0xB4, 0x4F, 0x63, 0x32, 0x87, 0x6D, 0x82,
    0x82, 0xFF, 0x6D, 0x13, 0x28, 0x12, 0x8A, 0x14, 0x0C, 0x41, 0xE3, 0x6D, 0x2C, 0xFE, 0x9B, 0x64,
    0xC1, 0x7F, 0x41, 0x28, 0xDA, 0x4C, 0x38, 0x83, 0x95, 0x97, 0xFF, 0x62, 0x81, 0xF0, 0x1F, 0x86,
    0x4A, 0xD6, 0x08, 0x34, 0x23, 0xEC, 0x3D, 0x1A, 0x55, 0xC8, 0xB5, 0x82, 0x2E, 0xF2, 0xAC, 0x87,
    0xAA, 0x85, 0xCA, 0x64, 0x33, 0x24, 0xB6, 0xFF, 0x3D, 0x63, 0x97, 0xFA, 0x93, 0x13, 0x51, 0x23,
    0xD6, 0xBE, 0x67, 0x27, 0x98, 0x4F, 0x91, 0xCF, 0x48, 0xF8, 0x22, 0x36, 0x30, 0x9A, 0xAD, 0xB0,
    0xB4, 0x88, 0xA7, 0x03, 0x63, 0x2E, 0x53, 0xE9, 0xEF, 0x20, 0x80, 0xBD, 0x26, 0xD5, 0x66, 0x1F,
    0x70, 0xE4, 0x0A, 0x38, 0x5E, 0x2E, 0x4E, 0x5B, 0x96, 0x43, 0x5A, 0x03, 0x61, 0xA4, 0xB6, 0x1B,
    0x37, 0xBF, 0xB9, 0x9D, 0x4B, 0xCA, 0x82, 0x1D, 0x4B, 0x5A, 0x41, 0x3B, 0xD6, 0x6A, 0xF9, 0x06,
    0x67, 0xFA, 0xFA, 0x59, 0x6D, 0x5F, 0x3F, 0xA9, 0x62, 0xFA, 0xD0, 0xB5, 0xBF, 0x72, 0xED, 0x07,
    0xA3, 0xB6, 0xEF, 0x0E, 0xAE, 0xED, 0xF5, 0xFA, 0x57, 0x7B, 0xBD, 0xFF, 0xCF, 0x7B, 0x7D, 0xDC,
    0xA6, 0x53, 0x50, 0x95, 0x50, 0xD9, 0x3C, 0x52, 0x6B, 0x6B, 0x16, 0x05, 0x90, 0x66, 0x56, 0x08,
    0x19, 0x08, 0xBE, 0x53, 0xD8, 0x96, 0x73, 0x08, 0xE1, 0xA8, 0x6D, 0x34, 0x94, 0xBC, 0x2C, 0xEA,
    0x6B, 0xB5, 0xD3, 0xBD, 0xC3, 0x46, 0x1F, 0x3A, 0x9E, 0x7C, 0xA0, 0x6C, 0xC8, 0xAE, 0xF7, 0x44,
    0xAF, 0x25, 0x6D, 0xFC, 0x93, 0xA1, 0xAE, 0x4E, 0x91, 0xE6, 0x1B, 0xAA, 0x57, 0x95, 0x3D, 0xF1,
    0xE2, 0xF9, 0x93, 0xF6, 0xF9, 0x58, 0x4F, 0x76, 0xB4, 0x43, 0xD9, 0x1E, 0x28, 0x70, 0x28, 0x22,
    0x08, 0x4D, 0x4B, 0xC4, 0xD3, 0x88, 0x69, 0x10, 0xAD, 0x2F, 0x3C, 0x56, 0xB2, 0x8C, 0xF9, 0x43,
    0xB0, 0x12, 0xE3, 0xE0, 0xCA, 0x27, 0xDA, 0x20, 0xFC, 0xDE, 0x31, 0xF2, 0x0E, 0x3C, 0xA9, 0x75,
    0x06, 0x66, 0x92, 0x91, 0x96, 0x0D, 0xDF, 0x87, 0xD0, 0x9D, 0x72, 0x5F, 0x29, 0xF7, 0x5D, 0x38,
    0x92, 0x15, 0x6A, 0x7E, 0x04, 0xB1, 0x13, 0xC1, 0x81, 0xE0, 0xBF, 0x32, 0x47, 0x4B, 0xB0, 0xC4,
    0x53, 0xB0, 0x6C, 0xC6, 0x60, 0x49, 0xFA, 0x70, 0x4E, 0xFA, 0x68, 0x12, 0x2D, 0x2F, 0xEF, 0x64,
    0x48, 0x86, 0xB2, 0x13, 0x3E, 0x56, 0x21, 0x9E, 0x79, 0xEC, 0x75, 0x79, 0x70, 0x29, 0x75, 0xCA,
    0xD0, 0x5A, 0xB7, 0xA0, 0x5F, 0x33, 0x61, 0x01, 0xAD, 0x29, 0x34, 0x08, 0xB8, 0xA1, 0xC1, 0x6E,
    0x21, 0xD0, 0xF5, 0x00, 0xD4, 0x2F, 0x66, 0x5B, 0xB8, 0xA0, 0x6A, 0x5C, 0x8C, 0xB7, 0x80, 0x7E,
    0xF9, 0x4E, 0xA4, 0x58, 0x94, 0x94, 0xD0, 0x51, 0x8B, 0x1C, 0xB6, 0xA2, 0x0F, 0x13, 0x4B, 0x03,
    0x00, 0x31, 0xA7, 0xA6, 0xEF, 0x00, 0x93, 0xB2, 0xC2, 0x4C, 0xA7, 0xC4, 0x2A, 0xD8, 0x9E, 0x46,
    0x98, 0xE0, 0xE0, 0xAD, 0x55, 0x42, 0x8F, 0xAD, 0x17, 0x4F, 0xA7, 0x23, 0xF3, 0x7E, 0x85, 0x67,
    0x98, 0x9D, 0xE0, 0xD9, 0x89, 0x12, 0x01, 0xA2, 0x29, 0xE7, 0xD4, 0x11, 0x7A, 0xAA, 0x22, 0x4E,
    0x85, 0x92, 0xF5, 0x2B, 0xF8, 0x2D, 0xD5, 0xE3, 0x20, 0x10, 0xE7, 0x74, 0xE0, 0x3B, 0x18, 0xE5,
    0x8B, 0x15, 0x19, 0x8D, 0x89, 0x80, 0xF5, 0x6B, 0x39, 0x07, 0xB0, 0x4D, 0x38, 0x95, 0x79, 0xDC,
    0xC0, 0x4C, 0x29, 0x40, 0xC8, 0xE4, 0x4E, 0x51, 0x26, 0x30, 0xE1, 0x75, 0x5D, 0x64, 0x98, 0x43,
    0x51, 0x6A, 0x73, 0xCD, 0x69, 0x91, 0x07, 0xC6, 0x83, 0xA5, 0x16, 0x92, 0xAE, 0xD3, 0x6E, 0x51,
    0x10, 0x2F, 0x37, 0xFF, 0x58, 0xC5, 0xCD, 0x16, 0xC1, 0xA2, 0x9E, 0x18, 0x14, 0xE0, 0x18, 0x4D,
    0x8E, 0xE2, 0xD4, 0xAA, 0x7F, 0x20, 0xAA, 0x4A, 0xDD, 0x1D, 0xCE, 0x7C, 0xEA, 0x4C, 0x2B, 0x46,
    0x7B, 0xF4, 0xDC, 0xE7, 0x85, 0x1F, 0x2D, 0xBD, 0x0E, 0x1D, 0x6D, 0xDA, 0xAD, 0xA3, 0xA5, 0x3F,
    0x95, 0x0E, 0x2B, 0x3F, 0xC3, 0x2D, 0xA8, 0x33, 0xA7, 0x96, 0xF3, 0x83, 0xDB, 0xD3, 0x27, 0xCD,
    0xCA, 0x75, 0x40, 0x08, 0xE5, 0x3A, 0x2C, 0xAE, 0xE3, 0x3A, 0x71, 0xAD, 0x72, 0x3D, 0x21, 0xEE,
    0x20, 0xD7, 0xF5, 0x31, 0x64, 0xB5, 0x62, 0x47, 0x9E, 0x2A, 0x2E, 0x06, 0xD7, 0x15, 0xE1, 0x90,
    0xEB, 0xD1, 0x6C, 0x3C, 0xD7, 0x13, 0xB7, 0xC6, 0x54, 0xB6, 0x8F, 0x6F, 0x38, 0xF1, 0x6E, 0x62,
    0xA8, 0x14, 0xB0, 0x5A, 0xFC, 0x22, 0xAB, 0x5C, 0x97, 0x59, 0x29, 0x6F, 0xCA, 0xE0, 0x85, 0x77,
    0x32, 0x2B, 0xB6, 0x90, 0xA9, 0x13, 0xAE, 0x27, 0x80, 0x9E, 0x79, 0x0B, 0xAE, 0xCB, 0x35, 0x8F,
    0xC8, 0xB7, 0xE0, 0x7A, 0x5D, 0x71, 0x42, 0x85, 0xEB, 0x81, 0x5D, 0x91, 0x38, 0x1F, 0xBB, 0x23,
    0x06, 0xEA, 0x49, 0x65, 0xBD, 0x1B, 0x9C, 0x0A, 0x83, 0x73, 0x90, 0xF0, 0x81, 0x2A, 0x3E, 0xDC,
    0xEB, 0xBE, 0xC7, 0x88, 0xE2, 0x85, 0xD6, 0x25, 0x1D, 0x15, 0xFC, 0x17, 0xDA, 0x4D, 0xAA, 0x2A,
    0x10, 0xA3, 0xDD, 0x28, 0xA6, 0xDF, 0xB1, 0x84, 0xD9, 0x1D, 0xD0, 0x79, 0xB5, 0x9D, 0x9B, 0x9E,
    0xA2, 0xDB, 0x7A, 0xD3, 0x97, 0xD9, 0xD1, 0x93, 0xAB, 0x3D, 0xC2, 0xF0, 0x05, 0xF6, 0x69, 0x7C,
    0x07, 0x37, 0x26, 0x18, 0x29, 0x35, 0x64, 0xF0, 0xF3, 0x90, 0x9A, 0xD0, 0x79, 0x78, 0xA3, 0xEB,
    0x40, 0x29, 0x53, 0x06, 0x5F, 0xDC, 0x8E, 0x27, 0xB7, 0xAA, 0x37, 0x78, 0xDA, 0x93, 0xD0, 0xC3,
    0xCE, 0x9C, 0x97, 0xE9, 0x83, 0x5B, 0x90, 0xA9, 0x21, 0xA4, 0xD8, 0xAF, 0x7E, 0x5B, 0x68, 0xD5,
    0x06, 0xE5, 0x10, 0xFB, 0x4E, 0x34, 0x8E, 0x70, 0x5E, 0x96, 0xEE, 0x27, 0x00, 0x4E, 0x05, 0x10,
    0x6D, 0x7D, 0xDC, 0x40, 0xC0, 0x85, 0x8A, 0x40, 0x60, 0x48, 0x2E, 0xBE, 0x32, 0xFA, 0x18, 0xF3,
    0x2A, 0xB8, 0xA4, 0xDE, 0x5E, 0x47, 0x8B, 0x00, 0x71, 0x2A, 0xAB, 0xBA, 0x50, 0x9D, 0x28, 0x37,
    0xEA, 0xB4, 0x2C, 0xF4, 0xEA, 0xDD, 0x1A, 0x55, 0xDF, 0x9B, 0xA3, 0xC5, 0xA7, 0x83, 0x1B, 0xED,
    0x85, 0xBF, 0x9C, 0x2F, 0xF9, 0xD1, 0x72, 0x89, 0xA8, 0x8F, 0x15, 0xE3, 0xD2, 0xCD, 0xB2, 0xC6,
    0x14, 0x36, 0x5B, 0x65, 0x12, 0xF4, 0x5B, 0x2E, 0x9F, 0x5F, 0xCF, 0x0E, 0x74, 0xF1, 0x69, 0xDC,
    0xA2, 0x33, 0x21, 0xDF, 0xF2, 0xF7, 0xB2, 0x33, 0x27, 0x3F, 0xC0, 0xD4, 0x62, 0x59, 0x8B, 0xD8,
    0xC9, 0x50, 0x2F, 0x94, 0xAA, 0x6C, 0x01, 0xCD, 0xB1, 0xC2, 0xA0, 0x7E, 0xEA, 0x8E, 0xEB, 0x0E,
    0xC2, 0x02, 0xB9, 0x87, 0xCC, 0x96, 0xCE, 0x7D, 0xAB, 0xDB, 0xB8, 0x28, 0x6F, 0xD6, 0x0D, 0x00,
    0x3B, 0x44, 0x57, 0xA4, 0x44, 0xD4, 0xBF, 0xDC, 0x77, 0xAC, 0x8B, 0xEF, 0x61, 0xFF, 0x98, 0xD1,
    0x4F, 0xBC, 0xF5, 0xDA, 0xCE, 0x83, 0xE6, 0xD0, 0xFA, 0xEF, 0xAC, 0xFF, 0x2E, 0xD5, 0x85, 0xE4,
    0x97, 0x24, 0xCD, 0xEF, 0xED, 0xA5, 0xEA, 0x78, 0xED, 0xDA, 0x49, 0xE1, 0xC6, 0xC1, 0xC6, 0x6D,
    0x3F, 0xB9, 0x3F, 0xA9, 0xFD, 0x53, 0x3D, 0x66, 0x0F, 0x9D, 0xA7, 0x20, 0x52, 0xA4, 0x41, 0x06,
    0x99, 0x16, 0x17, 0x74, 0x48, 0x07, 0x77, 0x92, 0x77, 0x0E, 0x1C, 0xC8, 0x38, 0x47, 0xB5, 0x71,
    0x55, 0x3E, 0xB9, 0xE5, 0xA2, 0x27, 0xC2, 0xAA, 0x6C, 0x72, 0x9A, 0x3B, 0xA5, 0x3C, 0xCA, 0x94,
    0xA6, 0xDE, 0x76, 0xEA, 0xC0, 0xAC, 0x3B, 0x09, 0xFC, 0x49, 0x64, 0x7F, 0x7D, 0xF5, 0x1A, 0x88,
    0x86, 0x71, 0x21, 0xD1, 0x58, 0x00, 0x08, 0x58, 0x39, 0xAD, 0xDF, 0xA8, 0x54, 0xC3, 0xEA, 0x10,
    0x04, 0x5D, 0xB4, 0x27, 0x50, 0x8F, 0x05, 0x7A, 0x28, 0x72, 0xB2, 0x5A, 0x0E, 0x25, 0x6D, 0xE9,
    0xCA, 0xBC, 0x07, 0x3C, 0x5F, 0x5E, 0x3E, 0xCD, 0xF2, 0xD4, 0x9F, 0xD4, 0xEE, 0x24, 0xF6, 0x0E,
    0x79, 0xEA, 0x98, 0x60, 0xB2, 0x13, 0x77, 0xC9, 0xB7, 0xCC, 0x7D, 0x86, 0x7F, 0x35, 0x86, 0x1F,
    0x9A, 0x53, 0xB2, 0x1A, 0x3A, 0x90, 0x24, 0x4F, 0x70, 0xEC, 0xCD, 0xAC, 0x5B, 0x71, 0xF5, 0xAF,
    0x7C, 0xB0, 0xA4, 0xA0, 0xD2, 0x86, 0x49, 0xC9, 0x79, 0x5B, 0xDC, 0xDD, 0x81, 0xE5, 0xF7, 0x19,
    0xBE, 0xC3, 0xF0, 0x6F, 0x17, 0x07, 0x6E, 0xA4, 0x7D, 0x52, 0x28, 0xAD, 0x93, 0xF2, 0x30, 0xB2,
    0xCE, 0x61, 0x8C, 0x4F, 0xDC, 0xB5, 0x51, 0x97, 0xAB, 0x71, 0x08, 0x9A, 0x4D, 0x67, 0xBE, 0xF4,
    0x75, 0x9F, 0xCF, 0x3B, 0x7C, 0x7E, 0xC1, 0x3C, 0xE6, 0xC6, 0xF5, 0x94, 0x75, 0xEC, 0x7D, 0x45,
    0x4F, 0xE2, 0xED, 0x89, 0x0F, 0xFE, 0x4D, 0x7B, 0xE1, 0xF5, 0xFB, 0xEC, 0xFD, 0x0A, 0x7A, 0xE3,
    0xDC, 0xCA, 0x0D, 0x37, 0xD2, 0xC4, 0x3A, 0xEC, 0x9A, 0x7F, 0xEC, 0xF4, 0x46, 0x19, 0xB8, 0x93,
    0xB7, 0xCD, 0xE9, 0x93, 0x32, 0x1A, 0x3D, 0xC7, 0xFA, 0x53, 0x3C, 0x0C, 0x4F, 0xEE, 0x73, 0xFE,
    0xCE, 0x26, 0x72, 0xEB, 0x72, 0x59, 0xEB, 0xC0, 0xD8, 0xEE, 0x29, 0xA2, 0x2B, 0xFE, 0x74, 0xB3,
    0x3D, 0x45, 0x50, 0x78, 0xE3, 0x82, 0x05, 0xD7, 0xE5, 0x54, 0x07, 0x6C, 0x7F, 0x36, 0xBA, 0x5C,
    0x48, 0x68, 0x85, 0x07, 0x9B, 0x56, 0xB1, 0x73, 0xEE, 0x01, 0xD9, 0xCA, 0x22, 0x30, 0xA9, 0xF6,
    0x4A, 0xC8, 0x36, 0x5B, 0xF8, 0x63, 0x64, 0x8C, 0x9A, 0x52, 0x99, 0x03, 0x07, 0x02, 0x05, 0x71,
    0x87, 0xCE, 0x23, 0x12, 0x28, 0x1A, 0xF9, 0x08, 0x23, 0xFC, 0xEA, 0x9F, 0x1E, 0x15, 0x9E, 0x5A,
    0xB3, 0xA5, 0xD0, 0x4F, 0xE6, 0x7A, 0x5A, 0xDE, 0xBC, 0x7A, 0x6D, 0x51, 0xEF, 0x46, 0xEE, 0x05,
    0xBF, 0x6B, 0xDC, 0x55, 0x61, 0x0E, 0xE0, 0x25, 0x6C, 0x34, 0x5F, 0x45, 0x14, 0x3C, 0x21, 0x39,
    0x44, 0x78, 0x57, 0x0F, 0x1A, 0xE0, 0x20, 0x32, 0x2D, 0x52, 0x1D, 0x7B, 0xA6, 0x9C, 0xB4, 0xF4,
    0xB2, 0xE1, 0xDC, 0x79, 0xCA, 0x1E, 0x62, 0x9A, 0x28, 0x54, 0xAD, 0x9B, 0xF1, 0xD3, 0x40, 0xBF,
    0x8C, 0xB5, 0x49, 0xED, 0x0D, 0x26, 0x3C, 0x64, 0x02, 0xA5, 0x01, 0x1B, 0xF3, 0x56, 0xE1, 0xB5,
    0xB8, 0x3C, 0x1A, 0x5E, 0xC4, 0xAD, 0xE7, 0xE1, 0x47, 0xAB, 0x9D, 0x54, 0x3E, 0x2D, 0xBB, 0x4D,
    0x39, 0xEF, 0x36, 0xF5, 0x99, 0x8D, 0xBB, 0xD2, 0x12, 0xFE, 0x20, 0xCE, 0x65, 0x9E, 0x20, 0x9A,
    0x15, 0xD4, 0x9D, 0x89, 0x40, 0xC8, 0xF0, 0x13, 0xEB, 0x87, 0x85, 0x71, 0xB8, 0x8C, 0x0B, 0xC6,
    0xA2, 0xF9, 0x2E, 0x95, 0xF0, 0x83, 0xCB, 0xBB, 0xC2, 0xE1, 0x5C, 0x49, 0x95, 0x5E, 0xE3, 0x0C,
    0x89, 0xD3, 0x73, 0x91, 0x93, 0x0E, 0x97, 0xA5, 0xEA, 0x76, 0xF3, 0x21, 0xA7, 0x96, 0x9F, 0xB3,
    0x56, 0x26, 0x71, 0x2B, 0x2E, 0x73, 0xE2, 0xE0, 0x3A, 0x54, 0x72, 0xB9, 0xFC, 0x55, 0x38, 0x02,
    0x8F, 0x87, 0x57, 0x78, 0xFF, 0xFC, 0x1D, 0x74, 0x6A, 0xE4, 0x56, 0xCA, 0xE6, 0x54, 0xCB, 0x69,
    0x62, 0x04, 0x71, 0xE6, 0x24, 0xE3, 0x71, 0x74, 0x09, 0xF3, 0x49, 0x89, 0x2F, 0x27, 0x4D, 0xEA,
    0xD5, 0xA3, 0x09, 0x31, 0x8D, 0x5E, 0xF9, 0x78, 0x75, 0xE2, 0xDA, 0xC0, 0xDE, 0xBC, 0xFA, 0x0B,
    0x37, 0xCB, 0x93, 0x7B, 0xDE, 0xE8, 0x5A, 0x7A, 0xE1, 0xF6, 0x5F, 0x8F, 0x34, 0x7C, 0x5C, 0xED,
    0x29, 0x16, 0x37, 0xA3, 0x9A, 0x1B, 0x2D, 0x14, 0x7B, 0x22, 0xBD, 0x99, 0x2D, 0x0C, 0x2B, 0x72,
    0xF4, 0xB8, 0x24, 0x9F, 0x88, 0x4F, 0x29, 0x75, 0xD6, 0x49, 0xF0, 0x62, 0x7C, 0x5E, 0x4E, 0x85,
    0x6D, 0x3A, 0xE5, 0x3F, 0xC6, 0xED, 0x1E, 0x27, 0x03, 0x47, 0xEA, 0xC6, 0xB5, 0x1A, 0xBA, 0x92,
    0x8F, 0x17, 0xB7, 0xC0, 0x5C, 0xA8, 0xE7, 0x8A, 0xB9, 0xCF, 0xC7, 0x5D, 0x79, 0xDA, 0xAC, 0xE8,
    0xD4, 0x2B, 0xFE, 0x6A, 0x57, 0xDD, 0x27, 0xB3, 0xF2, 0x37, 0x1F, 0x54, 0xE9, 0xD9, 0x56, 0x4D,
    0xCE, 0x4B, 0xC6, 0xB4, 0xF7, 0xF9, 0x28, 0xB8, 0xFF, 0x4A, 0xF8, 0x9A, 0x5A, 0xB1, 0x94, 0x7C,
    0x29, 0x47, 0xD5, 0x14, 0xF5, 0x50, 0x8E, 0x0A, 0x4F, 0x4B, 0x0E, 0x21, 0x6F, 0xB2, 0xF6, 0xCB,
    0xB1, 0xD1, 0x37, 0x86, 0x6F, 0x1A, 0x11, 0x78, 0x6B, 0x8D, 0x3B, 0xF9, 0xE5, 0xAB, 0xDF, 0x96,
    0x1A, 0xCD, 0x54, 0x73, 0xA7, 0xE1, 0xCA, 0xB0, 0xBA, 0x1D, 0xBF, 0xC8, 0xA5, 0x65, 0x0D, 0x42,
    0x95, 0xEC, 0x2E, 0x5B, 0xB6, 0xB6, 0x43, 0x55, 0xAC, 0x4E, 0x4B, 0xA9, 0x93, 0xA3, 0xA2, 0x3C,
    0xAC, 0x47, 0x7D, 0xBA, 0x1E, 0x43, 0x0A, 0xBE, 0x06, 0x26, 0x22, 0x2A, 0x11, 0xE2, 0x0B, 0x46,
    0x3F, 0x35, 0x4A, 0xE2, 0xF9, 0x91, 0xD8, 0xAD, 0x3F, 0xBD, 0xF3, 0x40, 0x19, 0xFD, 0x15, 0xA3,
    0x99, 0x41, 0x8C, 0x7C, 0x5C, 0xCB, 0x1E, 0xD6, 0x40, 0x6F, 0xE6, 0x42, 0xE4, 0x2B, 0x87, 0x39,
    0xE0, 0xD0, 0xA5, 0xC9, 0x07, 0x1F, 0x64, 0x14, 0x27, 0xC7, 0xFC, 0x7F, 0x18, 0xF5, 0x41, 0x61,
    0xD6, 0x08, 0x29, 0x1F, 0xEC, 0x02, 0xA9, 0x2A, 0xD9, 0xBD, 0x3C, 0x21, 0xB4, 0x48, 0xBA, 0x0A,
    0x1A, 0x49, 0xE5, 0xFC, 0xC6, 0xD9, 0x61, 0x9E, 0x7B, 0x6C, 0xD4, 0x0F, 0xB1, 0x8E, 0x05, 0x49,
    0x77, 0x79, 0xCA, 0x2F, 0x91, 0xFB, 0xB7, 0xEF, 0xF0, 0xF8, 0x13, 0x80, 0xD4, 0x65, 0x2F, 0xFA,
    0x76, 0x6F, 0x8F, 0xF4, 0xE0, 0xDA, 0xE2, 0x11, 0x20, 0x3A, 0xC8, 0x14, 0x5C, 0xE9, 0xA2, 0xD7,
    0xC5, 0x7F, 0x0C, 0x6C, 0x78, 0x5E, 0x74, 0x57, 0x09, 0x2A, 0x84, 0x72, 0x1A, 0x69, 0xE8, 0x2E,
    0xF6, 0x33, 0xE9, 0xBA, 0x07, 0xFD, 0xF5, 0xA4, 0xB4, 0x03, 0xE7, 0xE1, 0x1A, 0xDF, 0xE6, 0x5A,
    0x6B, 0x21, 0x6D, 0xCC, 0x94, 0x5B, 0x39, 0x6B, 0xFC, 0xB4, 0x9C, 0x37, 0xDA, 0x4E, 0x3A, 0x9E,
    0xDA, 0xB5, 0x76, 0xE4, 0xCA, 0x42, 0xFD, 0x0A, 0x46, 0x15, 0x69, 0x52, 0xDD, 0x00, 0x6F, 0xA6,
    0xAC, 0x61, 0x69, 0x68, 0xF0, 0x80, 0x15, 0x99, 0x56, 0xD6, 0x42, 0x8C, 0x63, 0xEB, 0x90, 0xAF,
    0x7C, 0xBD, 0xA7, 0xBB, 0x3A, 0xD5, 0x5D, 0xFF, 0x7D, 0x3A, 0x1B, 0x58, 0x79, 0x58, 0x57, 0x0E,
    0x1E, 0xD8, 0x59, 0x97, 0x82, 0xE3, 0x2C, 0xBA, 0xB3, 0xB9, 0x76, 0xFA, 0x33, 0xEA, 0x3D, 0xDE,
    0x33, 0x57, 0xBE, 0x4A, 0x28, 0x62, 0x4F, 0x26, 0x48, 0x4B, 0x41, 0x4C, 0x0E, 0x6A, 0x08, 0x58,
    0x1B, 0xE6, 0xC0, 0xD4, 0x5D, 0x3B, 0xE4, 0xE4, 0x22, 0x39, 0xA7, 0x0E, 0x5E, 0xCE, 0x33, 0x05,
    0x97, 0xA3, 0xCB, 0x07, 0x30, 0x64, 0xBD, 0xE8, 0xD9, 0xE2, 0x92, 0x27, 0x32, 0x60, 0x97, 0x02,
    0xB0, 0xD7, 0x35, 0xD1, 0x25, 0x67, 0xEF, 0xD9, 0x86, 0x67, 0x81, 0x7D, 0xD5, 0xB6, 0x0C, 0xA8,
    0x87, 0xF6, 0xFB, 0xB6, 0x4B, 0x75, 0xF9, 0xCA, 0x5C, 0x10, 0x16, 0x44, 0xC8, 0x7F, 0xD1, 0xC9,
    0x91, 0x4E, 0x6B, 0x75, 0x77, 0xE2, 0x59, 0x58, 0xC9, 0xC5, 0x2E, 0x9D, 0x66, 0x96, 0xEA, 0x1B,
    0x69, 0x5F, 0xE5, 0xC6, 0xF6, 0x4C, 0xEC, 0x65, 0xAC, 0x67, 0xE2, 0x01, 0x46, 0x1A, 0xB3, 0xC9,
    0xE8, 0x3B, 0x14, 0x2E, 0xCB, 0xA5, 0x5E, 0x4C, 0x7D, 0xE2, 0x42, 0x95, 0xBC, 0x8F, 0xB2, 0xC8,
    0xF4, 0x48, 0xA6, 0x89, 0x57, 0xB9, 0x2F, 0x59, 0xA1, 0xA1, 0x2F, 0x3E, 0xF3, 0x01, 0x67, 0xF7,
    0x45, 0xE0, 0xD8, 0x1F, 0x9E, 0x06, 0xD7, 0xF5, 0xEA, 0x3D, 0x35, 0xFB, 0xD1, 0xBB, 0xC3, 0xB3,
    0x35, 0xEF, 0x45, 0xCD, 0x78, 0xC6, 0x2E, 0xAB, 0x5F, 0xAA, 0xD3, 0x13, 0x3A, 0x5F, 0xC8, 0x95,
    0x6E, 0xC1, 0xE7, 0x88, 0x71, 0x01, 0x7A, 0xB7, 0xC8, 0x72, 0xD2, 0xF4, 0x51, 0x08, 0xE5, 0xBB,
    0x82, 0x76, 0x2D, 0xB3, 0x15, 0x84, 0x50, 0xC4, 0xAC, 0xCA, 0x2C, 0x2D, 0x6A, 0x95, 0x5B, 0xF5,
    0xC4, 0x5D, 0x5B, 0x95, 0x5A, 0x2E, 0x55, 0xD5, 0x3A, 0xE4, 0xAA, 0xD6, 0x14, 0x49, 0x51, 0xEB,
    0xC0, 0xD5, 0xED, 0x29, 0x5D, 0x2B, 0x07, 0x5E, 0x87, 0xB5, 0xC0, 0x4A, 0x22, 0xB8, 0x69, 0xA0,
    0xB4, 0xA7, 0x6B, 0xA1, 0x02, 0xDF, 0xD2, 0xD0, 0x24, 0x76, 0x7E, 0x16, 0x92, 0x1D, 0x3B, 0x72,
    0x03, 0xE7, 0x06, 0x79, 0x3F, 0x08, 0x5F, 0x28, 0x56, 0x39, 0xB8, 0x74, 0x8B, 0xFF, 0x92, 0x7B,
    0x8E, 0x9A, 0x3D, 0x60, 0xE0, 0x18, 0xE9, 0xF2, 0x92, 0xAB, 0x17, 0x93, 0x3A, 0x2F, 0xE8, 0x36,
    0x86, 0xEC, 0x9B, 0xCB, 0xCF, 0x03, 0xC7, 0x10, 0x05, 0x37, 0xAB, 0xF3, 0x12, 0xAF, 0x41, 0x06,
    0xE5, 0x67, 0xFD, 0x21, 0xF9, 0x2B, 0x3E, 0x25, 0xB3, 0x57, 0x82, 0x0A, 0xA8, 0x5C, 0xA2, 0xCE,
    0x7C, 0xFB, 0x3E, 0x3F, 0x77, 0xF8, 0xE9, 0x15, 0xB1, 0x57, 0xC3, 0x4E, 0x09, 0x7B, 0x15, 0xEC,
    0x15, 0xF0, 0xAA, 0x7E, 0xBF, 0x4C, 0xF9, 0x7E, 0x53, 0xF9, 0xF8, 0x98, 0xC0, 0x16, 0x0D, 0xDB,
    0x29, 0xDF, 0x04, 0xB2, 0x28, 0x54, 0x78, 0xD7, 0xFD, 0xFD, 0x7D, 0xAA, 0xE9, 0x70, 0x0E, 0x96,
    0xFB, 0xFC, 0x3B, 0x53, 0x4F, 0x46, 0xC6, 0xFC, 0x16, 0x4A, 0x35, 0x73, 0xD6, 0x68, 0x36, 0xF9,
    0x24, 0x90, 0x2B, 0xB1, 0x09, 0x4A, 0xA2, 0x2C, 0x30, 0x0C, 0xC1, 0x0D, 0x6E, 0x4B, 0x15, 0x2B,
    0x01, 0xB3, 0xD0, 0x4E, 0x33, 0x2C, 0xF5, 0x9C, 0x15, 0x38, 0x22, 0x00, 0xA6, 0x1C, 0x03, 0xDB,
    0x66, 0x9D, 0x29, 0xAB, 0x4D, 0x65, 0xBE, 0x0B, 0xAF, 0xE1, 0xDC, 0xA9, 0x50, 0xEE, 0x89, 0x89,
    0x1A, 0x55, 0x14, 0x43, 0xD2, 0x2B, 0x6D, 0x4B, 0xD9, 0xEC, 0x78, 0x8C, 0xDE, 0xE7, 0x32, 0x0C,
    0xE1, 0x0D, 0x9A, 0x61, 0x25, 0x8B, 0x37, 0x4C, 0x04, 0x4F, 0x8A, 0x82, 0x38, 0x01, 0x19, 0x7D,
    0xB5, 0x45, 0x91, 0x5E, 0x0D, 0xFE, 0x08, 0x8E, 0x0A, 0x17, 0xFC, 0xC5, 0x68, 0x27, 0x38, 0x24,
    0x77, 0x67, 0x9D, 0x7C, 0x02, 0x48, 0x55, 0x57, 0x39, 0x40, 0x53, 0x1F, 0xCE, 0x46, 0x4F, 0x92,
    0x01, 0x48, 0x4D, 0x4E, 0xF2, 0x96, 0xB7, 0xDA, 0x5E, 0x46, 0xC7, 0x32, 0xB7, 0xCF, 0x66, 0xDE,
    0x11, 0x62, 0xE2, 0x23, 0x0D, 0x0D, 0x36, 0x84, 0x61, 0xC6, 0x3A, 0x1C, 0x66, 0x08, 0xBE, 0x2C,
    0x8D, 0x48, 0x11, 0x58, 0x9D, 0xAC, 0x8F, 0x8E, 0x57, 0x8E, 0xDB, 0xCE, 0x4D, 0x01, 0xA7, 0xFF,
    0x43, 0xE7, 0xB1, 0xE6, 0x55, 0xAA, 0x40, 0xE1, 0x3B, 0xDB, 0xAA, 0xC1, 0xED, 0xEB, 0xE1, 0xFD,
    0x7C, 0xB3, 0xCF, 0x7D, 0x46, 0x6B, 0x2C, 0x7B, 0xDC, 0xCF, 0x35, 0xA7, 0xB7, 0xD8, 0xFF, 0x3B,
    0x08, 0xB7, 0xA0, 0x8F, 0x41, 0x34, 0xCB, 0x22, 0x1C, 0xEE, 0x63, 0x14, 0x22, 0x0A, 0x89, 0xA8,
    0xF4, 0x3A, 0x64, 0x45, 0xD1, 0xA2, 0x80, 0x35, 0x9D, 0x54, 0xA9, 0x67, 0x93, 0x2B, 0x25, 0x98,
    0x14, 0x7D, 0xE4, 0xA3, 0x52, 0x51, 0x0E, 0x0A, 0xC3, 0xCB, 0xDE, 0x01, 0xD7, 0x5E, 0x41, 0x08,
    0x6B, 0xB0, 0x2B, 0x86, 0x6B, 0x61, 0x5B, 0x03, 0xB6, 0x5A, 0x0B, 0x98, 0x5A, 0x2D, 0xBA, 0x06,
    0x28, 0x47, 0x0C, 0x37, 0x5F, 0xB4, 0x24, 0x00, 0x3A, 0x8D, 0x25, 0xA2, 0x93, 0x06, 0xC8, 0x81,
    0xA7, 0x51, 0x6B, 0x57, 0x6A, 0xA1, 0x1D, 0xE5, 0x1C, 0x9F, 0xE5, 0x60, 0x2F, 0x81, 0xF9, 0x4D,
    0xD4, 0xB7, 0x2B, 0xC2, 0x6D, 0x76, 0x0B, 0xBA, 0x5D, 0xD8, 0xF9, 0xD8, 0x97, 0x40, 0x1D, 0x6D,
    0x19, 0xFB, 0xC0, 0x7E, 0x3A, 0x39, 0xB4, 0xFB, 0xC9, 0xE4, 0xDA, 0x9E, 0xB2, 0x5F, 0xDD, 0x5E,
    0x22, 0xF9, 0x4E, 0x79, 0xE4, 0x6F, 0x24, 0x3F, 0x0F, 0xF7, 0xB3, 0xC5, 0xE1, 0x1A, 0xBC, 0x9C,
    0xF6, 0x52, 0xC5, 0x56, 0x33, 0xC5, 0x3E, 0x51, 0x8C, 0x3C, 0x71, 0xA5, 0x69, 0xE2, 0xDF, 0xBE,
    0xCF, 0xCF, 0x1D, 0x7E, 0xBA, 0x2C, 0x25, 0x92, 0x94, 0xD5, 0x4E, 0x8E, 0x72, 0xE3, 0x5A, 0x9F,
    0xA1, 0xFC, 0x6A, 0x09, 0xCA, 0x6F, 0xE4, 0xFA, 0xBE, 0xB4, 0x53, 0x91, 0xB5, 0x53, 0x40, 0x57,
    0x0F, 0x6E, 0x5D, 0xBB, 0x04, 0x9F, 0x5B, 0xD7, 0xBE, 0x92, 0xC1, 0x07, 0xD5, 0x5F, 0xBF, 0x13,
    0x3F, 0x51, 0x15, 0x94, 0x6B, 0xFA, 0x8D, 0xE5, 0xC5, 0x25, 0x33, 0x49, 0x33, 0xED, 0x50, 0xC4,
    0x90, 0x48, 0xCB, 0xF1, 0x81, 0x7F, 0x5A, 0xFB, 0xD5, 0x6B, 0x1D, 0x2E, 0x2C, 0x4D, 0xC7, 0x98,
    0xAA, 0x16, 0x41, 0xC1, 0x98, 0x16, 0x0C, 0x82, 0x6A, 0xF9, 0x53, 0xBA, 0xB8, 0xCA, 0x36, 0xAB,
    0x79, 0xB6, 0x8D, 0xB3, 0xC7, 0x6E, 0x17, 0x84, 0xFA, 0xCC, 0x1C, 0xB8, 0xF3, 0x03, 0x5D, 0x54,
    0x34, 0xB0, 0xFB, 0x29, 0x03, 0xEF, 0x16, 0x7A, 0xF3, 0x10, 0x39, 0x6B, 0x10, 0xBB, 0xD6, 0x7B,
    0x87, 0x99, 0x96, 0xBF, 0xFA, 0x14, 0xE2, 0xC6, 0xB5, 0xC9, 0xB6, 0xC6, 0x7B, 0x27, 0x7C, 0xE3,
    0xE2, 0x37, 0x68, 0xC6, 0x6D, 0x4C, 0xD3, 0x45, 0x54, 0x84, 0x27, 0xFF, 0xE8, 0x58, 0xE3, 0x8A,
    0xB9, 0xF1, 0x6D, 0xAD, 0xF3, 0x65, 0xC7, 0x8B, 0x5A, 0xE4, 0x1C, 0x6A, 0xC9, 0x33, 0xC8, 0x06,
    0xA9, 0x88, 0xED, 0x62, 0x0B, 0x98, 0x4A, 0x98, 0x55, 0x01, 0x63, 0x9A, 0xAD, 0xC1, 0xE7, 0xD2,
    0x80, 0xE0, 0x8D, 0x02, 0xA5, 0xC4, 0xFE, 0x2D, 0xA8, 0x4A, 0x14, 0x71, 0xA5, 0x6B, 0x68, 0x86,
    0x35, 0x95, 0x8A, 0xCE, 0x14, 0x0B, 0x07, 0x35, 0xFF, 0xD2, 0xFD, 0x23, 0x3B, 0x04, 0xAD, 0xA5,
    0x64, 0xC1, 0xB5, 0x2B, 0xFB, 0xF5, 0x2B, 0x81, 0x2F, 0xB0, 0xD8, 0xF8, 0x08, 0x47, 0xBA, 0xB8,
    0xF4, 0xB5, 0x4C, 0x9B, 0xF2, 0x12, 0x74, 0xBA, 0x64, 0xA5, 0x9E, 0x40, 0xB0, 0x1D, 0x86, 0x2C,
    0xD4, 0x1D, 0x8F, 0xAD, 0x8B, 0x49, 0x6C, 0xAC, 0xF3, 0xE0, 0xE5, 0xC4, 0x95, 0xA9, 0x2E, 0xCE,
    0x31, 0x12, 0x85, 0xA7, 0x8F, 0x4A, 0x27, 0xB7, 0xB3, 0x28, 0x9B, 0xDC, 0xDE, 0xA2, 0x7C, 0xDC,
    0x28, 0x47, 0xF3, 0xD1, 0xCD, 0x53, 0x3E, 0x44, 0x4A, 0x35, 0x6A, 0xC6, 0x27, 0xB7, 0x61, 0xAC,
    0xB4, 0x8E, 0x9C, 0x54, 0x8B, 0xF5, 0xB5, 0x8A, 0x95, 0xEB, 0x8D, 0xD3, 0x1D, 0x32, 0x65, 0xAC,
    0x27, 0x95, 0xD1, 0xAD, 0x4F, 0x3F, 0xD1, 0xDD, 0x52, 0x91, 0x7D, 0x7A, 0x0E, 0xB5, 0x04, 0x74,
    0xE3, 0xA7, 0xD4, 0x85, 0xE3, 0x92, 0x25, 0x52, 0x56, 0x26, 0x73, 0x60, 0xC9, 0x3F, 0x19, 0x81,
    0xFA, 0x74, 0xA9, 0x0F, 0x46, 0xB8, 0x8A, 0xF2, 0x73, 0xBE, 0xA6, 0xFC, 0x0F, 0xFC, 0x36, 0xB6,
    0xBC, 0x75, 0x72, 0x56, 0xFB, 0x9D, 0x0D, 0xB5, 0xC7, 0x21, 0xB9, 0x07, 0x26, 0xDB, 0xD2, 0x6A,
    0xF7, 0xDA, 0x68, 0x9F, 0x95, 0x76, 0xB0, 0xDD, 0x14, 0xA7, 0x79, 0x76, 0xC6, 0x42, 0xFC, 0xAE,
    0x2B, 0x57, 0xD4, 0xAB, 0x35, 0x30, 0xA7, 0x17, 0xA3, 0x12, 0x59, 0x8F, 0x19, 0xD3, 0xB3, 0x75,
    0xEF, 0xAA, 0x6B, 0x4B, 0x4E, 0x25, 0x36, 0x4D, 0x34, 0xAC, 0xDB, 0x46, 0x05, 0x3F, 0xEA, 0xFD,
    0x59, 0xC3, 0x9F, 0xB2, 0x76, 0x3F, 0x63, 0xE9, 0x3E, 0x4A, 0x9C, 0x27, 0x68, 0x37, 0xD1, 0x46,
    0xA2, 0x1C, 0x04, 0xEC, 0x49, 0x1F, 0x42, 0x75, 0xDD, 0x47, 0xD8, 0x04, 0xD3, 0x6F, 0xEC, 0x70,
    0xAE, 0x1E, 0xD2, 0xEB, 0xC3, 0x8B, 0xF5, 0x5C, 0x3F, 0x67, 0xA7, 0xD2, 0x2E, 0x29, 0x54, 0xE8,
    0x98, 0xD8, 0x3E, 0x43, 0x41, 0x74, 0x83, 0xED, 0x01, 0x33, 0x15, 0xCE, 0xA5, 0x1D, 0x64, 0x91,
    0x15, 0xAE, 0x46, 0xD8, 0x57, 0x3C, 0x86, 0x5E, 0x5A, 0xD6, 0x68, 0xB8, 0xEA, 0x24, 0x4D, 0xA3,
    0xA4, 0x7B, 0xC5, 0x13, 0x77, 0xEF, 0xE8, 0x82, 0xD3, 0xA1, 0x6F, 0xD5, 0x45, 0x44, 0xDD, 0x26,
    0xFD, 0xD4, 0xAA, 0x38, 0xB0, 0x76, 0xB6, 0xAC, 0x90, 0xD2, 0x11, 0x3E, 0x04, 0x6F, 0xDC, 0x82,
    0x97, 0xEE, 0xB6, 0x71, 0x6D, 0x6E, 0x84, 0x05, 0x83, 0xB1, 0x1D, 0x84, 0x17, 0xD5, 0xD7, 0xA4,
    0x27, 0x98, 0xE8, 0xD0, 0x0C, 0xB0, 0x4E, 0xE6, 0xE1, 0xE0, 0x6C, 0xAB, 0x70, 0xB7, 0x8D, 0x25,
    0xAB, 0x32, 0xDA, 0x63, 0x96, 0xB3, 0xBF, 0x4F, 0xDF, 0xE8, 0x97, 0xBA, 0x1F, 0x11, 0x0B, 0xE9,
    0x05, 0xEC, 0xA9, 0xB9, 0x07, 0x46, 0xE1, 0xF1, 0xA4, 0x46, 0xF9, 0xA9, 0xA3, 0xBE, 0xA0, 0x5F,
    0xDC, 0xD4, 0x5C, 0x5D, 0x88, 0xDB, 0xE5, 0xEE, 0x88, 0x3D, 0x86, 0xD9, 0xBF, 0x4D, 0x6B, 0xB2,
    0x29, 0x56, 0x7D, 0xF4, 0xC2, 0xDD, 0x3B, 0x3A, 0xD4, 0x54, 0x5F, 0x56, 0x0F, 0x31, 0x25, 0x5A,
    0xB0, 0x27, 0x30, 0x54, 0x44, 0x38, 0xBA, 0x05, 0xCA, 0xCE, 0x02, 0x81, 0x60, 0x32, 0x3B, 0x98,
    0x8A, 0x86, 0x5B, 0x2C, 0x63, 0xD4, 0xFD, 0x88, 0xDA, 0x10, 0xFA, 0xE2, 0x45, 0xFC, 0x71, 0x50,
    0x28, 0x06, 0xA5, 0xC9, 0xB0, 0xFB, 0x28, 0x76, 0x1B, 0xF3, 0x04, 0x45, 0x95, 0x2C, 0x69, 0xE9,
    0x48, 0x29, 0xEC, 0x24, 0x36, 0x1B, 0x41, 0xBB, 0x83, 0x5A, 0xA1, 0xA1, 0x02, 0xBD, 0x62, 0x74,
    0xDB, 0x7A, 0xC8, 0x84, 0xB3, 0x69, 0x27, 0x34, 0xFF, 0xCC, 0xFE, 0x99, 0x6D, 0x4B, 0xEC, 0x38,
    0xB2, 0x08, 0x48, 0x4C, 0x34, 0xF6, 0x19, 0xB6, 0x27, 0x09, 0x59, 0x30, 0x4C, 0x0C, 0x38, 0x5D,
    0xF6, 0xA1, 0x01, 0xD0, 0x4F, 0x04, 0x10, 0x59, 0x66, 0x20, 0xB0, 0x17, 0x04, 0x07, 0x3B, 0x94,
    0xE0, 0x64, 0x5C, 0x6C, 0xAC, 0x9A, 0x3D, 0x67, 0x3F, 0x98, 0xD6, 0xA1, 0x6A, 0x67, 0xF6, 0x98,
    0x05, 0x57, 0x3C, 0x70, 0xBE, 0x84, 0xCE, 0x84, 0x3C, 0x95, 0x4E, 0xAE, 0x59, 0xDD, 0x00, 0x9A,
    0x59, 0x6E, 0x44, 0xE1, 0xBE, 0xF4, 0xD9, 0xEC, 0xFA, 0xC4, 0xB4, 0xA4, 0x76, 0xBD, 0x99, 0x55,
    0x4A, 0xDC, 0x3A, 0x41, 0x4D, 0xCA, 0xDD, 0xAA, 0xF3, 0xBA, 0x7B, 0x7B, 0xE7, 0xF5, 0x37, 0x7E,
    0xF3, 0x77, 0xB4, 0x78, 0x45, 0xAC, 0xC0, 0x48, 0x31, 0xC4, 0x5A, 0x7A, 0xAE, 0xD5, 0x69, 0xDF,
    0xDB, 0xDF, 0xCF, 0x72, 0xF9, 0xD4, 0x78, 0xC5, 0x10, 0x7F, 0x6E, 0xB1, 0x85, 0xB1, 0xEC, 0xB1,
    0x07, 0xB6, 0x97, 0x3B, 0x4B, 0xA4, 0x15, 0x64, 0x32, 0xC4, 0x6A, 0x17, 0x9C, 0x9B, 0xFC, 0x53,
    0x21, 0x90, 0xBB, 0xFD, 0x6A, 0x8D, 0x0A, 0x55, 0x24, 0x39, 0x84, 0x50, 0x27, 0x05, 0x6C, 0x79,
    0x55, 0xCE, 0x17, 0x59, 0x85, 0x74, 0xFB, 0xF1, 0x72, 0xCB, 0xFA, 0xE8, 0x77, 0x3E, 0x70, 0x64,
    0x2C, 0x33, 0x23, 0x33, 0xB9, 0x3A, 0xD0, 0xAD, 0x86, 0xAF, 0x86, 0xFD, 0x3A, 0xF9, 0xAF, 0x95,
    0xF0, 0x73, 0xDE, 0xA9, 0x66, 0x42, 0x98, 0xF1, 0x08, 0x82, 0x6D, 0xFB, 0xF7, 0xBD, 0x4C, 0x00,
    0x36, 0x92, 0x62, 0x9B, 0x4C, 0xD6, 0x0B, 0xB7, 0x37, 0x95, 0x79, 0xED, 0x2E, 0xA0, 0x39, 0x98,
    0x84, 0x96, 0x78, 0xE1, 0xFA, 0x97, 0x15, 0x96, 0x2C, 0xD8, 0xE9, 0x37, 0x09, 0x0E, 0x0A, 0xAF,
    0x84, 0xB7, 0x16, 0xD9, 0x7C, 0x7D, 0x12, 0xF1, 0x88, 0xE1, 0x46, 0x6D, 0x00, 0x8A, 0x40, 0x17,
    0x79, 0x36, 0x31, 0xF3, 0x25, 0x17, 0x3D, 0xEE, 0xA9, 0x2B, 0x0E, 0x6D, 0x9F, 0xDB, 0xBE, 0xE4,
    0x7F, 0x02, 0x48, 0x59, 0x9C, 0x6D, 0x00, 0x64, 0xAD, 0x5B, 0x1F, 0xB1, 0x42, 0x31, 0xC0, 0x19,
    0x0B, 0x54, 0x3A, 0xC8, 0xC7, 0xC7, 0xF3, 0x65, 0xCE, 0xA9, 0xB4, 0x64, 0xA2, 0xD2, 0x45, 0xD7,
    0xB8, 0x46, 0x9E, 0x26, 0x9F, 0x21, 0x89, 0x74, 0x46, 0xD7, 0x65, 0xCD, 0xD5, 0xCB, 0x65, 0x87,
    0xCB, 0xDE, 0x3C, 0x43, 0xFE, 0x0A, 0x6C, 0x8C, 0xEB, 0x5D, 0x41, 0x67, 0xB9, 0x1E, 0x14, 0xED,
    0x71, 0xE5, 0x41, 0x59, 0x73, 0x6B, 0x68, 0xA8, 0x20, 0x95, 0x00, 0xD5, 0xD5, 0x46, 0xAA, 0x0A,
    0x21, 0x5C, 0xE2, 0x03, 0x33, 0xD5, 0x23, 0x8F, 0xBB, 0x7D, 0xCF, 0x39, 0x8B, 0xEF, 0x34, 0xF4,
    0xDA, 0xE9, 0xAF, 0x55, 0x38, 0xB2, 0x99, 0xDF, 0xE1, 0xEC, 0x34, 0x4C, 0xDE, 0x20, 0x8B, 0x58,
    0xFE, 0xCB, 0x18, 0xD8, 0x68, 0x8A, 0xE6, 0x60, 0x4E, 0x06, 0x33, 0xC7, 0x2D, 0x76, 0x89, 0x6C,
    0xE9, 0x3C, 0x64, 0xC8, 0xB4, 0x27, 0x7D, 0x4A, 0x68, 0xAF, 0x14, 0x02, 0x08, 0x68, 0x4E, 0x9F,
    0xD4, 0xB9, 0xBD, 0xA0, 0x7E, 0x17, 0xA8, 0xDF, 0xF8, 0x49, 0xB2, 0x40, 0x15, 0x88, 0xCA, 0xB9,
    0xA1, 0xAF, 0x23, 0x45, 0x24, 0xE8, 0x6D, 0xF9, 0x17, 0x59, 0x5A, 0x98, 0xA7, 0xC1, 0x7B, 0xE9,
    0x20, 0x9E, 0xC5, 0x20, 0x04, 0xAF, 0x05, 0xB7, 0xEE, 0xFD, 0xFF, 0xDA, 0x98, 0x16, 0x16, 0x58,
    0xB6, 0x49, 0x8B, 0xFA, 0x4A, 0x91, 0x66, 0x4A, 0xF8, 0xBC, 0xA6, 0xBF, 0x22, 0x97, 0x5A, 0xEF,
    0x8C, 0xC6, 0x78, 0x85, 0x0A, 0x76, 0xFD, 0xC7, 0xCE, 0xDB, 0x59, 0xD6, 0x1F, 0x4C, 0xC8, 0x7E,
    0x63, 0xD5, 0x3D, 0x2F, 0x68, 0xD2, 0x2A, 0x35, 0xB4, 0x81, 0x3D, 0x39, 0xE6, 0x1E, 0xCA, 0x0D,
    0xCD, 0xA1, 0x74, 0x97, 0x60, 0xAB, 0x24, 0xCC, 0x57, 0xC4, 0xBA, 0x5A, 0x39, 0x32, 0xCC, 0x80,
    0x95, 0x20, 0xCB, 0x90, 0x21, 0x06, 0x1C, 0x13, 0x6E, 0x22, 0xCF, 0x68, 0x74, 0x45, 0xEF, 0x89,
    0xC3, 0x88, 0x29, 0x5A, 0x10, 0x4F, 0xCF, 0xD9, 0x7D, 0x6A, 0x5D, 0x5C, 0x7B, 0x58, 0x0B, 0xBE,
    0x5C, 0x08, 0x7B, 0xD3, 0x11, 0xD8, 0x4D, 0x71, 0xEB, 0x80, 0x5D, 0xF0, 0x95, 0x81, 0x9D, 0xCC,
    0xC2, 0x05, 0x99, 0x86, 0x2E, 0x86, 0xB7, 0x0F, 0x2B, 0x2E, 0x73, 0x60, 0xB1, 0x9E, 0x3E, 0xE3,
    0x62, 0xFF, 0xF8, 0x04, 0x2E, 0xAC, 0x6D, 0x00, 0x04, 0x2C, 0x97, 0xD7, 0xCC, 0x15, 0x36, 0x72,
    0x91, 0xF5, 0x5C, 0x67, 0x5D, 0x84, 0x1D, 0xC4, 0x00, 0x16, 0xBA, 0xDD, 0x58, 0x97, 0x9D, 0x5B,
    0x79, 0xD6, 0xED, 0x21, 0x4E, 0xA7, 0xDF, 0x17, 0xD5, 0x90, 0x2D, 0x60, 0xA6, 0xB8, 0xA4, 0x39,
    0xA4, 0x67, 0xC2, 0x16, 0x4B, 0x79, 0x56, 0xEF, 0x12, 0x92, 0xC1, 0x16, 0x12, 0xA9, 0x07, 0x94,
    0xDE, 0xEA, 0x38, 0xE9, 0x6E, 0x41, 0x17, 0xC8, 0x2F, 0x56, 0xBF, 0xC3, 0xFD, 0x08, 0x4B, 0x7C,
    0xA6, 0x02, 0xD3, 0x3A, 0x0C, 0x65, 0x5C, 0x46, 0x57, 0x90, 0x1B, 0x81, 0x81, 0x3A, 0xE0, 0xCD,
    0x56, 0xF2, 0x74, 0x80, 0x0D, 0x6E, 0xDC, 0x97, 0x23, 0x14, 0x8D, 0xCC, 0x14, 0x12, 0xDD, 0x45,
    0x89, 0xCD, 0x5D, 0x45, 0x3D, 0xF8, 0x39, 0x3A, 0x35, 0x53, 0xC3, 0xCE, 0x4C, 0x21, 0x67, 0xB0,
    0x9D, 0xA9, 0x99, 0x8E, 0x36, 0x37, 0xC2, 0x91, 0xCC, 0x35, 0xD9, 0xB0, 0xEB, 0x38, 0xE9, 0xD6,
    0x07, 0xE2, 0xB8, 0x60, 0xC7, 0x71, 0x72, 0x71, 0x92, 0x71, 0xC7, 0x71, 0x2A, 0xCE, 0x74, 0x9C,
    0xEE, 0xBE, 0xD1, 0x15, 0xDB, 0x7D, 0xD8, 0xF5, 0x69, 0xC7, 0x29, 0xF9, 0x5C, 0x1D, 0x27, 0x6C,
    0xAB, 0x13, 0x0A, 0x2A, 0x40, 0x14, 0x80, 0xF8, 0x37, 0x6E, 0x09, 0x8B, 0xDE, 0x6D, 0xE3, 0x8A,
    0x87, 0x90, 0xE5, 0x72, 0x11, 0x1D, 0xA7, 0xA4, 0xDF, 0x77, 0x9C, 0x46, 0xD6, 0xDE, 0x9C, 0xBF,
    0x8D, 0xE3, 0x74, 0xB7, 0x8D, 0x25, 0xAD, 0xB0, 0xAA, 0xEA, 0x4E, 0x7F, 0x13, 0x89, 0x8E, 0xD3,
    0xFB, 0x4C, 0xEC, 0xD0, 0x71, 0x72, 0x3F, 0x35, 0x72, 0xD7, 0x8F, 0xE2, 0x51, 0xBF, 0xD1, 0x37,
    0x52, 0xCB, 0xD0, 0xF8, 0x12, 0xEE, 0xDA, 0xDC, 0xFE, 0x77, 0x1D, 0x1E, 0xBB, 0x7A, 0xF5, 0xEA,
    0xCF, 0x77, 0xBF, 0xD7, 0xFA, 0xBD, 0x66, 0xB7, 0x17, 0x8D, 0x72, 0x3D, 0xE8, 0x13, 0x84, 0x97,
    0x58, 0x8B, 0x1C, 0x6A, 0x30, 0xEE, 0x3F, 0x7A, 0x1F, 0xED, 0x0B, 0xED, 0x4D, 0x2D, 0xF6, 0xE2,
    0x46, 0x09, 0xA8, 0xB7, 0x99, 0xBA, 0x89, 0x41, 0xDD, 0x81, 0xD5, 0xCB, 0xB5, 0xB8, 0x1F, 0x88,
    0x3A, 0xB7, 0xD9, 0x75, 0x00, 0x99, 0xA6, 0x4E, 0x90, 0x6A, 0x7B, 0x77, 0x4A, 0x11, 0x72, 0x7E,
    0xAF, 0x63, 0x04, 0x9A, 0xDC, 0x81, 0xB7, 0x52, 0xF7, 0xCC, 0x69, 0x72, 0x8F, 0x67, 0xAB, 0xFB,
    0x21, 0xBA, 0x84, 0xBF, 0x85, 0xB3, 0xD8, 0x45, 0xE3, 0x81, 0x08, 0x11, 0x5F, 0x63, 0xA8, 0xF4,
    0x6D, 0x5D, 0x4E, 0xDF, 0x3B, 0x23, 0x83, 0x86, 0xA2, 0x0D, 0x37, 0xF4, 0x62, 0x37, 0x53, 0xE1,
    0xF6, 0x2E, 0x94, 0x7B, 0x55, 0xF1, 0x1B, 0xBB, 0x57, 0x66, 0xE3, 0xEE, 0x38, 0xA3, 0x44, 0xE1,
    0x60, 0x8D, 0xA7, 0x66, 0x23, 0x6D, 0x74, 0xDD, 0xD3, 0x34, 0x5A, 0xD7, 0x74, 0xFC, 0x19, 0x0A,
    0x0A, 0x51, 0x4B, 0x76, 0x12, 0x80, 0x61, 0xD0, 0x30, 0xD9, 0x21, 0xAC, 0x03, 0x30, 0x0A, 0xDD,
    0x25, 0x75, 0x3C, 0xE9, 0x79, 0x2E, 0xE4, 0x5C, 0xAE, 0x00, 0xA3, 0x56, 0x8C, 0x61, 0x09, 0x33,
    0xC4, 0x15, 0x3E, 0x27, 0x12, 0x91, 0x7C, 0x3C, 0x65, 0xB2, 0xEA, 0xEA, 0xF7, 0xF8, 0xEB, 0x16,
    0x02, 0x57, 0xF1, 0xD3, 0x4F, 0xD3, 0x86, 0xDB, 0x1A, 0xFA, 0x98, 0x31, 0xF9, 0x82, 0x1A, 0x73,
    0xEB, 0x4D, 0x3F, 0xB8, 0x57, 0xEF, 0xA2, 0xFB, 0xF4, 0x8C, 0xDF, 0x02, 0x55, 0xED, 0x8C, 0xDA,
    0x55, 0x1F, 0xB9, 0x32, 0x74, 0x55, 0xC4, 0xBA, 0x9F, 0xFC, 0x0C, 0x3D, 0x7B, 0x2F, 0xB1, 0x40,
    0x63, 0x57, 0xBE, 0x44, 0xC5, 0xBA, 0x9D, 0xE1, 0xE3, 0x4E, 0x9E, 0x2A, 0xFB, 0x4C, 0x4B, 0xC9,
    0x1A, 0xDD, 0xAD, 0xC3, 0x25, 0x23, 0x5E, 0x0A, 0x78, 0x16, 0x74, 0xF8, 0x79, 0xB5, 0x7B, 0x75,
    0xEC, 0x59, 0x41, 0xB3, 0x6A, 0x1B, 0x55, 0x07, 0xEF, 0xEC, 0x35, 0x4F, 0x51, 0xCC, 0xFF, 0x5A,
    0xFE, 0xDD, 0xE6, 0x75, 0x0F, 0x49, 0xB9, 0xCF, 0xEB, 0xA6, 0xC5, 0xAE, 0xF4, 0x6A, 0x3C, 0x28,
    0xF0, 0xD2, 0x5E, 0x6C, 0xE1, 0xAA, 0xC3, 0x12, 0x0E, 0x4C, 0xF8, 0xDB, 0xCE, 0x10, 0x73, 0xC3,
    0x1F, 0x86, 0x31, 0xC7, 0x23, 0x54, 0x05, 0x1C, 0x32, 0x0B, 0x1D, 0x6E, 0x91, 0x74, 0x40, 0xC3,
    0x1F, 0xC6, 0xB2, 0x05, 0x94, 0x1D, 0x7E, 0xE6, 0x68, 0x5A, 0x1B, 0x61, 0x44, 0xC6, 0xCC, 0x7F,
    0xA3, 0x7B, 0xFF, 0x1B, 0x42, 0x00, 0xDB, 0x70, 0x73, 0x0D, 0xAB, 0x69, 0x41, 0x9E, 0x2A, 0xE8,
    0xF7, 0xB5, 0xA4, 0xF1, 0x03, 0xAD, 0x31, 0xF9, 0x77, 0x2D, 0x85, 0xBD, 0x3E, 0xEC, 0x24, 0xAA,
    0xDC, 0x76, 0xB6, 0xDC, 0xEE, 0xED, 0x21, 0x1A, 0xDD, 0xC6, 0xD1, 0xBD, 0x25, 0x4D, 0x5E, 0xD0,
    0x09, 0xC8, 0x0B, 0x0D, 0xBA, 0x68, 0x72, 0xC3, 0x25, 0x79, 0x6A, 0x15, 0x7C, 0xD7, 0xE1, 0xC6,
    0x6F, 0x56, 0x37, 0xBA, 0x57, 0xE8, 0xD8, 0xA5, 0x69, 0x5D, 0xB6, 0x91, 0xCD, 0xE1, 0x35, 0xB7,
    0x0D, 0xD5, 0xF1, 0xCF, 0xAE, 0x15, 0xF4, 0x6B, 0x44, 0x7B, 0xE7, 0x37, 0x68, 0x2E, 0x33, 0x63,
    0xC0, 0x8B, 0xF2, 0x9E, 0x7B, 0x57, 0xC4, 0xF9, 0x65, 0xDD, 0xE9, 0x7F, 0x31, 0x17, 0x53, 0x5F,
    0xFF, 0x0D, 0xB3, 0x41, 0x62, 0x5C, 0x7B, 0xE6, 0xDF, 0xD8, 0x4C, 0x86, 0x25, 0x15, 0x08, 0xA9,
    0x31, 0x0D, 0xC9, 0x22, 0x8B, 0xD6, 0x30, 0xB1, 0xD6, 0x04, 0x8C, 0x94, 0x15, 0x21, 0x93, 0x42,
    0x46, 0x7F, 0x99, 0xE7, 0xD4, 0x4F, 0xF2, 0x40, 0x7F, 0xA7, 0xFC, 0xC5, 0x12, 0xFF, 0x83, 0x1B,
    0x6A, 0x2E, 0xD1, 0xB0, 0x10, 0xE3, 0x26, 0xF9, 0x58, 0xF6, 0x17, 0x76, 0x39, 0xE6, 0x9A, 0x4E,
    0x85, 0xA4, 0xDD, 0xD9, 0xBE, 0x98, 0x6A, 0x46, 0x23, 0xD7, 0x44, 0x9C, 0xE3, 0xE0, 0xD1, 0x91,
    0xCF, 0x33, 0x2A, 0x62, 0x70, 0x90, 0x41, 0x31, 0x83, 0x07, 0x0D, 0x0E, 0x35, 0xDC, 0x16, 0x36,
    0x7C, 0x53, 0x44, 0xEA, 0xFF, 0x00, 0xED, 0x5D, 0x3F, 0xB0, 0xE5, 0x56, 0x79, 0x3F, 0x92, 0x76,
    0xDF, 0xC5, 0xBE, 0x43, 0xB4, 0x85, 0x77, 0x86, 0xD8, 0x49, 0x44, 0x91, 0x22, 0xF1, 0x18, 0xAB,
    0x49, 0x41, 0x43, 0x24, 0x60, 0x26, 0xB4, 0x5B, 0xEC, 0x56, 0x14, 0x50, 0xD0, 0x84, 0x4C, 0x66,
    0x1B, 0x0A, 0x32, 0x13, 0xD0, 0x25, 0x99, 0x09, 0x45, 0x0A, 0xB6, 0x4F, 0xB3, 0x05, 0x45, 0x78,
    0x2E, 0x36, 0x85, 0x0B, 0x32, 0x13, 0x5B, 0x9A, 0xA4, 0x48, 0x91, 0x82, 0x4B, 0x18, 0x86, 0xD2,
    0x37, 0x60, 0x43, 0xB0, 0x0B, 0xCB, 0x58, 0x9E, 0x68, 0xD7, 0xBA, 0x3A, 0xF9, 0xBE, 0xDF, 0xEF,
    0x3B, 0x92, 0xEE, 0xFB, 0xB3, 0x5E, 0x0F, 0x06, 0xDE, 0xFE, 0x79, 0xF3, 0x9E, 0x8E, 0x76, 0xAF,
    0xAE, 0x74, 0xCE, 0xF7, 0xEF, 0x7C, 0xFF, 0xE5, 0x9C, 0x73, 0xC7, 0xC7, 0xDF, 0x73, 0xFA, 0x13,
    0x7B, 0xEF, 0x37, 0x7A, 0x92, 0xC8, 0x49, 0x19, 0x4E, 0xF0, 0x51, 0x14, 0xAE, 0xB9, 0xEF, 0xCF,
    0x4D, 0x1B, 0x63, 0x7E, 0xDB, 0xB9, 0x35, 0xEF, 0xE7, 0x5C, 0xE6, 0x1B, 0x9E, 0x14, 0xE1, 0xA4,
    0xF6, 0x5B, 0x9E, 0x78, 0x3B, 0x91, 0xA7, 0xEF, 0x70, 0xB2, 0xDA, 0xD7, 0x2D, 0x4E, 0xD2, 0xA1,
    0xE2, 0x49, 0xD6, 0xD9, 0x49, 0xB1, 0x2B, 0x3A, 0x7E, 0xBB, 0x29, 0x7A, 0xCC, 0xCB, 0x6F, 0x8A,
    0x81, 0x33, 0x75, 0x3C, 0x59, 0x8D, 0x2E, 0x1F, 0xF8, 0x6D, 0x97, 0xED, 0xF5, 0x24, 0xEF, 0x5C,
    0x36, 0xF2, 0xD9, 0xB6, 0x1C, 0x6F, 0x27, 0x51, 0x38, 0x49, 0xFC, 0x9B, 0xC7, 0x77, 0x74, 0xD2,
    0x6B, 0x6F, 0x93, 0x96, 0x6F, 0xBB, 0x95, 0xCE, 0x35, 0xEF, 0xED, 0x44, 0xA7, 0x90, 0xC8, 0x49,
    0xE4, 0xE5, 0xE4, 0x39, 0x7F, 0xD7, 0xE5, 0x02, 0x24, 0xBD, 0x43, 0x29, 0xF7, 0x2D, 0x01, 0xB2,
    0x4A, 0x6E, 0xB6, 0x0A, 0x20, 0xE3, 0x22, 0xF5, 0x9B, 0x3E, 0x1C, 0x37, 0xF8, 0x9F, 0xF2, 0x2C,
    0xD0, 0x5D, 0xC6, 0xFF, 0xD6, 0x7D, 0xDE, 0xEA, 0x1D, 0x04, 0x00, 0x99, 0x57, 0xC0, 0x54, 0xF8,
    0xAE, 0xEF, 0xD6, 0xBE, 0x49, 0xF4, 0xB7, 0x5C, 0xE9, 0xAF, 0x4B, 0xBD, 0xCE, 0x54, 0x96, 0x97,
    0x62, 0xB5, 0xE9, 0xDE, 0x09, 0x38, 0xE4, 0xA4, 0xEA, 0x14, 0x0A, 0x75, 0xE7, 0x6A, 0x39, 0xB6,
    0xCE, 0xF7, 0x72, 0x4C, 0x7C, 0xE7, 0x7C, 0xBB, 0xF6, 0xDD, 0xA5, 0xBA, 0xCB, 0x5E, 0xEB, 0xFE,
    0xB6, 0xDE, 0xD7, 0x5F, 0xF2, 0x43, 0xE5, 0xC7, 0xCC, 0x0F, 0x85, 0xEF, 0x53, 0xDF, 0xE6, 0x7E,
    0x97, 0xFA, 0x66, 0x2D, 0x77, 0x16, 0x78, 0x5D, 0xC3, 0xEF, 0xF2, 0xE7, 0xEB, 0x2E, 0xC2, 0xE4,
    0xA2, 0xC1, 0xAD, 0x70, 0x12, 0xCB, 0x43, 0x79, 0xE2, 0xDF, 0x34, 0xF2, 0xF0, 0x7E, 0x08, 0x2B,
    0x6E, 0x03, 0xC6, 0x37, 0x4F, 0x08, 0xE6, 0x43, 0x10, 0xCC, 0x27, 0x9C, 0x93, 0xDB, 0x7D, 0xC3,
    0x45, 0x4A, 0x2A, 0x6E, 0xAD, 0xC7, 0x1F, 0x56, 0x1B, 0x3C, 0x1A, 0x33, 0xD1, 0x99, 0xA5, 0x5C,
    0xF0, 0x8D, 0x87, 0x80, 0x78, 0x9E, 0x60, 0x76, 0x29, 0x0A, 0xA2, 0xD1, 0xC0, 0xB1, 0xEE, 0xEC,
    0x24, 0xB3, 0x25, 0xBB, 0xA2, 0x09, 0xB2, 0x62, 0x3A, 0x79, 0xC3, 0x60, 0x58, 0x05, 0xB8, 0xE4,
    0x01, 0x52, 0x47, 0xE3, 0xC5, 0x41, 0xB7, 0x07, 0xAE, 0x01, 0xDF, 0x18, 0x28, 0x59, 0x03, 0x67,
    0x29, 0xA6, 0x9A, 0xE1, 0x98, 0xEF, 0x38, 0xFB, 0x2D, 0x68, 0xB7, 0xA1, 0xE8, 0x20, 0xC5, 0xDA,
    0xC2, 0x4C, 0x7A, 0x94, 0x0B, 0x0A, 0xA9, 0xF0, 0xAF, 0xD8, 0xE3, 0xCA, 0xD4, 0x03, 0x60, 0x29,
    0xB0, 0xE7, 0x9E, 0x3E, 0x4B, 0x74, 0x3E, 0xEB, 0x6F, 0xCD, 0x7B, 0x97, 0x20, 0x42, 0x70, 0x02,
    0x64, 0x02, 0x38, 0x3A, 0x64, 0xFE, 0x75, 0xA1, 0x16, 0xDC, 0x57, 0x06, 0x15, 0x54, 0xC5, 0x36,
    0x56, 0xCC, 0x15, 0xCD, 0x4A, 0xA7, 0x56, 0xC8, 0x53, 0xE4, 0xAB, 0x57, 0x64, 0x28, 0x39, 0x5F,
    0x22, 0x66, 0x5C, 0x0E, 0xD5, 0x7E, 0x39, 0xD4, 0x67, 0x0E, 0x76, 0xA5, 0x7E, 0xFD, 0x63, 0x42,
    0x61, 0x72, 0xCF, 0xCF, 0xC8, 0xB0, 0x55, 0xEC, 0xE7, 0x42, 0x24, 0x8A, 0x02, 0x9D, 0xD1, 0x20,
    0x2B, 0x95, 0x9F, 0x0E, 0x73, 0xD6, 0x09, 0x08, 0xE2, 0xF4, 0xAB, 0x2B, 0xA3, 0xFA, 0xCB, 0xD7,
    0x6D, 0x65, 0xBA, 0xAE, 0x48, 0x69, 0x3B, 0xD1, 0x07, 0xAC, 0xF5, 0x00, 0x32, 0x06, 0xBD, 0xD7,
    0x7A, 0xAD, 0x3E, 0x83, 0xB4, 0x05, 0x30, 0x5D, 0x39, 0x00, 0x4C, 0x74, 0xCD, 0xA0, 0x99, 0xE8,
    0x53, 0x32, 0xBD, 0x7B, 0xA5, 0x07, 0xDF, 0x55, 0x4A, 0x20, 0xAB, 0x52, 0x29, 0x5C, 0xA9, 0x42,
    0x6E, 0xAB, 0x68, 0x04, 0xD3, 0xE0, 0xDE, 0x95, 0xDE, 0x0D, 0x9C, 0x87, 0x03, 0x70, 0x20, 0x84,
    0x92, 0x82, 0x54, 0xE4, 0x26, 0x77, 0xBC, 0x32, 0x90, 0xAE, 0x4A, 0xA8, 0x26, 0xD5, 0xBB, 0xC7,
    0x90, 0x4F, 0x57, 0xCB, 0xA5, 0x3C, 0x12, 0x30, 0x93, 0xAB, 0x3B, 0x72, 0xE5, 0x9E, 0xDC, 0x0F,
    0xE8, 0x56, 0xEF, 0xE8, 0xD4, 0x63, 0xDF, 0x54, 0x42, 0x15, 0xEB, 0x11, 0xF4, 0x12, 0xBF, 0xEE,
    0x8E, 0x1E, 0x23, 0xF4, 0x5E, 0xC2, 0xB2, 0x02, 0xDD, 0x43, 0x2A, 0x16, 0x7A, 0x85, 0xFF, 0x4E,
    0xEB, 0x92, 0x71, 0xDD, 0xBB, 0x75, 0x9F, 0x0C, 0x2E, 0x6F, 0x65, 0xDB, 0x5D, 0x6F, 0xDC, 0xED,
    0x0B, 0x82, 0x59, 0x93, 0x4C, 0x0D, 0xF9, 0x76, 0x4B, 0xCC, 0xDA, 0xD0, 0x70, 0xA0, 0xB2, 0xB0,
    0x3F, 0x7F, 0xD7, 0x7F, 0x64, 0x51, 0xFA, 0x7D, 0xEE, 0x3E, 0x2A, 0xB6, 0xC2, 0x01, 0xDB, 0x4D,
    0xAA, 0xA0, 0x8F, 0x6F, 0x9D, 0x86, 0xC4, 0xEF, 0x0C, 0x91, 0xD7, 0x5C, 0x24, 0x8B, 0x4D, 0xE4,
    0x0B, 0x1D, 0xC4, 0x4B, 0xB5, 0x53, 0x84, 0x44, 0x90, 0xC0, 0xFE, 0xBF, 0xF6, 0x84, 0x4A, 0x47,
    0x86, 0xDD, 0x52, 0x38, 0x73, 0x67, 0x1E, 0x1E, 0x2B, 0x09, 0xAC, 0x28, 0xDA, 0xB9, 0x42, 0xF0,
    0xD3, 0x46, 0x72, 0xD3, 0xA4, 0x5F, 0x0D, 0x0A, 0xAE, 0xAC, 0x55, 0xE2, 0xAF, 0xB6, 0xD0, 0x1F,
    0x74, 0xC6, 0x15, 0x95, 0x0A, 0x00, 0x27, 0x6B, 0x17, 0x22, 0xF0, 0x24, 0xAE, 0xB9, 0xBB, 0x01,
    0xDB, 0x44, 0x37, 0xF1, 0x0D, 0x84, 0x3B, 0x60, 0xDC, 0x20, 0x0D, 0x9C, 0x13, 0xE9, 0x76, 0x5F,
    0x6A, 0x39, 0xC0, 0x3B, 0x71, 0x6E, 0x47, 0xA2, 0x09, 0xB8, 0x27, 0xF2, 0x89, 0x7D, 0xA2, 0x9F,
    0xF8, 0x27, 0x01, 0x18, 0x05, 0x4C, 0xBC, 0x1C, 0x39, 0xF7, 0xFB, 0xB6, 0x57, 0xD7, 0x1B, 0xEC,
    0xD6, 0x09, 0x1F, 0xDD, 0xA5, 0x78, 0xE0, 0x7A, 0x5F, 0xED, 0xCC, 0x08, 0xA4, 0xEA, 0xE6, 0x6D,
    0xF3, 0xAE, 0xFA, 0x13, 0x3A, 0xCC, 0xA1, 0x32, 0x7A, 0x67, 0x0C, 0xE4, 0xA0, 0x6B, 0xCD, 0x09,
    0x69, 0x6A, 0x5C, 0x23, 0xC6, 0x9B, 0x7A, 0xC3, 0x2B, 0xB9, 0x50, 0x9D, 0x2E, 0xBD, 0xD8, 0xCB,
    0x92, 0x5B, 0xAC, 0x32, 0xD1, 0xB9, 0x56, 0xF2, 0x70, 0x25, 0x91, 0xBA, 0xC7, 0x7A, 0xB0, 0x3E,
    0x45, 0xBA, 0x5E, 0x13, 0x46, 0xF9, 0x4E, 0x64, 0x63, 0x0C, 0x20, 0xEE, 0x29, 0x85, 0x30, 0x36,
    0xB8, 0x07, 0x46, 0xF9, 0x3E, 0x14, 0x36, 0xB9, 0xAF, 0x4A, 0xD9, 0x48, 0xEE, 0x95, 0x82, 0xDB,
    0x5A, 0x70, 0xE7, 0x0A, 0x4C, 0x47, 0xDD, 0x44, 0x69, 0x4E, 0x09, 0x27, 0x1F, 0x09, 0xA7, 0x62,
    0x1F, 0xDD, 0x94, 0xCB, 0xA3, 0xDA, 0x43, 0xAD, 0xCA, 0xE6, 0xE9, 0x07, 0xB4, 0xF9, 0xFF, 0x3D,
    0x85, 0xE1, 0x88, 0xAA, 0xCB, 0xB0, 0xEA, 0xC0, 0x39, 0xFB, 0x75, 0x0F, 0x6A, 0x1E, 0x94, 0xCB,
    0xDC, 0xF3, 0xF5, 0x90, 0x02, 0x63, 0xF9, 0x90, 0xED, 0x88, 0xD1, 0x1C, 0x22, 0xB3, 0xE8, 0x0A,
    0x6A, 0x3E, 0x6D, 0x41, 0xF8, 0xB6, 0x9F, 0x01, 0x05, 0xD5, 0xBB, 0x4B, 0xD0, 0xF3, 0xC0, 0x81,
    0x2B, 0x5A, 0x91, 0x98, 0x48, 0xE3, 0x38, 0x01, 0x70, 0xAB, 0xE8, 0x7B, 0x20, 0xA9, 0x06, 0x92,
    0x97, 0x3A, 0x9F, 0x33, 0xAD, 0xCF, 0x99, 0xDE, 0xE7, 0x4C, 0xF3, 0x73, 0xA6, 0xFB, 0x39, 0xD3,
    0xFE, 0x40, 0x37, 0x75, 0x4F, 0x5A, 0xF2, 0x1C, 0x13, 0x10, 0x14, 0xB5, 0x40, 0xFD, 0x5C, 0xF5,
    0x40, 0xE5, 0x30, 0xD5, 0x04, 0xF5, 0xB1, 0xAA, 0x0B, 0x2A, 0x1C, 0x54, 0x1B, 0xD4, 0xC5, 0xED,
    0xA0, 0xD9, 0x99, 0x01, 0xB0, 0x30, 0x01, 0x7E, 0xBB, 0x74, 0xA0, 0xE0, 0x91, 0x1B, 0x61, 0x14,
    0xDD, 0x76, 0xBF, 0xE6, 0x68, 0xF8, 0xFF, 0x6D, 0xD3, 0x01, 0x8D, 0x18, 0x8A, 0x03, 0x32, 0x5D,
    0xCE, 0xE1, 0xD9, 0x9A, 0x02, 0x94, 0x76, 0x09, 0x51, 0x10, 0x41, 0x46, 0x02, 0x50, 0x72, 0xC3,
    0xE8, 0x86, 0x7F, 0x8F, 0xFA, 0xBD, 0xD2, 0xC8, 0x73, 0x3B, 0x45, 0x7E, 0xE4, 0x47, 0xC2, 0xD8,
    0x53, 0x4B, 0x00, 0xE6, 0xFD, 0xDD, 0x4C, 0x96, 0x20, 0xE4, 0xAF, 0x5C, 0x9B, 0xF8, 0xCD, 0x0A,
    0xF6, 0x8A, 0x2A, 0x53, 0x8A, 0x71, 0x45, 0xB6, 0xE1, 0x5C, 0x1E, 0xA2, 0x8F, 0x13, 0xCC, 0xEB,
    0xE3, 0x2A, 0x22, 0xDC, 0xF0, 0x6D, 0xE8, 0x36, 0x6C, 0x1B, 0xB2, 0x0D, 0xD7, 0x86, 0x6A, 0xC3,
    0xB4, 0x21, 0x3A, 0xE0, 0x79, 0x42, 0xF3, 0xD3, 0xC7, 0xC7, 0xB7, 0xB8, 0x40, 0x0A, 0xA2, 0x62,
    0x1E, 0x41, 0xEC, 0xCF, 0xDA, 0xE7, 0xF7, 0xFF, 0x49, 0xCC, 0xFC, 0x5A, 0x9F, 0x18, 0x01, 0x5F,
    0xD0, 0xAF, 0x70, 0xB6, 0x8E, 0x82, 0x71, 0x68, 0xC3, 0x4A, 0x25, 0xA0, 0x63, 0x19, 0x41, 0xB7,
    0x3D, 0x37, 0x58, 0x6F, 0x06, 0x56, 0x70, 0x43, 0xD8, 0x18, 0xF9, 0x7B, 0xC7, 0xDF, 0x37, 0x6A,
    0x1C, 0xEC, 0x79, 0xBD, 0x8D, 0x2D, 0xB8, 0xEB, 0xC7, 0x37, 0x4A, 0x8C, 0x9B, 0x03, 0x6B, 0xD5,
    0x36, 0x24, 0x50, 0x49, 0x56, 0x3A, 0x50, 0x89, 0x32, 0xAB, 0x50, 0x07, 0x84, 0x66, 0xA1, 0x84,
    0x58, 0x62, 0x3A, 0xAA, 0xCB, 0x91, 0x4A, 0xDC, 0x21, 0x95, 0x0C, 0x5C, 0x85, 0x9F, 0xB6, 0xCE,
    0x95, 0x92, 0xEA, 0x5A, 0x0F, 0xA9, 0xED, 0x45, 0xFD, 0x69, 0xCD, 0xE0, 0xFA, 0x09, 0xCD, 0xA0,
    0x75, 0xD5, 0x7B, 0x5E, 0x76, 0xA1, 0x4D, 0xD5, 0x0A, 0x20, 0x8A, 0x76, 0x2D, 0x08, 0xDA, 0x8A,
    0x62, 0xE1, 0x9B, 0xBC, 0x13, 0xCE, 0x2F, 0x5A, 0xE1, 0xF4, 0xE2, 0x1D, 0x59, 0x7E, 0xA5, 0xD4,
    0x51, 0x2B, 0xB9, 0xD5, 0x20, 0x13, 0xD9, 0xE5, 0x94, 0x96, 0xD2, 0x52, 0x50, 0x5E, 0x6D, 0xAA,
    0xFD, 0x73, 0xB0, 0x52, 0xCF, 0x57, 0xF1, 0xC2, 0x24, 0x4B, 0x9A, 0x13, 0xB2, 0x3B, 0x7C, 0x8D,
    0xF6, 0x36, 0xAD, 0xBC, 0x62, 0xBC, 0xD3, 0x9A, 0x22, 0xDF, 0x10, 0x52, 0xC1, 0x05, 0xD4, 0xB9,
    0x27, 0x78, 0x9E, 0xF0, 0xAC, 0x73, 0x4C, 0x5A, 0xF7, 0x71, 0xB5, 0xF8, 0xBF, 0x21, 0x4C, 0xB9,
    0x52, 0x09, 0x24, 0x93, 0x4E, 0xC0, 0xE4, 0xB5, 0xDE, 0xEB, 0xF2, 0xB5, 0x0B, 0x82, 0xF1, 0xC8,
    0x18, 0x34, 0x35, 0x98, 0x16, 0x46, 0xA9, 0x55, 0xF0, 0xE9, 0x19, 0x79, 0x9A, 0xE7, 0xC5, 0x15,
    0x9B, 0x27, 0x98, 0x5E, 0x70, 0xF4, 0x87, 0xD7, 0xFA, 0x7F, 0xB7, 0xBC, 0xFD, 0x18, 0xC9, 0x5A,
    0xBA, 0xA4, 0xE4, 0xFF, 0x78, 0xE7, 0x60, 0x94, 0x26, 0xF6, 0xF1, 0x2A, 0x8C, 0xE3, 0x0D, 0x13,
    0xCC, 0x7B, 0xB7, 0xD8, 0xBA, 0x9D, 0xBB, 0xB9, 0xFB, 0xED, 0xE3, 0x4B, 0x97, 0x78, 0x55, 0x9F,
    0x1F, 0x2B, 0x78, 0x57, 0x3A, 0x83, 0x74, 0x1B, 0xB4, 0xED, 0x8C, 0x8A, 0xE5, 0xCE, 0xFC, 0x69,
    0xE6, 0x4E, 0x13, 0x3D, 0xED, 0x8F, 0xB1, 0x4C, 0x3A, 0x14, 0x04, 0x5A, 0xD4, 0xE0, 0x8B, 0x5D,
    0x41, 0x85, 0xB3, 0xA3, 0xAC, 0x4E, 0x4D, 0x83, 0x4F, 0xC2, 0x86, 0x63, 0x6E, 0xD6, 0xFB, 0x73,
    0xF4, 0x63, 0xB5, 0x37, 0x7F, 0x84, 0xF6, 0xDE, 0xF5, 0xD3, 0xF6, 0x9E, 0xAA, 0xAE, 0xEF, 0xC1,
    0x3C, 0x16, 0xD2, 0x71, 0xA0, 0x1D, 0x07, 0xE2, 0x71, 0xA0, 0x1E, 0x07, 0xF2, 0x71, 0xA0, 0x1F,
    0x12, 0x10, 0x29, 0x88, 0x24, 0x44, 0x1A, 0x22, 0x11, 0x91, 0x8A, 0x1C, 0xC8, 0xC8, 0x81, 0x8E,
    0x3E, 0xD8, 0xDE, 0xB3, 0x30, 0x8E, 0xCB, 0xDB, 0x85, 0x74, 0x8F, 0xB8, 0x7D, 0xAF, 0x69, 0x4C,
    0xE4, 0x7D, 0x8D, 0x45, 0xEE, 0x72, 0x78, 0xB8, 0xCB, 0x75, 0x0B, 0x0F, 0x64, 0x7C, 0x9A, 0x3C,
    0x8E, 0xFC, 0x2F, 0x0D, 0x65, 0xAF, 0x53, 0xB7, 0xDF, 0xD3, 0x97, 0xBE, 0xD7, 0x6D, 0xEE, 0x2D,
    0x81, 0xA7, 0xDA, 0xFC, 0xBA, 0x34, 0x25, 0x98, 0x1E, 0x8A, 0x7C, 0xDA, 0xC1, 0xE6, 0x4F, 0x5B,
    0xD8, 0xFC, 0xE9, 0x16, 0x14, 0x7C, 0xE9, 0x01, 0x6D, 0x7E, 0x55, 0x92, 0x6B, 0xB5, 0xF6, 0xFC,
    0xC8, 0x61, 0xAF, 0x36, 0xFF, 0x5F, 0x89, 0xDD, 0x3C, 0xC2, 0x11, 0xA5, 0xCF, 0x89, 0xFD, 0xB6,
    0x00, 0x97, 0x36, 0x1A, 0x5A, 0x90, 0x21, 0xC3, 0x86, 0xBB, 0x11, 0x68, 0x5C, 0xFB, 0x22, 0xFD,
    0xF2, 0x8A, 0x3E, 0x23, 0xDF, 0x9C, 0x64, 0xA6, 0x77, 0xD4, 0x09, 0x44, 0x53, 0x54, 0x85, 0xDB,
    0x72, 0xDA, 0x2F, 0xF7, 0xC2, 0xDA, 0x5B, 0x5C, 0x02, 0x84, 0x38, 0xC0, 0x5E, 0x4E, 0x3B, 0xF8,
    0xEE, 0x8B, 0x2D, 0x38, 0xD3, 0x97, 0xE0, 0xD2, 0xBF, 0x76, 0x47, 0xA7, 0x9D, 0xD4, 0xF4, 0x27,
    0xC8, 0x12, 0xEE, 0x1D, 0x93, 0xFE, 0x46, 0x92, 0x9D, 0x2E, 0x6B, 0x97, 0xDF, 0x7D, 0x59, 0xE7,
    0xCA, 0x28, 0x03, 0x82, 0x0D, 0xA2, 0xC5, 0xAB, 0xDE, 0x2E, 0x9A, 0x3C, 0xFE, 0xC5, 0x28, 0x86,
    0x0C, 0x1A, 0xF0, 0x58, 0x79, 0x18, 0x3C, 0x89, 0x7F, 0x1B, 0x2C, 0x4D, 0x06, 0xA4, 0x44, 0x90,
    0x25, 0xDD, 0x25, 0x5F, 0x2D, 0x1D, 0x71, 0x89, 0x37, 0x23, 0x7E, 0x24, 0xDA, 0xF0, 0xCF, 0x1A,
    0xDF, 0x5B, 0xFB, 0x5F, 0x28, 0x9D, 0x08, 0xFB, 0xE6, 0x2A, 0xD2, 0x5A, 0x59, 0x5F, 0x0F, 0xB3,
    0x43, 0x18, 0x16, 0x16, 0x59, 0x07, 0x16, 0x55, 0x22, 0x1B, 0x61, 0x23, 0x81, 0x65, 0x36, 0xF0,
    0xA1, 0xEC, 0x27, 0x83, 0xC5, 0x3D, 0x07, 0x52, 0x98, 0x7F, 0x9E, 0x26, 0x08, 0x0B, 0x65, 0x25,
    0xE5, 0xC4, 0xB5, 0xC2, 0xA5, 0xBE, 0x87, 0xF8, 0x46, 0x41, 0x08, 0x9A, 0x35, 0x74, 0x14, 0xE4,
    0xCF, 0x19, 0x3F, 0x8F, 0x2C, 0x81, 0x1D, 0xD1, 0x4F, 0x9F, 0x97, 0xEE, 0x5F, 0x10, 0xFE, 0x81,
    0x5A, 0x5D, 0x74, 0xD8, 0x6A, 0x8A, 0xC9, 0xC6, 0x5F, 0x8A, 0xE9, 0xAB, 0x67, 0x84, 0x3D, 0x1E,
    0x17, 0x92, 0x32, 0x6E, 0x62, 0x24, 0xC9, 0x3C, 0x5E, 0xB6, 0x71, 0x44, 0xB6, 0x7F, 0x58, 0x70,
    0xAC, 0x76, 0x8F, 0x1F, 0x2D, 0xB9, 0x23, 0xBA, 0xE0, 0x72, 0xEE, 0xAC, 0x74, 0x11, 0x06, 0x7D,
    0xDD, 0x80, 0x55, 0xF1, 0x92, 0x67, 0xCF, 0x07, 0xCF, 0x63, 0x42, 0x4B, 0x8F, 0xF0, 0x96, 0xB5,
    0x70, 0xCD, 0x9B, 0xA3, 0x7E, 0xE5, 0x4D, 0x77, 0xE3, 0x30, 0x2E, 0xF5, 0x5D, 0xB3, 0xF3, 0x8C,
    0x30, 0x5E, 0x3D, 0x49, 0x0E, 0x7F, 0x72, 0x70, 0xBB, 0x76, 0xE9, 0xEA, 0xB5, 0x60, 0x75, 0x4D,
    0xA6, 0xB4, 0xE0, 0x76, 0xB0, 0xFF, 0xCD, 0x49, 0xCC, 0x2B, 0xEB, 0xCD, 0x14, 0xE4, 0x7A, 0xFC,
    0xB6, 0xC1, 0x68, 0xB2, 0xEC, 0xD3, 0xC9, 0x29, 0x52, 0x4C, 0x01, 0xB1, 0x29, 0x03, 0x68, 0xE5,
    0x43, 0x5C, 0x3F, 0x1B, 0x2A, 0xDB, 0x09, 0xEB, 0x96, 0xFA, 0xA4, 0xDC, 0x76, 0xB3, 0x32, 0x3D,
    0xF9, 0x5F, 0x11, 0xAC, 0x79, 0x00, 0x7B, 0x9B, 0x99, 0x46, 0xEA, 0x59, 0x8A, 0x30, 0x43, 0xF5,
    0x2C, 0x45, 0x41, 0x57, 0x2F, 0x65, 0x86, 0xFA, 0x90, 0x1C, 0x4B, 0x6E, 0x6C, 0x4A, 0x54, 0xA6,
    0x55, 0xCB, 0x21, 0x51, 0x57, 0x83, 0x99, 0xB0, 0xF0, 0xB9, 0x66, 0xCC, 0x91, 0xE8, 0xF9, 0x2D,
    0x6A, 0xF0, 0x76, 0xD6, 0xDA, 0x92, 0x54, 0x7B, 0x3F, 0x86, 0x57, 0x13, 0x9E, 0xDE, 0x49, 0x83,
    0x9F, 0x75, 0x78, 0x3A, 0x04, 0x55, 0x8B, 0xBF, 0x61, 0x67, 0x96, 0x39, 0x61, 0xBE, 0xD8, 0xD6,
    0x74, 0x79, 0x78, 0xF2, 0xF1, 0x70, 0x46, 0x14, 0x33, 0x1F, 0x82, 0x8A, 0xB9, 0xB7, 0xC4, 0x0B,
    0x30, 0xD9, 0x3C, 0x79, 0x44, 0x8D, 0x22, 0x75, 0xA6, 0xDC, 0x54, 0x9E, 0x16, 0x92, 0xEA, 0x56,
    0x41, 0xB7, 0xEF, 0x52, 0x60, 0x47, 0xE8, 0xAB, 0x4D, 0x97, 0xFA, 0xBD, 0x83, 0x4F, 0x5E, 0xB1,
    0x1D, 0xD4, 0xBA, 0x18, 0x68, 0x58, 0xEF, 0x95, 0x1F, 0xF2, 0x4E, 0xC1, 0x5F, 0x37, 0x4A, 0xF6,
    0xA3, 0x4B, 0x4E, 0xAA, 0x27, 0x60, 0xB8, 0x9B, 0xFA, 0xD4, 0x04, 0x5F, 0xE2, 0x31, 0x7E, 0x09,
    0x33, 0x4A, 0x00, 0xCA, 0x15, 0xC0, 0x68, 0x41, 0x9C, 0xC3, 0x50, 0xCE, 0x55, 0x75, 0xC9, 0xEA,
    0x3A, 0xF2, 0x3E, 0x97, 0xB5, 0x16, 0x9D, 0x1A, 0x04, 0xC5, 0xBB, 0xB0, 0x27, 0xDF, 0xBA, 0x2B,
    0xC7, 0xDA, 0x37, 0xEA, 0x97, 0xF5, 0x4A, 0x76, 0x32, 0x79, 0xBF, 0x8B, 0xFC, 0x20, 0x82, 0x42,
    0x64, 0x50, 0xAC, 0xEE, 0xFD, 0x9D, 0x3C, 0x81, 0x7E, 0x7E, 0x8D, 0x14, 0x69, 0x7E, 0x89, 0xC6,
    0x07, 0x95, 0x4D, 0x46, 0x7D, 0x54, 0x0A, 0x57, 0x7F, 0x36, 0xFC, 0x91, 0x58, 0x0F, 0xF9, 0x58,
    0x83, 0x9E, 0x47, 0x75, 0xFE, 0xFA, 0x01, 0xC7, 0xB6, 0xEA, 0x0C, 0xC9, 0xD1, 0xB5, 0x8F, 0x8A,
    0x72, 0x9E, 0xAF, 0xC7, 0xE3, 0xE3, 0x3B, 0xFE, 0xCD, 0x92, 0x66, 0x14, 0x84, 0x55, 0x6D, 0x67,
    0x81, 0x72, 0x7C, 0xA0, 0x9C, 0xE2, 0xA1, 0xA5, 0x9C, 0x07, 0xC5, 0x7B, 0x3A, 0x09, 0x86, 0xD2,
    0x5D, 0xBE, 0x09, 0xAF, 0x02, 0x43, 0x78, 0x22, 0xBA, 0x5E, 0x15, 0x13, 0xAD, 0x4F, 0x55, 0x7C,
    0x74, 0x95, 0xE2, 0xFD, 0x1D, 0xE0, 0xFD, 0x17, 0x7A, 0xAC, 0xDF, 0xDE, 0x01, 0xEF, 0x1B, 0x39,
    0x97, 0x49, 0xCC, 0x78, 0xEF, 0x80, 0xF7, 0x16, 0x48, 0xDF, 0xC2, 0xC7, 0x4F, 0xBC, 0x6F, 0x7E,
    0x0D, 0xBC, 0x1F, 0x6D, 0x22, 0x28, 0x9C, 0x48, 0x31, 0xDB, 0xE7, 0x0D, 0xA0, 0x2F, 0x7B, 0xCF,
    0x5E, 0xCD, 0xCB, 0xB8, 0x05, 0x7B, 0xDF, 0x5E, 0x75, 0x1F, 0x20, 0x69, 0x94, 0x42, 0x00, 0x51,
    0x00, 0xA8, 0xA2, 0xF5, 0x38, 0xCE, 0xFB, 0x20, 0xC5, 0x1D, 0xAD, 0x27, 0x5A, 0x9A, 0xD4, 0x4A,
    0xE8, 0x03, 0xC0, 0x91, 0xF8, 0xE3, 0x91, 0x18, 0x24, 0xF6, 0x88, 0x39, 0x62, 0x8D, 0x18, 0x03,
    0xB6, 0x6C, 0x0D, 0xE4, 0x29, 0x0A, 0xA6, 0xC5, 0x03, 0x05, 0x97, 0xB7, 0x80, 0xC7, 0x1E, 0x38,
    0xEC, 0x89, 0x3F, 0xBD, 0x66, 0xF3, 0x71, 0xA5, 0xB9, 0x5C, 0x78, 0x66, 0xA8, 0x4A, 0xA4, 0x64,
    0xAD, 0x5B, 0x99, 0xFA, 0x6A, 0xAB, 0xDA, 0x52, 0xF9, 0xF4, 0x69, 0xC9, 0xAA, 0x66, 0xF2, 0x11,
    0xA8, 0x14, 0xF6, 0xFA, 0x74, 0xA0, 0xFF, 0x13, 0x13, 0x65, 0x50, 0xA6, 0x41, 0x06, 0x8B, 0x11,
    0xC0, 0x2A, 0xE4, 0x8C, 0x91, 0xDF, 0x11, 0x6C, 0x03, 0xEE, 0x73, 0xC6, 0xEC, 0x5F, 0xD0, 0x89,
    0xAA, 0x59, 0x6F, 0xD1, 0x33, 0xCB, 0xF6, 0x80, 0xA7, 0xD0, 0xF8, 0xF1, 0xAB, 0xC7, 0xDF, 0x2B,
    0x2D, 0x5B, 0x34, 0xC2, 0xD1, 0x42, 0xEA, 0x5F, 0x3D, 0x3E, 0x7E, 0x54, 0xB0, 0x31, 0xCD, 0x18,
    0x07, 0xB0, 0x5C, 0x7C, 0x20, 0x9D, 0x7F, 0xD7, 0x38, 0xE0, 0x8F, 0x5C, 0x28, 0xB7, 0xDB, 0xBB,
    0x04, 0xC9, 0x98, 0x9A, 0x9C, 0xE4, 0x7F, 0xEE, 0xCB, 0xA0, 0x67, 0xE0, 0x9B, 0xF2, 0x9C, 0x5B,
    0xA7, 0x73, 0xAE, 0x1E, 0x4E, 0xAC, 0x7C, 0xD9, 0x45, 0xEA, 0x6D, 0x5C, 0xAB, 0xDB, 0xAE, 0x90,
    0x7B, 0xFF, 0xC5, 0xA8, 0x0B, 0x18, 0x94, 0x0A, 0x5B, 0x9B, 0x78, 0x74, 0xED, 0x02, 0xE1, 0xE7,
    0x21, 0xA3, 0x79, 0x46, 0xF9, 0x71, 0x25, 0xFC, 0xA1, 0x8E, 0x69, 0x00, 0x76, 0xDC, 0x5F, 0xC7,
    0x3D, 0x7B, 0x3C, 0xB1, 0x5D, 0xE8, 0xCE, 0xFC, 0xCE, 0x0A, 0x1B, 0x4A, 0xF8, 0x2B, 0x01, 0xB9,
    0xB8, 0x3B, 0xC0, 0x84, 0x22, 0x42, 0xF1, 0x50, 0xD9, 0x1F, 0x90, 0x80, 0xAC, 0x92, 0x2D, 0x30,
    0x10, 0xC3, 0xB4, 0xD8, 0x00, 0xFC, 0x0A, 0x7D, 0xBD, 0x85, 0xC2, 0x5E, 0x41, 0xCF, 0xC8, 0xF0,
    0x0B, 0x80, 0x7B, 0x81, 0x68, 0x6F, 0x87, 0xC4, 0x5C, 0x85, 0xB9, 0x4E, 0x56, 0xFD, 0xCF, 0x4A,
    0xFF, 0x45, 0xC9, 0xBF, 0x6A, 0x4B, 0x58, 0x17, 0xBA, 0xB1, 0xF6, 0x8B, 0x9C, 0x30, 0xA4, 0x84,
    0x45, 0x06, 0xBE, 0x19, 0x88, 0x54, 0xBF, 0xEF, 0x97, 0x0D, 0xF6, 0x90, 0x61, 0x33, 0x2A, 0x05,
    0xDC, 0x02, 0xED, 0x0A, 0xBF, 0x0A, 0x6A, 0x55, 0xD6, 0xB6, 0x02, 0x67, 0xEC, 0xD5, 0x1B, 0x2A,
    0x65, 0x8C, 0xC0, 0x67, 0x88, 0xBC, 0x0B, 0x78, 0x05, 0xBA, 0x05, 0x32, 0x68, 0x85, 0x9E, 0x05,
    0xB2, 0xA7, 0xF5, 0xAF, 0x28, 0xE8, 0x5F, 0x63, 0x12, 0xF4, 0xAF, 0x21, 0x09, 0xFA, 0xD7, 0xC6,
    0x7D, 0x69, 0xA1, 0x7F, 0x6D, 0x6C, 0x8A, 0x9C, 0x3E, 0x95, 0x99, 0x72, 0xD2, 0xE1, 0x03, 0x7C,
    0xB8, 0xA0, 0xFA, 0x40, 0x73, 0x27, 0x0C, 0x71, 0x36, 0x04, 0x48, 0x55, 0xD3, 0x99, 0x69, 0x62,
    0x3B, 0x83, 0x2C, 0x60, 0x07, 0xB8, 0x02, 0x7E, 0xE6, 0x89, 0x9F, 0xF5, 0xAF, 0x66, 0xD2, 0xBA,
    0x36, 0x66, 0x5C, 0x31, 0xA3, 0x62, 0x3B, 0x69, 0x62, 0x8D, 0xC1, 0x95, 0x90, 0x3F, 0x63, 0xF2,
    0x80, 0x31, 0xE3, 0x65, 0x0A, 0xE1, 0x8C, 0x89, 0xEE, 0x72, 0x86, 0x29, 0x03, 0xDE, 0xC5, 0xB4,
    0x35, 0x84, 0x60, 0xE4, 0x95, 0x29, 0x8C, 0xF0, 0x4A, 0x3C, 0x05, 0x12, 0xDE, 0x36, 0x43, 0x2A,
    0x0E, 0x85, 0x2B, 0x30, 0xB7, 0x5D, 0xA8, 0x4D, 0x08, 0xEC, 0x52, 0x8D, 0x27, 0x5C, 0xE1, 0x6E,
    0xC1, 0x68, 0xEB, 0x16, 0xBC, 0x26, 0x4F, 0xD4, 0x25, 0xD5, 0x1C, 0xFC, 0x80, 0xA9, 0x6A, 0x74,
    0x66, 0x84, 0x09, 0xA8, 0xAC, 0x97, 0x6F, 0xCE, 0xD8, 0xAD, 0x9E, 0x01, 0x1B, 0xE6, 0x9A, 0x76,
    0xD7, 0xC6, 0x48, 0x00, 0x17, 0xB5, 0x6D, 0x1A, 0x94, 0x4E, 0xD4, 0x24, 0x17, 0x40, 0x29, 0x07,
    0x0A, 0x94, 0x64, 0x50, 0xDE, 0x4C, 0x47, 0xB0, 0x67, 0x3A, 0x82, 0x43, 0xB3, 0x3D, 0x98, 0x34,
    0x1F, 0x70, 0x95, 0x4E, 0x65, 0x84, 0x57, 0x47, 0xB9, 0x55, 0xB4, 0x38, 0x65, 0x58, 0xB9, 0x91,
    0xF2, 0xAC, 0x4C, 0x45, 0xD9, 0x56, 0x41, 0x34, 0xAA, 0xA5, 0xA0, 0xCC, 0x1B, 0xC1, 0x36, 0xED,
    0xF5, 0x7E, 0x05, 0x8C, 0x05, 0xE5, 0x62, 0x65, 0x40, 0xA1, 0x37, 0xF3, 0x07, 0xD0, 0x16, 0xA1,
    0xE4, 0x7D, 0xCA, 0xD2, 0x09, 0xCB, 0xBA, 0x73, 0x21, 0x0F, 0xCD, 0x2A, 0x56, 0x74, 0x70, 0xD3,
    0x4E, 0xE7, 0x8E, 0x26, 0xB8, 0xA9, 0x0D, 0xB3, 0x48, 0xD9, 0x86, 0x39, 0x4C, 0xFE, 0x31, 0x67,
    0x13, 0xF7, 0xF2, 0xD8, 0x7F, 0x1B, 0x0F, 0x5A, 0x8F, 0x11, 0xEF, 0xD3, 0xD1, 0x3D, 0x97, 0x6E,
    0xCC, 0xBB, 0x70, 0xCE, 0x4F, 0x48, 0x1A, 0xA9, 0xE7, 0x71, 0x4B, 0x7B, 0xFD, 0xAE, 0x5B, 0xBA,
    0xFC, 0xE2, 0x69, 0xDC, 0xB9, 0x45, 0x0A, 0x6A, 0xC8, 0x41, 0x35, 0x92, 0x3B, 0x2B, 0x54, 0x34,
    0x87, 0x8C, 0x66, 0xB6, 0x0F, 0x3C, 0x32, 0x1B, 0xE9, 0xA7, 0x22, 0xE0, 0x27, 0x22, 0xE1, 0x27,
    0x22, 0x59, 0xD1, 0x87, 0x9E, 0x0E, 0xE5, 0x26, 0x1F, 0x9B, 0x95, 0x7C, 0x4C, 0xF1, 0x3E, 0x6F,
    0x6B, 0x98, 0xB0, 0xD0, 0x4F, 0xA8, 0xFD, 0x98, 0xBC, 0x1B, 0x87, 0xF5, 0x39, 0xCF, 0xF0, 0xC6,
    0xC3, 0x72, 0x39, 0x05, 0x57, 0xE9, 0x2D, 0xE3, 0x1E, 0x69, 0xD8, 0x6B, 0xE6, 0x9C, 0x65, 0x2D,
    0x76, 0x9D, 0xAA, 0x49, 0x74, 0x78, 0xF1, 0xAC, 0xC8, 0x8E, 0xF9, 0x6C, 0x9E, 0xE3, 0xC3, 0xED,
    0x26, 0x07, 0x83, 0x59, 0x3C, 0xC1, 0xB5, 0xB2, 0x0A, 0xE9, 0xFB, 0x4B, 0xFF, 0x53, 0x20, 0x34,
    0x0E, 0xAC, 0xBE, 0x38, 0xC8, 0x7A, 0x9A, 0xBC, 0x95, 0x55, 0x77, 0xDA, 0xB5, 0x1B, 0x02, 0x93,
    0x84, 0x63, 0x14, 0x9E, 0xBA, 0x7C, 0x78, 0x20, 0x68, 0x0F, 0x97, 0x3A, 0x1E, 0x90, 0x35, 0xC8,
    0x4C, 0x34, 0x22, 0xAA, 0x48, 0x3B, 0x16, 0x71, 0xC8, 0x48, 0xC9, 0xF1, 0xAB, 0x9B, 0x53, 0x9B,
    0xCF, 0xB8, 0xF6, 0xE0, 0x47, 0xBF, 0x4F, 0x4D, 0x08, 0xF7, 0x6B, 0x7C, 0xA9, 0xD2, 0xA2, 0x8E,
    0x8E, 0xCE, 0x02, 0x33, 0x22, 0x07, 0x83, 0xB1, 0x9C, 0x30, 0x0B, 0xB2, 0x12, 0xAE, 0xDB, 0x91,
    0x34, 0x0C, 0xBB, 0xBE, 0xA3, 0x6F, 0x41, 0x96, 0x52, 0x73, 0x69, 0xFE, 0x5D, 0x6F, 0xF9, 0xD2,
    0x96, 0x2B, 0x33, 0xA9, 0xBC, 0x49, 0x48, 0xFD, 0x49, 0x82, 0xB8, 0x5A, 0x89, 0x2C, 0xB3, 0x93,
    0xEF, 0xF0, 0x7E, 0x6B, 0xFF, 0x05, 0x82, 0x21, 0xF5, 0x9F, 0x27, 0x74, 0x64, 0xCD, 0x21, 0xB7,
    0xCC, 0x52, 0x5E, 0x85, 0x90, 0x0A, 0xCA, 0xD6, 0xBD, 0x91, 0x49, 0xA1, 0x22, 0xA4, 0x57, 0x19,
    0x3B, 0x96, 0x70, 0x7A, 0x21, 0xFA, 0xE8, 0x21, 0x28, 0xA0, 0x2E, 0x58, 0xA6, 0xF1, 0x54, 0x96,
    0xE3, 0xAE, 0x1F, 0x02, 0x66, 0x4A, 0xEE, 0x0C, 0x59, 0x1F, 0xAE, 0x08, 0x62, 0x34, 0x6F, 0x4F,
    0x9E, 0x14, 0xE1, 0xE2, 0xA0, 0xBA, 0x24, 0xA1, 0xE0, 0x65, 0x75, 0x2A, 0xC2, 0xF3, 0x40, 0xB6,
    0xF4, 0x4C, 0x49, 0xA4, 0x20, 0x16, 0x80, 0x88, 0xFC, 0x13, 0x75, 0x3B, 0xEB, 0xF5, 0x93, 0x5C,
    0xAC, 0x68, 0x91, 0x73, 0xBF, 0x52, 0xDC, 0x15, 0x6F, 0x8D, 0x5A, 0xFF, 0xF2, 0x5A, 0x53, 0x6F,
    0x15, 0x20, 0xA2, 0x8A, 0xA8, 0x07, 0xAF, 0x51, 0x62, 0x52, 0x14, 0x8A, 0xE5, 0xAC, 0x42, 0x36,
    0xD3, 0xC4, 0xC2, 0x7F, 0x90, 0x35, 0x27, 0x50, 0x35, 0x98, 0x89, 0xB3, 0xF2, 0x1A, 0xF1, 0x5C,
    0x7B, 0x0D, 0x94, 0xA7, 0xA3, 0x12, 0x68, 0xBA, 0xD7, 0x47, 0x66, 0x83, 0x8A, 0xB6, 0x5C, 0x37,
    0x61, 0x2D, 0x2B, 0x92, 0x39, 0x6A, 0xFE, 0x9C, 0x6F, 0x04, 0x1A, 0x46, 0xE1, 0x33, 0x17, 0x7E,
    0x63, 0xF6, 0xB4, 0x32, 0xFE, 0x1E, 0x2D, 0x8E, 0x31, 0x66, 0x4E, 0x55, 0x89, 0x30, 0x7D, 0x31,
    0xEC, 0x19, 0x97, 0x11, 0x00, 0xAB, 0xB6, 0xD8, 0x31, 0x54, 0x9B, 0x48, 0x71, 0x04, 0x6E, 0x76,
    0xB5, 0xAC, 0xAE, 0xFE, 0x6F, 0xFF, 0x39, 0xD9, 0x83, 0xFE, 0x53, 0xBF, 0xEC, 0x7F, 0xA0, 0xC9,
    0x81, 0xBE, 0x6E, 0x42, 0x18, 0x92, 0x69, 0xB9, 0x01, 0x86, 0xAA, 0x97, 0xAD, 0xBC, 0x22, 0x64,
    0x3D, 0x6A, 0x92, 0x80, 0xAC, 0x62, 0x70, 0x1B, 0x5D, 0x4B, 0xBC, 0xD3, 0xB5, 0xBC, 0xBD, 0xC3,
    0x5A, 0xC4, 0xE8, 0x8D, 0x74, 0x45, 0x3D, 0xE0, 0xD4, 0x5A, 0xE0, 0xC0, 0x76, 0xC3, 0xE8, 0xA3,
    0x2B, 0xCA, 0x59, 0x6A, 0x76, 0x4C, 0x75, 0x73, 0x53, 0x9E, 0x5B, 0x65, 0xDE, 0xF3, 0x71, 0x29,
    0x72, 0x4D, 0x26, 0x98, 0xC0, 0x35, 0x79, 0x6B, 0xCC, 0x61, 0xD2, 0xF6, 0x20, 0xEA, 0x13, 0x07,
    0x7F, 0xEE, 0xB2, 0x04, 0xC1, 0xE4, 0xEC, 0x2A, 0x64, 0xA6, 0x6D, 0x82, 0xCC, 0x7F, 0x9A, 0x82,
    0x42, 0x36, 0x6E, 0x24, 0x09, 0x30, 0xCB, 0x53, 0x68, 0x55, 0x54, 0x11, 0x5D, 0xA7, 0x26, 0x2E,
    0x78, 0x26, 0x08, 0x8C, 0xCC, 0x0F, 0xD8, 0x87, 0xF4, 0x80, 0x2A, 0x78, 0xA1, 0x42, 0xAA, 0x8F,
    0x8A, 0xDA, 0x5A, 0x99, 0x6B, 0x40, 0x86, 0xBC, 0x7A, 0xE2, 0xC7, 0x6B, 0x07, 0xB9, 0x9F, 0x51,
    0x8D, 0xC4, 0x3E, 0xFC, 0x3D, 0x5D, 0x9F, 0xD2, 0xB5, 0xF9, 0xA7, 0x52, 0x4F, 0x45, 0x9E, 0xA7,
    0xAA, 0x1E, 0x9D, 0x50, 0xD5, 0x55, 0xB4, 0x5A, 0x42, 0x27, 0x66, 0x0E, 0x92, 0xDC, 0xDB, 0x2D,
    0xC2, 0x6D, 0xBA, 0x4F, 0x8B, 0x46, 0x33, 0xC8, 0x26, 0xA9, 0x7F, 0x1D, 0xCA, 0xC5, 0x54, 0xF4,
    0x2C, 0x75, 0x9B, 0x47, 0x0E, 0x03, 0x73, 0x7E, 0x62, 0xE7, 0xE6, 0x0C, 0xF9, 0x40, 0x8B, 0xB6,
    0x0F, 0xA6, 0x07, 0x71, 0x8E, 0xC2, 0xF6, 0x12, 0xCC, 0x25, 0xEA, 0x4F, 0x56, 0x4E, 0x1E, 0xC1,
    0xE2, 0x19, 0xF0, 0xF7, 0x3C, 0xD4, 0xFD, 0x8E, 0x42, 0xAF, 0x0E, 0x56, 0x14, 0xD1, 0x43, 0xD4,
    0xCC, 0x96, 0xD4, 0x84, 0x9E, 0x93, 0x18, 0x1E, 0xCE, 0xC4, 0xB0, 0xEC, 0x65, 0xBB, 0xC8, 0xBF,
    0xAF, 0xBA, 0xA1, 0xFE, 0x89, 0xC1, 0xA0, 0xAE, 0xD2, 0x6E, 0x2A, 0xA9, 0x51, 0x29, 0x92, 0x78,
    0x16, 0x4C, 0xAA, 0xE4, 0xD0, 0x3F, 0x95, 0x1D, 0x2A, 0x39, 0xD2, 0x5D, 0x90, 0x1A, 0x33, 0xB3,
    0xDA, 0xFA, 0xE9, 0xCD, 0xD6, 0xA5, 0x2A, 0xAA, 0xD3, 0x16, 0xA8, 0xCE, 0x76, 0x40, 0xB5, 0xDA,
    0x9D, 0x82, 0x6A, 0xCB, 0x89, 0x29, 0x88, 0xEA, 0x3F, 0x27, 0xAA, 0x3F, 0x71, 0x91, 0x51, 0xAD,
    0x89, 0xF4, 0xC2, 0x45, 0x49, 0x2F, 0x2C, 0xB4, 0x1A, 0xE4, 0xB0, 0xEE, 0x85, 0x91, 0x64, 0x8D,
    0x22, 0xCF, 0x5A, 0x01, 0x74, 0xA6, 0x92, 0x59, 0x56, 0x57, 0xF4, 0xB9, 0x3A, 0x55, 0x0B, 0x05,
    0xF6, 0xA5, 0x50, 0x09, 0x13, 0x1C, 0x10, 0xD1, 0x19, 0x0E, 0x08, 0x4B, 0x91, 0x0F, 0x9B, 0x4B,
    0x3A, 0x57, 0xD7, 0xEC, 0x27, 0x2F, 0xC4, 0x54, 0x62, 0xA3, 0xFC, 0x05, 0x06, 0x03, 0x87, 0x81,
    0xC5, 0x58, 0x92, 0x89, 0xFD, 0x3D, 0x2A, 0x3F, 0x5A, 0x41, 0x97, 0xD1, 0xDC, 0xAA, 0x48, 0x31,
    0xC8, 0x11, 0x6A, 0x15, 0xFC, 0xB1, 0x7A, 0x83, 0xB7, 0x00, 0xBA, 0xD9, 0x57, 0xCF, 0xFC, 0x86,
    0x61, 0xEF, 0x20, 0xC1, 0x20, 0xBE, 0x78, 0x80, 0x10, 0x3B, 0xED, 0xAD, 0x39, 0x5D, 0x8A, 0xB4,
    0x84, 0xFD, 0x7A, 0x23, 0xB0, 0xAF, 0x76, 0x02, 0x7B, 0xB5, 0x80, 0xBE, 0xA5, 0x87, 0xCF, 0xFA,
    0xAD, 0xC0, 0x1E, 0xCE, 0xEB, 0x3F, 0xBD, 0x48, 0xB0, 0x7F, 0x01, 0xC3, 0x3D, 0x5A, 0xC7, 0x9E,
    0xA1, 0x09, 0x50, 0xBC, 0x25, 0x50, 0xAD, 0x82, 0x3E, 0xBE, 0xE5, 0x03, 0x9A, 0x39, 0xFD, 0x39,
    0xFD, 0xC7, 0x8F, 0x54, 0xC4, 0x5D, 0x55, 0xBD, 0x5B, 0x10, 0x0D, 0x55, 0xAD, 0x75, 0x2F, 0x9D,
    0xE1, 0xC4, 0x39, 0x70, 0xE4, 0xF8, 0x3F, 0x90, 0x3F, 0x55, 0xF9, 0x34, 0x85, 0x70, 0x87, 0xD5,
    0x8A, 0x5A, 0xBA, 0xC2, 0x66, 0x40, 0x5F, 0xD0, 0xA7, 0x17, 0x1B, 0xCC, 0x52, 0x82, 0x25, 0xFE,
    0xF3, 0x1B, 0xD1, 0x0A, 0x1A, 0x5D, 0x8E, 0x6A, 0xBB, 0x9A, 0xFA, 0x18, 0xEB, 0x02, 0x9F, 0x99,
    0x44, 0xE3, 0x6C, 0x95, 0x4D, 0xA2, 0x67, 0xEA, 0x6C, 0x90, 0x4E, 0x5D, 0x0C, 0x6A, 0x3F, 0xE1,
    0x61, 0x3F, 0x7D, 0x18, 0x94, 0xBE, 0xEC, 0xEE, 0x94, 0x14, 0x54, 0x3E, 0x58, 0xCE, 0xB0, 0x29,
    0xEC, 0x50, 0xC0, 0xB5, 0x86, 0x9A, 0x41, 0xD2, 0xCA, 0xF2, 0xDF, 0xB6, 0x22, 0xAD, 0xB7, 0x08,
    0xEB, 0xB4, 0x56, 0x59, 0x5E, 0xE0, 0x2C, 0xD8, 0xAA, 0x54, 0xC2, 0xD4, 0x08, 0xA5, 0x02, 0x5A,
    0xA9, 0xA3, 0x7F, 0x34, 0x4B, 0x92, 0x15, 0xB4, 0xCE, 0xBF, 0xE6, 0x4B, 0x6E, 0x10, 0xFE, 0x07,
    0x8C, 0x37, 0xCB, 0xBA, 0xBE, 0xED, 0xB7, 0x4C, 0xD7, 0x15, 0x1D, 0x7B, 0x97, 0xD1, 0xEB, 0x21,
    0xDC, 0x07, 0x05, 0x57, 0x6E, 0xEA, 0x7B, 0x24, 0x52, 0xCA, 0x4D, 0xEB, 0x01, 0x67, 0x2B, 0xC1,
    0xDD, 0x1E, 0x1B, 0xCB, 0x5A, 0xC3, 0x2D, 0x08, 0xA5, 0xA7, 0xEA, 0x2B, 0x20, 0x55, 0x4C, 0x67,
    0x59, 0x1F, 0xA2, 0xBC, 0x79, 0x17, 0x0A, 0xA9, 0x72, 0x94, 0xC7, 0x61, 0xF2, 0x8A, 0x1B, 0x3A,
    0x6A, 0xEE, 0x1A, 0x24, 0xF1, 0x3D, 0x78, 0xA0, 0x72, 0x3D, 0x03, 0xB9, 0x17, 0x08, 0x2A, 0x4D,
    0x9E, 0x90, 0xA7, 0x02, 0x28, 0x3F, 0xB6, 0x50, 0xD7, 0x58, 0x91, 0x69, 0x56, 0x5A, 0x33, 0x59,
    0x65, 0xA6, 0x37, 0x77, 0xB3, 0x92, 0x9E, 0x9F, 0x8E, 0xCB, 0x93, 0xA3, 0xAE, 0xAA, 0x36, 0xBA,
    0xD2, 0x44, 0x04, 0x2D, 0xF2, 0x16, 0xDA, 0xF1, 0xAA, 0x8D, 0xDE, 0x27, 0x3A, 0x29, 0x5B, 0x58,
    0x0F, 0xB7, 0xD7, 0xE9, 0xE8, 0xE4, 0xE6, 0xFC, 0xE8, 0xE4, 0x1F, 0x22, 0x4A, 0xE5, 0xF3, 0xC1,
    0xA2, 0x54, 0xC5, 0x14, 0xA5, 0x6A, 0xCF, 0x8B, 0x4E, 0x3E, 0xA1, 0x89, 0x07, 0xA7, 0x89, 0x39,
    0xCC, 0x3D, 0x19, 0x5E, 0xC5, 0xA4, 0xF2, 0x64, 0xD3, 0xF5, 0xE9, 0xFC, 0x7F, 0x93, 0x6A, 0x35,
    0x59, 0x73, 0x46, 0x4C, 0x07, 0x0C, 0x9F, 0x74, 0x67, 0xC5, 0x68, 0x2E, 0x22, 0xCD, 0xBC, 0xB8,
    0xC8, 0x46, 0x39, 0x38, 0xBA, 0xD9, 0x0B, 0x3F, 0xCC, 0xA9, 0x2D, 0x59, 0x39, 0xA5, 0x7D, 0x5A,
    0x96, 0x85, 0x2C, 0xD5, 0x72, 0x30, 0xE4, 0xBA, 0x3A, 0x78, 0x72, 0x42, 0x23, 0x8B, 0xC8, 0x7F,
    0x67, 0x98, 0x44, 0xDF, 0x64, 0x08, 0x87, 0x44, 0x8E, 0xC9, 0xB3, 0x34, 0x27, 0x99, 0x3F, 0x91,
    0x78, 0x1F, 0x2D, 0x75, 0x7F, 0x0A, 0x3E, 0x85, 0x1A, 0x29, 0x81, 0x75, 0x89, 0x44, 0xEF, 0x7F,
    0x87, 0xE7, 0xF8, 0xAD, 0x61, 0x72, 0x44, 0xA6, 0x56, 0x32, 0x59, 0xCE, 0x2D, 0x27, 0xAE, 0x5F,
    0x70, 0xEA, 0xBD, 0x7C, 0xD8, 0x06, 0x24, 0x0A, 0x7B, 0x68, 0x18, 0xEB, 0x30, 0x86, 0x5E, 0x29,
    0xCD, 0x41, 0xDA, 0x55, 0x6C, 0x74, 0x27, 0x68, 0xBA, 0xAC, 0x9B, 0x78, 0xDA, 0x63, 0x6D, 0x9B,
    0x5C, 0x63, 0x15, 0x85, 0xD8, 0xFD, 0x4D, 0x8D, 0xF5, 0x3D, 0x25, 0x8B, 0x7A, 0x97, 0x0E, 0xB2,
    0xFA, 0xED, 0xF7, 0xA8, 0xB0, 0x89, 0x8A, 0x86, 0x80, 0x9D, 0xB7, 0xC0, 0xDD, 0x60, 0xB1, 0xBB,
    0xDE, 0xB4, 0xE7, 0xD6, 0x14, 0xE8, 0xAD, 0xE9, 0xD0, 0x0D, 0x34, 0x68, 0x66, 0x21, 0x38, 0x5B,
    0xAF, 0xB3, 0x15, 0x3B, 0xAE, 0x99, 0x6A, 0x5D, 0x3E, 0x7C, 0x0A, 0x1A, 0x5B, 0x3E, 0x8E, 0x50,
    0xBE, 0x0A, 0x1F, 0x46, 0xDA, 0x48, 0x39, 0x2A, 0x28, 0x05, 0x0A, 0xE6, 0x5F, 0xBE, 0xE8, 0x92,
    0xBF, 0xBB, 0x80, 0xBC, 0x11, 0xCE, 0x2E, 0x4D, 0x92, 0x3C, 0x73, 0x45, 0x28, 0xD4, 0x7A, 0x23,
    0x74, 0x90, 0x09, 0xBE, 0x64, 0x47, 0x30, 0xBA, 0x85, 0x73, 0x7F, 0xE1, 0x97, 0xFE, 0xF5, 0xB8,
    0x43, 0xEC, 0x94, 0xDE, 0x21, 0x5B, 0x29, 0x02, 0x77, 0xC4, 0xD6, 0x87, 0x66, 0x83, 0x5F, 0xEB,
    0x46, 0x63, 0x0C, 0xC2, 0x5F, 0x06, 0xC9, 0x94, 0x4E, 0x10, 0x27, 0xE3, 0x2F, 0xCA, 0x54, 0x2B,
    0x58, 0x42, 0x56, 0xE0, 0xBE, 0x9B, 0x7C, 0xC0, 0x20, 0xC4, 0x4F, 0xC2, 0x8A, 0x1B, 0x52, 0x18,
    0xC9, 0xAA, 0xC4, 0xC7, 0x21, 0x2B, 0x72, 0x37, 0x65, 0xD7, 0xE5, 0xAF, 0xBB, 0x90, 0x52, 0x11,
    0x3C, 0xAF, 0xCD, 0xDC, 0xA3, 0x60, 0x6A, 0x70, 0x16, 0x1D, 0xDF, 0x2F, 0xB5, 0x42, 0xBD, 0xE0,
    0x63, 0x39, 0x55, 0x6C, 0xCE, 0x45, 0xD7, 0x31, 0xDB, 0x1A, 0xB0, 0x99, 0x00, 0x02, 0x84, 0xDB,
    0x15, 0x8B, 0x7C, 0x80, 0xC1, 0x98, 0x65, 0x25, 0x28, 0x2F, 0x56, 0x67, 0xFC, 0x1A, 0x86, 0x8B,
    0x26, 0x75, 0x36, 0xE8, 0x8B, 0x95, 0x7B, 0x54, 0xAB, 0x6C, 0x0A, 0x86, 0xBE, 0x1A, 0x1B, 0x37,
    0xA8, 0x2A, 0x91, 0xB1, 0x26, 0xC2, 0x37, 0xE8, 0x6A, 0x20, 0x17, 0xD7, 0x44, 0x3B, 0xBB, 0x1C,
    0x54, 0x36, 0xCA, 0x01, 0xD7, 0xA9, 0xF9, 0xA0, 0x21, 0x61, 0x78, 0x31, 0x18, 0x42, 0x2E, 0x10,
    0x2A, 0x6E, 0xD0, 0x78, 0x47, 0xED, 0x20, 0x31, 0x11, 0xBE, 0xE8, 0x47, 0x96, 0x90, 0xC3, 0x27,
    0x6C, 0x5D, 0x0F, 0x42, 0xDB, 0x03, 0xFD, 0x80, 0x74, 0x72, 0x58, 0x92, 0x58, 0x1D, 0x76, 0x2F,
    0x6B, 0xCE, 0xEF, 0x5E, 0x16, 0x6A, 0x5D, 0x10, 0xE3, 0x47, 0x92, 0xA0, 0xA7, 0xD9, 0x06, 0x68,
    0xEC, 0x32, 0xCF, 0x9C, 0xD6, 0x32, 0x45, 0xF2, 0x12, 0xA2, 0x5C, 0x9B, 0x5C, 0x2B, 0x22, 0xD5,
    0x13, 0x29, 0x84, 0x21, 0xE8, 0x96, 0x63, 0xDD, 0x29, 0x6D, 0xD4, 0xA8, 0xC9, 0xD6, 0xE3, 0xA8,
    0x06, 0x65, 0x8E, 0x1E, 0x45, 0xEA, 0xB0, 0xEC, 0xF5, 0x9F, 0xD5, 0x90, 0x58, 0x06, 0xA6, 0x9A,
    0x59, 0x1E, 0x79, 0x68, 0x30, 0x5B, 0x39, 0xB3, 0x13, 0x35, 0x95, 0x1A, 0x6D, 0xC2, 0x84, 0x45,
    0x04, 0x28, 0xDE, 0x23, 0x91, 0x4D, 0x18, 0xFD, 0xCF, 0xBD, 0x9B, 0xCD, 0xBD, 0xA9, 0xD9, 0x45,
    0x88, 0x7A, 0x9C, 0x97, 0xD6, 0xF1, 0xB8, 0xD2, 0xC3, 0xC7, 0x00, 0xC6, 0x6F, 0xBA, 0x68, 0x3B,
    0x35, 0x27, 0xDB, 0x56, 0x4D, 0x08, 0x13, 0x16, 0x66, 0x79, 0xEF, 0x26, 0xF7, 0xFE, 0x43, 0x41,
    0x1B, 0xEE, 0xF7, 0xD0, 0x6C, 0x4D, 0xCB, 0xE6, 0xD6, 0xCC, 0x19, 0xD8, 0x20, 0xC4, 0xB1, 0x96,
    0xFD, 0xB0, 0xC3, 0xB2, 0x56, 0xF4, 0x65, 0xF4, 0x39, 0xDD, 0x46, 0x1B, 0xE6, 0xFD, 0xF4, 0xA8,
    0x2A, 0x73, 0x49, 0xE9, 0x5E, 0x7E, 0x42, 0x23, 0x0B, 0xB0, 0x7E, 0x12, 0x21, 0x91, 0x57, 0x1C,
    0xAE, 0xD6, 0x42, 0xC0, 0xC4, 0xEB, 0x1E, 0x9B, 0xEE, 0x65, 0xDB, 0x93, 0xCD, 0x49, 0x37, 0xA5,
    0x62, 0x0B, 0x59, 0xF2, 0x59, 0xBD, 0xC3, 0x3E, 0xEE, 0x91, 0x7A, 0x74, 0xEB, 0xA2, 0xD3, 0xCB,
    0xE5, 0xEF, 0x4D, 0x59, 0x03, 0x96, 0xD9, 0xBA, 0xB1, 0x76, 0x16, 0xDC, 0x45, 0xFC, 0x74, 0x2A,
    0xF3, 0x7D, 0x73, 0xAA, 0x32, 0xEC, 0xF4, 0xA1, 0x91, 0xE7, 0x52, 0x32, 0x9E, 0xEA, 0x33, 0x64,
    0x13, 0x8F, 0x34, 0x2C, 0xCF, 0x34, 0x0C, 0x6D, 0xAA, 0x88, 0x16, 0x38, 0xB2, 0xC4, 0xDB, 0x2C,
    0xEA, 0x64, 0x60, 0x31, 0x43, 0x04, 0xB2, 0x9B, 0xEA, 0x0C, 0x18, 0x4B, 0x84, 0x23, 0xCB, 0xDF,
    0x3B, 0x7E, 0xC5, 0xBC, 0x58, 0x96, 0x44, 0x3F, 0x70, 0x6E, 0x0C, 0x4D, 0x80, 0xD4, 0xAC, 0x69,
    0x46, 0xE2, 0x7F, 0x7C, 0xE3, 0x5A, 0x38, 0x6D, 0x82, 0xD7, 0x6B, 0x71, 0x6A, 0x45, 0x95, 0x15,
    0x16, 0x5F, 0x6A, 0xF7, 0xB6, 0xC2, 0x42, 0x0E, 0x59, 0x63, 0x44, 0x61, 0xBE, 0xAC, 0x1D, 0x72,
    0x82, 0x44, 0x3D, 0x4D, 0xFD, 0x78, 0xA3, 0xDE, 0x43, 0xF3, 0x5C, 0xCD, 0x6B, 0x0F, 0xB0, 0x09,
    0x85, 0xA1, 0x56, 0x1B, 0x7A, 0xC4, 0x53, 0x70, 0xC2, 0xE5, 0x1B, 0x07, 0x2D, 0x32, 0x50, 0x32,
    0x59, 0xFB, 0x52, 0xD3, 0xED, 0xD1, 0x7A, 0x27, 0xB3, 0x02, 0xC6, 0x0E, 0x62, 0x05, 0x80, 0xFC,
    0x27, 0xFD, 0x58, 0x3E, 0x18, 0xA8, 0x64, 0xA7, 0xEA, 0x46, 0x74, 0xC0, 0xBC, 0x06, 0xF5, 0x80,
    0xFC, 0x66, 0x0D, 0x05, 0x42, 0xA9, 0xA0, 0x77, 0x20, 0x01, 0xD5, 0x18, 0x40, 0x05, 0xAA, 0xD7,
    0x80, 0x10, 0x3C, 0x33, 0x26, 0x58, 0x16, 0x89, 0x93, 0x3D, 0xDD, 0x95, 0xCA, 0x56, 0x57, 0x40,
    0x14, 0x5E, 0xA3, 0x3B, 0x4A, 0x17, 0xA2, 0xA6, 0x0C, 0x20, 0x0D, 0x11, 0x71, 0x03, 0x3D, 0x74,
    0xEC, 0x61, 0xE4, 0xEF, 0x86, 0x24, 0x9D, 0x6D, 0xED, 0x51, 0xC2, 0x31, 0x5A, 0xB0, 0x55, 0x57,
    0x72, 0xFD, 0xA4, 0xDF, 0x2C, 0x3F, 0xCC, 0x94, 0x58, 0xDB, 0x58, 0x85, 0x7A, 0x84, 0xF1, 0xC0,
    0x57, 0x66, 0x01, 0x8C, 0xF3, 0xFC, 0x64, 0xD1, 0x1D, 0x04, 0x99, 0x22, 0x03, 0x65, 0xE6, 0xE7,
    0x56, 0x20, 0x10, 0x18, 0xF5, 0xB8, 0x52, 0x28, 0x6A, 0x33, 0x15, 0x6F, 0x9E, 0xD4, 0xCA, 0x46,
    0x90, 0x4C, 0x65, 0x63, 0xCD, 0x26, 0x20, 0xEA, 0x69, 0xE6, 0xD8, 0x32, 0xA7, 0x81, 0xBE, 0x66,
    0xB5, 0x3A, 0xD6, 0xAC, 0x1C, 0xFD, 0x9F, 0xDA, 0x62, 0x8C, 0x53, 0x5A, 0xB6, 0x35, 0xA1, 0x31,
    0xE6, 0x7F, 0xCD, 0x87, 0xD8, 0x34, 0x53, 0xA9, 0x12, 0x4B, 0xAC, 0x62, 0xC4, 0x20, 0xF3, 0x0C,
    0x27, 0xE4, 0x23, 0xEB, 0x61, 0x8A, 0x3D, 0x93, 0x12, 0x10, 0x3F, 0xDF, 0x21, 0x28, 0xBD, 0x46,
    0xC6, 0x0F, 0x73, 0x65, 0x10, 0x92, 0x16, 0x75, 0x12, 0x11, 0xE9, 0x90, 0x93, 0x61, 0x01, 0x56,
    0x6C, 0xD7, 0x50, 0xBC, 0xE7, 0x26, 0x78, 0x93, 0x9B, 0xF8, 0x03, 0x9B, 0xE0, 0x89, 0x1E, 0x7B,
    0x4D, 0xD4, 0xD8, 0xF5, 0xA0, 0x56, 0xD0, 0x5E, 0x95, 0x58, 0x39, 0xFC, 0x4A, 0xA3, 0x3D, 0x3F,
    0x53, 0x21, 0xF8, 0xDA, 0xBD, 0x97, 0xC5, 0x0C, 0x6A, 0x4C, 0xEF, 0x26, 0x51, 0x0C, 0xD6, 0xCB,
    0x22, 0x66, 0x81, 0xC9, 0xD6, 0xD8, 0x05, 0x8C, 0x72, 0x66, 0xD4, 0x60, 0x3F, 0x79, 0xAE, 0xBB,
    0xC7, 0x1C, 0x57, 0xF6, 0x73, 0xD3, 0x74, 0xA8, 0x60, 0x7C, 0x04, 0xD3, 0xB5, 0xDA, 0x1E, 0x98,
    0xB8, 0xEE, 0x84, 0xE9, 0x6A, 0xA1, 0x2C, 0x56, 0xBB, 0x1F, 0xA4, 0xB8, 0x08, 0x4B, 0xDD, 0x14,
    0x63, 0x4B, 0x6C, 0x09, 0x99, 0xBB, 0x6C, 0x9B, 0x3E, 0xC5, 0x51, 0xBD, 0x2E, 0xC9, 0xA8, 0xD9,
    0x8A, 0xAB, 0xBD, 0x7F, 0x49, 0xCC, 0x44, 0x8D, 0x17, 0xB8, 0x74, 0xE1, 0x01, 0x48, 0xCD, 0x57,
    0x5F, 0x4E, 0xD5, 0x5A, 0x07, 0x79, 0x84, 0xFD, 0x9C, 0x78, 0xE2, 0x97, 0xA6, 0xC6, 0x16, 0xB3,
    0x3A, 0x99, 0xC4, 0x78, 0x40, 0x57, 0xF8, 0x2A, 0x4D, 0x48, 0xF6, 0x3D, 0x4A, 0xF6, 0xB3, 0xD3,
    0x87, 0xD1, 0xFE, 0x74, 0x37, 0x97, 0xD6, 0x7F, 0xC3, 0x1D, 0x7A, 0x99, 0xD4, 0xC7, 0xD4, 0xF1,
    0xFA, 0x8A, 0x91, 0x06, 0xF3, 0x2F, 0x59, 0xF3, 0x35, 0xCB, 0xA6, 0x9D, 0x3D, 0x4B, 0x96, 0x74,
    0x70, 0x76, 0x03, 0xB6, 0xC7, 0x9C, 0xE6, 0x22, 0x11, 0xF7, 0xF2, 0xCC, 0x53, 0x25, 0xFB, 0xF1,
    0xB2, 0x64, 0x9F, 0x89, 0x32, 0xF4, 0x85, 0x9E, 0x53, 0xB2, 0xAF, 0xC2, 0xC2, 0x41, 0x5A, 0x38,
    0x88, 0x0B, 0x07, 0x79, 0xE1, 0x28, 0x30, 0x28, 0x31, 0x28, 0x32, 0x28, 0x33, 0xCC, 0x58, 0xE7,
    0xDE, 0xE6, 0xE9, 0x39, 0xE8, 0xA6, 0xE4, 0xB4, 0xC3, 0xDC, 0xD3, 0xCD, 0xD9, 0x35, 0x41, 0xFB,
    0xB9, 0x14, 0xC9, 0x9A, 0xBC, 0xCD, 0x6E, 0x56, 0xC8, 0x31, 0xF6, 0xDC, 0xA1, 0x65, 0x5F, 0x33,
    0x45, 0x18, 0x09, 0x49, 0x0B, 0x53, 0x97, 0x5C, 0xF6, 0xDD, 0xD3, 0x14, 0xF1, 0x4B, 0x17, 0xBA,
    0x32, 0x81, 0x2A, 0x12, 0xCF, 0x8E, 0x43, 0x6F, 0xDC, 0x19, 0x14, 0xEE, 0x2B, 0x58, 0xDB, 0x76,
    0x04, 0xD6, 0x45, 0x09, 0x16, 0x64, 0x1C, 0x6D, 0x2C, 0x7F, 0xAC, 0x30, 0xDF, 0x0A, 0x79, 0xCA,
    0x72, 0x4D, 0xE8, 0x2F, 0x1A, 0x78, 0x67, 0x22, 0x7C, 0x83, 0x5D, 0xBC, 0x91, 0x1D, 0x3D, 0xF3,
    0x5B, 0x24, 0x51, 0xEE, 0xD2, 0x56, 0x97, 0x9F, 0xE1, 0x98, 0xEB, 0xB1, 0xC9, 0xB5, 0xF1, 0x56,
    0x53, 0x68, 0x98, 0x4A, 0xB1, 0xE9, 0x47, 0x90, 0x66, 0x8F, 0x5E, 0x12, 0x5B, 0x4D, 0x07, 0xDA,
    0x2F, 0x6D, 0x87, 0x4F, 0xCE, 0x69, 0x35, 0xCE, 0x12, 0x4F, 0xCA, 0x29, 0x2D, 0x88, 0xA0, 0xCB,
    0xFB, 0x39, 0xB4, 0x5F, 0x81, 0xC5, 0x3E, 0x73, 0x8E, 0x09, 0x7F, 0x9D, 0x6C, 0x04, 0xAA, 0x35,
    0x05, 0x5C, 0xD5, 0xEF, 0xB1, 0x46, 0x98, 0x5F, 0x6B, 0xEC, 0x44, 0x3E, 0xDD, 0x9A, 0x24, 0xC0,
    0xDE, 0xCD, 0xF9, 0xC7, 0x80, 0xF2, 0xDA, 0x5B, 0x89, 0xD2, 0xFC, 0x81, 0x8A, 0x95, 0x44, 0x5D,
    0x7F, 0x22, 0xAB, 0x90, 0x6D, 0xA9, 0x1E, 0x0F, 0x21, 0xE2, 0x04, 0x89, 0xD1, 0x6F, 0xFB, 0xA0,
    0xB3, 0xAE, 0x3D, 0x99, 0xE6, 0xD0, 0xFC, 0xB8, 0x3E, 0x27, 0x48, 0xA5, 0x0B, 0x48, 0xE3, 0xDA,
    0x95, 0x57, 0xC7, 0x53, 0x3E, 0xA8, 0x1C, 0xA9, 0x77, 0xA2, 0x1C, 0xBA, 0x17, 0x4B, 0xD1, 0x91,
    0x1F, 0x15, 0xCC, 0x46, 0xC1, 0x73, 0x19, 0x33, 0xF7, 0xAA, 0xB5, 0xCC, 0xF7, 0xE2, 0x47, 0xDA,
    0xE0, 0xED, 0xEF, 0xF6, 0xEA, 0xAC, 0xF5, 0xBA, 0x11, 0x7C, 0xD3, 0xC5, 0x3B, 0xF6, 0x34, 0x39,
    0xC0, 0x63, 0xCE, 0x0E, 0x29, 0x2D, 0x91, 0x08, 0x1C, 0x02, 0x85, 0xC0, 0x20, 0x97, 0xB0, 0x0F,
    0x58, 0x02, 0xF6, 0x80, 0xBC, 0x78, 0xCA, 0xA3, 0x56, 0xCC, 0x01, 0x71, 0xC0, 0x1B, 0xD0, 0x06,
    0xAC, 0x01, 0x69, 0xB9, 0x35, 0xE3, 0x0A, 0x0E, 0x39, 0x22, 0xEC, 0x61, 0xE6, 0xA3, 0x29, 0x23,
    0x2F, 0xB6, 0x70, 0xF6, 0xA2, 0xEE, 0xC0, 0x5A, 0x10, 0x36, 0x13, 0x77, 0x51, 0x18, 0x65, 0xBB,
    0x0B, 0x00, 0xF3, 0x29, 0x79, 0x07, 0x42, 0x91, 0x21, 0xFF, 0x7D, 0xD8, 0xFC, 0xB0, 0xB9, 0xE6,
    0x3B, 0x73, 0x7D, 0xC7, 0x8B, 0x7C, 0x9E, 0xCB, 0xE8, 0xA2, 0xAE, 0x9D, 0x15, 0xB0, 0x97, 0x6C,
    0xE1, 0xEB, 0xCD, 0x5B, 0x35, 0x3F, 0x5D, 0x3A, 0xD4, 0xB6, 0x41, 0xC1, 0xEF, 0x67, 0x6E, 0x1F,
    0x4B, 0x3A, 0xCD, 0x9B, 0xB3, 0x76, 0xD4, 0x5F, 0xBA, 0x09, 0xF1, 0xC4, 0xBC, 0xA1, 0xDE, 0x70,
    0x6F, 0xC8, 0x37, 0xEC, 0x1B, 0xFA, 0x0D, 0xFF, 0x46, 0x00, 0x21, 0x13, 0x97, 0x24, 0x60, 0x34,
    0x60, 0x44, 0x10, 0xA8, 0xC0, 0xC8, 0xC0, 0xE8, 0x20, 0x10, 0x82, 0x52, 0x82, 0x23, 0x29, 0x30,
    0x31, 0x7D, 0xE7, 0x48, 0x0C, 0x8E, 0xD4, 0xE0, 0x48, 0x0E, 0x8E, 0xF4, 0xE0, 0x48, 0x10, 0xAE,
    0x98, 0x3B, 0xDB, 0xF4, 0x2E, 0xD0, 0x44, 0x20, 0x8A, 0x43, 0xCF, 0xCC, 0xD7, 0xD5, 0xBE, 0x13,
    0xF9, 0xA2, 0x5E, 0x1C, 0x26, 0x69, 0xFB, 0x2F, 0xA0, 0x1F, 0xE4, 0x6B, 0xDD, 0x82, 0x66, 0x37,
    0x93, 0xBC, 0x65, 0xE9, 0x78, 0x74, 0xED, 0xE2, 0x8B, 0x57, 0x67, 0x3E, 0x16, 0xA4, 0xF3, 0xAA,
    0x7E, 0x92, 0x71, 0xA0, 0xC5, 0x3E, 0x14, 0xAD, 0x98, 0x8C, 0x69, 0x2F, 0xD4, 0x81, 0xA1, 0x11,
    0x1B, 0x51, 0x1B, 0xB9, 0xA8, 0x43, 0xA1, 0x2D, 0xC4, 0xC0, 0x74, 0xD9, 0xF6, 0x48, 0x75, 0x8C,
    0xA7, 0x4E, 0x17, 0xF8, 0x9F, 0x99, 0x44, 0x72, 0x98, 0x35, 0xD5, 0x2D, 0xB2, 0xA6, 0xCE, 0x49,
    0x9E, 0x3A, 0xCC, 0xDC, 0x69, 0x08, 0xBE, 0xD7, 0x89, 0x7A, 0x4B, 0x64, 0x31, 0xD7, 0xFF, 0x19,
    0x45, 0x33, 0xD6, 0x07, 0xA3, 0x3A, 0x98, 0x83, 0x45, 0x1A, 0xAD, 0x1C, 0x27, 0x5D, 0xB6, 0x7D,
    0xB0, 0xDC, 0xEC, 0xE4, 0x44, 0x83, 0xC1, 0xAB, 0x41, 0xED, 0x5E, 0xCF, 0x99, 0x3D, 0x53, 0x16,
    0x8E, 0xC6, 0x0A, 0x14, 0x58, 0x1B, 0x35, 0xE3, 0x4B, 0xD6, 0xC8, 0xFB, 0xD3, 0xA9, 0x55, 0x16,
    0x14, 0x6A, 0x96, 0xF6, 0xD1, 0xA2, 0xC0, 0xCB, 0x0E, 0x2F, 0x08, 0xFD, 0x44, 0x9A, 0xA1, 0x72,
    0x47, 0x0F, 0x28, 0xA7, 0xA0, 0x28, 0xD9, 0x58, 0x7B, 0x93, 0xAB, 0x53, 0xFF, 0x82, 0xD1, 0x4D,
    0x77, 0x69, 0x82, 0x68, 0x82, 0xF6, 0xEC, 0x83, 0x92, 0x8D, 0x00, 0x4C, 0x51, 0x9E, 0xE2, 0xF8,
    0xA2, 0x04, 0x05, 0x17, 0x0D, 0x14, 0xF2, 0x82, 0x81, 0x9A, 0x74, 0x30, 0xDD, 0xCB, 0x12, 0x73,
    0x87, 0x65, 0x7E, 0x79, 0xD1, 0x9C, 0xA3, 0x2D, 0x3C, 0x62, 0xA4, 0x03, 0x61, 0x37, 0x84, 0x34,
    0x64, 0x10, 0x0A, 0x38, 0x59, 0xDF, 0x43, 0x70, 0x55, 0x0C, 0x94, 0xD8, 0xA7, 0x8D, 0x66, 0x0C,
    0x97, 0x9A, 0x5A, 0x77, 0x01, 0x88, 0xE0, 0x23, 0x44, 0xC0, 0x78, 0x1A, 0x01, 0xB5, 0x55, 0xA5,
    0xD3, 0x4A, 0xB1, 0xE1, 0x37, 0x89, 0x00, 0xBA, 0xB8, 0xA0, 0xEF, 0xCC, 0xD9, 0x87, 0x01, 0x3A,
    0xDA, 0xFF, 0x59, 0xBF, 0xB0, 0xC3, 0xEB, 0x1B, 0x00, 0x6C, 0xF3, 0x23, 0x9C, 0xE8, 0xF2, 0xDD,
    0x61, 0xE6, 0x9A, 0x84, 0x2E, 0x87, 0x63, 0x7F, 0xEF, 0xBB, 0x67, 0xC0, 0x7E, 0xAD, 0x5E, 0x51,
    0xAD, 0x6F, 0x7E, 0xCB, 0xB3, 0xC8, 0x19, 0x05, 0x9C, 0xCC, 0x71, 0xC7, 0x32, 0xCD, 0xDA, 0x79,
    0xBA, 0xBC, 0x64, 0x3B, 0x5F, 0xCA, 0x8D, 0x70, 0x28, 0x42, 0x40, 0x0C, 0x99, 0xF7, 0x77, 0xAD,
    0xF5, 0xD0, 0x8E, 0x10, 0x8B, 0x9A, 0xF5, 0xEE, 0x83, 0xB3, 0x18, 0x74, 0x93, 0xD4, 0xA4, 0x7A,
    0xB5, 0xD3, 0x56, 0x8A, 0x27, 0xAF, 0x91, 0x43, 0xDF, 0x1D, 0x29, 0x18, 0x6E, 0x1A, 0xE5, 0x64,
    0x03, 0xA1, 0x9A, 0x0F, 0x54, 0x44, 0xD0, 0x96, 0x6D, 0x87, 0x85, 0xB2, 0x77, 0x73, 0x67, 0xBD,
    0x9B, 0x5B, 0xEB, 0xD9, 0xDB, 0x12, 0xC4, 0xBA, 0xF5, 0xA1, 0x79, 0xDE, 0x16, 0xEA, 0x72, 0x84,
    0x91, 0x01, 0xC1, 0xCC, 0x13, 0x0A, 0xF9, 0xC8, 0xFC, 0xCE, 0x62, 0x24, 0x90, 0x75, 0xEE, 0x2B,
    0x16, 0x50, 0x01, 0xD4, 0x68, 0x6A, 0x31, 0xD2, 0xCB, 0x89, 0x1A, 0x2A, 0xF3, 0x99, 0x16, 0x56,
    0xE0, 0x51, 0xF8, 0x7B, 0x35, 0x0A, 0x4D, 0xCD, 0x6C, 0x4E, 0x8D, 0x34, 0xE2, 0x90, 0x79, 0x7C,
    0x33, 0xC4, 0xBD, 0x6E, 0x94, 0x21, 0xBB, 0x26, 0x61, 0xB7, 0x8C, 0x35, 0x0C, 0xC1, 0x31, 0xE3,
    0xFE, 0x07, 0xD5, 0xB6, 0x47, 0x29, 0x46, 0xD4, 0xF2, 0x4D, 0x23, 0x57, 0xE2, 0xDB, 0xE7, 0x81,
    0xED, 0xB2, 0x0B, 0x74, 0x24, 0xDB, 0xB8, 0x1A, 0xFC, 0x75, 0x8B, 0x9C, 0x12, 0x6F, 0xC3, 0x0E,
    0x36, 0x00, 0xEA, 0xF0, 0xB0, 0x0F, 0x3A, 0xD4, 0x18, 0x3A, 0x44, 0x57, 0x37, 0x4A, 0x52, 0x09,
    0x32, 0x42, 0xD1, 0x24, 0x9E, 0x2F, 0xFA, 0xC0, 0x9B, 0x3E, 0xD8, 0x00, 0xB8, 0x60, 0x5A, 0x72,
    0xCD, 0x25, 0x7B, 0x24, 0x27, 0x27, 0x7E, 0xB8, 0xA4, 0x4D, 0x08, 0xDE, 0x1A, 0x72, 0x81, 0x51,
    0xFD, 0x03, 0x8F, 0x26, 0xF1, 0x29, 0xB4, 0xC8, 0x41, 0x37, 0xE2, 0x5C, 0xF1, 0xA7, 0xF0, 0x2E,
    0x41, 0xAB, 0x53, 0x93, 0x5F, 0x7B, 0xFB, 0xD3, 0xC9, 0xF0, 0x69, 0x78, 0x3D, 0xD4, 0x83, 0xBD,
    0x1D, 0xEA, 0xF1, 0xA3, 0x92, 0xA9, 0xE1, 0x0B, 0x08, 0xC2, 0xC8, 0x83, 0xB0, 0x8B, 0x96, 0xAF,
    0x89, 0x7A, 0x68, 0xE9, 0x22, 0xFC, 0x7C, 0x8D, 0x29, 0xB9, 0xE1, 0x0D, 0x51, 0xE1, 0x05, 0x51,
    0xE1, 0xFD, 0x50, 0xD3, 0xEB, 0xA1, 0x42, 0xC6, 0x54, 0xE6, 0xCB, 0x27, 0xF4, 0x72, 0x9A, 0x5E,
    0xF8, 0x0E, 0x28, 0x27, 0x4B, 0x68, 0x90, 0x7B, 0x97, 0x62, 0xF8, 0x21, 0xDA, 0x2D, 0x79, 0xEF,
    0x17, 0x05, 0x96, 0x56, 0x0B, 0x18, 0x5D, 0x7F, 0xA8, 0xA9, 0xC7, 0xB2, 0x50, 0x63, 0x73, 0x14,
    0xA7, 0x41, 0x39, 0x7B, 0xCB, 0xF4, 0xA4, 0x88, 0xE3, 0x2B, 0xEE, 0x70, 0xAC, 0x4D, 0x9D, 0x2D,
    0x26, 0x6A, 0xB2, 0xEA, 0xDF, 0xBB, 0x4F, 0xA8, 0x68, 0x69, 0xF9, 0xEF, 0xA8, 0xAD, 0xD0, 0x19,
    0xFD, 0x3E, 0x7D, 0x8D, 0x1B, 0xBA, 0x41, 0xDD, 0x37, 0x39, 0xBC, 0xCA, 0x81, 0xBE, 0xC7, 0x9F,
    0x0C, 0x8B, 0x52, 0x5E, 0x53, 0x6F, 0xDC, 0x57, 0x1E, 0x6A, 0xC1, 0xE4, 0x3E, 0x3E, 0xC7, 0xF8,
    0xE9, 0x02, 0x29, 0x0B, 0x86, 0x07, 0xBE, 0x65, 0x45, 0xA2, 0xE6, 0xCF, 0xEE, 0x0A, 0xEA, 0x65,
    0x1B, 0x00, 0x35, 0xB5, 0x18, 0xBF, 0x48, 0xB3, 0xDD, 0x13, 0x01, 0xB5, 0x20, 0xAD, 0x2F, 0x23,
    0x1E, 0xE7, 0x7A, 0x74, 0xA0, 0x48, 0x46, 0xD8, 0x12, 0xAB, 0x11, 0x39, 0x68, 0xE9, 0x00, 0xE7,
    0x75, 0xD1, 0xC2, 0xD1, 0x52, 0x37, 0xDC, 0xE5, 0x10, 0x16, 0x89, 0x7A, 0x94, 0x1B, 0xBB, 0xDB,
    0x67, 0xF4, 0x31, 0x7B, 0xC8, 0x68, 0xEA, 0xA1, 0xC6, 0x79, 0x7B, 0x02, 0xE7, 0x9B, 0xFB, 0xE1,
    0xFC, 0x4B, 0x16, 0x8A, 0x08, 0xCE, 0xB1, 0x13, 0xAF, 0xB2, 0x0B, 0x15, 0xBE, 0x89, 0xBF, 0x11,
    0x6A, 0x9A, 0xED, 0x3A, 0xFB, 0xE0, 0xB9, 0xD7, 0x2F, 0x24, 0x7E, 0xFB, 0x05, 0x7E, 0x61, 0x95,
    0x5D, 0x73, 0x14, 0x86, 0xF6, 0x2E, 0xBB, 0x90, 0xE9, 0x6E, 0xCD, 0xF7, 0xAC, 0xFF, 0xA1, 0x95,
    0x12, 0xDA, 0x0E, 0x65, 0x05, 0x41, 0x91, 0xF5, 0x41, 0x5C, 0xBA, 0xC5, 0xE6, 0x86, 0x7F, 0x8B,
    0x8E, 0x7F, 0x73, 0xCB, 0xBF, 0x45, 0xCF, 0xBF, 0x45, 0xD3, 0xBF, 0xB9, 0xEB, 0xDF, 0xB2, 0xED,
    0xDF, 0x83, 0xF5, 0xFD, 0xB3, 0x4A, 0xF7, 0xE8, 0x9F, 0x91, 0x2C, 0xAA, 0x8C, 0x9C, 0xC0, 0xC8,
    0xD6, 0x53, 0x7D, 0x55, 0x87, 0xFC, 0xAF, 0xC0, 0xEE, 0x75, 0x38, 0x79, 0x3C, 0xE9, 0x4F, 0x81,
    0x87, 0x32, 0xE8, 0x2D, 0x6B, 0x93, 0x1A, 0x9C, 0x56, 0xEC, 0x15, 0x81, 0x42, 0xB3, 0x11, 0x34,
    0x95, 0x68, 0xC2, 0x33, 0x5F, 0x25, 0x12, 0x2B, 0x72, 0x3C, 0x28, 0x0A, 0x6F, 0x1C, 0xF1, 0x88,
    0x54, 0x21, 0x1C, 0xE8, 0x51, 0xB3, 0x26, 0xA7, 0xE9, 0xFF, 0x79, 0x4B, 0x1C, 0xDE, 0xE5, 0x3F,
    0xF3, 0x4C, 0x50, 0xF6, 0xBB, 0xE2, 0x3F, 0x2C, 0xB4, 0xE9, 0x77, 0xF5, 0xDF, 0x7B, 0xA6, 0xE4,
    0xFA, 0x9D, 0xFF, 0xBC, 0xB7, 0xFC, 0xDB, 0x9F, 0xCA, 0xC7, 0xCC, 0x61, 0xAD, 0xDF, 0xDD, 0xC7,
    0x9E, 0x05, 0xC9, 0xF5, 0xFB, 0x43, 0xEC, 0x09, 0x9D, 0xDA, 0x77, 0x91, 0xC1, 0xAC, 0xD2, 0x28,
    0x64, 0xA8, 0x47, 0xDE, 0x5A, 0xE7, 0x6A, 0x74, 0xAB, 0x31, 0x9A, 0x53, 0x19, 0x6E, 0x9A, 0xA6,
    0xE6, 0x73, 0x58, 0x7E, 0x6B, 0xB1, 0x9F, 0xDD, 0x3E, 0xC3, 0x94, 0x50, 0xAD, 0x0F, 0xF2, 0x67,
    0x79, 0x81, 0x22, 0x77, 0x22, 0x3A, 0xBD, 0x35, 0x0A, 0x0E, 0xCA, 0x86, 0x55, 0x95, 0xFE, 0xC4,
    0x1C, 0x4A, 0x9F, 0xDB, 0x1B, 0x3B, 0x8C, 0x56, 0x58, 0x81, 0x3D, 0x35, 0xDE, 0xBA, 0x3F, 0x73,
    0x67, 0xF6, 0x56, 0xB8, 0x86, 0x16, 0x32, 0xA5, 0x36, 0x1A, 0x6D, 0x65, 0xEE, 0xA9, 0x66, 0x11,
    0x57, 0x2A, 0x44, 0x64, 0x76, 0xE8, 0x16, 0x52, 0x6A, 0x9A, 0x52, 0x2B, 0x84, 0x90, 0x69, 0x1E,
    0x6C, 0x8C, 0xAC, 0xE4, 0x42, 0xBB, 0x7A, 0xC8, 0xBD, 0xF3, 0x5E, 0x7B, 0x84, 0x6A, 0x27, 0x10,
    0x86, 0x04, 0x52, 0x2D, 0x53, 0x2F, 0x74, 0x5C, 0x0B, 0xA8, 0x45, 0x5C, 0x0C, 0xA9, 0xC0, 0xB9,
    0x71, 0xEB, 0x41, 0xA8, 0x5C, 0x33, 0xA7, 0x87, 0xA2, 0x7E, 0xC7, 0xE3, 0x45, 0x9A, 0xF9, 0xBB,
    0x2A, 0x2A, 0xC6, 0x31, 0x7F, 0x1F, 0xE9, 0x36, 0x7A, 0x01, 0x42, 0x30, 0x39, 0x1D, 0x37, 0xDB,
    0x9C, 0x01, 0xDD, 0x0D, 0x1C, 0x27, 0xFA, 0xEA, 0x4C, 0x64, 0x40, 0xF7, 0x56, 0xB4, 0x7E, 0xE5,
    0xD0, 0xE1, 0x1B, 0xA2, 0xDE, 0xB3, 0x2A, 0x5F, 0x4D, 0x3D, 0x0E, 0xC8, 0x22, 0x63, 0xC6, 0x3E,
    0x8B, 0x3D, 0x3D, 0xC7, 0x0C, 0x66, 0xA1, 0x3A, 0xE3, 0xF6, 0x7D, 0xFB, 0x7F, 0x34, 0x05, 0xDF,
    0x9E, 0xA9, 0xC1, 0x5E, 0xA5, 0xEC, 0xB2, 0xC0, 0xCB, 0x52, 0x48, 0xAE, 0xFA, 0xB7, 0xF2, 0xF4,
    0xCB, 0xA4, 0x16, 0x9F, 0xC6, 0xAE, 0x23, 0x48, 0x81, 0xBA, 0x53, 0xF5, 0xCE, 0x1A, 0x35, 0x30,
    0x66, 0x9F, 0xEF, 0xD7, 0x8C, 0xB4, 0x72, 0x8F, 0x12, 0x6E, 0x28, 0x4C, 0xBB, 0x09, 0x45, 0xAC,
    0xD3, 0x1B, 0x8F, 0xDD, 0xD2, 0x4D, 0x18, 0x9C, 0x42, 0xD1, 0x87, 0xEE, 0xF0, 0xD1, 0xB8, 0xD9,
    0x2B, 0x34, 0xBD, 0x01, 0xD4, 0xFC, 0x42, 0x87, 0x4E, 0x5D, 0xC2, 0xCD, 0x72, 0xB5, 0x6B, 0xF3,
    0x3E, 0x31, 0x7F, 0xC0, 0xEA, 0xEC, 0xDF, 0x63, 0xCA, 0xC2, 0x96, 0x06, 0xC0, 0x46, 0x3D, 0x35,
    0x6A, 0x5A, 0xE9, 0x8C, 0x5F, 0x16, 0xCD, 0xE6, 0xD4, 0x4F, 0x09, 0x33, 0xEC, 0x66, 0xAF, 0x1B,
    0x8C, 0xD6, 0x2E, 0x7A, 0xBC, 0x74, 0x44, 0x19, 0x40, 0x87, 0x9C, 0x39, 0x5E, 0x19, 0x02, 0x19,
    0x4A, 0x5C, 0x61, 0x88, 0x11, 0x57, 0x52, 0x41, 0x90, 0x83, 0xA9, 0x1B, 0xCC, 0x49, 0xAB, 0x37,
    0x31, 0x20, 0x5D, 0xC3, 0x6F, 0x19, 0xA0, 0xFA, 0x21, 0xAD, 0x90, 0x1F, 0xD1, 0x8F, 0x4F, 0x1E,
    0xA8, 0x5E, 0xB3, 0x37, 0xFE, 0xEC, 0x02, 0x3F, 0x1A, 0x03, 0xBA, 0xB9, 0x1D, 0xEE, 0x41, 0x4B,
    0xE2, 0xD0, 0xC8, 0x03, 0x99, 0xA5, 0x7C, 0x2D, 0x55, 0x49, 0x57, 0x97, 0xB7, 0x76, 0xAE, 0x4C,
    0x83, 0x27, 0x03, 0xDB, 0x0D, 0x43, 0x7A, 0x88, 0x8B, 0x6F, 0x47, 0xB7, 0x99, 0xF9, 0x6E, 0x6F,
    0x39, 0x18, 0x42, 0x04, 0x3D, 0xC4, 0xD0, 0x19, 0xE5, 0xCF, 0xB7, 0xD9, 0x03, 0xF8, 0xAE, 0x1E,
    0x2B, 0x92, 0x63, 0x60, 0x3D, 0xEA, 0x96, 0x35, 0x60, 0x95, 0xBD, 0x34, 0x97, 0x30, 0x0B, 0x7D,
    0x77, 0xCA, 0x45, 0xED, 0xC9, 0x57, 0xCE, 0x05, 0x5E, 0xC6, 0xB7, 0x60, 0xE5, 0x4C, 0x33, 0x29,
    0x58, 0xC6, 0x6A, 0x49, 0x27, 0xFA, 0x52, 0x03, 0x99, 0x72, 0xCD, 0x34, 0xC2, 0x7A, 0x83, 0x4C,
    0xD7, 0x8A, 0xCB, 0x7D, 0x3E, 0xB4, 0x3A, 0xB3, 0xB7, 0x0B, 0x86, 0x8E, 0x35, 0x23, 0x17, 0xDC,
    0x2F, 0x04, 0x6E, 0x16, 0xC8, 0xA9, 0x9C, 0xE3, 0x47, 0x49, 0xB8, 0x62, 0x17, 0x52, 0x64, 0xFE,
    0x86, 0x2F, 0xED, 0xAA, 0x79, 0x85, 0x47, 0x7A, 0x65, 0xEC, 0x91, 0x5D, 0x97, 0x78, 0x04, 0xB2,
    0x04, 0x29, 0x15, 0x33, 0x11, 0xED, 0x85, 0x0F, 0x05, 0x33, 0x5B, 0x6D, 0xEE, 0x8B, 0x8C, 0x12,
    0x02, 0xE9, 0xDF, 0xE6, 0xFA, 0xB7, 0x64, 0xD1, 0x8E, 0x24, 0x5B, 0xA4, 0x69, 0xB0, 0x14, 0xC7,
    0xCF, 0x97, 0x9F, 0xCE, 0x1A, 0x2F, 0xD1, 0xF4, 0x55, 0x73, 0x97, 0x54, 0xDB, 0xF1, 0x0D, 0xD3,
    0x68, 0x91, 0x0B, 0x2C, 0x8A, 0xCD, 0x1D, 0x59, 0xB0, 0xBE, 0x7C, 0xB1, 0xB7, 0x3C, 0xA0, 0xA8,
    0x43, 0x4C, 0xF3, 0xCA, 0x6A, 0xF1, 0x28, 0xB6, 0x5F, 0xB1, 0x34, 0xA4, 0xB9, 0xE0, 0x43, 0x68,
    0xEA, 0x16, 0xFE, 0x5B, 0x9D, 0xBC, 0x9B, 0x08, 0xFB, 0xFC, 0x4B, 0xA3, 0x45, 0x00, 0xD9, 0x54,
    0xB9, 0xFA, 0x29, 0xD6, 0xB7, 0x35, 0x5F, 0xC1, 0xD5, 0xA0, 0xC1, 0x2F, 0xA4, 0xB7, 0xB5, 0xE7,
    0x39, 0xAC, 0x92, 0xCE, 0x2D, 0x8E, 0xF4, 0x41, 0xCC, 0xF3, 0x28, 0x22, 0xFF, 0x2F, 0xDD, 0x22,
    0xDB, 0x64, 0x33, 0x95, 0xC6, 0x10, 0xF7, 0x04, 0x5A, 0x74, 0xCE, 0xFE, 0x75, 0xD1, 0x50, 0x6D,
    0xAF, 0x77, 0xCC, 0x00, 0xFE, 0xF0, 0x72, 0xC7, 0xAC, 0xC3, 0xB6, 0x6C, 0xAF, 0x76, 0x0C, 0x6F,
    0x76, 0x0C, 0x45, 0x10, 0xDD, 0x61, 0xE7, 0x9F, 0xC7, 0x83, 0xDD, 0x1D, 0x76, 0x53, 0xD9, 0x54,
    0xE3, 0x41, 0xA7, 0x1D, 0xEF, 0x63, 0xE4, 0xF6, 0xA2, 0x95, 0x88, 0xBF, 0xD3, 0x4E, 0xAA, 0x0D,
    0x37, 0x34, 0x66, 0x49, 0x70, 0x2F, 0x3A, 0x1D, 0x0D, 0xBF, 0x78, 0xEC, 0xEE, 0x8E, 0xEE, 0x85,
    0x62, 0x55, 0x0B, 0x65, 0x59, 0xF3, 0x1E, 0xEB, 0x93, 0x90, 0x0F, 0xD4, 0xB8, 0x8B, 0x76, 0x45,
    0x75, 0xBB, 0x65, 0x73, 0x05, 0xDB, 0x6C, 0xA2, 0xA9, 0xB1, 0x5E, 0x73, 0xB0, 0xF9, 0x58, 0x13,
    0xAE, 0x10, 0x5F, 0x9E, 0xD2, 0x13, 0x43, 0xF9, 0xAB, 0x09, 0x16, 0x7B, 0xDB, 0xFA, 0xD4, 0x00,
    0x2C, 0x74, 0x00, 0x9B, 0x1A, 0xAC, 0x85, 0xDA, 0x64, 0x23, 0xBD, 0xA0, 0x20, 0x4C, 0xE3, 0xD4,
    0xE1, 0x6F, 0x67, 0xD3, 0xD9, 0x9E, 0x33, 0x9D, 0x0F, 0x39, 0xAD, 0x3D, 0xAB, 0x5A, 0x38, 0x9D,
    0xAC, 0xA4, 0x3C, 0x2F, 0xDE, 0x98, 0xBA, 0xCE, 0x35, 0x36, 0x96, 0xCB, 0x42, 0xB9, 0xF0, 0x02,
    0xA2, 0xFF, 0x07, 0xED, 0x5D, 0x3F, 0xB0, 0xE5, 0x66, 0x75, 0x97, 0x74, 0x77, 0x9F, 0x82, 0x15,
    0x90, 0x0B, 0xB6, 0x08, 0x9B, 0x20, 0x17, 0x29, 0x80, 0x38, 0x51, 0x43, 0x41, 0x13, 0x4B, 0xD8,
    0x33, 0x49, 0x91, 0xE6, 0x15, 0xDE, 0x8A, 0x82, 0x14, 0x29, 0x82, 0x29, 0x1E, 0x25, 0x99, 0x81,
    0x48, 0x09, 0x33, 0xA1, 0x48, 0xC1, 0x66, 0x26, 0xD4, 0xA4, 0xA0, 0x08, 0xCF, 0xC5, 0xA6, 0xA0,
    0x20, 0x33, 0x60, 0x09, 0x28, 0x53, 0x70, 0x9D, 0x19, 0xD2, 0xA4, 0xD8, 0xCB, 0x60, 0x26, 0x01,
    0x17, 0x16, 0x46, 0x9E, 0x68, 0x8D, 0xA4, 0x2F, 0xE7, 0x9C, 0xDF, 0x39, 0xDF, 0xA7, 0xFB, 0xDE,
    0xDB, 0xB5, 0x1D, 0x66, 0xC8, 0x2E, 0xBB, 0x77, 0xEC, 0xAB, 0xEF, 0xDE, 0xD5, 0x95, 0xF4, 0x9D,
    0xF3, 0xFB, 0xCE, 0xFF, 0xF3, 0xBD, 0x28, 0x92, 0xD7, 0x87, 0x6A, 0x1C, 0x23, 0xD7, 0xDB, 0x60,
    0x8F, 0x63, 0x6C, 0xDF, 0x24, 0x32, 0xB8, 0xB9, 0xD6, 0x3B, 0x47, 0x27, 0xA7, 0xCE, 0x2D, 0xF9,
    0x42, 0x5F, 0x34, 0x8E, 0x5E, 0x23, 0xFF, 0x33, 0xBF, 0xE8, 0x94, 0x9C, 0x8F, 0xFC, 0x2F, 0x95,
    0xDB, 0xA7, 0x32, 0xE8, 0x1C, 0x5D, 0xCE, 0xF1, 0x29, 0x33, 0x9F, 0x1F, 0x45, 0x3B, 0x37, 0xF0,
    0x3F, 0xD7, 0x51, 0xC6, 0x77, 0x29, 0x5D, 0x4B, 0x3F, 0xA2, 0x5F, 0x16, 0x34, 0x28, 0xF9, 0xE2,
    0x3C, 0xA8, 0xE8, 0x3C, 0x1A, 0xF4, 0x36, 0x68, 0xA3, 0x66, 0xD5, 0x41, 0xC7, 0x03, 0xFE, 0x55,
    0xB7, 0xC8, 0xA0, 0xC6, 0x80, 0x4F, 0xEC, 0xF0, 0x48, 0x3A, 0xE0, 0x37, 0x39, 0x59, 0x6E, 0xBC,
    0xF2, 0x13, 0x8C, 0x38, 0x2F, 0xC5, 0x13, 0xE8, 0x8D, 0x4B, 0x7A, 0x8C, 0x86, 0x6F, 0x9C, 0xBB,
    0xE5, 0x53, 0x8E, 0x7F, 0x90, 0xF2, 0x24, 0x26, 0x99, 0x3E, 0xBD, 0x84, 0x14, 0x34, 0xD1, 0x55,
    0x08, 0x91, 0x3A, 0xA3, 0xCD, 0xF5, 0xD3, 0xC8, 0xBF, 0x7E, 0x47, 0xA9, 0x05, 0x42, 0xD2, 0x95,
    0xED, 0x53, 0xFC, 0x62, 0xE2, 0xE4, 0xE7, 0x5F, 0x5E, 0x70, 0xDD, 0x91, 0x6F, 0x28, 0xD7, 0xE8,
    0x1C, 0xC8, 0x72, 0x28, 0x84, 0x28, 0x6D, 0x4E, 0xE7, 0xE7, 0x8E, 0x4E, 0x6A, 0xA3, 0x62, 0x91,
    0x43, 0x39, 0xCB, 0xA1, 0x9A, 0xE8, 0x50, 0x47, 0xCD, 0x28, 0x87, 0x6E, 0x24, 0xC2, 0xD1, 0xAF,
    0x07, 0x3E, 0x59, 0x0E, 0xF4, 0x60, 0x34, 0x21, 0x3A, 0x99, 0xFF, 0x8D, 0x4E, 0x8E, 0xBA, 0x89,
    0xBF, 0x88, 0x9A, 0x79, 0xC7, 0xF7, 0xA9, 0xE8, 0x3E, 0x2D, 0xD3, 0x4E, 0xD8, 0x91, 0xC9, 0x23,
    0xF0, 0xCC, 0xEA, 0x8B, 0x93, 0x88, 0xA2, 0xBF, 0xB0, 0x41, 0xEA, 0x6C, 0xB4, 0x73, 0x97, 0xBF,
    0xCB, 0x57, 0x1D, 0xC4, 0xDD, 0xCC, 0xB3, 0x19, 0x77, 0x74, 0x8B, 0x81, 0x6F, 0x34, 0xA4, 0x72,
    0x33, 0x1A, 0x1D, 0x52, 0x21, 0xE1, 0x09, 0xDF, 0xF4, 0x6C, 0x11, 0xAA, 0xD0, 0x23, 0x15, 0xB3,
    0xDC, 0x9B, 0x46, 0xFC, 0xB8, 0x34, 0x79, 0x66, 0x04, 0x46, 0x87, 0x48, 0x9E, 0x3D, 0x92, 0x67,
    0x6E, 0x46, 0x19, 0x11, 0x77, 0x9A, 0x41, 0x6E, 0xDD, 0xCB, 0x54, 0xF9, 0xF1, 0x69, 0xC4, 0xE7,
    0xD2, 0xEC, 0x5B, 0xC5, 0x29, 0x13, 0x2E, 0xD6, 0x91, 0x41, 0xB6, 0x70, 0x86, 0xD9, 0x72, 0x15,
    0xEA, 0x32, 0x44, 0x64, 0xC4, 0xD3, 0xAE, 0x16, 0x9B, 0x0E, 0xDF, 0x3C, 0x93, 0x51, 0x33, 0xDB,
    0xC4, 0x9A, 0x45, 0x1F, 0x54, 0x50, 0xD3, 0xC8, 0x88, 0xF0, 0x1A, 0x0B, 0xE1, 0x68, 0xF4, 0x76,
    0x27, 0x0F, 0xC0, 0x14, 0x75, 0x58, 0x1F, 0x8C, 0xFA, 0x55, 0xD7, 0x09, 0xE8, 0x4B, 0xAF, 0x33,
    0x25, 0x31, 0xBD, 0x6E, 0xD5, 0x5B, 0x2A, 0x7F, 0xC6, 0xD6, 0xD6, 0xF1, 0x91, 0x81, 0x72, 0x3D,
    0x12, 0x6A, 0xF1, 0x2C, 0x4B, 0xBA, 0x4E, 0x43, 0xF4, 0xE9, 0x98, 0xE7, 0x74, 0x64, 0x52, 0xC9,
    0x91, 0xEF, 0xDD, 0x1D, 0x30, 0x61, 0xB7, 0xC7, 0x24, 0x5D, 0x2F, 0x47, 0x9A, 0xBB, 0x4C, 0x35,
    0x71, 0xAD, 0x4C, 0x94, 0xDE, 0x64, 0x72, 0x34, 0x57, 0x26, 0x0D, 0xCF, 0xB4, 0x58, 0xC1, 0xC0,
    0x4A, 0x8E, 0x0B, 0x96, 0x0A, 0xCD, 0x96, 0x17, 0x09, 0x31, 0x65, 0xE7, 0xE6, 0x6B, 0xCC, 0x88,
    0xFC, 0xF5, 0xB9, 0x64, 0x3A, 0x75, 0x3F, 0x60, 0x90, 0x12, 0x3F, 0x73, 0x9E, 0x60, 0xE5, 0xE6,
    0x8C, 0x4F, 0x2C, 0x99, 0xD1, 0x07, 0xA1, 0x3C, 0x08, 0x7A, 0x2A, 0xFF, 0x6D, 0x5F, 0x75, 0x94,
    0x6C, 0x26, 0x9D, 0x12, 0x3E, 0x87, 0xF0, 0x31, 0x9B, 0x82, 0xA8, 0x61, 0x46, 0xAF, 0x01, 0x65,
    0x42, 0x88, 0x4F, 0xCF, 0xDB, 0x4B, 0x39, 0x90, 0xDB, 0x5E, 0x15, 0x96, 0xD7, 0x25, 0x30, 0xEA,
    0xB5, 0xA6, 0xE8, 0x1D, 0x5F, 0xD7, 0xEF, 0xAC, 0xB7, 0xB7, 0xB7, 0x73, 0x0E, 0xC4, 0x92, 0x55,
    0x5F, 0xAA, 0x48, 0x4B, 0x21, 0xC9, 0x78, 0xF5, 0xF0, 0xD4, 0x33, 0xFF, 0xF1, 0xCC, 0x89, 0xE4,
    0x90, 0x8F, 0x4F, 0x97, 0x0B, 0x31, 0xE9, 0x10, 0xE5, 0x23, 0xFD, 0x7C, 0x12, 0x60, 0x65, 0xC4,
    0xA3, 0x62, 0x90, 0x03, 0xA3, 0x8B, 0xBF, 0x2E, 0x0E, 0x74, 0xD5, 0x1E, 0x50, 0x22, 0xF2, 0x15,
    0x7B, 0x11, 0x52, 0xBC, 0x4C, 0x23, 0x5A, 0x40, 0x27, 0x6D, 0x2C, 0x2B, 0x93, 0x6F, 0xCA, 0xD0,
    0xA3, 0x9F, 0x8C, 0xBA, 0x5C, 0xE4, 0x63, 0x2E, 0xD3, 0x97, 0xCB, 0x41, 0xE2, 0xF5, 0xBA, 0x84,
    0x2A, 0x13, 0xAF, 0x58, 0x3D, 0x7C, 0x72, 0x2C, 0x6C, 0xC4, 0x12, 0x5A, 0xEC, 0x4A, 0x3B, 0xBB,
    0x77, 0x2E, 0x98, 0x91, 0x8F, 0x74, 0x5F, 0x25, 0xA4, 0xAC, 0x2D, 0x7E, 0x76, 0x91, 0x95, 0xF4,
    0xDC, 0x6D, 0xC4, 0x48, 0x17, 0x71, 0x8D, 0xB5, 0xC5, 0x02, 0x9B, 0x45, 0xE6, 0x07, 0x5A, 0x41,
    0x51, 0x4A, 0x57, 0xE1, 0x2B, 0x95, 0x7B, 0x59, 0x65, 0xB9, 0x48, 0xE9, 0x3A, 0xAA, 0xE8, 0x1B,
    0x07, 0xF1, 0xCB, 0xF4, 0x6A, 0xF6, 0xBC, 0xF2, 0x12, 0x9A, 0x59, 0xC2, 0x17, 0xE7, 0x93, 0x96,
    0xF8, 0xCC, 0x8D, 0x72, 0x25, 0x02, 0x6B, 0xDC, 0x61, 0xF5, 0x08, 0x21, 0x5D, 0x5B, 0x28, 0x99,
    0xF1, 0x11, 0x54, 0x3F, 0xF8, 0x8F, 0xAC, 0x66, 0xFE, 0x3B, 0xF2, 0x3C, 0x39, 0x7A, 0x7D, 0xF0,
    0xBE, 0x6C, 0xFE, 0x42, 0x94, 0xEF, 0xC3, 0x27, 0x62, 0xD4, 0x06, 0x72, 0x2E, 0xDE, 0x22, 0xCE,
    0xBD, 0xB0, 0xBD, 0x68, 0x73, 0x77, 0xDC, 0x80, 0xA4, 0xE2, 0xE7, 0x30, 0x8C, 0x88, 0x06, 0xF2,
    0x10, 0xC1, 0xA2, 0x32, 0x84, 0x44, 0xBB, 0x19, 0x9F, 0x04, 0x20, 0x58, 0x10, 0x86, 0x0F, 0x83,
    0x2E, 0xE0, 0x61, 0x9F, 0x80, 0x0E, 0x5A, 0x2A, 0x37, 0x22, 0x0F, 0x0E, 0x22, 0x78, 0xB5, 0xF7,
    0xD8, 0xA8, 0xDC, 0xD8, 0x1C, 0x3C, 0x34, 0x9C, 0x88, 0x59, 0x43, 0x86, 0x4A, 0x1F, 0x20, 0x21,
    0x76, 0x6F, 0x38, 0xE7, 0x71, 0x41, 0x93, 0x63, 0xF9, 0xAA, 0xB0, 0x88, 0x09, 0xB6, 0x63, 0x40,
    0xC5, 0x2C, 0x52, 0xD3, 0x40, 0xF1, 0xB4, 0x0A, 0x0A, 0xC5, 0x84, 0x68, 0x75, 0x0F, 0x89, 0x72,
    0xDC, 0x20, 0x22, 0xEA, 0xF6, 0x1B, 0x40, 0x24, 0x32, 0x47, 0xC3, 0x43, 0xB6, 0x46, 0x2A, 0x74,
    0x19, 0x0E, 0xE5, 0x14, 0x3D, 0x13, 0x79, 0x34, 0xD0, 0x04, 0xBE, 0x13, 0x19, 0x18, 0x58, 0x6C,
    0xB9, 0x28, 0x60, 0xC1, 0xBD, 0xEC, 0x22, 0x83, 0x82, 0x60, 0x20, 0x32, 0x24, 0x54, 0x47, 0x40,
    0xA8, 0x7E, 0xEE, 0x88, 0x38, 0x86, 0x83, 0x7C, 0xB8, 0xE9, 0x86, 0x2D, 0xAB, 0x6F, 0x5C, 0x09,
    0x80, 0xA4, 0x8F, 0x5E, 0xF1, 0x62, 0xE2, 0xB0, 0x03, 0x8F, 0xE3, 0x53, 0xFA, 0x79, 0x3E, 0x62,
    0xE5, 0x93, 0x82, 0x9D, 0x2A, 0x15, 0xE6, 0x4B, 0xB4, 0x5B, 0x20, 0x5A, 0x4A, 0xFA, 0x3E, 0x71,
    0x00, 0xC8, 0xC7, 0x3A, 0xF0, 0x45, 0x5E, 0xA2, 0x63, 0xF5, 0xC6, 0xAC, 0xAC, 0x2A, 0xC5, 0x17,
    0x93, 0xF7, 0xBA, 0xA1, 0x67, 0xF3, 0x60, 0x61, 0x7C, 0xBD, 0xEE, 0x0E, 0xD1, 0x35, 0x80, 0xA2,
    0x9B, 0x88, 0x08, 0xDD, 0xB4, 0x5B, 0x01, 0x68, 0x12, 0xD9, 0xEE, 0x4B, 0x0E, 0xEA, 0xA4, 0x17,
    0x84, 0xC3, 0xAE, 0x6A, 0x73, 0x80, 0xDD, 0x8D, 0x99, 0xAB, 0xF3, 0xB5, 0x73, 0x2C, 0x63, 0xE8,
    0xE4, 0x3A, 0x1F, 0x98, 0x8A, 0x64, 0x0B, 0xB0, 0x58, 0x3F, 0x24, 0x22, 0x8D, 0x58, 0xB4, 0x67,
    0x3D, 0xB3, 0x81, 0x6C, 0x07, 0x16, 0x89, 0x75, 0x39, 0xC9, 0xF3, 0x0A, 0x43, 0x3B, 0x28, 0x57,
    0x7E, 0xFC, 0x98, 0xA7, 0x48, 0xEA, 0x95, 0x15, 0x5F, 0xCA, 0x5C, 0x23, 0x9B, 0x81, 0xC1, 0x26,
    0x0A, 0x8F, 0xE6, 0xC6, 0x6C, 0x97, 0xC7, 0xEE, 0x06, 0x96, 0x1E, 0xA4, 0x51, 0x48, 0x8E, 0xBB,
    0x21, 0x73, 0xE3, 0x35, 0x12, 0xD2, 0xE9, 0x81, 0xCE, 0x2F, 0xEE, 0x8E, 0x5F, 0xA0, 0xCB, 0x66,
    0xF4, 0xC3, 0xA5, 0xFB, 0xB4, 0x9B, 0x2B, 0xB7, 0x76, 0xAC, 0xAB, 0xD6, 0xC2, 0xCD, 0x58, 0x19,
    0x95, 0x9B, 0x72, 0xF7, 0x26, 0xE0, 0x5A, 0xBA, 0x43, 0xEE, 0xBE, 0xEB, 0xFE, 0x8C, 0x6D, 0x1E,
    0x9A, 0x48, 0x4A, 0x2A, 0x47, 0x74, 0x9A, 0xE9, 0x8C, 0xF8, 0xC5, 0x0B, 0x5C, 0xDB, 0x09, 0x05,
    0x76, 0xB2, 0xE0, 0x32, 0xA1, 0x00, 0xBE, 0xC9, 0xC4, 0xA0, 0x48, 0xB1, 0xD6, 0xC4, 0x60, 0x23,
    0x15, 0xBB, 0x57, 0x0D, 0x0F, 0x60, 0xAA, 0x4C, 0xC4, 0xBA, 0x84, 0x61, 0x21, 0xA0, 0x34, 0x2D,
    0x8E, 0x33, 0xBB, 0x39, 0xF2, 0x67, 0x8A, 0x99, 0xA7, 0x67, 0x42, 0x71, 0xE3, 0x4C, 0xC0, 0xAB,
    0xF3, 0xE6, 0x0A, 0x56, 0x24, 0x56, 0x94, 0x9E, 0xB9, 0x83, 0x21, 0x28, 0xFF, 0x8A, 0x31, 0xCE,
    0x94, 0xD5, 0xA3, 0x67, 0x62, 0x8C, 0x7F, 0xCD, 0x04, 0x5C, 0x3B, 0x6F, 0xB2, 0x3C, 0x85, 0x55,
    0x27, 0x0F, 0x5B, 0xB6, 0xA9, 0x37, 0x5B, 0xAA, 0x1E, 0x67, 0xF2, 0xFA, 0xE9, 0x5A, 0x9D, 0xD6,
    0xCA, 0xE6, 0xA4, 0x4E, 0x6B, 0x61, 0xA3, 0x4C, 0xA6, 0x25, 0x2B, 0x67, 0xC5, 0xB4, 0x0A, 0x55,
    0x50, 0x8B, 0x89, 0xA4, 0x19, 0xD3, 0x52, 0x13, 0xBD, 0xD9, 0xA8, 0x54, 0xB3, 0x50, 0x48, 0x3E,
    0xC5, 0x61, 0x1D, 0x4D, 0x3B, 0xB3, 0x6C, 0xE9, 0xE1, 0xDF, 0xF0, 0x4A, 0x16, 0xC4, 0xF7, 0xE3,
    0x79, 0x33, 0x0E, 0x6A, 0xB9, 0xDB, 0x28, 0xE1, 0xF8, 0xFE, 0x8A, 0x37, 0x9C, 0x95, 0x06, 0x25,
    0xCE, 0x86, 0x9C, 0xDE, 0x84, 0x87, 0x60, 0xB9, 0x50, 0x08, 0x1C, 0x87, 0x86, 0x07, 0xC3, 0x93,
    0xD1, 0x73, 0x31, 0x0A, 0x4C, 0x8C, 0x02, 0x0F, 0xE3, 0xDA, 0x58, 0x78, 0x22, 0x33, 0xEB, 0x20,
    0x93, 0x07, 0x63, 0x75, 0x83, 0xE1, 0x18, 0x86, 0x60, 0xEE, 0xE0, 0xF9, 0xCC, 0xEF, 0xC6, 0xE6,
    0x43, 0xE0, 0xF2, 0x3E, 0x30, 0xB9, 0x0F, 0x3C, 0xEE, 0x03, 0x8B, 0xFB, 0xC0, 0xE1, 0xD6, 0x18,
    0x9C, 0xC2, 0xAD, 0x60, 0xFE, 0x66, 0xCE, 0xB3, 0x57, 0xD8, 0xA8, 0xDC, 0x5D, 0x03, 0x73, 0x97,
    0xC0, 0xDB, 0x39, 0xB0, 0x76, 0x0E, 0x9C, 0x9D, 0x02, 0x63, 0xC7, 0xC0, 0xD7, 0x20, 0x6E, 0x36,
    0x22, 0xD1, 0x73, 0x52, 0x8D, 0x60, 0x7E, 0xC1, 0x34, 0x14, 0xD6, 0x8D, 0xB9, 0xF3, 0xC4, 0xF7,
    0xFA, 0x34, 0x07, 0xB5, 0x75, 0x78, 0x08, 0x6C, 0xF6, 0x76, 0xDC, 0xD9, 0x6B, 0x26, 0x41, 0x05,
    0x7B, 0x0B, 0x4B, 0xD5, 0x5C, 0xC4, 0xD5, 0x28, 0x07, 0x37, 0x3D, 0xC5, 0x40, 0xA0, 0xCB, 0xE4,
    0x22, 0xB7, 0x64, 0x22, 0x74, 0x25, 0x9E, 0x44, 0x59, 0xC3, 0xBC, 0x8F, 0xEC, 0xC0, 0x26, 0xFE,
    0x07, 0x85, 0xF2, 0x67, 0xFC, 0x53, 0x92, 0x36, 0x7C, 0x60, 0xB7, 0x81, 0x95, 0x04, 0x0E, 0x3D,
    0x8B, 0xB5, 0x44, 0xAC, 0x04, 0x21, 0x2B, 0x91, 0x8B, 0xD5, 0x55, 0xBE, 0x88, 0xF5, 0x4E, 0x57,
    0x67, 0xAA, 0xB2, 0x90, 0x73, 0xC2, 0x7F, 0xA6, 0x26, 0x5D, 0x9D, 0x24, 0x20, 0x5F, 0x5D, 0x85,
    0x35, 0xE3, 0x82, 0x9D, 0x93, 0x49, 0x1E, 0xA5, 0x1A, 0x3F, 0xC1, 0xC2, 0xB3, 0x59, 0x67, 0xBE,
    0x7A, 0xE7, 0xE6, 0x44, 0x0E, 0x23, 0x5F, 0xBD, 0x71, 0x7B, 0xBE, 0x7A, 0x89, 0xAB, 0xC7, 0xB5,
    0x8A, 0x11, 0x88, 0x50, 0xF5, 0x58, 0x7E, 0x1B, 0x8F, 0x5F, 0xD5, 0x00, 0x0F, 0x9C, 0x41, 0x38,
    0x58, 0x91, 0xFA, 0x00, 0x0D, 0x96, 0xD7, 0xC9, 0x5A, 0x5F, 0x5E, 0x00, 0x3B, 0xB5, 0xA6, 0x9F,
    0x97, 0x9F, 0x64, 0x4C, 0x5B, 0xE2, 0x23, 0x64, 0x5D, 0xCA, 0x3A, 0xB0, 0x71, 0xCB, 0x0E, 0xD7,
    0xE9, 0xE8, 0xD2, 0x27, 0xF4, 0xBF, 0xCA, 0x38, 0x51, 0xB9, 0xB5, 0x49, 0x39, 0xF9, 0xE4, 0xE5,
    0x1C, 0x11, 0x7C, 0xE7, 0xBC, 0xA4, 0x23, 0x7C, 0xB0, 0x6A, 0xB1, 0x4F, 0xAB, 0x88, 0x79, 0x95,
    0x7C, 0x74, 0xFB, 0x6C, 0xF1, 0xB2, 0xEF, 0x2E, 0xA1, 0x6E, 0xF6, 0xD2, 0xEF, 0x07, 0xAE, 0xE7,
    0x4F, 0x0D, 0x64, 0xDE, 0x97, 0xDD, 0x3E, 0x9F, 0x74, 0xFD, 0x24, 0xEE, 0x05, 0xF2, 0x52, 0x47,
    0x5D, 0x42, 0x3B, 0xB2, 0x9D, 0x06, 0xB6, 0xE6, 0x55, 0x0A, 0xD2, 0xB7, 0xD5, 0x60, 0x72, 0x70,
    0xA5, 0x5F, 0xD0, 0x27, 0x95, 0x84, 0x2C, 0x8E, 0x48, 0xBD, 0x62, 0x39, 0xD1, 0x8D, 0x4B, 0x47,
    0x66, 0xA1, 0x4A, 0x40, 0xE6, 0x1A, 0x4D, 0xF8, 0xF8, 0x93, 0x4A, 0xC1, 0x09, 0xC4, 0xC0, 0xA7,
    0x92, 0xF5, 0x9E, 0x50, 0x4B, 0xA4, 0xE2, 0x00, 0xDF, 0x55, 0x09, 0x31, 0x20, 0xB8, 0x00, 0x42,
    0x74, 0xF7, 0x60, 0x0F, 0x17, 0x90, 0x25, 0x6C, 0x73, 0xDA, 0xD4, 0x4B, 0xFE, 0x54, 0xDA, 0xD4,
    0x2B, 0x31, 0xE1, 0xFD, 0xD4, 0xF9, 0xF5, 0xBE, 0x5A, 0x45, 0xBC, 0x49, 0xC6, 0xED, 0x72, 0x8A,
    0xC8, 0x2F, 0x0A, 0xC2, 0x8E, 0x6D, 0xAD, 0xFE, 0x82, 0xBA, 0xBA, 0x4A, 0x42, 0x8A, 0xD9, 0xB8,
    0x75, 0x5D, 0xBA, 0x23, 0x48, 0xC4, 0x0F, 0x76, 0x52, 0xBA, 0x23, 0xD8, 0x6C, 0x5C, 0x9E, 0x4C,
    0xA8, 0x06, 0x1C, 0xD5, 0xB9, 0xAC, 0x11, 0xC0, 0x48, 0x68, 0x62, 0x28, 0x82, 0xD4, 0x34, 0x10,
    0x41, 0x6E, 0x2A, 0x86, 0xD4, 0x8B, 0x02, 0x84, 0xA2, 0x2D, 0x82, 0x20, 0x3D, 0x01, 0x20, 0xC8,
    0x4F, 0xC5, 0x4F, 0x29, 0xBC, 0x56, 0xF8, 0x54, 0xF0, 0x4F, 0x80, 0x1E, 0xFD, 0x60, 0xE0, 0x19,
    0xB6, 0xD8, 0x19, 0xB6, 0xD0, 0x19, 0xB6, 0xC8, 0x39, 0x6C, 0x81, 0xB3, 0xDF, 0xE2, 0xA6, 0xDF,
    0xC2, 0xA6, 0xDF, 0xA2, 0xA6, 0xDF, 0x82, 0xA6, 0xDD, 0x62, 0xA6, 0x0E, 0x90, 0x11, 0x31, 0x6B,
    0x88, 0x81, 0xA0, 0x35, 0xC0, 0xAC, 0x1B, 0xBC, 0x14, 0xCB, 0x06, 0x2E, 0xE5, 0xBC, 0x41, 0x4B,
    0x35, 0x6F, 0xC1, 0x32, 0x6D, 0xB0, 0xD2, 0x8C, 0x5B, 0xA8, 0x6C, 0xCD, 0xCF, 0x2D, 0x93, 0xE3,
    0x0D, 0x34, 0xFA, 0x5D, 0xF8, 0xB0, 0x1B, 0x33, 0xB7, 0x61, 0xA1, 0x0B, 0x3A, 0x2C, 0xDF, 0x42,
    0x26, 0xDB, 0x22, 0x66, 0x2B, 0x7B, 0xBD, 0xF4, 0xBD, 0xF4, 0x4A, 0x3D, 0x6A, 0xCB, 0xE5, 0xB2,
    0x5E, 0x6C, 0xC2, 0xC8, 0xDF, 0xA5, 0xF2, 0xFA, 0xBF, 0x68, 0xAF, 0xBC, 0x64, 0x0C, 0x97, 0xE4,
    0x1A, 0x81, 0xE0, 0xC0, 0x8B, 0xF0, 0xA6, 0x6B, 0x09, 0x2F, 0x64, 0xC9, 0x11, 0xF1, 0x7A, 0xD2,
    0x9B, 0x64, 0xD7, 0x25, 0x32, 0xFA, 0x85, 0x8E, 0xA2, 0xE6, 0xF5, 0x7B, 0xC4, 0x61, 0xE6, 0x4B,
    0xE7, 0xFA, 0x0E, 0x23, 0x22, 0x34, 0xFD, 0x82, 0xD9, 0x43, 0x70, 0x14, 0x8B, 0x95, 0xA8, 0x33,
    0x79, 0xA9, 0x3E, 0x78, 0xC1, 0x7E, 0xF0, 0xB2, 0x9D, 0xCD, 0x5B, 0x66, 0x0E, 0x7D, 0x91, 0x82,
    0x33, 0x29, 0x42, 0x18, 0x95, 0xC8, 0x7A, 0x15, 0xF0, 0xF4, 0x23, 0x96, 0xC9, 0x34, 0x0D, 0xFA,
    0xA2, 0x98, 0x7F, 0x8F, 0x61, 0x47, 0x3F, 0x2A, 0x57, 0xC7, 0x7C, 0x29, 0x39, 0x26, 0xB5, 0x8A,
    0xCC, 0x67, 0x78, 0xCE, 0x22, 0xF6, 0xF9, 0xBB, 0x81, 0x6F, 0xDD, 0x70, 0xDC, 0xAC, 0x56, 0xAD,
    0x48, 0x9A, 0x2C, 0x2C, 0xAD, 0x4D, 0x7C, 0x4B, 0x47, 0x27, 0xC0, 0x09, 0xD3, 0xA9, 0x37, 0xEA,
    0x55, 0xCE, 0xE4, 0x42, 0xE5, 0x23, 0x81, 0x95, 0xE7, 0x53, 0xE1, 0x59, 0x99, 0xBC, 0xD2, 0x5E,
    0x88, 0x84, 0xEC, 0x2C, 0x06, 0x92, 0xCE, 0x70, 0xA5, 0x42, 0xDC, 0x23, 0x76, 0x5F, 0xD1, 0xDF,
    0x75, 0xE1, 0xEA, 0xED, 0x85, 0xF8, 0xC6, 0x83, 0x22, 0x1B, 0x67, 0x5E, 0xE0, 0xD4, 0x86, 0xA3,
    0xD6, 0x9E, 0xA8, 0xB7, 0x0B, 0xF6, 0x76, 0x8B, 0xBD, 0xC5, 0x55, 0xF6, 0xC7, 0x52, 0x2A, 0x5D,
    0x14, 0xD6, 0xF9, 0xAC, 0x66, 0x45, 0x31, 0xEA, 0xA0, 0x3A, 0x28, 0x68, 0xBA, 0x1E, 0xFA, 0x9B,
    0xFC, 0x08, 0x08, 0x4F, 0x9A, 0x02, 0x06, 0x29, 0xAC, 0x15, 0x59, 0x98, 0xA0, 0x1B, 0xAD, 0x43,
    0x09, 0x37, 0xA9, 0x2F, 0x07, 0x4D, 0x29, 0x83, 0xD8, 0x06, 0x3B, 0xF7, 0xB3, 0xF3, 0x3B, 0xFC,
    0xD0, 0x99, 0xD3, 0x87, 0xE6, 0xA5, 0x26, 0x82, 0xBF, 0x9C, 0x74, 0xD0, 0x0C, 0xB0, 0xAF, 0x44,
    0xA9, 0xDC, 0x74, 0xF7, 0x78, 0x7D, 0xD6, 0x7C, 0x85, 0x9A, 0x09, 0x2F, 0xCA, 0x93, 0xA5, 0x5F,
    0xBA, 0x15, 0xC4, 0x7F, 0xC8, 0xAE, 0x0A, 0xC9, 0xD0, 0x92, 0x3D, 0xE0, 0xBA, 0xA3, 0xEB, 0x56,
    0xDF, 0x13, 0x67, 0xFD, 0xF5, 0x59, 0x88, 0x32, 0x44, 0x21, 0x1C, 0x22, 0x86, 0x25, 0xA8, 0xFC,
    0xE2, 0xA5, 0x50, 0x51, 0x0D, 0xDB, 0xBF, 0xE4, 0x10, 0x88, 0x23, 0xF2, 0x14, 0xA2, 0xF3, 0x1B,
    0x71, 0x58, 0xD9, 0x33, 0xEB, 0x01, 0x5A, 0xF5, 0xC6, 0xC4, 0x0F, 0x83, 0x07, 0x06, 0xDF, 0x0B,
    0x5E, 0x17, 0xFC, 0x2D, 0xF6, 0xB4, 0x66, 0xF5, 0xB1, 0xE0, 0x5D, 0xC1, 0xAF, 0x82, 0x47, 0x05,
    0x5F, 0x0A, 0x5E, 0x94, 0xF8, 0x4F, 0x83, 0x78, 0x4E, 0x3D, 0x7C, 0x26, 0xF3, 0x96, 0x4E, 0xA3,
    0xB8, 0x8D, 0x92, 0x49, 0x02, 0x4E, 0x0B, 0xBB, 0xD6, 0x89, 0x13, 0x8F, 0xCE, 0xFD, 0xDB, 0xE2,
    0x4D, 0x8F, 0x42, 0xDD, 0x0D, 0xE1, 0xED, 0x7C, 0x25, 0x5E, 0xBC, 0x47, 0x85, 0xC8, 0x16, 0xFC,
    0x84, 0xD6, 0xDB, 0xD6, 0xD5, 0x1A, 0x84, 0x08, 0x98, 0x0B, 0xF8, 0x43, 0x41, 0xC2, 0xBE, 0xD1,
    0x30, 0xF2, 0xE0, 0xDF, 0xA1, 0xE5, 0x77, 0x21, 0xC6, 0xA4, 0xFA, 0x3B, 0x53, 0x2F, 0xA7, 0xF5,
    0x4E, 0x1A, 0xD6, 0x17, 0x0C, 0x94, 0xCD, 0x0D, 0xC9, 0xE4, 0xBD, 0x2D, 0xD6, 0x2E, 0xA4, 0xEE,
    0x24, 0x36, 0xAE, 0x97, 0xB3, 0xFF, 0x42, 0x46, 0x34, 0x4D, 0xBC, 0x6B, 0x93, 0x79, 0xC7, 0x06,
    0x73, 0xC6, 0x06, 0xDD, 0x19, 0x87, 0x42, 0xF8, 0xFA, 0xC8, 0x13, 0x88, 0xE3, 0x30, 0x7A, 0x13,
    0x75, 0x2B, 0xCF, 0xA0, 0xCF, 0xC4, 0x13, 0x68, 0xFC, 0x1B, 0xAC, 0x67, 0xC4, 0xD7, 0xF6, 0x2A,
    0xBB, 0x45, 0x34, 0x88, 0x54, 0x48, 0x0D, 0x97, 0x58, 0x83, 0xB9, 0x46, 0x4A, 0xD5, 0x12, 0xAC,
    0xA6, 0x67, 0xF9, 0xB9, 0x17, 0x89, 0x8A, 0x42, 0x85, 0x22, 0x56, 0x24, 0x90, 0xB7, 0x07, 0x10,
    0x7E, 0xC9, 0xDA, 0x2F, 0x06, 0x84, 0x88, 0x3A, 0xD0, 0x07, 0x2B, 0xD5, 0x2F, 0x7C, 0x5B, 0xF7,
    0xA5, 0xAE, 0x52, 0x13, 0x41, 0xBB, 0xAB, 0xF9, 0xC7, 0x99, 0x18, 0xCD, 0x46, 0x2C, 0x9A, 0x9E,
    0x40, 0xDC, 0x17, 0x11, 0xA2, 0x5C, 0x13, 0x18, 0x96, 0x84, 0xD1, 0x1C, 0x8C, 0xA5, 0x60, 0x2C,
    0x03, 0x63, 0x09, 0x18, 0xCB, 0xBF, 0x58, 0xFA, 0xC5, 0xB2, 0x2F, 0x96, 0x7C, 0xB1, 0xDC, 0x8B,
    0xA5, 0x5E, 0x2C, 0xF3, 0x62, 0x89, 0x17, 0xCB, 0xBB, 0x58, 0xDA, 0xC5, 0xB2, 0x2E, 0x96, 0x74,
    0xB1, 0x9C, 0x8B, 0xA5, 0x5C, 0x2C, 0xE3, 0x62, 0x09, 0x17, 0xCB, 0xB7, 0xF8, 0x74, 0x8B, 0x65,
    0x5B, 0x7C, 0xB2, 0xE5, 0x38, 0x4D, 0xF1, 0x61, 0x59, 0xDC, 0x8D, 0x90, 0xB4, 0x69, 0x3B, 0x66,
    0xFF, 0x77, 0x45, 0xD5, 0xFF, 0xCF, 0x2C, 0xA4, 0x43, 0xD4, 0x6A, 0xEF, 0x0D, 0x27, 0x8D, 0xF5,
    0x5D, 0x5A, 0xDC, 0x08, 0x3D, 0x34, 0xE0, 0xB5, 0x66, 0x66, 0x66, 0x4D, 0xCC, 0x20, 0x2F, 0x83,
    0xB4, 0x0C, 0xB2, 0x32, 0x48, 0xCA, 0x20, 0x27, 0x83, 0x94, 0x0C, 0x32, 0x32, 0x48, 0xC8, 0x20,
    0x1F, 0x83, 0x74, 0x0C, 0xB2, 0x31, 0x48, 0xC6, 0x20, 0x17, 0x83, 0x54, 0x0C, 0x32, 0x31, 0x48,
    0xC4, 0x20, 0x0F, 0xA3, 0x69, 0x18, 0x9B, 0x9E, 0xAA, 0x0A, 0x8B, 0x96, 0xA7, 0x08, 0xD5, 0x79,
    0x3D, 0xB1, 0x41, 0xCB, 0xE1, 0x48, 0x49, 0x98, 0x8E, 0x78, 0x60, 0xF0, 0x5B, 0x13, 0x35, 0xAB,
    0xA6, 0x69, 0x66, 0x4D, 0xD2, 0x8C, 0x48, 0xD1, 0xAC, 0x3E, 0x41, 0x63, 0xE9, 0x19, 0x4B, 0xCE,
    0x58, 0x6A, 0xC6, 0x12, 0x33, 0x96, 0x96, 0xB1, 0xA4, 0x8C, 0xA5, 0x64, 0x2C, 0x21, 0x63, 0xE9,
    0x18, 0x4B, 0xC6, 0x58, 0x2A, 0xC6, 0x12, 0x31, 0x96, 0x86, 0xB1, 0x24, 0x8C, 0xA5, 0x60, 0x2C,
    0x01, 0x63, 0xE9, 0x17, 0x4B, 0xBE, 0x58, 0xEA, 0xC5, 0x12, 0x2F, 0xC5, 0x26, 0xD5, 0xB8, 0x6E,
    0x53, 0x2E, 0x3E, 0xE1, 0x72, 0x9C, 0x6E, 0x89, 0x9E, 0x8D, 0xB2, 0x83, 0x04, 0x1F, 0x24, 0x5C,
    0x47, 0x46, 0x89, 0x58, 0xB9, 0x5F, 0x82, 0xE0, 0xB9, 0x3B, 0x45, 0x6A, 0x1A, 0x47, 0x08, 0x5E,
    0x7A, 0xD1, 0x19, 0x69, 0xC0, 0xF0, 0x62, 0x66, 0x43, 0xF0, 0xE8, 0x2D, 0x71, 0xD2, 0x52, 0x92,
    0xA5, 0x19, 0x2C, 0x49, 0x63, 0x39, 0x1A, 0x4D, 0xD1, 0x68, 0x86, 0x06, 0x09, 0x1A, 0xCD, 0xCF,
    0x68, 0x7A, 0x46, 0xB3, 0x33, 0x9A, 0x9C, 0xD1, 0xDC, 0x8C, 0xA6, 0x66, 0x34, 0x33, 0xA3, 0x89,
    0x19, 0xCD, 0xCB, 0x68, 0x5A, 0x46, 0xB3, 0x32, 0x9A, 0x94, 0xD1, 0x9C, 0x8C, 0xA6, 0x64, 0x2C,
    0x23, 0xE3, 0x13, 0x32, 0x1F, 0x3B, 0x3F, 0x6F, 0xD5, 0xF5, 0x3B, 0x44, 0xC1, 0x65, 0x8D, 0x2C,
    0x75, 0x75, 0xF1, 0xF5, 0x99, 0xE8, 0x8F, 0x22, 0x75, 0xF2, 0x5A, 0x99, 0xE2, 0x0B, 0x7A, 0x84,
    0x9E, 0x4C, 0x67, 0xA5, 0x4A, 0x7D, 0x15, 0x59, 0x1E, 0x5F, 0xA8, 0xDD, 0xB8, 0x75, 0xEB, 0x34,
    0x58, 0x87, 0x8D, 0x3F, 0x30, 0xCD, 0xAF, 0xDF, 0xDA, 0x02, 0xF2, 0x83, 0xC8, 0x58, 0xB8, 0x1A,
    0x71, 0xF7, 0x2F, 0x41, 0xFA, 0x7C, 0x19, 0x07, 0xB1, 0x41, 0x77, 0x73, 0xB2, 0xDC, 0x37, 0x75,
    0xF5, 0xC8, 0x00, 0x2F, 0x38, 0xB8, 0x99, 0xCE, 0xBE, 0x69, 0x8F, 0x9C, 0xD9, 0x52, 0x55, 0x5C,
    0xA7, 0xDE, 0xC8, 0xBF, 0xE2, 0xF0, 0xF5, 0xE8, 0x2F, 0x61, 0x4D, 0x42, 0xE6, 0xE5, 0x0E, 0xAB,
    0x31, 0x5F, 0xA0, 0x12, 0xF3, 0x29, 0xB5, 0x40, 0xDF, 0xE9, 0x13, 0xE0, 0x6D, 0x4D, 0x3A, 0x75,
    0x17, 0xB0, 0xAA, 0x35, 0x33, 0x81, 0xB5, 0xBE, 0xB3, 0x2C, 0xF5, 0xD6, 0xFB, 0x53, 0x6E, 0x7C,
    0x62, 0xAB, 0x0F, 0xD7, 0x58, 0xF2, 0x58, 0x6E, 0x87, 0x64, 0x71, 0xB6, 0x39, 0xA4, 0x33, 0xE8,
    0x7E, 0x7A, 0x05, 0xD9, 0x1F, 0x1D, 0x50, 0x9E, 0x68, 0xA5, 0x46, 0x25, 0x2E, 0x01, 0x1D, 0xBF,
    0x0F, 0xCD, 0x59, 0xFC, 0x72, 0x52, 0x1F, 0xF0, 0xA0, 0x2E, 0x91, 0xBA, 0x4F, 0xDF, 0xC1, 0xE1,
    0x9F, 0x91, 0xB4, 0x7F, 0x02, 0xCA, 0xF7, 0x04, 0xCA, 0x12, 0x09, 0xD8, 0xA6, 0x95, 0x14, 0x5B,
    0xF5, 0x2A, 0x3C, 0x8C, 0xFF, 0xD1, 0x74, 0xCD, 0x18, 0x85, 0x24, 0x4A, 0xA4, 0x17, 0xB8, 0xB1,
    0x11, 0x91, 0x89, 0x4B, 0x50, 0xBB, 0x90, 0x6E, 0xD1, 0xB8, 0x4A, 0xAA, 0x31, 0x9D, 0xD2, 0xE9,
    0xD1, 0x17, 0x91, 0x4F, 0xEB, 0x13, 0x7F, 0xDB, 0xE2, 0x48, 0x16, 0x42, 0x52, 0x07, 0xDD, 0xE2,
    0x91, 0x37, 0x97, 0xE3, 0x13, 0x9F, 0xA0, 0xF1, 0x3D, 0xA1, 0xF1, 0x19, 0x1C, 0xBE, 0xA5, 0x32,
    0x6E, 0x1B, 0x28, 0xB1, 0x68, 0x9D, 0xC6, 0x3D, 0x0A, 0x10, 0xDC, 0x9C, 0xE6, 0xCF, 0x3F, 0x4E,
    0xB2, 0x91, 0x7D, 0x90, 0xD8, 0x49, 0xE2, 0x40, 0x52, 0x22, 0x1C, 0x9F, 0xFB, 0x19, 0x41, 0x85,
    0x7E, 0x37, 0xA7, 0x9C, 0x4D, 0xD9, 0xF5, 0x12, 0x9B, 0x89, 0xCE, 0x66, 0x8E, 0xC2, 0x30, 0x40,
    0xA4, 0x5C, 0xE1, 0x0D, 0xF2, 0xF3, 0xA6, 0x62, 0xA2, 0x87, 0xAE, 0xC6, 0x94, 0x4E, 0x1E, 0xE8,
    0xA4, 0xEE, 0x40, 0xFE, 0x8B, 0xDB, 0x57, 0x03, 0xCD, 0xA1, 0x1A, 0xE8, 0x79, 0xAB, 0x7B, 0x8D,
    0x54, 0x8A, 0xB1, 0x93, 0x24, 0xD3, 0xBA, 0xB7, 0x49, 0xDA, 0x9B, 0x89, 0xEA, 0x6D, 0x54, 0x6F,
    0xA4, 0xDE, 0xD7, 0x4A, 0x0D, 0x86, 0xAA, 0xB7, 0x54, 0xBD, 0xA9, 0xEA, 0x6D, 0xD5, 0x60, 0xAC,
    0x3E, 0xD0, 0x5A, 0x7D, 0x12, 0x3B, 0xF3, 0xB1, 0xB3, 0xEB, 0x62, 0xC5, 0x96, 0x0E, 0xEB, 0x4C,
    0xDF, 0x87, 0x63, 0x0B, 0xF6, 0x86, 0xF0, 0xCD, 0xB5, 0x1D, 0xB3, 0xF1, 0x7B, 0x12, 0x8C, 0xFF,
    0xBE, 0xBC, 0xBF, 0x40, 0x8F, 0x92, 0x70, 0xB1, 0xC9, 0x95, 0x42, 0xF9, 0x21, 0x8B, 0xA3, 0x45,
    0xD1, 0x4B, 0xE7, 0xE7, 0xB5, 0xA1, 0xAE, 0x37, 0xB0, 0x79, 0x1C, 0x5E, 0xB4, 0xAE, 0xAE, 0xF9,
    0x58, 0x7F, 0x7D, 0x21, 0x25, 0x93, 0x86, 0x81, 0xFE, 0x53, 0xEA, 0xCB, 0x23, 0xBF, 0xFE, 0x24,
    0x62, 0xFB, 0x2E, 0x50, 0xF7, 0xD4, 0xF9, 0xF9, 0xED, 0x0D, 0xEA, 0x86, 0x6D, 0x90, 0xFD, 0x42,
    0xB6, 0xAC, 0xEA, 0x7D, 0xBE, 0x25, 0xD6, 0x77, 0xE4, 0xE4, 0x85, 0x76, 0xAF, 0x44, 0x8F, 0x08,
    0xF6, 0xB8, 0xE6, 0xFA, 0xFC, 0xFC, 0x34, 0xBA, 0x98, 0x52, 0xD8, 0x06, 0x3C, 0xBB, 0x90, 0x09,
    0xFA, 0x90, 0x09, 0xC8, 0xF7, 0xF0, 0x92, 0x6A, 0x46, 0x37, 0x5F, 0x18, 0x4A, 0x6C, 0x4B, 0x87,
    0x59, 0x18, 0x72, 0xDA, 0x22, 0xD3, 0xEC, 0xFC, 0xDD, 0x99, 0x2B, 0x7B, 0x84, 0xCC, 0x5F, 0x9B,
    0xA2, 0x6C, 0x00, 0xDE, 0x08, 0x4B, 0x99, 0x60, 0x2F, 0xE3, 0x34, 0x5D, 0x74, 0x0C, 0x35, 0x06,
    0x5B, 0x77, 0xF0, 0x35, 0xE4, 0x86, 0x56, 0x32, 0xDF, 0x08, 0x2B, 0x72, 0x4A, 0xB6, 0xC4, 0xA6,
    0x9E, 0x59, 0x55, 0xE8, 0x2C, 0x59, 0x3F, 0x58, 0x38, 0x82, 0x18, 0xF0, 0x55, 0x11, 0x32, 0x3B,
    0xE7, 0xE3, 0xF8, 0x59, 0x18, 0x16, 0x61, 0xD8, 0xBC, 0x7D, 0x7E, 0x87, 0x30, 0xFA, 0x1C, 0xDC,
    0x1B, 0xC6, 0x6D, 0x87, 0xE5, 0x58, 0xCE, 0x12, 0xE9, 0xCB, 0x90, 0xC5, 0xE3, 0x1C, 0x38, 0xA3,
    0x9B, 0xB8, 0xC7, 0x29, 0x6F, 0x62, 0x9C, 0x94, 0x54, 0xCC, 0x92, 0x2E, 0x2D, 0x30, 0xF7, 0x12,
    0x88, 0x44, 0xC9, 0x12, 0xCA, 0x0C, 0x8F, 0x81, 0x67, 0xB2, 0x41, 0xF5, 0x50, 0x6C, 0x22, 0xE2,
    0x0A, 0x09, 0x71, 0x04, 0xD6, 0x53, 0x44, 0x1B, 0x3B, 0xBE, 0x13, 0x27, 0xBE, 0xDC, 0x3D, 0xBE,
    0x87, 0xDC, 0xD5, 0x4D, 0x72, 0x9F, 0x85, 0x14, 0xA2, 0x1B, 0x39, 0xCA, 0x48, 0x1A, 0xBB, 0x27,
    0x00, 0xE7, 0x73, 0xCA, 0x4B, 0x83, 0xA8, 0xCA, 0xE1, 0x46, 0x56, 0xA4, 0x8C, 0xC1, 0x85, 0x28,
    0x43, 0xB3, 0x28, 0xF8, 0x1F, 0x69, 0x26, 0xD5, 0x4C, 0x66, 0x51, 0x23, 0x4F, 0x7B, 0x10, 0x2C,
    0xF2, 0x73, 0x74, 0x43, 0x2C, 0x58, 0x61, 0x3C, 0xD2, 0x4C, 0x5B, 0x46, 0x24, 0xD9, 0x69, 0xFB,
    0x6E, 0xE4, 0x42, 0xB6, 0xE2, 0x40, 0xA8, 0xFC, 0x9A, 0xFB, 0x13, 0xB7, 0x6F, 0xD8, 0x0C, 0x70,
    0x1C, 0xDE, 0x9D, 0x25, 0xF2, 0x5F, 0x4A, 0xD1, 0x05, 0x47, 0x2F, 0x6B, 0x54, 0x64, 0xBD, 0xE8,
    0x23, 0x91, 0x27, 0xEE, 0xA7, 0x56, 0x1A, 0xFB, 0x1A, 0x6C, 0x46, 0x94, 0xA8, 0xE2, 0x48, 0xF3,
    0x79, 0xDD, 0x49, 0x61, 0xCA, 0x6B, 0x84, 0x07, 0x54, 0xF9, 0x49, 0x38, 0x7E, 0x96, 0xF0, 0xBB,
    0x58, 0x8C, 0xF9, 0x20, 0x85, 0x81, 0xEC, 0x01, 0x48, 0x54, 0xED, 0x9A, 0x05, 0xFF, 0x83, 0xE3,
    0x5F, 0xAD, 0xC7, 0x47, 0xB6, 0xF8, 0xCE, 0xCF, 0xBF, 0xC1, 0xC7, 0x98, 0x9F, 0xAF, 0xE3, 0xDA,
    0x51, 0x27, 0xE6, 0x0D, 0xB1, 0x6E, 0x16, 0x33, 0x87, 0x57, 0x3D, 0x5B, 0x84, 0x52, 0xC4, 0xE1,
    0x04, 0x2C, 0x34, 0x9F, 0x3A, 0x85, 0x6C, 0xE9, 0x4F, 0x5E, 0x76, 0x3F, 0xA3, 0xC7, 0x1A, 0x51,
    0x2D, 0xE2, 0xDC, 0xE9, 0xA7, 0xC4, 0x7A, 0x52, 0xF0, 0xD8, 0xB1, 0xD4, 0xF2, 0x7E, 0xBA, 0x3A,
    0xC2, 0xE8, 0xF1, 0x2D, 0x2F, 0x2B, 0x5E, 0x54, 0x13, 0xDC, 0xBD, 0x7D, 0xAE, 0xB0, 0x5B, 0x35,
    0xBE, 0x8E, 0xBB, 0x97, 0xF7, 0xBE, 0x29, 0xB2, 0x4D, 0x4C, 0x21, 0x16, 0x17, 0x33, 0x02, 0x86,
    0x92, 0x1D, 0x20, 0xE8, 0xE1, 0xB3, 0x0A, 0x56, 0x3A, 0x8A, 0x10, 0x4E, 0x5D, 0xAC, 0x65, 0x62,
    0x6F, 0x18, 0x9E, 0xD4, 0xEF, 0xD4, 0x35, 0x5E, 0xDE, 0x3B, 0x6A, 0xC0, 0x50, 0xFB, 0x25, 0xB2,
    0xAA, 0x83, 0x9D, 0x9E, 0x7E, 0xA2, 0x32, 0xA1, 0xC3, 0xEF, 0x33, 0xF7, 0x0F, 0xB2, 0x7C, 0x48,
    0xEE, 0x4A, 0x46, 0xAB, 0xDB, 0x73, 0x82, 0x15, 0xE5, 0xA9, 0xF4, 0x0F, 0x15, 0x8E, 0xFD, 0x0D,
    0xF7, 0xC3, 0x5B, 0xB7, 0x9A, 0xB7, 0x6A, 0x29, 0x03, 0x6C, 0xB8, 0x23, 0x60, 0xBD, 0xF5, 0x29,
    0x84, 0xFA, 0xC1, 0xD6, 0xC4, 0x56, 0xE1, 0x4D, 0xF7, 0x9A, 0x2F, 0xAA, 0xE5, 0xE2, 0xD7, 0x99,
    0x43, 0xD0, 0xBC, 0xA8, 0xA4, 0x10, 0x54, 0x57, 0x76, 0xF3, 0x63, 0x67, 0x45, 0x92, 0xE2, 0x7C,
    0x0C, 0x9B, 0x10, 0x43, 0xB4, 0x5E, 0xB1, 0x1A, 0x00, 0x26, 0xC5, 0x92, 0x42, 0x09, 0x48, 0x52,
    0x20, 0x29, 0x8E, 0x14, 0x46, 0x40, 0x91, 0x82, 0x48, 0x31, 0xA4, 0x10, 0x52, 0x04, 0x29, 0x80,
    0x14, 0x37, 0x7A, 0xD0, 0x44, 0x37, 0xC0, 0xE3, 0x80, 0x9D, 0x55, 0x21, 0xC4, 0xC8, 0xF9, 0xAC,
    0x1B, 0x15, 0x38, 0x8D, 0x78, 0x22, 0xFB, 0x4A, 0xA0, 0xD1, 0x57, 0x62, 0xBC, 0xF4, 0x0A, 0x1A,
    0xC5, 0x0C, 0x20, 0x53, 0x1B, 0x62, 0x14, 0x30, 0x86, 0x97, 0x00, 0x17, 0x8D, 0x6F, 0x25, 0x8C,
    0xA6, 0xB2, 0x17, 0x11, 0x5A, 0xEE, 0x4B, 0x69, 0x4F, 0x18, 0x3A, 0x49, 0x7B, 0xBD, 0xED, 0x60,
    0x1B, 0xA8, 0x24, 0x1E, 0xB7, 0x0E, 0x1E, 0x62, 0x10, 0x57, 0x16, 0xAF, 0x02, 0x87, 0x0A, 0x43,
    0x45, 0x21, 0x40, 0xA8, 0x18, 0x54, 0x08, 0x2A, 0x02, 0x15, 0x80, 0x8A, 0x3F, 0x85, 0x9F, 0xA2,
    0x4F, 0xC1, 0x67, 0xD8, 0x53, 0xE8, 0x29, 0xF2, 0x14, 0x78, 0xE0, 0x9E, 0xC2, 0x4E, 0x51, 0xA7,
    0xA0, 0x53, 0xCC, 0x75, 0x9A, 0x2B, 0xFC, 0x2F, 0x86, 0x4A, 0xB9, 0x48, 0xC4, 0xBC, 0x19, 0xA4,
    0xB8, 0x9B, 0x61, 0xC5, 0x69, 0x8E, 0x83, 0xC4, 0x96, 0x04, 0x88, 0x03, 0x2F, 0xD2, 0x54, 0x53,
    0x1E, 0x5A, 0x2E, 0xBF, 0x00, 0x03, 0x07, 0xC1, 0xD9, 0x4F, 0x7D, 0x62, 0xEE, 0xC4, 0xC2, 0x56,
    0x28, 0xCF, 0xCE, 0x07, 0xB5, 0x88, 0xF2, 0x39, 0x5B, 0xD4, 0x9C, 0x52, 0x8D, 0x93, 0xB8, 0x60,
    0x10, 0x1D, 0x15, 0xFD, 0xC9, 0xCF, 0xDE, 0x59, 0x1F, 0xAE, 0x19, 0x6A, 0x50, 0xDD, 0x92, 0xA3,
    0x54, 0xC4, 0x4D, 0x52, 0x3A, 0xC3, 0xB9, 0x28, 0x34, 0x77, 0x48, 0xE9, 0x57, 0x8F, 0xEB, 0x16,
    0x56, 0x43, 0xDA, 0x4C, 0x48, 0x80, 0xC6, 0xBA, 0xF6, 0x26, 0xB5, 0xD4, 0xDC, 0xA8, 0xF5, 0x16,
    0x6E, 0xD0, 0x10, 0xA6, 0xFB, 0x85, 0x96, 0x15, 0x98, 0xAE, 0x4A, 0x4C, 0xC1, 0xEE, 0xAC, 0xB6,
    0x6E, 0x67, 0xF5, 0x76, 0x29, 0xB1, 0x43, 0x07, 0x5F, 0x31, 0xB7, 0xE5, 0x4F, 0x81, 0x8B, 0x9C,
    0x4C, 0x69, 0x4D, 0x47, 0x68, 0xE5, 0x31, 0x3D, 0x0B, 0x2A, 0x2C, 0xCB, 0x55, 0x73, 0x3E, 0xE4,
    0x35, 0x83, 0x83, 0x52, 0x18, 0xC1, 0xB9, 0xB3, 0x8E, 0x7B, 0xB3, 0xE0, 0xBE, 0x0D, 0xD2, 0x32,
    0x51, 0xA1, 0x27, 0xE7, 0x80, 0x30, 0xB4, 0x37, 0x2F, 0x2D, 0x0D, 0x46, 0x82, 0x3E, 0x6F, 0x39,
    0x61, 0x54, 0xF4, 0x9C, 0x47, 0xCB, 0x0F, 0x4C, 0xFF, 0xFC, 0x2D, 0xE7, 0xD1, 0xBA, 0xD3, 0x0C,
    0xAF, 0x3C, 0x53, 0x77, 0x49, 0xDD, 0xDD, 0x82, 0xAF, 0xDD, 0xCA, 0x9C, 0x7A, 0x7B, 0x4F, 0x5E,
    0xD6, 0x72, 0xC8, 0xD6, 0x57, 0x54, 0x68, 0x70, 0x62, 0x0D, 0xA5, 0x74, 0xE4, 0xAB, 0x3E, 0xCD,
    0x86, 0x80, 0x54, 0xEF, 0x8D, 0x9C, 0xBF, 0xAD, 0xDE, 0x64, 0xD6, 0x54, 0xAF, 0xAF, 0x2C, 0xD6,
    0xEF, 0xF6, 0x24, 0xC8, 0x68, 0xBE, 0xF4, 0x40, 0x8C, 0xAE, 0x9E, 0x21, 0xC5, 0x1C, 0xDA, 0xEF,
    0xA4, 0x18, 0xB0, 0xE0, 0xB2, 0xF9, 0xBF, 0xA3, 0x29, 0xA1, 0x50, 0x0E, 0x75, 0xA8, 0xA9, 0xE3,
    0xBC, 0x6A, 0xE6, 0x18, 0x2A, 0xF9, 0x2A, 0x15, 0x3D, 0x0B, 0xDF, 0x92, 0x15, 0xE7, 0x5E, 0xBC,
    0x62, 0xB1, 0x7E, 0xE9, 0x19, 0x59, 0x8B, 0xBA, 0xBE, 0x19, 0x2C, 0xCB, 0x73, 0xFA, 0x9B, 0x95,
    0x4E, 0xD5, 0x36, 0x33, 0x4D, 0x2E, 0xC2, 0x5C, 0x69, 0x74, 0x5A, 0x3E, 0x9D, 0x7A, 0xA2, 0x62,
    0x3A, 0xD5, 0xD0, 0x7B, 0x69, 0x85, 0x2C, 0xBA, 0xBE, 0xAC, 0x53, 0xA2, 0xFB, 0xC9, 0xA9, 0x9A,
    0xA5, 0xFB, 0xA3, 0xEC, 0xB4, 0xFD, 0xFE, 0x57, 0x4C, 0xA0, 0xB6, 0xEF, 0x2D, 0x81, 0xDA, 0x8B,
    0x34, 0xA9, 0x43, 0x02, 0x55, 0x8A, 0xCD, 0xE4, 0x91, 0xAE, 0xA3, 0x5A, 0x0E, 0x42, 0x76, 0xD4,
    0x8E, 0x23, 0xC6, 0x1E, 0xD6, 0xD1, 0x18, 0x34, 0x15, 0x22, 0xBC, 0xB1, 0xE2, 0xF9, 0x25, 0x32,
    0x37, 0x74, 0xC1, 0xF6, 0xAA, 0xA3, 0xDA, 0xC8, 0x8A, 0xCF, 0xE9, 0xFB, 0xF3, 0xF3, 0xF3, 0x07,
    0x4A, 0x95, 0x27, 0xB8, 0xF9, 0x3F, 0xE1, 0xC6, 0x3B, 0x3B, 0xBD, 0x99, 0xD6, 0x78, 0xBF, 0x9F,
    0x59, 0xFD, 0xC8, 0xE3, 0x8C, 0xD4, 0x1C, 0x7B, 0xCC, 0x07, 0xC9, 0xCB, 0xE4, 0x23, 0xCA, 0x1C,
    0xE7, 0x14, 0x11, 0xC5, 0x72, 0xDC, 0xF8, 0xF6, 0xA8, 0x73, 0xB7, 0xC2, 0xB3, 0x6C, 0xBC, 0x1F,
    0xF2, 0xB2, 0x4D, 0xFB, 0xD4, 0xDE, 0x0E, 0x1A, 0x13, 0x2D, 0xA5, 0xC6, 0x8D, 0x9C, 0x32, 0x09,
    0xAE, 0x56, 0xBD, 0xD4, 0xEA, 0x54, 0xAD, 0x44, 0x6E, 0x8B, 0x3A, 0x53, 0x23, 0x6A, 0xD9, 0x64,
    0xDF, 0x12, 0xDC, 0x3C, 0x83, 0x8A, 0xCB, 0xCD, 0x44, 0xD0, 0x9A, 0x1D, 0xCB, 0x8A, 0x1F, 0x22,
    0xEB, 0xD9, 0x0C, 0xD5, 0xE6, 0x74, 0x88, 0x0F, 0x08, 0xFC, 0x0E, 0xA2, 0x2C, 0xAA, 0x41, 0x8C,
    0x41, 0xD1, 0x4B, 0xDC, 0x09, 0x5A, 0x37, 0x28, 0x55, 0x75, 0xA8, 0xB2, 0xE4, 0x9F, 0xA5, 0x8A,
    0xAF, 0x4E, 0xCD, 0xA1, 0xE3, 0xC2, 0x8C, 0x98, 0x10, 0x5A, 0x0B, 0x79, 0x91, 0x0C, 0x95, 0x18,
    0x5E, 0xB2, 0xA0, 0xAE, 0xC7, 0x35, 0x9A, 0xC5, 0x6E, 0x23, 0xED, 0xF5, 0xB5, 0x7A, 0x1C, 0x6F,
    0x03, 0xC4, 0xF5, 0x03, 0x7D, 0xE2, 0x1A, 0x38, 0x6F, 0x8F, 0x28, 0x48, 0x8B, 0xE0, 0xAD, 0x5B,
    0x1C, 0xFC, 0x2E, 0x0E, 0x52, 0xF4, 0x59, 0xF6, 0x62, 0xCE, 0x14, 0xAD, 0x86, 0x79, 0xB4, 0xC0,
    0xA2, 0x9C, 0x36, 0xD1, 0xE2, 0xE4, 0xA8, 0x58, 0xC0, 0xEC, 0x29, 0xAC, 0x18, 0xAD, 0x08, 0x7C,
    0xAA, 0xB3, 0x73, 0xF6, 0x51, 0xE8, 0x1E, 0x89, 0x2E, 0x51, 0x50, 0x83, 0x1A, 0x31, 0xD4, 0x6D,
    0xD6, 0x82, 0x82, 0x3D, 0xBA, 0x7F, 0x07, 0xB4, 0x0D, 0xAC, 0x9F, 0x44, 0xCF, 0x9E, 0x97, 0x2C,
    0x52, 0xAB, 0x84, 0xDB, 0xFD, 0xC1, 0x85, 0x5A, 0xF3, 0xB4, 0x8F, 0xA4, 0x14, 0x6A, 0x2F, 0xB4,
    0xD3, 0x76, 0xA7, 0x6C, 0x92, 0xA4, 0x60, 0xBA, 0xA8, 0x88, 0x5B, 0x21, 0xF9, 0xE6, 0x6D, 0x00,
    0x5C, 0x17, 0xF2, 0xF5, 0xAB, 0xA8, 0x87, 0x10, 0xD8, 0x4D, 0x35, 0x7E, 0x4C, 0x5E, 0x6E, 0x0E,
    0x16, 0x13, 0xB3, 0xE8, 0x2B, 0x0E, 0x4A, 0x1F, 0x3D, 0x28, 0x21, 0xF5, 0x50, 0x2C, 0x5B, 0xFE,
    0xA9, 0x31, 0xB7, 0xE9, 0x0F, 0x08, 0x0F, 0x16, 0x88, 0x14, 0xD2, 0x9A, 0xB1, 0xDD, 0x75, 0x7B,
    0x73, 0xAD, 0xE2, 0x94, 0x4C, 0x88, 0xD6, 0x6F, 0x16, 0xBD, 0x98, 0x70, 0x21, 0x37, 0xBF, 0x0F,
    0x1C, 0x2A, 0x60, 0x97, 0xF9, 0x6A, 0xCD, 0xAB, 0x5B, 0x43, 0x4B, 0x2C, 0x2F, 0xEB, 0xFB, 0xAB,
    0x9C, 0xF5, 0x3B, 0x87, 0x4E, 0xB5, 0xC1, 0x77, 0xFE, 0x69, 0x14, 0xC1, 0x5A, 0xFF, 0xBA, 0x1E,
    0x11, 0x3D, 0xED, 0xFD, 0xC3, 0x9A, 0xF0, 0xCD, 0x7F, 0xEC, 0x63, 0xAC, 0xA1, 0xFB, 0xAF, 0x43,
    0x47, 0xA0, 0xB5, 0xFF, 0x7D, 0x54, 0xDB, 0x05, 0x7D, 0x6B, 0x28, 0x62, 0x83, 0xBE, 0x35, 0x14,
    0xF8, 0xF7, 0xBD, 0xA0, 0x02, 0x06, 0xDF, 0x1A, 0xBA, 0x73, 0xD3, 0xB6, 0x35, 0x34, 0x0F, 0xE5,
    0x79, 0xFC, 0xB1, 0x0C, 0x6D, 0x2B, 0xCD, 0x6C, 0x57, 0xB2, 0x36, 0x40, 0x45, 0x85, 0xF5, 0x01,
    0xAA, 0xDB, 0x62, 0x8D, 0x80, 0xB9, 0x49, 0x09, 0x74, 0x02, 0x72, 0x2F, 0xFE, 0x5F, 0x85, 0x56,
    0x40, 0x51, 0x72, 0xBE, 0x17, 0x30, 0x76, 0x08, 0xCA, 0x68, 0x33, 0x60, 0x2A, 0x45, 0xC2, 0xBE,
    0x1B, 0x90, 0x2B, 0x30, 0x59, 0x08, 0x6A, 0x3B, 0xA0, 0x28, 0xA6, 0xC5, 0xF7, 0x03, 0x6A, 0xAC,
    0xCA, 0x1A, 0x02, 0xF5, 0xA3, 0x75, 0x04, 0x5A, 0xFF, 0x8B, 0xB6, 0x04, 0x96, 0x97, 0x62, 0x37,
    0x2C, 0x75, 0x2F, 0x30, 0xD4, 0xB7, 0x71, 0x5A, 0x26, 0xCC, 0x85, 0x56, 0x28, 0xDF, 0xC6, 0x69,
    0x9F, 0xCE, 0x9C, 0x37, 0x99, 0xDF, 0x4D, 0x1B, 0x67, 0x8C, 0x56, 0x54, 0x65, 0x24, 0x4D, 0x90,
    0x7F, 0xAD, 0x7C, 0xA4, 0x07, 0x16, 0x52, 0x0A, 0x1B, 0x93, 0x4D, 0xE3, 0x66, 0xB3, 0xA8, 0x4C,
    0x52, 0x26, 0xEE, 0xDC, 0x1D, 0xC4, 0x19, 0xF0, 0x49, 0xA2, 0x8E, 0xC6, 0x42, 0xB2, 0xD5, 0xBB,
    0xBD, 0xE7, 0x60, 0x32, 0x24, 0xB0, 0xBD, 0xB5, 0x8D, 0x33, 0x5B, 0xB7, 0xAD, 0xBD, 0x22, 0xA8,
    0x7C, 0x1B, 0xA7, 0xC8, 0x4C, 0xE3, 0x5E, 0xEC, 0x0B, 0x31, 0xA5, 0xAF, 0x77, 0x8D, 0x36, 0x6D,
    0x9C, 0xC5, 0xBC, 0x6D, 0xE3, 0x24, 0x1B, 0xF9, 0xB6, 0xE7, 0x1C, 0x2D, 0xB6, 0x78, 0xF2, 0x8C,
    0xA3, 0x25, 0xCE, 0x49, 0x32, 0xE5, 0x1B, 0x49, 0xA3, 0x3B, 0x81, 0x6D, 0x95, 0xF8, 0x7A, 0x5B,
    0xAE, 0x05, 0xA6, 0x75, 0xFF, 0x7E, 0xC4, 0xB3, 0xBE, 0x74, 0xFB, 0x4B, 0x3E, 0xC5, 0x51, 0xF5,
    0x66, 0xB2, 0xA9, 0x8D, 0x2F, 0x36, 0xAD, 0xBF, 0xE5, 0xE6, 0xFB, 0x8F, 0x75, 0x9B, 0x22, 0xC9,
    0x72, 0x33, 0xAE, 0x36, 0x39, 0xE2, 0x6A, 0xBC, 0xAA, 0x2D, 0xF3, 0x52, 0x8B, 0x66, 0xAC, 0x81,
    0x3B, 0xB4, 0x68, 0x26, 0xD6, 0xA2, 0x99, 0xDC, 0xA7, 0x45, 0x33, 0xC3, 0x24, 0x7D, 0x8B, 0xE6,
    0x64, 0x2D, 0x9A, 0x63, 0x8C, 0xD2, 0x77, 0xF6, 0xCF, 0x87, 0xD8, 0xB7, 0x68, 0xA6, 0xFB, 0x74,
    0xD3, 0xA2, 0x59, 0x6C, 0x5A, 0x34, 0xF9, 0x39, 0x7C, 0x8B, 0x66, 0x1F, 0x5A, 0x34, 0x5D, 0x68,
    0xD1, 0xCC, 0x37, 0x2D, 0x9A, 0x55, 0x68, 0xD1, 0x8C, 0x8E, 0x5B, 0x34, 0x77, 0x83, 0xB5, 0x68,
    0xAE, 0x47, 0x2D, 0x9A, 0x77, 0xA6, 0x4D, 0x8B, 0xE6, 0x84, 0x16, 0xCD, 0x9F, 0x63, 0x05, 0x68,
    0x8B, 0xE6, 0xDF, 0xC3, 0x4F, 0x94, 0x16, 0xCD, 0x5A, 0x8C, 0xAD, 0x8B, 0x2D, 0x9A, 0x5A, 0xD1,
    0x93, 0x6B, 0x9A, 0x64, 0x2B, 0x7E, 0x4B, 0x0B, 0x6C, 0x21, 0x86, 0x3B, 0xC1, 0x73, 0x97, 0xB5,
    0x96, 0xD4, 0x8F, 0x57, 0x50, 0x28, 0x51, 0x0B, 0x0D, 0xBA, 0xB4, 0x50, 0xCD, 0x3A, 0x6C, 0xD4,
    0x59, 0x7C, 0x14, 0x6F, 0xD1, 0x38, 0x87, 0x9A, 0x2F, 0xFA, 0xB3, 0xF8, 0xF1, 0x0D, 0x0A, 0x59,
    0xC2, 0xDE, 0x0C, 0x6D, 0x4C, 0xBA, 0xF6, 0x12, 0xE1, 0xE0, 0xBF, 0x9B, 0x43, 0x9C, 0x7E, 0xDB,
    0x1D, 0x65, 0x5F, 0xFA, 0xD1, 0x49, 0xFD, 0xAE, 0x12, 0x26, 0x6A, 0x15, 0xF8, 0x7E, 0xAA, 0xD0,
    0x4C, 0x15, 0x3A, 0xA9, 0xB6, 0x6D, 0x54, 0xA1, 0x87, 0xCA, 0x1A, 0xA8, 0x42, 0xFB, 0x5D, 0x68,
    0xBD, 0x0B, 0x6D, 0x77, 0xA1, 0xE5, 0x2E, 0x74, 0x4C, 0x85, 0x76, 0xA9, 0xD0, 0x2B, 0x15, 0x1A,
    0xA5, 0x42, 0x97, 0x94, 0x6F, 0x91, 0x0A, 0xFD, 0x51, 0xA1, 0x39, 0x2A, 0x34, 0x43, 0x6D, 0x47,
    0xD6, 0x13, 0x15, 0x1A, 0xA2, 0x42, 0x37, 0x54, 0x68, 0x85, 0x0A, 0x7D, 0x50, 0xA1, 0x09, 0x2A,
    0x74, 0x40, 0x85, 0xF6, 0xA7, 0xD0, 0xFB, 0x14, 0x7C, 0x10, 0x48, 0x5C, 0x98, 0xE2, 0xFB, 0x20,
    0x4D, 0x21, 0x77, 0xCB, 0x65, 0x63, 0x8F, 0x69, 0x63, 0x3D, 0x4C, 0xB4, 0xAB, 0xBA, 0x8D, 0xD0,
    0x69, 0x84, 0x2E, 0x23, 0x74, 0x18, 0xA1, 0xBB, 0x48, 0x3B, 0x8B, 0xD0, 0x55, 0x84, 0x8E, 0x22,
    0xE9, 0x26, 0x42, 0x27, 0x11, 0xBA, 0x88, 0xD0, 0x41, 0x04, 0xC9, 0x8B, 0xCE, 0x21, 0x74, 0x0D,
    0xA1, 0x63, 0x08, 0xDD, 0x42, 0xE8, 0x14, 0x42, 0x97, 0x10, 0x3A, 0x84, 0xD0, 0x1D, 0x84, 0xCE,
    0x20, 0x74, 0x05, 0x5D, 0x6E, 0x1C, 0x60, 0x2A, 0x5E, 0x44, 0x60, 0xA1, 0x83, 0x38, 0xA4, 0xA9,
    0x54, 0xB7, 0xE4, 0xF7, 0x8E, 0x8A, 0x3E, 0x8E, 0xE6, 0x68, 0x8A, 0xCE, 0x9F, 0x5C, 0xBE, 0x6E,
    0x1D, 0x45, 0xB5, 0xAA, 0xB5, 0xCA, 0xAA, 0xCD, 0x1A, 0xC3, 0x7D, 0xF5, 0xBC, 0xEF, 0x3A, 0xB2,
    0x5B, 0x18, 0xFA, 0x0B, 0x33, 0x4E, 0x36, 0x59, 0xE2, 0xDE, 0x9E, 0x6B, 0xAF, 0xF5, 0xCB, 0x9A,
    0x94, 0x4B, 0x67, 0x78, 0x4D, 0x24, 0x41, 0x55, 0xDD, 0x95, 0x07, 0x95, 0x47, 0x4D, 0xAF, 0x8A,
    0x51, 0x5C, 0x65, 0x24, 0xED, 0x34, 0x4B, 0xBC, 0x4D, 0x0E, 0xC3, 0x2E, 0x18, 0xD5, 0x60, 0xAF,
    0xCC, 0x52, 0xEA, 0x2E, 0x66, 0x89, 0x7D, 0x72, 0x38, 0x3D, 0x4E, 0x0E, 0xB7, 0xBF, 0x42, 0x3B,
    0x0F, 0x88, 0xF9, 0xD7, 0xDE, 0x89, 0x00, 0xDD, 0x33, 0xB4, 0x86, 0xDF, 0xBB, 0x44, 0xEE, 0x0E,
    0x66, 0xAE, 0x74, 0x02, 0xFC, 0x52, 0x22, 0x26, 0x3D, 0x3B, 0xED, 0x65, 0x5D, 0x09, 0xAD, 0xF1,
    0xCE, 0x99, 0xE2, 0xF2, 0x3F, 0x42, 0xB7, 0x40, 0x0A, 0x92, 0x7D, 0xE6, 0x21, 0x4F, 0x1A, 0xAB,
    0x4D, 0x7B, 0xA4, 0x5F, 0xC2, 0xE2, 0x3B, 0x96, 0x8E, 0xDA, 0x06, 0xA4, 0xD0, 0x08, 0xDD, 0xFC,
    0xCB, 0x15, 0x4D, 0xA5, 0xC9, 0xED, 0x27, 0x59, 0xE5, 0x5F, 0x4B, 0x56, 0xF9, 0xB7, 0xCC, 0x4A,
    0xAD, 0x8F, 0x03, 0x66, 0xBA, 0x74, 0x93, 0x0B, 0xF9, 0xBF, 0xDC, 0xDA, 0x0F, 0x2F, 0xC4, 0xDB,
    0x8A, 0x8B, 0x55, 0x29, 0xBF, 0x59, 0xD9, 0xE7, 0x68, 0xB3, 0xAB, 0x8F, 0x69, 0x9E, 0x74, 0xBE,
    0xD0, 0xDA, 0xEA, 0x3D, 0x83, 0xDC, 0x64, 0xA3, 0x6F, 0x99, 0x6C, 0xAC, 0x53, 0xF6, 0xA3, 0x0F,
    0xA8, 0xBF, 0xB9, 0x17, 0xED, 0x7A, 0x40, 0x60, 0xCC, 0x11, 0xE0, 0x73, 0x2B, 0xB3, 0x23, 0x33,
    0x59, 0x56, 0x19, 0x92, 0x85, 0xB3, 0xE2, 0x87, 0x4D, 0xB8, 0x2B, 0x47, 0xC2, 0x62, 0xC4, 0xB3,
    0x38, 0x46, 0xB3, 0xC0, 0xF8, 0x2C, 0x24, 0x16, 0xC0, 0x2E, 0x0F, 0x07, 0x5E, 0x69, 0xC1, 0x27,
    0x2B, 0x7F, 0x92, 0x45, 0x50, 0xC9, 0xEE, 0x08, 0x2C, 0x76, 0x57, 0x71, 0xC2, 0xBA, 0xB6, 0x5A,
    0xA5, 0x05, 0x76, 0x89, 0x30, 0xC8, 0x47, 0x36, 0x52, 0x69, 0x50, 0xED, 0xE5, 0xA7, 0xA4, 0x01,
    0xEB, 0x48, 0xB6, 0xA1, 0xF9, 0xC5, 0xA2, 0xFB, 0x31, 0x89, 0xEB, 0x3C, 0x20, 0x12, 0x29, 0xF2,
    0xCA, 0xA9, 0x9F, 0x26, 0x7E, 0xBF, 0x04, 0x89, 0x3B, 0x16, 0xA4, 0x08, 0x0C, 0xFC, 0xE4, 0xCC,
    0x77, 0x54, 0x21, 0x3F, 0xA2, 0x7E, 0x66, 0xF1, 0x23, 0x4D, 0x7E, 0x57, 0xBC, 0xE7, 0x12, 0xC3,
    0xEC, 0x03, 0x51, 0x74, 0xE3, 0x0A, 0xFB, 0xE8, 0x99, 0xA3, 0x02, 0x68, 0x17, 0x1D, 0x45, 0x76,
    0x8E, 0xF6, 0x45, 0xD0, 0x78, 0x0D, 0x96, 0xAA, 0x06, 0x3C, 0xBF, 0x18, 0x1D, 0x55, 0xB8, 0x1E,
    0x59, 0xB1, 0x52, 0x26, 0x19, 0xBB, 0x35, 0x19, 0x84, 0xFC, 0xFF, 0x39, 0x40, 0x80, 0xF4, 0x34,
    0xC7, 0xB7, 0xD1, 0x96, 0x28, 0x85, 0x4A, 0xAC, 0xB1, 0x17, 0x64, 0xE0, 0xD8, 0xCE, 0x1D, 0xA5,
    0x38, 0xB1, 0x23, 0x74, 0x31, 0x51, 0xF7, 0xE5, 0x5D, 0xA6, 0x4B, 0xDF, 0xE5, 0x4C, 0xB5, 0xEF,
    0xCF, 0x05, 0x93, 0xEA, 0x07, 0x07, 0xA9, 0x57, 0x15, 0x55, 0xC6, 0x60, 0xEC, 0x06, 0x89, 0x7B,
    0x3B, 0xEE, 0x92, 0xDC, 0x43, 0xE5, 0x1C, 0x58, 0xCD, 0x27, 0x6E, 0xB5, 0xBD, 0xA6, 0x38, 0x9A,
    0x73, 0x47, 0xA4, 0xC5, 0x2B, 0xD8, 0xAE, 0xF0, 0xE3, 0x17, 0x89, 0xF1, 0x8C, 0x89, 0xDF, 0x29,
    0x06, 0xCE, 0x92, 0x55, 0xAB, 0x0A, 0xD9, 0x5E, 0x53, 0xEA, 0xBC, 0xAA, 0x0B, 0xB7, 0x1A, 0x1A,
    0xAB, 0xC7, 0xCA, 0xAD, 0x96, 0xD4, 0xAA, 0x49, 0x3F, 0x1E, 0x7D, 0xEE, 0x49, 0x35, 0xD8, 0x3B,
    0x2B, 0x7C, 0x40, 0x66, 0xC8, 0x24, 0x04, 0x5C, 0x4A, 0x9C, 0x9C, 0xA3, 0x92, 0xBB, 0x99, 0x85,
    0x5F, 0xB2, 0x88, 0x3B, 0xE5, 0x44, 0x81, 0x74, 0x12, 0x81, 0xAF, 0x64, 0x6F, 0x83, 0xF7, 0x47,
    0x87, 0x87, 0xBF, 0xEA, 0xEB, 0x25, 0x6F, 0x41, 0x8E, 0xC6, 0xCA, 0xC5, 0xC7, 0xA5, 0xD4, 0x64,
    0xD3, 0xB5, 0x95, 0xEE, 0x75, 0xC9, 0xA5, 0xB6, 0x96, 0xE2, 0xAD, 0x5F, 0xF4, 0x04, 0x3F, 0xF7,
    0x37, 0x18, 0x3F, 0x74, 0x5B, 0xE6, 0x84, 0x70, 0x29, 0x36, 0xDF, 0x94, 0x92, 0xF4, 0x9A, 0x2F,
    0x41, 0xEC, 0x6C, 0xA3, 0x98, 0x7C, 0x9B, 0x2B, 0xF5, 0xE7, 0xC3, 0x86, 0x99, 0x44, 0x4D, 0xDB,
    0xBC, 0x2D, 0x6A, 0x74, 0xF5, 0x20, 0x40, 0x5F, 0x8E, 0x30, 0x97, 0xF2, 0xA5, 0x50, 0x1E, 0x98,
    0x9B, 0xF5, 0x5D, 0x75, 0xB4, 0x7A, 0xB8, 0x5A, 0xBB, 0x3A, 0x7D, 0x47, 0x6B, 0x2E, 0xA8, 0x3C,
    0xAF, 0xFA, 0x1A, 0x35, 0xF0, 0xC9, 0x85, 0x13, 0x5F, 0x96, 0xB7, 0x25, 0x5A, 0x34, 0xD4, 0x39,
    0x23, 0xC8, 0xB9, 0xD3, 0x30, 0xB5, 0x98, 0x8E, 0x86, 0x67, 0x33, 0x73, 0xF4, 0x18, 0xBB, 0xB7,
    0xCF, 0xBF, 0xA5, 0xF0, 0x9E, 0xF5, 0x7E, 0x93, 0x1E, 0x91, 0x23, 0xFB, 0xA1, 0x18, 0x67, 0x56,
    0x42, 0x6B, 0xA0, 0xB5, 0x42, 0x31, 0x0E, 0x4B, 0x16, 0xB5, 0x6E, 0x9B, 0xD4, 0xA2, 0x57, 0x5C,
    0x5A, 0xF9, 0x17, 0xD4, 0xE1, 0x4A, 0x57, 0x82, 0x6E, 0x95, 0xA4, 0xD1, 0x39, 0x1F, 0x8F, 0x9F,
    0x35, 0x42, 0x3C, 0x87, 0x2A, 0x9D, 0x2F, 0x70, 0x9F, 0x30, 0xDB, 0x6E, 0xDF, 0x63, 0x8D, 0xFD,
    0x2A, 0xFF, 0x62, 0x60, 0x15, 0x3A, 0x34, 0x35, 0x89, 0x1A, 0xBA, 0x41, 0x32, 0x72, 0x64, 0xEB,
    0x90, 0x5D, 0xCE, 0x3D, 0x36, 0x28, 0x23, 0xDB, 0xA3, 0xBA, 0xA2, 0x79, 0x8B, 0xF7, 0x92, 0x68,
    0x9B, 0x81, 0x8B, 0xE3, 0x07, 0x0E, 0x52, 0xB1, 0x03, 0x4F, 0xA6, 0xD2, 0x48, 0xD8, 0x10, 0xCB,
    0xA9, 0xFA, 0x39, 0xC2, 0x9C, 0x2D, 0x96, 0xB8, 0xD8, 0xDF, 0xAC, 0xC4, 0xD9, 0x3B, 0xC9, 0x6B,
    0x8E, 0x84, 0xB4, 0xCD, 0x72, 0x53, 0x00, 0xCC, 0x96, 0x10, 0xEF, 0x98, 0xC4, 0x57, 0x07, 0x6A,
    0x4D, 0x01, 0x9D, 0x7C, 0xDD, 0xFC, 0x39, 0x4D, 0xA4, 0x60, 0xBD, 0x96, 0x66, 0xE7, 0xEE, 0xB1,
    0x36, 0xBF, 0xA8, 0x91, 0xA3, 0xCF, 0xB1, 0xD0, 0xB8, 0x6F, 0xEC, 0xE8, 0xB1, 0xE3, 0x79, 0xFC,
    0x0D, 0xA1, 0x15, 0xE7, 0x26, 0x25, 0x38, 0x23, 0x76, 0x18, 0xF1, 0x2A, 0x6F, 0x69, 0x3A, 0x1F,
    0x60, 0x49, 0x40, 0xAB, 0xBF, 0x7D, 0x08, 0x38, 0xFD, 0xFB, 0x22, 0xD7, 0xBF, 0x2D, 0x96, 0xAE,
    0x93, 0x26, 0x13, 0xAC, 0xE2, 0x66, 0x60, 0xEF, 0xA7, 0x9C, 0x24, 0x5C, 0xB7, 0x70, 0x9D, 0x65,
    0xB4, 0x4A, 0x75, 0xFD, 0xB3, 0xD1, 0x47, 0x1E, 0xFD, 0x3D, 0x1D, 0xEA, 0x6B, 0x51, 0xDA, 0xFF,
    0x71, 0x94, 0xEF, 0xC9, 0xCA, 0x3B, 0x70, 0x90, 0x9C, 0x83, 0xE6, 0x4D, 0x9B, 0x4E, 0x55, 0x9F,
    0xCC, 0x45, 0x1F, 0xCD, 0xE4, 0xDE, 0x7E, 0x6E, 0x57, 0x6F, 0x83, 0x44, 0x27, 0x92, 0x64, 0x1B,
    0xA4, 0x8B, 0x06, 0x7B, 0x38, 0xE8, 0x56, 0x42, 0x6E, 0x2F, 0x11, 0xD5, 0x44, 0x77, 0x06, 0x4A,
    0x25, 0x86, 0x87, 0x24, 0x63, 0xAE, 0x5D, 0x44, 0xF0, 0xD9, 0x9E, 0x95, 0x0D, 0x1B, 0x2A, 0x49,
    0x48, 0x4C, 0x52, 0x1B, 0xC5, 0xFA, 0x49, 0x63, 0x3E, 0x2F, 0xDD, 0x96, 0x89, 0xE9, 0x26, 0x9E,
    0x50, 0x56, 0x64, 0x2B, 0xAE, 0xCF, 0xF3, 0xFE, 0x74, 0x87, 0x88, 0x85, 0x44, 0x1B, 0x55, 0x91,
    0x25, 0x7A, 0x1E, 0x71, 0xFA, 0xB3, 0x31, 0x52, 0x48, 0x60, 0x6D, 0xE6, 0x60, 0xF8, 0xEE, 0x5E,
    0xBA, 0xA6, 0xFB, 0x78, 0x4D, 0xE1, 0x71, 0x9D, 0xFE, 0xFA, 0xE8, 0xFE, 0x8C, 0x9A, 0x35, 0x73,
    0x04, 0xBB, 0x62, 0x45, 0xF3, 0x73, 0xEC, 0xFE, 0x16, 0x12, 0xC1, 0x1D, 0x20, 0xF6, 0x2A, 0xD5,
    0x79, 0xD9, 0x8C, 0x68, 0x64, 0xBC, 0xA8, 0x61, 0xFD, 0x11, 0xB2, 0xAC, 0x9F, 0x6C, 0x91, 0xE1,
    0x7D, 0x67, 0xB3, 0x9F, 0x39, 0x39, 0x38, 0x95, 0x62, 0x39, 0x73, 0xDE, 0x7F, 0xB7, 0x70, 0x59,
    0x6A, 0xBC, 0xE6, 0xB0, 0x9F, 0x65, 0x03, 0x44, 0x91, 0xE7, 0x25, 0xA7, 0xF5, 0xC8, 0x7E, 0xFE,
    0xA7, 0x87, 0x7D, 0x73, 0x8C, 0xE8, 0x25, 0xD3, 0x18, 0xEA, 0x70, 0x5A, 0x05, 0x03, 0xCC, 0xBE,
    0xDD, 0x72, 0x82, 0xE3, 0x01, 0x5B, 0xA7, 0x91, 0xEC, 0x78, 0x4E, 0x95, 0xE1, 0xD3, 0x4F, 0xF0,
    0xB1, 0x21, 0xE3, 0xB1, 0x7D, 0x5C, 0xFB, 0x3A, 0x2C, 0xB6, 0x8F, 0x69, 0x0D, 0xB2, 0x85, 0xB9,
    0x8F, 0x60, 0x6F, 0x5E, 0x7B, 0xC8, 0x31, 0x61, 0xB2, 0xE3, 0xDB, 0x2A, 0x3B, 0x9C, 0x6E, 0xE3,
    0x64, 0x66, 0x70, 0xA7, 0xB2, 0x03, 0x4A, 0xD4, 0xAB, 0xD1, 0x28, 0x5A, 0x62, 0x1C, 0x9F, 0x3D,
    0xEA, 0x7F, 0x0F, 0xF3, 0xBC, 0xB3, 0x9E, 0x2A, 0xB4, 0x96, 0x28, 0xB4, 0x9A, 0x6A, 0xA1, 0x47,
    0x54, 0x75, 0x6B, 0xCA, 0xC4, 0xE6, 0xB2, 0x00, 0xE8, 0x8B, 0x19, 0xC2, 0x9C, 0x53, 0x0A, 0x0B,
    0x24, 0x3B, 0x36, 0xE7, 0x9E, 0x20, 0xEA, 0xDD, 0xA8, 0xC7, 0x01, 0xE2, 0x9E, 0x8D, 0x0A, 0x89,
    0x39, 0x1D, 0x04, 0x3F, 0x89, 0xFB, 0x51, 0x67, 0x3B, 0x90, 0x9B, 0xCD, 0xB4, 0x8F, 0xFC, 0x5E,
    0xB7, 0x74, 0xBC, 0xEB, 0xAC, 0x42, 0x18, 0x12, 0xDF, 0x76, 0x8E, 0x85, 0x96, 0x28, 0x1C, 0x76,
    0x66, 0x24, 0xB9, 0xDF, 0xE8, 0x2E, 0xA2, 0x56, 0x63, 0xC2, 0x19, 0x3D, 0x2E, 0x0D, 0xE6, 0x45,
    0x53, 0x60, 0xB3, 0xB6, 0x5A, 0x0A, 0x61, 0x3A, 0xDE, 0xBE, 0x8D, 0x05, 0xB1, 0x65, 0xCE, 0x4E,
    0xBD, 0x9D, 0xFC, 0x79, 0xFA, 0xE5, 0xDF, 0x98, 0x9D, 0x5C, 0xBD, 0x2A, 0x55, 0x51, 0x17, 0xEC,
    0x64, 0xDE, 0x37, 0x6E, 0xFF, 0xD4, 0x85, 0x24, 0xCE, 0xE9, 0x09, 0xCD, 0x87, 0xBC, 0x99, 0xA1,
    0x5A, 0x38, 0x83, 0x43, 0x6F, 0x6F, 0xB2, 0xC4, 0xFF, 0x31, 0xC3, 0xF8, 0xEE, 0xDB, 0xDF, 0x8C,
    0xBA, 0x37, 0x7A, 0x4D, 0x39, 0xA1, 0x99, 0x44, 0x52, 0xDD, 0xA3, 0x56, 0x94, 0xED, 0xFC, 0xA6,
    0xD4, 0x62, 0x19, 0x62, 0xDB, 0x25, 0xBF, 0xF7, 0x92, 0xF8, 0x93, 0xE5, 0x62, 0xAA, 0xD3, 0x27,
    0xF3, 0x2F, 0x89, 0x04, 0x67, 0x9D, 0x7C, 0xB5, 0x44, 0x6A, 0x9E, 0x47, 0x3A, 0xFA, 0x80, 0xB0,
    0x14, 0xF4, 0xF7, 0xFD, 0x35, 0xF8, 0xE3, 0xCA, 0x76, 0x35, 0x95, 0x25, 0xA4, 0x38, 0xC2, 0x54,
    0xCE, 0x47, 0x33, 0x95, 0xDF, 0x7F, 0x85, 0xA9, 0xFC, 0xFF, 0xC1, 0x6C, 0x8B, 0xC3, 0x69, 0x18,
    0xCE, 0xA2, 0x70, 0x3E, 0x08, 0x67, 0x31, 0x38, 0x0B, 0xC1, 0x59, 0x04, 0xCE, 0x07, 0xE0, 0x1E,
    0x14, 0x7F, 0x7B, 0x1C, 0xF7, 0x68, 0x88, 0x51, 0x6C, 0x99, 0xA3, 0x8A, 0x95, 0x7D, 0xAD, 0x28,
    0x1B, 0x25, 0xBE, 0x80, 0x88, 0x1B, 0x87, 0xDC, 0xA4, 0x86, 0x75, 0x81, 0x7F, 0xE9, 0x50, 0xEA,
    0xFA, 0xDC, 0x4E, 0x0E, 0xBF, 0x1B, 0xED, 0x1F, 0xE1, 0x9D, 0x17, 0x2C, 0x14, 0x67, 0x91, 0x38,
    0x0D, 0xC4, 0x25, 0xDE, 0x96, 0x40, 0x3C, 0xC5, 0xA2, 0x70, 0x3E, 0x08, 0xF7, 0xA0, 0x18, 0xDC,
    0xE3, 0x88, 0x21, 0xB1, 0x25, 0xAC, 0xBB, 0xA9, 0xD4, 0x72, 0x02, 0x39, 0x2B, 0x5E, 0x3F, 0xC9,
    0x87, 0x64, 0x60, 0xC7, 0x89, 0x77, 0xE2, 0xAF, 0x2E, 0x24, 0x76, 0x1E, 0x3D, 0xD4, 0xC4, 0x77,
    0x7E, 0x1A, 0x59, 0x9F, 0xB2, 0xA8, 0x88, 0x9D, 0xBC, 0xE7, 0xEE, 0x27, 0x77, 0xA4, 0xE0, 0x2F,
    0x95, 0x1D, 0xD7, 0xF5, 0x5D, 0x54, 0x40, 0x36, 0x30, 0xB1, 0x4F, 0xB4, 0xE4, 0x93, 0x6D, 0x49,
    0x5F, 0xBA, 0x26, 0xFB, 0x20, 0xF0, 0x15, 0xB0, 0x8F, 0xF4, 0xEC, 0xE9, 0x97, 0x5A, 0x6D, 0x74,
    0x4F, 0xFE, 0x51, 0xE1, 0xF6, 0x19, 0x03, 0xE1, 0x90, 0x73, 0xF2, 0x67, 0x5F, 0xC8, 0x7B, 0x29,
    0x15, 0xD6, 0x44, 0x2C, 0xA2, 0x59, 0xC5, 0x41, 0x85, 0x1A, 0x09, 0xF9, 0x4A, 0x4C, 0xC0, 0x0C,
    0x5A, 0xE4, 0x0C, 0x88, 0xDE, 0x76, 0xAA, 0x35, 0x9B, 0x14, 0xE3, 0xD1, 0x7B, 0x1B, 0xD9, 0x1E,
    0x79, 0x90, 0xA9, 0xA8, 0x63, 0x2F, 0x8F, 0x82, 0x23, 0x2F, 0xAA, 0x8A, 0x48, 0x74, 0x13, 0x07,
    0x9A, 0x9F, 0xEC, 0xFA, 0x3F, 0x90, 0x54, 0xE8, 0x0E, 0xD1, 0x6D, 0xC4, 0x7F, 0x34, 0xF9, 0xD4,
    0x6A, 0xE4, 0x45, 0xBC, 0xE9, 0x44, 0xC3, 0x4B, 0xAD, 0x64, 0xAB, 0x76, 0x5C, 0xA7, 0x91, 0x33,
    0x23, 0x2B, 0xDE, 0x8F, 0x95, 0x4B, 0x1E, 0xC9, 0x58, 0x7E, 0xC3, 0xC1, 0x94, 0x94, 0x62, 0x7B,
    0xD8, 0x78, 0x21, 0x17, 0x28, 0x61, 0x2D, 0xA9, 0x86, 0x91, 0x3C, 0xA8, 0x3C, 0x9D, 0x88, 0xA4,
    0x42, 0x0A, 0x79, 0x5B, 0x6D, 0x3B, 0x4C, 0x36, 0xFB, 0xE3, 0xE2, 0xEF, 0x86, 0x2C, 0x38, 0xCC,
    0xC8, 0x7C, 0xCE, 0xE8, 0x8B, 0x9C, 0x2B, 0x62, 0x6E, 0x9F, 0x4F, 0xD5, 0x1E, 0x07, 0xDE, 0x6D,
    0x3F, 0x1F, 0x79, 0x57, 0xF6, 0x3A, 0x27, 0x29, 0x48, 0xF0, 0x29, 0xF6, 0x27, 0xBC, 0xA6, 0xDE,
    0x77, 0xB9, 0xA8, 0x6C, 0xD9, 0xD6, 0x29, 0xEB, 0x8E, 0xB0, 0xBA, 0x49, 0x8B, 0x0A, 0x12, 0x6B,
    0xF0, 0x1B, 0x36, 0x87, 0xC4, 0x4A, 0xA7, 0xB6, 0x9B, 0x31, 0xA5, 0x56, 0x19, 0xAE, 0xD5, 0x73,
    0xAF, 0x81, 0xF5, 0x4E, 0x13, 0xD4, 0xD1, 0xD1, 0xD6, 0xEC, 0xDB, 0x72, 0x94, 0xA3, 0x0D, 0x4B,
    0xAA, 0xE3, 0xC3, 0x61, 0x5B, 0xC4, 0xAD, 0x75, 0x5B, 0xDA, 0x6E, 0x76, 0x21, 0x3D, 0x72, 0x03,
    0x99, 0x74, 0xE4, 0xB5, 0x75, 0x6B, 0xCB, 0xC5, 0xCA, 0x27, 0x39, 0x9C, 0xC5, 0xC4, 0x6A, 0xD9,
    0x27, 0xAA, 0x51, 0xE4, 0x15, 0x36, 0xCB, 0xE7, 0xD9, 0xC4, 0xB0, 0x5F, 0x7A, 0x9D, 0x4E, 0x50,
    0xE5, 0x9B, 0x3D, 0x33, 0xF5, 0xED, 0x59, 0x5A, 0x86, 0x31, 0xD7, 0x83, 0xDE, 0x91, 0xA2, 0x50,
    0xA9, 0x4E, 0xD2, 0x6D, 0x40, 0x50, 0x26, 0x18, 0xDA, 0x1F, 0xBF, 0x15, 0xE9, 0xDF, 0x9B, 0xDA,
    0x39, 0x7B, 0x3C, 0x09, 0x06, 0x48, 0xFC, 0x51, 0x52, 0x3E, 0x92, 0x00, 0x7F, 0x4E, 0xF5, 0xD7,
    0xD9, 0x3D, 0x95, 0x3A, 0x07, 0x1F, 0x6E, 0x4C, 0x21, 0xB2, 0x52, 0xF7, 0x55, 0xF6, 0xD7, 0x32,
    0x74, 0xF1, 0x65, 0xB2, 0x63, 0x30, 0x43, 0x46, 0x92, 0x0C, 0x07, 0xF9, 0x94, 0xDC, 0xF6, 0x45,
    0xFD, 0xCA, 0xCE, 0x69, 0xD3, 0xDD, 0x50, 0x58, 0xBB, 0x37, 0xEE, 0xB0, 0x4A, 0x79, 0x9A, 0xC3,
    0x5F, 0x0B, 0x93, 0x25, 0x5B, 0xB8, 0xD7, 0x99, 0xD5, 0xD9, 0x3D, 0xFD, 0x0B, 0x12, 0x06, 0x83,
    0x66, 0x7B, 0xB1, 0x63, 0x6C, 0xE8, 0xA5, 0x33, 0x6B, 0x14, 0xD0, 0xCA, 0x79, 0x08, 0xD6, 0xC5,
    0x97, 0xF6, 0xEB, 0x9F, 0xEB, 0x42, 0xB0, 0x46, 0x3D, 0x34, 0xB2, 0xD0, 0xEA, 0x0D, 0xE3, 0xE8,
    0x59, 0x26, 0x2D, 0x2B, 0x13, 0x19, 0xC4, 0x4D, 0x0C, 0x2F, 0x73, 0x05, 0xDE, 0xC4, 0x55, 0xA7,
    0x95, 0x48, 0x50, 0x02, 0x01, 0xE7, 0x2F, 0xFA, 0x08, 0x45, 0xAD, 0x82, 0xBD, 0x44, 0x63, 0x47,
    0xAD, 0x21, 0x1B, 0x15, 0x74, 0xD2, 0x3B, 0x7C, 0x22, 0xF7, 0xCB, 0xF5, 0x8F, 0xF0, 0x30, 0xF5,
    0xE2, 0x7F, 0xCC, 0xC3, 0x1F, 0x08, 0x52, 0xD8, 0x5A, 0x0C, 0x2A, 0xC4, 0x9D, 0xB0, 0x42, 0xBA,
    0xC5, 0x57, 0x7D, 0x9E, 0xF1, 0xFC, 0x3E, 0x8B, 0x80, 0xA8, 0x16, 0x28, 0xCA, 0xAC, 0x56, 0x01,
    0xC6, 0xED, 0x90, 0xDF, 0xFF, 0x73, 0x8C, 0x16, 0xBF, 0xCF, 0xA2, 0xAB, 0x75, 0xFF, 0x9D, 0xA8,
    0xEB, 0xAD, 0xF0, 0xA3, 0x7A, 0x33, 0x94, 0x5D, 0xD9, 0x6A, 0x48, 0x7D, 0xED, 0x75, 0xB2, 0x29,
    0xF6, 0x7B, 0x97, 0xD5, 0x2B, 0xE8, 0x34, 0xE2, 0x26, 0xD0, 0xD8, 0xBA, 0x40, 0xA6, 0xD8, 0x22,
    0xE0, 0x35, 0x51, 0xF6, 0xA0, 0x01, 0x34, 0xAC, 0xCC, 0x6A, 0x31, 0x82, 0x49, 0x4A, 0x1A, 0x5B,
    0x47, 0xCE, 0x7E, 0xC3, 0xF9, 0xD9, 0x42, 0x6E, 0x6E, 0xB2, 0xB0, 0x9B, 0xB8, 0xC5, 0xEB, 0x51,
    0x5D, 0x3E, 0xC7, 0xC4, 0xCF, 0x75, 0x27, 0x7D, 0xB7, 0x31, 0xF6, 0x43, 0x64, 0xDC, 0x69, 0x15,
    0xD2, 0x0F, 0x6F, 0xDD, 0xD2, 0x91, 0xA6, 0xBB, 0xB4, 0x6C, 0x7B, 0x50, 0x7A, 0x27, 0xFA, 0xA7,
    0xCF, 0x4C, 0x9A, 0xE0, 0x4F, 0xC7, 0xF5, 0xCA, 0x07, 0xED, 0x5D, 0x3D, 0x7A, 0x78, 0xE1, 0x61,
    0xCC, 0x7E, 0xC6, 0x19, 0xCB, 0x18, 0x2E, 0x77, 0x48, 0x2D, 0x62, 0x3E, 0x42, 0xC4, 0x30, 0x87,
    0xC2, 0x26, 0xE4, 0xBF, 0x96, 0xBE, 0xD0, 0x3A, 0xF4, 0x85, 0x6E, 0xBA, 0x43, 0x49, 0x43, 0xDF,
    0xE0, 0xF5, 0x98, 0x8A, 0x2D, 0x50, 0xCA, 0x9F, 0x6B, 0x90, 0xCE, 0x8A, 0x07, 0x14, 0x02, 0x92,
    0x65, 0x30, 0xC7, 0x6C, 0x18, 0x5C, 0x2E, 0x04, 0xEC, 0xEF, 0x5F, 0x08, 0xF8, 0x61, 0x29, 0x04,
    0xEC, 0xA4, 0x64, 0x75, 0x95, 0x12, 0x40, 0x2B, 0x04, 0x1C, 0x43, 0x21, 0xE0, 0xFF, 0x02, 0x5D,
    0x53, 0xB1, 0x8E, 0x1D, 0x35, 0x14, 0x3D, 0x33, 0x93, 0xAC, 0x51, 0x46, 0xC8, 0x14, 0xA1, 0x20,
    0x42, 0x0C, 0x05, 0x05, 0x0D, 0xEB, 0x2F, 0x40, 0xB6, 0x68, 0x52, 0xD0, 0xA4, 0xD9, 0x9E, 0x22,
    0xFD, 0xB6, 0x14, 0xB0, 0xB6, 0xC4, 0x0F, 0x6C, 0x47, 0x09, 0x45, 0x1A, 0x52, 0x51, 0x52, 0x64,
    0xD7, 0x46, 0xFC, 0x80, 0x3F, 0xC1, 0x05, 0x3D, 0x2E, 0x46, 0xCA, 0x28, 0x78, 0xE6, 0x72, 0x3C,
    0x4B, 0x81, 0xB0, 0x67, 0xA4, 0xE7, 0x7B, 0xAF, 0xDF, 0xB9, 0xE7, 0x9C, 0x3B, 0x00, 0xDE, 0x07,
    0x2C, 0x20, 0x01, 0x92, 0x11, 0x2B, 0x6C, 0x83, 0x3E, 0x30, 0x0A, 0xE0, 0xCF, 0x1C, 0xD7, 0xA7,
    0xC0, 0xF7, 0xAC, 0x70, 0xA3, 0x38, 0x25, 0x3D, 0x6B, 0x36, 0xD8, 0x02, 0x1F, 0xF0, 0x25, 0xF0,
    0xA8, 0x57, 0x3C, 0x05, 0xE6, 0x06, 0x2C, 0x07, 0xFF, 0x4B, 0x1C, 0x44, 0xD2, 0x74, 0xD8, 0x3C,
    0xB7, 0xA5, 0x98, 0xAA, 0xAB, 0x4F, 0xAA, 0x5E, 0x62, 0x0C, 0x17, 0xDB, 0x10, 0xCC, 0x31, 0x55,
    0x2F, 0x5F, 0x57, 0x11, 0xA9, 0xC7, 0x22, 0xF9, 0xCD, 0x2C, 0xEE, 0xE9, 0xF0, 0xEA, 0xC4, 0xB1,
    0x22, 0x39, 0x8A, 0x14, 0xE6, 0x92, 0x17, 0x09, 0x8F, 0x81, 0x0F, 0xD8, 0x5A, 0x89, 0x41, 0x95,
    0xF8, 0xE7, 0xF5, 0x19, 0x33, 0x72, 0x60, 0x96, 0x15, 0xB8, 0x02, 0x86, 0xA2, 0x9B, 0x69, 0xB6,
    0xD9, 0xCD, 0xD6, 0x27, 0x4E, 0xAD, 0x6A, 0x5D, 0xDA, 0xD2, 0xCF, 0x3D, 0xC2, 0x98, 0x61, 0xF4,
    0x89, 0x1B, 0xEE, 0xDD, 0x22, 0xC4, 0xDC, 0xE4, 0x79, 0xDB, 0xA7, 0xF6, 0x9D, 0x5A, 0xA1, 0x2B,
    0x62, 0x98, 0x77, 0xCC, 0x05, 0xAA, 0x60, 0xBA, 0xED, 0xE0, 0x43, 0xCC, 0x4A, 0xD6, 0xE5, 0xEF,
    0x66, 0xDD, 0x6E, 0x71, 0x77, 0x83, 0xDD, 0xA3, 0xD9, 0x1F, 0x37, 0x23, 0x55, 0x4B, 0x18, 0x5E,
    0x02, 0x9F, 0x51, 0x88, 0x1B, 0x34, 0xC8, 0x57, 0xC7, 0x28, 0xCF, 0x0F, 0x75, 0xE8, 0xA6, 0x89,
    0x62, 0x8B, 0x4F, 0x31, 0x08, 0xEE, 0x87, 0xC6, 0x92, 0x6F, 0x4E, 0x26, 0x0B, 0xA6, 0xD5, 0x3A,
    0x5D, 0x6D, 0xB2, 0xD9, 0x64, 0x71, 0xCB, 0xDB, 0x1D, 0x5A, 0x36, 0x28, 0x21, 0x9C, 0x24, 0x8A,
    0xF9, 0x20, 0x1A, 0xD7, 0xE5, 0x50, 0xA3, 0x5A, 0x45, 0x6D, 0xF1, 0x87, 0x66, 0xFF, 0xD8, 0xCD,
    0xEF, 0x87, 0x2E, 0x51, 0x65, 0x3B, 0x86, 0x8F, 0x7B, 0xFA, 0xD9, 0x2D, 0x06, 0x52, 0xD6, 0xA4,
    0x4E, 0x79, 0x08, 0x14, 0x53, 0x83, 0x49, 0x05, 0x3A, 0x00, 0xEF, 0x01, 0x1F, 0x61, 0x9F, 0x36,
    0x5D, 0x4D, 0xB6, 0xC9, 0x33, 0xC7, 0x8A, 0x6A, 0x33, 0x85, 0xBB, 0x27, 0x56, 0x20, 0xD4, 0x40,
    0xB4, 0xEE, 0x2D, 0xC6, 0x03, 0x13, 0xAD, 0x5D, 0x61, 0xE8, 0x9C, 0xEB, 0xB6, 0xA9, 0x42, 0xF1,
    0x2A, 0xEF, 0x04, 0x71, 0xE2, 0x62, 0xB0, 0xC9, 0x64, 0x9D, 0x07, 0x82, 0x4E, 0x45, 0x6D, 0xF3,
    0xA6, 0x57, 0x5D, 0x97, 0x6C, 0x92, 0x75, 0x16, 0x5F, 0x00, 0x2F, 0xA7, 0x83, 0x7B, 0xA7, 0xA9,
    0xAB, 0xCD, 0xDE, 0xFD, 0x06, 0x87, 0xE1, 0xE7, 0xFF, 0x1A, 0xD0, 0xDB, 0xFD, 0xBF, 0x09, 0x86,
    0x26, 0x5C, 0xB8, 0x0B, 0x37, 0x76, 0x0A, 0xC9, 0xFE, 0x94, 0x6F, 0x54, 0x79, 0x33, 0x95, 0x3B,
    0x95, 0xFD, 0x75, 0xB2, 0x82, 0x79, 0x03, 0xEE, 0x28, 0x49, 0x1F, 0xB8, 0x81, 0xCF, 0xD9, 0x24,
    0x1D, 0x5A, 0x32, 0x2E, 0x4F, 0x79, 0x7A, 0x84, 0xD3, 0x44, 0x16, 0x26, 0xC1, 0x26, 0x44, 0x37,
    0xED, 0x30, 0x2B, 0x6C, 0xC0, 0xBF, 0xEB, 0x73, 0x0C, 0x15, 0x2A, 0x43, 0x33, 0xEF, 0xFA, 0xE3,
    0x33, 0x27, 0x89, 0x83, 0xE2, 0xD4, 0x86, 0xF1, 0x97, 0x69, 0x57, 0x6D, 0x6E, 0xDD, 0xAA, 0x65,
    0xED, 0xDD, 0x70, 0x70, 0x1F, 0xB4, 0x57, 0x3B, 0x7D, 0xEA, 0x63, 0xDE, 0x45, 0x92, 0xA2, 0x0E,
    0x53, 0x17, 0xB2, 0xF6, 0x79, 0xDA, 0x08, 0x7D, 0x56, 0x7D, 0x02, 0xBC, 0xF0, 0x1C, 0xB3, 0x98,
    0xE6, 0x1C, 0xDF, 0x45, 0x36, 0x4C, 0x2B, 0x65, 0x67, 0xB3, 0xF9, 0x01, 0xFB, 0x05, 0xE7, 0x7E,
    0x1F, 0x8B, 0x95, 0xA9, 0x46, 0xF9, 0xAB, 0xCA, 0xB5, 0x94, 0x46, 0x9E, 0xDF, 0x4E, 0xC7, 0x99,
    0x7E, 0xF6, 0xFA, 0xB5, 0xE3, 0x9D, 0x12, 0x1F, 0x06, 0x3B, 0x7D, 0x78, 0x75, 0xE5, 0x70, 0xF1,
    0x8A, 0x4C, 0xC9, 0x9C, 0x67, 0xC3, 0xB8, 0xBD, 0xF5, 0xE5, 0x8E, 0x7C, 0x7F, 0xED, 0x04, 0xF0,
    0xB8, 0x5F, 0x23, 0xB5, 0xA9, 0xE2, 0xD4, 0x66, 0xE1, 0x6B, 0xF9, 0x9B, 0x80, 0xFC, 0xFA, 0xBA,
    0x38, 0x50, 0x3C, 0x8E, 0x01, 0x03, 0xB7, 0x29, 0xA6, 0xF8, 0xEA, 0xAB, 0xF4, 0x5D, 0x88, 0x13,
    0x62, 0x78, 0x74, 0x7E, 0x91, 0x0B, 0xE7, 0x81, 0x13, 0x91, 0xFC, 0xEE, 0x1B, 0xD5, 0xC2, 0x3F,
    0xE5, 0x5B, 0x3D, 0xB0, 0xE5, 0x48, 0x75, 0x6E, 0x49, 0xBC, 0x27, 0x96, 0x5B, 0x65, 0x11, 0xCC,
    0x12, 0xEC, 0xB8, 0x4A, 0x04, 0x0E, 0x5C, 0x14, 0x46, 0x0E, 0x71, 0x15, 0x6B, 0xA9, 0xD8, 0x60,
    0x03, 0x07, 0x9E, 0x80, 0x29, 0x07, 0x1B, 0xE0, 0xD0, 0x86, 0x60, 0x9C, 0xBA, 0xCA, 0x46, 0x62,
    0x37, 0x20, 0x20, 0xE0, 0x05, 0x64, 0x24, 0x0E, 0x86, 0x2A, 0x7B, 0x08, 0x26, 0xC5, 0x2E, 0x8C,
    0xEE, 0x42, 0x40, 0xB0, 0xC1, 0xCA, 0xA6, 0x5C, 0x0E, 0x1C, 0xA0, 0x2A, 0x0F, 0x50, 0x86, 0x60,
    0x65, 0xEF, 0x5D, 0xD0, 0x0C, 0x2D, 0xB5, 0xCF, 0xF7, 0x9D, 0xD3, 0xBA, 0x7A, 0xB3, 0x33, 0xCB,
    0xE2, 0xB2, 0x81, 0x35, 0x6F, 0xE6, 0xDD, 0xEE, 0xF7, 0xDE, 0xBD, 0xEA, 0xD3, 0xE7, 0xF7, 0x3B,
    0xE7, 0x74, 0x3B, 0xE7, 0xDC, 0x1F, 0x38, 0xD7, 0x76, 0xAE, 0x1F, 0x5C, 0x18, 0xD2, 0x70, 0xCC,
    0x42, 0x97, 0x07, 0x57, 0xAC, 0xAE, 0xF0, 0xAE, 0x3A, 0xB9, 0x7A, 0x74, 0xF5, 0xD1, 0x95, 0x8E,
    0x5F, 0x63, 0xB2, 0x64, 0x6B, 0xBE, 0x16, 0xBE, 0x98, 0xAB, 0xA9, 0x3E, 0xD6, 0xCD, 0xEF, 0xF1,
    0xD7, 0x87, 0xC1, 0xB9, 0xFA, 0xE4, 0x5C, 0x3F, 0x3B, 0x17, 0xF0, 0x2D, 0xF3, 0x30, 0x3A, 0xF7,
    0xB1, 0xC6, 0xBD, 0x9B, 0xAF, 0x83, 0xBC, 0xB5, 0xC5, 0xC7, 0xBC, 0x3C, 0x26, 0x7E, 0xCB, 0x23,
    0xEA, 0x49, 0x7E, 0x37, 0x38, 0xA1, 0xC9, 0x1D, 0x82, 0x73, 0x15, 0x7E, 0x2D, 0x6F, 0x7D, 0x0E,
    0x4F, 0x7D, 0xC6, 0xB9, 0xB2, 0x01, 0x65, 0xFD, 0x31, 0x01, 0xCD, 0x4D, 0xB1, 0x90, 0xDA, 0xC1,
    0xD5, 0x8D, 0xFB, 0x68, 0x7C, 0xF2, 0x2D, 0xE7, 0x12, 0x79, 0x50, 0xB6, 0x38, 0x27, 0x7F, 0x77,
    0x95, 0x2C, 0xD2, 0xE2, 0xA1, 0x9D, 0x4B, 0x57, 0xE7, 0x52, 0xF9, 0x93, 0x13, 0xD2, 0x1B, 0xD7,
    0x14, 0x53, 0x31, 0xD5, 0x73, 0x3D, 0xB7, 0xF8, 0x37, 0xB5, 0x53, 0x3D, 0xD4, 0xC3, 0x85, 0xBB,
    0xD0, 0xA7, 0xDC, 0xE1, 0x6B, 0xD1, 0xA4, 0x81, 0xFB, 0x29, 0xC7, 0x83, 0x3C, 0xC0, 0x81, 0xBE,
    0x52, 0x48, 0x93, 0xAF, 0x7E, 0xAC, 0x39, 0x11, 0x4A, 0x7A, 0x4E, 0x84, 0x9E, 0x20, 0x94, 0xCB,
    0xD6, 0x96, 0x34, 0x80, 0x13, 0xAE, 0x38, 0xE5, 0x4B, 0x3F, 0xE1, 0xD3, 0x43, 0xE1, 0x41, 0x83,
    0x2B, 0xBA, 0x6A, 0xE2, 0x24, 0x95, 0x5D, 0x61, 0xBB, 0x78, 0xD0, 0xB1, 0x9E, 0x1D, 0x1F, 0xD4,
    0x81, 0x09, 0x78, 0x90, 0xD3, 0x49, 0xBE, 0x72, 0xFF, 0x8E, 0x52, 0x59, 0x30, 0x91, 0xDD, 0x96,
    0x2B, 0xC9, 0x08, 0xF2, 0x85, 0x49, 0xB0, 0x49, 0x12, 0x27, 0x59, 0xF8, 0xD1, 0xBD, 0xFB, 0x20,
    0x1A, 0xEC, 0x23, 0xD1, 0xF2, 0x69, 0x97, 0x83, 0x44, 0xB0, 0x82, 0x13, 0x90, 0x90, 0xC9, 0x24,
    0x09, 0x32, 0xB9, 0x19, 0x1E, 0xBA, 0x2A, 0x84, 0x06, 0x4F, 0x68, 0xE4, 0xB9, 0x4D, 0x86, 0x49,
    0x2B, 0x0F, 0xCB, 0xF1, 0xC4, 0x7C, 0xAC, 0xE6, 0xD6, 0xF7, 0xBE, 0x17, 0x1E, 0x3D, 0xB7, 0x93,
    0xED, 0xF3, 0x19, 0x57, 0x6C, 0x5C, 0xFF, 0xA2, 0x2D, 0x1D, 0xBE, 0xA0, 0x13, 0x61, 0xC4, 0x1D,
    0x4E, 0x44, 0xA5, 0xCA, 0x20, 0xA2, 0x24, 0xFD, 0xAB, 0x4B, 0x56, 0x4A, 0x6B, 0x71, 0xC9, 0x42,
    0x99, 0x79, 0x97, 0x78, 0xD7, 0x36, 0xAE, 0x95, 0xC9, 0x95, 0x7B, 0x5E, 0x55, 0xC9, 0xB9, 0x1B,
    0x32, 0x39, 0xD9, 0x22, 0x61, 0x9B, 0x3C, 0xBA, 0xF7, 0x0D, 0x67, 0xDB, 0x24, 0x27, 0x84, 0xC5,
    0xC1, 0xB8, 0x15, 0xF4, 0x5D, 0x59, 0xF8, 0x97, 0xDB, 0xB7, 0x74, 0x72, 0xD4, 0x0F, 0xE5, 0x71,
    0x62, 0xB2, 0x13, 0x56, 0x08, 0xBD, 0x45, 0xC7, 0x89, 0xB0, 0x03, 0x7F, 0x15, 0x02, 0x5D, 0xCB,
    0xC9, 0x4A, 0x1D, 0x71, 0xA4, 0x14, 0xFC, 0x4B, 0x7A, 0xE3, 0x68, 0x19, 0x59, 0x5B, 0x05, 0x5B,
    0x9D, 0xDC, 0xF7, 0xD7, 0x15, 0x9A, 0xFC, 0x80, 0x38, 0x06, 0xE5, 0x08, 0xA6, 0x47, 0xF2, 0x64,
    0xC1, 0xB4, 0x21, 0x57, 0x3A, 0xE1, 0xF6, 0x03, 0xE3, 0x0B, 0xC9, 0x53, 0xCE, 0x70, 0xAA, 0xBC,
    0x21, 0xAD, 0xE0, 0xCE, 0xA2, 0xD4, 0x2A, 0x7F, 0x48, 0x2F, 0x38, 0xE4, 0x95, 0xE2, 0x1B, 0xCA,
    0xAC, 0x32, 0x6C, 0x5C, 0xAA, 0x56, 0x9D, 0xAE, 0xF7, 0xEE, 0xF5, 0x8B, 0xDB, 0x14, 0xC2, 0x47,
    0x5E, 0xED, 0xB8, 0x15, 0xC2, 0xAC, 0xD3, 0xEF, 0xDF, 0xBE, 0x1D, 0xA7, 0xC7, 0xC8, 0x6B, 0xF2,
    0x0C, 0x6A, 0xA1, 0x94, 0x24, 0x3A, 0x05, 0x25, 0x29, 0x75, 0x9A, 0xD3, 0x8C, 0x7A, 0xCE, 0xE5,
    0x77, 0x53, 0x63, 0x37, 0x28, 0x39, 0xA8, 0x69, 0xF4, 0xE1, 0xCA, 0xDD, 0x91, 0x0D, 0x93, 0x87,
    0x73, 0xB6, 0x71, 0x71, 0x3E, 0x84, 0xB0, 0x2A, 0x1F, 0xA7, 0xC2, 0x04, 0xBA, 0xE3, 0xA2, 0xE9,
    0x94, 0x33, 0xEE, 0x91, 0x73, 0x57, 0x91, 0x6B, 0xE0, 0x58, 0xA0, 0x25, 0x60, 0x21, 0xE3, 0x94,
    0x70, 0x09, 0x26, 0x23, 0x1C, 0x02, 0xB3, 0x6E, 0x44, 0x55, 0x72, 0x61, 0xDE, 0xAB, 0x91, 0xEE,
    0xC5, 0xB6, 0x64, 0xDB, 0x31, 0xFA, 0x6D, 0xB0, 0x2D, 0xD8, 0x60, 0x6A, 0x53, 0xA8, 0x0B, 0x28,
    0x94, 0xD9, 0xC6, 0xF3, 0x8A, 0x03, 0x77, 0xC8, 0xDD, 0x79, 0xDD, 0x99, 0xD7, 0x5D, 0x99, 0xDA,
    0x26, 0xF7, 0xFF, 0xC3, 0x91, 0xAA, 0x8A, 0x0E, 0xA1, 0x6F, 0x52, 0x55, 0xA0, 0xD0, 0x51, 0xA7,
    0xBA, 0x8C, 0x76, 0x26, 0x2A, 0x93, 0x87, 0x24, 0xAC, 0x4D, 0x25, 0xDC, 0xF0, 0x99, 0x7C, 0x38,
    0x0F, 0xA7, 0xEA, 0x54, 0xD0, 0x0D, 0xCE, 0xF5, 0x50, 0x51, 0x0E, 0xBE, 0x15, 0xE3, 0xC4, 0x26,
    0xFC, 0xF3, 0x8E, 0x12, 0x0E, 0xCB, 0x0D, 0x7A, 0x4F, 0x99, 0xC8, 0x9F, 0xB1, 0x51, 0xF9, 0x75,
    0xCA, 0xA5, 0xC9, 0x34, 0x4E, 0xBC, 0x4C, 0xA6, 0x27, 0x4D, 0xF0, 0x09, 0x4E, 0xF0, 0x09, 0x4E,
    0xF0, 0xC2, 0x49, 0x2E, 0xB4, 0xF2, 0xE3, 0x85, 0xB0, 0x21, 0xC5, 0x93, 0x8D, 0x02, 0x59, 0x81,
    0x14, 0xC0, 0xA6, 0xB1, 0x70, 0x1B, 0xBE, 0x7F, 0x87, 0xCB, 0xD0, 0x30, 0x8E, 0xE4, 0x91, 0x0A,
    0x96, 0x2A, 0x77, 0x32, 0x46, 0xAD, 0xE6, 0x35, 0x6E, 0xDB, 0x78, 0x89, 0x3F, 0x7C, 0x0C, 0x7C,
    0x69, 0x17, 0xFA, 0x4F, 0xD7, 0x7F, 0x32, 0x04, 0x5D, 0x37, 0x7C, 0x11, 0xB3, 0x32, 0x8C, 0x59,
    0xF8, 0xA3, 0x37, 0x60, 0x09, 0xA1, 0x41, 0x60, 0xC2, 0x7B, 0x3C, 0x44, 0x2F, 0x92, 0x81, 0xFC,
    0x2A, 0xD0, 0x3C, 0x40, 0x6D, 0x6B, 0x30, 0x49, 0x9C, 0x33, 0x2D, 0x25, 0x09, 0x23, 0x5C, 0xFE,
    0xF3, 0x94, 0x35, 0xBC, 0xDD, 0x0D, 0x70, 0x65, 0xAA, 0x27, 0x5D, 0xB8, 0x9D, 0xA2, 0x43, 0xA8,
    0xDF, 0x8A, 0x1E, 0xA1, 0xFE, 0x49, 0x30, 0xD5, 0xAB, 0x36, 0x8B, 0x2E, 0x4D, 0x6D, 0xB0, 0x9F,
    0x69, 0x9B, 0x8D, 0x31, 0x72, 0xC5, 0x87, 0x9C, 0xDD, 0x4A, 0x54, 0x91, 0xB3, 0x96, 0x9C, 0x15,
    0x65, 0xD3, 0x15, 0xAE, 0xB6, 0xDA, 0xC4, 0x14, 0xC7, 0x2C, 0xC3, 0xFE, 0xB8, 0xCD, 0x44, 0x29,
    0xE2, 0xBA, 0x9B, 0x0A, 0xB5, 0xA6, 0x42, 0x79, 0x54, 0x21, 0x32, 0xBD, 0x61, 0xD4, 0xF9, 0x81,
    0x44, 0xA0, 0x3C, 0x64, 0xB2, 0x01, 0x21, 0x53, 0x02, 0x35, 0x05, 0x38, 0x55, 0xA7, 0x92, 0x72,
    0x3B, 0x49, 0x60, 0xA3, 0xDC, 0xE6, 0xB6, 0x69, 0xA9, 0x39, 0xF3, 0xF3, 0xA6, 0x39, 0xF3, 0x0D,
    0x35, 0x91, 0x18, 0xC0, 0x31, 0x51, 0xFB, 0x90, 0x9F, 0x6C, 0x32, 0xE9, 0x04, 0xF6, 0x92, 0x84,
    0x29, 0x3A, 0x0B, 0xEA, 0x49, 0xA7, 0x13, 0xEE, 0x19, 0x3E, 0xBB, 0xA4, 0x73, 0x9C, 0x35, 0x92,
    0xFF, 0x15, 0x62, 0x57, 0x18, 0xBF, 0xEE, 0x7C, 0x01, 0x9D, 0xEB, 0x7C, 0xE2, 0x33, 0x01, 0x18,
    0x4B, 0xEA, 0x53, 0x9F, 0x04, 0xD7, 0x9E, 0x32, 0xF9, 0xF9, 0x56, 0xE8, 0xC2, 0xF0, 0x92, 0xA7,
    0xD5, 0x87, 0xE8, 0x23, 0xA0, 0x3B, 0x39, 0x14, 0x49, 0x26, 0x53, 0x0E, 0xA3, 0x0A, 0xCA, 0x90,
    0x0F, 0xCB, 0xB7, 0x3C, 0x14, 0x71, 0x5C, 0x62, 0x23, 0x03, 0x1B, 0x21, 0x88, 0xD8, 0xAE, 0x90,
    0x90, 0x60, 0x27, 0x7F, 0xC3, 0xD0, 0x7E, 0x98, 0x0F, 0x73, 0xE9, 0x4B, 0x5F, 0xE3, 0x9F, 0x84,
    0xF8, 0x6A, 0xAC, 0xC6, 0xC4, 0x25, 0x8F, 0x61, 0x90, 0xF7, 0x09, 0xC5, 0xB3, 0x52, 0x8E, 0xC7,
    0x73, 0xA7, 0x0A, 0x3D, 0x32, 0xFB, 0xC6, 0x16, 0x73, 0x91, 0x2D, 0x62, 0x29, 0x76, 0x29, 0x08,
    0x89, 0x9B, 0xC4, 0xD6, 0x08, 0x4D, 0xFC, 0xFB, 0x45, 0xA6, 0xFF, 0x28, 0xC2, 0x91, 0x48, 0x26,
    0x2C, 0xAB, 0xE5, 0xF3, 0x88, 0xD4, 0x49, 0x54, 0x87, 0x3B, 0x36, 0xA6, 0x51, 0x41, 0x36, 0x9D,
    0x29, 0x37, 0x5D, 0x8C, 0x93, 0x5E, 0x7D, 0x10, 0x0C, 0x6C, 0xB0, 0x0F, 0x99, 0xD2, 0x19, 0x8C,
    0xC0, 0x8E, 0x5B, 0x9D, 0x94, 0x27, 0x9B, 0xFC, 0x82, 0x30, 0xA2, 0xFC, 0x55, 0xC1, 0x08, 0x31,
    0xFB, 0xFB, 0x8F, 0x1A, 0x75, 0x0C, 0xB3, 0x79, 0x8C, 0x46, 0xD7, 0x17, 0x17, 0xDE, 0x2F, 0x07,
    0x79, 0xC6, 0x07, 0x85, 0x75, 0x78, 0x94, 0x90, 0x0D, 0x99, 0xC8, 0xD0, 0x9E, 0x88, 0x12, 0x31,
    0xC8, 0x6F, 0x7A, 0x15, 0x92, 0xCA, 0x2A, 0x51, 0x35, 0x14, 0xFD, 0x8F, 0xA0, 0xC0, 0x1E, 0x9D,
    0xE9, 0x0E, 0xB2, 0xF0, 0xE3, 0x40, 0x09, 0x1E, 0xC5, 0x9B, 0x40, 0x90, 0xF0, 0x6D, 0x07, 0xD0,
    0x37, 0x51, 0x94, 0xE7, 0xA1, 0x5C, 0xB9, 0x03, 0x09, 0x27, 0xD0, 0x71, 0x09, 0x27, 0xD8, 0x9C,
    0x2C, 0x5E, 0xCA, 0x9B, 0xFB, 0xF0, 0x35, 0xD1, 0x43, 0x7A, 0xEB, 0x93, 0x52, 0xDB, 0xC1, 0x12,
    0x19, 0xD3, 0xAE, 0x7F, 0x71, 0xD9, 0x55, 0x56, 0x20, 0x31, 0x36, 0xF0, 0xBD, 0x9E, 0x31, 0x91,
    0xCA, 0xBA, 0xE8, 0x20, 0x76, 0x3A, 0x33, 0x54, 0x15, 0x0A, 0xA0, 0x8B, 0x89, 0x96, 0x57, 0x0C,
    0xB4, 0xBB, 0x8B, 0xFF, 0x93, 0x50, 0x15, 0x7D, 0x4F, 0xBD, 0x98, 0xFF, 0xF9, 0xF2, 0x39, 0x70,
    0xD5, 0xC1, 0xFC, 0xF9, 0xE6, 0xF8, 0x3E, 0xA0, 0xDA, 0xD5, 0xDB, 0xFA, 0x06, 0x0D, 0x66, 0x7D,
    0xF8, 0xBC, 0x73, 0x97, 0xB5, 0x0E, 0xFD, 0xEB, 0x0B, 0xE9, 0xFD, 0xE3, 0x95, 0x14, 0xC2, 0x4E,
    0x44, 0x6B, 0x49, 0x47, 0xE1, 0x0F, 0x0C, 0xFB, 0x13, 0x0C, 0x49, 0xF4, 0x55, 0xDD, 0x06, 0x52,
    0x0E, 0xE8, 0xAA, 0x5A, 0x1A, 0xD5, 0xE8, 0x00, 0x01, 0x0C, 0xE0, 0x10, 0x36, 0x5C, 0xC1, 0x01,
    0x8D, 0x0A, 0xDD, 0x27, 0xA4, 0x04, 0x32, 0xA4, 0x8A, 0x53, 0x20, 0x73, 0x07, 0x10, 0x81, 0x85,
    0x67, 0xAA, 0x74, 0xEF, 0x6B, 0x05, 0x39, 0x8C, 0xA7, 0x61, 0xB1, 0x9F, 0xA8, 0x66, 0x1B, 0x88,
    0x8C, 0xF0, 0xC7, 0xA9, 0x78, 0x76, 0x23, 0xE5, 0x04, 0x9A, 0x45, 0x03, 0xB3, 0x55, 0xB9, 0x94,
    0xD1, 0x99, 0x89, 0xEB, 0x22, 0x6B, 0x64, 0x64, 0x88, 0x9D, 0x5D, 0x7A, 0xB5, 0x03, 0xA6, 0xD1,
    0x4F, 0xDB, 0x98, 0x08, 0x4E, 0xFD, 0xFA, 0x0E, 0x9D, 0x66, 0x06, 0xB6, 0x32, 0x73, 0x60, 0xB9,
    0x60, 0xD4, 0xC6, 0x99, 0xEB, 0xDC, 0x79, 0x83, 0x18, 0x3F, 0xC0, 0x30, 0x49, 0x71, 0x28, 0xB9,
    0xBA, 0x53, 0x2C, 0xD5, 0x77, 0x2A, 0x34, 0x72, 0x0F, 0xBC, 0x39, 0x43, 0xD3, 0x52, 0x75, 0x6E,
    0xC3, 0xA3, 0xED, 0x63, 0xB8, 0x94, 0x7F, 0x1F, 0xD5, 0xD8, 0x26, 0x7D, 0x97, 0x69, 0xF1, 0xE4,
    0x5A, 0xE1, 0x34, 0xB0, 0xAA, 0xA8, 0xBA, 0x10, 0x21, 0x8B, 0x20, 0xB6, 0xB7, 0x1A, 0xD9, 0x3F,
    0x22, 0x04, 0x4E, 0xFA, 0x80, 0x41, 0x85, 0xDC, 0x28, 0xB8, 0x54, 0x6D, 0x98, 0x95, 0xF4, 0x69,
    0xE7, 0xC6, 0xE2, 0x3B, 0x16, 0xE5, 0xB2, 0xBD, 0x63, 0x54, 0x45, 0x39, 0xBA, 0xBF, 0x04, 0x6D,
    0xB2, 0x15, 0x7D, 0x47, 0x20, 0xBC, 0x40, 0x5E, 0xC0, 0x40, 0x45, 0x78, 0x21, 0xC2, 0x6F, 0xD5,
    0x66, 0x6C, 0x13, 0xB5, 0x02, 0x55, 0xA3, 0x3D, 0x66, 0x76, 0xD7, 0xED, 0x4D, 0x31, 0xB6, 0x08,
    0x71, 0x49, 0x68, 0x99, 0x32, 0x9B, 0x93, 0x28, 0xD0, 0x46, 0x5C, 0xD2, 0x78, 0x0D, 0x8F, 0x46,
    0x78, 0xAD, 0xD9, 0xA6, 0xF2, 0x3C, 0x82, 0xEB, 0x33, 0xB6, 0xD6, 0x68, 0xA8, 0x78, 0xFA, 0x8C,
    0xAC, 0xE9, 0x97, 0x16, 0x13, 0xF1, 0x3D, 0xBC, 0x77, 0x07, 0xAB, 0xCF, 0xA8, 0x3A, 0xDB, 0x14,
    0x0E, 0xA2, 0xBE, 0x6D, 0x33, 0x73, 0x91, 0x3B, 0x44, 0x7D, 0x06, 0xD4, 0xC5, 0x06, 0xA2, 0x15,
    0x4E, 0x1F, 0xCD, 0x62, 0xD5, 0xB0, 0xEB, 0x6B, 0xC4, 0x17, 0x20, 0x5E, 0x84, 0xDF, 0x28, 0xAA,
    0x2E, 0x63, 0x9C, 0x24, 0xE4, 0x2C, 0xA2, 0xC3, 0x01, 0xA4, 0x56, 0x25, 0xB8, 0xA9, 0xD0, 0x2B,
    0x37, 0x88, 0xDD, 0x92, 0x49, 0x4A, 0x37, 0xC3, 0xF6, 0xDA, 0x83, 0x68, 0x91, 0x7F, 0x8A, 0x37,
    0x00, 0x55, 0xF6, 0x41, 0xAD, 0xBD, 0x86, 0x8C, 0x46, 0x50, 0xD2, 0x70, 0x79, 0x59, 0x99, 0xFC,
    0x2A, 0x80, 0x3B, 0x48, 0x75, 0x47, 0x7F, 0x22, 0xC8, 0xAC, 0x5E, 0x2E, 0xEF, 0xDD, 0x97, 0x9F,
    0xDB, 0x45, 0xE8, 0x91, 0xB1, 0x87, 0xD5, 0xD9, 0xE8, 0xC5, 0x87, 0xF6, 0xFE, 0x59, 0xEE, 0xA8,
    0x57, 0x4F, 0x63, 0xE3, 0xA2, 0xA3, 0xBC, 0x28, 0x24, 0x39, 0x71, 0xAB, 0x19, 0xD5, 0x54, 0x91,
    0x27, 0xF4, 0x06, 0x6A, 0x25, 0xFE, 0xE6, 0x32, 0x30, 0x47, 0x52, 0x1E, 0x27, 0x1A, 0x33, 0xB8,
    0x9D, 0xD5, 0xB6, 0xA7, 0xF1, 0xF2, 0xE2, 0xD6, 0xE3, 0xFA, 0xE1, 0x34, 0xD1, 0x38, 0x44, 0xFF,
    0x66, 0xF9, 0xDD, 0xE6, 0x0D, 0xD5, 0x19, 0x6A, 0x98, 0x6C, 0xD5, 0x91, 0xCD, 0xE7, 0x84, 0x81,
    0xAF, 0x2A, 0x2F, 0x7D, 0x55, 0x89, 0xA9, 0xB4, 0x54, 0x52, 0x2A, 0xA5, 0x83, 0x81, 0xDF, 0x6E,
    0x33, 0x65, 0x55, 0x29, 0x55, 0xA7, 0xDD, 0x82, 0x0A, 0xFB, 0x14, 0xF2, 0x29, 0xDC, 0xDB, 0x41,
    0xBD, 0x48, 0xF6, 0x7A, 0xC0, 0x86, 0xA0, 0xD5, 0x85, 0xA9, 0x37, 0xF2, 0xA5, 0x86, 0x3A, 0x9D,
    0x28, 0xDE, 0x5E, 0xA2, 0x7A, 0x78, 0x5B, 0x03, 0xB1, 0x72, 0xD6, 0x5D, 0x24, 0x6A, 0x76, 0xFD,
    0x6C, 0xCE, 0x45, 0x72, 0x89, 0xC5, 0x7C, 0x94, 0xE5, 0xD5, 0xE1, 0x4D, 0x35, 0x5A, 0x33, 0x15,
    0x6A, 0x84, 0x8F, 0xAB, 0xCF, 0x71, 0xB2, 0x58, 0x0E, 0xFD, 0x46, 0xB0, 0xC9, 0x97, 0xF4, 0x79,
    0x87, 0xF0, 0xA2, 0xF2, 0xBB, 0x08, 0x2F, 0xC4, 0xEC, 0x50, 0xE1, 0x24, 0x68, 0xE9, 0x57, 0xDB,
    0x72, 0xAD, 0x86, 0xB6, 0x00, 0xCC, 0x2B, 0x81, 0x07, 0x4A, 0xAF, 0x5F, 0x05, 0x19, 0xAC, 0x64,
    0x82, 0xB8, 0x75, 0x04, 0x5C, 0xF5, 0x4D, 0xA3, 0x22, 0xDC, 0x33, 0xA6, 0xFE, 0xD4, 0x63, 0x10,
    0x2A, 0x8B, 0x10, 0x6A, 0x03, 0xDB, 0xD5, 0x06, 0xE2, 0xCF, 0x10, 0xEA, 0x68, 0x7E, 0xD8, 0x26,
    0xD9, 0x6A, 0xBA, 0x91, 0x7B, 0xC3, 0x52, 0xC5, 0x6C, 0x58, 0xAA, 0x9A, 0xFA, 0x08, 0xA1, 0x0C,
    0x4B, 0x85, 0x63, 0x7B, 0x8A, 0x10, 0x6A, 0xBE, 0x06, 0xA1, 0x0E, 0x8B, 0x4D, 0x90, 0x7D, 0x7A,
    0x83, 0x50, 0xCA, 0xD6, 0x7A, 0x32, 0x2C, 0x25, 0x0B, 0x71, 0x02, 0x60, 0x52, 0x04, 0x23, 0x98,
    0x13, 0x45, 0x8F, 0x8D, 0x42, 0x28, 0x4E, 0x00, 0xA1, 0xB8, 0x53, 0xAC, 0x7C, 0x88, 0xFE, 0xA1,
    0x14, 0xA3, 0x06, 0x84, 0x82, 0x81, 0x82, 0x2D, 0xC4, 0xFA, 0x60, 0x8B, 0xA9, 0xF1, 0xFE, 0xAB,
    0xC6, 0x2F, 0x0A, 0xCA, 0xAF, 0xC7, 0xB4, 0xE2, 0xB4, 0x56, 0x67, 0xE0, 0xD5, 0x2A, 0x22, 0xA4,
    0xCC, 0x98, 0x4B, 0x93, 0x59, 0x39, 0x93, 0x37, 0x32, 0xF0, 0xC0, 0x52, 0x8D, 0x6A, 0xEB, 0xCF,
    0x42, 0x83, 0x6F, 0x88, 0xF0, 0xCD, 0xD0, 0xE0, 0x1B, 0x5B, 0x7C, 0x53, 0xF8, 0xF0, 0x5D, 0x4E,
    0xEB, 0x7F, 0x17, 0xFB, 0xFE, 0x8E, 0x6A, 0xDA, 0xB7, 0xC2, 0x51, 0x34, 0x80, 0xDC, 0x7E, 0x35,
    0xBC, 0x1A, 0x72, 0x75, 0x99, 0x9F, 0x0F, 0xDF, 0x5E, 0x0E, 0x3A, 0x6D, 0xC2, 0x6B, 0x1A, 0x9B,
    0x05, 0xE5, 0x87, 0xEF, 0x4D, 0x07, 0xE5, 0x05, 0x64, 0xAD, 0x6C, 0x59, 0x20, 0x26, 0x4E, 0x73,
    0x01, 0x7A, 0xE2, 0x58, 0xB0, 0xB5, 0x03, 0x00, 0x34, 0xF1, 0x35, 0xB0, 0x11, 0x80, 0xD2, 0x4A,
    0x98, 0x4B, 0x15, 0x67, 0x64, 0x9E, 0x80, 0xF5, 0x39, 0xAD, 0x47, 0xFC, 0xC4, 0xB8, 0x2F, 0x51,
    0xAC, 0x34, 0xC8, 0x2D, 0xF2, 0xBD, 0xC0, 0x8E, 0xAF, 0xA0, 0x5A, 0x9A, 0x8B, 0x32, 0xD8, 0x69,
    0x7E, 0x3A, 0x91, 0x8F, 0x5A, 0x72, 0x78, 0xCC, 0xDE, 0xF8, 0x4B, 0x60, 0x7C, 0x24, 0x91, 0x9A,
    0x88, 0x8A, 0x44, 0x5A, 0x1A, 0x00, 0x18, 0x78, 0x49, 0x26, 0x4A, 0x72, 0x6E, 0x28, 0xBE, 0xE6,
    0x4C, 0x85, 0x80, 0x24, 0x5A, 0x5D, 0xAB, 0x57, 0xE0, 0x20, 0xB3, 0x95, 0xC9, 0x09, 0x3E, 0x1B,
    0xA0, 0x38, 0x60, 0xC9, 0xF7, 0x84, 0xBF, 0x54, 0x9B, 0xF0, 0xBA, 0x6C, 0xDD, 0x93, 0x37, 0x5F,
    0x08, 0x03, 0x50, 0xA0, 0x3C, 0xEA, 0x85, 0x30, 0x96, 0x27, 0xD2, 0x22, 0x6A, 0x50, 0x4D, 0xC6,
    0xAE, 0x99, 0x69, 0xAB, 0x3C, 0x54, 0xB0, 0x0D, 0xB1, 0x83, 0xE8, 0xE0, 0x82, 0x5A, 0x28, 0x1E,
    0x5A, 0x85, 0x76, 0x50, 0x75, 0x2C, 0x2C, 0xF3, 0xDE, 0x66, 0x92, 0xD2, 0xE4, 0x3A, 0x63, 0x96,
    0xAC, 0x3E, 0x0F, 0xA9, 0x8D, 0x12, 0x3F, 0x31, 0x81, 0x07, 0x79, 0x0F, 0x2D, 0x9F, 0xE7, 0xE7,
    0xE8, 0x9E, 0x2A, 0xCC, 0x2A, 0xAB, 0x70, 0x75, 0xAE, 0xD8, 0xA0, 0xC4, 0x33, 0xD7, 0x8A, 0xBA,
    0x11, 0x35, 0x15, 0x4F, 0x1A, 0x61, 0xDA, 0x6F, 0x35, 0xEE, 0x4F, 0x90, 0x25, 0x8D, 0x5A, 0x86,
    0xAD, 0x84, 0x54, 0xA0, 0x28, 0x14, 0xDC, 0x72, 0x94, 0xAD, 0x3A, 0xAD, 0xFF, 0x3E, 0xF5, 0xAB,
    0x32, 0x21, 0xB5, 0x96, 0x00, 0xF5, 0xE6, 0xE1, 0xAD, 0xCA, 0xE0, 0xFE, 0xEE, 0xF6, 0xED, 0x27,
    0x7D, 0xEC, 0x83, 0x9A, 0xD3, 0xE5, 0xE0, 0xA5, 0xA0, 0x27, 0xA0, 0x6A, 0xD6, 0xB1, 0x27, 0xA6,
    0x47, 0x8E, 0x9C, 0x45, 0x4D, 0xE1, 0xD1, 0xED, 0xDB, 0x9F, 0x61, 0x6D, 0x61, 0x97, 0x84, 0x04,
    0x43, 0x4F, 0x34, 0x9A, 0x58, 0xC5, 0xF8, 0xB9, 0x01, 0x34, 0x98, 0x27, 0x1F, 0xF2, 0xA0, 0xC1,
    0x73, 0x2B, 0x8E, 0xB4, 0x41, 0x8B, 0x29, 0x35, 0x02, 0xE8, 0x40, 0x5F, 0x85, 0xA0, 0x26, 0xBA,
    0x29, 0x01, 0x94, 0x08, 0xAF, 0xAB, 0xB5, 0xB8, 0x78, 0xB4, 0xB1, 0x6B, 0x57, 0x1D, 0x7B, 0x15,
    0x45, 0xC7, 0x2A, 0x8F, 0xBC, 0xB9, 0x5F, 0x2C, 0x70, 0x52, 0xE1, 0x6D, 0x94, 0x17, 0xBE, 0x0F,
    0x89, 0xE7, 0xAA, 0x10, 0xBD, 0xA6, 0xEA, 0x4E, 0xF4, 0xBC, 0x1A, 0x40, 0x07, 0xC2, 0xA0, 0x22,
    0x2C, 0x2F, 0xFD, 0x0F, 0x02, 0xE8, 0x19, 0x2F, 0x9F, 0x91, 0xB2, 0x05, 0xD3, 0x88, 0x7B, 0x94,
    0x63, 0x31, 0xA8, 0x56, 0x5B, 0x48, 0x3D, 0x87, 0x55, 0x9D, 0xB5, 0x3E, 0x06, 0x59, 0x04, 0x7D,
    0x0D, 0xB4, 0xA0, 0xE4, 0x1C, 0x6C, 0x2D, 0xE0, 0x4E, 0x86, 0xA4, 0x93, 0x58, 0x75, 0x60, 0xC8,
    0x4D, 0xC3, 0x64, 0x61, 0xF7, 0x1C, 0x80, 0x35, 0x08, 0xE7, 0x96, 0xA7, 0xEB, 0x2C, 0x06, 0xE3,
    0xCE, 0xA2, 0x08, 0xAB, 0xBD, 0x21, 0x96, 0x7B, 0x35, 0x6C, 0x94, 0x21, 0x06, 0xE7, 0x2A, 0xC4,
    0x00, 0x5D, 0xBF, 0x9D, 0x78, 0x80, 0xAC, 0x2D, 0x58, 0x9F, 0xCA, 0xA0, 0x98, 0x28, 0x9C, 0xB4,
    0xB6, 0x87, 0xA0, 0x1D, 0x1D, 0xC9, 0xC5, 0xFD, 0xF5, 0x4A, 0x55, 0x62, 0xDD, 0x0A, 0x61, 0x75,
    0x04, 0xDC, 0xEB, 0x1D, 0xD9, 0xA6, 0xA4, 0xB5, 0x89, 0xB5, 0x39, 0x20, 0x3A, 0x19, 0x58, 0xB2,
    0xF4, 0x5C, 0xB7, 0x9F, 0x15, 0xDC, 0x6B, 0xF1, 0x57, 0x3E, 0x04, 0x0E, 0x21, 0x32, 0xB2, 0x10,
    0x93, 0xD2, 0xD5, 0x8C, 0x05, 0x37, 0xFC, 0x83, 0xC0, 0xD2, 0x2B, 0x75, 0x31, 0x27, 0xB0, 0xC7,
    0xF0, 0x90, 0x5B, 0xFE, 0xF2, 0xD3, 0xB3, 0xBF, 0xF5, 0x89, 0xD9, 0xDF, 0xD5, 0x3B, 0x65, 0x7F,
    0x9B, 0x91, 0xCF, 0xAA, 0xE3, 0x27, 0xDD, 0x18, 0x06, 0xC1, 0xBE, 0x13, 0x99, 0x2A, 0x56, 0x95,
    0x23, 0xE4, 0xB1, 0xD4, 0x04, 0x27, 0x8C, 0x3D, 0x94, 0x47, 0x8A, 0xF8, 0xB7, 0x9A, 0xB8, 0x52,
    0x4C, 0x3E, 0x55, 0x0C, 0x31, 0x5B, 0xDD, 0x32, 0x59, 0xCB, 0x5D, 0xF5, 0x9D, 0xFE, 0x5A, 0xCA,
    0x39, 0xC0, 0x9C, 0x51, 0xD7, 0x5B, 0x88, 0x77, 0x9C, 0xD0, 0x2F, 0xD1, 0x39, 0x5D, 0x58, 0xA3,
    0xC9, 0x16, 0x2D, 0xCB, 0x00, 0xFE, 0xDC, 0xFE, 0xCC, 0x7D, 0xAF, 0x9A, 0x38, 0xAB, 0xE9, 0x4E,
    0xFA, 0xD3, 0x14, 0xAB, 0x0B, 0xFC, 0xDA, 0x1C, 0x98, 0x3A, 0xAB, 0x45, 0x07, 0x5F, 0xEE, 0xF3,
    0x44, 0xF1, 0xB3, 0x42, 0x60, 0x31, 0xD7, 0x83, 0x0E, 0x47, 0x51, 0xA3, 0xE2, 0x54, 0x4B, 0xAC,
    0x6A, 0x8A, 0xA9, 0x16, 0xFB, 0x95, 0x6D, 0x5E, 0x82, 0xAF, 0xCF, 0x3C, 0x25, 0xAB, 0x36, 0x25,
    0x37, 0x0D, 0xDF, 0x8A, 0xD0, 0xA7, 0xDD, 0x90, 0xBC, 0x63, 0x66, 0x7F, 0x3D, 0xA5, 0xD7, 0x72,
    0x3A, 0x6B, 0x0D, 0x56, 0x43, 0x39, 0x84, 0x18, 0xDA, 0xB8, 0xDE, 0xCD, 0x8E, 0xBD, 0x2E, 0xDA,
    0x47, 0x01, 0xA4, 0xA5, 0xC8, 0xBD, 0x66, 0x39, 0x2F, 0x10, 0x08, 0xB0, 0x32, 0xDC, 0x2E, 0x8A,
    0xE6, 0x85, 0x58, 0x0A, 0x42, 0x68, 0x2F, 0x15, 0xBD, 0x2B, 0xC5, 0xB2, 0xC1, 0x5E, 0xD3, 0xD3,
    0xC6, 0x5A, 0x59, 0x2F, 0x53, 0x95, 0xB2, 0xF0, 0x8A, 0xA5, 0x7C, 0xAF, 0x79, 0xA5, 0xFA, 0x75,
    0xDB, 0x8B, 0x81, 0xA9, 0x08, 0xB3, 0x7A, 0x43, 0x62, 0x6D, 0xB8, 0x5E, 0xE7, 0x34, 0x7E, 0x44,
    0x86, 0x44, 0x8E, 0x9C, 0xD3, 0xE7, 0x93, 0xDB, 0x71, 0x43, 0xD6, 0x7F, 0xE8, 0x76, 0x7E, 0x3E,
    0xB1, 0x31, 0x33, 0x27, 0x73, 0xFE, 0x62, 0x91, 0x69, 0x03, 0xF9, 0x34, 0xBF, 0xF9, 0x6D, 0x89,
    0x34, 0xBE, 0x3E, 0x1D, 0x6E, 0x59, 0x00, 0xC1, 0x13, 0x4C, 0xA7, 0xA3, 0x87, 0x47, 0x75, 0x7D,
    0x6E, 0x99, 0xE1, 0xD4, 0x82, 0x58, 0x8E, 0x25, 0xAB, 0x92, 0xF2, 0x83, 0x18, 0xAA, 0x98, 0xDE,
    0x20, 0x88, 0x1A, 0x26, 0x38, 0x08, 0x6C, 0x0E, 0xA3, 0x8C, 0xAC, 0x43, 0x64, 0x18, 0x13, 0x16,
    0x9F, 0x59, 0x90, 0x90, 0x54, 0x1E, 0x15, 0x09, 0x00, 0x9A, 0xD6, 0x67, 0xE2, 0xD5, 0x25, 0x4C,
    0x0B, 0x3E, 0xFA, 0xA4, 0xAC, 0xA3, 0xCA, 0x35, 0xAA, 0xE3, 0x0D, 0x46, 0xC6, 0x03, 0xFA, 0x8C,
    0x70, 0x57, 0x6D, 0xD4, 0x5A, 0x1F, 0xA6, 0xFB, 0xB2, 0xAD, 0x2B, 0xCB, 0xDB, 0x4F, 0xFB, 0x38,
    0xF8, 0x91, 0x7B, 0xF7, 0xAE, 0x1E, 0xF7, 0xCB, 0xA8, 0x99, 0xC2, 0x04, 0x83, 0xCF, 0x6D, 0x22,
    0x54, 0x40, 0x8F, 0xE0, 0xF2, 0x99, 0x0B, 0x80, 0x17, 0x94, 0xD3, 0x41, 0xAB, 0x2D, 0xD4, 0xB3,
    0x83, 0x09, 0x74, 0xB2, 0x25, 0xC3, 0x64, 0xE0, 0xB7, 0x7F, 0x68, 0xB2, 0xAC, 0x2D, 0x29, 0x90,
    0xD5, 0x97, 0x68, 0x32, 0xA7, 0xE8, 0x13, 0x86, 0xC7, 0x6A, 0xE0, 0x65, 0x2C, 0x8B, 0xB7, 0x5B,
    0x05, 0x64, 0xCB, 0x20, 0x4C, 0xE8, 0x85, 0x8F, 0x36, 0x72, 0x8A, 0xFD, 0xAA, 0xA1, 0x30, 0x72,
    0x3A, 0x73, 0xD9, 0xAB, 0xEA, 0x27, 0xF8, 0x40, 0x65, 0x4E, 0x7A, 0xB8, 0xBF, 0xA5, 0x01, 0x27,
    0x8E, 0x15, 0x4B, 0x84, 0x32, 0x69, 0xE3, 0xA4, 0x87, 0x5E, 0x7C, 0x48, 0x59, 0xF2, 0xDC, 0x55,
    0x8D, 0x9C, 0x5F, 0x60, 0x92, 0xE4, 0x39, 0xCA, 0x97, 0xA1, 0x58, 0xA1, 0x10, 0x39, 0x42, 0xAE,
    0x64, 0xCA, 0x4D, 0x41, 0x60, 0x59, 0xF2, 0x3F, 0x26, 0x0B, 0xD6, 0x29, 0x58, 0x15, 0xAD, 0x39,
    0xD1, 0x4A, 0xA3, 0x4E, 0xE0, 0xDE, 0x56, 0x30, 0x50, 0x08, 0x12, 0x9B, 0x82, 0xEC, 0x07, 0xFC,
    0xA6, 0x67, 0xF5, 0x49, 0x26, 0x5A, 0x73, 0x44, 0xCE, 0x33, 0x69, 0x6D, 0x54, 0x90, 0x67, 0x49,
    0x97, 0xFC, 0x2D, 0x51, 0x15, 0x16, 0x20, 0x7F, 0x1A, 0xFE, 0x4D, 0x4B, 0xE6, 0x31, 0x3C, 0xF6,
    0xB1, 0x6D, 0x59, 0x6E, 0x1E, 0xE9, 0x8E, 0xFA, 0xEC, 0x5D, 0xC7, 0xE0, 0x3C, 0x89, 0x58, 0x3F,
    0xAA, 0x87, 0x8B, 0xDD, 0x82, 0x22, 0x72, 0xB7, 0x8A, 0x93, 0x3D, 0x9E, 0xFD, 0x90, 0x69, 0x55,
    0x6A, 0xD6, 0x41, 0xAF, 0x3D, 0xC5, 0xAA, 0xAE, 0x26, 0x05, 0xEB, 0x57, 0xC2, 0x6A, 0x85, 0x9D,
    0x36, 0x98, 0xC5, 0x96, 0xAC, 0xC8, 0x79, 0x4D, 0xBB, 0x99, 0x61, 0x1E, 0x18, 0x57, 0xA7, 0x18,
    0x56, 0x07, 0x9D, 0x50, 0xEA, 0xD7, 0x26, 0x85, 0x5A, 0xD5, 0x36, 0xE9, 0x74, 0xA2, 0xE1, 0xB6,
    0xD3, 0xA6, 0x2A, 0x63, 0x71, 0xED, 0xAD, 0xE8, 0xD5, 0xCE, 0xBB, 0x0E, 0x42, 0xCA, 0x06, 0x93,
    0x7C, 0x8F, 0x4C, 0x78, 0xB3, 0xE1, 0x30, 0xB6, 0x82, 0xED, 0xFD, 0x61, 0x2C, 0x46, 0x41, 0x6B,
    0xFD, 0x54, 0xC8, 0xA4, 0x98, 0x53, 0xC1, 0x4C, 0x63, 0xF9, 0xD6, 0x8B, 0x3E, 0x5F, 0x2F, 0xDA,
    0x01, 0x5D, 0x36, 0x18, 0xF2, 0xD1, 0x1A, 0x89, 0x00, 0x50, 0x10, 0x45, 0x00, 0xA2, 0x02, 0x12,
    0xE3, 0xE6, 0x9F, 0xE3, 0x91, 0x01, 0x51, 0x15, 0xAC, 0xF0, 0x2A, 0xE3, 0xE7, 0xB7, 0xF8, 0xFA,
    0x32, 0xF6, 0xB8, 0xBA, 0xF5, 0xE9, 0xE8, 0xF3, 0xBD, 0x56, 0x39, 0xF8, 0x5B, 0xF7, 0xE7, 0x4A,
    0xB6, 0xA6, 0x22, 0x45, 0x38, 0xD8, 0x83, 0xF4, 0x51, 0xC5, 0xA2, 0xFA, 0x74, 0x38, 0xE5, 0xF3,
    0x3B, 0x60, 0xEE, 0xDF, 0xC0, 0x58, 0xF2, 0x7E, 0xB3, 0x32, 0x0D, 0x19, 0xF5, 0xD1, 0x8A, 0x00,
    0x4A, 0xA5, 0x85, 0x62, 0x35, 0x3B, 0xC3, 0x32, 0xBA, 0x42, 0xAD, 0x06, 0xDC, 0xEA, 0xA7, 0x3F,
    0xF1, 0x74, 0x96, 0x5E, 0x34, 0x80, 0x1D, 0xC2, 0xB5, 0x94, 0xE9, 0xFE, 0x9A, 0x69, 0xAA, 0xF9,
    0x22, 0xD3, 0x84, 0xF0, 0x25, 0x76, 0x6B, 0xFB, 0xEF, 0xB1, 0xA9, 0x59, 0x69, 0x3B, 0x02, 0xEE,
    0x54, 0x8C, 0x9E, 0xE8, 0xDD, 0x93, 0xBF, 0xF5, 0x4C, 0x7C, 0x24, 0xEE, 0x09, 0xA9, 0x24, 0x9C,
    0x93, 0xE7, 0x00, 0x5A, 0x7A, 0xA6, 0xC4, 0x44, 0x8B, 0xFC, 0x89, 0x95, 0xBB, 0xFE, 0x74, 0x10,
    0xD7, 0x27, 0x62, 0xEA, 0x1F, 0xAD, 0x2D, 0x96, 0xFB, 0xAF, 0x80, 0x0A, 0xAB, 0xD8, 0x00, 0x9E,
    0xBB, 0x02, 0x58, 0xE2, 0x7D, 0x48, 0x1F, 0x9F, 0x75, 0xF1, 0xB4, 0x0B, 0x1A, 0x6B, 0x8E, 0x35,
    0xCD, 0x55, 0x1B, 0x46, 0xB6, 0x67, 0x06, 0x09, 0x06, 0x08, 0xF0, 0x83, 0x49, 0x2F, 0xCB, 0xE0,
    0xC9, 0x13, 0xB2, 0xB7, 0xE4, 0x53, 0xE4, 0x72, 0xA7, 0x95, 0x9D, 0x56, 0xCB, 0x3B, 0x8C, 0x9F,
    0xF9, 0x00, 0x8F, 0xD9, 0x64, 0xB1, 0x28, 0x22, 0x0F, 0xFA, 0xA7, 0xD8, 0xE6, 0x6A, 0xE9, 0x69,
    0xE8, 0x41, 0xBE, 0x6A, 0x32, 0xE6, 0x7A, 0xBD, 0xF5, 0x1E, 0x73, 0x49, 0x83, 0x92, 0xBE, 0xEB,
    0xCD, 0xBC, 0x83, 0x9A, 0x40, 0x4A, 0x21, 0xC6, 0x74, 0xE5, 0x99, 0x9D, 0x18, 0x55, 0x8A, 0xBD,
    0x9D, 0xCC, 0xD9, 0xCA, 0x46, 0xC5, 0x72, 0x16, 0xA0, 0xCA, 0xAF, 0xE6, 0xDB, 0x3F, 0xFA, 0x44,
    0xC1, 0x25, 0x8D, 0x80, 0xCF, 0xCB, 0x30, 0xE6, 0xD0, 0x7B, 0x41, 0xFA, 0x12, 0x79, 0x26, 0xA1,
    0xB6, 0x0D, 0x6F, 0x82, 0xE6, 0xF6, 0xC7, 0x3F, 0x44, 0xE1, 0x5C, 0xF4, 0x7A, 0x70, 0x61, 0x85,
    0xA6, 0x04, 0x9F, 0xA2, 0x2F, 0x7D, 0x92, 0xD7, 0x14, 0xE1, 0xA1, 0xCB, 0xD0, 0xC0, 0x46, 0x6F,
    0x23, 0x47, 0x1F, 0xAC, 0x3B, 0xA0, 0x09, 0x86, 0x30, 0x74, 0xD0, 0x43, 0x56, 0x01, 0xF4, 0x68,
    0x24, 0xD2, 0x60, 0xA4, 0x91, 0x08, 0xFF, 0x67, 0x0B, 0x46, 0xED, 0x64, 0x48, 0x58, 0xD5, 0x99,
    0x36, 0x92, 0xD0, 0x7D, 0xA4, 0xB6, 0x2D, 0x7D, 0xED, 0x9C, 0xA2, 0xE4, 0xCD, 0x71, 0x68, 0xFD,
    0x4D, 0x03, 0x41, 0x67, 0x47, 0xA1, 0xBC, 0x96, 0x9E, 0x20, 0xCD, 0x36, 0x9E, 0xAF, 0x6A, 0x98,
    0x9A, 0xE7, 0x68, 0xE1, 0x1D, 0x7F, 0xE9, 0x7D, 0xD1, 0x1B, 0x7C, 0xFD, 0x43, 0x35, 0xB8, 0x6E,
    0xEB, 0x8F, 0xAA, 0xB9, 0x69, 0xD9, 0x41, 0x9B, 0xF6, 0x3C, 0x9A, 0xE3, 0x3E, 0xC7, 0x37, 0xFE,
    0x8E, 0xE6, 0xF8, 0x92, 0x16, 0xA4, 0x4B, 0xCA, 0x52, 0x3E, 0x97, 0x5F, 0x49, 0xC0, 0x02, 0x09,
    0xA3, 0xED, 0x8B, 0x45, 0x92, 0xE6, 0x29, 0x52, 0xFD, 0x94, 0x48, 0x15, 0x51, 0xBB, 0x42, 0xE1,
    0x5C, 0xF4, 0x89, 0x68, 0x0F, 0x72, 0x13, 0x5C, 0x01, 0x50, 0x07, 0x9E, 0x43, 0xAA, 0xFA, 0xFF,
    0xA8, 0x87, 0xE3, 0xB4, 0x59, 0xA5, 0x27, 0xCE, 0x08, 0xF8, 0x9C, 0x8A, 0x34, 0xA3, 0x30, 0x0F,
    0x2B, 0x85, 0xC9, 0xFF, 0x22, 0x3D, 0x22, 0x05, 0xE1, 0x09, 0x6A, 0xA4, 0x05, 0x43, 0x91, 0x16,
    0x0F, 0x32, 0x75, 0x73, 0x3D, 0x0B, 0x0A, 0xA6, 0xB8, 0xEF, 0x19, 0xFF, 0x70, 0xF9, 0xCD, 0x86,
    0x8E, 0x79, 0x8C, 0x15, 0x62, 0xED, 0x30, 0xD4, 0xBE, 0xE4, 0x9A, 0xC0, 0x94, 0xC2, 0x17, 0x00,
    0xEA, 0x2E, 0x07, 0x94, 0x03, 0x2D, 0x39, 0x8F, 0x7D, 0x81, 0x3B, 0x33, 0x58, 0x53, 0x91, 0x32,
    0x89, 0xEE, 0xA5, 0x07, 0x63, 0x4B, 0x8F, 0xCD, 0x56, 0x6C, 0xDE, 0xD5, 0x33, 0xCA, 0xFC, 0xF5,
    0xA9, 0xA2, 0x14, 0xDE, 0x07, 0xE7, 0x31, 0x61, 0x43, 0x20, 0x5F, 0x52, 0xBA, 0x11, 0xAF, 0xF8,
    0x93, 0xBD, 0xC2, 0xAC, 0xEB, 0x13, 0x5F, 0x09, 0xC9, 0xFA, 0x89, 0xD2, 0x19, 0x68, 0x6D, 0x22,
    0xA3, 0xB5, 0xD7, 0x96, 0xB3, 0x27, 0xDC, 0x47, 0xCF, 0x17, 0x0D, 0x93, 0x62, 0x4D, 0x6E, 0x45,
    0x37, 0xA0, 0xB0, 0xAA, 0xF4, 0x67, 0xE4, 0xAD, 0xB1, 0x45, 0x8B, 0xBE, 0xDA, 0x4F, 0x57, 0x54,
    0xFC, 0xCD, 0x26, 0x1A, 0xC4, 0x0D, 0xD1, 0x1C, 0x41, 0xAB, 0x4D, 0x05, 0xF0, 0x0A, 0x7F, 0x90,
    0xC1, 0x1F, 0xC0, 0xBB, 0x09, 0x47, 0xA1, 0x39, 0xAD, 0x12, 0xA6, 0xAF, 0xE2, 0x0F, 0x3A, 0x79,
    0x34, 0xB4, 0x5A, 0x77, 0x5A, 0xFA, 0x1C, 0xFD, 0x1B, 0xCF, 0x0A, 0xB0, 0x47, 0xB5, 0xAF, 0x60,
    0x2D, 0xEF, 0xB0, 0xC0, 0x55, 0x1D, 0x56, 0x56, 0x43, 0x09, 0x11, 0xB5, 0xCB, 0x9A, 0x5B, 0xC9,
    0xE3, 0xEC, 0xC1, 0xB4, 0xBA, 0x98, 0x6B, 0x15, 0x5A, 0x1B, 0xB1, 0xA7, 0x9D, 0x4F, 0x9B, 0xCE,
    0x44, 0x9B, 0xDF, 0x18, 0x36, 0x17, 0x98, 0x3E, 0x8C, 0x31, 0x7E, 0xD6, 0x48, 0xC8, 0x46, 0x0E,
    0xDE, 0xA0, 0xE8, 0xB1, 0x3F, 0xEA, 0x01, 0xC9, 0x02, 0xC5, 0x86, 0x2E, 0xC3, 0xEB, 0x31, 0x39,
    0xC6, 0xE4, 0x54, 0xE3, 0x6A, 0x6F, 0xDD, 0xDE, 0xAD, 0xEE, 0x9E, 0xF0, 0x01, 0x05, 0x1F, 0xC0,
    0xD2, 0x01, 0x0E, 0x9A, 0x00, 0x1B, 0x1C, 0xD1, 0xEC, 0xA6, 0xB7, 0x2B, 0x57, 0x43, 0x05, 0xE2,
    0xA0, 0xA8, 0xA7, 0x0D, 0xD4, 0x34, 0xC0, 0xB1, 0xE0, 0x75, 0x52, 0x10, 0x4D, 0x93, 0x61, 0x35,
    0x5D, 0x22, 0xBA, 0x04, 0x77, 0x74, 0x30, 0x34, 0x77, 0x1F, 0x08, 0x97, 0x69, 0x41, 0x7E, 0x03,
    0xC1, 0x66, 0x3B, 0xBF, 0xA2, 0x68, 0x93, 0xB0, 0x6E, 0x82, 0x77, 0x8B, 0x2A, 0xFF, 0xAE, 0x30,
    0x39, 0xF1, 0x48, 0x67, 0x90, 0x15, 0xB4, 0x2B, 0x60, 0xFE, 0xAA, 0xA7, 0xC0, 0x14, 0xAE, 0xE1,
    0x60, 0x4A, 0x82, 0xCF, 0x66, 0x21, 0xFA, 0x35, 0x8A, 0x4B, 0x23, 0xEA, 0x60, 0xF2, 0x21, 0x91,
    0x74, 0x7D, 0xC5, 0xF5, 0xC0, 0x5B, 0x9F, 0x5F, 0xE6, 0x08, 0x7C, 0x6A, 0x1F, 0xC5, 0x00, 0x9F,
    0x2A, 0xF4, 0x2D, 0x26, 0xCB, 0x34, 0x76, 0x80, 0x09, 0x5A, 0x3B, 0xDD, 0xAB, 0xA1, 0x4C, 0x0D,
    0xDE, 0x1D, 0x0E, 0x69, 0x20, 0x4B, 0x80, 0xCD, 0xB1, 0xB3, 0xC9, 0xCE, 0xDE, 0xC3, 0xFF, 0x67,
    0x51, 0x2F, 0xF9, 0x66, 0xB7, 0x9D, 0xE1, 0x42, 0x09, 0x9E, 0xE9, 0x10, 0x4A, 0x82, 0x5F, 0x81,
    0xDF, 0x59, 0xD0, 0x27, 0x10, 0x13, 0x87, 0xBE, 0x8C, 0xB2, 0x58, 0x12, 0x3D, 0x88, 0x2C, 0x9F,
    0xD3, 0x91, 0xAA, 0x3B, 0x85, 0x14, 0xDA, 0x13, 0x7C, 0x44, 0x2B, 0x79, 0xE5, 0xED, 0xDB, 0xFD,
    0xA4, 0x45, 0x3D, 0x7D, 0x6D, 0xED, 0xF5, 0xD1, 0x57, 0xC3, 0xD8, 0x33, 0x3C, 0xF6, 0xB4, 0x9A,
    0x1E, 0x47, 0xE8, 0xBA, 0x1E, 0xE9, 0x38, 0x50, 0xB0, 0x69, 0xF9, 0x82, 0xAD, 0x55, 0xDE, 0x4E,
    0xB2, 0xC8, 0x4E, 0xD1, 0x93, 0x5F, 0x34, 0x7F, 0x32, 0x79, 0xF9, 0x2D, 0x42, 0xB4, 0x8C, 0x10,
    0xC9, 0x2D, 0x73, 0x3C, 0x12, 0x88, 0x7B, 0xA5, 0x16, 0xF1, 0x89, 0x47, 0xB5, 0x8F, 0xE4, 0x30,
    0x9C, 0x11, 0x18, 0x1B, 0xCE, 0x29, 0x2D, 0xF9, 0xF9, 0x7E, 0x89, 0xBB, 0x2D, 0xCE, 0x41, 0x9C,
    0x44, 0x41, 0xC4, 0xA8, 0x10, 0x0B, 0xF1, 0x7D, 0xEB, 0x12, 0x65, 0x3A, 0x8F, 0xE6, 0x45, 0xBF,
    0xD0, 0x73, 0xE1, 0xB5, 0x40, 0x80, 0x1E, 0x2B, 0x49, 0x1C, 0xFB, 0x81, 0x4E, 0xE0, 0x55, 0xE6,
    0x66, 0xDF, 0x66, 0xA3, 0xFA, 0x8B, 0x6C, 0x52, 0x7F, 0x9A, 0x6D, 0x69, 0xA8, 0x5C, 0xB6, 0x7E,
    0x8E, 0xAF, 0x33, 0x8B, 0xC9, 0xFF, 0xC9, 0xF4, 0xE8, 0x9F, 0xD9, 0x86, 0x7A, 0x99, 0xAF, 0x82,
    0x0F, 0xFF, 0xA2, 0x5C, 0xD2, 0xF0, 0xE3, 0x09, 0xAE, 0x4F, 0x78, 0x75, 0x82, 0x93, 0xA8, 0x61,
    0x99, 0x4D, 0x3B, 0x98, 0x7B, 0xBD, 0xC0, 0xF6, 0x6E, 0x3E, 0xB0, 0x5A, 0x81, 0xE5, 0x5B, 0xC7,
    0x73, 0x15, 0x3A, 0xFF, 0x5A, 0xD8, 0x9F, 0x3D, 0x31, 0x77, 0xCC, 0x8E, 0x99, 0x36, 0x37, 0x76,
    0x43, 0xE1, 0xF7, 0x83, 0x3A, 0xF4, 0xC7, 0x6A, 0x70, 0xF1, 0x04, 0xAC, 0x1D, 0x89, 0xD2, 0x6E,
    0x9E, 0xE5, 0xE2, 0x3F, 0xD5, 0x1C, 0xEE, 0x87, 0x1C, 0xFA, 0x6F, 0x6B, 0x17, 0xEF, 0x15, 0x3D,
    0xC1, 0x42, 0x77, 0x7B, 0x58, 0x39, 0xA8, 0x0B, 0x17, 0xFA, 0x39, 0x40, 0xD5, 0x93, 0x86, 0xC7,
    0x0F, 0xDF, 0xE8, 0x0A, 0xE8, 0x3B, 0x4B, 0xF9, 0x29, 0x92, 0xA4, 0x85, 0xC7, 0x24, 0xE1, 0x9E,
    0x65, 0x2F, 0xE0, 0xFA, 0x0D, 0x33, 0x2C, 0xFC, 0x87, 0xB1, 0x1C, 0xF5, 0x24, 0x12, 0xD4, 0xB1,
    0x31, 0x00, 0xA5, 0x20, 0x86, 0xB6, 0xAF, 0xF6, 0xC1, 0x5E, 0xCE, 0xC2, 0xFD, 0x94, 0x8A, 0xA7,
    0x08, 0xAB, 0xE6, 0x78, 0xB2, 0x8E, 0xC7, 0xE4, 0x4F, 0x74, 0xF9, 0xB5, 0xDA, 0x4B, 0xAB, 0x87,
    0xA2, 0xA0, 0xCD, 0x93, 0x12, 0x88, 0xE1, 0x54, 0x84, 0xE9, 0xB7, 0xC5, 0x56, 0xFB, 0x37, 0x1E,
    0x7E, 0x03, 0xE9, 0xCF, 0xEB, 0x30, 0x58, 0xB4, 0xE6, 0x71, 0xCA, 0xCE, 0xE7, 0x62, 0xAC, 0x0B,
    0xCA, 0x5A, 0x4D, 0xEE, 0x2F, 0xD0, 0x6D, 0x3D, 0xF8, 0x27, 0xF0, 0xF4, 0x3A, 0x6B, 0x4D, 0x08,
    0x26, 0x12, 0x3B, 0x56, 0xF9, 0xB9, 0xC6, 0xBD, 0xEB, 0x20, 0x59, 0xBF, 0x63, 0x90, 0x2C, 0xDE,
    0x45, 0x90, 0x3C, 0x5C, 0x0B, 0x92, 0xE3, 0x2E, 0x91, 0x26, 0x50, 0x99, 0xB7, 0x46, 0x90, 0x42,
    0x17, 0xE0, 0xC7, 0x44, 0x7B, 0x36, 0xF2, 0x6B, 0x20, 0x93, 0x09, 0xE5, 0x80, 0x93, 0x9E, 0x28,
    0x64, 0xEC, 0x38, 0xAC, 0xFF, 0xD0, 0xA8, 0x5B, 0xEE, 0xC7, 0xBD, 0x5B, 0x4E, 0xF5, 0x65, 0x88,
    0x29, 0xA5, 0x9D, 0xFC, 0x5E, 0x2C, 0x50, 0x57, 0x4C, 0x88, 0x03, 0xD0, 0xD9, 0x03, 0x73, 0x43,
    0x3B, 0x57, 0x4D, 0x2F, 0xBF, 0x39, 0xED, 0x96, 0x67, 0x77, 0x40, 0x6D, 0x69, 0x45, 0x85, 0x51,
    0x3F, 0xAB, 0x3F, 0x27, 0x76, 0xCC, 0xDC, 0x59, 0xA0, 0x60, 0xFE, 0x75, 0x47, 0xFE, 0xFA, 0x12,
    0x5B, 0x23, 0x20, 0xA1, 0xE7, 0x13, 0x1E, 0x5C, 0x4B, 0xB6, 0xAC, 0x2C, 0x91, 0x07, 0xF5, 0xE5,
    0x7A, 0x3E, 0x97, 0xFD, 0xA7, 0xB1, 0x24, 0x46, 0xD5, 0x28, 0x2C, 0x0A, 0x57, 0x02, 0x8E, 0x75,
    0x15, 0x68, 0x45, 0x67, 0x3B, 0x67, 0x20, 0x86, 0x8B, 0xDA, 0x05, 0x62, 0xAD, 0x7B, 0xE1, 0x1C,
    0x1C, 0x4F, 0xDF, 0x01, 0x79, 0xA1, 0xFC, 0xC9, 0xA2, 0x26, 0xAB, 0x6E, 0x1A, 0x6B, 0x89, 0xBB,
    0xB1, 0xA0, 0xF5, 0x13, 0x77, 0x2D, 0x23, 0x48, 0x9F, 0xB8, 0x8B, 0xE5, 0x55, 0xAF, 0xD5, 0xAF,
    0x59, 0x5B, 0x48, 0xA2, 0x09, 0xE1, 0x47, 0xFD, 0xA3, 0x2E, 0x1B, 0xDA, 0xA3, 0xB8, 0x82, 0xD4,
    0x49, 0x90, 0x3D, 0x6A, 0xB3, 0xF8, 0xA8, 0x8D, 0xE2, 0x4E, 0xFB, 0x9F, 0x0D, 0x1C, 0x0C, 0xB9,
    0x70, 0xF0, 0x16, 0x35, 0xC9, 0x8E, 0x6A, 0x66, 0x2B, 0xB5, 0x9E, 0x18, 0x1E, 0x7B, 0x0E, 0xA2,
    0x51, 0xC5, 0x92, 0x22, 0x28, 0x94, 0xA1, 0x17, 0x67, 0x88, 0x53, 0xD5, 0x60, 0x23, 0x82, 0x22,
    0xCB, 0x13, 0xDC, 0x06, 0x72, 0x15, 0x3A, 0x40, 0x12, 0xF9, 0x2C, 0x88, 0xBE, 0x0C, 0x4B, 0xEC,
    0x76, 0x3A, 0x56, 0x68, 0xD3, 0xA0, 0x35, 0xD4, 0xAE, 0x9F, 0xAD, 0x0C, 0x58, 0xEE, 0x02, 0x93,
    0x28, 0x3A, 0xC2, 0x13, 0x5F, 0x01, 0x47, 0xFD, 0x0E, 0x8E, 0x9E, 0x34, 0x80, 0xE0, 0x95, 0xE5,
    0x60, 0x05, 0xA2, 0xFC, 0x2F, 0xCE, 0xD5, 0xDA, 0x35, 0x39, 0x9B, 0x27, 0x87, 0xA0, 0xE7, 0x3A,
    0xD0, 0xB7, 0x2B, 0x56, 0xF8, 0xC1, 0x62, 0x07, 0x44, 0x7F, 0x01, 0x38, 0xAA, 0xD1, 0xA1, 0x5F,
    0xAD, 0x53, 0xCD, 0x7D, 0xA0, 0xBC, 0x91, 0x86, 0xEF, 0xF7, 0x0C, 0x0B, 0x0A, 0x24, 0xAA, 0xEB,
    0xEA, 0xD8, 0xEF, 0x81, 0x8E, 0x95, 0x4F, 0xFA, 0xAD, 0xB8, 0x45, 0x40, 0x50, 0x1A, 0xDA, 0x9A,
    0x36, 0xED, 0x24, 0x97, 0xD7, 0x18, 0x61, 0xCF, 0x85, 0x01, 0xA8, 0xF5, 0x1D, 0x7A, 0x19, 0xF2,
    0x70, 0x55, 0x40, 0x44, 0x27, 0x60, 0x24, 0xA2, 0x34, 0x4B, 0xF4, 0x96, 0x6A, 0x97, 0xB5, 0x3C,
    0x37, 0x59, 0xE1, 0x25, 0x1F, 0xDE, 0x79, 0x74, 0x17, 0x92, 0xD3, 0x23, 0x11, 0x7C, 0xA8, 0x39,
    0xC1, 0xCA, 0xD3, 0x98, 0x77, 0x89, 0x4D, 0x70, 0xA6, 0xA3, 0xA6, 0xA4, 0x18, 0x4A, 0xED, 0x96,
    0x55, 0x9A, 0xED, 0xB4, 0xDA, 0x4C, 0x24, 0x16, 0xA5, 0xBE, 0x9A, 0xC2, 0x62, 0xD5, 0xD5, 0x45,
    0x1B, 0x31, 0x33, 0xDA, 0x2B, 0xAD, 0x28, 0xC6, 0x7D, 0xBC, 0x93, 0x9D, 0x81, 0x86, 0x6D, 0x20,
    0x7E, 0x74, 0x75, 0xED, 0xA3, 0xF0, 0xA3, 0xBB, 0xEE, 0xAF, 0xE9, 0x3C, 0x7E, 0x3F, 0xB3, 0x40,
    0xE5, 0xB4, 0x58, 0xBD, 0x15, 0x14, 0x8A, 0x9D, 0xE8, 0xDE, 0x2E, 0xAE, 0x08, 0xC7, 0x4B, 0x9E,
    0x9D, 0xD3, 0xA3, 0xF3, 0xDA, 0x06, 0x50, 0xB6, 0x8F, 0x5B, 0x89, 0x4F, 0xC3, 0xFD, 0xAF, 0x5D,
    0x82, 0x7A, 0x83, 0x13, 0x79, 0x1E, 0x5A, 0xCC, 0xAC, 0xAE, 0x43, 0xCB, 0xE5, 0x53, 0x23, 0x61,
    0x7E, 0x00, 0x56, 0xAA, 0xA7, 0x7A, 0xC6, 0x33, 0x87, 0xCA, 0x57, 0x48, 0xED, 0x04, 0x62, 0xC0,
    0xBD, 0xCB, 0x20, 0xE6, 0xD0, 0x95, 0xBE, 0x45, 0xB9, 0xBC, 0xF4, 0xC0, 0x58, 0x22, 0xAD, 0x7E,
    0x02, 0xBA, 0x9C, 0x03, 0x72, 0xC6, 0x7A, 0x12, 0x33, 0x06, 0x35, 0xB4, 0x66, 0x89, 0x14, 0xA7,
    0x82, 0x0D, 0x14, 0x5F, 0x7A, 0x72, 0xE0, 0xCE, 0xDC, 0x7A, 0x6D, 0xD7, 0x4D, 0xAA, 0x44, 0x04,
    0xB5, 0x2C, 0xEB, 0x5D, 0xDA, 0xA5, 0x82, 0xDE, 0x4A, 0x87, 0x36, 0x0C, 0x6E, 0xCB, 0x79, 0x62,
    0x05, 0x4F, 0xB1, 0x62, 0x1C, 0x72, 0xEB, 0x90, 0x6A, 0x49, 0xB1, 0xB8, 0xBB, 0xE9, 0xAA, 0x58,
    0xE3, 0xA5, 0x1A, 0x35, 0x01, 0x92, 0x24, 0x9F, 0xC0, 0x5B, 0x02, 0x10, 0x29, 0x01, 0x67, 0xE0,
    0x50, 0xFE, 0x6E, 0xE8, 0x9C, 0xF1, 0x42, 0xF6, 0xC8, 0x13, 0x7C, 0x9E, 0xAE, 0xEC, 0xB0, 0x04,
    0xB7, 0x65, 0x71, 0xF1, 0x0C, 0x64, 0x16, 0xB6, 0x76, 0xE6, 0x99, 0xB4, 0x24, 0x92, 0xB6, 0xEF,
    0xF3, 0x6D, 0x47, 0x2D, 0xF5, 0xC4, 0x43, 0xAF, 0xB5, 0x63, 0x3D, 0x03, 0xB2, 0x50, 0xB7, 0x0E,
    0x9E, 0x16, 0x5D, 0x12, 0x95, 0xE2, 0x22, 0xDA, 0x62, 0xBD, 0x94, 0x9B, 0x5D, 0x8A, 0xFE, 0x93,
    0x41, 0x42, 0xBA, 0x40, 0x50, 0x81, 0xB3, 0xAB, 0xF2, 0xB4, 0x9B, 0x27, 0x17, 0xAB, 0xDD, 0x97,
    0xF1, 0xA6, 0xC1, 0x29, 0x5E, 0x88, 0x70, 0x7B, 0xA8, 0x15, 0xD9, 0xE9, 0xB6, 0x83, 0xE8, 0x2C,
    0xA3, 0x35, 0x42, 0x2F, 0x7C, 0xBB, 0xC8, 0xF3, 0x15, 0xD8, 0xC8, 0x89, 0x45, 0x74, 0xEA, 0x66,
    0x13, 0xC6, 0x1A, 0x47, 0xF4, 0x61, 0x79, 0x68, 0x9E, 0xE2, 0x49, 0xFD, 0x88, 0xB3, 0x9C, 0x50,
    0x53, 0x00, 0x5F, 0x78, 0x46, 0x24, 0xFE, 0xAA, 0x0C, 0x8E, 0xDA, 0x80, 0x08, 0x33, 0xE2, 0x6C,
    0x15, 0x5C, 0x28, 0xF4, 0x41, 0xC2, 0xF1, 0x91, 0xAA, 0x94, 0x70, 0xE4, 0x9B, 0x10, 0x98, 0x90,
    0x8A, 0xE0, 0xE1, 0x63, 0x89, 0xAD, 0x1C, 0xA1, 0x22, 0x32, 0xBE, 0x15, 0xBE, 0xA3, 0xF1, 0x73,
    0x53, 0x09, 0xB2, 0xFC, 0x10, 0x5B, 0x2B, 0xF7, 0xAD, 0xF2, 0x6B, 0xC5, 0xDB, 0xD8, 0x5F, 0xDE,
    0xDA, 0x2A, 0x45, 0x6C, 0x6B, 0x59, 0x21, 0xD9, 0xC0, 0xCD, 0x56, 0x60, 0xDE, 0xB8, 0x63, 0xDC,
    0xF8, 0xFB, 0x73, 0x39, 0xF7, 0xC2, 0xB8, 0xD5, 0xB2, 0xF7, 0xAE, 0x90, 0xB6, 0x54, 0xA8, 0x46,
    0x27, 0x5B, 0xAC, 0x9A, 0xAE, 0xD0, 0xF8, 0xBA, 0x8B, 0xBB, 0x39, 0xE1, 0x5D, 0x8D, 0xFD, 0xA0,
    0xA9, 0xA4, 0xA6, 0xC0, 0xCD, 0x37, 0xDC, 0x3C, 0xC6, 0x13, 0xCD, 0xB7, 0x01, 0xC7, 0x04, 0x19,
    0xD2, 0xC0, 0x1B, 0x1B, 0xE1, 0x70, 0x11, 0x5B, 0x40, 0x32, 0x42, 0x28, 0x48, 0x56, 0x0B, 0x12,
    0x05, 0xF5, 0x65, 0xF8, 0xBC, 0x9E, 0x9A, 0x7B, 0xC3, 0xCE, 0x1C, 0x7C, 0x5A, 0x0F, 0xE1, 0x2C,
    0x85, 0xA6, 0x13, 0xA3, 0xF6, 0xD4, 0x9E, 0x55, 0x14, 0x9A, 0xF8, 0x44, 0x52, 0x8E, 0x3C, 0xA0,
    0x2D, 0x50, 0xAC, 0x05, 0xEE, 0x73, 0xFA, 0xF4, 0x2A, 0xBD, 0xFA, 0xE5, 0x96, 0xFE, 0x5A, 0x94,
    0xCD, 0x53, 0xD1, 0x9F, 0x0E, 0x0D, 0x01, 0xBE, 0xBE, 0x80, 0x52, 0xA4, 0x86, 0xFC, 0xBB, 0xEE,
    0xEE, 0x7B, 0xA2, 0x70, 0x17, 0x5B, 0x07, 0x95, 0xEA, 0x49, 0xB7, 0xD9, 0x4A, 0xCC, 0x4C, 0x77,
    0x51, 0x61, 0xDA, 0xEA, 0xD1, 0x38, 0xFE, 0x2C, 0x5F, 0x1F, 0x7F, 0x72, 0xB3, 0xE0, 0xD7, 0x0F,
    0xD1, 0xB1, 0x29, 0xE0, 0xEC, 0xDA, 0xE5, 0x39, 0xFE, 0xA9, 0x19, 0xED, 0x77, 0x67, 0x0D, 0x16,
    0x3A, 0x3A, 0xB5, 0xA1, 0xD1, 0xBD, 0x47, 0xE4, 0x18, 0x7B, 0x40, 0x26, 0xCA, 0x28, 0xCC, 0xD8,
    0x06, 0x8A, 0x71, 0x63, 0xF3, 0x21, 0x9B, 0xAF, 0x88, 0x57, 0xCA, 0xE2, 0xC1, 0x53, 0xFB, 0xF8,
    0xC7, 0xDF, 0xF1, 0xD2, 0xF3, 0x7B, 0xDB, 0x83, 0xC8, 0xD7, 0x67, 0x1F, 0xD8, 0xC1, 0x51, 0x02,
    0xAC, 0x23, 0x9D, 0xF0, 0x80, 0x7D, 0xA0, 0x59, 0x4E, 0xAF, 0x5F, 0x29, 0x5C, 0x3E, 0x61, 0x83,
    0x08, 0x06, 0x26, 0x48, 0xD6, 0x88, 0x9A, 0x8C, 0x55, 0x62, 0x8D, 0x00, 0x1A, 0x34, 0x24, 0x78,
    0x59, 0x19, 0x84, 0xD9, 0x58, 0xC0, 0xE5, 0xCE, 0x87, 0x82, 0x89, 0xAA, 0xB5, 0xD1, 0xD2, 0x61,
    0xCE, 0x7D, 0xEA, 0x6B, 0x66, 0x5A, 0xEE, 0xB6, 0x57, 0x44, 0x9A, 0xD3, 0xF5, 0x02, 0x8B, 0x2C,
    0xBE, 0x40, 0x9D, 0x2A, 0xEA, 0x77, 0x11, 0x4F, 0x4B, 0xBD, 0x5D, 0xBF, 0x6F, 0x3E, 0x88, 0xB7,
    0xAD, 0x1A, 0xAB, 0x42, 0xD8, 0xA9, 0x66, 0x0D, 0xD9, 0xD5, 0xA9, 0xB7, 0x6E, 0x91, 0x62, 0xF2,
    0x56, 0xCF, 0x6D, 0x4A, 0xE2, 0xB2, 0x8D, 0x7A, 0xB6, 0x33, 0x8E, 0x47, 0x1D, 0x7B, 0x1B, 0x5B,
    0x01, 0x35, 0x1F, 0x60, 0xA3, 0xB8, 0x58, 0xB7, 0xCB, 0xC3, 0xF1, 0xFC, 0x91, 0x10, 0xA3, 0xB7,
    0x95, 0x2E, 0x59, 0x4B, 0xBA, 0x02, 0xEA, 0x48, 0xDA, 0x59, 0x8F, 0x51, 0xD4, 0xD3, 0x79, 0x44,
    0x48, 0xE6, 0x49, 0x4F, 0x5A, 0x81, 0x42, 0x07, 0x4D, 0x67, 0xBB, 0xD4, 0x0A, 0x9C, 0x99, 0x16,
    0x2C, 0x34, 0x7F, 0x07, 0xC8, 0xD2, 0x7B, 0x08, 0xDA, 0x85, 0xCD, 0xC2, 0xCF, 0xB4, 0x04, 0x1C,
    0x8F, 0x7A, 0x9F, 0x0F, 0x10, 0x0C, 0x3B, 0xB7, 0xA3, 0xED, 0x5F, 0x77, 0xF3, 0x2A, 0xD5, 0xB6,
    0xFC, 0x5C, 0xEA, 0xFD, 0x4F, 0x5F, 0x6B, 0xBF, 0xD9, 0xF3, 0x4C, 0x31, 0xC4, 0xD3, 0xA2, 0x2B,
    0xF1, 0xAF, 0x3C, 0xAD, 0x9F, 0x87, 0x14, 0x77, 0x4B, 0xA0, 0x52, 0x3C, 0x0F, 0x51, 0xDB, 0xC5,
    0x86, 0x76, 0xB0, 0xF6, 0x6F, 0x67, 0xED, 0x5F, 0x65, 0xEF, 0x2B, 0x76, 0x6F, 0xFB, 0x35, 0xBB,
    0xA6, 0xF6, 0xFA, 0xF4, 0x94, 0xF6, 0x6F, 0xF3, 0xE4, 0xF6, 0xEF, 0xF2, 0xBF, 0xDC, 0xFE, 0xE5,
    0x35, 0x54, 0x20, 0x22, 0xBD, 0x87, 0xCA, 0xA2, 0xAA, 0x5E, 0x44, 0xA5, 0xA2, 0xE8, 0x4D, 0xD4,
    0x9C, 0xB7, 0x74, 0x79, 0x15, 0xB5, 0x0C, 0xDB, 0x5D, 0xD4, 0xF6, 0x61, 0x6F, 0x97, 0x51, 0x45,
    0xBB, 0x3F, 0x61, 0xB7, 0x51, 0x45, 0xBF, 0x3F, 0x68, 0xD7, 0x51, 0x99, 0x27, 0xD9, 0x7D, 0x54,
    0xEF, 0xB6, 0x0B, 0xA9, 0x93, 0xDB, 0x6E, 0xA4, 0x46, 0x07, 0xD9, 0x4E, 0x7D, 0xEC, 0xBE, 0xD5,
    0xA7, 0xF3, 0x35, 0xD1, 0x9F, 0xAC, 0xEE, 0x6D, 0xB7, 0x52, 0xB5, 0x25, 0xFF, 0xF8, 0xBD, 0xD4,
    0xDD, 0xC5, 0xD4, 0xDD, 0xCD, 0xD4, 0xFD, 0xF4, 0x7C, 0x37, 0x75, 0x77, 0x39, 0x75, 0x77, 0x3B,
    0x35, 0x9E, 0x10, 0xBC, 0x76, 0x3F, 0x75, 0x77, 0x41, 0x75, 0x77, 0x43, 0x75, 0x77, 0x45, 0x75,
    0x7F, 0x71, 0xE1, 0xCF, 0xE2, 0x01, 0x84, 0xD4, 0x0E, 0x96, 0xE7, 0x56, 0x9A, 0xB5, 0x12, 0xED,
    0xAA, 0xDE, 0x33, 0x9F, 0xB3, 0x9F, 0x77, 0x00, 0xE1, 0x37, 0x4A, 0x03, 0x7F, 0x43, 0xB2, 0x2B,
    0xF7, 0xD9, 0x47, 0x8D, 0x1D, 0x28, 0x3D, 0xC5, 0x43, 0xD4, 0xF1, 0x4C, 0xD2, 0x91, 0xCD, 0xA9,
    0x92, 0x47, 0xBE, 0x1A, 0xBB, 0xC5, 0xEE, 0x9C, 0xDA, 0x63, 0x2C, 0x3A, 0x7C, 0x24, 0xDE, 0x91,
    0x3A, 0x72, 0x81, 0x72, 0xD1, 0xF5, 0x10, 0x2C, 0xB5, 0xF1, 0xC7, 0xBF, 0x09, 0x1B, 0x2E, 0xEE,
    0xA6, 0x96, 0x46, 0xA4, 0x96, 0x73, 0xA0, 0x32, 0xA4, 0xC1, 0xB2, 0x43, 0x90, 0x1C, 0x30, 0x4E,
    0x4F, 0x08, 0x96, 0x48, 0x5C, 0x46, 0x09, 0x96, 0xC2, 0xB6, 0x7E, 0xDC, 0x05, 0xCB, 0x72, 0x17,
    0x2C, 0x67, 0x04, 0xCB, 0xE9, 0x1D, 0x82, 0xE5, 0x74, 0x3D, 0x58, 0x32, 0xA5, 0xBF, 0xA5, 0x17,
    0xB8, 0x66, 0x7A, 0x94, 0xDA, 0xB3, 0x5C, 0xC3, 0xD3, 0x4B, 0x42, 0x82, 0x3F, 0xFC, 0x10, 0xC9,
    0xDB, 0x83, 0xAC, 0x09, 0x43, 0xAD, 0x77, 0x19, 0xC8, 0xD4, 0xF6, 0xBB, 0x7A, 0x73, 0xE6, 0x35,
    0xBD, 0x9F, 0xF6, 0x86, 0xDD, 0x2F, 0xD0, 0x33, 0xFB, 0x7A, 0x60, 0xBB, 0xFF, 0x99, 0xD6, 0xAA,
    0xDF, 0xD4, 0xFB, 0x26, 0xAC, 0x5C, 0xA7, 0x41, 0xBC, 0xCE, 0x9F, 0xBA, 0x9B, 0xB2, 0x48, 0x32,
    0x1F, 0x90, 0x94, 0xBD, 0xE4, 0x5B, 0x1E, 0x87, 0xF2, 0x3D, 0x2F, 0xE3, 0xFA, 0xD6, 0xB3, 0x49,
    0x04, 0xDF, 0x13, 0x7E, 0x8A, 0x9A, 0xAF, 0xBB, 0xC8, 0xEC, 0xDA, 0x8F, 0xF2, 0x9D, 0x07, 0xE7,
    0xDD, 0x87, 0x0B, 0x3B, 0x7B, 0x3F, 0xEE, 0x6E, 0xD4, 0x98, 0x2D, 0x48, 0xCC, 0xFC, 0x6F, 0xED,
    0x7D, 0x3D, 0xB0, 0xE5, 0xC6, 0x75, 0x26, 0x70, 0xC1, 0xF7, 0xAE, 0xAC, 0x5B, 0x6B, 0x30, 0x20,
    0xAB, 0x6C, 0xCE, 0xAE, 0xA0, 0x60, 0x03, 0x5B, 0x72, 0x09, 0x1B, 0x6C, 0xE0, 0xC0, 0x26, 0x20,
    0xA9, 0x6A, 0x19, 0x28, 0x30, 0x77, 0x97, 0x23, 0x95, 0x8B, 0x01, 0x1D, 0x78, 0xAB, 0x6C, 0x6F,
    0x6D, 0x3D, 0x07, 0x0A, 0x14, 0xC8, 0x02, 0x24, 0x05, 0x0A, 0x36, 0xF0, 0xB8, 0xCA, 0x76, 0x60,
    0x05, 0x64, 0x40, 0xBB, 0xA4, 0xA7, 0xE0, 0x39, 0x70, 0x20, 0x57, 0xAD, 0x08, 0x90, 0x0C, 0x1C,
    0x28, 0x10, 0xB8, 0x2A, 0x15, 0xAB, 0x56, 0x01, 0xB1, 0x12, 0x25, 0xAF, 0xC8, 0x80, 0xF0, 0x12,
    0xE4, 0xE2, 0xCD, 0x00, 0xE8, 0xED, 0xF3, 0x7D, 0xA7, 0x1B, 0xB8, 0xEF, 0xDD, 0x19, 0x0E, 0xC5,
    0xBF, 0x19, 0x92, 0x8F, 0x9C, 0xDB, 0x3D, 0xF3, 0xDE, 0xBB, 0x17, 0xDD, 0x7D, 0xFA, 0xF4, 0x39,
    0xDF, 0xF9, 0xCE, 0xE9, 0x20, 0x08, 0x8E, 0x02, 0x7E, 0xC5, 0x25, 0xDB, 0xB4, 0x63, 0x9B, 0x4D,
    0xDA, 0x1A, 0x7E, 0x23, 0x36, 0x2D, 0xDA, 0xD0, 0x0C, 0xFC, 0xC6, 0x6E, 0xD4, 0xDF, 0xFC, 0x83,
    0xE0, 0xE6, 0x5F, 0x91, 0x91, 0x2F, 0xFB, 0xC3, 0x17, 0xDA, 0xA0, 0xB0, 0xCD, 0x2C, 0x1F, 0x37,
    0x05, 0xD1, 0xCC, 0x8F, 0x8B, 0xE4, 0x13, 0xB3, 0x31, 0x88, 0xE4, 0x8D, 0x0B, 0xDB, 0xCA, 0x07,
    0x55, 0x43, 0xB0, 0xB9, 0x66, 0x5B, 0xD3, 0xF3, 0x0D, 0x4D, 0xB7, 0xD7, 0x86, 0xE6, 0xFA, 0xE9,
    0x77, 0x6D, 0xBB, 0xB1, 0x6F, 0x37, 0xEA, 0xE7, 0x0D, 0xDA, 0xCA, 0x4F, 0x6C, 0xCD, 0x8F, 0xAE,
    0xE6, 0x68, 0x39, 0x8A, 0x9D, 0x1F, 0x4D, 0xAE, 0x6D, 0x10, 0x24, 0xB6, 0x9B, 0xD8, 0x36, 0xB3,
    0xDF, 0x4A, 0xED, 0xB3, 0x54, 0x25, 0x47, 0x2F, 0x3F, 0x62, 0x1F, 0x67, 0x63, 0xBF, 0x15, 0x56,
    0x7C, 0xEC, 0xC4, 0xF0, 0xB1, 0x33, 0xC3, 0xCF, 0x2B, 0xB4, 0xB5, 0x5F, 0xC7, 0xD7, 0x36, 0x4F,
    0x60, 0xFE, 0xFA, 0x04, 0x13, 0x54, 0x0C, 0x19, 0xBE, 0x51, 0xF5, 0x05, 0xFE, 0x5E, 0x75, 0x05,
    0x86, 0x90, 0xD5, 0x69, 0x13, 0xBC, 0xE1, 0xD7, 0x07, 0x67, 0xDE, 0xF8, 0x6E, 0xF8, 0x7B, 0xC2,
    0x26, 0x5D, 0x37, 0x43, 0xD6, 0x6E, 0x4D, 0x1D, 0x0F, 0x59, 0x63, 0x1F, 0x21, 0xEE, 0xB3, 0xDA,
    0x3E, 0x41, 0xD2, 0x49, 0x13, 0x24, 0x6D, 0x9A, 0xDB, 0xE6, 0x01, 0x79, 0x8C, 0x99, 0xB2, 0x3B,
    0xAF, 0x45, 0x37, 0xE3, 0x4C, 0xC9, 0x67, 0xD5, 0x6C, 0xEC, 0xC8, 0xAA, 0xF9, 0x4C, 0x3E, 0xD8,
    0x76, 0xCD, 0x84, 0x26, 0x9B, 0xED, 0x64, 0x74, 0x41, 0x6A, 0xEC, 0x03, 0xB7, 0x32, 0x9E, 0xC8,
    0x34, 0x6C, 0xEA, 0x55, 0xB3, 0x95, 0x66, 0xC6, 0x34, 0xD8, 0x99, 0x3F, 0x31, 0x2F, 0xDA, 0x11,
    0x6E, 0x8D, 0x7D, 0x8B, 0x6C, 0x8C, 0xA5, 0x29, 0x86, 0x58, 0x06, 0x54, 0x71, 0x76, 0xB9, 0x55,
    0x36, 0xF2, 0xB1, 0x21, 0xA7, 0x70, 0x57, 0xCB, 0x4C, 0x05, 0xC9, 0x75, 0x8C, 0x3A, 0xE5, 0x24,
    0xDB, 0xA6, 0xC4, 0xDC, 0x72, 0x47, 0x9D, 0xE6, 0x3A, 0x1D, 0x21, 0x3B, 0xBB, 0x1A, 0x4D, 0x51,
    0x53, 0x20, 0x20, 0x35, 0xA9, 0xC1, 0xDF, 0x0C, 0x96, 0x21, 0xE2, 0x2F, 0x6E, 0x67, 0xFC, 0x3C,
    0x96, 0xFB, 0xE6, 0xC2, 0x34, 0x53, 0x86, 0x26, 0xD7, 0x60, 0x42, 0x46, 0xCC, 0x59, 0x3C, 0x62,
    0xCE, 0xD0, 0x8C, 0x41, 0x3C, 0x40, 0x8A, 0xE2, 0x1E, 0x42, 0x14, 0xDB, 0x07, 0xB5, 0x1F, 0x13,
    0x37, 0x10, 0xA5, 0x23, 0x2F, 0x41, 0x21, 0x9B, 0x0D, 0x87, 0xAA, 0x4F, 0xA7, 0xCD, 0x96, 0x0F,
    0xA9, 0x8D, 0x8A, 0x8E, 0x4A, 0x8E, 0x08, 0x4E, 0x40, 0xB9, 0xC1, 0x70, 0xB8, 0x52, 0xEB, 0x75,
    0xB3, 0x32, 0xF3, 0x97, 0xF8, 0x09, 0x4C, 0x55, 0xC6, 0xA6, 0x30, 0x4E, 0xED, 0x3C, 0x30, 0x5F,
    0xC3, 0x7B, 0x63, 0xEE, 0xB8, 0xA8, 0x22, 0xC4, 0xB6, 0xB1, 0x2B, 0xF0, 0xB2, 0x7D, 0x9C, 0xCC,
    0x3E, 0x44, 0xD6, 0x60, 0x79, 0xB3, 0x66, 0x23, 0x8F, 0x99, 0xD5, 0x78, 0xB0, 0xA2, 0x8C, 0xF1,
    0x3B, 0x7C, 0x86, 0x7B, 0x2F, 0x4A, 0xCB, 0x7C, 0x5A, 0x35, 0x7C, 0x47, 0xDB, 0x54, 0x14, 0x9A,
    0x8A, 0x1F, 0x53, 0x4D, 0x57, 0xAF, 0xCA, 0x9E, 0xA2, 0xC4, 0xAE, 0x9B, 0x7B, 0x83, 0x42, 0xDE,
    0xE5, 0xCF, 0xEC, 0xA7, 0xCA, 0xD4, 0xD8, 0xA6, 0x16, 0xC1, 0x4F, 0xEC, 0x5C, 0xD9, 0x21, 0xDA,
    0xA9, 0x3E, 0xB5, 0x13, 0x1F, 0xA9, 0xB4, 0xF3, 0x31, 0x65, 0xD9, 0x65, 0x2E, 0xEC, 0x53, 0x63,
    0x6F, 0x86, 0x8F, 0x70, 0xD1, 0xCF, 0x7E, 0x41, 0x91, 0xE8, 0xF1, 0x83, 0x13, 0x7E, 0xCB, 0x2E,
    0x8A, 0xF9, 0xD9, 0xD9, 0x28, 0x8F, 0xBA, 0x1D, 0x65, 0x71, 0xF4, 0x75, 0x90, 0xD7, 0x5D, 0x17,
    0x14, 0x53, 0x70, 0x5C, 0xDA, 0x0F, 0xCD, 0x31, 0x53, 0x0D, 0xDE, 0x60, 0xE4, 0x86, 0x2A, 0xB1,
    0xEE, 0x1D, 0x84, 0x45, 0x65, 0x8E, 0xF3, 0x26, 0xAB, 0x51, 0x99, 0x3A, 0x7C, 0xD8, 0x3E, 0x61,
    0x63, 0xDF, 0x63, 0x6B, 0x5A, 0xBB, 0xC8, 0x76, 0x86, 0x12, 0xBC, 0xA6, 0xF2, 0x5A, 0xA7, 0x83,
    0x7D, 0xF8, 0xDA, 0xAE, 0x4B, 0x6A, 0xF2, 0x0C, 0xD2, 0x93, 0x41, 0x43, 0xEC, 0x38, 0x3D, 0x27,
    0x06, 0x93, 0x76, 0x75, 0x5F, 0xC6, 0xA0, 0xA6, 0x66, 0xBC, 0x72, 0xCD, 0x4A, 0xBF, 0x27, 0xB9,
    0xC2, 0x9C, 0x6A, 0xEA, 0xC5, 0x82, 0xDA, 0x11, 0xAB, 0xCA, 0x89, 0xC0, 0x2B, 0xE5, 0x8A, 0xAF,
    0x14, 0x2E, 0x0A, 0x55, 0x04, 0x61, 0xA2, 0x48, 0xED, 0xF0, 0x8A, 0xC5, 0x54, 0xB1, 0xA2, 0x54,
    0x51, 0xA8, 0x56, 0x1F, 0x68, 0x45, 0xE9, 0x1A, 0x24, 0x69, 0x80, 0x20, 0x0D, 0x58, 0x5E, 0xC8,
    0xED, 0x03, 0x50, 0x1B, 0xA6, 0xAE, 0x64, 0xB9, 0x9E, 0xB6, 0x9F, 0x10, 0x99, 0x67, 0xF0, 0xFA,
    0x35, 0xFB, 0xDE, 0xE1, 0x1C, 0xCC, 0xB7, 0x56, 0xCD, 0x77, 0xD1, 0x48, 0xDD, 0x57, 0xC6, 0xBF,
    0x57, 0xBE, 0x91, 0xCF, 0x3A, 0x36, 0xE7, 0x7B, 0x9B, 0xF9, 0xE0, 0x9E, 0xBE, 0xD5, 0x66, 0x3E,
    0xB4, 0xA7, 0xF7, 0xB7, 0x15, 0x37, 0x4B, 0xB1, 0xBF, 0x75, 0xB8, 0x97, 0xF5, 0x6C, 0xBA, 0xA5,
    0x42, 0x39, 0xF8, 0xE1, 0x81, 0x98, 0x2D, 0xF8, 0x9C, 0x24, 0xC7, 0x3B, 0x67, 0x37, 0xF0, 0x5E,
    0x76, 0xCC, 0x2D, 0x9B, 0x12, 0x23, 0x9E, 0xF8, 0x58, 0x34, 0x5C, 0x1E, 0xBE, 0xBC, 0x94, 0x1B,
    0xE3, 0xCF, 0x21, 0x1E, 0xB8, 0xC3, 0xD2, 0xE5, 0x2F, 0x9D, 0xD8, 0x0D, 0xAC, 0x86, 0x90, 0xDD,
    0x7A, 0x6E, 0x46, 0x77, 0x4B, 0x37, 0x1E, 0x42, 0xDF, 0xED, 0xF5, 0xE1, 0xED, 0x67, 0x76, 0x3A,
    0x00, 0xB1, 0xA7, 0x74, 0x10, 0xF6, 0x81, 0x5A, 0xDF, 0x2D, 0x6A, 0x77, 0xB2, 0x06, 0x55, 0x6D,
    0xA5, 0xE8, 0x45, 0xCE, 0x44, 0x19, 0x53, 0xE1, 0xD8, 0xD9, 0xC0, 0xA1, 0x48, 0xD9, 0xB0, 0x43,
    0x38, 0xE3, 0x29, 0x3D, 0xC9, 0xA8, 0xAB, 0x99, 0x8F, 0x60, 0x0F, 0x22, 0xE8, 0x4F, 0xAB, 0xB0,
    0x45, 0x7B, 0x1B, 0x1A, 0x6F, 0xA2, 0xC1, 0x0D, 0x3E, 0x0C, 0x5A, 0xDC, 0xE0, 0x13, 0xA0, 0xC9,
    0xE5, 0x3C, 0xB6, 0x6F, 0x2E, 0xAA, 0x69, 0x0E, 0x7E, 0x75, 0x6B, 0x78, 0xFC, 0xD9, 0xF7, 0xE1,
    0x49, 0x28, 0x86, 0x5D, 0x86, 0x2D, 0x6E, 0x8F, 0x48, 0xFB, 0x0D, 0xF9, 0x17, 0x83, 0xC7, 0xB1,
    0x4A, 0x2D, 0xD2, 0x43, 0x23, 0xA1, 0x5E, 0x9A, 0xED, 0x33, 0x86, 0x0F, 0xDF, 0x6C, 0x7B, 0x4C,
    0xBA, 0x2D, 0xA4, 0x89, 0x7D, 0xB7, 0x8F, 0x55, 0xE1, 0x15, 0x26, 0x0F, 0x2B, 0x3D, 0xB0, 0xE5,
    0x1C, 0x1A, 0xBC, 0xA0, 0x54, 0xBD, 0xEF, 0xEA, 0xA4, 0xCA, 0x37, 0xB5, 0x6B, 0xBF, 0x19, 0xEA,
    0xFC, 0x42, 0xE7, 0xAF, 0xBA, 0x8D, 0xEB, 0xEA, 0xFC, 0x8A, 0x75, 0xF3, 0x1D, 0x4E, 0x2A, 0x97,
    0x18, 0xCA, 0x3C, 0xD2, 0x6E, 0xEF, 0xBA, 0xAF, 0xC8, 0x88, 0xC4, 0xD2, 0x79, 0xCC, 0xD8, 0x87,
    0xA2, 0xB1, 0x13, 0x1B, 0x48, 0xF5, 0xCE, 0xFE, 0xC1, 0x79, 0x9F, 0x63, 0xDE, 0xD2, 0x09, 0xC2,
    0x27, 0x5D, 0x51, 0xBC, 0xFC, 0xA6, 0xEB, 0x62, 0x10, 0x9C, 0xEA, 0x8C, 0xE3, 0x49, 0x67, 0x3F,
    0x1E, 0x3B, 0x7A, 0x3B, 0xD8, 0x7C, 0x23, 0x93, 0x2A, 0x67, 0x82, 0x69, 0x53, 0x3E, 0x8E, 0xDD,
    0x8F, 0x2D, 0x35, 0xAB, 0xC8, 0x6B, 0x2D, 0xE7, 0xCE, 0xE1, 0x03, 0x5C, 0x8D, 0xA3, 0x40, 0xAD,
    0xA3, 0x20, 0xDD, 0x6B, 0xED, 0x9A, 0xD1, 0x40, 0x0A, 0xD4, 0x42, 0x0A, 0xD4, 0x44, 0x0A, 0xD4,
    0x46, 0x0A, 0x60, 0x24, 0xA5, 0x32, 0x2F, 0x6A, 0x25, 0xE1, 0x81, 0xF7, 0x4C, 0xFC, 0xA9, 0xC2,
    0x14, 0xAA, 0x45, 0x40, 0xEB, 0x0C, 0x4A, 0xE2, 0x25, 0x9C, 0x54, 0xF6, 0x43, 0x52, 0x91, 0x4A,
    0x9C, 0xB1, 0x25, 0x76, 0xAA, 0xCC, 0x86, 0x2C, 0x81, 0xB4, 0x22, 0xEA, 0x32, 0x67, 0x32, 0xF9,
    0x32, 0x09, 0x6A, 0x32, 0x39, 0x9B, 0x89, 0x46, 0xD3, 0x2C, 0x7B, 0xA9, 0xB1, 0x6F, 0x99, 0x6F,
    0x29, 0x15, 0x5D, 0x4C, 0x8B, 0x4F, 0xDA, 0x21, 0x73, 0xFB, 0xCD, 0xBB, 0x23, 0x41, 0xEA, 0x8C,
    0x21, 0xB5, 0x38, 0xBD, 0x09, 0x2A, 0xF2, 0xA3, 0xBB, 0x77, 0x76, 0x33, 0xF4, 0xA2, 0x76, 0x74,
    0x40, 0xC1, 0x47, 0xF3, 0x5B, 0xD8, 0xD6, 0xE1, 0x53, 0x10, 0x00, 0x6B, 0xF7, 0xD8, 0x07, 0xDC,
    0xC1, 0x7A, 0x63, 0x67, 0x08, 0xD4, 0x52, 0xCC, 0x23, 0x74, 0x52, 0xD9, 0x55, 0x27, 0xB4, 0x66,
    0xD3, 0x21, 0xA4, 0x64, 0x16, 0xAD, 0xEA, 0x33, 0x3E, 0x4E, 0x35, 0x6C, 0x8C, 0x2A, 0xB3, 0xED,
    0xA8, 0x62, 0x18, 0x3B, 0xBD, 0x96, 0xB6, 0x2A, 0x8D, 0x55, 0xED, 0xD4, 0x4D, 0xE9, 0x34, 0x8C,
    0x5A, 0x75, 0x3F, 0xF6, 0x26, 0x13, 0xC5, 0xDC, 0xCA, 0x20, 0x8D, 0x48, 0x2B, 0x59, 0xD9, 0xA0,
    0x4A, 0x96, 0x4A, 0x54, 0x96, 0x53, 0x35, 0x9A, 0xAA, 0xDC, 0x74, 0xD6, 0x59, 0xB1, 0x2B, 0x49,
    0x1D, 0x29, 0x6E, 0x80, 0xBC, 0x91, 0xC8, 0x1C, 0x3C, 0x35, 0x99, 0xE1, 0x40, 0x4D, 0xEF, 0x0E,
    0xE6, 0x09, 0x94, 0xA4, 0xEA, 0xEA, 0x65, 0x17, 0xDF, 0xE7, 0xA7, 0xE7, 0xCF, 0x7C, 0xCF, 0x4D,
    0xF8, 0xE2, 0x3D, 0x04, 0x81, 0xD3, 0x86, 0xEE, 0xD0, 0xE3, 0xA3, 0x7A, 0x8F, 0xE6, 0xC4, 0xF7,
    0xC2, 0xF2, 0xF6, 0xBC, 0x9C, 0x00, 0x73, 0x21, 0xCB, 0x10, 0xBA, 0xDE, 0x10, 0xD2, 0x42, 0x92,
    0x85, 0xBE, 0x82, 0xB5, 0x15, 0xF1, 0xD1, 0x01, 0x4E, 0x4E, 0x12, 0x64, 0x52, 0x12, 0x88, 0x82,
    0x1C, 0x01, 0x15, 0x7A, 0x95, 0x0C, 0x1F, 0x43, 0x13, 0x9B, 0x55, 0x7B, 0xBD, 0x7D, 0xA3, 0x99,
    0xA3, 0x08, 0xA1, 0xC4, 0x44, 0x82, 0x77, 0x06, 0x07, 0x87, 0x95, 0xE1, 0x74, 0x2C, 0xE8, 0x01,
    0x35, 0xA6, 0xAD, 0xD8, 0x7B, 0xD6, 0x94, 0x38, 0x0A, 0xB6, 0xE6, 0x85, 0x89, 0xA7, 0xD4, 0x16,
    0xD3, 0xD8, 0x51, 0x93, 0xD5, 0x54, 0xF9, 0xB1, 0x7D, 0xD7, 0x8D, 0xF6, 0x06, 0xFB, 0x5B, 0x2D,
    0x96, 0xA6, 0xD1, 0xB3, 0x2B, 0xD5, 0x1D, 0xC1, 0x03, 0xFA, 0xC2, 0xC3, 0x87, 0xF2, 0xB8, 0xE2,
    0x45, 0xC8, 0xFA, 0xF4, 0x5B, 0xE7, 0x1B, 0xF5, 0x3B, 0xA7, 0x0F, 0xBA, 0x78, 0xED, 0x1F, 0xE9,
    0x8C, 0x42, 0x64, 0xFE, 0x28, 0x88, 0xE4, 0xED, 0x37, 0x56, 0x23, 0xC1, 0x5A, 0x98, 0x83, 0xA4,
    0xC6, 0x43, 0xFF, 0x85, 0xF8, 0x5F, 0x14, 0x6C, 0xBA, 0x08, 0x83, 0x9A, 0xD8, 0xB7, 0xB1, 0x10,
    0xA2, 0xA9, 0x23, 0x7E, 0x6A, 0xAF, 0x6D, 0x6B, 0xA5, 0xB5, 0x09, 0xE5, 0xCD, 0x54, 0xBF, 0x05,
    0x59, 0xC7, 0x11, 0x54, 0x2D, 0x16, 0x24, 0x94, 0x21, 0xC1, 0x43, 0xA2, 0x6C, 0xEE, 0x66, 0x4A,
    0xAD, 0xB8, 0x11, 0x76, 0xBC, 0x39, 0x80, 0x84, 0xC8, 0x94, 0x05, 0x4D, 0x9B, 0x1A, 0x33, 0x10,
    0x5A, 0x33, 0x8B, 0x8F, 0xF7, 0x43, 0x7D, 0xCC, 0x57, 0xD4, 0x24, 0x50, 0x11, 0xCB, 0x54, 0x11,
    0x64, 0x7A, 0x52, 0xAA, 0x87, 0xA0, 0x92, 0x1F, 0xC0, 0x49, 0x09, 0x82, 0x7B, 0xF0, 0x30, 0xF6,
    0x5F, 0x03, 0x8A, 0x5E, 0xF6, 0x63, 0xEA, 0x04, 0x3D, 0xF2, 0xED, 0x0C, 0xEA, 0x49, 0xA2, 0x92,
    0xE9, 0x34, 0x5F, 0x98, 0x1F, 0x10, 0xC1, 0x79, 0xAB, 0xDE, 0x11, 0xCF, 0x2D, 0x11, 0xC0, 0x9D,
    0x9A, 0x50, 0x39, 0x95, 0x0D, 0xF4, 0xF9, 0xA4, 0x0B, 0x88, 0xCD, 0x28, 0x2F, 0xC5, 0xE8, 0x64,
    0x4F, 0x1D, 0x6E, 0x8A, 0x8A, 0x71, 0x47, 0x96, 0xE9, 0xD5, 0xA8, 0xC1, 0x19, 0xD5, 0xD1, 0xC4,
    0xC1, 0xB9, 0x25, 0x2F, 0x90, 0x92, 0x08, 0xE2, 0x52, 0x53, 0x67, 0x42, 0x46, 0xB6, 0xD8, 0x02,
    0x25, 0x3B, 0x30, 0xFC, 0x78, 0xF0, 0xE4, 0xB4, 0xB6, 0x12, 0xE3, 0x9C, 0x6F, 0xA3, 0x16, 0x17,
    0xCC, 0xA0, 0xE5, 0x01, 0x67, 0xF7, 0x80, 0xBA, 0x68, 0xF4, 0xC0, 0xE7, 0x5C, 0x8F, 0x0F, 0xE8,
    0x00, 0xED, 0x14, 0x66, 0x31, 0x74, 0x9C, 0xFA, 0x0D, 0xFC, 0x56, 0x76, 0x96, 0xCA, 0xA2, 0x05,
    0x4C, 0x70, 0xB1, 0xE3, 0x74, 0x41, 0xE8, 0x45, 0x75, 0x38, 0x20, 0x5C, 0x27, 0xDE, 0xDA, 0xBA,
    0xA8, 0xC9, 0x13, 0x6F, 0x19, 0xB9, 0x4E, 0xE5, 0x3E, 0xDF, 0x68, 0x67, 0xE3, 0x4E, 0x86, 0xED,
    0xA4, 0xCE, 0x75, 0x3C, 0x16, 0xEC, 0x24, 0xBD, 0x76, 0xB2, 0x36, 0xEB, 0xD5, 0x94, 0xA2, 0xCA,
    0xB4, 0x66, 0x4E, 0xA6, 0x56, 0x9D, 0x1A, 0xA0, 0x5B, 0xEB, 0xC9, 0x8C, 0x2A, 0x3F, 0x14, 0xA5,
    0xB4, 0x57, 0xA9, 0xC8, 0xF4, 0xB4, 0x0B, 0x1C, 0xC4, 0x12, 0xBA, 0x4E, 0x64, 0x5E, 0x3A, 0x3D,
    0x93, 0x87, 0xDE, 0x19, 0x7D, 0x68, 0x91, 0x3E, 0x2C, 0x93, 0xF5, 0x8F, 0xD8, 0x91, 0x47, 0x90,
    0xC5, 0xC3, 0x4A, 0x5F, 0xB1, 0xE6, 0xB4, 0x3D, 0x96, 0x73, 0xE8, 0x2F, 0xFB, 0xBE, 0x72, 0x8E,
    0x98, 0xDC, 0xCE, 0x33, 0xFC, 0xD5, 0x7D, 0x7F, 0x7C, 0xA4, 0x23, 0xEE, 0x1B, 0x2C, 0x87, 0x7D,
    0xD7, 0x94, 0x1E, 0x78, 0x46, 0x0F, 0x5C, 0x9A, 0x0E, 0x36, 0x85, 0x78, 0xE0, 0xD6, 0x9E, 0x90,
    0x93, 0x4D, 0xB7, 0xCA, 0x5E, 0x63, 0x3F, 0xF2, 0x9C, 0x4E, 0xA5, 0xB7, 0x6F, 0xA4, 0x79, 0xD9,
    0x50, 0xB0, 0x04, 0xBD, 0xB3, 0x47, 0x4B, 0x84, 0xA3, 0x3B, 0x0F, 0x71, 0x92, 0xEB, 0x81, 0x8E,
    0x26, 0x51, 0x14, 0x64, 0x86, 0x6C, 0xEA, 0x71, 0x92, 0x89, 0xD1, 0x61, 0x6D, 0x35, 0xF3, 0x1D,
    0xBB, 0x3F, 0x12, 0x9A, 0x4E, 0x19, 0x4D, 0x42, 0x79, 0xD8, 0x17, 0x57, 0x6B, 0x7C, 0x7C, 0x76,
    0x5D, 0x3F, 0x7D, 0xA0, 0x83, 0x6B, 0xA7, 0x0D, 0x3F, 0x6A, 0x7D, 0xF1, 0xCA, 0xEE, 0xAB, 0x2E,
    0xB8, 0xD7, 0xAA, 0x11, 0x38, 0xE3, 0x23, 0xCC, 0x3C, 0x39, 0x49, 0x7B, 0x0C, 0x4C, 0x1A, 0xFB,
    0x2F, 0xB2, 0xBA, 0xAA, 0x63, 0x45, 0x4F, 0xD7, 0xD2, 0x44, 0xF6, 0x5D, 0x42, 0x1A, 0x9E, 0xFA,
    0xD6, 0x97, 0x06, 0x96, 0xBC, 0xC3, 0x03, 0x7B, 0x1F, 0x22, 0x28, 0xFE, 0x3C, 0x31, 0x3A, 0x8E,
    0xC8, 0xB9, 0x41, 0x91, 0xB3, 0x8F, 0x83, 0xC7, 0xCC, 0x69, 0x05, 0x58, 0x69, 0x3B, 0xE9, 0x0E,
    0xDA, 0x8D, 0xDA, 0xB1, 0x83, 0xA4, 0xC9, 0x6E, 0x87, 0x49, 0x83, 0xDD, 0x1A, 0x9B, 0xD4, 0xB7,
    0xA9, 0x9E, 0x91, 0x76, 0x47, 0xEA, 0xE8, 0x8A, 0x5A, 0x6D, 0x76, 0x53, 0xAB, 0x99, 0x2E, 0x9B,
    0xA2, 0xA6, 0x5B, 0xC3, 0x8E, 0x3D, 0xC1, 0xD4, 0xD9, 0x1D, 0x75, 0xA4, 0xF1, 0x00, 0xBB, 0x1A,
    0x7B, 0x94, 0xA3, 0xCD, 0x3A, 0xED, 0x54, 0x0D, 0x77, 0x6D, 0xA8, 0x36, 0x25, 0x4E, 0x1F, 0x8C,
    0x7A, 0xE7, 0x34, 0x5F, 0xCA, 0x45, 0xB0, 0xBE, 0xAD, 0x39, 0x3D, 0x35, 0xF3, 0x35, 0x35, 0x94,
    0xE1, 0xDD, 0xEC, 0x77, 0x7A, 0x3D, 0x45, 0xEC, 0x1E, 0xA6, 0x26, 0xB1, 0x47, 0x15, 0xCD, 0x3B,
    0xFB, 0x31, 0x84, 0xDD, 0xAC, 0xE1, 0xA6, 0x1D, 0x2B, 0x1A, 0xA5, 0x2A, 0xBF, 0x02, 0xD3, 0x37,
    0xBB, 0x8E, 0xFD, 0xF4, 0x3F, 0x0C, 0x78, 0x34, 0x7F, 0x00, 0x01, 0xDC, 0xD4, 0xC5, 0x0D, 0x4A,
    0x3C, 0xAB, 0x60, 0x9A, 0xB2, 0x19, 0x43, 0xFB, 0x5D, 0xD1, 0x80, 0x31, 0x4E, 0x41, 0x01, 0xC6,
    0x04, 0x42, 0x42, 0x3F, 0x3F, 0xB6, 0x92, 0x80, 0xA7, 0xFC, 0x99, 0x29, 0x37, 0x22, 0x18, 0xCF,
    0xC3, 0x6B, 0xB7, 0x4E, 0x66, 0x69, 0xF5, 0x34, 0xA0, 0x94, 0xC6, 0x6E, 0xFD, 0x78, 0xF0, 0xBE,
    0xB4, 0x8B, 0x4A, 0xC4, 0x9D, 0x75, 0x5B, 0xB9, 0x20, 0xC1, 0xAE, 0xB7, 0x4B, 0xAE, 0xA3, 0xD9,
    0x0E, 0xF1, 0xBC, 0xD1, 0x33, 0x3E, 0x1A, 0xE3, 0x49, 0x4D, 0x71, 0x3B, 0xC3, 0x67, 0xF3, 0x49,
    0xE7, 0x6D, 0x1C, 0xEF, 0x65, 0x24, 0x0A, 0xC5, 0x61, 0xD1, 0xE7, 0xE2, 0x7A, 0xE5, 0x27, 0x39,
    0xEB, 0x79, 0x4E, 0xC8, 0x4E, 0x2C, 0x3A, 0xB5, 0x3A, 0x62, 0x31, 0xCA, 0xE3, 0xD9, 0x6D, 0xB8,
    0xAA, 0xDD, 0x71, 0xD7, 0x55, 0x56, 0xA5, 0xD9, 0x27, 0x2D, 0xB1, 0x0E, 0x03, 0xFA, 0x44, 0x6D,
    0x44, 0x81, 0x51, 0xF0, 0x53, 0x19, 0x5F, 0xCD, 0x55, 0xB4, 0x46, 0xDF, 0xC6, 0xFE, 0x70, 0x85,
    0x9D, 0x26, 0x9A, 0xA8, 0x01, 0x6C, 0x98, 0xDA, 0x6F, 0x56, 0x70, 0xE8, 0xC4, 0x2B, 0xB4, 0x36,
    0x97, 0x11, 0x67, 0x52, 0x24, 0xDE, 0xFE, 0x38, 0x2C, 0xCB, 0x66, 0x41, 0x2F, 0x60, 0xA7, 0x1F,
    0x57, 0x4F, 0x72, 0xE5, 0x73, 0x78, 0x87, 0x0D, 0xC6, 0x23, 0x4A, 0xEE, 0x0B, 0xF0, 0x07, 0xC5,
    0xE9, 0xCC, 0x6A, 0x91, 0x24, 0xBB, 0xB2, 0x76, 0x21, 0x33, 0x2C, 0xE7, 0x91, 0x73, 0xB5, 0x15,
    0x55, 0x68, 0x9C, 0x54, 0x14, 0x30, 0x9A, 0x2A, 0x2C, 0x27, 0x0D, 0x6F, 0x82, 0x7C, 0xF6, 0x5D,
    0x69, 0xC2, 0xF1, 0xE7, 0x89, 0x59, 0xF5, 0x01, 0x1C, 0xC0, 0x1D, 0x4E, 0xBC, 0x54, 0xCC, 0x98,
    0x36, 0xEB, 0x80, 0x15, 0x8A, 0x1B, 0xA5, 0x58, 0x61, 0x02, 0x61, 0xDC, 0x3A, 0x0C, 0x55, 0x30,
    0xA6, 0xF0, 0xEA, 0x87, 0xA6, 0xFF, 0x2F, 0x6F, 0xFA, 0xCB, 0x97, 0x1A, 0x46, 0x7F, 0x1C, 0x6C,
    0x34, 0x10, 0x67, 0xF5, 0x66, 0xAB, 0x73, 0x19, 0x24, 0x8D, 0xF6, 0xFE, 0x82, 0xAE, 0x26, 0xA4,
    0xC3, 0x99, 0x6B, 0x5E, 0xF1, 0x27, 0xE6, 0x5A, 0xF0, 0x26, 0xBE, 0x3E, 0x5C, 0xA3, 0xDB, 0x5A,
    0xA3, 0x0F, 0xF1, 0x84, 0x03, 0x78, 0xC2, 0x45, 0x84, 0xD5, 0xE3, 0xAB, 0x91, 0x71, 0xBA, 0xF7,
    0x04, 0xC1, 0x11, 0x22, 0xAB, 0x95, 0xB3, 0x31, 0x2A, 0x67, 0x5A, 0xF0, 0xDC, 0xB3, 0x43, 0xE7,
    0x38, 0x92, 0x4E, 0x2D, 0x8A, 0xB4, 0x53, 0x8B, 0x49, 0xD0, 0x54, 0xCE, 0x5D, 0xAD, 0x56, 0x53,
    0x55, 0x2B, 0xFE, 0x67, 0xCF, 0x11, 0xF5, 0x36, 0x75, 0x3C, 0x1B, 0xA3, 0x07, 0x5F, 0xA4, 0x40,
    0xA9, 0x7C, 0x14, 0x9F, 0x39, 0x1E, 0xD4, 0x86, 0x4A, 0x3B, 0x07, 0xA8, 0xB7, 0x6A, 0x47, 0x55,
    0x35, 0x2D, 0x0A, 0x31, 0x36, 0x44, 0x08, 0x81, 0x99, 0xCA, 0x93, 0x12, 0x31, 0x05, 0xD4, 0x3E,
    0x58, 0x3B, 0x63, 0x16, 0x5B, 0xB7, 0x13, 0x4C, 0x5D, 0xA2, 0x4F, 0x75, 0x48, 0x95, 0x3C, 0x61,
    0xF0, 0xF5, 0x4D, 0x70, 0x52, 0x39, 0x0F, 0x75, 0x0B, 0x54, 0x70, 0xB2, 0xD1, 0xCD, 0x38, 0xB3,
    0xF4, 0xA0, 0x8D, 0x73, 0x87, 0xB0, 0x67, 0xB8, 0xD4, 0xF2, 0xAF, 0x1B, 0x46, 0xFF, 0xAC, 0x80,
    0xC9, 0x77, 0x10, 0x14, 0xB8, 0x61, 0x4F, 0xCB, 0x1B, 0xE8, 0x26, 0xAF, 0x9A, 0x5C, 0xFE, 0xC8,
    0x80, 0x5E, 0xB5, 0x6E, 0xD0, 0x0F, 0x19, 0x1B, 0xFA, 0xA9, 0xF5, 0xC3, 0xFF, 0x89, 0xA6, 0xD4,
    0x33, 0x56, 0x34, 0x1E, 0xA2, 0x31, 0xF5, 0xB4, 0x79, 0xDA, 0x6C, 0xB9, 0x0B, 0xBF, 0x6A, 0x9E,
    0x9D, 0x78, 0xAA, 0x99, 0xDC, 0x7C, 0x7F, 0xD8, 0xD1, 0x11, 0x0A, 0xCC, 0x0B, 0xDD, 0x8E, 0xAE,
    0x90, 0x7D, 0x80, 0x16, 0x53, 0x67, 0xA7, 0xB0, 0x12, 0x87, 0x42, 0x17, 0xCE, 0x94, 0xB1, 0xE2,
    0xD1, 0x85, 0x9D, 0xE4, 0x79, 0xC1, 0xA3, 0x01, 0xCF, 0xF7, 0xB0, 0xB5, 0x67, 0x85, 0xA6, 0xD5,
    0xE5, 0xB2, 0x13, 0x6C, 0xFF, 0x06, 0xD9, 0x2B, 0x1A, 0x51, 0x5D, 0x82, 0x30, 0xC8, 0x71, 0x79,
    0x24, 0x23, 0xBE, 0x26, 0x32, 0x46, 0xDC, 0x13, 0x56, 0xB9, 0x8B, 0x97, 0x16, 0x3A, 0x43, 0xFB,
    0x61, 0x8D, 0xCB, 0x3A, 0xAA, 0xF4, 0x3A, 0x2A, 0x70, 0x3A, 0xAA, 0x55, 0x1D, 0xB5, 0x3B, 0xA0,
    0xA3, 0x62, 0xAF, 0xA3, 0xD4, 0xC2, 0x1C, 0x9D, 0x6D, 0x0D, 0x57, 0x66, 0x76, 0x81, 0x0A, 0xED,
    0x29, 0x06, 0x02, 0xFB, 0xEB, 0xB4, 0x1A, 0xF7, 0x82, 0x08, 0x4B, 0x0C, 0x61, 0x31, 0xA4, 0xC5,
    0x0E, 0xBB, 0xAA, 0x3D, 0xF5, 0x12, 0xF1, 0xE1, 0x4E, 0x47, 0xE5, 0xEA, 0x00, 0x10, 0x38, 0x6D,
    0xD4, 0xB0, 0xA7, 0x1C, 0xA7, 0xC6, 0x6B, 0xA6, 0xBD, 0x87, 0x8F, 0x6F, 0xA5, 0xA3, 0x62, 0xE7,
    0x9A, 0x2C, 0x3A, 0xEA, 0x0A, 0x03, 0xC4, 0x5B, 0x6A, 0x57, 0xD8, 0x6E, 0x65, 0xE0, 0xA2, 0xA6,
    0xC4, 0x97, 0x21, 0xCB, 0xCD, 0x56, 0x7E, 0xA0, 0x82, 0xB0, 0xD9, 0x6F, 0xC3, 0xCC, 0xE3, 0xF6,
    0xCF, 0x4C, 0x0E, 0x90, 0x2F, 0x95, 0x08, 0x05, 0x60, 0x9F, 0x52, 0x14, 0xA8, 0xB4, 0x19, 0x81,
    0x88, 0x5A, 0xDB, 0x12, 0xF1, 0x50, 0xDB, 0x02, 0xE1, 0xB7, 0x3F, 0x5F, 0x4D, 0xD4, 0xB6, 0x68,
    0xED, 0x0F, 0xA1, 0x2D, 0xB4, 0xB5, 0x2F, 0xF8, 0x39, 0xFB, 0x59, 0xF2, 0x7B, 0x1B, 0xAC, 0xB8,
    0x3C, 0x69, 0x07, 0xDE, 0x89, 0x7C, 0x56, 0x6A, 0x3F, 0xB7, 0x80, 0xA1, 0x33, 0x3D, 0x6A, 0x66,
    0x46, 0x7E, 0xE5, 0x71, 0x43, 0xA3, 0x56, 0x4A, 0xA1, 0x88, 0xD7, 0xD6, 0x41, 0x06, 0x47, 0x0F,
    0x1F, 0x24, 0x53, 0x2C, 0x56, 0xB8, 0x46, 0xEE, 0xCC, 0x1A, 0xEE, 0xF6, 0x11, 0xBC, 0xD4, 0xC7,
    0xEF, 0x96, 0x18, 0x1E, 0x7B, 0xC5, 0xE8, 0xC2, 0x59, 0x95, 0x43, 0x7F, 0x20, 0x23, 0x4B, 0x64,
    0x4F, 0xA3, 0x7B, 0x9D, 0xDA, 0x58, 0x21, 0xEC, 0x60, 0x17, 0xDF, 0xDB, 0xA8, 0x35, 0xD5, 0xAC,
    0xA2, 0x7D, 0x5C, 0x71, 0x59, 0xE3, 0x25, 0xEA, 0xE7, 0x22, 0x7F, 0xA5, 0xF3, 0x86, 0x30, 0xF8,
    0x52, 0x65, 0x84, 0xE2, 0x9A, 0x18, 0x27, 0xAE, 0xA9, 0xC3, 0x82, 0x20, 0x23, 0x17, 0x1E, 0x5E,
    0x64, 0xC4, 0x47, 0x06, 0xFB, 0x04, 0x12, 0x29, 0x32, 0x92, 0xA1, 0x27, 0x32, 0xE2, 0xB6, 0xD3,
    0xD1, 0x99, 0x84, 0xD5, 0x37, 0x9C, 0x9B, 0x25, 0x42, 0x41, 0x1D, 0x3F, 0x9F, 0xD8, 0x61, 0x5A,
    0xFF, 0x5D, 0x6C, 0x7A, 0xF8, 0xEF, 0x44, 0xC1, 0x14, 0x62, 0x92, 0xCF, 0xAD, 0x06, 0x3A, 0x0E,
    0x3D, 0x9B, 0x0E, 0x33, 0x24, 0x07, 0xC5, 0x20, 0x13, 0xB0, 0x21, 0xEE, 0x15, 0x63, 0xC0, 0x3F,
    0x37, 0x38, 0x79, 0x0D, 0x63, 0x2F, 0xB0, 0xC8, 0x6D, 0x73, 0x8E, 0x21, 0xFF, 0xE5, 0x1B, 0x06,
    0x15, 0x2F, 0xB8, 0xB9, 0xD7, 0x6E, 0x45, 0x14, 0xC0, 0x77, 0xF5, 0x8C, 0x4C, 0x31, 0x94, 0x90,
    0x23, 0xDA, 0xB2, 0x49, 0x84, 0xC5, 0xD1, 0x42, 0xB8, 0x68, 0x33, 0x2F, 0x7C, 0x01, 0x31, 0xCD,
    0xAD, 0xD9, 0x8C, 0x69, 0xBF, 0xD7, 0x3D, 0xD1, 0x05, 0x57, 0x9B, 0x4D, 0x31, 0xAD, 0x9B, 0xEA,
    0x60, 0xA3, 0x3F, 0x29, 0xBF, 0xFE, 0x11, 0xF2, 0xA9, 0x7E, 0x17, 0xC8, 0x64, 0x28, 0xE1, 0xF5,
    0x73, 0x51, 0x84, 0xF1, 0x0A, 0x0A, 0xEA, 0xB9, 0x33, 0x1B, 0x2F, 0xD9, 0x5B, 0x75, 0x5B, 0x8E,
    0x1E, 0xB9, 0x18, 0x14, 0x9A, 0x0E, 0x12, 0x67, 0xB2, 0x4E, 0x19, 0x33, 0x6C, 0xEA, 0x85, 0x38,
    0x13, 0x77, 0x59, 0x29, 0xA7, 0x7E, 0x73, 0x2C, 0xF3, 0xFA, 0x2B, 0x37, 0x81, 0x0F, 0x2E, 0xC6,
    0x6C, 0xF7, 0x83, 0xB5, 0xFD, 0x0A, 0xBB, 0xB8, 0xAD, 0x98, 0x6D, 0xCD, 0xB9, 0x7B, 0x51, 0x59,
    0x1B, 0xEA, 0x89, 0x71, 0x0C, 0xD3, 0x87, 0x18, 0xB4, 0x02, 0x31, 0xB9, 0x67, 0x16, 0x40, 0x66,
    0x87, 0x4B, 0xCE, 0x7A, 0x00, 0x54, 0xE6, 0x61, 0x3E, 0xA7, 0x21, 0x30, 0x4C, 0x4D, 0x48, 0x84,
    0x57, 0x3C, 0xD0, 0x6C, 0x28, 0x44, 0x51, 0xD7, 0x99, 0x3D, 0xBF, 0x85, 0x70, 0x54, 0xD8, 0x89,
    0xAC, 0x65, 0xC3, 0xDA, 0x2D, 0xD8, 0x58, 0xE7, 0x4F, 0xB6, 0x62, 0x23, 0x41, 0x49, 0x3B, 0xB1,
    0x8D, 0x6C, 0xCF, 0x46, 0xCC, 0x6A, 0x6B, 0x59, 0x89, 0xE3, 0x2A, 0xDF, 0x94, 0xA8, 0xB4, 0xCC,
    0xBE, 0x1C, 0xEF, 0x85, 0x5D, 0x8D, 0xD2, 0xCE, 0x75, 0x66, 0xAD, 0x85, 0xCF, 0xD8, 0xCF, 0x49,
    0x14, 0x2D, 0xDE, 0x1A, 0x1F, 0x1E, 0x24, 0x54, 0x76, 0x74, 0x66, 0x9E, 0xDC, 0x9B, 0x1F, 0xF5,
    0xA0, 0x43, 0x8D, 0x68, 0x26, 0x1A, 0xF7, 0x55, 0xD6, 0x53, 0xF0, 0x89, 0xD3, 0xD3, 0x6B, 0x17,
    0xF5, 0x33, 0x56, 0x5E, 0xDE, 0x7A, 0xDC, 0x6A, 0x47, 0x64, 0xA0, 0x51, 0x0C, 0x7E, 0xD0, 0xB9,
    0xC0, 0xBA, 0xEC, 0x24, 0x1A, 0xCD, 0x50, 0x47, 0x83, 0xF5, 0x16, 0xCD, 0x9A, 0x3A, 0x5B, 0x59,
    0x21, 0xE1, 0xEA, 0x5C, 0xD7, 0x2E, 0x73, 0x6E, 0x50, 0xEA, 0x84, 0x2D, 0x76, 0x88, 0x8A, 0x0F,
    0x5B, 0xED, 0x1C, 0xFA, 0xEC, 0xA8, 0x02, 0xF6, 0x53, 0x1D, 0xCA, 0xA2, 0x2B, 0x11, 0x19, 0xDD,
    0x0D, 0xF1, 0xE8, 0xF6, 0x4A, 0xAF, 0xAA, 0xC9, 0x34, 0xB1, 0x3E, 0x8E, 0x5A, 0x9D, 0xBB, 0x59,
    0xBD, 0x8D, 0x74, 0x54, 0xDC, 0xBF, 0x12, 0x35, 0x38, 0x01, 0x83, 0xAF, 0x53, 0x60, 0xA2, 0x8C,
    0xF8, 0xB2, 0x53, 0x19, 0x8F, 0xB5, 0x7F, 0x70, 0x22, 0x12, 0x34, 0xF3, 0xA8, 0xF6, 0x32, 0xD7,
    0x29, 0xCC, 0xC2, 0xC2, 0xC0, 0x14, 0xBB, 0x8E, 0x33, 0xF9, 0x0A, 0x17, 0xA6, 0x28, 0xDC, 0x8C,
    0x55, 0xBE, 0xE3, 0xB6, 0x55, 0xE5, 0x26, 0xD2, 0x73, 0x78, 0x7E, 0x63, 0x99, 0x5C, 0x91, 0x41,
    0xE1, 0xBE, 0x48, 0xC0, 0x59, 0x0E, 0x39, 0x99, 0x7F, 0x03, 0x48, 0x6A, 0xA0, 0x2F, 0xAB, 0x24,
    0x82, 0x10, 0x82, 0x5E, 0xDF, 0x24, 0xC6, 0xBD, 0xC4, 0xBA, 0xB7, 0xAB, 0x58, 0x37, 0xBD, 0x60,
    0x3A, 0x0F, 0x91, 0x39, 0x0F, 0x65, 0xB0, 0x1B, 0x67, 0x64, 0xB8, 0x36, 0xD3, 0xF1, 0x6D, 0xCD,
    0x7C, 0x01, 0xD9, 0x73, 0x3C, 0x12, 0x65, 0xE1, 0xA8, 0x0C, 0x79, 0xB5, 0xEA, 0xF4, 0xAA, 0x53,
    0xAC, 0xB4, 0xFD, 0xBC, 0x4E, 0xC5, 0x89, 0x10, 0x5C, 0xD6, 0xAA, 0x2A, 0x51, 0x12, 0x61, 0x17,
    0x85, 0x0A, 0x22, 0x86, 0x75, 0x38, 0x20, 0x85, 0xB6, 0xDF, 0x56, 0x38, 0x36, 0x04, 0x05, 0x12,
    0x81, 0x6B, 0x08, 0xF3, 0x80, 0xEE, 0x90, 0x53, 0xAD, 0x83, 0x4F, 0x92, 0xF3, 0x21, 0xC8, 0x2D,
    0xE1, 0x83, 0x14, 0xC3, 0xD2, 0xAF, 0x60, 0xD8, 0x13, 0x6A, 0x14, 0x1C, 0x6A, 0x52, 0xFC, 0xD6,
    0x2C, 0x74, 0x94, 0x75, 0x5F, 0x26, 0xB7, 0x50, 0xFF, 0x4B, 0x70, 0x28, 0x2B, 0xA8, 0xC9, 0xAC,
    0x23, 0xB4, 0x6F, 0x05, 0x7A, 0x82, 0xF4, 0xF9, 0x2B, 0x1C, 0xF1, 0xD2, 0x2F, 0xF1, 0xEB, 0x03,
    0x15, 0xBD, 0xFE, 0x7A, 0xC0, 0x67, 0x69, 0x28, 0xEF, 0xFA, 0x5C, 0x98, 0xC7, 0x64, 0x5E, 0xFA,
    0xE9, 0xEC, 0x7E, 0x1D, 0xD2, 0xA8, 0xBF, 0xBE, 0x37, 0x2C, 0x2B, 0x9C, 0xA7, 0x67, 0xF2, 0xFF,
    0x8B, 0x81, 0x93, 0x4F, 0xCC, 0x6B, 0xB6, 0xEA, 0x17, 0xAE, 0x3B, 0x1F, 0x98, 0xE7, 0xE2, 0xB6,
    0xE6, 0xB9, 0xBE, 0xC9, 0x3C, 0x07, 0x07, 0xE7, 0x39, 0x39, 0x38, 0xCF, 0xFD, 0xE5, 0x79, 0xCE,
    0x0F, 0xCC, 0xF3, 0xF0, 0xD6, 0xE6, 0x79, 0x3C, 0x3C, 0xCF, 0xD5, 0x9B, 0x9D, 0xE7, 0x0B, 0x43,
    0xF4, 0xF3, 0x7C, 0x3D, 0x5F, 0xCD, 0x73, 0xBD, 0x9A, 0xE7, 0x7A, 0x99, 0xE7, 0x95, 0x7A, 0x8C,
    0x4C, 0xBE, 0xEA, 0x07, 0x87, 0xFB, 0x2B, 0xF9, 0xDF, 0xAE, 0x90, 0xB4, 0xED, 0x2A, 0xFE, 0xB1,
    0x5B, 0x39, 0x91, 0xBB, 0x76, 0x85, 0x57, 0x94, 0xFB, 0x26, 0x56, 0xCD, 0xA6, 0xE4, 0x43, 0xD2,
    0x8E, 0x6C, 0xC5, 0x83, 0xC5, 0xC4, 0x67, 0x0D, 0xA9, 0x56, 0xB5, 0x36, 0xF4, 0x6E, 0x4B, 0x34,
    0xC7, 0x8E, 0x66, 0xA3, 0xD6, 0x94, 0x33, 0xAA, 0x0C, 0x9C, 0xB1, 0x8A, 0xBB, 0x54, 0x1D, 0x0F,
    0x73, 0x1D, 0xEF, 0x6A, 0xBA, 0x2D, 0x8C, 0xD4, 0x56, 0x34, 0xB6, 0xCE, 0x38, 0xD6, 0x8A, 0x4D,
    0x31, 0x60, 0x85, 0xEC, 0xD4, 0x8B, 0x04, 0x30, 0xE0, 0xB5, 0x61, 0xA4, 0x4B, 0x4E, 0xB0, 0x13,
    0xB0, 0x75, 0xB6, 0x46, 0x69, 0xA3, 0x86, 0xB0, 0x0C, 0x4D, 0xEB, 0x9B, 0xB1, 0x18, 0x63, 0x3D,
    0x5E, 0x66, 0x35, 0xA3, 0x49, 0xDC, 0x4A, 0xD4, 0x3D, 0xC8, 0x81, 0xFB, 0x78, 0xC2, 0x50, 0x31,
    0xFA, 0x61, 0x40, 0x14, 0xD8, 0x25, 0xF1, 0x6E, 0x01, 0x96, 0xAB, 0x85, 0xDB, 0xB8, 0x22, 0x38,
    0xAE, 0x58, 0x8E, 0xDE, 0x0D, 0x42, 0xCC, 0x52, 0xF5, 0xDA, 0x46, 0x4D, 0x0B, 0xA5, 0x69, 0x4D,
    0x3C, 0x93, 0x23, 0x19, 0x12, 0xCF, 0x1C, 0x84, 0xFA, 0x4A, 0x88, 0xB8, 0x1D, 0xFD, 0x4E, 0x01,
    0x88, 0x1D, 0xA2, 0x49, 0xEE, 0x08, 0x12, 0xDE, 0xEA, 0xEC, 0xBB, 0x38, 0xA7, 0x29, 0x96, 0x38,
    0x88, 0x28, 0x95, 0x85, 0x1E, 0x45, 0xF6, 0x9D, 0xDC, 0x78, 0xEC, 0x8E, 0x94, 0xF1, 0x20, 0x1C,
    0x38, 0x6E, 0x7C, 0xAC, 0xBC, 0xCB, 0x88, 0xE7, 0x68, 0x08, 0xB7, 0xD5, 0xD0, 0xE0, 0x85, 0xD3,
    0xFA, 0xC2, 0x84, 0xEA, 0x64, 0x3A, 0x62, 0xA8, 0xE3, 0x2A, 0x1D, 0x16, 0x85, 0xC1, 0xF1, 0xDA,
    0x2E, 0x91, 0x21, 0xEF, 0x90, 0xA0, 0xAE, 0x84, 0x19, 0x24, 0x8E, 0x86, 0xD0, 0x37, 0x1F, 0x22,
    0xA1, 0xE7, 0x96, 0xCE, 0x9F, 0x87, 0x5A, 0x04, 0xE0, 0x25, 0xC1, 0x06, 0x71, 0xD5, 0xB3, 0x92,
    0xE7, 0x1F, 0x63, 0x06, 0x0F, 0xB8, 0xD0, 0xC1, 0xC2, 0x2B, 0x55, 0xDF, 0xC1, 0x36, 0x47, 0x57,
    0x3F, 0x0F, 0x50, 0x85, 0x10, 0x44, 0xB6, 0xD7, 0x7C, 0xE2, 0xDB, 0x5F, 0xE0, 0x2F, 0xE8, 0x09,
    0xA8, 0x76, 0x9A, 0x7C, 0x42, 0x09, 0x4C, 0x59, 0x60, 0xEF, 0x8C, 0x31, 0x21, 0x30, 0xF0, 0x41,
    0x84, 0xCF, 0x4C, 0x7E, 0xE2, 0xD6, 0x8B, 0xDB, 0x75, 0xF6, 0x0E, 0xA6, 0x43, 0x98, 0x83, 0xAB,
    0x2B, 0xDB, 0x9B, 0xA8, 0x88, 0xD0, 0x15, 0x61, 0x77, 0xBA, 0x45, 0x2B, 0x68, 0x8C, 0x8B, 0xBD,
    0xB5, 0x59, 0x20, 0x86, 0x7C, 0xE7, 0x50, 0x4B, 0xB0, 0x2E, 0xAD, 0x6B, 0xE5, 0x84, 0xC7, 0x00,
    0xBD, 0x40, 0x5F, 0x5A, 0xEC, 0x97, 0x6C, 0xA4, 0x1F, 0x09, 0x04, 0x6A, 0xC0, 0x30, 0xD0, 0xAF,
    0x7A, 0x88, 0x35, 0xFC, 0x09, 0x71, 0x70, 0x4A, 0xDF, 0x07, 0x52, 0x9E, 0x1A, 0x82, 0xBB, 0x26,
    0x70, 0x7D, 0x63, 0x5C, 0x7F, 0xA3, 0xFD, 0xCC, 0x78, 0x41, 0x80, 0x69, 0xE5, 0x04, 0x3D, 0x83,
    0x3B, 0x5D, 0xA2, 0x2F, 0x82, 0x2D, 0x70, 0xAF, 0x22, 0x2B, 0x40, 0x7C, 0x8D, 0xDA, 0x81, 0xB1,
    0xC1, 0x5B, 0x6C, 0x88, 0xFC, 0x00, 0x06, 0x97, 0x35, 0x13, 0x59, 0x49, 0x60, 0xCB, 0x38, 0x9C,
    0xBA, 0xA5, 0xC3, 0x2A, 0x6C, 0x73, 0x33, 0x7D, 0x41, 0xD6, 0x5C, 0x30, 0xE0, 0xC8, 0x78, 0x31,
    0xE8, 0x02, 0x55, 0xCD, 0xC0, 0x10, 0x52, 0x9F, 0x6C, 0xD1, 0x88, 0xC4, 0x2C, 0x29, 0x2E, 0x97,
    0xD0, 0x18, 0x08, 0x94, 0x51, 0x25, 0xE8, 0x48, 0xE9, 0x54, 0x87, 0x89, 0xB9, 0x7E, 0x06, 0x9F,
    0x21, 0x93, 0xC0, 0xA1, 0x22, 0x2D, 0xB1, 0x0B, 0x13, 0x24, 0x0E, 0x81, 0x4B, 0x35, 0x48, 0xE0,
    0xD0, 0xD9, 0x8B, 0x1D, 0xC0, 0x49, 0x4C, 0xBA, 0x31, 0x39, 0xB7, 0x57, 0xE6, 0xE2, 0x7D, 0x3B,
    0xD7, 0x09, 0xD7, 0x1D, 0xF5, 0x5F, 0x35, 0x44, 0xBD, 0x9D, 0xD5, 0xD6, 0x8A, 0x47, 0xED, 0xA4,
    0xBD, 0xC6, 0x51, 0x0B, 0x2A, 0x7E, 0x71, 0x3C, 0xD1, 0xB9, 0x67, 0xA7, 0x4F, 0x9A, 0x02, 0xFF,
    0x0F, 0x88, 0xDE, 0x16, 0x32, 0x88, 0x4C, 0xA2, 0x18, 0x40, 0x15, 0x64, 0xA7, 0x42, 0xAF, 0x4E,
    0xAA, 0x5A, 0x57, 0x90, 0xF0, 0x51, 0x4E, 0x7D, 0x9A, 0xC2, 0xE9, 0xA9, 0x3A, 0x48, 0x6E, 0xA3,
    0x49, 0x2B, 0x12, 0x71, 0x10, 0x4C, 0x3B, 0x12, 0xBD, 0x6E, 0xFF, 0xA7, 0xAA, 0x07, 0x60, 0x00,
    0x3E, 0x4B, 0x6C, 0xA5, 0x7F, 0x90, 0x4E, 0xD1, 0x2B, 0xAF, 0xA2, 0x42, 0x0E, 0x8A, 0x5D, 0xE8,
    0xAA, 0x8B, 0x8C, 0x60, 0xE7, 0x3B, 0xD3, 0xDF, 0x53, 0xF5, 0xC9, 0x0B, 0xFD, 0x97, 0xAB, 0xA9,
    0x7A, 0xCC, 0x8C, 0x76, 0x27, 0x24, 0x66, 0xCC, 0xCC, 0x10, 0x5B, 0xA7, 0x49, 0x30, 0x19, 0x19,
    0xC7, 0x76, 0x42, 0x80, 0x51, 0x9F, 0xEA, 0x1E, 0xBC, 0x7E, 0x0A, 0x7B, 0xC4, 0x70, 0xBD, 0x1C,
    0x4A, 0xED, 0x06, 0x24, 0xF3, 0x04, 0x5D, 0xC1, 0x2D, 0x1A, 0x3B, 0x46, 0x0D, 0x11, 0x5D, 0xC7,
    0x1E, 0x0A, 0x8D, 0x84, 0x3B, 0xA3, 0x59, 0xB2, 0x21, 0xB6, 0x53, 0x25, 0xC7, 0xD2, 0x6C, 0xA0,
    0xD0, 0xCF, 0x0B, 0x21, 0x35, 0xD7, 0x14, 0xCC, 0x2D, 0xDC, 0xCC, 0x2D, 0x38, 0x3B, 0xE2, 0xAB,
    0xCB, 0x31, 0x97, 0xE3, 0x94, 0xCB, 0x2B, 0xD1, 0x6C, 0x32, 0x22, 0x3B, 0xDE, 0x0A, 0x90, 0x71,
    0x85, 0x35, 0x2E, 0x40, 0x3D, 0x90, 0x6D, 0xC6, 0x1D, 0x8F, 0x0D, 0xCF, 0xFD, 0xDE, 0x63, 0x45,
    0xCB, 0x95, 0xE4, 0x3D, 0x12, 0x90, 0x7B, 0x0A, 0xB7, 0x3A, 0x41, 0x7C, 0xA6, 0x4F, 0xE6, 0xD0,
    0x9E, 0x22, 0x53, 0x64, 0x8D, 0xB1, 0x69, 0x67, 0x27, 0x72, 0x14, 0xD0, 0xBA, 0x97, 0xD8, 0x42,
    0x93, 0x5D, 0xA7, 0xC2, 0xB7, 0xBE, 0xA4, 0xD8, 0xEA, 0xD5, 0x6B, 0x76, 0x3F, 0x09, 0xED, 0x60,
    0x14, 0x50, 0x7F, 0xAC, 0xEC, 0x07, 0x0E, 0x95, 0x10, 0x06, 0x8A, 0xDE, 0x9E, 0xD4, 0xD9, 0x7C,
    0x02, 0x97, 0xCE, 0x10, 0xAE, 0x26, 0x34, 0xCF, 0x0F, 0xBE, 0x1F, 0x47, 0x95, 0xD2, 0x7B, 0x21,
    0x64, 0x91, 0xB9, 0x61, 0x8F, 0x78, 0x19, 0x43, 0x64, 0x57, 0xB8, 0x0B, 0x73, 0xA8, 0x79, 0x4C,
    0x61, 0x02, 0x9F, 0xC3, 0x30, 0x56, 0x25, 0xA0, 0x3A, 0x93, 0x7B, 0x62, 0x80, 0xAE, 0x56, 0x8D,
    0xCB, 0x3A, 0x6F, 0x4B, 0xEB, 0x10, 0xA5, 0xD6, 0x9F, 0x0F, 0xE1, 0xB7, 0x98, 0x3C, 0x65, 0xD0,
    0xE9, 0xC2, 0xE7, 0xFE, 0xD7, 0x17, 0x7D, 0x9E, 0x07, 0xD1, 0x3D, 0x7A, 0x1E, 0x73, 0x2E, 0xAA,
    0xE9, 0x1F, 0x14, 0xCC, 0xA0, 0xAD, 0xB8, 0x55, 0xC7, 0xB5, 0xDE, 0x7F, 0xBD, 0xF2, 0xCF, 0xF0,
    0x7C, 0x0C, 0xF4, 0x81, 0xB3, 0xC4, 0xEC, 0x10, 0xAC, 0xC7, 0x2B, 0xAE, 0x77, 0x24, 0x32, 0x23,
    0x2B, 0x15, 0x0B, 0x19, 0xBC, 0x4C, 0x65, 0xD5, 0x24, 0xB6, 0x24, 0xA1, 0xF9, 0x7E, 0x6F, 0xBD,
    0x62, 0x48, 0x63, 0x0A, 0xB6, 0x7C, 0x06, 0x8A, 0x8F, 0xFC, 0x6F, 0xE7, 0xCD, 0x0E, 0x7F, 0xDC,
    0x82, 0x59, 0xAE, 0xA6, 0xC7, 0x00, 0xD9, 0x6A, 0x65, 0xED, 0xE6, 0x65, 0x5B, 0x30, 0x37, 0xA6,
    0x20, 0x60, 0xD8, 0x50, 0xE9, 0x14, 0xAF, 0x09, 0x60, 0x51, 0x16, 0x9D, 0x5D, 0xBB, 0xAC, 0x93,
    0xB0, 0x43, 0x23, 0xD1, 0xA2, 0x3A, 0xED, 0xE5, 0x29, 0x24, 0x62, 0x9F, 0xFD, 0x0B, 0x62, 0x8A,
    0x12, 0x69, 0x27, 0x9E, 0x4D, 0x66, 0xC2, 0x46, 0x40, 0xA3, 0x58, 0x44, 0xAA, 0x28, 0x8B, 0xE9,
    0x0A, 0x62, 0xD5, 0x02, 0xC0, 0x31, 0x14, 0x29, 0xE2, 0x31, 0xE9, 0xAA, 0xD9, 0x57, 0x10, 0x91,
    0xEF, 0x93, 0x19, 0x6A, 0x42, 0x5A, 0xDC, 0xA9, 0xE9, 0x22, 0xA8, 0x7E, 0xFB, 0x86, 0x43, 0x34,
    0x0A, 0x41, 0x6D, 0x23, 0x70, 0x85, 0x20, 0x17, 0x4D, 0x34, 0x57, 0xD3, 0x6E, 0xD8, 0xCD, 0x8F,
    0x96, 0x51, 0x17, 0x4F, 0x71, 0x9F, 0x74, 0x61, 0x10, 0xD6, 0xBB, 0x29, 0xEB, 0xB2, 0xC6, 0x91,
    0xD7, 0x40, 0xCF, 0xB4, 0xBA, 0xC5, 0xFC, 0xC4, 0xA8, 0x1F, 0x67, 0x9E, 0xF7, 0xBD, 0x17, 0x66,
    0x45, 0x22, 0x2A, 0xF5, 0xDE, 0xE2, 0xA9, 0x52, 0xF4, 0x3E, 0xE9, 0xCD, 0x0D, 0xB5, 0x1B, 0x5A,
    0xF3, 0xBC, 0x62, 0x4B, 0x4F, 0x9B, 0x6F, 0x4C, 0xD6, 0xAF, 0xFD, 0x48, 0x68, 0x3E, 0x23, 0x11,
    0x9C, 0x31, 0x78, 0xF0, 0xD1, 0x39, 0x9A, 0xB7, 0x82, 0x64, 0x15, 0xF6, 0xF1, 0xA6, 0xC8, 0x80,
    0x54, 0xD0, 0xE1, 0xF1, 0x5A, 0x99, 0x83, 0xDD, 0x18, 0x82, 0x94, 0x35, 0x49, 0x4C, 0x4D, 0xB4,
    0xA3, 0x9D, 0xE2, 0x23, 0x37, 0xD1, 0x22, 0x39, 0xD8, 0x35, 0xB1, 0x32, 0x04, 0xED, 0x8C, 0xFE,
    0xC2, 0xEA, 0x12, 0x68, 0x99, 0x5E, 0xD6, 0xF1, 0xE1, 0x00, 0x69, 0x8D, 0x29, 0xE0, 0x8C, 0x06,
    0x34, 0x0E, 0xCE, 0x18, 0x42, 0x9B, 0x9B, 0x53, 0xE8, 0x01, 0x44, 0x1A, 0x8B, 0x6E, 0x93, 0xDB,
    0x97, 0xC4, 0x5A, 0xAA, 0x9D, 0xF0, 0x80, 0xEC, 0x1E, 0x79, 0x8C, 0x02, 0xCB, 0x85, 0xDE, 0x40,
    0x34, 0x21, 0xAB, 0x47, 0x1E, 0x7E, 0x49, 0x07, 0x60, 0x2E, 0x22, 0x1E, 0x8C, 0xE4, 0xA2, 0x69,
    0x05, 0xE8, 0x0B, 0xA1, 0x6C, 0x1A, 0x64, 0xD3, 0x91, 0x4C, 0x11, 0x12, 0x01, 0xDA, 0x88, 0x28,
    0x8A, 0x68, 0xE4, 0x3B, 0x78, 0xE0, 0xD0, 0xBF, 0xA2, 0x1E, 0x25, 0xB2, 0x36, 0xE3, 0x74, 0xB4,
    0x12, 0x2A, 0x20, 0x6C, 0xC2, 0xB3, 0x39, 0xB5, 0x93, 0x31, 0xDE, 0x63, 0xB7, 0x52, 0xFC, 0xF2,
    0x98, 0x0A, 0xEB, 0xFD, 0x07, 0x20, 0xA6, 0x98, 0x18, 0xDC, 0x94, 0x71, 0x07, 0x0E, 0x46, 0x27,
    0xC7, 0x21, 0x3C, 0xDE, 0x7C, 0xAD, 0x14, 0xD7, 0x1C, 0xDC, 0xFF, 0x16, 0x44, 0x35, 0xF0, 0x85,
    0x5D, 0xCD, 0xF4, 0x0C, 0x34, 0x5F, 0x15, 0x04, 0x22, 0x54, 0xAF, 0xB0, 0xA2, 0xAD, 0x93, 0x1C,
    0x20, 0xDF, 0xDE, 0x2D, 0x83, 0x0E, 0x45, 0x3E, 0x8E, 0x65, 0xC7, 0xB5, 0x19, 0x30, 0xFC, 0x42,
    0x4C, 0x16, 0x79, 0xCD, 0xF0, 0x8F, 0xD5, 0xEB, 0x76, 0x2B, 0xFC, 0x4F, 0x6C, 0xAE, 0x7F, 0x82,
    0x2F, 0xF3, 0x03, 0x00, 0x4A, 0x27, 0x98, 0x8C, 0x82, 0x86, 0x7C, 0xE3, 0x92, 0xD0, 0xF8, 0xBA,
    0x35, 0x09, 0x36, 0xBA, 0x00, 0xA8, 0xF1, 0x6C, 0x9F, 0x33, 0x8F, 0xA7, 0xAD, 0x89, 0xDA, 0xC4,
    0xCA, 0xEB, 0x2B, 0x6D, 0x3A, 0x0A, 0xDC, 0x2B, 0x76, 0x14, 0x8E, 0x02, 0x6B, 0x96, 0x5B, 0x75,
    0xC2, 0x43, 0x25, 0xD4, 0xA9, 0xBB, 0xBA, 0xA2, 0x84, 0x26, 0x3E, 0xFC, 0x53, 0xD3, 0x93, 0x92,
    0x8C, 0xB7, 0x39, 0x62, 0x5C, 0x12, 0x51, 0xCD, 0xB8, 0x07, 0x3E, 0x18, 0x77, 0x38, 0x9F, 0xD2,
    0x36, 0x19, 0x99, 0x7F, 0x0B, 0x94, 0xAC, 0x06, 0xBA, 0x54, 0x95, 0xC0, 0x96, 0x0C, 0x08, 0x60,
    0xA1, 0x01, 0xAE, 0x1C, 0x4D, 0x40, 0x74, 0xB7, 0xA3, 0x2C, 0xC2, 0xAF, 0x49, 0x82, 0xCF, 0xD3,
    0x4D, 0x26, 0x10, 0xEA, 0x2B, 0x76, 0xE4, 0xAD, 0xEC, 0xA7, 0x02, 0x09, 0x31, 0x12, 0xF2, 0xB2,
    0xCF, 0x02, 0xB8, 0x53, 0x90, 0xB5, 0x1C, 0x7A, 0x83, 0x00, 0xAF, 0xFC, 0x39, 0x66, 0x20, 0x8E,
    0xB1, 0xDD, 0x8D, 0xA2, 0x08, 0x25, 0x62, 0x6C, 0xF7, 0x23, 0x82, 0xCA, 0x78, 0x45, 0x93, 0xBC,
    0x02, 0xB4, 0xCE, 0x4E, 0xF3, 0x0F, 0x80, 0xD6, 0x65, 0x6D, 0xF1, 0x98, 0x3C, 0xD4, 0x9C, 0x75,
    0x33, 0x00, 0xEC, 0x39, 0xFD, 0x97, 0x51, 0x1E, 0x33, 0x9C, 0xD2, 0x57, 0x87, 0x4C, 0xD0, 0xBA,
    0x31, 0xF9, 0x7F, 0x9D, 0x1C, 0xB4, 0xD1, 0x98, 0xD8, 0xA7, 0x91, 0x8E, 0x3D, 0xCF, 0x25, 0x99,
    0x4D, 0x98, 0x50, 0x84, 0xB9, 0x77, 0xBD, 0x5D, 0x4F, 0xE9, 0xD8, 0xE1, 0x9B, 0xC0, 0x7C, 0xB5,
    0xBC, 0x2F, 0x69, 0xED, 0x3C, 0x98, 0x6F, 0xD4, 0x0F, 0x5A, 0x8D, 0x69, 0xC7, 0xF6, 0x4A, 0x2D,
    0x86, 0x89, 0x04, 0x4A, 0xCB, 0x42, 0x42, 0x03, 0x72, 0xFC, 0xD8, 0x39, 0x8F, 0x99, 0x08, 0x04,
    0xA6, 0xA2, 0x1D, 0x3F, 0xF5, 0xC3, 0x7D, 0x1E, 0xB7, 0x16, 0x81, 0xC8, 0x06, 0x50, 0xB9, 0x60,
    0xFD, 0xF6, 0xF2, 0x37, 0x69, 0xC0, 0xE6, 0x84, 0x30, 0xC3, 0x02, 0xE9, 0xC0, 0x29, 0x86, 0x57,
    0x0B, 0x61, 0x0E, 0x29, 0xCC, 0x1B, 0xDA, 0x8C, 0x11, 0xAD, 0xF4, 0x88, 0x96, 0x60, 0x24, 0x40,
    0x00, 0x84, 0x99, 0x44, 0x5B, 0x0D, 0x74, 0x21, 0x84, 0x6C, 0xFF, 0x24, 0xD3, 0xC7, 0x60, 0x3A,
    0xCD, 0x95, 0x4C, 0xB5, 0x4C, 0x26, 0x92, 0x96, 0x46, 0xF9, 0x64, 0xA1, 0x28, 0x15, 0x9D, 0x03,
    0xCA, 0x69, 0x57, 0x31, 0xA1, 0xB2, 0xA0, 0xD7, 0xA8, 0x5E, 0xC6, 0x48, 0x6B, 0x53, 0x1C, 0xA1,
    0x84, 0x67, 0x17, 0xEC, 0x36, 0xAB, 0xD8, 0x13, 0x98, 0x1E, 0xE9, 0x08, 0x03, 0x04, 0xA6, 0x47,
    0xD1, 0xAB, 0x01, 0xA2, 0x47, 0x99, 0x3B, 0xD0, 0x0C, 0x8E, 0xB2, 0x0A, 0x23, 0xAE, 0x04, 0x4C,
    0x07, 0x44, 0xDE, 0x2C, 0x06, 0xC8, 0xC4, 0x3C, 0xA7, 0x80, 0xDA, 0xD1, 0x9D, 0xC7, 0x76, 0xDE,
    0xEE, 0xB7, 0xD3, 0x26, 0x59, 0x3A, 0x19, 0x6C, 0x2E, 0xBB, 0x83, 0x60, 0x5C, 0xBC, 0x8A, 0xE3,
    0xEC, 0xE5, 0x73, 0x6C, 0xFC, 0x5A, 0x26, 0xCD, 0x60, 0xCE, 0x44, 0xFC, 0x42, 0x89, 0x60, 0xDB,
    0x7D, 0x2F, 0x98, 0x7C, 0x24, 0x42, 0x57, 0xD2, 0x0C, 0x04, 0xC8, 0x2C, 0x8F, 0xB7, 0xC3, 0x64,
    0xC5, 0x30, 0x3A, 0x63, 0xD8, 0x83, 0xC9, 0xF8, 0x6F, 0x12, 0xC9, 0x0F, 0x33, 0x98, 0xA4, 0x59,
    0x02, 0x74, 0xD6, 0xD0, 0xC3, 0xEE, 0xF6, 0x33, 0x14, 0xEA, 0xC6, 0xBE, 0x0F, 0xDE, 0x18, 0x40,
    0x4B, 0x33, 0xA4, 0x50, 0xF9, 0x43, 0x05, 0x47, 0xF0, 0x75, 0xC6, 0x82, 0x6F, 0x9C, 0x6B, 0x48,
    0x18, 0xE1, 0x4F, 0xD2, 0xA9, 0xAD, 0x70, 0x64, 0x64, 0xB6, 0x66, 0x8C, 0x7A, 0x66, 0xC4, 0x95,
    0x65, 0xE5, 0xE5, 0x8C, 0xE9, 0x10, 0x8E, 0x01, 0xA2, 0x5C, 0x87, 0x80, 0x91, 0xE5, 0xA1, 0x03,
    0x1A, 0xAF, 0x8B, 0xAA, 0x2A, 0xE9, 0x9E, 0x60, 0xA2, 0xC8, 0x5E, 0x43, 0x23, 0xD1, 0xE4, 0x09,
    0xD0, 0x68, 0x3A, 0x42, 0xE8, 0x32, 0xCD, 0x0B, 0x63, 0x53, 0x28, 0xC3, 0x7B, 0xED, 0x1E, 0x6F,
    0xBD, 0x22, 0xE8, 0x16, 0x66, 0xC0, 0xFD, 0x57, 0xAF, 0x3E, 0xBC, 0x30, 0x51, 0xD6, 0xB6, 0x43,
    0x4B, 0xAA, 0x8A, 0xE9, 0x85, 0x30, 0x52, 0x6F, 0xA1, 0x40, 0x95, 0xA6, 0xE0, 0x91, 0x0D, 0x7C,
    0x1A, 0x3E, 0x0B, 0x9F, 0x54, 0x75, 0xCE, 0x33, 0xB7, 0xCB, 0x1E, 0xC3, 0xBA, 0xB6, 0x6F, 0x72,
    0x66, 0x82, 0x9B, 0xDB, 0x0E, 0xB4, 0x1B, 0x1E, 0xE6, 0x8A, 0x8B, 0x5A, 0xCE, 0x44, 0x61, 0x96,
    0x95, 0xD8, 0x94, 0x76, 0xDD, 0x9F, 0xC5, 0x76, 0xFB, 0xA9, 0x31, 0x3F, 0x80, 0x61, 0xF5, 0xCA,
    0xEB, 0xE6, 0x95, 0xE7, 0x05, 0xD4, 0x11, 0x18, 0x5A, 0xF4, 0xBB, 0x31, 0xA1, 0x04, 0x43, 0xAC,
    0x69, 0x38, 0x62, 0x85, 0xA4, 0xDE, 0x42, 0x24, 0x66, 0xBC, 0xB8, 0x6C, 0x12, 0x98, 0x11, 0x40,
    0xC3, 0xBA, 0x9F, 0x34, 0xBE, 0xC4, 0x10, 0x4B, 0x46, 0xCA, 0x73, 0x00, 0x19, 0x56, 0x9F, 0x80,
    0xFF, 0x6E, 0x77, 0x31, 0x1D, 0x05, 0x11, 0x00, 0xFC, 0x7B, 0xD5, 0xFD, 0x7D, 0x82, 0x8E, 0xB9,
    0x31, 0xD0, 0x6F, 0x90, 0x70, 0x30, 0x7E, 0x40, 0x10, 0x8F, 0x01, 0x7B, 0x57, 0xAC, 0x2B, 0xB1,
    0xE0, 0x8B, 0xF3, 0x3D, 0x27, 0x25, 0x87, 0x0A, 0x38, 0x01, 0x63, 0x5B, 0x06, 0x6C, 0x46, 0xD0,
    0x51, 0x60, 0xBB, 0x1B, 0x38, 0x65, 0xD6, 0x95, 0x48, 0x60, 0x12, 0x94, 0xC9, 0xE8, 0x9B, 0x0D,
    0xB2, 0x89, 0x45, 0x36, 0x52, 0x6C, 0x8D, 0x9A, 0x1A, 0xB7, 0x06, 0x96, 0x4F, 0xA5, 0x65, 0x05,
    0x9E, 0x69, 0xC9, 0xCF, 0xC1, 0x20, 0x2A, 0x7E, 0x48, 0xBC, 0xE9, 0x79, 0x42, 0x28, 0x2F, 0xF4,
    0xAB, 0xA0, 0x9C, 0xC6, 0xE4, 0x32, 0xB3, 0x17, 0x7D, 0x1D, 0xF6, 0x84, 0xA3, 0xF6, 0x88, 0xE0,
    0x47, 0xE8, 0x9A, 0x64, 0x39, 0x97, 0xD4, 0x1F, 0x15, 0x3C, 0xA2, 0x87, 0xD5, 0x1B, 0xEE, 0x56,
    0xE0, 0xE0, 0xFD, 0x6A, 0x95, 0xF5, 0xAB, 0xB8, 0x11, 0xDC, 0x1F, 0xFB, 0xF4, 0x3F, 0x9E, 0x48,
    0x59, 0x1E, 0x09, 0x2E, 0x7E, 0xDC, 0x87, 0x03, 0x03, 0x47, 0x57, 0xED, 0x57, 0x65, 0x34, 0xAE,
    0x20, 0x04, 0xB6, 0xD1, 0xDC, 0x49, 0x2A, 0x3D, 0x78, 0xBD, 0x76, 0x47, 0xF7, 0xC5, 0x73, 0xE2,
    0xDF, 0x95, 0x95, 0xB5, 0xE8, 0x45, 0xBB, 0xD4, 0xC9, 0x24, 0x96, 0xB2, 0x5D, 0x61, 0x59, 0x9E,
    0x32, 0x9E, 0x65, 0x11, 0x6C, 0x53, 0x59, 0x85, 0x9C, 0x4B, 0xB3, 0x91, 0x46, 0x34, 0x82, 0xB8,
    0x21, 0x20, 0xC5, 0xB2, 0x29, 0x86, 0x62, 0x88, 0x44, 0x3D, 0x65, 0x93, 0x78, 0xAE, 0x4D, 0x62,
    0x1E, 0x9A, 0x52, 0x45, 0x2C, 0x26, 0x17, 0xF3, 0x76, 0x59, 0xE7, 0xD6, 0x89, 0xBF, 0x76, 0xB3,
    0xA7, 0x15, 0x38, 0x27, 0x08, 0x7E, 0x95, 0xC1, 0x95, 0xB4, 0xD4, 0x24, 0x5A, 0x92, 0x0B, 0x68,
    0x8C, 0x6A, 0x80, 0xEC, 0x78, 0x56, 0x1C, 0xE5, 0x61, 0x08, 0xFB, 0x15, 0xA1, 0x3A, 0x89, 0xE8,
    0x0A, 0x46, 0x13, 0xC9, 0xE9, 0xCD, 0xF3, 0x51, 0xB2, 0xCC, 0xFF, 0x93, 0x79, 0xDA, 0x7C, 0x53,
    0x26, 0xFD, 0xA7, 0x04, 0x0E, 0x6F, 0x74, 0xAB, 0x98, 0xA8, 0xD6, 0x16, 0xD1, 0x40, 0x5A, 0xBC,
    0xD7, 0x68, 0xDE, 0x52, 0xE1, 0x0A, 0x1E, 0x80, 0x08, 0x35, 0xC9, 0x48, 0xEE, 0xDB, 0x8D, 0xB2,
    0x9C, 0xF6, 0x48, 0xCE, 0xC6, 0xDF, 0x97, 0x03, 0x54, 0x58, 0x53, 0x56, 0xDD, 0x27, 0x68, 0x82,
    0x98, 0x27, 0xC3, 0x56, 0x0F, 0xAF, 0x47, 0xDE, 0x23, 0x93, 0xEB, 0x23, 0x34, 0xB9, 0x32, 0x98,
    0x5C, 0xB3, 0x9A, 0x5C, 0x12, 0x4D, 0x1D, 0x63, 0x9A, 0x5C, 0xBB, 0x99, 0x91, 0x95, 0xD7, 0x46,
    0xCC, 0xE3, 0x67, 0x95, 0x76, 0x3C, 0xAE, 0x31, 0x6C, 0x6D, 0x14, 0xC5, 0x4E, 0x86, 0x3D, 0x88,
    0xB0, 0xDC, 0x37, 0x29, 0x85, 0x55, 0x5D, 0xC0, 0x36, 0x93, 0xC3, 0x45, 0x86, 0x53, 0x70, 0x34,
    0x15, 0x19, 0xC8, 0x32, 0x16, 0x8C, 0x48, 0x48, 0xC8, 0x5B, 0xD1, 0x27, 0x39, 0x80, 0x52, 0xEB,
    0x46, 0xDA, 0xD7, 0xA7, 0x11, 0x41, 0x86, 0x9C, 0x3A, 0x86, 0xB7, 0xD8, 0x35, 0x47, 0x0F, 0x53,
    0xFF, 0x32, 0x14, 0x57, 0xF4, 0x5F, 0x92, 0xD7, 0xEB, 0xA3, 0xE7, 0x0B, 0x33, 0x64, 0x5E, 0x78,
    0x6A, 0x12, 0x75, 0xC5, 0x51, 0xB0, 0x04, 0x56, 0xAB, 0x46, 0xFC, 0x42, 0x89, 0x38, 0xD7, 0x32,
    0x4B, 0x38, 0xCB, 0x92, 0x91, 0x9D, 0x5C, 0x3E, 0xA2, 0x6A, 0x44, 0x94, 0xE5, 0x28, 0x91, 0x9F,
    0x94, 0x0F, 0xB2, 0x6A, 0x4D, 0x7C, 0x3B, 0x99, 0x7F, 0xFB, 0x2B, 0x85, 0x1C, 0x28, 0xA5, 0xB8,
    0x92, 0x12, 0xA2, 0x94, 0x9F, 0xB4, 0x03, 0xC5, 0x4F, 0xCA, 0x71, 0x63, 0x7F, 0xB2, 0x40, 0x86,
    0xB5, 0xD8, 0x36, 0x1D, 0x42, 0x94, 0xD6, 0xB6, 0x69, 0x05, 0x5B, 0x4B, 0xE4, 0x74, 0x16, 0x80,
    0x2B, 0x15, 0x9B, 0xC8, 0x9E, 0x04, 0xB9, 0xF5, 0xF0, 0xCD, 0xD3, 0x93, 0xF9, 0x5C, 0x9D, 0x9D,
    0x1B, 0xF3, 0xE3, 0x1E, 0x26, 0xDC, 0x88, 0x48, 0xA0, 0xED, 0xD8, 0xBF, 0x96, 0xA2, 0xC7, 0xAC,
    0xDC, 0xCE, 0xB2, 0x8C, 0xB2, 0xB4, 0xBD, 0x44, 0x1C, 0xED, 0x41, 0x72, 0xC4, 0x31, 0xDD, 0x99,
    0xE3, 0xFA, 0x8C, 0x1F, 0x57, 0xA3, 0xE3, 0x3A, 0xE3, 0xB8, 0xFE, 0x37, 0xB6, 0x22, 0xC7, 0x95,
    0xEB, 0xB8, 0xCE, 0x74, 0x5C, 0x4F, 0x65, 0x3A, 0xAE, 0x7B, 0x97, 0xC0, 0xA9, 0xEF, 0x94, 0x17,
    0x3B, 0x2E, 0xEA, 0xE2, 0xC3, 0x2C, 0x99, 0x8B, 0xAB, 0xA4, 0x6B, 0x36, 0xDE, 0x23, 0x2E, 0x20,
    0x49, 0xB6, 0xC0, 0xA8, 0xD1, 0xCE, 0xC2, 0xCC, 0xE2, 0x36, 0x8B, 0x7D, 0x6D, 0x3F, 0x44, 0x34,
    0xAD, 0xD5, 0x79, 0x82, 0x89, 0xD6, 0xF0, 0x04, 0x23, 0x73, 0xD2, 0x68, 0x28, 0x02, 0x5A, 0xCA,
    0x7E, 0xE3, 0xFC, 0xC4, 0x7E, 0x62, 0x05, 0x6A, 0xBD, 0xD8, 0x12, 0x17, 0x5F, 0xE5, 0x31, 0x4C,
    0x23, 0xBB, 0xD1, 0x9C, 0x57, 0xCC, 0x46, 0xA0, 0x99, 0x87, 0x70, 0xF5, 0xE4, 0xD0, 0x17, 0xE7,
    0x36, 0x1C, 0x33, 0xEE, 0xD0, 0x30, 0xAA, 0x2F, 0xB1, 0x38, 0x18, 0xFB, 0x4D, 0xC5, 0xC8, 0x77,
    0x1D, 0xD0, 0x4F, 0xA9, 0x03, 0xC6, 0x1C, 0xCA, 0x90, 0x2D, 0xC8, 0xFA, 0xB2, 0x22, 0x91, 0x39,
    0x3B, 0x97, 0x0D, 0x0F, 0x42, 0x7B, 0xCC, 0x34, 0x20, 0xB1, 0xA5, 0x63, 0xF3, 0x77, 0xA6, 0x4B,
    0x08, 0xC3, 0x49, 0xDA, 0x40, 0x2C, 0xB4, 0x5E, 0xDB, 0xDA, 0x7F, 0x4A, 0x7B, 0x31, 0x4E, 0xD1,
    0xF6, 0x38, 0x89, 0xAD, 0x0D, 0xF6, 0x45, 0x51, 0x0F, 0x6D, 0x75, 0xC3, 0x2A, 0x80, 0x6F, 0x8A,
    0x72, 0x1C, 0xC0, 0x83, 0xA9, 0xE4, 0x58, 0x17, 0xC0, 0x0E, 0x38, 0x4B, 0x89, 0x5D, 0x24, 0xA6,
    0x8B, 0xEC, 0xA3, 0xD0, 0x3D, 0x3C, 0x9E, 0xBC, 0xF2, 0x2F, 0x64, 0x9C, 0x20, 0x5E, 0xC9, 0xE0,
    0x09, 0x8A, 0x7D, 0x7C, 0x73, 0xC6, 0x13, 0x36, 0x80, 0x38, 0xE5, 0xD9, 0x06, 0xFB, 0x60, 0xE9,
    0x18, 0xCB, 0x83, 0x25, 0xEE, 0x65, 0xC0, 0x43, 0x25, 0x72, 0xE2, 0xCB, 0x63, 0xE0, 0x87, 0x05,
    0xD5, 0xC5, 0x2C, 0x36, 0xCE, 0x84, 0x56, 0x3C, 0x00, 0xE9, 0x05, 0x2D, 0xA7, 0xD7, 0x5C, 0x37,
    0xA3, 0x10, 0x96, 0xA6, 0x10, 0x46, 0xC5, 0x13, 0x81, 0x06, 0x60, 0xF8, 0x02, 0xBA, 0x79, 0xA4,
    0x2F, 0x56, 0x93, 0xBC, 0x74, 0x36, 0xB9, 0x93, 0xD1, 0xBA, 0x75, 0xB9, 0xB0, 0x25, 0x1C, 0x1E,
    0xD0, 0x08, 0x66, 0x56, 0x66, 0x9A, 0x27, 0xE0, 0xB0, 0x2B, 0xAE, 0x17, 0x41, 0x2C, 0xF1, 0x31,
    0xC2, 0xCA, 0xC0, 0xC9, 0xB0, 0xCF, 0xD7, 0x14, 0x0C, 0x51, 0x74, 0xD2, 0x52, 0xA0, 0xEC, 0x94,
    0xB5, 0x80, 0x3A, 0x77, 0x20, 0x33, 0x5B, 0xA3, 0x7E, 0x82, 0xF2, 0x15, 0x73, 0x35, 0x11, 0xBF,
    0x0D, 0xB3, 0xBE, 0x21, 0xCD, 0x4B, 0x20, 0x10, 0x89, 0x85, 0xA1, 0x6D, 0xEC, 0x12, 0xB1, 0xCD,
    0xC4, 0xBA, 0x82, 0xCE, 0xDC, 0xA1, 0x05, 0xBD, 0x55, 0x2C, 0xEF, 0x1A, 0xB6, 0x3E, 0x5D, 0x03,
    0xB1, 0x8E, 0x61, 0xF5, 0x43, 0x9A, 0x47, 0x65, 0x3D, 0x43, 0xBC, 0x4B, 0xD9, 0xC1, 0x91, 0x0B,
    0xAF, 0x11, 0x37, 0xB2, 0x1E, 0x2A, 0x1C, 0x3F, 0x25, 0x63, 0x8E, 0x38, 0x7D, 0x25, 0x7A, 0xF7,
    0x33, 0x22, 0x63, 0x05, 0x31, 0xB1, 0x96, 0x0F, 0x8B, 0x3D, 0x5F, 0x03, 0x1F, 0x93, 0x4C, 0xF9,
    0x10, 0xF8, 0xCB, 0xCB, 0x4A, 0x8F, 0x73, 0x86, 0x4A, 0x28, 0xEB, 0x6A, 0x2D, 0x0E, 0x71, 0x65,
    0x77, 0x63, 0x3C, 0xDD, 0xF3, 0xF1, 0xA4, 0x8F, 0xC7, 0x4F, 0x7D, 0x45, 0x12, 0x52, 0x4C, 0x25,
    0xC1, 0xAF, 0xC9, 0x4E, 0x60, 0x62, 0x06, 0x23, 0xE8, 0x72, 0x53, 0x60, 0x75, 0x8E, 0xD6, 0x18,
    0xF3, 0x9F, 0xBA, 0x0C, 0xCD, 0x68, 0x76, 0x11, 0x54, 0x82, 0x7D, 0x0C, 0xCA, 0xF6, 0xAE, 0x96,
    0x17, 0xB3, 0x38, 0xFF, 0xFD, 0x3E, 0xDE, 0xF1, 0xDE, 0x00, 0x70, 0xE1, 0x68, 0x1F, 0x66, 0x3B,
    0xE3, 0xAC, 0x85, 0x23, 0x28, 0x8E, 0x8E, 0x48, 0xF2, 0xE6, 0xDA, 0x81, 0x32, 0x47, 0xEF, 0x15,
    0x4A, 0x78, 0x95, 0x34, 0x8C, 0x52, 0x41, 0x30, 0x7D, 0xDD, 0x7C, 0x47, 0x91, 0x54, 0x21, 0xE9,
    0x6E, 0xCD, 0x5F, 0xFD, 0x3E, 0x76, 0x25, 0xB5, 0xC6, 0x14, 0x1C, 0x9D, 0xCC, 0x57, 0x1F, 0x51,
    0x8F, 0x43, 0x89, 0x52, 0xD9, 0x10, 0x7E, 0x4B, 0xD6, 0x41, 0x54, 0x7A, 0xD6, 0xC1, 0x2D, 0xF8,
    0xA9, 0x7C, 0x54, 0xF5, 0x63, 0xB8, 0x2B, 0xAF, 0x3C, 0x67, 0xE8, 0x1A, 0xDA, 0x01, 0x4D, 0xA0,
    0x70, 0x0D, 0x48, 0x8D, 0xEC, 0xF0, 0xDA, 0xE2, 0xB5, 0xA6, 0xC0, 0xDA, 0x15, 0xDD, 0x81, 0x26,
    0x15, 0x8B, 0xDF, 0xD0, 0xC4, 0x72, 0xA4, 0xD7, 0x28, 0xD9, 0x51, 0xA7, 0xC0, 0x6A, 0x11, 0xCD,
    0xC9, 0x51, 0xB7, 0x42, 0xAC, 0x78, 0xE2, 0xF6, 0xC9, 0xB8, 0xF8, 0x59, 0x02, 0x83, 0xDC, 0x0B,
    0xF5, 0x32, 0xD0, 0xF4, 0x79, 0x9C, 0xF1, 0x26, 0x32, 0xF8, 0xA1, 0x2E, 0x71, 0x16, 0x9C, 0xB8,
    0x38, 0x21, 0xD8, 0xF5, 0x9D, 0xB3, 0x51, 0x62, 0x97, 0x80, 0x47, 0x1F, 0x4A, 0xDE, 0x07, 0x59,
    0xBF, 0xB0, 0x63, 0xF0, 0x63, 0xC1, 0x3E, 0xFB, 0xED, 0xBD, 0x02, 0xC9, 0x55, 0x64, 0x1A, 0x22,
    0x04, 0x29, 0x15, 0xB0, 0x44, 0xFC, 0xDA, 0x2B, 0x92, 0x75, 0x1A, 0x36, 0x98, 0x1A, 0xCC, 0x0C,
    0x10, 0xA8, 0x4C, 0x19, 0xE8, 0x2D, 0x2B, 0xE7, 0x54, 0xD7, 0x4F, 0x4B, 0x60, 0x45, 0x1A, 0xF3,
    0xB6, 0x8A, 0xA0, 0x14, 0x46, 0x45, 0x5D, 0xCC, 0xC7, 0xFC, 0xDC, 0x32, 0xD5, 0x4C, 0x51, 0xA1,
    0x5C, 0x89, 0xB9, 0xAC, 0x88, 0xF6, 0x23, 0x30, 0x6D, 0x11, 0x8C, 0x40, 0xC5, 0x2A, 0xEB, 0x45,
    0xCF, 0xF6, 0x37, 0x8B, 0x6E, 0xDB, 0xC9, 0x1B, 0x5E, 0x53, 0xA2, 0xD6, 0xE4, 0x10, 0x8C, 0x54,
    0x06, 0x2E, 0x20, 0x1D, 0x11, 0x24, 0xFE, 0xA3, 0x98, 0xD9, 0xE2, 0x5B, 0xC7, 0x62, 0xDF, 0x65,
    0x92, 0x6C, 0x96, 0x4D, 0xB2, 0xBA, 0xE6, 0x15, 0x43, 0xB0, 0x63, 0xA7, 0x6C, 0xD7, 0x7C, 0x1D,
    0x7F, 0x9B, 0x5D, 0x85, 0x13, 0xF7, 0x27, 0x87, 0xF7, 0xBB, 0xE9, 0x57, 0x3B, 0x29, 0x27, 0xC0,
    0x83, 0xC1, 0xF2, 0x0F, 0x44, 0x02, 0x38, 0x4E, 0x83, 0xD3, 0x66, 0x03, 0x97, 0x5E, 0x22, 0xBD,
    0x39, 0xB4, 0x7F, 0x4C, 0xF3, 0x17, 0x73, 0x85, 0xD4, 0xCB, 0xE1, 0xB7, 0xEC, 0x90, 0x60, 0xE8,
    0x22, 0x3D, 0x42, 0xFC, 0x36, 0xB1, 0x94, 0xA1, 0x8F, 0x9E, 0xB2, 0xFF, 0x45, 0x06, 0x88, 0xC0,
    0x43, 0x62, 0x4E, 0xCB, 0xA1, 0x3A, 0xD9, 0xC5, 0x0E, 0x9F, 0x08, 0x9F, 0xB8, 0xBC, 0xAD, 0x73,
    0xC2, 0x4D, 0x78, 0x1C, 0x7D, 0x16, 0x9A, 0x9B, 0x9D, 0x53, 0x5E, 0x64, 0x11, 0xD4, 0x5A, 0x6B,
    0x2D, 0xE2, 0x79, 0xAD, 0x09, 0xDB, 0x9A, 0x8C, 0xB0, 0xAC, 0x23, 0xFD, 0xFB, 0xDF, 0x0A, 0xF0,
    0x78, 0xF4, 0x68, 0x32, 0xA2, 0x1C, 0xAD, 0xB2, 0x33, 0x2F, 0xA4, 0x6A, 0x6C, 0xFB, 0xD5, 0x26,
    0x9D, 0x16, 0x7F, 0x93, 0xC9, 0x2A, 0x44, 0x24, 0x92, 0x4B, 0x00, 0xEF, 0x3D, 0x74, 0xFC, 0xC0,
    0xD1, 0x51, 0x6A, 0x83, 0x7F, 0x0D, 0x1C, 0x73, 0x91, 0xD1, 0x97, 0xDC, 0x9D, 0xA0, 0xFA, 0xCA,
    0x14, 0x43, 0xBE, 0x6A, 0x96, 0xFA, 0xB8, 0x58, 0x5B, 0xBA, 0x43, 0xFB, 0xC5, 0xD5, 0xA5, 0x27,
    0xA0, 0x09, 0xB6, 0x4D, 0xA0, 0x73, 0xE1, 0x43, 0x39, 0x4C, 0x18, 0x71, 0x3E, 0xD5, 0x31, 0xDE,
    0x32, 0xA9, 0x8B, 0xC1, 0x61, 0x25, 0x08, 0xD6, 0x22, 0x4B, 0x53, 0xF6, 0x96, 0xBC, 0xFB, 0xE6,
    0x29, 0x37, 0x1C, 0x47, 0x36, 0xDE, 0x18, 0x4F, 0x82, 0x55, 0x87, 0xA3, 0x32, 0x6A, 0x0D, 0xBA,
    0x0C, 0xB3, 0x68, 0xDE, 0xCE, 0xEA, 0xA6, 0xEC, 0x34, 0x78, 0xD1, 0x3B, 0x9F, 0xB8, 0x53, 0x9F,
    0x25, 0x6D, 0xD3, 0x73, 0xEC, 0x97, 0x4C, 0x76, 0xC7, 0x44, 0x00, 0x56, 0x69, 0xA4, 0x65, 0x71,
    0x1D, 0x4A, 0x54, 0xD0, 0x57, 0xBA, 0x5D, 0x3C, 0x86, 0x01, 0xC4, 0xC2, 0x28, 0x93, 0xD2, 0x4B,
    0x62, 0xFA, 0xFD, 0x1A, 0x74, 0xB8, 0x68, 0x70, 0x81, 0x29, 0x24, 0x0B, 0x53, 0xD6, 0x0E, 0x36,
    0x60, 0xC1, 0x30, 0x15, 0xF3, 0x07, 0x84, 0x67, 0x89, 0xA9, 0x83, 0x31, 0x08, 0xE0, 0xD2, 0xDB,
    0x17, 0x8A, 0x61, 0x72, 0xE4, 0x7D, 0x40, 0xEB, 0x0A, 0x21, 0x29, 0x69, 0x37, 0xE4, 0x5C, 0x69,
    0xCD, 0x26, 0x71, 0xAF, 0xB1, 0x8E, 0x2D, 0xD7, 0x0A, 0x90, 0x0E, 0x4C, 0xC7, 0x9D, 0x39, 0x19,
    0x5C, 0x6D, 0xA1, 0x5C, 0xF3, 0x0B, 0x1A, 0xB4, 0x7F, 0x2D, 0xFA, 0x58, 0x32, 0x43, 0x0A, 0xC9,
    0x55, 0xB5, 0x27, 0x7C, 0x26, 0xF6, 0x45, 0x26, 0xB9, 0xC6, 0xB1, 0x6B, 0x61, 0x81, 0x57, 0x2D,
    0x90, 0x18, 0xC1, 0x45, 0xC4, 0x1F, 0x7C, 0x14, 0x7A, 0x39, 0x46, 0xA9, 0xB5, 0x81, 0x6A, 0xA9,
    0xE8, 0x5C, 0xE2, 0x9C, 0xDB, 0xC6, 0x6F, 0xDF, 0x89, 0xF3, 0x6D, 0x32, 0x58, 0x6B, 0xFB, 0x38,
    0x92, 0x64, 0x54, 0xFC, 0x04, 0xBA, 0x4D, 0x4F, 0x9C, 0x56, 0x5E, 0x4D, 0x2E, 0xAB, 0x30, 0x01,
    0xB8, 0x1D, 0x00, 0x43, 0x76, 0x40, 0xF4, 0x5A, 0xC0, 0x90, 0x35, 0x60, 0xC8, 0x12, 0x30, 0x64,
    0xBE, 0xC0, 0x90, 0x82, 0x4D, 0x7C, 0xCC, 0xEE, 0xA5, 0x74, 0xAE, 0x40, 0x94, 0x98, 0x09, 0xD5,
    0x2A, 0x0C, 0xD9, 0xAF, 0x61, 0x48, 0x57, 0x73, 0xE6, 0xC1, 0xC5, 0xC3, 0xD8, 0xAC, 0x76, 0x87,
    0xEE, 0x82, 0xD1, 0xE3, 0x12, 0x9A, 0x7F, 0xFD, 0xE0, 0x2A, 0x46, 0xBD, 0xA7, 0x2B, 0xEE, 0xB4,
    0x60, 0x05, 0x0B, 0x11, 0xA9, 0xBB, 0x94, 0xAF, 0xC9, 0xAA, 0x55, 0xBB, 0x86, 0x34, 0xD5, 0x95,
    0xD2, 0x94, 0x62, 0x57, 0xEE, 0x48, 0x7F, 0xE3, 0xA3, 0xC1, 0x5D, 0x1B, 0x3F, 0xBA, 0x98, 0xBB,
    0xFA, 0x29, 0x26, 0xAE, 0x5A, 0x0F, 0x81, 0x4D, 0x5C, 0x13, 0x06, 0x2C, 0x17, 0x55, 0x52, 0x10,
    0x92, 0xDB, 0x1D, 0x4A, 0x53, 0xFD, 0x40, 0xA0, 0x8F, 0x77, 0xE4, 0xDA, 0x3E, 0x84, 0xB5, 0x7D,
    0x08, 0x99, 0x84, 0x0F, 0xC7, 0x35, 0xD6, 0x36, 0xD1, 0x43, 0x41, 0x49, 0xF6, 0xEB, 0x26, 0xD4,
    0x6A, 0x15, 0x3C, 0x13, 0x8E, 0x7B, 0x9F, 0xE2, 0x40, 0xAD, 0x45, 0xF7, 0x83, 0x51, 0xD2, 0x13,
    0xC7, 0xEC, 0x82, 0xE7, 0xF4, 0x98, 0xB9, 0x7A, 0x55, 0xC9, 0xA0, 0x25, 0x53, 0x59, 0x72, 0xD2,
    0x41, 0x83, 0xEC, 0x47, 0xC5, 0xF4, 0x79, 0x23, 0x67, 0x87, 0xB8, 0xA0, 0x59, 0x59, 0x0C, 0xA1,
    0x55, 0x9D, 0x79, 0xD5, 0x5B, 0x2F, 0x21, 0xB5, 0x56, 0xFB, 0xA6, 0xBB, 0xCC, 0x9C, 0x9B, 0xFF,
    0x56, 0xB3, 0x7F, 0x5E, 0xE4, 0xC7, 0xCE, 0xCA, 0x9B, 0x42, 0xAA, 0x55, 0x02, 0xCB, 0xEF, 0x16,
    0xCC, 0x39, 0x36, 0xCA, 0x9C, 0x83, 0xED, 0xAC, 0xCC, 0xB9, 0xF2, 0x76, 0x98, 0x73, 0x8C, 0xB0,
    0x30, 0x04, 0x90, 0xC3, 0x7E, 0x49, 0x99, 0x08, 0xDC, 0x69, 0x4E, 0xC3, 0xAB, 0x4A, 0x4B, 0x7B,
    0xE5, 0x35, 0xCC, 0x80, 0xA0, 0xFF, 0xF0, 0xE8, 0x0D, 0xC5, 0x47, 0xB4, 0x2E, 0x9C, 0x7B, 0xAB,
    0x77, 0xBF, 0x39, 0x11, 0xF9, 0x37, 0x1A, 0x08, 0x32, 0xB0, 0xF7, 0xB7, 0xD6, 0xBD, 0xB7, 0xAE,
    0x4C, 0x29, 0x80, 0xD2, 0x60, 0x3F, 0x44, 0x3C, 0x7D, 0x49, 0xDA, 0xB4, 0x6D, 0x32, 0x88, 0x2E,
    0x16, 0x2F, 0x5F, 0xD4, 0xB2, 0x9D, 0xA7, 0x8E, 0x7C, 0xA1, 0xAA, 0x15, 0x88, 0x42, 0xA0, 0x07,
    0x78, 0x01, 0x0C, 0xA3, 0x6D, 0xE8, 0x4E, 0x2F, 0xD5, 0xBC, 0x54, 0x35, 0xBF, 0x61, 0xCA, 0x60,
    0xA5, 0xF1, 0x21, 0xF8, 0x43, 0xC2, 0x2C, 0xA9, 0x0C, 0x6A, 0x20, 0xC8, 0xDE, 0x80, 0xB1, 0x0E,
    0x04, 0xBA, 0x46, 0xB2, 0x62, 0x4C, 0x9B, 0xB5, 0x64, 0xB5, 0x42, 0x4D, 0x19, 0x8C, 0xC5, 0x4E,
    0x3E, 0x3D, 0x3D, 0x3D, 0x93, 0x78, 0x08, 0x17, 0xBD, 0xDA, 0x6F, 0xF3, 0x6A, 0xD4, 0x7A, 0x0B,
    0xA3, 0xA6, 0x0E, 0x8E, 0xDC, 0x74, 0x68, 0x85, 0x66, 0x35, 0x91, 0x4D, 0x48, 0x1E, 0x5C, 0x87,
    0x3A, 0xA8, 0x4C, 0x19, 0xAC, 0xB5, 0x7F, 0x7E, 0xFC, 0xE6, 0x52, 0x06, 0x19, 0x3A, 0xAC, 0x2E,
    0x85, 0x0E, 0x67, 0x8C, 0xAE, 0x05, 0x5E, 0x5A, 0x6E, 0x15, 0x38, 0x2D, 0x19, 0x79, 0x01, 0xFF,
    0xA5, 0xCC, 0xE6, 0xD3, 0xEF, 0x90, 0x36, 0x64, 0x9F, 0x1B, 0x42, 0x6B, 0x7D, 0x84, 0x33, 0x04,
    0x94, 0x05, 0x4E, 0x80, 0xC7, 0x5F, 0x75, 0x0C, 0xC1, 0xC8, 0xFF, 0xC5, 0xB0, 0x41, 0xE8, 0xF0,
    0xEC, 0x56, 0xA1, 0x43, 0x2E, 0x45, 0xAB, 0x45, 0x61, 0xA7, 0x8C, 0xA9, 0x31, 0x33, 0xF8, 0x57,
    0x76, 0x8F, 0x1E, 0x73, 0xBE, 0x59, 0x57, 0x47, 0xF0, 0x58, 0xFC, 0x58, 0xFB, 0xA7, 0xF0, 0x63,
    0x51, 0x7A, 0x61, 0xA0, 0x22, 0xB2, 0x2D, 0x2C, 0xB3, 0x62, 0xA4, 0x87, 0x26, 0xC7, 0x71, 0xCF,
    0x16, 0xEA, 0x50, 0x0E, 0xB0, 0x86, 0xD6, 0x01, 0xE4, 0x4F, 0x80, 0x0F, 0x9C, 0xC1, 0xD3, 0x46,
    0xED, 0x52, 0x02, 0xD1, 0xF1, 0xCC, 0xA2, 0xDF, 0xF6, 0x50, 0xEC, 0xD9, 0x26, 0x1A, 0x88, 0xCB,
    0x34, 0xF5, 0xCB, 0x15, 0x2B, 0xE6, 0x29, 0xA6, 0xC9, 0xFE, 0xEA, 0x34, 0x07, 0x28, 0x0A, 0xE2,
    0x29, 0xA0, 0x7B, 0x45, 0x4D, 0x9A, 0x4B, 0x96, 0x3F, 0x8F, 0xF3, 0xA0, 0x6A, 0x32, 0x00, 0x28,
    0x5D, 0x01, 0x0F, 0xBC, 0xFB, 0x24, 0x75, 0x92, 0x0C, 0xA5, 0xB8, 0xDE, 0x80, 0x75, 0xD9, 0x90,
    0x70, 0x89, 0xBC, 0xFA, 0x2D, 0xE9, 0x97, 0x31, 0xE3, 0x88, 0x00, 0x27, 0xD3, 0x31, 0xE3, 0xD8,
    0x80, 0x66, 0xA6, 0x03, 0x0B, 0xA8, 0x5E, 0xD7, 0x78, 0xC6, 0x10, 0xF8, 0x42, 0x17, 0xA8, 0x0E,
    0xB0, 0x90, 0x36, 0x34, 0x2A, 0xA1, 0x69, 0x5B, 0xCE, 0xA0, 0x55, 0x75, 0x76, 0xB8, 0x60, 0xC2,
    0x87, 0x25, 0x1A, 0x7E, 0x99, 0x12, 0x0D, 0xED, 0x5B, 0x28, 0xD1, 0xF0, 0x0B, 0x9F, 0xFE, 0x4C,
    0x36, 0x59, 0x0F, 0x3C, 0xD3, 0xA5, 0x3F, 0x9B, 0x25, 0xB7, 0xD0, 0xF7, 0x7C, 0xD2, 0x86, 0xAF,
    0x5F, 0xEF, 0xD6, 0x76, 0x59, 0x5E, 0x78, 0x2E, 0xBE, 0xE7, 0xD3, 0x03, 0x62, 0x4F, 0xFC, 0x3E,
    0xCE, 0x2F, 0x92, 0x82, 0xC8, 0x09, 0x02, 0x25, 0x88, 0x8C, 0x20, 0x12, 0x82, 0x94, 0x0F, 0x44,
    0x3A, 0xD0, 0x25, 0x36, 0xD0, 0xD1, 0x72, 0xDA, 0xF3, 0xB0, 0xE7, 0x59, 0xAF, 0x47, 0x3D, 0x4F,
    0x7A, 0x1E, 0xF4, 0x38, 0xE7, 0x79, 0xCC, 0xF3, 0x94, 0xE7, 0x21, 0xBF, 0x50, 0x42, 0x67, 0x9C,
    0xF0, 0x13, 0x0E, 0xF8, 0x51, 0xCF, 0x77, 0x1C, 0xEF, 0xBF, 0x21, 0xA7, 0xFB, 0x90, 0x31, 0x0A,
    0xC5, 0xB3, 0x1D, 0x31, 0xA8, 0x49, 0x42, 0x50, 0xD2, 0xC9, 0x05, 0x44, 0xB1, 0xEA, 0xE6, 0x73,
    0xFD, 0x32, 0x6E, 0x9E, 0xEB, 0x59, 0xE9, 0xF3, 0xA9, 0x88, 0x0D, 0x46, 0xB4, 0x6F, 0x9B, 0x5F,
    0x82, 0xF4, 0xFE, 0x89, 0x6A, 0x3E, 0xD5, 0x83, 0x64, 0x69, 0xEE, 0x40, 0xD2, 0xFB, 0xF1, 0xF7,
    0x02, 0x62, 0x4C, 0xD8, 0x05, 0x28, 0xC2, 0x10, 0x3E, 0x6A, 0x9C, 0xE0, 0x40, 0x52, 0x92, 0x51,
    0xB3, 0x25, 0x32, 0x7D, 0x19, 0xF6, 0x20, 0x89, 0x0B, 0xA8, 0xFC, 0xE3, 0xAC, 0xFF, 0xDD, 0x88,
    0x88, 0xDA, 0x09, 0x7F, 0x4B, 0xA8, 0xFC, 0x9B, 0x49, 0xD2, 0xD6, 0xC4, 0x40, 0xD9, 0xF7, 0x05,
    0x4B, 0x30, 0x68, 0xFA, 0x8F, 0xE9, 0xEF, 0x49, 0x90, 0xA4, 0x3D, 0x82, 0xB8, 0xD4, 0x8D, 0x19,
    0x92, 0xB4, 0x9F, 0xAA, 0x90, 0x0A, 0x98, 0x71, 0xFB, 0x15, 0x87, 0x92, 0xB4, 0x09, 0x45, 0xFD,
    0x65, 0x04, 0x0B, 0x20, 0x8F, 0xC0, 0xDF, 0x08, 0xC2, 0xF6, 0x2D, 0x24, 0x69, 0xBF, 0x15, 0x2A,
    0xCA, 0x78, 0x73, 0x2A, 0x4A, 0x81, 0x18, 0x5B, 0x8E, 0x11, 0x3D, 0xDB, 0x60, 0x44, 0xDF, 0x68,
    0x61, 0xF9, 0x7D, 0xF6, 0xFF, 0x82, 0x8A, 0xB2, 0x61, 0x31, 0x00, 0x18, 0xC1, 0x3B, 0xF3, 0xB3,
    0x0B, 0x54, 0x94, 0x12, 0x54, 0x14, 0x30, 0xE1, 0xC7, 0xA3, 0xDF, 0x6B, 0x80, 0xBC, 0x20, 0xE7,
    0xC0, 0xEA, 0xA8, 0x0E, 0x7E, 0x9B, 0xA4, 0x09, 0xBD, 0x09, 0x2A, 0xCA, 0xEA, 0xEB, 0xC1, 0xBD,
    0x24, 0x45, 0x3D, 0x1E, 0xE7, 0x75, 0xB0, 0x77, 0x37, 0xED, 0x15, 0x08, 0x1C, 0x5C, 0x56, 0xB8,
    0xBB, 0xC1, 0xE0, 0x36, 0xEA, 0x6B, 0x9B, 0xDB, 0xAF, 0xAF, 0xFD, 0x2E, 0x94, 0x9B, 0xFB, 0xF5,
    0x95, 0x5F, 0xA4, 0x71, 0x7F, 0xDE, 0x65, 0xD0, 0xA8, 0xD3, 0xF0, 0x49, 0x99, 0x73, 0x26, 0x3B,
    0x44, 0x1A, 0x2F, 0xC1, 0x22, 0xC0, 0xD1, 0xA1, 0x25, 0xA3, 0xAF, 0xD1, 0x1E, 0x88, 0x56, 0x7A,
    0x10, 0x6D, 0xBB, 0x06, 0xD1, 0xCC, 0x05, 0x10, 0xED, 0xDF, 0x01, 0xF4, 0xF8, 0x0A, 0xDC, 0x34,
    0x0D, 0x9F, 0x91, 0xAD, 0x8A, 0x37, 0x28, 0xA6, 0x15, 0xDF, 0xF8, 0x6D, 0x2C, 0xF7, 0x57, 0x1E,
    0x9C, 0xFF, 0xCD, 0x52, 0x71, 0x6F, 0xF4, 0xCD, 0x3B, 0x3A, 0xFF, 0xF7, 0x03, 0x0E, 0x9D, 0xE9,
    0x7F, 0x22, 0x12, 0xB6, 0xB3, 0xBA, 0xB4, 0xDB, 0x09, 0x1D, 0x3B, 0x2A, 0x55, 0x71, 0x75, 0xC1,
    0xC7, 0x60, 0x8E, 0x3E, 0x0E, 0x6B, 0x74, 0xD6, 0x24, 0xE9, 0x8A, 0x4A, 0x40, 0xFE, 0x56, 0xC9,
    0xBD, 0x17, 0xF6, 0xFC, 0xCB, 0x86, 0x68, 0x23, 0x08, 0xFB, 0xAE, 0x41, 0xE9, 0x22, 0xD1, 0x3E,
    0xA0, 0xBF, 0xE7, 0xF1, 0x05, 0x6A, 0xEF, 0x6D, 0x95, 0xBA, 0x9C, 0x58, 0xEA, 0x72, 0x72, 0xA5,
    0x2E, 0xC5, 0x9A, 0x14, 0x65, 0xD5, 0x62, 0x26, 0x51, 0xA1, 0xFF, 0xF0, 0x01, 0x21, 0xFF, 0xBC,
    0x71, 0x27, 0x83, 0x3A, 0x75, 0xD7, 0x2B, 0x66, 0x90, 0x6D, 0x61, 0x24, 0x0B, 0x5D, 0x1D, 0x33,
    0x69, 0x08, 0x3A, 0x19, 0x16, 0x40, 0xAF, 0x98, 0x0E, 0x59, 0xB1, 0x46, 0x77, 0xD5, 0xEF, 0x97,
    0xAD, 0x90, 0x0C, 0x17, 0x24, 0xE3, 0x88, 0x9D, 0x23, 0x83, 0x43, 0xDE, 0x3C, 0x82, 0x12, 0xBA,
    0x40, 0xCB, 0x92, 0xDC, 0x43, 0x2C, 0xED, 0x41, 0xCD, 0xB5, 0x7E, 0x99, 0xCA, 0xDF, 0x28, 0xEE,
    0x3B, 0xAD, 0x40, 0x83, 0xE3, 0xBF, 0xD5, 0x6C, 0xC2, 0x19, 0x59, 0x49, 0x32, 0x5D, 0xD3, 0xB1,
    0xB9, 0xFE, 0x9D, 0x49, 0xF0, 0x4E, 0xB1, 0x5F, 0xE5, 0xA5, 0xDE, 0x20, 0xEC, 0x9F, 0xAF, 0x8F,
    0x0E, 0x73, 0xCE, 0x9D, 0xB0, 0xE5, 0xAA, 0xFD, 0x8D, 0x11, 0x8F, 0xAE, 0x18, 0x71, 0x7E, 0x20,
    0xEC, 0x8C, 0x14, 0x90, 0x0C, 0x2F, 0x76, 0x78, 0x93, 0xE0, 0x6B, 0x92, 0xA0, 0xE0, 0x4F, 0x29,
    0xB5, 0xF2, 0x3B, 0x62, 0x4E, 0x12, 0x27, 0x88, 0x26, 0x50, 0xF7, 0x79, 0xBD, 0x44, 0xAF, 0x0B,
    0x76, 0xF2, 0x7F, 0x3E, 0x2C, 0xE4, 0xF7, 0xCE, 0x15, 0xF2, 0xEB, 0x57, 0x85, 0xFC, 0x86, 0x05,
    0x1A, 0x2B, 0x56, 0x61, 0x97, 0x6C, 0x45, 0xA2, 0xC8, 0x56, 0xD9, 0xA8, 0xC5, 0x2A, 0xD3, 0xB0,
    0x58, 0xD9, 0x8E, 0xD5, 0x4A, 0x5B, 0x55, 0x2B, 0xBD, 0xF5, 0xBD, 0x55, 0xFF, 0xDF, 0xDE, 0x3D,
    0x79, 0x0C, 0xBF, 0xE5, 0xF3, 0x18, 0xA6, 0x03, 0x79, 0x0C, 0xA3, 0xCF, 0x63, 0x18, 0x5D, 0x1E,
    0xC3, 0x34, 0xB8, 0x3C, 0x86, 0x9F, 0x0E, 0x2E, 0x8F, 0x21, 0xF2, 0x46, 0xFC, 0xA1, 0xDE, 0x92,
    0x07, 0xBC, 0x98, 0xFD, 0x69, 0xEF, 0xEB, 0x6F, 0xF8, 0x39, 0x37, 0xFB, 0xE1, 0xC9, 0xBB, 0xB1,
    0xD0, 0x22, 0x4B, 0xB0, 0xD3, 0x6B, 0xC1, 0xEB, 0xBD, 0xA2, 0x4F, 0x83, 0x7F, 0x2C, 0x1A, 0x17,
    0x91, 0x0A, 0x8C, 0x59, 0x8C, 0x85, 0xFB, 0x97, 0xF8, 0xC2, 0xBB, 0x9C, 0x01, 0x32, 0xF9, 0x12,
    0xD2, 0xF2, 0x26, 0x5F, 0xC5, 0x3B, 0x21, 0x66, 0x33, 0xB8, 0xB9, 0x78, 0xCA, 0xAF, 0xC6, 0xE6,
    0x1F, 0x15, 0x35, 0x4C, 0x10, 0x76, 0x34, 0x13, 0x4E, 0x6F, 0x4D, 0xD2, 0x2C, 0x5D, 0x86, 0x66,
    0x8E, 0x33, 0x25, 0x99, 0xBF, 0xE2, 0xB0, 0x8D, 0x7B, 0xD8, 0xA1, 0xC3, 0x5D, 0x8C, 0xA1, 0xEE,
    0xF6, 0x41, 0x4D, 0x2D, 0xEB, 0x2E, 0x3A, 0x4A, 0x5D, 0xEC, 0x4E, 0x18, 0x5A, 0x25, 0xA1, 0x79,
    0xFD, 0xE6, 0x35, 0xF6, 0x5E, 0x3E, 0x50, 0x63, 0xAF, 0xBF, 0x79, 0x8D, 0xBD, 0xF9, 0x72, 0x8D,
    0xBD, 0xDA, 0xD5, 0xD8, 0x6B, 0x2E, 0xD5, 0xD8, 0x1B, 0x6F, 0x5A, 0x63, 0x2F, 0x76, 0x28, 0x49,
    0xE8, 0x32, 0x90, 0x43, 0xE7, 0x50, 0xFA, 0x4B, 0x12, 0x36, 0xCE, 0xD1, 0xDD, 0x4C, 0x17, 0xF7,
    0x40, 0xE4, 0xEC, 0xB1, 0xC8, 0x69, 0x9B, 0xF0, 0xDA, 0x7B, 0x10, 0x39, 0xE9, 0x10, 0x39, 0x69,
    0x11, 0x39, 0x81, 0x11, 0x01, 0xCE, 0x4A, 0xFA, 0x0A, 0xC2, 0x97, 0x90, 0xD4, 0x80, 0xAF, 0x69,
    0xB7, 0xBC, 0x52, 0x29, 0x56, 0xD4, 0xC9, 0x5A, 0x96, 0x78, 0xEF, 0xEB, 0x93, 0xD7, 0x78, 0xAA,
    0x6D, 0x48, 0x19, 0x1A, 0x71, 0xA9, 0xD6, 0x8E, 0xB1, 0x7D, 0x31, 0xCF, 0xEC, 0xB9, 0x0E, 0xD3,
    0x2F, 0x15, 0x4A, 0xCE, 0x3F, 0xB7, 0x9C, 0xF4, 0x59, 0xC8, 0x08, 0x72, 0x72, 0xD2, 0x6B, 0x1D,
    0x9E, 0x24, 0x9A, 0x55, 0xF5, 0x3D, 0xB5, 0x9D, 0xF9, 0x17, 0x55, 0x76, 0xB6, 0xA3, 0xB5, 0x5E,
    0x7E, 0xF2, 0x2A, 0x4D, 0x2E, 0xF3, 0xCF, 0x37, 0x06, 0x27, 0x1E, 0xBD, 0x13, 0x0F, 0x2D, 0x39,
    0xFE, 0xFD, 0x17, 0x26, 0x4A, 0xC5, 0x7F, 0xFF, 0xBE, 0xA2, 0x8C, 0xBF, 0xF7, 0x0D, 0xB5, 0x4F,
    0xE3, 0xAF, 0x6B, 0x21, 0xAF, 0xF8, 0x33, 0x7A, 0xB3, 0x4F, 0x42, 0xE5, 0x03, 0xC7, 0x4C, 0xD3,
    0x8B, 0x69, 0xBE, 0xFB, 0x7A, 0x2E, 0x74, 0x7B, 0x28, 0x1E, 0x60, 0xC5, 0x26, 0xA4, 0x0E, 0xB4,
    0x81, 0xE2, 0x81, 0x03, 0x03, 0xB9, 0x8B, 0x16, 0xBB, 0x5F, 0x11, 0xAA, 0xFB, 0x48, 0x1E, 0x13,
    0x65, 0x01, 0x93, 0xA8, 0x00, 0xB2, 0x8D, 0x26, 0x23, 0x7D, 0xC9, 0xFC, 0x38, 0x17, 0x23, 0x04,
    0x89, 0xC2, 0xCF, 0x7F, 0x5D, 0x3E, 0xD6, 0x7C, 0xFF, 0xCF, 0x91, 0x85, 0xF7, 0x83, 0xC7, 0x81,
    0xF7, 0xFE, 0xA0, 0x22, 0x5C, 0xEF, 0xC0, 0x7B, 0xAC, 0xF7, 0xA7, 0x64, 0x7A, 0xB6, 0xE6, 0x77,
    0x33, 0xF8, 0x83, 0xBF, 0x23, 0x4B, 0x14, 0xCF, 0x5F, 0x4E, 0xFA, 0x10, 0x21, 0xC0, 0x31, 0x96,
    0x30, 0x8C, 0x3D, 0x01, 0x98, 0x54, 0x61, 0x28, 0xDF, 0x88, 0x6A, 0x86, 0x0A, 0x36, 0x57, 0xCD,
    0x2A, 0xFE, 0xF7, 0x26, 0x2B, 0x68, 0xEE, 0x5C, 0x05, 0xCD, 0x44, 0x2A, 0x68, 0x3E, 0x50, 0xCD,
    0x4F, 0x40, 0x38, 0x50, 0xD0, 0x45, 0x09, 0xCB, 0xCF, 0xB9, 0x0A, 0x9A, 0x91, 0xAB, 0x0A, 0xB4,
    0x73, 0x66, 0x64, 0x7C, 0x97, 0x54, 0xD0, 0x84, 0x0D, 0x0D, 0x3C, 0x3D, 0x60, 0x9E, 0x50, 0x82,
    0xD7, 0x07, 0x58, 0x8C, 0x8B, 0x41, 0x75, 0x9E, 0x5F, 0xB4, 0x1D, 0xEC, 0xEB, 0x11, 0xCC, 0xB4,
    0x4A, 0xF4, 0xEC, 0x67, 0x25, 0xC9, 0xC4, 0x88, 0x88, 0x88, 0xDA, 0xB5, 0x36, 0x5A, 0x6D, 0x7E,
    0x6E, 0xCD, 0x98, 0xAF, 0x21, 0xF1, 0xFB, 0x73, 0x50, 0xAF, 0x32, 0x11, 0x91, 0x11, 0x84, 0x27,
    0x9A, 0x2A, 0xC2, 0xDD, 0x35, 0xA1, 0x39, 0x98, 0xFB, 0xAD, 0x2C, 0xA9, 0xBC, 0x75, 0x32, 0xC9,
    0xC7, 0x88, 0xBD, 0x19, 0x0A, 0xAE, 0x3A, 0x6F, 0x51, 0x5C, 0x4A, 0x0A, 0xED, 0xCB, 0x8A, 0x14,
    0xBD, 0x78, 0xD2, 0x52, 0x51, 0x6A, 0x12, 0xBF, 0x9B, 0xDB, 0xD4, 0x5F, 0xE1, 0x12, 0x9C, 0x94,
    0xAC, 0x9E, 0x11, 0x11, 0x8D, 0x13, 0x9A, 0x5A, 0xC7, 0xCC, 0xFC, 0x42, 0x42, 0x22, 0x86, 0xE6,
    0x23, 0x8A, 0x69, 0x44, 0xE6, 0x9B, 0x0D, 0xCA, 0x69, 0x58, 0xF7, 0x37, 0xE7, 0xD5, 0x35, 0x03,
    0x4A, 0x6A, 0x18, 0xBC, 0x6B, 0x56, 0xCA, 0xC5, 0x47, 0xB5, 0xB0, 0x18, 0xB2, 0x49, 0xD5, 0x78,
    0x36, 0x46, 0xCE, 0x07, 0x56, 0x35, 0x5E, 0xCC, 0x67, 0x9D, 0xE3, 0x28, 0xB4, 0x8E, 0xA3, 0xA0,
    0x8A, 0xFD, 0x75, 0x5F, 0xB9, 0x2C, 0xD3, 0x9D, 0xDB, 0xD2, 0x40, 0xDC, 0x80, 0x28, 0x45, 0xE7,
    0x92, 0x8B, 0x88, 0xF8, 0x0A, 0xDD, 0xCA, 0xDA, 0x19, 0x82, 0xA5, 0xC3, 0x29, 0x73, 0x07, 0x5D,
    0x6A, 0xDE, 0xFF, 0x89, 0xB9, 0x86, 0xDA, 0x85, 0x3B, 0x82, 0x41, 0x25, 0x89, 0xAC, 0x31, 0xB6,
    0x1A, 0xCE, 0xE6, 0x72, 0x45, 0x8E, 0xBD, 0x8A, 0xE9, 0x01, 0x14, 0x5A, 0xD5, 0x22, 0x08, 0x5B,
    0xB8, 0x19, 0xAD, 0x64, 0x71, 0xFD, 0x55, 0x25, 0x84, 0xED, 0x2A, 0x30, 0x4F, 0xDB, 0xC5, 0xB2,
    0xCD, 0xB3, 0xE2, 0xA7, 0x7C, 0xD5, 0xFC, 0xF9, 0x80, 0x9A, 0x9D, 0xA2, 0x13, 0x8F, 0xB8, 0x60,
    0x56, 0x71, 0xB9, 0x5A, 0xA0, 0x75, 0xE0, 0xD6, 0x4C, 0x17, 0x4D, 0x57, 0x4D, 0x7C, 0x03, 0x20,
    0x8E, 0x58, 0x37, 0x81, 0x9B, 0xEC, 0xC2, 0x05, 0x5C, 0xB9, 0x80, 0x4B, 0x17, 0x70, 0xED, 0x74,
    0xF1, 0x96, 0xD5, 0x5B, 0x2D, 0xDF, 0xDD, 0x53, 0x5F, 0xB3, 0x7B, 0xC7, 0xEA, 0x6B, 0xAE, 0x00,
    0xE6, 0xDC, 0xD5, 0xD7, 0xBC, 0x35, 0xC0, 0x3C, 0x1D, 0x80, 0x95, 0x87, 0x03, 0xB0, 0xB2, 0xEF,
    0x25, 0x1E, 0x4F, 0x4D, 0xF6, 0x01, 0xE6, 0xF7, 0x22, 0xE3, 0xEE, 0x57, 0x98, 0x71, 0x97, 0x94,
    0xCC, 0xB8, 0xCB, 0xD7, 0x19, 0x77, 0x33, 0x99, 0xAF, 0xDF, 0x03, 0x8D, 0x75, 0xE0, 0x41, 0xF8,
    0xE9, 0xD9, 0x45, 0x3A, 0xB8, 0xBB, 0xD6, 0x56, 0x48, 0x34, 0xAF, 0x2D, 0x6E, 0x75, 0xCD, 0x8A,
    0xE6, 0x56, 0x71, 0x0C, 0x82, 0x04, 0x90, 0x33, 0x1E, 0xE0, 0x10, 0x34, 0x57, 0x8E, 0xE6, 0x0A,
    0xBB, 0x2A, 0x6A, 0x49, 0xE7, 0x65, 0x2D, 0xED, 0xBC, 0xB0, 0x49, 0x8D, 0x64, 0x95, 0x36, 0x39,
    0xA6, 0x54, 0xDC, 0x64, 0xDF, 0xA8, 0xBC, 0xFD, 0xA6, 0x13, 0xB8, 0x29, 0xD8, 0x93, 0xB8, 0x95,
    0xC8, 0xDD, 0xF2, 0x62, 0xB8, 0x3E, 0xD8, 0x13, 0xBB, 0x95, 0xDC, 0xAD, 0x04, 0x6F, 0x25, 0x79,
    0x2B, 0xD1, 0x5B, 0xC9, 0xDE, 0x4A, 0xF8, 0x56, 0xD2, 0xB7, 0x88, 0xDF, 0xAA, 0xBE, 0xEB, 0xAA,
    0xC0, 0xEB, 0xAA, 0xC2, 0xEB, 0x5E, 0x89, 0xD7, 0x15, 0xB1, 0x29, 0x43, 0x75, 0x33, 0xC0, 0xDB,
    0x83, 0x12, 0xA7, 0xC7, 0x82, 0x54, 0xD7, 0x91, 0xE2, 0x12, 0x31, 0xCB, 0x4B, 0x0E, 0x45, 0x08,
    0x8C, 0xD8, 0x01, 0x22, 0x31, 0xC8, 0xDA, 0xB3, 0x22, 0xF3, 0x29, 0x27, 0x33, 0x4E, 0x68, 0x9C,
    0xD4, 0x50, 0x6C, 0x72, 0x2F, 0x37, 0x4E, 0x70, 0x5C, 0xAE, 0xA6, 0x4B, 0xD6, 0x74, 0xD9, 0x9A,
    0x2E, 0x5D, 0xD3, 0xE5, 0x6B, 0xBA, 0x84, 0xCD, 0x55, 0xC6, 0xE6, 0xE5, 0xEA, 0xC8, 0xD1, 0x52,
    0x98, 0x75, 0xB7, 0x94, 0x83, 0xDB, 0x99, 0x65, 0xEE, 0x8B, 0xA5, 0xF6, 0x96, 0xA2, 0xDB, 0x6E,
    0xE6, 0xAA, 0xE5, 0x2A, 0x39, 0x05, 0x8E, 0x8A, 0xE5, 0x2A, 0xB9, 0x6A, 0xB9, 0x4A, 0xCE, 0xD7,
    0xC1, 0x23, 0xE5, 0x77, 0xB9, 0x4A, 0x4E, 0x97, 0x29, 0x44, 0xD7, 0xB8, 0xC2, 0x78, 0x5B, 0x07,
    0xDA, 0x35, 0x7C, 0x0E, 0x86, 0xA5, 0x76, 0x52, 0x9C, 0xA8, 0xD6, 0xAA, 0x78, 0x79, 0xAC, 0xE5,
    0x8B, 0x62, 0x56, 0xCC, 0xDD, 0xC1, 0x4E, 0x83, 0x1B, 0x27, 0x23, 0x4D, 0x81, 0xBB, 0xFB, 0x2B,
    0xE2, 0x0C, 0x51, 0x28, 0x7D, 0x64, 0x7F, 0x5B, 0xDC, 0x00, 0x49, 0x28, 0x46, 0x0F, 0x4C, 0xB1,
    0x82, 0x1F, 0x2D, 0x07, 0x87, 0x4C, 0x35, 0x92, 0xC9, 0x18, 0xA2, 0x3A, 0x51, 0x93, 0xA2, 0x44,
    0xA6, 0x20, 0x54, 0x28, 0x64, 0x17, 0x2D, 0x95, 0x89, 0x96, 0x63, 0xC7, 0x17, 0x8F, 0x0C, 0xEE,
    0xF5, 0x17, 0xBE, 0x05, 0x5F, 0x0E, 0x3C, 0x3A, 0x6B, 0xCE, 0x9C, 0xDD, 0xE8, 0x8D, 0x21, 0x78,
    0x82, 0x5E, 0x79, 0x55, 0x4B, 0x70, 0xF6, 0xF8, 0x49, 0x9F, 0xD0, 0xEA, 0xE8, 0x0D, 0xD0, 0x99,
    0x48, 0x6B, 0x0D, 0x94, 0xE0, 0xC0, 0x84, 0xA0, 0x57, 0xF5, 0xE0, 0x2D, 0x5E, 0x7E, 0x8D, 0x9D,
    0xCA, 0xD9, 0x53, 0xCC, 0x72, 0x55, 0x96, 0x03, 0x49, 0x8B, 0xD6, 0x89, 0xFB, 0x5F, 0xE7, 0x81,
    0xE3, 0x39, 0x08, 0x5C, 0x0F, 0xA2, 0x43, 0x1F, 0x44, 0x84, 0x2C, 0x47, 0x86, 0xDD, 0x4B, 0x94,
    0x70, 0xCA, 0x77, 0x2E, 0xE8, 0x15, 0x33, 0x00, 0x36, 0x73, 0xD2, 0x73, 0xA6, 0xC1, 0x46, 0x60,
    0x01, 0x81, 0xF4, 0x0C, 0xE5, 0xC5, 0xEA, 0x14, 0x23, 0xED, 0x30, 0x31, 0xE0, 0x32, 0x04, 0xC5,
    0x0B, 0x54, 0xA4, 0xD8, 0x9A, 0x8B, 0x61, 0x41, 0xAF, 0xB4, 0x93, 0x61, 0x1F, 0x9C, 0xF9, 0xA2,
    0x62, 0xD7, 0xE1, 0xBC, 0xF5, 0x26, 0xE3, 0xEC, 0xCB, 0xBE, 0xB9, 0x59, 0xD3, 0x05, 0xF8, 0xA4,
    0x66, 0x05, 0x3C, 0xE0, 0xEE, 0x8E, 0x74, 0x27, 0x85, 0x2B, 0x44, 0xB4, 0x31, 0xBE, 0xB4, 0x67,
    0xC7, 0x78, 0x59, 0x86, 0xDA, 0x5D, 0x2D, 0xAC, 0x8A, 0x94, 0x5E, 0xB2, 0xDD, 0xAC, 0xD7, 0xAB,
    0x11, 0xD8, 0x0D, 0x6C, 0x94, 0x18, 0x91, 0x3F, 0xD9, 0x64, 0x46, 0xB7, 0x60, 0x0A, 0x86, 0xC7,
    0xCE, 0x28, 0x1A, 0xBD, 0x83, 0xA2, 0x4E, 0x46, 0x64, 0x0F, 0x61, 0xEC, 0xC2, 0xFB, 0x40, 0x90,
    0x84, 0x71, 0x41, 0x26, 0xA5, 0xB0, 0x93, 0xBA, 0x4E, 0xD6, 0x6B, 0xA7, 0x42, 0xDD, 0xDE, 0x14,
    0x21, 0xF5, 0x62, 0x42, 0xC2, 0x84, 0x04, 0x55, 0xED, 0xEF, 0xEE, 0x80, 0x6E, 0x59, 0x21, 0x4F,
    0xA0, 0x9F, 0x1A, 0x92, 0x23, 0x76, 0xE6, 0x5C, 0x48, 0x70, 0x41, 0xC9, 0x3D, 0xFB, 0x23, 0xEB,
    0x13, 0x6A, 0xC1, 0xB6, 0xD2, 0x5D, 0xBA, 0xC2, 0x12, 0x9A, 0x2C, 0x85, 0x1A, 0x5E, 0xD5, 0x5B,
    0x20, 0x1E, 0x78, 0x22, 0xF0, 0xD6, 0xAD, 0xBB, 0xBC, 0xCF, 0x0E, 0x40, 0x90, 0x08, 0x24, 0x46,
    0x82, 0x5B, 0x21, 0xC0, 0xFB, 0x8C, 0xA2, 0xDF, 0x76, 0x60, 0xD6, 0xA2, 0xCD, 0xD3, 0x7E, 0x33,
    0x87, 0x42, 0xDE, 0x8F, 0x46, 0xB9, 0xDF, 0xA9, 0x93, 0xFC, 0xFC, 0xBC, 0x68, 0x77, 0xF6, 0x84,
    0xC8, 0xAB, 0x26, 0x96, 0xBA, 0xF9, 0xB6, 0xE9, 0x25, 0x13, 0xD2, 0xFE, 0x4D, 0x18, 0xE4, 0x6D,
    0x3C, 0xA0, 0x02, 0xC9, 0x6E, 0x4C, 0x24, 0x34, 0xB4, 0x9D, 0x32, 0x21, 0x0C, 0x80, 0x9C, 0x90,
    0x98, 0x4F, 0xDB, 0x0F, 0x40, 0x8E, 0xE4, 0xFC, 0x68, 0xBD, 0x31, 0x2E, 0x16, 0xF8, 0xBA, 0xAC,
    0x8F, 0x7D, 0xCA, 0xFB, 0x1F, 0x7E, 0x5F, 0x96, 0x10, 0x56, 0x3F, 0x48, 0xA1, 0x00, 0x36, 0xF7,
    0x90, 0xE6, 0xFC, 0xA9, 0xC7, 0x34, 0x33, 0xB3, 0x5B, 0xF1, 0xD2, 0xF4, 0x79, 0x3D, 0x3D, 0xE6,
    0x5D, 0x4F, 0xA9, 0x86, 0x6D, 0x14, 0xBB, 0x97, 0xDF, 0x4E, 0x1A, 0x7D, 0xB4, 0x82, 0xE5, 0x6D,
    0x64, 0x48, 0x2F, 0xDE, 0xCD, 0x55, 0x91, 0x7F, 0x11, 0xF8, 0xBB, 0xAC, 0x77, 0x4B, 0x9D, 0x35,
    0xE5, 0x5E, 0x51, 0x75, 0xCC, 0x6B, 0xB3, 0x72, 0xB7, 0x47, 0x43, 0x51, 0x1B, 0x52, 0x19, 0x0A,
    0x4A, 0x4F, 0x20, 0x37, 0xE1, 0x0E, 0x4D, 0x43, 0xFF, 0xB8, 0x4B, 0x43, 0x1F, 0x35, 0x0D, 0xFD,
    0xFA, 0xE8, 0xD2, 0xD0, 0x87, 0x8B, 0x69, 0xE8, 0x37, 0x3A, 0x4D, 0x43, 0x7F, 0x5E, 0x4D, 0xE5,
    0x23, 0x5F, 0xB5, 0xD1, 0xF3, 0x34, 0x0E, 0x74, 0x7C, 0xAD, 0xD8, 0x2E, 0xD8, 0xAB, 0x9B, 0xEA,
    0xC2, 0xAC, 0x7B, 0x5F, 0x19, 0x8F, 0xCE, 0x5C, 0xAF, 0x60, 0x15, 0x71, 0xCE, 0x33, 0xC4, 0xFC,
    0x5A, 0x5F, 0xA0, 0x7D, 0x6B, 0xB8, 0x98, 0x38, 0x1A, 0x58, 0xC9, 0x08, 0x2B, 0x0E, 0x7F, 0xAB,
    0x18, 0x02, 0x75, 0xF3, 0x49, 0x5B, 0x4E, 0x27, 0x1E, 0x25, 0xC9, 0x1C, 0x2B, 0x44, 0x90, 0xB9,
    0xBA, 0x63, 0x0A, 0x2B, 0xF8, 0xD3, 0x43, 0x0F, 0x02, 0x3D, 0x70, 0x4C, 0xBF, 0x57, 0x05, 0x76,
    0xA9, 0x06, 0x7B, 0xEB, 0x2A, 0xB0, 0x3B, 0x4F, 0xCF, 0xDF, 0xAB, 0x06, 0xBB, 0xBB, 0x58, 0x0D,
    0xF6, 0x1E, 0xC2, 0x41, 0x42, 0x5E, 0x4B, 0xA5, 0x62, 0xB1, 0xA0, 0x40, 0x88, 0xF3, 0x77, 0x28,
    0x34, 0x09, 0x02, 0x3C, 0xC8, 0xE8, 0xFA, 0x2A, 0x28, 0x5D, 0x89, 0x57, 0xD9, 0xCB, 0x62, 0xC9,
    0xC7, 0xA3, 0x80, 0xE8, 0xA8, 0x94, 0x25, 0xAC, 0x85, 0x4E, 0x64, 0x52, 0x2C, 0xEC, 0x1D, 0xF1,
    0x83, 0x99, 0x95, 0xDC, 0x46, 0x9F, 0x39, 0xBF, 0xD5, 0x2A, 0xF7, 0x4B, 0x16, 0x02, 0x45, 0x99,
    0x92, 0x1C, 0x8F, 0xCB, 0xEB, 0x25, 0x38, 0x23, 0xAC, 0xAE, 0x07, 0xCA, 0xE2, 0xC7, 0x0A, 0x21,
    0x94, 0x7E, 0x07, 0xAD, 0x5A, 0xF8, 0x1D, 0x33, 0x7F, 0x2B, 0x70, 0xA5, 0x2A, 0x57, 0xE0, 0xDF,
    0xE6, 0xFD, 0xB1, 0x6A, 0x47, 0x8F, 0x9A, 0x1F, 0xE5, 0x4A, 0x85, 0x48, 0xA8, 0x8F, 0xE2, 0xB7,
    0xBE, 0x6A, 0x1F, 0xBC, 0x42, 0xDF, 0x9D, 0x2B, 0xF4, 0xDD, 0xBB, 0x42, 0xDF, 0xDD, 0xA5, 0x8A,
    0xD6, 0xCD, 0xC5, 0x58, 0x9F, 0x0F, 0xF4, 0xDD, 0xA2, 0xA2, 0xB5, 0x37, 0xCE, 0xFF, 0xF0, 0x3D,
    0xAA, 0xC2, 0xF0, 0x6B, 0xAC, 0xC2, 0xF0, 0x15, 0x54, 0x61, 0x98, 0x27, 0x56, 0x61, 0x18, 0x59,
    0x85, 0x61, 0x5C, 0x57, 0x61, 0x98, 0x47, 0x70, 0x2B, 0xFE, 0xF3, 0xED, 0x56, 0x37, 0x08, 0x2F,
    0x57, 0x37, 0x58, 0xBE, 0xE0, 0x0D, 0xC6, 0xF0, 0x7F, 0xC4, 0xCA, 0x49, 0x19, 0xBB, 0x34, 0xC0,
    0x12, 0x4B, 0x09, 0x11, 0x9F, 0x75, 0x12, 0x00, 0x88, 0xEC, 0xE1, 0x12, 0x63, 0x87, 0x6C, 0x87,
    0x74, 0x8C, 0x5B, 0xA8, 0x83, 0x3E, 0x1B, 0x63, 0x84, 0x75, 0xB7, 0xF6, 0x7C, 0x89, 0xE1, 0x2B,
    0x6D, 0xDA, 0xAC, 0xFF, 0x98, 0xBA, 0x4A, 0x22, 0x4E, 0x0C, 0x2D, 0x54, 0x5D, 0xB0, 0x94, 0xAC,
    0x76, 0x3D, 0x47, 0x72, 0x82, 0xC7, 0x82, 0x88, 0xCE, 0x46, 0xF1, 0x68, 0xED, 0x65, 0xA3, 0x53,
    0x76, 0x4B, 0xAF, 0x18, 0x1C, 0x67, 0xA0, 0x1A, 0x1C, 0x46, 0xE4, 0x0A, 0x27, 0xAB, 0x2F, 0x0A,
    0x5B, 0x89, 0xBD, 0xC9, 0x05, 0x22, 0x93, 0xC9, 0x45, 0x0D, 0xD3, 0x31, 0xF0, 0xE5, 0x92, 0xE5,
    0xEB, 0x7A, 0xAE, 0x26, 0x0E, 0xF2, 0x9B, 0x2E, 0x15, 0x4D, 0xAE, 0x2F, 0x15, 0x49, 0x5E, 0xCA,
    0x22, 0x47, 0xF3, 0xE5, 0xF2, 0xC8, 0x4B, 0x50, 0x74, 0x29, 0x8D, 0xBC, 0x14, 0x46, 0x5E, 0xCA,
    0x22, 0x6F, 0xCA, 0xFD, 0x35, 0x28, 0xC9, 0xC1, 0xA8, 0x5D, 0x68, 0x34, 0x08, 0xD7, 0xB7, 0x9B,
    0xDE, 0x01, 0xE9, 0x2A, 0xEF, 0x66, 0xED, 0x8D, 0xBB, 0xA9, 0xB0, 0x7C, 0x7B, 0x9B, 0x85, 0xE5,
    0x7F, 0xE1, 0x0E, 0xA5, 0x3A, 0xF0, 0x8C, 0xB8, 0xC5, 0x30, 0xF5, 0x5E, 0xB3, 0x6F, 0xA7, 0xFD,
    0xD0, 0xBA, 0xCB, 0x66, 0x71, 0xA6, 0x98, 0x6F, 0x55, 0xD7, 0x1D, 0x97, 0xEF, 0x52, 0xCD, 0x92,
    0x8F, 0xC3, 0xF3, 0x10, 0x56, 0x44, 0x71, 0x63, 0xF4, 0x49, 0x37, 0xE4, 0x80, 0x51, 0x07, 0x66,
    0xB0, 0x2D, 0xD5, 0xB0, 0x8C, 0xFB, 0x4B, 0xAF, 0x9D, 0xB7, 0x24, 0xF5, 0xD6, 0xD2, 0xF9, 0xC0,
    0xBA, 0xCB, 0x9A, 0x67, 0xA8, 0xF1, 0x8E, 0xF5, 0x17, 0x3D, 0x5F, 0x1E, 0x03, 0xFB, 0xEF, 0x75,
    0xDD, 0x5B, 0xAC, 0xBB, 0xBB, 0xFB, 0x87, 0x55, 0xB1, 0x1A, 0x7F, 0xEF, 0x0F, 0xE5, 0xA0, 0xFE,
    0x1F, 0x31, 0xB8, 0x89, 0xF5, 0xA8, 0xEB, 0x3F, 0x72, 0xFD, 0x9F, 0x93, 0x12, 0x04, 0xF6, 0xFB,
    0xAF, 0xF7, 0xD9, 0xAC, 0xEB, 0x3E, 0x5D, 0x58, 0xF7, 0x51, 0xD7, 0x9D, 0xE4, 0xFC, 0x46, 0xB3,
    0xA8, 0x6A, 0xBD, 0x42, 0x4D, 0x71, 0x97, 0xF8, 0x69, 0xB6, 0x1F, 0xFD, 0xCC, 0x4D, 0xE4, 0x20,
    0xA1, 0x31, 0xA2, 0x39, 0x3A, 0x6B, 0x63, 0xC4, 0xAC, 0xD7, 0x2B, 0x1D, 0x32, 0x54, 0xFB, 0x2A,
    0x90, 0x7B, 0x5E, 0xA0, 0x72, 0x82, 0x5D, 0x2F, 0x70, 0x95, 0xC9, 0x52, 0x26, 0x17, 0xE8, 0x33,
    0x9F, 0x95, 0xCE, 0xE7, 0xBE, 0x2E, 0xB1, 0x9D, 0xDF, 0x7B, 0x48, 0xD6, 0xEB, 0xCF, 0x1F, 0x33,
    0x8E, 0xBD, 0x6A, 0xF4, 0x26, 0x3D, 0x29, 0x13, 0x71, 0xF4, 0x14, 0x9C, 0xC5, 0xDF, 0xC5, 0xD1,
    0xFE, 0x3B, 0xC8, 0xD0, 0xFD, 0x32, 0x52, 0x74, 0xB5, 0xEA, 0x50, 0xC6, 0x78, 0x28, 0xC1, 0xFB,
    0xF9, 0x22, 0x68, 0x18, 0x2D, 0xB6, 0xD3, 0xAC, 0xAD, 0x06, 0x83, 0x54, 0x5A, 0x95, 0x2F, 0xE9,
    0xC1, 0x2F, 0x57, 0xBA, 0xC4, 0xB5, 0x9A, 0xBE, 0x15, 0x78, 0xEA, 0x50, 0xFF, 0x27, 0x80, 0xB9,
    0xCC, 0x0D, 0xA3, 0x45, 0xCA, 0x5D, 0x62, 0x86, 0xD1, 0x34, 0xEC, 0xBF, 0x76, 0x68, 0x60, 0xC1,
    0x02, 0xCC, 0x9E, 0x9F, 0x4E, 0x60, 0x9A, 0x37, 0xD3, 0xC6, 0x2C, 0xB6, 0x49, 0xCC, 0x6F, 0x5C,
    0x5A, 0x59, 0xD4, 0x42, 0x23, 0x1F, 0xD5, 0x10, 0x38, 0x02, 0x9A, 0x80, 0x7C, 0xC7, 0xE2, 0xC9,
    0x53, 0x9E, 0x44, 0x7F, 0x88, 0x3E, 0xC1, 0x2D, 0x21, 0x5C, 0x90, 0x37, 0xCE, 0xFD, 0xDC, 0xCB,
    0x28, 0xDE, 0xA3, 0x41, 0x8E, 0x82, 0xD8, 0xA5, 0x23, 0x9E, 0x71, 0x10, 0xAC, 0x2E, 0xEB, 0x61,
    0x9D, 0xDC, 0xA2, 0x04, 0x9D, 0xDD, 0x8C, 0x23, 0xF0, 0xE0, 0xCB, 0x25, 0xE8, 0xEA, 0x9B, 0x97,
    0xA0, 0xFB, 0x18, 0x4A, 0xD0, 0xDD, 0x46, 0xEE, 0x27, 0xCB, 0xD4, 0xAE, 0xF2, 0x8A, 0x37, 0x2E,
    0x54, 0x17, 0x1B, 0x4F, 0x23, 0x7F, 0xC9, 0x2E, 0x69, 0xF8, 0x5D, 0xD4, 0x23, 0xB4, 0x1F, 0x31,
    0xC8, 0x94, 0x4B, 0x39, 0x8E, 0x8E, 0x57, 0x62, 0x05, 0x59, 0xC3, 0x89, 0x96, 0x5C, 0xE2, 0x51,
    0x3B, 0x15, 0x6B, 0x5C, 0x17, 0xAD, 0xBC, 0x99, 0xB8, 0xBD, 0x80, 0x1F, 0xF1, 0x3C, 0x8A, 0x2B,
    0xC7, 0xAE, 0xB3, 0xF1, 0x98, 0xF2, 0x15, 0xF3, 0xD2, 0xE9, 0xE9, 0xE9, 0x13, 0x8B, 0x0A, 0x3C,
    0xD8, 0x69, 0x5C, 0xA7, 0x65, 0xDD, 0x03, 0x84, 0x75, 0xB7, 0xE0, 0x3E, 0x48, 0x38, 0xA1, 0x65,
    0x9E, 0x4B, 0xA8, 0x99, 0x5C, 0x3F, 0x3B, 0x61, 0x2A, 0xB1, 0xBB, 0x5D, 0x3C, 0x75, 0xC3, 0xDA,
    0x19, 0x97, 0x75, 0x54, 0xB9, 0xE2, 0x21, 0xCB, 0xE5, 0xA8, 0xF7, 0xE7, 0xAB, 0xD2, 0x63, 0x99,
    0xA6, 0x5A, 0x68, 0x91, 0xEC, 0xC7, 0x70, 0xC1, 0xCA, 0x20, 0x67, 0xBA, 0xA0, 0x60, 0x76, 0x46,
    0xDA, 0xAA, 0x96, 0xFB, 0x99, 0x6B, 0x94, 0x11, 0xCA, 0xBE, 0x66, 0x9D, 0xA0, 0x3E, 0x28, 0x3E,
    0x6B, 0x50, 0x5F, 0xF7, 0xEB, 0x46, 0xA8, 0x32, 0xD9, 0xCB, 0xFE, 0x46, 0xEE, 0x06, 0x1F, 0x7D,
    0x4E, 0x29, 0xCA, 0xA5, 0x72, 0x99, 0x18, 0xD5, 0x80, 0xF1, 0x70, 0xFE, 0x5B, 0x4D, 0x53, 0xF5,
    0xFE, 0x02, 0xE1, 0xCD, 0x3E, 0x95, 0x31, 0x55, 0xF0, 0xD3, 0x5F, 0x41, 0xF5, 0x01, 0x59, 0xBE,
    0x6A, 0xBD, 0x7C, 0xC3, 0x4D, 0x96, 0x2F, 0xF6, 0xE0, 0xF1, 0x74, 0x11, 0x45, 0xF6, 0x91, 0x3F,
    0x0F, 0x4B, 0x2C, 0x9D, 0xF6, 0x62, 0x5A, 0x49, 0x5C, 0x5F, 0xB2, 0x9E, 0xEE, 0x70, 0x79, 0xD0,
    0xE3, 0x50, 0xC9, 0x46, 0x9B, 0xF1, 0x50, 0xC3, 0x19, 0xD0, 0x2A, 0x13, 0x61, 0x77, 0x38, 0xF4,
    0xA7, 0xEA, 0x7B, 0xE7, 0xC8, 0xCB, 0xA5, 0x57, 0xDC, 0xD9, 0xBC, 0x28, 0x6F, 0xAA, 0xEC, 0x62,
    0xB9, 0x82, 0xC2, 0xDD, 0xB8, 0xB7, 0xDC, 0x39, 0x11, 0xAE, 0x6E, 0x9A, 0x88, 0xF4, 0xF6, 0xCC,
    0xDA, 0x0B, 0xC2, 0x4E, 0x2D, 0x9A, 0xD2, 0xF3, 0xAB, 0xA9, 0x26, 0x13, 0x13, 0xEC, 0x7F, 0xA0,
    0xBF, 0x35, 0x8F, 0xC5, 0x12, 0x06, 0x86, 0xDB, 0x0E, 0x5B, 0xB8, 0xBF, 0xED, 0x93, 0xBD, 0xCB,
    0xE0, 0xCB, 0x1E, 0xA2, 0xA8, 0x17, 0x27, 0xAD, 0xAA, 0x3D, 0xF7, 0xCA, 0x9E, 0x32, 0x4B, 0xC5,
    0xAC, 0x62, 0x55, 0x27, 0x3F, 0x5D, 0x59, 0xD0, 0x5B, 0xD3, 0xDF, 0x7E, 0x06, 0x98, 0xA3, 0xED,
    0x9E, 0x90, 0xB6, 0x9B, 0xED, 0xD3, 0x76, 0xE1, 0x04, 0x6F, 0x40, 0xD9, 0xF5, 0xB4, 0xDD, 0xC0,
    0xD3, 0x76, 0x7F, 0x8E, 0x6C, 0xA2, 0x8D, 0x79, 0xBE, 0x51, 0xDA, 0x6E, 0xAE, 0xB4, 0xDD, 0x6C,
    0x8F, 0xB6, 0xBB, 0x35, 0x8E, 0x1B, 0x10, 0x0B, 0x02, 0x58, 0xAD, 0x69, 0xBB, 0xCE, 0x7F, 0x88,
    0x27, 0xE7, 0x57, 0x44, 0x63, 0x3C, 0x3A, 0x7F, 0xC2, 0xFA, 0x64, 0xD3, 0x21, 0xDA, 0x6E, 0x7A,
    0x98, 0xB6, 0x2B, 0x61, 0xAD, 0x2E, 0x5B, 0xD3, 0x76, 0xC7, 0x4B, 0xB4, 0xDD, 0xCC, 0xB0, 0xF2,
    0x83, 0x72, 0x09, 0x00, 0x42, 0x2A, 0x6D, 0x72, 0x61, 0x6B, 0xB4, 0x28, 0x9E, 0x7A, 0x91, 0xB6,
    0x8B, 0xFC, 0x02, 0xD2, 0x76, 0xB7, 0xA0, 0xED, 0x5E, 0xD3, 0xF2, 0xBC, 0x37, 0xBB, 0x7F, 0x3B,
    0xB8, 0xC9, 0xFD, 0xDB, 0x17, 0xBE, 0xB4, 0x74, 0xC9, 0x95, 0x20, 0x70, 0x43, 0xCA, 0x1D, 0xC7,
    0xCE, 0x94, 0xCE, 0x8D, 0xB2, 0xC3, 0xA9, 0x83, 0xFD, 0x02, 0x1A, 0xFE, 0xAA, 0xB8, 0x15, 0x44,
    0x71, 0xE0, 0xEB, 0x83, 0x56, 0x8C, 0xFC, 0xCD, 0x32, 0xC2, 0xDE, 0x9E, 0x3B, 0x95, 0x55, 0x36,
    0x37, 0x2E, 0xB6, 0x1C, 0x39, 0x8F, 0x5A, 0x33, 0x0B, 0x02, 0xE6, 0x16, 0x10, 0x23, 0x2B, 0x43,
    0x0D, 0x50, 0xE7, 0x64, 0xD1, 0x3A, 0x63, 0xCF, 0x47, 0x78, 0x7D, 0x7C, 0xF7, 0xC2, 0x4D, 0x6D,
    0x93, 0x23, 0xF4, 0x8D, 0x4A, 0xE8, 0xCB, 0x1C, 0xDF, 0xB3, 0x18, 0x95, 0x11, 0x56, 0x31, 0xD5,
    0xA7, 0xF5, 0xC9, 0xB1, 0x9E, 0xD8, 0xA7, 0x8E, 0x5A, 0xE8, 0x33, 0x44, 0x72, 0x17, 0xA8, 0xB8,
    0xAE, 0xCB, 0xE3, 0x6F, 0xC7, 0xCD, 0x5C, 0x28, 0x37, 0x71, 0x81, 0xDE, 0xF0, 0xDB, 0xB9, 0x4B,
    0x5D, 0x0D, 0x49, 0x14, 0x68, 0x9D, 0xDF, 0xD5, 0x45, 0x8E, 0xF5, 0x29, 0xAC, 0xDD, 0xD7, 0x1A,
    0xA1, 0xED, 0xD6, 0x28, 0x94, 0x97, 0xA3, 0x38, 0x82, 0x3C, 0xC2, 0xD3, 0x30, 0x7D, 0x9F, 0x05,
    0x20, 0xF1, 0xCA, 0xE4, 0x08, 0x73, 0x91, 0x06, 0xC3, 0xFE, 0x06, 0x64, 0x0D, 0x24, 0xC3, 0x20,
    0x11, 0xD1, 0x99, 0x83, 0x88, 0x51, 0xBA, 0xB8, 0x24, 0x72, 0xD5, 0x11, 0xD4, 0x6B, 0x0F, 0x80,
    0xC0, 0x0B, 0x90, 0xF8, 0x25, 0x44, 0x5A, 0x11, 0x66, 0x65, 0x8A, 0xAC, 0xDE, 0x87, 0x48, 0x6D,
    0x79, 0xE5, 0xC2, 0x7D, 0x46, 0xEF, 0xF0, 0x0D, 0xD3, 0x4D, 0x10, 0xBC, 0xEB, 0x37, 0x4C, 0x0F,
    0x97, 0x6F, 0x98, 0xBE, 0xE6, 0x6E, 0x98, 0xEE, 0xDC, 0x0D, 0xD3, 0x9D, 0xBB, 0x61, 0xBA, 0x53,
    0x93, 0xBA, 0x72, 0x1A, 0xC4, 0xC7, 0x3B, 0x9C, 0x9A, 0xD9, 0x5E, 0x0A, 0x6E, 0xFB, 0x33, 0xC8,
    0xA3, 0x8E, 0xDE, 0xAF, 0xBD, 0xD7, 0xE1, 0x36, 0xEF, 0x7A, 0xAD, 0xF5, 0x16, 0xB5, 0xD6, 0x9F,
    0xE9, 0x51, 0x6B, 0xFD, 0xE5, 0x9E, 0xB5, 0xD6, 0x7B, 0xD6, 0x5A, 0xEF, 0x58, 0x6B, 0x1D, 0x94,
    0x3D, 0xB9, 0x13, 0x54, 0x2A, 0x06, 0x6A, 0xD5, 0x09, 0x85, 0x49, 0xCD, 0xDA, 0xE8, 0xD0, 0xF3,
    0xD6, 0xC5, 0xC7, 0xEA, 0x03, 0xB5, 0x54, 0x3E, 0xD8, 0x17, 0x47, 0xC7, 0xAC, 0xF9, 0xA4, 0x9C,
    0x14, 0xD0, 0x8A, 0xF8, 0xF0, 0x05, 0xF3, 0x1B, 0xBC, 0x19, 0xE3, 0x8D, 0x18, 0x85, 0xC5, 0xA5,
    0x3A, 0x9C, 0x5A, 0x27, 0xDF, 0x75, 0x80, 0x52, 0x68, 0xCE, 0xCC, 0x92, 0xD2, 0x9E, 0xBB, 0xDE,
    0xE8, 0x11, 0x43, 0x27, 0x99, 0x0F, 0x3C, 0xB9, 0xE4, 0xF7, 0x2B, 0xAF, 0x8D, 0xB4, 0x36, 0xB2,
    0xDA, 0x94, 0xD4, 0x46, 0x4E, 0x1B, 0x29, 0x6D, 0x64, 0xB4, 0xC9, 0x79, 0xDE, 0xC2, 0x19, 0x25,
    0xDE, 0x5B, 0x47, 0xCB, 0x6B, 0x49, 0x52, 0x12, 0xF9, 0x10, 0x24, 0x85, 0xE8, 0xFF, 0x33, 0xF9,
    0x48, 0xF2, 0x3F, 0x89, 0x20, 0x64, 0x81, 0x90, 0x02, 0x52, 0x74, 0xAE, 0xA6, 0x6D, 0xB7, 0x94,
    0xE4, 0x59, 0x6A, 0x68, 0x7D, 0x09, 0x9B, 0x67, 0xDE, 0x19, 0x37, 0x92, 0x8D, 0xD1, 0xCC, 0xC1,
    0xFA, 0x80, 0x0E, 0xFA, 0x90, 0x24, 0x79, 0x7B, 0x24, 0xC9, 0xF9, 0x32, 0x35, 0xD2, 0x27, 0xE1,
    0xAC, 0x12, 0x9F, 0x3C, 0x90, 0xED, 0xB3, 0x19, 0xD6, 0xF9, 0x3B, 0xFE, 0xC7, 0xC2, 0x45, 0x96,
    0xDE, 0x65, 0x92, 0xE4, 0xAF, 0x52, 0xB2, 0xD2, 0x7C, 0x8F, 0x24, 0x99, 0x67, 0xCA, 0x95, 0x1C,
    0x90, 0x43, 0x09, 0x92, 0x1B, 0x89, 0x85, 0x8A, 0x2F, 0xEF, 0xF6, 0xA2, 0xF6, 0xAE, 0x76, 0x4E,
    0xB9, 0x52, 0x5F, 0xCE, 0x67, 0x78, 0xE2, 0x2E, 0x03, 0x96, 0xDF, 0xD4, 0x8D, 0xA5, 0x0E, 0x58,
    0x4C, 0x16, 0xD7, 0x7A, 0x55, 0xEB, 0x2E, 0x40, 0xCD, 0xE4, 0xF5, 0x21, 0xE5, 0x5B, 0x55, 0x23,
    0x3A, 0x71, 0x4B, 0xC2, 0xE2, 0x5E, 0xA4, 0xE1, 0x1D, 0x02, 0x96, 0x4F, 0xD6, 0xC0, 0xF2, 0xE1,
    0x42, 0x7C, 0x57, 0x88, 0x2B, 0x6B, 0x22, 0x68, 0xBB, 0xE8, 0x93, 0xDC, 0x33, 0x63, 0xE9, 0x2F,
    0xD3, 0x5D, 0xE6, 0x51, 0x45, 0xF7, 0x38, 0xBA, 0x89, 0x6B, 0x99, 0x31, 0x17, 0xD7, 0xDF, 0xBF,
    0x95, 0xEA, 0x1D, 0x70, 0xB3, 0xC3, 0x46, 0x41, 0x2C, 0xAB, 0xD4, 0xCF, 0x15, 0x4A, 0xBA, 0x63,
    0x86, 0x3B, 0x86, 0xD9, 0x8E, 0x49, 0xD5, 0x70, 0x75, 0x6F, 0xD8, 0x41, 0xDE, 0xE0, 0xFD, 0xF1,
    0xAF, 0x9A, 0x5C, 0xFE, 0xC8, 0xEC, 0xBD, 0x6A, 0xCA, 0x0C, 0xB5, 0x9D, 0x82, 0xEC, 0xA7, 0xA6,
    0x2C, 0xFE, 0x89, 0xF5, 0xDE, 0x9F, 0xB1, 0x52, 0xF6, 0x10, 0x75, 0xD1, 0xD3, 0x76, 0x3E, 0x08,
    0xF5, 0x9B, 0xAF, 0x9A, 0x67, 0x27, 0xFA, 0x5E, 0x26, 0x37, 0xDF, 0x1F, 0x76, 0x0C, 0x89, 0x05,
    0xE6, 0x85, 0x0E, 0xDD, 0x48, 0xB4, 0x60, 0x0B, 0x15, 0x16, 0x49, 0x86, 0x16, 0xF9, 0xF4, 0x5B,
    0xE4, 0xED, 0xC1, 0x7D, 0xDB, 0x31, 0x36, 0x38, 0xD3, 0x2A, 0xCA, 0x26, 0xE5, 0x0A, 0x61, 0xD3,
    0x02, 0xDA, 0x4D, 0xA1, 0x96, 0x79, 0x8F, 0x66, 0x2B, 0x7F, 0x43, 0x7E, 0x45, 0xD1, 0x08, 0x11,
    0x28, 0xD5, 0x08, 0xD9, 0x91, 0x8C, 0xF8, 0x49, 0x11, 0x1F, 0x17, 0x2A, 0xCF, 0xF4, 0x9A, 0x3C,
    0xB8, 0x09, 0x66, 0x49, 0x82, 0xDE, 0x97, 0xA7, 0xFD, 0x44, 0xCB, 0x6A, 0x71, 0xB8, 0x96, 0x68,
    0xCE, 0xEA, 0x1A, 0xD1, 0xD5, 0xCD, 0xA1, 0x0B, 0x55, 0xDB, 0xCB, 0x9C, 0x17, 0xB7, 0x3B, 0xF2,
    0xB2, 0x97, 0xAF, 0xF9, 0xCB, 0x5E, 0x5A, 0x77, 0xD9, 0x4B, 0xEB, 0x2E, 0x7B, 0x69, 0xDC, 0x65,
    0x2F, 0xB5, 0x5E, 0xF6, 0x62, 0x6A, 0xBD, 0xEC, 0xC5, 0x94, 0xF4, 0xBF, 0xEE, 0xF5, 0x99, 0x28,
    0xF3, 0xC5, 0x1C, 0xB2, 0xED, 0x25, 0x96, 0x8D, 0xDB, 0x8C, 0x92, 0xFB, 0xC8, 0xAF, 0x7F, 0x2D,
    0x2F, 0x57, 0x25, 0xF2, 0x1F, 0xB9, 0x04, 0x6D, 0x04, 0x34, 0x4D, 0x7F, 0x28, 0x39, 0x5F, 0x77,
    0x7D, 0xBA, 0xAA, 0x70, 0x79, 0x79, 0x7B, 0x55, 0xEB, 0x3A, 0x97, 0x6D, 0x70, 0xB8, 0x32, 0x40,
    0x79, 0x10, 0x06, 0xBF, 0x8D, 0xC2, 0x9A, 0xF0, 0xC3, 0xB4, 0x74, 0x43, 0xE6, 0x5E, 0x2F, 0xBB,
    0xE3, 0x1A, 0x05, 0xFD, 0x56, 0xB0, 0xAD, 0x75, 0x4E, 0x68, 0x57, 0x6E, 0x47, 0xD5, 0xE1, 0x5B,
    0xF3, 0x69, 0xE3, 0xCC, 0x01, 0x57, 0xEF, 0xC8, 0x69, 0xCC, 0x93, 0x0B, 0x89, 0xA5, 0x07, 0xBF,
    0x4E, 0x82, 0x0B, 0x86, 0xFB, 0xCE, 0x49, 0x66, 0xE2, 0x8E, 0x44, 0x77, 0x25, 0xFD, 0xC2, 0xCA,
    0x75, 0x8F, 0xBA, 0x71, 0xE0, 0x8A, 0xB8, 0xF7, 0x7A, 0xC8, 0x2A, 0x47, 0x22, 0xE9, 0x0B, 0x77,
    0xBF, 0x83, 0x5E, 0xA9, 0x2D, 0xF9, 0x3B, 0x9A, 0x40, 0x98, 0x29, 0xCB, 0x5D, 0x4D, 0xBD, 0xED,
    0xAC, 0x53, 0x63, 0x8F, 0xE8, 0xC4, 0x5D, 0xEB, 0xC7, 0xA8, 0x4B, 0xE6, 0xB0, 0x50, 0x77, 0x01,
    0x7C, 0xE8, 0x3A, 0x91, 0x79, 0x89, 0xC4, 0x70, 0x1E, 0x94, 0x25, 0x0F, 0x78, 0xA8, 0xFD, 0x74,
    0xD0, 0x4E, 0xD1, 0x05, 0x7A, 0x4E, 0x75, 0xA2, 0x2A, 0xCF, 0x71, 0x62, 0x86, 0x5A, 0xE4, 0x0D,
    0x25, 0x34, 0x85, 0xCE, 0xE3, 0xA9, 0x30, 0xEE, 0xAB, 0x46, 0xE1, 0x40, 0x89, 0x0E, 0x0B, 0x56,
    0x1B, 0xA2, 0x6C, 0xA0, 0x7D, 0x6A, 0xC1, 0x2F, 0x9C, 0x71, 0x35, 0x04, 0xAE, 0xDE, 0xEA, 0x5E,
    0xDC, 0x39, 0xA7, 0xEB, 0x7F, 0xE7, 0x5C, 0xAC, 0xF8, 0xC7, 0xC1, 0x27, 0x74, 0xA5, 0x3E, 0xED,
    0x72, 0xCD, 0xBE, 0xEE, 0x58, 0x81, 0xBE, 0xA3, 0xB1, 0xFB, 0x68, 0xDC, 0x4C, 0x1F, 0x0A, 0xCC,
    0x9B, 0x10, 0x98, 0xB4, 0x44, 0xDD, 0x82, 0x06, 0x99, 0xC9, 0xCF, 0x21, 0xE0, 0xFA, 0x34, 0xD8,
    0x04, 0xB8, 0xC6, 0xE4, 0x8F, 0xED, 0x7F, 0x07, 0xC9, 0x09, 0x77, 0x9C, 0x90, 0x5C, 0xCA, 0x84,
    0x18, 0x2F, 0x74, 0x19, 0x92, 0x18, 0x17, 0x48, 0x55, 0x81, 0x39, 0xE1, 0xFE, 0x6A, 0xFA, 0xC3,
    0x0B, 0xA3, 0x33, 0x35, 0xCD, 0xE3, 0x83, 0x32, 0x3A, 0x36, 0x06, 0x55, 0x3B, 0x08, 0x4C, 0xF8,
    0x63, 0xD0, 0x2F, 0xB4, 0x2C, 0x75, 0xD5, 0x7A, 0xFB, 0xDB, 0xC9, 0x8A, 0x35, 0xC0, 0xED, 0x4A,
    0x91, 0x0A, 0x37, 0x85, 0x2E, 0x01, 0x23, 0x19, 0x7C, 0xB4, 0x27, 0x53, 0xC6, 0x3E, 0x7E, 0x2B,
    0x32, 0x7F, 0x85, 0x0B, 0x76, 0xDD, 0xFD, 0xB4, 0xEE, 0x09, 0x57, 0xA5, 0x1A, 0xD4, 0x97, 0xBC,
    0x7E, 0x7A, 0x36, 0xB3, 0x16, 0x8E, 0xF0, 0x88, 0x27, 0x50, 0x9C, 0x22, 0x30, 0xD7, 0x60, 0x28,
    0xED, 0x66, 0x97, 0xA0, 0xAB, 0x25, 0xA5, 0x81, 0x17, 0x55, 0x3D, 0x79, 0x30, 0x20, 0x39, 0xE7,
    0x09, 0xC7, 0x9E, 0xBA, 0x2A, 0x91, 0x80, 0xBE, 0x19, 0x6E, 0xEB, 0x34, 0xCC, 0xF8, 0x08, 0x4B,
    0x35, 0xB0, 0xD8, 0xA3, 0x39, 0xA7, 0x8F, 0x6B, 0xF4, 0x4A, 0x0A, 0xAB, 0xA3, 0x05, 0x20, 0xEC,
    0xE5, 0x46, 0x30, 0xB9, 0xE6, 0x35, 0x94, 0xA0, 0xC9, 0x56, 0x04, 0xCB, 0xCE, 0x8A, 0x64, 0x16,
    0xCC, 0x5A, 0x39, 0x51, 0x8A, 0x10, 0xE3, 0x52, 0x87, 0x2D, 0xD3, 0x07, 0xC6, 0x62, 0xC2, 0x8A,
    0x03, 0xCA, 0xEC, 0x89, 0xE6, 0xCA, 0x1D, 0x3D, 0x60, 0xB2, 0x74, 0x52, 0x0F, 0x22, 0x28, 0x65,
    0xE5, 0x87, 0x20, 0x6A, 0xAA, 0x5E, 0xF2, 0x5E, 0x92, 0xD6, 0xAE, 0xFE, 0xE3, 0xE6, 0x3F, 0x20,
    0x53, 0x03, 0x74, 0x0A, 0x14, 0xD7, 0x04, 0xDD, 0xB9, 0x03, 0x38, 0x0A, 0x20, 0x51, 0xF6, 0xC3,
    0x23, 0x87, 0x2E, 0xCC, 0xFD, 0xED, 0x75, 0x70, 0xC1, 0x05, 0x16, 0x5C, 0x50, 0xC1, 0x05, 0x14,
    0x5C, 0x30, 0xC1, 0x05, 0x12, 0x8E, 0x6F, 0x2B, 0x88, 0x10, 0xE9, 0x8E, 0xDC, 0x5D, 0x68, 0x31,
    0x41, 0x7A, 0xF5, 0x77, 0xA4, 0xF7, 0x0B, 0x47, 0x0A, 0x5E, 0xC2, 0x1A, 0xB0, 0x73, 0x87, 0xCF,
    0xAF, 0x86, 0x00, 0x15, 0xF9, 0x2F, 0x55, 0xF4, 0x73, 0x2E, 0xC2, 0xF5, 0xD3, 0xEF, 0xAA, 0x7F,
    0xEA, 0xBC, 0x53, 0xE7, 0x9B, 0x76, 0xEA, 0x99, 0xE6, 0xAB, 0x7C, 0x15, 0xA7, 0xC0, 0x62, 0x9F,
    0x1E, 0x61, 0x05, 0x27, 0x57, 0x38, 0xB5, 0xD4, 0xA8, 0x79, 0xA9, 0x51, 0x73, 0xA2, 0xBE, 0x1B,
    0xE3, 0xF8, 0x51, 0x2A, 0x63, 0xB3, 0x6A, 0x1E, 0x2D, 0x34, 0xB3, 0xB2, 0x04, 0x83, 0xE0, 0x5F,
    0x05, 0xE1, 0xDF, 0x07, 0x89, 0xEC, 0x89, 0x07, 0x05, 0xF9, 0x93, 0xE5, 0xDD, 0x8E, 0xAC, 0x79,
    0x40, 0x3C, 0xB9, 0xDA, 0x57, 0xBB, 0xEF, 0xD5, 0xD5, 0x02, 0xE1, 0xD9, 0x93, 0x34, 0x1B, 0x58,
    0x42, 0xDF, 0xB0, 0xCE, 0xBD, 0x8E, 0xED, 0x14, 0x6F, 0xDD, 0x23, 0x60, 0x61, 0x78, 0xE7, 0xF6,
    0x9F, 0x31, 0x9E, 0x79, 0xDF, 0x52, 0x5B, 0xD1, 0x35, 0xC3, 0xC1, 0x46, 0x51, 0x02, 0x2E, 0x77,
    0xCF, 0x98, 0x6A, 0xC7, 0xCD, 0xD1, 0x65, 0xF3, 0xD5, 0xAB, 0x5F, 0x40, 0x86, 0xBE, 0x44, 0x1C,
    0x32, 0x94, 0xC8, 0xAA, 0x89, 0x4D, 0xE4, 0x44, 0xA9, 0x99, 0xA3, 0x84, 0x1A, 0x63, 0x11, 0x36,
    0x5E, 0x79, 0xA2, 0xB5, 0x31, 0xB4, 0x50, 0x86, 0xFA, 0x91, 0xC4, 0x0C, 0xCF, 0xD7, 0x21, 0x6E,
    0xD6, 0x99, 0x98, 0x95, 0x27, 0x5A, 0xA1, 0xC4, 0xCE, 0x4B, 0x46, 0xB2, 0x36, 0xB2, 0xD1, 0x5A,
    0x97, 0xE9, 0x18, 0xD5, 0x44, 0x07, 0xC4, 0xE1, 0xBA, 0xC2, 0x1B, 0x34, 0x64, 0x81, 0x24, 0x96,
    0x30, 0x88, 0xE2, 0xB1, 0xD6, 0x2A, 0xB6, 0x26, 0xEE, 0xD1, 0x48, 0xA5, 0x90, 0xB7, 0xE8, 0xA0,
    0x92, 0x55, 0xB6, 0xCF, 0x0B, 0x68, 0x04, 0x54, 0xD6, 0x17, 0xF4, 0xF8, 0x3C, 0x70, 0xB7, 0x79,
    0x85, 0x4F, 0x06, 0x4F, 0x42, 0xF7, 0x01, 0x0C, 0x4D, 0xA6, 0x98, 0xC2, 0x4D, 0xA7, 0x63, 0x04,
    0x5A, 0x19, 0xB7, 0x71, 0x77, 0xB3, 0x7D, 0xF2, 0x7E, 0x5D, 0x8F, 0xCD, 0xB0, 0x91, 0xDC, 0x20,
    0x29, 0x1B, 0x3B, 0x01, 0x27, 0x13, 0x4D, 0xD7, 0x5B, 0x87, 0xEC, 0xB8, 0x3C, 0xBE, 0xCC, 0xC0,
    0x7C, 0xAF, 0x16, 0x4F, 0xD4, 0xD9, 0xB5, 0xCD, 0x13, 0x0B, 0x66, 0x94, 0xF8, 0x3D, 0x9D, 0x0D,
    0x2B, 0x88, 0x72, 0xDD, 0xEF, 0xB2, 0x05, 0x59, 0xAA, 0xD3, 0xE6, 0x4D, 0xC7, 0x53, 0x3F, 0x2C,
    0x83, 0xF4, 0xF6, 0x96, 0x41, 0xEA, 0x56, 0x65, 0x90, 0x2E, 0xC7, 0x53, 0x93, 0xC6, 0x65, 0x41,
    0x17, 0x8E, 0xD9, 0x6D, 0x1F, 0xDE, 0x1F, 0x26, 0xAD, 0x1B, 0xA8, 0x56, 0xEC, 0xB6, 0x5F, 0xBF,
    0x89, 0x44, 0xDE, 0x37, 0xFA, 0xFA, 0xA0, 0xC5, 0x4E, 0x8F, 0xAF, 0x1D, 0xCB, 0xD5, 0xF3, 0x9D,
    0xC0, 0xAA, 0x55, 0xCF, 0xAA, 0x88, 0x4C, 0x7C, 0x45, 0x91, 0xE7, 0x32, 0xAB, 0x0F, 0xCD, 0xD2,
    0xDD, 0x58, 0xE6, 0x88, 0xFA, 0x4B, 0x2E, 0x14, 0x91, 0xB2, 0x8E, 0x60, 0x4E, 0x3E, 0x84, 0xDA,
    0x40, 0x20, 0x0A, 0xCB, 0xA5, 0x22, 0x87, 0x6F, 0x15, 0xF1, 0xF9, 0x6C, 0xA1, 0x4B, 0xB7, 0xEA,
    0x1C, 0xC5, 0x03, 0x05, 0x8F, 0x58, 0xF1, 0x88, 0x25, 0x8F, 0x5C, 0xCD, 0x23, 0x6E, 0x57, 0xA9,
    0x7A, 0xA4, 0xF5, 0x99, 0x37, 0x2E, 0xED, 0x43, 0x18, 0x78, 0xAC, 0x7C, 0xA4, 0x20, 0x85, 0xDC,
    0xEA, 0x26, 0xC5, 0x8F, 0x02, 0x54, 0x3F, 0x0A, 0x50, 0xFE, 0x28, 0x40, 0xFD, 0xA3, 0x20, 0x73,
    0x26, 0xCA, 0x10, 0x68, 0x09, 0xA4, 0x7D, 0x5B, 0x6F, 0x47, 0x10, 0x3A, 0x66, 0xEA, 0x9E, 0x36,
    0x89, 0x92, 0xBD, 0x99, 0x31, 0xAD, 0x81, 0xC3, 0x8C, 0x1B, 0x30, 0x2B, 0xB1, 0x95, 0x92, 0x7C,
    0xB7, 0x57, 0x70, 0x95, 0x9B, 0x9F, 0x0B, 0x82, 0x94, 0x98, 0x80, 0x95, 0x76, 0xA9, 0x27, 0x94,
    0xCA, 0x5B, 0xAF, 0xBE, 0xB9, 0xD9, 0x2B, 0xAF, 0x27, 0x4D, 0x08, 0x80, 0x5C, 0x50, 0x1E, 0x64,
    0x98, 0x74, 0xAE, 0xFE, 0xF9, 0x0E, 0x09, 0xA1, 0x79, 0x61, 0x3C, 0xEF, 0x34, 0x36, 0x5A, 0xF2,
    0x87, 0xEF, 0xAC, 0xF7, 0x5E, 0x2B, 0x4F, 0x4C, 0x81, 0xF4, 0xAD, 0x71, 0x11, 0x11, 0x3F, 0x3E,
    0x2B, 0x68, 0xAF, 0x5D, 0x3D, 0x99, 0x51, 0xEB, 0x47, 0xA4, 0x34, 0xAD, 0xC9, 0xB1, 0x2F, 0xA3,
    0xBD, 0xEA, 0xF1, 0xE9, 0xBA, 0xB4, 0xFE, 0xC6, 0x3D, 0xF4, 0x3A, 0x85, 0x23, 0x75, 0xA5, 0xF6,
    0x30, 0x05, 0x1F, 0xAD, 0xDC, 0xCF, 0x34, 0x6B, 0xC6, 0xF3, 0xA5, 0xF1, 0x29, 0x90, 0x14, 0x12,
    0x49, 0xDA, 0x95, 0x1C, 0x5F, 0x0D, 0xFD, 0x90, 0xB1, 0xFC, 0x7B, 0x36, 0x7F, 0xBA, 0x62, 0x48,
    0x5E, 0x2B, 0x9E, 0x2B, 0xDF, 0x1D, 0x1F, 0xF7, 0x49, 0x77, 0x01, 0x66, 0xF0, 0x27, 0xA7, 0x1A,
    0x57, 0x0F, 0x3C, 0x01, 0x3F, 0xDC, 0xEB, 0x95, 0xEE, 0xE7, 0x4E, 0x83, 0x37, 0xF1, 0xF5, 0x7E,
    0xA8, 0xEB, 0xCC, 0xDE, 0x2F, 0x57, 0xD7, 0xF9, 0xC5, 0x75, 0xD5, 0x03, 0xAD, 0xEB, 0x3C, 0xEF,
    0xD7, 0x3C, 0xB8, 0x8B, 0xF2, 0x11, 0x7E, 0xC9, 0xEB, 0x33, 0x1E, 0x40, 0x09, 0x4C, 0x3D, 0xF6,
    0x1C, 0x68, 0xF3, 0x9C, 0x0F, 0xB2, 0x3C, 0xE3, 0xC3, 0x2C, 0x5F, 0x73, 0xF2, 0xE6, 0x09, 0x59,
    0x1F, 0x4A, 0xD9, 0xDB, 0x24, 0x65, 0x69, 0x9E, 0xE6, 0x84, 0x44, 0x20, 0x5E, 0xCF, 0xEC, 0x35,
    0x9F, 0xC6, 0xA0, 0xFF, 0xC8, 0xFE, 0x77, 0xD7, 0x0B, 0xDB, 0x27, 0xAC, 0xB4, 0x11, 0xDF, 0x53,
    0x38, 0xFD, 0x19, 0xA5, 0x4D, 0x3E, 0xAB, 0x7F, 0xFF, 0x2C, 0xCD, 0xC2, 0x29, 0x9C, 0x6F, 0x29,
    0x52, 0x6F, 0x78, 0x71, 0x84, 0x52, 0x2A, 0x9B, 0x2D, 0x5D, 0x63, 0xB0, 0xF2, 0x36, 0xF4, 0xD5,
    0x69, 0x1A, 0x64, 0x32, 0xDC, 0x06, 0xA9, 0x67, 0x42, 0xFE, 0x92, 0xAA, 0xE9, 0x29, 0xD9, 0x0A,
    0xBC, 0x38, 0x22, 0x91, 0x18, 0x28, 0xDA, 0xB2, 0x98, 0xD9, 0x22, 0x3D, 0xDE, 0xFE, 0x3C, 0x9C,
    0x77, 0xFB, 0xC3, 0x15, 0x93, 0x07, 0xE8, 0xCC, 0x17, 0xDA, 0xDA, 0x17, 0xFC, 0x9C, 0xC1, 0x6D,
    0x3D, 0x30, 0x40, 0x32, 0x4C, 0x6B, 0xA7, 0x65, 0x9B, 0x6A, 0x18, 0x85, 0x05, 0x8C, 0xA0, 0xE9,
    0xD1, 0x37, 0x77, 0x71, 0x44, 0x52, 0xCA, 0x45, 0x60, 0x15, 0x30, 0x34, 0x58, 0xAB, 0x02, 0x42,
    0x36, 0x0E, 0x7E, 0xBC, 0x99, 0xAD, 0x7A, 0x87, 0xDD, 0x54, 0xFF, 0xE1, 0xB5, 0x1F, 0x77, 0xCA,
    0xB5, 0x1F, 0xEF, 0xDA, 0x6E, 0x7C, 0x7F, 0xAE, 0xE7, 0x5B, 0xD9, 0x8D, 0x77, 0x8E, 0x14, 0x38,
    0xC8, 0x6A, 0x22, 0x64, 0x35, 0x23, 0x76, 0x7A, 0x01, 0xB2, 0x72, 0x95, 0x0D, 0x6F, 0xE6, 0xD4,
    0xC9, 0x5D, 0xB4, 0xAE, 0xAA, 0x44, 0x4F, 0x9C, 0x60, 0x92, 0xE3, 0xFC, 0xF3, 0x88, 0x50, 0xB7,
    0x08, 0x0F, 0x65, 0x35, 0xA6, 0x3B, 0x23, 0x72, 0x95, 0x71, 0x11, 0x1E, 0x70, 0x8E, 0x9A, 0xF3,
    0x0E, 0x36, 0xAE, 0xC6, 0x45, 0x2F, 0xDC, 0xC0, 0xCF, 0xEB, 0xFC, 0xA8, 0xF3, 0xB4, 0x6A, 0x3E,
    0xF1, 0xED, 0x2F, 0xF0, 0x17, 0x94, 0x0D, 0xB2, 0x73, 0x77, 0x3C, 0xD5, 0x82, 0x84, 0x58, 0x83,
    0x61, 0xDB, 0x42, 0x0A, 0xC4, 0xA5, 0x92, 0xD0, 0xFD, 0x88, 0xB2, 0xC8, 0x76, 0x9D, 0x4F, 0x58,
    0xD1, 0xD2, 0xE5, 0x9C, 0xCF, 0xFE, 0xCA, 0x01, 0x5F, 0x34, 0xE7, 0x2A, 0xA1, 0x51, 0xDC, 0x0D,
    0x6B, 0x6E, 0xF3, 0x6E, 0xD8, 0xF7, 0xE8, 0x26, 0xE3, 0xC5, 0x31, 0x50, 0x67, 0xC0, 0x39, 0x05,
    0x9E, 0x21, 0x77, 0x5B, 0x0E, 0xC1, 0x4E, 0x13, 0xE6, 0x63, 0xA6, 0xC9, 0x4B, 0xDB, 0x4A, 0xC9,
    0x1D, 0x80, 0x70, 0xE2, 0xEE, 0x01, 0xFF, 0x53, 0x3A, 0x98, 0x48, 0xBB, 0x5C, 0x83, 0xCA, 0x43,
    0x93, 0x5C, 0x06, 0x09, 0x59, 0xF1, 0x6A, 0x8E, 0x3C, 0x26, 0x5F, 0x24, 0x4F, 0xE9, 0x84, 0x97,
    0x05, 0x53, 0x24, 0x6A, 0x7D, 0xBC, 0x67, 0x94, 0x22, 0xFD, 0x43, 0xCE, 0xB5, 0x00, 0x10, 0x81,
    0x4F, 0x96, 0xF4, 0xB5, 0xCC, 0x7D, 0x3C, 0x31, 0x75, 0x51, 0x9D, 0x69, 0xCD, 0xE8, 0xBA, 0x47,
    0x19, 0x16, 0x89, 0x2B, 0xF4, 0xFF, 0x63, 0x0E, 0xD6, 0x11, 0xDD, 0x0B, 0x45, 0x41, 0x33, 0x97,
    0x72, 0x38, 0xAF, 0x08, 0x81, 0x7B, 0x5F, 0x0B, 0xD5, 0x74, 0xD5, 0x2C, 0xCC, 0xF9, 0xCB, 0x5F,
    0x1F, 0x88, 0xFB, 0xE1, 0x16, 0x9F, 0x40, 0xD7, 0x4D, 0xB8, 0x4A, 0x8D, 0xDA, 0xCC, 0xCD, 0xCA,
    0x17, 0x08, 0xE7, 0x37, 0x38, 0x19, 0x3E, 0xA8, 0xE2, 0xC5, 0xA3, 0x41, 0xCF, 0x06, 0x05, 0x16,
    0xF5, 0x74, 0xD0, 0xE3, 0xE1, 0x96, 0xC8, 0xE2, 0x07, 0x44, 0xCA, 0x16, 0x09, 0xD1, 0x4B, 0xAD,
    0xB2, 0x7C, 0xCB, 0xEC, 0x2A, 0x8C, 0x43, 0x3C, 0x1A, 0x4D, 0xCA, 0x7D, 0x08, 0x75, 0x2F, 0xE4,
    0xE6, 0x16, 0xA4, 0xD4, 0x35, 0x60, 0xD7, 0x6F, 0xCF, 0xC9, 0xA9, 0x8A, 0xCA, 0xE0, 0x8B, 0x1F,
    0x4A, 0xDF, 0x5A, 0xB9, 0x7D, 0x9C, 0xEE, 0xD6, 0xF7, 0x82, 0x01, 0xCF, 0x15, 0x11, 0x46, 0x44,
    0x36, 0xC4, 0x6E, 0x02, 0xD6, 0x98, 0xF4, 0xBC, 0x92, 0xAD, 0xE1, 0x3A, 0xB1, 0xBE, 0xE6, 0x44,
    0x9A, 0xE0, 0x1F, 0x04, 0x1F, 0xD4, 0x8B, 0x31, 0xC5, 0x18, 0xFA, 0x16, 0x69, 0x08, 0x7A, 0xA3,
    0xF1, 0xAC, 0x99, 0x7B, 0xAE, 0x1D, 0xB5, 0x42, 0xCD, 0x2D, 0x2C, 0xA2, 0xF7, 0x33, 0xA9, 0x76,
    0xBB, 0x9F, 0xAD, 0xEF, 0x4B, 0x08, 0x15, 0x79, 0x91, 0x2B, 0x17, 0x26, 0x82, 0xF7, 0x20, 0xA4,
    0x23, 0x19, 0x08, 0xB8, 0xD5, 0xB4, 0x30, 0x0F, 0xC3, 0x16, 0xEF, 0x70, 0x6D, 0x06, 0x72, 0xFC,
    0xBE, 0x04, 0x36, 0xC8, 0xE8, 0xE3, 0x05, 0x95, 0x96, 0x8F, 0xAC, 0x7D, 0xCE, 0xE7, 0xEA, 0x66,
    0x9E, 0xB7, 0xE3, 0x5A, 0x9E, 0x06, 0x80, 0xD4, 0x51, 0xF0, 0xAE, 0x5C, 0x8B, 0xF4, 0x24, 0x21,
    0xF7, 0x29, 0x58, 0x5F, 0xCB, 0xA3, 0x21, 0xA0, 0x61, 0x4D, 0x48, 0x75, 0x4D, 0xE3, 0x72, 0x47,
    0x57, 0xCC, 0xF0, 0x82, 0x13, 0x50, 0x70, 0x0E, 0x7E, 0x7D, 0xC9, 0x0B, 0xDE, 0x2A, 0x56, 0x85,
    0x74, 0xA0, 0x36, 0x32, 0x37, 0x4C, 0x27, 0x55, 0x0F, 0xBB, 0x48, 0xD6, 0x2D, 0xCC, 0x03, 0x16,
    0xE4, 0x6F, 0x49, 0x06, 0x0B, 0x79, 0x8F, 0xCF, 0x40, 0x07, 0x27, 0x62, 0xFC, 0xBA, 0xD1, 0x8C,
    0x02, 0xFB, 0x30, 0xC7, 0xE0, 0xDD, 0x4A, 0x22, 0x76, 0x25, 0x16, 0x2D, 0x23, 0x2F, 0x72, 0xAB,
    0xCF, 0x99, 0x28, 0x95, 0x42, 0xD6, 0x01, 0x89, 0x36, 0xBC, 0x07, 0xBB, 0xF4, 0x2F, 0xB9, 0x96,
    0x01, 0x41, 0xE4, 0x35, 0x6D, 0x57, 0x42, 0xF4, 0x9B, 0x4A, 0x77, 0x5B, 0xDC, 0xD8, 0x35, 0xE5,
    0x6D, 0x45, 0x7A, 0x5B, 0xD1, 0xDE, 0x6E, 0x97, 0xF8, 0x76, 0x28, 0x83, 0x38, 0x56, 0x66, 0xD0,
    0xAC, 0x57, 0x21, 0x31, 0x97, 0x38, 0xF1, 0xC5, 0x83, 0x85, 0xE7, 0xE9, 0x83, 0x24, 0xBE, 0xB2,
    0xBE, 0x26, 0x12, 0xB3, 0x8B, 0xAD, 0xB8, 0x0A, 0x6A, 0x55, 0x4B, 0x5E, 0xF1, 0x2A, 0xB9, 0x78,
    0x95, 0x61, 0xAC, 0x01, 0x2D, 0xC6, 0x85, 0xCE, 0x75, 0x73, 0x6E, 0xE0, 0xB6, 0x6C, 0x5D, 0x01,
    0xDD, 0x89, 0x49, 0x13, 0x91, 0x94, 0x8B, 0x65, 0xD6, 0xC4, 0x56, 0x2E, 0xA0, 0x2D, 0x63, 0xCE,
    0x5D, 0xB9, 0x53, 0x9A, 0x34, 0x8A, 0xA0, 0xD7, 0x89, 0x1E, 0x6C, 0xB6, 0x8B, 0xA5, 0x61, 0x37,
    0xA3, 0x07, 0x88, 0xAE, 0x26, 0x15, 0xDA, 0xDF, 0xE4, 0x20, 0x26, 0xC7, 0x03, 0x08, 0x78, 0x0F,
    0xB5, 0x8C, 0x07, 0x37, 0xDD, 0x8D, 0x1B, 0x29, 0x1A, 0xCB, 0xD0, 0x30, 0xD8, 0x4A, 0xF0, 0xAE,
    0xF2, 0x42, 0x1D, 0x21, 0xAB, 0x37, 0xAA, 0xA5, 0x66, 0x90, 0xD7, 0x8C, 0xC4, 0x3B, 0x9D, 0x7D,
    0xA9, 0x50, 0xA7, 0xEA, 0x0E, 0xF9, 0xBB, 0xE6, 0x64, 0xDC, 0x02, 0xF4, 0xF4, 0xA9, 0x19, 0xBC,
    0x7E, 0x20, 0x40, 0xBD, 0x32, 0x18, 0x5B, 0x15, 0x8D, 0x85, 0xA6, 0x62, 0x65, 0xDD, 0x3A, 0xE0,
    0xCD, 0x11, 0xB8, 0xE3, 0x3D, 0xA0, 0x3A, 0x41, 0xF5, 0xA2, 0x0D, 0x67, 0xC9, 0x76, 0xCF, 0xCE,
    0x91, 0x8E, 0x2E, 0x3A, 0x3A, 0xE6, 0xCE, 0x6F, 0x71, 0xCD, 0xF8, 0xDF, 0x99, 0x2E, 0x21, 0x03,
    0x4F, 0xE2, 0xDB, 0x72, 0xDB, 0xED, 0x00, 0x8E, 0x56, 0x90, 0xF6, 0xAC, 0x71, 0x6A, 0xDB, 0x1E,
    0xB5, 0x07, 0xBB, 0xA2, 0xFB, 0xA2, 0xC0, 0xA3, 0x6D, 0x75, 0x63, 0xC4, 0xED, 0xB7, 0x15, 0x69,
    0x16, 0xA2, 0x6A, 0x50, 0xB9, 0xB5, 0x42, 0x05, 0xFE, 0x12, 0xBB, 0x56, 0x58, 0x63, 0x6F, 0xB3,
    0xC2, 0x29, 0xDF, 0xCD, 0x7B, 0xC0, 0xAE, 0x2D, 0x69, 0x15, 0x99, 0xC3, 0xF0, 0x5D, 0x08, 0x2A,
    0xDB, 0x6F, 0x90, 0x94, 0xC0, 0xD2, 0x62, 0xD1, 0xCF, 0x59, 0x9E, 0xCF, 0xE8, 0xBD, 0x15, 0xC3,
    0xFA, 0xBC, 0xF9, 0x2F, 0x8B, 0xC2, 0x79, 0x7B, 0xAF, 0x11, 0xCB, 0xF7, 0xAF, 0x11, 0x6B, 0x81,
    0x26, 0x20, 0x9C, 0x68, 0x27, 0xE7, 0xF1, 0xD6, 0x1E, 0x15, 0xA8, 0x90, 0x00, 0x5E, 0x40, 0xDA,
    0x04, 0x61, 0x59, 0xD4, 0xF4, 0xB0, 0x23, 0xE6, 0x84, 0xA2, 0xAC, 0x68, 0xB9, 0xAF, 0x06, 0xEE,
    0xC6, 0xEA, 0x72, 0xBA, 0xBE, 0x72, 0xE9, 0xA3, 0x12, 0xD9, 0x39, 0xF5, 0x3B, 0x17, 0xDD, 0x48,
    0xB5, 0x86, 0xB5, 0x54, 0x97, 0x83, 0x4A, 0x02, 0xFB, 0x26, 0x1B, 0xB4, 0xCA, 0x5E, 0x3A, 0x6A,
    0xC7, 0x93, 0x62, 0xE2, 0x0B, 0x9D, 0xD0, 0x55, 0xAF, 0x8A, 0x73, 0x77, 0xD0, 0x5C, 0xF7, 0x16,
    0xEF, 0xC5, 0x01, 0x2E, 0x09, 0xC3, 0xA7, 0xDC, 0x08, 0xEF, 0x41, 0x75, 0xB9, 0x80, 0xD5, 0xE5,
    0x02, 0x54, 0x97, 0xE3, 0x1D, 0x98, 0x29, 0x9A, 0x32, 0xC1, 0x91, 0xC7, 0x34, 0x6B, 0xA4, 0x1C,
    0xCB, 0x76, 0x75, 0x9C, 0x69, 0x36, 0x4A, 0x86, 0x66, 0xDA, 0xCD, 0x3F, 0x40, 0x5D, 0x6D, 0x66,
    0x40, 0x68, 0x91, 0xE7, 0x20, 0x76, 0x3E, 0xFE, 0x6F, 0x1F, 0xE2, 0xC5, 0x8B, 0x87, 0xC9, 0xBB,
    0x27, 0x45, 0xA7, 0x67, 0x66, 0xC6, 0x34, 0x6B, 0x01, 0x62, 0x65, 0x48, 0x33, 0x9A, 0xFF, 0xEE,
    0xD4, 0x28, 0x6C, 0x5C, 0x8D, 0xC2, 0xC6, 0xD5, 0x28, 0xAC, 0x6F, 0x6B, 0xD1, 0xFF, 0xE3, 0xFE,
    0xA2, 0x17, 0x7B, 0x8B, 0xCE, 0xB8, 0xE0, 0xFD, 0x8F, 0x19, 0xB9, 0x00, 0x53, 0x81, 0xC1, 0x82,
    0x68, 0xDE, 0xFD, 0x27, 0x06, 0x38, 0x9E, 0xCA, 0x85, 0xE6, 0xD8, 0x4F, 0xF2, 0x2D, 0x59, 0xF4,
    0x8E, 0x8B, 0x3E, 0xFC, 0x3E, 0x4B, 0x0A, 0xCE, 0x2C, 0x29, 0x38, 0xAF, 0x4B, 0x0A, 0xDA, 0x8F,
    0x38, 0x22, 0x55, 0xF6, 0xFF, 0x03, 0xED, 0x9D, 0xBF, 0x93, 0xE5, 0x46, 0x11, 0xC7, 0x47, 0x4F,
    0xB7, 0xFB, 0xF0, 0xA9, 0x40, 0x17, 0xD8, 0x55, 0xF6, 0x9E, 0xAB, 0x44, 0x40, 0xC0, 0x0F, 0xD7,
    0x29, 0x21, 0x80, 0xC0, 0x48, 0x98, 0xA2, 0x48, 0x2F, 0xB0, 0x23, 0x02, 0x08, 0x1C, 0x70, 0x10,
    0x2C, 0x01, 0xC1, 0x05, 0xB6, 0x25, 0x20, 0x20, 0x64, 0xFF, 0x03, 0x1C, 0x6C, 0x40, 0x11, 0x60,
    0x02, 0x07, 0x0E, 0xEC, 0x93, 0xC0, 0x01, 0x21, 0xEF, 0x4C, 0x51, 0x04, 0x04, 0x7E, 0x14, 0x14,
    0x54, 0x41, 0x80, 0x28, 0x44, 0x95, 0xCE, 0x96, 0xDE, 0x30, 0xDD, 0xDF, 0xEE, 0x91, 0xF4, 0x76,
    0xEF, 0xFC, 0xEB, 0x80, 0xFD, 0xF1, 0x5E, 0xDD, 0x49, 0x73, 0xBB, 0x4F, 0xD2, 0x4C, 0xCF, 0x67,
    0x7A, 0x7A, 0x7A, 0xBA, 0x75, 0xC6, 0xB8, 0xCF, 0xA1, 0xC1, 0x67, 0x61, 0x73, 0x14, 0x22, 0x5B,
    0xA2, 0x90, 0xD8, 0x1A, 0x85, 0x4C, 0x0B, 0x95, 0x5D, 0xA1, 0x60, 0xA5, 0xB0, 0xB0, 0x76, 0xCD,
    0x85, 0xE5, 0x50, 0x35, 0x5C, 0x88, 0xFB, 0x02, 0x85, 0xA4, 0x95, 0x42, 0xB6, 0xCE, 0x5A, 0x5C,
    0x5D, 0x67, 0x1D, 0x9D, 0x03, 0x5B, 0x66, 0x3D, 0x15, 0x42, 0x6B, 0x50, 0x58, 0x6E, 0x4C, 0xDA,
    0xE3, 0x6A, 0x93, 0x0C, 0x54, 0x48, 0x5B, 0x93, 0x6C, 0xF0, 0x6C, 0xF7, 0xC1, 0x23, 0x51, 0x08,
    0xB4, 0x10, 0xDA, 0xBF, 0xFD, 0xEC, 0x15, 0xAA, 0x74, 0x64, 0xA5, 0xD2, 0xEE, 0x6A, 0xB3, 0xA4,
    0xBA, 0xA6, 0x9D, 0x14, 0xA8, 0x0A, 0xA1, 0x2B, 0x04, 0xD6, 0x15, 0xAE, 0xDB, 0x7B, 0x26, 0xB5,
    0x36, 0xA7, 0x3B, 0xE4, 0xEE, 0xBE, 0x79, 0x48, 0x85, 0xC2, 0xDD, 0x6C, 0x29, 0xCF, 0x78, 0xC0,
    0x27, 0x11, 0xA1, 0x98, 0x4A, 0x44, 0x60, 0xA4, 0xE5, 0x4E, 0x06, 0xBE, 0x50, 0x6F, 0x89, 0xD2,
    0xFC, 0x54, 0xCE, 0x7B, 0xFC, 0x83, 0xAA, 0x4B, 0x1B, 0x7A, 0x96, 0x13, 0x55, 0x62, 0x49, 0x84,
    0xEE, 0xD9, 0xEE, 0x1A, 0xDB, 0x46, 0xB6, 0x0E, 0xE9, 0x4F, 0xBE, 0xA4, 0x3F, 0x26, 0xB6, 0xD4,
    0x26, 0x27, 0x88, 0x98, 0xE5, 0x12, 0x0F, 0xC6, 0x09, 0xCE, 0x15, 0x8A, 0x96, 0xE4, 0x55, 0xB5,
    0xA6, 0x72, 0xC7, 0xC6, 0xD8, 0xCE, 0x1D, 0x43, 0xDB, 0x1A, 0xDB, 0x44, 0xB6, 0xBD, 0x52, 0xB5,
    0xC9, 0xDB, 0xED, 0x0B, 0xD5, 0x50, 0x7D, 0xC3, 0xF6, 0x85, 0xDD, 0x24, 0xB6, 0xCF, 0x6C, 0x17,
    0xDB, 0x26, 0xB5, 0xEB, 0xD8, 0xD6, 0x91, 0xBB, 0xB3, 0x93, 0xEC, 0x4D, 0xFE, 0x33, 0xFD, 0x04,
    0x2F, 0x8B, 0xE0, 0x49, 0xEA, 0x7C, 0xCC, 0xA6, 0x47, 0xEE, 0xC3, 0xAB, 0xDA, 0x78, 0xF3, 0x58,
    0xAE, 0x4D, 0x6C, 0x15, 0x92, 0x41, 0x20, 0xF9, 0xEB, 0x06, 0x85, 0x22, 0x90, 0xC2, 0x97, 0x16,
    0xF2, 0x2B, 0x13, 0xF6, 0x52, 0x38, 0x6C, 0xE4, 0x07, 0x2A, 0xA1, 0xB0, 0xD5, 0xAF, 0x34, 0xCA,
    0xE1, 0xCB, 0x27, 0x64, 0xBF, 0x43, 0x74, 0x44, 0xF4, 0x73, 0x7F, 0xE6, 0x36, 0x6D, 0x58, 0x0A,
    0xF4, 0x93, 0x78, 0x4D, 0x0F, 0x48, 0xEA, 0x8A, 0x1E, 0x53, 0xF2, 0x77, 0x20, 0xF7, 0x84, 0x9B,
    0x04, 0xB9, 0xA0, 0x23, 0xD0, 0x0B, 0xB7, 0xB7, 0xC5, 0x7B, 0x26, 0xE1, 0x0C, 0xB4, 0x10, 0xEA,
    0x78, 0x8B, 0x95, 0x90, 0x54, 0x0B, 0x05, 0x7E, 0xB5, 0x67, 0x84, 0x0B, 0xFB, 0x83, 0x5E, 0xBA,
    0xFC, 0xEE, 0x5A, 0x38, 0x11, 0xBC, 0x52, 0x2B, 0x04, 0x56, 0x6F, 0x5A, 0x01, 0xD0, 0x48, 0xA1,
    0x33, 0x4F, 0xE3, 0x57, 0xF9, 0x8E, 0xB7, 0x07, 0xA9, 0x44, 0xE9, 0x87, 0x08, 0x15, 0x4F, 0x3A,
    0x34, 0xA4, 0x9D, 0xA8, 0xC2, 0x00, 0xE2, 0x0A, 0x87, 0xC9, 0x80, 0x3E, 0x08, 0xEA, 0x91, 0xC2,
    0xD0, 0xF2, 0xCF, 0x62, 0x74, 0x46, 0xF6, 0xA7, 0x0D, 0x5F, 0xF4, 0x7D, 0x8B, 0xE6, 0x56, 0x24,
    0xBC, 0xD6, 0x7C, 0xE1, 0xA4, 0xEE, 0x05, 0xA0, 0x20, 0x54, 0x10, 0x15, 0x46, 0x05, 0x52, 0x50,
    0x6A, 0x80, 0xA9, 0x01, 0xA7, 0x02, 0xAA, 0x90, 0x2A, 0xA8, 0x0A, 0xAB, 0x02, 0xAB, 0xD0, 0x2A,
    0xB8, 0x0A, 0xAF, 0x02, 0xAC, 0x01, 0xB1, 0x06, 0xC8, 0x1A, 0x30, 0x6B, 0x00, 0xAD, 0x01, 0xB5,
    0x46, 0xB0, 0x9D, 0x71, 0x7B, 0x45, 0x0B, 0x5F, 0xD2, 0x42, 0xA5, 0x60, 0x15, 0xB5, 0x02, 0x2C,
    0xC8, 0xEC, 0x45, 0x42, 0xB2, 0x7D, 0xA6, 0xD5, 0x19, 0xE4, 0x17, 0x02, 0x5C, 0x73, 0x02, 0xDC,
    0x61, 0x07, 0xEE, 0x87, 0x00, 0x97, 0xE5, 0xB9, 0xE8, 0x46, 0x30, 0x43, 0xFC, 0x16, 0x82, 0x41,
    0x97, 0x24, 0xDC, 0xB8, 0x25, 0x1D, 0x0F, 0xCC, 0x4A, 0x71, 0x05, 0xAD, 0x80, 0x95, 0x59, 0x05,
    0xAA, 0x20, 0xF5, 0x14, 0x50, 0xCF, 0xA4, 0x1A, 0xFD, 0xB6, 0x80, 0xB0, 0x54, 0x23, 0x25, 0x51,
    0xB2, 0xB2, 0xAF, 0x88, 0x6E, 0xBC, 0xB1, 0x6C, 0x44, 0x8D, 0x26, 0x00, 0xC1, 0xE6, 0xC0, 0x67,
    0x61, 0x7F, 0xD9, 0x29, 0x8D, 0xCD, 0x8E, 0xC6, 0x8F, 0x48, 0xE3, 0x61, 0x89, 0x7E, 0x68, 0x27,
    0x2A, 0x30, 0xC5, 0x84, 0x95, 0x2E, 0xFA, 0xA9, 0x31, 0x04, 0xF5, 0xB0, 0xE0, 0xEB, 0x0E, 0xF0,
    0x33, 0xFB, 0xAB, 0x06, 0x44, 0xE6, 0x17, 0x5B, 0x7F, 0xEE, 0x1F, 0xED, 0x89, 0xDE, 0xEB, 0x63,
    0x54, 0xBA, 0xB0, 0xAF, 0x00, 0x9A, 0x3B, 0x95, 0x60, 0x74, 0x3B, 0xDE, 0xA8, 0x8D, 0x70, 0x24,
    0x85, 0x47, 0xF5, 0x07, 0x76, 0x1B, 0xF7, 0xD4, 0x76, 0x02, 0xD8, 0xAF, 0x85, 0xD8, 0x4D, 0x80,
    0x0E, 0x59, 0x76, 0xE6, 0x85, 0x1D, 0xB1, 0xEF, 0xA1, 0x3F, 0xA3, 0x36, 0x74, 0xF7, 0xCA, 0x36,
    0x21, 0xA3, 0xF2, 0xB6, 0x6B, 0x5F, 0x55, 0x50, 0x73, 0xDF, 0x20, 0x5C, 0xCC, 0x53, 0xC1, 0x44,
    0xD3, 0xEE, 0x43, 0x18, 0x2B, 0xAE, 0x4D, 0xEB, 0x31, 0x2D, 0xFE, 0x64, 0xB9, 0x95, 0xAE, 0x4E,
    0xAE, 0x65, 0x59, 0x4E, 0x88, 0x3E, 0x79, 0xF6, 0x35, 0xE7, 0xBE, 0x9F, 0xBD, 0xFD, 0x9A, 0xAE,
    0x51, 0x24, 0x7A, 0x45, 0x4B, 0x38, 0xAC, 0xDE, 0x12, 0xC3, 0xC7, 0xE6, 0x15, 0xE3, 0x42, 0x55,
    0xE2, 0xCB, 0x96, 0x6B, 0xF3, 0xC8, 0x7D, 0x57, 0x94, 0x3B, 0xD8, 0xFE, 0x07, 0x0B, 0x6F, 0x13,
    0xE4, 0x10, 0x05, 0x5F, 0xD8, 0xF2, 0x77, 0x7A, 0x56, 0x10, 0xD4, 0xDA, 0xE4, 0x9F, 0xF4, 0xF4,
    0x6C, 0x65, 0x79, 0xD6, 0x2B, 0x4A, 0x32, 0x11, 0xD2, 0xDC, 0x04, 0xAF, 0x9E, 0xE8, 0xB6, 0x0B,
    0xB3, 0x80, 0xF7, 0xDA, 0x6E, 0xA1, 0xAB, 0xA8, 0x65, 0xBB, 0xBD, 0xC0, 0xCA, 0xD6, 0x73, 0xD3,
    0x35, 0x68, 0x5E, 0x0F, 0x65, 0x82, 0xBA, 0x96, 0x18, 0x31, 0xA5, 0xEE, 0x88, 0x01, 0x20, 0xC3,
    0xC1, 0xF5, 0xAD, 0x5C, 0x5E, 0x28, 0xC6, 0x7B, 0xCF, 0xEE, 0x98, 0x7F, 0x10, 0xF3, 0x57, 0x26,
    0xEB, 0x04, 0x96, 0x34, 0xA4, 0xB2, 0xE4, 0xAA, 0xC4, 0xDD, 0xD8, 0x13, 0x19, 0xFD, 0xF8, 0x53,
    0x1F, 0xA3, 0xAE, 0xEB, 0x8C, 0x53, 0xC8, 0x81, 0x43, 0xAA, 0xA4, 0xC9, 0x8E, 0xAE, 0xB2, 0xAC,
    0x86, 0x2A, 0x9E, 0xE7, 0x12, 0x96, 0x54, 0xF0, 0xEC, 0x39, 0x58, 0xE1, 0x5F, 0x53, 0x7A, 0x15,
    0xBA, 0xB0, 0xDB, 0x76, 0x16, 0x05, 0xEA, 0x3E, 0x12, 0xD6, 0xDC, 0x77, 0x6F, 0x28, 0x87, 0x57,
    0x76, 0x1C, 0x3E, 0x54, 0xDD, 0x8B, 0x6E, 0x80, 0xB1, 0xB9, 0x44, 0x3D, 0x37, 0xA8, 0x36, 0x64,
    0xC9, 0xD2, 0x49, 0x49, 0x22, 0x9F, 0x8A, 0xCA, 0x8B, 0xC4, 0xE1, 0xC1, 0xD1, 0x96, 0x43, 0x33,
    0x7A, 0x57, 0xF8, 0x8B, 0x7F, 0x29, 0x85, 0xE0, 0x19, 0xD5, 0x90, 0xD7, 0xB7, 0x14, 0xA3, 0xA9,
    0x5F, 0xC7, 0x20, 0x0E, 0xD7, 0xDF, 0x7A, 0x52, 0x29, 0x7E, 0x5D, 0x80, 0x7C, 0xA5, 0x9B, 0x63,
    0x63, 0xD2, 0xCD, 0x8E, 0xC3, 0xF7, 0xB4, 0x01, 0xD2, 0x0E, 0xCF, 0xE3, 0xC1, 0xCD, 0xC7, 0xA6,
    0xA0, 0xB6, 0xAE, 0x0A, 0xAE, 0x7D, 0x3F, 0xAE, 0xD7, 0x0B, 0x12, 0xD9, 0xB5, 0x17, 0x49, 0x2B,
    0xB6, 0x5F, 0x5C, 0x8C, 0x34, 0xD2, 0x2F, 0x82, 0x29, 0x8D, 0xE9, 0xB9, 0xA1, 0xF1, 0xAA, 0x2E,
    0x7F, 0x8A, 0x2E, 0x2E, 0xD1, 0x5B, 0x1B, 0x0C, 0xBD, 0xC5, 0x50, 0x59, 0x99, 0xB6, 0x53, 0xC1,
    0x32, 0xD7, 0xE5, 0x8F, 0x33, 0x5B, 0x04, 0x42, 0x93, 0xE8, 0x3A, 0x52, 0xB5, 0xE2, 0x3F, 0xD4,
    0x23, 0xAA, 0x5A, 0x51, 0x57, 0x51, 0x66, 0xEF, 0xE6, 0x8E, 0xC6, 0xFB, 0xD3, 0x18, 0xDC, 0x44,
    0x1D, 0xC2, 0x9A, 0x9E, 0x1B, 0x61, 0xA5, 0xEC, 0x8E, 0x77, 0x12, 0xBA, 0xFB, 0x6D, 0x9E, 0xA3,
    0xAF, 0x99, 0x63, 0x4C, 0x64, 0x44, 0xA0, 0xB9, 0x18, 0x04, 0xFA, 0xCF, 0x6D, 0xB1, 0x9C, 0x5D,
    0x9B, 0x96, 0xF0, 0x06, 0x6D, 0xC8, 0x34, 0xE6, 0x8E, 0xFE, 0x9B, 0xD5, 0xA9, 0x56, 0xDD, 0x41,
    0x4A, 0x57, 0x62, 0x4B, 0xF3, 0x9E, 0x9F, 0x1D, 0x66, 0xFF, 0x83, 0x85, 0xCF, 0xE3, 0x8C, 0xE5,
    0x8B, 0x86, 0xFC, 0xEF, 0x8E, 0x1B, 0x3A, 0xDE, 0x25, 0x55, 0x82, 0xE7, 0x66, 0xBC, 0xFC, 0x89,
    0x71, 0x9F, 0xE7, 0xCC, 0x85, 0x5D, 0xEC, 0xC0, 0x32, 0xE4, 0x36, 0x47, 0x5B, 0x67, 0x6E, 0x0E,
    0x75, 0x78, 0x3A, 0xC0, 0xD6, 0xC9, 0x06, 0x78, 0x88, 0xDD, 0xAD, 0xD8, 0x04, 0x2D, 0x7A, 0xD8,
    0xA4, 0x55, 0x67, 0x16, 0x47, 0xBA, 0x7A, 0xA4, 0x73, 0x33, 0x3B, 0x07, 0xF6, 0x9D, 0x9F, 0xBD,
    0x06, 0x30, 0x79, 0x38, 0xD0, 0xF3, 0x3A, 0x39, 0x37, 0xBC, 0xD2, 0xFC, 0xDD, 0x73, 0x6C, 0xD6,
    0x0B, 0xE4, 0x0A, 0x7B, 0x2C, 0x5D, 0x16, 0x93, 0x8F, 0x8D, 0x76, 0xF0, 0xDC, 0x39, 0x2B, 0x61,
    0x25, 0x90, 0x1B, 0xC1, 0x55, 0x87, 0xF7, 0xB5, 0x5C, 0x75, 0xC8, 0x15, 0x18, 0x54, 0xA8, 0x36,
    0x75, 0x05, 0x55, 0x9B, 0x29, 0xED, 0xD1, 0x0A, 0x1D, 0x86, 0xA7, 0x7F, 0x96, 0xEA, 0x0A, 0x93,
    0xFA, 0x67, 0xEA, 0x11, 0xD3, 0x73, 0x33, 0xC7, 0xEC, 0xB3, 0x2A, 0xEA, 0x67, 0x59, 0x48, 0x39,
    0xB5, 0x64, 0x45, 0xCF, 0x6D, 0x4C, 0xF1, 0x6F, 0xDB, 0xB8, 0xB1, 0x54, 0x34, 0x4E, 0x60, 0x59,
    0x13, 0xB9, 0x3E, 0x5E, 0xB9, 0x75, 0x8A, 0xAD, 0xD3, 0xD6, 0xD1, 0x90, 0x35, 0x8E, 0x81, 0xEC,
    0x9F, 0x4E, 0x4C, 0xAE, 0x4E, 0xA5, 0x1B, 0xB9, 0x03, 0x0D, 0xDF, 0x92, 0x05, 0xB7, 0x30, 0xD5,
    0xDA, 0xC4, 0xB9, 0x7B, 0x54, 0x51, 0x16, 0xC3, 0x75, 0x1E, 0x0C, 0x1B, 0x1A, 0x1A, 0x9D, 0x6B,
    0xBF, 0xBB, 0xFB, 0x82, 0x79, 0x7C, 0x2C, 0x9F, 0x55, 0xFC, 0x40, 0xFD, 0x2F, 0x01, 0x8D, 0x7D,
    0x1A, 0x54, 0x7A, 0x98, 0x82, 0xAE, 0x5A, 0x35, 0x83, 0x3C, 0x03, 0x2B, 0x7B, 0x4D, 0x43, 0xC1,
    0xED, 0x8E, 0x1A, 0xB8, 0x53, 0x97, 0x6B, 0xDD, 0x75, 0xC1, 0x84, 0x6A, 0xF6, 0x75, 0xBB, 0x5A,
    0xC4, 0x52, 0xE8, 0xE2, 0x57, 0xCE, 0x9F, 0x39, 0x4D, 0x96, 0x97, 0x06, 0xA6, 0xE0, 0x4E, 0x2E,
    0x7B, 0x05, 0x05, 0x55, 0xC0, 0x46, 0xEE, 0x30, 0x2C, 0xDD, 0xE1, 0x75, 0xDE, 0x00, 0x4C, 0x48,
    0xB6, 0x74, 0xE3, 0x88, 0xF5, 0x08, 0xFD, 0x2B, 0x62, 0xCF, 0xDF, 0xD1, 0x7C, 0xB4, 0xFE, 0xDF,
    0x10, 0x3A, 0x86, 0x9F, 0xC3, 0x29, 0xA6, 0x16, 0xBE, 0xBA, 0x37, 0x3B, 0xD1, 0xED, 0xFC, 0xEF,
    0xE2, 0x27, 0x10, 0xF8, 0x4B, 0x21, 0x68, 0x79, 0x52, 0x97, 0x98, 0x0F, 0xFC, 0x5C, 0x9A, 0xDE,
    0x3F, 0xCC, 0x1F, 0xA7, 0x49, 0x26, 0xA3, 0xED, 0x0A, 0x52, 0xF0, 0xEE, 0x5B, 0xF1, 0x5D, 0x4B,
    0xD6, 0x8D, 0x13, 0x7F, 0x60, 0x0E, 0xF2, 0x13, 0xA2, 0xF9, 0xBF, 0x2A, 0x0B, 0xF5, 0x25, 0xE8,
    0x16, 0x94, 0x31, 0xD6, 0x9B, 0x18, 0xAA, 0x04, 0xE1, 0x4B, 0x08, 0x6E, 0xC6, 0x10, 0x7D, 0xDC,
    0xC2, 0x43, 0xEB, 0x64, 0x73, 0x43, 0x0D, 0x8C, 0x5C, 0x0D, 0x8C, 0x5A, 0xEC, 0x0A, 0xF1, 0x83,
    0x65, 0x8D, 0x78, 0xC6, 0xB2, 0x72, 0xB9, 0x9A, 0x6F, 0xF2, 0x6E, 0x81, 0x31, 0x12, 0xE1, 0x0B,
    0x9E, 0x0D, 0x0F, 0x87, 0xA7, 0xC3, 0xE3, 0xE1, 0xF9, 0xF0, 0x80, 0x78, 0x42, 0x3C, 0x22, 0xBE,
    0xA0, 0x90, 0x78, 0x4A, 0x3C, 0x26, 0x9E, 0x13, 0x0F, 0x8A, 0x27, 0x65, 0x34, 0xB1, 0x94, 0x15,
    0x0F, 0x8B, 0xA7, 0xC5, 0xE3, 0xE2, 0x79, 0x51, 0x60, 0x3C, 0x31, 0x1E, 0x19, 0xCF, 0xCC, 0xE9,
    0xF3, 0xCF, 0x8D, 0x99, 0xA6, 0x85, 0x3C, 0x17, 0x56, 0x36, 0xC0, 0xCC, 0xE8, 0xDE, 0x52, 0x4F,
    0x23, 0x3B, 0xB8, 0x82, 0xE3, 0x8F, 0x73, 0x4D, 0x07, 0xF1, 0xAE, 0xE7, 0xA3, 0xFD, 0x17, 0x5A,
    0x9E, 0xD9, 0xE3, 0x9E, 0x7B, 0x2F, 0x6B, 0xD8, 0x4F, 0x91, 0x94, 0x8B, 0x95, 0x39, 0x1D, 0x44,
    0xA0, 0x68, 0x00, 0xA3, 0x01, 0x8E, 0x86, 0x81, 0x64, 0x5B, 0x90, 0x6D, 0xB4, 0x0D, 0x5B, 0x0B,
    0x8C, 0x25, 0x57, 0x87, 0xAD, 0xB8, 0x96, 0x03, 0x93, 0x18, 0x4E, 0x03, 0x3C, 0x0D, 0x00, 0x35,
    0x40, 0x54, 0x20, 0x15, 0x4C, 0x0D, 0x40, 0xE5, 0x29, 0x94, 0xDA, 0xCA, 0xB0, 0xB2, 0x6C, 0x58,
    0x19, 0xA0, 0x57, 0x62, 0xD4, 0x61, 0x21, 0x71, 0x52, 0xD3, 0x39, 0x4E, 0x63, 0xA0, 0x64, 0x82,
    0xD6, 0x68, 0x80, 0x48, 0xC4, 0x29, 0x81, 0x14, 0x41, 0x2E, 0x22, 0x6B, 0x32, 0xF8, 0xB2, 0xFB,
    0xC8, 0xF8, 0x35, 0x32, 0x63, 0x50, 0x0A, 0xAE, 0x2B, 0xA1, 0x75, 0x3D, 0x85, 0xF5, 0x8A, 0xB9,
    0xCC, 0xD6, 0x10, 0xD6, 0x2E, 0x09, 0x13, 0x98, 0xAE, 0xC7, 0xE8, 0xA1, 0x78, 0xE2, 0xE3, 0x12,
    0x6D, 0x41, 0xD2, 0x0D, 0x8E, 0x3F, 0xE1, 0x11, 0x04, 0x81, 0x15, 0x6C, 0x0F, 0x62, 0x05, 0xF8,
    0x81, 0xBE, 0x53, 0xE0, 0x03, 0x79, 0x0C, 0x1E, 0xB8, 0x03, 0x76, 0x4C, 0x1D, 0xA0, 0x03, 0x73,
    0x40, 0x0E, 0xC4, 0x01, 0x38, 0xF0, 0x06, 0xDC, 0x40, 0x1B, 0x60, 0x03, 0x6B, 0x40, 0x0D, 0xA4,
    0x01, 0x34, 0x70, 0x06, 0xCC, 0x40, 0x19, 0x20, 0x13, 0xC6, 0x26, 0x88, 0xED, 0x1F, 0x6B, 0xEC,
    0xC9, 0x46, 0x15, 0xA2, 0xD5, 0xC0, 0x3B, 0x31, 0x74, 0x16, 0xEB, 0x42, 0x30, 0x13, 0x7F, 0x6B,
    0xDC, 0x24, 0xA2, 0xEE, 0x7A, 0x59, 0x82, 0x58, 0x1B, 0xCF, 0x50, 0xF3, 0xAC, 0x79, 0xD8, 0x76,
    0xAA, 0xF1, 0xBD, 0x54, 0xE3, 0xE2, 0x9E, 0xA8, 0xB5, 0x72, 0x5C, 0xCD, 0x06, 0x3D, 0x22, 0x2E,
    0xBA, 0x44, 0xE6, 0x22, 0xF8, 0x7C, 0x36, 0xC6, 0x87, 0xEF, 0x05, 0xC7, 0xDC, 0x05, 0xD1, 0xC0,
    0xD5, 0x49, 0xED, 0x57, 0x2F, 0xB8, 0x4E, 0xBC, 0x65, 0x64, 0x27, 0xB5, 0x6E, 0xD1, 0x35, 0xEF,
    0x72, 0xEF, 0xC5, 0x7F, 0x47, 0xA7, 0x47, 0xA5, 0xAE, 0x7C, 0x9F, 0x98, 0xEE, 0xEE, 0x69, 0xAC,
    0xA3, 0x7B, 0xE8, 0xB0, 0xA5, 0x13, 0x11, 0x22, 0x98, 0xAD, 0xD9, 0x60, 0x35, 0x45, 0xBE, 0xAC,
    0x2F, 0xBB, 0x4E, 0xAC, 0xCA, 0x4F, 0xD3, 0x66, 0x76, 0xE6, 0x1E, 0x3F, 0x54, 0x66, 0xF9, 0x8E,
    0xFB, 0x6A, 0xB8, 0x76, 0x2D, 0x09, 0x56, 0x91, 0x0E, 0x2C, 0x43, 0xBC, 0x44, 0x1B, 0xC5, 0xB5,
    0x72, 0x42, 0x0F, 0xAD, 0x5B, 0x3E, 0xC6, 0xBD, 0x43, 0xC3, 0x91, 0xD6, 0x91, 0x6F, 0x62, 0x75,
    0x46, 0xCC, 0xBF, 0x6F, 0xCE, 0x27, 0xCD, 0xD4, 0xAA, 0xE3, 0xA8, 0x9C, 0xBA, 0x8B, 0xE2, 0x01,
    0x7A, 0x3F, 0x6B, 0x23, 0x38, 0x98, 0x57, 0xD0, 0x2A, 0x2F, 0x1A, 0xB3, 0xDA, 0x19, 0xFC, 0x0F,
    0xDD, 0x77, 0xC0, 0x23, 0x6C, 0x61, 0xB5, 0xCA, 0xEC, 0xD7, 0xCB, 0xA8, 0x27, 0xEC, 0x8F, 0x69,
    0x1A, 0x74, 0x7D, 0x10, 0x75, 0x4E, 0x50, 0x69, 0x13, 0xF4, 0x6E, 0x50, 0x9B, 0x97, 0xCF, 0xCC,
    0x52, 0xE2, 0x7D, 0xFB, 0x1D, 0xD8, 0x47, 0x16, 0xB0, 0xF4, 0x62, 0x46, 0x22, 0xFD, 0x0B, 0x3B,
    0xD6, 0x38, 0x02, 0x3B, 0x35, 0xDB, 0x71, 0xD8, 0xB0, 0x7E, 0x11, 0x87, 0xB8, 0x80, 0x30, 0xD7,
    0xA7, 0xC0, 0xC6, 0x88, 0x6D, 0xF8, 0xD8, 0xFB, 0x2D, 0x4C, 0xEC, 0x1B, 0x65, 0x3A, 0x41, 0x7A,
    0x6F, 0x57, 0xD1, 0x8F, 0x5D, 0x01, 0xC0, 0xF8, 0xC8, 0x9E, 0x47, 0x39, 0xC2, 0x53, 0x18, 0xCA,
    0x84, 0x51, 0x1B, 0x71, 0x52, 0x1A, 0x0E, 0xDF, 0x71, 0x15, 0x2F, 0x3D, 0x4C, 0xB1, 0x35, 0x32,
    0xE1, 0xCD, 0x1E, 0xE8, 0xD0, 0x39, 0x62, 0x70, 0x3A, 0xC6, 0xA6, 0x63, 0x68, 0xB8, 0xD3, 0x7F,
    0x5E, 0xBA, 0x6B, 0x5A, 0xF7, 0x43, 0xD7, 0x1B, 0x3F, 0x74, 0x7F, 0x5D, 0x77, 0x3E, 0x4D, 0xEC,
    0x93, 0x15, 0xEB, 0xB4, 0x2E, 0x79, 0xC8, 0x29, 0xB0, 0x90, 0xC2, 0x80, 0x17, 0x93, 0xA6, 0x3A,
    0x8D, 0xBD, 0xEF, 0x6E, 0x90, 0x51, 0xAF, 0xCA, 0x5F, 0xF6, 0x99, 0x32, 0x1C, 0x2B, 0x57, 0xED,
    0x9A, 0xBD, 0x9A, 0x21, 0xC5, 0x0B, 0xB9, 0x8A, 0x91, 0xA7, 0x95, 0xE2, 0xBD, 0x28, 0xF6, 0x2C,
    0xE9, 0xE1, 0xF3, 0xCB, 0xBA, 0xA7, 0x5C, 0xE5, 0x06, 0x7E, 0x74, 0xE6, 0xAA, 0x44, 0x60, 0x91,
    0xEB, 0x36, 0xB8, 0x79, 0x5E, 0x65, 0x79, 0xE2, 0x73, 0x43, 0xBC, 0xD6, 0xFE, 0x51, 0x18, 0xF9,
    0xD1, 0x24, 0x40, 0x20, 0x38, 0x1E, 0xBF, 0x9E, 0xD1, 0xAE, 0x03, 0x29, 0x69, 0xFD, 0xBB, 0x62,
    0x01, 0x9A, 0x37, 0x26, 0xB7, 0xBC, 0xE9, 0x9E, 0xDF, 0x73, 0x50, 0x56, 0x22, 0x7F, 0x59, 0xA0,
    0x34, 0xA2, 0xC9, 0x5B, 0x4E, 0x7D, 0x50, 0xA1, 0x1F, 0x02, 0x1E, 0x18, 0xE8, 0x03, 0xC4, 0x03,
    0x1A, 0xE9, 0x87, 0xC8, 0x5D, 0x5F, 0xE5, 0xC4, 0x7B, 0x4C, 0x2E, 0x01, 0xD7, 0x04, 0xD6, 0x4C,
    0x93, 0x7D, 0x0D, 0xD2, 0x76, 0x04, 0x3C, 0xDD, 0xB6, 0xEA, 0x70, 0x4B, 0x9A, 0x83, 0x45, 0x31,
    0x5C, 0xDF, 0x88, 0xED, 0x85, 0x99, 0x9F, 0x14, 0x50, 0x09, 0xF5, 0x47, 0x82, 0x88, 0xAD, 0x15,
    0xE1, 0xAC, 0x96, 0x18, 0xC5, 0xBC, 0xCA, 0x59, 0x40, 0x57, 0x21, 0x20, 0x37, 0xB3, 0x79, 0x44,
    0x5D, 0xE0, 0x66, 0x26, 0x0A, 0x21, 0xA4, 0x1D, 0x07, 0x36, 0xD4, 0xDD, 0x39, 0x83, 0x19, 0x56,
    0xCB, 0xB9, 0x64, 0x9B, 0xD7, 0x9D, 0x2B, 0x99, 0xC9, 0xD8, 0x38, 0x70, 0x5F, 0xE6, 0xB3, 0xFB,
    0x12, 0x9F, 0x0B, 0x39, 0xBB, 0x03, 0x7F, 0x8F, 0x70, 0xDE, 0x60, 0x3B, 0x98, 0xEE, 0xB3, 0x64,
    0x56, 0x09, 0xF5, 0x9A, 0x77, 0x71, 0x48, 0x2F, 0xC5, 0x76, 0xF8, 0x3A, 0x81, 0xB5, 0x94, 0xEA,
    0xF2, 0xFE, 0xC0, 0x0A, 0xCD, 0xD9, 0x48, 0xF3, 0x56, 0xF7, 0xDB, 0x63, 0x9B, 0xAE, 0x8F, 0x03,
    0x51, 0xE7, 0xE2, 0x84, 0x9A, 0xA8, 0x79, 0x28, 0xA4, 0xA5, 0x18, 0xED, 0xBE, 0xAB, 0x75, 0x89,
    0x51, 0xF2, 0x33, 0x5A, 0xB6, 0xA7, 0x28, 0xFE, 0xD2, 0xB2, 0x94, 0xD6, 0x09, 0xC9, 0xC8, 0x89,
    0xC5, 0xF5, 0x10, 0xDD, 0xCB, 0xA9, 0x45, 0x77, 0x74, 0x23, 0xC6, 0x1D, 0x33, 0xEA, 0xAA, 0xBC,
    0x68, 0xE9, 0x58, 0xB5, 0xD4, 0x9D, 0xAE, 0x67, 0x62, 0x1C, 0x37, 0x34, 0x1D, 0xA5, 0xEC, 0xAA,
    0x77, 0x5F, 0x73, 0xBD, 0x46, 0xE3, 0xB2, 0x27, 0x88, 0x32, 0xEE, 0x9F, 0x84, 0x7B, 0x2B, 0xE2,
    0x07, 0x06, 0x70, 0x93, 0x9C, 0x6C, 0xD8, 0xC1, 0x18, 0x2D, 0x17, 0xC8, 0x10, 0x19, 0x07, 0x8A,
    0x6C, 0x4F, 0xBC, 0xB6, 0x95, 0x45, 0xB4, 0x90, 0xE0, 0xCC, 0x58, 0x22, 0xE9, 0xB2, 0xBF, 0xEA,
    0x4A, 0x4C, 0xCE, 0x9A, 0x49, 0xA4, 0x21, 0x21, 0x92, 0xF9, 0x11, 0xAA, 0xDC, 0xDA, 0x79, 0xEE,
    0x50, 0xB0, 0xA5, 0x52, 0x2F, 0x2B, 0x6D, 0xD7, 0x67, 0x39, 0x42, 0x39, 0x2D, 0xE9, 0xC8, 0x2A,
    0x88, 0xEB, 0x82, 0x73, 0x84, 0xAA, 0x71, 0x95, 0x01, 0x93, 0x0F, 0xD7, 0x3F, 0x30, 0x47, 0xE8,
    0x4C, 0x92, 0xB7, 0xED, 0x3F, 0x69, 0xE7, 0x8B, 0x01, 0x38, 0x97, 0xF6, 0x24, 0xD4, 0xBF, 0xFA,
    0xD5, 0x20, 0x7B, 0x67, 0xB2, 0x0E, 0x04, 0x7B, 0xC9, 0xBB, 0x83, 0x06, 0x71, 0xCA, 0x46, 0x1A,
    0x56, 0x49, 0xBD, 0x04, 0x66, 0xE5, 0x66, 0xA7, 0xB9, 0xA6, 0xF9, 0x3F, 0x12, 0x2D, 0x18, 0xCF,
    0xF2, 0x7F, 0xAA, 0xF5, 0x44, 0x9D, 0x69, 0xFE, 0x0F, 0xFF, 0xEA, 0x20, 0xAF, 0x47, 0xC2, 0xB6,
    0xF2, 0x7F, 0xFE, 0x85, 0x5D, 0xD6, 0xDA, 0xC2, 0x2D, 0x58, 0xDC, 0x37, 0x7E, 0xDD, 0xAF, 0x5F,
    0x4B, 0xA3, 0xF8, 0x09, 0x7F, 0x00, 0x50, 0x08, 0x14, 0x04, 0x0D, 0x18, 0x34, 0x80, 0xD0, 0x80,
    0x42, 0x03, 0x0C, 0x0D, 0x38, 0x34, 0x00, 0x51, 0x48, 0x14, 0x14, 0x85, 0x45, 0x81, 0x51, 0x68,
    0x14, 0x1C, 0x85, 0x47, 0x01, 0x52, 0x88, 0x54, 0x24, 0xA7, 0xC2, 0xDA, 0xD3, 0x30, 0x16, 0x33,
    0x73, 0x81, 0xFA, 0xDC, 0x1F, 0xF8, 0xA0, 0xCC, 0x9E, 0xB0, 0x5A, 0x3D, 0x03, 0x8B, 0xD0, 0xAE,
    0xBE, 0x07, 0xF1, 0xCB, 0x4E, 0xB6, 0xC4, 0x20, 0x55, 0x6F, 0x6D, 0x04, 0xCA, 0x4A, 0xD4, 0xE0,
    0xD3, 0x3B, 0x28, 0xC7, 0xCF, 0x77, 0x59, 0x38, 0xFD, 0x7D, 0x72, 0x7B, 0xE0, 0xA2, 0x82, 0xEB,
    0x9E, 0x67, 0x88, 0x83, 0x7C, 0x3D, 0x46, 0xA8, 0x4F, 0x72, 0x7B, 0x98, 0x43, 0xC6, 0x10, 0x14,
    0x9E, 0x02, 0xE1, 0x59, 0x54, 0x7F, 0x92, 0xDA, 0xE3, 0x99, 0x91, 0x35, 0x66, 0xFA, 0x43, 0xC9,
    0xD0, 0xC3, 0xAC, 0xB8, 0x87, 0xDD, 0x39, 0x53, 0xE5, 0x12, 0x62, 0xBA, 0xEA, 0xE5, 0xAA, 0x76,
    0x47, 0xDA, 0xFB, 0x21, 0x0D, 0x79, 0x3B, 0x21, 0xA6, 0x0B, 0xCD, 0xDB, 0x41, 0x68, 0x60, 0xF2,
    0xE5, 0x79, 0xDE, 0xCE, 0x7A, 0x0C, 0xC5, 0x38, 0x40, 0xCC, 0xA0, 0xBD, 0x7B, 0x4A, 0xDE, 0xCE,
    0xC5, 0xD3, 0x7B, 0x8B, 0x23, 0xA4, 0xEB, 0xA6, 0x43, 0x84, 0xA1, 0x67, 0x5F, 0x61, 0x7D, 0xF7,
    0x92, 0x78, 0x61, 0x5E, 0x88, 0x36, 0xE2, 0x15, 0x90, 0xA5, 0xC2, 0x63, 0xEA, 0xB9, 0x2D, 0x67,
    0xE9, 0x3A, 0x89, 0x78, 0x23, 0xAA, 0x37, 0x85, 0x46, 0xAC, 0xA3, 0x7D, 0x72, 0xD9, 0x8E, 0x46,
    0x36, 0x73, 0x16, 0xEC, 0xEA, 0x21, 0xB3, 0xA7, 0xB0, 0x7F, 0xA0, 0x9C, 0x9C, 0x43, 0x92, 0xDF,
    0x8B, 0xBC, 0x1C, 0x7D, 0xCA, 0xD8, 0xED, 0x40, 0x9E, 0x59, 0x4E, 0x0E, 0x57, 0x1A, 0x39, 0x39,
    0xF5, 0x34, 0x27, 0xE7, 0xE3, 0x67, 0x5E, 0xE3, 0x49, 0x16, 0x9B, 0x66, 0x7D, 0x07, 0xA2, 0xF7,
    0x96, 0xC2, 0x4C, 0x22, 0x3B, 0x1B, 0xD5, 0x1F, 0x2D, 0x14, 0x5D, 0xC9, 0x73, 0x6E, 0x3C, 0x20,
    0x6C, 0xD9, 0x49, 0xEB, 0xEA, 0xA9, 0x6B, 0xB1, 0xDD, 0x92, 0xF4, 0x23, 0x2D, 0x49, 0x65, 0x50,
    0x22, 0xF2, 0xAA, 0xDA, 0x4E, 0xB0, 0x89, 0xFF, 0x8D, 0x04, 0x1B, 0x0E, 0x10, 0x2F, 0xB3, 0x92,
    0xBC, 0xA5, 0xA9, 0xBB, 0xE3, 0xAB, 0xE7, 0x80, 0xB7, 0x0F, 0xB7, 0xB4, 0xF5, 0x16, 0xA0, 0x0F,
    0x24, 0xF2, 0x49, 0x72, 0x7E, 0x7F, 0xA9, 0xD2, 0x3D, 0x38, 0x7D, 0x77, 0x06, 0x05, 0xE2, 0x71,
    0x50, 0x45, 0x72, 0x4F, 0xB6, 0xCB, 0xAF, 0xE6, 0x6A, 0x34, 0xF3, 0x48, 0x9D, 0x86, 0xFB, 0x39,
    0x60, 0x79, 0x47, 0x86, 0x88, 0x8D, 0x07, 0xDD, 0x67, 0x6A, 0x85, 0x59, 0xFA, 0x0A, 0x43, 0x0B,
    0xA2, 0x40, 0xAD, 0x62, 0xEB, 0xB9, 0xF5, 0xE0, 0x1A, 0x25, 0xD7, 0x28, 0xBA, 0x46, 0xD9, 0x35,
    0x0A, 0xAF, 0x16, 0x4A, 0xA3, 0xF8, 0x1A, 0xE5, 0xD7, 0x28, 0xC0, 0x46, 0x09, 0xF6, 0x08, 0x7B,
    0x86, 0x3D, 0xC4, 0x9E, 0x62, 0x8F, 0xB1, 0xE7, 0xD8, 0x83, 0xEC, 0x49, 0xF6, 0x28, 0x8F, 0x2C,
    0x7B, 0x98, 0x47, 0x9A, 0xA7, 0xBD, 0x25, 0xA5, 0x6E, 0xBA, 0x77, 0x2E, 0xB8, 0xC6, 0xC3, 0xD4,
    0x7B, 0x2D, 0x51, 0xA2, 0x90, 0xAA, 0xBA, 0x18, 0x3A, 0x6C, 0x29, 0x5D, 0xD3, 0x14, 0x52, 0x5B,
    0xFA, 0x84, 0xD2, 0xE0, 0xD9, 0x05, 0x7C, 0xFE, 0x3F, 0x1A, 0x50, 0x2D, 0xD0, 0x49, 0x55, 0x38,
    0x5B, 0xD3, 0xF0, 0x27, 0x55, 0x14, 0xFD, 0x76, 0x3E, 0xAC, 0x8F, 0x18, 0x0D, 0x34, 0x1F, 0xD6,
    0x43, 0xC8, 0xFE, 0x4B, 0x44, 0xF4, 0x38, 0xC4, 0x21, 0x94, 0xFD, 0x7C, 0x07, 0xDF, 0x07, 0x83,
    0x8F, 0x3F, 0x9F, 0x9F, 0x4A, 0x5F, 0x62, 0x0B, 0x42, 0xCD, 0xA5, 0xAF, 0xA7, 0x1B, 0x3F, 0x42,
    0xA2, 0x6C, 0x5A, 0x05, 0x3D, 0xE0, 0xFB, 0xFC, 0x79, 0x86, 0x6F, 0xF2, 0x6A, 0xA0, 0xCE, 0xCC,
    0xDC, 0x7A, 0xDE, 0xAF, 0xE7, 0x1D, 0x7B, 0xA3, 0x67, 0x6F, 0xCC, 0xF6, 0x4A, 0xFD, 0xAB, 0x81,
    0x4A, 0xE0, 0x48, 0x56, 0x35, 0x5E, 0xC4, 0xD0, 0x88, 0x2E, 0x0C, 0xD6, 0x3B, 0x1C, 0xDF, 0x0F,
    0x8E, 0x1C, 0xBC, 0xE9, 0x5F, 0xF5, 0x50, 0xA0, 0x3F, 0xEC, 0xD7, 0x58, 0xD2, 0x03, 0xF6, 0x3D,
    0x5F, 0x50, 0x3F, 0x4E, 0x23, 0x9B, 0xC2, 0x93, 0xD0, 0xAB, 0x68, 0xAD, 0x7B, 0x7F, 0x4F, 0x70,
    0x48, 0xE7, 0x79, 0xA6, 0x72, 0xBF, 0xD4, 0x8C, 0x9A, 0x36, 0x96, 0x60, 0x96, 0x21, 0xAD, 0x75,
    0x8B, 0x48, 0x22, 0x85, 0x25, 0x27, 0x26, 0x6C, 0xB2, 0x01, 0xE8, 0x1D, 0x39, 0x11, 0x28, 0x68,
    0x3B, 0x4D, 0xF8, 0x41, 0xD0, 0x3B, 0x2C, 0x1F, 0xC7, 0x74, 0x93, 0xF1, 0xEF, 0xDB, 0x0A, 0xFB,
    0xA3, 0xFC, 0xA2, 0xAA, 0x3F, 0xA2, 0xA7, 0x6A, 0xB6, 0x12, 0x83, 0xFC, 0x20, 0x7F, 0x62, 0x36,
    0x49, 0x9D, 0x4B, 0xA5, 0xC7, 0x6E, 0x25, 0x05, 0x65, 0x47, 0xCC, 0x87, 0x9F, 0x3B, 0x4F, 0x2E,
    0x45, 0xFC, 0x5A, 0xC4, 0x2F, 0x46, 0xA6, 0x31, 0x5B, 0x22, 0xF4, 0xA5, 0x7F, 0x17, 0xC8, 0x64,
    0x3B, 0xD4, 0x5C, 0x0C, 0xB0, 0xE6, 0xEB, 0x0F, 0x79, 0x13, 0x45, 0xA0, 0xAE, 0xF4, 0xD5, 0x44,
    0x32, 0x9A, 0xFE, 0xF3, 0xDA, 0xEC, 0x3A, 0xD7, 0xB0, 0xD6, 0x69, 0xB9, 0x8D, 0x7B, 0x62, 0xE3,
    0xDA, 0xDA, 0xBB, 0xF3, 0x9A, 0xD6, 0x56, 0xFB, 0xF4, 0xE4, 0x43, 0x54, 0x93, 0xF6, 0x80, 0x79,
    0x25, 0x9D, 0xF6, 0x78, 0xC5, 0x05, 0x87, 0x8C, 0xAC, 0xD9, 0x42, 0xE1, 0x67, 0xB8, 0x66, 0x86,
    0x92, 0xD7, 0xC4, 0xFE, 0x05, 0xD7, 0x42, 0xDE, 0xF0, 0x76, 0xDF, 0xE1, 0x2D, 0x6F, 0xF7, 0x1D,
    0x92, 0x54, 0xC0, 0x67, 0x20, 0x9F, 0x58, 0x10, 0x4F, 0x5B, 0xDF, 0x34, 0x9B, 0x67, 0x1B, 0x98,
    0x41, 0xD9, 0x80, 0xF0, 0x5F, 0xDA, 0x71, 0x27, 0x99, 0xD1, 0x9E, 0x3B, 0x49, 0xAB, 0x90, 0xBD,
    0x7D, 0xA2, 0x8C, 0x7E, 0x96, 0x51, 0xC2, 0x14, 0xC3, 0xF6, 0x0E, 0x85, 0x1E, 0x21, 0x6C, 0x45,
    0x46, 0xC7, 0x46, 0xA2, 0x65, 0x78, 0xF6, 0x3A, 0xD4, 0x98, 0xED, 0xE7, 0xF2, 0x0F, 0xB8, 0xA8,
    0xAD, 0x1F, 0xB8, 0xA8, 0xDD, 0xF3, 0x76, 0x71, 0xDA, 0x71, 0x84, 0x82, 0x6B, 0x34, 0xA5, 0xB8,
    0x59, 0x39, 0x91, 0xCB, 0x65, 0xCD, 0x1D, 0x61, 0x57, 0x3C, 0xB4, 0x6D, 0xBD, 0xE0, 0x94, 0xAF,
    0x9A, 0x9A, 0xBB, 0xB0, 0x65, 0xC8, 0xD1, 0x2B, 0x79, 0x04, 0x97, 0x72, 0x8C, 0xFD, 0x73, 0x0A,
    0x51, 0x70, 0xCD, 0xCD, 0x10, 0xCD, 0x50, 0xA1, 0xD1, 0x96, 0x63, 0x1A, 0x42, 0xDB, 0x5F, 0x71,
    0x12, 0x8F, 0xFF, 0xDE, 0xA7, 0x4E, 0x4A, 0xD5, 0x6F, 0x1C, 0x89, 0xAE, 0xB3, 0xC8, 0x7E, 0xCA,
    0x6C, 0x4F, 0x2F, 0x1C, 0x49, 0xA9, 0x07, 0x49, 0xE2, 0xD0, 0x20, 0x27, 0xF3, 0xA2, 0x90, 0xF3,
    0x30, 0x89, 0x74, 0x47, 0x0C, 0x82, 0xA4, 0xB4, 0x51, 0x9C, 0x12, 0xFF, 0x0B, 0x96, 0xD9, 0xFE,
    0xD1, 0x89, 0x8D, 0x58, 0xF1, 0x19, 0xCB, 0x82, 0x54, 0xDF, 0xE5, 0xA8, 0xAF, 0x72, 0x7C, 0x49,
    0xDF, 0xE4, 0xA8, 0xD6, 0xDA, 0xE1, 0x7A, 0x6A, 0xDC, 0xFA, 0x57, 0x48, 0xE8, 0x46, 0xEC, 0x29,
    0xEF, 0x70, 0xBC, 0x94, 0x38, 0x7E, 0xE7, 0xE5, 0xC9, 0x32, 0x1F, 0x61, 0x42, 0x26, 0x5D, 0xE1,
    0x84, 0x57, 0x35, 0xC6, 0xF9, 0x66, 0x2A, 0x58, 0x44, 0xDE, 0x0A, 0xAF, 0x41, 0x3F, 0x5B, 0xCD,
    0x1D, 0x9F, 0x14, 0xE9, 0x79, 0x02, 0xF5, 0x63, 0xBE, 0xD6, 0x2F, 0x99, 0xED, 0xEC, 0x0C, 0x89,
    0x95, 0x99, 0x2D, 0x4B, 0x97, 0x3E, 0x32, 0x2D, 0xA1, 0x76, 0x3C, 0xCF, 0x42, 0xBB, 0xA7, 0x09,
    0x04, 0x8F, 0x8C, 0xBB, 0x3D, 0x63, 0x52, 0x81, 0x41, 0x07, 0x62, 0x2C, 0x57, 0xBD, 0x12, 0xC7,
    0xFE, 0x32, 0x66, 0x8E, 0xE7, 0x46, 0xA6, 0xCE, 0x0D, 0x04, 0x70, 0x37, 0xE8, 0xAA, 0x8C, 0xBA,
    0xDC, 0xB3, 0x67, 0x3C, 0x7D, 0xC6, 0xF3, 0x67, 0x3C, 0x81, 0xC6, 0x33, 0x68, 0x3C, 0x85, 0xC6,
    0x73, 0x68, 0x3C, 0x89, 0xC6, 0xB3, 0x68, 0x3C, 0x8D, 0xC6, 0xF3, 0x68, 0x3C, 0x91, 0xC6, 0x33,
    0x69, 0x3C, 0x95, 0x23, 0x97, 0x23, 0x99, 0x23, 0x9B, 0x23, 0x9D, 0x23, 0x9F, 0x23, 0xA1, 0x23,
    0xA3, 0x23, 0xA5, 0x13, 0x4E, 0x27, 0xA4, 0xCE, 0x55, 0xE7, 0xA3, 0x5B, 0x9E, 0xAB, 0xAA, 0x9C,
    0x19, 0x36, 0xA1, 0xF7, 0x05, 0x8A, 0xAC, 0xE7, 0x51, 0x19, 0xF2, 0xCE, 0x23, 0x7E, 0xA3, 0xC9,
    0x2D, 0x78, 0xFB, 0xD5, 0xF5, 0xA5, 0x67, 0xEA, 0x70, 0x62, 0xD6, 0x49, 0x9D, 0xA1, 0xE5, 0x98,
    0xBD, 0x86, 0x73, 0xD2, 0x05, 0x5B, 0xCF, 0xAD, 0x82, 0xAB, 0xE4, 0x0A, 0xBA, 0xCA, 0xAE, 0xC2,
    0xAB, 0xF4, 0x2A, 0xBE, 0xCA, 0xAF, 0x02, 0xAC, 0x04, 0x2B, 0xC2, 0xCA, 0xB0, 0x42, 0xAC, 0x14,
    0x2B, 0xC6, 0xCA, 0xB1, 0x82, 0xEC, 0x49, 0x9E, 0xA0, 0xEC, 0xDD, 0x2C, 0xA6, 0x3B, 0x49, 0x72,
    0xA8, 0x06, 0xCE, 0xB8, 0x0E, 0xF6, 0xA9, 0x1A, 0x9A, 0xE1, 0xFC, 0xBC, 0xCE, 0xE7, 0xC2, 0xED,
    0xFE, 0x8E, 0xE5, 0x87, 0xCE, 0x32, 0x3E, 0xEA, 0xF2, 0xCF, 0xF2, 0xA9, 0x0D, 0xA5, 0x01, 0x0B,
    0x63, 0xF2, 0x67, 0xD6, 0x9B, 0x19, 0xDA, 0xDE, 0x71, 0xE6, 0x2E, 0xBC, 0x85, 0x1B, 0x5D, 0x4C,
    0x96, 0xC7, 0xD8, 0x57, 0xFF, 0x02, 0x94, 0xF1, 0x95, 0xCE, 0xE3, 0x3B, 0x9D, 0xC7, 0x97, 0x3A,
    0x8F, 0xB6, 0xC0, 0xC4, 0x77, 0xA3, 0xF6, 0x80, 0x74, 0xFC, 0xF3, 0x6A, 0x13, 0xA0, 0xF3, 0xC3,
    0x46, 0xF9, 0x26, 0xBB, 0x60, 0xC7, 0xF7, 0xC3, 0xE0, 0x1B, 0x96, 0x85, 0xDF, 0x41, 0x10, 0xDB,
    0x42, 0x8D, 0x0B, 0xB5, 0x2E, 0xBC, 0x79, 0xE1, 0xBB, 0x2A, 0x69, 0x66, 0x16, 0xB1, 0x9A, 0x18,
    0x64, 0x63, 0xDC, 0x82, 0x91, 0x71, 0x31, 0x39, 0xBF, 0x9A, 0x6B, 0xCE, 0x47, 0xD5, 0xC8, 0x9B,
    0x25, 0x03, 0x67, 0x82, 0x96, 0x3E, 0x5A, 0x58, 0x36, 0xA2, 0xEF, 0xF9, 0xFC, 0xA8, 0x35, 0xF5,
    0x2E, 0x91, 0x1C, 0xD4, 0xD1, 0x7A, 0x42, 0xED, 0x4E, 0x53, 0x3F, 0x54, 0x92, 0xA3, 0x75, 0x98,
    0xE3, 0x69, 0x11, 0x22, 0xC5, 0x36, 0xC9, 0x4A, 0x2E, 0xE3, 0xED, 0xB5, 0x2E, 0xE3, 0xAA, 0x06,
    0x8D, 0xAC, 0x64, 0xAE, 0x39, 0x1D, 0x72, 0x6B, 0x4E, 0xE8, 0x05, 0xD3, 0xC8, 0xF4, 0x79, 0xFE,
    0x24, 0x63, 0x3B, 0xEE, 0xFE, 0x2B, 0x16, 0xC2, 0x69, 0x8E, 0xA7, 0xD1, 0xF3, 0x34, 0xBA, 0x9E,
    0xBC, 0xD3, 0x60, 0xE2, 0x7C, 0x1A, 0xBD, 0x4F, 0x73, 0xF7, 0x93, 0xB9, 0x04, 0x84, 0x6E, 0xBB,
    0x1D, 0xD4, 0xEF, 0xA0, 0x8E, 0x07, 0xF5, 0x3C, 0xA8, 0xEB, 0x41, 0x7D, 0x0F, 0xA3, 0xF3, 0x61,
    0xA1, 0xE2, 0xAC, 0xE7, 0x61, 0xBB, 0x7A, 0x61, 0xE2, 0xBD, 0x34, 0x9A, 0xDC, 0x27, 0x93, 0xD5,
    0x52, 0x27, 0xAD, 0x4F, 0x3F, 0xA0, 0x2F, 0x5D, 0x7B, 0xEA, 0x0C, 0x2F, 0xDB, 0xA9, 0xE9, 0x85,
    0x3B, 0x05, 0xBF, 0x81, 0x87, 0xE4, 0xAE, 0xF9, 0x11, 0x2B, 0x26, 0x8F, 0x78, 0xE7, 0x85, 0x0C,
    0x8D, 0x9B, 0x16, 0x79, 0x1F, 0x6C, 0x1D, 0x16, 0x48, 0x7F, 0x74, 0x60, 0xA2, 0xFD, 0xE9, 0x80,
    0x20, 0xA6, 0x64, 0x83, 0x75, 0x4F, 0x8C, 0xFC, 0x4B, 0xF2, 0xE0, 0xAD, 0xC4, 0xB5, 0x29, 0x91,
    0x62, 0x9A, 0x97, 0x2D, 0xD5, 0x94, 0xEA, 0x07, 0x3E, 0xE7, 0xAB, 0x99, 0x6D, 0xC9, 0xEA, 0x82,
    0xE1, 0xA4, 0x73, 0xAA, 0x16, 0xB7, 0xC9, 0x9F, 0xE5, 0xF6, 0x56, 0x1E, 0x67, 0x85, 0xF4, 0x61,
    0x2B, 0x57, 0x4B, 0xC4, 0x06, 0x74, 0x25, 0x41, 0x57, 0xDF, 0x88, 0xD4, 0x4F, 0x45, 0xBB, 0x54,
    0xC7, 0xA8, 0x3C, 0xA1, 0x9E, 0x5E, 0x3F, 0xFB, 0xE4, 0x9C, 0x61, 0x79, 0xD8, 0x91, 0x1E, 0xA0,
    0x5C, 0x29, 0x4B, 0x2E, 0x50, 0x4B, 0xC3, 0x96, 0x4E, 0x29, 0xC7, 0x4E, 0xE4, 0x94, 0x18, 0xEA,
    0x98, 0xA4, 0x91, 0x2A, 0x27, 0x47, 0x6A, 0xCA, 0x51, 0x28, 0x75, 0xCA, 0x81, 0x15, 0x35, 0x8B,
    0xCA, 0x75, 0x04, 0x07, 0x60, 0xD6, 0x6C, 0x85, 0xDB, 0x15, 0x52, 0x48, 0xEF, 0x62, 0xD0, 0xFF,
    0x16, 0xD1, 0x37, 0xBF, 0xC7, 0x70, 0x7F, 0x5B, 0x46, 0x38, 0x32, 0xD9, 0x51, 0xCF, 0x4C, 0x5E,
    0x45, 0x88, 0x66, 0x17, 0xDD, 0x34, 0x01, 0x4D, 0xFF, 0x7F, 0x01, 0xF6, 0x33, 0xB0, 0x6F, 0x3D,
    0xCB, 0x59, 0x75, 0x55, 0x50, 0x0C, 0x22, 0x34, 0xBC, 0x8D, 0x4B, 0x6F, 0x18, 0x75, 0x97, 0x9C,
    0x98, 0xAD, 0x4F, 0x24, 0x4A, 0x2F, 0x6B, 0xEE, 0x93, 0xAC, 0xB8, 0x9E, 0xEF, 0x73, 0xDC, 0x3A,
    0xF7, 0x98, 0xEC, 0x97, 0x8C, 0x49, 0xDA, 0x30, 0x26, 0x45, 0xCB, 0x92, 0xB2, 0x2D, 0x63, 0x62,
    0x1B, 0xBE, 0x61, 0xB5, 0x62, 0x4C, 0x6E, 0xF8, 0xBC, 0xD8, 0x31, 0x89, 0xDB, 0x48, 0x6E, 0x69,
    0xB8, 0x39, 0x94, 0xB7, 0x67, 0x6A, 0xB0, 0xB1, 0x24, 0xC5, 0xAB, 0x47, 0x44, 0xDD, 0xF3, 0x9A,
    0x3D, 0xA9, 0xAB, 0x51, 0x0D, 0x12, 0xFF, 0xC4, 0x65, 0x57, 0x60, 0x9C, 0xB0, 0x22, 0x19, 0x2B,
    0x92, 0xB2, 0x22, 0x39, 0x2B, 0x92, 0xB4, 0xA2, 0x59, 0x2B, 0x1A, 0xAE, 0x23, 0x43, 0x57, 0x9E,
    0x2C, 0xF7, 0x91, 0xD3, 0xED, 0xCB, 0xAB, 0xC7, 0xBE, 0x85, 0x57, 0xE1, 0x38, 0xFD, 0x2E, 0x3D,
    0xFC, 0x56, 0x6F, 0xC6, 0x98, 0x61, 0x93, 0xFD, 0x41, 0x2C, 0x27, 0xE9, 0xBA, 0x47, 0xCC, 0x9D,
    0x07, 0xDA, 0x43, 0x97, 0x0E, 0xC4, 0x25, 0x87, 0xD6, 0x3A, 0x2C, 0x38, 0xA5, 0xA8, 0xB2, 0x3C,
    0x9E, 0x2D, 0x86, 0x79, 0x9F, 0xF2, 0x6D, 0x3A, 0xD8, 0x37, 0xD7, 0x82, 0xE3, 0xFB, 0x0A, 0xEC,
    0x32, 0xC0, 0xF6, 0x1F, 0xCD, 0x58, 0xBD, 0x8E, 0xE5, 0x44, 0x16, 0x3E, 0xB6, 0x87, 0x36, 0x6A,
    0xAF, 0xD6, 0x13, 0x30, 0x01, 0x0D, 0x8C, 0x37, 0x9C, 0x45, 0x62, 0xEA, 0x05, 0x7A, 0xC6, 0x96,
    0x26, 0x20, 0x1D, 0x09, 0x36, 0x81, 0x80, 0x0D, 0x36, 0x19, 0x6D, 0x40, 0x07, 0x04, 0x08, 0x8D,
    0xB0, 0x35, 0xBC, 0x40, 0x07, 0x3C, 0xC0, 0x04, 0x20, 0xC1, 0x45, 0x82, 0x0E, 0x26, 0x40, 0x08,
    0xC6, 0x05, 0x2F, 0x80, 0x37, 0xD9, 0x64, 0x13, 0x07, 0x48, 0x04, 0x24, 0xD6, 0xCA, 0xC1, 0x85,
    0xB5, 0x5D, 0xFB, 0x7D, 0xA7, 0xEA, 0xDE, 0xBE, 0xDD, 0x0D, 0x1A, 0x84, 0x80, 0xA1, 0xE4, 0x3A,
    0xD7, 0x3F, 0x55, 0xA7, 0xCE, 0x39, 0x75, 0x7E, 0xBE, 0xBA, 0x32, 0x3C, 0xAA, 0x09, 0xDA, 0xB5,
    0xB8, 0xB9, 0x9E, 0x35, 0xD9, 0xC7, 0x12, 0xAF, 0x79, 0x65, 0x8B, 0x5C, 0xFF, 0x5F, 0x73, 0xED,
    0xBF, 0x8D, 0xE0, 0xEB, 0xAF, 0x7E, 0x85, 0x96, 0x35, 0x22, 0x71, 0x8F, 0x9B, 0x4F, 0xD1, 0xAF,
    0xA3, 0xA7, 0xB6, 0x75, 0xAE, 0xFF, 0x6C, 0xF5, 0x51, 0x77, 0x22, 0x79, 0x75, 0x22, 0x37, 0xE4,
    0x44, 0x46, 0x39, 0x49, 0xAC, 0x9C, 0xEC, 0x0B, 0xEE, 0x7F, 0x9F, 0xBE, 0x6D, 0xD7, 0xBD, 0x68,
    0x14, 0x91, 0xA2, 0xF2, 0x91, 0xF2, 0xBD, 0xBD, 0x5A, 0xF5, 0x85, 0x48, 0x0F, 0xB1, 0x7A, 0x68,
    0xD3, 0xCB, 0x21, 0xFA, 0xBE, 0x50, 0x91, 0xDF, 0xAB, 0x6B, 0x2B, 0x9D, 0xEB, 0xD0, 0xFB, 0xDA,
    0xF7, 0xEE, 0x60, 0xB5, 0x6A, 0x7E, 0xEA, 0xBD, 0x63, 0x93, 0x8B, 0xD4, 0x37, 0xBD, 0xB7, 0x17,
    0xE9, 0xCE, 0x57, 0x6D, 0xC3, 0x23, 0x6F, 0x77, 0xAC, 0xF7, 0x0B, 0xA7, 0x3D, 0x7F, 0x7C, 0x70,
    0xBF, 0xEE, 0xCD, 0xF8, 0x47, 0xEF, 0x57, 0x6E, 0x5F, 0xB9, 0xFD, 0x73, 0xAC, 0xE7, 0xDB, 0xDF,
    0xD8, 0xAA, 0x8B, 0x63, 0x56, 0x6C, 0xBA, 0x6B, 0x99, 0x95, 0xB2, 0x13, 0xD7, 0x24, 0x4E, 0xD2,
    0x59, 0xF2, 0x49, 0xCC, 0x28, 0xE5, 0xC0, 0xAB, 0xC6, 0x85, 0xFB, 0xB5, 0x14, 0xC7, 0x7E, 0xDF,
    0x9B, 0xC8, 0x61, 0x64, 0xCF, 0xAB, 0x05, 0xB5, 0xB8, 0x62, 0x57, 0x25, 0x8B, 0x64, 0x93, 0x14,
    0x23, 0xD9, 0x5C, 0xC5, 0xB0, 0xA7, 0x24, 0xC2, 0x4B, 0x7E, 0xB2, 0x11, 0xAF, 0x86, 0x63, 0x3C,
    0xF3, 0xB5, 0x18, 0xF0, 0xB4, 0xD2, 0x72, 0x94, 0x64, 0xBD, 0x94, 0xB3, 0xD4, 0x6B, 0x69, 0x07,
    0x5E, 0xB5, 0x2E, 0x8A, 0x01, 0x18, 0x06, 0x86, 0x60, 0x2B, 0xAE, 0xC2, 0xA2, 0xF2, 0xC4, 0x26,
    0x6C, 0x6D, 0x82, 0x19, 0x5D, 0x31, 0x40, 0xDA, 0xBA, 0x03, 0x4B, 0xD7, 0xA4, 0x73, 0xEC, 0x20,
    0x33, 0xC6, 0x9A, 0x11, 0x73, 0xCA, 0x21, 0x27, 0x29, 0x26, 0x30, 0x33, 0x20, 0xA3, 0x99, 0x21,
    0x7F, 0x31, 0x43, 0x83, 0x14, 0xEE, 0x7B, 0x50, 0xED, 0x35, 0xE2, 0x3A, 0x2C, 0x04, 0x07, 0x1D,
    0x41, 0xA0, 0x5B, 0xDB, 0x97, 0xA3, 0xB4, 0x1D, 0x56, 0x76, 0xB6, 0x1C, 0x20, 0x79, 0xAB, 0x9C,
    0xAD, 0xE7, 0xBC, 0x86, 0xD4, 0x65, 0x9F, 0x43, 0xB7, 0x26, 0xEF, 0xE4, 0x92, 0x44, 0xAA, 0xDF,
    0x15, 0x6A, 0xE8, 0x6C, 0xE2, 0xBE, 0x72, 0x1D, 0xB4, 0x74, 0x5D, 0xE4, 0x49, 0xA3, 0xF6, 0xA0,
    0x29, 0xF1, 0x93, 0xCE, 0x90, 0x2A, 0x5F, 0x43, 0x2A, 0x33, 0xC0, 0x38, 0xB5, 0x2D, 0x61, 0x35,
    0xA9, 0x2B, 0xCC, 0x57, 0xDD, 0x33, 0x30, 0x9D, 0xCD, 0x02, 0xFD, 0xCB, 0x09, 0xEA, 0x53, 0x8A,
    0x41, 0x8D, 0xAE, 0xC6, 0xC7, 0x26, 0x60, 0xDA, 0x1A, 0x0C, 0xA0, 0x51, 0x36, 0x25, 0x33, 0xEC,
    0x11, 0x39, 0x5A, 0xA4, 0x6D, 0x20, 0x8C, 0xB1, 0xB0, 0xCA, 0x1E, 0x84, 0xD9, 0xE3, 0xD6, 0x94,
    0xC3, 0x96, 0x30, 0x48, 0x6B, 0xBB, 0x25, 0x0D, 0x64, 0xAE, 0xE5, 0x29, 0xB3, 0xB4, 0x9F, 0x4C,
    0x08, 0x4D, 0xA7, 0x64, 0x5D, 0xBE, 0x3F, 0xFF, 0x73, 0x90, 0x68, 0xC2, 0x88, 0x98, 0x24, 0x59,
    0x6F, 0x48, 0x3A, 0xD2, 0xCE, 0x24, 0xF9, 0xB0, 0x21, 0x66, 0xCB, 0xD8, 0x73, 0xEF, 0x98, 0x8E,
    0x48, 0xD4, 0xD3, 0xDA, 0xE6, 0xD4, 0xD9, 0xEE, 0x90, 0x24, 0x6E, 0x87, 0x2E, 0xA4, 0xE9, 0xB4,
    0x43, 0xB9, 0x4A, 0x95, 0x0E, 0x51, 0x15, 0xBB, 0xEF, 0x7E, 0xA0, 0x0D, 0xE9, 0x8D, 0x4A, 0x9B,
    0xE4, 0x87, 0xD7, 0xFE, 0x0D, 0xCF, 0x90, 0x42, 0x3D, 0xB8, 0xDC, 0xA1, 0xAD, 0x52, 0xEF, 0xD9,
    0x4E, 0x17, 0x84, 0x67, 0x90, 0xA2, 0xFF, 0x55, 0xE6, 0xE8, 0x1F, 0x52, 0x2E, 0xCE, 0xC1, 0xC8,
    0x8E, 0xB4, 0xD5, 0xC8, 0xFE, 0xEC, 0xA5, 0xF5, 0x2B, 0x7D, 0x50, 0xCB, 0x2F, 0x2B, 0x99, 0xD2,
    0x5C, 0x69, 0x31, 0x2A, 0x7B, 0x4F, 0x87, 0x5D, 0x1D, 0x32, 0x67, 0x0D, 0x5C, 0xC3, 0x0D, 0x75,
    0xB8, 0x70, 0x6F, 0x0B, 0x68, 0x72, 0x5B, 0x2E, 0x63, 0xC0, 0x43, 0xAE, 0x0B, 0xC6, 0x8E, 0xFE,
    0xC9, 0x60, 0xC0, 0x0D, 0x16, 0xEC, 0x43, 0x66, 0xE9, 0xFC, 0x73, 0xEF, 0xBF, 0xF7, 0x7E, 0xFC,
    0x65, 0x5D, 0xBC, 0x5C, 0x5A, 0xD7, 0xBA, 0x7A, 0x29, 0xA7, 0xBD, 0x63, 0x94, 0x3A, 0x63, 0xF3,
    0x99, 0x7B, 0x8E, 0x7D, 0x05, 0x89, 0x41, 0xA6, 0x18, 0x6B, 0x8D, 0x70, 0x26, 0xB8, 0xE9, 0x1D,
    0xDD, 0x0B, 0xB8, 0x4B, 0x3A, 0xC2, 0x93, 0xE1, 0x65, 0x62, 0x26, 0x38, 0x0A, 0xE2, 0x4A, 0xCA,
    0xA9, 0x9E, 0x24, 0xC5, 0x4D, 0x7D, 0x7A, 0x03, 0x15, 0x68, 0xF2, 0x72, 0xD8, 0x87, 0x61, 0xDE,
    0x13, 0xD9, 0xAF, 0xB2, 0xB1, 0x9C, 0x37, 0xEB, 0xED, 0x1F, 0xFF, 0x54, 0xDD, 0xFB, 0x34, 0x73,
    0xFD, 0x83, 0xBD, 0x3F, 0x70, 0xDD, 0x5B, 0xE2, 0xFE, 0xED, 0x0F, 0xA3, 0xC7, 0x5F, 0xF7, 0x10,
    0xB3, 0x5F, 0x30, 0xEC, 0xD3, 0x87, 0x5D, 0x71, 0xF8, 0xE0, 0xEE, 0xE1, 0x8D, 0xE1, 0x30, 0x6F,
    0x0E, 0x13, 0xC8, 0xF2, 0x5B, 0x5D, 0x5B, 0xAB, 0xE4, 0xD8, 0xD2, 0xEC, 0x9D, 0x8E, 0x86, 0xA1,
    0xBB, 0xBE, 0xF9, 0x02, 0xDD, 0x37, 0x6B, 0xE0, 0xEC, 0xF7, 0xBA, 0xB7, 0x56, 0x9F, 0xDC, 0xB2,
    0x47, 0x72, 0x23, 0x97, 0x23, 0x19, 0xEF, 0xCA, 0x51, 0xF2, 0xAF, 0x41, 0x8E, 0xF2, 0xD4, 0xCA,
    0xD1, 0x35, 0xEC, 0xE0, 0x11, 0xE7, 0x3F, 0x56, 0xB2, 0xD3, 0x0A, 0xEE, 0xE9, 0x5D, 0x6C, 0x6A,
    0x34, 0x60, 0x93, 0xD3, 0xAF, 0x60, 0xD7, 0xAB, 0xFA, 0xCA, 0x20, 0x6A, 0x0E, 0x8B, 0xD5, 0xAA,
    0xCB, 0x5F, 0xB4, 0xD2, 0x51, 0x83, 0x4E, 0xC6, 0x43, 0x10, 0x68, 0xD5, 0xC9, 0x7E, 0xDC, 0x30,
    0xD9, 0xC8, 0xE3, 0x27, 0x9B, 0x56, 0xED, 0x3E, 0x24, 0x9B, 0xDC, 0xB1, 0xC7, 0xC4, 0x94, 0xCD,
    0x5B, 0x8C, 0x84, 0xAD, 0xCA, 0xA7, 0x2D, 0x24, 0x99, 0x4E, 0xB3, 0x4C, 0xE2, 0x5E, 0x5D, 0x42,
    0x06, 0x65, 0x36, 0x9A, 0x10, 0xB7, 0x91, 0x0B, 0x59, 0xB4, 0x18, 0xF1, 0x94, 0x6C, 0xE0, 0x51,
    0x39, 0xE0, 0x36, 0xDB, 0x30, 0x29, 0x7B, 0x3C, 0xF9, 0xB4, 0xA5, 0x69, 0x18, 0x4F, 0xE5, 0x06,
    0x93, 0xB5, 0x16, 0xA9, 0xB6, 0xB5, 0xDB, 0xA7, 0x6C, 0x8E, 0xDC, 0x16, 0x0F, 0xD9, 0x9C, 0xF5,
    0x63, 0xFB, 0xAD, 0x18, 0x33, 0x96, 0x3D, 0x08, 0xFB, 0xBD, 0x16, 0xBE, 0x62, 0xC8, 0xDC, 0x4C,
    0x84, 0x69, 0x6B, 0x24, 0xE4, 0xD2, 0xA2, 0x44, 0x40, 0x04, 0x37, 0x18, 0x82, 0xB5, 0xCA, 0x7D,
    0xEB, 0x9A, 0x7C, 0xA9, 0xC7, 0xCC, 0xAD, 0xE3, 0x85, 0xD5, 0x0D, 0x55, 0x12, 0x19, 0x74, 0x55,
    0xA5, 0x53, 0x8A, 0x44, 0x67, 0xEB, 0x4E, 0xB5, 0xCC, 0x07, 0xC8, 0x89, 0x2A, 0x68, 0xF5, 0xA9,
    0xE4, 0x4B, 0xF7, 0x25, 0x66, 0x4E, 0x61, 0x49, 0x41, 0xAD, 0xAC, 0xF8, 0x04, 0xB9, 0x50, 0x50,
    0xDC, 0x3D, 0xA8, 0x82, 0x3C, 0x0C, 0xB9, 0x0C, 0x8A, 0xEE, 0x2D, 0x47, 0xD4, 0x21, 0x5A, 0xBC,
    0x13, 0x47, 0xC5, 0x06, 0xAD, 0x3B, 0x66, 0x48, 0x16, 0x3C, 0xB1, 0xE4, 0xC0, 0x5E, 0x66, 0xCC,
    0x27, 0x95, 0x40, 0xED, 0x55, 0x2C, 0x2D, 0x52, 0xE5, 0x7F, 0x9C, 0xAF, 0x35, 0xB9, 0x23, 0x34,
    0xA1, 0x99, 0x91, 0x54, 0x29, 0x3E, 0xB7, 0xA0, 0x0F, 0x29, 0xFF, 0xF5, 0x6F, 0xB0, 0x3D, 0x2C,
    0x45, 0xD1, 0x70, 0xC6, 0x23, 0x2F, 0x9F, 0xF3, 0xD0, 0x37, 0x58, 0x51, 0x22, 0x16, 0x71, 0x94,
    0xF0, 0x2A, 0x43, 0xFD, 0x5F, 0x04, 0x58, 0x02, 0x45, 0x82, 0xB5, 0x1B, 0xB0, 0xA5, 0x92, 0x9B,
    0x67, 0x86, 0xBF, 0xC9, 0x09, 0x6D, 0xC5, 0xF2, 0x8F, 0x49, 0xF7, 0x58, 0xC8, 0x6E, 0xB9, 0x26,
    0x73, 0x29, 0xA7, 0xEA, 0x64, 0xAA, 0x34, 0x9A, 0x35, 0x18, 0x40, 0xA5, 0x16, 0xD6, 0xC2, 0x70,
    0x54, 0xE5, 0x9B, 0x52, 0x5E, 0x58, 0xFB, 0xAA, 0x24, 0x40, 0x27, 0x62, 0xBA, 0x8C, 0x25, 0x80,
    0x50, 0x06, 0x72, 0xB4, 0x00, 0x33, 0x90, 0x85, 0x50, 0x25, 0x73, 0x7C, 0x3D, 0xE6, 0xB0, 0x48,
    0x78, 0x0D, 0x2C, 0x53, 0x8E, 0x19, 0xEA, 0x47, 0x03, 0x8C, 0xC2, 0x67, 0x58, 0x7A, 0x00, 0x62,
    0x69, 0x2B, 0xD3, 0xA3, 0xE2, 0xDD, 0x94, 0xBC, 0x89, 0x77, 0x35, 0x8E, 0xAD, 0x14, 0xBD, 0x82,
    0x3B, 0xA0, 0x0B, 0x40, 0xB6, 0x99, 0x0A, 0x42, 0x56, 0xAC, 0xC3, 0xE2, 0x0A, 0xE1, 0x4C, 0x87,
    0x39, 0x3B, 0xC3, 0x1F, 0x60, 0x02, 0x38, 0x79, 0x5C, 0x85, 0xA5, 0x31, 0x0D, 0x66, 0x29, 0x66,
    0x88, 0x94, 0xC3, 0x1B, 0x6C, 0x4A, 0x19, 0x28, 0x66, 0xAF, 0xF0, 0x09, 0x2C, 0x80, 0x95, 0x4C,
    0x87, 0x29, 0xE7, 0x96, 0xF6, 0xCC, 0x9E, 0xF3, 0xEC, 0x9C, 0x32, 0x04, 0x0F, 0xB2, 0xC4, 0x6C,
    0x32, 0x85, 0x6E, 0xCA, 0xD6, 0xF5, 0xCA, 0xB8, 0x1D, 0x52, 0xAF, 0x9E, 0x32, 0x2F, 0x26, 0x65,
    0x8F, 0xE8, 0xE2, 0x02, 0x44, 0x7B, 0x58, 0x22, 0x5A, 0xFC, 0x22, 0x9F, 0x6F, 0xD7, 0xF8, 0x0B,
    0xC9, 0xB4, 0x41, 0x1F, 0x39, 0xF1, 0x42, 0x49, 0x8C, 0xEF, 0xBE, 0x66, 0xE1, 0x4C, 0x88, 0x14,
    0xC1, 0xE7, 0xE0, 0x3E, 0xB0, 0x3E, 0x0E, 0x9E, 0xEA, 0x8B, 0xA8, 0xF6, 0xC0, 0x98, 0x98, 0x83,
    0x71, 0xAC, 0xA4, 0x05, 0x1D, 0x07, 0x8F, 0x40, 0xA5, 0xA8, 0xAA, 0xB8, 0x5F, 0xC8, 0x88, 0x1C,
    0x61, 0x16, 0xB8, 0x98, 0x7A, 0x66, 0x16, 0x62, 0xF7, 0xBE, 0x3A, 0x30, 0xBE, 0x55, 0xFE, 0x5B,
    0x0B, 0x1F, 0x06, 0xA2, 0x55, 0x26, 0x39, 0x5E, 0xC2, 0x54, 0x62, 0x18, 0xEB, 0x38, 0xDA, 0xC2,
    0x19, 0xB9, 0x94, 0x21, 0x6F, 0xF8, 0xA5, 0x39, 0x93, 0x44, 0xE4, 0x59, 0x4D, 0x0C, 0x55, 0x4D,
    0x9E, 0x79, 0x5F, 0xDA, 0x64, 0x52, 0xA0, 0xCB, 0x08, 0xD3, 0x40, 0x8B, 0x67, 0x89, 0x96, 0x64,
    0xA2, 0x37, 0xB7, 0xCD, 0xDF, 0x0D, 0x19, 0xF4, 0x44, 0x77, 0xF0, 0xEF, 0x88, 0x8E, 0x1D, 0xCF,
    0x1E, 0x5E, 0xB9, 0xD7, 0x20, 0x5E, 0x4A, 0xC0, 0xF2, 0x10, 0xA9, 0x22, 0x87, 0x55, 0xAB, 0x62,
    0x4D, 0x28, 0xDB, 0x84, 0xA7, 0xCC, 0x7F, 0x0B, 0x23, 0x37, 0xF3, 0x02, 0x97, 0xC0, 0xB3, 0xD6,
    0x15, 0xC2, 0x7A, 0x61, 0x75, 0x95, 0xA5, 0xAD, 0x82, 0x64, 0x41, 0xCE, 0x20, 0xF5, 0xE9, 0x61,
    0x43, 0xE4, 0x65, 0xFA, 0x13, 0x42, 0x10, 0x78, 0x09, 0x66, 0xC4, 0x05, 0x43, 0xC2, 0x8E, 0x44,
    0x65, 0x23, 0x6D, 0xEC, 0x10, 0xED, 0xF0, 0x95, 0x21, 0x26, 0x5E, 0x46, 0x42, 0xE3, 0x11, 0x21,
    0xE1, 0x11, 0x01, 0x14, 0xA7, 0x84, 0x26, 0x65, 0xEE, 0xA9, 0x94, 0xF2, 0xBF, 0x00, 0x9F, 0xFF,
    0xFC, 0xB9, 0x04, 0x92, 0xE6, 0x6B, 0xA5, 0x23, 0xC3, 0x1A, 0xD8, 0x14, 0x40, 0x95, 0x74, 0xA0,
    0x57, 0xE3, 0xA6, 0xE8, 0x02, 0xFD, 0x73, 0xA5, 0xD8, 0x61, 0xA7, 0x01, 0x00, 0x1D, 0x34, 0xDC,
    0x3B, 0x38, 0x6A, 0x10, 0x04, 0x41, 0xE6, 0xC5, 0xE9, 0x98, 0x5B, 0xB0, 0xBD, 0x07, 0x01, 0xC0,
    0x3E, 0xE2, 0x68, 0x55, 0x9E, 0x62, 0xC3, 0xFE, 0xC0, 0x1F, 0xA1, 0xE4, 0xC9, 0x90, 0xBD, 0xAB,
    0x90, 0xA8, 0x3D, 0x0F, 0xF5, 0x92, 0xD8, 0xA7, 0xF6, 0x90, 0xD3, 0x43, 0x45, 0x30, 0xE3, 0x99,
    0x81, 0xD6, 0x0F, 0xD4, 0x87, 0xD4, 0x67, 0xEA, 0xDC, 0x8F, 0x30, 0x7E, 0x44, 0xED, 0x33, 0xBB,
    0x1F, 0x11, 0xFB, 0x11, 0x1E, 0xCC, 0x62, 0x63, 0xE4, 0x14, 0x27, 0x07, 0x70, 0xBC, 0x61, 0xE5,
    0x17, 0xF3, 0x78, 0x77, 0x53, 0x7E, 0x7C, 0x91, 0x88, 0x3C, 0x7E, 0xFE, 0x51, 0xA9, 0xEA, 0x33,
    0x6B, 0xE6, 0x5E, 0xA7, 0x28, 0x18, 0xE6, 0xE9, 0x4A, 0x7B, 0xE2, 0xB0, 0x13, 0xD8, 0x54, 0xA4,
    0x5D, 0x78, 0x3B, 0xE2, 0x11, 0xF0, 0x1D, 0x75, 0xA3, 0x42, 0xB7, 0xA1, 0xF3, 0xAF, 0x80, 0xAE,
    0xA8, 0xDA, 0xDE, 0xE0, 0x48, 0x75, 0x09, 0xBA, 0x5E, 0x52, 0x7D, 0xB5, 0x77, 0x9E, 0x3D, 0xBB,
    0xC6, 0x55, 0xA3, 0x92, 0x68, 0x1E, 0x9F, 0x7C, 0xA7, 0xB4, 0xEC, 0x9A, 0xEC, 0xAD, 0x7E, 0x4A,
    0x17, 0xAF, 0x0B, 0xBB, 0x39, 0xCF, 0x09, 0xC6, 0x66, 0x2F, 0x99, 0xC6, 0x88, 0x95, 0x19, 0xD5,
    0xCE, 0xE3, 0xFE, 0x60, 0xA8, 0x33, 0x8D, 0xC7, 0x26, 0x76, 0xAA, 0xCC, 0x33, 0x80, 0x86, 0xFB,
    0x5A, 0x23, 0xD5, 0x77, 0xBC, 0xC3, 0x91, 0x54, 0x6D, 0x51, 0xEB, 0xC9, 0xD1, 0x77, 0x6D, 0x4F,
    0xDC, 0x56, 0x33, 0xD4, 0x03, 0xAD, 0x00, 0x17, 0xA2, 0x11, 0xE0, 0xCF, 0xB4, 0x41, 0xE2, 0xD5,
    0x4F, 0xD5, 0x1A, 0x1D, 0x02, 0x9E, 0x06, 0x40, 0xFE, 0xA0, 0xEE, 0xF9, 0xA2, 0x5B, 0xCE, 0xFA,
    0x04, 0x99, 0x8B, 0x49, 0xB7, 0x8B, 0xF9, 0x00, 0xCA, 0x99, 0x75, 0xA8, 0x7E, 0x12, 0xCE, 0xDE,
    0x54, 0x1C, 0x0A, 0x2A, 0xA6, 0xEF, 0x54, 0x65, 0xA8, 0x49, 0xAD, 0x6B, 0xEB, 0x95, 0x6E, 0x54,
    0xDF, 0xB6, 0x52, 0x95, 0x71, 0x6A, 0xA2, 0xC6, 0xAD, 0x57, 0x78, 0xFC, 0x31, 0x6D, 0xEF, 0xA8,
    0xB2, 0x4C, 0x55, 0x35, 0xB7, 0xAE, 0xA1, 0x9A, 0x19, 0x7F, 0x46, 0x4D, 0x53, 0x50, 0x92, 0x9E,
    0x07, 0x1D, 0xA3, 0xF7, 0x42, 0x28, 0xD3, 0x83, 0x1C, 0x95, 0x65, 0x30, 0xB7, 0x0B, 0xF3, 0x62,
    0xE2, 0xF4, 0xB0, 0x91, 0xF2, 0x7C, 0xD5, 0x02, 0x12, 0x38, 0x86, 0x12, 0x7E, 0x90, 0xD2, 0x87,
    0xB4, 0x2B, 0x26, 0x84, 0x74, 0x04, 0x3D, 0xB8, 0x63, 0x90, 0x39, 0xD6, 0x9F, 0x51, 0x53, 0x27,
    0x2A, 0x39, 0x5D, 0x0E, 0x38, 0xC5, 0xD1, 0x3F, 0x2B, 0xDD, 0xEB, 0x59, 0xD7, 0x84, 0xFD, 0xE9,
    0xA9, 0x18, 0x9C, 0x4E, 0xAA, 0xB0, 0x66, 0x1D, 0x3D, 0x86, 0x52, 0x6F, 0x84, 0x77, 0xEE, 0x34,
    0xDC, 0x73, 0xAC, 0xCA, 0x78, 0x47, 0x02, 0x41, 0x84, 0x47, 0x0F, 0xCF, 0xAB, 0x89, 0x20, 0x8F,
    0x3E, 0x50, 0x03, 0xD2, 0x55, 0xDA, 0x51, 0x13, 0x37, 0x44, 0x64, 0x3A, 0xC6, 0xD4, 0xC2, 0xA3,
    0x2E, 0x7A, 0x17, 0x42, 0x3D, 0x3E, 0xDE, 0xB1, 0xCF, 0xBB, 0x22, 0x7F, 0x62, 0xD0, 0x37, 0x62,
    0xA0, 0x33, 0x56, 0x43, 0x21, 0x45, 0xB8, 0x7F, 0x87, 0x6D, 0xFC, 0xFE, 0x75, 0xFE, 0x5D, 0x55,
    0x22, 0x5B, 0x01, 0x5C, 0x20, 0x18, 0x9E, 0x81, 0xD5, 0x63, 0x7F, 0x1E, 0xB8, 0x58, 0xBD, 0x79,
    0x2C, 0xF4, 0x05, 0x7C, 0x91, 0x50, 0xC3, 0xA1, 0xF6, 0xB6, 0x8C, 0xCB, 0xB6, 0x92, 0xCB, 0xA6,
    0x98, 0xB3, 0x04, 0x6B, 0x3D, 0x67, 0x3D, 0xDE, 0x94, 0x74, 0x09, 0x55, 0x9D, 0xFF, 0x88, 0xF8,
    0xC2, 0xCE, 0x3D, 0xF6, 0xB5, 0x9D, 0x5B, 0xE6, 0xCB, 0x3B, 0xB4, 0xBA, 0x79, 0xBE, 0x02, 0xA2,
    0xFD, 0x1F, 0x7D, 0x54, 0xBD, 0x6E, 0xD4, 0x60, 0x10, 0x5C, 0xDB, 0x21, 0x96, 0xE2, 0xC2, 0x14,
    0x89, 0x28, 0x52, 0xB8, 0x4F, 0xE3, 0x37, 0x88, 0x2D, 0x28, 0x69, 0x52, 0x70, 0x05, 0x50, 0x50,
    0x53, 0xE5, 0x11, 0x3E, 0x8B, 0x27, 0x88, 0x84, 0xE8, 0x29, 0xD2, 0x10, 0x8A, 0x3C, 0x82, 0x2D,
    0x51, 0xD0, 0x9A, 0x02, 0xD1, 0x1A, 0x29, 0x20, 0x21, 0x0A, 0x5C, 0x38, 0x92, 0xEF, 0x62, 0x7B,
    0x99, 0xF9, 0xEC, 0xFB, 0x0B, 0x21, 0x96, 0x6E, 0x65, 0x7F, 0x3F, 0xBB, 0xB3, 0xB3, 0x33, 0x27,
    0xF2, 0x3C, 0x15, 0x09, 0xB4, 0x11, 0x49, 0xB4, 0x17, 0x47, 0x55, 0xC5, 0x53, 0x4F, 0xD3, 0xA0,
    0x73, 0x34, 0x8B, 0x5A, 0xD1, 0x2C, 0xAE, 0x11, 0x92, 0x0A, 0x9F, 0xA6, 0x74, 0x34, 0xCD, 0x0B,
    0x57, 0x25, 0x2F, 0x3C, 0x15, 0x2D, 0xBC, 0x01, 0x21, 0xE8, 0x10, 0xC2, 0x56, 0xF2, 0x32, 0xA9,
    0xC5, 0x2C, 0xB4, 0x40, 0x26, 0x4D, 0x25, 0xD4, 0x4E, 0xC4, 0xC9, 0xCF, 0x84, 0xCF, 0x03, 0x86,
    0xBC, 0x10, 0x71, 0x35, 0x63, 0x39, 0xD4, 0x8C, 0x95, 0x4B, 0x08, 0x6E, 0x8F, 0x10, 0x34, 0x03,
    0x96, 0xBE, 0xF4, 0x58, 0x7A, 0xDC, 0x89, 0x3B, 0x78, 0x9D, 0x04, 0xAD, 0xDF, 0x4A, 0xB4, 0xB8,
    0x1C, 0xCE, 0x90, 0x4F, 0x4B, 0x86, 0x62, 0xF7, 0xE2, 0x72, 0x81, 0x04, 0x51, 0x85, 0xBB, 0x71,
    0x89, 0x90, 0x20, 0xA7, 0x1C, 0x65, 0x32, 0x3E, 0x21, 0x0B, 0xC7, 0x68, 0x81, 0x10, 0x10, 0xBE,
    0x3E, 0x13, 0x31, 0xDC, 0xCC, 0x51, 0x50, 0x74, 0x2E, 0x6C, 0x30, 0x13, 0xE7, 0xA3, 0x32, 0x81,
    0xA9, 0x99, 0x85, 0x21, 0x5A, 0xBD, 0x99, 0x8A, 0x67, 0x0A, 0x71, 0x4E, 0x95, 0xE8, 0xD0, 0x82,
    0xE1, 0xD9, 0x78, 0x3E, 0x16, 0x78, 0xCD, 0x73, 0xDC, 0x06, 0x16, 0x54, 0xFB, 0x81, 0x1A, 0x3D,
    0x33, 0x97, 0xEC, 0x0C, 0x2F, 0xFE, 0xF0, 0xC1, 0xA2, 0x28, 0x25, 0x52, 0xAD, 0x25, 0x6E, 0xE2,
    0x4E, 0x92, 0x12, 0x0C, 0x25, 0x85, 0xB7, 0x0C, 0xA5, 0x8F, 0x50, 0x81, 0x30, 0xEC, 0xD6, 0xE3,
    0x61, 0x8F, 0xB8, 0xE5, 0xF4, 0x6A, 0xD5, 0x45, 0x87, 0xEB, 0x3D, 0x7A, 0xE8, 0x92, 0x2C, 0x6A,
    0x0C, 0x8E, 0x1F, 0x83, 0xBD, 0x1D, 0x96, 0xF0, 0x51, 0x0F, 0x77, 0x05, 0x5C, 0x8B, 0x41, 0xF3,
    0x68, 0xC7, 0x5B, 0x2E, 0x03, 0x6D, 0xDC, 0x8C, 0x5B, 0x09, 0x10, 0x85, 0xE4, 0x46, 0x5E, 0xD8,
    0xF9, 0xF2, 0x86, 0x82, 0x62, 0x7D, 0xAB, 0x60, 0xD7, 0xC1, 0x90, 0x7B, 0x1B, 0xDC, 0x01, 0xC0,
    0x9F, 0xE2, 0x22, 0xE1, 0xE2, 0x48, 0x3A, 0xB6, 0x16, 0xB4, 0x20, 0x27, 0xAE, 0xA2, 0x06, 0x98,
    0x51, 0xCD, 0x4C, 0xA1, 0x01, 0x3F, 0xD8, 0x48, 0xC6, 0xEE, 0x91, 0x4E, 0x2E, 0xEC, 0x7C, 0xA9,
    0x21, 0x7F, 0x55, 0x23, 0xFF, 0xA9, 0xA9, 0x43, 0x8D, 0x20, 0xB9, 0x29, 0xBC, 0x9E, 0x7D, 0x4F,
    0xC1, 0x50, 0x37, 0x79, 0x41, 0x99, 0x65, 0xA0, 0x17, 0xC0, 0x0F, 0x6D, 0x1A, 0x30, 0x34, 0x62,
    0x77, 0xC1, 0x06, 0xB8, 0x4F, 0x91, 0xC9, 0xA6, 0x43, 0x1B, 0x7B, 0xE7, 0x2C, 0x71, 0xE2, 0x60,
    0xB2, 0x1D, 0x8E, 0x98, 0x0E, 0x53, 0x79, 0xB4, 0x40, 0xF0, 0x6E, 0x3E, 0xB5, 0x68, 0xDE, 0x6F,
    0xD0, 0x7D, 0x50, 0x23, 0x47, 0x08, 0x3A, 0x9B, 0xB0, 0x92, 0xB0, 0x8E, 0x30, 0x80, 0x2A, 0xFE,
    0x2C, 0x71, 0x91, 0xFC, 0x41, 0xE5, 0x44, 0x19, 0x5A, 0x39, 0x4A, 0x63, 0xE2, 0x3D, 0x90, 0x0D,
    0xC9, 0xCB, 0x28, 0xF9, 0x27, 0x90, 0x3C, 0x28, 0xC9, 0xC2, 0xD6, 0x59, 0x4A, 0xBE, 0x5E, 0x49,
    0xBE, 0xBC, 0x57, 0xF2, 0xD7, 0x40, 0xB9, 0x96, 0xBC, 0xAB, 0x96, 0x92, 0x7D, 0x91, 0xDD, 0x01,
    0xFA, 0x57, 0x10, 0x33, 0x20, 0x3F, 0x0A, 0x61, 0xEE, 0xB6, 0x51, 0x8E, 0x0F, 0x54, 0xDA, 0x1F,
    0x95, 0x47, 0xE1, 0x25, 0xD5, 0x38, 0x33, 0xEA, 0x19, 0x63, 0xDD, 0xD5, 0x2B, 0xCB, 0xA5, 0xC1,
    0xEF, 0x60, 0x06, 0x15, 0xCB, 0xCC, 0x62, 0xAE, 0xA8, 0xC7, 0x8E, 0x33, 0x42, 0xCE, 0x01, 0x80,
    0xFC, 0x06, 0xD0, 0xBC, 0x8A, 0xCA, 0x48, 0x3D, 0x4A, 0x91, 0x22, 0xB0, 0x0A, 0x00, 0x42, 0x0E,
    0x85, 0xEA, 0x6E, 0xE9, 0x00, 0x24, 0xF7, 0x56, 0x5F, 0x06, 0xD2, 0x22, 0xFF, 0x2D, 0x43, 0x8D,
    0x12, 0xB3, 0x74, 0xE4, 0x85, 0x25, 0x12, 0xEC, 0x41, 0x7E, 0xCE, 0x80, 0x84, 0x8D, 0xDB, 0xCB,
    0x43, 0xAF, 0x1B, 0xC1, 0x22, 0x47, 0x8C, 0xB9, 0x71, 0x2A, 0xC7, 0x79, 0xBD, 0xDD, 0x04, 0x8C,
    0x73, 0xA8, 0x05, 0xF2, 0xDA, 0xC9, 0xC5, 0x43, 0x3A, 0x59, 0x52, 0x76, 0xAC, 0xF5, 0xB3, 0x3B,
    0xAD, 0xEF, 0xD0, 0xFA, 0x3E, 0xAD, 0x1F, 0x7D, 0x07, 0x78, 0xF3, 0x06, 0xAD, 0xD1, 0xFA, 0x7E,
    0xEB, 0xC1, 0xFA, 0xF3, 0x97, 0xFD, 0xC9, 0xDA, 0xFA, 0x7B, 0x17, 0xF9, 0x7F, 0xAC, 0x6F, 0x5D,
    0x1F, 0xA9, 0x15, 0x8D, 0x75, 0xFD, 0x6C, 0xCB, 0xF5, 0xED, 0xD2, 0xF5, 0x97, 0x54, 0x93, 0xE4,
    0x77, 0xB8, 0x3E, 0x99, 0x5C, 0x2F, 0x54, 0x5E, 0xCE, 0x59, 0x6D, 0xB9, 0xDE, 0x3E, 0x1C, 0x40,
    0xB4, 0xB4, 0x7E, 0xA0, 0xF3, 0x74, 0xB2, 0x7E, 0xB5, 0xB2, 0xFE, 0xB9, 0x85, 0x52, 0x4C, 0xD6,
    0xBF, 0x3E, 0x6D, 0x27, 0xEB, 0x97, 0xB7, 0xAC, 0x1F, 0x6C, 0x5A, 0xDF, 0xB7, 0xD6, 0xCF, 0x1B,
    0x7B, 0xB7, 0xA5, 0xED, 0x63, 0xDA, 0xFE, 0xDD, 0xAB, 0x76, 0x69, 0xFB, 0x7D, 0x78, 0x49, 0xBC,
    0xC9, 0xF6, 0x84, 0x6B, 0xCA, 0x7F, 0x6C, 0x1F, 0x6D, 0xD8, 0x3E, 0x2A, 0x96, 0x90, 0xA9, 0x73,
    0x7F, 0xAD, 0xF3, 0x6F, 0xB0, 0xBE, 0x6E, 0x58, 0x9F, 0x9F, 0xFE, 0xDA, 0xFA, 0x19, 0xDF, 0x32,
    0xA4, 0x04, 0x43, 0x51, 0x7D, 0xDB, 0xFA, 0x08, 0x55, 0x62, 0xAD, 0x5F, 0x12, 0x29, 0xFF, 0xDA,
    0xDF, 0x6F, 0xD5, 0x88, 0xAD, 0xF5, 0x7F, 0xA3, 0x1B, 0x4D, 0xF5, 0x3E, 0xEB, 0xDF, 0x2C, 0xAD,
    0x1F, 0x6D, 0x5B, 0xDF, 0xE1, 0x78, 0x46, 0xEB, 0x77, 0x93, 0xF5, 0x0F, 0x7F, 0x61, 0xEF, 0x2F,
    0x65, 0x53, 0x3B, 0x8E, 0xDB, 0x30, 0x10, 0x1D, 0x89, 0x49, 0x54, 0xA8, 0x50, 0xB5, 0x4D, 0x1A,
    0xF6, 0x29, 0xA2, 0x23, 0x50, 0x47, 0xD8, 0x22, 0x6A, 0xF6, 0x0A, 0x5B, 0xF8, 0x08, 0x52, 0x95,
    0xDA, 0x45, 0xD2, 0xA7, 0xDD, 0x6D, 0x72, 0x04, 0x0A, 0xC8, 0x05, 0x74, 0x04, 0x01, 0x9B, 0x34,
    0x69, 0x96, 0x85, 0x17, 0x90, 0x03, 0x9A, 0x93, 0xF9, 0x50, 0xF2, 0x22, 0x21, 0x60, 0x3F, 0x0F,
    0x49, 0x3F, 0xBE, 0x99, 0x79, 0x03, 0xA0, 0xAB, 0x41, 0x5A, 0xAB, 0xC2, 0x69, 0x83, 0xC2, 0xA7,
    0x47, 0x1F, 0x00, 0x5C, 0x84, 0x86, 0x60, 0xA0, 0xF3, 0x05, 0xC0, 0xD3, 0xF9, 0x0C, 0x80, 0x01,
    0x9A, 0x51, 0x80, 0x56, 0x81, 0x0B, 0x43, 0xB9, 0xC1, 0xEF, 0xC7, 0x6F, 0x00, 0x86, 0x48, 0x82,
    0x02, 0x6D, 0x57, 0x04, 0x13, 0x40, 0x8D, 0x5F, 0x7B, 0x79, 0x2F, 0x3F, 0xCB, 0xDF, 0x7C, 0x34,
    0x2A, 0x74, 0x7C, 0x03, 0x65, 0x97, 0x5E, 0xBD, 0x42, 0xE1, 0xF1, 0x48, 0xD0, 0x22, 0x72, 0xE8,
    0x14, 0x06, 0x96, 0xAC, 0xEB, 0xED, 0x17, 0x95, 0xC1, 0x04, 0x2C, 0x7F, 0xD6, 0x5B, 0x2C, 0x0E,
    0x7F, 0x79, 0x51, 0xD1, 0xB5, 0x04, 0x55, 0x02, 0x4B, 0xD0, 0x44, 0xB0, 0x74, 0xC5, 0x46, 0x78,
    0x4F, 0x7F, 0x68, 0x95, 0xC5, 0x49, 0x2A, 0x2D, 0xFE, 0x61, 0x9D, 0x4E, 0xC5, 0xF8, 0x2C, 0x46,
    0x08, 0x89, 0x7F, 0xD2, 0x57, 0x9E, 0x2F, 0x9C, 0xA5, 0xA8, 0x30, 0xA8, 0x2A, 0x2A, 0xCD, 0xA8,
    0xBE, 0x68, 0x62, 0x2A, 0xBE, 0x11, 0xE6, 0x8F, 0x87, 0x97, 0xFE, 0x2E, 0x09, 0x25, 0x5E, 0x14,
    0x22, 0x89, 0xF7, 0xFC, 0x47, 0xB7, 0x52, 0x6A, 0x0B, 0x58, 0xCA, 0xAE, 0x87, 0xFF, 0xD6, 0x3D,
    0xA6, 0x6E, 0x0F, 0xAC, 0x34, 0x65, 0x5B, 0x83, 0x90, 0x6D, 0x8B, 0x75, 0xE2, 0x7E, 0xF5, 0xC1,
    0x87, 0x56, 0xA4, 0xE6, 0xC3, 0x50, 0xBD, 0x8A, 0x30, 0x18, 0x9C, 0x8B, 0xB8, 0x45, 0x4B, 0x89,
    0x73, 0x9D, 0xA3, 0x02, 0x67, 0x8A, 0xB2, 0x76, 0x4A, 0x70, 0x32, 0x38, 0xD9, 0xF5, 0x75, 0xD4,
    0x9E, 0x6F, 0xA1, 0x4E, 0x9C, 0xF5, 0x54, 0xE3, 0x67, 0xCE, 0xC3, 0x13, 0xB5, 0xC1, 0xD1, 0x22,
    0xC9, 0x5B, 0x0D, 0xF7, 0xB8, 0xC2, 0xCE, 0x47, 0x8A, 0x42, 0x73, 0x3E, 0x4C, 0xD4, 0xCE, 0xEF,
    0xA4, 0xDA, 0x2F, 0x64, 0xA1, 0xB2, 0x13, 0x67, 0x4D, 0x5C, 0x4D, 0xA1, 0x6D, 0x24, 0x05, 0xDA,
    0xB0, 0x49, 0xA3, 0xA3, 0x94, 0xB8, 0x61, 0xB5, 0xF6, 0x92, 0x0B, 0x6E, 0xB8, 0x8B, 0x6D, 0x14,
    0x09, 0x6C, 0xB8, 0x98, 0x3D, 0x61, 0x38, 0x5F, 0x47, 0x55, 0x77, 0xAB, 0x44, 0xD9, 0x4E, 0x2E,
    0x37, 0x63, 0x0A, 0xBC, 0x35, 0x9C, 0x24, 0xAA, 0x9F, 0xD6, 0x12, 0x89, 0xED, 0x0C, 0xE2, 0xAF,
    0xA7, 0x64, 0x12, 0x7B, 0x29, 0x48, 0xF4, 0x43, 0xDB, 0xC1, 0x11, 0x59, 0xB0, 0xE0, 0x1F, 0x5E,
    0x1C, 0x54, 0xE2, 0x4F, 0x38, 0x5C, 0xAB, 0x7A, 0x43, 0x9F, 0xDB, 0x5C, 0xA8, 0x2E, 0xDB, 0x6D,
    0xD9, 0x4D, 0x59, 0xA8, 0x1D, 0x88, 0xC1, 0x47, 0xEE, 0xD5, 0x58, 0x91, 0x90, 0x21, 0x42, 0x75,
    0xE2, 0x22, 0x43, 0x1D, 0xB8, 0x82, 0x50, 0x8D, 0xAA, 0x94, 0x1F, 0x2E, 0x7A, 0x75, 0x0F, 0xEE,
    0xF0, 0x8E, 0x06, 0xEE, 0x61, 0xF7, 0xFC, 0x1B, 0x17, 0xFB, 0x4F, 0x42, 0xCF, 0x6D, 0x77, 0x3A,
    0x4D, 0x1F, 0xE8, 0xCA, 0xF1, 0xDF, 0xE9, 0x80, 0x36, 0x65, 0x87, 0x74, 0x50, 0x72, 0x19, 0x16,
    0x38, 0xE8, 0x3C, 0xA1, 0xFA, 0x34, 0x5D, 0xA7, 0xA5, 0x46, 0x99, 0x24, 0xB8, 0xA3, 0x89, 0xF9,
    0x0B, 0xA5, 0x55, 0xBD, 0x8E, 0xD4, 0x30, 0x10, 0x76, 0xD6, 0x40, 0x8A, 0x48, 0xF8, 0x0A, 0xA8,
    0x43, 0x41, 0x81, 0x68, 0xFC, 0x04, 0xC8, 0x79, 0x04, 0x8A, 0xDB, 0x7B, 0x08, 0x9E, 0x01, 0xB4,
    0x11, 0xF7, 0x22, 0x34, 0x14, 0x17, 0x8A, 0x7B, 0x01, 0x20, 0xD6, 0x5D, 0x49, 0x41, 0x24, 0x44,
    0x1F, 0x89, 0x8E, 0x06, 0x4B, 0x44, 0x22, 0x1C, 0xCE, 0x0E, 0xF3, 0xE3, 0xEC, 0x6E, 0x10, 0x42,
    0xA7, 0x23, 0xD2, 0x7E, 0xA3, 0xC4, 0xF6, 0xCC, 0xF8, 0x9B, 0x6F, 0x66, 0x95, 0xAA, 0x15, 0x3D,
    0xBA, 0x67, 0x63, 0x46, 0x36, 0x2E, 0xB2, 0x01, 0xFE, 0xA8, 0xA1, 0xE2, 0x25, 0xF9, 0xE6, 0xAE,
    0xCE, 0x01, 0xA0, 0x6F, 0x81, 0x9E, 0x1E, 0xC4, 0xA4, 0x37, 0x7B, 0xD5, 0x34, 0x2D, 0xF4, 0xC5,
    0xC4, 0x3B, 0x57, 0x72, 0x2E, 0x79, 0x99, 0x7D, 0x9A, 0x41, 0xE2, 0x75, 0x6C, 0x94, 0x6C, 0x51,
    0x8F, 0xF0, 0x97, 0x01, 0x42, 0x0E, 0xB8, 0x50, 0x02, 0x6E, 0xDA, 0xC0, 0x84, 0x9F, 0x00, 0xAA,
    0x7C, 0x0B, 0x6D, 0x57, 0x8E, 0x60, 0x07, 0x17, 0xC0, 0x44, 0xE3, 0x21, 0x0F, 0xBA, 0x82, 0x95,
    0x47, 0xD7, 0xF3, 0xB1, 0x43, 0xA8, 0x6E, 0x04, 0x8D, 0x64, 0xF2, 0x40, 0xF2, 0x79, 0x9B, 0x6E,
    0x20, 0xB9, 0x82, 0x67, 0xDB, 0x06, 0x36, 0x65, 0x4C, 0x5F, 0x15, 0x5D, 0xBA, 0x81, 0x1A, 0x16,
    0x5C, 0xEC, 0x28, 0xF9, 0xDA, 0xE0, 0x1A, 0xED, 0xCC, 0xB7, 0x7C, 0xC0, 0x8E, 0x0B, 0x52, 0xFD,
    0x41, 0x84, 0x14, 0x4F, 0x1D, 0xA9, 0x94, 0xC9, 0x4D, 0x6F, 0xB1, 0xE4, 0x82, 0xF8, 0xD1, 0x35,
    0x32, 0x65, 0x3A, 0xE4, 0x8C, 0xD9, 0x43, 0x1E, 0xDD, 0xC0, 0x8C, 0x32, 0xB7, 0xCC, 0xB2, 0xF0,
    0x9D, 0x73, 0x46, 0x30, 0x57, 0x23, 0x3D, 0x59, 0xA7, 0x72, 0x74, 0x9C, 0x0F, 0xAA, 0xEC, 0xF8,
    0xEA, 0x8E, 0x4A, 0x83, 0x6F, 0x54, 0x1C, 0x4F, 0x24, 0x68, 0xBA, 0x5D, 0xEB, 0xCD, 0xB6, 0xC1,
    0xE2, 0x07, 0xC7, 0xB7, 0x8F, 0x4B, 0x93, 0xD6, 0xD2, 0x4E, 0x25, 0xE7, 0xC8, 0x93, 0x8D, 0xE2,
    0x13, 0x89, 0xCD, 0x83, 0x32, 0x18, 0x21, 0xC3, 0xB5, 0x4A, 0x2D, 0x9E, 0x15, 0xF1, 0x56, 0xD0,
    0x59, 0x4B, 0x7C, 0xA2, 0xC0, 0x90, 0x36, 0x18, 0x95, 0x01, 0xD8, 0x2A, 0xF7, 0x63, 0x02, 0xDF,
    0x7E, 0x8A, 0x9B, 0xCE, 0x9E, 0x46, 0x5B, 0x17, 0x3A, 0xDE, 0xC5, 0x3B, 0x53, 0x85, 0xFE, 0x09,
    0xBC, 0x8F, 0x4F, 0xF0, 0x59, 0xF2, 0x52, 0x17, 0xE4, 0x8F, 0x3D, 0x73, 0x0C, 0x89, 0xC6, 0x71,
    0x57, 0xE3, 0x2E, 0x99, 0x17, 0xB3, 0xC4, 0x58, 0xA8, 0x56, 0x36, 0xF3, 0x31, 0xA8, 0xCD, 0x04,
    0x9B, 0xC0, 0x42, 0x2D, 0x7A, 0x30, 0xFD, 0xCA, 0x83, 0xAE, 0x13, 0xA3, 0x4B, 0xC0, 0x92, 0x60,
    0x03, 0x40, 0xEE, 0x4D, 0x80, 0x32, 0x94, 0x13, 0x95, 0x04, 0x1D, 0x78, 0x12, 0x14, 0xF2, 0x02,
    0x98, 0xA0, 0x81, 0x40, 0x22, 0x21, 0xFD, 0xBC, 0xA7, 0x5E, 0x00, 0x98, 0xFE, 0x80, 0x67, 0xC8,
    0xE9, 0x19, 0x2E, 0x3F, 0x7E, 0x45, 0xCD, 0x15, 0xAE, 0x0D, 0x59, 0xED, 0x7A, 0x95, 0xF7, 0x08,
    0xE5, 0x88, 0xB0, 0x41, 0xC8, 0xA0, 0x73, 0x3D, 0x96, 0xC4, 0xF5, 0xD8, 0xFF, 0xB6, 0x77, 0xB3,
    0x8C, 0xFB, 0x5D, 0x73, 0xF7, 0xF6, 0xE7, 0x7A, 0x5D, 0xF1, 0x08, 0x90, 0x71, 0xC0, 0x2A, 0xE6,
    0x96, 0x36, 0xE4, 0x57, 0xFB, 0xC4, 0x4F, 0x43, 0x19, 0x8B, 0x92, 0xAE, 0x0D, 0x0F, 0x09, 0xDE,
    0x21, 0x5C, 0xA0, 0xEB, 0xF6, 0x25, 0x12, 0xDB, 0xD6, 0x9B, 0x80, 0x80, 0xF1, 0xDA, 0x1A, 0x5B,
    0x84, 0x32, 0xF0, 0x04, 0x61, 0x07, 0xFD, 0x7A, 0x7D, 0x42, 0xEC, 0x70, 0x6F, 0x71, 0x47, 0xB6,
    0x21, 0x75, 0x95, 0x48, 0xFF, 0xF9, 0xDC, 0x4F, 0x54, 0xB0, 0x63, 0x6E, 0xC3, 0x69, 0x81, 0xA4,
    0xEC, 0x89, 0x84, 0x8D, 0x68, 0x26, 0xA5, 0x27, 0xE5, 0x46, 0x42, 0x0C, 0xAF, 0x27, 0xD2, 0xA7,
    0x9E, 0x68, 0x1A, 0xEA, 0x89, 0x45, 0x3C, 0xF1, 0x88, 0x8B, 0xED, 0x5E, 0xD6, 0x51, 0x66, 0xA5,
    0x96, 0x0E, 0x06, 0x9E, 0x67, 0x8E, 0x3F, 0x95, 0x12, 0x62, 0x48, 0xFD, 0xB3, 0x7F, 0xEE, 0xED,
    0x35, 0x94, 0x54, 0x44, 0x3A, 0x5A, 0x0C, 0x5E, 0x99, 0x95, 0xF0, 0xF9, 0xA4, 0x39, 0x0F, 0x9A,
    0xBB, 0x27, 0x18, 0x31, 0xD2, 0x4B, 0x41, 0x46, 0x8A, 0x4A, 0x73, 0x23, 0xBD, 0xB9, 0xC5, 0xCE,
    0x74, 0x0E, 0xBD, 0xAC, 0x9B, 0x37, 0x61, 0xF6, 0x69, 0x76, 0x63, 0x4B, 0x4E, 0x56, 0x07, 0xB9,
    0xCC, 0x99, 0x65, 0x32, 0xE9, 0xC3, 0x7E, 0x5E, 0x93, 0x20, 0xB1, 0xC5, 0xB1, 0x6B, 0x31, 0x45,
    0x1B, 0xE8, 0x8A, 0xD8, 0xB4, 0x19, 0x8C, 0x16, 0x07, 0x33, 0x61, 0x57, 0xFE, 0x1A, 0xED, 0xB7,
    0xC1, 0x7D, 0x19, 0xED, 0x87, 0x58, 0x9E, 0x8E, 0xF6, 0x62, 0xB8, 0xA3, 0x47, 0xEB, 0x91, 0x45,
    0x44, 0x75, 0x43, 0xCC, 0x47, 0xDB, 0x2D, 0x31, 0x7B, 0x7A, 0xBB, 0xDA, 0xA7, 0xA8, 0x72, 0xE1,
    0xB5, 0x94, 0x7F, 0x13, 0x33, 0x1D, 0xCE, 0x6B, 0x9E, 0x31, 0xCD, 0xD9, 0x1A, 0x35, 0x24, 0xF3,
    0x47, 0x0C, 0x24, 0x23, 0x52, 0xB5, 0x32, 0xCC, 0xE5, 0xAE, 0xF8, 0x96, 0xD6, 0x0E, 0x77, 0x46,
    0xB5, 0x6D, 0x5E, 0x93, 0x97, 0xE4, 0x73, 0xCF, 0x5E, 0xE2, 0xB2, 0x0C, 0x87, 0xB9, 0x70, 0x66,
    0xD9, 0xF1, 0xFD, 0xEA, 0x6F, 0xE9, 0xFF, 0x07, 0x19, 0x39, 0xD3, 0x59, 0x5E, 0x8E, 0xF6, 0x72,
    0x70, 0xDF, 0x47, 0xFB, 0x31, 0x12, 0xE5, 0x30, 0x08, 0xFD, 0x8A, 0x30, 0x95, 0x05, 0xF3, 0xA2,
    0x2E, 0x97, 0x72, 0x49, 0xE9, 0x52, 0x19, 0xE5, 0x9A, 0xC2, 0xDD, 0x91, 0xBA, 0x25, 0x0D, 0xF2,
    0x44, 0xFE, 0x27, 0x78, 0x9A, 0x6D, 0x55, 0x4B, 0xF3, 0x1D, 0xDB, 0x9F, 0xE6, 0x7B, 0xAF, 0x0A,
    0xF9, 0xF3, 0x45, 0x1F, 0xA2, 0x26, 0x3F, 0xAB, 0x90, 0xEE, 0x5A, 0x44, 0x57, 0xF3, 0x20, 0x65,
    0x69, 0x15, 0x71, 0xA1, 0x3B, 0x2F, 0xE4, 0xB1, 0x96, 0x8B, 0x28, 0x3E, 0xC3, 0x2E, 0x42, 0x8A,
    0x97, 0xA2, 0x4B, 0x2E, 0xBF, 0x01, 0xE5, 0x5A, 0x4F, 0xAF, 0xDC, 0x48, 0x11, 0x6F, 0x8F, 0x37,
    0x31, 0x8A, 0x91, 0xBC, 0x07, 0x9E, 0x80, 0x44, 0x60, 0x0E, 0x9C, 0x82, 0x84, 0x3F, 0x01, 0xDB,
    0x16, 0x1C, 0x73, 0x79, 0x87, 0x0C, 0x48, 0xE4, 0x00, 0xE7, 0xDD, 0xC3, 0xBB, 0x70, 0x45, 0x1E,
    0xBE, 0x41, 0x0E, 0x70, 0x26, 0x87, 0x20, 0xF1, 0x66, 0x0F, 0xE1, 0x03, 0xAC, 0x68, 0x8B, 0x0B,
    0x07, 0x0E, 0x58, 0x02, 0x89, 0x63, 0x1C, 0x94, 0x1C, 0x36, 0x7B, 0x88, 0x05, 0x46, 0xF8, 0x6D,
    0x6C, 0x37, 0xF5, 0xAB, 0x2A, 0xCF, 0xD8, 0xEF, 0xCF, 0x64, 0x97, 0x0D, 0xBB, 0x91, 0x98, 0x64,
    0xBA, 0x66, 0x3C, 0xDD, 0xD5, 0xF5, 0xEB, 0xAA, 0xAE, 0xAE, 0xAA, 0x7E, 0xC6, 0xC8, 0xCB, 0xFA,
    0xDC, 0x98, 0x95, 0x2F, 0x33, 0xBF, 0x31, 0x26, 0xF4, 0x9B, 0xD4, 0x97, 0xC6, 0x44, 0xDE, 0x24,
    0xA0, 0xB1, 0xA7, 0xFF, 0xB5, 0x31, 0xC9, 0x40, 0x8F, 0x1A, 0x63, 0xD2, 0x9E, 0xBA, 0x10, 0xB5,
    0x2D, 0x0D, 0xE9, 0x88, 0xD2, 0x67, 0x8F, 0x57, 0xAD, 0x94, 0xC6, 0x14, 0x4A, 0x2D, 0x28, 0xF1,
    0xCE, 0x7C, 0x1E, 0x7A, 0x9A, 0x28, 0xF5, 0x9B, 0x68, 0x24, 0x4A, 0x8C, 0xE3, 0xDE, 0x80, 0x77,
    0x99, 0x10, 0x0B, 0x62, 0x58, 0xA7, 0x2D, 0xD3, 0x06, 0xEC, 0x4C, 0x40, 0xB4, 0x82, 0x64, 0xBE,
    0x73, 0x25, 0xA8, 0xEB, 0x21, 0x1A, 0x31, 0x1E, 0xBD, 0x4A, 0x2C, 0x34, 0xF3, 0x03, 0xD3, 0xC4,
    0xF7, 0x4A, 0x5B, 0xA6, 0x2C, 0xA9, 0x30, 0x66, 0xBA, 0x92, 0xE1, 0x26, 0x78, 0x28, 0x88, 0xBF,
    0xF3, 0x21, 0x77, 0xF2, 0x15, 0x58, 0x60, 0x0C, 0x49, 0x4C, 0x1C, 0x5C, 0x5E, 0x10, 0xDF, 0x9F,
    0x91, 0x9C, 0x39, 0x4B, 0xB7, 0x61, 0x16, 0xE5, 0xAE, 0x5D, 0x69, 0x4B, 0xC3, 0x6E, 0x3D, 0xA3,
    0x76, 0xE5, 0xC1, 0x22, 0xE1, 0xD6, 0x72, 0xEB, 0x3B, 0xC2, 0x44, 0x9D, 0xA9, 0x67, 0xE4, 0x73,
    0x6A, 0x93, 0x11, 0xA3, 0x78, 0xD1, 0x36, 0x19, 0xDA, 0xDC, 0x76, 0x58, 0x5B, 0x5A, 0x3E, 0x5A,
    0xD9, 0xA2, 0x35, 0xD4, 0x81, 0x5A, 0xEA, 0x40, 0x6D, 0xD6, 0xA1, 0x2D, 0x1A, 0x53, 0xF4, 0x86,
    0x24, 0xB7, 0x03, 0xA6, 0x25, 0x01, 0x3D, 0x90, 0x41, 0xC0, 0x88, 0x97, 0xD9, 0xB8, 0x11, 0xF2,
    0x5D, 0x3B, 0x36, 0xD3, 0x2B, 0xE3, 0x85, 0xE6, 0xB6, 0x9C, 0xB7, 0x37, 0xB7, 0xEB, 0x7B, 0x2C,
    0x73, 0xFC, 0xC9, 0xDA, 0x84, 0x47, 0x5D, 0x6C, 0x6F, 0x9C, 0xAE, 0x7F, 0xF2, 0x69, 0xF8, 0xBC,
    0xB3, 0x3D, 0xA5, 0xFE, 0xAC, 0xFE, 0x8B, 0x6D, 0xAE, 0x42, 0x7F, 0x8B, 0xDE, 0x27, 0xFE, 0xBE,
    0xE9, 0x60, 0x18, 0x7E, 0x08, 0x07, 0x31, 0xA0, 0xC7, 0x58, 0x1F, 0x31, 0x28, 0x7A, 0xFC, 0xC8,
    0x93, 0x16, 0x2C, 0xBD, 0xA1, 0x19, 0x2C, 0x41, 0xE2, 0x37, 0x2B, 0x68, 0x37, 0xE3, 0x75, 0xA6,
    0xB5, 0xF0, 0x75, 0x44, 0x3F, 0x93, 0x2A, 0x9A, 0x84, 0xBA, 0x44, 0xBD, 0x63, 0x9A, 0x36, 0x45,
    0x9B, 0x92, 0xAD, 0x15, 0x65, 0xD1, 0xA5, 0x03, 0x59, 0x94, 0xB1, 0x5D, 0x46, 0x26, 0xDC, 0x83,
    0xF6, 0x26, 0x69, 0x84, 0x92, 0x99, 0x31, 0x25, 0xA1, 0x8A, 0x36, 0x63, 0x19, 0x5C, 0x9B, 0x0E,
    0x09, 0x99, 0x04, 0xF8, 0xC1, 0x0A, 0x41, 0xE9, 0x67, 0xD2, 0x7A, 0xEC, 0x47, 0xA8, 0x80, 0xE6,
    0xED, 0x20, 0x07, 0xA9, 0x97, 0x2D, 0x87, 0xBA, 0x8C, 0xF9, 0x75, 0x92, 0x6D, 0xC5, 0x62, 0x43,
    0xB1, 0x62, 0xFF, 0xD9, 0x3F, 0x88, 0xB0, 0x0C, 0x27, 0xAC, 0xB7, 0xCC, 0x04, 0x8F, 0x7E, 0x43,
    0xA0, 0xBF, 0xB4, 0xD3, 0x9B, 0x89, 0xC5, 0x3E, 0x5D, 0x23, 0x56, 0xDA, 0x89, 0xD1, 0xB2, 0x31,
    0xC7, 0x42, 0x12, 0x70, 0xE0, 0x15, 0x62, 0xC3, 0x7F, 0xC1, 0xCB, 0x67, 0xFF, 0xCC, 0xB6, 0xE9,
    0xFE, 0xC4, 0x0B, 0xEE, 0x7F, 0x00, 0x8B, 0x5C, 0x79, 0xDE, 0x97, 0xE1, 0xC8, 0xCB, 0x13, 0x0D,
    0x86, 0xA5, 0xEC, 0x65, 0xD1, 0x3A, 0xE3, 0x08, 0x5A, 0x46, 0xA8, 0x47, 0xDE, 0xB2, 0x96, 0xB8,
    0x15, 0x15, 0x36, 0xA6, 0x21, 0x16, 0xB4, 0x1F, 0x03, 0x62, 0x98, 0xC0, 0x6E, 0x73, 0x6C, 0x77,
    0xEC, 0x56, 0xE2, 0x16, 0x8F, 0x4C, 0x68, 0xEB, 0x43, 0xB6, 0x14, 0xF2, 0xF8, 0xDE, 0xFA, 0xE7,
    0x5B, 0xE7, 0x07, 0x56, 0xA5, 0x1F, 0x97, 0x44, 0x51, 0xA5, 0xFC, 0xAD, 0x93, 0x87, 0xFD, 0x92,
    0xB0, 0x93, 0xB1, 0x2D, 0xFB, 0x96, 0x82, 0x96, 0x16, 0x2B, 0x4C, 0x1A, 0x84, 0xF7, 0x28, 0x01,
    0x60, 0x05, 0xFD, 0xB6, 0xD8, 0x28, 0x01, 0x01, 0x08, 0x45, 0xEB, 0x31, 0xF4, 0x32, 0x00, 0x0D,
    0xB9, 0x00, 0x93, 0xC2, 0xED, 0x78, 0xA0, 0x01, 0x00, 0x5B, 0xB3, 0x51, 0x10, 0x1A, 0x00, 0x10,
    0xD7, 0x55, 0x61, 0x95, 0x42, 0xFF, 0x77, 0xCF, 0xAB, 0xFA, 0xCF, 0x91, 0x7D, 0xCA, 0x4B, 0x5E,
    0x4F, 0x2F, 0xCB, 0xEA, 0xC4, 0x53, 0x58, 0x71, 0x14, 0x56, 0xFC, 0x04, 0x3B, 0x3E, 0xE6, 0xC6,
    0x0A, 0x10, 0x38, 0xD7, 0xEF, 0x9B, 0xD9, 0xEB, 0x16, 0x40, 0x10, 0x33, 0x26, 0x89, 0x10, 0x76,
    0x77, 0x9E, 0x9E, 0x7D, 0xBC, 0xDD, 0x6E, 0x23, 0x51, 0x62, 0x22, 0xAC, 0x52, 0xF5, 0x57, 0xE2,
    0xA6, 0xAC, 0x78, 0x29, 0xD7, 0xCE, 0x89, 0x3F, 0xF4, 0x22, 0x8E, 0xB4, 0xAC, 0x62, 0x1E, 0xF0,
    0x0D, 0x33, 0x2E, 0xCA, 0x53, 0x67, 0xD0, 0xF9, 0x42, 0x7F, 0xC6, 0x7E, 0xCE, 0xCF, 0x25, 0x9B,
    0xE4, 0x54, 0xA9, 0xCD, 0x75, 0x21, 0xF4, 0x5A, 0xCB, 0x5E, 0x94, 0xB1, 0x81, 0x10, 0xF6, 0x95,
    0x87, 0x61, 0xBA, 0x91, 0x61, 0x92, 0x0F, 0xC3, 0xB4, 0x64, 0x4E, 0x10, 0xC2, 0xD5, 0x2C, 0x12,
    0x1E, 0xF4, 0xCC, 0xCB, 0xE1, 0x84, 0xC8, 0x41, 0x58, 0x8B, 0x87, 0x61, 0x3A, 0xC0, 0x6C, 0xF9,
    0x34, 0x29, 0x3A, 0xF0, 0x02, 0x17, 0x3E, 0x43, 0x06, 0x96, 0x2B, 0xF5, 0xE0, 0x45, 0xF3, 0xFD,
    0xC5, 0x8B, 0xEB, 0x1E, 0x5F, 0x09, 0xD3, 0x0A, 0x71, 0xF5, 0x45, 0x8C, 0xC1, 0x56, 0x80, 0x5F,
    0x7B, 0x97, 0x34, 0x36, 0x0D, 0xC8, 0x84, 0x08, 0xCF, 0x50, 0x48, 0xE2, 0xCF, 0xD6, 0xEB, 0xF5,
    0xDD, 0x54, 0x2C, 0xC2, 0x8A, 0x45, 0x14, 0xFD, 0x27, 0xD6, 0xDF, 0x28, 0xFA, 0x6B, 0xE7, 0xE3,
    0x94, 0x8B, 0xF2, 0x94, 0x19, 0xD6, 0x3A, 0x9F, 0x72, 0xD3, 0x1D, 0x64, 0x02, 0x27, 0x18, 0x02,
    0x74, 0x51, 0x0B, 0xC4, 0x93, 0xA7, 0x3A, 0x6D, 0x2E, 0xA4, 0x11, 0x32, 0x18, 0x42, 0xF3, 0x48,
    0x1D, 0x6C, 0xE6, 0x2B, 0x31, 0x08, 0xB1, 0x1D, 0xBF, 0x14, 0x41, 0x48, 0xAA, 0x92, 0x8C, 0x87,
    0x20, 0x90, 0x08, 0xE0, 0x2A, 0x56, 0xA6, 0x03, 0x16, 0xE6, 0xAC, 0x3C, 0x65, 0x06, 0x3D, 0x79,
    0x4F, 0x68, 0x27, 0x8A, 0x84, 0x2A, 0xD9, 0x5C, 0x4E, 0x91, 0xFA, 0x3E, 0x60, 0xE9, 0x29, 0xAD,
    0x24, 0x9F, 0x9D, 0xD5, 0x07, 0x61, 0xBA, 0x91, 0x61, 0x92, 0x47, 0x02, 0xCC, 0x44, 0x42, 0x12,
    0xEC, 0x57, 0x2F, 0xC6, 0x56, 0xF0, 0x49, 0x2B, 0x86, 0xB8, 0x61, 0x98, 0xA4, 0xF7, 0x57, 0xC2,
    0x1C, 0x19, 0x26, 0x71, 0xC3, 0x00, 0xE2, 0x46, 0xE7, 0x05, 0xB8, 0x01, 0x26, 0x71, 0x03, 0x4C,
    0xE2, 0xC6, 0x30, 0xFD, 0x1F, 0x19, 0x26, 0x8D, 0xA9, 0x5E, 0x05, 0x53, 0x16, 0x47, 0x7D, 0xC9,
    0x12, 0x29, 0xAC, 0x90, 0x34, 0x76, 0x7A, 0xBC, 0x84, 0xD9, 0x99, 0x85, 0x2D, 0x94, 0x47, 0xA4,
    0xFB, 0x13, 0xAF, 0x27, 0x84, 0xBA, 0x8E, 0xA5, 0x0B, 0x78, 0xB5, 0xFE, 0xDC, 0x38, 0x57, 0xB8,
    0x8E, 0x13, 0x2E, 0xC4, 0x73, 0x2D, 0x33, 0xE8, 0x7C, 0xEA, 0xCA, 0xF5, 0x30, 0xE3, 0x2F, 0xB9,
    0x41, 0x97, 0x7C, 0xE6, 0x07, 0x0B, 0xE5, 0xBE, 0xB9, 0xF0, 0x41, 0x7C, 0x07, 0x2B, 0xCF, 0xF5,
    0xEA, 0x98, 0xFE, 0x7F, 0x3E, 0x20, 0x20, 0x4D, 0xC9, 0x26, 0x69, 0x03, 0x77, 0xF0, 0x2B, 0x39,
    0x22, 0xCB, 0x58, 0xD7, 0x47, 0x3E, 0x90, 0xCF, 0x79, 0x78, 0x1D, 0x7E, 0x47, 0x5F, 0xE2, 0xB6,
    0x72, 0xD9, 0xF2, 0x12, 0xC4, 0xF9, 0x8D, 0x9C, 0x96, 0x1C, 0x8A, 0x93, 0xD1, 0xC5, 0x50, 0xBF,
    0xDF, 0x84, 0x1C, 0x70, 0x6C, 0x02, 0x18, 0x95, 0xDD, 0x18, 0x28, 0xF5, 0xB6, 0x86, 0xEF, 0xBB,
    0xC3, 0x2B, 0x96, 0xA3, 0x2C, 0x54, 0x4B, 0x51, 0xFB, 0x53, 0xFD, 0xDB, 0xE9, 0xB0, 0x90, 0x03,
    0x6E, 0x3A, 0xEE, 0xC4, 0x61, 0x2C, 0x9C, 0x9B, 0xD8, 0x5B, 0x28, 0x4E, 0x44, 0x22, 0xE1, 0x9D,
    0xF5, 0x00, 0xEB, 0x86, 0x7B, 0xA4, 0x35, 0x07, 0xC3, 0x96, 0x43, 0x30, 0x22, 0x88, 0xBC, 0xC8,
    0xE1, 0xDA, 0x71, 0xBD, 0xDE, 0xFA, 0x4A, 0x2C, 0xA2, 0x54, 0x62, 0xE7, 0xC0, 0x72, 0x2C, 0xC0,
    0xF6, 0x91, 0x81, 0x6D, 0xDF, 0xC5, 0xA3, 0xE1, 0x5C, 0x33, 0x33, 0x35, 0x75, 0x08, 0xBA, 0x77,
    0x12, 0xB5, 0xF9, 0x4E, 0x64, 0x11, 0xEF, 0xB6, 0xF0, 0xF1, 0xBA, 0xBB, 0x22, 0xED, 0x2F, 0x78,
    0xB2, 0x45, 0x7F, 0x81, 0x15, 0x4C, 0xFD, 0xE7, 0x5B, 0x74, 0xEA, 0xAF, 0xFE, 0xB2, 0x99, 0x31,
    0x5E, 0x0A, 0x12, 0xAB, 0x20, 0xFD, 0x95, 0x82, 0xAC, 0x2E, 0x13, 0x64, 0x29, 0xF8, 0x7E, 0x12,
    0xDB, 0x4D, 0xCC, 0x18, 0x61, 0xEC, 0x27, 0x24, 0x9C, 0x74, 0x88, 0xA8, 0xAC, 0xDA, 0x7D, 0xEF,
    0x6C, 0xD9, 0x3B, 0x92, 0xA0, 0x67, 0xB3, 0xE8, 0xCD, 0xA1, 0x83, 0x6D, 0x17, 0xBD, 0xD9, 0x8B,
    0x47, 0x32, 0xC1, 0xBE, 0x77, 0x75, 0xB1, 0xB7, 0x88, 0x03, 0xEF, 0xC9, 0xA0, 0xB4, 0xB9, 0x46,
    0xCD, 0x4F, 0x93, 0xD2, 0xAF, 0x9A, 0xAC, 0xF5, 0x29, 0xE2, 0x3A, 0x37, 0xC0, 0x78, 0x5B, 0xB6,
    0x77, 0xB2, 0xC3, 0x56, 0x12, 0x33, 0xCE, 0x8E, 0x32, 0x0E, 0xFD, 0x06, 0x57, 0xF4, 0x69, 0xED,
    0xE3, 0x2E, 0xC9, 0x7D, 0xD0, 0x9C, 0xE3, 0x47, 0x61, 0x08, 0x94, 0x71, 0x0C, 0xA7, 0x42, 0x79,
    0xA2, 0x27, 0x2B, 0xF2, 0x6D, 0x36, 0xBA, 0xDE, 0xD6, 0xF1, 0x50, 0x94, 0xE1, 0x28, 0xEF, 0x15,
    0xE8, 0x40, 0xCF, 0x7A, 0x3B, 0xBA, 0x8E, 0x26, 0x6C, 0x22, 0x04, 0xD9, 0xB0, 0xEC, 0x6B, 0x14,
    0xB4, 0xB6, 0x34, 0x09, 0xF9, 0x3A, 0x37, 0xDA, 0xFE, 0x86, 0x44, 0x6C, 0xB1, 0xAC, 0x74, 0x22,
    0x24, 0x15, 0x85, 0x66, 0xB2, 0xEE, 0x56, 0xF4, 0x54, 0x54, 0xA2, 0xB5, 0x52, 0xB4, 0x26, 0x49,
    0xA2, 0x3A, 0x67, 0xBF, 0xF0, 0xD8, 0xA2, 0xEC, 0x48, 0xBD, 0x79, 0x3F, 0xE7, 0x4C, 0xB9, 0x84,
    0x43, 0xB4, 0x0F, 0x52, 0x81, 0xB3, 0x43, 0xEE, 0x56, 0x31, 0x29, 0x4A, 0x73, 0x44, 0x1B, 0xC5,
    0x6D, 0x58, 0x6F, 0xE0, 0x6C, 0x5B, 0xE6, 0x9C, 0x75, 0xAB, 0x91, 0x57, 0x98, 0x39, 0x27, 0x7D,
    0x28, 0xDA, 0xE1, 0x09, 0xA2, 0x31, 0x96, 0x6C, 0x38, 0x69, 0x98, 0xA4, 0x0D, 0x1B, 0xD3, 0x09,
    0xCB, 0xEC, 0x45, 0x58, 0x2F, 0x26, 0xE6, 0x34, 0x2F, 0x16, 0x99, 0x75, 0x7B, 0x67, 0x8B, 0x53,
    0x5A, 0xED, 0x8E, 0x5F, 0xEF, 0x6D, 0x4C, 0x6C, 0x90, 0xBE, 0x14, 0xC8, 0x2B, 0x56, 0x1C, 0xF3,
    0xDC, 0xA1, 0x13, 0xEE, 0xCC, 0x3F, 0x6E, 0x69, 0x15, 0x28, 0xA7, 0x22, 0x19, 0xB1, 0x89, 0x7D,
    0x8E, 0x44, 0xDD, 0xE7, 0x30, 0x2C, 0xF1, 0x42, 0xAE, 0x72, 0x04, 0x84, 0xF6, 0x32, 0xC5, 0x7A,
    0xD6, 0x0F, 0x31, 0xC2, 0xAD, 0x96, 0x38, 0x60, 0x53, 0x14, 0x12, 0x4C, 0x31, 0xFF, 0x1B, 0x0F,
    0xD9, 0xF7, 0x50, 0x98, 0xCE, 0x33, 0x50, 0xD6, 0x8B, 0x29, 0x68, 0xFB, 0xFF, 0xCB, 0xBF, 0x38,
    0x73, 0x95, 0xC5, 0x24, 0xB6, 0x2E, 0x28, 0xB1, 0x34, 0x59, 0xED, 0x36, 0x94, 0xA7, 0xA4, 0x44,
    0x62, 0x7C, 0x2B, 0x4A, 0x9A, 0x28, 0xAB, 0x8A, 0x9A, 0x82, 0xF3, 0xA2, 0xB2, 0x98, 0x0A, 0x89,
    0x2C, 0xCD, 0x05, 0x41, 0x68, 0xB2, 0x91, 0x8F, 0x73, 0xDD, 0x9A, 0xFB, 0x97, 0xAB, 0xDE, 0x74,
    0xA2, 0x59, 0x9E, 0xA4, 0xB5, 0x87, 0xC8, 0x02, 0xD7, 0x4A, 0xEC, 0xD1, 0x44, 0xEA, 0x2B, 0x54,
    0xA1, 0x53, 0x00, 0x69, 0x24, 0xD3, 0x30, 0x2B, 0x0D, 0xF1, 0x22, 0x31, 0x09, 0xAD, 0x5E, 0xEC,
    0x4E, 0xF9, 0xAB, 0xBB, 0x99, 0xCF, 0xD4, 0xAD, 0x3E, 0xDC, 0x4D, 0x02, 0xA2, 0x95, 0xD2, 0x48,
    0x69, 0xAA, 0xD4, 0x2A, 0xBD, 0xFD, 0xC0, 0x36, 0xAF, 0xFB, 0xDF, 0xD1, 0xF1, 0xED, 0xFB, 0x37,
    0x1F, 0x14, 0x75, 0xD6, 0xBE, 0xE9, 0xEF, 0xA3, 0xE3, 0xA3, 0x7D, 0x0D, 0x87, 0x6D, 0xDB, 0xEC,
    0x6A, 0x4D, 0xFB, 0xE2, 0x55, 0xAC, 0x1A, 0x99, 0x8A, 0x5B, 0xA9, 0x9E, 0xE9, 0x76, 0x47, 0xC5,
    0x1E, 0xDC, 0xBF, 0x45, 0x07, 0x94, 0x22, 0xE5, 0xCC, 0xEE, 0x0F, 0x5A, 0xBA, 0xDA, 0x28, 0x95,
    0x13, 0x01, 0x65, 0xA7, 0x46, 0x8E, 0x02, 0xF6, 0xF4, 0x08, 0xA2, 0x7B, 0x39, 0x52, 0xD8, 0xC0,
    0xA4, 0x26, 0xC5, 0x67, 0x01, 0x1F, 0x2B, 0x34, 0x28, 0xE4, 0xFA, 0x47, 0xC9, 0x6F, 0x1C, 0x19,
    0x01, 0xF9, 0x39, 0x3E, 0x6D, 0xE8, 0x37, 0xEE, 0x43, 0x7D, 0x79, 0x0C, 0xF1, 0x10, 0x5E, 0xBD,
    0x24, 0x07, 0xC4, 0x90, 0x93, 0x56, 0xFA, 0x91, 0x41, 0xC4, 0x7E, 0xBF, 0x69, 0xF5, 0xFB, 0xF4,
    0xFB, 0xD4, 0x7F, 0x1A, 0x2F, 0xFC, 0xDA, 0x1D, 0xFF, 0x69, 0xBE, 0x90, 0x23, 0xA2, 0x8A, 0x4F,
    0x2D, 0x5E, 0x29, 0x95, 0x6F, 0x27, 0xAF, 0x6D, 0x77, 0xB2, 0xA4, 0xFD, 0x0C, 0x1F, 0xE6, 0x68,
    0x67, 0xF8, 0x69, 0x10, 0xAF, 0x47, 0xE8, 0x7F, 0xC1, 0xEB, 0x33, 0xAD, 0xD7, 0xB4, 0x7E, 0xBB,
    0xF5, 0x9C, 0xD6, 0x77, 0x5A, 0xEF, 0x54, 0xB7, 0xC0, 0xA4, 0x8F, 0xF8, 0x42, 0xB1, 0xB1, 0x9C,
    0xEB, 0x33, 0xE0, 0x6A, 0x5D, 0x86, 0xB8, 0x9E, 0x77, 0x85, 0x09, 0xF7, 0x85, 0xB5, 0x26, 0xE5,
    0x6A, 0x07, 0xB0, 0xDB, 0x1E, 0xD2, 0xA5, 0x3D, 0x64, 0x4B, 0x06, 0x78, 0x8C, 0x78, 0x5C, 0xB4,
    0x15, 0x0E, 0x86, 0xCF, 0xA7, 0xDD, 0xBB, 0xD5, 0xCF, 0x6B, 0xC6, 0x39, 0x52, 0x59, 0x01, 0x69,
    0x11, 0xE7, 0x64, 0x3D, 0x12, 0xB1, 0x82, 0x8E, 0xFC, 0xBF, 0x7E, 0xD5, 0xB7, 0x5C, 0x5C, 0xAB,
    0x65, 0x0D, 0xE1, 0x51, 0x47, 0x2E, 0x37, 0x41, 0x13, 0xEF, 0x9E, 0x4A, 0xBD, 0x86, 0x8B, 0xA3,
    0x05, 0x1E, 0x05, 0x53, 0xD1, 0x74, 0x80, 0xB6, 0x7E, 0xDD, 0x23, 0x84, 0x0D, 0xC1, 0x71, 0x08,
    0xAA, 0xC9, 0x55, 0xBD, 0xD1, 0x6D, 0x3F, 0x45, 0xE4, 0x11, 0xA7, 0x9F, 0x69, 0x89, 0x4A, 0x02,
    0x9D, 0xA4, 0x0D, 0x27, 0x60, 0x15, 0xD7, 0x38, 0x72, 0x2C, 0xC0, 0xC0, 0x86, 0xB6, 0xA8, 0x54,
    0xA9, 0xF9, 0x45, 0x62, 0x95, 0x6A, 0xA4, 0x3B, 0x52, 0xCF, 0x3D, 0xCD, 0x5D, 0xF3, 0xBA, 0x5E,
    0x1C, 0x73, 0xA5, 0x0D, 0x07, 0x22, 0xAE, 0x2F, 0xD8, 0x7F, 0x0C, 0x4A, 0xAC, 0x12, 0x76, 0x32,
    0xDD, 0xF5, 0x07, 0x44, 0x6E, 0x4E, 0x12, 0x73, 0x90, 0x92, 0xB5, 0x07, 0xC6, 0xB1, 0x11, 0x90,
    0xB7, 0x40, 0x9C, 0x88, 0x80, 0xEF, 0x75, 0xBD, 0x5C, 0xBE, 0x48, 0x74, 0xEA, 0xAB, 0x57, 0xE9,
    0x74, 0x2A, 0xB6, 0xD7, 0xE4, 0xCC, 0x02, 0xDF, 0xAC, 0xD0, 0xD6, 0x88, 0x1A, 0xBF, 0x72, 0x35,
    0xFB, 0x63, 0x04, 0x8B, 0x14, 0x90, 0xD1, 0x99, 0x4D, 0xC0, 0x49, 0xA1, 0xE9, 0x2C, 0xF0, 0xFF,
    0xA2, 0x60, 0xFF, 0xB7, 0x5A, 0x32, 0xD7, 0x7F, 0x69, 0xCC, 0x97, 0xE1, 0xC6, 0x28, 0x0A, 0xC3,
    0xBE, 0xEA, 0x28, 0x68, 0xC4, 0x91, 0xFE, 0x11, 0xE5, 0x75, 0x67, 0x27, 0x70, 0x6E, 0xB6, 0xE2,
    0x4D, 0x97, 0xE4, 0xE6, 0x16, 0x2E, 0x48, 0x68, 0xCC, 0x6C, 0x71, 0xB2, 0x33, 0x63, 0xBE, 0x81,
    0xBC, 0x80, 0xC2, 0x64, 0x8A, 0xE8, 0xFC, 0x48, 0x4E, 0x5C, 0xD3, 0x5E, 0x8B, 0x8D, 0x3D, 0x9A,
    0xAC, 0xE4, 0xCA, 0x6C, 0x84, 0x22, 0xE5, 0xE6, 0x72, 0xE1, 0x6F, 0x22, 0x73, 0xDC, 0x6A, 0xB5,
    0x2E, 0x5F, 0x12, 0xFD, 0xED, 0xD2, 0xD7, 0xA5, 0x03, 0x94, 0x4C, 0x7D, 0x48, 0xD6, 0xB7, 0x51,
    0x3E, 0x36, 0x3F, 0x67, 0x2F, 0x8F, 0x48, 0xD7, 0x7F, 0xDF, 0x4B, 0xE0, 0x66, 0xE8, 0x9C, 0x40,
    0x85, 0x87, 0x18, 0xB5, 0xE6, 0xBB, 0x72, 0x0B, 0x64, 0xCC, 0x5B, 0xF4, 0xDE, 0xE2, 0x2E, 0x03,
    0xC6, 0xF2, 0x7B, 0x44, 0xC6, 0x86, 0xEB, 0x91, 0x7F, 0xA3, 0xFE, 0x1F, 0x71, 0x19, 0x25, 0x77,
    0xB4, 0x1E, 0x8E, 0xFC, 0x4F, 0x63, 0xBE, 0x4E, 0x7B, 0x74, 0xA9, 0xC2, 0x77, 0xE8, 0x6B, 0xF0,
    0x81, 0xF5, 0xCF, 0xDF, 0xD7, 0x02, 0xB9, 0xB6, 0x2B, 0x78, 0x36, 0x5A, 0x80, 0x5D, 0xD5, 0xEF,
    0xDC, 0x1A, 0xB8, 0xF1, 0xA1, 0xD4, 0x59, 0x9E, 0xCE, 0x47, 0xD9, 0x67, 0x79, 0x70, 0xAF, 0xFF,
    0x36, 0x7A, 0x7C, 0x6D, 0xEA, 0xCA, 0x1F, 0x2C, 0x66, 0x45, 0x12, 0x22, 0x90, 0x2E, 0xC9, 0xB6,
    0x8B, 0x52, 0x33, 0x1F, 0x64, 0x27, 0x47, 0x3F, 0x1A, 0xAE, 0xC8, 0xCA, 0xB9, 0xA0, 0xCE, 0xE7,
    0xC3, 0x07, 0x66, 0xA1, 0x5B, 0x5E, 0xA2, 0x61, 0xDE, 0x16, 0xFE, 0x5C, 0x1E, 0xAF, 0x2F, 0x94,
    0x5C, 0xB7, 0xBF, 0xBD, 0xD8, 0x5F, 0x9E, 0x5F, 0xB2, 0x41, 0x2F, 0xF4, 0x74, 0x97, 0x71, 0xFE,
    0x1D, 0xEC, 0xBA, 0xD5, 0xAA, 0x16, 0x94, 0x17, 0xC0, 0x4A, 0x91, 0x8C, 0x06, 0x92, 0x95, 0x3E,
    0xD5, 0xC0, 0x99, 0x2D, 0x3B, 0xC3, 0xD6, 0x0E, 0xF9, 0x60, 0x2F, 0xF0, 0x31, 0x9A, 0x7F, 0xEC,
    0xD9, 0xF4, 0x77, 0x81, 0xF7, 0x83, 0xFD, 0x24, 0x97, 0xAD, 0x49, 0xC0, 0x1B, 0xB9, 0x9A, 0x52,
    0x7B, 0xDC, 0x55, 0x49, 0x88, 0xC0, 0x02, 0xCC, 0x3F, 0xDE, 0xE2, 0x63, 0x0A, 0x17, 0x31, 0x2C,
    0x04, 0x4F, 0x54, 0x70, 0x28, 0x35, 0x48, 0x26, 0x17, 0xA3, 0x2F, 0x5F, 0x90, 0x70, 0x6A, 0x99,
    0x5C, 0xB2, 0x03, 0xAE, 0xAA, 0x95, 0xBC, 0x4D, 0xEF, 0x8D, 0x8A, 0xCC, 0x97, 0x4A, 0x00, 0x80,
    0x18, 0x0B, 0xB3, 0xC4, 0x72, 0x51, 0x55, 0xF1, 0x24, 0x98, 0x8D, 0x27, 0xDA, 0x3F, 0xE8, 0xA4,
    0x87, 0x5C, 0xB3, 0xE5, 0x22, 0x9D, 0x9B, 0xC0, 0x38, 0x3C, 0xC1, 0x80, 0x54, 0xC4, 0xF7, 0x1B,
    0x5E, 0x50, 0x7A, 0x74, 0xB6, 0x7B, 0x54, 0x4D, 0x8F, 0x7A, 0xDE, 0x1D, 0x26, 0xE0, 0xDB, 0xB0,
    0x56, 0xD3, 0x6E, 0xCE, 0xB9, 0x91, 0xF6, 0xAF, 0xAA, 0x1D, 0x8E, 0xB7, 0xF4, 0x02, 0xD0, 0x64,
    0x24, 0xF5, 0x3B, 0x46, 0x4B, 0x1A, 0x5C, 0x28, 0x2F, 0x68, 0x52, 0x7F, 0xE5, 0xA4, 0xD3, 0x23,
    0xEA, 0x15, 0xB0, 0x68, 0x11, 0xDF, 0xB8, 0x71, 0x39, 0x16, 0x4A, 0x6F, 0x66, 0x4F, 0x2E, 0x83,
    0xCC, 0xAA, 0x88, 0xE9, 0x41, 0x3A, 0xAD, 0x01, 0xEB, 0xA6, 0x18, 0xB5, 0x56, 0x86, 0xCA, 0x00,
    0x97, 0x05, 0xBE, 0x49, 0xEF, 0xEF, 0x2D, 0xD6, 0xFE, 0xF5, 0xD4, 0x6A, 0x35, 0x76, 0x3C, 0x40,
    0x5E, 0x67, 0xAD, 0xF6, 0xE8, 0xD2, 0x1B, 0x9E, 0x7C, 0x56, 0xDA, 0xE0, 0x42, 0x50, 0xF0, 0xE3,
    0x47, 0xE3, 0xE9, 0x74, 0xDD, 0x90, 0x5E, 0x71, 0x11, 0xE2, 0x9E, 0xAD, 0x71, 0x69, 0x81, 0x1B,
    0x9E, 0x91, 0x79, 0x15, 0xFD, 0xE2, 0x86, 0xA7, 0x61, 0x5E, 0xA8, 0xC4, 0x0F, 0x4C, 0x70, 0xBA,
    0x11, 0xC1, 0xB6, 0x20, 0x82, 0xF0, 0x76, 0xBA, 0xE1, 0xE9, 0xE5, 0x86, 0x67, 0x64, 0xB9, 0x32,
    0x09, 0xC0, 0x13, 0xFF, 0xD2, 0xFF, 0x6A, 0x7D, 0xF7, 0xDC, 0x45, 0x88, 0x5E, 0xCA, 0xAC, 0xF4,
    0x4E, 0x27, 0x1D, 0xD9, 0xBF, 0xDB, 0xF6, 0xCA, 0xA2, 0xDB, 0xB9, 0x1B, 0x9E, 0xE9, 0x43, 0xB8,
    0xC0, 0xBC, 0xAC, 0xF5, 0x21, 0x4D, 0x20, 0xEF, 0x03, 0xE3, 0xD3, 0x15, 0x9C, 0xAD, 0xE7, 0x5E,
    0xB7, 0xEB, 0xF5, 0x0F, 0xFD, 0x0B, 0xBE, 0x62, 0xA5, 0x33, 0xA1, 0x65, 0x5E, 0xD0, 0x4A, 0xCC,
    0x27, 0xFB, 0x74, 0x6D, 0x40, 0xBC, 0xA0, 0xC6, 0xAC, 0x65, 0x42, 0x02, 0x82, 0x14, 0x42, 0x5C,
    0xC5, 0x84, 0xAF, 0x22, 0x38, 0x3C, 0xA3, 0x71, 0x90, 0xCB, 0xE1, 0xB6, 0x02, 0xBA, 0x3D, 0xBA,
    0x37, 0x9E, 0xD7, 0xAD, 0x5F, 0xD8, 0x59, 0x6E, 0xB6, 0xFE, 0x63, 0xD8, 0xA0, 0x56, 0x30, 0x77,
    0x98, 0x37, 0x17, 0x31, 0x06, 0xE7, 0x8E, 0x8E, 0x13, 0x76, 0x15, 0xB1, 0xF8, 0x4E, 0x71, 0xCE,
    0xC1, 0x2E, 0x39, 0x7F, 0x4E, 0xAE, 0x37, 0x99, 0x2E, 0x41, 0x2F, 0xB9, 0xB2, 0xB4, 0x92, 0xF2,
    0x14, 0xDD, 0xFC, 0x9B, 0x5D, 0x5C, 0x26, 0x65, 0x8B, 0x8B, 0xC8, 0xD8, 0x8F, 0x28, 0xED, 0xAE,
    0xF4, 0x5E, 0x44, 0x5D, 0x76, 0x2A, 0x84, 0xED, 0x6C, 0x90, 0x6B, 0xAD, 0x73, 0xB1, 0xA7, 0x14,
    0xC3, 0x87, 0x43, 0x64, 0x76, 0x03, 0x71, 0xA6, 0x17, 0x11, 0xB5, 0x02, 0xD2, 0x6B, 0x89, 0xFC,
    0xF6, 0x76, 0xFB, 0xBE, 0x9F, 0x42, 0xBA, 0x03, 0x17, 0x60, 0x99, 0x92, 0x61, 0xFE, 0x6D, 0x09,
    0x6B, 0xBA, 0x93, 0x6F, 0xB0, 0xB5, 0x9D, 0xAF, 0x8B, 0xD9, 0x6D, 0xC7, 0x28, 0xF3, 0xB5, 0x4C,
    0xC8, 0x6C, 0x8E, 0xCE, 0x5D, 0x92, 0xCC, 0x6E, 0x4A, 0x9A, 0x43, 0x04, 0x27, 0xFA, 0xC3, 0xE9,
    0x7A, 0xB9, 0xD6, 0x43, 0x4F, 0x8A, 0xB4, 0x2F, 0x5E, 0xF2, 0x1F, 0xA9, 0x9C, 0xC5, 0xF5, 0x09,
    0xFC, 0x63, 0x15, 0xD7, 0x11, 0x6C, 0x07, 0x3E, 0xDE, 0xE7, 0x61, 0x0F, 0x6A, 0xCB, 0xB8, 0x01,
    0x4D, 0xEB, 0xA4, 0x06, 0x8D, 0x9B, 0xB4, 0x04, 0x8D, 0xDA, 0x8C, 0x69, 0xD8, 0xD9, 0x0D, 0xE8,
    0xAA, 0xA7, 0x30, 0x40, 0xA8, 0x9F, 0x5F, 0xC9, 0xCF, 0xE8, 0xD4, 0x4F, 0xE9, 0x34, 0x5E, 0xF8,
    0x85, 0xED, 0xC4, 0x5F, 0xE6, 0x4B, 0xEA, 0x69, 0xFE, 0x60, 0x04, 0xA5, 0xD0, 0xC6, 0x95, 0x71,
    0x1D, 0x8E, 0xA8, 0x6E, 0xC6, 0x35, 0x2A, 0xEE, 0x31, 0xE4, 0xAF, 0xF5, 0xA2, 0x36, 0x37, 0xBB,
    0x54, 0x6D, 0x97, 0xAC, 0x5D, 0x89, 0xFB, 0xC3, 0xF7, 0x18, 0x77, 0x27, 0x6F, 0x4D, 0x4B, 0xA5,
    0x26, 0xCB, 0xB8, 0xA1, 0xA0, 0x92, 0xCF, 0x7B, 0xC1, 0x0D, 0x4D, 0x03, 0x37, 0x06, 0x03, 0x37,
    0x74, 0x06, 0xDC, 0x70, 0x77, 0xBD, 0xCD, 0x95, 0x5E, 0x8D, 0x5B, 0x7E, 0x57, 0x3A, 0x8D, 0x17,
    0x7E, 0x8C, 0x9B, 0xF9, 0xC7, 0x6C, 0x4A, 0x8C, 0x9B, 0xE7, 0x9F, 0xE4, 0xE1, 0x02, 0xB2, 0xE0,
    0x96, 0x77, 0xEC, 0x9F, 0xDD, 0xFB, 0xAC, 0xB8, 0x4F, 0xE6, 0xB8, 0xF9, 0xAF, 0x1A, 0x72, 0xBE,
    0xCC, 0x4D, 0x7D, 0x19, 0xE3, 0x4F, 0x19, 0x8A, 0x17, 0x75, 0xF2, 0x04, 0xB7, 0xDD, 0x77, 0x08,
    0xB7, 0x2B, 0xA3, 0x01, 0xB8, 0xB3, 0x26, 0x6D, 0x81, 0x3B, 0xEE, 0x8B, 0x0A, 0xB8, 0x69, 0xFF,
    0xE5, 0x01, 0xF0, 0x53, 0xD4, 0xC1, 0x94, 0x1C, 0x13, 0x53, 0xDA, 0x07, 0xA0, 0x01, 0x2E, 0x99,
    0x09, 0x77, 0x34, 0x14, 0x25, 0x70, 0xA7, 0x6D, 0xDA, 0x00, 0x77, 0x51, 0xC5, 0x3D, 0xE1, 0x7E,
    0x82, 0x3F, 0x72, 0x21, 0xDC, 0x2F, 0x11, 0x10, 0x3C, 0xAE, 0x43, 0x29, 0xED, 0x97, 0xA8, 0xBF,
    0x10, 0xC6, 0xFF, 0x21, 0xEE, 0x72, 0xAF, 0xEF, 0x48, 0xF5, 0x0D, 0xDC, 0x58, 0x7F, 0xE0, 0xE6,
    0x29, 0xEE, 0xB0, 0xBE, 0x05, 0x37, 0x02, 0x0D, 0xD1, 0xB7, 0xE0, 0xA6, 0x9F, 0x05, 0x77, 0xA4,
    0xB8, 0xD3, 0x09, 0x77, 0xA5, 0xB8, 0x73, 0xC5, 0x2D, 0xFA, 0x46, 0x98, 0x22, 0xB8, 0x59, 0xDF,
    0x4F, 0x38, 0xD6, 0x10, 0xDC, 0xD0, 0x37, 0x83, 0xB0, 0x82, 0x5B, 0xEC, 0xFC, 0xD3, 0xE2, 0x9E,
    0x5D, 0x42, 0xBD, 0x29, 0xED, 0xC1, 0x3F, 0x5C, 0xF0, 0xCB, 0x0B, 0x15, 0xEC, 0x34, 0x27, 0xB7,
    0x2C, 0x9C, 0x1F, 0x15, 0xF4, 0x1B, 0xA7, 0x3C, 0x6E, 0xE4, 0x0F, 0x8D, 0xF1, 0xA3, 0x1B, 0xF5,
    0x89, 0xED, 0x39, 0x67, 0x96, 0x8B, 0x18, 0xC2, 0x7F, 0xE3, 0xFE, 0x7F, 0x00, 0xB5, 0x56, 0x3B,
    0x8E, 0xD4, 0x40, 0x10, 0x6D, 0xCF, 0x68, 0x76, 0x90, 0x1C, 0x38, 0x81, 0x84, 0x0D, 0xCC, 0x0D,
    0x9C, 0x92, 0xB5, 0x89, 0x48, 0x37, 0x20, 0xDF, 0x94, 0x6C, 0x8F, 0xE0, 0x39, 0x02, 0x09, 0x37,
    0x20, 0xE1, 0x06, 0x44, 0xD8, 0xDC, 0xC0, 0x47, 0x58, 0x24, 0x88, 0x71, 0x60, 0xA4, 0x59, 0xC9,
    0x9E, 0xA6, 0x3E, 0xAF, 0xBA, 0xDB, 0xBB, 0x9B, 0x62, 0xAD, 0x44, 0x8D, 0xB0, 0xAB, 0xAB, 0xDE,
    0x7B, 0xF5, 0xBA, 0x9C, 0xD3, 0xA7, 0xF8, 0xFE, 0x49, 0xFE, 0xBD, 0x0A, 0xBF, 0xEA, 0xB0, 0x48,
    0xD8, 0x87, 0x40, 0x7F, 0x1C, 0xED, 0x83, 0x3C, 0x1C, 0x56, 0x1C, 0xBC, 0xBF, 0x70, 0xE8, 0x57,
    0xD7, 0xAD, 0x4E, 0xDE, 0xED, 0x27, 0x57, 0x2F, 0xEE, 0x0D, 0x87, 0xE1, 0xDE, 0x79, 0xFD, 0xBE,
    0x08, 0xA3, 0xF3, 0x67, 0xA7, 0x09, 0x06, 0xD7, 0xCF, 0x08, 0x4F, 0x2E, 0x4C, 0x12, 0x5E, 0x4B,
    0xD6, 0x95, 0xA2, 0x52, 0x0F, 0xE0, 0xB4, 0xB5, 0x86, 0x9C, 0xA2, 0xD1, 0x50, 0x52, 0x54, 0x17,
    0x49, 0xC2, 0x4F, 0xBD, 0xC6, 0xB0, 0x59, 0xDD, 0x91, 0xF2, 0x49, 0xB8, 0x50, 0xD8, 0x4A, 0x48,
    0xE7, 0x97, 0x41, 0xDB, 0xA2, 0xF3, 0x2B, 0x84, 0xDD, 0xCC, 0x49, 0x9C, 0x95, 0x8B, 0x90, 0x4A,
    0xA9, 0xD7, 0x18, 0x36, 0x0B, 0xC2, 0xE7, 0x9A, 0xD8, 0xD1, 0xA1, 0xDD, 0xFC, 0xB4, 0x9F, 0x81,
    0xF3, 0x3D, 0x6A, 0x8D, 0x4B, 0xA1, 0x24, 0x4E, 0x7A, 0x93, 0x24, 0x0A, 0x9E, 0x24, 0x89, 0xFD,
    0x68, 0xE5, 0xB5, 0x55, 0xFE, 0xC2, 0x35, 0x67, 0xD4, 0x58, 0xB7, 0xFE, 0xE2, 0x3A, 0x29, 0xC1,
    0xFF, 0x66, 0x10, 0x66, 0x30, 0x42, 0xCF, 0x18, 0x43, 0xED, 0xC1, 0x87, 0xB9, 0xC1, 0x59, 0xC7,
    0x4B, 0xEB, 0x6E, 0x5C, 0xF6, 0xBC, 0xFE, 0xE2, 0x50, 0x04, 0xCE, 0xA5, 0xEF, 0x26, 0xA3, 0x74,
    0xD6, 0x9A, 0x3E, 0x2B, 0xC2, 0xD4, 0x7B, 0x2D, 0xFF, 0xD5, 0x4D, 0xEE, 0x38, 0x02, 0x85, 0x5D,
    0x0B, 0x0C, 0x22, 0x02, 0xB1, 0xE9, 0x97, 0x91, 0xC2, 0x96, 0xFB, 0xE5, 0xE7, 0x64, 0xF4, 0x9D,
    0x8C, 0xBC, 0x93, 0xB5, 0xDA, 0x2A, 0x71, 0xC7, 0x00, 0xDA, 0x94, 0x20, 0x3A, 0x53, 0xFB, 0x25,
    0xB4, 0x95, 0x06, 0xC2, 0x5A, 0x49, 0x20, 0xA4, 0x15, 0x77, 0x02, 0xD7, 0xCF, 0xE0, 0xA7, 0x9B,
    0x10, 0x28, 0xE2, 0x54, 0xA0, 0x34, 0xCE, 0x05, 0x4A, 0x8D, 0x54, 0x60, 0x11, 0x7E, 0x8C, 0x52,
    0xE0, 0x2E, 0xFC, 0x99, 0x10, 0xF0, 0x4B, 0x84, 0xF6, 0x5E, 0x40, 0x20, 0xAC, 0x77, 0xA2, 0x65,
    0x2E, 0x41, 0x30, 0x60, 0x85, 0xBC, 0x02, 0x29, 0xCE, 0x24, 0xE6, 0x94, 0x10, 0x55, 0x01, 0xD1,
    0xA1, 0x6C, 0x13, 0x19, 0x93, 0xE1, 0x18, 0x01, 0x85, 0xEA, 0x14, 0x46, 0x17, 0x15, 0x19, 0x9F,
    0x97, 0xA0, 0xE0, 0xE7, 0xC5, 0xBE, 0x08, 0xFA, 0x1E, 0x18, 0xAC, 0x2C, 0x60, 0xCE, 0xE5, 0x64,
    0xD2, 0x56, 0xBD, 0xE4, 0x9A, 0x8C, 0x32, 0x64, 0xE4, 0xA5, 0x16, 0x0E, 0x04, 0x0E, 0xA2, 0x60,
    0x64, 0x38, 0x38, 0xDD, 0xC8, 0xD5, 0x31, 0x05, 0x03, 0xB7, 0xCC, 0x14, 0xBC, 0x13, 0x5C, 0xA8,
    0x31, 0xE5, 0x2E, 0xCE, 0x4E, 0xB3, 0x42, 0x7F, 0x94, 0x5E, 0xD9, 0xF1, 0x0B, 0xD8, 0xA1, 0x73,
    0x94, 0x9D, 0x38, 0x31, 0x94, 0xBE, 0x5A, 0x37, 0xD3, 0x12, 0x67, 0xC5, 0x26, 0x25, 0x16, 0xB8,
    0x93, 0x02, 0xDF, 0xA2, 0xC0, 0xCB, 0x82, 0x09, 0x09, 0x8B, 0xCE, 0x47, 0x1F, 0x26, 0x9D, 0x8E,
    0x8E, 0xCB, 0xE0, 0x73, 0xFC, 0x0A, 0x0A, 0x0E, 0xED, 0xFF, 0xA3, 0xC0, 0x5D, 0x7D, 0x75, 0xE6,
    0x6F, 0x05, 0x94, 0xCF, 0xDF, 0xDD, 0xAA, 0xFF, 0x98, 0xC3, 0x25, 0x8B, 0xFB, 0x7B, 0x17, 0xCC,
    0xE3, 0x42, 0xBB, 0x5F, 0x0D, 0x05, 0xAA, 0xEE, 0x8C, 0xB6, 0xB9, 0xAE, 0x9B, 0xAD, 0x43, 0x68,
    0xCF, 0xB3, 0x8B, 0x6E, 0x40, 0x9F, 0x1C, 0x92, 0xD3, 0x89, 0x0E, 0x61, 0x75, 0xC1, 0x98, 0xB2,
    0xB8, 0xC9, 0x62, 0x73, 0x3B, 0x11, 0x37, 0x28, 0x13, 0x1E, 0xD5, 0xEF, 0x0A, 0x65, 0x70, 0x51,
    0x29, 0x0F, 0xD1, 0xF1, 0x94, 0x50, 0xB5, 0x3C, 0x75, 0x14, 0x65, 0x50, 0xD9, 0x54, 0xD3, 0x53,
    0x7C, 0x95, 0xC7, 0x2A, 0xA3, 0xB2, 0xCE, 0xD8, 0xCC, 0x15, 0x17, 0x39, 0xE5, 0x79, 0x34, 0x5A,
    0x49, 0x9E, 0x89, 0x59, 0x9A, 0x4A, 0x23, 0x97, 0x27, 0x94, 0xB1, 0x85, 0xFB, 0x75, 0x5C, 0x33,
    0xEC, 0xAF, 0xB9, 0x24, 0xFF, 0x2B, 0xDA, 0xAD, 0x01, 0x26, 0x07, 0xCC, 0x2D, 0x30, 0xF7, 0xC0,
    0xDC, 0x04, 0x73, 0x17, 0xCC, 0x6D, 0x30, 0xF7, 0xC1, 0xA7, 0x46, 0xA8, 0xCF, 0x21, 0x89, 0xA0,
    0x7F, 0xE8, 0xA2, 0x7A, 0xEE, 0x02, 0xA4, 0x64, 0x32, 0x18, 0xA2, 0x0E, 0xEC, 0x87, 0x08, 0xE1,
    0x74, 0xAD, 0x15, 0x2B, 0x94, 0x3A, 0x36, 0xC0, 0x4C, 0x47, 0x07, 0xA0, 0x95, 0x21, 0x13, 0x83,
    0x76, 0x03, 0x35, 0xE8, 0x0F, 0x95, 0xC3, 0x5C, 0x67, 0x57, 0xDF, 0x59, 0x40, 0x87, 0x20, 0x66,
    0x9F, 0x5D, 0x7F, 0xF7, 0x3E, 0xBF, 0x00, 0x55, 0x5D, 0xD0, 0x84, 0xBA, 0x20, 0x2E, 0x41, 0xFC,
    0x58, 0xB2, 0xBB, 0x07, 0x17, 0xA1, 0x62, 0xA5, 0xBA, 0x50, 0xED, 0xA0, 0x2E, 0xF8, 0xB9, 0xB5,
    0x33, 0x24, 0x69, 0x80, 0x1A, 0xD5, 0xC6, 0x31, 0x6F, 0xB4, 0xCC, 0x1B, 0xD5, 0xBB, 0x75, 0x67,
    0x8D, 0x96, 0xE9, 0x6A, 0xAC, 0x42, 0xDF, 0x46, 0x81, 0xD4, 0x32, 0x58, 0x50, 0x48, 0x2D, 0x13,
    0x87, 0x22, 0x2B, 0xE1, 0x14, 0x1A, 0x29, 0xF5, 0xBA, 0xC0, 0x25, 0x79, 0xF3, 0xE8, 0x9A, 0xCC,
    0x65, 0xB2, 0xD1, 0xC9, 0x46, 0x28, 0x1B, 0xA5, 0x6C, 0xA4, 0xB2, 0xD1, 0xCA, 0x46, 0x2C, 0xCF,
    0xA8, 0xE5, 0xEA, 0xC1, 0xA2, 0xDE, 0x3E, 0xDF, 0xE3, 0xE6, 0x14, 0x61, 0x20, 0x6A, 0xD6, 0x1A,
    0x39, 0xFC, 0xBC, 0x3F, 0xC5, 0x35, 0x62, 0xF7, 0xCD, 0xB6, 0x88, 0x6A, 0x56, 0x80, 0x46, 0xDC,
    0x61, 0xD1, 0xB5, 0x4D, 0x10, 0xF9, 0x1A, 0x74, 0x8C, 0x5B, 0x50, 0x5A, 0x82, 0x20, 0x82, 0x79,
    0xB3, 0x02, 0x25, 0x82, 0x84, 0xFB, 0x16, 0xC4, 0x63, 0xE9, 0x21, 0x92, 0xB0, 0xF3, 0xA4, 0xED,
    0x27, 0x2D, 0x3F, 0x7D, 0x5C, 0x78, 0xD2, 0xBE, 0x43, 0x11, 0xD6, 0x9D, 0xB8, 0xF8, 0x80, 0xE0,
    0x09, 0xEC, 0x9E, 0xCB, 0xC9, 0x1C, 0xBD, 0x9F, 0xCC, 0xD2, 0x71, 0xAD, 0xD2, 0x60, 0x70, 0x31,
    0x5C, 0x87, 0xC7, 0x36, 0xC7, 0x18, 0x8D, 0xB0, 0xF5, 0xE2, 0xC3, 0xE6, 0x6A, 0x8D, 0xEB, 0x56,
    0x74, 0xF6, 0x64, 0xED, 0xC9, 0xDB, 0x93, 0xB9, 0x27, 0x77, 0x4F, 0xF6, 0xFE, 0xC4, 0xDF, 0x0F,
    0x1F, 0x31, 0xD7, 0x58, 0x5D, 0x3B, 0x04, 0x85, 0xAD, 0x8F, 0xFB, 0x4B, 0x5B, 0x49, 0x50, 0xD2,
    0x7E, 0xA1, 0x7B, 0x0F, 0xF5, 0x2C, 0x67, 0xDD, 0x62, 0xAD, 0x68, 0xC2, 0x54, 0x30, 0x0D, 0xB4,
    0x1C, 0x4C, 0x0D, 0xB3, 0xC0, 0x34, 0x4B, 0x22, 0x4F, 0x3D, 0xF7, 0x9C, 0xA8, 0x9B, 0x8E, 0xA3,
    0x50, 0xD0, 0xA3, 0x73, 0x67, 0xB7, 0x99, 0xE3, 0xC6, 0x4B, 0x0E, 0xC8, 0x25, 0x14, 0xF4, 0x46,
    0xE4, 0x2D, 0x70, 0x60, 0xCB, 0xE1, 0xB5, 0x43, 0xBB, 0xA7, 0x97, 0x9A, 0x55, 0xA5, 0x34, 0x30,
    0xDE, 0x7B, 0xDA, 0x4D, 0x24, 0xA8, 0x46, 0x82, 0x9B, 0x71, 0xF7, 0x54, 0xCC, 0xD0, 0x9D, 0x8F,
    0xB3, 0x5F, 0xE9, 0x20, 0x46, 0xDD, 0x87, 0x3F, 0x81, 0x1B, 0xBB, 0x6F, 0xB8, 0x26, 0x0A, 0x86,
    0x92, 0x75, 0xE8, 0xA9, 0xD2, 0x82, 0x21, 0x12, 0xC4, 0x0F, 0x2C, 0x63, 0x02, 0xFC, 0x1F, 0x5D,
    0x90, 0xCB, 0x0D, 0x83, 0x30, 0x10, 0x44, 0x57, 0xE1, 0xC0, 0x81, 0xC3, 0x96, 0x90, 0x12, 0xE8,
    0x20, 0xD0, 0x51, 0x4A, 0x30, 0x9D, 0xD9, 0x25, 0x50, 0x02, 0x87, 0x14, 0xE0, 0x43, 0x22, 0xA1,
    0xC8, 0x62, 0xB2, 0x1F, 0x5B, 0xA0, 0xF8, 0x34, 0x5E, 0x3D, 0x8F, 0x77, 0x86, 0xE8, 0x7A, 0xBA,
    0xD4, 0x14, 0xE7, 0xA6, 0xA6, 0xD2, 0x14, 0xD0, 0x30, 0xA0, 0x82, 0xFC, 0x45, 0x05, 0x1F, 0xD4,
    0x57, 0x70, 0x27, 0x8A, 0x8E, 0xBD, 0x89, 0xEE, 0x06, 0xB2, 0xCC, 0xFA, 0xEC, 0x6E, 0xCF, 0x57,
    0x57, 0xDC, 0x0D, 0x07, 0xC1, 0xDD, 0x80, 0x45, 0x1D, 0x59, 0x55, 0x8A, 0x02, 0x4E, 0xAA, 0xD6,
    0x50, 0x0C, 0x53, 0x05, 0xC7, 0x90, 0x02, 0x92, 0x61, 0x07, 0x45, 0x64, 0xC3, 0x66, 0x61, 0x8A,
    0xAA, 0x95, 0x6E, 0xA2, 0xD8, 0x46, 0x03, 0x90, 0xF5, 0x05, 0x51, 0xD0, 0x65, 0x75, 0x36, 0xD8,
    0x55, 0xC0, 0x39, 0x0A, 0x66, 0xBF, 0x2D, 0x32, 0xCA, 0x9E, 0x07, 0x9E, 0xC9, 0x95, 0x6D, 0xAA,
    0xDE, 0xB6, 0xA9, 0xFD, 0x97, 0x3D, 0xF8, 0x3E, 0xD6, 0xE8, 0xD8, 0xB8, 0xD6, 0x31, 0xAD, 0x5C,
    0x93, 0xF3, 0xD6, 0x6A, 0xEB, 0x3E, 0x21, 0xFD, 0xB7, 0x76, 0x69, 0xF2, 0x6C, 0xF7, 0x6C, 0xDC,
    0xCF, 0x0F,
};

static const EpdGlyph bookerly_20_bolditalicGlyphs[] = {
    { 0, 0, 0, 0, 0, 0, 0 }, // U+0000
    { 0, 0, 0, 0, 0, 0, 0 }, // U+0008
    { 0, 0, 143, 0, 0, 0, 0 }, // U+0009
    { 0, 0, 143, 0, 0, 0, 0 }, // U+000D
    { 0, 0, 0, 0, 0, 0, 0 }, // U+001D
    { 0, 0, 143, 0, 0, 0, 0 }, // U+0020
    { 13, 33, 223, 2, 32, 108, 0 }, // !
    { 16, 15, 266, 2, 31, 60, 108 }, // "
    { 27, 26, 415, 0, 24, 176, 168 }, // #
    { 23, 42, 374, 1, 34, 242, 344 }, // $
    { 38, 34, 655, 2, 31, 323, 586 }, // %
    { 34, 34, 588, 2, 31, 289, 909 }, // &
    { 8, 15, 147, 2, 31, 30, 1198 }, // '
    { 19, 43, 279, 1, 34, 205, 1228 }, // (
    { 18, 43, 279, -2, 34, 194, 1433 }, // )
    { 15, 15, 261, 2, 31, 57, 1627 }, // *
    { 20, 20, 415, 3, 24, 100, 1684 }, // +
    { 12, 13, 205, -2, 6, 39, 1784 }, // ,
    { 14, 6, 260, 1, 14, 21, 1823 }, // -
    { 7, 7, 205, 2, 6, 13, 1844 }, // .
    { 25, 33, 344, -2, 31, 207, 1857 }, // /
    { 26, 31, 449, 1, 30, 202, 2064 }, // 0
    { 19, 30, 319, -1, 30, 143, 2266 }, // 1
    { 25, 30, 395, -1, 30, 188, 2409 }, // 2
    { 24, 31, 381, -1, 30, 186, 2597 }, // 3
    { 25, 30, 409, 0, 30, 188, 2783 }, // 4
    { 24, 30, 348, -1, 29, 180, 2971 }, // 5
    { 26, 31, 393, 1, 30, 202, 3151 }, // 6
    { 23, 30, 351, 2, 29, 173, 3353 }, // 7
    { 25, 31, 395, 0, 30, 194, 3526 }, // 8
    { 26, 31, 385, -2, 30, 202, 3720 }, // 9
    { 11, 23, 205, 2, 22, 64, 3922 }, // :
    { 15, 29, 205, -2, 22, 109, 3986 }, // ;
    { 20, 20, 415, 3, 24, 100, 4095 }, // <
    { 20, 12, 415, 3, 20, 60, 4195 }, // =
    { 20, 20, 415, 3, 24, 100, 4255 }, // >
    { 14, 32, 271, 3, 31, 112, 4355 }, // ?
    { 39, 39, 665, 2, 30, 381, 4467 }, // @
    { 33, 30, 493, -3, 30, 248, 4848 }, // A
    { 27, 31, 418, -2, 30, 210, 5096 }, // B
    { 27, 31, 437, 1, 30, 210, 5306 }, // C
    { 32, 31, 488, -2, 30, 248, 5516 }, // D
    { 29, 30, 415, -2, 30, 218, 5764 }, // E
    { 28, 30, 385, -2, 30, 210, 5982 }, // F
    { 28, 31, 485, 1, 30, 217, 6192 }, // G
    { 38, 30, 535, -2, 30, 285, 6409 }, // H
    { 21, 30, 265, -2, 30, 158, 6694 }, // I
    { 27, 39, 253, -8, 30, 264, 6852 }, // J
    { 34, 31, 476, -2, 30, 264, 7116 }, // K
    { 25, 30, 385, -2, 30, 188, 7380 }, // L
    { 41, 30, 599, -3, 30, 308, 7568 }, // M
    { 37, 31, 515, -2, 30, 287, 7876 }, // N
    { 29, 31, 493, 1, 30, 225, 8163 }, // O
    { 28, 30, 409, -2, 30, 210, 8388 }, // P
    { 35, 40, 495, 1, 30, 350, 8598 }, // Q
    { 30, 31, 453, -2, 30, 233, 8948 }, // R
    { 24, 31, 369, -1, 30, 186, 9181 }, // S
    { 28, 30, 442, 2, 30, 210, 9367 }, // T
    { 32, 31, 523, 3, 30, 248, 9577 }, // U
    { 32, 31, 487, 2, 30, 248, 9825 }, // V
    { 42, 31, 666, 3, 30, 326, 10073 }, // W
    { 35, 30, 444, -4, 30, 263, 10399 }, // X
    { 29, 30, 437, 2, 30, 218, 10662 }, // Y
    { 27, 31, 413, -1, 30, 210, 10880 }, // Z
    { 20, 40, 225, -3, 33, 200, 11090 }, // [
    { 18, 33, 344, 2, 31, 149, 11290 }, // <backslash>
    { 19, 40, 225, -2, 33, 190, 11439 }, // ]
    { 22, 20, 415, 2, 27, 110, 11629 }, // ^
    { 21, 5, 333, 0, -1, 27, 11739 }, // _
    { 10, 12, 413, 8, 36, 30, 11766 }, // `
    { 24, 24, 398, 1, 23, 144, 11796 }, // a
    { 23, 34, 372, 0, 33, 196, 11940 }, // b
    { 18, 24, 303, 1, 23, 108, 12136 }, // c
    { 24, 34, 396, 1, 33, 204, 12244 }, // d
    { 18, 24, 316, 1, 23, 108, 12448 }, // e
    { 31, 43, 283, -8, 33, 334, 12556 }, // f
    { 28, 33, 353, -3, 23, 231, 12890 }, // g
    { 24, 34, 399, 0, 33, 204, 13121 }, // h
    { 13, 34, 215, 1, 33, 111, 13325 }, // i
    { 24, 43, 211, -9, 33, 258, 13436 }, // j
    { 22, 34, 356, 0, 33, 187, 13694 }, // k
    { 12, 34, 215, 1, 33, 102, 13881 }, // l
    { 35, 24, 584, 1, 23, 210, 13983 }, // m
    { 24, 24, 413, 1, 23, 144, 14193 }, // n
    { 21, 24, 363, 1, 23, 126, 14337 }, // o
    { 27, 33, 382, -4, 23, 223, 14463 }, // p
    { 23, 33, 375, 1, 23, 190, 14686 }, // q
    { 20, 23, 321, 1, 23, 115, 14876 }, // r
    { 19, 24, 289, -1, 23, 114, 14991 }, // s
    { 17, 29, 282, 1, 28, 124, 15105 }, // t
    { 25, 24, 409, 1, 23, 150, 15229 }, // u
    { 22, 24, 351, 0, 23, 132, 15379 }, // v
    { 32, 24, 507, 0, 23, 192, 15511 }, // w
    { 26, 24, 382, -1, 23, 156, 15703 }, // x
    { 28, 33, 351, -6, 23, 231, 15859 }, // y
    { 22, 24, 321, -1, 23, 132, 16090 }, // z
    { 18, 42, 277, 2, 34, 189, 16222 }, // {
    { 14, 39, 202, -1, 33, 137, 16411 }, // |
    { 18, 42, 277, -2, 34, 189, 16548 }, // }
    { 21, 8, 415, 3, 18, 42, 16737 }, // ~
    { 0, 0, 143, 0, 0, 0, 0 }, // U+00A0
    { 14, 33, 223, -1, 23, 116, 0 }, // U+00A1
    { 22, 42, 369, 1, 33, 231, 116 }, // U+00A2
    { 27, 29, 408, 0, 28, 196, 347 }, // U+00A3
    { 27, 21, 395, -1, 21, 142, 543 }, // U+00A4
    { 28, 28, 416, 2, 28, 196, 685 }, // U+00A5
    { 14, 39, 202, -1, 33, 137, 881 }, // U+00A6
    { 21, 33, 341, -1, 29, 174, 1018 }, // U+00A7
    { 15, 6, 413, 6, 32, 23, 1192 }, // U+00A8
    { 31, 31, 521, 1, 30, 241, 1215 }, // U+00A9
    { 17, 21, 302, 2, 30, 90, 1456 }, // U+00AA
    { 24, 17, 405, 1, 19, 102, 1546 }, // U+00AB
    { 20, 11, 415, 3, 20, 55, 1648 }, // U+00AC
    { 14, 6, 260, 1, 14, 21, 1703 }, // U+00AD
    { 23, 23, 388, 1, 33, 133, 1724 }, // U+00AE
    { 14, 5, 413, 6, 31, 18, 1857 }, // U+00AF
    { 16, 16, 353, 3, 30, 64, 1875 }, // U+00B0
    { 20, 26, 415, 3, 25, 130, 1939 }, // U+00B1
    { 17, 20, 298, 1, 35, 85, 2069 }, // U+00B2
    { 16, 20, 298, 1, 35, 80, 2154 }, // U+00B3
    { 9, 11, 413, 8, 36, 25, 2234 }, // U+00B4
    { 28, 33, 411, -2, 23, 231, 2259 }, // U+00B5
    { 29, 36, 403, -2, 30, 261, 2490 }, // U+00B6
    { 7, 8, 205, 3, 16, 14, 2751 }, // U+00B7
    { 10, 11, 413, 8, -1, 28, 2765 }, // U+00B8
    { 13, 20, 298, 2, 35, 65, 2793 }, // U+00B9
    { 16, 21, 302, 2, 30, 84, 2858 }, // U+00BA
    { 24, 17, 405, 1, 19, 102, 2942 }, // U+00BB
    { 43, 34, 717, 2, 31, 366, 3044 }, // U+00BC
    { 42, 34, 717, 2, 31, 357, 3410 }, // U+00BD
    { 44, 34, 717, 1, 31, 374, 3767 }, // U+00BE
    { 14, 32, 271, 0, 23, 112, 4141 }, // U+00BF
    { 33, 41, 493, -3, 41, 339, 4253 }, // U+00C0
    { 33, 41, 493, -3, 41, 339, 4592 }, // U+00C1
    { 33, 41, 493, -3, 41, 339, 4931 }, // U+00C2
    { 33, 40, 493, -3, 40, 330, 5270 }, // U+00C3
    { 33, 39, 493, -3, 39, 322, 5600 }, // U+00C4
    { 33, 42, 493, -3, 42, 347, 5922 }, // U+00C5
    { 44, 30, 625, -4, 30, 330, 6269 }, // U+00C6
    { 27, 42, 437, 1, 30, 284, 6599 }, // U+00C7
    { 29, 41, 415, -2, 41, 298, 6883 }, // U+00C8
    { 29, 41, 415, -2, 41, 298, 7181 }, // U+00C9
    { 29, 41, 415, -2, 41, 298, 7479 }, // U+00CA
    { 29, 39, 415, -2, 39, 283, 7777 }, // U+00CB
    { 21, 41, 265, -2, 41, 216, 8060 }, // U+00CC
    { 21, 41, 265, -2, 41, 216, 8276 }, // U+00CD
    { 22, 41, 265, -2, 41, 226, 8492 }, // U+00CE
    { 22, 39, 265, -2, 39, 215, 8718 }, // U+00CF
    { 32, 31, 488, -2, 30, 248, 8933 }, // U+00D0
    { 37, 41, 515, -2, 40, 380, 9181 }, // U+00D1
    { 29, 42, 493, 1, 41, 305, 9561 }, // U+00D2
    { 29, 42, 493, 1, 41, 305, 9866 }, // U+00D3
    { 29, 42, 493, 1, 41, 305, 10171 }, // U+00D4
    { 29, 41, 493, 1, 40, 298, 10476 }, // U+00D5
    { 29, 40, 493, 1, 39, 290, 10774 }, // U+00D6
    { 18, 19, 415, 4, 24, 86, 11064 }, // U+00D7
    { 35, 33, 493, -2, 31, 289, 11150 }, // U+00D8
    { 32, 42, 523, 3, 41, 336, 11439 }, // U+00D9
    { 32, 42, 523, 3, 41, 336, 11775 }, // U+00DA
    { 32, 42, 523, 3, 41, 336, 12111 }, // U+00DB
    { 32, 40, 523, 3, 39, 320, 12447 }, // U+00DC
    { 29, 41, 437, 2, 41, 298, 12767 }, // U+00DD
    { 27, 30, 400, -2, 30, 203, 13065 }, // U+00DE
    { 34, 43, 425, -8, 33, 366, 13268 }, // U+00DF
    { 24, 37, 398, 1, 36, 222, 13634 }, // U+00E0
    { 24, 37, 398, 1, 36, 222, 13856 }, // U+00E1
    { 24, 36, 398, 1, 35, 216, 14078 }, // U+00E2
    { 24, 34, 398, 1, 33, 204, 14294 }, // U+00E3
    { 24, 33, 398, 1, 32, 198, 14498 }, // U+00E4
    { 24, 37, 398, 1, 36, 222, 14696 }, // U+00E5
    { 31, 24, 522, 1, 23, 186, 14918 }, // U+00E6
    { 18, 35, 303, 1, 23, 158, 15104 }, // U+00E7
    { 18, 37, 316, 1, 36, 167, 15262 }, // U+00E8
    { 20, 37, 316, 1, 36, 185, 15429 }, // U+00E9
    { 19, 36, 316, 1, 35, 171, 15614 }, // U+00EA
    { 20, 33, 316, 1, 32, 165, 15785 }, // U+00EB
    { 12, 37, 215, 1, 36, 111, 15950 }, // U+00EC
    { 17, 37, 215, 1, 36, 158, 16061 }, // U+00ED
    { 16, 36, 215, 1, 35, 144, 16219 }, // U+00EE
    { 17, 33, 215, 1, 32, 141, 16363 }, // U+00EF
    { 21, 35, 365, 1, 34, 184, 16504 }, // U+00F0
    { 24, 34, 413, 1, 33, 204, 16688 }, // U+00F1
    { 21, 37, 363, 1, 36, 195, 16892 }, // U+00F2
    { 22, 37, 363, 1, 36, 204, 17087 }, // U+00F3
    { 21, 36, 363, 1, 35, 189, 17291 }, // U+00F4
    { 22, 34, 363, 1, 33, 187, 17480 }, // U+00F5
    { 22, 33, 363, 1, 32, 182, 17667 }, // U+00F6
    { 20, 20, 415, 3, 24, 100, 17849 }, // U+00F7
    { 27, 25, 363, -2, 23, 169, 17949 }, // U+00F8
    { 25, 37, 409, 1, 36, 232, 18118 }, // U+00F9
    { 25, 37, 409, 1, 36, 232, 18350 }, // U+00FA
    { 25, 36, 409, 1, 35, 225, 18582 }, // U+00FB
    { 25, 33, 409, 1, 32, 207, 18807 }, // U+00FC
    { 28, 46, 351, -6, 36, 322, 19014 }, // U+00FD
    { 27, 43, 370, -4, 33, 291, 19336 }, // U+00FE
    { 28, 42, 351, -6, 32, 294, 19627 }, // U+00FF
    { 33, 38, 493, -3, 38, 314, 0 }, // U+0100
    { 24, 32, 398, 1, 31, 192, 314 }, // U+0101
    { 33, 41, 493, -3, 41, 339, 506 }, // U+0102
    { 24, 34, 398, 1, 33, 204, 845 }, // U+0103
    { 33, 39, 493, -3, 30, 322, 1049 }, // U+0104
    { 24, 32, 398, 1, 23, 192, 1371 }, // U+0105
    { 27, 42, 437, 1, 41, 284, 1563 }, // U+0106
    { 20, 37, 303, 1, 36, 185, 1847 }, // U+0107
    { 27, 42, 437, 1, 41, 284, 2032 }, // U+0108
    { 19, 36, 303, 1, 35, 171, 2316 }, // U+0109
    { 27, 41, 437, 1, 40, 277, 2487 }, // U+010A
    { 18, 34, 303, 1, 33, 153, 2764 }, // U+010B
    { 27, 42, 437, 1, 41, 284, 2917 }, // U+010C
    { 21, 37, 303, 1, 36, 195, 3201 }, // U+010D
    { 32, 42, 488, -2, 41, 336, 3396 }, // U+010E
    { 31, 34, 413, 1, 33, 264, 3732 }, // U+010F
    { 32, 31, 488, -2, 30, 248, 3996 }, // U+0110
    { 26, 34, 396, 1, 33, 221, 4244 }, // U+0111
    { 29, 38, 415, -2, 38, 276, 4465 }, // U+0112
    { 20, 32, 316, 1, 31, 160, 4741 }, // U+0113
    { 29, 41, 415, -2, 41, 298, 4901 }, // U+0114
    { 20, 34, 316, 1, 33, 170, 5199 }, // U+0115
    { 29, 40, 415, -2, 40, 290, 5369 }, // U+0116
    { 18, 34, 316, 1, 33, 153, 5659 }, // U+0117
    { 29, 39, 415, -2, 30, 283, 5812 }, // U+0118
    { 18, 32, 316, 1, 23, 144, 6095 }, // U+0119
    { 29, 41, 415, -2, 41, 298, 6239 }, // U+011A
    { 21, 37, 316, 1, 36, 195, 6537 }, // U+011B
    { 28, 42, 485, 1, 41, 294, 6732 }, // U+011C
    { 28, 45, 353, -3, 35, 315, 7026 }, // U+011D
    { 28, 42, 485, 1, 41, 294, 7341 }, // U+011E
    { 28, 43, 353, -3, 33, 301, 7635 }, // U+011F
    { 28, 41, 485, 1, 40, 287, 7936 }, // U+0120
    { 28, 43, 353, -3, 33, 301, 8223 }, // U+0121
    { 28, 42, 485, 1, 30, 294, 8524 }, // U+0122
    { 28, 46, 353, -3, 36, 322, 8818 }, // U+0123
    { 38, 41, 535, -2, 41, 390, 9140 }, // U+0124
    { 24, 45, 399, 0, 44, 270, 9530 }, // U+0125
    { 38, 30, 535, -2, 30, 285, 9800 }, // U+0126
    { 24, 34, 399, 0, 33, 204, 10085 }, // U+0127
    { 22, 40, 265, -2, 40, 220, 10289 }, // U+0128
    { 17, 34, 215, 1, 33, 145, 10509 }, // U+0129
    { 22, 38, 265, -2, 38, 209, 10654 }, // U+012A
    { 17, 32, 215, 1, 31, 136, 10863 }, // U+012B
    { 21, 41, 265, -2, 41, 216, 10999 }, // U+012C
    { 17, 34, 215, 1, 33, 145, 11215 }, // U+012D
    { 21, 39, 265, -2, 30, 205, 11360 }, // U+012E
    { 13, 42, 215, 1, 33, 137, 11565 }, // U+012F
    { 21, 40, 265, -2, 40, 210, 11702 }, // U+0130
    { 12, 24, 215, 1, 23, 72, 11912 }, // U+0131
    { 38, 39, 518, -2, 30, 371, 11984 }, // U+0132
    { 28, 43, 426, 1, 33, 301, 12355 }, // U+0133
    { 29, 50, 253, -8, 41, 363, 12656 }, // U+0134
    { 27, 45, 211, -9, 35, 304, 13019 }, // U+0135
    { 34, 42, 476, -2, 30, 357, 13323 }, // U+0136
    { 22, 44, 356, 0, 33, 242, 13680 }, // U+0137
    { 22, 24, 383, 1, 23, 132, 13922 }, // U+0138
    { 25, 41, 385, -2, 41, 257, 14054 }, // U+0139
    { 16, 44, 215, 1, 43, 176, 14311 }, // U+013A
    { 25, 42, 385, -2, 30, 263, 14487 }, // U+013B
    { 15, 44, 215, -2, 33, 165, 14750 }, // U+013C
    { 27, 33, 385, -2, 33, 223, 14915 }, // U+013D
    { 19, 34, 233, 1, 33, 162, 15138 }, // U+013E
    { 27, 30, 385, -2, 30, 203, 15300 }, // U+013F
    { 18, 34, 282, 1, 33, 153, 15503 }, // U+0140
    { 25, 30, 385, -2, 30, 188, 15656 }, // U+0141
    { 16, 34, 211, -1, 33, 136, 15844 }, // U+0142
    { 37, 42, 515, -2, 41, 389, 15980 }, // U+0143
    { 24, 37, 413, 1, 36, 222, 16369 }, // U+0144
    { 37, 42, 515, -2, 30, 389, 16591 }, // U+0145
    { 24, 34, 413, 1, 23, 204, 16980 }, // U+0146
    { 37, 42, 515, -2, 41, 389, 17184 }, // U+0147
    { 24, 37, 413, 1, 36, 222, 17573 }, // U+0148
    { 32, 33, 554, 2, 32, 264, 17795 }, // U+0149
    { 37, 39, 515, -2, 30, 361, 18059 }, // U+014A
    { 23, 33, 391, 1, 23, 190, 18420 }, // U+014B
    { 29, 39, 493, 1, 38, 283, 18610 }, // U+014C
    { 22, 32, 363, 1, 31, 176, 18893 }, // U+014D
    { 29, 42, 493, 1, 41, 305, 19069 }, // U+014E
    { 22, 34, 363, 1, 33, 187, 19374 }, // U+014F
    { 31, 43, 493, 1, 42, 334, 19561 }, // U+0150
    { 24, 36, 363, 1, 35, 216, 19895 }, // U+0151
    { 41, 31, 661, 1, 30, 318, 20111 }, // U+0152
    { 33, 24, 545, 1, 23, 198, 20429 }, // U+0153
    { 30, 42, 453, -2, 41, 315, 20627 }, // U+0154
    { 20, 36, 321, 1, 36, 180, 20942 }, // U+0155
    { 30, 42, 453, -2, 30, 315, 21122 }, // U+0156
    { 22, 34, 321, -1, 23, 187, 21437 }, // U+0157
    { 30, 42, 453, -2, 41, 315, 21624 }, // U+0158
    { 21, 36, 321, 1, 36, 189, 21939 }, // U+0159
    { 24, 42, 369, -1, 41, 252, 22128 }, // U+015A
    { 21, 37, 289, -1, 36, 195, 22380 }, // U+015B
    { 24, 42, 369, -1, 41, 252, 22575 }, // U+015C
    { 20, 36, 289, -1, 35, 180, 22827 }, // U+015D
    { 24, 42, 369, -1, 30, 252, 23007 }, // U+015E
    { 19, 35, 289, -1, 23, 167, 23259 }, // U+015F
    { 25, 42, 369, -1, 41, 263, 23426 }, // U+0160
    { 22, 37, 289, -1, 36, 204, 23689 }, // U+0161
    { 28, 42, 442, 2, 30, 294, 23893 }, // U+0162
    { 17, 40, 282, 1, 28, 170, 24187 }, // U+0163
    { 28, 41, 442, 2, 41, 287, 24357 }, // U+0164
    { 20, 35, 282, 1, 34, 175, 24644 }, // U+0165
    { 28, 30, 442, 2, 30, 210, 24819 }, // U+0166
    { 18, 29, 282, 0, 28, 131, 25029 }, // U+0167
    { 32, 41, 523, 3, 40, 328, 25160 }, // U+0168
    { 25, 34, 409, 1, 33, 213, 25488 }, // U+0169
    { 32, 39, 523, 3, 38, 312, 25701 }, // U+016A
    { 25, 32, 409, 1, 31, 200, 26013 }, // U+016B
    { 32, 42, 523, 3, 41, 336, 26213 }, // U+016C
    { 25, 34, 409, 1, 33, 213, 26549 }, // U+016D
    { 32, 43, 523, 3, 42, 344, 26762 }, // U+016E
    { 25, 37, 409, 1, 36, 232, 27106 }, // U+016F
    { 32, 43, 523, 3, 42, 344, 27338 }, // U+0170
    { 25, 36, 409, 1, 35, 225, 27682 }, // U+0171
    { 32, 39, 523, 3, 30, 312, 27907 }, // U+0172
    { 25, 32, 409, 1, 23, 200, 28219 }, // U+0173
    { 42, 42, 666, 3, 41, 441, 28419 }, // U+0174
    { 32, 36, 507, 0, 35, 288, 28860 }, // U+0175
    { 29, 41, 437, 2, 41, 298, 29148 }, // U+0176
    { 28, 45, 351, -6, 35, 315, 29446 }, // U+0177
    { 29, 39, 437, 2, 39, 283, 29761 }, // U+0178
    { 27, 42, 413, -1, 41, 284, 30044 }, // U+0179
    { 22, 37, 321, -1, 36, 204, 30328 }, // U+017A
    { 27, 41, 413, -1, 40, 277, 30532 }, // U+017B
    { 22, 34, 321, -1, 33, 187, 30809 }, // U+017C
    { 27, 42, 413, -1, 41, 284, 30996 }, // U+017D
    { 22, 37, 321, -1, 36, 204, 31280 }, // U+017E
    { 31, 43, 283, -8, 33, 334, 31484 }, // U+017F
    { 34, 36, 493, 1, 35, 306, 0 }, // U+01A0
    { 25, 28, 363, 1, 27, 175, 306 }, // U+01A1
    { 37, 36, 511, 3, 35, 333, 481 }, // U+01AF
    { 29, 28, 409, 1, 27, 203, 814 }, // U+01B0
    { 60, 42, 924, -2, 41, 630, 1017 }, // U+01C4
    { 54, 37, 821, -2, 36, 500, 1647 }, // U+01C5
    { 45, 37, 714, 1, 36, 417, 2147 }, // U+01C6
    { 45, 39, 638, -2, 30, 439, 2564 }, // U+01C7
    { 41, 43, 596, -2, 33, 441, 3003 }, // U+01C8
    { 27, 43, 421, 1, 33, 291, 3444 }, // U+01C9
    { 53, 39, 768, -2, 30, 517, 3735 }, // U+01CA
    { 49, 43, 726, -2, 33, 527, 4252 }, // U+01CB
    { 40, 43, 624, 1, 33, 430, 4779 }, // U+01CC
    { 33, 41, 493, -3, 41, 339, 5209 }, // U+01CD
    { 24, 37, 398, 1, 36, 222, 5548 }, // U+01CE
    { 23, 41, 265, -2, 41, 236, 5770 }, // U+01CF
    { 18, 37, 215, 1, 36, 167, 6006 }, // U+01D0
    { 29, 42, 493, 1, 41, 305, 6173 }, // U+01D1
    { 23, 37, 363, 1, 36, 213, 6478 }, // U+01D2
    { 32, 42, 523, 3, 41, 336, 6691 }, // U+01D3
    { 25, 37, 409, 1, 36, 232, 7027 }, // U+01D4
    { 32, 45, 523, 3, 44, 360, 7259 }, // U+01D5
    { 25, 39, 409, 1, 38, 244, 7619 }, // U+01D6
    { 32, 45, 523, 3, 44, 360, 7863 }, // U+01D7
    { 25, 43, 409, 1, 42, 269, 8223 }, // U+01D8
    { 32, 45, 523, 3, 44, 360, 8492 }, // U+01D9
    { 25, 42, 409, 1, 41, 263, 8852 }, // U+01DA
    { 32, 45, 523, 3, 44, 360, 9115 }, // U+01DB
    { 25, 42, 409, 1, 41, 263, 9475 }, // U+01DC
    { 20, 24, 325, 0, 23, 120, 9738 }, // U+01DD
    { 33, 44, 493, -3, 44, 363, 9858 }, // U+01DE
    { 24, 39, 398, 1, 38, 234, 10221 }, // U+01DF
    { 33, 44, 493, -3, 44, 363, 10455 }, // U+01E0
    { 24, 40, 398, 1, 39, 240, 10818 }, // U+01E1
    { 44, 38, 625, -4, 38, 418, 11058 }, // U+01E2
    { 31, 32, 522, 1, 31, 248, 11476 }, // U+01E3
    { 29, 31, 485, 1, 30, 225, 11724 }, // U+01E4
    { 32, 33, 353, -7, 23, 264, 11949 }, // U+01E5
    { 28, 42, 485, 1, 41, 294, 12213 }, // U+01E6
    { 28, 46, 353, -3, 36, 322, 12507 }, // U+01E7
    { 34, 42, 476, -2, 41, 357, 12829 }, // U+01E8
    { 22, 45, 356, 0, 44, 248, 13186 }, // U+01E9
    { 29, 39, 493, 1, 30, 283, 13434 }, // U+01EA
    { 21, 32, 363, 1, 23, 168, 13717 }, // U+01EB
    { 29, 47, 493, 1, 38, 341, 13885 }, // U+01EC
    { 22, 40, 363, 1, 31, 220, 14226 }, // U+01ED
    { 26, 42, 377, -1, 41, 273, 14446 }, // U+01EE
    { 25, 46, 355, -3, 36, 288, 14719 }, // U+01EF
    { 28, 46, 211, -9, 36, 322, 15007 }, // U+01F0
    { 59, 31, 901, -2, 30, 458, 15329 }, // U+01F1
    { 54, 31, 809, -2, 30, 419, 15787 }, // U+01F2
    { 45, 34, 717, 1, 33, 383, 16206 }, // U+01F3
    { 28, 42, 485, 1, 41, 294, 16589 }, // U+01F4
    { 28, 46, 353, -3, 36, 322, 16883 }, // U+01F5
    { 37, 42, 515, -2, 41, 389, 17205 }, // U+01F8
    { 24, 37, 413, 1, 36, 222, 17594 }, // U+01F9
    { 33, 44, 493, -3, 44, 363, 17816 }, // U+01FA
    { 24, 44, 398, 1, 43, 264, 18179 }, // U+01FB
    { 44, 41, 625, -4, 41, 451, 18443 }, // U+01FC
    { 31, 37, 522, 1, 36, 287, 18894 }, // U+01FD
    { 35, 43, 493, -2, 41, 377, 19181 }, // U+01FE
    { 27, 38, 363, -2, 36, 257, 19558 }, // U+01FF
    { 33, 41, 493, -3, 41, 339, 19815 }, // U+0200
    { 24, 36, 398, 1, 35, 216, 20154 }, // U+0201
    { 33, 40, 493, -3, 40, 330, 20370 }, // U+0202
    { 24, 34, 398, 1, 33, 204, 20700 }, // U+0203
    { 29, 41, 415, -2, 41, 298, 20904 }, // U+0204
    { 18, 36, 316, 1, 35, 162, 21202 }, // U+0205
    { 29, 40, 415, -2, 40, 290, 21364 }, // U+0206
    { 20, 34, 316, 1, 33, 170, 21654 }, // U+0207
    { 21, 41, 265, -2, 41, 216, 21824 }, // U+0208
    { 14, 36, 215, 1, 35, 126, 22040 }, // U+0209
    { 21, 40, 265, -2, 40, 210, 22166 }, // U+020A
    { 16, 34, 215, 1, 33, 136, 22376 }, // U+020B
    { 29, 42, 493, 1, 41, 305, 22512 }, // U+020C
    { 21, 36, 363, 1, 35, 189, 22817 }, // U+020D
    { 29, 41, 493, 1, 40, 298, 23006 }, // U+020E
    { 21, 34, 363, 1, 33, 179, 23304 }, // U+020F
    { 30, 42, 453, -2, 41, 315, 23483 }, // U+0210
    { 20, 35, 321, 1, 35, 175, 23798 }, // U+0211
    { 30, 41, 453, -2, 40, 308, 23973 }, // U+0212
    { 20, 33, 321, 1, 33, 165, 24281 }, // U+0213
    { 32, 42, 523, 3, 41, 336, 24446 }, // U+0214
    { 25, 36, 409, 1, 35, 225, 24782 }, // U+0215
    { 32, 41, 523, 3, 40, 328, 25007 }, // U+0216
    { 25, 34, 409, 1, 33, 213, 25335 }, // U+0217
    { 24, 42, 369, -1, 30, 252, 25548 }, // U+0218
    { 19, 34, 289, -1, 23, 162, 25800 }, // U+0219
    { 28, 42, 442, 2, 30, 294, 25962 }, // U+021A
    { 17, 39, 282, 1, 28, 166, 26256 }, // U+021B
    { 25, 35, 381, -2, 30, 219, 26422 }, // U+021C
    { 22, 33, 316, -3, 23, 182, 26641 }, // U+021D
    { 38, 41, 535, -2, 41, 390, 26823 }, // U+021E
    { 24, 45, 399, 0, 44, 270, 27213 }, // U+021F
    { 9, 12, 0, -6, 36, 27, 0 }, // U+0300
    { 9, 11, 0, -3, 36, 25, 27 }, // U+0301
    { 15, 10, 0, -8, 35, 38, 52 }, // U+0302
    { 15, 7, 0, -7, 33, 27, 90 }, // U+0303
    { 14, 5, 0, -7, 31, 18, 117 }, // U+0304
    { 14, 8, 0, -7, 33, 28, 135 }, // U+0306
    { 8, 7, 0, -4, 33, 14, 163 }, // U+0307
    { 16, 6, 0, -8, 32, 24, 177 }, // U+0308
    { 11, 12, 0, -5, 37, 33, 201 }, // U+0309
    { 12, 12, 0, -6, 36, 36, 234 }, // U+030A
    { 16, 10, 0, -7, 35, 40, 270 }, // U+030B
    { 15, 11, 0, -7, 36, 42, 310 }, // U+030C
    { 12, 11, 0, -8, 35, 33, 352 }, // U+030F
    { 14, 8, 0, -7, 33, 28, 385 }, // U+0311
    { 8, 12, 0, -4, 36, 24, 413 }, // U+0312
    { 9, 12, 0, -4, 37, 27, 437 }, // U+0313
    { 8, 12, 0, -5, 37, 24, 464 }, // U+0314
    { 7, 11, 0, -4, 37, 20, 488 }, // U+0315
    { 8, 10, 0, -4, 27, 20, 508 }, // U+031B
    { 8, 7, 0, -4, -3, 14, 528 }, // U+0323
    { 16, 7, 0, -8, -3, 28, 542 }, // U+0324
    { 10, 9, 0, -5, -2, 23, 570 }, // U+0325
    { 9, 9, 0, -5, -2, 21, 593 }, // U+0326
    { 10, 11, 0, -5, -1, 28, 614 }, // U+0327
    { 9, 11, 0, -5, 2, 25, 642 }, // U+0328
    { 8, 11, 180, -2, -2, 22, 667 }, // U+0329
    { 15, 9, 0, -8, -2, 34, 689 }, // U+032D
    { 14, 9, 0, -7, -2, 32, 723 }, // U+032E
    { 15, 8, 0, -7, -3, 30, 755 }, // U+0330
    { 14, 5, 0, -7, -4, 18, 785 }, // U+0331
    { 14, 8, 0, -7, 33, 28, 803 }, // U+0342
    { 15, 17, 0, -8, 43, 64, 831 }, // U+0344
    { 8, 9, 0, -3, -2, 18, 895 }, // U+0345
    { 10, 15, 175, 1, 30, 38, 0 }, // U+0374
    { 8, 11, 175, -1, 0, 22, 38 }, // U+0375
    { 15, 29, 205, -2, 22, 109, 60 }, // U+037E
    { 10, 12, 413, 8, 37, 30, 169 }, // U+0384
    { 16, 17, 413, 5, 43, 68, 199 }, // U+0385
    { 33, 30, 557, 1, 30, 248, 267 }, // U+0386
    { 7, 7, 205, 4, 22, 13, 515 }, // U+0387
    { 33, 30, 531, 1, 30, 248, 528 }, // U+0388
    { 42, 30, 650, 1, 30, 315, 776 }, // U+0389
    { 25, 30, 381, 1, 30, 188, 1091 }, // U+038A
    { 36, 31, 597, 1, 30, 279, 1279 }, // U+038C
    { 38, 30, 585, 1, 30, 285, 1558 }, // U+038E
    { 36, 30, 638, 1, 30, 270, 1843 }, // U+038F
    { 16, 44, 220, 1, 43, 176, 2113 }, // U+0390
    { 33, 30, 493, -3, 30, 248, 2289 }, // U+0391
    { 27, 31, 418, -2, 30, 210, 2537 }, // U+0392
    { 28, 30, 385, -2, 30, 210, 2747 }, // U+0393
    { 28, 30, 474, -1, 30, 210, 2957 }, // U+0394
    { 29, 30, 415, -2, 30, 218, 3167 }, // U+0395
    { 27, 31, 413, -1, 30, 210, 3385 }, // U+0396
    { 38, 30, 535, -2, 30, 285, 3595 }, // U+0397
    { 29, 31, 493, 1, 30, 225, 3880 }, // U+0398
    { 21, 30, 265, -2, 30, 158, 4105 }, // U+0399
    { 34, 31, 476, -2, 30, 264, 4263 }, // U+039A
    { 33, 30, 488, -3, 30, 248, 4527 }, // U+039B
    { 41, 30, 599, -3, 30, 308, 4775 }, // U+039C
    { 37, 31, 515, -2, 30, 287, 5083 }, // U+039D
    { 29, 30, 440, -1, 30, 218, 5370 }, // U+039E
    { 29, 31, 493, 1, 30, 225, 5588 }, // U+039F
    { 37, 30, 517, -2, 30, 278, 5813 }, // U+03A0
    { 28, 30, 409, -2, 30, 210, 6091 }, // U+03A1
    { 27, 31, 409, -1, 30, 210, 6301 }, // U+03A3
    { 28, 30, 442, 2, 30, 210, 6511 }, // U+03A4
    { 29, 30, 435, 1, 30, 218, 6721 }, // U+03A5
    { 30, 32, 501, 1, 31, 240, 6939 }, // U+03A6
    { 35, 30, 444, -4, 30, 263, 7179 }, // U+03A7
    { 35, 30, 539, 2, 30, 263, 7442 }, // U+03A8
    { 34, 30, 567, -2, 30, 255, 7705 }, // U+03A9
    { 22, 39, 265, -2, 39, 215, 7960 }, // U+03AA
    { 29, 39, 435, 1, 39, 283, 8175 }, // U+03AB
    { 25, 38, 414, 1, 37, 238, 8458 }, // U+03AC
    { 20, 38, 315, 1, 37, 190, 8696 }, // U+03AD
    { 22, 47, 381, 1, 37, 259, 8886 }, // U+03AE
    { 16, 38, 220, 1, 37, 152, 9145 }, // U+03AF
    { 22, 44, 373, 1, 43, 242, 9297 }, // U+03B0
    { 25, 24, 414, 1, 23, 150, 9539 }, // U+03B1
    { 24, 43, 379, -1, 33, 258, 9689 }, // U+03B2
    { 22, 33, 351, 0, 23, 182, 9947 }, // U+03B3
    { 23, 34, 367, 1, 33, 196, 10129 }, // U+03B4
    { 19, 24, 311, 1, 23, 114, 10325 }, // U+03B5
    { 20, 44, 302, 1, 35, 220, 10439 }, // U+03B6
    { 22, 33, 385, 1, 23, 182, 10659 }, // U+03B7
    { 23, 34, 398, 2, 33, 196, 10841 }, // U+03B8
    { 12, 24, 220, 1, 23, 72, 11037 }, // U+03B9
    { 24, 24, 395, 1, 23, 144, 11109 }, // U+03BA
    { 25, 34, 377, -2, 33, 213, 11253 }, // U+03BB
    { 28, 33, 411, -2, 23, 231, 11466 }, // U+03BC
    { 22, 24, 351, 0, 23, 132, 11697 }, // U+03BD
    { 19, 44, 303, 1, 35, 209, 11829 }, // U+03BE
    { 21, 24, 363, 1, 23, 126, 12038 }, // U+03BF
    { 28, 24, 427, 0, 23, 168, 12164 }, // U+03C0
    { 24, 33, 370, -1, 23, 198, 12332 }, // U+03C1
    { 18, 32, 297, 1, 23, 144, 12530 }, // U+03C2
    { 25, 24, 386, 1, 23, 150, 12674 }, // U+03C3
    { 21, 24, 329, 1, 23, 126, 12824 }, // U+03C4
    { 22, 24, 376, 1, 23, 132, 12950 }, // U+03C5
    { 28, 33, 465, 1, 23, 231, 13082 }, // U+03C6
    { 28, 33, 362, -3, 23, 231, 13313 }, // U+03C7
    { 31, 40, 513, 1, 30, 310, 13544 }, // U+03C8
    { 29, 24, 487, 1, 23, 174, 13854 }, // U+03C9
    { 16, 33, 220, 1, 32, 132, 14028 }, // U+03CA
    { 22, 33, 373, 1, 32, 182, 14160 }, // U+03CB
    { 21, 38, 363, 1, 37, 200, 14342 }, // U+03CC
    { 22, 38, 373, 1, 37, 209, 14542 }, // U+03CD
    { 29, 38, 489, 1, 37, 276, 14751 }, // U+03CE
    { 22, 34, 365, 1, 33, 187, 15027 }, // U+03D0
    { 29, 34, 450, 1, 33, 247, 15214 }, // U+03D1
    { 32, 30, 477, 1, 30, 240, 15461 }, // U+03D2
    { 41, 30, 628, 1, 30, 308, 15701 }, // U+03D3
    { 32, 39, 477, 1, 39, 312, 16009 }, // U+03D4
    { 28, 33, 465, 1, 23, 231, 16321 }, // U+03D5
    { 29, 31, 493, 1, 30, 225, 16552 }, // U+03D6
    { 28, 31, 439, 0, 23, 217, 16777 }, // U+03D7
    { 29, 41, 415, -2, 41, 298, 0 }, // U+0400
    { 29, 39, 415, -2, 39, 283, 298 }, // U+0401
    { 28, 39, 515, 2, 30, 273, 581 }, // U+0402
    { 28, 41, 385, -2, 41, 287, 854 }, // U+0403
    { 26, 31, 434, 1, 30, 202, 1141 }, // U+0404
    { 24, 31, 369, -1, 30, 186, 1343 }, // U+0405
    { 21, 30, 265, -2, 30, 158, 1529 }, // U+0406
    { 22, 39, 265, -2, 39, 215, 1687 }, // U+0407
    { 27, 39, 253, -8, 30, 264, 1902 }, // U+0408
    { 41, 31, 617, -3, 30, 318, 2166 }, // U+0409
    { 41, 31, 639, -2, 30, 318, 2484 }, // U+040A
    { 31, 30, 564, 2, 30, 233, 2802 }, // U+040B
    { 34, 42, 470, -2, 41, 357, 3035 }, // U+040C
    { 38, 41, 537, -2, 41, 390, 3392 }, // U+040D
    { 31, 43, 447, 1, 42, 334, 3782 }, // U+040E
    { 36, 40, 511, -2, 30, 360, 4116 }, // U+040F
    { 33, 30, 493, -3, 30, 248, 4476 }, // U+0410
    { 28, 31, 424, -2, 30, 217, 4724 }, // U+0411
    { 27, 31, 418, -2, 30, 210, 4941 }, // U+0412
    { 28, 30, 385, -2, 30, 210, 5151 }, // U+0413
    { 36, 39, 496, -3, 30, 351, 5361 }, // U+0414
    { 29, 30, 415, -2, 30, 218, 5712 }, // U+0415
    { 47, 31, 648, -4, 30, 365, 5930 }, // U+0416
    { 24, 31, 380, -1, 30, 186, 6295 }, // U+0417
    { 38, 30, 537, -2, 30, 285, 6481 }, // U+0418
    { 38, 42, 537, -2, 42, 399, 6766 }, // U+0419
    { 34, 31, 470, -2, 30, 264, 7165 }, // U+041A
    { 36, 31, 487, -3, 30, 279, 7429 }, // U+041B
    { 41, 30, 599, -3, 30, 308, 7708 }, // U+041C
    { 38, 30, 535, -2, 30, 285, 8016 }, // U+041D
    { 29, 31, 493, 1, 30, 225, 8301 }, // U+041E
    { 37, 30, 517, -2, 30, 278, 8526 }, // U+041F
    { 28, 30, 409, -2, 30, 210, 8804 }, // U+0420
    { 27, 31, 437, 1, 30, 210, 9014 }, // U+0421
    { 28, 30, 442, 2, 30, 210, 9224 }, // U+0422
    { 31, 31, 447, 1, 30, 241, 9434 }, // U+0423
    { 30, 32, 501, 1, 31, 240, 9675 }, // U+0424
    { 35, 30, 444, -4, 30, 263, 9915 }, // U+0425
    { 36, 39, 515, -2, 30, 351, 10178 }, // U+0426
    { 30, 30, 477, 2, 30, 225, 10529 }, // U+0427
    { 46, 30, 673, -2, 30, 345, 10754 }, // U+0428
    { 46, 39, 677, -2, 30, 449, 11099 }, // U+0429
    { 27, 31, 483, 2, 30, 210, 11548 }, // U+042A
    { 44, 31, 631, -2, 30, 341, 11758 }, // U+042B
    { 27, 31, 410, -2, 30, 210, 12099 }, // U+042C
    { 27, 31, 422, -1, 30, 210, 12309 }, // U+042D
    { 45, 31, 689, -2, 30, 349, 12519 }, // U+042E
    { 33, 31, 444, -3, 30, 256, 12868 }, // U+042F
    { 24, 24, 398, 1, 23, 144, 13124 }, // U+0430
    { 24, 35, 365, 1, 34, 210, 13268 }, // U+0431
    { 20, 24, 346, 1, 23, 120, 13478 }, // U+0432
    { 19, 24, 305, 0, 23, 114, 13598 }, // U+0433
    { 22, 34, 363, 1, 33, 187, 13712 }, // U+0434
    { 18, 24, 316, 1, 23, 108, 13899 }, // U+0435
    { 38, 24, 599, 0, 23, 228, 14007 }, // U+0436
    { 20, 24, 308, -1, 23, 120, 14235 }, // U+0437
    { 25, 24, 409, 1, 23, 150, 14355 }, // U+0438
    { 25, 35, 409, 1, 34, 219, 14505 }, // U+0439
    { 23, 24, 381, 1, 23, 138, 14724 }, // U+043A
    { 26, 24, 417, -1, 23, 156, 14862 }, // U+043B
    { 34, 24, 533, -1, 23, 204, 15018 }, // U+043C
    { 25, 24, 417, 1, 23, 150, 15222 }, // U+043D
    { 21, 24, 363, 1, 23, 126, 15372 }, // U+043E
    { 24, 24, 413, 1, 23, 144, 15498 }, // U+043F
    { 27, 33, 382, -4, 23, 223, 15642 }, // U+0440
    { 18, 24, 303, 1, 23, 108, 15865 }, // U+0441
    { 35, 24, 584, 1, 23, 210, 15973 }, // U+0442
    { 28, 33, 351, -6, 23, 231, 16183 }, // U+0443
    { 28, 43, 476, 1, 33, 301, 16414 }, // U+0444
    { 26, 24, 382, -1, 23, 156, 16715 }, // U+0445
    { 25, 32, 415, 1, 23, 200, 16871 }, // U+0446
    { 24, 24, 403, 1, 23, 144, 17071 }, // U+0447
    { 34, 24, 556, 1, 23, 204, 17215 }, // U+0448
    { 34, 32, 561, 1, 23, 272, 17419 }, // U+0449
    { 21, 24, 367, 1, 23, 126, 17691 }, // U+044A
    { 31, 24, 524, 1, 23, 186, 17817 }, // U+044B
    { 19, 24, 338, 1, 23, 114, 18003 }, // U+044C
    { 20, 24, 320, -1, 23, 120, 18117 }, // U+044D
    { 32, 24, 531, 1, 23, 192, 18237 }, // U+044E
    { 24, 24, 401, 0, 23, 144, 18429 }, // U+044F
    { 18, 37, 316, 1, 36, 167, 18573 }, // U+0450
    { 20, 33, 316, 1, 32, 165, 18740 }, // U+0451
    { 22, 43, 382, 0, 33, 237, 18905 }, // U+0452
    { 20, 37, 305, 0, 36, 185, 19142 }, // U+0453
    { 19, 24, 319, 1, 23, 114, 19327 }, // U+0454
    { 19, 24, 289, -1, 23, 114, 19441 }, // U+0455
    { 13, 34, 215, 1, 33, 111, 19555 }, // U+0456
    { 17, 33, 215, 1, 32, 141, 19666 }, // U+0457
    { 24, 43, 211, -9, 33, 258, 19807 }, // U+0458
    { 33, 24, 527, -1, 23, 198, 20065 }, // U+0459
    { 31, 24, 515, 1, 23, 186, 20263 }, // U+045A
    { 24, 34, 399, 0, 33, 204, 20449 }, // U+045B
    { 23, 37, 381, 1, 36, 213, 20653 }, // U+045C
    { 25, 37, 409, 1, 36, 232, 20866 }, // U+045D
    { 28, 44, 351, -6, 34, 308, 21098 }, // U+045E
    { 25, 31, 409, 1, 23, 194, 21406 }, // U+045F
    { 27, 34, 474, 2, 33, 230, 21600 }, // U+0462
    { 31, 24, 523, 1, 23, 186, 21830 }, // U+0463
    { 29, 31, 493, 1, 30, 225, 22016 }, // U+0472
    { 21, 24, 363, 1, 23, 126, 22241 }, // U+0473
    { 32, 31, 508, 2, 30, 248, 22367 }, // U+0474
    { 26, 24, 390, -1, 23, 156, 22615 }, // U+0475
    { 38, 51, 541, -2, 42, 485, 22771 }, // U+048A
    { 24, 42, 408, 1, 34, 252, 23256 }, // U+048B
    { 27, 31, 410, -2, 30, 210, 23508 }, // U+048C
    { 19, 31, 338, 1, 30, 148, 23718 }, // U+048D
    { 28, 30, 411, -2, 30, 210, 23866 }, // U+048E
    { 27, 33, 382, -4, 23, 223, 24076 }, // U+048F
    { 28, 36, 379, -2, 36, 252, 24299 }, // U+0490
    { 22, 29, 316, 0, 28, 160, 24551 }, // U+0491
    { 28, 30, 385, -2, 30, 210, 24711 }, // U+0492
    { 19, 24, 305, 0, 23, 114, 24921 }, // U+0493
    { 28, 39, 441, -2, 30, 273, 25035 }, // U+0494
    { 20, 32, 365, 1, 22, 160, 25308 }, // U+0495
    { 47, 39, 655, -4, 30, 459, 25468 }, // U+0496
    { 38, 32, 599, 0, 23, 304, 25927 }, // U+0497
    { 24, 39, 380, -1, 30, 234, 26231 }, // U+0498
    { 20, 31, 308, -1, 23, 155, 26465 }, // U+0499
    { 33, 39, 469, -2, 30, 322, 26620 }, // U+049A
    { 23, 32, 381, 1, 23, 184, 26942 }, // U+049B
    { 35, 31, 492, -2, 30, 272, 27126 }, // U+049C
    { 26, 24, 427, 1, 23, 156, 27398 }, // U+049D
    { 34, 31, 470, -2, 30, 264, 27554 }, // U+049E
    { 22, 32, 373, 1, 31, 176, 27818 }, // U+049F
    { 35, 31, 549, 2, 30, 272, 27994 }, // U+04A0
    { 26, 24, 436, 1, 23, 156, 28266 }, // U+04A1
    { 38, 39, 539, -2, 30, 371, 28422 }, // U+04A2
    { 25, 32, 428, 1, 23, 200, 28793 }, // U+04A3
    { 43, 30, 623, -2, 30, 323, 28993 }, // U+04A4
    { 31, 24, 506, 1, 23, 186, 29316 }, // U+04A5
    { 43, 39, 685, -2, 30, 420, 29502 }, // U+04A6
    { 33, 33, 559, 1, 23, 273, 29922 }, // U+04A7
    { 34, 31, 555, 1, 30, 264, 30195 }, // U+04A8
    { 26, 24, 431, 1, 23, 156, 30459 }, // U+04A9
    { 27, 39, 437, 1, 30, 264, 30615 }, // U+04AA
    { 18, 31, 303, 1, 23, 140, 30879 }, // U+04AB
    { 28, 39, 442, 2, 30, 273, 31019 }, // U+04AC
    { 36, 32, 588, 1, 23, 288, 31292 }, // U+04AD
    { 29, 30, 437, 2, 30, 218, 31580 }, // U+04AE
    { 22, 33, 351, 0, 23, 182, 31798 }, // U+04AF
    { 29, 30, 437, 2, 30, 218, 31980 }, // U+04B0
    { 22, 33, 351, 0, 23, 182, 32198 }, // U+04B1
    { 35, 39, 444, -4, 30, 342, 32380 }, // U+04B2
    { 26, 32, 382, -1, 23, 208, 32722 }, // U+04B3
    { 38, 39, 613, 2, 30, 371, 32930 }, // U+04B4
    { 25, 40, 415, 1, 31, 250, 33301 }, // U+04B5
    { 30, 39, 481, 2, 30, 293, 33551 }, // U+04B6
    { 24, 32, 409, 1, 23, 192, 33844 }, // U+04B7
    { 30, 30, 483, 2, 30, 225, 34036 }, // U+04B8
    { 24, 24, 409, 1, 23, 144, 34261 }, // U+04B9
    { 30, 30, 481, -2, 30, 225, 34405 }, // U+04BA
    { 24, 34, 399, 0, 33, 204, 34630 }, // U+04BB
    { 33, 31, 547, 1, 30, 256, 34834 }, // U+04BC
    { 25, 24, 396, 0, 23, 150, 35090 }, // U+04BD
    { 33, 40, 547, 1, 30, 330, 35240 }, // U+04BE
    { 25, 32, 396, 0, 23, 200, 35570 }, // U+04BF
    { 21, 30, 265, -2, 30, 158, 35770 }, // U+04C0
    { 47, 43, 646, -4, 42, 506, 35928 }, // U+04C1
    { 38, 35, 599, 0, 34, 333, 36434 }, // U+04C2
    { 34, 39, 481, -2, 30, 332, 36767 }, // U+04C3
    { 23, 33, 382, 1, 23, 190, 37099 }, // U+04C4
    { 36, 39, 491, -3, 30, 351, 37289 }, // U+04C5
    { 27, 31, 421, -1, 23, 210, 37640 }, // U+04C6
    { 38, 39, 535, -2, 30, 371, 37850 }, // U+04C7
    { 23, 33, 393, 1, 23, 190, 38221 }, // U+04C8
    { 38, 39, 539, -2, 30, 371, 38411 }, // U+04C9
    { 25, 31, 424, 1, 23, 194, 38782 }, // U+04CA
    { 30, 39, 477, 2, 30, 293, 38976 }, // U+04CB
    { 23, 32, 391, 1, 23, 184, 39269 }, // U+04CC
    { 41, 39, 611, -3, 30, 400, 39453 }, // U+04CD
    { 34, 31, 533, -1, 23, 264, 39853 }, // U+04CE
    { 21, 33, 255, -2, 33, 174, 40117 }, // U+04CF
    { 33, 42, 493, -3, 42, 347, 40291 }, // U+04D0
    { 24, 35, 398, 1, 34, 210, 40638 }, // U+04D1
    { 33, 39, 493, -3, 39, 322, 40848 }, // U+04D2
    { 24, 33, 398, 1, 32, 198, 41170 }, // U+04D3
    { 44, 30, 625, -4, 30, 330, 41368 }, // U+04D4
    { 31, 24, 522, 1, 23, 186, 41698 }, // U+04D5
    { 29, 42, 415, -2, 42, 305, 41884 }, // U+04D6
    { 20, 35, 316, 1, 34, 175, 42189 }, // U+04D7
    { 27, 31, 443, 0, 30, 210, 42364 }, // U+04D8
    { 20, 24, 325, 0, 23, 120, 42574 }, // U+04D9
    { 27, 40, 443, 0, 39, 270, 42694 }, // U+04DA
    { 20, 33, 325, 0, 32, 165, 42964 }, // U+04DB
    { 47, 40, 648, -4, 39, 470, 43129 }, // U+04DC
    { 38, 33, 599, 0, 32, 314, 43599 }, // U+04DD
    { 24, 40, 380, -1, 39, 240, 43913 }, // U+04DE
    { 21, 33, 308, -1, 32, 174, 44153 }, // U+04DF
    { 26, 31, 377, -1, 30, 202, 44327 }, // U+04E0
    { 25, 32, 355, -3, 22, 200, 44529 }, // U+04E1
    { 38, 38, 537, -2, 38, 361, 44729 }, // U+04E2
    { 25, 32, 409, 1, 31, 200, 45090 }, // U+04E3
    { 38, 39, 537, -2, 39, 371, 45290 }, // U+04E4
    { 25, 33, 409, 1, 32, 207, 45661 }, // U+04E5
    { 29, 40, 493, 1, 39, 290, 45868 }, // U+04E6
    { 22, 33, 363, 1, 32, 182, 46158 }, // U+04E7
    { 29, 31, 493, 1, 30, 225, 46340 }, // U+04E8
    { 21, 24, 363, 1, 23, 126, 46565 }, // U+04E9
    { 29, 40, 493, 1, 39, 290, 46691 }, // U+04EA
    { 22, 33, 363, 1, 32, 182, 46981 }, // U+04EB
    { 27, 40, 422, -1, 39, 270, 47163 }, // U+04EC
    { 20, 33, 320, -1, 32, 165, 47433 }, // U+04ED
    { 31, 39, 447, 1, 38, 303, 47598 }, // U+04EE
    { 28, 41, 351, -6, 31, 287, 47901 }, // U+04EF
    { 31, 40, 447, 1, 39, 310, 48188 }, // U+04F0
    { 28, 42, 351, -6, 32, 294, 48498 }, // U+04F1
    { 31, 43, 447, 1, 42, 334, 48792 }, // U+04F2
    { 28, 45, 351, -6, 35, 315, 49126 }, // U+04F3
    { 30, 39, 477, 2, 39, 293, 49441 }, // U+04F4
    { 24, 33, 403, 1, 32, 198, 49734 }, // U+04F5
    { 28, 39, 385, -2, 30, 273, 49932 }, // U+04F6
    { 19, 32, 305, 0, 23, 152, 50205 }, // U+04F7
    { 44, 40, 631, -2, 39, 440, 50357 }, // U+04F8
    { 31, 33, 524, 1, 32, 256, 50797 }, // U+04F9
    { 28, 39, 385, -2, 30, 273, 51053 }, // U+04FA
    { 19, 31, 305, 0, 23, 148, 51326 }, // U+04FB
    { 35, 39, 444, -4, 30, 342, 51474 }, // U+04FC
    { 26, 33, 382, -1, 23, 215, 51816 }, // U+04FD
    { 35, 30, 444, -4, 30, 263, 52031 }, // U+04FE
    { 26, 24, 382, -1, 23, 156, 52294 }, // U+04FF
    { 33, 40, 493, -3, 30, 330, 0 }, // U+1EA0
    { 24, 33, 398, 1, 23, 198, 330 }, // U+1EA1
    { 33, 43, 493, -3, 43, 355, 528 }, // U+1EA2
    { 24, 38, 398, 1, 37, 228, 883 }, // U+1EA3
    { 35, 44, 493, -3, 44, 385, 1111 }, // U+1EA4
    { 27, 43, 398, 1, 42, 291, 1496 }, // U+1EA5
    { 33, 44, 493, -3, 44, 363, 1787 }, // U+1EA6
    { 24, 43, 398, 1, 42, 258, 2150 }, // U+1EA7
    { 35, 44, 493, -3, 44, 385, 2408 }, // U+1EA8
    { 28, 42, 398, 1, 41, 294, 2793 }, // U+1EA9
    { 33, 44, 493, -3, 44, 363, 3087 }, // U+1EAA
    { 24, 42, 398, 1, 41, 252, 3450 }, // U+1EAB
    { 33, 51, 493, -3, 41, 421, 3702 }, // U+1EAC
    { 24, 45, 398, 1, 35, 270, 4123 }, // U+1EAD
    { 33, 44, 493, -3, 44, 363, 4393 }, // U+1EAE
    { 24, 42, 398, 1, 41, 252, 4756 }, // U+1EAF
    { 33, 44, 493, -3, 44, 363, 5008 }, // U+1EB0
    { 24, 42, 398, 1, 41, 252, 5371 }, // U+1EB1
    { 33, 44, 493, -3, 44, 363, 5623 }, // U+1EB2
    { 24, 43, 398, 1, 42, 258, 5986 }, // U+1EB3
    { 33, 44, 493, -3, 44, 363, 6244 }, // U+1EB4
    { 24, 41, 398, 1, 40, 246, 6607 }, // U+1EB5
    { 33, 51, 493, -3, 41, 421, 6853 }, // U+1EB6
    { 24, 43, 398, 1, 33, 258, 7274 }, // U+1EB7
    { 29, 40, 415, -2, 30, 290, 7532 }, // U+1EB8
    { 18, 33, 316, 1, 23, 149, 7822 }, // U+1EB9
    { 29, 43, 415, -2, 43, 312, 7971 }, // U+1EBA
    { 19, 38, 316, 1, 37, 181, 8283 }, // U+1EBB
    { 29, 40, 415, -2, 40, 290, 8464 }, // U+1EBC
    { 20, 34, 316, 1, 33, 170, 8754 }, // U+1EBD
    { 33, 44, 415, -2, 44, 363, 8924 }, // U+1EBE
    { 25, 43, 316, 1, 42, 269, 9287 }, // U+1EBF
    { 29, 44, 415, -2, 44, 319, 9556 }, // U+1EC0
    { 21, 43, 316, 1, 42, 226, 9875 }, // U+1EC1
    { 33, 44, 415, -2, 44, 363, 10101 }, // U+1EC2
    { 26, 42, 316, 1, 41, 273, 10464 }, // U+1EC3
    { 29, 44, 415, -2, 44, 319, 10737 }, // U+1EC4
    { 20, 42, 316, 1, 41, 210, 11056 }, // U+1EC5
    { 29, 51, 415, -2, 41, 370, 11266 }, // U+1EC6
    { 19, 45, 316, 1, 35, 214, 11636 }, // U+1EC7
    { 21, 43, 265, -2, 43, 226, 11850 }, // U+1EC8
    { 16, 38, 215, 1, 37, 152, 12076 }, // U+1EC9
    { 21, 40, 265, -2, 30, 210, 12228 }, // U+1ECA
    { 14, 43, 215, 0, 33, 151, 12438 }, // U+1ECB
    { 29, 40, 493, 1, 30, 290, 12589 }, // U+1ECC
    { 21, 33, 363, 1, 23, 174, 12879 }, // U+1ECD
    { 29, 44, 493, 1, 43, 319, 13053 }, // U+1ECE
    { 21, 38, 363, 1, 37, 200, 13372 }, // U+1ECF
    { 31, 45, 493, 1, 44, 349, 13572 }, // U+1ED0
    { 27, 43, 363, 1, 42, 291, 13921 }, // U+1ED1
    { 29, 45, 493, 1, 44, 327, 14212 }, // U+1ED2
    { 23, 43, 363, 1, 42, 248, 14539 }, // U+1ED3
    { 31, 45, 493, 1, 44, 349, 14787 }, // U+1ED4
    { 28, 42, 363, 1, 41, 294, 15136 }, // U+1ED5
    { 29, 45, 493, 1, 44, 327, 15430 }, // U+1ED6
    { 22, 42, 363, 1, 41, 231, 15757 }, // U+1ED7
    { 29, 51, 493, 1, 41, 370, 15988 }, // U+1ED8
    { 21, 45, 363, 1, 35, 237, 16358 }, // U+1ED9
    { 34, 42, 493, 1, 41, 357, 16595 }, // U+1EDA
    { 25, 37, 363, 1, 36, 232, 16952 }, // U+1EDB
    { 34, 42, 493, 1, 41, 357, 17184 }, // U+1EDC
    { 25, 37, 363, 1, 36, 232, 17541 }, // U+1EDD
    { 34, 44, 493, 1, 43, 374, 17773 }, // U+1EDE
    { 25, 38, 363, 1, 37, 238, 18147 }, // U+1EDF
    { 34, 41, 493, 1, 40, 349, 18385 }, // U+1EE0
    { 25, 34, 363, 1, 33, 213, 18734 }, // U+1EE1
    { 34, 45, 493, 1, 35, 383, 18947 }, // U+1EE2
    { 25, 37, 363, 1, 27, 232, 19330 }, // U+1EE3
    { 32, 40, 523, 3, 30, 320, 19562 }, // U+1EE4
    { 25, 33, 409, 1, 23, 207, 19882 }, // U+1EE5
    { 32, 44, 523, 3, 43, 352, 20089 }, // U+1EE6
    { 25, 38, 409, 1, 37, 238, 20441 }, // U+1EE7
    { 37, 42, 511, 3, 41, 389, 20679 }, // U+1EE8
    { 29, 37, 409, 1, 36, 269, 21068 }, // U+1EE9
    { 37, 42, 511, 3, 41, 389, 21337 }, // U+1EEA
    { 29, 37, 409, 1, 36, 269, 21726 }, // U+1EEB
    { 37, 44, 511, 3, 43, 407, 21995 }, // U+1EEC
    { 29, 38, 409, 1, 37, 276, 22402 }, // U+1EED
    { 37, 41, 511, 3, 40, 380, 22678 }, // U+1EEE
    { 29, 34, 409, 1, 33, 247, 23058 }, // U+1EEF
    { 37, 45, 511, 3, 35, 417, 23305 }, // U+1EF0
    { 29, 37, 409, 1, 27, 269, 23722 }, // U+1EF1
    { 29, 41, 437, 2, 41, 298, 23991 }, // U+1EF2
    { 28, 46, 351, -6, 36, 322, 24289 }, // U+1EF3
    { 29, 40, 437, 2, 30, 290, 24611 }, // U+1EF4
    { 28, 33, 351, -6, 23, 231, 24901 }, // U+1EF5
    { 29, 43, 437, 2, 43, 312, 25132 }, // U+1EF6
    { 28, 47, 351, -6, 37, 329, 25444 }, // U+1EF7
    { 29, 40, 437, 2, 40, 290, 25773 }, // U+1EF8
    { 28, 43, 351, -6, 33, 301, 26063 }, // U+1EF9
    { 0, 0, 333, 0, 0, 0, 0 }, // U+2000
    { 0, 0, 667, 0, 0, 0, 0 }, // U+2001
    { 0, 0, 333, 0, 0, 0, 0 }, // U+2002
    { 0, 0, 667, 0, 0, 0, 0 }, // U+2003
    { 0, 0, 222, 0, 0, 0, 0 }, // U+2004
    { 0, 0, 167, 0, 0, 0, 0 }, // U+2005
    { 0, 0, 111, 0, 0, 0, 0 }, // U+2006
    { 0, 0, 415, 0, 0, 0, 0 }, // U+2007
    { 0, 0, 205, 0, 0, 0, 0 }, // U+2008
    { 0, 0, 133, 0, 0, 0, 0 }, // U+2009
    { 0, 0, 33, 0, 0, 0, 0 }, // U+200A
    { 0, 0, 0, 0, 0, 0, 0 }, // U+200B
    { 2, 35, 0, -1, 25, 18, 0 }, // U+200C
    { 10, 38, 0, -5, 28, 95, 18 }, // U+200D
    { 14, 40, 0, -7, 30, 140, 113 }, // U+200E
    { 14, 40, 0, -7, 30, 140, 253 }, // U+200F
    { 14, 6, 260, 1, 14, 21, 393 }, // U+2010
    { 14, 6, 260, 1, 14, 21, 414 }, // U+2011
    { 21, 5, 415, 3, 16, 27, 435 }, // U+2012
    { 21, 5, 333, 0, 13, 27, 462 }, // U+2013
    { 42, 5, 667, 0, 13, 53, 489 }, // U+2014
    { 42, 5, 667, 0, 13, 53, 542 }, // U+2015
    { 15, 43, 333, 3, 33, 162, 595 }, // U+2016
    { 21, 12, 333, 0, -1, 63, 757 }, // U+2017
    { 10, 14, 200, 3, 32, 35, 820 }, // U+2018
    { 10, 14, 200, 2, 32, 35, 855 }, // U+2019
    { 10, 14, 200, 0, 6, 35, 890 }, // U+201A
    { 9, 14, 200, 2, 31, 32, 925 }, // U+201B
    { 19, 14, 340, 3, 32, 67, 957 }, // U+201C
    { 19, 14, 340, 2, 31, 67, 1024 }, // U+201D
    { 18, 14, 333, 0, 6, 63, 1091 }, // U+201E
    { 18, 14, 333, 2, 31, 63, 1154 }, // U+201F
    { 19, 28, 311, 1, 30, 133, 1217 }, // U+2020
    { 21, 33, 311, -1, 30, 174, 1350 }, // U+2021
    { 10, 10, 200, 1, 16, 25, 1524 }, // U+2022
    { 15, 15, 415, 6, 22, 57, 1549 }, // U+2023
    { 8, 7, 193, 2, 6, 14, 1606 }, // U+2024
    { 19, 7, 333, 1, 6, 34, 1620 }, // U+2025
    { 36, 7, 667, 3, 6, 63, 1654 }, // U+2026
    { 8, 7, 193, 2, 15, 14, 1717 }, // U+2027
    { 0, 0, 0, 0, 0, 0, 1731 }, // U+2028
    { 0, 0, 0, 0, 0, 0, 1731 }, // U+2029
    { 14, 40, 0, -7, 30, 140, 1731 }, // U+202A
    { 14, 40, 0, -7, 30, 140, 1871 }, // U+202B
    { 12, 39, 0, -6, 29, 117, 2011 }, // U+202C
    { 18, 40, 0, -9, 30, 180, 2128 }, // U+202D
    { 18, 40, 0, -9, 30, 180, 2308 }, // U+202E
    { 0, 0, 71, 0, 0, 0, 2488 }, // U+202F
    { 55, 34, 939, 2, 31, 468, 2488 }, // U+2030
    { 9, 15, 170, 1, 30, 34, 2956 }, // U+2032
    { 18, 15, 300, 1, 30, 68, 2990 }, // U+2033
    { 28, 15, 461, 1, 30, 105, 3058 }, // U+2034
    { 10, 15, 170, 0, 30, 38, 3163 }, // U+2035
    { 19, 15, 315, 0, 30, 72, 3201 }, // U+2036
    { 28, 15, 461, 0, 30, 105, 3273 }, // U+2037
    { 19, 9, 333, 1, 0, 43, 3378 }, // U+2038
    { 13, 17, 237, 1, 19, 56, 3421 }, // U+2039
    { 13, 17, 237, 1, 19, 56, 3477 }, // U+203A
    { 26, 29, 415, 0, 28, 189, 3533 }, // U+203B
    { 24, 33, 405, 2, 32, 198, 3722 }, // U+203C
    { 21, 5, 333, 0, 36, 27, 3920 }, // U+203E
    { 10, 6, 200, 1, 14, 15, 3947 }, // U+2043
    { 26, 34, 191, -7, 31, 221, 3962 }, // U+2044
    { 30, 32, 523, 3, 31, 240, 4183 }, // U+2047
    { 27, 33, 465, 3, 32, 223, 4423 }, // U+2048
    { 27, 33, 465, 2, 32, 223, 4646 }, // U+2049
    { 26, 9, 667, 8, 17, 59, 4869 }, // U+2053
    { 37, 15, 606, 1, 30, 139, 4928 }, // U+2057
    { 0, 0, 148, 0, 0, 0, 5067 }, // U+205F
    { 0, 0, 0, 0, 0, 0, 5067 }, // U+2060
    { 0, 0, 0, 0, 0, 0, 5067 }, // U+2061
    { 0, 0, 0, 0, 0, 0, 5067 }, // U+2062
    { 0, 0, 0, 0, 0, 0, 5067 }, // U+2063
    { 0, 0, 0, 0, 0, 0, 5067 }, // U+2064
    { 17, 20, 298, 1, 35, 85, 0 }, // U+2070
    { 18, 20, 298, 0, 35, 90, 85 }, // U+2074
    { 17, 20, 298, 1, 35, 85, 175 }, // U+2075
    { 18, 20, 298, 1, 35, 90, 260 }, // U+2076
    { 16, 20, 298, 3, 35, 80, 350 }, // U+2077
    { 17, 20, 298, 1, 35, 85, 430 }, // U+2078
    { 18, 20, 298, 0, 35, 90, 515 }, // U+2079
    { 17, 15, 377, 4, 30, 64, 605 }, // U+207F
    { 17, 20, 298, 1, 14, 85, 669 }, // U+2080
    { 13, 20, 298, 2, 14, 65, 754 }, // U+2081
    { 17, 20, 298, 1, 14, 85, 819 }, // U+2082
    { 16, 21, 298, 1, 14, 84, 904 }, // U+2083
    { 18, 20, 298, 0, 14, 90, 988 }, // U+2084
    { 17, 20, 298, 1, 13, 85, 1078 }, // U+2085
    { 18, 20, 298, 1, 14, 90, 1163 }, // U+2086
    { 16, 20, 298, 3, 13, 80, 1253 }, // U+2087
    { 17, 20, 298, 1, 14, 85, 1333 }, // U+2088
    { 18, 20, 298, 0, 14, 90, 1418 }, // U+2089
    { 27, 28, 387, -1, 28, 189, 0 }, // U+20A3
    { 27, 29, 408, 0, 28, 196, 189 }, // U+20A4
    { 54, 30, 873, 0, 29, 405, 385 }, // U+20A7
    { 28, 29, 415, 0, 28, 203, 790 }, // U+20AC
    { 26, 19, 667, 8, 24, 124, 0 }, // U+2190
    { 20, 27, 667, 11, 28, 135, 124 }, // U+2191
    { 26, 19, 667, 8, 24, 124, 259 }, // U+2192
    { 20, 27, 667, 11, 28, 135, 383 }, // U+2193
    { 28, 19, 667, 7, 24, 133, 518 }, // U+2194
    { 18, 29, 667, 12, 29, 131, 651 }, // U+2195
    { 20, 29, 667, 11, 29, 145, 782 }, // U+21A8
    { 18, 29, 667, 12, 29, 131, 927 }, // U+21B2
    { 18, 29, 667, 12, 29, 131, 1058 }, // U+21B3
    { 24, 23, 667, 9, 26, 138, 1189 }, // U+21B5
    { 26, 23, 667, 8, 26, 150, 1327 }, // U+21D0
    { 24, 27, 667, 9, 28, 162, 1477 }, // U+21D1
    { 26, 23, 667, 8, 26, 150, 1639 }, // U+21D2
    { 24, 27, 667, 9, 28, 162, 1789 }, // U+21D3
    { 28, 21, 667, 7, 25, 147, 1951 }, // U+21D4
    { 30, 31, 667, 6, 30, 233, 0 }, // U+2200
    { 22, 34, 415, 2, 33, 187, 233 }, // U+2202
    { 22, 30, 667, 10, 30, 165, 420 }, // U+2203
    { 32, 33, 667, 5, 31, 264, 585 }, // U+2205
    { 28, 30, 455, 0, 30, 210, 849 }, // U+2206
    { 28, 31, 667, 7, 30, 217, 1059 }, // U+2207
    { 28, 30, 667, 7, 30, 210, 1276 }, // U+2208
    { 28, 37, 667, 7, 33, 259, 1486 }, // U+2209
    { 28, 25, 667, 7, 27, 175, 1745 }, // U+220A
    { 28, 30, 667, 7, 30, 210, 1920 }, // U+220B
    { 28, 37, 667, 7, 33, 259, 2130 }, // U+220C
    { 28, 25, 667, 7, 27, 175, 2389 }, // U+220D
    { 33, 37, 558, 1, 30, 306, 2564 }, // U+220F
    { 26, 37, 443, 1, 30, 241, 2870 }, // U+2211
    { 20, 5, 415, 3, 17, 25, 3111 }, // U+2212
    { 25, 33, 351, -2, 31, 207, 3136 }, // U+2215
    { 20, 33, 351, 1, 31, 165, 3343 }, // U+2216
    { 20, 20, 415, 3, 24, 100, 3508 }, // U+2217
    { 16, 16, 415, 5, 22, 64, 3608 }, // U+2218
    { 8, 7, 415, 9, 15, 14, 3672 }, // U+2219
    { 27, 39, 415, -1, 34, 264, 3686 }, // U+221A
    { 21, 17, 415, 3, 22, 90, 3950 }, // U+221D
    { 26, 16, 415, 0, 21, 104, 4040 }, // U+221E
    { 26, 30, 667, 8, 30, 195, 4144 }, // U+221F
    { 32, 30, 667, 5, 30, 240, 4339 }, // U+2220
    { 7, 43, 333, 7, 33, 76, 4579 }, // U+2223
    { 15, 43, 333, 3, 33, 162, 4655 }, // U+2225
    { 29, 30, 667, 7, 30, 218, 4817 }, // U+2227
    { 29, 30, 667, 7, 30, 218, 5035 }, // U+2228
    { 24, 30, 667, 9, 30, 180, 5253 }, // U+2229
    { 24, 31, 667, 9, 30, 186, 5433 }, // U+222A
    { 24, 43, 415, 1, 33, 258, 5619 }, // U+222B
    { 28, 25, 667, 7, 24, 175, 5877 }, // U+2234
    { 28, 25, 667, 7, 24, 175, 6052 }, // U+2235
    { 11, 24, 208, 1, 26, 66, 6227 }, // U+2236
    { 28, 25, 667, 7, 24, 175, 6293 }, // U+2237
    { 26, 9, 667, 8, 17, 59, 6468 }, // U+223C
    { 26, 24, 667, 8, 26, 156, 6527 }, // U+2245
    { 21, 18, 415, 3, 23, 95, 6683 }, // U+2248
    { 24, 16, 667, 9, 20, 96, 6778 }, // U+224D
    { 20, 21, 415, 3, 25, 105, 6874 }, // U+2260
    { 24, 21, 667, 9, 23, 126, 6979 }, // U+2261
    { 20, 26, 415, 3, 26, 130, 7105 }, // U+2264
    { 20, 26, 415, 3, 26, 130, 7235 }, // U+2265
    { 35, 20, 667, 3, 24, 175, 7365 }, // U+226A
    { 35, 20, 667, 4, 24, 175, 7540 }, // U+226B
    { 28, 25, 667, 7, 27, 175, 7715 }, // U+2283
    { 28, 37, 667, 7, 33, 259, 7890 }, // U+2284
    { 28, 37, 667, 7, 33, 259, 8149 }, // U+2285
    { 28, 30, 667, 7, 30, 210, 8408 }, // U+2286
    { 28, 30, 667, 7, 30, 210, 8618 }, // U+2287
    { 32, 31, 667, 5, 30, 248, 8828 }, // U+2295
    { 32, 31, 667, 5, 30, 248, 9076 }, // U+2296
    { 32, 31, 667, 5, 30, 248, 9324 }, // U+2297
    { 32, 31, 667, 5, 30, 248, 9572 }, // U+2298
    { 24, 30, 667, 9, 30, 180, 9820 }, // U+22A5
    { 8, 7, 415, 9, 15, 14, 10000 }, // U+22C5
    { 36, 7, 667, 3, 15, 63, 10014 }, // U+22EF
    { 44, 43, 494, -8, 33, 473, 0 }, // U+FB00
    { 35, 43, 429, -8, 33, 377, 473 }, // U+FB01
    { 36, 43, 448, -8, 33, 387, 850 }, // U+FB02
    { 48, 43, 639, -8, 33, 516, 1237 }, // U+FB03
    { 50, 43, 659, -8, 33, 538, 1753 }, // U+FB04
    { 40, 43, 501, -8, 33, 430, 2291 }, // U+FB05
    { 36, 31, 550, -1, 30, 279, 2721 }, // U+FB06
    { 40, 40, 667, 1, 35, 400, 0 }, // U+FFFD
};

static const EpdUnicodeInterval bookerly_20_bolditalicIntervals[] = {
    { 0x0, 0x0, 0x0 },
    { 0x8, 0x9, 0x1 },
    { 0xD, 0xD, 0x3 },
    { 0x1D, 0x1D, 0x4 },
    { 0x20, 0x7E, 0x5 },
    { 0xA0, 0xFF, 0x64 },
    { 0x100, 0x17F, 0xC4 },
    { 0x1A0, 0x1A1, 0x144 },
    { 0x1AF, 0x1B0, 0x146 },
    { 0x1C4, 0x1F5, 0x148 },
    { 0x1F8, 0x21F, 0x17A },
    { 0x300, 0x304, 0x1A2 },
    { 0x306, 0x30C, 0x1A7 },
    { 0x30F, 0x30F, 0x1AE },
    { 0x311, 0x315, 0x1AF },
    { 0x31B, 0x31B, 0x1B4 },
    { 0x323, 0x329, 0x1B5 },
    { 0x32D, 0x32E, 0x1BC },
    { 0x330, 0x331, 0x1BE },
    { 0x342, 0x342, 0x1C0 },
    { 0x344, 0x345, 0x1C1 },
    { 0x374, 0x375, 0x1C3 },
    { 0x37E, 0x37E, 0x1C5 },
    { 0x384, 0x38A, 0x1C6 },
    { 0x38C, 0x38C, 0x1CD },
    { 0x38E, 0x3A1, 0x1CE },
    { 0x3A3, 0x3CE, 0x1E2 },
    { 0x3D0, 0x3D7, 0x20E },
    { 0x400, 0x45F, 0x216 },
    { 0x462, 0x463, 0x276 },
    { 0x472, 0x475, 0x278 },
    { 0x48A, 0x4FF, 0x27C },
    { 0x1EA0, 0x1EF9, 0x2F2 },
    { 0x2000, 0x2030, 0x34C },
    { 0x2032, 0x203C, 0x37D },
    { 0x203E, 0x203E, 0x388 },
    { 0x2043, 0x2044, 0x389 },
    { 0x2047, 0x2049, 0x38B },
    { 0x2053, 0x2053, 0x38E },
    { 0x2057, 0x2057, 0x38F },
    { 0x205F, 0x2064, 0x390 },
    { 0x2070, 0x2070, 0x396 },
    { 0x2074, 0x2079, 0x397 },
    { 0x207F, 0x2089, 0x39D },
    { 0x20A3, 0x20A4, 0x3A8 },
    { 0x20A7, 0x20A7, 0x3AA },
    { 0x20AC, 0x20AC, 0x3AB },
    { 0x2190, 0x2195, 0x3AC },
    { 0x21A8, 0x21A8, 0x3B2 },
    { 0x21B2, 0x21B3, 0x3B3 },
    { 0x21B5, 0x21B5, 0x3B5 },
    { 0x21D0, 0x21D4, 0x3B6 },
    { 0x2200, 0x2200, 0x3BB },
    { 0x2202, 0x2203, 0x3BC },
    { 0x2205, 0x220D, 0x3BE },
    { 0x220F, 0x220F, 0x3C7 },
    { 0x2211, 0x2212, 0x3C8 },
    { 0x2215, 0x221A, 0x3CA },
    { 0x221D, 0x2220, 0x3D0 },
    { 0x2223, 0x2223, 0x3D4 },
    { 0x2225, 0x2225, 0x3D5 },
    { 0x2227, 0x222B, 0x3D6 },
    { 0x2234, 0x2237, 0x3DB },
    { 0x223C, 0x223C, 0x3DF },
    { 0x2245, 0x2245, 0x3E0 },
    { 0x2248, 0x2248, 0x3E1 },
    { 0x224D, 0x224D, 0x3E2 },
    { 0x2260, 0x2261, 0x3E3 },
    { 0x2264, 0x2265, 0x3E5 },
    { 0x226A, 0x226B, 0x3E7 },
    { 0x2283, 0x2287, 0x3E9 },
    { 0x2295, 0x2298, 0x3EE },
    { 0x22A5, 0x22A5, 0x3F2 },
    { 0x22C5, 0x22C5, 0x3F3 },
    { 0x22EF, 0x22EF, 0x3F4 },
    { 0xFB00, 0xFB06, 0x3F5 },
    { 0xFFFD, 0xFFFD, 0x3FC },
};

static const EpdFontGroup bookerly_20_bolditalicGroups[] = {
    { 0, 7074, 17680, 100, 0 },
    { 7074, 6100, 21178, 96, 100 },
    { 13174, 7917, 33588, 128, 196 },
    { 21091, 7820, 28958, 94, 324 },
    { 28911, 657, 1000, 33, 418 },
    { 29568, 6383, 17981, 83, 451 },
    { 35951, 15191, 54975, 220, 534 },
    { 51142, 4622, 28219, 90, 754 },
    { 55764, 2110, 5495, 74, 844 },
    { 57874, 830, 1699, 18, 918 },
    { 58704, 497, 1022, 4, 936 },
    { 59201, 837, 2180, 15, 940 },
    { 60038, 3239, 10346, 58, 955 },
    { 63277, 1042, 3031, 7, 1013 },
    { 64319, 179, 400, 1, 1020 },
};

static const EpdKernClassEntry bookerly_20_bolditalicKernLeftClasses[] = {
    { 0x0022, 1 }, // "
    { 0x0027, 1 }, // '
    { 0x0028, 2 }, // (
    { 0x002A, 3 }, // *
    { 0x002C, 4 }, // ,
    { 0x002D, 5 }, // -
    { 0x002E, 4 }, // .
    { 0x002F, 6 }, // /
    { 0x0030, 7 }, // 0
    { 0x0033, 8 }, // 3
    { 0x0034, 9 }, // 4
    { 0x0035, 10 }, // 5
    { 0x0036, 11 }, // 6
    { 0x0037, 12 }, // 7
    { 0x0038, 13 }, // 8
    { 0x0039, 14 }, // 9
    { 0x003A, 15 }, // :
    { 0x003B, 15 }, // ;
    { 0x0041, 16 }, // A
    { 0x0042, 17 }, // B
    { 0x0043, 18 }, // C
    { 0x0044, 19 }, // D
    { 0x0045, 20 }, // E
    { 0x0046, 21 }, // F
    { 0x0047, 22 }, // G
    { 0x0048, 23 }, // H
    { 0x0049, 23 }, // I
    { 0x004A, 24 }, // J
    { 0x004B, 25 }, // K
    { 0x004C, 26 }, // L
    { 0x004D, 27 }, // M
    { 0x004E, 28 }, // N
    { 0x004F, 19 }, // O
    { 0x0050, 29 }, // P
    { 0x0051, 30 }, // Q
    { 0x0052, 31 }, // R
    { 0x0053, 32 }, // S
    { 0x0054, 33 }, // T
    { 0x0055, 34 }, // U
    { 0x0056, 35 }, // V
    { 0x0057, 36 }, // W
    { 0x0058, 37 }, // X
    { 0x0059, 38 }, // Y
    { 0x005A, 39 }, // Z
    { 0x005B, 40 }, // [
    { 0x005C, 41 }, // <backslash>
    { 0x0061, 42 }, // a
    { 0x0062, 43 }, // b
    { 0x0063, 44 }, // c
    { 0x0064, 45 }, // d
    { 0x0065, 46 }, // e
    { 0x0066, 47 }, // f
    { 0x0067, 48 }, // g
    { 0x0068, 49 }, // h
    { 0x0069, 50 }, // i
    { 0x006A, 51 }, // j
    { 0x006B, 52 }, // k
    { 0x006C, 53 }, // l
    { 0x006D, 49 }, // m
    { 0x006E, 49 }, // n
    { 0x006F, 43 }, // o
    { 0x0070, 43 }, // p
    { 0x0071, 54 }, // q
    { 0x0072, 55 }, // r
    { 0x0073, 56 }, // s
    { 0x0074, 57 }, // t
    { 0x0075, 42 }, // u
    { 0x0076, 58 }, // v
    { 0x0077, 58 }, // w
    { 0x0078, 59 }, // x
    { 0x0079, 58 }, // y
    { 0x007A, 60 }, // z
    { 0x007B, 61 }, // {
    { 0x00A1, 62 }, // U+00A1
    { 0x00A5, 63 }, // U+00A5
    { 0x00AB, 64 }, // U+00AB
    { 0x00AD, 5 }, // U+00AD
    { 0x00BB, 65 }, // U+00BB
    { 0x00BF, 66 }, // U+00BF
    { 0x00C0, 16 }, // U+00C0
    { 0x00C1, 16 }, // U+00C1
    { 0x00C2, 16 }, // U+00C2
    { 0x00C3, 16 }, // U+00C3
    { 0x00C4, 16 }, // U+00C4
    { 0x00C5, 16 }, // U+00C5
    { 0x00C6, 20 }, // U+00C6
    { 0x00C7, 18 }, // U+00C7
    { 0x00C8, 20 }, // U+00C8
    { 0x00C9, 20 }, // U+00C9
    { 0x00CA, 20 }, // U+00CA
    { 0x00CB, 20 }, // U+00CB
    { 0x00CC, 23 }, // U+00CC
    { 0x00CD, 23 }, // U+00CD
    { 0x00CE, 23 }, // U+00CE
    { 0x00CF, 23 }, // U+00CF
    { 0x00D0, 19 }, // U+00D0
    { 0x00D1, 28 }, // U+00D1
    { 0x00D2, 19 }, // U+00D2
    { 0x00D3, 19 }, // U+00D3
    { 0x00D4, 19 }, // U+00D4
    { 0x00D5, 19 }, // U+00D5
    { 0x00D6, 19 }, // U+00D6
    { 0x00D8, 19 }, // U+00D8
    { 0x00D9, 34 }, // U+00D9
    { 0x00DA, 34 }, // U+00DA
    { 0x00DB, 34 }, // U+00DB
    { 0x00DC, 34 }, // U+00DC
    { 0x00DD, 38 }, // U+00DD
    { 0x00DE, 67 }, // U+00DE
    { 0x00DF, 68 }, // U+00DF
    { 0x00E0, 42 }, // U+00E0
    { 0x00E1, 42 }, // U+00E1
    { 0x00E2, 42 }, // U+00E2
    { 0x00E3, 42 }, // U+00E3
    { 0x00E4, 42 }, // U+00E4
    { 0x00E5, 42 }, // U+00E5
    { 0x00E6, 46 }, // U+00E6
    { 0x00E7, 69 }, // U+00E7
    { 0x00E8, 46 }, // U+00E8
    { 0x00E9, 46 }, // U+00E9
    { 0x00EA, 46 }, // U+00EA
    { 0x00EB, 46 }, // U+00EB
    { 0x00EC, 50 }, // U+00EC
    { 0x00ED, 70 }, // U+00ED
    { 0x00EE, 71 }, // U+00EE
    { 0x00EF, 71 }, // U+00EF
    { 0x00F0, 43 }, // U+00F0
    { 0x00F1, 49 }, // U+00F1
    { 0x00F2, 43 }, // U+00F2
    { 0x00F3, 43 }, // U+00F3
    { 0x00F4, 43 }, // U+00F4
    { 0x00F5, 43 }, // U+00F5
    { 0x00F6, 43 }, // U+00F6
    { 0x00F8, 72 }, // U+00F8
    { 0x00F9, 42 }, // U+00F9
    { 0x00FA, 42 }, // U+00FA
    { 0x00FB, 42 }, // U+00FB
    { 0x00FC, 42 }, // U+00FC
    { 0x00FD, 58 }, // U+00FD
    { 0x00FE, 43 }, // U+00FE
    { 0x00FF, 58 }, // U+00FF
    { 0x0100, 16 }, // U+0100
    { 0x0101, 42 }, // U+0101
    { 0x0102, 16 }, // U+0102
    { 0x0103, 42 }, // U+0103
    { 0x0104, 73 }, // U+0104
    { 0x0105, 74 }, // U+0105
    { 0x0106, 18 }, // U+0106
    { 0x0107, 44 }, // U+0107
    { 0x0108, 18 }, // U+0108
    { 0x0109, 44 }, // U+0109
    { 0x010A, 18 }, // U+010A
    { 0x010B, 44 }, // U+010B
    { 0x010C, 18 }, // U+010C
    { 0x010D, 44 }, // U+010D
    { 0x010E, 19 }, // U+010E
    { 0x010F, 75 }, // U+010F
    { 0x0110, 19 }, // U+0110
    { 0x0111, 45 }, // U+0111
    { 0x0112, 20 }, // U+0112
    { 0x0113, 46 }, // U+0113
    { 0x0114, 20 }, // U+0114
    { 0x0115, 46 }, // U+0115
    { 0x0116, 20 }, // U+0116
    { 0x0117, 46 }, // U+0117
    { 0x0118, 76 }, // U+0118
    { 0x0119, 77 }, // U+0119
    { 0x011A, 20 }, // U+011A
    { 0x011B, 46 }, // U+011B
    { 0x011C, 22 }, // U+011C
    { 0x011D, 48 }, // U+011D
    { 0x011E, 22 }, // U+011E
    { 0x011F, 48 }, // U+011F
    { 0x0120, 22 }, // U+0120
    { 0x0121, 48 }, // U+0121
    { 0x0122, 22 }, // U+0122
    { 0x0123, 48 }, // U+0123
    { 0x0124, 23 }, // U+0124
    { 0x0125, 49 }, // U+0125
    { 0x0126, 78 }, // U+0126
    { 0x0127, 49 }, // U+0127
    { 0x0128, 23 }, // U+0128
    { 0x0129, 71 }, // U+0129
    { 0x012A, 23 }, // U+012A
    { 0x012B, 71 }, // U+012B
    { 0x012C, 23 }, // U+012C
    { 0x012D, 71 }, // U+012D
    { 0x012E, 79 }, // U+012E
    { 0x012F, 80 }, // U+012F
    { 0x0130, 23 }, // U+0130
    { 0x0131, 42 }, // U+0131
    { 0x0132, 24 }, // U+0132
    { 0x0133, 51 }, // U+0133
    { 0x0134, 24 }, // U+0134
    { 0x0135, 81 }, // U+0135
    { 0x0136, 25 }, // U+0136
    { 0x0137, 52 }, // U+0137
    { 0x0138, 82 }, // U+0138
    { 0x0139, 26 }, // U+0139
    { 0x013A, 53 }, // U+013A
    { 0x013B, 26 }, // U+013B
    { 0x013C, 83 }, // U+013C
    { 0x013E, 75 }, // U+013E
    { 0x0141, 26 }, // U+0141
    { 0x0142, 84 }, // U+0142
    { 0x0143, 28 }, // U+0143
    { 0x0144, 49 }, // U+0144
    { 0x0145, 28 }, // U+0145
    { 0x0146, 49 }, // U+0146
    { 0x0147, 28 }, // U+0147
    { 0x0148, 49 }, // U+0148
    { 0x0149, 49 }, // U+0149
    { 0x014A, 28 }, // U+014A
    { 0x014B, 51 }, // U+014B
    { 0x014C, 19 }, // U+014C
    { 0x014D, 43 }, // U+014D
    { 0x014E, 19 }, // U+014E
    { 0x014F, 43 }, // U+014F
    { 0x0150, 19 }, // U+0150
    { 0x0151, 43 }, // U+0151
    { 0x0152, 20 }, // U+0152
    { 0x0153, 46 }, // U+0153
    { 0x0154, 31 }, // U+0154
    { 0x0155, 55 }, // U+0155
    { 0x0156, 31 }, // U+0156
    { 0x0157, 55 }, // U+0157
    { 0x0158, 31 }, // U+0158
    { 0x0159, 55 }, // U+0159
    { 0x015A, 32 }, // U+015A
    { 0x015B, 56 }, // U+015B
    { 0x015C, 32 }, // U+015C
    { 0x015D, 56 }, // U+015D
    { 0x015E, 32 }, // U+015E
    { 0x015F, 85 }, // U+015F
    { 0x0160, 32 }, // U+0160
    { 0x0161, 56 }, // U+0161
    { 0x0162, 33 }, // U+0162
    { 0x0163, 86 }, // U+0163
    { 0x0164, 33 }, // U+0164
    { 0x0166, 33 }, // U+0166
    { 0x0167, 57 }, // U+0167
    { 0x0168, 34 }, // U+0168
    { 0x0169, 42 }, // U+0169
    { 0x016A, 34 }, // U+016A
    { 0x016B, 42 }, // U+016B
    { 0x016C, 34 }, // U+016C
    { 0x016D, 42 }, // U+016D
    { 0x016E, 34 }, // U+016E
    { 0x016F, 42 }, // U+016F
    { 0x0170, 34 }, // U+0170
    { 0x0171, 42 }, // U+0171
    { 0x0172, 34 }, // U+0172
    { 0x0173, 87 }, // U+0173
    { 0x0174, 35 }, // U+0174
    { 0x0175, 58 }, // U+0175
    { 0x0176, 38 }, // U+0176
    { 0x0177, 58 }, // U+0177
    { 0x0178, 38 }, // U+0178
    { 0x0179, 39 }, // U+0179
    { 0x017A, 60 }, // U+017A
    { 0x017B, 39 }, // U+017B
    { 0x017C, 60 }, // U+017C
    { 0x017D, 39 }, // U+017D
    { 0x017E, 60 }, // U+017E
    { 0x01A0, 88 }, // U+01A0
    { 0x01A1, 89 }, // U+01A1
    { 0x01AF, 90 }, // U+01AF
    { 0x01B0, 91 }, // U+01B0
    { 0x01C4, 39 }, // U+01C4
    { 0x01C5, 60 }, // U+01C5
    { 0x01C6, 60 }, // U+01C6
    { 0x01C7, 24 }, // U+01C7
    { 0x01C8, 51 }, // U+01C8
    { 0x01C9, 51 }, // U+01C9
    { 0x01CA, 24 }, // U+01CA
    { 0x01CB, 51 }, // U+01CB
    { 0x01CC, 51 }, // U+01CC
    { 0x01CD, 16 }, // U+01CD
    { 0x01CE, 42 }, // U+01CE
    { 0x01CF, 23 }, // U+01CF
    { 0x01D0, 71 }, // U+01D0
    { 0x01D1, 19 }, // U+01D1
    { 0x01D2, 43 }, // U+01D2
    { 0x01D3, 34 }, // U+01D3
    { 0x01D4, 42 }, // U+01D4
    { 0x01D5, 34 }, // U+01D5
    { 0x01D6, 42 }, // U+01D6
    { 0x01D7, 34 }, // U+01D7
    { 0x01D8, 42 }, // U+01D8
    { 0x01D9, 34 }, // U+01D9
    { 0x01DA, 42 }, // U+01DA
    { 0x01DB, 34 }, // U+01DB
    { 0x01DC, 42 }, // U+01DC
    { 0x01DD, 43 }, // U+01DD
    { 0x01DE, 16 }, // U+01DE
    { 0x01DF, 42 }, // U+01DF
    { 0x01E0, 16 }, // U+01E0
    { 0x01E1, 42 }, // U+01E1
    { 0x01E2, 20 }, // U+01E2
    { 0x01E3, 46 }, // U+01E3
    { 0x01E4, 22 }, // U+01E4
    { 0x01E5, 92 }, // U+01E5
    { 0x01E6, 22 }, // U+01E6
    { 0x01E7, 48 }, // U+01E7
    { 0x01E8, 25 }, // U+01E8
    { 0x01E9, 52 }, // U+01E9
    { 0x01EA, 19 }, // U+01EA
    { 0x01EB, 93 }, // U+01EB
    { 0x01EC, 19 }, // U+01EC
    { 0x01ED, 43 }, // U+01ED
    { 0x01EE, 94 }, // U+01EE
    { 0x01EF, 95 }, // U+01EF
    { 0x01F0, 81 }, // U+01F0
    { 0x01F1, 39 }, // U+01F1
    { 0x01F2, 60 }, // U+01F2
    { 0x01F3, 60 }, // U+01F3
    { 0x01F4, 22 }, // U+01F4
    { 0x01F5, 48 }, // U+01F5
    { 0x01F8, 28 }, // U+01F8
    { 0x01F9, 49 }, // U+01F9
    { 0x01FA, 16 }, // U+01FA
    { 0x01FB, 42 }, // U+01FB
    { 0x01FC, 20 }, // U+01FC
    { 0x01FD, 46 }, // U+01FD
    { 0x01FE, 19 }, // U+01FE
    { 0x01FF, 72 }, // U+01FF
    { 0x0200, 16 }, // U+0200
    { 0x0201, 42 }, // U+0201
    { 0x0202, 16 }, // U+0202
    { 0x0203, 42 }, // U+0203
    { 0x0204, 20 }, // U+0204
    { 0x0205, 46 }, // U+0205
    { 0x0206, 20 }, // U+0206
    { 0x0207, 46 }, // U+0207
    { 0x0208, 23 }, // U+0208
    { 0x0209, 71 }, // U+0209
    { 0x020A, 23 }, // U+020A
    { 0x020B, 71 }, // U+020B
    { 0x020C, 19 }, // U+020C
    { 0x020D, 43 }, // U+020D
    { 0x020E, 19 }, // U+020E
    { 0x020F, 43 }, // U+020F
    { 0x0210, 31 }, // U+0210
    { 0x0211, 55 }, // U+0211
    { 0x0212, 31 }, // U+0212
    { 0x0213, 55 }, // U+0213
    { 0x0214, 34 }, // U+0214
    { 0x0215, 42 }, // U+0215
    { 0x0216, 34 }, // U+0216
    { 0x0217, 42 }, // U+0217
    { 0x0218, 32 }, // U+0218
    { 0x0219, 56 }, // U+0219
    { 0x021A, 33 }, // U+021A
    { 0x021B, 96 }, // U+021B
    { 0x021C, 17 }, // U+021C
    { 0x021D, 97 }, // U+021D
    { 0x021E, 23 }, // U+021E
    { 0x021F, 49 }, // U+021F
    { 0x037E, 15 }, // U+037E
    { 0x0386, 98 }, // U+0386
    { 0x0388, 99 }, // U+0388
    { 0x0389, 100 }, // U+0389
    { 0x038A, 100 }, // U+038A
    { 0x038C, 101 }, // U+038C
    { 0x038E, 102 }, // U+038E
    { 0x038F, 103 }, // U+038F
    { 0x0390, 104 }, // U+0390
    { 0x0391, 98 }, // U+0391
    { 0x0392, 105 }, // U+0392
    { 0x0393, 106 }, // U+0393
    { 0x0394, 107 }, // U+0394
    { 0x0395, 99 }, // U+0395
    { 0x0396, 108 }, // U+0396
    { 0x0397, 100 }, // U+0397
    { 0x0398, 101 }, // U+0398
    { 0x0399, 100 }, // U+0399
    { 0x039A, 109 }, // U+039A
    { 0x039B, 98 }, // U+039B
    { 0x039C, 110 }, // U+039C
    { 0x039D, 111 }, // U+039D
    { 0x039E, 112 }, // U+039E
    { 0x039F, 101 }, // U+039F
    { 0x03A0, 100 }, // U+03A0
    { 0x03A1, 113 }, // U+03A1
    { 0x03A3, 99 }, // U+03A3
    { 0x03A4, 106 }, // U+03A4
    { 0x03A5, 102 }, // U+03A5
    { 0x03A6, 114 }, // U+03A6
    { 0x03A7, 115 }, // U+03A7
    { 0x03A8, 116 }, // U+03A8
    { 0x03A9, 103 }, // U+03A9
    { 0x03AA, 100 }, // U+03AA
    { 0x03AB, 102 }, // U+03AB
    { 0x03AC, 117 }, // U+03AC
    { 0x03AD, 118 }, // U+03AD
    { 0x03AE, 119 }, // U+03AE
    { 0x03AF, 120 }, // U+03AF
    { 0x03B0, 121 }, // U+03B0
    { 0x03B1, 117 }, // U+03B1
    { 0x03B2, 122 }, // U+03B2
    { 0x03B3, 123 }, // U+03B3
    { 0x03B4, 124 }, // U+03B4
    { 0x03B5, 118 }, // U+03B5
    { 0x03B6, 125 }, // U+03B6
    { 0x03B7, 119 }, // U+03B7
    { 0x03B8, 126 }, // U+03B8
    { 0x03B9, 127 }, // U+03B9
    { 0x03BA, 128 }, // U+03BA
    { 0x03BB, 129 }, // U+03BB
    { 0x03BC, 127 }, // U+03BC
    { 0x03BD, 123 }, // U+03BD
    { 0x03BE, 130 }, // U+03BE
    { 0x03BF, 121 }, // U+03BF
    { 0x03C0, 131 }, // U+03C0
    { 0x03C1, 121 }, // U+03C1
    { 0x03C2, 132 }, // U+03C2
    { 0x03C3, 133 }, // U+03C3
    { 0x03C4, 134 }, // U+03C4
    { 0x03C5, 121 }, // U+03C5
    { 0x03C6, 121 }, // U+03C6
    { 0x03C7, 135 }, // U+03C7
    { 0x03C8, 121 }, // U+03C8
    { 0x03C9, 136 }, // U+03C9
    { 0x03CA, 104 }, // U+03CA
    { 0x03CB, 121 }, // U+03CB
    { 0x03CC, 121 }, // U+03CC
    { 0x03CD, 121 }, // U+03CD
    { 0x03CE, 136 }, // U+03CE
    { 0x03D0, 121 }, // U+03D0
    { 0x03D1, 137 }, // U+03D1
    { 0x03D2, 138 }, // U+03D2
    { 0x03D3, 138 }, // U+03D3
    { 0x03D4, 138 }, // U+03D4
    { 0x03D5, 121 }, // U+03D5
    { 0x03D6, 136 }, // U+03D6
    { 0x0400, 139 }, // U+0400
    { 0x0401, 139 }, // U+0401
    { 0x0402, 140 }, // U+0402
    { 0x0404, 141 }, // U+0404
    { 0x0405, 142 }, // U+0405
    { 0x0406, 143 }, // U+0406
    { 0x0407, 143 }, // U+0407
    { 0x0408, 144 }, // U+0408
    { 0x0409, 145 }, // U+0409
    { 0x040A, 145 }, // U+040A
    { 0x040B, 146 }, // U+040B
    { 0x040C, 147 }, // U+040C
    { 0x040D, 143 }, // U+040D
    { 0x040E, 148 }, // U+040E
    { 0x040F, 143 }, // U+040F
    { 0x0410, 149 }, // U+0410
    { 0x0411, 150 }, // U+0411
    { 0x0412, 151 }, // U+0412
    { 0x0413, 152 }, // U+0413
    { 0x0414, 153 }, // U+0414
    { 0x0415, 139 }, // U+0415
    { 0x0416, 147 }, // U+0416
    { 0x0417, 151 }, // U+0417
    { 0x0418, 143 }, // U+0418
    { 0x0419, 143 }, // U+0419
    { 0x041A, 147 }, // U+041A
    { 0x041B, 143 }, // U+041B
    { 0x041C, 154 }, // U+041C
    { 0x041D, 143 }, // U+041D
    { 0x041E, 155 }, // U+041E
    { 0x041F, 143 }, // U+041F
    { 0x0420, 156 }, // U+0420
    { 0x0421, 157 }, // U+0421
    { 0x0422, 158 }, // U+0422
    { 0x0423, 148 }, // U+0423
    { 0x0424, 159 }, // U+0424
    { 0x0425, 160 }, // U+0425
    { 0x0426, 153 }, // U+0426
    { 0x0427, 143 }, // U+0427
    { 0x0428, 143 }, // U+0428
    { 0x0429, 153 }, // U+0429
    { 0x042A, 145 }, // U+042A
    { 0x042B, 143 }, // U+042B
    { 0x042C, 145 }, // U+042C
    { 0x042D, 155 }, // U+042D
    { 0x042E, 155 }, // U+042E
    { 0x042F, 143 }, // U+042F
    { 0x0430, 161 }, // U+0430
    { 0x0431, 162 }, // U+0431
    { 0x0432, 163 }, // U+0432
    { 0x0433, 164 }, // U+0433
    { 0x0434, 165 }, // U+0434
    { 0x0435, 166 }, // U+0435
    { 0x0436, 167 }, // U+0436
    { 0x0437, 163 }, // U+0437
    { 0x0438, 161 }, // U+0438
    { 0x0439, 161 }, // U+0439
    { 0x043A, 168 }, // U+043A
    { 0x043B, 161 }, // U+043B
    { 0x043C, 161 }, // U+043C
    { 0x043D, 161 }, // U+043D
    { 0x043E, 169 }, // U+043E
    { 0x043F, 170 }, // U+043F
    { 0x0440, 169 }, // U+0440
    { 0x0441, 171 }, // U+0441
    { 0x0442, 170 }, // U+0442
    { 0x0443, 172 }, // U+0443
    { 0x0444, 165 }, // U+0444
    { 0x0445, 173 }, // U+0445
    { 0x0446, 174 }, // U+0446
    { 0x0447, 161 }, // U+0447
    { 0x0448, 161 }, // U+0448
    { 0x0449, 174 }, // U+0449
    { 0x044A, 175 }, // U+044A
    { 0x044B, 161 }, // U+044B
    { 0x044C, 176 }, // U+044C
    { 0x044D, 169 }, // U+044D
    { 0x044E, 169 }, // U+044E
    { 0x044F, 161 }, // U+044F
    { 0x0450, 166 }, // U+0450
    { 0x0451, 166 }, // U+0451
    { 0x0452, 177 }, // U+0452
    { 0x0453, 164 }, // U+0453
    { 0x0454, 171 }, // U+0454
    { 0x0455, 178 }, // U+0455
    { 0x0456, 179 }, // U+0456
    { 0x0457, 180 }, // U+0457
    { 0x0458, 181 }, // U+0458
    { 0x0459, 176 }, // U+0459
    { 0x045A, 176 }, // U+045A
    { 0x045B, 170 }, // U+045B
    { 0x045C, 168 }, // U+045C
    { 0x045D, 161 }, // U+045D
    { 0x045E, 172 }, // U+045E
    { 0x045F, 161 }, // U+045F
    { 0x0462, 182 }, // U+0462
    { 0x0463, 176 }, // U+0463
    { 0x0472, 155 }, // U+0472
    { 0x0473, 169 }, // U+0473
    { 0x0474, 183 }, // U+0474
    { 0x0475, 184 }, // U+0475
    { 0x048A, 153 }, // U+048A
    { 0x048B, 174 }, // U+048B
    { 0x048C, 145 }, // U+048C
    { 0x048D, 176 }, // U+048D
    { 0x048E, 156 }, // U+048E
    { 0x048F, 169 }, // U+048F
    { 0x0490, 185 }, // U+0490
    { 0x0491, 186 }, // U+0491
    { 0x0492, 187 }, // U+0492
    { 0x0493, 164 }, // U+0493
    { 0x0496, 188 }, // U+0496
    { 0x0497, 189 }, // U+0497
    { 0x0498, 151 }, // U+0498
    { 0x0499, 163 }, // U+0499
    { 0x049A, 190 }, // U+049A
    { 0x049B, 189 }, // U+049B
    { 0x049C, 147 }, // U+049C
    { 0x049D, 168 }, // U+049D
    { 0x049E, 147 }, // U+049E
    { 0x049F, 168 }, // U+049F
    { 0x04A0, 147 }, // U+04A0
    { 0x04A1, 168 }, // U+04A1
    { 0x04A2, 153 }, // U+04A2
    { 0x04A3, 174 }, // U+04A3
    { 0x04A8, 191 }, // U+04A8
    { 0x04A9, 192 }, // U+04A9
    { 0x04AA, 157 }, // U+04AA
    { 0x04AB, 171 }, // U+04AB
    { 0x04AC, 152 }, // U+04AC
    { 0x04AD, 174 }, // U+04AD
    { 0x04AE, 193 }, // U+04AE
    { 0x04AF, 194 }, // U+04AF
    { 0x04B0, 193 }, // U+04B0
    { 0x04B1, 195 }, // U+04B1
    { 0x04B2, 196 }, // U+04B2
    { 0x04B3, 197 }, // U+04B3
    { 0x04B4, 153 }, // U+04B4
    { 0x04B5, 174 }, // U+04B5
    { 0x04B6, 153 }, // U+04B6
    { 0x04B7, 174 }, // U+04B7
    { 0x04B8, 143 }, // U+04B8
    { 0x04B9, 161 }, // U+04B9
    { 0x04BA, 198 }, // U+04BA
    { 0x04BB, 170 }, // U+04BB
    { 0x04BC, 199 }, // U+04BC
    { 0x04BD, 166 }, // U+04BD
    { 0x04BE, 199 }, // U+04BE
    { 0x04BF, 166 }, // U+04BF
    { 0x04C0, 143 }, // U+04C0
    { 0x04C1, 147 }, // U+04C1
    { 0x04C2, 167 }, // U+04C2
    { 0x04C3, 200 }, // U+04C3
    { 0x04C4, 201 }, // U+04C4
    { 0x04C5, 153 }, // U+04C5
    { 0x04C6, 174 }, // U+04C6
    { 0x04C7, 144 }, // U+04C7
    { 0x04C8, 181 }, // U+04C8
    { 0x04C9, 153 }, // U+04C9
    { 0x04CA, 174 }, // U+04CA
    { 0x04CB, 143 }, // U+04CB
    { 0x04CD, 153 }, // U+04CD
    { 0x04CE, 174 }, // U+04CE
    { 0x04CF, 202 }, // U+04CF
    { 0x04D0, 149 }, // U+04D0
    { 0x04D1, 161 }, // U+04D1
    { 0x04D2, 149 }, // U+04D2
    { 0x04D3, 161 }, // U+04D3
    { 0x04D4, 139 }, // U+04D4
    { 0x04D5, 166 }, // U+04D5
    { 0x04D6, 139 }, // U+04D6
    { 0x04D7, 166 }, // U+04D7
    { 0x04D8, 155 }, // U+04D8
    { 0x04D9, 169 }, // U+04D9
    { 0x04DA, 155 }, // U+04DA
    { 0x04DB, 169 }, // U+04DB
    { 0x04DC, 147 }, // U+04DC
    { 0x04DD, 167 }, // U+04DD
    { 0x04DE, 151 }, // U+04DE
    { 0x04DF, 163 }, // U+04DF
    { 0x04E0, 203 }, // U+04E0
    { 0x04E1, 204 }, // U+04E1
    { 0x04E2, 143 }, // U+04E2
    { 0x04E3, 161 }, // U+04E3
    { 0x04E4, 143 }, // U+04E4
    { 0x04E5, 161 }, // U+04E5
    { 0x04E6, 155 }, // U+04E6
    { 0x04E7, 169 }, // U+04E7
    { 0x04E8, 155 }, // U+04E8
    { 0x04E9, 169 }, // U+04E9
    { 0x04EA, 155 }, // U+04EA
    { 0x04EB, 169 }, // U+04EB
    { 0x04EC, 155 }, // U+04EC
    { 0x04ED, 169 }, // U+04ED
    { 0x04EE, 148 }, // U+04EE
    { 0x04EF, 172 }, // U+04EF
    { 0x04F0, 148 }, // U+04F0
    { 0x04F1, 172 }, // U+04F1
    { 0x04F2, 148 }, // U+04F2
    { 0x04F3, 172 }, // U+04F3
    { 0x04F4, 143 }, // U+04F4
    { 0x04F5, 161 }, // U+04F5
    { 0x04F6, 152 }, // U+04F6
    { 0x04F7, 164 }, // U+04F7
    { 0x04F8, 143 }, // U+04F8
    { 0x04F9, 161 }, // U+04F9
    { 0x04FA, 187 }, // U+04FA
    { 0x04FB, 164 }, // U+04FB
    { 0x04FC, 205 }, // U+04FC
    { 0x04FD, 206 }, // U+04FD
    { 0x04FE, 160 }, // U+04FE
    { 0x04FF, 173 }, // U+04FF
    { 0x1EA0, 16 }, // U+1EA0
    { 0x1EA1, 42 }, // U+1EA1
    { 0x1EA2, 16 }, // U+1EA2
    { 0x1EA3, 42 }, // U+1EA3
    { 0x1EA4, 16 }, // U+1EA4
    { 0x1EA5, 42 }, // U+1EA5
    { 0x1EA6, 16 }, // U+1EA6
    { 0x1EA7, 42 }, // U+1EA7
    { 0x1EA8, 16 }, // U+1EA8
    { 0x1EA9, 42 }, // U+1EA9
    { 0x1EAA, 16 }, // U+1EAA
    { 0x1EAB, 42 }, // U+1EAB
    { 0x1EAC, 16 }, // U+1EAC
    { 0x1EAD, 42 }, // U+1EAD
    { 0x1EAE, 16 }, // U+1EAE
    { 0x1EAF, 42 }, // U+1EAF
    { 0x1EB0, 16 }, // U+1EB0
    { 0x1EB1, 42 }, // U+1EB1
    { 0x1EB2, 16 }, // U+1EB2
    { 0x1EB3, 42 }, // U+1EB3
    { 0x1EB4, 16 }, // U+1EB4
    { 0x1EB5, 42 }, // U+1EB5
    { 0x1EB6, 16 }, // U+1EB6
    { 0x1EB7, 42 }, // U+1EB7
    { 0x1EB8, 20 }, // U+1EB8
    { 0x1EB9, 46 }, // U+1EB9
    { 0x1EBA, 20 }, // U+1EBA
    { 0x1EBB, 46 }, // U+1EBB
    { 0x1EBC, 20 }, // U+1EBC
    { 0x1EBD, 46 }, // U+1EBD
    { 0x1EBE, 20 }, // U+1EBE
    { 0x1EBF, 46 }, // U+1EBF
    { 0x1EC0, 20 }, // U+1EC0
    { 0x1EC1, 46 }, // U+1EC1
    { 0x1EC2, 20 }, // U+1EC2
    { 0x1EC3, 46 }, // U+1EC3
    { 0x1EC4, 20 }, // U+1EC4
    { 0x1EC5, 46 }, // U+1EC5
    { 0x1EC6, 20 }, // U+1EC6
    { 0x1EC7, 46 }, // U+1EC7
    { 0x1EC8, 23 }, // U+1EC8
    { 0x1EC9, 71 }, // U+1EC9
    { 0x1ECA, 23 }, // U+1ECA
    { 0x1ECB, 50 }, // U+1ECB
    { 0x1ECC, 19 }, // U+1ECC
    { 0x1ECD, 43 }, // U+1ECD
    { 0x1ECE, 19 }, // U+1ECE
    { 0x1ECF, 43 }, // U+1ECF
    { 0x1ED0, 19 }, // U+1ED0
    { 0x1ED1, 43 }, // U+1ED1
    { 0x1ED2, 19 }, // U+1ED2
    { 0x1ED3, 43 }, // U+1ED3
    { 0x1ED4, 19 }, // U+1ED4
    { 0x1ED5, 43 }, // U+1ED5
    { 0x1ED6, 19 }, // U+1ED6
    { 0x1ED7, 43 }, // U+1ED7
    { 0x1ED8, 19 }, // U+1ED8
    { 0x1ED9, 43 }, // U+1ED9
    { 0x1EDA, 88 }, // U+1EDA
    { 0x1EDB, 89 }, // U+1EDB
    { 0x1EDC, 88 }, // U+1EDC
    { 0x1EDD, 89 }, // U+1EDD
    { 0x1EDE, 88 }, // U+1EDE
    { 0x1EDF, 89 }, // U+1EDF
    { 0x1EE0, 88 }, // U+1EE0
    { 0x1EE1, 89 }, // U+1EE1
    { 0x1EE2, 88 }, // U+1EE2
    { 0x1EE3, 89 }, // U+1EE3
    { 0x1EE4, 34 }, // U+1EE4
    { 0x1EE5, 42 }, // U+1EE5
    { 0x1EE6, 34 }, // U+1EE6
    { 0x1EE7, 42 }, // U+1EE7
    { 0x1EE8, 90 }, // U+1EE8
    { 0x1EE9, 91 }, // U+1EE9
    { 0x1EEA, 90 }, // U+1EEA
    { 0x1EEB, 91 }, // U+1EEB
    { 0x1EEC, 90 }, // U+1EEC
    { 0x1EED, 91 }, // U+1EED
    { 0x1EEE, 90 }, // U+1EEE
    { 0x1EEF, 91 }, // U+1EEF
    { 0x1EF0, 90 }, // U+1EF0
    { 0x1EF1, 91 }, // U+1EF1
    { 0x1EF2, 38 }, // U+1EF2
    { 0x1EF3, 58 }, // U+1EF3
    { 0x1EF4, 38 }, // U+1EF4
    { 0x1EF5, 58 }, // U+1EF5
    { 0x1EF6, 38 }, // U+1EF6
    { 0x1EF7, 58 }, // U+1EF7
    { 0x1EF8, 38 }, // U+1EF8
    { 0x1EF9, 58 }, // U+1EF9
    { 0x2010, 5 }, // U+2010
    { 0x2011, 5 }, // U+2011
    { 0x2013, 5 }, // U+2013
    { 0x2014, 5 }, // U+2014
    { 0x2015, 5 }, // U+2015
    { 0x2018, 207 }, // U+2018
    { 0x2019, 208 }, // U+2019
    { 0x201A, 209 }, // U+201A
    { 0x201B, 207 }, // U+201B
    { 0x201C, 207 }, // U+201C
    { 0x201D, 208 }, // U+201D
    { 0x201E, 4 }, // U+201E
    { 0x2025, 4 }, // U+2025
    { 0x2026, 4 }, // U+2026
    { 0x2039, 64 }, // U+2039
    { 0x203A, 65 }, // U+203A
    { 0xFB00, 47 }, // U+FB00
    { 0xFB01, 50 }, // U+FB01
    { 0xFB02, 53 }, // U+FB02
    { 0xFB03, 50 }, // U+FB03
    { 0xFB04, 53 }, // U+FB04
    { 0xFB05, 57 }, // U+FB05
    { 0xFB06, 57 }, // U+FB06
};

static const EpdKernClassEntry bookerly_20_bolditalicKernRightClasses[] = {
    { 0x0021, 1 }, // !
    { 0x0022, 2 }, // "
    { 0x0025, 3 }, // %
    { 0x0027, 2 }, // '
    { 0x0029, 4 }, // )
    { 0x002A, 5 }, // *
    { 0x002C, 6 }, // ,
    { 0x002D, 7 }, // -
    { 0x002E, 8 }, // .
    { 0x002F, 9 }, // /
    { 0x0030, 10 }, // 0
    { 0x0031, 11 }, // 1
    { 0x0032, 12 }, // 2
    { 0x0033, 13 }, // 3
    { 0x0034, 14 }, // 4
    { 0x0035, 15 }, // 5
    { 0x0036, 16 }, // 6
    { 0x0037, 17 }, // 7
    { 0x0038, 18 }, // 8
    { 0x0039, 19 }, // 9
    { 0x003A, 20 }, // :
    { 0x003B, 21 }, // ;
    { 0x003F, 22 }, // ?
    { 0x0041, 23 }, // A
    { 0x0042, 24 }, // B
    { 0x0043, 25 }, // C
    { 0x0044, 24 }, // D
    { 0x0045, 26 }, // E
    { 0x0046, 26 }, // F
    { 0x0047, 25 }, // G
    { 0x0048, 26 }, // H
    { 0x0049, 26 }, // I
    { 0x004A, 27 }, // J
    { 0x004B, 26 }, // K
    { 0x004C, 26 }, // L
    { 0x004D, 28 }, // M
    { 0x004E, 26 }, // N
    { 0x004F, 25 }, // O
    { 0x0050, 24 }, // P
    { 0x0051, 25 }, // Q
    { 0x0052, 24 }, // R
    { 0x0053, 29 }, // S
    { 0x0054, 30 }, // T
    { 0x0055, 31 }, // U
    { 0x0056, 32 }, // V
    { 0x0057, 32 }, // W
    { 0x0058, 33 }, // X
    { 0x0059, 34 }, // Y
    { 0x005A, 35 }, // Z
    { 0x005C, 36 }, // <backslash>
    { 0x005D, 37 }, // ]
    { 0x0061, 38 }, // a
    { 0x0062, 39 }, // b
    { 0x0063, 38 }, // c
    { 0x0064, 38 }, // d
    { 0x0065, 38 }, // e
    { 0x0066, 40 }, // f
    { 0x0067, 41 }, // g
    { 0x0068, 42 }, // h
    { 0x0069, 43 }, // i
    { 0x006A, 44 }, // j
    { 0x006B, 42 }, // k
    { 0x006C, 42 }, // l
    { 0x006D, 45 }, // m
    { 0x006E, 45 }, // n
    { 0x006F, 38 }, // o
    { 0x0070, 45 }, // p
    { 0x0071, 38 }, // q
    { 0x0072, 45 }, // r
    { 0x0073, 46 }, // s
    { 0x0074, 47 }, // t
    { 0x0075, 48 }, // u
    { 0x0076, 49 }, // v
    { 0x0077, 49 }, // w
    { 0x0078, 50 }, // x
    { 0x0079, 51 }, // y
    { 0x007A, 52 }, // z
    { 0x007D, 53 }, // }
    { 0x00A1, 54 }, // U+00A1
    { 0x00AB, 55 }, // U+00AB
    { 0x00AD, 7 }, // U+00AD
    { 0x00B0, 3 }, // U+00B0
    { 0x00BB, 56 }, // U+00BB
    { 0x00BF, 57 }, // U+00BF
    { 0x00C0, 23 }, // U+00C0
    { 0x00C1, 23 }, // U+00C1
    { 0x00C2, 23 }, // U+00C2
    { 0x00C3, 23 }, // U+00C3
    { 0x00C4, 23 }, // U+00C4
    { 0x00C5, 23 }, // U+00C5
    { 0x00C6, 58 }, // U+00C6
    { 0x00C7, 25 }, // U+00C7
    { 0x00C8, 26 }, // U+00C8
    { 0x00C9, 26 }, // U+00C9
    { 0x00CA, 26 }, // U+00CA
    { 0x00CB, 26 }, // U+00CB
    { 0x00CC, 26 }, // U+00CC
    { 0x00CD, 26 }, // U+00CD
    { 0x00CE, 26 }, // U+00CE
    { 0x00CF, 26 }, // U+00CF
    { 0x00D0, 24 }, // U+00D0
    { 0x00D1, 26 }, // U+00D1
    { 0x00D2, 25 }, // U+00D2
    { 0x00D3, 25 }, // U+00D3
    { 0x00D4, 25 }, // U+00D4
    { 0x00D5, 25 }, // U+00D5
    { 0x00D6, 25 }, // U+00D6
    { 0x00D8, 25 }, // U+00D8
    { 0x00D9, 31 }, // U+00D9
    { 0x00DA, 31 }, // U+00DA
    { 0x00DB, 31 }, // U+00DB
    { 0x00DC, 31 }, // U+00DC
    { 0x00DD, 34 }, // U+00DD
    { 0x00DE, 26 }, // U+00DE
    { 0x00DF, 59 }, // U+00DF
    { 0x00E0, 38 }, // U+00E0
    { 0x00E1, 38 }, // U+00E1
    { 0x00E2, 38 }, // U+00E2
    { 0x00E3, 38 }, // U+00E3
    { 0x00E4, 60 }, // U+00E4
    { 0x00E5, 38 }, // U+00E5
    { 0x00E6, 38 }, // U+00E6
    { 0x00E7, 38 }, // U+00E7
    { 0x00E8, 38 }, // U+00E8
    { 0x00E9, 38 }, // U+00E9
    { 0x00EA, 38 }, // U+00EA
    { 0x00EB, 38 }, // U+00EB
    { 0x00EC, 61 }, // U+00EC
    { 0x00ED, 43 }, // U+00ED
    { 0x00EE, 62 }, // U+00EE
    { 0x00EF, 62 }, // U+00EF
    { 0x00F0, 38 }, // U+00F0
    { 0x00F1, 45 }, // U+00F1
    { 0x00F2, 38 }, // U+00F2
    { 0x00F3, 38 }, // U+00F3
    { 0x00F4, 38 }, // U+00F4
    { 0x00F5, 38 }, // U+00F5
    { 0x00F6, 38 }, // U+00F6
    { 0x00F8, 63 }, // U+00F8
    { 0x00F9, 48 }, // U+00F9
    { 0x00FA, 48 }, // U+00FA
    { 0x00FB, 48 }, // U+00FB
    { 0x00FC, 48 }, // U+00FC
    { 0x00FD, 49 }, // U+00FD
    { 0x00FE, 64 }, // U+00FE
    { 0x00FF, 49 }, // U+00FF
    { 0x0100, 23 }, // U+0100
    { 0x0101, 38 }, // U+0101
    { 0x0102, 23 }, // U+0102
    { 0x0103, 38 }, // U+0103
    { 0x0104, 23 }, // U+0104
    { 0x0105, 38 }, // U+0105
    { 0x0106, 25 }, // U+0106
    { 0x0107, 38 }, // U+0107
    { 0x0108, 25 }, // U+0108
    { 0x0109, 38 }, // U+0109
    { 0x010A, 25 }, // U+010A
    { 0x010B, 38 }, // U+010B
    { 0x010C, 25 }, // U+010C
    { 0x010D, 65 }, // U+010D
    { 0x010E, 24 }, // U+010E
    { 0x010F, 38 }, // U+010F
    { 0x0110, 24 }, // U+0110
    { 0x0111, 38 }, // U+0111
    { 0x0112, 26 }, // U+0112
    { 0x0113, 38 }, // U+0113
    { 0x0114, 26 }, // U+0114
    { 0x0115, 38 }, // U+0115
    { 0x0116, 26 }, // U+0116
    { 0x0117, 38 }, // U+0117
    { 0x0118, 26 }, // U+0118
    { 0x0119, 38 }, // U+0119
    { 0x011A, 26 }, // U+011A
    { 0x011B, 38 }, // U+011B
    { 0x011C, 25 }, // U+011C
    { 0x011D, 41 }, // U+011D
    { 0x011E, 25 }, // U+011E
    { 0x011F, 41 }, // U+011F
    { 0x0120, 25 }, // U+0120
    { 0x0121, 41 }, // U+0121
    { 0x0122, 25 }, // U+0122
    { 0x0123, 41 }, // U+0123
    { 0x0124, 26 }, // U+0124
    { 0x0125, 42 }, // U+0125
    { 0x0126, 26 }, // U+0126
    { 0x0127, 66 }, // U+0127
    { 0x0128, 26 }, // U+0128
    { 0x0129, 62 }, // U+0129
    { 0x012A, 26 }, // U+012A
    { 0x012B, 62 }, // U+012B
    { 0x012C, 26 }, // U+012C
    { 0x012D, 62 }, // U+012D
    { 0x012E, 26 }, // U+012E
    { 0x012F, 43 }, // U+012F
    { 0x0130, 26 }, // U+0130
    { 0x0131, 45 }, // U+0131
    { 0x0132, 26 }, // U+0132
    { 0x0133, 43 }, // U+0133
    { 0x0134, 27 }, // U+0134
    { 0x0135, 67 }, // U+0135
    { 0x0136, 26 }, // U+0136
    { 0x0137, 42 }, // U+0137
    { 0x0138, 45 }, // U+0138
    { 0x0139, 26 }, // U+0139
    { 0x013A, 42 }, // U+013A
    { 0x013B, 26 }, // U+013B
    { 0x013C, 42 }, // U+013C
    { 0x013D, 26 }, // U+013D
    { 0x013E, 42 }, // U+013E
    { 0x013F, 26 }, // U+013F
    { 0x0140, 42 }, // U+0140
    { 0x0141, 26 }, // U+0141
    { 0x0142, 68 }, // U+0142
    { 0x0143, 26 }, // U+0143
    { 0x0144, 45 }, // U+0144
    { 0x0145, 26 }, // U+0145
    { 0x0146, 45 }, // U+0146
    { 0x0147, 26 }, // U+0147
    { 0x0148, 45 }, // U+0148
    { 0x0149, 45 }, // U+0149
    { 0x014A, 26 }, // U+014A
    { 0x014B, 45 }, // U+014B
    { 0x014C, 25 }, // U+014C
    { 0x014D, 38 }, // U+014D
    { 0x014E, 25 }, // U+014E
    { 0x014F, 38 }, // U+014F
    { 0x0150, 25 }, // U+0150
    { 0x0151, 38 }, // U+0151
    { 0x0152, 25 }, // U+0152
    { 0x0153, 38 }, // U+0153
    { 0x0154, 24 }, // U+0154
    { 0x0155, 45 }, // U+0155
    { 0x0156, 24 }, // U+0156
    { 0x0157, 45 }, // U+0157
    { 0x0158, 24 }, // U+0158
    { 0x0159, 45 }, // U+0159
    { 0x015A, 29 }, // U+015A
    { 0x015B, 46 }, // U+015B
    { 0x015C, 29 }, // U+015C
    { 0x015D, 46 }, // U+015D
    { 0x015E, 29 }, // U+015E
    { 0x015F, 46 }, // U+015F
    { 0x0160, 29 }, // U+0160
    { 0x0161, 69 }, // U+0161
    { 0x0162, 30 }, // U+0162
    { 0x0163, 47 }, // U+0163
    { 0x0164, 30 }, // U+0164
    { 0x0165, 47 }, // U+0165
    { 0x0166, 30 }, // U+0166
    { 0x0167, 47 }, // U+0167
    { 0x0168, 31 }, // U+0168
    { 0x0169, 48 }, // U+0169
    { 0x016A, 31 }, // U+016A
    { 0x016B, 48 }, // U+016B
    { 0x016C, 31 }, // U+016C
    { 0x016D, 48 }, // U+016D
    { 0x016E, 31 }, // U+016E
    { 0x016F, 48 }, // U+016F
    { 0x0170, 31 }, // U+0170
    { 0x0171, 48 }, // U+0171
    { 0x0172, 31 }, // U+0172
    { 0x0173, 48 }, // U+0173
    { 0x0174, 32 }, // U+0174
    { 0x0175, 49 }, // U+0175
    { 0x0176, 34 }, // U+0176
    { 0x0177, 49 }, // U+0177
    { 0x0178, 34 }, // U+0178
    { 0x0179, 35 }, // U+0179
    { 0x017A, 52 }, // U+017A
    { 0x017B, 35 }, // U+017B
    { 0x017C, 52 }, // U+017C
    { 0x017D, 35 }, // U+017D
    { 0x017E, 70 }, // U+017E
    { 0x017F, 59 }, // U+017F
    { 0x01A0, 25 }, // U+01A0
    { 0x01A1, 38 }, // U+01A1
    { 0x01AF, 31 }, // U+01AF
    { 0x01B0, 48 }, // U+01B0
    { 0x01C4, 24 }, // U+01C4
    { 0x01C5, 24 }, // U+01C5
    { 0x01C6, 38 }, // U+01C6
    { 0x01C7, 26 }, // U+01C7
    { 0x01C8, 26 }, // U+01C8
    { 0x01C9, 42 }, // U+01C9
    { 0x01CA, 26 }, // U+01CA
    { 0x01CB, 26 }, // U+01CB
    { 0x01CC, 45 }, // U+01CC
    { 0x01CD, 23 }, // U+01CD
    { 0x01CE, 38 }, // U+01CE
    { 0x01CF, 26 }, // U+01CF
    { 0x01D0, 62 }, // U+01D0
    { 0x01D1, 25 }, // U+01D1
    { 0x01D2, 38 }, // U+01D2
    { 0x01D3, 31 }, // U+01D3
    { 0x01D4, 48 }, // U+01D4
    { 0x01D5, 31 }, // U+01D5
    { 0x01D6, 48 }, // U+01D6
    { 0x01D7, 31 }, // U+01D7
    { 0x01D8, 48 }, // U+01D8
    { 0x01D9, 31 }, // U+01D9
    { 0x01DA, 48 }, // U+01DA
    { 0x01DB, 31 }, // U+01DB
    { 0x01DC, 48 }, // U+01DC
    { 0x01DD, 71 }, // U+01DD
    { 0x01DE, 23 }, // U+01DE
    { 0x01DF, 38 }, // U+01DF
    { 0x01E0, 23 }, // U+01E0
    { 0x01E1, 38 }, // U+01E1
    { 0x01E2, 58 }, // U+01E2
    { 0x01E3, 38 }, // U+01E3
    { 0x01E4, 25 }, // U+01E4
    { 0x01E5, 72 }, // U+01E5
    { 0x01E6, 25 }, // U+01E6
    { 0x01E7, 41 }, // U+01E7
    { 0x01E8, 26 }, // U+01E8
    { 0x01E9, 42 }, // U+01E9
    { 0x01EA, 25 }, // U+01EA
    { 0x01EB, 38 }, // U+01EB
    { 0x01EC, 25 }, // U+01EC
    { 0x01ED, 38 }, // U+01ED
    { 0x01EE, 73 }, // U+01EE
    { 0x01EF, 74 }, // U+01EF
    { 0x01F0, 67 }, // U+01F0
    { 0x01F1, 24 }, // U+01F1
    { 0x01F2, 24 }, // U+01F2
    { 0x01F3, 38 }, // U+01F3
    { 0x01F4, 25 }, // U+01F4
    { 0x01F5, 41 }, // U+01F5
    { 0x01F8, 26 }, // U+01F8
    { 0x01F9, 45 }, // U+01F9
    { 0x01FA, 23 }, // U+01FA
    { 0x01FB, 38 }, // U+01FB
    { 0x01FC, 58 }, // U+01FC
    { 0x01FD, 38 }, // U+01FD
    { 0x01FE, 25 }, // U+01FE
    { 0x01FF, 63 }, // U+01FF
    { 0x0200, 23 }, // U+0200
    { 0x0201, 38 }, // U+0201
    { 0x0202, 23 }, // U+0202
    { 0x0203, 38 }, // U+0203
    { 0x0204, 26 }, // U+0204
    { 0x0205, 38 }, // U+0205
    { 0x0206, 26 }, // U+0206
    { 0x0207, 38 }, // U+0207
    { 0x0208, 26 }, // U+0208
    { 0x0209, 62 }, // U+0209
    { 0x020A, 26 }, // U+020A
    { 0x020B, 62 }, // U+020B
    { 0x020C, 25 }, // U+020C
    { 0x020D, 38 }, // U+020D
    { 0x020E, 25 }, // U+020E
    { 0x020F, 38 }, // U+020F
    { 0x0210, 24 }, // U+0210
    { 0x0211, 45 }, // U+0211
    { 0x0212, 24 }, // U+0212
    { 0x0213, 45 }, // U+0213
    { 0x0214, 31 }, // U+0214
    { 0x0215, 48 }, // U+0215
    { 0x0216, 31 }, // U+0216
    { 0x0217, 48 }, // U+0217
    { 0x0218, 29 }, // U+0218
    { 0x0219, 46 }, // U+0219
    { 0x021A, 30 }, // U+021A
    { 0x021B, 47 }, // U+021B
    { 0x021C, 75 }, // U+021C
    { 0x021D, 76 }, // U+021D
    { 0x021E, 26 }, // U+021E
    { 0x021F, 42 }, // U+021F
    { 0x0374, 77 }, // U+0374
    { 0x037E, 78 }, // U+037E
    { 0x0387, 79 }, // U+0387
    { 0x0390, 80 }, // U+0390
    { 0x0391, 81 }, // U+0391
    { 0x0392, 82 }, // U+0392
    { 0x0393, 83 }, // U+0393
    { 0x0394, 84 }, // U+0394
    { 0x0395, 83 }, // U+0395
    { 0x0396, 35 }, // U+0396
    { 0x0397, 83 }, // U+0397
    { 0x0398, 85 }, // U+0398
    { 0x0399, 83 }, // U+0399
    { 0x039A, 83 }, // U+039A
    { 0x039B, 81 }, // U+039B
    { 0x039C, 86 }, // U+039C
    { 0x039D, 83 }, // U+039D
    { 0x039F, 85 }, // U+039F
    { 0x03A0, 83 }, // U+03A0
    { 0x03A1, 82 }, // U+03A1
    { 0x03A3, 87 }, // U+03A3
    { 0x03A4, 88 }, // U+03A4
    { 0x03A5, 89 }, // U+03A5
    { 0x03A6, 90 }, // U+03A6
    { 0x03A7, 91 }, // U+03A7
    { 0x03A8, 92 }, // U+03A8
    { 0x03A9, 93 }, // U+03A9
    { 0x03AA, 83 }, // U+03AA
    { 0x03AB, 89 }, // U+03AB
    { 0x03AC, 94 }, // U+03AC
    { 0x03AD, 95 }, // U+03AD
    { 0x03AE, 96 }, // U+03AE
    { 0x03AF, 97 }, // U+03AF
    { 0x03B0, 98 }, // U+03B0
    { 0x03B1, 94 }, // U+03B1
    { 0x03B2, 99 }, // U+03B2
    { 0x03B3, 100 }, // U+03B3
    { 0x03B4, 94 }, // U+03B4
    { 0x03B5, 95 }, // U+03B5
    { 0x03B6, 101 }, // U+03B6
    { 0x03B7, 96 }, // U+03B7
    { 0x03B8, 102 }, // U+03B8
    { 0x03B9, 97 }, // U+03B9
    { 0x03BA, 96 }, // U+03BA
    { 0x03BB, 103 }, // U+03BB
    { 0x03BC, 104 }, // U+03BC
    { 0x03BD, 100 }, // U+03BD
    { 0x03BE, 105 }, // U+03BE
    { 0x03BF, 94 }, // U+03BF
    { 0x03C0, 106 }, // U+03C0
    { 0x03C1, 107 }, // U+03C1
    { 0x03C2, 94 }, // U+03C2
    { 0x03C3, 94 }, // U+03C3
    { 0x03C4, 108 }, // U+03C4
    { 0x03C5, 98 }, // U+03C5
    { 0x03C6, 94 }, // U+03C6
    { 0x03C7, 109 }, // U+03C7
    { 0x03C8, 98 }, // U+03C8
    { 0x03C9, 110 }, // U+03C9
    { 0x03CA, 80 }, // U+03CA
    { 0x03CB, 98 }, // U+03CB
    { 0x03CC, 94 }, // U+03CC
    { 0x03CD, 98 }, // U+03CD
    { 0x03CE, 110 }, // U+03CE
    { 0x03D0, 102 }, // U+03D0
    { 0x03D1, 111 }, // U+03D1
    { 0x03D2, 89 }, // U+03D2
    { 0x03D4, 89 }, // U+03D4
    { 0x03D5, 94 }, // U+03D5
    { 0x03D6, 110 }, // U+03D6
    { 0x0400, 112 }, // U+0400
    { 0x0401, 112 }, // U+0401
    { 0x0402, 113 }, // U+0402
    { 0x0403, 112 }, // U+0403
    { 0x0404, 114 }, // U+0404
    { 0x0405, 115 }, // U+0405
    { 0x0406, 112 }, // U+0406
    { 0x0407, 112 }, // U+0407
    { 0x0408, 116 }, // U+0408
    { 0x0409, 117 }, // U+0409
    { 0x040A, 112 }, // U+040A
    { 0x040B, 113 }, // U+040B
    { 0x040C, 112 }, // U+040C
    { 0x040D, 112 }, // U+040D
    { 0x040E, 118 }, // U+040E
    { 0x040F, 112 }, // U+040F
    { 0x0410, 119 }, // U+0410
    { 0x0411, 112 }, // U+0411
    { 0x0412, 120 }, // U+0412
    { 0x0413, 112 }, // U+0413
    { 0x0414, 121 }, // U+0414
    { 0x0415, 112 }, // U+0415
    { 0x0416, 122 }, // U+0416
    { 0x0417, 123 }, // U+0417
    { 0x0418, 112 }, // U+0418
    { 0x0419, 112 }, // U+0419
    { 0x041A, 112 }, // U+041A
    { 0x041B, 124 }, // U+041B
    { 0x041C, 125 }, // U+041C
    { 0x041D, 112 }, // U+041D
    { 0x041E, 114 }, // U+041E
    { 0x041F, 112 }, // U+041F
    { 0x0420, 120 }, // U+0420
    { 0x0421, 114 }, // U+0421
    { 0x0422, 113 }, // U+0422
    { 0x0423, 118 }, // U+0423
    { 0x0424, 126 }, // U+0424
    { 0x0425, 127 }, // U+0425
    { 0x0426, 112 }, // U+0426
    { 0x0427, 128 }, // U+0427
    { 0x0428, 112 }, // U+0428
    { 0x0429, 112 }, // U+0429
    { 0x042A, 113 }, // U+042A
    { 0x042B, 112 }, // U+042B
    { 0x042C, 112 }, // U+042C
    { 0x042D, 129 }, // U+042D
    { 0x042E, 112 }, // U+042E
    { 0x042F, 130 }, // U+042F
    { 0x0430, 131 }, // U+0430
    { 0x0431, 132 }, // U+0431
    { 0x0432, 131 }, // U+0432
    { 0x0433, 133 }, // U+0433
    { 0x0434, 134 }, // U+0434
    { 0x0435, 131 }, // U+0435
    { 0x0436, 135 }, // U+0436
    { 0x0437, 136 }, // U+0437
    { 0x0438, 137 }, // U+0438
    { 0x0439, 137 }, // U+0439
    { 0x043A, 138 }, // U+043A
    { 0x043B, 139 }, // U+043B
    { 0x043C, 140 }, // U+043C
    { 0x043D, 138 }, // U+043D
    { 0x043E, 131 }, // U+043E
    { 0x043F, 138 }, // U+043F
    { 0x0440, 141 }, // U+0440
    { 0x0441, 131 }, // U+0441
    { 0x0442, 138 }, // U+0442
    { 0x0443, 142 }, // U+0443
    { 0x0444, 131 }, // U+0444
    { 0x0445, 143 }, // U+0445
    { 0x0446, 137 }, // U+0446
    { 0x0447, 144 }, // U+0447
    { 0x0448, 137 }, // U+0448
    { 0x0449, 137 }, // U+0449
    { 0x044A, 145 }, // U+044A
    { 0x044B, 137 }, // U+044B
    { 0x044C, 137 }, // U+044C
    { 0x044D, 136 }, // U+044D
    { 0x044E, 138 }, // U+044E
    { 0x044F, 146 }, // U+044F
    { 0x0450, 131 }, // U+0450
    { 0x0451, 131 }, // U+0451
    { 0x0452, 147 }, // U+0452
    { 0x0453, 133 }, // U+0453
    { 0x0454, 131 }, // U+0454
    { 0x0455, 148 }, // U+0455
    { 0x0456, 149 }, // U+0456
    { 0x0457, 150 }, // U+0457
    { 0x0458, 151 }, // U+0458
    { 0x0459, 139 }, // U+0459
    { 0x045A, 138 }, // U+045A
    { 0x045B, 152 }, // U+045B
    { 0x045C, 138 }, // U+045C
    { 0x045D, 137 }, // U+045D
    { 0x045E, 142 }, // U+045E
    { 0x045F, 137 }, // U+045F
    { 0x0462, 113 }, // U+0462
    { 0x0463, 138 }, // U+0463
    { 0x0472, 114 }, // U+0472
    { 0x0473, 131 }, // U+0473
    { 0x0474, 153 }, // U+0474
    { 0x0475, 154 }, // U+0475
    { 0x048A, 112 }, // U+048A
    { 0x048B, 138 }, // U+048B
    { 0x048C, 155 }, // U+048C
    { 0x048D, 156 }, // U+048D
    { 0x048E, 120 }, // U+048E
    { 0x048F, 138 }, // U+048F
    { 0x0490, 112 }, // U+0490
    { 0x0491, 157 }, // U+0491
    { 0x0492, 112 }, // U+0492
    { 0x0493, 133 }, // U+0493
    { 0x0494, 112 }, // U+0494
    { 0x0495, 138 }, // U+0495
    { 0x0496, 122 }, // U+0496
    { 0x0497, 135 }, // U+0497
    { 0x0498, 123 }, // U+0498
    { 0x0499, 136 }, // U+0499
    { 0x049A, 112 }, // U+049A
    { 0x049B, 138 }, // U+049B
    { 0x049C, 112 }, // U+049C
    { 0x049D, 138 }, // U+049D
    { 0x04A0, 113 }, // U+04A0
    { 0x04A2, 112 }, // U+04A2
    { 0x04A3, 138 }, // U+04A3
    { 0x04A4, 112 }, // U+04A4
    { 0x04A5, 138 }, // U+04A5
    { 0x04A6, 112 }, // U+04A6
    { 0x04A7, 138 }, // U+04A7
    { 0x04A8, 114 }, // U+04A8
    { 0x04A9, 131 }, // U+04A9
    { 0x04AA, 114 }, // U+04AA
    { 0x04AB, 131 }, // U+04AB
    { 0x04AC, 113 }, // U+04AC
    { 0x04AD, 138 }, // U+04AD
    { 0x04AE, 158 }, // U+04AE
    { 0x04AF, 142 }, // U+04AF
    { 0x04B0, 158 }, // U+04B0
    { 0x04B1, 142 }, // U+04B1
    { 0x04B2, 127 }, // U+04B2
    { 0x04B3, 143 }, // U+04B3
    { 0x04B6, 128 }, // U+04B6
    { 0x04B7, 144 }, // U+04B7
    { 0x04B8, 128 }, // U+04B8
    { 0x04B9, 144 }, // U+04B9
    { 0x04BA, 112 }, // U+04BA
    { 0x04BB, 152 }, // U+04BB
    { 0x04BC, 159 }, // U+04BC
    { 0x04BD, 160 }, // U+04BD
    { 0x04BE, 159 }, // U+04BE
    { 0x04BF, 160 }, // U+04BF
    { 0x04C0, 112 }, // U+04C0
    { 0x04C1, 122 }, // U+04C1
    { 0x04C2, 135 }, // U+04C2
    { 0x04C3, 112 }, // U+04C3
    { 0x04C4, 138 }, // U+04C4
    { 0x04C5, 124 }, // U+04C5
    { 0x04C6, 139 }, // U+04C6
    { 0x04C7, 112 }, // U+04C7
    { 0x04C8, 138 }, // U+04C8
    { 0x04C9, 112 }, // U+04C9
    { 0x04CA, 138 }, // U+04CA
    { 0x04CB, 128 }, // U+04CB
    { 0x04CC, 144 }, // U+04CC
    { 0x04CE, 140 }, // U+04CE
    { 0x04CF, 161 }, // U+04CF
    { 0x04D0, 119 }, // U+04D0
    { 0x04D1, 131 }, // U+04D1
    { 0x04D2, 119 }, // U+04D2
    { 0x04D3, 131 }, // U+04D3
    { 0x04D4, 162 }, // U+04D4
    { 0x04D5, 131 }, // U+04D5
    { 0x04D6, 112 }, // U+04D6
    { 0x04D7, 131 }, // U+04D7
    { 0x04D8, 163 }, // U+04D8
    { 0x04D9, 164 }, // U+04D9
    { 0x04DB, 164 }, // U+04DB
    { 0x04DC, 122 }, // U+04DC
    { 0x04DD, 135 }, // U+04DD
    { 0x04DE, 123 }, // U+04DE
    { 0x04DF, 136 }, // U+04DF
    { 0x04E0, 165 }, // U+04E0
    { 0x04E1, 166 }, // U+04E1
    { 0x04E2, 112 }, // U+04E2
    { 0x04E3, 137 }, // U+04E3
    { 0x04E4, 112 }, // U+04E4
    { 0x04E5, 137 }, // U+04E5
    { 0x04E6, 114 }, // U+04E6
    { 0x04E7, 131 }, // U+04E7
    { 0x04E8, 114 }, // U+04E8
    { 0x04E9, 131 }, // U+04E9
    { 0x04EA, 114 }, // U+04EA
    { 0x04EB, 131 }, // U+04EB
    { 0x04ED, 136 }, // U+04ED
    { 0x04EE, 118 }, // U+04EE
    { 0x04EF, 142 }, // U+04EF
    { 0x04F0, 118 }, // U+04F0
    { 0x04F1, 142 }, // U+04F1
    { 0x04F2, 118 }, // U+04F2
    { 0x04F3, 142 }, // U+04F3
    { 0x04F5, 144 }, // U+04F5
    { 0x04F6, 112 }, // U+04F6
    { 0x04F7, 133 }, // U+04F7
    { 0x04F8, 112 }, // U+04F8
    { 0x04F9, 137 }, // U+04F9
    { 0x04FA, 112 }, // U+04FA
    { 0x04FB, 133 }, // U+04FB
    { 0x04FC, 127 }, // U+04FC
    { 0x04FD, 143 }, // U+04FD
    { 0x04FE, 127 }, // U+04FE
    { 0x04FF, 143 }, // U+04FF
    { 0x1EA0, 23 }, // U+1EA0
    { 0x1EA1, 38 }, // U+1EA1
    { 0x1EA2, 23 }, // U+1EA2
    { 0x1EA3, 38 }, // U+1EA3
    { 0x1EA4, 23 }, // U+1EA4
    { 0x1EA5, 38 }, // U+1EA5
    { 0x1EA6, 23 }, // U+1EA6
    { 0x1EA7, 38 }, // U+1EA7
    { 0x1EA8, 23 }, // U+1EA8
    { 0x1EA9, 38 }, // U+1EA9
    { 0x1EAA, 23 }, // U+1EAA
    { 0x1EAB, 38 }, // U+1EAB
    { 0x1EAC, 23 }, // U+1EAC
    { 0x1EAD, 38 }, // U+1EAD
    { 0x1EAE, 23 }, // U+1EAE
    { 0x1EAF, 38 }, // U+1EAF
    { 0x1EB0, 23 }, // U+1EB0
    { 0x1EB1, 38 }, // U+1EB1
    { 0x1EB2, 23 }, // U+1EB2
    { 0x1EB3, 38 }, // U+1EB3
    { 0x1EB4, 23 }, // U+1EB4
    { 0x1EB5, 38 }, // U+1EB5
    { 0x1EB6, 23 }, // U+1EB6
    { 0x1EB7, 38 }, // U+1EB7
    { 0x1EB8, 26 }, // U+1EB8
    { 0x1EB9, 38 }, // U+1EB9
    { 0x1EBA, 26 }, // U+1EBA
    { 0x1EBB, 38 }, // U+1EBB
    { 0x1EBC, 26 }, // U+1EBC
    { 0x1EBD, 38 }, // U+1EBD
    { 0x1EBE, 26 }, // U+1EBE
    { 0x1EBF, 38 }, // U+1EBF
    { 0x1EC0, 26 }, // U+1EC0
    { 0x1EC1, 38 }, // U+1EC1
    { 0x1EC2, 26 }, // U+1EC2
    { 0x1EC3, 38 }, // U+1EC3
    { 0x1EC4, 26 }, // U+1EC4
    { 0x1EC5, 38 }, // U+1EC5
    { 0x1EC6, 26 }, // U+1EC6
    { 0x1EC7, 38 }, // U+1EC7
    { 0x1EC8, 26 }, // U+1EC8
    { 0x1EC9, 62 }, // U+1EC9
    { 0x1ECA, 26 }, // U+1ECA
    { 0x1ECB, 43 }, // U+1ECB
    { 0x1ECC, 25 }, // U+1ECC
    { 0x1ECD, 38 }, // U+1ECD
    { 0x1ECE, 25 }, // U+1ECE
    { 0x1ECF, 38 }, // U+1ECF
    { 0x1ED0, 25 }, // U+1ED0
    { 0x1ED1, 38 }, // U+1ED1
    { 0x1ED2, 25 }, // U+1ED2
    { 0x1ED3, 38 }, // U+1ED3
    { 0x1ED4, 25 }, // U+1ED4
    { 0x1ED5, 38 }, // U+1ED5
    { 0x1ED6, 25 }, // U+1ED6
    { 0x1ED7, 38 }, // U+1ED7
    { 0x1ED8, 25 }, // U+1ED8
    { 0x1ED9, 38 }, // U+1ED9
    { 0x1EDA, 25 }, // U+1EDA
    { 0x1EDB, 38 }, // U+1EDB
    { 0x1EDC, 25 }, // U+1EDC
    { 0x1EDD, 38 }, // U+1EDD
    { 0x1EDE, 25 }, // U+1EDE
    { 0x1EDF, 38 }, // U+1EDF
    { 0x1EE0, 25 }, // U+1EE0
    { 0x1EE1, 38 }, // U+1EE1
    { 0x1EE2, 25 }, // U+1EE2
    { 0x1EE3, 38 }, // U+1EE3
    { 0x1EE4, 31 }, // U+1EE4
    { 0x1EE5, 48 }, // U+1EE5
    { 0x1EE6, 31 }, // U+1EE6
    { 0x1EE7, 48 }, // U+1EE7
    { 0x1EE8, 31 }, // U+1EE8
    { 0x1EE9, 48 }, // U+1EE9
    { 0x1EEA, 31 }, // U+1EEA
    { 0x1EEB, 48 }, // U+1EEB
    { 0x1EEC, 31 }, // U+1EEC
    { 0x1EED, 48 }, // U+1EED
    { 0x1EEE, 31 }, // U+1EEE
    { 0x1EEF, 48 }, // U+1EEF
    { 0x1EF0, 31 }, // U+1EF0
    { 0x1EF1, 48 }, // U+1EF1
    { 0x1EF2, 34 }, // U+1EF2
    { 0x1EF3, 49 }, // U+1EF3
    { 0x1EF4, 34 }, // U+1EF4
    { 0x1EF5, 49 }, // U+1EF5
    { 0x1EF6, 34 }, // U+1EF6
    { 0x1EF7, 49 }, // U+1EF7
    { 0x1EF8, 34 }, // U+1EF8
    { 0x1EF9, 49 }, // U+1EF9
    { 0x2010, 7 }, // U+2010
    { 0x2011, 7 }, // U+2011
    { 0x2013, 7 }, // U+2013
    { 0x2014, 7 }, // U+2014
    { 0x2015, 7 }, // U+2015
    { 0x2018, 167 }, // U+2018
    { 0x2019, 168 }, // U+2019
    { 0x201A, 8 }, // U+201A
    { 0x201B, 167 }, // U+201B
    { 0x201C, 167 }, // U+201C
    { 0x201D, 168 }, // U+201D
    { 0x201E, 8 }, // U+201E
    { 0x2025, 8 }, // U+2025
    { 0x2026, 8 }, // U+2026
    { 0x2030, 3 }, // U+2030
    { 0x2039, 55 }, // U+2039
    { 0x203A, 56 }, // U+203A
    { 0x203C, 1 }, // U+203C
    { 0x2047, 22 }, // U+2047
    { 0x2048, 22 }, // U+2048
    { 0x2049, 1 }, // U+2049
    { 0x20AC, 169 }, // U+20AC
    { 0xFB00, 40 }, // U+FB00
    { 0xFB01, 40 }, // U+FB01
    { 0xFB02, 40 }, // U+FB02
    { 0xFB03, 40 }, // U+FB03
    { 0xFB04, 40 }, // U+FB04
    { 0xFB05, 40 }, // U+FB05
    { 0xFB06, 46 }, // U+FB06
};

static const int8_t bookerly_20_bolditalicKernMatrix[] = {
       0,    0,    0,    0,    0,    0,    0,    0,    0,    0,    0,    0,    0,    0,    0,  -20,    0,    0,    0,    0,    0,    0,    0,    0,    0,    0,    0,    0,    0,    0,    0,    0,    0,    0,    0,    0,    0,    0,    0,    0,    0,    0,    0,    0,    0,    0,    0,    0,    0,    0,    0,    0,    0,    0,    0,    0,    0,    0,    0,    0,    0,    0,    0,    0,    0,    0,    0,    0,    0,    0,    0,    0,    0,    0,    0,    0,    0,    0,    0,    0,    0,    0,    0,    0,    0,    0,    0,    0,    0,    0,    0,    0,    0,    0,    0,    0,    0,    0,    0,    0,    0,    0,    0,    0,    0,    0,    0,    0,    0,    0,    0,    0,    0,    0,    0,    0,    0,    0,    0,    0,    0,    0,    0,    0,    0,    0,    0,    0,    0,    0,    0,    0,    0,    0,    0,    0,    0,    0,    0,    0,    0,    0,    0,    0,    0,    0,    0,    0,    0,    0,    0,    0,    0,    0,    0,    0,    0,    0,    0,    0,    0,    0,    0,    0,    0,    0,    0,    0,    0,
       0,    0,    0,    0,    0,    0,    0,    0,    0,    0,    0,    0,    0,    0,    0,    0,    0,    0,    0,    0,    0,    0,    0,    0,  -17,    0,   67,    0,    0,    0,    0,    0,    0,    0,    0,    0,    0,  -13,   47,  100,    0,   47,    0,  100,    0,    0,    0,    0,    0,    0,   60,    0,    0,    0,    0,    0,    0,    0,    0,  -13,    0,    0,  -13,   47,  -13,   47,    0,   47,    0,    0,    0,    0,    0,    0,    0,    0,    0,    0,    0,    0,    0,    0,    0,    0,  -17,    0,    0,    0,    0,    0,    0,    0,    0,  -13,    0,    0,    0,    0,    0,    0,    0,    0,    0,    0,    0,    0,  -13,    0,    0,    0,    0,    0,    0,  -17,    0,   67,    0,    0,    0,    0,   20,    0,    0,    0,    0,    0,    0,    0,    0,    0,  -13,    0,    0,  -13,    0,    0,    0,    0,  -20,    0,    0,   53,    0,    0,    0,    0,   47,    0,    0,    0,  100,   47,    0,   53,    0,    0,    0,    0,    0,    0,    0,    0,    0,    0,    0,    0,    0,    0,    0,
       0,    0,    0,    0,    0,    0,    0,    0,    0,    0,    0,    0,    0,    0,    0,    0,    0,    0,    0,    0,    0,    0,  -27,    0,    0,    0,    0,    0,    0,    0,    0,    0,    0,    0,    0,    0,    0,    0,    0,    0,    0,    0,    0,    0,    0,    0,    0,    0,    0,    0,    0,    0,    0,    0,    0,    0,    0,  -60,    0,    0,    0,    0,    0,    0,    0,    0,    0,    0,    0,    0,    0,    0,    0,    0,    0,    0,    0,    0,    0,    0,  -27,    0,    0,  -33,    0,    0,    0,    0,    0,    0,    0,    0,    0,    0,    0,    0,    0,    0,    0,    0,    0,    0,    0,    0,    0,    0,    0,    0,    0,    0,    0,    0,    0,    0,    0,    0,    0,    0,  -27,    0,    0,    0,    0,    0,    0,    0,    0,    0,    0,    0,    0,    0,    0,    0,    0,    0,    0,    0,    0,    0,    0,    0,    0,    0,    0,    0,    0,    0,    0,    0,    0,    0,    0,    0,    0,    0,    0,    0,    0,    0,    0,  -60,    0,    0,    0,    0,    0,    0,    0,
       0,    0,    0,    0,    0,    0,    0,    0,    0,    0,    0,    0,    0,    0,    0,    0,    0,    0,    0,    0,    0,    0,   18,   13,  -20,   20,   73,    0,    0,  -33,  -27,  -67,   27,  -40,    0,    0,    0,    0,    0,   20,   13,    0,  -13,   70,    0,    0,  -13,  -13,  -33,    0,  -33,    0,    0,    0,  -27,    0,    0,   20,    0,    0,  -13,    0,    0,    0,    0,    0,    0,    0,    0,    0,    0,   13,    0,    0,    0,    0,    0,    0,    0,    0,   18,   13,   20,    0,  -20,    0,    0,  -33,  -27,  -13,   27,  -33,    0,    0,    0,    0,    0,  -13,    0,  -33,  -13,  -20,   13,    0,    0,    0,    0,  -33,  -27,    0,  -20,   20,  -33,  -20,    0,   73,   27,    0,   18,   13,   20,   27,    0,   27,    0,  -13,   27,  -57,    0,   33,    0,  -13,    0,    0,    0,    0,  -13,    0,    0,    0,    0,  -33,    0,  -40,  -50,    0,    0,    0,  -13,    0,   70,    0,  -67,  -33,    0,  -20,    0,  -40,  -80,  -20,    0,   20,    0,    0,    0,    0,  -67,  -67,    0,
       0,    0,    0,    0,    0,    0,    0,    0,    0,    0,    0,    0,    0,    0,    0,    0,    0,    0,    0,    0,    0,    0,    0,    0,    0,    0,    0,    0,    0,    0,    0,    0,    0,  -20,    0,    0,    0,    0,    0,    0,    0,    0,    0,    0,    0,    0,    0,    0,    0,    0,    0,    0,    0,    0,    0,    0,    0,    0,    0,    0,    0,    0,    0,    0,    0,    0,    0,    0,    0,    0,    0,    0,    0,    0,    0,    0,    0,    0,    0,    0,    0,    0,    0,    0,    0,    0,    0,    0,  -20,    0,    0,    0,    0,    0,    0,    0,    0,    0,    0,    0,    0,    0,    0,    0,    0,    0,    0,    0,    0,    0,    0,    0,    0,    0,    0,    0,    0,    0,    0,    0,    0,    0,    0,    0,    0,    0,    0,    0,    0,    0,    0,    0,    0,    0,    0,    0,    0,    0,    0,    0,    0,    0,    0,    0,    0,    0,    0,    0,    0,    0,    0,    0,    0,    0,    0,    0,    0,  -20,    0,    0,    0,    0,    0,    0,    0,    0,    0,    0,    0,
       0,    0,    0,    0,    0,    0,    0,    0,    0,  -27,    0,    0,    0,  -33,    0,  -27,    0,  -13,    0,    0,    0,    0,  -60,    0,  -13,    0,    0,  -33,    0,    0,    0,    0,    0,    0,    0,    0,    0,  -67,   20,  -33,  -67,   20,    0,    0,  -13,  -60,  -20,  -27,    0,  -33,    0,  -40,    0,    0,    0,    0,    0,  -87,    0,  -67,    0,    0,  -67,   20,  -67,   20,    0,   20,  -60,  -40,    0,  -67,    0,  -33,    0,  -27,    0,    0,    0,    0,  -60,    0,    0,  -50,  -13,  -33,    0,    0,    0,  -13,    0,   27,  -13,  -67,  -37,  -13,  -40,  -27,  -20,    0,    0,    0,    0,  -40,    0,    0,  -67,    0,    0,  -47,  -40,    0,    0,  -13,    0,    0,  -20,    0,  -60,    0,  -40,    0,    0,  -20,  -33,  -13,    0,    0,    0,  -27,  -67,  -20,  -20,  -80,  -40,  -40,  -27,  -13,  -70,  -50,  -13,    0,  -33,    0,  -20,  -60,   20,  -60,    0,    0,    0,   20,    0,    0,    0,    0,  -40,    0,    0,  -33,    0,  -87,    0,  -40,    0,  -33,    0,    0,    0,
       0,    0,    0,    0,    0,  -20,    0,  -20,   -7,    0,   -7,    0,    0,    0,    0,    0,    0,    0,    0,    0,    0,    0,    0,    0,    0,    0,    0,    0,    0,    0,    0,    0,    0,    0,    0,    0,    0,    0,    0,    0,    0,    0,    0,    0,    0,    0,    0,    0,    0,    0,    0,    0,    0,    0,    0,    0,    0,    0,    0,    0,    0,    0,    0,    0,    0,    0,    0,    0,    0,    0,    0,    0,    0,    0,    0,    0,    0,    0,    0,    0,    0,    0,    0,    0,    0,    0,    0,    0,    0,    0,    0,    0,    0,    0,    0,    0,    0,    0,    0,    0,    0,    0,    0,    0,    0,    0,    0,    0,    0,    0,    0,    0,    0,    0,    0,    0,    0,    0,    0,    0,    0,    0,    0,    0,    0,    0,    0,    0,    0,    0,    0,    0,    0,    0,    0,    0,    0,    0,    0,    0,    0,    0,    0,    0,    0,    0,    0,    0,    0,    0,    0,    0,    0,    0,    0,    0,    0,    0,    0,    0,    0,    0,    0,    0,    0,    0,    0,    0,    0,
       0,    0,    0,    0,    0,  -20,    0,  -20,    0,    0,    0,    0,    0,    0,    0,    0,    0,    0,    0,    0,    0,    0,    0,    0,    0,    0,    0,    0,    0,    0,    0,    0,    0,    0,    0,    0,    0,    0,    0,    0,    0,    0,    0,    0,    0,    0,    0,    0,    0,    0,    0,    0,    0,    0,    0,    0,    0,    0,    0,    0,    0,    0,    0,    0,    0,    0,    0,    0,    0,    0,    0,    0,    0,    0,    0,    0,    0,    0,    0,    0,    0,    0,    0,    0,    0,    0,    0,    0,    0,    0,    0,    0,    0,    0,    0,    0,    0,    0,    0,    0,    0,    0,    0,    0,    0,    0,    0,    0,    0,    0,    0,    0,    0,    0,    0,    0,    0,    0,    0,    0,    0,    0,    0,    0,    0,    0,    0,    0,    0,    0,    0,    0,    0,    0,    0,    0,    0,    0,    0,    0,    0,    0,    0,    0,    0,    0,    0,    0,    0,    0,    0,    0,    0,    0,    0,    0,    0,    0,    0,    0,    0,    0,    0,    0,    0,    0,    0,    0,    0,
       0,    0,    0,    0,    0,    0,    0,    0,    0,    0,    0,    0,    0,   27,    0,    0,    0,    0,    0,    0,    0,    0,    0,    0,    0,    0,    0,    0,    0,    0,    0,    0,    0,    0,    0,  -27,    0,    0,    0,    0,    0,    0,    0,    0,    0,    0,    0,    0,    0,    0,    0,    0,    0,    0,    0,    0,    0,    0,    0,    0,    0,    0,    0,    0,    0,    0,    0,    0,    0,    0,    0,    0,    0,    0,    0,    0,    0,    0,    0,    0,    0,    0,    0,    0,    0,    0,    0,    0,    0,    0,    0,    0,    0,    0,    0,    0,    0,    0,    0,    0,    0,    0,    0,    0,    0,    0,    0,    0,    0,    0,    0,    0,    0,    0,    0,    0,    0,    0,    0,    0,    0,    0,    0,    0,    0,    0,    0,    0,    0,    0,    0,    0,    0,    0,    0,    0,    0,    0,    0,    0,    0,    0,    0,    0,    0,    0,    0,    0,    0,    0,    0,    0,    0,    0,    0,    0,    0,    0,    0,    0,    0,    0,    0,    0,    0,    0,    0,    0,    0,
       0,   27,    0,    0,    0,    0,    0,    0,    0,    0,    0,    0,    0,    0,    0,    0,    0,    0,    0,    0,    0,    0,    0,    0,    0,    0,    0,    0,    0,    0,    0,    0,    0,    0,    0,    0,    0,    0,    0,    0,    0,    0,    0,    0,    0,    0,    0,    0,    0,    0,    0,    0,    0,    0,    0,    0,    0,    0,    0,    0,    0,    0,    0,    0,    0,    0,    0,    0,    0,    0,    0,    0,    0,    0,    0,    0,    0,    0,    0,    0,    0,    0,    0,    0,    0,    0,    0,    0,    0,    0,    0,    0,    0,    0,    0,    0,    0,    0,    0,    0,    0,    0,    0,    0,    0,    0,    0,    0,    0,    0,    0,    0,    0,    0,    0,    0,    0,    0,    0,    0,    0,    0,    0,    0,    0,    0,    0,    0,    0,    0,    0,    0,    0,    0,    0,    0,    0,    0,    0,    0,    0,    0,    0,    0,    0,    0,    0,    0,    0,    0,    0,    0,    0,    0,    0,    0,    0,    0,    0,    0,    0,    0,    0,    0,    0,    0,    0,    0,    0,
       0,   20,    0,    0,    0,    0,    0,    0,    0,    0,    0,    0,    0,   13,    0,    0,    0,    0,    0,    0,    0,    0,    0,    0,    0,    0,    0,    0,    0,    0,    0,    0,    0,    0,    0,    0,    0,    0,    0,    0,    0,    0,    0,    0,    0,    0,    0,    0,    0,    0,    0,    0,    0,    0,    0,    0,    0,    0,    0,    0,    0,    0,    0,    0,    0,    0,    0,    0,    0,    0,    0,    0,    0,    0,    0,    0,    0,    0,    0,    0,    0,    0,    0,    0,    0,    0,    0,    0,    0,    0,    0,    0,    0,    0,    0,    0,    0,    0,    0,    0,    0,    0,    0,    0,    0,    0,    0,    0,    0,    0,    0,    0,    0,    0,    0,    0,    0,    0,    0,    0,    0,    0,    0,    0,    0,    0,    0,    0,    0,    0,    0,    0,    0,    0,    0,    0,    0,    0,    0,    0,    0,    0,    0,    0,    0,    0,    0,    0,    0,    0,    0,    0,    0,    0,    0,    0,    0,    0,    0,    0,    0,    0,    0,    0,    0,    0,    0,    0,    0,
       0,   53,   33,    0,    0,  -27,    0,  -27,   -7,   20,   20,   27,   37,  -13,   20,    0,   33,    0,   27,    0,    0,    0,    0,    0,    0,    0,    0,    0,    0,    0,    0,    0,    0,    0,    0,   27,    0,    0,    0,    0,    0,    0,    0,    0,    0,    0,    0,    0,    0,    0,    0,    0,    0,    0,    0,    0,    0,    0,    0,    0,    0,    0,    0,    0,    0,    0,    0,    0,    0,    0,    0,    0,    0,    0,    0,    0,    0,    0,    0,    0,    0,    0,    0,    0,    0,    0,    0,    0,    0,    0,    0,    0,    0,    0,    0,    0,    0,    0,    0,    0,    0,    0,    0,    0,    0,    0,    0,    0,    0,    0,    0,    0,    0,    0,    0,    0,    0,    0,    0,    0,    0,    0,    0,    0,    0,    0,    0,    0,    0,    0,    0,    0,    0,    0,    0,    0,    0,    0,    0,    0,    0,    0,    0,    0,    0,    0,    0,    0,    0,    0,    0,    0,    0,    0,    0,    0,    0,    0,    0,    0,    0,    0,    0,    0,    0,    0,   13,   53,    0,
       0,    0,    0,    0,    0,    0,    0,    0,    0,    0,    0,    0,    0,    0,    0,    0,    0,    0,    0,    0,    0,    0,    0,    0,    0,    0,    0,    0,    0,    0,    0,    0,    0,    0,    0,  -13,    0,    0,    0,    0,    0,    0,    0,    0,    0,    0,    0,    0,    0,    0,    0,    0,    0,    0,    0,    0,    0,    0,    0,    0,    0,    0,    0,    0,    0,    0,    0,    0,    0,    0,    0,    0,    0,    0,    0,    0,    0,    0,    0,    0,    0,    0,    0,    0,    0,    0,    0,    0,    0,    0,    0,    0,    0,    0,    0,    0,    0,    0,    0,    0,    0,    0,    0,    0,    0,    0,    0,    0,    0,    0,    0,    0,    0,    0,    0,    0,    0,    0,    0,    0,    0,    0,    0,    0,    0,    0,    0,    0,    0,    0,    0,    0,    0,    0,    0,    0,    0,    0,    0,    0,    0,    0,    0,    0,    0,    0,    0,    0,    0,    0,    0,    0,    0,    0,    0,    0,    0,    0,    0,    0,    0,    0,    0,    0,    0,    0,    0,    0,    0,
       0,    0,    0,    0,    0,  -13,    0,  -13,    0,    0,    0,    0,    0,    0,    0,    0,    0,    0,    0,    0,    0,    0,    0,    0,    0,    0,    0,    0,    0,    0,    0,    0,    0,    0,    0,  -33,    0,    0,    0,    0,    0,    0,    0,    0,    0,    0,    0,    0,    0,    0,    0,    0,    0,    0,    0,    0,    0,    0,    0,    0,    0,    0,    0,    0,    0,    0,    0,    0,    0,    0,    0,    0,    0,    0,    0,    0,    0,    0,    0,    0,    0,    0,    0,    0,    0,    0,    0,    0,    0,    0,    0,    0,    0,    0,    0,    0,    0,    0,    0,    0,    0,    0,    0,    0,    0,    0,    0,    0,    0,    0,    0,    0,    0,    0,    0,    0,    0,    0,    0,    0,    0,    0,    0,    0,    0,    0,    0,    0,    0,    0,    0,    0,    0,    0,    0,    0,    0,    0,    0,    0,    0,    0,    0,    0,    0,    0,    0,    0,    0,    0,    0,    0,    0,    0,    0,    0,    0,    0,    0,    0,    0,    0,    0,    0,    0,    0,    0,   13,   13,
       0,    0,    0,    0,    0,    0,    0,    0,    0,    0,    0,    0,    0,    0,    0,    0,    0,    0,    0,    0,    0,    0,    0,    0,    0,    0,    0,    0,    0,    0,    0,    0,    0,    0,    0,    0,    0,    0,    0,    0,    0,    0,    0,    0,    0,    0,    0,    0,   20,    0,   20,    0,    0,    0,    0,    0,    0,    0,    0,    0,    0,    0,    0,    0,    0,    0,    0,    0,    0,    0,    0,    0,    0,    0,    0,    0,    0,    0,    0,    0,    0,    0,    0,    0,    0,    0,    0,    0,    0,    0,    0,    0,    0,    0,    0,    0,    0,    0,    0,   20,    0,    0,    0,    0,    0,    0,    0,    0,    0,    0,    0,    0,    0,    0,    0,    0,    0,    0,    0,    0,    0,    0,    0,    0,    0,    0,    0,    0,    0,    0,    0,    0,    0,    0,    0,    0,    0,    0,    0,    0,    0,   20,    0,    0,    0,    0,    0,    0,    0,    0,    0,    0,    0,   20,    0,    0,    0,    0,    0,    0,    0,    0,    0,    0,    0,    0,    0,    0,    0,
       0,    0,    0,    0,  -33,    0,    0,    0,    0,    0,    0,    0,    0,    0,    0,    0,    0,    0,    0,    0,    0,  -20,   23,    7,  -27,   13,    0,   27,    0,  -40,  -33,  -80,   43,  -47,    0, -107,    0,    0,    0,    0,   13,    0,  -13,    0,  -13,    0,  -13,   -9,  -40,    0,  -40,    0,    0,    0,  -20,    0,    0,   33,    0,    0,  -13,  -13,   20,    0,    0,    0,    0,    0,    0,    0,    0,   13,    0,  -13,  -13,  -20,  -37,    0,    0,    0,    0,    0,    0,    0,    0,    0,    0,    0,    0,    0,    0,    0,    0,    0,    0,    0,    0,    0,    0,    0,    0,    0,    0,    0,    0,    0,    0,    0,    0,    0,    0,    0,    0,    0,    0,    0,    0,    0,    0,    0,    0,    0,    0,    0,    0,    0,    0,    0,    0,    0,    0,    0,    0,    0,    0,    0,    0,    0,    0,    0,    0,    0,    0,    0,    0,    0,    0,    0,    0,    0,    0,    0,    0,    0,    0,    0,    0,    0,    0,    0,    0,    0,    0,    0,    0,    0,  -67,  -53,    0,
       0,    0,    0,    0,    0,  -27,    0,  -27,    0,    0,    0,    0,    0,    0,    0,    0,    0,    0,    0,  -20,  -20,    0,  -13,    0,    9,    0,    0,    0,    0,  -20,  -20,  -33,    0,  -30,    0,  -27,    0,    0,   -7,    0,  -13,   -7,   -7,    0,    0,    0,    0,    0,    0,    0,    0,    0,    0,    0,    0,    0,    0,  -13,    0,    0,   -7,    0,    0,   -7,    0,   -7,    0,   -7,    0,    0,    0,  -13,    0,  -20,  -20,   -7,    0,  -20,    0,    0,    0,    0,    0,    0,    0,    0,    0,    0,    0,    0,    0,    0,    0,    0,    0,    0,    0,    0,    0,    0,    0,    0,    0,    0,    0,    0,    0,    0,    0,    0,    0,    0,    0,    0,    0,    0,    0,    0,    0,    0,    0,    0,    0,    0,    0,    0,    0,    0,    0,    0,    0,    0,    0,    0,    0,    0,    0,    0,    0,    0,    0,    0,    0,    0,    0,    0,    0,    0,    0,    0,    0,    0,    0,    0,    0,    0,    0,    0,    0,    0,    0,    0,    0,    0,    0,    0,    0,   -7,    0,
       0,    0,    0,    0,    0,    0,    0,    0,    0,    0,    0,    0,    0,    0,    0,    0,    0,    0,    0,  -20,  -20,    0,    0,    0,  -10,    0,    0,    0,    0,    0,   -7,   -7,    7,    0,    0,    0,    0,   -7,    0,    0,    0,    0,    0,    0,    0,    0,    0,    0,    0,    0,    0,    0,    0,    0,    0,    0,    0,    0,    0,   -7,    0,    0,   -7,    0,   -7,    0,    0,    0,    0,    0,    0,    0,    0,  -20,    0,    0,    0,  -20,    0,    0,    0,    0,    0,    0,    0,    0,    0,    0,    0,    0,    0,    0,    0,    0,    0,    0,    0,    0,    0,    0,    0,    0,    0,    0,    0,    0,    0,    0,    0,    0,    0,    0,    0,    0,    0,    0,    0,    0,    0,    0,    0,    0,    0,    0,    0,    0,    0,    0,    0,    0,    0,    0,    0,    0,    0,    0,    0,    0,    0,    0,    0,    0,    0,    0,    0,    0,    0,    0,    0,    0,    0,    0,    0,    0,    0,    0,    0,    0,    0,    0,    0,    0,    0,    0,    0,    0,    0,    0,    0,
       0,    0,    0,    0,    0,  -33,    0,  -33,  -13,    0,    0,    0,    0,    0,    0,    0,    0,    0,    0,  -13,  -13,    0,  -27,    0,   10,   -7,  -17,  -10,    0,  -13,  -13,  -27,   -7,  -23,    0,  -33,    0,    0,    0,    0,    0,    0,    0,    0,    0,    0,    0,    0,    0,    0,    0,    0,    0,    0,    0,    0,    0,  -20,  -13,    0,    0,    0,    0,    0,    0,    0,    0,    0,    0,    0,    0,    0,    0,  -13,  -20,    0,    0,  -13,    0,    0,    0,    0,    0,    0,    0,    0,    0,    0,    0,    0,    0,    0,    0,    0,    0,    0,    0,    0,    0,    0,    0,    0,    0,    0,    0,    0,    0,    0,    0,    0,    0,    0,    0,    0,    0,    0,    0,    0,    0,    0,    0,    0,    0,    0,    0,    0,    0,    0,    0,    0,    0,    0,    0,    0,    0,    0,    0,    0,    0,    0,    0,    0,    0,    0,    0,    0,    0,    0,    0,    0,    0,    0,    0,    0,    0,    0,    0,    0,    0,    0,    0,    0,    0,    0,    0,    0,    0,    0,    0,
       0,    0,    0,    0,   20,    0,    0,    0,    0,    0,    0,    0,    0,    0,    0,    0,    0,    0,    0,  -20,  -20,    0,   -7,    0,   -7,    0,    0,    0,    0,    0,   -7,    0,    0,    0,    0,    0,    0,   -7,    0,    0,    0,    0,    0,    0,    0,    0,    0,    0,    0,    0,    0,    0,    0,    0,    0,    0,    0,    0,    0,   -7,    0,    0,   -7,    0,   -7,    0,    0,    0,    0,    0,    0,    0,    0,    0,   -7,    0,    0,  -20,    0,    0,    0,    0,    0,    0,    0,    0,    0,    0,    0,    0,    0,    0,    0,    0,    0,    0,    0,    0,    0,    0,    0,    0,    0,    0,    0,    0,    0,    0,    0,    0,    0,    0,    0,    0,    0,    0,    0,    0,    0,    0,    0,    0,    0,    0,    0,    0,    0,    0,    0,    0,    0,    0,    0,    0,    0,    0,    0,    0,    0,    0,    0,    0,    0,    0,    0,    0,    0,    0,    0,    0,    0,    0,    0,    0,    0,    0,    0,    0,    0,    0,    0,    0,    0,    0,    0,    0,    0,    0,    0,
       0,    0,    0,    0,    0,  -53,    0,  -53,  -33,    0,    0,    0,    0,    0,    0,    0,    0,    0,    0,  -33,  -33,    0,  -60,    0,    0,    0,    0,  -10,    0,    0,    0,    7,   10,    7,    0,    0,    0,  -16,   13,   -9,  -20,   13,    0,    0,    0,  -13,    0,    0,    0,    0,    0,    0,    0,    0,  -13,    0,    0,  -63,    0,  -16,    0,   13,  -16,   13,  -16,   13,    0,   13,  -13,    0,    0,  -20,    0,    0,    0,    0,    0,  -33,    0,    0,    0,    0,    0,    0,    0,    0,    0,    0,    0,    0,    0,    0,    0,    0,    0,    0,    0,    0,    0,    0,    0,    0,    0,    0,    0,    0,    0,    0,    0,    0,    0,    0,    0,    0,    0,    0,    0,    0,    0,    0,    0,    0,    0,    0,    0,    0,    0,    0,    0,    0,    0,    0,    0,    0,    0,    0,    0,    0,    0,    0,    0,    0,    0,    0,    0,    0,    0,    0,    0,    0,    0,    0,    0,    0,    0,    0,    0,    0,    0,    0,    0,    0,    0,    0,    0,    0,    0,   30,    0,
       0,    0,    0,    0,    0,  -20,    0,  -20,    0,    0,    0,    0,    0,    0,    0,    0,    0,    0,    0,    0,    0,    0,  -13,    0,    0,    0,    0,    0,    0,  -20,  -20,  -27,    0,  -13,    0,  -20,    0,    0,    0,    0,    0,    0,    0,    0,    0,    0,    0,    0,    0,    0,    0,    0,    0,    0,    0,    0,    0,    0,    0,    0,    0,    0,    0,    0,    0,    0,    0,    0,    0,    0,    0,    0,    0,    0,  -13,    0,    0,    0,    0,    0,    0,    0,    0,    0,    0,    0,    0,    0,    0,    0,    0,    0,    0,    0,    0,    0,    0,    0,    0,    0,    0,    0,    0,    0,    0,    0,    0,    0,    0,    0,    0,    0,    0,    0,    0,    0,    0,    0,    0,    0,    0,    0,    0,    0,    0,    0,    0,    0,    0,    0,    0,    0,    0,    0,    0,    0,    0,    0,    0,    0,    0,    0,    0,    0,    0,    0,    0,    0,    0,    0,    0,    0,    0,    0,    0,    0,    0,    0,    0,    0,    0,    0,    0,    0,    0,    0,  -20,    0,    0,
       0,    0,    0,    0,    0,  -20,    0,  -20,    0,    0,    0,    0,    0,    0,    0,    0,    0,    0,    0,  -27,  -27,    0,   -7,    0,  -10,    0,    0,    0,    0,    0,    0,    0,    0,    0,    0,    0,    0,  -13,   20,    0,    0,   20,    0,    0,   -7,   -7,  -13,   -7,    0,   -9,    0,    0,    0,    0,  -27,  -13,    0,    0,    0,  -13,    0,    0,  -13,   20,  -13,   20,    0,   20,   -7,    0,    0,    0,    0,  -13,    0,  -13,    0,  -27,    0,    0,    0,    0,    0,    0,    0,    0,    0,    0,    0,    0,    0,    0,    0,    0,    0,    0,    0,    0,    0,    0,    0,    0,    0,    0,    0,    0,    0,    0,    0,    0,    0,    0,    0,    0,    0,    0,    0,    0,    0,    0,    0,    0,    0,    0,    0,    0,    0,    0,    0,    0,    0,    0,    0,    0,    0,    0,    0,    0,    0,    0,    0,    0,    0,    0,    0,    0,    0,    0,    0,    0,    0,    0,    0,    0,    0,    0,    0,    0,    0,    0,    0,    0,    0,    0,    0,    0,    0,    0,    0,
       0,    0,    0,    0,   33,  -40,    0,  -40,  -20,    0,    0,    0,    0,    0,    0,    0,    0,    0,    0,  -33,  -33,    0,  -20,   17,   -7,    0,    0,    0,    0,    0,    0,    0,   20,   13,    0,   20,    0,  -10,   27,    0,    0,   27,    0,    0,    0,    0,    0,    0,    0,    0,    0,    0,    0,    0,    0,    0,    0,  -13,    0,  -10,    0,   13,  -10,   27,  -10,   27,    0,   27,    0,    0,    0,    0,    0,  -20,    0,    0,    0,  -33,    0,    0,    0,    0,    0,    0,    0,    0,    0,    0,    0,    0,    0,    0,    0,    0,    0,    0,    0,    0,    0,    0,    0,    0,    0,    0,    0,    0,    0,    0,    0,    0,    0,    0,    0,    0,    0,    0,    0,    0,    0,    0,    0,    0,    0,    0,    0,    0,    0,    0,    0,    0,    0,    0,    0,    0,    0,    0,    0,    0,    0,    0,    0,    0,    0,    0,    0,    0,    0,    0,    0,    0,    0,    0,    0,    0,    0,    0,    0,    0,    0,    0,    0,    0,    0,    0,    0,    0,    0,    0,    0,
       0,    0,    0,    0,   20,    0,  -20,    0,    0,    0,    0,    0,    0,    0,    0,    0,    0,    0,    0,    0,    0,    0,   20,    7,  -23,    0,    0,   20,    0,    0,    0,    0,   30,    0,    0,   13,    0,  -13,   27,    0,    0,   27,    0,    0,  -13,  -13,   -7,  -20,  -13,    0,  -13,    0,    0,    0,  -27,    0,    0,   23,    0,  -13,    0,    0,  -13,   27,  -13,   27,    0,   27,  -13,    0,    0,    0,    0,  -27,    0,  -33,    0,    0,    0,    0,    0,    0,    0,    0,    0,    0,    0,    0,    0,    0,    0,    0,    0,    0,    0,    0,    0,    0,    0,    0,    0,    0,    0,    0,    0,    0,    0,    0,    0,    0,    0,    0,    0,    0,    0,    0,    0,    0,    0,    0,    0,    0,    0,    0,    0,    0,    0,    0,    0,    0,    0,    0,    0,    0,    0,    0,    0,    0,    0,    0,    0,    0,    0,    0,    0,    0,    0,    0,    0,    0,    0,    0,    0,    0,    0,    0,    0,    0,    0,    0,    0,    0,    0,    0,    0,    0,    0,    0,    0,
       0,    0,    0,    0,  -37,    0,    0,    0,    0,    0,    0,    0,    0,    0,    0,    0,    0,    0,    0,    0,    0,    0,    0,    0,    0,    0,    0,    0,    0,  -30,  -20,  -47,   20,  -40,    0,  -40,    0,    0,    0,    0,    0,    0,    0,    0,    0,    0,    0,    0,  -13,    0,  -13,    0,    0,    0,    0,    0,    0,    0,    0,    0,    0,    0,    0,    0,    0,    0,    0,    0,    0,    0,    0,    0,    0,  -13,    0,    0,    0,    0,    0,    0,    0,    0,    0,    0,    0,    0,    0,    0,    0,    0,    0,    0,    0,    0,    0,    0,    0,    0,    0,    0,    0,    0,    0,    0,    0,    0,    0,    0,    0,    0,    0,    0,    0,    0,    0,    0,    0,    0,    0,    0,    0,    0,    0,    0,    0,    0,    0,    0,    0,    0,    0,    0,    0,    0,    0,    0,    0,    0,    0,    0,    0,    0,    0,    0,    0,    0,    0,    0,    0,    0,    0,    0,    0,    0,    0,    0,    0,    0,    0,    0,    0,    0,    0,    0,    0,    0,  -40,  -13,    0,
       0,    0,    0,    0,    0,    0,    0,    0,    0,    0,    0,    0,    0,    0,    0,    0,    0,    0,    0,    0,    0,    0,   13,    0,  -10,    0,    0,   13,    0,   -7,  -13,  -22,   33,   -7,    0,  -20,    0,    0,    0,    0,    0,    0,    0,    0,    0,    0,    0,    0,   -7,    0,   -7,    0,    0,    0,  -13,    0,    0,   20,    0,    0,    0,    0,    0,    0,    0,    0,    0,    0,    0,    0,    0,    0,    0,  -13,    0,  -13,    0,    0,    0,    0,    0,    0,    0,    0,    0,    0,    0,    0,    0,    0,    0,    0,    0,    0,    0,    0,    0,    0,    0,    0,    0,    0,    0,    0,    0,    0,    0,    0,    0,    0,    0,    0,    0,    0,    0,    0,    0,    0,    0,    0,    0,    0,    0,    0,    0,    0,    0,    0,    0,    0,    0,    0,    0,    0,    0,    0,    0,    0,    0,    0,    0,    0,    0,    0,    0,    0,    0,    0,    0,    0,    0,    0,    0,    0,    0,    0,    0,    0,    0,    0,    0,    0,    0,    0,    0,    0,  -20,    0,    0,
       0,    0,    0,    0,    0,  -33,    0,  -33,  -40,    0,    0,    0,    0,    0,    0,    0,    0,    0,    0,    0,    0,    0,  -27,    0,  -10,    0,    0,    0,    0,    0,    0,    0,   13,    0,    0,   20,    0,  -13,   17,    0,  -13,   17,    0,    0,    0,  -13,    0,   -7,    0,  -13,    0,   -9,    0,    0,  -13,  -13,    0,  -27,    0,  -13,    0,    0,  -13,   17,  -13,   17,    0,   17,  -13,   -9,    0,  -13,    0,  -13,    0,   -7,    0,    0,    0,    0,    0,    0,    0,    0,    0,    0,    0,    0,    0,    0,    0,    0,    0,    0,    0,    0,    0,    0,    0,    0,    0,    0,    0,    0,    0,    0,    0,    0,    0,    0,    0,    0,    0,    0,    0,    0,    0,    0,    0,    0,    0,    0,    0,    0,    0,    0,    0,    0,    0,    0,    0,    0,    0,    0,    0,    0,    0,    0,    0,    0,    0,    0,    0,    0,    0,    0,    0,    0,    0,    0,    0,    0,    0,    0,    0,    0,    0,    0,    0,    0,    0,    0,    0,    0,    0,    0,    0,    0,    0,
       0,    0,    0,    0,    0,  -53,    0,  -53,  -47,    0,    0,    0,    0,    0,    0,    0,    0,    0,    0,  -33,  -33,    0,  -70,   -7,    0,  -17,   -7,  -23,    0,    0,  -13,  -13,   -7,  -13,    0,  -20,    0,  -13,   -7,    0,  -16,   -7,    0,    0,    0,  -13,    0,    0,   13,    0,   13,    0,    0,    0,    0,    0,    0,  -97,    0,  -13,    0,    0,  -13,   -7,  -13,   -7,    0,   -7,  -13,    0,    0,  -16,   -7,    0,  -13,    0,    0,  -33,    0,    0,    0,    0,    0,    0,    0,    0,    0,    0,    0,    0,    0,    0,    0,    0,    0,    0,    0,    0,    0,    0,    0,    0,    0,    0,    0,    0,    0,    0,    0,    0,    0,    0,    0,    0,    0,    0,    0,    0,    0,    0,    0,    0,    0,    0,    0,    0,    0,    0,    0,    0,    0,    0,    0,    0,    0,    0,    0,    0,    0,    0,    0,    0,    0,    0,    0,    0,    0,    0,    0,    0,    0,    0,    0,    0,    0,    0,    0,    0,    0,    0,    0,    0,    0,    0,    0,    0,    0,    0,    0,
       0,    0,    0,  127,    0,   92,    0,  -33,  -13,    0,    0,    0,    0,    0,    0,    0,    0,    0,    0,  -13,  112,    0,  -27,    0,   10,   -7,   53,  -10,    0,  -13,  -13,  -27,   -7,  -23,    0,  -33,  127,    0,    0,    0,   28,    0,    0,   42,    0,    0,    0,    0,    0,    0,    0,    0,  127,    0,    0,    0,    0,  -20,  -13,    0,    0,    0,    0,    0,    0,    0,    0,    0,    0,    0,    0,   28,    0,   20,  -20,    0,    0,  -13,    0,    0,    0,    0,    0,    0,    0,    0,    0,    0,    0,    0,    0,    0,    0,    0,    0,    0,    0,    0,    0,    0,    0,    0,    0,    0,    0,    0,    0,    0,    0,    0,    0,    0,    0,    0,    0,    0,    0,    0,    0,    0,    0,    0,    0,    0,    0,    0,    0,    0,    0,    0,    0,    0,    0,    0,    0,    0,    0,    0,    0,    0,    0,    0,    0,    0,    0,    0,    0,    0,    0,    0,    0,    0,    0,    0,    0,    0,    0,    0,    0,    0,    0,    0,    0,    0,    0,    0,    0,    0,    0,
       0,    0,    0,    0,  -20,    0,  -27,    0,    0,    0,    0,    0,    0,    0,    0,    0,    0,    0,    0,    0,    0,    0,   33,   20,  -20,   13,    0,   27,    0,  -40,  -40,  -47,   40,  -40,    0,  -63,    0,   -7,    0,  -13,    0,    0,    0,    0,    0,    0,    0,  -13,  -13,    0,  -13,    0,    0,    0,  -27,    0,    0,   40,    0,   -7,    0,    0,   -7,    0,   -7,    0,    0,    0,    0,    0,    0,    0,    0,  -33,    0,  -20,    0,    0,    0,    0,    0,    0,    0,    0,    0,    0,    0,    0,    0,    0,    0,    0,    0,    0,    0,    0,    0,    0,    0,    0,    0,    0,    0,    0,    0,    0,    0,    0,    0,    0,    0,    0,    0,    0,    0,    0,    0,    0,    0,    0,    0,    0,    0,    0,    0,    0,    0,    0,    0,    0,    0,    0,    0,    0,    0,    0,    0,    0,    0,    0,    0,    0,    0,    0,    0,    0,    0,    0,    0,    0,    0,    0,    0,    0,    0,    0,    0,    0,    0,    0,    0,    0,    0,    0,    0,    0,  -37,  -20,    0,
       0,    0,    0,    0,    0,  -20,    0,  -20,    0,    0,    0,    0,    0,    0,    0,    0,    0,    0,    0,  -27,  -27,    0,    0,    0,    0,    0,    0,    0,    0,  -12,   -7,   -7,    0,    0,    0,  -13,    0,    0,    0,    0,    0,    0,    0,    0,    0,    0,    0,    0,    0,    0,    0,    0,    0,    0,    0,    0,    0,    0,    0,    0,    0,    0,    0,    0,    0,    0,    0,    0,    0,    0,    0,    0,    0,  -13,  -13,  -13,    0,  -27,    0,    0,    0,    0,    0,    0,    0,    0,    0,    0,    0,    0,    0,    0,    0,    0,    0,    0,    0,    0,    0,    0,    0,    0,    0,    0,    0,    0,    0,    0,    0,    0,    0,    0,    0,    0,    0,    0,    0,    0,    0,    0,    0,    0,    0,    0,    0,    0,    0,    0,    0,    0,    0,    0,    0,    0,    0,    0,    0,    0,    0,    0,    0,    0,    0,    0,    0,    0,    0,    0,    0,    0,    0,    0,    0,    0,    0,    0,    0,    0,    0,    0,    0,    0,    0,    0,    0,    0,    0,    0,    0,
       0,    0,    0,    0,   60,  -67,    0,  -67,  -47,    0,    0,    0,    0,    0,    0,    0,    0,    0,    0,  -33,  -33,    0,  -53,   13,    0,    0,    0,   -7,    0,    0,    0,    7,   13,   13,    0,    0,    0,  -27,   13,    0,  -13,   13,    0,    0,    0,  -20,    0,    0,   20,    0,   20,    0,    0,    0,  -20,    0,    0,  -60,    0,  -27,    0,    0,  -27,   13,  -27,   40,    0,   13,  -20,    0,  -20,  -13,    0,  -20,    0,    0,   37,  -33,    0,    0,    0,    0,    0,    0,    0,    0,    0,    0,    0,    0,    0,    0,    0,    0,    0,    0,    0,    0,    0,    0,    0,    0,    0,    0,    0,    0,    0,    0,    0,    0,    0,    0,    0,    0,    0,    0,    0,    0,    0,    0,    0,    0,    0,    0,    0,    0,    0,    0,    0,    0,    0,    0,    0,    0,    0,    0,    0,    0,    0,    0,    0,    0,    0,    0,    0,    0,    0,    0,    0,    0,    0,    0,    0,    0,    0,    0,    0,    0,    0,    0,    0,    0,    0,    0,    0,    0,   20,   20,    0,
       0,    0,    0,    0,    0,  -53,    0,  -53,  -47,    0,    0,    0,    0,    0,    0,    0,    0,    0,    0,  -20,  -20,    0,  -40,    0,  -13,    0,    0,   -7,   -7,    0,    0,    0,    0,    0,    0,   20,    0,  -27,   27,    0,  -27,   27,    0,    0,    0,  -20,    0,    0,    0,  -13,    0,   -7,    0,    0,    0,    0,    0,  -53,  -33,  -27,    0,    0,  -27,   27,  -27,   27,    0,   27,  -20,   -7,  -13,  -27,    0,  -13,    0,   -7,    0,  -20,    0,    0,    0,    0,    0,    0,    0,    0,    0,    0,    0,    0,    0,    0,    0,    0,    0,    0,    0,    0,    0,    0,    0,    0,    0,    0,    0,    0,    0,    0,    0,    0,    0,    0,    0,    0,    0,    0,    0,    0,    0,    0,    0,    0,    0,    0,    0,    0,    0,    0,    0,    0,    0,    0,    0,    0,    0,    0,    0,    0,    0,    0,    0,    0,    0,    0,    0,    0,    0,    0,    0,    0,    0,    0,    0,    0,    0,    0,    0,    0,    0,    0,    0,    0,    0,    0,    0,    0,    0,    0,    0,
       0,    0,    0,    0,   13,  -87,  -20,  -87,  -60,    0,    0,    0,    0,    0,    0,    0,    0,    0,    0,  -47,  -47,    0,  -73,   20,  -13,    0,    0,  -13,    0,    7,    0,    7,    7,   20,    0,   33,    0,  -40,   33,    0,  -40,   33,    0,    0,    0,  -33,    0,   -7,    0,  -13,    0,   -7,    0,    0,  -20,  -20,    0,  -93,    0,  -40,    0,   13,  -40,   33,  -40,   33,   20,   33,  -33,   -7,  -20,  -40,    0,  -13,    0,  -13,    0,  -47,    0,    0,    0,    0,    0,    0,    0,    0,    0,    0,    0,    0,    0,    0,    0,    0,    0,    0,    0,    0,    0,    0,    0,    0,    0,    0,    0,    0,    0,    0,    0,    0,    0,    0,    0,    0,    0,    0,    0,    0,    0,    0,    0,    0,    0,    0,    0,    0,    0,    0,    0,    0,    0,    0,    0,    0,    0,    0,    0,    0,    0,    0,    0,    0,    0,    0,    0,    0,    0,    0,    0,    0,    0,    0,    0,    0,    0,    0,    0,    0,    0,    0,    0,    0,    0,    0,    0,    0,    0,    0,    0,
       0,    0,    0,    0,   13,  -87,  -20,  -87,  -60,    0,    0,    0,    0,    0,    0,    0,    0,    0,    0,  -47,  -47,    0,  -73,   20,  -13,    0,    0,  -13,    0,    7,    0,    7,    7,   20,    0,   33,    0,  -40,   33,    0,  -40,   33,    0,    0,    0,  -33,    0,   -7,    0,  -13,    0,   -7,    0,    0,  -20,  -20,    0,  -93,    0,  -40,    0,   40,  -40,   33,  -40,   33,   20,   33,  -33,   -7,  -20,  -40,    0,  -13,    0,  -13,    0,  -47,    0,    0,    0,    0,    0,    0,    0,    0,    0,    0,    0,    0,    0,    0,    0,    0,    0,    0,    0,    0,    0,    0,    0,    0,    0,    0,    0,    0,    0,    0,    0,    0,    0,    0,    0,    0,    0,    0,    0,    0,    0,    0,    0,    0,    0,    0,    0,    0,    0,    0,    0,    0,    0,    0,    0,    0,    0,    0,    0,    0,    0,    0,    0,    0,    0,    0,    0,    0,    0,    0,    0,    0,    0,    0,    0,    0,    0,    0,    0,    0,    0,    0,    0,    0,    0,    0,    0,    0,    0,    0,    0,
       0,    0,    0,    0,   20,  -27,    0,  -27,    0,    0,    0,    0,    0,    0,    0,    0,    0,    0,    0,  -13,  -13,    0,   18,   13,  -20,    0,    0,   17,    0,    0,    0,    0,   33,   20,    0,   20,    0,  -13,   20,    0,    0,   20,    0,    0,    0,    0,    0,  -13,   -7,    0,   -7,    0,    0,    0,  -13,    0,    0,   13,    0,  -13,    0,   27,    0,   20,  -13,   20,   20,   20,    0,    0,    0,    0,    0,  -27,    0,  -20,    0,  -13,    0,    0,    0,    0,    0,    0,    0,    0,    0,    0,    0,    0,    0,    0,    0,    0,    0,    0,    0,    0,    0,    0,    0,    0,    0,    0,    0,    0,    0,    0,    0,    0,    0,    0,    0,    0,    0,    0,    0,    0,    0,    0,    0,    0,    0,    0,    0,    0,    0,    0,    0,    0,    0,    0,    0,    0,    0,    0,    0,    0,    0,    0,    0,    0,    0,    0,    0,    0,    0,    0,    0,    0,    0,    0,    0,    0,    0,    0,    0,    0,    0,    0,    0,    0,    0,    0,    0,    0,    0,    0,    0,
       0,   13,    0,    0,   43,  -60,  -27,  -60,  -40,    0,    0,    0,    0,    0,    0,    0,    0,    0,    0,  -47,  -47,    0,  -63,   20,  -17,    0,    0,    0,   -7,   13,    0,   13,   33,   20,    0,   33,    0,  -27,   33,  -11,  -33,   33,    0,    0,  -13,  -33,    0,  -13,    0,  -27,    0,   -7,    0,    0,  -20,  -20,    0,  -67,    0,  -27,    0,   33,  -27,   33,  -27,   33,    0,   33,  -33,   -7,  -33,  -33,    0,  -27,    0,  -20,    0,  -47,    0,    0,    0,    0,    0,    0,    0,    0,    0,    0,    0,    0,    0,    0,    0,    0,    0,    0,    0,    0,    0,    0,    0,    0,    0,    0,    0,    0,    0,    0,    0,    0,    0,    0,    0,    0,    0,    0,    0,    0,    0,    0,    0,    0,    0,    0,    0,    0,    0,    0,    0,    0,    0,    0,    0,    0,    0,    0,    0,    0,    0,    0,    0,    0,    0,    0,    0,    0,    0,    0,    0,    0,    0,    0,    0,    0,    0,    0,    0,    0,    0,    0,    0,    0,    0,    0,    0,    0,    0,    0,    0,
       0,    0,    0,    0,    0,    0,    0,    0,    0,    0,    0,    0,    0,    0,    0,    0,    0,    0,    0,  -13,  -13,    0,    0,    0,    0,    0,    0,    0,    0,  -10,  -20,  -27,    0,  -13,    0,  -20,    0,    0,    0,    0,    0,    0,    0,    0,    0,    0,    0,    0,    0,    0,    0,    0,    0,    0,    0,    0,    0,    0,    0,    0,    0,    0,    0,    0,    0,    0,    0,    0,    0,    0,    0,    0,    0,  -13,    0,    0,    0,  -13,    0,    0,    0,    0,    0,    0,    0,    0,    0,    0,    0,    0,    0,    0,    0,    0,    0,    0,    0,    0,    0,    0,    0,    0,    0,    0,    0,    0,    0,    0,    0,    0,    0,    0,    0,    0,    0,    0,    0,    0,    0,    0,    0,    0,    0,    0,    0,    0,    0,    0,    0,    0,    0,    0,    0,    0,    0,    0,    0,    0,    0,    0,    0,    0,    0,    0,    0,    0,    0,    0,    0,    0,    0,    0,    0,    0,    0,    0,    0,    0,    0,    0,    0,    0,    0,    0,    0,    0,    0,    0,    0,
       0,    0,    0,    0,    0,    0,    0,    0,    0,    0,    0,    0,    0,    0,    0,    0,    0,    0,    0,    0,    0,    0,    0,    0,    0,    0,   40,    0,    0,    0,    0,    0,    0,    0,    0,    0,    0,    0,   47,   47,    0,   47,    0,   60,    0,    0,    0,    0,    0,    0,   40,    0,    0,    0,    0,    0,    0,    0,    0,    0,    0,    0,    0,   47,    0,   47,    0,   47,    0,    0,    0,    0,    0,    0,    0,    0,    0,    0,    0,    0,    0,    0,    0,    0,    0,    0,    0,    0,    0,    0,    0,    0,    0,    0,    0,    0,    0,    0,    0,    0,    0,    0,    0,    0,    0,    0,    0,    0,    0,    0,    0,    0,    0,    0,    0,   40,    0,    0,    0,    0,    0,    0,    0,    0,    0,    0,    0,    0,    0,    0,    0,    0,    0,    0,    0,    0,    0,    0,    0,    0,    0,    0,    0,    0,    0,    0,   47,    0,    0,    0,   60,   47,    0,    0,    0,    0,    0,    0,    0,    0,    0,    0,    0,    0,    0,    0,    0,    0,    0,
       0,    0,    0,    0,    0,    0,    0,    0,    0,    0,    0,   20,   13,    0,   13,    0,    0,    0,   13,    0,    0,    0,   40,   20,  -13,   20,   86,   20,    0,  -37,  -33,  -67,   40,  -57,    0,    0,    0,    0,   20,   40,   53,   20,    0,   27,    0,    0,    0,    0,  -33,   20,  -33,   13,    0,    0,    0,    0,    0,   20,    0,    0,    0,    0,    0,   20,    0,   20,    0,   20,    0,   13,    0,   53,    0,    0,    0,    0,    0,    0,    0,    0,   40,   20,   20,    0,  -13,   20,    0,  -37,  -13,  -13,   40,  -40,    0,    0,    0,    0,    0,    0,    0,  -33,    0,    0,    0,    0,    0,    0,    0,    0,    0,    0,    0,   20,  -37,  -13,    0,   86,   40,    0,   40,   20,   53,   30,    0,   40,   20,  -13,   40,  -53,    0,   43,    0,    0,    0,    0,    0,    0,    0,    0,    0,    0,    0,  -33,   20,  -47,  -20,    0,   20,    0,    0,    0,   27,   20,  -67,  -33,    0,    0,    0,  -57,  -47,    0,    0,   20,    0,    0,    0,    0,    0,    0,    0,
       0,    0,    0,    0,  -20,    0,    0,    0,   20,    0,    0,    0,    0,    0,    0,    0,    0,    0,    0,    0,    0,    0,    0,    0,    0,    0,    0,    0,    0,    0,    0,    0,    0,    0,    0,  -40,    0,    0,    0,    0,    0,    0,    0,    0,    0,    7,    0,    0,    0,    0,    0,    0,    0,    0,    0,    0,    0,    0,    0,    0,    0,    0,    0,    0,    0,    0,    0,    0,    7,    0,    0,    0,    0,  -13,    0,    0,    0,    0,    0,    0,    0,    0,    0,    0,    0,    0,    0,    0,    0,    0,    0,    0,    0,    0,    0,    0,    0,    0,    0,    0,    0,    0,    0,    0,    0,    0,    0,    0,    0,    0,    0,    0,    0,    0,    0,    0,    0,    0,    0,    0,    0,    0,    0,    0,    0,    0,    0,    0,    0,    0,    0,    0,    0,    0,    0,    0,    0,    0,    0,    0,    0,    0,    0,    0,    0,    0,    0,    0,    0,    0,    0,    0,    0,    0,    0,    0,    0,    0,    0,    0,    0,    0,    0,    0,    0,    0,  -20,    0,    0,
       0,    0,    0,    0,  -20,  -33,    0,  -33,    0,    0,    0,    0,    0,    0,    0,    0,    0,    0,    0,  -13,  -13,    0,    0,    0,    0,    0,    0,    0,    0,    0,    0,    0,    0,    0,    0,  -40,    0,    0,    0,    0,    0,    0,    0,    0,    0,    0,    0,    0,    0,   -7,    0,    0,    0,    0,    0,    0,    0,    0,    0,    0,    0,    0,    0,    0,    0,    0,    0,   23,    0,    0,    0,    0,    0,  -13,    0,    0,    0,  -13,    0,    0,    0,    0,    0,    0,    0,    0,    0,    0,    0,    0,    0,    0,    0,    0,    0,    0,    0,    0,    0,    0,    0,    0,    0,    0,    0,    0,    0,    0,    0,    0,    0,    0,    0,    0,    0,    0,    0,    0,    0,    0,    0,    0,    0,    0,    0,    0,    0,    0,    0,    0,    0,    0,    0,    0,    0,    0,    0,    0,    0,    0,    0,    0,    0,    0,    0,    0,    0,    0,    0,    0,    0,    0,    0,    0,    0,    0,    0,    0,    0,    0,    0,    0,    0,    0,    0,    0,  -20,    0,    0,
       0,    0,    0,    0,    0,    0,    0,    0,    0,    0,    0,    0,    0,    0,    0,    0,    0,    0,    0,    0,    0,    0,    0,    0,    0,    0,    0,    0,    0,    0,    0,    0,    0,    0,    0,  -27,    0,   -7,    0,    0,    0,    0,    0,    0,    0,    0,    0,    0,   13,    0,   13,    0,    0,    0,    0,    0,    0,    0,    0,   -7,    0,    0,   -7,    0,   -7,    0,    0,    0,    0,    0,    0,    0,    0,    0,    0,    0,    0,    0,    0,    0,    0,    0,    0,    0,    0,    0,    0,    0,    0,    0,    0,    0,    0,    0,    0,    0,    0,    0,    0,    0,    0,    0,    0,    0,    0,    0,    0,    0,    0,    0,    0,    0,    0,    0,    0,    0,    0,    0,    0,    0,    0,    0,    0,    0,    0,    0,    0,    0,    0,    0,    0,    0,    0,    0,    0,    0,    0,    0,    0,    0,    0,    0,    0,    0,    0,    0,    0,    0,    0,    0,    0,    0,    0,    0,    0,    0,    0,    0,    0,    0,    0,    0,    0,    0,    0,    0,    0,   13,    0,
       0,    0,    0,    0,    0,    0,    0,    0,   20,    0,    0,    0,    0,    0,    0,    0,    0,    0,    0,    0,    0,    0,    0,    0,    0,    0,    0,    0,    0,    0,    0,    0,    0,    0,    0,   13,    0,    0,    0,    0,    0,    0,    0,    0,    0,   13,    0,    0,    0,    0,    0,    0,    0,    0,    0,    0,    0,    0,    0,    0,    0,    0,    0,    0,    0,    0,    0,    0,   13,    0,    0,    0,    0,    0,    0,    0,    0,    0,    0,    0,    0,    0,    0,    0,    0,    0,    0,    0,    0,    0,    0,    0,    0,    0,    0,    0,    0,    0,    0,    0,    0,    0,    0,    0,    0,    0,    0,    0,    0,    0,    0,    0,    0,    0,    0,    0,    0,    0,    0,    0,    0,    0,    0,    0,    0,    0,    0,    0,    0,    0,    0,    0,    0,    0,    0,    0,    0,    0,    0,    0,    0,    0,    0,    0,    0,    0,    0,    0,    0,    0,    0,    0,    0,    0,    0,    0,    0,    0,    0,    0,    0,    0,    0,    0,    0,    0,    0,    0,    0,
       0,    0,    0,    0,    0,    0,    0,    0,    0,    0,    0,    0,    0,    0,    0,    0,    0,    0,    0,    0,    0,    0,    0,    0,    0,    0,    0,    0,    0,    0,    0,    0,    0,    0,    0,  -40,    0,   -7,   -7,    0,  -20,   -7,    0,    0,    0,    0,    0,    0,    0,    0,    0,    0,    0,    0,    0,    0,    0,    0,    0,   -7,    0,    0,   -7,   -7,   -7,   -7,    0,   -7,    0,    0,    0,  -20,    0,    0,    0,    0,    0,    0,    0,    0,    0,    0,    0,    0,    0,    0,    0,    0,    0,    0,    0,    0,    0,    0,    0,    0,    0,    0,    0,    0,    0,    0,    0,    0,    0,    0,    0,    0,    0,    0,    0,    0,    0,    0,    0,    0,    0,    0,    0,    0,    0,    0,    0,    0,    0,    0,    0,    0,    0,    0,    0,    0,    0,    0,    0,    0,    0,    0,    0,    0,    0,    0,    0,    0,    0,    0,    0,    0,    0,    0,    0,    0,    0,    0,    0,    0,    0,    0,    0,    0,    0,    0,    0,    0,    0,    0,    0,    0,    0,
       0,    0,    0,   27,   67,  -40,    0,  -40,  -20,    0,    0,    0,    0,    0,    0,    0,    0,    0,    0,    0,    0,   27,    0,    0,    0,    0,    0,    0,    0,    0,    0,    0,    0,    0,    0,   73,   33,  -13,   57,    0,  -20,   57,    0,    0,   -7,   -7,    7,    0,   13,    0,   13,    0,   33,    0,    0,    0,    0,    0,    0,  -13,   47,   53,  -13,   57,  -13,   57,   20,   57,   -7,    0,    0,  -20,    0,    0,    0,    0,    0,    0,    0,    0,    0,    0,    0,    0,    0,    0,    0,    0,    0,    0,    0,    0,    0,    0,    0,    0,    0,    0,    0,    0,    0,    0,    0,    0,    0,    0,    0,    0,    0,    0,    0,    0,    0,    0,    0,    0,    0,    0,    0,    0,    0,    0,    0,    0,    0,    0,    0,    0,    0,    0,    0,    0,    0,    0,    0,    0,    0,    0,    0,    0,    0,    0,    0,    0,    0,    0,    0,    0,    0,    0,    0,    0,    0,    0,    0,    0,    0,    0,    0,    0,    0,    0,    0,    0,    0,    0,   20,   47,    0,
       0,   20,    0,    0,   27,  -13,    0,  -20,   20,    0,    0,    0,    0,    0,    0,    0,    0,    0,    0,    0,    0,    0,    0,    0,    0,    0,    0,    0,    0,    0,    0,    0,    0,    0,    0,    0,    0,    0,    0,   60,   20,    0,   20,   70,   20,    0,   20,   33,   33,   13,   72,   20,   13,    0,    0,    0,    0,    0,    0,    0,   20,   27,    0,   13,    0,    0,    0,    0,    0,   20,    0,   20,    0,    0,    0,    0,    0,    0,    0,    0,    0,    0,    0,    0,    0,    0,    0,    0,    0,    0,    0,    0,    0,    0,    0,    0,    0,    0,    0,    0,    0,    0,    0,    0,    0,    0,    0,    0,    0,    0,    0,    0,    0,    0,    0,    0,    0,    0,    0,    0,    0,    0,    0,    0,    0,    0,    0,    0,    0,    0,    0,    0,    0,    0,    0,    0,    0,    0,    0,    0,    0,    0,    0,    0,    0,    0,    0,    0,    0,    0,    0,    0,    0,    0,    0,    0,    0,    0,    0,    0,    0,    0,    0,    0,    0,    0,   33,   40,    0,
       0,    0,    0,    0,  -27,    0,    0,    0,   13,    0,    0,    0,    0,    0,    0,    0,    0,    0,    0,    0,    0,    0,    0,    0,    0,    0,    0,    0,    0,    0,    0,    0,    0,    0,    0,  -60,    0,    0,    0,    0,    0,    0,    0,    0,    0,   13,    0,    0,  -11,    0,  -11,    0,    0,    0,    0,    0,    0,    0,    0,    0,    0,    0,    0,    0,    0,    0,    0,    0,   13,    0,    0,    0,    0,  -13,    0,    0,    0,    0,    0,    0,    0,    0,    0,    0,    0,    0,    0,    0,    0,    0,    0,    0,    0,    0,    0,    0,    0,    0,    0,    0,    0,    0,    0,    0,    0,    0,    0,    0,    0,    0,    0,    0,    0,    0,    0,    0,    0,    0,    0,    0,    0,    0,    0,    0,    0,    0,    0,    0,    0,    0,    0,    0,    0,    0,    0,    0,    0,    0,    0,    0,    0,    0,    0,    0,    0,    0,    0,    0,    0,    0,    0,    0,    0,    0,    0,    0,    0,    0,    0,    0,    0,    0,    0,    0,    0,    0,  -20,    0,    0,
       0,    0,    0,    0,    0,    0,    0,    0,   13,    0,    0,    0,    0,    0,    0,    0,    0,    0,    0,    0,    0,    0,    0,    0,    0,    0,    0,    0,    0,    0,    0,    0,    0,    0,    0,   27,    0,    0,    0,    0,    0,    0,    0,    0,    0,   13,    0,    0,    0,    0,    0,    0,    0,    0,    0,    0,    0,    0,    0,    0,    0,    0,    0,    0,    0,    0,    0,    0,   13,    0,    0,    0,    0,    0,    0,    0,    0,    0,    0,    0,    0,    0,    0,    0,    0,    0,    0,    0,    0,    0,    0,    0,    0,    0,    0,    0,    0,    0,    0,    0,    0,    0,    0,    0,    0,    0,    0,    0,    0,    0,    0,    0,    0,    0,    0,    0,    0,    0,    0,    0,    0,    0,    0,    0,    0,    0,    0,    0,    0,    0,    0,    0,    0,    0,    0,    0,    0,    0,    0,    0,    0,    0,    0,    0,    0,    0,    0,    0,    0,    0,    0,    0,    0,    0,    0,    0,    0,    0,    0,    0,    0,    0,    0,    0,    0,    0,    0,    0,    0,
       0,    0,    0,    0,    0,    0,    0,    0,    0,    0,    0,    0,    0,    0,    0,    0,    0,    0,    0,  -13,  -13,    0,    0,    0,    0,    0,    0,    0,    0,    0,    0,    0,    0,    0,    0,   27,    0,    0,    0,    0,    0,    0,    0,   27,    0,    0,    0,    0,    0,    0,    0,    0,    0,    0,    0,    0,    0,    0,    0,    0,    0,    0,    0,    0,    0,    0,    0,    0,    0,    0,    0,    0,    0,    0,    0,    0,    0,  -13,    0,    0,    0,    0,    0,    0,    0,    0,    0,    0,    0,    0,    0,    0,    0,    0,    0,    0,    0,    0,    0,    0,    0,    0,    0,    0,    0,    0,    0,    0,    0,    0,    0,    0,    0,    0,    0,    0,    0,    0,    0,    0,    0,    0,    0,    0,    0,    0,    0,    0,    0,    0,    0,    0,    0,    0,    0,    0,    0,    0,    0,    0,    0,    0,    0,    0,    0,    0,    0,    0,    0,    0,    0,    0,    0,    0,    0,    0,    0,    0,    0,    0,    0,    0,    0,    0,    0,    0,    0,    0,    0,
       0,    0,    0,    0,    0,    0,    0,    0,   13,    0,    0,    0,    0,    0,    0,    0,    0,    0,    0,    0,    0,    0,    0,    0,    0,    0,    0,    0,    0,    0,    0,    0,    0,    0,    0,  -20,    0,    0,    0,    0,   27,    0,    0,    0,    0,    0,    0,    0,    0,    0,    0,    7,    0,    0,    0,    0,    0,    0,    0,    0,    0,    0,   27,    0,    0,    0,    0,    0,    0,    7,    0,   27,    0,    0,    0,    0,    0,    0,    0,    0,    0,    0,    0,    0,    0,    0,    0,    0,    0,    0,    0,    0,    0,    0,    0,    0,    0,    0,    0,    0,    0,    0,    0,    0,    0,    0,    0,    0,    0,    0,    0,    0,    0,    0,    0,    0,    0,    0,    0,    0,    0,    0,    0,    0,    0,    0,    0,    0,    0,    0,    0,    0,    0,    0,    0,    0,    0,    0,    0,    0,    0,    0,    0,    0,    0,    0,    0,    0,    0,    0,    0,    0,    0,    0,    0,    0,    0,    0,    0,    0,    0,    0,    0,    0,    0,    0,    0,    0,    0,
       0,    0,    0,    0,    0,    0,    0,    0,   13,    0,    0,    0,    0,    0,    0,    0,    0,    0,    0,    0,    0,    0,    0,    0,    0,    0,    0,    0,    0,    0,    0,    0,    0,    0,    0,    0,    0,    0,    0,    0,    0,    0,    0,    0,    0,   13,    0,    0,    0,    0,    0,    0,    0,    0,    0,    0,    0,    0,    0,    0,    0,    0,    0,    0,    0,    0,    0,    0,   13,    0,    0,    0,    0,    0,    0,    0,    0,    0,    0,    0,    0,    0,    0,    0,    0,    0,    0,    0,    0,    0,    0,    0,    0,    0,    0,    0,    0,    0,    0,    0,    0,    0,    0,    0,    0,    0,    0,    0,    0,    0,    0,    0,    0,    0,    0,    0,    0,    0,    0,    0,    0,    0,    0,    0,    0,    0,    0,    0,    0,    0,    0,    0,    0,    0,    0,    0,    0,    0,    0,    0,    0,    0,    0,    0,    0,    0,    0,    0,    0,    0,    0,    0,    0,    0,    0,    0,    0,    0,    0,    0,    0,    0,    0,    0,    0,    0,    0,    0,    0,
       0,    0,    0,   40,    0,  -20,    0,  -20,    0,    0,    0,    0,    0,    0,    0,    0,    0,    0,    0,    0,    0,    0,    0,    0,    0,    0,    0,    0,    0,    0,    0,    0,    0,    0,    0,  -33,    0,    0,   -7,   53,   13,    0,    0,   80,    0,   -7,    0,    0,    0,    0,   33,    0,    0,    0,    0,    0,    0,    0,    0,    0,    0,    0,    0,    0,    0,    0,    0,    0,   -7,    0,    0,   13,    0,    0,    0,    0,    0,    0,    0,    0,    0,    0,    0,    0,    0,    0,    0,    0,    0,    0,    0,    0,    0,    0,    0,    0,    0,    0,    0,    0,    0,    0,    0,    0,    0,    0,    0,    0,    0,    0,    0,    0,    0,    0,    0,    0,    0,    0,    0,    0,    0,    0,    0,    0,    0,    0,    0,    0,    0,    0,    0,    0,    0,    0,    0,    0,    0,    0,    0,    0,    0,    0,    0,    0,    0,    0,    0,    0,    0,    0,    0,    0,    0,    0,    0,    0,    0,    0,    0,    0,    0,    0,    0,    0,    0,    0,    0,    0,    0,
       0,    0,    0,    0,    0,  -53,    0,  -53,  -33,    0,    0,    0,    0,    0,    0,    0,    0,    0,    0,    0,    0,    0,    0,    0,    0,    0,    0,    0,    0,    0,    0,    0,    0,    0,    0,  -20,    0,  -13,    0,    0,  -20,    0,    0,    0,   13,   -7,    0,    0,   20,    0,   20,    0,    0,    0,    0,    0,    0,    0,    0,  -13,    0,    0,  -13,    0,  -13,    0,    0,    0,   -7,    0,    0,  -20,    0,    0,    0,    0,    0,    0,    0,    0,    0,    0,    0,    0,    0,    0,    0,    0,    0,    0,    0,    0,    0,    0,    0,    0,    0,    0,    0,    0,    0,    0,    0,    0,    0,    0,    0,    0,    0,    0,    0,    0,    0,    0,    0,    0,    0,    0,    0,    0,    0,    0,    0,    0,    0,    0,    0,    0,    0,    0,    0,    0,    0,    0,    0,    0,    0,    0,    0,    0,    0,    0,    0,    0,    0,    0,    0,    0,    0,    0,    0,    0,    0,    0,    0,    0,    0,    0,    0,    0,    0,    0,    0,    0,    0,    0,    0,   33,    0,
       0,    0,    0,    0,    0,  -13,    0,  -13,   13,    0,    0,    0,    0,    0,    0,    0,    0,    0,    0,  -13,  -13,    0,    0,    0,    0,    0,    0,    0,    0,    0,    0,    0,    0,    0,    0,  -27,    0,    0,    0,    0,    0,    0,    0,    0,    0,    0,    0,    0,    0,    0,    0,    0,    0,    0,    0,    0,    0,    0,    0,    0,    0,    0,    0,    0,    0,    0,    0,    0,    0,    0,    0,    0,    0,  -20,    0,    0,    0,  -13,    0,    0,    0,    0,    0,    0,    0,    0,    0,    0,    0,    0,    0,    0,    0,    0,    0,    0,    0,    0,    0,    0,    0,    0,    0,    0,    0,    0,    0,    0,    0,    0,    0,    0,    0,    0,    0,    0,    0,    0,    0,    0,    0,    0,    0,    0,    0,    0,    0,    0,    0,    0,    0,    0,    0,    0,    0,    0,    0,    0,    0,    0,    0,    0,    0,    0,    0,    0,    0,    0,    0,    0,    0,    0,    0,    0,    0,    0,    0,    0,    0,    0,    0,    0,    0,    0,    0,    0,    0,    0,    0,
       0,    0,    0,    0,    0,    0,    0,    0,   13,    0,    0,    0,    0,    0,    0,    0,    0,    0,    0,  -13,  -13,    0,    0,    0,    0,    0,    0,    0,    0,    0,    0,    0,    0,    0,    0,  -13,    0,    0,    0,    0,    0,    0,    0,    0,    0,    0,    0,    0,    0,    0,    0,    0,    0,    0,    0,    0,    0,    0,    0,    0,    0,    0,    0,    0,    0,    0,    0,    0,    0,    0,    0,    0,    0,  -13,    0,    0,    0,  -13,    0,    0,    0,    0,    0,    0,    0,    0,    0,    0,    0,    0,    0,    0,    0,    0,    0,    0,    0,    0,    0,    0,    0,    0,    0,    0,    0,    0,    0,    0,    0,    0,    0,    0,    0,    0,    0,    0,    0,    0,    0,    0,    0,    0,    0,    0,    0,    0,    0,    0,    0,    0,    0,    0,    0,    0,    0,    0,    0,    0,    0,    0,    0,    0,    0,    0,    0,    0,    0,    0,    0,    0,    0,    0,    0,    0,    0,    0,    0,    0,    0,    0,    0,    0,    0,    0,    0,    0,    0,   13,    0,
       0,    0,    0,    0,    0,  -40,    0,  -40,  -20,    0,    0,    0,    0,    0,    0,    0,    0,    0,    0,  -20,  -20,    0,    0,    0,    0,    0,    0,    0,    0,    0,    0,    0,    0,    0,    0,  -20,    0,   -7,    0,    0,  -15,    0,    0,    0,    0,   -7,    0,    0,    0,    0,    0,    0,    0,    0,    0,    0,    0,    0,    0,   -7,    0,    0,   -7,    0,   -7,    0,    0,    0,   -7,    0,    0,  -15,    0,   -7,    0,    0,    0,  -20,    0,    0,    0,    0,    0,    0,    0,    0,    0,    0,    0,    0,    0,    0,    0,    0,    0,    0,    0,    0,    0,    0,    0,    0,    0,    0,    0,    0,    0,    0,    0,    0,    0,    0,    0,    0,    0,    0,    0,    0,    0,    0,    0,    0,    0,    0,    0,    0,    0,    0,    0,    0,    0,    0,    0,    0,    0,    0,    0,    0,    0,    0,    0,    0,    0,    0,    0,    0,    0,    0,    0,    0,    0,    0,    0,    0,    0,    0,    0,    0,    0,    0,    0,    0,    0,    0,    0,    0,    0,    0,    0,
       0,    0,    0,    0,    0,    0,    0,    0,    0,    0,    0,    0,    0,    0,    0,    0,    0,    0,    0,    0,    0,    0,    0,    0,    0,    0,    0,    0,    0,    0,    0,    0,    0,    0,    0,  -42,    0,    0,    0,    0,    0,    0,    0,    0,   13,    0,    0,   13,   20,    0,   20,    0,    0,    0,    0,    0,    0,    0,    0,    0,    0,    0,   20,    0,    0,    0,    0,    0,    0,    0,    0,    0,    0,  -13,    0,    0,    0,    0,    0,    0,    0,    0,    0,    0,    0,    0,    0,    0,    0,    0,    0,    0,    0,    0,    0,    0,    0,    0,    0,    0,    0,    0,    0,    0,    0,    0,    0,    0,    0,    0,    0,    0,    0,    0,    0,    0,    0,    0,    0,    0,    0,    0,    0,    0,    0,    0,    0,    0,    0,    0,    0,    0,    0,    0,    0,    0,    0,    0,    0,    0,    0,    0,    0,    0,    0,    0,    0,    0,    0,    0,    0,    0,    0,    0,    0,    0,    0,    0,    0,    0,    0,    0,    0,    0,    0,    0,    0,   20,    0,
       0,    0,    0,  -20,    0,    0,    0,    0,    0,    0,    0,    0,    0,    0,    0,    0,    0,    0,    0,    0,    0,    0,    0,    0,    0,    0,    0,    0,    0,    0,    0,    0,    0,    0,    0,  -40,    0,    0,    0,    0,    0,    0,    0,    0,    0,   -7,    0,    0,   13,    0,   13,    0,    0,    0,    0,    0,    0,    0,    0,    0,    0,    0,   20,    0,    0,    0,    0,    0,   -7,    0,    0,    0,    0,  -22,    0,    0,    0,    0,    0,    0,    0,    0,    0,    0,    0,    0,    0,    0,    0,    0,    0,    0,    0,    0,    0,    0,    0,    0,    0,    0,    0,    0,    0,    0,    0,    0,    0,    0,    0,    0,    0,    0,    0,    0,    0,    0,    0,    0,    0,    0,    0,    0,    0,    0,    0,    0,    0,    0,    0,    0,    0,    0,    0,    0,    0,    0,    0,    0,    0,    0,    0,    0,    0,    0,    0,    0,    0,    0,    0,    0,    0,    0,    0,    0,    0,    0,    0,    0,    0,    0,    0,    0,    0,    0,    0,    0,    0,   13,    0,
       0,    0,    0,    0,    0,    0,    0,    0,    0,    0,    0,    0,    0,    0,    0,    0,    0,    0,    0,    0,    0,    0,    0,    0,    0,    0,   40,    0,    0,    0,    0,    0,    0,    0,    0,    0,    0,  -27,   40,   47,    0,   40,    0,   70,    0,  -13,    0,    0,    0,    0,   27,    0,    0,    0,    0,    0,    0,    0,    0,  -27,    0,    0,  -27,   40,  -27,   40,    0,   40,  -13,    0,    0,   20,    0,    0,    0,    0,    0,    0,    0,    0,    0,    0,    0,    0,    0,    0,    0,    0,    0,    0,    0,    0,    0,  -27,    0,    0,    0,    0,    0,    0,    0,    0,    0,    0,    0,    0,  -27,    0,    0,    0,    0,    0,    0,    0,    0,   40,    0,    0,    0,    0,    0,    0,    0,    0,    0,    0,    0,    0,    0,    0,  -27,    0,    0,  -27,    0,    0,    0,    0,    0,    0,    0,   27,    0,    0,    0,    0,   40,  -13,    0,    0,   70,   40,    0,   27,    0,    0,    0,    0,    0,    0,    0,    0,    0,    0,    0,    0,    0,    0,    0,
       0,    0,    0,    0,    0,    0,    0,    0,    0,    0,    0,    0,    0,    0,    0,    0,    0,    0,    0,    0,    0,    0,    0,    0,    0,    0,   67,    0,    0,    0,    0,  -30,    0,  -17,    0,    0,    0,    0,  -20,   33,    0,  -20,    0,   40,    0,    0,    0,    0,    0,    0,    0,    0,    0,    0,    0,    0,    0,    0,   33,    0,    0,    0,    0,  -20,    0,  -20,    0,  -20,    0,    0,    0,    0,    0,    0,    0,    0,    0,    0,    0,    0,    0,    0,    0,    0,    0,    0,    0,    0,    0,    0,    0,    0,    0,    0,    0,    0,    0,    0,    0,    0,    0,    0,    0,    0,    0,    0,    0,    0,    0,    0,    0,    0,    0,    0,    0,   67,    0,    0,    0,    0,    0,    0,    0,    0,    0,    0,    0,    0,    0,    0,    0,    0,    0,    0,    0,    0,    0,    0,    0,    0,    0,    0,    0,    0,    0,    0,  -20,    0,    0,    0,   40,  -20,  -30,    0,    0,    0,    0,  -17,    0,    0,    0,    0,    0,    0,    0,    0,    0,    0,    0,
       0,    0,    0,    0,    0,    0,    0,    0,    0,    0,    0,    0,    0,    0,    0,    0,   27,    0,    0,    0,    0,    0,    0,    0,    0,    0,    0,    0,    0,    0,    0,    0,    0,    0,    0,    0,    0,    0,    0,    0,    0,    0,    0,    0,    0,    0,    0,    0,    0,    0,    0,    0,    0,    0,    0,    0,    0,    0,    0,    0,    0,    0,    0,    0,    0,    0,    0,    0,    0,    0,    0,    0,    0,    0,    0,    0,    0,    0,    0,    0,    0,    0,    0,    0,    0,    0,    0,    0,    0,    0,    0,    0,    0,    0,    0,    0,    0,    0,    0,    0,    0,    0,    0,    0,    0,    0,    0,    0,    0,    0,    0,    0,    0,    0,    0,    0,    0,    0,    0,    0,    0,    0,    0,    0,    0,    0,    0,    0,    0,    0,    0,    0,    0,    0,    0,    0,    0,    0,    0,    0,    0,    0,    0,    0,    0,    0,    0,    0,    0,    0,    0,    0,    0,    0,    0,    0,    0,    0,    0,    0,    0,    0,    0,    0,    0,    0,    0,    0,    0,
       0,    0,    0,    0,    0,    0,    0,    0,    0,    0,    0,    0,    0,    0,    0,    0,    0,    0,    0,    0,    0,    0,    0,    0,    0,    0,    0,    0,    0,    0,    0,    0,    0,    0,    0,    0,    0,    0,    0,    0,    0,    0,    0,    0,    0,    0,    0,    0,    0,    0,    0,    0,    0,    0,    0,    0,    0,    0,    0,    0,    0,    0,    0,    0,    0,    0,    0,    0,    0,    0,    0,    0,    0,    0,    0,    0,    0,    0,    0,    0,    0,    0,    0,    0,    0,    0,    0,    0,  -13,    0,    0,    0,    0,    0,    0,    0,    0,    0,    0,    0,    0,    0,    0,    0,    0,    0,    0,    0,    0,    0,    0,    0,    0,    0,    0,    0,    0,    0,    0,    0,    0,    0,    0,    0,    0,    0,    0,    0,    0,    0,    0,    0,    0,    0,    0,    0,    0,    0,    0,    0,    0,    0,    0,    0,    0,    0,    0,    0,    0,    0,    0,    0,    0,    0,    0,    0,    0,    0,    0,    0,    0,    0,    0,    0,    0,    0,    0,    0,    0,
       0,    0,    0,    0,    0,  -27,    0,  -27,    0,    0,    0,    0,    0,    0,    0,    0,    0,    0,    0,    0,    0,    0,    0,    0,    0,    0,    0,    0,    0,  -20,    0,  -13,    0,  -13,    0,    0,    0,    0,    0,    0,    0,    0,    0,    0,    0,    0,    0,    0,    0,    0,    0,    0,    0,    0,    0,    0,    0,    0,    0,    0,    0,    0,    0,    0,    0,    0,    0,    0,    0,    0,    0,    0,    0,    0,    0,    0,    0,    0,    0,    0,    0,    0,    0,    0,    0,    0,    0,  -20,  -20,   20,    0,    0,    0,    0,    0,    0,    0,    0,    0,    0,    0,    0,    0,    0,    0,    0,    0,    0,    0,    0,    0,    0,  -20,    0,    0,    0,    0,    0,    0,    0,    0,    0,    0,    0,    0,   20,    0,  -27,    0,    0,    0,    0,    0,    0,    0,    0,    0,    0,    0,    0,    0,    0,    0,    0,    0,    0,    0,    0,    0,    0,    0,    0,  -13,    0,    0,    0,    0,  -13,    0,    0,    0,    0,   27,    0,    0,    0,    0,    0,    0,
       0,    0,    0,    0,    0,    0,    0,    0,    0,    0,    0,    0,    0,    0,    0,    0,    0,    0,    0,    0,    0,    0,    0,    0,    0,    0,   87,    0,    0,    0,  -20,  -27,    0,  -27,    0,    0,    0,  -20,  -20,   80,   13,  -20,    0,   80,    0,    0,    0,    0,    0,    0,    0,    0,    0,    0,    0,    0,    0,    0,   80,  -20,    0,    0,  -20,  -20,  -20,  -20,    0,  -20,    0,    0,    0,   13,    0,    0,    0,    0,    0,    0,    0,    0,    0,    0,    0,    0,    0,    0,    0,    0,    0,    0,    0,    0,    0,  -20,    0,    0,    0,    0,    0,    0,    0,    0,    0,    0,    0,    0,  -20,    0,    0,    0,    0,    0,    0,    0,    0,   87,    0,    0,    0,    0,    0,    0,    0,    0,    0,    0,    0,    0,    0,    0,  -20,    0,    0,  -20,    0,    0,    0,    0,    0,    0,    0,    0,    0,    0,    0,    0,  -20,    0,    0,    0,   80,  -20,  -27,    0,    0,    0,    0,  -27,    0,    0,    0,    0,    0,    0,    0,    0,    0,    0,    0,
       0,    0,    0,  -37,    0,  -53,    0,  -53,  -27,    0,    0,    0,    0,    0,    0,    0,    0,    0,    0,    0,    0,    0,  -40,  -13,    0,  -20,  -13,  -20,    0,  -20,  -13,  -27,  -27,  -40,    0,  -68,    0,    0,    0,    0,    0,    0,    0,    0,    0,    0,    0,    0,    0,    0,    0,    0,    0,    0,    0,    0,    0,  -40,    0,    0,    0,    0,    0,    0,    0,    0,    0,    0,    0,    0,    0,    0,    0,   -7,    0,    0,    0,    0,    0,    0,    0,    0,    0,    0,    0,    0,    0,    0,    0,    0,    0,    0,    0,    0,    0,    0,    0,    0,    0,    0,    0,    0,    0,    0,    0,    0,    0,    0,    0,    0,    0,    0,    0,    0,    0,    0,    0,    0,    0,    0,    0,    0,    0,    0,    0,    0,    0,    0,    0,    0,    0,    0,    0,    0,    0,    0,    0,    0,    0,    0,    0,    0,    0,    0,    0,    0,    0,    0,    0,    0,    0,    0,    0,    0,    0,    0,    0,    0,    0,    0,    0,    0,    0,    0,    0,    0,    0,    0,    0,
       0,    0,    0,    0,    0,    0,    0,    0,    0,    0,    0,    0,    0,    0,    0,    0,    0,    0,    0,    0,    0,    0,    0,    0,    0,    0,    0,    0,    0,    0,    0,    0,    0,    0,    0,    0,    0,    0,    0,    0,    0,    0,    0,    0,    0,    0,    0,    0,    0,    0,    0,    0,    0,    0,    0,    0,    0,    0,    0,    0,    0,    0,    0,    0,    0,    0,    0,    0,    0,    0,    0,    0,    0,    0,    0,    0,    0,    0,    0,    0,    0,    0,    0,    0,    0,    0,    0,    0,    0,    0,    0,    0,    0,    0,    0,    0,    0,    0,    0,    0,    0,    0,    0,    0,    0,    0,    0,    0,    0,    0,    0,    0,    0,    0,    0,    0,    0,    0,    0,    0,    0,    0,    0,    0,    0,    0,    0,    0,    0,    0,    0,    0,    0,    0,    0,    0,    0,    0,    0,    0,    0,    0,    0,    0,    0,    0,    0,    0,    0,    0,    0,    0,    0,    0,    0,    0,    0,    0,    0,    0,    0,    0,    0,    0,    0,    0,  -20,    0,    0,
       0,    0,    0,    0,    0,    0,    0,    0,    0,    0,    0,    0,    0,    0,    0,    0,    0,    0,    0,    0,    0,    0,    0,    0,    0,    0,    0,    0,    0,    0,    0,    0,    0,    0,    0,  -27,    0,   -7,    0,   27,    0,    0,    0,   27,    0,    0,    0,    0,   13,    0,   13,    0,    0,    0,    0,    0,    0,    0,    0,   -7,    0,    0,   -7,    0,   -7,    0,    0,    0,    0,    0,    0,    0,    0,    0,    0,    0,    0,    0,    0,    0,    0,    0,    0,    0,    0,    0,    0,    0,    0,    0,    0,    0,    0,    0,    0,    0,    0,    0,    0,    0,    0,    0,    0,    0,    0,    0,    0,    0,    0,    0,    0,    0,    0,    0,    0,    0,    0,    0,    0,    0,    0,    0,    0,    0,    0,    0,    0,    0,    0,    0,    0,    0,    0,    0,    0,    0,    0,    0,    0,    0,    0,    0,    0,    0,    0,    0,    0,    0,    0,    0,    0,    0,    0,    0,    0,    0,    0,    0,    0,    0,    0,    0,    0,    0,    0,    0,    0,   13,    0,
       0,    0,    0,    0,    0,    0,    0,    0,   13,    0,    0,    0,    0,    0,    0,    0,    0,    0,    0,    0,    0,    0,    0,    0,    0,    0,    0,    0,    0,    0,    0,    0,    0,    0,    0,   27,    0,    0,   27,    0,    0,   27,    0,    0,    0,   13,    0,    0,    0,    0,    0,    0,    0,    0,    0,    0,    0,    0,    0,    0,    0,    0,    0,   27,    0,   27,    0,   27,   13,    0,    0,    0,    0,    0,    0,    0,    0,    0,    0,    0,    0,    0,    0,    0,    0,    0,    0,    0,    0,    0,    0,    0,    0,    0,    0,    0,    0,    0,    0,    0,    0,    0,    0,    0,    0,    0,    0,    0,    0,    0,    0,    0,    0,    0,    0,    0,    0,    0,    0,    0,    0,    0,    0,    0,    0,    0,    0,    0,    0,    0,    0,    0,    0,    0,    0,    0,    0,    0,    0,    0,    0,    0,    0,    0,    0,    0,    0,    0,    0,    0,    0,    0,    0,    0,    0,    0,    0,    0,    0,    0,    0,    0,    0,    0,    0,    0,    0,    0,    0,
       0,    0,    0,   27,   38,    0,    0,    0,    0,    0,    0,    0,    0,    0,    0,    0,    0,    0,    0,    0,    0,   27,    0,    0,    0,    0,    0,    0,    0,    0,    0,    0,    0,    0,    0,   60,    7,    0,   53,    0,    0,   53,    0,    0,    0,    0,    0,    0,    0,    0,    0,    0,   20,    0,    0,    0,    0,    0,    0,    0,    0,   40,    0,   53,    0,   53,    0,   53,    0,    0,    0,    0,    0,    0,    0,    0,    0,    0,    0,    0,    0,    0,    0,    0,    0,    0,    0,    0,    0,    0,    0,    0,    0,    0,    0,    0,    0,    0,    0,    0,    0,    0,    0,    0,    0,    0,    0,    0,    0,    0,    0,    0,    0,    0,    0,    0,    0,    0,    0,    0,    0,    0,    0,    0,    0,    0,    0,    0,    0,    0,    0,    0,    0,    0,    0,    0,    0,    0,    0,    0,    0,    0,    0,    0,    0,    0,    0,    0,    0,    0,    0,    0,    0,    0,    0,    0,    0,    0,    0,    0,    0,    0,    0,    0,    0,    0,    0,   20,    0,
       0,    0,    0,    0,  -20,  -33,    0,  -33,    0,    0,    0,    0,    0,    0,    0,    0,    0,    0,    0,  -13,  -13,    0,    0,    0,    0,    0,    0,    0,    0,    0,    0,    0,    0,    0,    0,  -40,    0,    0,    0,    0,    0,    0,    0,    0,   27,    0,   13,   27,   27,   -7,   27,    0,    0,    0,    0,    0,    0,    0,    0,    0,    0,    0,    0,    0,    0,    0,    0,   23,    0,    0,    0,    0,    0,  -13,    0,    0,    0,  -13,    0,    0,    0,    0,    0,    0,    0,    0,    0,    0,    0,    0,    0,    0,    0,    0,    0,    0,    0,    0,    0,    0,    0,    0,    0,    0,    0,    0,    0,    0,    0,    0,    0,    0,    0,    0,    0,    0,    0,    0,    0,    0,    0,    0,    0,    0,    0,    0,    0,    0,    0,    0,    0,    0,    0,    0,    0,    0,    0,    0,    0,    0,    0,    0,    0,    0,    0,    0,    0,    0,    0,    0,    0,    0,    0,    0,    0,    0,    0,    0,    0,    0,    0,    0,    0,    0,    0,    0,  -20,    0,    0,
       0,    0,    0,    0,  -33,    0,    0,    0,    0,    0,    0,    0,    0,    0,    0,    0,    0,    0,    0,    0,    0,  -20,   23,    7,  -27,   13,   93,   27,    0,  -40,  -33,  -80,   43,  -47,    0, -107,    0,    0,    0,   80,   53,    0,  -13,  100,  -13,    0,  -13,   -9,  -40,    0,  -40,    0,    0,    0,  -20,    0,    0,   33,    0,    0,  -13,  -13,   20,    0,    0,    0,    0,    0,    0,    0,    0,   53,    0,  -13,  -13,  -20,  -37,    0,    0,    0,    0,    0,    0,    0,    0,    0,    0,    0,    0,    0,    0,    0,    0,    0,    0,    0,    0,    0,    0,    0,    0,    0,    0,    0,    0,    0,    0,    0,    0,    0,    0,    0,    0,    0,    0,    0,    0,    0,    0,    0,    0,    0,    0,    0,    0,    0,    0,    0,    0,    0,    0,    0,    0,    0,    0,    0,    0,    0,    0,    0,    0,    0,    0,    0,    0,    0,    0,    0,    0,    0,    0,    0,    0,    0,    0,    0,    0,    0,    0,    0,    0,    0,    0,    0,    0,    0,  -67,  -53,    0,
       0,    0,    0,    0,  -20,    0,    0,    0,   20,    0,    0,    0,    0,    0,    0,    0,    0,    0,    0,    0,    0,    0,    0,    0,    0,    0,    0,    0,    0,    0,    0,    0,    0,    0,    0,  -40,    0,    0,    0,   93,   27,    0,    0,  107,    0,    7,    0,    0,    0,    0,    0,    0,    0,    0,    0,    0,    0,    0,    0,    0,    0,    0,    0,    0,    0,    0,    0,    0,    7,    0,    0,   27,    0,  -13,    0,    0,    0,    0,    0,    0,    0,    0,    0,    0,    0,    0,    0,    0,    0,    0,    0,    0,    0,    0,    0,    0,    0,    0,    0,    0,    0,    0,    0,    0,    0,    0,    0,    0,    0,    0,    0,    0,    0,    0,    0,    0,    0,    0,    0,    0,    0,    0,    0,    0,    0,    0,    0,    0,    0,    0,    0,    0,    0,    0,    0,    0,    0,    0,    0,    0,    0,    0,    0,    0,    0,    0,    0,    0,    0,    0,    0,    0,    0,    0,    0,    0,    0,    0,    0,    0,    0,    0,    0,    0,    0,    0,  -20,    0,    0,
       0,    0,    0,   60,   87,    0,    0,    0,    0,    0,    0,    0,    0,    0,    0,    0,    0,    0,    0,    0,    0,   60,    0,    0,    0,    0,    0,    0,    0,    0,    0,    0,    0,    0,    0,   87,   40,    0,   87,   27,   20,   87,   33,   33,   40,    0,   27,   27,   33,   20,   33,   20,   53,    0,    0,    0,    0,    0,    0,   20,   33,    0,    0,   87,   27,   87,    0,   87,   27,   53,    0,   20,    0,    0,    0,    0,    0,    0,    0,    0,    0,    0,    0,    0,    0,    0,    0,    0,    0,    0,    0,    0,    0,    0,    0,    0,    0,    0,    0,    0,    0,    0,    0,    0,    0,    0,    0,    0,    0,    0,    0,    0,    0,    0,    0,    0,    0,    0,    0,    0,    0,    0,    0,    0,    0,    0,    0,    0,    0,    0,    0,    0,    0,    0,    0,    0,    0,    0,    0,    0,    0,    0,    0,    0,    0,    0,    0,    0,    0,    0,    0,    0,    0,    0,    0,    0,    0,    0,    0,    0,    0,    0,    0,    0,    0,    0,   40,   67,    0,
       0,    0,    0,    0,   20,    0,    0,    0,    0,    0,    0,    0,    0,    0,    0,    0,    0,    0,    0,  -20,  -20,    0,   -7,    0,   -7,    0,   67,    0,    0,    0,   -7,    0,    0,    0,    0,    0,    0,   -7,    0,   67,    0,    0,    0,   83,    0,    0,    0,    0,    0,    0,    0,    0,    0,    0,    0,    0,    0,    0,    0,   -7,    0,    0,   -7,    0,   -7,    0,    0,    0,    0,    0,    0,    0,    0,    0,   -7,    0,    0,  -20,    0,    0,    0,    0,    0,    0,    0,    0,    0,    0,    0,    0,    0,    0,    0,    0,    0,    0,    0,    0,    0,    0,    0,    0,    0,    0,    0,    0,    0,    0,    0,    0,    0,    0,    0,    0,    0,    0,    0,    0,    0,    0,    0,    0,    0,    0,    0,    0,    0,    0,    0,    0,    0,    0,    0,    0,    0,    0,    0,    0,    0,    0,    0,    0,    0,    0,    0,    0,    0,    0,    0,    0,    0,    0,    0,    0,    0,    0,    0,    0,    0,    0,    0,    0,    0,    0,    0,    0,    0,    0,    0,
       0,    0,    0,    0,    0,    0,    0,    0,    0,    0,    0,    0,    0,    0,    0,    0,    0,    0,    0,    0,    0,    0,    0,    0,    0,    0,    0,    0,    0,    0,    0,    0,    0,    0,    0,  -40,    0,   -7,   -7,   60,  -20,   -7,    0,   63,    0,    0,    0,    0,    0,    0,    0,    0,    0,    0,    0,    0,    0,    0,    0,   -7,    0,    0,   -7,   -7,   -7,   -7,    0,   -7,    0,    0,    0,  -20,    0,    0,    0,    0,    0,    0,    0,    0,    0,    0,    0,    0,    0,    0,    0,    0,    0,    0,    0,    0,    0,    0,    0,    0,    0,    0,    0,    0,    0,    0,    0,    0,    0,    0,    0,    0,    0,    0,    0,    0,    0,    0,    0,    0,    0,    0,    0,    0,    0,    0,    0,    0,    0,    0,    0,    0,    0,    0,    0,    0,    0,    0,    0,    0,    0,    0,    0,    0,    0,    0,    0,    0,    0,    0,    0,    0,    0,    0,    0,    0,    0,    0,    0,    0,    0,    0,    0,    0,    0,    0,    0,    0,    0,    0,    0,    0,    0,
       0,    0,    0,    0,    0,  -20,    0,  -20,    0,    0,    0,    0,    0,    0,    0,    0,    0,    0,    0,  -27,  -27,    0,   -7,    0,  -10,    0,    0,    0,    0,    0,    0,    0,    0,    0,    0,    0,    0,  -13,   20,    0,    0,   20,    0,    0,    7,   -7,   -7,   13,   33,   -9,   33,    0,    0,    0,  -27,  -13,    0,    0,    0,  -13,    0,    0,  -13,   20,  -13,   20,    0,   20,   -7,    0,    0,    0,    0,  -13,    0,  -13,    0,  -27,    0,    0,    0,    0,    0,    0,    0,    0,    0,    0,    0,    0,    0,    0,    0,    0,    0,    0,    0,    0,    0,    0,    0,    0,    0,    0,    0,    0,    0,    0,    0,    0,    0,    0,    0,    0,    0,    0,    0,    0,    0,    0,    0,    0,    0,    0,    0,    0,    0,    0,    0,    0,    0,    0,    0,    0,    0,    0,    0,    0,    0,    0,    0,    0,    0,    0,    0,    0,    0,    0,    0,    0,    0,    0,    0,    0,    0,    0,    0,    0,    0,    0,    0,    0,    0,    0,    0,    0,    0,    0,    0,
       0,    0,    0,    0,    0,  -20,    0,  -20,    0,    0,    0,    0,    0,    0,    0,    0,    0,    0,    0,  -27,  -27,    0,   -7,    0,  -10,    0,   77,    0,    0,    0,    0,    0,    0,    0,    0,    0,    0,  -13,   20,   77,    0,   20,    0,   90,   -7,   -7,  -13,   -7,    0,   -9,    0,    0,    0,    0,  -27,  -13,    0,    0,    0,  -13,    0,    0,  -13,   20,  -13,   20,    0,   20,   -7,    0,    0,    0,    0,  -13,    0,  -13,    0,  -27,    0,    0,    0,    0,    0,    0,    0,    0,    0,    0,    0,    0,    0,    0,    0,    0,    0,    0,    0,    0,    0,    0,    0,    0,    0,    0,    0,    0,    0,    0,    0,    0,    0,    0,    0,    0,    0,    0,    0,    0,    0,    0,    0,    0,    0,    0,    0,    0,    0,    0,    0,    0,    0,    0,    0,    0,    0,    0,    0,    0,    0,    0,    0,    0,    0,    0,    0,    0,    0,    0,    0,    0,    0,    0,    0,    0,    0,    0,    0,    0,    0,    0,    0,    0,    0,    0,    0,    0,    0,    0,    0,
       0,    0,    0,    0,    0,    0,    0,    0,   13,    0,    0,    0,    0,    0,    0,    0,    0,    0,    0,    0,    0,    0,    0,    0,    0,    0,    0,    0,    0,    0,    0,    0,    0,    0,    0,   27,    0,    0,    0,   73,   13,    0,    0,   87,    0,   13,    0,    0,    0,    0,    0,    0,    0,    0,    0,    0,    0,    0,    0,    0,    0,    0,    0,    0,    0,    0,    0,    0,   13,    0,    0,   13,    0,    0,    0,    0,    0,    0,    0,    0,    0,    0,    0,    0,    0,    0,    0,    0,    0,    0,    0,    0,    0,    0,    0,    0,    0,    0,    0,    0,    0,    0,    0,    0,    0,    0,    0,    0,    0,    0,    0,    0,    0,    0,    0,    0,    0,    0,    0,    0,    0,    0,    0,    0,    0,    0,    0,    0,    0,    0,    0,    0,    0,    0,    0,    0,    0,    0,    0,    0,    0,    0,    0,    0,    0,    0,    0,    0,    0,    0,    0,    0,    0,    0,    0,    0,    0,    0,    0,    0,    0,    0,    0,    0,    0,    0,    0,    0,    0,
       0,    0,    0,    0,    0,    0,    0,    0,    0,    0,    0,    0,    0,    0,    0,    0,    0,    0,    0,    0,    0,   30,    0,    0,    0,    0,    0,    0,    0,    0,    0,    0,    0,    0,    0,    0,    0,    0,   47,    0,    0,   47,    0,    0,    0,    0,    0,    0,    0,    0,    0,    0,    0,    0,    0,    0,    0,    0,    0,    0,    0,    0,    0,   47,    0,   47,    0,   47,    0,    0,    0,    0,    0,    0,    0,    0,    0,    0,    0,    0,    0,    0,    0,    0,    0,    0,    0,    0,    0,    0,    0,    0,    0,    0,    0,    0,    0,    0,    0,    0,    0,    0,    0,    0,    0,    0,    0,    0,    0,    0,    0,    0,    0,    0,    0,    0,    0,    0,    0,    0,    0,    0,    0,    0,    0,    0,    0,    0,    0,    0,    0,    0,    0,    0,    0,    0,    0,    0,    0,    0,    0,    0,    0,    0,    0,    0,    0,    0,    0,    0,    0,    0,    0,    0,    0,    0,    0,    0,    0,    0,    0,    0,    0,    0,    0,    0,    0,   33,    0,
       0,    0,    0,    0,    0,   13,    0,   13,    0,    0,    0,    0,    0,    0,    0,    0,    0,    0,    0,    0,    0,    0,    0,    0,    0,    0,    0,    0,    0,    0,    0,    0,    0,    0,    0,  -37,    0,    0,    0,    0,    0,    0,    0,    0,    0,    0,    0,    0,   13,    0,   13,    0,    0,    0,    0,    0,    0,    0,    0,    0,    0,    0,    0,    0,    0,    0,    0,    0,    0,    0,    0,    0,    0,    0,    0,    0,    0,    0,    0,    0,    0,    0,    0,    0,    0,    0,    0,    0,    0,    0,    0,    0,    0,    0,    0,    0,    0,    0,    0,    0,    0,    0,    0,    0,    0,    0,    0,    0,    0,    0,    0,    0,    0,    0,    0,    0,    0,    0,    0,    0,    0,    0,    0,    0,    0,    0,    0,    0,    0,    0,    0,    0,    0,    0,    0,    0,    0,    0,    0,    0,    0,    0,    0,    0,    0,    0,    0,    0,    0,    0,    0,    0,    0,    0,    0,    0,    0,    0,    0,    0,    0,    0,    0,    0,    0,    0,    0,    0,    0,
       0,    0,    0,    0,    0,    0,    0,    0,   13,    0,    0,    0,    0,    0,    0,    0,    0,    0,    0,    0,    0,    0,    0,    0,    0,    0,    0,    0,    0,    0,    0,    0,    0,    0,    0,    0,    0,    0,    0,   33,    0,    0,    0,   40,    0,   13,    0,    0,    0,    0,    0,    0,    0,    0,    0,    0,    0,    0,    0,    0,    0,    0,    0,    0,    0,    0,    0,    0,   13,    0,    0,    0,    0,    0,    0,    0,    0,    0,    0,    0,    0,    0,    0,    0,    0,    0,    0,    0,    0,    0,    0,    0,    0,    0,    0,    0,    0,    0,    0,    0,    0,    0,    0,    0,    0,    0,    0,    0,    0,    0,    0,    0,    0,    0,    0,    0,    0,    0,    0,    0,    0,    0,    0,    0,    0,    0,    0,    0,    0,    0,    0,    0,    0,    0,    0,    0,    0,    0,    0,    0,    0,    0,    0,    0,    0,    0,    0,    0,    0,    0,    0,    0,    0,    0,    0,    0,    0,    0,    0,    0,    0,    0,    0,    0,    0,    0,    0,    0,    0,
       0,    0,    0,    0,    0,    0,    0,    0,    0,    0,    0,    0,    0,    0,    0,    0,    0,    0,    0,    0,    0,    0,    0,    0,    0,    0,    0,    0,    0,    0,    0,    0,    0,    0,    0,    0,    0,    0,    0,   20,    0,    0,    0,   13,   27,    0,   27,   27,   33,   13,   33,    0,    0,    0,    0,    0,    0,    0,    0,    0,    0,    0,    0,    0,    0,    0,    0,    0,    0,    0,    0,    0,    0,    0,    0,    0,    0,    0,    0,    0,    0,    0,    0,    0,    0,    0,    0,    0,    0,    0,    0,    0,    0,    0,    0,    0,    0,    0,    0,    0,    0,    0,    0,    0,    0,    0,    0,    0,    0,    0,    0,    0,    0,    0,    0,    0,    0,    0,    0,    0,    0,    0,    0,    0,    0,    0,    0,    0,    0,    0,    0,    0,    0,    0,    0,    0,    0,    0,    0,    0,    0,    0,    0,    0,    0,    0,    0,    0,    0,    0,    0,    0,    0,    0,    0,    0,    0,    0,    0,    0,    0,    0,    0,    0,    0,    0,    0,    0,    0,
       0,    0,    0,    0,    0,  -13,    0,  -13,   13,    0,    0,    0,    0,    0,    0,    0,    0,    0,    0,  -13,  -13,    0,    0,    0,    0,    0,    0,    0,    0,    0,    0,    0,    0,    0,    0,  -27,    0,    0,    0,   27,    0,    0,    0,   27,    0,    0,    0,    0,    0,    0,    0,    0,    0,    0,    0,    0,    0,    0,    0,    0,    0,    0,    0,    0,    0,    0,    0,    0,    0,    0,    0,    0,    0,  -20,    0,    0,    0,  -13,    0,    0,    0,    0,    0,    0,    0,    0,    0,    0,    0,    0,    0,    0,    0,    0,    0,    0,    0,    0,    0,    0,    0,    0,    0,    0,    0,    0,    0,    0,    0,    0,    0,    0,    0,    0,    0,    0,    0,    0,    0,    0,    0,    0,    0,    0,    0,    0,    0,    0,    0,    0,    0,    0,    0,    0,    0,    0,    0,    0,    0,    0,    0,    0,    0,    0,    0,    0,    0,    0,    0,    0,    0,    0,    0,    0,    0,    0,    0,    0,    0,    0,    0,    0,    0,    0,    0,    0,    0,    0,    0,
       0,    0,    0,    0,    0,    0,    0,    0,   13,    0,    0,    0,    0,    0,    0,    0,    0,    0,    0,  -13,  -13,    0,    0,    0,    0,    0,    0,    0,    0,    0,    0,    0,    0,    0,    0,  -13,    0,    0,    0,   27,    0,    0,    0,   27,    0,    0,    0,    0,    0,    0,    0,    0,    0,    0,    0,    0,    0,    0,    0,    0,    0,    0,    0,    0,    0,    0,    0,    0,    0,    0,    0,    0,    0,  -13,    0,    0,    0,  -13,    0,    0,    0,    0,    0,    0,    0,    0,    0,    0,    0,    0,    0,    0,    0,    0,    0,    0,    0,    0,    0,    0,    0,    0,    0,    0,    0,    0,    0,    0,    0,    0,    0,    0,    0,    0,    0,    0,    0,    0,    0,    0,    0,    0,    0,    0,    0,    0,    0,    0,    0,    0,    0,    0,    0,    0,    0,    0,    0,    0,    0,    0,    0,    0,    0,    0,    0,    0,    0,    0,    0,    0,    0,    0,    0,    0,    0,    0,    0,    0,    0,    0,    0,    0,    0,    0,    0,    0,    0,   13,    0,
       0,    0,    0,    0,  -20,    0,    0,    0,   20,    0,    0,    0,    0,    0,    0,    0,    0,    0,    0,    0,    0,    0,    0,    0,    0,    0,    0,    0,    0,    0,    0,    0,    0,    0,    0,  -40,    0,    0,    0,   97,   27,    0,    0,  107,    0,    7,    0,    0,    0,    0,    0,    0,    0,    0,    0,    0,    0,    0,    0,    0,    0,    0,    0,    0,    0,    0,    0,    0,    7,    0,    0,   27,    0,  -13,    0,    0,    0,    0,    0,    0,    0,    0,    0,    0,    0,    0,    0,    0,    0,    0,    0,    0,    0,    0,    0,    0,    0,    0,    0,    0,    0,    0,    0,    0,    0,    0,    0,    0,    0,    0,    0,    0,    0,    0,    0,    0,    0,    0,    0,    0,    0,    0,    0,    0,    0,    0,    0,    0,    0,    0,    0,    0,    0,    0,    0,    0,    0,    0,    0,    0,    0,    0,    0,    0,    0,    0,    0,    0,    0,    0,    0,    0,    0,    0,    0,    0,    0,    0,    0,    0,    0,    0,    0,    0,    0,    0,  -20,    0,    0,
       0,    0,    0,    0,   13,  -33,    0,  -33,  -13,    0,    0,    0,    0,    0,    0,    0,    0,    0,    0,  -13,  -13,    0,  -27,    0,   10,    0,    0,    0,    0,    0,    0,   17,   17,   20,    0,   37,    0,    0,   20,    0,    0,   20,    0,    0,    0,    0,    0,    0,    0,    0,    0,    0,    0,    0,    0,    0,    0,    0,    0,    0,    0,    0,    0,   20,    0,   20,    0,   20,    0,    0,    0,    0,    0,    0,    0,    0,    0,  -13,    0,    0,    0,    0,    0,    0,    0,    0,    0,    0,    0,    0,    0,    0,    0,    0,    0,    0,    0,    0,    0,    0,    0,    0,    0,    0,    0,    0,    0,    0,    0,    0,    0,    0,    0,    0,    0,    0,    0,    0,    0,    0,    0,    0,    0,    0,    0,    0,    0,    0,    0,    0,    0,    0,    0,    0,    0,    0,    0,    0,    0,    0,    0,    0,    0,    0,    0,    0,    0,    0,    0,    0,    0,    0,    0,    0,    0,    0,    0,    0,    0,    0,    0,    0,    0,    0,    0,    0,    0,    0,    0,
       0,   20,    0,    0,   27,  -20,    0,  -20,    0,    0,    0,    0,    0,    0,    0,    0,    0,    0,    0,    0,    0,   13,    0,    0,    0,    0,    0,    0,    0,    0,    0,    0,    0,    0,    0,    0,    0,    0,    0,   20,    0,    0,    0,    0,   27,    0,    0,   20,   13,    0,   13,    0,    0,    0,    0,    0,    0,    0,    0,    0,    0,    0,    0,    0,    0,    0,    0,    0,    0,    0,    0,    0,    0,    0,    0,    0,    0,    0,    0,    0,    0,    0,    0,    0,    0,    0,    0,    0,    0,    0,    0,    0,    0,    0,    0,    0,    0,    0,    0,    0,    0,    0,    0,    0,    0,    0,    0,    0,    0,    0,    0,    0,    0,    0,    0,    0,    0,    0,    0,    0,    0,    0,    0,    0,    0,    0,    0,    0,    0,    0,    0,    0,    0,    0,    0,    0,    0,    0,    0,    0,    0,    0,    0,    0,    0,    0,    0,    0,    0,    0,    0,    0,    0,    0,    0,    0,    0,    0,    0,    0,    0,    0,    0,    0,    0,    0,   13,   20,    0,
       0,    0,    0,   73,   67,  -53,    0,  -53,  -47,    0,    0,    0,    0,    0,    0,    0,    0,    0,    0,  -20,  -20,   51,  -40,    0,    0,   53,    0,   27,   13,   60,   53,   67,   73,   73,    0,  100,   47,  -27,   87,    0,  -27,   87,   13,    0,    0,  -20,    0,    0,    0,  -13,    0,   -7,   53,    0,    0,    0,    0,    0,    0,  -27,   13,    0,  -27,   87,  -27,   87,    0,   87,  -20,   -7,    0,  -27,    0,    0,    0,    0,    0,  -20,    0,    0,    0,    0,    0,    0,    0,    0,    0,    0,    0,    0,    0,    0,    0,    0,    0,    0,    0,    0,    0,    0,    0,    0,    0,    0,    0,    0,    0,    0,    0,    0,    0,    0,    0,    0,    0,    0,    0,    0,    0,    0,    0,    0,    0,    0,    0,    0,    0,    0,    0,    0,    0,    0,    0,    0,    0,    0,    0,    0,    0,    0,    0,    0,    0,    0,    0,    0,    0,    0,    0,    0,    0,    0,    0,    0,    0,    0,    0,    0,    0,    0,    0,    0,    0,    0,    0,    0,   40,   57,    0,
       0,   27,    0,    0,   40,    0,    0,    0,    0,    0,    0,    0,    0,    0,    0,    0,    0,    0,    0,    0,    0,   20,    0,    0,    0,    0,    0,    0,    0,    0,    0,    0,    0,    0,    0,    0,    0,    0,    0,   13,    0,    0,    0,    0,    0,    0,    0,    0,   20,    0,   20,    0,    0,    0,    0,    0,    0,    0,    0,    0,    0,    0,    0,    0,    0,    0,    0,    0,    0,    0,    0,    0,    0,    0,    0,    0,    0,    0,    0,    0,    0,    0,    0,    0,    0,    0,    0,    0,    0,    0,    0,    0,    0,    0,    0,    0,    0,    0,    0,    0,    0,    0,    0,    0,    0,    0,    0,    0,    0,    0,    0,    0,    0,    0,    0,    0,    0,    0,    0,    0,    0,    0,    0,    0,    0,    0,    0,    0,    0,    0,    0,    0,    0,    0,    0,    0,    0,    0,    0,    0,    0,    0,    0,    0,    0,    0,    0,    0,    0,    0,    0,    0,    0,    0,    0,    0,    0,    0,    0,    0,    0,    0,    0,    0,    0,    0,   20,   20,    0,
       0,   20,    0,    0,   27,    7,    0,  -20,   20,    0,    0,    0,    0,    0,    0,    0,    0,    0,    0,    0,    0,    0,    0,    0,    0,    0,    0,    0,    0,    0,    0,    0,    0,    0,    0,    0,    0,    0,    0,   60,   20,    0,   20,   70,   20,    0,   20,   33,   33,   13,   72,   20,   13,    0,    0,    0,    0,    0,    0,    0,   20,   27,    0,   13,    0,    0,    0,    0,    0,   20,    0,   20,    0,    0,    0,    0,    0,    0,    0,    0,    0,    0,    0,    0,    0,    0,    0,    0,    0,    0,    0,    0,    0,    0,    0,    0,    0,    0,    0,    0,    0,    0,    0,    0,    0,    0,    0,    0,    0,    0,    0,    0,    0,    0,    0,    0,    0,    0,    0,    0,    0,    0,    0,    0,    0,    0,    0,    0,    0,    0,    0,    0,    0,    0,    0,    0,    0,    0,    0,    0,    0,    0,    0,    0,    0,    0,    0,    0,    0,    0,    0,    0,    0,    0,    0,    0,    0,    0,    0,    0,    0,    0,    0,    0,    0,    0,   33,   40,    0,
       0,    0,    0,    0,  -20,  -33,    0,  -33,    0,    0,    0,    0,    0,    0,    0,    0,    0,    0,    0,  -13,  -13,    0,    0,    0,    0,    0,    0,    0,    0,    0,    0,    0,    0,    0,    0,  -40,    0,    0,    0,   20,    0,    0,    0,   40,    0,    0,    0,    0,    0,   -7,    0,    0,    0,    0,    0,    0,    0,    0,    0,    0,    0,    0,    0,    0,    0,    0,    0,   23,    0,    0,    0,    0,    0,  -13,    0,    0,    0,  -13,    0,    0,    0,    0,    0,    0,    0,    0,    0,    0,    0,    0,    0,    0,    0,    0,    0,    0,    0,    0,    0,    0,    0,    0,    0,    0,    0,    0,    0,    0,    0,    0,    0,    0,    0,    0,    0,    0,    0,    0,    0,    0,    0,    0,    0,    0,    0,    0,    0,    0,    0,    0,    0,    0,    0,    0,    0,    0,    0,    0,    0,    0,    0,    0,    0,    0,    0,    0,    0,    0,    0,    0,    0,    0,    0,    0,    0,    0,    0,    0,    0,    0,    0,    0,    0,    0,    0,    0,  -20,    0,    0,
       0,    0,    0,    0,    0,  -20,    0,  -20,  -13,    0,    0,    0,    0,    0,    0,    0,    0,    0,    0,    0,    0,    0,  -13,    0,    0,    0,    0,    0,    0,    0,    0,    0,    0,    0,    0,    0,    0,    0,    0,    0,  -13,    0,    0,    0,    0,    0,    0,    0,    0,    0,    0,    0,    0,    0,    0,    0,    0,    0,    0,    0,    0,    0,    0,    0,    0,    0,    0,    0,    0,    0,    0,  -13,    0,  -20,    0,   -7,    0,    0,    0,    0,    0,    0,    0,    0,    0,    0,    0,    0,    0,    0,    0,    0,    0,    0,    0,    0,    0,    0,    0,    0,    0,    0,    0,    0,    0,    0,    0,    0,    0,    0,    0,    0,    0,    0,    0,    0,    0,    0,    0,    0,    0,    0,    0,    0,    0,    0,    0,    0,    0,    0,    0,    0,    0,    0,    0,    0,    0,    0,    0,    0,    0,    0,    0,    0,    0,    0,    0,    0,    0,    0,    0,    0,    0,    0,    0,    0,    0,    0,    0,    0,    0,    0,    0,    0,    0,    0,    0,    0,    0,
       0,    0,    0,    0,    0,    0,    0,    0,    0,    0,    0,    0,    0,    0,    0,    0,    0,    0,    0,    0,    0,    0,    0,    0,    0,    0,    0,    0,    0,    0,    0,    0,    0,    0,    0,    0,    0,    0,    0,   53,    0,    0,    0,   67,    0,    0,    0,    0,   33,    0,   33,    0,    0,    0,    0,    0,    0,    0,    0,    0,    0,    0,    0,    0,    0,    0,    0,    0,    0,    0,    0,   40,    0,    0,    0,    0,    0,    0,    0,    0,    0,    0,    0,    0,    0,    0,    0,    0,    0,    0,    0,    0,    0,    0,    0,    0,    0,    0,    0,    0,    0,    0,    0,    0,    0,    0,    0,    0,    0,    0,    0,    0,    0,    0,    0,    0,    0,    0,    0,    0,    0,    0,    0,    0,    0,    0,    0,    0,    0,    0,    0,    0,    0,    0,    0,    0,    0,    0,    0,    0,    0,    0,    0,    0,    0,    0,    0,    0,    0,    0,    0,    0,    0,    0,    0,    0,    0,    0,    0,    0,    0,    0,    0,    0,    0,    0,    0,    0,    0,
       0,    0,    0,    0,    0,    0,    0,    0,   13,    0,    0,    0,    0,    0,    0,    0,    0,    0,    0,  -13,  -13,    0,    0,    0,    0,    0,    0,    0,    0,    0,    0,    0,    0,    0,    0,  -13,    0,    0,    0,    0,    0,    0,    0,   13,    0,    0,    0,    0,    0,    0,    0,    0,    0,    0,    0,    0,    0,    0,    0,    0,    0,    0,    0,    0,    0,    0,    0,    0,    0,    0,    0,    0,    0,  -13,    0,    0,    0,  -13,    0,    0,    0,    0,    0,    0,    0,    0,    0,    0,    0,    0,    0,    0,    0,    0,    0,    0,    0,    0,    0,    0,    0,    0,    0,    0,    0,    0,    0,    0,    0,    0,    0,    0,    0,    0,    0,    0,    0,    0,    0,    0,    0,    0,    0,    0,    0,    0,    0,    0,    0,    0,    0,    0,    0,    0,    0,    0,    0,    0,    0,    0,    0,    0,    0,    0,    0,    0,    0,    0,    0,    0,    0,    0,    0,    0,    0,    0,    0,    0,    0,    0,    0,    0,    0,    0,    0,    0,    0,   13,    0,
       0,    0,    0,    0,    0,    0,    0,    0,    0,    0,    0,    0,    0,    0,    0,    0,    0,    0,    0,    0,    0,    0,    0,    0,    0,    0,    0,    0,    0,    0,    0,    0,    0,    0,    0,  -27,    0,    0,    0,   47,    0,    0,    0,   80,    0,    0,    0,    0,   13,    0,   13,    0,    0,    0,    0,    0,    0,    0,    0,    0,    0,    0,    0,    0,    0,    0,    0,    0,    0,    0,    0,    0,    0,    0,    0,    0,    0,    0,    0,    0,    0,    0,    0,    0,    0,    0,    0,    0,    0,    0,    0,    0,    0,    0,    0,    0,    0,    0,    0,    0,    0,    0,    0,    0,    0,    0,    0,    0,    0,    0,    0,    0,    0,    0,    0,    0,    0,    0,    0,    0,    0,    0,    0,    0,    0,    0,    0,    0,    0,    0,    0,    0,    0,    0,    0,    0,    0,    0,    0,    0,    0,    0,    0,    0,    0,    0,    0,    0,    0,    0,    0,    0,    0,    0,    0,    0,    0,    0,    0,    0,    0,    0,    0,    0,    0,    0,    0,    0,    0,
       0,    0,    0,    0,  -33,    0,    0,    0,    0,    0,    0,    0,    0,    0,    0,    0,    0,    0,    0,    0,    0,  -20,    0,    0,    0,    0,    0,    0,    0,    0,    0,    0,    0,    0,    0, -107,    0,    0,    0,    0,    0,    0,    0,    0,    0,    0,    0,    0,    0,    0,    0,    0,    0,    0,  -20,    0,    0,    0,    0,    0,    0,    0,    0,    0,    0,    0,    0,    0,    0,    0,    0,    0,    0,    0,    0,    0,  -37,    0,    0,    0,   23,    0,   13,    0,  -27,   27,    0,  -40,  -53,  -20,   43,  -47,    0,    0,    0,  -13,    0,  -17,    0,  -40,  -20,  -20,   20,    0,  -20,  -20,    0,  -40,  -27,    0,  -27,    0,    0,    0,    0,    0,    0,    0,    0,    0,    0,    0,    0,    0,    0,    0,    0,    0,    0,    0,    0,    0,    0,    0,    0,    0,    0,    0,    0,    0,    0,    0,    0,    0,    0,    0,    0,    0,    0,    0,    0,    0,    0,    0,    0,    0,    0,    0,    0,    0,    0,    0,    0,    0,    0,    0,  -67,  -53,    0,
       0,    0,    0,    0,   20,    0,    0,    0,    0,    0,    0,    0,    0,    0,    0,    0,    0,    0,    0,  -20,  -20,    0,    0,    0,    0,    0,    0,    0,    0,    0,    0,    0,    0,    0,    0,    0,    0,    0,    0,    0,    0,    0,    0,    0,    0,    0,    0,    0,    0,    0,    0,    0,    0,    0,    0,    0,    0,    0,    0,    0,    0,    0,    0,    0,    0,    0,    0,    0,    0,    0,    0,    0,    0,    0,    0,    0,    0,  -20,    0,    0,   -7,    0,    0,  -13,   -7,    0,    0,    0,    0,    0,    0,    0,    0,   -7,    0,    0,    0,    0,    0,    0,    0,    0,    0,    0,    0,    0,   -7,    0,    0,    0,    0,    0,    0,    0,    0,    0,    0,    0,    0,    0,    0,    0,    0,    0,    0,    0,    0,    0,    0,    0,    0,    0,    0,    0,    0,    0,    0,    0,    0,    0,    0,    0,    0,    0,    0,    0,    0,    0,    0,    0,    0,    0,    0,    0,    0,    0,    0,    0,    0,    0,    0,    0,    0,    0,    0,    0,    0,    0,    0,
       0,    0,    0,    0,    0,  -20,    0,  -20,    0,    0,    0,    0,    0,    0,    0,    0,    0,    0,    0,  -27,  -27,    0,    0,    0,    0,    0,    0,    0,    0,    0,    0,    0,    0,    0,    0,    0,    0,    0,    0,    0,    0,    0,    0,    0,    0,    0,    0,    0,    0,    0,    0,    0,    0,    0,  -27,  -13,    0,    0,    0,    0,    0,    0,    0,    0,    0,    0,    0,    0,    0,    0,    0,    0,    0,    0,    0,    0,    0,  -27,    0,   13,    0,    0,    0,  -27,  -10,    0,    0,    0,   13,  -13,    0,    0,    0,  -13,    0,   -7,  -13,  -13,    0,    0,    0,    0,    0,  -13,    0,  -13,  -13,   -7,    0,    0,    0,    0,    0,    0,    0,    0,    0,    0,    0,    0,    0,    0,    0,    0,    0,    0,    0,    0,    0,    0,    0,    0,    0,    0,    0,    0,    0,    0,    0,    0,    0,    0,    0,    0,    0,    0,    0,    0,    0,    0,    0,    0,    0,    0,    0,    0,    0,    0,    0,    0,    0,    0,    0,    0,    0,    0,    0,    0,    0,
       0,    0,    0,    0,    0,  -33,    0,  -33,  -13,    0,    0,    0,    0,    0,    0,    0,    0,    0,    0,  -13,  -13,    0,    0,    0,    0,    0,    0,    0,    0,    0,    0,    0,    0,    0,    0,  -33,    0,    0,    0,    0,    0,    0,    0,    0,    0,    0,    0,    0,    0,    0,    0,    0,    0,    0,    0,    0,    0,    0,    0,    0,    0,    0,    0,    0,    0,    0,    0,    0,    0,    0,    0,    0,    0,    0,    0,    0,    0,  -13,    0,    0,  -27,    0,   -7,  -17,   10,  -10,  -13,  -13,   -7,    0,   -7,    0,    0,    0,    0,    0,    0,    0,    0,    0,    0,    0,    0,    0,    0,    0,    0,    0,    0,    0,    0,    0,    0,    0,    0,    0,    0,    0,    0,    0,    0,    0,    0,    0,    0,    0,    0,    0,    0,    0,    0,    0,    0,    0,    0,    0,    0,    0,    0,    0,    0,    0,    0,    0,    0,    0,    0,    0,    0,    0,    0,    0,    0,    0,    0,    0,    0,    0,    0,    0,    0,    0,    0,    0,    0,    0,    0,    0,    0,
       0,    0,    0,    0,   40,  -53,  -20,  -53,  -27,    0,    0,    0,    0,    0,    0,    0,    0,    0,    0,  -47,  -47,    0,    0,    0,    0,    0,    0,    0,    0,    0,    0,    0,    0,    0,    0,   27,    0,    0,    0,    0,    0,    0,    0,    0,    0,    0,    0,    0,    0,    0,    0,    0,    0,    0,  -20,  -20,    0,    0,    0,    0,    0,    0,    0,    0,    0,    0,    0,    0,    0,    0,    0,    0,    0,    0,    0,    0,    0,  -47,    0,   27,  -53,   13,    0,  -47,    0,    0,    0,    0,   33,  -20,   20,   13,  -13,  -33,  -33,    0,  -27,   -7,    0,    0,    0,    0,    0,  -27,    0,  -20,  -33,  -13,    0,  -33,  -20,    0,    0,    0,    0,    0,    0,    0,    0,    0,    0,    0,    0,    0,    0,    0,    0,    0,    0,    0,    0,    0,    0,    0,    0,    0,    0,    0,    0,    0,    0,    0,    0,    0,    0,    0,    0,    0,    0,    0,    0,    0,    0,    0,    0,    0,    0,    0,    0,    0,    0,    0,    0,    0,    0,    0,    0,    0,    0,
       0,    0,    0,    0,  -20,    0,    0,    0,    0,    0,    0,    0,    0,    0,    0,    0,    0,    0,    0,    0,    0,    0,    0,    0,    0,    0,    0,    0,    0,    0,    0,    0,    0,    0,    0,  -33,    0,    0,    0,    0,    0,    0,    0,    0,    0,    0,    0,    0,    0,    0,    0,    0,    0,    0,    0,    0,    0,    0,    0,    0,    0,    0,    0,    0,    0,    0,    0,    0,    0,    0,    0,    0,    0,    0,    0,    0,    0,    0,    0,    0,    0,    0,    0,    0,    0,    0,    0,  -20,  -47,    0,    0,  -20,    0,    0,  -13,    0,    0,  -13,    0,    0,    0,    0,    0,    0,    0,    0,    0,  -13,   -7,    0,   -7,    0,    0,    0,    0,    0,    0,    0,    0,    0,    0,    0,    0,    0,    0,    0,    0,    0,    0,    0,    0,    0,    0,    0,    0,    0,    0,    0,    0,    0,    0,    0,    0,    0,    0,    0,    0,    0,    0,    0,    0,    0,    0,    0,    0,    0,    0,    0,    0,    0,    0,    0,    0,    0,    0,    0,    0,    0,    0,
       0,    0,    0,    0,    0,    0,    0,    0,    0,    0,    0,    0,    0,    0,    0,    0,    0,    0,    0,    0,    0,    0,    0,    0,    0,    0,    0,    0,    0,    0,    0,    0,    0,    0,    0,    0,    0,    0,    0,    0,    0,    0,    0,    0,    0,    0,    0,    0,    0,    0,    0,    0,    0,    0,    0,    0,    0,    0,    0,    0,    0,    0,    0,    0,    0,    0,    0,    0,    0,    0,    0,    0,    0,    0,    0,    0,    0,    0,    0,    0,    0,    0,    0,    0,    0,    0,    0,    0,    0,    0,    0,    0,    0,    0,    0,    0,    0,    0,    0,    0,   27,    0,   40,    0,   27,    0,    0,    0,    0,    0,    0,    0,    0,    0,    0,    0,    0,    0,    0,    0,    0,    0,    0,    0,    0,    0,    0,    0,    0,    0,    0,    0,    0,    0,    0,    0,    0,    0,    0,    0,    0,    0,    0,    0,    0,    0,    0,    0,    0,    0,    0,    0,    0,    0,    0,    0,    0,    0,    0,    0,    0,    0,    0,    0,    0,    0,    0,    0,    0,
       0,    0,    0,    0,    0,  -27,    0,  -27,    0,    0,    0,    0,    0,    0,    0,    0,    0,    0,    0,  -20,  -20,    0,    0,    0,    0,    0,    0,    0,    0,    0,    0,    0,    0,    0,    0,  -27,    0,    0,    0,    0,    0,    0,    0,    0,    0,    0,    0,    0,    0,    0,    0,    0,    0,    0,    0,    0,    0,    0,    0,    0,    0,    0,    0,    0,    0,    0,    0,    0,    0,    0,    0,    0,    0,    0,    0,    0,    0,  -20,    0,    0,  -13,    0,    0,  -13,    9,    0,   -7,  -20,  -13,    0,    0,  -27,    0,    0,    0,    0,    0,    0,    0,    0,    0,    0,    0,    0,    0,   -7,    0,  -13,  -13,    0,    0,    0,    0,    0,    0,    0,    0,    0,    0,    0,    0,    0,    0,    0,    0,    0,    0,    0,    0,    0,    0,    0,    0,    0,    0,    0,    0,    0,    0,    0,    0,    0,    0,    0,    0,    0,    0,    0,    0,    0,    0,    0,    0,    0,    0,    0,    0,    0,    0,    0,    0,    0,    0,    0,    0,    0,    0,   -7,    0,
       0,    0,    0,    0,   60,  -67,    0,  -67,  -47,    0,    0,    0,    0,    0,    0,    0,    0,    0,    0,  -33,  -33,    0,    0,    0,    0,    0,    0,    0,    0,    0,    0,    0,    0,    0,    0,    0,    0,    0,    0,    0,    0,    0,    0,    0,    0,    0,    0,    0,    0,    0,    0,    0,    0,    0,  -20,    0,    0,    0,    0,    0,    0,    0,    0,    0,    0,    0,    0,    0,    0,    0,    0,    0,    0,    0,    0,    0,   37,  -33,    0,   27,  -53,   13,    0,  -60,    0,   -7,    0,    0,   27,   -7,   13,    0,  -10,  -27,  -13,    0,  -17,    0,    0,   20,    0,    0,    0,  -17,    0,  -13,  -27,    0,    0,  -33,  -20,    0,    0,    0,    0,    0,    0,    0,    0,    0,    0,    0,    0,    0,    0,    0,    0,    0,    0,    0,    0,    0,    0,    0,    0,    0,    0,    0,    0,    0,    0,    0,    0,    0,    0,    0,    0,    0,    0,    0,    0,    0,    0,    0,    0,    0,    0,    0,    0,    0,    0,    0,    0,    0,    0,    0,   20,   20,    0,
       0,    0,    0,    0,  -33,    0,    0,    0,    0,    0,    0,    0,    0,    0,    0,    0,    0,    0,    0,    0,    0,  -20,    0,    0,    0,    0,    0,    0,    0,    0,    0,    0,    0,    0,    0,  -67,    0,    0,    0,    0,    0,    0,    0,    0,    0,    0,    0,    0,    0,    0,    0,    0,    0,    0,    0,    0,    0,    0,    0,    0,    0,    0,    0,    0,    0,    0,    0,    0,    0,    0,    0,    0,    0,    0,    0,    0,  -33,    0,    0,  -27,    0,    0,    0,    0,  -13,    0,    0,  -40,  -47,  -20,   20,  -47,    0,  -20,  -13,   -7,   -7,  -13,    0,  -27,  -13,  -20,    0,   -7,  -13,  -13,  -20,  -33,  -27,    0,  -27,    0,    0,    0,    0,    0,    0,    0,    0,    0,    0,    0,    0,    0,    0,    0,    0,    0,    0,    0,    0,    0,    0,    0,    0,    0,    0,    0,    0,    0,    0,    0,    0,    0,    0,    0,    0,    0,    0,    0,    0,    0,    0,    0,    0,    0,    0,    0,    0,    0,    0,    0,    0,    0,    0,    0,  -57,  -20,    0,
       0,    0,    0,    0,    0,    0,    0,    0,    0,    0,    0,    0,    0,    0,    0,    0,    0,    0,    0,  -13,  -13,    0,    0,    0,    0,    0,    0,    0,    0,    0,    0,    0,    0,    0,    0,  -20,    0,    0,    0,    0,    0,    0,    0,    0,    0,    0,    0,    0,    0,    0,    0,    0,    0,    0,    0,    0,    0,    0,    0,    0,    0,    0,    0,    0,    0,    0,    0,    0,    0,    0,    0,    0,    0,    0,    0,    0,    0,  -13,    0,    0,    0,    0,    0,   -7,    0,    0,    0,  -10,    0,    0,    0,  -13,    0,    0,    0,    0,    0,    0,    0,    0,   -7,    0,    0,    0,   -7,    0,    0,  -20,    0,    0,    0,    0,    0,    0,    0,    0,    0,    0,    0,    0,    0,    0,    0,    0,    0,    0,    0,    0,    0,    0,    0,    0,    0,    0,    0,    0,    0,    0,    0,    0,    0,    0,    0,    0,    0,    0,    0,    0,    0,    0,    0,    0,    0,    0,    0,    0,    0,    0,    0,    0,    0,    0,    0,    0,    0,    0,    0,    0,    0,
       0,    0,    0,    0,   20,    0,  -20,    0,    0,    0,    0,    0,    0,    0,    0,    0,    0,    0,    0,    0,    0,    0,    0,    0,    0,    0,    0,    0,    0,    0,    0,    0,    0,    0,    0,   13,    0,    0,    0,    0,    0,    0,    0,    0,    0,    0,    0,    0,    0,    0,    0,    0,    0,    0,  -27,    0,    0,    0,    0,    0,    0,    0,    0,    0,    0,    0,    0,    0,    0,    0,    0,    0,    0,    0,    0,    0,    0,    0,    0,    7,   20,    7,    0,    0,  -23,   20,    0,    0,   20,  -33,   30,    0,    0,  -13,    0,  -13,   -7,  -20,    0,  -13,    0,  -20,   20,   -7,    0,    0,  -13,  -33,  -20,    0,    0,    0,    0,    0,    0,    0,    0,    0,    0,    0,    0,    0,    0,    0,    0,    0,    0,    0,    0,    0,    0,    0,    0,    0,    0,    0,    0,    0,    0,    0,    0,    0,    0,    0,    0,    0,    0,    0,    0,    0,    0,    0,    0,    0,    0,    0,    0,    0,    0,    0,    0,    0,    0,    0,    0,    0,    0,    0,    0,
       0,    0,    0,    0,    0,    0,    0,    0,    0,    0,    0,    0,    0,    0,    0,    0,    0,    0,    0,    0,    0,    0,    0,    0,    0,    0,    0,    0,    0,    0,    0,    0,    0,    0,    0,  -20,    0,    0,    0,    0,    0,    0,    0,    0,    0,    0,    0,    0,    0,    0,    0,    0,    0,    0,  -13,    0,    0,    0,    0,    0,    0,    0,    0,    0,    0,    0,    0,    0,    0,    0,    0,    0,    0,    0,    0,    0,    0,    0,    0,    0,   13,    0,    0,    0,  -10,   13,    0,  -13,    0,  -13,   27,    0,    0,    0,    0,    0,    0,    0,    0,   -7,    0,    0,    0,    0,    0,  -13,    0,  -20,  -13,    0,    0,    0,    0,    0,    0,    0,    0,    0,    0,    0,    0,    0,    0,    0,    0,    0,    0,    0,    0,    0,    0,    0,    0,    0,    0,    0,    0,    0,    0,    0,    0,    0,    0,    0,    0,    0,    0,    0,    0,    0,    0,    0,    0,    0,    0,    0,    0,    0,    0,    0,    0,    0,    0,    0,    0,    0,  -20,    0,    0,
       0,    0,    0,    0,    0,  -33,    0,  -33,  -40,    0,    0,    0,    0,    0,    0,    0,    0,    0,    0,    0,    0,    0,    0,    0,    0,    0,    0,    0,    0,    0,    0,    0,    0,    0,    0,   20,    0,    0,    0,    0,    0,    0,    0,    0,    0,    0,    0,    0,    0,    0,    0,    0,    0,    0,  -13,  -13,    0,    0,    0,    0,    0,    0,    0,    0,    0,    0,    0,    0,    0,    0,    0,    0,    0,    0,    0,    0,    0,    0,    0,   27,  -27,    0,    0,  -27,  -10,    0,    0,    0,   13,   -7,   13,    0,    0,  -13,  -20,    0,    0,   -7,    0,    0,    0,    0,    0,    0,    0,  -20,  -13,  -13,  -13,  -13,  -13,    0,    0,    0,    0,    0,    0,    0,    0,    0,    0,    0,    0,    0,    0,    0,    0,    0,    0,    0,    0,    0,    0,    0,    0,    0,    0,    0,    0,    0,    0,    0,    0,    0,    0,    0,    0,    0,    0,    0,    0,    0,    0,    0,    0,    0,    0,    0,    0,    0,    0,    0,    0,    0,    0,    0,    0,    0,    0,
       0,    0,    0,    0,    0,    0,    0,    0,    0,    0,    0,    0,    0,    0,    0,    0,    0,    0,    0,  -20,  -20,    0,    0,    0,    0,    0,    0,    0,    0,    0,    0,    0,    0,    0,    0,    0,    0,    0,    0,    0,    0,    0,    0,    0,    0,    0,    0,    0,    0,    0,    0,    0,    0,    0,    0,    0,    0,    0,    0,    0,    0,    0,    0,    0,    0,    0,    0,    0,    0,    0,    0,    0,    0,    0,    0,    0,    0,  -20,    0,    0,    0,    0,    0,    0,    0,    0,    0,    0,    0,    0,    0,    0,    0,    0,    0,    0,    0,    0,    0,    0,    0,    0,    0,    0,    0,    0,    0,    0,    0,    0,    0,    0,    0,    0,    0,    0,    0,    0,    0,    0,    0,    0,    0,    0,    0,    0,    0,    0,    0,    0,    0,    0,    0,    0,    0,    0,    0,    0,    0,    0,    0,    0,    0,    0,    0,    0,    0,    0,    0,    0,    0,    0,    0,    0,    0,    0,    0,    0,    0,    0,    0,    0,    0,    0,    0,    0,    0,    0,    0,
       0,    0,    0,    0,    0,  -53,    0,  -53,  -47,    0,    0,    0,    0,    0,    0,    0,    0,    0,    0,  -33,  -33,    0,    0,    0,    0,    0,    0,    0,    0,    0,    0,    0,    0,    0,    0,  -20,    0,    0,    0,    0,    0,    0,    0,    0,    0,    0,    0,    0,    0,    0,    0,    0,    0,    0,    0,    0,    0,    0,    0,    0,    0,    0,    0,    0,    0,    0,    0,    0,    0,    0,    0,    0,    0,    0,    0,    0,    0,  -33,    0,    0,  -63,    0,  -17,  -53,    0,  -23,  -20,    0,    0,    0,   -7,    0,  -33,  -13,  -20,    0,  -13,    0,  -13,   13,    0,    0,  -13,  -13,    0,    0,  -13,    0,    0,   -7,    0,    0,    0,    0,    0,    0,    0,    0,    0,    0,    0,    0,    0,    0,    0,    0,    0,    0,    0,    0,    0,    0,    0,    0,    0,    0,    0,    0,    0,    0,    0,    0,    0,    0,    0,    0,    0,    0,    0,    0,    0,    0,    0,    0,    0,    0,    0,    0,    0,    0,    0,    0,    0,    0,    0,    0,    0,    0,    0,
       0,    0,    0,    0,    0,  -40,    0,  -40,  -20,    0,    0,    0,    0,    0,    0,    0,    0,    0,    0,  -27,  -27,    0,    0,    0,    0,    0,    0,    0,    0,    0,    0,    0,    0,    0,    0,  -47,    0,    0,    0,    0,    0,    0,    0,    0,    0,    0,    0,    0,    0,    0,    0,    0,    0,    0,    0,    0,    0,    0,    0,    0,    0,    0,    0,    0,    0,    0,    0,    0,    0,    0,    0,    0,    0,    0,    0,    0,    0,  -27,    0,    0,  -23,  -13,  -20,  -20,    0,    0,  -13,  -20,  -27,    0,  -13,    0,    0,    0,    0,    0,    0,    0,    0,    0,    0,    0,  -13,    0,    0,    0,    0,    0,    0,    0,    0,    0,    0,    0,    0,    0,    0,    0,    0,    0,    0,    0,    0,    0,    0,    0,    0,    0,    0,    0,    0,    0,    0,    0,    0,    0,    0,    0,    0,    0,    0,    0,    0,    0,    0,    0,    0,    0,    0,    0,    0,    0,    0,    0,    0,    0,    0,    0,    0,    0,    0,    0,    0,    0,    0,    0,    0,    0,    0,
       0,    0,    0,    0,   20,  -27,    0,  -27,    0,    0,    0,    0,    0,    0,    0,    0,    0,    0,    0,  -13,  -13,    0,    0,    0,    0,    0,    0,    0,    0,    0,    0,    0,    0,    0,    0,   20,    0,    0,    0,    0,    0,    0,    0,    0,    0,    0,    0,    0,    0,    0,    0,    0,    0,    0,  -13,    0,    0,    0,    0,    0,    0,    0,    0,    0,    0,    0,    0,    0,    0,    0,    0,    0,    0,    0,    0,    0,    0,  -13,    0,   33,   18,   13,    0,    0,  -20,   33,    0,    0,   20,  -20,   33,   20,    0,  -13,    0,    0,    0,  -13,    0,   -7,    0,    0,    0,    0,    0,  -13,  -13,  -27,  -13,    0,  -20,    0,    0,    0,    0,    0,    0,    0,    0,    0,    0,    0,    0,    0,    0,    0,    0,    0,    0,    0,    0,    0,    0,    0,    0,    0,    0,    0,    0,    0,    0,    0,    0,    0,    0,    0,    0,    0,    0,    0,    0,    0,    0,    0,    0,    0,    0,    0,    0,    0,    0,    0,    0,    0,    0,    0,    0,    0,    0,
       0,    0,    0,    0,   37,  -77,    0,  -77,  -33,    0,    0,    0,    0,    0,    0,    0,    0,    0,    0,  -40,  -40,    0,    0,    0,    0,    0,    0,    0,    0,    0,    0,    0,    0,    0,    0,   27,    0,    0,    0,    0,    0,    0,    0,    0,    0,    0,    0,    0,    0,    0,    0,    0,    0,    0,  -13,  -13,    0,    0,    0,    0,    0,    0,    0,    0,    0,    0,    0,    0,    0,    0,    0,    0,    0,    0,    0,    0,   27,  -40,    0,   33,  -53,    0,    0,  -53,    0,    0,    0,    0,   20,    0,   20,   13,   -7,  -20,  -13,    0,  -20,    0,    0,    0,   20,    0,    0,  -20,   13,    0,  -20,    0,    0,  -20,  -13,    0,    0,    0,    0,    0,    0,    0,    0,    0,    0,    0,    0,    0,    0,    0,    0,    0,    0,    0,    0,    0,    0,    0,    0,    0,    0,    0,    0,    0,    0,    0,    0,    0,    0,    0,    0,    0,    0,    0,    0,    0,    0,    0,    0,    0,    0,    0,    0,    0,    0,    0,    0,    0,    0,    0,    0,   20,    0,
       0,    0,    0,    0,    0,    0,    0,    0,    0,    0,    0,    0,    0,    0,    0,    0,    0,    0,    0,    0,    0,    0,    0,    0,    0,    0,    0,    0,    0,    0,    0,    0,    0,    0,    0,  -43,    0,    0,    0,    0,    0,    0,    0,    0,    0,    0,    0,    0,    0,    0,    0,    0,    0,    0,    0,    0,    0,    0,    0,    0,    0,    0,    0,    0,    0,    0,    0,    0,    0,    0,    0,    0,    0,    0,    0,    0,    0,    0,    0,    0,    0,    0,    0,    0,    0,    0,    0,    0,    0,    0,    0,    0,    0,    0,    0,    0,    0,    0,    0,    0,    0,   -9,   13,    0,    0,    0,    0,  -13,    0,    0,  -13,    0,    0,    0,    0,    0,    0,    0,    0,    0,    0,    0,    0,    0,    0,    0,    0,    0,    0,    0,    0,    0,    0,    0,    0,    0,    0,    0,    0,    0,    0,    0,    0,    0,    0,    0,    0,    0,    0,    0,    0,    0,    0,    0,    0,    0,    0,    0,    0,    0,    0,    0,    0,    0,    0,    0,    0,    0,    0,
       0,    0,    0,    0,    0,    0,    0,    0,    0,    0,    0,    0,    0,    0,    0,    0,    0,    0,    0,    0,    0,    0,    0,    0,    0,    0,    0,    0,    0,    0,    0,    0,    0,    0,    0,  -40,    0,    0,    0,    0,    0,    0,    0,    0,    0,    0,    0,    0,    0,    0,    0,    0,    0,    0,    0,    0,    0,    0,    0,    0,    0,    0,    0,    0,    0,    0,    0,    0,    0,    0,    0,    0,    0,    0,    0,    0,    0,    0,    0,    0,    0,    0,    0,    0,    0,    0,    0,    0,    0,    0,    0,    0,    0,   -7,    0,    0,    0,    0,    0,    0,    0,    0,    0,    0,    0,    0,   -7,    0,    0,    0,    0,    0,    0,    0,    0,    0,    0,    0,    0,    0,    0,    0,    0,    0,    0,    0,    0,    0,    0,    0,    0,    0,    0,    0,    0,    0,    0,    0,    0,    0,    0,    0,    0,    0,    0,    0,    0,    0,    0,    0,    0,    0,    0,    0,    0,    0,    0,    0,    0,    0,    0,    0,    0,    0,    0,    0,    0,    0,    0,
       0,    0,    0,    0,    0,    0,    0,    0,    0,    0,    0,    0,    0,    0,    0,    0,    0,    0,    0,    0,    0,    0,    0,    0,    0,    0,    0,    0,    0,    0,    0,    0,    0,    0,    0,  -37,    0,    0,    0,    0,    0,    0,    0,    0,    0,    0,    0,    0,    0,    0,    0,    0,    0,    0,    0,    0,    0,    0,    0,    0,    0,    0,    0,    0,    0,    0,    0,    0,    0,    0,    0,    0,    0,    0,    0,    0,    0,    0,    0,    0,    0,    0,    0,    0,    0,    0,    0,    0,    0,    0,    0,    0,    0,    0,    0,    0,    0,    0,    0,    0,    0,    0,    0,    0,    0,  -10,    0,  -10,   -7,    0,   -7,    0,    0,    0,    0,    0,    0,    0,    0,    0,    0,    0,    0,    0,    0,    0,    0,    0,    0,    0,    0,    0,    0,    0,    0,    0,    0,    0,    0,    0,    0,    0,    0,    0,    0,    0,    0,    0,    0,    0,    0,    0,    0,    0,    0,    0,    0,    0,    0,    0,    0,    0,    0,    0,    0,    0,    0,    0,    0,
       0,    0,    0,    0,    0,    0,    0,    0,   13,    0,    0,    0,    0,    0,    0,    0,    0,    0,    0,    0,    0,    0,    0,    0,    0,    0,    0,    0,    0,    0,    0,    0,    0,    0,    0,   27,    0,    0,    0,    0,    0,    0,    0,    0,    0,    0,    0,    0,    0,    0,    0,    0,    0,    0,    0,    0,    0,    0,    0,    0,    0,    0,    0,    0,    0,    0,    0,    0,    0,    0,    0,    0,    0,    0,    0,    0,    0,    0,    0,    0,    0,    0,    0,    0,    0,    0,    0,    0,    0,    0,    0,    0,    0,    0,    0,    0,    0,    0,    0,    0,    0,    0,   47,    0,    0,    0,    0,  -13,    0,    0,    0,    0,    0,    0,    0,    0,    0,    0,    0,    0,    0,    0,    0,    0,    0,    0,    0,    0,    0,    0,    0,    0,    0,    0,    0,    0,    0,    0,    0,    0,    0,    0,    0,    0,    0,    0,    0,    0,    0,    0,    0,    0,    0,    0,    0,    0,    0,    0,    0,    0,    0,    0,    0,    0,    0,    0,    0,    0,    0,
       0,    0,    0,    0,  -20,  -33,    0,  -33,    0,    0,    0,    0,    0,    0,    0,    0,    0,    0,    0,  -13,  -13,    0,    0,    0,    0,    0,    0,    0,    0,    0,    0,    0,    0,    0,    0,  -40,    0,    0,    0,    0,    0,    0,    0,    0,    0,    0,    0,    0,    0,    0,    0,    0,    0,    0,    0,    0,    0,    0,    0,    0,    0,    0,    0,    0,    0,    0,    0,    0,    0,    0,    0,    0,    0,    0,    0,    0,    0,  -13,    0,    0,    0,    0,    0,    0,    0,    0,    0,    0,    0,    0,    0,    0,    0,    0,    0,    0,    0,    0,    0,    0,    0,    0,    0,    0,    0,   -7,    0,    0,    0,    0,    0,    0,    0,    0,    0,    0,    0,    0,    0,    0,    0,    0,    0,    0,    0,    0,    0,    0,    0,    0,    0,    0,    0,    0,    0,    0,    0,    0,    0,    0,    0,    0,    0,    0,    0,    0,    0,    0,    0,    0,    0,    0,    0,    0,    0,    0,    0,    0,    0,    0,    0,    0,    0,    0,    0,    0,  -20,    0,    0,
       0,    0,    0,    0,  -20,  -33,    0,  -33,    0,    0,    0,    0,    0,    0,    0,    0,    0,    0,    0,  -13,  -13,    0,    0,    0,    0,    0,    0,    0,    0,    0,    0,    0,    0,    0,    0,  -53,    0,    0,    0,    0,    0,    0,    0,    0,    0,    0,    0,    0,    0,    0,    0,    0,    0,    0,    0,    0,    0,    0,    0,    0,    0,    0,    0,    0,    0,    0,    0,    0,    0,    0,    0,    0,    0,    0,    0,    0,    0,  -13,    0,    0,    0,    0,    0,    0,    0,    0,    0,    0,    0,    0,    0,    0,    0,    0,    0,    0,    0,    0,    0,    0,    0,    0,    0,    0,    0,   -7,    0,    0,    0,    0,    0,    0,    0,    0,    0,    0,    0,    0,    0,    0,    0,    0,    0,    0,    0,    0,    0,    0,    0,    0,    0,    0,    0,    0,    0,    0,    0,    0,    0,    0,    0,    0,    0,    0,    0,    0,    0,    0,    0,    0,    0,    0,    0,    0,    0,    0,    0,    0,    0,    0,    0,    0,    0,    0,    0,    0,  -20,    0,    0,
       0,    0,    0,    0,    0,  -40,    0,  -40,  -20,    0,    0,    0,    0,    0,    0,    0,    0,    0,    0,  -20,  -20,    0,    0,    0,    0,    0,    0,    0,    0,    0,    0,    0,    0,    0,    0,  -20,    0,    0,    0,    0,    0,    0,    0,    0,    0,    0,    0,    0,    0,    0,    0,    0,    0,    0,    0,    0,    0,    0,    0,    0,    0,    0,    0,    0,    0,    0,    0,    0,    0,    0,    0,    0,    0,    0,    0,    0,    0,  -20,    0,    0,    0,    0,    0,    0,    0,    0,    0,    0,    0,    0,    0,    0,    0,   -7,  -13,    0,    0,    0,    0,    0,    0,    0,  -20,    0,    0,   -7,   -7,    0,    0,    0,    0,    0,    0,    0,    0,    0,    0,    0,    0,    0,    0,    0,    0,    0,    0,    0,    0,    0,    0,    0,    0,    0,    0,    0,    0,    0,    0,    0,    0,    0,    0,    0,    0,    0,    0,    0,    0,    0,    0,    0,    0,    0,    0,    0,    0,    0,    0,    0,    0,    0,    0,    0,    0,    0,    0,    0,    0,    0,    0,
       0,    0,    0,    0,  -20,  -33,    0,  -33,    0,    0,    0,    0,    0,    0,    0,    0,    0,    0,    0,  -13,  -13,    0,    0,    0,    0,    0,    0,    0,    0,    0,    0,    0,    0,    0,    0,  -47,    0,    0,    0,    0,    0,    0,    0,    0,    0,    0,    0,    0,    0,    0,    0,    0,    0,    0,    0,    0,    0,    0,    0,    0,    0,    0,    0,    0,    0,    0,    0,    0,    0,    0,    0,    0,    0,    0,    0,    0,    0,  -13,    0,    0,    0,    0,    0,    0,    0,    0,    0,    0,    0,    0,    0,    0,    0,    0,    0,    0,    0,    0,    0,    0,    0,    0,    0,    0,    0,   -7,    0,    0,    0,    0,    0,    0,    0,    0,    0,    0,    0,    0,    0,    0,    0,    0,    0,    0,    0,    0,    0,    0,    0,    0,    0,    0,    0,    0,    0,    0,    0,    0,    0,    0,    0,    0,    0,    0,    0,    0,    0,    0,    0,    0,    0,    0,    0,    0,    0,    0,    0,    0,    0,    0,    0,    0,    0,    0,    0,    0,  -20,    0,    0,
       0,    0,    0,   50,    0,   20,    0,   20,   37,    0,    0,    0,    0,    0,    0,    0,    0,    0,    0,    0,    0,    0,    0,    0,    0,    0,    0,    0,    0,    0,    0,    0,    0,    0,    0,   20,   37,    0,    0,    0,    0,    0,    0,    0,    0,    0,    0,    0,    0,    0,    0,    0,   37,    0,    0,    0,    0,    0,    0,    0,    0,    0,    0,    0,    0,    0,    0,    0,    0,    0,    0,    0,    0,    0,    0,    0,    0,    0,    0,   27,    0,    0,    0,    0,    0,    0,    0,    0,    0,    0,    0,    0,    0,    0,    0,    0,    7,    0,    0,  -27,    0,  -20,   20,   27,   -7,    0,    0,  -40,   13,    0,  -13,    0,    0,    0,    0,    0,    0,    0,    0,    0,    0,    0,    0,    0,    0,    0,    0,    0,    0,    0,    0,    0,    0,    0,    0,    0,    0,    0,    0,    0,    0,    0,    0,    0,    0,    0,    0,    0,    0,    0,    0,    0,    0,    0,    0,    0,    0,    0,    0,    0,    0,    0,    0,    0,    0,    0,    0,   13,    0,
       0,    0,    0,    0,    0,  -20,    0,  -20,    0,    0,    0,    0,    0,    0,    0,    0,    0,    0,    0,    0,    0,    0,    0,    0,    0,    0,    0,    0,    0,    0,    0,    0,    0,    0,    0,    0,    0,    0,    0,    0,    0,    0,    0,    0,    0,    0,    0,    0,    0,    0,    0,    0,    0,    0,    0,    0,    0,    0,    0,    0,    0,    0,    0,    0,    0,    0,    0,    0,    0,    0,    0,    0,    0,    0,    0,    0,    0,    0,    0,    0,    0,    0,    0,    0,    0,    0,    0,    0,    0,    0,    0,    0,    0,    0,   -7,    0,    0,    0,   -7,    0,    0,    0,   -9,    0,    0,   -7,    0,    0,    0,    0,    0,    0,    0,    0,    0,    0,    0,    0,    0,    0,    0,    0,    0,    0,    0,    0,    0,    0,    0,    0,    0,    0,    0,    0,    0,    0,    0,    0,    0,    0,    0,    0,    0,    0,    0,    0,    0,    0,    0,    0,    0,    0,    0,    0,    0,    0,    0,    0,    0,    0,    0,    0,    0,    0,    0,    0,    0,   20,    0,
       0,    0,    0,    0,  -20,    0,    0,    0,   20,    0,    0,    0,    0,    0,    0,    0,    0,    0,    0,    0,    0,    0,    0,    0,    0,    0,    0,    0,    0,    0,    0,    0,    0,    0,    0,  -40,    0,    0,    0,    0,    0,    0,    0,    0,    0,    0,    0,    0,    0,    0,    0,    0,    0,    0,    0,    0,    0,    0,    0,    0,    0,    0,    0,    0,    0,    0,    0,    0,    0,    0,    0,    0,    0,    0,    0,    0,    0,    0,    0,    0,    0,    0,    0,    0,    0,    0,    0,    0,    0,    0,    0,    0,    0,    0,    0,    0,    0,    0,    0,    0,    0,    0,    0,    0,    0,    0,    0,  -13,  -13,    0,   -7,    0,    0,    0,    0,    0,    0,    0,    0,    0,    0,    0,    0,    0,    0,    0,    0,    0,    0,    0,    0,    0,    0,    0,    0,    0,    0,    0,    0,    0,    0,    0,    0,    0,    0,    0,    0,    0,    0,    0,    0,    0,    0,    0,    0,    0,    0,    0,    0,    0,    0,    0,    0,    0,    0,    0,  -20,    0,    0,
       0,    0,    0,    0,    0,   13,    0,   13,    0,    0,    0,    0,    0,    0,    0,    0,    0,    0,    0,    0,    0,    0,    0,    0,    0,    0,    0,    0,    0,    0,    0,    0,    0,    0,    0,  -37,    0,    0,    0,    0,    0,    0,    0,    0,    0,    0,    0,    0,    0,    0,    0,    0,    0,    0,    0,    0,    0,    0,    0,    0,    0,    0,    0,    0,    0,    0,    0,    0,    0,    0,    0,    0,    0,    0,    0,    0,    0,    0,    0,    0,    0,    0,    0,    0,    0,    0,    0,    0,    0,    0,    0,    0,    0,    0,    0,    0,    0,    0,    0,   13,    0,    0,    0,    0,    0,    0,    0,    0,    0,    0,    0,    0,    0,    0,    0,    0,    0,    0,    0,    0,    0,    0,    0,    0,    0,    0,    0,    0,    0,    0,    0,    0,    0,    0,    0,    0,    0,    0,    0,    0,    0,    0,    0,    0,    0,    0,    0,    0,    0,    0,    0,    0,    0,    0,    0,    0,    0,    0,    0,    0,    0,    0,    0,    0,    0,    0,    0,    0,    0,
       0,    0,    0,    0,  -20,    0,    0,    0,    0,    0,    0,    0,    0,    0,    0,    0,    0,    0,    0,    0,    0,    0,    0,    0,    0,    0,    0,    0,    0,    0,    0,    0,    0,    0,    0,  -63,    0,    0,    0,    0,    0,    0,    0,    0,    0,    0,    0,    0,    0,    0,    0,    0,    0,    0,    0,    0,    0,    0,    0,    0,    0,    0,    0,    0,    0,    0,    0,    0,    0,    0,    0,    0,    0,    0,    0,    0,    0,    0,  -33,    0,    0,    0,    0,    0,    0,    0,    0,    0,    0,    0,    0,    0,    0,    0,    0,    0,    0,    0,    0,  -13,    0,  -13,   13,    0,    0,    0,    0,  -20,   -7,    0,  -20,    0,    0,    0,    0,    0,    0,    0,    0,    0,    0,    0,    0,    0,    0,    0,    0,    0,    0,    0,    0,    0,    0,    0,    0,    0,    0,    0,    0,    0,    0,    0,    0,    0,    0,    0,    0,    0,    0,    0,    0,    0,    0,    0,    0,    0,    0,    0,    0,    0,    0,    0,    0,    0,    0,    0,  -43,  -40,    0,
       0,    0,    0,   27,    0,    0,    0,    0,   27,    0,    0,    0,    0,    0,    0,    0,    0,    0,    0,    0,    0,    0,    0,    0,    0,    0,    0,    0,    0,    0,    0,    0,    0,    0,    0,    0,   20,    0,    0,    0,    0,    0,    0,    0,    0,    0,    0,    0,    0,    0,    0,    0,   23,    0,    0,    0,    0,    0,    0,    0,    0,    0,    0,    0,    0,    0,    0,    0,    0,    0,    0,    0,    0,    0,    0,    0,    0,    0,    0,   13,    0,    0,    0,    0,    0,    0,    0,    0,    0,    0,    0,    0,    0,  -13,   -7,    0,    0,    0,    0,    0,    0,  -13,   13,    7,    0,   -7,   -7,  -13,    0,    0,  -27,    0,    0,    0,    0,    0,    0,    0,    0,    0,    0,    0,    0,    0,    0,    0,    0,    0,    0,    0,    0,    0,    0,    0,    0,    0,    0,    0,    0,    0,    0,    0,    0,    0,    0,    0,    0,    0,    0,    0,    0,    0,    0,    0,    0,    0,    0,    0,    0,    0,    0,    0,    0,    0,    0,    0,    0,    0,    0,
       0,    0,    0,    0,    0,    0,    0,    0,    0,    0,    0,    0,    0,    0,    0,    0,    0,    0,    0,    0,    0,    0,    0,    0,    0,    0,    0,    0,    0,    0,    0,    0,    0,    0,    0,    0,    0,    0,    0,    0,    0,    0,    0,    0,    0,    0,    0,    0,    0,    0,    0,    0,    0,    0,    0,    0,    0,    0,    0,    0,    0,    0,    0,    0,    0,    0,    0,    0,    0,    0,    0,    0,    0,    0,    0,    0,    0,    0,    0,    0,    0,    0,    0,    0,    0,    0,    0,    0,    0,    0,    0,    0,    0,    0,   -7,    0,    0,    0,    0,   13,    0,    0,    0,    0,    0,    0,    0,    0,    0,    0,  -13,    0,    0,    0,    0,    0,    0,    0,    0,    0,    0,    0,    0,    0,    0,    0,    0,    0,    0,    0,    0,    0,    0,    0,    0,    0,    0,    0,    0,    0,    0,    0,    0,    0,    0,    0,    0,    0,    0,    0,    0,    0,    0,    0,    0,    0,    0,    0,    0,    0,    0,    0,    0,    0,    0,    0,    0,    0,    0,
       0,    0,    0,    0,    0,    0,    0,    0,   20,    0,    0,    0,    0,    0,    0,    0,    0,    0,    0,    0,    0,    0,    0,    0,    0,    0,    0,    0,    0,    0,    0,    0,    0,    0,    0,  -20,   33,    0,    0,    0,    0,    0,    0,    0,    0,    0,    0,    0,    0,    0,    0,    0,   27,    0,    0,    0,    0,    0,    0,    0,    0,    0,    0,    0,    0,    0,    0,    0,    0,    0,    0,    0,    0,    0,    0,    0,    0,    0,    0,    0,    0,    0,    0,    0,    0,    0,    0,    0,    0,    0,    0,    0,    0,    0,    0,    0,    0,    0,    0,    0,    0,    0,    0,    0,    0,    0,    0,    0,    0,    0,    0,    0,    0,    0,    0,    0,    0,    0,    0,    0,    0,    0,    0,    0,    0,    0,    0,    0,    0,    0,    0,    0,    0,    0,    0,    0,    0,    0,    0,    0,    0,    0,    0,    0,    0,    0,    0,    0,    0,    0,    0,    0,    0,    0,    0,    0,    0,    0,    0,    0,    0,    0,    0,    0,    0,    0,    0,    0,    0,
       0,    0,    0,    0,   27,  -33,    0,  -33,    0,    0,    0,    0,    0,    0,    0,    0,    0,    0,    0,    0,    0,    0,    0,    0,    0,    0,    0,    0,    0,    0,    0,    0,    0,    0,    0,    0,    0,    0,    0,    0,    0,    0,    0,    0,    0,    0,    0,    0,    0,    0,    0,    0,    0,    0,    0,    0,    0,    0,    0,    0,    0,    0,    0,    0,    0,    0,    0,    0,    0,    0,    0,    0,    0,    0,    0,    0,    0,    0,    0,    0,    0,    0,    0,    0,    0,    0,    0,    0,    0,    0,    0,    0,    0,   -7,   -7,   13,    0,   20,    0,   20,    0,    0,   -7,    0,    0,    0,   -7,    0,   13,    0,  -13,    0,    0,    0,    0,    0,    0,    0,    0,    0,    0,    0,    0,    0,    0,    0,    0,    0,    0,    0,    0,    0,    0,    0,    0,    0,    0,    0,    0,    0,    0,    0,    0,    0,    0,    0,    0,    0,    0,    0,    0,    0,    0,    0,    0,    0,    0,    0,    0,    0,    0,    0,    0,    0,    0,    0,    0,   23,    0,
       0,    0,    0,    0,   27,  -20,    0,  -20,    0,    0,    0,    0,    0,    0,    0,    0,    0,    0,    0,  -13,  -13,    0,    0,    0,    0,    0,    0,    0,    0,    0,    0,    0,    0,    0,    0,    0,    0,    0,    0,    0,    0,    0,    0,    0,    0,    0,    0,    0,    0,    0,    0,    0,    0,    0,    0,    0,    0,    0,    0,    0,    0,    0,    0,    0,    0,    0,    0,    0,    0,    0,    0,    0,    0,    0,    0,    0,   20,  -13,    0,    0,    0,    0,    0,    0,    0,    0,    0,    0,    0,    0,    0,    0,    0,  -13,  -10,   13,    0,    0,    0,   20,    0,    0,    0,    0,    0,    0,  -13,    0,    7,  -13,   -7,    0,    0,    0,    0,    0,    0,    0,    0,    0,    0,    0,    0,    0,    0,    0,    0,    0,    0,    0,    0,    0,    0,    0,    0,    0,    0,    0,    0,    0,    0,    0,    0,    0,    0,    0,    0,    0,    0,    0,    0,    0,    0,    0,    0,    0,    0,    0,    0,    0,    0,    0,    0,    0,    0,    0,    0,   37,    0,
       0,    0,    0,   73,    0,   27,    0,    0,    0,    0,    0,    0,    0,    0,    0,    0,    0,    0,    0,    0,   20,    0,    0,    0,    0,    0,    0,    0,    0,    0,    0,    0,    0,    0,    0,    0,   53,    0,    0,    0,    0,    0,    0,    0,    0,    0,    0,    0,    0,    0,    0,    0,   57,    0,    0,    0,    0,    0,    0,    0,    0,    0,    0,    0,    0,    0,    0,    0,    0,    0,    0,    0,    0,    0,    0,    0,    0,   33,    0,    0,    0,    0,    0,    0,    0,    0,    0,    0,    0,    0,    0,    0,    0,   -7,   -7,   13,    0,    0,   13,   27,    0,    0,    0,   27,    0,    0,   13,    0,   13,    0,  -20,    0,    0,    0,    0,    0,    0,    0,    0,    0,    0,    0,    0,    0,    0,    0,    0,    0,    0,    0,    0,    0,    0,    0,    0,    0,    0,    0,    0,    0,    0,    0,    0,    0,    0,    0,    0,    0,    0,    0,    0,    0,    0,    0,    0,    0,    0,    0,    0,    0,    0,    0,    0,    0,    0,    0,    0,   13,    0,
       0,    0,    0,    0,    0,  -20,    0,  -20,    0,    0,    0,    0,    0,    0,    0,    0,    0,    0,    0,    0,    0,    0,    0,    0,    0,    0,    0,    0,    0,    0,    0,    0,    0,    0,    0,  -20,    0,    0,    0,    0,    0,    0,    0,    0,    0,    0,    0,    0,    0,    0,    0,    0,    0,    0,    0,    0,    0,    0,    0,    0,    0,    0,    0,    0,    0,    0,    0,    0,    0,    0,    0,    0,    0,    0,    0,    0,    0,    0,    0,    0,    0,    0,    0,    0,    0,    0,    0,    0,    0,    0,    0,    0,    0,    0,    0,    0,    0,    0,    0,    0,    0,    0,    0,    0,    0,    0,    0,    0,   -7,    0,    0,    0,    0,    0,    0,    0,    0,    0,    0,    0,    0,    0,    0,    0,    0,    0,    0,    0,    0,    0,    0,    0,    0,    0,    0,    0,    0,    0,    0,    0,    0,    0,    0,    0,    0,    0,    0,    0,    0,    0,    0,    0,    0,    0,    0,    0,    0,    0,    0,    0,    0,    0,    0,    0,    0,    0,    0,    0,    0,
       0,    0,    0,    0,    0,  -47,    0,  -47,    0,    0,    0,    0,    0,    0,    0,    0,    0,    0,    0,    0,    0,    0,    0,    0,    0,    0,    0,    0,    0,    0,    0,    0,    0,    0,    0,    0,    0,    0,    0,    0,    0,    0,    0,    0,    0,    0,    0,    0,    0,    0,    0,    0,    0,    0,    0,    0,    0,    0,    0,    0,    0,    0,    0,    0,    0,    0,    0,    0,    0,    0,    0,    0,    0,    0,    0,    0,   20,    0,    0,    0,    0,    0,    0,    0,    0,    0,    0,    0,    0,    0,    0,    0,    0,   -7,  -20,   13,    0,    0,    0,   27,    0,    0,  -27,    0,    0,    0,   -7,    0,   20,    0,    0,    0,    0,    0,    0,    0,    0,    0,    0,    0,    0,    0,    0,    0,    0,    0,    0,    0,    0,    0,    0,    0,    0,    0,    0,    0,    0,    0,    0,    0,    0,    0,    0,    0,    0,    0,    0,    0,    0,    0,    0,    0,    0,    0,    0,    0,    0,    0,    0,    0,    0,    0,    0,    0,    0,    0,    0,    0,    0,
       0,    0,    0,    0,   40,  -40,  -33,  -40,  -47,    0,    0,    0,    0,    0,    0,    0,    0,    0,    0,    0,    0,    0,    0,    0,    0,    0,    0,    0,    0,    0,    0,    0,    0,    0,    0,   27,    0,    0,    0,    0,    0,    0,    0,    0,    0,    0,    0,    0,    0,    0,    0,    0,    0,    0,  -20,  -13,    0,    0,    0,    0,    0,    0,    0,    0,    0,    0,    0,    0,    0,    0,    0,    0,    0,    0,    0,    0,    0,    0,    0,    0,  -60,   20,    0,  -60,    0,    0,    0,    0,   27,   -7,   20,    0,  -47,  -53,  -47,    0,  -27,    0,    0,   13,    0,    0,    0,  -27,    0,  -13,  -53,  -13,  -13,  -27,  -27,    0,    0,    0,    0,    0,    0,    0,    0,    0,    0,    0,    0,    0,    0,    0,    0,    0,    0,    0,    0,    0,    0,    0,    0,    0,    0,    0,    0,    0,    0,    0,    0,    0,    0,    0,    0,    0,    0,    0,    0,    0,    0,    0,    0,    0,    0,    0,    0,    0,    0,    0,    0,    0,    0,    0,    0,   27,    0,
       0,    0,    0,    0,   20,    0,    0,    0,    0,    0,    0,    0,    0,    0,    0,    0,    0,    0,    0,  -20,  -20,    0,    0,    0,    0,    0,    0,    0,    0,    0,    0,    0,    0,    0,    0,    0,    0,    0,    0,    0,    0,    0,    0,    0,    0,    0,    0,    0,    0,    0,    0,    0,    0,    0,    0,    0,    0,    0,    0,    0,    0,    0,    0,    0,    0,    0,    0,    0,    0,    0,    0,    0,    0,    0,    0,    0,    0,  -20,    0,    0,    0,    0,    0,    0,    0,    0,    0,    0,    0,    0,    0,    0,    0,    0,    0,    0,    0,    0,    0,    0,    0,    0,    0,    0,    0,    0,    0,    0,    0,    0,    0,    0,    0,   -7,    0,    0,    0,    0,   -7,    0,    0,    0,    0,    0,    0,    0,    0,    0,    0,    0,   -7,    0,    0,   -7,   -7,   -7,    0,    0,    0,    0,    0,    0,    0,    0,    0,    0,    0,    0,    0,    0,    0,    0,    0,    0,    0,    0,    0,    0,    0,  -13,    0,    0,    0,    0,    0,    0,    0,    0,    0,
       0,    0,    0,    0,    0,    0,    0,    0,    0,    0,    0,    0,    0,    0,    0,    0,    0,    0,    0,    0,    0,    0,    0,    0,    0,    0,    0,    0,    0,    0,    0,    0,    0,    0,    0,  -40,    0,    0,    0,    0,    0,    0,    0,    0,    0,    0,    0,    0,    0,    0,    0,    0,    0,    0,    0,    0,    0,    0,    0,    0,    0,    0,    0,    0,    0,    0,    0,    0,    0,    0,    0,    0,    0,    0,    0,    0,    0,    0,    0,    0,    0,    0,    0,    0,    0,    0,    0,    0,    0,    0,    0,    0,    0,    0,    0,    0,    0,    0,    0,    0,    0,    0,    0,    0,    0,    0,    0,    0,    0,    0,    0,    0,  -27,    0,    0,   33,   13,  -17,   13,    0,   27,   20,    0,   13,    0,    0,   27,  -47,    0,   13,    0,    0,    0,    0,    0,    0,    0,    0,    0,    0,    0,  -13,    0,   -7,    0,    0,    0,    0,    0,    0,   50,    0,  -50,  -13,    0,    0,    0,  -27,  -27,    0,    0,    0,    0,    0,    0,    0,  -27,    0,    0,
       0,    0,    0,    0,    0,    0,    0,    0,    0,    0,    0,    0,    0,    0,    0,    0,    0,    0,    0,    0,    0,    0,    0,    0,    0,    0,    0,    0,    0,    0,    0,    0,    0,    0,    0,    0,    0,    0,    0,    0,    0,    0,    0,    0,    0,    0,    0,    0,    0,    0,    0,    0,    0,    0,    0,    0,    0,    0,    0,    0,    0,    0,    0,    0,    0,    0,    0,    0,    0,    0,    0,    0,    0,    0,    0,    0,    0,    0,    0,    0,    0,    0,    0,    0,    0,    0,    0,    0,    0,    0,    0,    0,    0,    0,    0,    0,    0,    0,    0,    0,    0,    0,    0,    0,    0,    0,    0,    0,    0,    0,    0,    0,    0,    0,    0,    0,    0,    0,    0,    0,    0,    0,    0,    0,    0,  -13,    0,    0,    0,    0,    0,    0,    0,    0,    0,    0,    0,    0,    0,    0,    0,    0,    0,    0,    0,    0,    0,    0,    0,    0,    0,    0,    0,    0,    0,    0,    0,    0,    0,    0,    0,    0,    0,    0,    0,    0,    0,    0,    0,
       0,    0,    0,    0,    0,  -20,    0,  -20,    0,    0,    0,    0,    0,    0,    0,    0,    0,    0,    0,  -27,  -27,    0,    0,    0,    0,    0,    0,    0,    0,    0,    0,    0,    0,    0,    0,  -13,    0,    0,    0,    0,    0,    0,    0,    0,    0,    0,    0,    0,    0,    0,    0,    0,    0,    0,    0,    0,    0,    0,    0,    0,    0,    0,    0,    0,    0,    0,    0,    0,    0,    0,    0,    0,    0,    0,    0,    0,    0,  -27,    0,    0,    0,    0,    0,    0,    0,    0,    0,    0,    0,    0,    0,    0,    0,    0,    0,    0,    0,    0,    0,    0,    0,    0,    0,    0,    0,    0,    0,    0,    0,    0,    0,    0,  -12,    0,    0,    0,    0,   -7,    0,    0,    0,    0,    0,    0,    0,    0,    0,    0,    0,    0,    0,    0,    0,    0,  -13,    0,    0,    0,    0,    0,    0,    0,    0,    0,    0,    0,    0,    0,    0,    0,    0,    0,   -7,    0,    0,    0,    0,  -13,    0,    0,    0,    0,    0,    0,    0,  -13,    0,    0,    0,
       0,    0,    0,    0,    0,  -20,    0,  -20,    0,    0,    0,    0,    0,    0,    0,    0,    0,    0,    0,  -27,  -27,    0,    0,    0,    0,    0,    0,    0,    0,    0,    0,    0,    0,    0,    0,    0,    0,    0,    0,    0,    0,    0,    0,    0,    0,    0,    0,    0,    0,    0,    0,    0,    0,    0,  -27,  -13,    0,    0,    0,    0,    0,    0,    0,    0,    0,    0,    0,    0,    0,    0,    0,    0,    0,    0,    0,    0,    0,  -27,    0,    0,    0,    0,    0,    0,    0,    0,    0,    0,    0,    0,    0,    0,    0,    0,    0,    0,    0,    0,    0,    0,    0,    0,    0,    0,    0,    0,    0,    0,    0,    0,    0,    0,    0,  -10,    0,    0,    0,    0,    0,    0,    0,    0,    0,    0,    0,  -13,    0,    0,    0,    0,  -13,  -13,   -7,  -13,  -13,   -7,   -7,   -7,  -13,  -13,   -7,    0,   -9,  -20,   -7,    0,   20,   -7,    0,    0,    0,   20,    0,    0,    0,    0,  -13,    0,  -13,  -13,    0,    0,    0,  -13,    0,  -13,    0,    0,    0,
       0,    0,    0,    0,   33,  -40,    0,  -40,  -20,    0,    0,    0,    0,    0,    0,    0,    0,    0,    0,  -33,  -33,    0,    0,    0,    0,    0,    0,    0,    0,    0,    0,    0,    0,    0,    0,   20,    0,    0,    0,    0,    0,    0,    0,    0,    0,    0,    0,    0,    0,    0,    0,    0,    0,    0,    0,    0,    0,    0,    0,    0,    0,    0,    0,    0,    0,    0,    0,    0,    0,    0,    0,    0,    0,    0,    0,    0,    0,  -33,    0,    0,    0,    0,    0,    0,    0,    0,    0,    0,    0,    0,    0,    0,    0,    0,    0,    0,    0,    0,    0,    0,    0,    0,    0,    0,    0,    0,    0,    0,    0,    0,    0,    0,    0,   -7,    0,    0,  -13,   13,  -20,   17,  -13,    0,    0,  -13,    0,    0,   20,    0,    0,  -13,  -10,    0,    0,  -10,  -13,  -20,    0,    0,  -20,   -7,    0,    0,    0,    0,    0,    0,   27,    0,    0,   13,    0,   27,    0,    0,    0,    0,  -13,    0,    0,  -13,    0,  -13,    0,    0,    0,  -20,    0,    0,    0,
       0,    0,    0,  -33,  -40,    0,    0,    0,    0,    0,    0,    0,    0,    0,    0,    0,    0,    0,    0,    0,    0,    0,    0,    0,    0,    0,    0,    0,    0,    0,    0,    0,    0,    0,    0,  -60,    0,    0,    0,    0,    0,    0,    0,    0,    0,    0,    0,    0,    0,    0,    0,    0,    0,    0,    0,    0,    0,    0,    0,    0,    0,    0,    0,    0,    0,    0,    0,    0,    0,    0,    0,    0,    0,    0,    0,    0,    0,    0,    0,    0,    0,    0,    0,    0,    0,    0,    0,    0,    0,    0,    0,    0,    0,    0,    0,    0,    0,    0,    0,    0,    0,    0,    0,    0,    0,    0,    0,    0,    0,    0,    0,    0,  -47,    0,    0,    0,    0,  -20,    0,    0,    0,    0,    0,    0,    0,    0,    0,  -60,    0,   13,    0,    0,    0,    0,    0,    0,    0,    0,    0,    0,    0,  -13,    0,  -13,    0,    0,    0,    0,    0,    0,    0,    0,  -60,  -13,    0,    0,    0,  -47,  -47,    0,    0,    0,    0,    0,    0,  -27,  -40,  -37,    0,
       0,    0,    0,    0,  -27,    0,    0,    0,    0,    0,    0,    0,    0,    0,    0,    0,    0,    0,    0,    0,    0,    0,    0,    0,    0,    0,    0,    0,    0,    0,    0,    0,    0,    0,    0,  -57,    0,    0,    0,    0,    0,    0,    0,    0,    0,    0,    0,    0,    0,    0,    0,    0,    0,    0,    0,    0,    0,    0,    0,    0,    0,    0,    0,    0,    0,    0,    0,    0,    0,    0,    0,    0,    0,    0,    0,    0,    0,    0,    0,    0,    0,    0,    0,    0,    0,    0,    0,    0,    0,    0,    0,    0,    0,    0,    0,    0,    0,    0,    0,    0,    0,    0,    0,    0,    0,    0,    0,    0,    0,    0,    0,    0,  -73,  -20,    0,    0,    0,  -27,    0,    0,    0,    0,    0,    0,    0,  -33,   20,  -73,    0,    0,  -13,  -20,    0,  -13,    0,    0,  -13,  -13,    0,    0,  -13,  -33,    0,  -60,  -20,    0,    0,    0,    0,    0,    0,    0,  -87,  -33,    0,    0,    0,  -60,  -60,  -33,    0,    0,    0,    0,    0,  -33,  -53,  -47,    0,
       0,    0,    0,    0,   20,    0,  -20,    0,    0,    0,    0,    0,    0,    0,    0,    0,    0,    0,    0,    0,    0,    0,    0,    0,    0,    0,    0,    0,    0,    0,    0,    0,    0,    0,    0,   13,    0,    0,    0,    0,    0,    0,    0,    0,    0,    0,    0,    0,    0,    0,    0,    0,    0,    0,  -27,    0,    0,    0,    0,    0,    0,    0,    0,    0,    0,    0,    0,    0,    0,    0,    0,    0,    0,    0,    0,    0,    0,    0,    0,    0,    0,    0,    0,    0,    0,    0,    0,    0,    0,    0,    0,    0,    0,    0,    0,    0,    0,    0,    0,    0,    0,    0,    0,    0,    0,    0,    0,    0,    0,    0,    0,    0,    0,  -17,    0,    0,   20,    0,   13,    7,   33,   27,    0,   20,   20,  -27,   30,    0,  -13,   27,  -13,  -20,    0,  -13,    0,  -13,  -20,  -13,    0,    0,  -13,  -13,    0,  -27,  -20,    0,   27,  -13,    0,    0,    0,   27,    0,  -13,    0,    0,    0,    0,    0,  -56,    0,   23,    0,  -13,    0,  -27,    0,    0,    0,
       0,    0,    0,    0,   57,  -80,    0,  -80,  -60,    0,    0,    0,    0,    0,    0,    0,    0,    0,    0,  -33,  -33,    0,    0,    0,    0,    0,    0,    0,    0,    0,    0,    0,    0,    0,    0,   37,    0,    0,    0,    0,    0,    0,    0,    0,    0,    0,    0,    0,    0,    0,    0,    0,    0,    0,    0,  -20,    0,    0,    0,    0,    0,    0,    0,    0,    0,    0,    0,    0,    0,    0,    0,    0,    0,    0,    0,    0,    0,  -33,    0,    0,    0,    0,    0,    0,    0,    0,    0,    0,    0,    0,    0,    0,    0,    0,    0,    0,    0,    0,    0,    0,    0,    0,    0,    0,    0,    0,    0,    0,    0,    0,    0,    0,   13,  -10,    0,    0,  -57,    9,  -87,   20,  -53,   10,    0,  -57,    0,  -13,   27,   27,    0,  -33,  -50,   -7,   -7,  -57,  -40,  -33,  -13,  -13, -100,  -27,  -13,    0,  -20,  -13,  -13,  -67,   47,  -40,    0,   13,    0,   47,   27,    0,    0,    0,  -13,   27,    0,  -53,    0, -120,    0,  -20,    0,  -20,    0,   33,    0,
       0,    0,    0,    0,  -33,    0,    0,    0,    0,    0,    0,    0,    0,    0,    0,    0,    0,    0,    0,    0,    0,  -20,    0,    0,    0,    0,    0,    0,    0,    0,    0,    0,    0,    0,    0, -107,    0,    0,    0,    0,    0,    0,    0,    0,    0,    0,    0,    0,    0,    0,    0,    0,    0,    0,  -20,    0,    0,    0,    0,    0,    0,    0,    0,    0,    0,    0,    0,    0,    0,    0,    0,    0,    0,    0,    0,    0,  -37,    0,    0,    0,    0,    0,    0,    0,    0,    0,    0,    0,    0,    0,    0,    0,    0,    0,    0,    0,    0,    0,    0,    0,    0,    0,    0,    0,    0,    0,    0,    0,    0,    0,    0,   13,  -40,  -27,    0,    0,   27,  -20,   23,    7,   27,   33,    0,   27,   27,  -20,   43,  -87,    0,   27,    0,  -20,    0,    0,    0,    0,   -9,  -13,    0,    0,  -13,  -40,    0,  -53,  -33,    0,    0,    0,  -13,  -13,    0,    0,  -80,  -40,    0,    0,    0,  -53,  -70,  -40,    0,   33,   -7,    0,    0,  -13,  -67,  -53,    0,
       0,    0,    0,    0,    0,    0,    0,    0,    0,    0,    0,    0,    0,    0,    0,    0,    0,    0,    0,    0,    0,    0,    0,    0,    0,    0,    0,    0,    0,    0,    0,    0,    0,    0,    0,    0,    0,    0,    0,    0,    0,    0,    0,    0,    0,    0,    0,    0,    0,    0,    0,    0,    0,    0,    0,    0,    0,    0,    0,    0,    0,    0,    0,    0,    0,    0,    0,    0,    0,    0,    0,    0,    0,    0,    0,    0,    0,    0,    0,    0,    0,    0,    0,    0,    0,    0,    0,    0,    0,    0,    0,    0,    0,    0,    0,    0,    0,    0,    0,    0,    0,    0,    0,    0,    0,    0,    0,    0,    0,    0,    0,    0,  -13,    0,    0,    0,    0,  -13,    0,    0,    0,    0,    0,    0,    0,    0,    0,  -13,    0,    0,    0,    0,    0,    0,    0,    0,    0,    0,    0,    0,    0,    0,    0,    0,    0,    0,    0,    0,    0,    0,    0,    0,  -13,    0,    0,    0,    0,    0,    0,    0,    0,    0,    0,    0,    0,  -20,    0,    0,    0,
       0,    0,    0,    0,    0,  -27,    0,  -27,    0,    0,    0,    0,    0,    0,    0,    0,    0,    0,    0,  -20,  -20,    0,    0,    0,    0,    0,    0,    0,    0,    0,    0,    0,    0,    0,    0,  -27,    0,    0,    0,    0,    0,    0,    0,    0,    0,    0,    0,    0,    0,    0,    0,    0,    0,    0,    0,    0,    0,    0,    0,    0,    0,    0,    0,    0,    0,    0,    0,    0,    0,    0,    0,    0,    0,    0,    0,    0,    0,  -20,    0,    0,    0,    0,    0,    0,    0,    0,    0,    0,    0,    0,    0,    0,    0,    0,    0,    0,    0,    0,    0,    0,    0,    0,    0,    0,    0,    0,    0,    0,    0,    0,    0,    0,  -20,    9,    0,    0,    0,  -27,  -13,    0,  -13,    0,    0,    0,    0,    0,    0,  -27,    0,    0,    0,    0,    0,    0,  -13,    0,    0,    0,    0,    0,    0,    0,    0,    0,    0,    0,   -7,    0,   -7,    0,    0,   -7,  -33,    0,    0,    0,    0,  -30,  -20,    0,    0,  -13,    0,    0,    0,  -20,    0,   -7,    0,
       0,    0,    0,    0,   60,  -67,    0,  -67,  -47,    0,    0,    0,    0,    0,    0,    0,    0,    0,    0,  -33,  -33,    0,    0,    0,    0,    0,    0,    0,    0,    0,    0,    0,    0,    0,    0,    0,    0,    0,    0,    0,    0,    0,    0,    0,    0,    0,    0,    0,    0,    0,    0,    0,    0,    0,  -20,    0,    0,    0,    0,    0,    0,    0,    0,    0,    0,    0,    0,    0,    0,    0,    0,    0,    0,    0,    0,    0,   37,  -33,    0,    0,    0,    0,    0,    0,    0,    0,    0,    0,    0,    0,    0,    0,    0,    0,    0,    0,    0,    0,    0,    0,    0,    0,    0,    0,    0,    0,    0,    0,    0,    0,    0,    0,    0,    0,    0,    0,  -33,    7,  -67,   13,  -33,    0,    0,  -33,   -7,   -7,   10,    0,    0,  -20,  -27,   -7,  -13,  -27,  -20,  -20,    0,    0,  -80,  -27,    0,   20,    0,    0,    0,  -47,   13,  -20,    0,   13,    0,   13,    7,   20,    0,    0,    0,   13,    0,  -60,    0,  -60,    0,  -20,    0,  -20,   20,   20,    0,
       0,    0,    0,    0,    0,    0,    0,    0,    0,    0,    0,    0,    0,    0,    0,    0,    0,    0,    0,    0,    0,    0,    0,    0,    0,    0,    0,    0,    0,    0,    0,    0,    0,    0,    0,    0,    0,    0,    0,    0,    0,    0,    0,    0,    0,    0,    0,    0,    0,    0,    0,    0,    0,    0,    0,    0,    0,    0,    0,    0,    0,    0,    0,    0,    0,    0,    0,    0,    0,    0,    0,    0,    0,    0,    0,    0,    0,    0,    0,    0,    0,    0,    0,    0,    0,    0,    0,    0,    0,    0,    0,    0,    0,    0,    0,    0,    0,    0,    0,    0,    0,    0,    0,    0,    0,    0,    0,    0,    0,    0,    0,    0,    0,  -10,    0,   53,    0,    0,    0,    0,    0,   13,    0,    0,   33,    0,   20,    0,    0,    0,    0,    0,    0,    0,    0,    0,    0,    0,    0,    0,    0,   33,    0,    0,    0,    0,    0,    0,    0,    0,   67,    0,    0,   33,    0,    0,    0,    0,    0,    0,    0,    0,    0,    0,    0,    0,    0,    0,    0,
       0,    0,    0,    0,    0,    0,    0,    0,    0,    0,    0,    0,    0,    0,    0,    0,    0,    0,    0,    0,    0,    0,    0,    0,    0,    0,    0,    0,    0,    0,    0,    0,    0,    0,    0,  -20,    0,    0,    0,    0,    0,    0,    0,    0,    0,    0,    0,    0,    0,    0,    0,    0,    0,    0,  -13,    0,    0,    0,    0,    0,    0,    0,    0,    0,    0,    0,    0,    0,    0,    0,    0,    0,    0,    0,    0,    0,    0,    0,    0,    0,    0,    0,    0,    0,    0,    0,    0,    0,    0,    0,    0,    0,    0,    0,    0,    0,    0,    0,    0,    0,    0,    0,    0,    0,    0,    0,    0,    0,    0,    0,    0,    0,  -13,  -10,    0,    0,   20,    0,   13,    0,   20,   33,    0,   20,   13,  -13,   27,  -13,    0,   20,    0,    0,    0,    0,    0,    0,    0,    0,    0,    0,    0,   -7,    0,  -13,  -20,    0,    0,    0,    0,    0,    0,    0,  -20,   -7,    0,    0,    0,    0,  -20,  -13,    0,   20,    0,    0,    0,  -13,  -20,    0,    0,
       0,    0,    0,    0,    0,  -33,    0,  -33,  -13,    0,    0,    0,    0,    0,    0,    0,    0,    0,    0,  -13,  -13,    0,    0,    0,    0,    0,    0,    0,    0,    0,    0,    0,    0,    0,    0,  -33,    0,    0,    0,    0,    0,    0,    0,    0,    0,    0,    0,    0,    0,    0,    0,    0,    0,    0,    0,    0,    0,    0,    0,    0,    0,    0,    0,    0,    0,    0,    0,    0,    0,    0,    0,    0,    0,    0,    0,    0,    0,  -13,    0,    0,    0,    0,    0,    0,    0,    0,    0,    0,    0,    0,    0,    0,    0,    0,    0,    0,    0,    0,    0,    0,    0,    0,    0,    0,    0,    0,    0,    0,    0,    0,    0,   -7,  -13,   10,    0,  -17,    0,  -13,  -27,    0,  -13,   -7,    0,    0,  -10,    0,   -7,  -20,    0,  -13,    0,    0,    0,    0,  -13,  -13,    0,    0,  -20,   -7,    0,    0,    0,    0,    0,  -20,    0,    0,    0,    0,    0,    0,  -27,    0,    0,    0,    0,  -30,    0,    0,    0,  -20,    0,    0,    0,  -13,    0,    0,    0,
       0,    0,    0,    0,    0,  -53,    0,  -53,  -47,    0,    0,    0,    0,    0,    0,    0,    0,    0,    0,  -33,  -33,    0,    0,    0,    0,    0,    0,    0,    0,    0,    0,    0,    0,    0,    0,  -20,    0,    0,    0,    0,    0,    0,    0,    0,    0,    0,    0,    0,    0,    0,    0,    0,    0,    0,    0,    0,    0,    0,    0,    0,    0,    0,    0,    0,    0,    0,    0,    0,    0,    0,    0,    0,    0,    0,    0,    0,    0,  -33,    0,    0,    0,    0,    0,    0,    0,    0,    0,    0,    0,    0,    0,    0,    0,    0,    0,    0,    0,    0,    0,    0,    0,    0,    0,    0,    0,    0,    0,    0,    0,    0,    0,  -17,    0,    0,    0,   -7,  -40,  -20,  -63,    0,  -47,  -13,  -10,  -40,  -23,    0,   -7,    0,  -10,  -27,  -13,    0,    0,  -13,   -7,   -7,    0,    0,  -77,  -20,    0,   13,    0,    0,    0,  -40,   -7,  -13,    0,    0,    0,   -7,  -13,   13,    0,    0,    0,  -13,    0,  -13,   -7,  -97,    0,   -7,   -7,    0,    0,    0,    0,
       0,    0,    0,    0,    0,    0,    0,    0,    0,    0,    0,    0,    0,    0,    0,    0,    0,    0,    0,  -20,  -20,    0,    0,    0,    0,    0,    0,    0,    0,    0,    0,    0,    0,    0,    0,    0,    0,    0,    0,    0,    0,    0,    0,    0,    0,    0,    0,    0,    0,    0,    0,    0,    0,    0,    0,    0,    0,    0,    0,    0,    0,    0,    0,    0,    0,    0,    0,    0,    0,    0,    0,    0,    0,    0,    0,    0,    0,  -20,    0,    0,    0,    0,    0,    0,    0,    0,    0,    0,    0,    0,    0,    0,    0,    0,    0,    0,    0,    0,    0,    0,    0,    0,    0,    0,    0,    0,    0,    0,    0,    0,    0,    0,    0,  -10,    0,    0,    0,    0,    0,    0,    0,    0,    0,    0,    0,  -13,    0,    0,    0,    0,   -7,   -7,    0,   -7,    0,    0,    0,    0,    0,    0,    0,    0,    0,    0,    0,    0,    0,    0,    0,    0,    0,    0,  -13,    0,    0,    0,    0,    0,    0,  -20,    0,    0,    0,    0,    0,  -20,    0,    0,    0,
       0,    0,    0,    0,   60,  -67,    0,  -67,  -47,    0,    0,    0,    0,    0,    0,    0,    0,    0,    0,  -33,  -33,    0,    0,    0,    0,    0,    0,    0,    0,    0,    0,    0,    0,    0,    0,    0,    0,    0,    0,    0,    0,    0,    0,    0,    0,    0,    0,    0,    0,    0,    0,    0,    0,    0,  -20,    0,    0,    0,    0,    0,    0,    0,    0,    0,    0,    0,    0,    0,    0,    0,    0,    0,    0,    0,    0,    0,   37,  -33,    0,    0,    0,    0,    0,    0,    0,    0,    0,    0,    0,    0,    0,    0,    0,    0,    0,    0,    0,    0,    0,    0,    0,    0,    0,    0,    0,    0,    0,    0,    0,    0,    0,    0,    0,    0,    0,    0,  -33,    7, -120,   13,  -33,    0,    0,  -33,   -7,   -7,   10,    0,    0,  -20,  -27,   -7,  -13,  -27,  -20,  -20,    0,    0,  -80,  -27,    0,   20,    0,    0,    0,  -47,   13,  -20,    0,   13,    0,   13,    7,   20,    0,    0,    0,   13,    0,  -60,    0,  -60,    0,  -20,    0,  -20,   20,   20,    0,
       0,    0,    0,    0,    0,  -40,    0,  -40,  -20,    0,    0,    0,    0,    0,    0,    0,    0,    0,    0,  -27,  -27,    0,    0,    0,    0,    0,    0,    0,    0,    0,    0,    0,    0,    0,    0,  -47,    0,    0,    0,    0,    0,    0,    0,    0,    0,    0,    0,    0,    0,    0,    0,    0,    0,    0,    0,    0,    0,    0,    0,    0,    0,    0,    0,    0,    0,    0,    0,    0,    0,    0,    0,    0,    0,    0,    0,    0,    0,  -27,    0,    0,    0,    0,    0,    0,    0,    0,    0,    0,    0,    0,    0,    0,    0,    0,    0,    0,    0,    0,    0,    0,    0,    0,    0,    0,    0,    0,    0,    0,    0,    0,    0,  -20,  -20,    0,    0,  -13,  -13,  -20,  -23,  -13,  -20,  -20,    0,  -13,    0,    0,  -13,  -20,  -20,  -13,    0,    0,    0,    0,    0,    0,    0,    0,  -13,  -13,    0,    0,    0,    0,    0,  -27,    0,    0,    0,    0,    0,    0,  -27,    0,    0,    0,   -7,  -27,    0,    0,  -13,  -27,    0,    0,   -7,    0,    0,    0,    0,
       0,    0,    0,    0,   20,  -27,    0,  -27,    0,    0,    0,    0,    0,    0,    0,    0,    0,    0,    0,  -13,  -13,    0,    0,    0,    0,    0,    0,    0,    0,    0,    0,    0,    0,    0,    0,   20,    0,    0,    0,    0,    0,    0,    0,    0,    0,    0,    0,    0,    0,    0,    0,    0,    0,    0,  -13,    0,    0,    0,    0,    0,    0,    0,    0,    0,    0,    0,    0,    0,    0,    0,    0,    0,    0,    0,    0,    0,    0,  -13,    0,    0,    0,    0,    0,    0,    0,    0,    0,    0,    0,    0,    0,    0,    0,    0,    0,    0,    0,    0,    0,    0,    0,    0,    0,    0,    0,    0,    0,    0,    0,    0,    0,    0,    0,  -20,    0,    0,   27,    7,   18,   13,   20,   27,   -7,   27,   33,  -20,   33,   13,    0,   20,  -13,    0,    0,  -13,    0,    0,  -13,    0,    0,    0,    0,   -7,    0,  -27,   -7,    0,   20,    0,    0,   27,    0,   20,    0,   -7,    0,    0,    0,   20,  -27,  -36,    0,   13,    0,    0,    0,  -27,    0,    0,    0,
       0,    0,    0,    0,  -20,    0,    0,    0,   20,    0,    0,    0,    0,    0,    0,    0,    0,    0,    0,    0,    0,    0,    0,    0,    0,    0,    0,    0,    0,    0,    0,    0,    0,    0,    0,  -40,    0,    0,    0,    0,    0,    0,    0,    0,    0,    0,    0,    0,    0,    0,    0,    0,    0,    0,    0,    0,    0,    0,    0,    0,    0,    0,    0,    0,    0,    0,    0,    0,    0,    0,    0,    0,    0,    0,    0,    0,    0,    0,    0,    0,    0,    0,    0,    0,    0,    0,    0,    0,    0,    0,    0,    0,    0,    0,    0,    0,    0,    0,    0,    0,    0,    0,    0,    0,    0,    0,    0,    0,    0,    0,    0,    0,    0,    0,    0,    0,    0,    0,    0,    0,    0,    0,    0,    0,    0,    0,    0,    0,    0,    0,    0,    0,    0,    0,    0,    0,    0,    0,    0,    0,    0,    0,    0,  -13,  -13,    0,    0,    7,    0,    0,    0,    0,    0,    0,    0,    0,    0,    0,    0,  -20,    0,    0,    0,    0,    0,  -13,  -20,    0,    0,
       0,    0,    0,    0,    0,  -33,    0,  -33,    0,    0,    0,    0,    0,    0,    0,    0,    0,    0,    0,  -13,  -13,    0,    0,    0,    0,    0,    0,    0,    0,    0,    0,    0,    0,    0,    0,   -3,    0,    0,    0,    0,    0,    0,    0,    0,    0,    0,    0,    0,    0,    0,    0,    0,    0,    0,    0,    0,    0,    0,    0,    0,    0,    0,    0,    0,    0,    0,    0,    0,    0,    0,    0,    0,    0,    0,    0,    0,    0,  -13,    0,    0,    0,    0,    0,    0,    0,    0,    0,    0,    0,    0,    0,    0,    0,    0,    0,    0,    0,    0,    0,    0,    0,    0,    0,    0,    0,    0,    0,    0,    0,    0,    0,    0,    0,    0,    0,    0,    0,    0,    0,    0,    0,    0,    0,    0,    0,    0,    0,    0,    0,    0,    0,    0,    0,    0,   -7,    0,    0,    0,  -13,  -13,    0,    0,   -7,   -7,    0,   -7,    7,    0,    0,    0,    0,    7,    0,   13,    0,    0,    0,    0,    0,    0,    0,    0,    0,    0,    0,  -13,  -20,    0,    0,
       0,    0,    0,    0,    0,    0,    0,    0,    0,    0,    0,    0,    0,    0,    0,    0,    0,    0,    0,    0,    0,    0,    0,    0,    0,    0,    0,    0,    0,    0,    0,    0,    0,    0,    0,  -77,    0,    0,    0,    0,    0,    0,    0,    0,    0,    0,    0,    0,    0,    0,    0,    0,    0,    0,    0,    0,    0,    0,    0,    0,    0,    0,    0,    0,    0,    0,    0,    0,    0,    0,    0,    0,    0,    0,    0,    0,    0,    0,    0,    0,    0,    0,    0,    0,    0,    0,    0,    0,    0,    0,    0,    0,    0,    0,    0,    0,    0,    0,    0,    0,    0,    0,    0,    0,    0,    0,    0,    0,    0,    0,    0,    0,    0,    0,    0,    0,    0,    0,    0,    0,    0,    0,    0,    0,    0,    0,    0,    0,    0,    0,    0,    0,    0,    0,    0,    0,    0,    0,    0,    0,    0,    0,    0,    0,    0,    0,    0,    0,    0,    0,    0,    0,    0,    0,    0,    0,    0,    0,    0,    0,    0,    0,    0,    0,    0,  -13,  -20,    0,    0,
       0,    0,    0,    0,    0,    0,    0,    0,    0,    0,    0,    0,    0,    0,    0,    0,    0,    0,    0,    0,    0,    0,    0,    0,    0,    0,    0,    0,    0,    0,    0,    0,    0,    0,    0,  -27,    0,    0,    0,    0,    0,    0,    0,    0,    0,    0,    0,    0,    0,    0,    0,    0,    0,    0,    0,    0,    0,    0,    0,    0,    0,    0,    0,    0,    0,    0,    0,    0,    0,    0,    0,    0,    0,    0,    0,    0,    0,    0,    0,    0,    0,    0,    0,    0,    0,    0,    0,    0,    0,    0,    0,    0,    0,    0,    0,    0,    0,    0,    0,    0,    0,    0,    0,    0,    0,    0,    0,    0,    0,    0,    0,    0,    0,    0,    0,    0,    0,    0,    0,    0,    0,    0,    0,    0,    0,    0,    0,    0,    0,    0,    0,    0,    0,    0,    0,    0,    0,    0,    0,    0,    0,    0,    0,    0,    0,    0,    0,    0,    0,    0,    0,    0,    0,   13,    0,    0,    0,    0,    0,    0,    0,    0,    0,    0,    0,    0,    0,    0,    0,
       0,    0,    0,    0,  -20,  -33,    0,  -33,    0,    0,    0,    0,    0,    0,    0,    0,    0,    0,    0,  -13,  -13,    0,    0,    0,    0,    0,    0,    0,    0,    0,    0,    0,    0,    0,    0,  -60,    0,    0,    0,    0,    0,    0,    0,    0,    0,    0,    0,    0,    0,    0,    0,    0,    0,    0,    0,    0,    0,    0,    0,    0,    0,    0,    0,    0,    0,    0,    0,    0,    0,    0,    0,    0,    0,    0,    0,    0,    0,  -13,    0,    0,    0,    0,    0,    0,    0,    0,    0,    0,    0,    0,    0,    0,    0,    0,    0,    0,    0,    0,    0,    0,    0,    0,    0,    0,    0,    0,    0,    0,    0,    0,    0,    0,    0,    0,    0,    0,    0,    0,    0,    0,    0,    0,    0,    0,    0,    0,    0,    0,    0,    0,    0,    0,    0,    0,   -7,    0,    0,    0,  -13,  -13,    0,    0,   -7,   -7,    0,   -7,    0,    0,    0,    0,    0,    0,    0,   13,    0,    0,    0,    0,    0,    0,    0,    0,    0,    0,    0,  -13,  -20,    0,    0,
       0,    0,    0,    0,    0,    0,    0,    0,    0,    0,    0,    0,    0,    0,    0,    0,    0,    0,    0,    0,    0,    0,    0,    0,    0,    0,    0,    0,    0,    0,    0,    0,    0,    0,    0,  -40,    0,    0,    0,    0,    0,    0,    0,    0,    0,    0,    0,    0,    0,    0,    0,    0,    0,    0,    0,    0,    0,    0,    0,    0,    0,    0,    0,    0,    0,    0,    0,    0,    0,    0,    0,    0,    0,    0,    0,    0,    0,    0,    0,    0,    0,    0,    0,    0,    0,    0,    0,    0,    0,    0,    0,    0,    0,    0,    0,    0,    0,    0,    0,    0,    0,    0,    0,    0,    0,    0,    0,    0,    0,    0,    0,    0,    0,    0,    0,    0,    0,    0,    0,    0,    0,    0,    0,    0,    0,    0,    0,    0,    0,    0,   -7,    0,    0,   -7,    0,    0,    0,    0,    0,    0,    0,    0,    0,    0,    0,    0,   -7,    0,    0,    0,    0,   -7,    0,   13,    0,    0,    0,    0,    0,    0,    0,    0,    0,    0,    0,    0,    0,    0,    0,
       0,    0,    0,    0,    0,    0,    0,    0,    0,    0,    0,    0,    0,    0,    0,    0,    0,    0,    0,    0,    0,    0,    0,    0,    0,    0,    0,    0,    0,    0,    0,    0,    0,    0,    0,  -57,    0,    0,    0,    0,    0,    0,    0,    0,    0,    0,    0,    0,    0,    0,    0,    0,    0,    0,    0,    0,    0,    0,    0,    0,    0,    0,    0,    0,    0,    0,    0,    0,    0,    0,    0,    0,    0,    0,    0,    0,    0,    0,    0,    0,    0,    0,    0,    0,    0,    0,    0,    0,    0,    0,    0,    0,    0,    0,    0,    0,    0,    0,    0,    0,    0,    0,    0,    0,    0,    0,    0,    0,    0,    0,    0,    0,    0,    0,    0,    0,    0,    0,    0,    0,    0,    0,    0,    0,    0,    0,    0,    0,    0,    0,   -7,    0,    0,   -7,    0,    0,    0,    0,    0,    0,    0,    0,    0,    0,    0,    0,    0,    0,    0,    0,    0,    0,    0,   23,    0,    0,    0,    0,    0,    0,    0,    0,    0,    0,    0,    0,    0,    0,    0,
       0,    0,    0,    0,    0,   13,    0,   13,    0,    0,    0,    0,    0,    0,    0,    0,    0,    0,    0,    0,    0,    0,    0,    0,    0,    0,    0,    0,    0,    0,    0,    0,    0,    0,    0,  -37,    0,    0,    0,    0,    0,    0,    0,    0,    0,    0,    0,    0,    0,    0,    0,    0,    0,    0,    0,    0,    0,    0,    0,    0,    0,    0,    0,    0,    0,    0,    0,    0,    0,    0,    0,    0,    0,    0,    0,    0,    0,    0,    0,    0,    0,    0,    0,    0,    0,    0,    0,    0,    0,    0,    0,    0,    0,    0,    0,    0,    0,    0,    0,    0,    0,    0,    0,    0,    0,    0,    0,    0,    0,    0,    0,    0,    0,    0,    0,    0,    0,    0,    0,    0,    0,    0,    0,    0,    0,    0,    0,    0,    0,    0,    0,    0,    0,    0,    0,    0,    0,    0,    0,    0,    0,   13,    0,    0,    0,    0,    0,    0,    0,    0,    0,    0,    0,   33,    0,    0,    0,    0,    0,   -7,    0,    0,    0,    0,    0,    0,    0,    0,    0,
       0,    0,    0,    0,  -20,  -33,    0,  -33,    0,    0,    0,    0,    0,    0,    0,    0,    0,    0,    0,  -13,  -13,    0,    0,    0,    0,    0,    0,    0,    0,    0,    0,    0,    0,    0,    0,  -40,    0,    0,    0,    0,    0,    0,    0,    0,    0,    0,    0,    0,    0,    0,    0,    0,    0,    0,    0,    0,    0,    0,    0,    0,    0,    0,    0,    0,    0,    0,    0,    0,    0,    0,    0,    0,    0,    0,    0,    0,    0,  -13,    0,    0,    0,    0,    0,    0,    0,    0,    0,    0,    0,    0,    0,    0,    0,    0,    0,    0,    0,    0,    0,    0,    0,    0,    0,    0,    0,    0,    0,    0,    0,    0,    0,    0,    0,    0,    0,    0,    0,    0,    0,    0,    0,    0,    0,    0,    0,    0,    0,    0,    0,    0,    0,    0,    0,    0,   -7,    0,    0,    0,  -13,  -13,    0,    0,   -7,   -7,    0,   -7,    0,    0,    0,    0,    0,    0,    0,   13,    0,    0,    0,    0,    0,    0,    0,    0,    0,    0,    0,  -13,  -20,    0,    0,
       0,    0,    0,    0,  -27,    0,    0,    0,   13,    0,    0,    0,    0,    0,    0,    0,    0,    0,    0,    0,    0,    0,    0,    0,    0,    0,    0,    0,    0,    0,    0,    0,    0,    0,    0,  -60,    0,    0,    0,    0,    0,    0,    0,    0,    0,    0,    0,    0,    0,    0,    0,    0,    0,    0,    0,    0,    0,    0,    0,    0,    0,    0,    0,    0,    0,    0,    0,    0,    0,    0,    0,    0,    0,    0,    0,    0,    0,    0,    0,    0,    0,    0,    0,    0,    0,    0,    0,    0,    0,    0,    0,    0,    0,    0,    0,    0,    0,    0,    0,    0,    0,    0,    0,    0,    0,    0,    0,    0,    0,    0,    0,    0,    0,    0,    0,    0,    0,    0,    0,    0,    0,    0,    0,    0,    0,    0,    0,    0,    0,    0,    0,    0,    0,    0,    0,   13,    0,    0,    0,    0,    0,  -11,    0,  -13,   -7,    0,    0,   13,    0,    0,    0,    0,    0,  -11,    0,    0,    0,    0,    0,    0,    0,    0,    0,    0,    0,  -13,  -20,    0,    0,
       0,    0,    0,    0,    0,    0,    0,    0,    0,    0,    0,    0,    0,    0,    0,    0,    0,    0,    0,    0,    0,    0,    0,    0,    0,    0,    0,    0,    0,    0,    0,    0,    0,    0,    0,  -27,    0,    0,    0,    0,    0,    0,    0,    0,    0,    0,    0,    0,    0,    0,    0,    0,    0,    0,    0,    0,    0,    0,    0,    0,    0,    0,    0,    0,    0,    0,    0,    0,    0,    0,    0,    0,    0,    0,    0,    0,    0,    0,    0,    0,    0,    0,    0,    0,    0,    0,    0,    0,    0,    0,    0,    0,    0,    0,    0,    0,    0,    0,    0,    0,    0,    0,    0,    0,    0,    0,    0,    0,    0,    0,    0,    0,    0,    0,    0,    0,    0,    0,    0,    0,    0,    0,    0,    0,    0,    0,    0,    0,    0,    0,   -7,   -7,    0,   -7,    0,    0,    0,    0,    0,    0,    0,   13,    0,    0,    0,    0,    0,    0,    0,    0,    0,    0,    0,   13,    0,    0,    0,    0,    0,    0,    0,    0,    0,    0,    0,    0,    0,   13,    0,
       0,    0,    0,    0,    0,  -40,    0,  -40,  -20,    0,    0,    0,    0,    0,    0,    0,    0,    0,    0,  -20,  -20,    0,    0,    0,    0,    0,    0,    0,    0,    0,    0,    0,    0,    0,    0,  -20,    0,    0,    0,    0,    0,    0,    0,    0,    0,    0,    0,    0,    0,    0,    0,    0,    0,    0,    0,    0,    0,    0,    0,    0,    0,    0,    0,    0,    0,    0,    0,    0,    0,    0,    0,    0,    0,    0,    0,    0,    0,  -20,    0,    0,    0,    0,    0,    0,    0,    0,    0,    0,    0,    0,    0,    0,    0,    0,    0,    0,    0,    0,    0,    0,    0,    0,    0,    0,    0,    0,    0,    0,    0,    0,    0,    0,    0,    0,    0,    0,    0,    0,    0,    0,    0,    0,    0,    0,    0,    0,    0,    0,    0,    0,   -7,    0,    0,   -7,   -7,    0,    0,    0,  -27,  -13,    0,    0,    0,    0,    0,  -27,    0,   -7,    0,    0,    0,    0,    0,   20,    0,    0,  -13,    0,    0,    0,    0,    0,    0,    0,    0,   -7,    0,    0,    0,
       0,    0,    0,    0,    0,    0,    0,    0,    0,    0,    0,    0,    0,    0,    0,    0,    0,    0,    0,    0,    0,    0,    0,    0,    0,    0,    0,    0,    0,    0,    0,    0,    0,    0,    0,  -42,    0,    0,    0,    0,    0,    0,    0,    0,    0,    0,    0,    0,    0,    0,    0,    0,    0,    0,    0,    0,    0,    0,    0,    0,    0,    0,    0,    0,    0,    0,    0,    0,    0,    0,    0,    0,    0,    0,    0,    0,    0,    0,    0,    0,    0,    0,    0,    0,    0,    0,    0,    0,    0,    0,    0,    0,    0,    0,    0,    0,    0,    0,    0,    0,    0,    0,    0,    0,    0,    0,    0,    0,    0,    0,    0,    0,    0,    0,    0,    0,    0,    0,    0,    0,    0,    0,    0,    0,    0,    0,    0,    0,    0,    0,    0,    0,    0,    0,    0,    0,   13,   13,    0,    0,   13,   20,    0,   13,    0,    0,    0,    0,    0,    0,    0,    0,    0,   60,    0,    0,    0,    0,    0,    0,   20,    0,    0,    0,    0,  -13,    0,   20,    0,
       0,    0,    0,   37,    0,    0,    0,    0,   20,    0,    0,    0,    0,    0,    0,    0,    0,    0,    0,    0,    0,    0,    0,    0,    0,    0,    0,    0,    0,    0,    0,    0,    0,    0,    0,  -54,   20,    0,    0,    0,    0,    0,    0,    0,    0,    0,    0,    0,    0,    0,    0,    0,   20,    0,    0,    0,    0,    0,    0,    0,    0,    0,    0,    0,    0,    0,    0,    0,    0,    0,    0,    0,    0,    0,    0,    0,    0,    0,    0,    0,    0,    0,    0,    0,    0,    0,    0,    0,    0,    0,    0,    0,    0,    0,    0,    0,    0,    0,    0,    0,    0,    0,    0,    0,    0,    0,    0,    0,    0,    0,    0,    0,    0,    0,    0,    0,    0,    0,    0,    0,    0,    0,    0,    0,    0,    0,    0,    0,    0,    0,    0,    0,    0,    0,    0,    0,    0,    0,    0,    0,   20,   73,    0,  -17,   -7,    0,    0,    0,    0,    0,  117,    0,    0,   73,    0,    0,    0,    0,    0,  -20,    0,    0,    0,    0,    0,   27,    0,    0,    0,
       0,    0,    0,    0,  -27,  -13,    0,  -13,    0,    0,    0,    0,    0,    0,    0,    0,    0,    0,    0,    0,    0,    0,    0,    0,    0,    0,    0,    0,    0,    0,    0,    0,    0,    0,    0, -128,    0,    0,    0,    0,    0,    0,    0,    0,    0,    0,    0,    0,    0,    0,    0,    0,    0,    0,    0,    0,    0,    0,    0,    0,    0,    0,    0,    0,    0,    0,    0,    0,    0,    0,    0,    0,    0,    0,    0,    0,    0,    0,    0,    0,    0,    0,    0,    0,    0,    0,    0,    0,    0,    0,    0,    0,    0,    0,    0,    0,    0,    0,    0,    0,    0,    0,    0,    0,    0,    0,    0,    0,    0,    0,    0,    0,    0,    0,    0,    0,    0,    0,    0,    0,    0,    0,    0,    0,    0,    0,    0,    0,    0,    0,    0,    0,    0,    0,    0,    0,    0,    0,    0,    0,    0,  -13,    0,  -50,  -20,    0,    0,    0,    0,    0,    0,    0,    0,  -13,    0,  -13,    0,    0,    0,    0,    0,    0,    0,    0,    0,  -20,  -47,  -27,    0,
       0,    0,    0,    0,  -27,  -13,    0,  -13,    0,    0,    0,    0,    0,    0,    0,    0,    0,    0,    0,    0,    0,    0,    0,    0,    0,    0,    0,    0,    0,    0,    0,    0,    0,    0,    0,  -90,    0,    0,    0,    0,    0,    0,    0,    0,    0,    0,    0,    0,    0,    0,    0,    0,    0,    0,    0,    0,    0,    0,    0,    0,    0,    0,    0,    0,    0,    0,    0,    0,    0,    0,    0,    0,    0,    0,    0,    0,    0,    0,    0,    0,    0,    0,    0,    0,    0,    0,    0,    0,    0,    0,    0,    0,    0,    0,    0,    0,    0,    0,    0,    0,    0,    0,    0,    0,    0,    0,    0,    0,    0,    0,    0,    0,    0,    0,    0,    0,    0,    0,    0,    0,    0,    0,    0,    0,    0,    0,    0,    0,    0,    0,    0,    0,    0,    0,    0,    0,    0,    0,    0,    0,    0,  -13,    0,  -30,  -20,    0,    0,    0,    0,    0,    0,    0,    0,  -13,    0,  -13,    0,    0,    0,    0,    0,    0,    0,    0,    0,  -20,  -33,  -27,    0,
       0,    0,    0,    0,  -27,    0,    0,    0,   13,    0,    0,    0,    0,    0,    0,    0,    0,    0,    0,    0,    0,    0,    0,    0,    0,    0,    0,    0,    0,    0,    0,    0,    0,    0,    0,  -60,    0,    0,    0,    0,    0,    0,    0,    0,    0,    0,    0,    0,    0,    0,    0,    0,    0,    0,    0,    0,    0,    0,    0,    0,    0,    0,    0,    0,    0,    0,    0,    0,    0,    0,    0,    0,    0,    0,    0,    0,    0,    0,    0,    0,    0,    0,    0,    0,    0,    0,    0,    0,    0,    0,    0,    0,    0,    0,    0,    0,    0,    0,    0,    0,    0,    0,    0,    0,    0,    0,    0,    0,    0,    0,    0,    0,    0,    0,    0,    0,    0,    0,    0,    0,    0,    0,    0,    0,    0,    0,    0,    0,    0,    0,    0,    0,    0,    0,    0,   13,    0,    0,    0,   -7,    0,  -11,    0,  -13,   -7,    0,    0,   13,    0,    0,   27,    0,    0,  -11,    0,    0,    0,    0,    0,    0,    0,    0,    0,    0,    0,  -13,  -20,    0,    0,
       0,    0,    0,    0,    0,  -13,    0,  -13,   13,    0,    0,    0,    0,    0,    0,    0,    0,    0,    0,  -13,  -13,    0,    0,    0,    0,    0,    0,    0,    0,    0,    0,    0,    0,    0,    0,  -27,    0,    0,    0,    0,    0,    0,    0,    0,    0,    0,    0,    0,    0,    0,    0,    0,    0,    0,    0,    0,    0,    0,    0,    0,    0,    0,    0,    0,    0,    0,    0,    0,    0,    0,    0,    0,    0,    0,    0,    0,    0,  -13,    0,    0,    0,    0,    0,    0,    0,    0,    0,    0,    0,    0,    0,    0,    0,    0,    0,    0,    0,    0,    0,    0,    0,    0,    0,    0,    0,    0,    0,    0,    0,    0,    0,    0,    0,    0,    0,    0,    0,    0,    0,    0,    0,    0,    0,    0,    0,    0,    0,    0,    0,    0,    0,    0,    0,    0,    0,    0,    0,    0,    0,    0,    0,    0,    0,    0,    0,    0,    0,    0,    0,    0,    0,    0,    0,   20,    0,    0,    0,    0,    0,  -13,    0,    0,    0,    0,    0,  -20,    0,    0,    0,
       0,    0,    0,    0,    0,    0,    0,    0,   13,    0,    0,    0,    0,    0,    0,    0,    0,    0,    0,    0,    0,    0,    0,    0,    0,    0,    0,    0,    0,    0,    0,    0,    0,    0,    0,   27,    0,    0,    0,    0,    0,    0,    0,    0,    0,    0,    0,    0,    0,    0,    0,    0,    0,    0,    0,    0,    0,    0,    0,    0,    0,    0,    0,    0,    0,    0,    0,    0,    0,    0,    0,    0,    0,    0,    0,    0,    0,    0,    0,    0,    0,    0,    0,    0,    0,    0,    0,    0,    0,    0,    0,    0,    0,    0,    0,    0,    0,    0,    0,    0,    0,    0,    0,    0,    0,    0,    0,    0,    0,    0,    0,    0,    0,    0,    0,    0,    0,    0,    0,    0,    0,    0,    0,    0,    0,    0,    0,    0,    0,    0,    0,    0,    0,    0,    0,    0,    0,    0,    0,    0,    0,    0,    0,    0,    0,    0,    0,   13,    0,    0,    0,    0,    0,    0,    0,    0,    0,    0,    0,    0,    0,    0,    0,    0,    0,    0,    0,    0,    0,
       0,    0,    0,   27,   38,    0,    0,    0,    0,    0,    0,    0,    0,    0,    0,    0,    0,    0,    0,    0,    0,   27,    0,    0,    0,    0,    0,    0,    0,    0,    0,    0,    0,    0,    0,   60,    7,    0,    0,    0,    0,    0,    0,    0,    0,    0,    0,    0,    0,    0,    0,    0,   20,    0,    0,    0,    0,    0,    0,    0,    0,    0,    0,    0,    0,    0,    0,    0,    0,    0,    0,    0,    0,    0,    0,    0,    0,    0,    0,    0,    0,    0,    0,    0,    0,    0,    0,    0,    0,    0,    0,    0,    0,    0,    0,    0,    0,    0,    0,    0,    0,    0,    0,    0,    0,    0,    0,    0,    0,    0,    0,    0,    0,    0,    0,    0,    0,    0,    0,    0,    0,    0,    0,    0,    0,    0,    0,    0,    0,    0,    0,    0,    0,    0,    0,    0,    0,    0,    0,    0,    0,    0,    0,    0,    0,    0,   53,    0,    0,   40,    0,   53,    0,    0,    0,    0,    0,    0,    0,    0,    0,    0,    0,    0,    0,    0,    0,   20,    0,
       0,    0,    0,    0,    0,    0,    0,    0,    0,    0,    0,    0,    0,    0,    0,    0,    0,    0,    0,  -13,  -13,    0,    0,    0,    0,    0,    0,    0,    0,    0,    0,    0,    0,    0,    0,   27,    0,    0,    0,    0,    0,    0,    0,    0,    0,    0,    0,    0,    0,    0,    0,    0,    0,    0,    0,    0,    0,    0,    0,    0,    0,    0,    0,    0,    0,    0,    0,    0,    0,    0,    0,    0,    0,    0,    0,    0,    0,  -13,    0,    0,    0,    0,    0,    0,    0,    0,    0,    0,    0,    0,    0,    0,    0,    0,    0,    0,    0,    0,    0,    0,    0,    0,    0,    0,    0,    0,    0,    0,    0,    0,    0,    0,    0,    0,    0,    0,    0,    0,    0,    0,    0,    0,    0,    0,    0,    0,    0,    0,    0,    0,    0,    0,    0,    0,    0,    0,    0,    0,  -20,   -7,    0,    0,    0,    0,    0,    0,    0,    0,    0,    0,   27,    0,    0,    0,    0,    0,    0,    0,    0,    0,    0,    0,    0,    0,    0,    0,    0,    0,    0,
       0,    0,    0,    0,    0,    0,    0,    0,    0,    0,    0,    0,    0,    0,    0,    0,    0,    0,    0,    0,    0,    0,    0,    0,    0,    0,    0,    0,    0,    0,    0,    0,    0,    0,    0,  -33,    0,    0,    0,    0,    0,    0,    0,    0,    0,    0,    0,    0,    0,    0,    0,    0,    0,    0,    0,    0,    0,    0,    0,    0,    0,    0,    0,    0,    0,    0,    0,    0,    0,    0,    0,    0,    0,    0,    0,    0,    0,    0,    0,    0,    0,    0,    0,    0,    0,    0,    0,    0,    0,    0,    0,    0,    0,    0,    0,    0,    0,    0,    0,    0,    0,    0,    0,    0,    0,    0,    0,    0,    0,    0,    0,    0,  -33,    0,    0,    0,   20,  -27,    0,    0,    0,    0,    0,   20,    0,    0,    0,  -27,    0,    0,    0,    0,    0,    0,    0,    0,    0,    0,    0,    0,    0,    0,    0,    0,    0,    0,    0,    0,    0,    0,    0,    0,  -43,    0,    0,    0,    0,  -33,  -20,    0,    0,    0,    0,    0,    0,    0,    0,    0,    0,
       0,    0,    0,    0,    0,  -63,    0,  -63,  -67,    0,    0,    0,    0,    0,    0,    0,    0,    0,    0,  -47,  -47,    0,    0,    0,    0,    0,    0,    0,    0,    0,    0,    0,    0,    0,    0,    0,    0,    0,    0,    0,    0,    0,    0,    0,    0,    0,    0,    0,    0,    0,    0,    0,    0,    0,  -27,    0,    0,    0,    0,    0,    0,    0,    0,    0,    0,    0,    0,    0,    0,    0,    0,    0,    0,    0,    0,    0,    0,  -47,    0,    0,    0,    0,    0,    0,    0,    0,    0,    0,    0,    0,    0,    0,    0,    0,    0,    0,    0,    0,    0,    0,    0,    0,    0,    0,    0,    0,    0,    0,    0,    0,    0,   -7,    0,  -20,    0,    0,  -40,   13,  -73,    0,  -47,    0,    0,  -40,  -13,  -27,   13,    0,    0,  -27,  -47,  -20,  -23,  -33,  -20,  -27,    0,    0,  -80,  -33,    0,    0,  -17,    0,    0,  -67,    0,  -33,    0,    0,    0,    0,    0,    0,    0,    0,  -20,    0,    0,  -60,    0,  -93,    0,  -27,    0,  -13,    0,    0,    0,
       0,    0,    0,    0,    0,  -47,    0,  -47,  -40,    0,    0,    0,    0,    0,    0,    0,    0,    0,    0,    0,    0,    0,    0,    0,    0,    0,    0,    0,    0,    0,    0,    0,    0,    0,    0,    0,    0,    0,    0,    0,    0,    0,    0,    0,    0,    0,    0,    0,    0,    0,    0,    0,    0,    0,    0,    0,    0,    0,    0,    0,    0,    0,    0,    0,    0,    0,    0,    0,    0,    0,    0,    0,    0,    0,    0,    0,    0,    0,    0,    0,    0,    0,    0,    0,    0,    0,    0,    0,    0,    0,    0,    0,    0,    0,    0,    0,    0,    0,    0,    0,    0,    0,    0,    0,    0,    0,    0,    0,    0,    0,    0,    0,    0,    0,    0,    0,    0,    0,    0,    0,    0,    0,    0,    0,    0,    0,    0,    0,    0,    0,  -13,    0,    0,  -13,  -20,    0,    7,   13,  -73,  -13,   13,   20,    0,    0,    0,  -33,    0,  -20,    0,    0,    0,    0,    0,   20,    0,    0,    0,    0,    0,    0,    0,    0,    0,    0,    0,    0,    0,    0,    0,
       0,    0,    0,    0,   27,  -53,    0,  -53,  -47,    0,    0,    0,    0,    0,    0,    0,    0,    0,    0,  -27,  -27,    0,    0,    0,    0,    0,    0,    0,    0,    0,    0,    0,    0,    0,    0,    0,    0,    0,    0,    0,    0,    0,    0,    0,    0,    0,    0,    0,    0,    0,    0,    0,    0,    0,  -33,    0,    0,    0,    0,    0,    0,    0,    0,    0,    0,    0,    0,    0,    0,    0,    0,    0,    0,    0,    0,    0,    0,  -27,    0,    0,    0,    0,    0,    0,    0,    0,    0,    0,    0,    0,    0,    0,    0,    0,    0,    0,    0,    0,    0,    0,    0,    0,    0,    0,    0,    0,    0,    0,    0,    0,    0,    0,    0,    0,    0,    0,  -40,   27,  -53,    0,  -47,    0,    0,  -40,    0,  -33,    0,   13,    0,  -33,  -43,  -20,  -27,   -9,  -55,  -55,  -21,  -21,  -90,  -35,  -21,    0,    0,  -27,  -35,  -27,    0,  -27,    0,    0,    0,    0,    0,    0,    0,    0,  -49,    0,    0,  -69,    0,  -87,    0,  -27,    0,  -20,    0,   27,    0,
       0,    0,    0,    0,   20,  -37,    0,  -37,    0,    0,    0,    0,    0,    0,    0,    0,    0,    0,    0,    0,    0,    0,    0,    0,    0,    0,    0,    0,    0,    0,    0,    0,    0,    0,    0,    0,    0,    0,    0,    0,    0,    0,    0,    0,    0,    0,    0,    0,    0,    0,    0,    0,    0,    0,  -20,    0,    0,    0,    0,    0,    0,    0,    0,    0,    0,    0,    0,    0,    0,    0,    0,    0,    0,    0,    0,    0,    0,    0,    0,    0,    0,    0,    0,    0,    0,    0,    0,    0,    0,    0,    0,    0,    0,    0,    0,    0,    0,    0,    0,    0,    0,    0,    0,    0,    0,    0,    0,    0,    0,    0,    0,    0,    0,    0,    0,    0,    0,    0,    0,    0,    0,    0,    0,    0,    0,    0,    0,    0,    0,    0,  -27,    0,    0,  -27,  -13,  -13,    0,    0,  -60,  -13,    0,   20,    0,    0,    0,  -40,    0,  -20,    0,    0,    0,    0,    0,   20,    0,    0,  -13,    0,    0,  -20,    0,    0,    0,  -13,    0,  -13,    0,   37,    0,
       0,    0,    0,    0,    0,  -33,    0,  -33,  -33,    0,    0,    0,    0,    0,    0,    0,    0,    0,    0,  -20,  -20,    0,    0,    0,    0,    0,    0,    0,    0,    0,    0,    0,    0,    0,    0,    0,    0,    0,    0,    0,    0,    0,    0,    0,    0,    0,    0,    0,    0,    0,    0,    0,    0,    0,  -13,    0,    0,    0,    0,    0,    0,    0,    0,    0,    0,    0,    0,    0,    0,    0,    0,    0,    0,    0,    0,    0,    0,  -20,    0,    0,    0,    0,    0,    0,    0,    0,    0,    0,    0,    0,    0,    0,    0,    0,    0,    0,    0,    0,    0,    0,    0,    0,    0,    0,    0,    0,    0,    0,    0,    0,    0,    0,    0,   -9,    0,    0,  -27,    0,  -60,    0,  -33,    0,    0,  -27,    0,    0,    0,    0,    0,  -27,  -16,    0,    0,  -16,    0,    0,    0,    0,  -57,  -20,    0,    0,    0,    0,    0,  -47,   27,  -13,    0,   13,    0,   27,    0,   33,    0,    0,    0,    0,    0,  -33,    0,  -63,    0,    0,    0,    0,    0,   30,    0,
       0,    0,    0,    0,    0,    0,    0,    0,    0,    0,    0,    0,    0,    0,    0,    0,    0,    0,    0,    0,    0,    0,    0,    0,    0,    0,    0,    0,    0,    0,    0,    0,    0,    0,    0,    0,    0,    0,    0,    0,    0,    0,    0,    0,    0,    0,    0,    0,    0,    0,    0,    0,    0,    0,    0,    0,    0,    0,    0,    0,    0,    0,    0,    0,    0,    0,    0,    0,    0,    0,    0,    0,    0,    0,    0,    0,    0,    0,    0,    0,    0,    0,    0,    0,    0,    0,    0,    0,    0,    0,    0,    0,    0,    0,    0,    0,    0,    0,    0,    0,    0,    0,    0,    0,    0,    0,    0,    0,    0,    0,    0,   20,    0,    0,    0,   80,   20,    0,   27,   13,   27,   40,    0,   20,   27,  -20,   33,    0,    0,   27,    0,    0,    0,    0,    0,    0,    0,    0,    0,    0,    0,   47,    0,    0,    0,    0,    0,    0,    0,    0,    0,    0,    0,   47,   13,    0,    0,    0,    0,    0,    0,   33,    0,    0,    0,    0,    0,    0,    0,
       0,    0,    0,   27,    0,    0,    0,    0,   27,    0,    0,    0,    0,    0,    0,    0,    0,    0,    0,    0,    0,    0,    0,    0,    0,    0,    0,    0,    0,    0,    0,    0,    0,    0,    0,    0,   27,    0,    0,    0,    0,    0,    0,    0,    0,    0,    0,    0,    0,    0,    0,    0,   20,    0,    0,    0,    0,    0,    0,    0,    0,    0,    0,    0,    0,    0,    0,    0,    0,    0,    0,    0,    0,    0,    0,    0,    0,    0,    0,    0,    0,    0,    0,    0,    0,    0,    0,    0,    0,    0,    0,    0,    0,    0,    0,    0,    0,    0,    0,    0,    0,    0,    0,    0,    0,    0,    0,    0,    0,    0,    0,    0,    0,    0,    0,    0,    0,    0,    0,    0,    0,    0,    0,    0,    0,    0,    0,    0,    0,    0,    0,    0,    0,    0,    0,    0,    0,    0,    0,    0,   13,   73,    0,    0,    0,    0,    0,    0,    0,    0,  113,    0,    0,   73,    0,    0,    0,    0,    0,    0,   20,    0,    0,    0,    0,   27,    0,    0,    0,
       0,    0,    0,    0,    0,    0,    0,    0,    0,    0,    0,    0,    0,    0,    0,    0,    0,    0,    0,    0,    0,    0,    0,    0,    0,    0,    0,    0,    0,    0,    0,    0,    0,    0,    0,    0,    0,    0,    0,    0,    0,    0,    0,    0,    0,    0,    0,    0,    0,    0,    0,    0,    0,    0,    0,    0,    0,    0,    0,    0,    0,    0,    0,    0,    0,    0,    0,    0,    0,    0,    0,    0,    0,    0,    0,    0,    0,    0,    0,    0,    0,    0,    0,    0,    0,    0,    0,    0,    0,    0,    0,    0,    0,    0,    0,    0,    0,    0,    0,    0,    0,    0,    0,    0,    0,    0,    0,    0,    0,    0,    0,   20,    0,    0,    0,   80,   20,    0,   27,   13,   27,   40,    0,   20,   27,  -20,   33,    0,    0,   27,    0,    0,    0,    0,    0,    0,    0,    0,    0,    0,    0,   47,    0,    0,    0,    0,    0,    0,    0,    0,   80,    0,    0,   47,   13,    0,    0,    0,    0,    0,    0,   33,    0,    0,    0,    0,    0,    0,    0,
       0,    0,    0,    0,    0,    0,    0,    0,    0,    0,    0,    0,    0,    0,    0,    0,    0,    0,    0,    0,    0,    0,    0,    0,    0,    0,    0,    0,    0,    0,    0,    0,    0,    0,    0,  -33,    0,    0,    0,    0,    0,    0,    0,    0,    0,    0,    0,    0,    0,    0,    0,    0,    0,    0,    0,    0,    0,    0,    0,    0,    0,    0,    0,    0,    0,    0,    0,    0,    0,    0,    0,    0,    0,    0,    0,    0,    0,    0,    0,    0,    0,    0,    0,    0,    0,    0,    0,    0,    0,    0,    0,    0,    0,    0,    0,    0,    0,    0,    0,    0,    0,    0,    0,    0,    0,    0,    0,    0,    0,    0,    0,   13,  -27,    0,    0,    0,   33,    0,   33,    0,   33,   20,    0,   33,   27,    0,   40,  -20,    0,   40,    0,    0,    0,    0,    0,    0,    0,    0,    0,    0,    0,    0,    0,    0,    0,    0,    0,    0,    0,    0,    0,    0,  -47,    0,   13,    0,    0,  -47,    0,    0,    0,   33,    0,    0,    0,    0,    0,    0,    0,
       0,    0,    0,    0,    0,    0,    0,    0,    0,    0,    0,    0,    0,    0,    0,    0,    0,    0,    0,    0,    0,    0,    0,    0,    0,    0,    0,    0,    0,    0,    0,    0,    0,    0,    0,  -70,    0,    0,    0,    0,    0,    0,    0,    0,    0,    0,    0,    0,    0,    0,    0,    0,    0,    0,    0,    0,    0,    0,    0,    0,    0,    0,    0,    0,    0,    0,    0,    0,    0,    0,    0,    0,    0,    0,    0,    0,    0,    0,    0,    0,    0,    0,    0,    0,    0,    0,    0,    0,    0,    0,    0,    0,    0,    0,    0,    0,    0,    0,    0,    0,    0,    0,    0,    0,    0,    0,    0,    0,    0,    0,    0,    0,    0,    0,    0,    0,    0,    0,    0,    0,    0,    0,    0,    0,    0,    0,    0,    0,    0,    0,    0,    0,    0,    0,    0,    0,    0,    0,    0,    0,    0,    0,    0,  -13,  -13,    0,    0,    0,    0,    0,    0,    0,    0,    0,    0,   -7,    0,    0,    0,    0,    0,    0,    0,    0,    0,    0,  -20,    0,    0,
       0,   13,    0,    0,   43,  -60,  -27,  -60,  -40,    0,    0,    0,    0,    0,    0,    0,    0,    0,    0,  -27,  -27,    0,    0,    0,    0,    0,    0,    0,    0,    0,    0,    0,    0,    0,    0,   33,    0,    0,    0,    0,    0,    0,    0,    0,    0,    0,    0,    0,    0,    0,    0,    0,    0,    0,  -20,  -20,    0,    0,    0,    0,    0,    0,    0,    0,    0,    0,    0,    0,    0,    0,    0,    0,    0,    0,    0,    0,    0,  -27,    0,    0,    0,    0,    0,    0,    0,    0,    0,    0,    0,    0,    0,    0,    0,    0,    0,    0,    0,    0,    0,    0,    0,    0,    0,    0,    0,    0,    0,    0,    0,    0,    0,    0,   13,  -17,   -7,    0,  -40,   27,  -57,   20,  -33,    0,    0,  -40,    0,  -20,   33,   20,    0,  -27,  -27,  -13,  -27,  -33,  -23,  -27,  -13,  -13,  -67,  -33,  -13,    0,  -27,  -13,  -13,  -57,   60,  -27,    0,   33,    0,   33,   13,    0,    0,    0,  -27,   20,    0,  -60,    0,  -67,    0,  -30,    0,  -27,    0,    0,    0,
       0,    0,    0,    0,    0,  -40,    0,  -40,  -20,    0,    0,    0,    0,    0,    0,    0,    0,    0,    0,  -20,  -20,    0,    0,    0,    0,    0,    0,    0,    0,    0,    0,    0,    0,    0,    0,  -20,    0,    0,    0,    0,    0,    0,    0,    0,    0,    0,    0,    0,    0,    0,    0,    0,    0,    0,    0,    0,    0,    0,    0,    0,    0,    0,    0,    0,    0,    0,    0,    0,    0,    0,    0,    0,    0,    0,    0,    0,    0,  -20,    0,    0,    0,    0,    0,    0,    0,    0,    0,    0,    0,    0,    0,    0,    0,    0,    0,    0,    0,    0,    0,    0,    0,    0,    0,    0,    0,    0,    0,    0,    0,    0,    0,    0,    0,    0,    0,    0,    0,    0,    0,    0,    0,    0,    0,    0,    0,    0,    0,    0,    0,    0,   -7,    0,    0,   -7,   -7,    0,    0,    0,  -27,  -13,    0,    0,    0,    0,    0,  -27,    0,   -7,    0,    0,   20,    0,    0,   13,    0,    0,  -13,    0,    0,    0,    0,    0,    0,    0,    0,   -7,    0,    0,    0,
       0,    0,    0,    0,    0,  -40,    0,  -40,  -20,    0,    0,    0,    0,    0,    0,    0,    0,    0,    0,  -20,  -20,    0,    0,    0,    0,    0,    0,    0,    0,    0,    0,    0,    0,    0,    0,  -20,    0,    0,    0,    0,    0,    0,    0,    0,    0,    0,    0,    0,    0,    0,    0,    0,    0,    0,    0,    0,    0,    0,    0,    0,    0,    0,    0,    0,    0,    0,    0,    0,    0,    0,    0,    0,    0,    0,    0,    0,    0,  -20,    0,    0,    0,    0,    0,    0,    0,    0,    0,    0,    0,    0,    0,    0,    0,    0,    0,    0,    0,    0,    0,    0,    0,    0,    0,    0,    0,    0,    0,    0,    0,    0,    0,    0,    0,    0,    0,    0,    0,    0,    0,    0,    0,    0,    0,    0,    0,    0,    0,    0,    0,    0,   -7,    0,    0,   -7,   -7,    0,    0,    0,  -27,  -13,    0,    0,    0,    0,    0,  -27,    0,   -7,    0,    0,   20,    0,    0,   20,    0,    0,  -13,    0,    0,    0,    0,    0,    0,    0,    0,   -7,    0,    0,    0,
       0,    0,    0,    0,   20,  -20,    0,  -27,    0,    0,    0,    0,    0,    0,    0,    0,    0,    0,    0,  -13,   -7,    0,    0,    0,    0,    0,    0,    0,    0,    0,    0,    0,    0,    0,    0,   20,   27,    0,    0,    0,    0,    0,    0,    0,    0,    0,    0,    0,    0,    0,    0,    0,    0,    0,  -13,    0,    0,    0,    0,    0,    0,    0,    0,    0,    0,    0,    0,    0,    0,    0,    0,    0,    0,    0,    0,    0,    0,  -13,    0,    0,    0,    0,    0,    0,    0,    0,    0,    0,    0,    0,    0,    0,    0,    0,    0,    0,    0,    0,    0,    0,    0,    0,    0,    0,    0,    0,    0,    0,    0,    0,    0,   33,    0,  -20,    0,   93,   67,    7,   49,   40,   67,   80,   -7,   73,   80,  -20,   87,   13,    0,   60,  -13,    0,    0,  -13,    0,    0,  -13,    0,    0,    0,    0,   60,    0,  -27,   -7,    0,   20,    0,    0,   27,  100,   20,    0,   60,   27,    0,    0,   20,  -27,  -36,   20,   53,    0,    0,    0,   -7,    0,    0,    0,
       0,    0,    0,   27,    0,    0,    0,    0,   27,    0,    0,    0,    0,    0,    0,    0,    0,    0,    0,    0,    0,    0,    0,    0,    0,    0,    0,    0,    0,    0,    0,    0,    0,    0,    0,  -42,   27,    0,    0,    0,    0,    0,    0,    0,    0,    0,    0,    0,    0,    0,    0,    0,   20,    0,    0,    0,    0,    0,    0,    0,    0,    0,    0,    0,    0,    0,    0,    0,    0,    0,    0,    0,    0,    0,    0,    0,    0,    0,    0,    0,    0,    0,    0,    0,    0,    0,    0,    0,    0,    0,    0,    0,    0,    0,    0,    0,    0,    0,    0,    0,    0,    0,    0,    0,    0,    0,    0,    0,    0,    0,    0,    0,    0,    0,    0,    0,    0,    0,    0,    0,    0,    0,    0,    0,    0,    0,    0,    0,    0,    0,    0,    0,    0,    0,    0,    0,   13,   13,    0,    0,   13,  100,    0,   13,    0,    0,    0,    0,    0,    0,  117,    0,    0,   53,    0,    0,    0,    0,    0,    0,   20,    0,    0,    0,    0,   20,    0,   20,    0,
       0,    0,    0,    0,  -70,    0,    0,    0,    0,    0,    0,    0,    0,    0,    0,    0,    0,    0,    0,    0,    0,    0,    0,    0,    0,    0,    0,    0,    0,    0,    0,    0,    0,    0,    0,  -73,    0,    0,    0,    0,    0,    0,    0,    0,    0,    0,    0,    0,    0,    0,    0,    0,    0,    0,    0,    0,    0,    0,    0,    0,    0,    0,    0,    0,    0,    0,    0,    0,    0,    0,    0,    0,    0,    0,    0,    0,    0,    0,    0,    0,    0,    0,    0,    0,    0,    0,    0,    0,    0,    0,    0,    0,    0,    0,    0,    0,    0,    0,    0,    0,    0,    0,    0,    0,    0,    0,    0,    0,    0,    0,    0,    0,  -73,  -13,    0,    0,    0,  -33,    0,    0,    0,    0,    0,    0,    0,  -20,   13,  -87,    0,    0,   -7,    0,    0,   -7,    0,    0,  -13,  -13,    0,    0,  -13,  -20,    0,  -40,  -20,    0,    0,    0,    0,    0,    0,    0,  -90,  -20,    0,  -20,    0,  -60,  -60,  -20,    0,    0,    0,    0,    0,  -40,    0,  -43,    0,
       0,    0,    0,    0,    0,    0,    0,    0,    0,    0,    0,    0,    0,    0,    0,    0,    0,    0,    0,    0,    0,    0,    0,    0,    0,    0,    0,    0,    0,    0,    0,    0,    0,    0,    0,    0,    0,    0,    0,    0,    0,    0,    0,    0,    0,    0,    0,    0,    0,    0,    0,    0,    0,    0,    0,    0,    0,    0,    0,    0,    0,    0,    0,    0,    0,    0,    0,    0,    0,    0,    0,    0,    0,    0,    0,    0,    0,    0,    0,    0,    0,    0,    0,    0,    0,    0,    0,    0,    0,    0,    0,    0,    0,    0,    0,    0,    0,    0,    0,    0,    0,    0,    0,    0,    0,    0,    0,    0,    0,    0,    0,    0,    0,    0,    0,    0,    0,    0,  -13,    0,    0,    0,    0,    0,    0,    0,    0,  -13,    0,    0,    0,    0,    0,    0,    0,    0,    0,    0,    0,    0,    0,    0,    0,    0,    0,    0,    0,    0,    0,    0,    0,    0,  -13,    0,    0,    0,    0,  -13,    0,    0,    0,    0,    0,    0,    0,    0,    0,    0,    0,
       0,    0,    0,  -20,    0,  -33,    0,  -33,  -20,    0,    0,    0,    0,    0,    0,    0,    0,    0,    0,    0,    0,    0,    0,    0,    0,    0,    0,    0,    0,    0,    0,    0,    0,    0,    0,    0,    0,    0,    0,    0,    0,    0,    0,    0,    0,    0,    0,    0,    0,    0,    0,    0,    0,    0,    0,  -20,    0,    0,    0,    0,    0,    0,    0,    0,    0,    0,    0,    0,    0,    0,    0,    0,    0,    0,    0,    0,    0,    0,    0,    0,    0,    0,    0,    0,    0,    0,    0,    0,    0,    0,    0,    0,    0,    0,    0,    0,    0,    0,    0,    0,    0,    0,    0,    0,    0,    0,    0,    0,    0,    0,    0,  -13,    0,  -33,  -27,    0,  -27,    0,    0,    0,  -13,    7,  -27,  -27,    0,  -33,  -13,    0,  -20,    0,  -40,  -27,  -27,  -40,  -27,  -20,  -27,  -33,  -27,  -27,  -33,  -27,  -27,  -33,  -20,  -33,    0,  -33,    0,    0,    0,    0,    0,  -27,    0,    0,  -33,    0,  -27,  -40,    0,  -20,  -33,  -27,  -13,  -33,    0,    0,    0,
       0,    0,    0,    0,    0,    0,    0,    0,    0,    0,    0,    0,    0,    0,    0,    0,    0,    0,    0,    0,    0,    0,    0,    0,    0,    0,    0,    0,    0,    0,    0,    0,    0,    0,    0,  -50,    0,    0,    0,    0,    0,    0,    0,    0,    0,    0,    0,    0,    0,    0,    0,    0,    0,    0,    0,    0,    0,    0,    0,    0,    0,    0,    0,    0,    0,    0,    0,    0,    0,    0,    0,    0,    0,    0,    0,    0,    0,    0,    0,    0,    0,    0,    0,    0,    0,    0,    0,    0,    0,    0,    0,    0,    0,    0,    0,    0,    0,    0,    0,    0,    0,    0,    0,    0,    0,    0,    0,    0,    0,    0,    0,    0,    0,    0,    0,    0,    0,    0,    0,    0,    0,    0,    0,    0,    0,    0,    0,    0,    0,    0,    0,    0,    0,    0,    0,    0,    0,    0,    0,    0,    0,   27,    0,    0,    0,    0,    0,    0,    0,    0,   63,    0,    0,   27,    0,    0,    0,    0,    0,   -7,    0,    0,    0,    0,    0,    0,    0,    0,    0,
       0,    0,    0,    0,    0,    0,  -20,    0,    0,    0,    0,    0,    0,    0,    0,    0,    0,    0,    0,    0,    0,    0,    0,    0,    0,    0,    0,    0,    0,    0,    0,    0,    0,    0,    0,    0,    0,    0,    0,    0,    0,    0,    0,    0,    0,    0,    0,    0,    0,    0,    0,    0,    0,    0,    0,    0,    0,    0,    0,    0,    0,    0,    0,    0,    0,    0,    0,    0,    0,    0,    0,    0,    0,    0,    0,    0,    0,    0,    0,    0,    0,    0,    0,    0,    0,    0,    0,    0,    0,    0,    0,    0,    0,    0,    0,    0,    0,    0,    0,    0,    0,    0,    0,    0,    0,    0,    0,    0,    0,    0,    0,    0,    0,    0,    0,    0,    0,    0,    0,    0,    0,    0,    0,    0,    0,    0,    0,    0,    0,    0,  -13,    0,    0,  -13,    0,    0,  -20,  -20,    0,    0,  -20,    0,    0,   -7,  -13,    0,    0,    0,    0,    0,    0,    0,    0,    0,    0,    0,    0,    0,    0,  -27,    0,    0,    0,    0,    0,  -20,    0,    0,    0,
       0,    0,    0,    0,    0,  -20,    0,  -20,  -13,    0,    0,    0,    0,    0,    0,    0,    0,    0,    0,    0,    0,    0,    0,    0,    0,    0,    0,    0,    0,    0,    0,    0,    0,    0,    0,    0,    0,    0,    0,    0,    0,    0,    0,    0,    0,    0,    0,    0,    0,    0,    0,    0,    0,    0,    0,    0,    0,    0,    0,    0,    0,    0,    0,    0,    0,    0,    0,    0,    0,    0,    0,    0,    0,    0,    0,    0,    0,    0,    0,    0,    0,    0,    0,    0,    0,    0,    0,    0,    0,    0,    0,    0,    0,    0,    0,    0,    0,    0,    0,    0,    0,    0,    0,    0,    0,    0,    0,    0,    0,    0,    0,    0,    0,    0,    0,    0,    0,    0,  -13,    0,    0,    0,    0,    0,    0,    0,    0,    0,    0,    0,    0,    0,    0,    0,  -20,    0,    0,    0,  -17,    0,    0,    0,    0,    0,    0,    0,    0,    0,    0,    0,    0,    0,    0,    0,    0,    0,    0,    0,    0,    0,    0,    0,    0,    0,    0,  -20,    0,    0,    0,
       0,    0,    0,    0,    0,    0,    0,    0,    0,    0,    0,    0,    0,    0,    0,    0,    0,    0,    0,    0,    0,    0,    0,    0,    0,    0,    0,    0,    0,    0,    0,    0,    0,    0,    0,    0,    0,    0,    0,    0,    0,    0,    0,    0,    0,    0,    0,    0,    0,    0,    0,    0,    0,    0,    0,    0,    0,    0,    0,    0,    0,    0,    0,    0,    0,    0,    0,    0,    0,    0,    0,    0,    0,    0,    0,    0,    0,    0,    0,    0,    0,    0,    0,    0,    0,    0,    0,    0,    0,    0,    0,    0,    0,    0,    0,    0,    0,    0,    0,    0,    0,    0,    0,    0,    0,    0,    0,    0,    0,    0,    0,    0,    0,    0,    0,    0,    0,    0,    0,    0,    0,    0,    0,    0,    0,    0,    0,    0,    0,    0,    0,    0,    0,    0,    0,    0,    0,    0,  -13,  -13,    0,   33,    0,    0,    0,    0,    0,    0,    0,    0,   67,    0,    0,   33,    0,    0,    0,    0,    0,  -27,    0,    0,    0,    0,    0,    0,    0,    0,    0,
       0,    0,    0,    0,   20,  -27,    0,  -27,    0,    0,    0,    0,    0,    0,    0,    0,    0,    0,    0,  -13,  -13,    0,    0,    0,    0,    0,    0,    0,    0,    0,    0,    0,    0,    0,    0,   20,    0,    0,    0,    0,    0,    0,    0,    0,    0,    0,    0,    0,    0,    0,    0,    0,    0,    0,  -13,    0,    0,    0,    0,    0,    0,    0,    0,    0,    0,    0,    0,    0,    0,    0,    0,    0,    0,    0,    0,    0,    0,  -13,    0,    0,    0,    0,    0,    0,    0,    0,    0,    0,    0,    0,    0,    0,    0,    0,    0,    0,    0,    0,    0,    0,    0,    0,    0,    0,    0,    0,    0,    0,    0,    0,    0,    0,    0,  -20,    0,   60,   13,    7,    5,   13,   20,   27,   -7,   13,   33,  -20,   33,   13,    0,    0,  -53,    0,  -40,  -53,    0,  -33,  -13,  -33,  -27,  -33,  -33,   -7,    0,  -27,   -7,  -40,   20,  -27,    0,   27,   40,   20,    0,   -7,    0,    0,  -20,   20,  -27,  -36,    0,   13,    0,  -40,    0,  -27,    0,    0,    0,
       0,    0,    0,    0,    0,    0,    0,    0,    0,    0,    0,    0,    0,    0,    0,    0,    0,    0,    0,    0,    0,    0,    0,    0,    0,    0,    0,    0,    0,    0,    0,    0,    0,    0,    0,  -42,    0,    0,    0,    0,    0,    0,    0,    0,    0,    0,    0,    0,    0,    0,    0,    0,    0,    0,    0,    0,    0,    0,    0,    0,    0,    0,    0,    0,    0,    0,    0,    0,    0,    0,    0,    0,    0,    0,    0,    0,    0,    0,    0,    0,    0,    0,    0,    0,    0,    0,    0,    0,    0,    0,    0,    0,    0,    0,    0,    0,    0,    0,    0,    0,    0,    0,    0,    0,    0,    0,    0,    0,    0,    0,    0,    0,    0,    0,    0,    0,    0,    0,    0,    0,    0,    0,    0,    0,    0,    0,    0,    0,    0,    0,  -17,    0,    0,  -17,    0,    0,   13,   13,  -20,  -27,   13,   47,    0,   13,    0,  -20,    0,    0,    0,    0,   73,    0,    0,   53,    0,    0,    0,    0,    0,    0,   13,    0,    0,    0,    0,  -13,    0,   20,    0,
     -13,    0,    0,    0,    0,  -67,    0,  -67,    0,    0,    0,    0,    0,  -20,    0,  -20,    0,  -20,    0,    0,    0,    0,  -73,    0,  -13,  -27,    0,  -27,  -20,    0,  -20,  -20,    0,    0,    0,    0,    0,  -53,    0,  -20,  -57,    0,    0,    0,   -7,  -47,    0,    0,    0,  -13,    0,  -20,    0,  -33,    0,    0,  -67,  -73,    0,  -53,    0,    0,  -53,    0,  -53,    0,    0,    0,  -47,  -20,    0,  -57,    0,    0,    0,    0,    0,    0,    0,    0,  -73,    0,  -27,  -53,  -13,  -27,  -13,    0,    0,    0,    0,    0,    0,  -53,  -60,   -7,  -20,    0,  -27,    0,   -7,    0,  -13,  -20,    0,  -30,  -53,  -27,    0,  -43,  -20,  -27,    0,  -13,  -20,    0,  -63,    0,  -73,    0,  -53,    0,    0,  -63,  -27,    0,    0,    0,    0,  -47,  -53,  -27,    0,  -53,  -27,  -13,    0,   -7, -103,  -33,   -7,    0,  -13,    0,    0,  -43,    0,  -47,    0,    0,    0,    0,  -20,    0,    0,    0,  -37,    0,    0,    0,    0,  -73,    0,  -20,    0,    0,    0,    0,    0,
     -27,    0,    0,    0,    0, -120,    0, -120,    0,  -47,    0,  -20,    0,  -53,  -40,  -40,    0,  -27,    0,    0,    0,  -20, -100,    0,  -40,  -33,  -27,  -33,  -27,  -20,  -33,  -20,  -20,  -13,  -13,    0,    0,  -67,  -13,  -33,  -77,  -13,  -20,    0,  -13,  -53,    0,  -20,    0,  -20,    0,  -20,    0,    0,    0,    0,    0, -100,    0,  -67,  -20,    0,  -67,  -13,  -67,  -13,    0,  -13,  -53,  -20,    0,  -77,  -17,    0,    0,    0,    0,    0,    0,    0, -100,    0,  -33,  -90,  -40,  -33,  -20,  -20,    0,  -33,  -20,    0,  -50,  -67,  -67,  -13,  -40,  -20,  -33,    0,    0,    0,  -33,  -40,    0,  -40,  -67,  -20,    0,  -73,  -37,  -33,  -20,  -40,  -27,  -27,  -83,    0, -100,    0,  -77,  -20,  -53,  -83,  -33,  -33,  -20,    0,  -27,  -53,  -67,  -47,  -27,  -67,  -47,  -40,  -20,  -13, -117,  -53,  -13,    0,  -20,    0,    0,  -73,  -13,  -53,  -20,    0,    0,  -13,  -20,    0,    0,    0,  -50,  -13,    0,  -40,  -27, -100,    0,    0,  -17,    0,    0,    0,    0,
       0,    0,    0,    0,    0,    0,    0,    0,    0,    0,    0,    0,    0,    0,    0,    0,    0,    0,    0,    0,    0,    0,   18,   13,  -20,   20,   73,    0,    0,  -33,  -27,  -67,   27,  -40,    0,    0,    0,    0,    0,   67,   13,    0,  -13,   70,    0,    0,  -13,  -13,  -33,    0,   -7,    0,    0,    0,  -27,    0,    0,   20,    0,    0,  -13,    0,    0,    0,    0,    0,    0,    0,    0,    0,    0,   47,    0,    0,    0,    0,    0,    0,    0,    0,   18,   13,   20,    0,  -20,    0,    0,  -33,  -27,  -13,   27,  -33,    0,    0,    0,    0,    0,  -13,    0,  -33,  -13,  -20,   13,    0,    0,    0,    0,  -33,  -27,    0,  -20,   20,  -33,  -20,    0,   73,   27,    0,   18,   13,   20,   27,    0,   27,    0,  -13,   27,  -57,    0,   33,    0,  -13,    0,    0,    0,    0,  -13,    0,    0,    0,    0,  -27,    0,  -40,  -50,    0,    0,    0,  -13,    0,   70,    0,  -67,  -27,    0,  -20,    0,  -40,  -80,  -20,    0,   20,    0,    0,    0,    0,  -67,  -67,    0,
};

static const EpdLigaturePair bookerly_20_bolditalicLigaturePairs[] = {
    { 0x00660066, 0xFB00 }, // f f -> U+FB00
    { 0x00660069, 0xFB01 }, // f i -> U+FB01
    { 0x0066006C, 0xFB02 }, // f l -> U+FB02
    { 0xFB000069, 0xFB03 }, // U+FB00 i -> U+FB03
    { 0xFB00006C, 0xFB04 }, // U+FB00 l -> U+FB04
};

static const EpdFontData bookerly_20_bolditalic = {
    bookerly_20_bolditalicBitmaps,
    bookerly_20_bolditalicGlyphs,
    bookerly_20_bolditalicIntervals,
    77,
    55,
    45,
    -11,
    true,
    bookerly_20_bolditalicGroups,
    15,
    nullptr,
    bookerly_20_bolditalicKernLeftClasses,
    bookerly_20_bolditalicKernRightClasses,
    bookerly_20_bolditalicKernMatrix,
    760,
    768,
    209,
    169,
    bookerly_20_bolditalicLigaturePairs,
    5,
};
